iter,ce_loss,ds_loss,final_loss
10,0.468040,0.285351,1.461797
20,0.194457,0.075708,0.949816
30,0.303833,0.208274,1.177404
40,0.321575,0.217107,1.157443
50,0.093909,0.087346,0.773516
60,0.243884,0.208905,1.061122
70,0.688575,0.426382,1.854535
80,0.295473,0.216882,1.113698
90,0.198958,0.174184,0.900793
100,0.206833,0.135573,0.878995
110,0.124577,0.099425,0.680782
120,0.244165,0.168161,0.902413
130,0.119225,0.099288,0.670442
140,0.161313,0.118545,0.744060
150,0.134456,0.087016,0.641979
160,0.131434,0.087561,0.609730
170,0.094534,0.057420,0.709270
180,0.099060,0.075162,0.520443
190,0.091157,0.055854,0.556602
200,0.151965,0.099834,0.602366
210,0.071701,0.067942,0.486748
220,0.056789,0.042385,0.414814
230,0.204434,0.141684,0.790089
240,0.130490,0.097541,0.591093
250,0.136700,0.096597,0.574977
260,0.097095,0.066013,0.486926
270,0.135614,0.093291,0.567885
280,0.071803,0.049510,0.480248
290,0.279568,0.181193,0.919722
300,0.114785,0.074354,0.498524
310,0.066164,0.053997,0.438723
320,0.058594,0.045708,0.441974
330,0.072732,0.051277,0.430554
340,0.126598,0.077822,0.618944
350,0.065482,0.050076,0.411365
360,0.087449,0.057686,0.468699
370,0.108380,0.073470,0.628640
380,0.135403,0.097145,0.550563
390,0.239699,0.179288,0.800311
400,0.104822,0.074062,0.483122
410,0.161152,0.122274,0.609951
420,0.074116,0.053945,0.428453
430,0.139736,0.096210,0.552243
440,0.110054,0.077058,0.489588
450,0.132347,0.092387,0.543291
460,0.074759,0.060111,0.425415
470,0.102077,0.074825,0.442604
480,0.124915,0.092109,0.505653
490,0.032186,0.024998,0.244141
500,0.099873,0.066734,0.644247
510,0.075430,0.050917,0.389139
520,0.097301,0.072366,0.595695
530,0.072242,0.046299,0.414077
540,0.069176,0.050860,0.371008
550,0.063729,0.049142,0.339992
560,0.194897,0.144469,0.658728
570,0.134700,0.104097,0.527912
580,0.087081,0.065751,0.489828
590,0.060607,0.045144,0.355512
600,0.055210,0.040205,0.356108
610,0.078338,0.054218,0.404504
620,0.093852,0.073810,0.426307
630,0.107904,0.083477,0.445056
640,0.031762,0.022497,0.282175
650,0.092979,0.067337,0.399375
660,0.042958,0.031054,0.336005
670,0.036516,0.027847,0.303553
680,0.093129,0.072740,0.427014
690,0.062169,0.048473,0.475640
700,0.214300,0.156119,0.654709
710,0.087133,0.061731,0.389880
720,0.059400,0.044637,0.379789
730,0.114903,0.088928,0.430054
740,0.077292,0.054443,0.361002
750,0.113805,0.090993,0.438510
760,0.162652,0.136278,0.568470
770,0.103966,0.071884,0.449524
780,0.025844,0.019517,0.290411
790,0.034215,0.021900,0.328249
800,0.022364,0.018439,0.311569
810,0.083067,0.060689,0.398879
820,0.079015,0.061523,0.408213
830,0.047859,0.032219,0.393074
840,0.092074,0.073401,0.395548
850,0.263886,0.190544,0.839197
860,0.030152,0.025942,0.332251
870,0.132672,0.100724,0.487783
880,0.070830,0.056307,0.311969
890,0.088469,0.068477,0.398131
900,0.124024,0.098310,0.479287
910,0.041882,0.030890,0.288604
920,0.018363,0.014556,0.239324
930,0.088624,0.071845,0.383270
940,0.040170,0.029401,0.294719
950,0.038613,0.025622,0.356544
960,0.031260,0.023040,0.293032
970,0.071164,0.054207,0.339263
980,0.083765,0.064444,0.369342
990,0.108307,0.080250,0.456598
1000,0.044649,0.033654,0.303429
1010,0.102500,0.077456,0.431836
1020,0.102363,0.073977,0.420058
1030,0.133759,0.107334,0.482910
1040,0.131969,0.098570,0.475979
1050,0.069803,0.054973,0.329169
1060,0.019197,0.012058,0.285456
1070,0.024098,0.016763,0.287053
1080,0.057199,0.041705,0.277437
1090,0.096940,0.062314,0.426534
1100,0.023742,0.018267,0.315278
1110,0.038017,0.028750,0.277908
1120,0.100914,0.074186,0.483110
1130,0.056871,0.037810,0.347114
1140,0.076486,0.053699,0.361448
1150,0.036175,0.026165,0.373035
1160,0.035575,0.027061,0.324835
1170,0.037630,0.027846,0.314535
1180,0.031854,0.023573,0.297682
1190,0.080472,0.059725,0.371550
1200,0.023042,0.016717,0.205173
1210,0.041448,0.029977,0.238995
1220,0.082593,0.060407,0.363809
1230,0.072699,0.051554,0.307078
1240,0.056190,0.040517,0.302730
1250,0.075529,0.057181,0.328828
1260,0.064301,0.045712,0.306151
1270,0.013147,0.014383,0.459740
1280,0.050411,0.037765,0.270176
1290,0.059704,0.046473,0.300754
1300,0.017278,0.010655,0.226676
1310,0.036847,0.028124,0.219369
1320,0.112801,0.086548,0.436959
1330,0.055079,0.039129,0.268415
1340,0.053372,0.037584,0.305335
1350,0.062475,0.046375,0.289690
1360,0.046566,0.034057,0.288676
1370,0.041906,0.031158,0.259956
1380,0.069433,0.048473,0.342873
1390,0.088286,0.064822,0.350142
1400,0.040959,0.030521,0.249452
1410,0.114258,0.084098,0.469795
1420,0.025770,0.019335,0.258265
1430,0.026394,0.019640,0.286998
1440,0.033443,0.026765,0.450961
1450,0.053294,0.039631,0.262809
1460,0.037244,0.028436,0.204252
1470,0.021343,0.016986,0.188161
1480,0.048355,0.037656,0.226629
1490,0.063667,0.049430,0.290462
1500,0.113784,0.086053,0.408863
1510,0.076582,0.056637,0.323905
1520,0.032051,0.024254,0.231503
1530,0.062102,0.044100,0.276556
1540,0.093186,0.073792,0.372910
1550,0.110920,0.072181,0.613149
1560,0.043956,0.032323,0.241148
1570,0.060431,0.043222,0.306078
1580,0.014639,0.010785,0.236006
1590,0.015905,0.011588,0.204222
1600,0.022309,0.021080,0.254832
1610,0.026976,0.020034,0.237307
1620,0.066015,0.049545,0.305541
1630,0.037922,0.028522,0.267115
1640,0.030872,0.021648,0.324625
1650,0.114882,0.082070,0.405858
1660,0.046027,0.040248,0.216869
1670,0.051947,0.036603,0.341156
1680,0.024239,0.030022,0.279353
1690,0.048516,0.034429,0.314465
1700,0.037765,0.026817,0.225268
1710,0.065434,0.047311,0.296878
1720,0.063042,0.044404,0.288276
1730,0.133081,0.102484,0.448837
1740,0.071999,0.053623,0.268701
1750,0.068572,0.049559,0.285347
1760,0.104950,0.078531,0.363641
1770,0.039442,0.030843,0.237247
1780,0.027555,0.021259,0.293864
1790,0.041780,0.031693,0.250635
1800,0.002613,0.002362,0.007432
1810,0.055174,0.041050,0.278979
1820,0.048273,0.037734,0.279377
1830,0.054082,0.039963,0.255538
1840,0.050015,0.035992,0.263969
1850,0.064463,0.046752,0.297282
1860,0.037104,0.027907,0.210829
1870,0.061091,0.045770,0.304398
1880,0.057740,0.046131,0.284208
1890,0.057860,0.044001,0.262026
1900,0.021109,0.015246,0.198266
1910,0.032914,0.025558,0.165911
1920,0.033783,0.025049,0.175994
1930,0.045957,0.033887,0.260564
1940,0.015190,0.010812,0.208253
1950,0.073286,0.061117,0.337284
1960,0.035799,0.027121,0.183550
1970,0.061468,0.046273,0.272518
1980,0.074263,0.051909,0.309569
1990,0.040565,0.026758,0.273635
2000,0.049413,0.035435,0.255856
2010,0.044442,0.031805,0.231796
2020,0.032471,0.023861,0.223701
2030,0.111208,0.088202,0.412972
2040,0.037008,0.026852,0.248210
2050,0.018045,0.013382,0.171909
2060,0.017880,0.013978,0.221510
2070,0.071126,0.052941,0.291376
2080,0.077288,0.059281,0.326481
2090,0.038879,0.028114,0.231468
2100,0.055378,0.042182,0.246554
2110,0.084468,0.063139,0.350948
2120,0.013542,0.011393,0.220647
2130,0.047225,0.035284,0.248218
2140,0.055496,0.042205,0.287069
2150,0.062478,0.045663,0.280241
2160,0.018440,0.014711,0.124576
2170,0.106093,0.079123,0.395837
2180,0.053044,0.038407,0.257263
2190,0.031382,0.023649,0.212372
2200,0.045655,0.033957,0.248096
2210,0.127917,0.098234,0.478322
2220,0.074181,0.056046,0.314796
2230,0.025130,0.018070,0.203055
2240,0.054403,0.040810,0.243109
2250,0.083327,0.060159,0.348081
2260,0.049848,0.035817,0.238765
2270,0.027334,0.018749,0.210021
2280,0.051568,0.039182,0.248574
2290,0.071310,0.051737,0.306148
2300,0.048852,0.037763,0.239316
2310,0.037059,0.029565,0.256759
2320,0.004642,0.003477,0.239982
2330,0.071577,0.055415,0.335412
2340,0.049202,0.037547,0.249956
2350,0.050844,0.037479,0.244808
2360,0.037040,0.042896,0.428004
2370,0.017016,0.012019,0.299320
2380,0.085125,0.067054,0.335033
2390,0.040506,0.030025,0.221831
2400,0.051981,0.040894,0.290739
2410,0.059403,0.043021,0.261118
2420,0.106631,0.079271,0.359657
2430,0.029806,0.020450,0.239441
2440,0.060108,0.044492,0.285310
2450,0.086740,0.064555,0.340520
2460,0.018201,0.013118,0.191843
2470,0.057085,0.042164,0.257299
2480,0.048210,0.035405,0.271551
2490,0.022036,0.015984,0.194324
2500,0.042493,0.032753,0.233696
2510,0.042503,0.032059,0.234583
2520,0.040724,0.028832,0.242726
2530,0.067516,0.050190,0.286262
2540,0.016377,0.012329,0.084611
2550,0.077152,0.058685,0.305097
2560,0.026307,0.017760,0.187906
2570,0.084605,0.060164,0.335836
2580,0.010568,0.007377,0.220897
2590,0.070219,0.052478,0.299236
2600,0.114950,0.084816,0.397105
2610,0.066836,0.049747,0.297256
2620,0.021055,0.014834,0.174109
2630,0.045806,0.030301,0.284401
2640,0.040823,0.028993,0.258977
2650,0.077875,0.058371,0.296633
2660,0.048562,0.036196,0.252971
2670,0.118847,0.090952,0.421605
2680,0.035012,0.026958,0.220040
2690,0.055823,0.041323,0.277146
2700,0.080693,0.058900,0.303233
2710,0.026728,0.019393,0.221376
2720,0.037419,0.029210,0.242184
2730,0.043535,0.033419,0.218106
2740,0.083551,0.064516,0.311621
2750,0.049979,0.035660,0.272345
2760,0.012979,0.010761,0.108321
2770,0.014267,0.011210,0.230903
2780,0.012318,0.009032,0.402010
2790,0.071493,0.054072,0.287949
2800,0.078348,0.057261,0.324158
2810,0.054128,0.040521,0.232753
2820,0.030454,0.021678,0.235508
2830,0.041953,0.031498,0.229519
2840,0.037817,0.028425,0.224089
2850,0.070923,0.052647,0.305459
2860,0.044236,0.033499,0.228647
2870,0.056013,0.041909,0.251803
2880,0.001432,0.001262,0.004128
2890,0.021889,0.016457,0.209338
2900,0.057108,0.042041,0.284430
2910,0.066958,0.049665,0.296442
2920,0.066085,0.048227,0.273934
2930,0.056612,0.041946,0.252262
2940,0.029599,0.022206,0.204302
2950,0.113166,0.085312,0.365609
2960,0.049923,0.037204,0.241007
2970,0.057230,0.043333,0.250513
2980,0.066033,0.049889,0.293665
2990,0.061765,0.050326,0.282553
3000,0.071449,0.060733,0.351464
3010,0.030858,0.022381,0.231044
3020,0.026344,0.019347,0.221422
3030,0.008620,0.005715,0.246654
3040,0.051481,0.039329,0.242494
3050,0.102170,0.070996,0.353254
3060,0.038563,0.029377,0.188182
3070,0.092522,0.068280,0.350346
3080,0.065881,0.050389,0.275411
3090,0.048645,0.036636,0.241507
3100,0.030169,0.022823,0.191902
3110,0.037138,0.027610,0.213192
3120,0.037375,0.027952,0.220024
3130,0.046584,0.033189,0.218354
3140,0.055463,0.039567,0.285040
3150,0.083907,0.060057,0.337075
3160,0.030035,0.022166,0.202116
3170,0.050308,0.037077,0.243139
3180,0.063915,0.047772,0.271930
3190,0.045164,0.033723,0.225207
3200,0.037179,0.028789,0.212528
3210,0.045381,0.032784,0.229214
3220,0.049437,0.037203,0.259393
3230,0.029571,0.022106,0.188696
3240,0.083649,0.058746,0.360634
3250,0.058351,0.043682,0.289549
3260,0.041897,0.030634,0.233252
3270,0.071640,0.054159,0.315968
3280,0.031578,0.023591,0.190766
3290,0.021113,0.016280,0.207276
3300,0.039933,0.029894,0.217072
3310,0.076432,0.059289,0.323246
3320,0.062277,0.046973,0.226809
3330,0.016858,0.012879,0.250493
3340,0.021272,0.015072,0.223377
3350,0.061720,0.046590,0.251064
3360,0.036096,0.027127,0.201826
3370,0.037155,0.027387,0.209742
3380,0.038352,0.027928,0.236279
3390,0.032015,0.024032,0.192006
3400,0.035847,0.026349,0.177110
3410,0.004737,0.003639,0.126841
3420,0.029006,0.022045,0.232170
3430,0.024869,0.020143,0.183165
3440,0.085555,0.062416,0.325598
3450,0.011758,0.008319,0.657876
3460,0.023601,0.017841,0.132740
3470,0.037033,0.027690,0.204310
3480,0.057564,0.044205,0.270887
3490,0.093732,0.068717,0.376861
3500,0.040821,0.029743,0.235100
3510,0.091004,0.069423,0.339348
3520,0.047944,0.038123,0.237867
3530,0.036294,0.028127,0.193225
3540,0.038409,0.028951,0.237492
3550,0.067777,0.049847,0.284768
3560,0.052878,0.039152,0.250653
3570,0.075693,0.064246,0.316163
3580,0.021912,0.016261,0.178879
3590,0.044952,0.032680,0.264813
3600,0.026958,0.019624,0.146671
3610,0.026706,0.019698,0.143144
3620,0.006015,0.004393,0.134584
3630,0.030528,0.022881,0.186550
3640,0.051012,0.042786,0.280442
3650,0.083706,0.063434,0.317095
3660,0.036762,0.028241,0.209465
3670,0.003782,0.002796,0.144501
3680,0.010278,0.007919,0.175139
3690,0.055697,0.041817,0.238121
3700,0.020545,0.014866,0.173649
3710,0.044679,0.033551,0.238553
3720,0.058260,0.043507,0.281869
3730,0.078366,0.060131,0.299256
3740,0.036185,0.027407,0.201282
3750,0.028568,0.020252,0.227947
3760,0.030878,0.022394,0.186986
3770,0.012973,0.008491,0.162987
3780,0.026278,0.019610,0.183480
3790,0.075841,0.057579,0.291046
3800,0.060384,0.044267,0.272083
3810,0.038040,0.029588,0.240560
3820,0.056968,0.040895,0.271591
3830,0.052591,0.039224,0.260418
3840,0.030075,0.022331,0.180036
3850,0.043514,0.031964,0.224043
3860,0.032426,0.024060,0.213937
3870,0.044258,0.033503,0.221935
3880,0.025417,0.019063,0.147036
3890,0.025945,0.020495,0.174969
3900,0.062356,0.048481,0.277064
3910,0.017469,0.012035,0.169121
3920,0.008335,0.005822,0.261953
3930,0.071983,0.054944,0.330090
3940,0.024935,0.018183,0.179600
3950,0.044446,0.032529,0.249801
3960,0.000740,0.000907,0.002727
3970,0.050209,0.037893,0.243740
3980,0.010219,0.007363,0.214573
3990,0.054377,0.039481,0.231480
4000,0.061382,0.044043,0.294575
4010,0.082643,0.064292,0.305618
4020,0.068170,0.053682,0.268703
4030,0.037649,0.027769,0.196586
4040,0.041061,0.030539,0.221212
4050,0.028413,0.021017,0.205769
4060,0.041455,0.032872,0.263861
4070,0.045816,0.033991,0.226028
4080,0.028374,0.021059,0.202363
4090,0.044365,0.033689,0.222811
4100,0.047792,0.035718,0.235223
4110,0.024495,0.018279,0.161439
4120,0.026399,0.019050,0.199639
4130,0.040673,0.030957,0.207310
4140,0.021311,0.015769,0.190112
4150,0.065746,0.049230,0.264063
4160,0.075069,0.056515,0.301016
4170,0.022057,0.016299,0.160962
4180,0.038424,0.028840,0.214275
4190,0.013770,0.012158,0.103811
4200,0.027580,0.021256,0.179937
4210,0.054030,0.040707,0.233251
4220,0.004021,0.003180,0.151029
4230,0.035193,0.025568,0.267550
4240,0.063675,0.046372,0.287656
4250,0.053934,0.039602,0.240561
4260,0.053700,0.043018,0.234346
4270,0.092432,0.071209,0.368521
4280,0.027402,0.020006,0.194648
4290,0.062844,0.046899,0.263331
4300,0.056311,0.042249,0.232215
4310,0.064138,0.049401,0.272894
4320,0.083278,0.064208,0.328236
4330,0.058427,0.045085,0.271527
4340,0.033338,0.026125,0.185361
4350,0.039430,0.029346,0.220449
4360,0.039025,0.028788,0.220967
4370,0.068125,0.052608,0.283116
4380,0.057850,0.043822,0.267079
4390,0.084312,0.064087,0.310592
4400,0.022987,0.016751,0.165376
4410,0.034299,0.024818,0.192232
4420,0.031884,0.023284,0.201185
4430,0.082152,0.061650,0.321046
4440,0.030596,0.023695,0.169829
4450,0.049687,0.037959,0.229103
4460,0.024185,0.015694,0.146686
4470,0.041923,0.031377,0.214430
4480,0.045008,0.031460,0.256192
4490,0.021739,0.016361,0.175565
4500,0.036183,0.027045,0.195355
4510,0.078940,0.061219,0.285036
4520,0.025039,0.017659,0.192051
4530,0.047885,0.035306,0.221630
4540,0.025479,0.017440,0.143274
4550,0.051120,0.038894,0.231242
4560,0.046667,0.034987,0.244097
4570,0.010662,0.008651,0.098005
4580,0.053676,0.041132,0.225895
4590,0.031793,0.023570,0.177589
4600,0.041005,0.030781,0.233086
4610,0.046317,0.033686,0.266379
4620,0.033310,0.025653,0.156074
4630,0.020131,0.014787,0.215719
4640,0.038497,0.028811,0.235869
4650,0.043079,0.031724,0.223747
4660,0.032827,0.023489,0.205040
4670,0.062602,0.054348,0.287034
4680,0.043047,0.032430,0.243514
4690,0.052028,0.038399,0.273676
4700,0.035549,0.027312,0.198504
4710,0.039415,0.029031,0.213321
4720,0.043289,0.032689,0.208540
4730,0.058612,0.043717,0.243999
4740,0.079421,0.060363,0.298315
4750,0.051668,0.038804,0.250053
4760,0.049287,0.037260,0.238825
4770,0.033234,0.024872,0.181540
4780,0.074304,0.056491,0.273541
4790,0.057988,0.045537,0.250872
4800,0.029831,0.021968,0.227760
4810,0.099048,0.069556,0.351386
4820,0.055775,0.041969,0.258787
4830,0.013363,0.010229,0.137168
4840,0.054612,0.040905,0.233871
4850,0.040866,0.030655,0.223049
4860,0.051476,0.038726,0.241168
4870,0.050484,0.038154,0.244262
4880,0.011833,0.008264,0.089315
4890,0.065932,0.049377,0.242761
4900,0.032110,0.023379,0.157707
4910,0.020087,0.014207,0.231114
4920,0.052158,0.039491,0.329591
4930,0.030426,0.023020,0.184362
4940,0.000620,0.000596,0.002011
4950,0.083417,0.063471,0.315640
4960,0.037160,0.027922,0.211120
4970,0.021857,0.016321,0.187604
4980,0.057941,0.042573,0.276909
4990,0.029656,0.021576,0.192364
5000,0.048943,0.036143,0.235338
5010,0.031792,0.023837,0.209444
5020,0.082144,0.062552,0.305189
5030,0.028908,0.021331,0.221296
5040,0.015175,0.011418,0.165974
5050,0.088553,0.066158,0.324815
5060,0.045579,0.033393,0.211830
5070,0.003414,0.002397,0.287194
5080,0.047129,0.034209,0.227820
5090,0.052581,0.040285,0.241159
5100,0.035649,0.026434,0.210158
5110,0.038649,0.029816,0.216761
5120,0.009113,0.006389,0.151695
5130,0.017700,0.013480,0.160904
5140,0.082920,0.063732,0.308211
5150,0.049566,0.037159,0.232410
5160,0.012035,0.008761,0.173266
5170,0.037080,0.027488,0.201581
5180,0.030102,0.023254,0.151685
5190,0.073633,0.054872,0.302270
5200,0.025845,0.018958,0.116119
5210,0.040321,0.029923,0.216771
5220,0.021377,0.016470,0.176761
5230,0.029814,0.021317,0.242065
5240,0.079452,0.060637,0.288379
5250,0.057916,0.043228,0.262542
5260,0.033159,0.025028,0.192443
5270,0.073338,0.057728,0.283466
5280,0.049425,0.037197,0.225492
5290,0.079781,0.061056,0.297591
5300,0.026012,0.020384,0.184471
5310,0.038101,0.028246,0.210309
5320,0.065195,0.050021,0.287293
5330,0.016770,0.012338,0.150180
5340,0.060979,0.057648,0.273441
5350,0.040493,0.030637,0.223961
5360,0.035327,0.025890,0.157130
5370,0.043132,0.032807,0.213429
5380,0.013681,0.010652,0.084585
5390,0.065343,0.048970,0.287484
5400,0.035407,0.026419,0.192729
5410,0.025461,0.018323,0.177355
5420,0.027179,0.020542,0.180899
5430,0.042456,0.031252,0.243447
5440,0.029855,0.022227,0.186950
5450,0.020047,0.015055,0.174328
5460,0.022723,0.015961,0.118906
5470,0.033998,0.024995,0.192783
5480,0.007778,0.006229,0.175110
5490,0.046390,0.034433,0.231877
5500,0.027306,0.020048,0.190352
5510,0.038509,0.028626,0.209553
5520,0.091225,0.075517,0.366687
5530,0.063718,0.048269,0.249327
5540,0.043336,0.033264,0.213636
5550,0.054669,0.041319,0.240424
5560,0.027535,0.021118,0.192213
5570,0.028831,0.022357,0.188190
5580,0.057126,0.043027,0.253624
5590,0.040016,0.030194,0.196621
5600,0.075953,0.056312,0.279732
5610,0.039733,0.029747,0.224819
5620,0.032605,0.023439,0.203830
5630,0.016631,0.012171,0.139067
5640,0.042210,0.031205,0.211270
5650,0.037507,0.027505,0.210415
5660,0.006687,0.005070,0.124129
5670,0.046451,0.036252,0.219975
5680,0.049316,0.037502,0.229265
5690,0.074026,0.056365,0.296090
5700,0.054129,0.038862,0.266089
5710,0.055142,0.041045,0.244115
5720,0.068245,0.051702,0.303921
5730,0.068346,0.051598,0.266683
5740,0.079183,0.060357,0.303004
5750,0.031503,0.022993,0.215681
5760,0.025513,0.017997,0.185184
5770,0.045851,0.034273,0.217026
5780,0.035608,0.027475,0.201259
5790,0.053059,0.038238,0.272997
5800,0.012088,0.007983,0.472739
5810,0.053639,0.040593,0.222409
5820,0.009832,0.006841,0.460287
5830,0.060932,0.045169,0.260949
5840,0.065010,0.047769,0.271396
5850,0.054485,0.041986,0.284646
5860,0.042142,0.032277,0.213945
5870,0.077218,0.061597,0.276786
5880,0.049507,0.038309,0.254481
5890,0.012183,0.009112,0.125140
5900,0.037824,0.029530,0.166273
5910,0.034093,0.025547,0.173579
5920,0.039518,0.029451,0.216972
5930,0.030868,0.023617,0.171703
5940,0.052586,0.039256,0.208170
5950,0.032819,0.023022,0.221371
5960,0.055486,0.039538,0.244053
5970,0.008171,0.006354,0.298949
5980,0.013307,0.010270,0.139960
5990,0.054772,0.040672,0.220301
6000,0.052548,0.039324,0.222803
6010,0.043130,0.033011,0.244234
6020,0.092339,0.070222,0.357226
6030,0.026849,0.019068,0.187240
6040,0.029894,0.022166,0.189015
6050,0.104925,0.083161,0.351701
6060,0.098132,0.074302,0.350145
6070,0.034817,0.026112,0.201815
6080,0.084136,0.063734,0.304122
6090,0.057379,0.043146,0.238135
6100,0.042871,0.032367,0.212706
6110,0.045914,0.033654,0.218467
6120,0.015021,0.011257,0.236738
6130,0.078089,0.060281,0.292722
6140,0.068476,0.051860,0.261046
6150,0.047752,0.036270,0.214398
6160,0.022231,0.016945,0.166728
6170,0.062590,0.048292,0.242130
6180,0.031475,0.020965,0.205582
6190,0.049626,0.037113,0.199877
6200,0.037624,0.028181,0.217852
6210,0.067996,0.053028,0.251071
6220,0.056772,0.043705,0.229706
6230,0.053465,0.040280,0.230190
6240,0.017930,0.012718,0.156268
6250,0.035948,0.026205,0.227865
6260,0.013251,0.009643,0.169732
6270,0.049335,0.034633,0.264491
6280,0.029990,0.021493,0.197301
6290,0.064349,0.050025,0.285470
6300,0.033990,0.025924,0.175200
6310,0.055033,0.041782,0.230588
6320,0.039592,0.029276,0.196658
6330,0.064921,0.049811,0.295811
6340,0.079888,0.062567,0.288055
6350,0.042948,0.031510,0.204075
6360,0.032540,0.025288,0.200842
6370,0.074321,0.056044,0.316680
6380,0.029980,0.022657,0.203138
6390,0.082777,0.064409,0.278825
6400,0.034603,0.026576,0.158483
6410,0.019768,0.015080,0.108523
6420,0.042068,0.030267,0.222792
6430,0.039704,0.029109,0.218416
6440,0.020086,0.014430,0.186577
6450,0.030059,0.022169,0.181079
6460,0.084835,0.064706,0.306500
6470,0.041524,0.030950,0.242493
6480,0.019473,0.014123,0.156616
6490,0.081834,0.062556,0.299304
6500,0.022982,0.017026,0.145616
6510,0.013097,0.008925,0.211471
6520,0.029349,0.022011,0.172590
6530,0.025861,0.019178,0.174442
6540,0.019767,0.014256,0.138051
6550,0.024472,0.018424,0.166343
6560,0.026425,0.020033,0.176311
6570,0.035503,0.027206,0.190527
6580,0.045106,0.034137,0.217964
6590,0.003605,0.002997,0.262731
6600,0.071461,0.057825,0.259944
6610,0.036108,0.026861,0.200056
6620,0.019860,0.015574,0.180232
6630,0.057293,0.042342,0.242112
6640,0.013615,0.009894,0.159901
6650,0.030241,0.023033,0.233063
6660,0.039614,0.030109,0.204423
6670,0.051850,0.039952,0.218962
6680,0.050762,0.037514,0.234367
6690,0.000933,0.000735,0.159817
6700,0.051736,0.039055,0.229350
6710,0.027835,0.021137,0.166766
6720,0.050483,0.039099,0.253205
6730,0.035990,0.026610,0.212156
6740,0.026777,0.019763,0.177754
6750,0.051633,0.039254,0.234346
6760,0.039151,0.029992,0.208675
6770,0.046223,0.035025,0.223631
6780,0.004833,0.003589,0.126379
6790,0.012429,0.008611,0.155696
6800,0.023581,0.017235,0.140297
6810,0.034669,0.024583,0.235236
6820,0.072567,0.054961,0.273818
6830,0.066349,0.049818,0.262304
6840,0.024055,0.018700,0.180081
6850,0.027307,0.021670,0.176510
6860,0.082181,0.062198,0.303120
6870,0.063006,0.051155,0.265458
6880,0.045893,0.033081,0.192048
6890,0.077683,0.059154,0.287699
6900,0.044249,0.033376,0.207457
6910,0.049272,0.036715,0.206022
6920,0.018369,0.013179,0.249982
6930,0.055499,0.042269,0.236320
6940,0.057339,0.043128,0.249880
6950,0.042524,0.032793,0.213051
6960,0.051432,0.038840,0.254385
6970,0.050110,0.037065,0.218339
6980,0.058310,0.044967,0.243917
6990,0.019882,0.014809,0.175400
7000,0.029949,0.022675,0.177771
7010,0.023932,0.016604,0.133599
7020,0.001029,0.000947,0.087334
7030,0.025885,0.019115,0.167088
7040,0.038788,0.028711,0.196487
7050,0.003262,0.002667,0.042095
7060,0.035478,0.027016,0.240866
7070,0.002501,0.002075,0.181901
7080,0.038515,0.028380,0.208105
7090,0.014550,0.010718,0.115883
7100,0.052424,0.039993,0.219698
7110,0.049110,0.036468,0.225619
7120,0.113507,0.086364,0.363654
7130,0.059919,0.045279,0.249243
7140,0.063063,0.048297,0.241090
7150,0.016164,0.011510,0.232768
7160,0.040060,0.030431,0.209633
7170,0.060233,0.043519,0.241540
7180,0.065933,0.049612,0.269603
7190,0.031308,0.023328,0.170102
7200,0.067960,0.050423,0.277141
7210,0.033959,0.025735,0.186635
7220,0.052224,0.038567,0.224259
7230,0.101384,0.077775,0.343119
7240,0.024900,0.018771,0.177942
7250,0.070183,0.053041,0.278264
7260,0.028354,0.021153,0.186032
7270,0.033597,0.025577,0.203509
7280,0.050208,0.036997,0.220823
7290,0.047266,0.036457,0.202644
7300,0.064180,0.049542,0.247286
7310,0.012027,0.009175,0.125946
7320,0.087529,0.067084,0.309339
7330,0.013756,0.009586,0.217385
7340,0.070023,0.052920,0.278211
7350,0.027116,0.020086,0.163661
7360,0.006462,0.005555,0.413746
7370,0.019572,0.014473,0.174227
7380,0.043135,0.033329,0.208991
7390,0.050077,0.037919,0.195862
7400,0.050265,0.038213,0.222042
7410,0.039591,0.030045,0.207869
7420,0.046011,0.034019,0.215882
7430,0.014429,0.009577,0.284611
7440,0.035064,0.026140,0.192134
7450,0.034531,0.024888,0.205118
7460,0.061055,0.047004,0.252415
7470,0.040749,0.030109,0.152596
7480,0.015565,0.011937,0.126936
7490,0.031744,0.023125,0.192976
7500,0.016641,0.011911,0.149565
7510,0.009481,0.006564,0.066513
7520,0.044903,0.034372,0.211820
7530,0.031559,0.022952,0.205250
7540,0.062387,0.043532,0.426569
7550,0.022873,0.016082,0.177651
7560,0.056789,0.042576,0.246602
7570,0.033315,0.024474,0.201355
7580,0.067082,0.046961,0.276617
7590,0.014390,0.010324,0.143293
7600,0.039793,0.029636,0.188812
7610,0.017682,0.013386,0.145661
7620,0.035676,0.027661,0.198484
7630,0.051538,0.039131,0.218686
7640,0.033867,0.025475,0.181138
7650,0.083964,0.065659,0.276573
7660,0.026244,0.019808,0.134302
7670,0.028961,0.021228,0.187119
7680,0.015603,0.012304,0.135041
7690,0.023291,0.016682,0.176422
7700,0.032972,0.024130,0.189427
7710,0.077765,0.059130,0.281570
7720,0.017568,0.012941,0.155836
7730,0.040561,0.030027,0.196009
7740,0.047245,0.036129,0.212526
7750,0.022472,0.016334,0.177284
7760,0.017134,0.012216,0.128637
7770,0.052081,0.040382,0.226831
7780,0.040651,0.030831,0.209097
7790,0.095940,0.075675,0.325396
7800,0.016434,0.012284,0.081170
7810,0.018544,0.013373,0.221483
7820,0.041054,0.032310,0.180719
7830,0.018333,0.013727,0.149900
7840,0.026628,0.019856,0.138077
7850,0.022538,0.016550,0.164232
7860,0.038304,0.028829,0.160700
7870,0.028712,0.021242,0.146814
7880,0.027170,0.021314,0.167127
7890,0.046100,0.035357,0.230805
7900,0.029155,0.021655,0.178144
7910,0.016911,0.012540,0.127419
7920,0.006265,0.004574,0.210261
7930,0.036585,0.027264,0.183154
7940,0.035150,0.026407,0.198512
7950,0.035872,0.027042,0.202789
7960,0.029393,0.022085,0.180621
7970,0.047156,0.035493,0.214975
7980,0.027847,0.020482,0.163024
7990,0.000519,0.000582,0.225416
8000,0.063807,0.047700,0.258637
8010,0.045279,0.034861,0.214233
8020,0.019314,0.014271,0.146841
8030,0.034518,0.025855,0.134657
8040,0.059870,0.044663,0.245315
8050,0.009735,0.006653,0.185580
8060,0.074853,0.054263,0.274461
8070,0.028731,0.022181,0.141139
8080,0.003996,0.002956,0.144049
8090,0.037466,0.028347,0.216827
8100,0.051798,0.039560,0.235267
8110,0.041272,0.030325,0.173815
8120,0.038200,0.032740,0.214434
8130,0.040118,0.030253,0.184076
8140,0.028350,0.021024,0.165962
8150,0.080270,0.061051,0.307266
8160,0.008157,0.005916,0.127998
8170,0.059321,0.044616,0.243895
8180,0.064973,0.049696,0.258003
8190,0.027391,0.020684,0.203124
8200,0.019264,0.014823,0.175625
8210,0.043406,0.031878,0.202989
8220,0.023187,0.017472,0.164154
8230,0.054241,0.041836,0.234036
8240,0.026056,0.019807,0.164021
8250,0.056177,0.041828,0.241215
8260,0.038682,0.029562,0.179585
8270,0.003781,0.002750,0.146142
8280,0.022089,0.016198,0.147030
8290,0.052506,0.041027,0.227516
8300,0.027482,0.021769,0.180878
8310,0.042100,0.031848,0.184128
8320,0.043552,0.034624,0.191276
8330,0.056822,0.044227,0.225182
8340,0.020744,0.015198,0.154826
8350,0.023959,0.018025,0.156606
8360,0.033754,0.026001,0.225020
8370,0.014254,0.010288,0.115398
8380,0.063954,0.047460,0.255372
8390,0.016626,0.012624,0.124216
8400,0.017986,0.012898,0.107344
8410,0.024754,0.019439,0.183130
8420,0.032099,0.024029,0.179721
8430,0.060340,0.045115,0.238567
8440,0.024994,0.018505,0.176683
8450,0.057998,0.043626,0.246580
8460,0.001679,0.001389,0.277824
8470,0.028085,0.020800,0.198449
8480,0.062201,0.047763,0.240825
8490,0.021551,0.015865,0.153920
8500,0.026605,0.019474,0.166705
8510,0.086323,0.065020,0.302123
8520,0.005888,0.004365,0.053872
8530,0.015056,0.011503,0.153981
8540,0.042680,0.031784,0.217080
8550,0.011232,0.008156,0.168671
8560,0.049189,0.036155,0.214233
8570,0.040141,0.030173,0.193872
8580,0.056544,0.041640,0.245565
8590,0.044223,0.033119,0.228053
8600,0.041691,0.032187,0.176554
8610,0.010132,0.008279,0.269519
8620,0.057002,0.043625,0.231118
8630,0.052137,0.040108,0.211150
8640,0.007416,0.005757,0.160768
8650,0.033955,0.025163,0.200468
8660,0.057465,0.043952,0.249788
8670,0.045434,0.033877,0.247532
8680,0.066641,0.050007,0.257586
8690,0.056664,0.042085,0.238078
8700,0.075068,0.056559,0.282522
8710,0.035966,0.026492,0.190337
8720,0.045693,0.034753,0.207671
8730,0.022802,0.016307,0.178097
8740,0.021048,0.015121,0.167405
8750,0.037668,0.027920,0.192241
8760,0.061265,0.046250,0.250309
8770,0.037060,0.027782,0.200104
8780,0.033268,0.025088,0.148262
8790,0.078751,0.057565,0.297276
8800,0.055148,0.041649,0.224505
8810,0.021045,0.015724,0.169248
8820,0.057667,0.043940,0.238525
8830,0.049618,0.037910,0.214621
8840,0.045778,0.035398,0.198019
8850,0.003548,0.002773,0.168254
8860,0.046250,0.035642,0.188940
8870,0.058824,0.043683,0.272690
8880,0.023397,0.017496,0.166298
8890,0.043941,0.033320,0.178990
8900,0.005937,0.004128,0.135939
8910,0.051472,0.038932,0.237275
8920,0.042426,0.034191,0.235249
8930,0.059119,0.044695,0.245943
8940,0.071303,0.053220,0.275382
8950,0.025204,0.018051,0.163988
8960,0.033707,0.024933,0.203350
8970,0.028793,0.020742,0.188100
8980,0.048178,0.031279,0.288270
8990,0.020129,0.014886,0.142145
9000,0.036125,0.025981,0.193461
9010,0.046804,0.034114,0.267590
9020,0.033180,0.026351,0.175518
9030,0.053062,0.040006,0.203227
9040,0.001897,0.001478,0.080700
9050,0.017547,0.013430,0.139643
9060,0.014299,0.011935,0.079345
9070,0.048784,0.036934,0.214899
9080,0.010536,0.007992,0.136141
9090,0.044126,0.033663,0.211070
9100,0.051929,0.039717,0.225512
9110,0.017688,0.013200,0.135394
9120,0.064171,0.048760,0.267879
9130,0.059394,0.046030,0.253724
9140,0.059028,0.043982,0.252600
9150,0.017845,0.013051,0.208919
9160,0.009535,0.006426,0.159433
9170,0.005508,0.004295,0.034674
9180,0.015034,0.011058,0.135787
9190,0.033789,0.025614,0.185583
9200,0.041508,0.031642,0.201483
9210,0.021833,0.015045,0.198261
9220,0.002897,0.002155,0.241832
9230,0.027513,0.019761,0.196729
9240,0.060162,0.045328,0.239828
9250,0.021983,0.016071,0.157414
9260,0.022374,0.016972,0.117050
9270,0.042909,0.033259,0.193438
9280,0.018774,0.013599,0.177101
9290,0.007461,0.005420,0.137601
9300,0.033802,0.024571,0.192404
9310,0.031349,0.023183,0.132668
9320,0.018673,0.013953,0.200571
9330,0.027058,0.020327,0.174550
9340,0.021815,0.016250,0.165984
9350,0.031705,0.023851,0.181441
9360,0.019690,0.014017,0.110384
9370,0.030635,0.022800,0.179117
9380,0.064691,0.047515,0.259312
9390,0.029103,0.022042,0.189528
9400,0.060269,0.046126,0.246311
9410,0.039888,0.029520,0.191521
9420,0.030503,0.023244,0.181068
9430,0.031574,0.023237,0.172318
9440,0.036162,0.027228,0.179399
9450,0.043768,0.032906,0.184322
9460,0.029109,0.022302,0.151128
9470,0.021533,0.015799,0.188018
9480,0.050606,0.038841,0.222928
9490,0.049417,0.037538,0.208672
9500,0.029233,0.021943,0.175015
9510,0.030646,0.023450,0.186303
9520,0.007703,0.005874,0.180052
9530,0.015372,0.011068,0.327166
9540,0.004672,0.003961,0.352938
9550,0.044104,0.032814,0.187061
9560,0.064075,0.049974,0.252745
9570,0.055403,0.041739,0.280988
9580,0.072165,0.055790,0.270736
9590,0.028599,0.020204,0.332197
9600,0.044721,0.033577,0.203488
9610,0.015479,0.011485,0.145410
9620,0.030753,0.022372,0.205788
9630,0.026077,0.019573,0.130052
9640,0.020377,0.014998,0.170952
9650,0.035854,0.026663,0.186194
9660,0.029191,0.021758,0.125491
9670,0.023762,0.017699,0.171365
9680,0.001489,0.001542,0.212744
9690,0.037664,0.026711,0.235850
9700,0.062825,0.047101,0.245287
9710,0.038875,0.028652,0.203617
9720,0.037451,0.028328,0.182230
9730,0.032798,0.024380,0.184386
9740,0.045198,0.032849,0.242838
9750,0.040110,0.030212,0.183253
9760,0.036294,0.026654,0.156692
9770,0.028160,0.020536,0.156193
9780,0.047409,0.035665,0.213133
9790,0.017746,0.013107,0.197374
9800,0.071127,0.054707,0.269643
9810,0.061541,0.045694,0.232876
9820,0.061974,0.047588,0.249958
9830,0.066487,0.049909,0.271155
9840,0.046168,0.034480,0.226078
9850,0.055506,0.042688,0.237901
9860,0.034414,0.025142,0.179228
9870,0.033314,0.025351,0.160822
9880,0.062531,0.047540,0.251568
9890,0.043246,0.032226,0.210374
9900,0.064796,0.048412,0.253372
9910,0.028831,0.021509,0.170203
9920,0.038589,0.028935,0.216130
9930,0.059901,0.045213,0.253388
9940,0.037367,0.028270,0.181551
9950,0.055809,0.042589,0.230146
9960,0.002187,0.001681,0.137926
9970,0.015079,0.010947,0.180029
9980,0.016337,0.012163,0.142132
9990,0.036049,0.027131,0.178326
10000,0.025432,0.018122,0.171427
10010,0.050645,0.038111,0.221495
10020,0.017539,0.011680,0.279076
10030,0.023448,0.017591,0.178163
10040,0.034408,0.027938,0.156712
10050,0.058960,0.044288,0.254338
10060,0.035805,0.026598,0.189964
10070,0.053429,0.041383,0.237666
10080,0.026661,0.019691,0.174369
10090,0.034034,0.024942,0.193836
10100,0.034070,0.025333,0.185361
10110,0.097227,0.068664,0.329646
10120,0.024553,0.018276,0.184391
10130,0.015553,0.011361,0.134799
10140,0.030240,0.023175,0.153951
10150,0.024598,0.018000,0.173734
10160,0.027156,0.020170,0.164784
10170,0.044218,0.034072,0.175188
10180,0.043579,0.033026,0.197978
10190,0.037152,0.022926,0.237559
10200,0.033927,0.025483,0.193312
10210,0.031958,0.024075,0.175204
10220,0.011551,0.008727,0.205931
10230,0.042700,0.033191,0.277521
10240,0.035920,0.026795,0.187885
10250,0.018247,0.013466,0.162685
10260,0.055037,0.042174,0.240895
10270,0.033996,0.025227,0.187225
10280,0.051128,0.038032,0.213373
10290,0.072325,0.053911,0.281292
10300,0.056744,0.043020,0.231798
10310,0.029553,0.021875,0.166292
10320,0.031878,0.023825,0.194325
10330,0.068751,0.053287,0.282915
10340,0.030343,0.022552,0.174710
10350,0.004907,0.003962,0.154393
10360,0.024528,0.018873,0.465116
10370,0.020890,0.014928,0.170842
10380,0.024144,0.017380,0.178290
10390,0.074242,0.055939,0.268803
10400,0.024801,0.018345,0.163373
10410,0.052599,0.039547,0.221442
10420,0.023435,0.017557,0.146477
10430,0.035898,0.026886,0.201953
10440,0.078435,0.062003,0.283187
10450,0.026593,0.019560,0.190354
10460,0.059278,0.044924,0.240292
10470,0.038306,0.030118,0.159484
10480,0.040237,0.030919,0.211151
10490,0.006983,0.004751,0.129373
10500,0.040499,0.030091,0.160061
10510,0.039824,0.030113,0.182930
10520,0.073126,0.055768,0.267127
10530,0.056504,0.043672,0.268441
10540,0.040080,0.029857,0.199096
10550,0.062113,0.046853,0.248871
10560,0.071913,0.058313,0.281453
10570,0.043645,0.033135,0.203076
10580,0.040403,0.029220,0.238037
10590,0.031495,0.023308,0.183273
10600,0.036065,0.025658,0.205404
10610,0.039041,0.028749,0.207407
10620,0.014610,0.010470,0.171188
10630,0.058217,0.044664,0.238681
10640,0.020789,0.016238,0.156561
10650,0.031511,0.024195,0.184080
10660,0.056484,0.043589,0.233826
10670,0.041253,0.031050,0.200560
10680,0.039198,0.029326,0.189581
10690,0.008757,0.005574,0.136382
10700,0.053501,0.042005,0.239212
10710,0.050739,0.038429,0.220024
10720,0.061984,0.047605,0.267581
10730,0.019360,0.014495,0.127093
10740,0.050075,0.037690,0.229642
10750,0.078172,0.059425,0.284148
10760,0.051443,0.038746,0.226504
10770,0.031232,0.023738,0.160167
10780,0.053967,0.041105,0.209589
10790,0.050713,0.038626,0.233257
10800,0.034598,0.026366,0.199637
10810,0.018633,0.013544,0.173976
10820,0.040138,0.029619,0.202117
10830,0.019204,0.014344,0.106485
10840,0.044355,0.033115,0.191759
10850,0.030250,0.022590,0.152062
10860,0.014388,0.010062,0.244131
10870,0.054109,0.038489,0.247801
10880,0.011070,0.008372,0.130853
10890,0.057342,0.043865,0.236992
10900,0.029523,0.021862,0.175369
10910,0.066980,0.051989,0.229920
10920,0.058116,0.044869,0.236311
10930,0.042220,0.031712,0.217508
10940,0.047228,0.035460,0.206165
10950,0.040127,0.029874,0.204683
10960,0.064072,0.048218,0.242181
10970,0.028170,0.021011,0.162058
10980,0.033472,0.025242,0.179351
10990,0.054238,0.040737,0.235694
11000,0.050663,0.037213,0.208932
11010,0.021604,0.015933,0.161605
11020,0.041465,0.031286,0.210240
11030,0.027568,0.019799,0.166021
11040,0.030678,0.022997,0.139825
11050,0.038958,0.029084,0.199031
11060,0.040395,0.031021,0.189568
11070,0.000072,0.000083,0.000271
11080,0.008743,0.006531,0.171905
11090,0.016196,0.012267,0.148740
11100,0.051996,0.039729,0.208786
11110,0.029818,0.022608,0.177327
11120,0.042962,0.032171,0.198598
11130,0.051179,0.039176,0.199675
11140,0.020427,0.015321,0.129033
11150,0.069177,0.053434,0.331708
11160,0.021357,0.015515,0.118670
11170,0.044960,0.034291,0.186619
11180,0.077562,0.058545,0.285462
11190,0.031721,0.023548,0.172985
11200,0.008899,0.007172,0.142707
11210,0.016190,0.012225,0.160508
11220,0.029104,0.021372,0.188416
11230,0.024707,0.018774,0.155367
11240,0.022360,0.016053,0.160879
11250,0.042131,0.033108,0.216823
11260,0.016919,0.012448,0.155273
11270,0.038994,0.029125,0.197727
11280,0.039511,0.030387,0.192714
11290,0.033983,0.026394,0.136902
11300,0.031565,0.024000,0.177512
11310,0.013193,0.009567,0.220824
11320,0.018777,0.014159,0.124258
11330,0.014165,0.010249,0.126611
11340,0.052727,0.040400,0.232816
11350,0.038782,0.029394,0.198822
11360,0.030445,0.022666,0.194087
11370,0.040866,0.030709,0.198782
11380,0.045351,0.034359,0.212418
11390,0.043960,0.033504,0.206060
11400,0.044990,0.031964,0.200675
11410,0.007925,0.006714,0.128888
11420,0.016789,0.013080,0.114162
11430,0.018849,0.013822,0.148928
11440,0.006780,0.005213,0.282964
11450,0.061152,0.044654,0.257951
11460,0.028493,0.021173,0.165849
11470,0.037571,0.028444,0.188208
11480,0.038281,0.028354,0.166382
11490,0.037093,0.027949,0.182237
11500,0.021622,0.016107,0.139028
11510,0.027237,0.020399,0.153626
11520,0.009689,0.006779,0.251049
11530,0.028668,0.021607,0.176816
11540,0.023086,0.017512,0.186962
11550,0.024168,0.017966,0.186368
11560,0.030706,0.022795,0.153646
11570,0.023300,0.016943,0.155388
11580,0.071089,0.055703,0.278157
11590,0.069519,0.050843,0.263362
11600,0.036189,0.028038,0.167858
11610,0.063442,0.047615,0.263638
11620,0.029775,0.022327,0.181822
11630,0.039127,0.029058,0.183216
11640,0.039587,0.030120,0.192501
11650,0.008694,0.006047,0.175657
11660,0.023921,0.018372,0.157216
11670,0.042603,0.031775,0.191378
11680,0.071321,0.055293,0.277265
11690,0.019024,0.014190,0.141832
11700,0.021561,0.015814,0.183973
11710,0.055012,0.042128,0.202709
11720,0.023542,0.017492,0.124870
11730,0.093999,0.074637,0.303864
11740,0.085564,0.065527,0.309404
11750,0.043616,0.033337,0.217474
11760,0.035220,0.027102,0.198720
11770,0.065913,0.051036,0.252023
11780,0.015407,0.011717,0.128418
11790,0.043771,0.032840,0.202347
11800,0.053267,0.041699,0.228026
11810,0.011824,0.009003,0.170899
11820,0.049917,0.038452,0.214383
11830,0.046128,0.033286,0.212862
11840,0.026195,0.018771,0.166627
11850,0.041665,0.031241,0.197297
11860,0.061411,0.047046,0.258125
11870,0.072214,0.055572,0.265477
11880,0.030190,0.022086,0.174176
11890,0.032554,0.024343,0.170753
11900,0.015869,0.011711,0.115630
11910,0.028564,0.021392,0.177355
11920,0.042111,0.031498,0.179467
11930,0.014070,0.010488,0.131920
11940,0.020672,0.014928,0.155362
11950,0.020319,0.015495,0.141006
11960,0.013762,0.010566,0.140632
11970,0.012644,0.009338,0.148331
11980,0.024559,0.018278,0.158654
11990,0.023988,0.017755,0.219313
12000,0.028033,0.020975,0.168744
12010,0.031999,0.024446,0.161405
12020,0.008599,0.006473,0.072509
12030,0.050468,0.037399,0.230658
12040,0.036446,0.028508,0.195872
12050,0.039178,0.029484,0.195687
12060,0.031722,0.023347,0.179156
12070,0.007501,0.005531,0.142841
12080,0.035507,0.026623,0.192019
12090,0.032915,0.025006,0.207070
12100,0.033618,0.024323,0.207817
12110,0.032590,0.024184,0.182539
12120,0.021332,0.015125,0.203620
12130,0.008198,0.006019,0.137530
12140,0.023586,0.017324,0.125264
12150,0.027985,0.020840,0.159247
12160,0.044012,0.033356,0.204998
12170,0.026247,0.019394,0.172130
12180,0.033562,0.026171,0.169287
12190,0.038535,0.029285,0.188655
12200,0.041841,0.031141,0.184081
12210,0.053510,0.040639,0.228884
12220,0.037214,0.027719,0.190161
12230,0.030546,0.022912,0.169002
12240,0.031280,0.022936,0.155294
12250,0.019003,0.014064,0.112674
12260,0.041154,0.030119,0.194595
12270,0.034231,0.025808,0.173643
12280,0.039876,0.029794,0.172518
12290,0.043734,0.032640,0.200644
12300,0.039505,0.029760,0.168373
12310,0.049152,0.037113,0.199963
12320,0.041798,0.031283,0.171813
12330,0.018967,0.013866,0.150576
12340,0.060022,0.045315,0.252451
12350,0.016116,0.012622,0.142456
12360,0.032905,0.024204,0.167064
12370,0.024260,0.018401,0.163416
12380,0.037186,0.027898,0.192831
12390,0.020073,0.015157,0.150159
12400,0.048270,0.036539,0.222734
12410,0.043431,0.032885,0.242614
12420,0.026269,0.020255,0.141876
12430,0.049430,0.037456,0.201924
12440,0.035408,0.027031,0.175887
12450,0.045579,0.034310,0.201162
12460,0.012859,0.009403,0.125852
12470,0.027801,0.022082,0.137574
12480,0.035796,0.026866,0.186107
12490,0.032610,0.024909,0.177697
12500,0.023731,0.018387,0.116975
12510,0.020826,0.015482,0.172082
12520,0.030642,0.023379,0.175572
12530,0.063992,0.047930,0.241164
12540,0.008475,0.006652,0.261201
12550,0.047041,0.035929,0.208315
12560,0.014485,0.010814,0.132224
12570,0.031143,0.023172,0.188173
12580,0.066036,0.049458,0.265140
12590,0.032764,0.024244,0.171910
12600,0.054910,0.041163,0.225199
12610,0.061078,0.044223,0.251768
12620,0.030989,0.023609,0.171928
12630,0.027660,0.019679,0.143135
12640,0.033707,0.025714,0.184912
12650,0.030511,0.022860,0.172320
12660,0.019620,0.015086,0.095146
12670,0.012612,0.009304,0.145642
12680,0.028207,0.020955,0.169024
12690,0.026046,0.018705,0.188106
12700,0.019318,0.014115,0.133200
12710,0.040607,0.030830,0.166665
12720,0.030350,0.022345,0.182323
12730,0.033922,0.025274,0.179936
12740,0.033512,0.025878,0.147152
12750,0.050883,0.038682,0.205157
12760,0.044660,0.033916,0.170778
12770,0.046434,0.035550,0.197905
12780,0.068981,0.052609,0.273045
12790,0.066881,0.051415,0.251344
12800,0.022209,0.016745,0.154206
12810,0.052123,0.040015,0.210768
12820,0.036764,0.028074,0.137508
12830,0.041852,0.030167,0.213413
12840,0.023197,0.017746,0.170090
12850,0.028572,0.021042,0.167949
12860,0.022594,0.016883,0.165528
12870,0.057290,0.043346,0.231740
12880,0.060871,0.046996,0.248393
12890,0.044747,0.033623,0.182323
12900,0.049757,0.037458,0.212626
12910,0.009253,0.006916,0.112415
12920,0.032206,0.024383,0.194077
12930,0.002048,0.001683,0.274083
12940,0.072499,0.054823,0.262310
12950,0.033429,0.023639,0.175292
12960,0.045256,0.031955,0.232463
12970,0.014468,0.010990,0.133026
12980,0.026604,0.019671,0.136219
12990,0.027182,0.020102,0.108628
13000,0.072245,0.055621,0.268125
13010,0.042475,0.031625,0.211140
13020,0.053409,0.040409,0.231041
13030,0.011103,0.008146,0.069910
13040,0.068135,0.051034,0.252243
13050,0.022568,0.016902,0.144984
13060,0.064339,0.048593,0.246991
13070,0.034315,0.026042,0.187385
13080,0.003985,0.002941,0.119514
13090,0.047113,0.035437,0.215149
13100,0.037326,0.028838,0.172257
13110,0.030163,0.023447,0.172423
13120,0.000243,0.000230,0.150671
13130,0.045542,0.034463,0.203949
13140,0.034790,0.026114,0.188620
13150,0.041063,0.031967,0.210853
13160,0.026789,0.019185,0.185881
13170,0.053928,0.040736,0.229795
13180,0.027093,0.020106,0.167077
13190,0.055730,0.042632,0.234023
13200,0.014239,0.010264,0.125253
13210,0.019744,0.012682,0.471568
13220,0.013021,0.009770,0.108524
13230,0.029652,0.021891,0.163205
13240,0.060991,0.047248,0.252538
13250,0.035171,0.027646,0.201714
13260,0.024286,0.018262,0.173091
13270,0.062317,0.047555,0.241154
13280,0.039006,0.028990,0.188077
13290,0.043867,0.032930,0.204058
13300,0.022792,0.016202,0.165893
13310,0.028652,0.021810,0.160759
13320,0.021391,0.017071,0.110791
13330,0.026890,0.019349,0.177629
13340,0.067127,0.051490,0.252593
13350,0.047512,0.036762,0.198580
13360,0.020076,0.015039,0.141650
13370,0.036900,0.027524,0.188188
13380,0.019123,0.013986,0.146614
13390,0.047922,0.037033,0.209518
13400,0.030785,0.023306,0.185619
13410,0.016438,0.012224,0.135127
13420,0.034779,0.026471,0.173812
13430,0.045602,0.035522,0.228670
13440,0.052710,0.039984,0.226200
13450,0.028031,0.020765,0.167691
13460,0.031312,0.023554,0.174134
13470,0.043274,0.032994,0.208322
13480,0.022872,0.016999,0.162887
13490,0.039089,0.029596,0.183662
13500,0.037341,0.028384,0.198628
13510,0.008660,0.006095,0.178928
13520,0.057615,0.043400,0.232851
13530,0.040503,0.030617,0.178995
13540,0.012241,0.008850,0.110443
13550,0.051298,0.040066,0.222002
13560,0.023809,0.017896,0.261776
13570,0.047406,0.036010,0.198213
13580,0.034427,0.026022,0.177657
13590,0.028852,0.022435,0.162526
13600,0.055286,0.041568,0.233343
13610,0.030470,0.022962,0.172004
13620,0.032140,0.023910,0.165779
13630,0.057135,0.043639,0.223007
13640,0.051811,0.039315,0.215274
13650,0.032859,0.024607,0.186418
13660,0.039400,0.029466,0.182642
13670,0.025044,0.018156,0.174469
13680,0.030519,0.022949,0.142130
13690,0.021300,0.015685,0.146890
13700,0.009201,0.007069,0.134007
13710,0.041032,0.029583,0.192862
13720,0.020631,0.015144,0.113128
13730,0.021314,0.014909,0.098450
13740,0.022167,0.016701,0.112982
13750,0.051417,0.038205,0.210600
13760,0.018461,0.013362,0.150697
13770,0.032620,0.024266,0.156812
13780,0.030720,0.023492,0.165832
13790,0.004217,0.003240,0.253162
13800,0.015657,0.011557,0.106812
13810,0.014562,0.010693,0.122855
13820,0.014863,0.010699,0.136055
13830,0.020207,0.015194,0.137737
13840,0.009101,0.006298,0.111849
13850,0.059786,0.045935,0.241963
13860,0.040014,0.030036,0.187499
13870,0.046675,0.034516,0.234838
13880,0.029588,0.022514,0.170344
13890,0.035815,0.026459,0.181454
13900,0.020538,0.015261,0.186137
13910,0.027054,0.020188,0.165834
13920,0.057536,0.044878,0.221416
13930,0.038124,0.027759,0.213302
13940,0.042276,0.032043,0.215279
13950,0.025734,0.018891,0.180968
13960,0.041688,0.031752,0.193503
13970,0.025154,0.018633,0.147638
13980,0.020581,0.015003,0.124954
13990,0.008985,0.006621,0.053610
14000,0.049014,0.036170,0.220804
14010,0.022829,0.017996,0.162306
14020,0.034966,0.026418,0.181771
14030,0.071216,0.054193,0.265254
14040,0.063841,0.048664,0.236405
14050,0.025104,0.018788,0.147396
14060,0.065728,0.049243,0.251870
14070,0.068354,0.052773,0.257253
14080,0.067871,0.051054,0.260327
14090,0.054457,0.040651,0.229152
14100,0.040362,0.031210,0.185354
14110,0.021849,0.015934,0.100095
14120,0.043799,0.033419,0.206399
14130,0.028188,0.020743,0.166900
14140,0.031803,0.023803,0.167096
14150,0.010432,0.007433,0.163069
14160,0.013543,0.009757,0.136016
14170,0.043669,0.032285,0.197578
14180,0.036000,0.026840,0.178162
14190,0.022738,0.015983,0.171298
14200,0.041001,0.031413,0.188548
14210,0.039565,0.029761,0.234053
14220,0.013768,0.011320,0.224856
14230,0.011343,0.008847,0.140818
14240,0.041683,0.031638,0.196444
14250,0.034723,0.025284,0.201023
14260,0.041308,0.026924,0.206648
14270,0.069938,0.053509,0.263116
14280,0.064614,0.048465,0.236068
14290,0.004594,0.003090,0.146625
14300,0.015969,0.011872,0.136649
14310,0.010694,0.007470,0.146044
14320,0.039386,0.030070,0.197301
14330,0.040189,0.029874,0.204776
14340,0.066676,0.051185,0.259726
14350,0.026794,0.020729,0.131821
14360,0.023195,0.017414,0.143639
14370,0.023286,0.017139,0.171673
14380,0.027784,0.020536,0.127931
14390,0.031576,0.024541,0.143739
14400,0.022957,0.016708,0.157813
14410,0.050640,0.037924,0.217908
14420,0.027461,0.020644,0.163908
14430,0.055581,0.041880,0.237831
14440,0.033657,0.025832,0.207917
14450,0.039129,0.029664,0.189486
14460,0.030052,0.022763,0.175209
14470,0.031403,0.023582,0.168675
14480,0.056031,0.041889,0.224686
14490,0.055320,0.043755,0.202964
14500,0.012315,0.009006,0.114191
14510,0.066786,0.050426,0.242402
14520,0.034706,0.025493,0.203573
14530,0.043447,0.032975,0.193162
14540,0.035301,0.025620,0.197603
14550,0.054874,0.041302,0.230688
14560,0.012982,0.009361,0.147392
14570,0.029513,0.022072,0.163909
14580,0.058612,0.044793,0.256153
14590,0.029121,0.022632,0.182290
14600,0.017226,0.013008,0.144255
14610,0.022059,0.017494,0.174898
14620,0.049018,0.041858,0.273287
14630,0.003956,0.002712,0.632258
14640,0.022869,0.017385,0.123036
14650,0.012361,0.008907,0.110186
14660,0.018135,0.014476,0.133306
14670,0.034747,0.026193,0.177502
14680,0.056184,0.042381,0.219602
14690,0.013687,0.010229,0.116540
14700,0.038496,0.028818,0.181364
14710,0.042851,0.032683,0.193005
14720,0.010453,0.008316,0.192910
14730,0.047324,0.034451,0.257050
14740,0.005366,0.003975,0.128932
14750,0.011944,0.008994,0.137742
14760,0.040155,0.030373,0.199244
14770,0.058558,0.044843,0.232142
14780,0.030417,0.022139,0.150584
14790,0.047965,0.035154,0.208838
14800,0.049481,0.037769,0.206373
14810,0.046180,0.034991,0.216552
14820,0.015074,0.011246,0.130263
14830,0.024155,0.018597,0.186399
14840,0.062274,0.048119,0.247800
14850,0.017873,0.013452,0.135148
14860,0.047513,0.037952,0.277450
14870,0.038607,0.028726,0.194839
14880,0.018403,0.013838,0.140102
14890,0.053013,0.039190,0.243648
14900,0.047278,0.035587,0.211847
14910,0.012802,0.009332,0.121795
14920,0.023532,0.017280,0.143764
14930,0.041462,0.032324,0.204026
14940,0.038924,0.029049,0.169305
14950,0.042710,0.031683,0.203945
14960,0.056142,0.042006,0.265293
14970,0.074929,0.058834,0.275056
14980,0.021972,0.016315,0.127313
14990,0.036232,0.027515,0.191312
15000,0.021427,0.016582,0.180326
15010,0.001922,0.001990,0.257224
15020,0.067391,0.051223,0.257024
15030,0.039048,0.030044,0.155350
15040,0.016939,0.012309,0.127852
15050,0.035101,0.024700,0.192340
15060,0.010919,0.008072,0.188306
15070,0.043068,0.032206,0.221398
15080,0.002699,0.002068,0.102310
15090,0.031255,0.023876,0.196720
15100,0.007262,0.005098,0.343713
15110,0.011873,0.008977,0.166117
15120,0.044109,0.033564,0.209194
15130,0.048872,0.037806,0.226553
15140,0.042168,0.032117,0.199966
15150,0.032714,0.024005,0.173752
15160,0.024317,0.018093,0.160794
15170,0.050104,0.038896,0.203913
15180,0.046367,0.034514,0.199274
15190,0.030743,0.023206,0.212413
15200,0.019946,0.014902,0.152887
15210,0.057494,0.044250,0.224286
15220,0.036380,0.027293,0.189039
15230,0.011814,0.008571,0.172211
15240,0.044429,0.033356,0.212848
15250,0.053566,0.040456,0.237760
15260,0.029838,0.022311,0.161431
15270,0.007532,0.006340,0.147350
15280,0.014432,0.010293,0.059640
15290,0.032991,0.024949,0.168866
15300,0.028695,0.021576,0.158316
15310,0.043631,0.033494,0.216598
15320,0.043543,0.034055,0.211524
15330,0.025591,0.019693,0.199497
15340,0.025974,0.019529,0.160509
15350,0.018923,0.014329,0.151171
15360,0.049903,0.037832,0.212189
15370,0.030523,0.022945,0.167539
15380,0.026279,0.019640,0.139222
15390,0.020188,0.015024,0.141063
15400,0.033463,0.024901,0.203290
15410,0.033016,0.024034,0.160239
15420,0.020660,0.014908,0.144847
15430,0.038379,0.029441,0.186189
15440,0.034510,0.026125,0.173755
15450,0.018586,0.013565,0.166178
15460,0.029882,0.022549,0.171470
15470,0.025884,0.019200,0.155838
15480,0.028333,0.021074,0.161474
15490,0.026431,0.019570,0.171963
15500,0.006485,0.004745,0.111887
15510,0.038493,0.028822,0.193343
15520,0.039357,0.030426,0.194616
15530,0.003504,0.002776,0.030033
15540,0.017921,0.013622,0.143397
15550,0.004026,0.003368,0.164449
15560,0.053351,0.041009,0.200345
15570,0.024597,0.018680,0.170295
15580,0.018120,0.013783,0.132968
15590,0.027317,0.020352,0.164410
15600,0.049254,0.037672,0.197746
15610,0.057551,0.044720,0.203365
15620,0.042802,0.032023,0.194698
15630,0.050581,0.038499,0.230249
15640,0.056412,0.041823,0.210205
15650,0.047711,0.035993,0.199837
15660,0.018885,0.013892,0.093788
15670,0.046971,0.036368,0.228818
15680,0.023361,0.017620,0.117249
15690,0.022895,0.016961,0.156709
15700,0.044566,0.033727,0.201636
15710,0.016094,0.011742,0.139882
15720,0.015260,0.011290,0.126793
15730,0.055611,0.042220,0.225921
15740,0.031903,0.024003,0.199424
15750,0.031776,0.023963,0.169280
15760,0.000026,0.000032,0.000100
15770,0.041481,0.031320,0.188333
15780,0.029291,0.021979,0.153752
15790,0.054989,0.041079,0.240957
15800,0.041264,0.031056,0.194832
15810,0.047740,0.036433,0.214287
15820,0.036682,0.026976,0.197461
15830,0.036769,0.027422,0.187982
15840,0.055446,0.041723,0.230297
15850,0.056046,0.042224,0.260064
15860,0.065023,0.050121,0.236937
15870,0.025034,0.019109,0.112943
15880,0.054142,0.042684,0.182703
15890,0.022845,0.016641,0.139248
15900,0.025704,0.018631,0.150590
15910,0.037375,0.028387,0.185831
15920,0.054039,0.040823,0.208471
15930,0.019660,0.014478,0.134496
15940,0.022292,0.016383,0.099079
15950,0.054886,0.042339,0.224590
15960,0.036675,0.028074,0.152918
15970,0.011862,0.009211,0.115880
15980,0.047341,0.036297,0.207657
15990,0.026073,0.019575,0.149688
16000,0.012886,0.009881,0.134819
16010,0.078411,0.059877,0.296376
16020,0.059470,0.044841,0.252262
16030,0.022048,0.016233,0.159732
16040,0.032297,0.024041,0.170016
16050,0.051790,0.038850,0.217529
16060,0.023099,0.016819,0.168140
16070,0.051506,0.039525,0.214447
16080,0.026149,0.018275,0.175365
16090,0.064771,0.048833,0.248001
16100,0.026521,0.018671,0.199428
16110,0.022514,0.017091,0.170287
16120,0.052754,0.039952,0.246665
16130,0.033246,0.024975,0.151351
16140,0.030536,0.023182,0.142715
16150,0.022310,0.016499,0.128128
16160,0.010547,0.007765,0.153187
16170,0.032704,0.026285,0.166330
16180,0.026493,0.020198,0.129501
16190,0.071004,0.053698,0.268510
16200,0.035910,0.027186,0.224884
16210,0.015005,0.010731,0.415032
16220,0.073118,0.055591,0.256755
16230,0.025705,0.018657,0.172633
16240,0.048770,0.036671,0.205625
16250,0.020926,0.015555,0.119357
16260,0.032291,0.023733,0.172220
16270,0.025841,0.019063,0.147093
16280,0.034071,0.025905,0.175712
16290,0.036156,0.027994,0.187157
16300,0.033741,0.024242,0.165015
16310,0.041521,0.031346,0.201526
16320,0.020272,0.014881,0.153009
16330,0.079912,0.061055,0.283225
16340,0.036213,0.027125,0.184884
16350,0.048841,0.035670,0.365533
16360,0.054605,0.041499,0.229852
16370,0.017133,0.012842,0.111931
16380,0.009766,0.006920,0.430825
16390,0.038302,0.029350,0.189149
16400,0.074965,0.057483,0.283869
16410,0.057288,0.044293,0.225490
16420,0.038908,0.028748,0.229125
16430,0.002674,0.001868,0.130420
16440,0.037699,0.028474,0.147111
16450,0.021811,0.016357,0.133855
16460,0.042623,0.032553,0.221094
16470,0.033131,0.025156,0.238258
16480,0.010333,0.007947,0.089481
16490,0.006808,0.004795,0.127062
16500,0.030042,0.022769,0.151690
16510,0.030588,0.023061,0.166106
16520,0.036653,0.027624,0.163324
16530,0.020919,0.015478,0.157046
16540,0.042518,0.032722,0.178098
16550,0.010626,0.007058,0.112600
16560,0.032825,0.024687,0.166026
16570,0.036550,0.027281,0.169248
16580,0.033349,0.025385,0.188223
16590,0.029190,0.021889,0.120619
16600,0.035077,0.026028,0.191040
16610,0.071593,0.054255,0.266322
16620,0.017141,0.012251,0.113308
16630,0.040019,0.030021,0.169620
16640,0.020860,0.015679,0.121640
16650,0.041304,0.032306,0.171098
16660,0.014147,0.010485,0.141832
16670,0.012221,0.008986,0.119688
16680,0.025817,0.019247,0.148187
16690,0.068905,0.052528,0.255944
16700,0.015040,0.011461,0.137452
16710,0.058775,0.044356,0.242908
16720,0.018747,0.013987,0.145148
16730,0.054186,0.041267,0.205566
16740,0.024626,0.018268,0.159453
16750,0.039152,0.029484,0.188566
16760,0.022503,0.016501,0.168148
16770,0.002425,0.002122,0.142413
16780,0.029355,0.021867,0.174614
16790,0.025206,0.018926,0.130167
16800,0.023354,0.017781,0.169137
16810,0.047196,0.035592,0.214888
16820,0.040519,0.030443,0.183151
16830,0.031070,0.023722,0.178464
16840,0.058313,0.045095,0.229240
16850,0.055759,0.042674,0.217420
16860,0.020090,0.015235,0.132386
16870,0.023121,0.018300,0.158969
16880,0.023923,0.018009,0.120675
16890,0.026451,0.019614,0.165870
16900,0.023566,0.017122,0.153915
16910,0.054916,0.042101,0.224110
16920,0.039733,0.030696,0.193233
16930,0.021600,0.016073,0.103576
16940,0.040338,0.030558,0.178650
16950,0.019056,0.014415,0.115756
16960,0.067826,0.050299,0.288355
16970,0.062913,0.047632,0.240575
16980,0.051968,0.040148,0.215103
16990,0.050873,0.038594,0.235648
17000,0.037637,0.028030,0.196358
17010,0.012968,0.009164,0.117569
17020,0.010376,0.007785,0.138367
17030,0.050435,0.038161,0.217539
17040,0.017028,0.012045,0.137621
17050,0.042276,0.031724,0.185019
17060,0.000207,0.000162,0.000642
17070,0.024080,0.017017,0.182384
17080,0.021293,0.015470,0.136712
17090,0.061333,0.046760,0.234547
17100,0.029414,0.022464,0.172261
17110,0.034433,0.025719,0.183718
17120,0.031754,0.023379,0.153541
17130,0.086983,0.067023,0.297135
17140,0.038588,0.029579,0.192091
17150,0.026541,0.020027,0.147919
17160,0.037276,0.027627,0.197974
17170,0.032333,0.023813,0.183108
17180,0.036455,0.027244,0.191294
17190,0.031307,0.023317,0.156071
17200,0.012794,0.008998,0.124300
17210,0.011942,0.008541,0.122264
17220,0.042308,0.033563,0.226639
17230,0.046134,0.034478,0.229818
17240,0.033422,0.024576,0.172155
17250,0.029687,0.022185,0.157334
17260,0.069065,0.052142,0.250649
17270,0.056044,0.042849,0.227494
17280,0.014633,0.010686,0.123347
17290,0.030797,0.022037,0.156504
17300,0.019042,0.013843,0.141019
17310,0.022560,0.018503,0.161488
17320,0.066844,0.050799,0.247909
17330,0.038042,0.028617,0.179132
17340,0.057129,0.043397,0.213139
17350,0.005639,0.004139,0.163659
17360,0.021422,0.015699,0.155811
17370,0.035904,0.027034,0.198645
17380,0.026958,0.020317,0.166914
17390,0.014641,0.010778,0.137392
17400,0.042318,0.031047,0.227811
17410,0.026344,0.020118,0.138763
17420,0.028055,0.020811,0.159900
17430,0.052113,0.039775,0.216053
17440,0.056076,0.042405,0.242158
17450,0.042417,0.032946,0.199256
17460,0.040186,0.030345,0.193500
17470,0.028763,0.021700,0.165762
17480,0.022305,0.016765,0.160573
17490,0.001596,0.001043,0.640169
17500,0.025503,0.018838,0.145665
17510,0.052284,0.039856,0.214512
17520,0.064318,0.049461,0.277193
17530,0.035615,0.026825,0.203714
17540,0.078133,0.060321,0.278020
17550,0.038913,0.030135,0.195590
17560,0.033249,0.024834,0.179902
17570,0.056534,0.043214,0.233778
17580,0.064182,0.049049,0.244185
17590,0.042678,0.031748,0.193717
17600,0.021070,0.015251,0.149411
17610,0.033788,0.024990,0.178922
17620,0.031792,0.023695,0.170738
17630,0.027785,0.020630,0.166708
17640,0.040533,0.030237,0.188550
17650,0.026752,0.020429,0.182103
17660,0.015177,0.010708,0.130081
17670,0.074429,0.056249,0.258724
17680,0.018075,0.013256,0.129842
17690,0.045151,0.033887,0.207558
17700,0.036406,0.026498,0.184968
17710,0.031323,0.023035,0.174534
17720,0.033260,0.024768,0.178852
17730,0.008644,0.007386,0.222421
17740,0.023613,0.017338,0.171906
17750,0.037695,0.027985,0.187887
17760,0.051394,0.039452,0.222169
17770,0.041781,0.031040,0.197927
17780,0.034573,0.026223,0.191266
17790,0.026965,0.020317,0.134539
17800,0.016326,0.012055,0.082025
17810,0.056835,0.043590,0.218964
17820,0.056246,0.042802,0.225533
17830,0.030639,0.022776,0.173759
17840,0.034781,0.026216,0.176931
17850,0.016424,0.012043,0.098732
17860,0.007353,0.004417,0.099539
17870,0.042044,0.032230,0.200581
17880,0.025800,0.019506,0.155262
17890,0.039630,0.030441,0.214502
17900,0.031179,0.023203,0.170416
17910,0.006993,0.005388,0.162129
17920,0.051927,0.039841,0.214242
17930,0.063730,0.049286,0.230842
17940,0.061875,0.048355,0.251137
17950,0.022094,0.016621,0.137935
17960,0.029416,0.022203,0.163501
17970,0.043259,0.032717,0.175039
17980,0.060910,0.045704,0.240315
17990,0.045964,0.034845,0.212157
18000,0.030688,0.023075,0.164976
18010,0.031304,0.023324,0.175890
18020,0.014825,0.011022,0.112251
18030,0.024758,0.018932,0.162819
18040,0.010936,0.008058,0.072342
18050,0.031930,0.023882,0.182939
18060,0.054422,0.042246,0.220877
18070,0.017428,0.013091,0.140549
18080,0.035633,0.026447,0.174190
18090,0.038732,0.029874,0.171026
18100,0.002897,0.002205,0.068282
18110,0.031164,0.023123,0.158394
18120,0.059575,0.043777,0.218092
18130,0.007226,0.005194,0.171861
18140,0.034854,0.027234,0.188735
18150,0.040567,0.029520,0.197400
18160,0.048195,0.032674,0.227506
18170,0.025621,0.018962,0.138373
18180,0.059621,0.045213,0.229050
18190,0.040854,0.031908,0.195580
18200,0.025943,0.019467,0.144208
18210,0.047479,0.036646,0.223034
18220,0.050168,0.038532,0.202935
18230,0.041039,0.030714,0.191999
18240,0.042574,0.032356,0.197905
18250,0.057896,0.044138,0.240018
18260,0.026012,0.019370,0.183404
18270,0.050581,0.038564,0.184197
18280,0.009115,0.006798,0.189932
18290,0.020836,0.016384,0.367023
18300,0.043840,0.032818,0.201483
18310,0.033773,0.025587,0.180224
18320,0.052525,0.040181,0.221796
18330,0.019758,0.014736,0.146325
18340,0.062793,0.047891,0.237021
18350,0.031858,0.024353,0.182225
18360,0.019158,0.014550,0.095435
18370,0.028871,0.021107,0.163992
18380,0.002553,0.001951,0.173565
18390,0.035320,0.026589,0.154599
18400,0.029563,0.022924,0.149469
18410,0.047900,0.036809,0.207666
18420,0.035771,0.027291,0.180389
18430,0.045907,0.035861,0.213004
18440,0.021656,0.016150,0.139933
18450,0.048988,0.037139,0.210417
18460,0.014521,0.011055,0.184195
18470,0.041631,0.031660,0.186720
18480,0.022664,0.016443,0.159492
18490,0.060583,0.046012,0.239651
18500,0.023839,0.017995,0.170949
18510,0.030282,0.022548,0.158874
18520,0.036474,0.027623,0.217735
18530,0.043777,0.033167,0.184600
18540,0.034218,0.025487,0.185913
18550,0.033155,0.024717,0.171180
18560,0.058416,0.043910,0.238533
18570,0.054342,0.041305,0.203589
18580,0.013357,0.009807,0.129550
18590,0.022223,0.016632,0.125660
18600,0.036464,0.027492,0.170603
18610,0.014092,0.009952,0.132742
18620,0.047527,0.036039,0.229069
18630,0.008050,0.005852,0.053515
18640,0.042611,0.032073,0.188376
18650,0.052707,0.040165,0.228566
18660,0.027345,0.020636,0.218391
18670,0.026548,0.018531,0.151252
18680,0.009559,0.007385,0.158644
18690,0.055041,0.041682,0.222074
18700,0.063524,0.048326,0.253285
18710,0.033241,0.025270,0.183148
18720,0.014064,0.010544,0.128567
18730,0.021828,0.015519,0.129686
18740,0.014404,0.010777,0.086778
18750,0.026271,0.019553,0.162440
18760,0.017923,0.013372,0.142747
18770,0.038259,0.028461,0.183086
18780,0.038998,0.029531,0.206020
18790,0.018935,0.014690,0.098799
18800,0.010447,0.008369,0.157387
18810,0.025091,0.018864,0.145995
18820,0.040751,0.029859,0.216472
18830,0.041769,0.032153,0.178382
18840,0.033754,0.024930,0.175229
18850,0.072523,0.055010,0.268366
18860,0.023529,0.017065,0.150499
18870,0.006035,0.003523,0.258883
18880,0.040877,0.030687,0.190612
18890,0.043359,0.033064,0.196361
18900,0.039751,0.030279,0.175942
18910,0.047967,0.035403,0.204801
18920,0.033307,0.024492,0.181995
18930,0.041492,0.031614,0.169006
18940,0.078530,0.060622,0.289447
18950,0.018473,0.013496,0.157963
18960,0.028403,0.021339,0.130722
18970,0.011628,0.008496,0.147009
18980,0.028260,0.020929,0.166454
18990,0.042285,0.032381,0.232979
19000,0.049254,0.037280,0.207883
19010,0.035667,0.027730,0.200766
19020,0.040430,0.030675,0.185636
19030,0.036291,0.027442,0.174826
19040,0.029476,0.022311,0.136702
19050,0.006355,0.005081,0.141812
19060,0.031524,0.023333,0.162917
19070,0.033984,0.023847,0.175656
19080,0.018619,0.013642,0.150021
19090,0.009198,0.006466,0.057580
19100,0.046754,0.034240,0.212509
19110,0.029370,0.022330,0.151262
19120,0.010281,0.007208,0.069727
19130,0.034456,0.025784,0.169397
19140,0.053266,0.039102,0.240820
19150,0.015840,0.011980,0.198694
19160,0.008405,0.006253,0.132251
19170,0.054964,0.040683,0.213371
19180,0.032716,0.024930,0.170502
19190,0.027634,0.020220,0.152500
19200,0.037421,0.029268,0.161719
19210,0.040073,0.029882,0.202873
19220,0.041715,0.031619,0.192639
19230,0.062133,0.048145,0.222042
19240,0.028048,0.020896,0.148863
19250,0.020035,0.015412,0.251704
19260,0.002108,0.001997,0.248909
19270,0.049130,0.036805,0.223622
19280,0.052506,0.039758,0.211340
19290,0.058467,0.044573,0.220491
19300,0.012486,0.009089,0.138845
19310,0.017867,0.013235,0.143352
19320,0.020327,0.015076,0.159813
19330,0.021867,0.016412,0.177518
19340,0.027395,0.020127,0.170103
19350,0.069241,0.055788,0.262382
19360,0.050197,0.037977,0.223897
19370,0.041104,0.031154,0.190024
19380,0.033335,0.025609,0.176447
19390,0.029992,0.022183,0.199366
19400,0.112560,0.085677,0.361252
19410,0.023217,0.017262,0.148205
19420,0.060455,0.045636,0.236815
19430,0.006274,0.004395,0.123956
19440,0.039699,0.030201,0.181194
19450,0.031480,0.024243,0.181169
19460,0.032830,0.024464,0.174504
19470,0.022865,0.017073,0.169911
19480,0.002946,0.001747,0.188499
19490,0.042532,0.032579,0.201717
19500,0.014918,0.011225,0.144207
19510,0.034360,0.025751,0.172368
19520,0.051791,0.039624,0.215206
19530,0.035522,0.025967,0.145387
19540,0.036446,0.027361,0.188814
19550,0.011256,0.008225,0.135035
19560,0.030873,0.023059,0.157756
19570,0.021579,0.015470,0.158796
19580,0.037716,0.028310,0.170423
19590,0.025422,0.019527,0.149532
19600,0.037292,0.027965,0.186115
19610,0.026923,0.020707,0.158352
19620,0.022565,0.016769,0.138282
19630,0.007458,0.005954,0.138537
19640,0.052722,0.039921,0.226651
19650,0.021845,0.016027,0.159229
19660,0.026838,0.019441,0.126657
19670,0.043324,0.032884,0.197743
19680,0.028559,0.021621,0.123958
19690,0.024547,0.018677,0.139911
19700,0.028054,0.021625,0.164495
19710,0.034694,0.026043,0.173513
19720,0.031666,0.024077,0.172427
19730,0.043551,0.033114,0.195250
19740,0.030830,0.023119,0.166837
19750,0.008176,0.005591,0.152516
19760,0.040818,0.031073,0.189916
19770,0.002462,0.001812,0.124426
19780,0.040436,0.030261,0.178533
19790,0.039852,0.030563,0.194784
19800,0.019008,0.014141,0.151443
19810,0.046233,0.034791,0.174955
19820,0.018013,0.013475,0.145489
19830,0.026390,0.019799,0.148008
19840,0.025721,0.019365,0.163245
19850,0.022692,0.017015,0.151669
19860,0.018931,0.014664,0.139829
19870,0.045306,0.033390,0.202635
19880,0.008396,0.006785,0.159641
19890,0.038241,0.029033,0.199564
19900,0.032196,0.024543,0.174142
19910,0.032987,0.024963,0.178476
19920,0.022848,0.017012,0.146270
19930,0.021542,0.015459,0.102410
19940,0.008664,0.006241,0.104621
19950,0.024387,0.018572,0.136240
19960,0.049889,0.038117,0.227167
19970,0.052787,0.040095,0.219659
19980,0.014539,0.010369,0.128970
19990,0.026201,0.019557,0.123466
20000,0.045009,0.033910,0.206339
20010,0.019821,0.014617,0.154064
20020,0.016512,0.012322,0.126624
20030,0.015659,0.011482,0.120719
20040,0.026311,0.020207,0.158639
20050,0.039388,0.030014,0.195301
20060,0.025848,0.019088,0.207047
20070,0.021973,0.016315,0.156344
20080,0.023059,0.016826,0.157465
20090,0.041907,0.031927,0.187682
20100,0.020473,0.015376,0.133387
20110,0.031445,0.023406,0.184384
20120,0.027994,0.021475,0.161173
20130,0.047442,0.035074,0.208059
20140,0.015564,0.012153,0.086921
20150,0.013344,0.010059,0.091060
20160,0.060093,0.046033,0.228213
20170,0.006993,0.006147,0.222006
20180,0.009430,0.006940,0.122429
20190,0.013433,0.009855,0.128905
20200,0.021803,0.015823,0.237926
20210,0.028437,0.022129,0.169006
20220,0.015504,0.012121,0.085683
20230,0.034036,0.025326,0.167825
20240,0.072821,0.055337,0.257884
20250,0.038857,0.028838,0.199659
20260,0.041366,0.031500,0.209851
20270,0.033808,0.025721,0.143730
20280,0.032378,0.023664,0.132580
20290,0.018839,0.013770,0.143894
20300,0.041134,0.032292,0.194015
20310,0.030681,0.022736,0.164439
20320,0.015526,0.012091,0.092876
20330,0.030185,0.022534,0.172424
20340,0.038924,0.029928,0.190104
20350,0.028470,0.020777,0.164075
20360,0.028370,0.021063,0.165041
20370,0.035869,0.026993,0.171085
20380,0.007991,0.005778,0.123435
20390,0.034529,0.025973,0.163216
20400,0.031886,0.024071,0.169159
20410,0.022171,0.016119,0.166364
20420,0.022233,0.016645,0.146957
20430,0.029422,0.022145,0.159793
20440,0.039202,0.030455,0.183729
20450,0.028490,0.021169,0.155834
20460,0.042839,0.034166,0.166552
20470,0.010240,0.007829,0.116719
20480,0.038163,0.029019,0.155520
20490,0.037256,0.028053,0.170566
20500,0.035043,0.026664,0.157147
20510,0.055724,0.043130,0.236677
20520,0.037186,0.027814,0.179566
20530,0.029336,0.022211,0.166352
20540,0.046518,0.035301,0.204395
20550,0.039662,0.029670,0.171031
20560,0.013131,0.009579,0.124181
20570,0.026180,0.020155,0.157042
20580,0.032136,0.024993,0.169511
20590,0.056689,0.042285,0.256889
20600,0.051023,0.038769,0.213613
20610,0.012702,0.009320,0.121463
20620,0.031305,0.023714,0.144016
20630,0.035135,0.026040,0.182466
20640,0.017672,0.012985,0.141839
20650,0.032759,0.024399,0.168915
20660,0.024707,0.018570,0.150200
20670,0.019988,0.014721,0.138870
20680,0.029650,0.021789,0.160929
20690,0.043606,0.032457,0.225589
20700,0.011701,0.008693,0.102833
20710,0.035981,0.027229,0.184415
20720,0.019901,0.014490,0.145762
20730,0.014996,0.011257,0.116986
20740,0.053208,0.040605,0.199191
20750,0.049364,0.038247,0.207696
20760,0.033488,0.025499,0.170648
20770,0.017945,0.013861,0.096760
20780,0.038557,0.029891,0.187877
20790,0.026049,0.019919,0.126291
20800,0.042771,0.031946,0.173843
20810,0.021988,0.016265,0.132582
20820,0.015977,0.011733,0.129060
20830,0.002398,0.001696,0.181346
20840,0.005238,0.003511,0.191980
20850,0.045517,0.034906,0.203473
20860,0.027425,0.020505,0.148436
20870,0.055586,0.042704,0.232483
20880,0.019652,0.014630,0.147291
20890,0.028043,0.020861,0.162520
20900,0.058077,0.043836,0.224550
20910,0.018330,0.013783,0.112509
20920,0.051937,0.040352,0.214895
20930,0.036382,0.028261,0.163986
20940,0.008347,0.006183,0.109591
20950,0.038003,0.028438,0.183245
20960,0.058346,0.043789,0.228245
20970,0.057055,0.043420,0.236780
20980,0.035408,0.026819,0.167532
20990,0.046376,0.035086,0.184744
21000,0.031666,0.023772,0.157789
21010,0.048766,0.036776,0.197573
21020,0.035714,0.027114,0.179801
21030,0.041757,0.031402,0.187039
21040,0.056990,0.043742,0.211558
21050,0.098170,0.074832,0.323180
21060,0.031588,0.023875,0.163546
21070,0.032200,0.024728,0.131610
21080,0.041866,0.031592,0.158519
21090,0.033357,0.025507,0.175361
21100,0.024647,0.017422,0.149026
21110,0.032330,0.024360,0.182451
21120,0.055457,0.042149,0.222306
21130,0.035174,0.026324,0.219381
21140,0.019401,0.014400,0.112514
21150,0.038109,0.028873,0.160839
21160,0.053158,0.039302,0.241697
21170,0.003561,0.002438,0.116986
21180,0.026370,0.019836,0.132023
21190,0.064105,0.048895,0.274041
21200,0.030020,0.022534,0.155900
21210,0.020730,0.015079,0.191122
21220,0.030684,0.023223,0.161609
21230,0.019516,0.014311,0.107168
21240,0.026356,0.020199,0.156940
21250,0.029726,0.022491,0.128383
21260,0.001767,0.001278,0.178889
21270,0.016271,0.012005,0.112618
21280,0.006374,0.004869,0.168169
21290,0.044909,0.033066,0.182530
21300,0.055108,0.041319,0.222714
21310,0.040607,0.029836,0.192503
21320,0.040485,0.030856,0.213542
21330,0.016435,0.012640,0.095056
21340,0.062400,0.047554,0.225242
21350,0.010106,0.007409,0.156457
21360,0.002185,0.001260,0.273141
21370,0.033073,0.024901,0.176228
21380,0.024597,0.018744,0.123572
21390,0.038318,0.029311,0.179674
21400,0.046488,0.034768,0.205410
21410,0.012534,0.010336,0.118399
21420,0.034037,0.025651,0.171423
21430,0.030310,0.022993,0.170404
21440,0.021871,0.016690,0.134200
21450,0.033366,0.025256,0.132088
21460,0.008679,0.006407,0.671831
21470,0.039584,0.030100,0.186078
21480,0.037043,0.027408,0.204781
21490,0.018066,0.013790,0.133817
21500,0.021451,0.016118,0.155829
21510,0.035977,0.026419,0.150746
21520,0.024421,0.018281,0.134934
21530,0.028992,0.021624,0.156765
21540,0.039984,0.030101,0.195419
21550,0.030577,0.023453,0.175643
21560,0.018291,0.013153,0.129830
21570,0.027638,0.020992,0.162489
21580,0.016861,0.012398,0.132141
21590,0.057898,0.044832,0.243832
21600,0.017970,0.013278,0.139244
21610,0.052173,0.039475,0.218811
21620,0.013781,0.010337,0.127934
21630,0.028830,0.022615,0.172677
21640,0.052014,0.039595,0.213157
21650,0.019503,0.014709,0.127349
21660,0.052107,0.039264,0.204234
21670,0.022426,0.017067,0.144300
21680,0.077071,0.056679,0.266445
21690,0.030647,0.023412,0.162247
21700,0.045798,0.034584,0.176330
21710,0.032808,0.024667,0.158057
21720,0.020356,0.015915,0.149819
21730,0.043700,0.033420,0.188244
21740,0.041320,0.031303,0.193262
21750,0.032090,0.024115,0.134447
21760,0.026888,0.020192,0.157108
21770,0.065188,0.050320,0.224319
21780,0.015397,0.010664,0.134701
21790,0.034426,0.025606,0.197588
21800,0.027377,0.020436,0.144740
21810,0.009376,0.006702,0.114449
21820,0.045063,0.034666,0.209800
21830,0.056358,0.043393,0.220445
21840,0.018903,0.014520,0.168753
21850,0.035973,0.027027,0.188372
21860,0.027497,0.020769,0.160394
21870,0.035061,0.026013,0.169655
21880,0.046915,0.035814,0.193161
21890,0.034997,0.026826,0.165274
21900,0.047973,0.036353,0.210115
21910,0.021823,0.016304,0.125756
21920,0.024380,0.018738,0.141677
21930,0.032889,0.024405,0.183343
21940,0.038735,0.029661,0.194490
21950,0.022779,0.017266,0.140210
21960,0.022210,0.016465,0.142760
21970,0.074040,0.056594,0.259928
21980,0.011594,0.007646,0.155954
21990,0.036912,0.027571,0.153023
22000,0.036974,0.027866,0.180949
22010,0.031392,0.023969,0.164191
22020,0.036562,0.026844,0.189568
22030,0.024661,0.018537,0.175907
22040,0.043073,0.032577,0.198593
22050,0.049867,0.038065,0.213971
22060,0.002174,0.001906,0.144235
22070,0.021413,0.015639,0.147313
22080,0.029373,0.022074,0.155995
22090,0.021378,0.015848,0.169212
22100,0.044402,0.033860,0.214156
22110,0.054623,0.041191,0.195072
22120,0.036958,0.028401,0.164641
22130,0.015212,0.011396,0.115583
22140,0.018038,0.013499,0.150221
22150,0.033558,0.024647,0.168285
22160,0.031131,0.023261,0.176228
22170,0.025326,0.019260,0.271279
22180,0.012555,0.009784,0.147460
22190,0.009734,0.007073,0.112422
22200,0.056792,0.042638,0.209014
22210,0.031601,0.023814,0.137286
22220,0.011749,0.008526,0.112114
22230,0.042745,0.033144,0.203856
22240,0.046685,0.034806,0.216891
22250,0.046029,0.035028,0.198483
22260,0.021416,0.016290,0.127303
22270,0.028473,0.021950,0.159681
22280,0.028953,0.021420,0.156113
22290,0.005019,0.003951,0.107692
22300,0.014360,0.010865,0.128838
22310,0.053498,0.038154,0.233710
22320,0.040985,0.030917,0.185096
22330,0.046531,0.036924,0.204273
22340,0.030946,0.023341,0.134899
22350,0.018934,0.014311,0.142603
22360,0.004987,0.003619,0.178466
22370,0.041980,0.032124,0.215946
22380,0.049131,0.037847,0.206849
22390,0.009796,0.007463,0.114116
22400,0.038105,0.028601,0.183645
22410,0.033307,0.024022,0.153565
22420,0.060752,0.046480,0.237573
22430,0.043388,0.032895,0.204550
22440,0.036108,0.027822,0.171897
22450,0.035928,0.026965,0.172594
22460,0.011659,0.009619,0.157581
22470,0.026994,0.020078,0.171335
22480,0.045576,0.034606,0.174726
22490,0.023093,0.017420,0.189726
22500,0.026894,0.020098,0.144524
22510,0.050923,0.038328,0.201880
22520,0.027602,0.020677,0.146673
22530,0.015951,0.012206,0.112263
22540,0.046855,0.035748,0.202156
22550,0.022630,0.017370,0.113145
22560,0.022520,0.016714,0.130005
22570,0.027209,0.020528,0.166012
22580,0.031668,0.024086,0.165425
22590,0.024310,0.017902,0.156514
22600,0.032315,0.024600,0.168123
22610,0.018712,0.014222,0.145495
22620,0.058414,0.044105,0.221530
22630,0.023427,0.018099,0.166293
22640,0.022197,0.016786,0.118297
22650,0.064046,0.047648,0.213750
22660,0.017471,0.013047,0.136388
22670,0.024728,0.019015,0.218672
22680,0.031514,0.023713,0.173062
22690,0.020442,0.014603,0.144969
22700,0.032430,0.024184,0.137162
22710,0.015263,0.011546,0.130301
22720,0.040083,0.030006,0.182710
22730,0.037722,0.028343,0.184105
22740,0.021216,0.015967,0.139589
22750,0.032624,0.024625,0.171533
22760,0.039883,0.030448,0.191948
22770,0.050315,0.036829,0.166784
22780,0.029030,0.021995,0.154384
22790,0.044602,0.033542,0.190628
22800,0.025499,0.019023,0.147848
22810,0.022073,0.016600,0.137871
22820,0.019149,0.014062,0.157107
22830,0.024059,0.018262,0.156270
22840,0.033705,0.025313,0.181060
22850,0.043903,0.033674,0.209310
22860,0.009224,0.006987,0.129770
22870,0.048200,0.035497,0.192458
22880,0.049742,0.037061,0.206350
22890,0.045919,0.035808,0.227563
22900,0.028053,0.020924,0.159199
22910,0.023663,0.017698,0.112424
22920,0.064600,0.049588,0.241747
22930,0.011215,0.008351,0.111320
22940,0.031592,0.025959,0.162019
22950,0.028150,0.020760,0.156059
22960,0.028914,0.021843,0.151848
22970,0.023448,0.018077,0.148631
22980,0.031738,0.024486,0.169338
22990,0.009496,0.007257,0.165819
23000,0.040757,0.030965,0.190866
23010,0.014857,0.011064,0.123760
23020,0.018770,0.013737,0.124245
23030,0.026802,0.020053,0.163626
23040,0.013470,0.009763,0.092262
23050,0.029580,0.022351,0.170755
23060,0.022544,0.016543,0.144109
23070,0.020870,0.015305,0.136081
23080,0.040153,0.030057,0.186193
23090,0.014313,0.010404,0.151703
23100,0.033530,0.025605,0.171492
23110,0.013405,0.009903,0.120525
23120,0.020535,0.015325,0.136046
23130,0.040960,0.030850,0.171344
23140,0.001210,0.000841,0.101306
23150,0.054814,0.043070,0.234448
23160,0.042567,0.032065,0.154409
23170,0.019384,0.015221,0.213714
23180,0.040794,0.031677,0.164155
23190,0.036724,0.028068,0.165691
23200,0.050348,0.039259,0.196286
23210,0.006835,0.004931,0.096328
23220,0.035686,0.027280,0.161074
23230,0.029153,0.022021,0.115561
23240,0.022701,0.016987,0.150328
23250,0.045604,0.034455,0.205205
23260,0.079427,0.059279,0.279765
23270,0.030598,0.022659,0.156539
23280,0.004388,0.003236,0.147266
23290,0.015621,0.011543,0.127864
23300,0.046453,0.035181,0.198867
23310,0.037999,0.028310,0.183857
23320,0.055105,0.041947,0.221364
23330,0.034016,0.030421,0.150470
23340,0.036344,0.027449,0.158761
23350,0.042616,0.032483,0.203435
23360,0.044209,0.033601,0.200927
23370,0.001789,0.001251,0.094013
23380,0.021463,0.015569,0.140414
23390,0.043433,0.032890,0.190867
23400,0.006354,0.005786,0.211981
23410,0.039660,0.029645,0.175797
23420,0.028610,0.021768,0.156901
23430,0.041048,0.031029,0.198699
23440,0.000757,0.000653,0.092128
23450,0.030016,0.022812,0.161097
23460,0.050759,0.038722,0.218565
23470,0.038705,0.029810,0.191344
23480,0.053559,0.040181,0.219133
23490,0.039130,0.029499,0.177860
23500,0.029760,0.022306,0.163258
23510,0.067434,0.051668,0.254818
23520,0.030003,0.021945,0.200273
23530,0.042447,0.032443,0.198493
23540,0.042164,0.031881,0.197420
23550,0.030206,0.022648,0.150322
23560,0.037168,0.027926,0.173285
23570,0.029709,0.022710,0.150441
23580,0.020422,0.015414,0.092703
23590,0.033322,0.024987,0.167831
23600,0.022150,0.017135,0.162209
23610,0.000035,0.000052,0.000151
23620,0.021035,0.015633,0.140878
23630,0.048118,0.034948,0.205215
23640,0.058374,0.045485,0.245703
23650,0.028855,0.021472,0.126372
23660,0.029617,0.022606,0.135151
23670,0.037614,0.028433,0.175790
23680,0.020171,0.014995,0.127834
23690,0.019714,0.015102,0.148300
23700,0.026691,0.020139,0.158965
23710,0.034445,0.025806,0.149984
23720,0.041786,0.033570,0.184447
23730,0.037029,0.028030,0.183689
23740,0.056751,0.044706,0.207729
23750,0.036800,0.027903,0.183228
23760,0.034244,0.025991,0.185222
23770,0.020857,0.015317,0.140634
23780,0.035540,0.026751,0.171863
23790,0.021219,0.016124,0.181580
23800,0.036497,0.029447,0.155263
23810,0.019904,0.014638,0.094664
23820,0.025235,0.018685,0.151811
23830,0.036611,0.027461,0.189097
23840,0.057667,0.043851,0.238171
23850,0.085669,0.066401,0.295697
23860,0.035272,0.026212,0.178882
23870,0.015060,0.011413,0.135002
23880,0.027649,0.020857,0.116570
23890,0.024922,0.018734,0.147855
23900,0.055383,0.042786,0.227891
23910,0.028515,0.021482,0.165316
23920,0.039150,0.029566,0.183079
23930,0.014792,0.010856,0.132419
23940,0.023247,0.017424,0.138036
23950,0.027002,0.020460,0.155993
23960,0.038945,0.029963,0.180835
23970,0.016779,0.013236,0.138307
23980,0.090402,0.064371,0.338766
23990,0.057879,0.044355,0.231475
24000,0.034663,0.026616,0.184065
24010,0.031635,0.024435,0.143799
24020,0.024515,0.018126,0.151058
24030,0.040750,0.031345,0.188907
24040,0.036123,0.027173,0.176445
24050,0.032143,0.024492,0.158035
24060,0.025405,0.019189,0.146726
24070,0.015332,0.012536,0.123626
24080,0.024328,0.018382,0.113924
24090,0.035767,0.027104,0.169314
24100,0.023245,0.018170,0.175080
24110,0.058938,0.045158,0.219491
24120,0.067593,0.051557,0.252106
24130,0.022591,0.016609,0.145887
24140,0.002271,0.001654,0.135992
24150,0.044626,0.034016,0.183015
24160,0.025281,0.019183,0.145605
24170,0.042095,0.032144,0.179444
24180,0.031735,0.023939,0.163859
24190,0.049749,0.037715,0.209081
24200,0.049980,0.037789,0.220169
24210,0.028186,0.021369,0.165059
24220,0.044650,0.033417,0.196442
24230,0.034362,0.025429,0.178368
24240,0.041752,0.031581,0.198731
24250,0.017721,0.013128,0.088342
24260,0.042993,0.033067,0.188918
24270,0.022104,0.015590,0.175977
24280,0.016476,0.012318,0.087902
24290,0.025085,0.018889,0.154805
24300,0.032336,0.026550,0.188436
24310,0.042120,0.031751,0.195487
24320,0.012215,0.009052,0.125609
24330,0.006473,0.004748,0.119984
24340,0.037411,0.028448,0.190885
24350,0.000484,0.000405,0.053777
24360,0.018318,0.013761,0.134951
24370,0.020787,0.015366,0.150126
24380,0.049583,0.037594,0.207940
24390,0.034378,0.025712,0.170346
24400,0.015978,0.011946,0.129638
24410,0.025686,0.019329,0.154066
24420,0.001949,0.001680,0.040149
24430,0.050240,0.037865,0.203753
24440,0.017907,0.014304,0.089966
24450,0.025103,0.018497,0.140123
24460,0.061483,0.047215,0.246735
24470,0.035311,0.026930,0.170081
24480,0.032685,0.024731,0.148584
24490,0.038540,0.027424,0.237468
24500,0.037325,0.034096,0.194276
24510,0.044041,0.032748,0.200409
24520,0.016183,0.010795,0.199534
24530,0.030416,0.022850,0.149597
24540,0.033117,0.025117,0.162887
24550,0.055422,0.043305,0.253196
24560,0.028522,0.021713,0.138918
24570,0.042775,0.032517,0.169938
24580,0.013521,0.009946,0.128504
24590,0.025999,0.019714,0.164717
24600,0.028969,0.021844,0.167632
24610,0.070728,0.054642,0.262436
24620,0.033617,0.025185,0.207358
24630,0.061207,0.045869,0.205816
24640,0.046508,0.035342,0.203072
24650,0.013307,0.010859,0.149915
24660,0.031366,0.024112,0.160897
24670,0.023171,0.017206,0.171017
24680,0.032432,0.024731,0.127864
24690,0.019432,0.014635,0.141449
24700,0.021782,0.017275,0.150813
24710,0.048104,0.038648,0.207744
24720,0.016817,0.012792,0.120803
24730,0.062164,0.047395,0.243186
24740,0.032291,0.024497,0.170736
24750,0.016095,0.011889,0.136731
24760,0.044584,0.033564,0.194769
24770,0.010366,0.007584,0.109966
24780,0.041589,0.030030,0.132505
24790,0.052411,0.040060,0.209940
24800,0.039786,0.029683,0.188569
24810,0.030047,0.022354,0.146118
24820,0.028394,0.021423,0.165082
24830,0.024765,0.018346,0.135609
24840,0.019428,0.014498,0.090497
24850,0.015212,0.011357,0.090079
24860,0.017924,0.013353,0.100661
24870,0.003428,0.002827,0.158729
24880,0.016754,0.012508,0.136171
24890,0.028164,0.021507,0.106284
24900,0.035400,0.026731,0.187446
24910,0.043675,0.033248,0.190688
24920,0.029247,0.021756,0.149545
24930,0.020773,0.015724,0.156959
24940,0.033544,0.024959,0.182446
24950,0.029894,0.022431,0.155670
24960,0.017026,0.012573,0.143893
24970,0.035830,0.026730,0.181550
24980,0.031556,0.024092,0.160518
24990,0.023878,0.017633,0.144820
25000,0.005653,0.004127,0.109286
25010,0.021201,0.015961,0.131254
25020,0.037780,0.027756,0.180339
25030,0.017367,0.013839,0.113236
25040,0.012991,0.009534,0.142382
25050,0.020747,0.015232,0.149999
25060,0.060081,0.045490,0.233016
25070,0.046977,0.035598,0.194157
25080,0.050883,0.028044,0.274750
25090,0.028311,0.021151,0.185909
25100,0.042605,0.031955,0.201279
25110,0.028769,0.021648,0.160237
25120,0.010069,0.007230,0.072660
25130,0.033773,0.025662,0.162235
25140,0.018979,0.014041,0.132464
25150,0.014714,0.010916,0.119488
25160,0.046800,0.034952,0.194757
25170,0.048542,0.036660,0.202117
25180,0.025638,0.019131,0.148260
25190,0.034253,0.025934,0.187171
25200,0.047669,0.036494,0.193960
25210,0.027714,0.020896,0.121953
25220,0.066520,0.049379,0.234553
25230,0.023475,0.017302,0.148653
25240,0.043843,0.033518,0.197289
25250,0.031690,0.024771,0.195609
25260,0.047050,0.035844,0.217157
25270,0.047666,0.036099,0.212632
25280,0.039248,0.029776,0.185040
25290,0.031776,0.023679,0.151203
25300,0.055085,0.042605,0.223071
25310,0.015731,0.011698,0.127441
25320,0.072182,0.054621,0.269368
25330,0.018175,0.015085,0.247726
25340,0.039970,0.030428,0.167317
25350,0.051840,0.038377,0.211857
25360,0.041227,0.031281,0.164182
25370,0.033808,0.024914,0.176716
25380,0.032105,0.023942,0.170254
25390,0.024250,0.018008,0.147610
25400,0.061909,0.046425,0.231699
25410,0.022332,0.016600,0.126238
25420,0.015900,0.011914,0.122794
25430,0.025518,0.019328,0.115776
25440,0.043496,0.033860,0.178955
25450,0.030711,0.022882,0.165293
25460,0.036900,0.028918,0.144274
25470,0.045657,0.034136,0.200771
25480,0.028469,0.022130,0.190935
25490,0.050313,0.038033,0.212548
25500,0.064942,0.049812,0.244567
25510,0.046008,0.034437,0.195930
25520,0.031651,0.023362,0.173199
25530,0.027735,0.020661,0.152735
25540,0.010636,0.007947,0.143887
25550,0.044748,0.033576,0.200704
25560,0.048884,0.036871,0.190228
25570,0.047884,0.036061,0.214834
25580,0.011574,0.008622,0.072393
25590,0.047294,0.035107,0.182995
25600,0.058642,0.043560,0.205235
25610,0.046063,0.034405,0.214348
25620,0.020307,0.015103,0.135766
25630,0.029915,0.022478,0.158824
25640,0.024378,0.018177,0.136037
25650,0.030723,0.023569,0.153404
25660,0.041915,0.029562,0.189777
25670,0.031312,0.023665,0.174736
25680,0.034796,0.025729,0.144594
25690,0.013369,0.010066,0.109313
25700,0.033288,0.024760,0.172336
25710,0.053190,0.040193,0.221799
25720,0.028577,0.021549,0.129658
25730,0.054662,0.041299,0.211525
25740,0.016581,0.012109,0.138853
25750,0.034661,0.027042,0.188731
25760,0.035126,0.026210,0.169500
25770,0.034336,0.025803,0.193941
25780,0.040724,0.031099,0.163934
25790,0.032827,0.024537,0.164167
25800,0.033132,0.024771,0.179749
25810,0.001289,0.000989,0.096783
25820,0.049638,0.037998,0.224490
25830,0.016963,0.013446,0.139536
25840,0.038879,0.029241,0.188528
25850,0.051786,0.038941,0.203074
25860,0.004748,0.004165,0.133769
25870,0.030148,0.022684,0.138559
25880,0.012918,0.009689,0.124787
25890,0.020802,0.015325,0.109952
25900,0.042875,0.031773,0.213701
25910,0.038608,0.030599,0.177803
25920,0.032651,0.025050,0.165782
25930,0.046819,0.035700,0.197354
25940,0.087411,0.068013,0.304270
25950,0.047498,0.036417,0.196974
25960,0.021917,0.016236,0.155776
25970,0.042087,0.032439,0.156691
25980,0.040305,0.030781,0.189697
25990,0.007722,0.005647,0.123525
26000,0.022355,0.017125,0.139976
26010,0.000029,0.000040,0.000120
26020,0.021320,0.015769,0.149503
26030,0.016237,0.012333,0.105924
26040,0.033784,0.025095,0.177857
26050,0.032677,0.024594,0.168948
26060,0.029051,0.019965,0.152063
26070,0.004808,0.003044,0.221199
26080,0.012108,0.008829,0.109614
26090,0.013250,0.009908,0.073297
26100,0.046450,0.035165,0.197505
26110,0.023825,0.017562,0.174251
26120,0.013886,0.010598,0.128279
26130,0.045673,0.034999,0.196078
26140,0.026980,0.020255,0.175591
26150,0.042579,0.032065,0.201600
26160,0.029994,0.022406,0.137653
26170,0.036616,0.029059,0.139613
26180,0.033466,0.025076,0.171731
26190,0.028155,0.020620,0.141292
26200,0.043207,0.032380,0.198850
26210,0.032582,0.026789,0.173922
26220,0.011976,0.008708,0.139134
26230,0.062895,0.047880,0.237517
26240,0.040425,0.030850,0.199111
26250,0.016876,0.012553,0.135702
26260,0.031265,0.023602,0.160631
26270,0.029816,0.022034,0.166246
26280,0.041956,0.031746,0.170242
26290,0.029678,0.022669,0.158728
26300,0.034290,0.025641,0.173686
26310,0.050739,0.039084,0.219196
26320,0.033091,0.024712,0.182448
26330,0.027701,0.021050,0.169909
26340,0.049975,0.038292,0.208451
26350,0.028104,0.021035,0.152852
26360,0.033002,0.024770,0.176440
26370,0.071012,0.054371,0.262202
26380,0.039617,0.029619,0.191324
26390,0.036072,0.027701,0.175537
26400,0.043190,0.032218,0.197163
26410,0.037514,0.028609,0.180700
26420,0.033735,0.026501,0.182136
26430,0.060615,0.044859,0.232875
26440,0.026429,0.020104,0.156623
26450,0.025013,0.018968,0.138984
26460,0.043226,0.032526,0.184159
26470,0.046943,0.036317,0.205164
26480,0.016064,0.012272,0.138915
26490,0.044042,0.032713,0.171003
26500,0.022165,0.016600,0.153196
26510,0.018464,0.014036,0.122963
26520,0.011045,0.008036,0.118291
26530,0.065145,0.049496,0.247339
26540,0.023817,0.017811,0.123997
26550,0.036772,0.027807,0.179884
26560,0.055836,0.042614,0.222831
26570,0.008280,0.006032,0.060921
26580,0.040799,0.030632,0.175358
26590,0.019285,0.014606,0.143761
26600,0.013799,0.010582,0.190163
26610,0.006877,0.005962,0.053856
26620,0.036486,0.027125,0.173138
26630,0.038984,0.029642,0.162034
26640,0.015171,0.010922,0.133424
26650,0.033836,0.025642,0.169859
26660,0.027115,0.019658,0.110925
26670,0.029099,0.020783,0.152543
26680,0.019188,0.014279,0.144842
26690,0.028781,0.020976,0.168385
26700,0.028932,0.021276,0.152479
26710,0.011746,0.008963,0.061419
26720,0.042027,0.031733,0.188350
26730,0.029172,0.021006,0.174575
26740,0.077435,0.058308,0.270033
26750,0.012980,0.010355,0.079893
26760,0.013660,0.011461,0.178930
26770,0.021239,0.015741,0.134403
26780,0.029332,0.022110,0.163937
26790,0.026977,0.020395,0.188555
26800,0.009933,0.007300,0.124791
26810,0.017416,0.013114,0.116781
26820,0.012612,0.008636,0.113608
26830,0.045954,0.033618,0.209282
26840,0.036095,0.027106,0.171748
26850,0.041471,0.031072,0.182562
26860,0.052424,0.041096,0.204434
26870,0.022251,0.016745,0.170682
26880,0.050121,0.037440,0.222203
26890,0.072199,0.054640,0.270227
26900,0.028319,0.021005,0.174873
26910,0.036978,0.029300,0.189782
26920,0.041673,0.031903,0.192792
26930,0.026892,0.020090,0.179766
26940,0.017052,0.012478,0.138233
26950,0.002361,0.001469,0.633605
26960,0.048680,0.036692,0.210384
26970,0.046169,0.035290,0.186302
26980,0.033411,0.025375,0.164452
26990,0.018510,0.013779,0.138421
27000,0.028179,0.021154,0.147225
27010,0.032077,0.024411,0.165305
27020,0.064805,0.049141,0.246766
27030,0.003632,0.002735,0.163506
27040,0.049411,0.036142,0.198612
27050,0.061955,0.047285,0.229999
27060,0.027922,0.021120,0.129550
27070,0.026044,0.019745,0.121478
27080,0.044773,0.033432,0.198624
27090,0.029168,0.021971,0.161260
27100,0.026260,0.019967,0.139612
27110,0.005801,0.004012,0.142939
27120,0.046662,0.034960,0.200547
27130,0.029242,0.022226,0.181007
27140,0.026975,0.019564,0.181439
27150,0.023104,0.017538,0.104944
27160,0.026596,0.020942,0.184409
27170,0.018888,0.014146,0.084810
27180,0.025464,0.018551,0.153142
27190,0.037493,0.027218,0.190802
27200,0.049648,0.038647,0.206450
27210,0.054477,0.041495,0.192840
27220,0.041268,0.031991,0.164049
27230,0.016242,0.012817,0.204425
27240,0.011298,0.008340,0.174535
27250,0.041012,0.031005,0.177863
27260,0.047406,0.035754,0.238860
27270,0.004489,0.003739,0.034945
27280,0.047575,0.036212,0.193938
27290,0.041847,0.031428,0.176085
27300,0.030019,0.022356,0.172629
27310,0.023595,0.017294,0.148221
27320,0.023554,0.017631,0.128307
27330,0.007404,0.005382,0.193535
27340,0.042583,0.032643,0.198885
27350,0.021349,0.016016,0.161806
27360,0.030772,0.022960,0.159747
27370,0.034832,0.026060,0.169217
27380,0.037767,0.028866,0.186775
27390,0.059126,0.045561,0.227861
27400,0.043075,0.032705,0.188775
27410,0.016880,0.012911,0.156541
27420,0.017138,0.012474,0.125802
27430,0.017634,0.013034,0.133516
27440,0.047416,0.035774,0.210993
27450,0.022490,0.016925,0.146647
27460,0.025928,0.019071,0.150026
27470,0.015367,0.010568,0.261847
27480,0.033317,0.025343,0.160341
27490,0.009429,0.007340,0.163833
27500,0.054391,0.041416,0.223652
27510,0.034156,0.025958,0.162984
27520,0.038269,0.028001,0.212561
27530,0.023408,0.017708,0.145331
27540,0.020203,0.015642,0.146544
27550,0.044208,0.029517,0.403581
27560,0.025917,0.019526,0.109656
27570,0.022391,0.017205,0.161292
27580,0.027913,0.021098,0.148991
27590,0.053101,0.039908,0.212632
27600,0.006852,0.005140,0.105957
27610,0.058495,0.043871,0.238567
27620,0.020264,0.014896,0.132789
27630,0.019650,0.015059,0.119299
27640,0.058375,0.044010,0.204001
27650,0.025778,0.018863,0.118418
27660,0.031849,0.023775,0.132303
27670,0.038543,0.029667,0.180074
27680,0.023381,0.017513,0.142051
27690,0.025335,0.019070,0.102922
27700,0.029236,0.022049,0.157879
27710,0.035397,0.026815,0.176295
27720,0.021291,0.015979,0.111809
27730,0.019486,0.014916,0.137413
27740,0.044861,0.033931,0.198698
27750,0.034649,0.025062,0.179149
27760,0.030066,0.022560,0.183238
27770,0.037771,0.029251,0.156130
27780,0.020304,0.015184,0.140446
27790,0.015875,0.011693,0.161160
27800,0.043186,0.033040,0.183944
27810,0.015649,0.011833,0.105978
27820,0.003343,0.002673,0.031791
27830,0.033718,0.024640,0.182999
27840,0.013420,0.010388,0.104665
27850,0.001540,0.001146,0.134570
27860,0.002210,0.001625,0.075077
27870,0.042099,0.031638,0.184282
27880,0.059229,0.045928,0.234751
27890,0.017789,0.013240,0.147322
27900,0.022736,0.016749,0.116494
27910,0.045891,0.034497,0.203139
27920,0.021561,0.015812,0.116856
27930,0.034231,0.025613,0.142613
27940,0.040652,0.031340,0.186181
27950,0.080547,0.062158,0.284732
27960,0.012237,0.008421,0.198453
27970,0.011022,0.008460,0.065157
27980,0.031179,0.023198,0.169923
27990,0.028110,0.021528,0.154397
28000,0.017830,0.012520,0.157434
28010,0.014018,0.010529,0.124740
28020,0.041985,0.032050,0.185728
28030,0.023079,0.018695,0.132652
28040,0.041040,0.030590,0.188965
28050,0.056335,0.043483,0.225199
28060,0.040447,0.030669,0.180591
28070,0.042971,0.031756,0.227731
28080,0.018494,0.013810,0.147958
28090,0.012144,0.008947,0.115141
28100,0.036709,0.027592,0.175065
28110,0.030133,0.022861,0.169803
28120,0.013865,0.010440,0.097103
28130,0.040756,0.031122,0.197812
28140,0.048781,0.037382,0.217455
28150,0.054436,0.040075,0.230382
28160,0.027415,0.020194,0.146515
28170,0.040329,0.030325,0.187049
28180,0.036959,0.027816,0.172667
28190,0.035390,0.026830,0.169909
28200,0.011624,0.008519,0.121463
28210,0.007790,0.006277,0.177526
28220,0.008676,0.005825,0.211470
28230,0.023990,0.019208,0.163051
28240,0.015284,0.010901,0.197603
28250,0.027168,0.020100,0.173220
28260,0.041935,0.031840,0.175137
28270,0.043070,0.032590,0.195123
28280,0.044950,0.034449,0.180295
28290,0.016598,0.012636,0.126114
28300,0.032338,0.024132,0.136061
28310,0.038152,0.028470,0.201329
28320,0.010180,0.007113,0.129525
28330,0.009740,0.007499,0.080976
28340,0.030420,0.022779,0.162961
28350,0.052271,0.040510,0.215978
28360,0.022140,0.016098,0.145144
28370,0.030780,0.023098,0.185423
28380,0.017885,0.013322,0.154411
28390,0.039088,0.029794,0.170233
28400,0.036240,0.027191,0.176985
28410,0.020232,0.014427,0.154191
28420,0.029710,0.022187,0.156490
28430,0.001007,0.000696,0.161893
28440,0.039638,0.029835,0.186462
28450,0.037866,0.028795,0.184556
28460,0.000927,0.000699,0.194876
28470,0.029762,0.022437,0.186154
28480,0.003747,0.002729,0.069238
28490,0.044526,0.033613,0.203361
28500,0.019490,0.014886,0.140601
28510,0.043563,0.031361,0.201028
28520,0.038269,0.029283,0.176366
28530,0.014198,0.010541,0.118035
28540,0.030466,0.022824,0.162995
28550,0.030188,0.022112,0.185670
28560,0.052271,0.039598,0.219077
28570,0.016613,0.011828,0.075796
28580,0.011543,0.008119,0.118716
28590,0.040396,0.030464,0.165800
28600,0.006052,0.004316,0.128227
28610,0.059726,0.045351,0.226083
28620,0.012952,0.009601,0.102458
28630,0.038315,0.028946,0.182567
28640,0.047772,0.036351,0.206903
28650,0.022517,0.017366,0.111865
28660,0.017228,0.012666,0.088239
28670,0.022516,0.018131,0.130752
28680,0.035171,0.026840,0.154453
28690,0.031666,0.024097,0.138008
28700,0.038360,0.031833,0.174376
28710,0.041396,0.030912,0.172056
28720,0.016109,0.012614,0.084681
28730,0.047774,0.036133,0.225461
28740,0.020651,0.015318,0.137978
28750,0.034328,0.026012,0.155512
28760,0.057389,0.043674,0.217365
28770,0.033906,0.026072,0.181305
28780,0.042700,0.032654,0.183598
28790,0.020986,0.015552,0.127325
28800,0.024612,0.019195,0.128876
28810,0.057304,0.043271,0.212296
28820,0.035597,0.026845,0.169381
28830,0.042402,0.031625,0.187395
28840,0.017728,0.013186,0.113507
28850,0.049432,0.037287,0.198244
28860,0.019734,0.014872,0.103488
28870,0.014202,0.010595,0.112733
28880,0.007301,0.005266,0.139656
28890,0.047830,0.036576,0.179650
28900,0.026476,0.020754,0.155890
28910,0.003061,0.002235,0.086072
28920,0.004103,0.003151,0.035801
28930,0.044090,0.032856,0.213669
28940,0.033166,0.024780,0.153774
28950,0.037747,0.028242,0.178093
28960,0.025269,0.019233,0.163070
28970,0.012473,0.009347,0.137002
28980,0.024214,0.017949,0.155186
28990,0.025556,0.020118,0.141388
29000,0.032330,0.023775,0.161886
29010,0.029852,0.021849,0.175009
29020,0.039820,0.030426,0.196545
29030,0.024038,0.019101,0.115368
29040,0.043228,0.032718,0.198530
29050,0.005582,0.004100,0.119767
29060,0.012393,0.009181,0.116342
29070,0.014457,0.010885,0.109908
29080,0.044411,0.033267,0.188929
29090,0.042040,0.031035,0.189968
29100,0.032482,0.024691,0.165342
29110,0.008969,0.007524,0.322357
29120,0.024457,0.018898,0.145630
29130,0.036429,0.027970,0.180099
29140,0.038157,0.028460,0.185049
29150,0.070511,0.053090,0.250550
29160,0.015689,0.011395,0.122520
29170,0.034374,0.025942,0.165460
29180,0.022977,0.016907,0.160785
29190,0.051074,0.038943,0.209282
29200,0.019603,0.014153,0.129132
29210,0.045131,0.033371,0.205464
29220,0.042350,0.032521,0.191535
29230,0.029605,0.021761,0.195352
29240,0.035939,0.026779,0.175220
29250,0.010184,0.008239,0.102409
29260,0.065489,0.050430,0.241898
29270,0.025028,0.018398,0.136442
29280,0.032783,0.025300,0.156758
29290,0.043220,0.032862,0.168301
29300,0.033865,0.024914,0.161271
29310,0.051510,0.039202,0.210495
29320,0.006412,0.004847,0.118584
29330,0.086128,0.064640,0.290316
29340,0.022864,0.017362,0.119581
29350,0.004836,0.003623,0.043025
29360,0.018509,0.013250,0.171296
29370,0.068988,0.052270,0.250741
29380,0.042783,0.032908,0.183633
29390,0.020094,0.014892,0.140566
29400,0.012474,0.009328,0.112440
29410,0.017626,0.013476,0.144224
29420,0.027060,0.020022,0.135191
29430,0.006634,0.004733,0.228299
29440,0.022861,0.017553,0.133846
29450,0.030952,0.023502,0.175215
29460,0.032707,0.024999,0.164538
29470,0.025638,0.018462,0.162521
29480,0.030556,0.022745,0.169743
29490,0.026659,0.019704,0.158029
29500,0.040547,0.030621,0.186095
29510,0.052014,0.039894,0.209345
29520,0.053277,0.038597,0.193829
29530,0.019806,0.015514,0.159480
29540,0.043242,0.033135,0.184192
29550,0.016426,0.011786,0.143164
29560,0.014357,0.010729,0.067634
29570,0.014995,0.011007,0.133718
29580,0.013583,0.010089,0.074917
29590,0.044786,0.033818,0.202239
29600,0.049465,0.037648,0.203749
29610,0.028241,0.020672,0.161468
29620,0.003563,0.003010,0.660882
29630,0.050711,0.038577,0.206242
29640,0.039175,0.029268,0.176082
29650,0.029781,0.022803,0.158063
29660,0.029306,0.021584,0.172124
29670,0.025527,0.019090,0.152719
29680,0.036279,0.027794,0.176200
29690,0.017556,0.013716,0.084327
29700,0.025525,0.019744,0.158991
29710,0.041154,0.031370,0.170236
29720,0.011397,0.008455,0.102533
29730,0.015335,0.011669,0.083019
29740,0.050159,0.038296,0.199832
29750,0.033016,0.024659,0.155627
29760,0.016804,0.013014,0.098896
29770,0.012103,0.008894,0.113240
29780,0.004779,0.003589,0.126961
29790,0.002579,0.001738,0.087150
29800,0.045188,0.033677,0.194561
29810,0.049102,0.036733,0.194547
29820,0.082557,0.060551,0.273830
29830,0.035293,0.026383,0.178371
29840,0.048299,0.036494,0.208713
29850,0.027980,0.020769,0.172932
29860,0.042004,0.031049,0.257204
29870,0.045023,0.033847,0.197610
29880,0.026145,0.019526,0.152077
29890,0.054170,0.041572,0.215908
29900,0.009463,0.006823,0.115139
29910,0.020475,0.015311,0.159222
29920,0.036628,0.026752,0.238091
29930,0.000029,0.000027,0.655666
29940,0.019663,0.015390,0.100097
29950,0.020137,0.015565,0.126763
29960,0.008134,0.005543,0.667182
29970,0.055959,0.042898,0.220212
29980,0.029371,0.022496,0.129419
29990,0.033325,0.025094,0.160617
30000,0.028529,0.021461,0.153780
30010,0.058920,0.044768,0.236719
30020,0.036032,0.028997,0.194048
30030,0.032587,0.024268,0.154096
30040,0.006307,0.005008,0.134839
30050,0.036730,0.027551,0.164106
30060,0.020720,0.015425,0.152587
30070,0.020928,0.015636,0.136941
30080,0.031413,0.023763,0.173992
30090,0.024783,0.018527,0.141136
30100,0.019865,0.014515,0.150446
30110,0.040222,0.029936,0.196574
30120,0.014999,0.011217,0.088220
30130,0.054323,0.040736,0.214387
30140,0.008851,0.006559,0.117764
30150,0.051432,0.038874,0.218725
30160,0.024021,0.017648,0.150713
30170,0.036673,0.027955,0.175773
30180,0.063140,0.048397,0.239123
30190,0.073675,0.056675,0.249140
30200,0.018321,0.013802,0.136197
30210,0.032912,0.024878,0.170591
30220,0.031315,0.024191,0.168602
30230,0.035137,0.026064,0.145168
30240,0.003701,0.003081,0.105998
30250,0.048316,0.034934,0.182947
30260,0.015398,0.011185,0.081190
30270,0.035438,0.026331,0.182643
30280,0.030498,0.023218,0.175645
30290,0.027492,0.020636,0.149686
30300,0.049503,0.037767,0.194637
30310,0.024324,0.017791,0.147881
30320,0.010154,0.007452,0.117376
30330,0.018509,0.014064,0.075882
30340,0.039838,0.030146,0.191482
30350,0.063879,0.048625,0.238745
30360,0.020942,0.015960,0.121620
30370,0.020357,0.015155,0.150281
30380,0.014815,0.010952,0.127691
30390,0.033141,0.024492,0.163880
30400,0.023575,0.018929,0.164116
30410,0.047255,0.035772,0.198304
30420,0.021818,0.016079,0.151319
30430,0.048466,0.037225,0.173556
30440,0.036116,0.026289,0.167727
30450,0.036097,0.027235,0.190043
30460,0.046372,0.034775,0.207138
30470,0.022341,0.017134,0.093525
30480,0.053900,0.039723,0.213899
30490,0.023636,0.018141,0.151221
30500,0.042726,0.032077,0.181968
30510,0.036946,0.027826,0.182152
30520,0.020177,0.014942,0.141438
30530,0.030740,0.023413,0.170121
30540,0.007884,0.006192,0.136657
30550,0.044131,0.033256,0.166240
30560,0.001350,0.001134,0.112325
30570,0.050073,0.038961,0.187167
30580,0.035922,0.027879,0.171562
30590,0.052721,0.040079,0.210385
30600,0.045865,0.034768,0.194155
30610,0.005496,0.003940,0.047792
30620,0.000012,0.000021,0.000059
30630,0.033739,0.025276,0.159891
30640,0.014120,0.012039,0.204479
30650,0.016437,0.012141,0.132540
30660,0.034563,0.026023,0.192681
30670,0.029764,0.023012,0.155529
30680,0.011400,0.008483,0.110505
30690,0.024844,0.017008,0.167272
30700,0.034084,0.025758,0.174501
30710,0.036717,0.028310,0.173932
30720,0.040507,0.030333,0.177596
30730,0.030104,0.022853,0.157316
30740,0.018645,0.013396,0.152855
30750,0.014267,0.010835,0.073987
30760,0.043373,0.032704,0.194960
30770,0.039414,0.027651,0.230364
30780,0.021726,0.016098,0.150545
30790,0.025190,0.018473,0.164858
30800,0.020489,0.015249,0.138916
30810,0.014542,0.010383,0.114558
30820,0.030362,0.022950,0.160869
30830,0.066804,0.049109,0.246800
30840,0.040480,0.030793,0.186593
30850,0.025674,0.019344,0.167903
30860,0.051618,0.038811,0.216299
30870,0.033984,0.025383,0.176827
30880,0.037849,0.028133,0.181183
30890,0.037407,0.028152,0.180391
30900,0.049578,0.037618,0.212661
30910,0.033378,0.025254,0.157502
30920,0.036841,0.028192,0.184161
30930,0.054161,0.041274,0.228762
30940,0.048344,0.037137,0.190389
30950,0.020625,0.015732,0.108180
30960,0.008950,0.006586,0.091301
30970,0.008541,0.006582,0.134866
30980,0.017943,0.013520,0.132190
30990,0.043885,0.033894,0.199435
31000,0.023064,0.017408,0.119732
31010,0.059744,0.045609,0.227704
31020,0.022323,0.016105,0.154899
31030,0.056610,0.042471,0.217406
31040,0.039723,0.029886,0.166237
31050,0.024184,0.018736,0.176955
31060,0.034642,0.026053,0.173529
31070,0.016321,0.012317,0.132280
31080,0.028227,0.021272,0.155604
31090,0.042150,0.030921,0.219140
31100,0.006919,0.004990,0.117215
31110,0.028333,0.021323,0.122720
31120,0.023581,0.017690,0.134872
31130,0.040515,0.030425,0.185978
31140,0.015211,0.012566,0.161296
31150,0.020925,0.015602,0.134296
31160,0.047719,0.036187,0.203777
31170,0.032683,0.026329,0.162830
31180,0.003001,0.002119,0.085874
31190,0.034881,0.026203,0.163631
31200,0.037150,0.028272,0.152901
31210,0.021237,0.016158,0.154731
31220,0.017063,0.012832,0.118368
31230,0.025543,0.019522,0.111657
31240,0.036316,0.027200,0.190827
31250,0.030784,0.023173,0.162096
31260,0.068168,0.052399,0.260334
31270,0.017628,0.013281,0.109364
31280,0.034916,0.026338,0.163412
31290,0.025039,0.018631,0.143722
31300,0.044534,0.033725,0.199360
31310,0.047846,0.035815,0.200474
31320,0.025967,0.019927,0.144313
31330,0.012992,0.009357,0.112129
31340,0.003348,0.002372,0.028138
31350,0.064446,0.050748,0.258717
31360,0.034035,0.026113,0.166965
31370,0.027482,0.020661,0.143574
31380,0.029422,0.022251,0.157386
31390,0.026167,0.019480,0.143554
31400,0.034966,0.026088,0.168469
31410,0.038727,0.029367,0.184183
31420,0.031777,0.024166,0.169352
31430,0.030798,0.023358,0.168339
31440,0.025918,0.019819,0.205825
31450,0.015509,0.012137,0.096804
31460,0.050781,0.038524,0.210459
31470,0.023406,0.017138,0.146753
31480,0.008460,0.006385,0.084254
31490,0.058030,0.044044,0.237949
31500,0.013692,0.009949,0.139343
31510,0.033352,0.024710,0.162651
31520,0.016295,0.012136,0.145361
31530,0.043686,0.032228,0.189701
31540,0.039642,0.030515,0.189647
31550,0.033959,0.025896,0.146120
31560,0.039605,0.030649,0.203016
31570,0.032376,0.024313,0.138253
31580,0.044670,0.033789,0.199928
31590,0.014354,0.010423,0.134599
31600,0.028269,0.021223,0.176710
31610,0.075704,0.057166,0.270383
31620,0.036264,0.027892,0.169505
31630,0.011979,0.007899,0.226581
31640,0.036120,0.029172,0.161749
31650,0.035491,0.026586,0.173620
31660,0.015634,0.011770,0.135193
31670,0.029507,0.022367,0.162654
31680,0.035098,0.025861,0.186369
31690,0.038896,0.029581,0.168194
31700,0.015539,0.011771,0.089004
31710,0.055792,0.042137,0.212426
31720,0.060373,0.043287,0.306779
31730,0.039047,0.029728,0.183258
31740,0.014217,0.010686,0.114782
31750,0.075776,0.057046,0.273725
31760,0.048152,0.036250,0.190784
31770,0.031934,0.023696,0.181393
31780,0.008944,0.006881,0.193860
31790,0.007358,0.005488,0.042898
31800,0.036938,0.028084,0.172318
31810,0.018294,0.012918,0.104533
31820,0.025842,0.019858,0.137724
31830,0.003283,0.002358,0.140234
31840,0.006971,0.005172,0.115256
31850,0.007202,0.005175,0.052123
31860,0.020069,0.015086,0.115265
31870,0.026768,0.019595,0.152531
31880,0.005847,0.004336,0.125477
31890,0.025096,0.019329,0.182890
31900,0.009679,0.007136,0.162343
31910,0.044582,0.033141,0.194375
31920,0.024412,0.017843,0.096137
31930,0.037735,0.028455,0.179728
31940,0.054083,0.041504,0.222474
31950,0.030692,0.023255,0.164325
31960,0.053080,0.040913,0.209661
31970,0.057303,0.043834,0.226704
31980,0.024149,0.017842,0.146313
31990,0.039028,0.029675,0.199206
32000,0.033306,0.025331,0.156660
32010,0.040251,0.030921,0.195770
32020,0.012070,0.009423,0.107778
32030,0.019978,0.014834,0.132264
32040,0.041633,0.031402,0.189592
32050,0.026506,0.019989,0.144061
32060,0.030063,0.023102,0.157643
32070,0.022524,0.016818,0.153260
32080,0.025913,0.019366,0.170874
32090,0.030653,0.023127,0.163952
32100,0.034442,0.024755,0.245476
32110,0.036712,0.027635,0.157331
32120,0.040843,0.031268,0.184379
32130,0.015964,0.011121,0.086668
32140,0.034342,0.025528,0.172606
32150,0.040075,0.030287,0.182543
32160,0.028100,0.020519,0.134488
32170,0.031141,0.023502,0.176016
32180,0.032225,0.024359,0.155425
32190,0.005480,0.004016,0.106418
32200,0.026492,0.020378,0.131351
32210,0.074000,0.056454,0.258398
32220,0.024257,0.018460,0.148267
32230,0.020775,0.015304,0.110691
32240,0.023150,0.017298,0.154617
32250,0.035415,0.027102,0.179460
32260,0.021259,0.016043,0.137895
32270,0.043227,0.032792,0.195790
32280,0.030471,0.022802,0.136130
32290,0.067434,0.051868,0.223014
32300,0.007029,0.005561,0.071037
32310,0.033981,0.025139,0.170999
32320,0.025675,0.019223,0.160006
32330,0.027283,0.020874,0.164671
32340,0.044051,0.032578,0.192280
32350,0.044146,0.033372,0.188711
32360,0.008893,0.006333,0.124109
32370,0.025878,0.019262,0.139367
32380,0.012131,0.009062,0.118289
32390,0.024521,0.018225,0.146977
32400,0.015211,0.011547,0.123082
32410,0.048323,0.037158,0.208688
32420,0.009620,0.008242,0.203032
32430,0.029889,0.023729,0.163190
32440,0.047457,0.036073,0.196426
32450,0.040198,0.029727,0.185606
32460,0.000349,0.000266,0.271435
32470,0.031444,0.023527,0.168433
32480,0.018184,0.013831,0.137881
32490,0.038654,0.029624,0.148452
32500,0.012936,0.010518,0.074081
32510,0.019310,0.014492,0.175232
32520,0.027975,0.020995,0.155362
32530,0.033726,0.024775,0.176087
32540,0.039376,0.028384,0.202321
32550,0.010132,0.007401,0.081560
32560,0.030845,0.023167,0.160516
32570,0.045726,0.034663,0.177394
32580,0.020954,0.015713,0.142101
32590,0.018632,0.013652,0.129583
32600,0.052321,0.039269,0.207449
32610,0.018690,0.013965,0.130144
32620,0.027272,0.020741,0.125571
32630,0.048285,0.036574,0.203404
32640,0.058658,0.044764,0.225405
32650,0.055826,0.042297,0.231496
32660,0.033128,0.024969,0.182078
32670,0.022703,0.017366,0.149620
32680,0.036030,0.028095,0.173838
32690,0.015910,0.011831,0.144771
32700,0.004613,0.003396,0.036767
32710,0.045845,0.034553,0.190658
32720,0.037527,0.028094,0.178478
32730,0.016065,0.011776,0.122425
32740,0.020894,0.015608,0.135871
32750,0.034907,0.026106,0.172727
32760,0.011560,0.009035,0.085613
32770,0.029587,0.021994,0.148910
32780,0.010883,0.007915,0.057183
32790,0.034840,0.026039,0.171279
32800,0.007313,0.005070,0.101756
32810,0.016432,0.012295,0.091944
32820,0.022449,0.015725,0.156975
32830,0.029604,0.021823,0.151805
32840,0.033518,0.024982,0.153506
32850,0.015782,0.011942,0.130868
32860,0.011810,0.009181,0.083323
32870,0.019552,0.012904,0.128962
32880,0.037053,0.027745,0.179466
32890,0.030913,0.022695,0.129649
32900,0.052320,0.039564,0.202237
32910,0.001337,0.001005,0.093012
32920,0.034651,0.026137,0.163395
32930,0.000006,0.000006,0.000020
32940,0.016927,0.012925,0.138880
32950,0.006501,0.004966,0.150867
32960,0.027528,0.020284,0.132990
32970,0.035934,0.026880,0.194667
32980,0.048152,0.036969,0.200109
32990,0.027317,0.020631,0.151108
33000,0.031873,0.023758,0.184338
33010,0.026790,0.019713,0.125813
33020,0.036820,0.029204,0.192072
33030,0.029454,0.022119,0.150141
33040,0.028218,0.020676,0.147311
33050,0.028604,0.021634,0.145051
33060,0.028372,0.021229,0.159502
33070,0.012962,0.009751,0.072395
33080,0.030619,0.022855,0.173436
33090,0.033674,0.025250,0.167524
33100,0.027849,0.021236,0.123653
33110,0.023689,0.017472,0.133023
33120,0.026999,0.020107,0.176116
33130,0.024028,0.018688,0.113479
33140,0.046337,0.035763,0.209437
33150,0.038052,0.029177,0.172145
33160,0.032195,0.023731,0.175555
33170,0.004218,0.003053,0.112327
33180,0.014167,0.010296,0.119878
33190,0.038757,0.029776,0.179570
33200,0.039922,0.030300,0.182048
33210,0.023752,0.017821,0.137776
33220,0.041797,0.031809,0.183570
33230,0.046778,0.034924,0.196731
33240,0.047667,0.036229,0.206767
33250,0.017864,0.013621,0.136791
33260,0.014639,0.010704,0.130782
33270,0.030995,0.023019,0.159533
33280,0.030598,0.023162,0.165050
33290,0.028195,0.021009,0.151727
33300,0.015883,0.011643,0.145800
33310,0.021286,0.015364,0.140313
33320,0.019328,0.014525,0.099799
33330,0.044870,0.034163,0.202489
33340,0.015384,0.011418,0.125384
33350,0.046248,0.035195,0.193823
33360,0.044209,0.033340,0.178453
33370,0.033392,0.024959,0.172881
33380,0.034040,0.025736,0.168557
33390,0.026897,0.018856,0.164415
33400,0.023187,0.016974,0.159520
33410,0.016944,0.012757,0.095642
33420,0.026296,0.019328,0.157307
33430,0.022140,0.016612,0.113486
33440,0.018823,0.014496,0.108895
33450,0.002634,0.001882,0.099553
33460,0.026389,0.019683,0.154398
33470,0.014944,0.011093,0.109592
33480,0.006947,0.004792,0.054016
33490,0.029713,0.022493,0.168327
33500,0.054621,0.041630,0.212351
33510,0.036332,0.026740,0.177700
33520,0.032219,0.024729,0.165265
33530,0.048356,0.036273,0.205525
33540,0.025864,0.019348,0.156103
33550,0.035013,0.024422,0.167114
33560,0.038810,0.029175,0.189408
33570,0.042886,0.033776,0.152415
33580,0.057570,0.044023,0.221382
33590,0.061667,0.046839,0.230896
33600,0.034643,0.025930,0.177962
33610,0.050119,0.038044,0.201274
33620,0.021183,0.016104,0.133710
33630,0.027903,0.021201,0.132473
33640,0.018104,0.013317,0.091436
33650,0.013305,0.009904,0.117042
33660,0.021424,0.016338,0.100489
33670,0.025645,0.019267,0.148257
33680,0.028527,0.021703,0.156308
33690,0.037793,0.028528,0.174747
33700,0.021513,0.016128,0.097177
33710,0.038706,0.029243,0.182887
33720,0.040589,0.030710,0.181541
33730,0.032779,0.024340,0.157900
33740,0.046255,0.035117,0.196557
33750,0.038384,0.028519,0.180620
33760,0.023403,0.017434,0.134391
33770,0.049716,0.037899,0.187359
33780,0.029125,0.021915,0.154870
33790,0.023646,0.017602,0.146485
33800,0.012088,0.009018,0.110827
33810,0.050135,0.038648,0.205243
33820,0.002973,0.002165,0.084347
33830,0.044125,0.033741,0.176673
33840,0.007821,0.006030,0.085847
33850,0.025224,0.019355,0.101892
33860,0.012102,0.009254,0.115088
33870,0.053090,0.040647,0.208281
33880,0.026640,0.020674,0.157503
33890,0.033883,0.024962,0.175364
33900,0.027312,0.019661,0.119906
33910,0.037374,0.027813,0.152120
33920,0.015870,0.011918,0.080787
33930,0.034604,0.025902,0.177071
33940,0.026818,0.020170,0.154213
33950,0.014017,0.010250,0.127895
33960,0.043847,0.033066,0.185409
33970,0.026874,0.020202,0.152767
33980,0.031053,0.023540,0.154881
33990,0.015088,0.011162,0.126160
34000,0.022140,0.016101,0.162800
34010,0.024625,0.018619,0.168612
34020,0.034670,0.026270,0.163908
34030,0.031772,0.024229,0.134815
34040,0.036876,0.024529,0.165949
34050,0.060948,0.046058,0.230101
34060,0.036835,0.027597,0.179317
34070,0.013113,0.009375,0.116000
34080,0.046269,0.037069,0.180856
34090,0.021718,0.015368,0.143653
34100,0.026771,0.019501,0.142371
34110,0.045896,0.034662,0.196136
34120,0.019554,0.014916,0.101416
34130,0.028097,0.021391,0.156278
34140,0.021778,0.016961,0.131986
34150,0.039241,0.029016,0.186279
34160,0.016958,0.012539,0.132066
34170,0.028705,0.022130,0.135253
34180,0.053706,0.040660,0.212819
34190,0.022325,0.016601,0.152906
34200,0.042136,0.031482,0.175978
34210,0.007753,0.005695,0.172632
34220,0.049912,0.038188,0.201294
34230,0.013912,0.010673,0.112515
34240,0.017941,0.013521,0.073613
34250,0.031032,0.023571,0.165240
34260,0.051329,0.040365,0.218871
34270,0.053574,0.041037,0.216423
34280,0.040032,0.030269,0.188969
34290,0.050583,0.038066,0.209773
34300,0.039321,0.031091,0.162790
34310,0.007332,0.005349,0.117293
34320,0.052987,0.039173,0.196422
34330,0.039103,0.029320,0.188036
34340,0.058887,0.045348,0.235267
34350,0.026109,0.020047,0.133796
34360,0.038824,0.029248,0.171711
34370,0.025132,0.018804,0.139442
34380,0.035300,0.026346,0.169865
34390,0.037791,0.027299,0.198595
34400,0.032332,0.024127,0.166338
34410,0.012680,0.009633,0.090455
34420,0.016178,0.012065,0.126603
34430,0.032551,0.024418,0.168068
34440,0.030173,0.023008,0.132299
34450,0.024986,0.018502,0.150296
34460,0.011430,0.009001,0.156171
34470,0.036845,0.027700,0.175728
34480,0.066440,0.051145,0.233232
34490,0.019156,0.014286,0.132363
34500,0.024821,0.018255,0.148525
34510,0.017168,0.014023,0.217193
34520,0.021430,0.016076,0.148470
34530,0.034942,0.027332,0.181169
34540,0.018777,0.014228,0.123385
34550,0.022926,0.015636,0.286967
34560,0.018863,0.014893,0.088068
34570,0.035579,0.026770,0.172568
34580,0.038311,0.028897,0.171232
34590,0.007474,0.005322,0.054772
34600,0.019190,0.014466,0.138788
34610,0.024979,0.018604,0.158887
34620,0.025531,0.018732,0.166655
34630,0.023840,0.018261,0.138446
34640,0.031762,0.024001,0.167471
34650,0.056965,0.043087,0.220395
34660,0.031199,0.023561,0.147751
34670,0.031062,0.023488,0.146635
34680,0.030254,0.022209,0.166984
34690,0.014612,0.010531,0.128162
34700,0.020653,0.015427,0.151788
34710,0.010241,0.007891,0.052930
34720,0.046871,0.037086,0.194523
34730,0.014787,0.010529,0.112619
34740,0.024089,0.017998,0.130137
34750,0.025435,0.018822,0.184100
34760,0.038010,0.028852,0.171537
34770,0.054074,0.041405,0.211794
34780,0.037964,0.028828,0.164520
34790,0.014120,0.010512,0.107116
34800,0.050512,0.038738,0.205066
34810,0.023553,0.017753,0.137868
34820,0.028818,0.021702,0.146676
34830,0.041486,0.030930,0.183326
34840,0.012124,0.008672,0.132945
34850,0.019329,0.013808,0.125858
34860,0.020270,0.014971,0.135742
34870,0.018345,0.014173,0.095459
34880,0.042111,0.032018,0.188883
34890,0.030655,0.023286,0.156631
34900,0.033154,0.025561,0.127267
34910,0.017076,0.012689,0.142242
34920,0.037143,0.027749,0.189517
34930,0.015910,0.011640,0.128949
34940,0.012412,0.009335,0.101950
34950,0.030920,0.022971,0.168492
34960,0.032187,0.024346,0.153440
34970,0.032528,0.024591,0.154964
34980,0.060491,0.045809,0.227981
34990,0.038421,0.028547,0.178986
35000,0.022295,0.016055,0.141136
35010,0.020258,0.014805,0.143576
35020,0.033456,0.025352,0.176423
35030,0.047108,0.035937,0.198087
35040,0.046248,0.034730,0.199186
35050,0.033621,0.024832,0.170514
35060,0.019573,0.013940,0.158501
35070,0.018158,0.013434,0.137839
35080,0.029432,0.022065,0.150205
35090,0.022042,0.016527,0.148601
35100,0.021108,0.015662,0.136492
35110,0.047714,0.034702,0.261934
35120,0.010691,0.008433,0.167781
35130,0.009268,0.006690,0.068311
35140,0.025751,0.019153,0.141567
35150,0.017720,0.013400,0.088892
35160,0.039402,0.029928,0.173388
35170,0.016296,0.011934,0.120452
35180,0.040964,0.030881,0.189470
35190,0.026660,0.019892,0.134055
35200,0.005560,0.004082,0.112481
35210,0.032555,0.024813,0.161409
35220,0.046192,0.035647,0.209396
35230,0.029692,0.022457,0.141029
35240,0.054591,0.042341,0.225244
35250,0.039085,0.029446,0.181025
35260,0.013768,0.010351,0.104996
35270,0.039160,0.029316,0.184476
35280,0.025650,0.020858,0.272572
35290,0.036835,0.027786,0.183379
35300,0.016985,0.012944,0.101888
35310,0.037673,0.028612,0.178188
35320,0.026207,0.019689,0.150220
35330,0.018532,0.013378,0.105345
35340,0.037195,0.027824,0.170041
35350,0.030584,0.023287,0.153030
35360,0.017107,0.012567,0.095283
35370,0.031085,0.023721,0.127357
35380,0.031094,0.023457,0.158568
35390,0.034652,0.025871,0.144591
35400,0.041231,0.030954,0.192219
35410,0.015680,0.011523,0.132899
35420,0.011415,0.008576,0.103250
35430,0.015782,0.011574,0.122326
35440,0.013795,0.010208,0.113821
35450,0.040928,0.031085,0.182404
35460,0.047718,0.036641,0.197062
35470,0.027919,0.020935,0.116668
35480,0.039441,0.030145,0.176034
35490,0.017564,0.012957,0.129620
35500,0.025411,0.019576,0.141564
35510,0.039177,0.029656,0.200640
35520,0.016787,0.012112,0.124354
35530,0.041385,0.031425,0.183176
35540,0.049311,0.037279,0.204021
35550,0.034294,0.025963,0.143109
35560,0.022744,0.017477,0.128564
35570,0.032832,0.024858,0.156959
35580,0.020618,0.016259,0.156403
35590,0.019678,0.014916,0.102890
35600,0.079601,0.060055,0.273269
35610,0.026874,0.020822,0.114531
35620,0.023804,0.017698,0.145890
35630,0.000026,0.000012,0.000066
35640,0.004313,0.003184,0.118373
35650,0.058201,0.043480,0.234358
35660,0.037516,0.028352,0.179587
35670,0.058617,0.044424,0.226108
35680,0.039078,0.030413,0.162806
35690,0.017864,0.013203,0.090621
35700,0.034686,0.026708,0.147310
35710,0.023902,0.017911,0.143705
35720,0.051573,0.039235,0.207492
35730,0.065408,0.049675,0.239345
35740,0.006284,0.004746,0.124615
35750,0.025948,0.019764,0.124613
35760,0.022482,0.016981,0.129994
35770,0.047324,0.036410,0.203073
35780,0.020707,0.015479,0.134071
35790,0.054818,0.041658,0.221213
35800,0.019164,0.014612,0.184908
35810,0.053582,0.041054,0.230759
35820,0.014117,0.010730,0.099964
35830,0.020989,0.015552,0.105333
35840,0.030377,0.022566,0.181964
35850,0.009418,0.007222,0.078517
35860,0.022278,0.017177,0.145609
35870,0.037808,0.027068,0.148947
35880,0.036260,0.026366,0.182026
35890,0.011821,0.008426,0.123287
35900,0.022728,0.017135,0.145279
35910,0.030136,0.022495,0.142332
35920,0.034697,0.026525,0.152770
35930,0.025658,0.019446,0.147657
35940,0.049959,0.038890,0.200404
35950,0.062022,0.046725,0.237050
35960,0.040879,0.030703,0.201465
35970,0.032398,0.024170,0.164853
35980,0.022008,0.015845,0.168048
35990,0.034999,0.026650,0.150980
36000,0.050530,0.039465,0.220135
36010,0.016400,0.012172,0.132586
36020,0.019470,0.014923,0.123510
36030,0.041903,0.031493,0.166101
36040,0.050259,0.038166,0.208791
36050,0.022736,0.017297,0.092180
36060,0.007506,0.005637,0.078620
36070,0.027979,0.021108,0.150731
36080,0.029971,0.021938,0.164125
36090,0.000264,0.000237,0.198860
36100,0.018787,0.014163,0.150154
36110,0.017421,0.012978,0.124386
36120,0.023653,0.018014,0.133310
36130,0.038836,0.029502,0.169149
36140,0.028674,0.021563,0.142558
36150,0.031603,0.024241,0.168649
36160,0.026853,0.020229,0.151163
36170,0.024534,0.018621,0.162339
36180,0.045574,0.034088,0.189644
36190,0.022503,0.016778,0.131137
36200,0.047277,0.036299,0.210139
36210,0.027898,0.021075,0.160152
36220,0.029815,0.022147,0.167576
36230,0.039269,0.029722,0.177886
36240,0.017018,0.012751,0.094687
36250,0.036249,0.027011,0.169678
36260,0.048177,0.036826,0.183720
36270,0.041734,0.031553,0.171861
36280,0.025116,0.019122,0.121548
36290,0.023634,0.018338,0.119775
36300,0.038160,0.029013,0.174290
36310,0.026859,0.020190,0.148561
36320,0.011655,0.008602,0.124933
36330,0.028166,0.020933,0.162455
36340,0.012943,0.009397,0.117365
36350,0.027391,0.020505,0.161943
36360,0.025319,0.018918,0.138916
36370,0.021733,0.018634,0.106634
36380,0.016842,0.013107,0.111339
36390,0.019964,0.014924,0.132075
36400,0.022285,0.016915,0.150606
36410,0.030980,0.023573,0.143835
36420,0.014359,0.010538,0.076149
36430,0.015756,0.011665,0.123057
36440,0.003723,0.002380,0.200301
36450,0.024100,0.018395,0.162865
36460,0.028862,0.022144,0.163231
36470,0.019104,0.014068,0.124202
36480,0.023172,0.017065,0.146264
36490,0.035728,0.026453,0.171063
36500,0.016901,0.013096,0.123092
36510,0.046354,0.035602,0.181496
36520,0.013475,0.009902,0.101157
36530,0.040870,0.031203,0.184633
36540,0.021793,0.016530,0.136335
36550,0.030509,0.022458,0.146745
36560,0.031512,0.023020,0.185527
36570,0.032432,0.024144,0.173269
36580,0.026513,0.019849,0.128883
36590,0.048622,0.036984,0.193861
36600,0.040974,0.031174,0.184961
36610,0.015811,0.011623,0.157605
36620,0.000802,0.000653,0.303868
36630,0.018740,0.013925,0.136395
36640,0.018732,0.013393,0.143952
36650,0.027140,0.020512,0.154331
36660,0.026649,0.020176,0.103808
36670,0.004387,0.003113,0.316248
36680,0.026610,0.019934,0.130489
36690,0.011901,0.008407,0.111039
36700,0.034376,0.025551,0.172082
36710,0.021211,0.015955,0.100571
36720,0.018321,0.015405,0.138014
36730,0.019553,0.014563,0.111546
36740,0.035587,0.026844,0.174174
36750,0.015958,0.011985,0.135529
36760,0.028873,0.021833,0.156723
36770,0.026595,0.020052,0.146012
36780,0.026509,0.019424,0.149611
36790,0.003976,0.003096,0.111689
36800,0.028496,0.021203,0.160592
36810,0.024251,0.018394,0.163965
36820,0.017447,0.013254,0.092405
36830,0.032262,0.024561,0.130886
36840,0.018675,0.015039,0.151669
36850,0.027531,0.021071,0.148757
36860,0.025884,0.019162,0.149912
36870,0.023104,0.017636,0.160590
36880,0.013744,0.009906,0.125235
36890,0.058904,0.043778,0.198827
36900,0.016882,0.012664,0.133673
36910,0.010526,0.008060,0.109070
36920,0.028743,0.022039,0.117486
36930,0.031274,0.023971,0.178448
36940,0.017031,0.012774,0.137750
36950,0.024391,0.018204,0.159646
36960,0.035408,0.027104,0.153137
36970,0.046763,0.033085,0.194506
36980,0.052755,0.039963,0.204098
36990,0.024796,0.018265,0.140892
37000,0.028830,0.022094,0.124540
37010,0.053447,0.040600,0.206956
37020,0.016140,0.011861,0.137984
37030,0.024011,0.018375,0.150246
37040,0.017805,0.013220,0.116845
37050,0.027178,0.020869,0.146978
37060,0.019421,0.014106,0.156877
37070,0.038247,0.028318,0.200384
37080,0.017610,0.013105,0.130623
37090,0.032840,0.024596,0.171800
37100,0.025041,0.018782,0.154235
37110,0.018176,0.014418,0.140363
37120,0.026614,0.019200,0.169243
37130,0.038424,0.029185,0.185811
37140,0.031640,0.023877,0.173120
37150,0.045942,0.034951,0.194439
37160,0.022107,0.016554,0.136397
37170,0.039833,0.030021,0.174877
37180,0.031119,0.023415,0.152560
37190,0.079997,0.060088,0.237986
37200,0.027571,0.020637,0.155216
37210,0.013026,0.009713,0.183447
37220,0.025995,0.019366,0.142598
37230,0.024711,0.018541,0.145442
37240,0.025480,0.019060,0.145230
37250,0.028364,0.021081,0.165799
37260,0.033800,0.025175,0.176343
37270,0.018002,0.013210,0.118800
37280,0.026651,0.020060,0.148023
37290,0.023237,0.017491,0.143827
37300,0.012509,0.009105,0.117782
37310,0.014970,0.010965,0.119688
37320,0.015716,0.011671,0.131915
37330,0.001078,0.001229,0.485466
37340,0.019489,0.014948,0.122877
37350,0.014260,0.010576,0.118289
37360,0.044013,0.033548,0.178893
37370,0.029871,0.022471,0.153877
37380,0.062489,0.047687,0.228988
37390,0.017895,0.014159,0.142151
37400,0.042406,0.031957,0.170785
37410,0.012960,0.009294,0.145901
37420,0.025163,0.018940,0.129464
37430,0.022078,0.016592,0.127214
37440,0.061499,0.047206,0.226210
37450,0.016047,0.012090,0.078827
37460,0.072872,0.055177,0.259205
37470,0.025744,0.019613,0.143808
37480,0.031131,0.023179,0.162289
37490,0.033493,0.025340,0.163147
37500,0.050077,0.037623,0.203582
37510,0.024520,0.018065,0.170789
37520,0.008563,0.006231,0.117395
37530,0.028079,0.020684,0.155934
37540,0.062523,0.047964,0.228946
37550,0.027525,0.020744,0.146320
37560,0.027602,0.020401,0.145526
37570,0.026952,0.020053,0.150870
37580,0.019974,0.014820,0.135481
37590,0.005912,0.004611,0.033315
37600,0.053876,0.040468,0.223170
37610,0.039023,0.029334,0.170637
37620,0.039526,0.029536,0.183524
37630,0.011639,0.008499,0.101210
37640,0.039290,0.029898,0.183923
37650,0.033969,0.026010,0.182670
37660,0.016399,0.011829,0.127822
37670,0.036349,0.027339,0.180155
37680,0.004462,0.003713,0.166565
37690,0.032799,0.025922,0.156758
37700,0.038334,0.029397,0.175519
37710,0.023949,0.018073,0.147183
37720,0.017995,0.013398,0.138323
37730,0.020376,0.015384,0.107188
37740,0.030761,0.023054,0.149852
37750,0.054056,0.041135,0.214960
37760,0.017098,0.013008,0.136135
37770,0.021948,0.016616,0.125885
37780,0.029463,0.022382,0.162331
37790,0.045051,0.034104,0.172058
37800,0.032071,0.024425,0.166597
37810,0.036028,0.027057,0.167376
37820,0.019104,0.016355,0.099883
37830,0.042902,0.032650,0.197018
37840,0.045784,0.034793,0.203960
37850,0.023641,0.017533,0.142732
37860,0.001828,0.001454,0.112911
37870,0.041550,0.030914,0.203350
37880,0.012466,0.009444,0.115129
37890,0.050106,0.037745,0.202327
37900,0.037586,0.028234,0.183581
37910,0.032470,0.024825,0.151370
37920,0.040063,0.030882,0.195282
37930,0.016934,0.012675,0.136115
37940,0.027189,0.020671,0.158034
37950,0.047470,0.036464,0.198796
37960,0.015998,0.012003,0.125559
37970,0.039539,0.029422,0.159228
37980,0.017786,0.012503,0.116588
37990,0.049348,0.038832,0.169532
38000,0.035419,0.026845,0.173281
38010,0.017005,0.012948,0.116355
38020,0.027349,0.020339,0.175365
38030,0.029060,0.021770,0.159929
38040,0.020900,0.015286,0.125767
38050,0.051332,0.038805,0.219380
38060,0.059681,0.046375,0.221045
38070,0.028024,0.021852,0.175270
38080,0.046337,0.035431,0.195910
38090,0.030050,0.022736,0.151021
38100,0.009256,0.006295,0.144976
38110,0.040994,0.031261,0.185415
38120,0.063721,0.048211,0.207750
38130,0.014730,0.010967,0.132318
38140,0.019116,0.016299,0.192557
38150,0.012658,0.009611,0.104927
38160,0.039846,0.030441,0.177698
38170,0.021671,0.016155,0.128752
38180,0.019519,0.015354,0.174635
38190,0.041843,0.032211,0.181769
38200,0.029252,0.021996,0.160304
38210,0.031195,0.023454,0.161784
38220,0.037290,0.029090,0.147965
38230,0.003361,0.002536,0.116095
38240,0.020181,0.015286,0.116620
38250,0.017982,0.013190,0.140748
38260,0.019957,0.015277,0.144309
38270,0.017392,0.012719,0.113399
38280,0.017229,0.012924,0.133137
38290,0.043094,0.033004,0.192857
38300,0.051866,0.039053,0.228080
38310,0.055092,0.041242,0.212590
38320,0.013540,0.009910,0.117440
38330,0.029513,0.022077,0.158502
38340,0.036773,0.028744,0.169763
38350,0.016614,0.012956,0.127535
38360,0.048829,0.036826,0.214790
38370,0.015720,0.011965,0.094867
38380,0.033723,0.025857,0.154585
38390,0.062205,0.046766,0.237133
38400,0.037292,0.028153,0.189459
38410,0.026064,0.019707,0.149145
38420,0.034552,0.026118,0.158099
38430,0.051142,0.039025,0.213913
38440,0.014276,0.010648,0.117801
38450,0.023593,0.018180,0.131818
38460,0.026067,0.019901,0.179168
38470,0.020257,0.016565,0.106717
38480,0.012353,0.009122,0.135489
38490,0.048826,0.037042,0.184488
38500,0.043021,0.033152,0.191967
38510,0.029139,0.021654,0.157710
38520,0.032110,0.024264,0.162913
38530,0.020635,0.015098,0.133734
38540,0.002014,0.001681,0.004608
38550,0.045567,0.034640,0.187126
38560,0.042706,0.032272,0.180309
38570,0.008096,0.005072,0.208304
38580,0.033162,0.025439,0.159652
38590,0.028487,0.021179,0.154772
38600,0.012864,0.009539,0.111020
38610,0.031752,0.023901,0.167778
38620,0.046672,0.035414,0.199402
38630,0.017741,0.013433,0.128149
38640,0.025205,0.018625,0.156161
38650,0.024089,0.018220,0.118645
38660,0.033656,0.025578,0.128569
38670,0.059725,0.041882,0.232276
38680,0.024749,0.018418,0.143316
38690,0.009908,0.007468,0.081366
38700,0.021164,0.015809,0.151655
38710,0.016551,0.012171,0.102133
38720,0.062318,0.046870,0.231518
38730,0.018672,0.013964,0.135288
38740,0.001551,0.001673,0.149475
38750,0.032735,0.025125,0.179011
38760,0.015720,0.011618,0.139181
38770,0.048862,0.036989,0.200304
38780,0.028930,0.021776,0.140511
38790,0.023235,0.017198,0.130715
38800,0.030096,0.022589,0.169979
38810,0.023066,0.017132,0.137904
38820,0.055691,0.042184,0.221311
38830,0.043747,0.034030,0.191685
38840,0.036083,0.027984,0.147274
38850,0.050098,0.038272,0.198193
38860,0.011496,0.008645,0.098787
38870,0.010901,0.008037,0.105170
38880,0.001344,0.000985,0.187434
38890,0.016884,0.012728,0.137384
38900,0.039431,0.030795,0.183525
38910,0.038934,0.029157,0.195566
38920,0.041166,0.030648,0.186453
38930,0.035301,0.026869,0.163747
38940,0.032224,0.024045,0.160965
38950,0.043344,0.032899,0.195570
38960,0.022834,0.016881,0.135356
38970,0.047545,0.031703,0.246483
38980,0.014201,0.010528,0.116806
38990,0.013354,0.010111,0.108750
39000,0.043612,0.032613,0.194507
39010,0.014540,0.010582,0.139815
39020,0.034336,0.025645,0.165622
39030,0.010310,0.007558,0.122804
39040,0.005123,0.003800,0.126857
39050,0.049173,0.037320,0.190393
39060,0.018923,0.014418,0.119185
39070,0.028940,0.021741,0.153344
39080,0.028279,0.020826,0.285347
39090,0.002134,0.001628,0.224897
39100,0.058774,0.044355,0.230909
39110,0.040999,0.030968,0.191004
39120,0.046184,0.034690,0.207093
39130,0.020367,0.014842,0.144959
39140,0.028202,0.021381,0.154621
39150,0.030570,0.022405,0.180194
39160,0.005997,0.004199,0.122615
39170,0.012615,0.009411,0.071197
39180,0.053017,0.039897,0.215077
39190,0.014472,0.010687,0.128353
39200,0.038676,0.029411,0.186103
39210,0.024392,0.017975,0.142669
39220,0.008072,0.006079,0.045495
39230,0.014572,0.011665,0.081426
39240,0.009369,0.007029,0.071727
39250,0.031321,0.023511,0.167907
39260,0.015444,0.012194,0.191868
39270,0.030147,0.022167,0.167002
39280,0.046581,0.034675,0.193630
39290,0.011017,0.008179,0.111198
39300,0.046292,0.034100,0.194474
39310,0.023877,0.017954,0.136264
39320,0.031495,0.023457,0.156666
39330,0.040063,0.030201,0.178011
39340,0.024075,0.017850,0.160362
39350,0.037586,0.028703,0.169530
39360,0.040336,0.031601,0.162152
39370,0.024650,0.018593,0.143436
39380,0.043257,0.032698,0.192135
39390,0.045791,0.034717,0.188979
39400,0.027791,0.021052,0.153838
39410,0.015983,0.011658,0.140418
39420,0.033689,0.025845,0.159762
39430,0.029522,0.021551,0.168935
39440,0.016696,0.011845,0.187206
39450,0.017823,0.013567,0.141965
39460,0.024075,0.018298,0.140668
39470,0.021390,0.014672,0.131223
39480,0.049099,0.035946,0.174270
39490,0.029415,0.021799,0.165885
39500,0.069449,0.053444,0.245908
39510,0.031908,0.023959,0.150194
39520,0.046901,0.035715,0.187987
39530,0.021045,0.015813,0.147027
39540,0.025785,0.019238,0.146131
39550,0.023308,0.017104,0.144165
39560,0.029603,0.022348,0.130815
39570,0.021743,0.016032,0.131853
39580,0.020912,0.015359,0.143459
39590,0.036539,0.027679,0.148042
39600,0.026013,0.019935,0.157410
39610,0.054950,0.041695,0.211665
39620,0.016207,0.012123,0.122620
39630,0.024935,0.019026,0.151488
39640,0.044089,0.033662,0.182680
39650,0.021874,0.015962,0.131640
39660,0.016105,0.011690,0.128386
39670,0.024678,0.018368,0.145186
39680,0.023779,0.017875,0.132889
39690,0.028263,0.021457,0.147406
39700,0.027191,0.020666,0.144672
39710,0.054682,0.041690,0.210741
39720,0.018328,0.014163,0.131938
39730,0.027840,0.021138,0.140025
39740,0.052465,0.039340,0.209803
39750,0.014649,0.011428,0.166285
39760,0.071013,0.052887,0.251621
39770,0.013007,0.009794,0.118020
39780,0.046742,0.036194,0.167401
39790,0.026143,0.020024,0.129091
39800,0.022793,0.016973,0.193630
39810,0.009097,0.006767,0.044942
39820,0.003292,0.002562,0.128264
39830,0.024104,0.018370,0.136154
39840,0.026139,0.020204,0.151303
39850,0.042839,0.032014,0.179934
39860,0.044227,0.036088,0.160646
39870,0.049833,0.037926,0.194153
39880,0.027667,0.020851,0.155283
39890,0.026534,0.019559,0.160527
39900,0.042614,0.032267,0.185427
39910,0.033693,0.025362,0.158567
39920,0.030142,0.022933,0.162173
39930,0.042907,0.032046,0.189077
39940,0.029759,0.022499,0.140469
39950,0.014030,0.010212,0.105811
39960,0.003273,0.002319,0.159822
39970,0.023477,0.017649,0.139115
39980,0.013712,0.009996,0.119147
39990,0.029197,0.022078,0.149279
40000,0.033411,0.025639,0.142342
40010,0.034581,0.025971,0.183614
40020,0.034183,0.025974,0.171472
40030,0.018916,0.013745,0.133767
40040,0.072564,0.053390,0.237694
40050,0.048541,0.037304,0.205570
40060,0.020492,0.015201,0.101169
40070,0.027413,0.020213,0.143954
40080,0.024484,0.018201,0.146855
40090,0.006049,0.005212,0.187495
40100,0.038634,0.029338,0.175971
40110,0.049386,0.037479,0.200989
40120,0.018565,0.013335,0.131443
40130,0.024233,0.018043,0.145193
40140,0.014332,0.010553,0.113257
40150,0.020643,0.016806,0.144002
40160,0.015523,0.011520,0.116312
40170,0.034649,0.026022,0.159794
40180,0.028471,0.021107,0.163203
40190,0.001501,0.001280,0.263628
40200,0.006196,0.005176,0.238595
40210,0.023374,0.017869,0.135364
40220,0.010298,0.009008,0.061886
40230,0.031360,0.022332,0.149147
40240,0.041180,0.031073,0.163818
40250,0.023268,0.017360,0.156628
40260,0.032177,0.024084,0.169667
40270,0.032614,0.024547,0.141803
40280,0.004159,0.003161,0.168737
40290,0.032268,0.024351,0.152555
40300,0.035355,0.026414,0.192607
40310,0.030509,0.021907,0.165401
40320,0.041510,0.031518,0.187583
40330,0.049045,0.038501,0.200308
40340,0.055879,0.042484,0.205168
40350,0.015295,0.011115,0.143020
40360,0.023964,0.018443,0.109546
40370,0.014814,0.010929,0.065160
40380,0.021137,0.016212,0.138222
40390,0.034336,0.025953,0.160851
40400,0.048417,0.036926,0.194044
40410,0.047302,0.035553,0.195939
40420,0.026416,0.019507,0.145263
40430,0.053084,0.039796,0.186083
40440,0.057078,0.043358,0.222612
40450,0.015240,0.011251,0.132659
40460,0.045381,0.034679,0.189370
40470,0.037187,0.029444,0.164517
40480,0.032319,0.024747,0.142626
40490,0.022967,0.017541,0.143712
40500,0.034865,0.026314,0.156788
40510,0.047547,0.036805,0.192217
40520,0.019091,0.013984,0.141167
40530,0.073556,0.056150,0.241750
40540,0.024112,0.017267,0.157050
40550,0.031325,0.023562,0.167066
40560,0.027807,0.021015,0.148524
40570,0.022608,0.017414,0.151309
40580,0.003630,0.002730,0.087460
40590,0.026265,0.019807,0.148599
40600,0.017461,0.013295,0.125423
40610,0.021501,0.016135,0.130320
40620,0.044037,0.033063,0.194150
40630,0.042147,0.031912,0.176635
40640,0.034850,0.026399,0.160543
40650,0.028279,0.021269,0.152580
40660,0.020702,0.014844,0.145483
40670,0.032208,0.024028,0.157254
40680,0.009655,0.007552,0.094631
40690,0.068341,0.052617,0.239301
40700,0.011285,0.009192,0.160067
40710,0.002788,0.002040,0.099814
40720,0.045249,0.034299,0.188444
40730,0.019253,0.014640,0.124358
40740,0.022167,0.016473,0.152705
40750,0.016729,0.012525,0.112798
40760,0.029299,0.021897,0.157267
40770,0.052408,0.039569,0.205677
40780,0.030268,0.022644,0.167856
40790,0.018638,0.014009,0.147191
40800,0.039586,0.030418,0.156786
40810,0.037836,0.029297,0.165064
40820,0.045689,0.035869,0.182305
40830,0.027738,0.020847,0.155458
40840,0.042538,0.032734,0.205661
40850,0.023841,0.017773,0.138712
40860,0.028068,0.020751,0.141900
40870,0.017394,0.013009,0.128113
40880,0.004644,0.003394,0.116877
40890,0.008469,0.006404,0.052012
40900,0.021912,0.016376,0.132599
40910,0.031777,0.024395,0.185042
40920,0.000019,0.000024,0.000074
40930,0.029620,0.022400,0.154993
40940,0.028624,0.021647,0.155450
40950,0.047213,0.036205,0.189702
40960,0.034155,0.025676,0.178268
40970,0.023000,0.017198,0.134227
40980,0.026972,0.020421,0.152322
40990,0.011656,0.008471,0.100048
41000,0.032439,0.024723,0.133498
41010,0.038754,0.028910,0.158996
41020,0.049485,0.037451,0.206910
41030,0.046124,0.035125,0.200061
41040,0.031909,0.024498,0.164713
41050,0.033448,0.025097,0.152841
41060,0.049485,0.037542,0.186296
41070,0.020215,0.015285,0.128679
41080,0.045206,0.033409,0.207618
41090,0.010359,0.007687,0.095942
41100,0.014091,0.010697,0.135199
41110,0.037830,0.028716,0.194823
41120,0.019657,0.014426,0.138787
41130,0.021326,0.015947,0.139880
41140,0.030113,0.022576,0.169364
41150,0.019981,0.014801,0.121808
41160,0.030756,0.023042,0.154705
41170,0.036747,0.027992,0.174307
41180,0.018966,0.014068,0.118723
41190,0.045559,0.034415,0.193326
41200,0.023179,0.017169,0.149002
41210,0.020008,0.015300,0.136570
41220,0.048917,0.037558,0.204417
41230,0.047472,0.035355,0.195833
41240,0.035970,0.027177,0.157434
41250,0.023140,0.017047,0.158474
41260,0.035551,0.026722,0.156566
41270,0.016018,0.012123,0.136028
41280,0.057630,0.044210,0.227829
41290,0.020005,0.015569,0.096773
41300,0.045854,0.034645,0.196615
41310,0.018718,0.013629,0.134407
41320,0.006796,0.004829,0.127668
41330,0.021479,0.016325,0.138594
41340,0.025291,0.019058,0.143545
41350,0.031697,0.024070,0.165453
41360,0.005798,0.004406,0.036827
41370,0.037666,0.028125,0.178238
41380,0.049184,0.038519,0.222902
41390,0.016284,0.012189,0.085184
41400,0.020821,0.015946,0.094925
41410,0.054488,0.041415,0.213010
41420,0.030131,0.022884,0.145752
41430,0.024682,0.018752,0.146953
41440,0.030988,0.023064,0.132883
41450,0.040431,0.031139,0.183290
41460,0.025668,0.019135,0.150110
41470,0.024607,0.018482,0.147754
41480,0.010751,0.008111,0.110806
41490,0.010584,0.006713,0.147492
41500,0.016560,0.012757,0.113697
41510,0.042637,0.032769,0.189252
41520,0.002183,0.001455,0.204706
41530,0.046746,0.035426,0.196480
41540,0.039694,0.030396,0.183839
41550,0.038279,0.029214,0.170075
41560,0.017859,0.013373,0.102904
41570,0.012476,0.009236,0.116260
41580,0.010299,0.007757,0.098996
41590,0.017776,0.013412,0.121961
41600,0.017695,0.013152,0.135073
41610,0.040138,0.030583,0.183466
41620,0.039797,0.031977,0.168904
41630,0.029109,0.021647,0.127407
41640,0.043047,0.033420,0.194387
41650,0.070497,0.053768,0.249569
41660,0.038928,0.029875,0.160619
41670,0.021146,0.015894,0.140260
41680,0.001785,0.001297,0.162624
41690,0.026234,0.019793,0.120723
41700,0.027988,0.021736,0.157703
41710,0.018883,0.013965,0.137901
41720,0.033463,0.025540,0.161772
41730,0.057338,0.044370,0.211494
41740,0.013126,0.009364,0.160401
41750,0.034869,0.026269,0.193156
41760,0.030660,0.023309,0.153398
41770,0.035097,0.026461,0.166713
41780,0.008759,0.006321,0.091561
41790,0.021065,0.015599,0.149202
41800,0.026145,0.019488,0.141476
41810,0.021721,0.016476,0.136777
41820,0.003564,0.002602,0.153285
41830,0.026358,0.019802,0.154635
41840,0.034200,0.025698,0.177223
41850,0.014859,0.010630,0.078645
41860,0.026788,0.020369,0.141106
41870,0.048802,0.036803,0.198317
41880,0.024017,0.017993,0.143158
41890,0.031374,0.023675,0.161380
41900,0.017766,0.013140,0.130820
41910,0.031900,0.024058,0.169650
41920,0.021591,0.016374,0.136613
41930,0.016990,0.012486,0.076640
41940,0.022981,0.017480,0.153404
41950,0.021583,0.016408,0.122595
41960,0.041693,0.031467,0.194143
41970,0.005485,0.004092,0.053926
41980,0.019744,0.014630,0.121869
41990,0.008322,0.006121,0.127056
42000,0.057280,0.043248,0.220236
42010,0.015514,0.011748,0.070883
42020,0.037772,0.028372,0.169191
42030,0.026618,0.019751,0.156225
42040,0.027594,0.020809,0.145308
42050,0.038628,0.029236,0.179039
42060,0.016286,0.012016,0.139579
42070,0.031289,0.023899,0.156340
42080,0.007937,0.005876,0.182754
42090,0.033475,0.025351,0.164328
42100,0.028782,0.021576,0.156504
42110,0.010041,0.007359,0.078149
42120,0.031716,0.023832,0.149077
42130,0.038969,0.029661,0.177976
42140,0.022752,0.017265,0.147191
42150,0.019781,0.015091,0.123201
42160,0.022340,0.016556,0.151532
42170,0.015084,0.010960,0.115790
42180,0.035713,0.026532,0.165367
42190,0.026040,0.018965,0.150769
42200,0.000004,0.000005,0.000014
42210,0.023459,0.016451,0.174148
42220,0.029160,0.021675,0.150839
42230,0.017776,0.013007,0.143609
42240,0.031034,0.024240,0.131643
42250,0.026771,0.020339,0.169989
42260,0.035322,0.026680,0.171144
42270,0.024841,0.018663,0.149547
42280,0.042850,0.032659,0.177565
42290,0.017298,0.013167,0.102583
42300,0.051392,0.039347,0.211521
42310,0.026669,0.019939,0.149018
42320,0.032289,0.026052,0.167111
42330,0.046874,0.035521,0.193167
42340,0.010716,0.008006,0.125367
42350,0.034989,0.026271,0.165627
42360,0.046525,0.035068,0.191945
42370,0.023601,0.017633,0.146041
42380,0.028007,0.020555,0.156884
42390,0.029617,0.022356,0.151826
42400,0.027436,0.020679,0.131449
42410,0.014090,0.010306,0.117172
42420,0.028496,0.021018,0.150457
42430,0.035946,0.026983,0.169017
42440,0.039716,0.030224,0.173359
42450,0.029676,0.022428,0.159430
42460,0.036099,0.027482,0.172094
42470,0.040035,0.030311,0.187716
42480,0.012544,0.009287,0.117441
42490,0.031480,0.023805,0.171463
42500,0.011774,0.008022,0.212963
42510,0.016563,0.012362,0.121020
42520,0.033680,0.025093,0.158117
42530,0.016853,0.012571,0.087775
42540,0.010394,0.007788,0.105320
42550,0.031287,0.023260,0.137460
42560,0.015995,0.011713,0.124697
42570,0.021914,0.016830,0.113859
42580,0.042631,0.032953,0.150993
42590,0.034813,0.026407,0.147007
42600,0.014757,0.010913,0.090627
42610,0.039904,0.029573,0.187070
42620,0.027450,0.020853,0.147645
42630,0.017091,0.012632,0.110915
42640,0.018224,0.013113,0.137674
42650,0.057222,0.043827,0.217447
42660,0.029239,0.022276,0.161611
42670,0.040440,0.031111,0.184062
42680,0.038578,0.029598,0.170951
42690,0.042493,0.031908,0.174920
42700,0.025081,0.018473,0.138157
42710,0.040927,0.031341,0.186240
42720,0.022888,0.016787,0.130326
42730,0.023742,0.017801,0.143525
42740,0.027178,0.020273,0.152771
42750,0.028449,0.021760,0.116835
42760,0.032998,0.025284,0.277304
42770,0.060565,0.045895,0.233193
42780,0.019353,0.014279,0.128360
42790,0.003459,0.003014,0.070277
42800,0.000578,0.000574,0.032636
42810,0.006228,0.004551,0.099695
42820,0.019752,0.014716,0.122989
42830,0.038094,0.028893,0.174658
42840,0.033991,0.026351,0.165146
42850,0.026485,0.019703,0.138162
42860,0.036779,0.027951,0.178940
42870,0.032036,0.024096,0.172388
42880,0.015268,0.011167,0.118461
42890,0.029288,0.022134,0.153592
42900,0.029261,0.022367,0.131985
42910,0.035625,0.027062,0.164838
42920,0.027825,0.020535,0.166461
42930,0.046322,0.035225,0.184766
42940,0.031615,0.024337,0.150935
42950,0.029367,0.022145,0.151990
42960,0.026216,0.019641,0.143315
42970,0.036822,0.027508,0.165673
42980,0.010716,0.007777,0.159288
42990,0.033247,0.025508,0.157126
43000,0.045183,0.033938,0.186310
43010,0.028985,0.021861,0.154639
43020,0.018644,0.013787,0.133615
43030,0.029314,0.022202,0.153637
43040,0.027656,0.022044,0.162450
43050,0.036270,0.027535,0.158224
43060,0.038983,0.029369,0.171246
43070,0.015419,0.011696,0.080331
43080,0.035271,0.026298,0.179802
43090,0.028186,0.020712,0.149636
43100,0.042753,0.032442,0.186577
43110,0.032468,0.024511,0.179823
43120,0.006345,0.004485,0.094959
43130,0.050668,0.038428,0.210210
43140,0.045227,0.034528,0.189969
43150,0.006716,0.005130,0.093551
43160,0.034026,0.025469,0.175972
43170,0.031564,0.023831,0.168416
43180,0.044021,0.033436,0.181717
43190,0.019318,0.014200,0.137416
43200,0.018371,0.013744,0.131350
43210,0.029045,0.021411,0.156229
43220,0.034896,0.026335,0.168546
43230,0.001803,0.001288,0.016750
43240,0.011268,0.008526,0.102227
43250,0.026322,0.019773,0.150648
43260,0.015058,0.010933,0.118721
43270,0.028874,0.021794,0.150204
43280,0.020362,0.015163,0.149753
43290,0.035673,0.026398,0.159660
43300,0.021706,0.016270,0.128347
43310,0.033593,0.025396,0.167901
43320,0.024940,0.018600,0.141008
43330,0.026465,0.019820,0.148020
43340,0.036664,0.027634,0.152785
43350,0.012590,0.009496,0.108904
43360,0.036100,0.027649,0.176852
43370,0.015122,0.011889,0.140543
43380,0.024181,0.018054,0.140879
43390,0.059648,0.045550,0.236992
43400,0.024098,0.018435,0.127874
43410,0.008626,0.006603,0.096419
43420,0.023708,0.018075,0.147042
43430,0.009732,0.007668,0.067448
43440,0.024613,0.018739,0.147090
43450,0.004140,0.002706,0.080853
43460,0.017001,0.012611,0.125627
43470,0.035185,0.026497,0.167815
43480,0.032296,0.024159,0.166968
43490,0.028224,0.021297,0.148435
43500,0.031618,0.023688,0.138063
43510,0.028497,0.021421,0.154457
43520,0.019416,0.014220,0.136932
43530,0.030553,0.022744,0.158252
43540,0.051398,0.039073,0.206990
43550,0.000010,0.000019,0.000050
43560,0.035432,0.027018,0.164204
43570,0.013834,0.010434,0.100237
43580,0.036989,0.028304,0.166917
43590,0.037482,0.027985,0.191266
43600,0.014384,0.010690,0.098499
43610,0.033541,0.025297,0.140427
43620,0.013623,0.009901,0.116391
43630,0.004870,0.003896,0.034600
43640,0.052412,0.039625,0.206339
43650,0.056401,0.042935,0.221887
43660,0.029172,0.021628,0.129794
43670,0.031794,0.023687,0.170286
43680,0.040978,0.030788,0.179614
43690,0.045975,0.034805,0.166329
43700,0.030184,0.023406,0.160123
43710,0.037797,0.028322,0.178226
43720,0.031280,0.023600,0.163201
43730,0.031438,0.023335,0.169978
43740,0.015729,0.012136,0.097568
43750,0.018071,0.013898,0.153657
43760,0.018193,0.014359,0.128084
43770,0.046829,0.036668,0.187824
43780,0.029019,0.022216,0.154622
43790,0.011163,0.008198,0.102872
43800,0.042432,0.032480,0.150636
43810,0.015071,0.011479,0.124447
43820,0.016242,0.011914,0.118745
43830,0.030602,0.022467,0.171037
43840,0.013435,0.010142,0.110927
43850,0.031216,0.022993,0.164415
43860,0.041232,0.030641,0.196952
43870,0.036198,0.027573,0.170962
43880,0.040320,0.030490,0.170751
43890,0.030108,0.022304,0.159693
43900,0.024858,0.018541,0.123916
43910,0.018049,0.013009,0.141514
43920,0.020888,0.015493,0.125362
43930,0.030610,0.023015,0.161810
43940,0.045517,0.038105,0.200597
43950,0.025367,0.018684,0.150420
43960,0.042110,0.031016,0.186743
43970,0.013652,0.010472,0.071004
43980,0.029011,0.022045,0.148391
43990,0.027710,0.020973,0.148626
44000,0.022390,0.016783,0.126873
44010,0.018593,0.014000,0.131801
44020,0.032517,0.024710,0.158349
44030,0.030614,0.022971,0.169934
44040,0.028841,0.021583,0.182916
44050,0.021380,0.019264,0.203262
44060,0.026677,0.021758,0.111658
44070,0.024301,0.018486,0.136798
44080,0.040273,0.030297,0.176104
44090,0.014410,0.010634,0.064995
44100,0.017747,0.012666,0.156120
44110,0.000650,0.000599,0.062412
44120,0.014592,0.010548,0.112380
44130,0.022918,0.017188,0.140957
44140,0.056479,0.042555,0.216958
44150,0.016279,0.012635,0.132224
44160,0.034439,0.026017,0.151474
44170,0.036271,0.027340,0.166425
44180,0.038263,0.028815,0.182782
44190,0.028019,0.020184,0.157852
44200,0.017663,0.013647,0.088022
44210,0.021569,0.016427,0.137978
44220,0.020766,0.015413,0.094337
44230,0.044379,0.033856,0.190997
44240,0.022686,0.017109,0.136430
44250,0.014994,0.010995,0.115919
44260,0.007280,0.005104,0.116987
44270,0.014473,0.011229,0.068166
44280,0.029362,0.021746,0.162895
44290,0.024060,0.017831,0.143100
44300,0.029466,0.022068,0.150265
44310,0.027536,0.020486,0.144717
44320,0.027147,0.020563,0.140881
44330,0.020302,0.015024,0.150611
44340,0.017874,0.013166,0.120636
44350,0.047060,0.035673,0.190784
44360,0.004727,0.003506,0.110270
44370,0.014979,0.011056,0.120494
44380,0.036599,0.027638,0.163944
44390,0.024114,0.018016,0.148314
44400,0.040026,0.030484,0.184569
44410,0.034704,0.026466,0.147343
44420,0.018255,0.013410,0.112098
44430,0.033072,0.025303,0.157686
44440,0.018216,0.014014,0.098278
44450,0.030763,0.022890,0.136639
44460,0.033332,0.025588,0.165754
44470,0.024173,0.018658,0.129067
44480,0.015698,0.011812,0.117787
44490,0.031940,0.024121,0.151963
44500,0.020510,0.015637,0.148218
44510,0.022351,0.016746,0.154980
44520,0.029464,0.022193,0.156097
44530,0.043587,0.033248,0.170350
44540,0.026965,0.020483,0.105427
44550,0.047148,0.035848,0.198506
44560,0.049659,0.037487,0.213553
44570,0.051907,0.039364,0.223942
44580,0.010767,0.007797,0.171867
44590,0.005750,0.004209,0.108510
44600,0.032861,0.024680,0.157825
44610,0.067116,0.060716,0.275041
44620,0.005151,0.003738,0.087160
44630,0.009301,0.006721,0.115127
44640,0.035638,0.027032,0.163803
44650,0.026862,0.020513,0.149739
44660,0.030102,0.022876,0.135788
44670,0.027914,0.021783,0.114662
44680,0.024298,0.018728,0.120676
44690,0.015669,0.011851,0.122482
44700,0.013864,0.011266,0.119462
44710,0.011274,0.008252,0.108776
44720,0.019157,0.014409,0.097587
44730,0.037655,0.029274,0.183936
44740,0.027987,0.021323,0.151870
44750,0.026396,0.019582,0.149595
44760,0.029922,0.022799,0.173909
44770,0.053808,0.041237,0.198440
44780,0.027120,0.020763,0.148940
44790,0.038568,0.028843,0.186584
44800,0.028426,0.021445,0.128215
44810,0.043467,0.032943,0.193917
44820,0.008865,0.006512,0.098208
44830,0.037744,0.028593,0.171515
44840,0.020243,0.014969,0.143096
44850,0.013698,0.009908,0.112801
44860,0.036182,0.028246,0.209307
44870,0.038348,0.028567,0.139827
44880,0.020598,0.015258,0.151738
44890,0.026809,0.020002,0.120394
44900,0.025228,0.017819,0.151586
44910,0.033528,0.025310,0.155624
44920,0.000007,0.000005,0.000021
44930,0.030503,0.023212,0.153206
44940,0.025059,0.018344,0.175063
44950,0.044393,0.033407,0.195538
44960,0.047248,0.035907,0.192589
44970,0.019742,0.014689,0.130160
44980,0.030594,0.022846,0.158371
44990,0.019914,0.014584,0.097461
45000,0.039481,0.029989,0.172830
45010,0.023270,0.017344,0.142063
45020,0.036305,0.027528,0.158296
45030,0.029985,0.021609,0.173847
45040,0.013556,0.010013,0.122335
45050,0.021102,0.015779,0.111959
45060,0.035165,0.026772,0.164769
45070,0.007907,0.005832,0.061704
45080,0.035143,0.026696,0.170935
45090,0.019445,0.015277,0.128007
45100,0.040071,0.031285,0.173774
45110,0.030159,0.023256,0.128594
45120,0.011758,0.008930,0.127300
45130,0.018470,0.014149,0.147746
45140,0.018909,0.014861,0.099540
45150,0.025938,0.019458,0.109184
45160,0.011572,0.008725,0.098095
45170,0.028731,0.021347,0.163177
45180,0.038580,0.028837,0.165324
45190,0.042780,0.032599,0.178679
45200,0.047595,0.036181,0.195132
45210,0.038029,0.028817,0.154511
45220,0.024601,0.018259,0.131586
45230,0.030201,0.022743,0.135581
45240,0.038988,0.029598,0.171745
45250,0.037456,0.029057,0.177336
45260,0.030454,0.023381,0.136690
45270,0.004549,0.003646,0.045249
45280,0.013242,0.009971,0.116883
45290,0.029026,0.021719,0.140906
45300,0.019052,0.013897,0.132436
45310,0.036972,0.027835,0.154978
45320,0.040345,0.030513,0.180100
45330,0.035464,0.026413,0.190629
45340,0.016991,0.013087,0.156579
45350,0.019461,0.014562,0.130518
45360,0.024358,0.018487,0.119264
45370,0.012186,0.009267,0.075220
45380,0.033351,0.025232,0.166486
45390,0.051432,0.039177,0.199914
45400,0.014523,0.010826,0.111771
45410,0.025612,0.019642,0.119034
45420,0.035464,0.027233,0.181783
45430,0.018556,0.014349,0.102187
45440,0.024843,0.018985,0.151213
45450,0.016908,0.011824,0.130516
45460,0.037960,0.028822,0.152668
45470,0.042031,0.031829,0.188202
45480,0.014839,0.012099,0.110331
45490,0.028334,0.020561,0.157250
45500,0.006730,0.004789,0.092421
45510,0.012575,0.009348,0.070792
45520,0.022960,0.017067,0.121485
45530,0.029673,0.021797,0.153352
45540,0.034661,0.026285,0.163245
45550,0.020999,0.015479,0.127888
45560,0.059663,0.045775,0.223813
45570,0.010344,0.008354,0.088955
45580,0.040084,0.030490,0.182620
45590,0.018117,0.014760,0.092215
45600,0.001065,0.000792,0.090870
45610,0.039897,0.029907,0.173772
45620,0.016132,0.012058,0.114428
45630,0.029883,0.022564,0.153289
45640,0.024717,0.018737,0.144584
45650,0.042900,0.032838,0.192132
45660,0.018788,0.013897,0.126175
45670,0.000041,0.000034,0.656282
45680,0.025040,0.018727,0.133736
45690,0.014571,0.011095,0.100817
45700,0.020917,0.015920,0.102773
45710,0.035410,0.026769,0.166254
45720,0.009369,0.006657,0.126350
45730,0.012018,0.008784,0.129687
45740,0.004713,0.003661,0.024784
45750,0.012699,0.009238,0.133330
45760,0.067812,0.050792,0.243677
45770,0.015528,0.011545,0.119388
45780,0.005044,0.003672,0.094170
45790,0.003321,0.002597,0.095409
45800,0.046067,0.033918,0.210208
45810,0.012813,0.009651,0.147414
45820,0.011575,0.008354,0.101036
45830,0.010872,0.008346,0.057394
45840,0.037620,0.028537,0.166990
45850,0.035126,0.026480,0.173847
45860,0.047441,0.035899,0.182402
45870,0.034277,0.025667,0.163316
45880,0.030589,0.022872,0.162752
45890,0.026200,0.019547,0.147108
45900,0.031128,0.023673,0.151769
45910,0.018823,0.014129,0.131317
45920,0.023989,0.017891,0.135054
45930,0.026063,0.020314,0.152874
45940,0.062178,0.046890,0.230114
45950,0.014716,0.010311,0.141131
45960,0.038604,0.029102,0.173039
45970,0.021639,0.016607,0.122225
45980,0.018553,0.013495,0.141063
45990,0.041096,0.031280,0.186038
46000,0.036691,0.027907,0.166983
46010,0.040518,0.030775,0.179449
46020,0.014513,0.010933,0.132620
46030,0.015082,0.011523,0.140906
46040,0.018333,0.013505,0.098765
46050,0.018321,0.012480,0.165542
46060,0.001016,0.000750,0.132014
46070,0.015114,0.011121,0.121173
46080,0.019611,0.015663,0.140372
46090,0.030316,0.023499,0.123400
46100,0.001530,0.001409,0.108389
46110,0.030393,0.022756,0.165916
46120,0.015967,0.012097,0.132111
46130,0.048483,0.035345,0.181144
46140,0.019484,0.014647,0.127434
46150,0.020039,0.014670,0.148547
46160,0.027417,0.020702,0.145200
46170,0.035893,0.027462,0.167585
46180,0.026175,0.019493,0.147290
46190,0.017165,0.012528,0.109684
46200,0.021689,0.015900,0.142193
46210,0.049250,0.036877,0.193787
46220,0.022462,0.016893,0.111176
46230,0.047371,0.035818,0.204724
46240,0.033817,0.025724,0.166667
46250,0.099556,0.076953,0.322393
46260,0.024492,0.018470,0.151004
46270,0.018497,0.013915,0.078064
46280,0.031755,0.023574,0.159319
46290,0.028900,0.022050,0.170473
46300,0.024856,0.019119,0.150207
46310,0.022880,0.016279,0.147292
46320,0.039646,0.029781,0.186410
46330,0.025288,0.019017,0.146769
46340,0.029104,0.022074,0.150720
46350,0.033020,0.025327,0.166423
46360,0.039633,0.030647,0.170201
46370,0.067427,0.051219,0.232646
46380,0.045122,0.034595,0.194647
46390,0.034194,0.025799,0.161721
46400,0.032625,0.024868,0.140211
46410,0.004407,0.003267,0.155172
46420,0.050499,0.038479,0.205510
46430,0.047403,0.036263,0.195357
46440,0.021389,0.015993,0.140340
46450,0.041806,0.031612,0.180370
46460,0.036610,0.027097,0.168440
46470,0.017716,0.013099,0.116322
46480,0.026615,0.019638,0.142211
46490,0.019929,0.015311,0.117047
46500,0.020306,0.015717,0.106664
46510,0.051345,0.038785,0.201792
46520,0.042256,0.032316,0.190937
46530,0.023855,0.018454,0.103555
46540,0.014957,0.011649,0.111036
46550,0.045500,0.034983,0.204635
46560,0.055340,0.041728,0.204328
46570,0.026568,0.019922,0.140635
46580,0.002644,0.001999,0.095894
46590,0.027202,0.020414,0.137814
46600,0.011069,0.008696,0.070524
46610,0.016064,0.012427,0.128247
46620,0.049871,0.038216,0.201130
46630,0.023288,0.017659,0.127433
46640,0.035984,0.027751,0.182741
46650,0.035254,0.026514,0.174471
46660,0.036366,0.028451,0.172394
46670,0.022889,0.017233,0.108232
46680,0.024038,0.018486,0.145800
46690,0.024134,0.017837,0.148634
46700,0.017056,0.012880,0.105726
46710,0.011754,0.008743,0.114913
46720,0.017081,0.013326,0.127155
46730,0.045174,0.033706,0.200032
46740,0.037793,0.028636,0.170380
46750,0.010050,0.007268,0.105201
46760,0.036710,0.027728,0.172956
46770,0.017340,0.012934,0.124394
46780,0.029875,0.022796,0.141610
46790,0.011443,0.008374,0.113892
46800,0.041166,0.030991,0.185372
46810,0.024797,0.018579,0.139778
46820,0.002122,0.001595,0.160739
46830,0.035827,0.030285,0.188764
46840,0.017595,0.013100,0.106263
46850,0.058430,0.045154,0.220072
46860,0.011903,0.009865,0.058512
46870,0.057502,0.043045,0.219700
46880,0.040444,0.030434,0.168626
46890,0.038186,0.028411,0.181630
46900,0.019867,0.014770,0.129810
46910,0.016293,0.012686,0.125923
46920,0.047314,0.036216,0.193957
46930,0.023529,0.017894,0.145219
46940,0.034800,0.026406,0.154149
46950,0.016736,0.012204,0.124684
46960,0.036481,0.027844,0.167615
46970,0.047903,0.035857,0.195537
46980,0.040743,0.031131,0.181698
46990,0.043399,0.032069,0.186586
47000,0.030246,0.021985,0.158850
47010,0.023031,0.017550,0.133468
47020,0.022955,0.017146,0.141527
47030,0.024583,0.018440,0.139329
47040,0.032965,0.024721,0.170597
47050,0.027956,0.020939,0.144970
47060,0.038419,0.028192,0.154377
47070,0.016094,0.012349,0.144943
47080,0.024180,0.018432,0.150377
47090,0.021099,0.016249,0.146430
47100,0.036726,0.027523,0.166250
47110,0.005492,0.004008,0.127047
47120,0.034506,0.026008,0.166387
47130,0.011203,0.008138,0.101699
47140,0.034172,0.026256,0.168949
47150,0.022938,0.016839,0.138113
47160,0.013598,0.010655,0.202552
47170,0.013101,0.009753,0.109134
47180,0.019158,0.014430,0.108821
47190,0.033444,0.025130,0.191835
47200,0.053251,0.040258,0.210658
47210,0.021544,0.016045,0.171142
47220,0.023591,0.017217,0.145397
47230,0.013256,0.010302,0.105344
47240,0.027848,0.020816,0.148537
47250,0.030069,0.022566,0.121558
47260,0.042416,0.032182,0.191236
47270,0.065644,0.051601,0.235228
47280,0.012400,0.009432,0.075813
47290,0.027577,0.019854,0.149022
47300,0.021706,0.016465,0.101268
47310,0.022018,0.016723,0.125179
47320,0.020601,0.015458,0.116369
47330,0.027638,0.021359,0.160053
47340,0.014896,0.011015,0.116931
47350,0.037037,0.028325,0.152163
47360,0.018836,0.014109,0.125937
47370,0.033059,0.024974,0.158654
47380,0.046544,0.035102,0.194915
47390,0.014791,0.011198,0.072897
47400,0.030697,0.022813,0.174302
47410,0.033060,0.025251,0.171332
47420,0.010959,0.008207,0.110748
47430,0.003152,0.002224,0.110079
47440,0.019794,0.014939,0.143088
47450,0.028526,0.021480,0.149820
47460,0.038724,0.029118,0.160601
47470,0.006755,0.004982,0.089865
47480,0.035207,0.026691,0.161026
47490,0.016139,0.011984,0.110938
47500,0.027514,0.020932,0.144864
47510,0.042883,0.032802,0.195375
47520,0.031349,0.023766,0.173460
47530,0.029878,0.022243,0.149958
47540,0.046356,0.035624,0.190983
47550,0.009945,0.006989,0.113956
47560,0.020000,0.014634,0.166231
47570,0.017460,0.013162,0.098289
47580,0.041891,0.032145,0.192120
47590,0.022070,0.016555,0.141689
47600,0.025632,0.019203,0.139735
47610,0.060755,0.045840,0.218660
47620,0.033434,0.026219,0.140665
47630,0.042514,0.032582,0.182422
47640,0.045262,0.034490,0.197458
47650,0.040464,0.030187,0.180182
47660,0.021995,0.016397,0.131627
47670,0.002741,0.002012,0.140686
47680,0.038408,0.028821,0.168326
47690,0.028845,0.021710,0.138203
47700,0.021371,0.015731,0.125999
47710,0.026117,0.019867,0.148164
47720,0.042507,0.032130,0.191206
47730,0.049473,0.037917,0.201456
47740,0.014717,0.011021,0.119473
47750,0.019207,0.014345,0.088406
47760,0.054537,0.041658,0.211604
47770,0.032332,0.024339,0.161463
47780,0.009457,0.006560,0.137596
47790,0.019042,0.013937,0.081206
47800,0.032261,0.024186,0.159615
47810,0.046629,0.034442,0.196003
47820,0.049981,0.037965,0.207057
47830,0.038485,0.029144,0.178935
47840,0.019155,0.014341,0.126461
47850,0.053627,0.037009,0.226868
47860,0.016483,0.012016,0.129099
47870,0.023582,0.017652,0.127521
47880,0.033559,0.025578,0.169066
47890,0.011160,0.008457,0.103137
47900,0.018657,0.013881,0.097878
47910,0.024563,0.018436,0.138469
47920,0.014528,0.010574,0.127988
47930,0.032024,0.023961,0.160452
47940,0.037804,0.027463,0.151417
47950,0.005029,0.003607,0.094325
47960,0.039064,0.030911,0.184242
47970,0.036887,0.027926,0.163969
47980,0.023718,0.017831,0.154153
47990,0.012972,0.009259,0.112452
48000,0.033344,0.025053,0.160320
48010,0.036103,0.027075,0.171853
48020,0.046169,0.035785,0.195030
48030,0.026912,0.019166,0.176829
48040,0.031467,0.023565,0.164561
48050,0.009178,0.006850,0.122729
48060,0.011614,0.008161,0.134576
48070,0.056460,0.042628,0.216703
48080,0.028235,0.021116,0.155141
48090,0.009284,0.006974,0.108255
48100,0.039248,0.029373,0.151480
48110,0.034188,0.025337,0.161975
48120,0.043351,0.033025,0.180731
48130,0.017809,0.013133,0.158153
48140,0.027923,0.021394,0.152408
48150,0.032484,0.024455,0.164629
48160,0.015445,0.011095,0.117685
48170,0.040155,0.029946,0.174696
48180,0.006536,0.004814,0.106746
48190,0.047833,0.036306,0.207478
48200,0.036062,0.026924,0.162527
48210,0.050704,0.038326,0.206644
48220,0.013425,0.010185,0.104141
48230,0.024106,0.018139,0.131862
48240,0.031286,0.023076,0.160566
48250,0.049332,0.037648,0.216947
48260,0.035382,0.026674,0.163798
48270,0.011662,0.007518,0.211485
48280,0.025982,0.019386,0.141683
48290,0.004498,0.003224,0.084964
48300,0.029820,0.022403,0.138928
48310,0.029604,0.022061,0.152332
48320,0.020783,0.015544,0.155500
48330,0.005894,0.004272,0.037140
48340,0.037873,0.028458,0.168415
48350,0.018255,0.013779,0.121905
48360,0.037846,0.028242,0.175667
48370,0.022661,0.017281,0.121160
48380,0.028931,0.021888,0.145467
48390,0.034721,0.026331,0.164106
48400,0.031440,0.023595,0.172373
48410,0.008100,0.005671,0.091418
48420,0.011317,0.008638,0.067729
48430,0.036051,0.027771,0.171405
48440,0.031407,0.023845,0.162905
48450,0.022955,0.016928,0.140941
48460,0.015859,0.011961,0.085897
48470,0.020722,0.015529,0.128798
48480,0.012822,0.009535,0.101156
48490,0.037911,0.028565,0.171736
48500,0.005376,0.004116,0.033600
48510,0.070581,0.055056,0.262209
48520,0.034513,0.028688,0.168512
48530,0.032634,0.024399,0.137810
48540,0.038013,0.028617,0.169484
48550,0.004069,0.002997,0.155266
48560,0.062645,0.047602,0.245157
48570,0.029040,0.022298,0.135724
48580,0.040239,0.030908,0.179291
48590,0.018326,0.013613,0.131920
48600,0.031618,0.023855,0.136076
48610,0.016880,0.012505,0.079795
48620,0.023514,0.018347,0.119357
48630,0.029659,0.022767,0.165959
48640,0.016061,0.012291,0.082661
48650,0.015992,0.011930,0.109452
48660,0.040264,0.030459,0.169728
48670,0.068703,0.052687,0.236182
48680,0.065040,0.049061,0.228063
48690,0.027132,0.020554,0.125666
48700,0.037014,0.027533,0.162552
48710,0.015366,0.011503,0.120447
48720,0.020286,0.015038,0.101008
48730,0.029502,0.022107,0.156229
48740,0.042445,0.031981,0.186598
48750,0.030309,0.022697,0.122437
48760,0.050262,0.038329,0.205097
48770,0.014169,0.010735,0.112507
48780,0.031830,0.023762,0.161654
48790,0.029053,0.022400,0.126501
48800,0.016412,0.015750,0.165858
48810,0.012661,0.008808,0.130036
48820,0.045657,0.034433,0.184405
48830,0.033191,0.025177,0.155156
48840,0.057568,0.043790,0.220957
48850,0.023447,0.019017,0.112591
48860,0.019123,0.013877,0.136339
48870,0.025476,0.018926,0.141693
48880,0.029431,0.022122,0.143858
48890,0.042571,0.033043,0.155822
48900,0.018892,0.014042,0.121645
48910,0.024926,0.018842,0.148346
48920,0.024837,0.018458,0.133654
48930,0.024847,0.018502,0.127904
48940,0.031834,0.023734,0.127259
48950,0.021784,0.016547,0.125676
48960,0.040710,0.030901,0.183070
48970,0.025601,0.019160,0.146487
48980,0.027318,0.020792,0.137708
48990,0.035550,0.026889,0.163662
49000,0.048226,0.037041,0.203514
49010,0.020442,0.015323,0.141402
49020,0.050519,0.037913,0.206270
49030,0.043402,0.033384,0.197167
49040,0.020951,0.015650,0.131174
49050,0.013269,0.009970,0.074707
49060,0.011974,0.008819,0.102428
49070,0.048047,0.036054,0.199219
49080,0.027470,0.020682,0.146506
49090,0.033767,0.025386,0.160337
49100,0.058713,0.044039,0.205482
49110,0.040535,0.030592,0.202368
49120,0.049439,0.038154,0.187617
49130,0.023184,0.017395,0.146115
49140,0.022686,0.016872,0.147829
49150,0.031574,0.023703,0.167765
49160,0.028918,0.022029,0.237889
49170,0.019909,0.014773,0.148637
49180,0.013152,0.009932,0.142165
49190,0.017012,0.012837,0.128882
49200,0.029358,0.022131,0.145528
49210,0.032581,0.024518,0.151741
49220,0.022116,0.016508,0.107148
49230,0.021808,0.016301,0.127503
49240,0.019574,0.014910,0.123462
49250,0.040692,0.031182,0.156993
49260,0.021673,0.015840,0.157188
49270,0.014790,0.010980,0.132051
49280,0.004966,0.003541,0.104654
49290,0.032594,0.025100,0.162260
49300,0.032188,0.024421,0.155080
49310,0.032083,0.024031,0.155420
49320,0.018793,0.014041,0.118506
49330,0.022107,0.016416,0.177422
49340,0.021814,0.016359,0.095970
49350,0.017098,0.012646,0.139500
49360,0.034702,0.026588,0.170817
49370,0.042769,0.033025,0.200181
49380,0.066244,0.049156,0.235690
49390,0.026878,0.020488,0.107715
49400,0.023369,0.016704,0.151204
49410,0.029452,0.022025,0.151552
49420,0.038451,0.029268,0.158845
49430,0.012060,0.008984,0.094951
49440,0.006156,0.004642,0.112189
49450,0.019927,0.014902,0.141742
49460,0.017033,0.012163,0.117787
49470,0.033277,0.024642,0.171833
49480,0.031701,0.023517,0.150817
49490,0.025689,0.018657,0.108245
49500,0.050139,0.040614,0.208340
49510,0.035533,0.026840,0.179930
49520,0.029140,0.021728,0.163490
49530,0.033150,0.024818,0.170024
49540,0.005784,0.004116,0.213362
49550,0.027947,0.021097,0.150355
49560,0.018576,0.013997,0.111429
49570,0.015118,0.011094,0.119565
49580,0.015977,0.011923,0.128454
49590,0.022787,0.017214,0.154701
49600,0.019237,0.014294,0.138455
49610,0.020913,0.015719,0.123275
49620,0.046463,0.035178,0.203007
49630,0.070943,0.051806,0.237048
49640,0.003003,0.002067,0.018038
49650,0.006153,0.004662,0.112082
49660,0.036880,0.028097,0.147601
49670,0.025381,0.019337,0.121419
49680,0.014514,0.011581,0.105955
49690,0.015362,0.011153,0.125842
49700,0.002936,0.002168,0.021823
49710,0.037157,0.028517,0.163119
49720,0.036824,0.027805,0.172946
49730,0.006251,0.004530,0.109297
49740,0.031242,0.023484,0.167379
49750,0.032542,0.024619,0.144174
49760,0.021756,0.016251,0.136797
49770,0.017419,0.013191,0.097632
49780,0.037046,0.028065,0.168343
49790,0.028697,0.021984,0.127156
49800,0.013303,0.009958,0.064498
49810,0.017240,0.012890,0.117133
49820,0.008532,0.005933,0.120749
49830,0.035729,0.027185,0.166134
49840,0.022177,0.016568,0.139624
49850,0.043574,0.033133,0.185834
49860,0.023243,0.017599,0.128624
49870,0.032983,0.024658,0.158159
49880,0.049591,0.037724,0.228745
49890,0.044013,0.032677,0.193224
49900,0.020323,0.015190,0.149162
49910,0.023601,0.017808,0.137911
49920,0.050679,0.038550,0.197530
49930,0.022646,0.016361,0.146339
49940,0.019483,0.014269,0.127888
49950,0.017204,0.012857,0.111108
49960,0.040586,0.030482,0.151206
49970,0.015562,0.012525,0.093669
49980,0.014433,0.010697,0.111727
49990,0.023391,0.018049,0.110504
50000,0.047017,0.035654,0.179862
50010,0.041067,0.031278,0.155479
50020,0.025612,0.018918,0.116268
50030,0.013852,0.010537,0.114387
50040,0.034063,0.026344,0.150063
50050,0.019672,0.014760,0.138074
50060,0.033280,0.025806,0.134257
50070,0.032939,0.025367,0.152208
50080,0.029984,0.021957,0.189758
50090,0.024455,0.018190,0.136903
50100,0.037764,0.028931,0.171763
50110,0.050648,0.038802,0.205578
50120,0.016440,0.012337,0.084422
50130,0.028867,0.021274,0.154330
50140,0.051163,0.039316,0.195243
50150,0.013282,0.009246,0.132426
50160,0.043000,0.032421,0.190631
50170,0.015765,0.012419,0.144214
50180,0.014492,0.010683,0.118672
50190,0.025921,0.019605,0.124904
50200,0.018763,0.013422,0.131647
50210,0.017642,0.013725,0.092803
50220,0.024732,0.019047,0.170187
50230,0.027431,0.020231,0.146732
50240,0.016668,0.012511,0.116850
50250,0.005411,0.004123,0.103150
50260,0.035542,0.027029,0.169649
50270,0.032153,0.024465,0.166375
50280,0.025065,0.018881,0.149197
50290,0.033110,0.024705,0.157161
50300,0.030272,0.022489,0.152877
50310,0.027557,0.021153,0.154648
50320,0.044115,0.033846,0.192013
50330,0.025279,0.019263,0.139047
50340,0.049599,0.037512,0.204782
50350,0.004994,0.003855,0.117264
50360,0.031707,0.024304,0.160855
50370,0.029205,0.022727,0.149817
50380,0.001132,0.000828,0.072352
50390,0.020862,0.015061,0.135520
50400,0.050276,0.038152,0.206822
50410,0.008717,0.006487,0.106659
50420,0.015793,0.011711,0.110806
50430,0.030303,0.022890,0.152685
50440,0.038994,0.029668,0.183553
50450,0.019849,0.015337,0.127640
50460,0.043043,0.032750,0.192588
50470,0.010802,0.008638,0.063668
50480,0.051119,0.038948,0.188151
50490,0.042246,0.032241,0.173076
50500,0.017847,0.013256,0.141466
50510,0.040766,0.030856,0.167937
50520,0.032636,0.024319,0.160989
50530,0.036214,0.027480,0.176031
50540,0.032705,0.024099,0.185427
50550,0.010824,0.008197,0.045804
50560,0.042361,0.031898,0.191997
50570,0.031861,0.024127,0.147335
50580,0.030904,0.023604,0.156083
50590,0.006400,0.004622,0.044836
50600,0.019388,0.014781,0.092887
50610,0.002813,0.002017,0.075365
50620,0.029980,0.022011,0.172884
50630,0.033043,0.025540,0.143962
50640,0.035550,0.026863,0.162780
50650,0.020924,0.015775,0.140581
50660,0.029304,0.022225,0.158539
50670,0.046327,0.035214,0.195851
50680,0.028860,0.021468,0.146521
50690,0.009410,0.006903,0.124043
50700,0.017891,0.012909,0.151439
50710,0.038412,0.028949,0.176640
50720,0.025245,0.018980,0.140570
50730,0.060470,0.045291,0.230650
50740,0.015772,0.011573,0.136612
50750,0.027992,0.021241,0.182589
50760,0.023181,0.017130,0.134485
50770,0.028346,0.021605,0.162134
50780,0.023662,0.017769,0.133518
50790,0.021494,0.015966,0.127127
50800,0.045506,0.034707,0.190261
50810,0.030272,0.023428,0.141319
50820,0.015489,0.011243,0.123891
50830,0.014683,0.010428,0.126786
50840,0.022604,0.016880,0.135284
50850,0.009037,0.006819,0.115941
50860,0.052482,0.039468,0.205815
50870,0.026721,0.019916,0.153812
50880,0.023081,0.017473,0.137016
50890,0.048071,0.036917,0.191201
50900,0.022324,0.016557,0.138807
50910,0.004198,0.002756,0.131174
50920,0.013152,0.009772,0.100858
50930,0.041902,0.031591,0.195051
50940,0.038393,0.028687,0.190546
50950,0.030333,0.023190,0.159058
50960,0.018767,0.014081,0.127307
50970,0.036450,0.027760,0.181443
50980,0.033611,0.026492,0.167410
50990,0.031885,0.024022,0.154926
51000,0.031718,0.023661,0.168049
51010,0.042064,0.032495,0.189127
51020,0.029615,0.022191,0.152729
51030,0.025159,0.019087,0.121854
51040,0.025964,0.019815,0.146429
51050,0.012706,0.009625,0.109435
51060,0.025419,0.018972,0.139666
51070,0.006711,0.005077,0.091501
51080,0.028219,0.020907,0.113955
51090,0.051881,0.040442,0.195278
51100,0.028650,0.021399,0.135221
51110,0.033064,0.024779,0.151335
51120,0.003276,0.002733,0.128783
51130,0.010755,0.008163,0.108908
51140,0.027854,0.020814,0.151985
51150,0.041616,0.031621,0.169807
51160,0.040732,0.031158,0.179777
51170,0.031303,0.023750,0.161757
51180,0.038404,0.029281,0.157831
51190,0.022977,0.017336,0.149566
51200,0.021185,0.015944,0.134318
51210,0.049050,0.036912,0.193503
51220,0.016723,0.012503,0.098370
51230,0.042357,0.032276,0.183326
51240,0.034706,0.026654,0.158814
51250,0.028754,0.021474,0.161786
51260,0.017314,0.012816,0.121444
51270,0.018228,0.013635,0.093341
51280,0.023838,0.018328,0.154365
51290,0.034958,0.026745,0.161048
51300,0.008952,0.006478,0.150443
51310,0.028259,0.021438,0.150330
51320,0.018823,0.014918,0.125357
51330,0.031845,0.023853,0.152979
51340,0.040782,0.031047,0.179124
51350,0.046977,0.035713,0.185246
51360,0.010318,0.007727,0.113322
51370,0.019438,0.014878,0.122682
51380,0.030600,0.024284,0.141417
51390,0.050370,0.038377,0.200402
51400,0.013629,0.010322,0.108034
51410,0.059928,0.045752,0.224329
51420,0.013066,0.010014,0.105515
51430,0.024961,0.018441,0.153041
51440,0.036553,0.027462,0.169307
51450,0.013142,0.009953,0.121332
51460,0.003245,0.002628,0.028997
51470,0.032958,0.024537,0.151195
51480,0.019415,0.014316,0.133765
51490,0.044066,0.033113,0.182977
51500,0.036505,0.027516,0.170039
51510,0.033791,0.025901,0.172749
51520,0.031069,0.023384,0.118692
51530,0.033271,0.025314,0.156018
51540,0.013158,0.009605,0.071586
51550,0.005914,0.004286,0.081293
51560,0.029378,0.021984,0.128120
51570,0.014861,0.011063,0.125113
51580,0.042311,0.032330,0.164049
51590,0.004187,0.002816,0.101447
51600,0.053436,0.040424,0.187568
51610,0.030125,0.020260,0.141659
51620,0.009370,0.006843,0.117488
51630,0.013390,0.010165,0.073062
51640,0.001772,0.001245,0.065989
51650,0.044400,0.033187,0.190107
51660,0.053982,0.038772,0.258298
51670,0.026881,0.020372,0.126593
51680,0.032852,0.024570,0.166514
51690,0.025207,0.018875,0.145245
51700,0.028667,0.021689,0.156963
51710,0.018132,0.013801,0.099885
51720,0.030604,0.022852,0.150827
51730,0.020535,0.015490,0.116860
51740,0.028238,0.021291,0.125884
51750,0.027642,0.021078,0.146038
51760,0.023498,0.017765,0.107186
51770,0.000243,0.000178,0.047970
51780,0.041147,0.031460,0.187669
51790,0.035091,0.026451,0.175418
51800,0.023139,0.016798,0.141630
51810,0.020103,0.014620,0.100065
51820,0.022111,0.016464,0.138802
51830,0.020166,0.014813,0.132798
51840,0.038826,0.030351,0.184109
51850,0.009498,0.007022,0.122112
51860,0.040971,0.031327,0.171626
51870,0.041914,0.031529,0.179642
51880,0.033466,0.025369,0.146146
51890,0.030827,0.023282,0.164074
51900,0.026884,0.020523,0.149989
51910,0.018866,0.013500,0.137425
51920,0.012134,0.008914,0.111565
51930,0.029988,0.022719,0.145859
51940,0.023310,0.017676,0.144773
51950,0.026660,0.020034,0.157036
51960,0.005769,0.004339,0.037882
51970,0.013665,0.010265,0.106020
51980,0.025332,0.019234,0.118823
51990,0.057628,0.044204,0.230070
52000,0.022981,0.017409,0.142989
52010,0.066417,0.051550,0.247247
52020,0.061555,0.046621,0.235357
52030,0.026300,0.019978,0.134584
52040,0.024755,0.018745,0.139377
52050,0.035257,0.028446,0.150122
52060,0.032145,0.024566,0.163564
52070,0.017928,0.013776,0.145071
52080,0.023995,0.018143,0.126069
52090,0.037364,0.028225,0.170329
52100,0.024999,0.019002,0.140591
52110,0.061750,0.044804,0.240967
52120,0.010140,0.008141,0.061504
52130,0.026134,0.019712,0.165461
52140,0.004581,0.003339,0.028639
52150,0.019175,0.014607,0.110787
52160,0.047418,0.036167,0.196489
52170,0.047205,0.036002,0.193096
52180,0.011697,0.008742,0.095077
52190,0.011112,0.008191,0.141900
52200,0.051985,0.039737,0.209878
52210,0.024770,0.018398,0.114010
52220,0.047761,0.036480,0.181091
52230,0.032259,0.024416,0.156167
52240,0.022841,0.017136,0.137596
52250,0.041480,0.032099,0.182066
52260,0.028132,0.021276,0.133953
52270,0.006957,0.005202,0.093503
52280,0.037332,0.028577,0.188389
52290,0.046574,0.035112,0.210725
52300,0.034806,0.026244,0.187183
52310,0.027176,0.020737,0.128162
52320,0.021708,0.016645,0.118771
52330,0.036613,0.027731,0.169831
52340,0.015037,0.011302,0.119381
52350,0.013908,0.010108,0.114805
52360,0.017376,0.012842,0.145671
52370,0.047207,0.035885,0.194037
52380,0.026300,0.019965,0.154757
52390,0.029483,0.022596,0.125744
52400,0.031154,0.023926,0.153415
52410,0.042260,0.032450,0.187248
52420,0.024145,0.020348,0.150595
52430,0.027461,0.020578,0.151389
52440,0.027496,0.020652,0.159729
52450,0.032582,0.024552,0.142960
52460,0.025532,0.018874,0.139984
52470,0.010688,0.007843,0.094585
52480,0.023430,0.017603,0.138110
52490,0.012458,0.009477,0.112207
52500,0.046573,0.035114,0.201020
52510,0.030500,0.022904,0.152546
52520,0.027415,0.021134,0.155309
52530,0.023232,0.019334,0.121740
52540,0.037646,0.028940,0.146884
52550,0.016207,0.012451,0.097019
52560,0.001647,0.001246,0.071024
52570,0.024983,0.018568,0.141420
52580,0.034853,0.026527,0.150553
52590,0.046673,0.035126,0.186539
52600,0.022118,0.017375,0.163824
52610,0.085620,0.061128,0.273139
52620,0.036155,0.027159,0.191523
52630,0.044008,0.032727,0.209899
52640,0.030405,0.022669,0.158520
52650,0.000004,0.000005,0.000016
52660,0.032730,0.025065,0.161902
52670,0.010482,0.008122,0.103658
52680,0.026517,0.019537,0.166836
52690,0.033727,0.025470,0.162075
52700,0.012414,0.008806,0.115582
52710,0.038311,0.029347,0.167230
52720,0.025508,0.019242,0.145963
52730,0.000003,0.000003,0.000011
52740,0.011673,0.009828,0.072603
52750,0.067638,0.051455,0.243740
52760,0.034195,0.025777,0.172586
52770,0.008902,0.006363,0.058417
52780,0.024935,0.018708,0.138745
52790,0.033472,0.025410,0.161648
52800,0.008169,0.006699,0.048011
52810,0.021156,0.015829,0.109210
52820,0.041527,0.031604,0.187545
52830,0.023569,0.017712,0.139840
52840,0.030159,0.022893,0.151451
52850,0.029953,0.022935,0.156743
52860,0.038933,0.031815,0.186471
52870,0.046633,0.035253,0.190725
52880,0.028959,0.021327,0.145173
52890,0.010152,0.007924,0.068356
52900,0.032635,0.024468,0.159607
52910,0.013587,0.010205,0.066041
52920,0.033369,0.025807,0.164818
52930,0.014142,0.010491,0.107905
52940,0.022333,0.016677,0.135385
52950,0.015272,0.011328,0.127439
52960,0.022936,0.017232,0.148563
52970,0.028740,0.021387,0.159692
52980,0.044180,0.033278,0.182570
52990,0.017753,0.012739,0.123806
53000,0.020762,0.015917,0.136474
53010,0.017873,0.013701,0.181389
53020,0.033342,0.027410,0.179892
53030,0.003764,0.002498,0.107032
53040,0.044176,0.033644,0.190921
53050,0.016018,0.011570,0.128037
53060,0.023339,0.022436,0.102627
53070,0.053579,0.041090,0.201777
53080,0.044744,0.032967,0.211527
53090,0.050490,0.038486,0.205256
53100,0.043657,0.032399,0.165207
53110,0.018915,0.014097,0.122853
53120,0.033971,0.026760,0.168230
53130,0.010003,0.007170,0.112613
53140,0.054868,0.041895,0.210873
53150,0.036093,0.027145,0.157395
53160,0.003885,0.002906,0.125041
53170,0.030402,0.022785,0.144715
53180,0.044472,0.034168,0.183769
53190,0.045112,0.034007,0.184565
53200,0.005545,0.004234,0.036409
53210,0.039140,0.029801,0.183172
53220,0.020622,0.015378,0.134945
53230,0.032924,0.024885,0.135362
53240,0.037936,0.028411,0.181023
53250,0.005737,0.004413,0.117712
53260,0.028095,0.021269,0.143870
53270,0.012349,0.009148,0.101973
53280,0.022145,0.016084,0.149858
53290,0.005778,0.004227,0.077561
53300,0.047467,0.036025,0.201635
53310,0.015521,0.011625,0.130284
53320,0.002687,0.001881,0.113131
53330,0.007346,0.004932,0.238692
53340,0.016188,0.011941,0.117884
53350,0.018837,0.014173,0.143346
53360,0.053507,0.040520,0.209096
53370,0.035962,0.027017,0.173667
53380,0.041518,0.031625,0.183763
53390,0.041560,0.031184,0.177128
53400,0.027577,0.020383,0.135233
53410,0.015489,0.011635,0.113338
53420,0.011980,0.009844,0.205890
53430,0.038133,0.028754,0.179144
53440,0.014083,0.010914,0.146266
53450,0.033717,0.025172,0.172778
53460,0.014604,0.010590,0.107902
53470,0.010547,0.007809,0.099150
53480,0.030279,0.023483,0.151090
53490,0.030519,0.022633,0.171692
53500,0.032278,0.024499,0.163920
53510,0.033526,0.025246,0.156770
53520,0.050492,0.039242,0.216188
53530,0.010283,0.007650,0.097940
53540,0.000005,0.000011,0.000028
53550,0.031163,0.023032,0.159125
53560,0.039304,0.029777,0.163272
53570,0.000028,0.000046,0.000128
53580,0.049140,0.037565,0.187222
53590,0.045196,0.034434,0.192598
53600,0.000887,0.000655,0.114623
53610,0.011586,0.008531,0.105101
53620,0.006106,0.004817,0.153090
53630,0.034273,0.025723,0.165238
53640,0.021510,0.015992,0.131657
53650,0.019022,0.014130,0.116941
53660,0.041127,0.031159,0.171097
53670,0.036214,0.027545,0.128996
53680,0.002894,0.002155,0.098608
53690,0.033116,0.025180,0.155258
53700,0.017325,0.012627,0.154702
53710,0.024778,0.018319,0.134138
53720,0.042534,0.032247,0.191095
53730,0.006136,0.004735,0.106447
53740,0.006813,0.005068,0.113039
53750,0.046213,0.035101,0.165622
53760,0.046864,0.035242,0.195329
53770,0.017643,0.013278,0.101246
53780,0.041193,0.030276,0.190943
53790,0.012059,0.008865,0.106097
53800,0.024696,0.019265,0.161430
53810,0.022394,0.016744,0.143543
53820,0.042884,0.032683,0.177100
53830,0.024628,0.018382,0.141641
53840,0.026627,0.020304,0.146095
53850,0.020415,0.015412,0.130155
53860,0.034196,0.025699,0.158134
53870,0.015065,0.010816,0.123955
53880,0.033700,0.025550,0.136380
53890,0.017398,0.013232,0.128524
53900,0.020171,0.015257,0.131209
53910,0.046954,0.034129,0.207257
53920,0.027935,0.021460,0.116730
53930,0.028281,0.020886,0.155521
53940,0.027204,0.020285,0.158358
53950,0.025559,0.019231,0.107092
53960,0.035681,0.027666,0.174689
53970,0.054536,0.041240,0.206342
53980,0.031363,0.023073,0.154763
53990,0.020551,0.015564,0.141276
54000,0.048812,0.037719,0.195474
54010,0.029289,0.022207,0.118974
54020,0.021527,0.016153,0.109825
54030,0.032444,0.024474,0.150214
54040,0.039007,0.029294,0.181714
54050,0.017170,0.012657,0.130493
54060,0.005981,0.004576,0.084889
54070,0.045323,0.034321,0.184445
54080,0.016286,0.012103,0.128605
54090,0.044830,0.033542,0.183858
54100,0.032141,0.023388,0.154294
54110,0.038493,0.029532,0.155137
54120,0.060633,0.046213,0.221789
54130,0.005155,0.003802,0.043238
54140,0.002984,0.002177,0.088746
54150,0.040962,0.031435,0.182030
54160,0.029966,0.022254,0.155242
54170,0.029505,0.021698,0.159084
54180,0.024119,0.018044,0.150810
54190,0.038097,0.028794,0.173626
54200,0.038525,0.029285,0.184540
54210,0.019512,0.014377,0.130499
54220,0.009393,0.008005,0.046062
54230,0.009644,0.006922,0.114192
54240,0.022473,0.016866,0.130616
54250,0.026732,0.019486,0.152217
54260,0.009056,0.007284,0.162632
54270,0.047245,0.036488,0.194338
54280,0.035228,0.026690,0.165552
54290,0.019840,0.014655,0.144402
54300,0.008013,0.006008,0.046926
54310,0.047854,0.036813,0.184985
54320,0.011606,0.008556,0.106825
54330,0.013559,0.009835,0.105490
54340,0.040283,0.030208,0.174717
54350,0.062312,0.046815,0.223324
54360,0.025015,0.018709,0.141231
54370,0.029893,0.022761,0.133326
54380,0.014780,0.011110,0.115495
54390,0.031284,0.024048,0.165236
54400,0.001433,0.001080,0.653157
54410,0.005628,0.003922,0.666225
54420,0.017923,0.013221,0.158197
54430,0.047789,0.036199,0.189079
54440,0.001092,0.000758,0.084175
54450,0.027455,0.020737,0.148843
54460,0.035006,0.026120,0.175202
54470,0.020009,0.014753,0.140984
54480,0.028317,0.021339,0.161489
54490,0.019596,0.014632,0.115257
54500,0.027388,0.020177,0.173927
54510,0.026553,0.020098,0.137100
54520,0.043117,0.032468,0.188263
54530,0.033459,0.025015,0.185386
54540,0.004293,0.003279,0.071310
54550,0.033830,0.025456,0.167059
54560,0.045599,0.031521,0.205789
54570,0.034354,0.025993,0.174301
54580,0.044459,0.033537,0.192071
54590,0.039906,0.029909,0.181232
54600,0.027654,0.021669,0.136378
54610,0.004170,0.003047,0.031307
54620,0.029368,0.021906,0.135630
54630,0.023840,0.017739,0.135911
54640,0.035528,0.027174,0.164767
54650,0.003478,0.002700,0.023877
54660,0.037629,0.028413,0.165088
54670,0.043609,0.033171,0.184039
54680,0.043951,0.033395,0.172317
54690,0.020262,0.015244,0.107604
54700,0.041311,0.031000,0.165711
54710,0.026786,0.020049,0.149744
54720,0.009874,0.007340,0.055519
54730,0.017481,0.013046,0.105605
54740,0.026667,0.020004,0.147084
54750,0.003687,0.002701,0.104359
54760,0.021937,0.016509,0.131151
54770,0.024741,0.018705,0.138014
54780,0.038103,0.029008,0.166090
54790,0.055449,0.042417,0.210628
54800,0.039778,0.030541,0.150760
54810,0.038616,0.029495,0.174383
54820,0.014703,0.011152,0.093684
54830,0.021043,0.015928,0.090156
54840,0.040289,0.030917,0.173604
54850,0.036455,0.027125,0.171490
54860,0.030574,0.023014,0.122709
54870,0.031557,0.023729,0.155048
54880,0.012244,0.009231,0.112823
54890,0.049563,0.037882,0.209955
54900,0.007004,0.004895,0.162093
54910,0.034655,0.026099,0.157196
54920,0.045899,0.036082,0.194172
54930,0.046521,0.035028,0.200813
54940,0.017850,0.013386,0.092601
54950,0.041195,0.032528,0.168057
54960,0.019232,0.014309,0.127564
54970,0.040352,0.030463,0.161604
54980,0.003077,0.002232,0.077327
54990,0.022037,0.016970,0.132579
55000,0.034900,0.026308,0.163936
55010,0.016076,0.012307,0.130264
55020,0.034062,0.025369,0.165812
55030,0.020252,0.014784,0.134345
55040,0.006473,0.004773,0.103363
55050,0.014510,0.010446,0.115407
55060,0.062562,0.048046,0.224081
55070,0.009426,0.007222,0.064614
55080,0.050977,0.044826,0.188624
55090,0.027799,0.021281,0.121211
55100,0.025951,0.019279,0.143489
55110,0.020269,0.015053,0.133461
55120,0.010286,0.007552,0.096120
55130,0.027209,0.020055,0.139373
55140,0.019987,0.014980,0.135075
55150,0.023123,0.017400,0.130612
55160,0.029054,0.022364,0.142788
55170,0.005843,0.003572,0.086418
55180,0.026983,0.020260,0.145451
55190,0.034545,0.026202,0.163488
55200,0.016045,0.012926,0.083947
55210,0.027279,0.020012,0.153021
55220,0.042333,0.031538,0.183344
55230,0.007095,0.005084,0.107892
55240,0.036968,0.028086,0.177016
55250,0.024999,0.018525,0.130832
55260,0.031926,0.023757,0.157196
55270,0.009690,0.007605,0.065601
55280,0.023825,0.017857,0.140890
55290,0.053376,0.040070,0.208307
55300,0.013952,0.010448,0.106597
55310,0.054191,0.041121,0.215682
55320,0.030505,0.023040,0.165452
55330,0.025378,0.018945,0.148389
55340,0.028341,0.021392,0.161931
55350,0.044738,0.030479,0.426145
55360,0.049639,0.037873,0.192662
55370,0.013016,0.009990,0.107492
55380,0.039657,0.029955,0.174629
55390,0.015856,0.011506,0.133637
55400,0.026643,0.020370,0.113578
55410,0.033588,0.025430,0.156572
55420,0.015085,0.011431,0.126845
55430,0.032468,0.024632,0.139996
55440,0.048299,0.036682,0.195135
55450,0.045443,0.034707,0.176597
55460,0.024282,0.018052,0.128219
55470,0.026702,0.020065,0.166824
55480,0.021796,0.015987,0.128993
55490,0.022858,0.016995,0.140239
55500,0.036509,0.027643,0.170546
55510,0.022544,0.017674,0.143909
55520,0.041053,0.031412,0.182636
55530,0.027034,0.020191,0.134839
55540,0.048762,0.036654,0.200684
55550,0.020307,0.015417,0.083003
55560,0.015341,0.011265,0.104097
55570,0.016735,0.012078,0.090850
55580,0.024485,0.018139,0.138315
55590,0.010977,0.008342,0.122123
55600,0.038017,0.028488,0.172513
55610,0.036927,0.027321,0.170987
55620,0.026426,0.019961,0.149632
55630,0.020398,0.015776,0.130895
55640,0.010036,0.007319,0.096906
55650,0.010300,0.008028,0.158970
55660,0.023776,0.018523,0.173490
55670,0.015191,0.011374,0.105625
55680,0.039535,0.029760,0.171564
55690,0.018165,0.013654,0.108980
55700,0.021348,0.016155,0.130977
55710,0.039270,0.029662,0.167973
55720,0.033822,0.025300,0.153485
55730,0.008035,0.005745,0.116639
55740,0.039302,0.029859,0.179858
55750,0.005353,0.003807,0.132516
55760,0.030656,0.023500,0.153728
55770,0.054920,0.041719,0.220587
55780,0.034087,0.025773,0.162990
55790,0.013332,0.010122,0.108210
55800,0.052784,0.040757,0.211904
55810,0.005672,0.004347,0.103152
55820,0.024473,0.018749,0.126496
55830,0.019820,0.015017,0.136078
55840,0.031432,0.023424,0.143220
55850,0.025275,0.019605,0.115091
55860,0.022551,0.016706,0.137021
55870,0.051892,0.039450,0.211936
55880,0.004395,0.003236,0.099520
55890,0.026602,0.020093,0.143665
55900,0.034733,0.026595,0.154695
55910,0.033159,0.025060,0.159163
55920,0.043032,0.032250,0.180696
55930,0.037653,0.028763,0.146115
55940,0.036453,0.027620,0.179531
55950,0.025250,0.018851,0.142729
55960,0.043432,0.033016,0.185157
55970,0.014933,0.011214,0.132600
55980,0.039652,0.030069,0.183666
55990,0.021373,0.015875,0.124394
56000,0.037880,0.029365,0.149182
56010,0.020576,0.016000,0.110462
56020,0.033370,0.025189,0.167251
56030,0.044017,0.033946,0.187174
56040,0.032348,0.024276,0.159737
56050,0.013711,0.010140,0.116746
56060,0.026563,0.019889,0.143102
56070,0.030508,0.023332,0.154060
56080,0.023032,0.017066,0.129913
56090,0.006999,0.004968,0.230328
56100,0.013468,0.010081,0.113632
56110,0.039135,0.029345,0.172635
56120,0.018724,0.014414,0.133673
56130,0.030264,0.022685,0.145671
56140,0.051841,0.039504,0.202011
56150,0.038271,0.028765,0.174652
56160,0.020803,0.016021,0.134643
56170,0.023929,0.018015,0.107510
56180,0.034409,0.026978,0.148586
56190,0.033448,0.025248,0.163943
56200,0.017848,0.013323,0.133942
56210,0.014239,0.010763,0.120152
56220,0.050075,0.037651,0.191661
56230,0.031597,0.023690,0.163903
56240,0.044024,0.033710,0.186939
56250,0.027049,0.020098,0.146729
56260,0.022457,0.016740,0.138298
56270,0.034173,0.025682,0.157147
56280,0.016425,0.012025,0.126362
56290,0.027860,0.021390,0.149734
56300,0.037134,0.028269,0.170013
56310,0.020897,0.015722,0.122556
56320,0.023478,0.017505,0.132625
56330,0.036415,0.027207,0.179726
56340,0.037671,0.029951,0.200979
56350,0.007973,0.006127,0.043102
56360,0.049129,0.037644,0.222935
56370,0.025508,0.019097,0.167846
56380,0.023147,0.017380,0.114926
56390,0.004478,0.003517,0.122579
56400,0.035106,0.026339,0.154100
56410,0.025532,0.019130,0.155552
56420,0.037368,0.028127,0.173107
56430,0.026122,0.019411,0.148920
56440,0.014232,0.010453,0.119536
56450,0.035957,0.027365,0.159851
56460,0.006190,0.004532,0.049158
56470,0.047613,0.035903,0.190644
56480,0.081227,0.064877,0.274522
56490,0.028256,0.021465,0.135176
56500,0.039738,0.029918,0.155182
56510,0.023134,0.017488,0.133494
56520,0.017915,0.013311,0.122931
56530,0.024812,0.019859,0.134229
56540,0.021909,0.017881,0.106198
56550,0.026423,0.020015,0.123035
56560,0.040368,0.030603,0.171031
56570,0.015908,0.011394,0.129283
56580,0.025482,0.019129,0.144019
56590,0.039981,0.030559,0.172486
56600,0.026330,0.018938,0.123382
56610,0.031773,0.024225,0.138026
56620,0.039459,0.030211,0.168893
56630,0.035737,0.026893,0.169814
56640,0.029881,0.022320,0.156040
56650,0.031223,0.024118,0.168555
56660,0.037663,0.028352,0.161400
56670,0.006280,0.004559,0.042525
56680,0.042126,0.031971,0.173785
56690,0.028090,0.021326,0.141258
56700,0.025760,0.019174,0.138992
56710,0.039142,0.030173,0.174354
56720,0.035434,0.026729,0.151208
56730,0.035039,0.026511,0.147948
56740,0.032965,0.024210,0.143728
56750,0.045030,0.033599,0.183157
56760,0.038677,0.029348,0.178275
56770,0.025596,0.019117,0.141159
56780,0.060781,0.046286,0.217332
56790,0.017229,0.012758,0.115130
56800,0.012249,0.009099,0.131490
56810,0.020027,0.015008,0.121794
56820,0.030000,0.022588,0.150116
56830,0.012032,0.008565,0.149997
56840,0.024618,0.018549,0.113531
56850,0.024303,0.018643,0.148177
56860,0.029858,0.022135,0.181913
56870,0.041724,0.031629,0.180389
56880,0.005561,0.004030,0.249359
56890,0.012299,0.009685,0.072071
56900,0.027349,0.020699,0.142364
56910,0.004832,0.004294,0.087965
56920,0.027928,0.021380,0.151946
56930,0.044721,0.033692,0.189738
56940,0.041787,0.031445,0.183096
56950,0.015465,0.011673,0.080759
56960,0.034957,0.026274,0.157291
56970,0.017004,0.012815,0.092571
56980,0.015376,0.011570,0.101611
56990,0.024871,0.018552,0.115019
57000,0.017183,0.013010,0.130003
57010,0.036374,0.027569,0.172871
57020,0.010678,0.008213,0.142876
57030,0.013811,0.010707,0.072484
57040,0.034734,0.026419,0.167067
57050,0.029910,0.022924,0.136852
57060,0.013363,0.009846,0.158807
57070,0.026924,0.020027,0.143934
57080,0.020186,0.015283,0.124048
57090,0.032871,0.025253,0.134082
57100,0.034504,0.026180,0.149926
57110,0.022002,0.016756,0.122470
57120,0.038100,0.028688,0.183636
57130,0.027767,0.020744,0.144870
57140,0.028828,0.021554,0.156126
57150,0.004025,0.003103,0.019122
57160,0.003627,0.002907,0.028114
57170,0.019680,0.015402,0.129640
57180,0.025541,0.019345,0.139312
57190,0.046322,0.034960,0.191933
57200,0.035271,0.027630,0.156962
57210,0.045364,0.034827,0.170344
57220,0.028049,0.020491,0.152854
57230,0.036578,0.027731,0.158957
57240,0.041075,0.031188,0.178666
57250,0.011818,0.008626,0.105645
57260,0.041428,0.031101,0.166097
57270,0.000011,0.000010,0.000037
57280,0.015159,0.011303,0.120694
57290,0.014966,0.011076,0.086114
57300,0.031090,0.023511,0.155031
57310,0.034955,0.026277,0.171102
57320,0.020775,0.015425,0.133905
57330,0.016286,0.011955,0.140981
57340,0.039594,0.030104,0.185636
57350,0.013419,0.009887,0.111375
57360,0.034570,0.026745,0.170458
57370,0.026314,0.019946,0.136413
57380,0.053113,0.040464,0.208280
57390,0.046454,0.035505,0.184852
57400,0.021364,0.015842,0.129598
57410,0.015762,0.011902,0.123436
57420,0.030564,0.022683,0.160313
57430,0.038772,0.028403,0.190339
57440,0.019159,0.014484,0.148631
57450,0.022888,0.017194,0.131218
57460,0.023353,0.017321,0.128488
57470,0.037421,0.028319,0.158112
57480,0.056794,0.043601,0.213143
57490,0.010389,0.007561,0.123533
57500,0.020588,0.015355,0.143048
57510,0.021905,0.016991,0.142979
57520,0.051398,0.039045,0.205892
57530,0.032039,0.023931,0.132470
57540,0.012344,0.009040,0.106161
57550,0.015383,0.011459,0.129528
57560,0.020110,0.015236,0.099743
57570,0.031352,0.023226,0.158373
57580,0.015776,0.011586,0.124692
57590,0.015861,0.011935,0.106295
57600,0.034340,0.026129,0.158543
57610,0.014668,0.010943,0.127510
57620,0.014304,0.010577,0.113239
57630,0.051100,0.038961,0.206507
57640,0.055766,0.042628,0.219619
57650,0.038814,0.028524,0.184945
57660,0.029343,0.021943,0.160849
57670,0.035173,0.026195,0.161394
57680,0.008559,0.006496,0.055414
57690,0.053625,0.040866,0.209962
57700,0.021775,0.015962,0.170312
57710,0.069636,0.052509,0.245403
57720,0.017248,0.013009,0.120030
57730,0.024319,0.018393,0.142869
57740,0.028454,0.020603,0.147188
57750,0.018029,0.013516,0.091616
57760,0.017390,0.012646,0.117648
57770,0.016479,0.011700,0.075043
57780,0.001453,0.001091,0.105540
57790,0.027137,0.019940,0.174844
57800,0.021887,0.016680,0.110515
57810,0.041543,0.031351,0.168528
57820,0.036214,0.027427,0.176663
57830,0.021534,0.016403,0.101004
57840,0.029264,0.021870,0.179772
57850,0.027362,0.021023,0.147061
57860,0.044991,0.033632,0.169968
57870,0.014691,0.011162,0.121439
57880,0.038140,0.028602,0.172306
57890,0.027457,0.020353,0.138343
57900,0.033574,0.025192,0.154306
57910,0.006615,0.005180,0.033020
57920,0.000416,0.000398,0.100689
57930,0.038190,0.029015,0.175058
57940,0.019357,0.014446,0.123292
57950,0.023977,0.017776,0.138068
57960,0.043897,0.033286,0.176819
57970,0.008897,0.006891,0.053978
57980,0.056498,0.042522,0.222738
57990,0.045596,0.035095,0.191930
58000,0.017105,0.013016,0.130618
58010,0.015603,0.011455,0.120555
58020,0.030102,0.022651,0.141884
58030,0.039125,0.029664,0.146062
58040,0.025141,0.018699,0.138362
58050,0.034445,0.026341,0.162618
58060,0.026741,0.020439,0.132975
58070,0.018875,0.014491,0.140869
58080,0.012286,0.009226,0.066169
58090,0.021587,0.016965,0.133750
58100,0.014062,0.010699,0.114192
58110,0.030246,0.022699,0.143614
58120,0.050441,0.038826,0.201901
58130,0.024568,0.018645,0.135209
58140,0.050725,0.038977,0.184427
58150,0.030369,0.022739,0.133964
58160,0.046361,0.034937,0.201212
58170,0.015713,0.011649,0.090095
58180,0.016911,0.012650,0.129193
58190,0.008456,0.006497,0.112416
58200,0.023029,0.017410,0.136835
58210,0.005150,0.003777,0.107045
58220,0.026034,0.019736,0.133726
58230,0.026516,0.019958,0.187767
58240,0.028338,0.021642,0.159806
58250,0.010442,0.007811,0.064954
58260,0.019656,0.014641,0.128751
58270,0.027114,0.020377,0.141675
58280,0.020415,0.015275,0.137075
58290,0.000837,0.000724,0.657853
58300,0.042607,0.033059,0.191633
58310,0.040385,0.030843,0.160492
58320,0.035569,0.026676,0.176606
58330,0.021079,0.015652,0.129596
58340,0.032917,0.025170,0.152774
58350,0.023113,0.017550,0.107947
58360,0.014769,0.010759,0.110701
58370,0.020942,0.015583,0.130585
58380,0.030608,0.022906,0.159111
58390,0.035496,0.027053,0.147165
58400,0.011362,0.008590,0.082029
58410,0.026515,0.019043,0.172206
58420,0.052377,0.039971,0.203952
58430,0.024044,0.017816,0.152095
58440,0.038680,0.029630,0.173644
58450,0.009316,0.006866,0.090575
58460,0.010375,0.006972,0.123164
58470,0.020437,0.015727,0.101649
58480,0.022646,0.016902,0.141553
58490,0.018687,0.014012,0.126282
58500,0.026941,0.020697,0.138724
58510,0.042015,0.031758,0.189238
58520,0.037358,0.028154,0.173287
58530,0.027329,0.021153,0.148008
58540,0.027583,0.020613,0.160290
58550,0.019753,0.014853,0.097337
58560,0.038435,0.028080,0.175763
58570,0.031200,0.023239,0.144285
58580,0.034081,0.025925,0.163541
58590,0.028587,0.021870,0.121779
58600,0.027032,0.020343,0.144654
58610,0.019559,0.014851,0.148724
58620,0.000276,0.000164,0.264027
58630,0.040924,0.030844,0.163767
58640,0.035180,0.026403,0.157286
58650,0.020253,0.014853,0.131113
58660,0.022248,0.016667,0.137539
58670,0.044511,0.033794,0.186762
58680,0.022051,0.016644,0.141704
58690,0.011042,0.007884,0.144540
58700,0.050849,0.038392,0.204963
58710,0.034397,0.026234,0.169608
58720,0.041145,0.031082,0.175231
58730,0.000196,0.000153,0.173517
58740,0.004653,0.003501,0.089691
58750,0.031831,0.024228,0.160859
58760,0.035745,0.026967,0.170596
58770,0.047174,0.035779,0.195469
58780,0.028787,0.021547,0.156406
58790,0.028447,0.021620,0.141996
58800,0.027077,0.020694,0.126124
58810,0.011515,0.008382,0.101699
58820,0.003254,0.002649,0.029228
58830,0.014138,0.010465,0.109882
58840,0.004262,0.003386,0.097160
58850,0.040463,0.030458,0.181236
58860,0.000948,0.000730,0.008013
58870,0.020125,0.014312,0.133435
58880,0.025776,0.019690,0.149129
58890,0.028962,0.022137,0.147152
58900,0.019081,0.014683,0.103601
58910,0.034032,0.026062,0.169083
58920,0.012031,0.008978,0.070730
58930,0.023616,0.017994,0.131662
58940,0.018724,0.014392,0.100283
58950,0.029219,0.022145,0.143895
58960,0.015596,0.011400,0.122490
58970,0.029192,0.022111,0.155094
58980,0.035086,0.027883,0.147998
58990,0.017117,0.013026,0.101626
59000,0.021924,0.016565,0.120736
59010,0.005548,0.003972,0.091504
59020,0.032348,0.024312,0.158314
59030,0.029538,0.022323,0.160095
59040,0.038355,0.029321,0.175062
59050,0.013539,0.010029,0.116207
59060,0.032968,0.025078,0.159814
59070,0.015146,0.011139,0.102164
59080,0.016526,0.012340,0.122479
59090,0.006658,0.004837,0.132861
59100,0.022986,0.017514,0.119702
59110,0.018956,0.014773,0.097657
59120,0.020247,0.014916,0.130304
59130,0.042896,0.032184,0.179090
59140,0.015412,0.011250,0.127979
59150,0.014357,0.010729,0.118153
59160,0.035710,0.025736,0.182150
59170,0.033682,0.025633,0.158391
59180,0.025216,0.019060,0.141305
59190,0.033664,0.025473,0.158813
59200,0.046951,0.035674,0.198092
59210,0.035823,0.026581,0.156228
59220,0.031403,0.023297,0.140704
59230,0.030738,0.022874,0.146514
59240,0.023427,0.017705,0.135877
59250,0.011013,0.008128,0.104796
59260,0.030415,0.022706,0.167258
59270,0.024650,0.018551,0.120587
59280,0.027902,0.021182,0.151251
59290,0.026260,0.019737,0.156730
59300,0.034294,0.026424,0.164660
59310,0.017579,0.013424,0.085576
59320,0.021204,0.016151,0.110969
59330,0.032094,0.024245,0.156436
59340,0.015759,0.011620,0.131941
59350,0.022461,0.016582,0.134656
59360,0.028342,0.021157,0.142649
59370,0.000962,0.000961,0.165178
59380,0.010524,0.007822,0.113397
59390,0.016310,0.012040,0.119843
59400,0.014084,0.010727,0.121189
59410,0.038769,0.029316,0.173176
59420,0.039076,0.028014,0.167287
59430,0.022627,0.016767,0.120977
59440,0.036035,0.027708,0.130145
59450,0.027479,0.020790,0.150575
59460,0.034147,0.026620,0.151685
59470,0.031328,0.023823,0.147209
59480,0.027470,0.020429,0.147024
59490,0.027665,0.020656,0.129855
59500,0.017518,0.013387,0.096545
59510,0.031049,0.023272,0.156995
59520,0.019963,0.014694,0.147828
59530,0.056703,0.043429,0.217470
59540,0.030042,0.022464,0.154604
59550,0.027829,0.020829,0.143673
59560,0.042474,0.032145,0.181987
59570,0.011670,0.008615,0.103258
59580,0.031622,0.024115,0.150609
59590,0.027027,0.020366,0.152903
59600,0.006026,0.004336,0.105902
59610,0.024863,0.018032,0.147825
59620,0.011271,0.008180,0.120123
59630,0.002728,0.001942,0.096898
59640,0.024197,0.018251,0.115675
59650,0.043655,0.033061,0.174520
59660,0.017680,0.013193,0.108354
59670,0.030214,0.023062,0.148749
59680,0.030526,0.023064,0.151160
59690,0.069140,0.051843,0.235167
59700,0.035652,0.026979,0.163766
59710,0.032800,0.024741,0.160649
59720,0.004468,0.003176,0.098677
59730,0.029015,0.021691,0.172595
59740,0.020997,0.015573,0.126523
59750,0.031375,0.023851,0.146501
59760,0.038368,0.029650,0.183634
59770,0.027359,0.020291,0.141364
59780,0.017284,0.012277,0.129872
59790,0.022783,0.016541,0.151087
59800,0.026945,0.020420,0.146055
59810,0.022926,0.016838,0.143253
59820,0.035808,0.026945,0.161657
59830,0.060363,0.046798,0.218155
59840,0.031204,0.023824,0.154837
59850,0.002833,0.001962,0.077874
59860,0.009677,0.007072,0.114896
59870,0.025781,0.019512,0.138486
59880,0.027760,0.021142,0.147156
59890,0.002917,0.001932,0.015789
59900,0.023802,0.017999,0.155114
59910,0.045759,0.035305,0.173122
59920,0.020654,0.015232,0.147155
59930,0.033835,0.025949,0.131724
59940,0.025935,0.019258,0.166046
59950,0.037209,0.027037,0.158834
59960,0.056642,0.043474,0.215247
59970,0.071928,0.055167,0.251955
59980,0.043677,0.033202,0.175301
59990,0.029510,0.022386,0.144580
60000,0.015334,0.011340,0.122663
60010,0.015864,0.011932,0.118700
60020,0.057569,0.043661,0.204783
60030,0.000006,0.000005,0.000020
60040,0.032397,0.024530,0.155406
60050,0.002311,0.001655,0.093355
60060,0.015998,0.012443,0.075018
60070,0.019277,0.014493,0.086346
60080,0.019543,0.014944,0.109949
60090,0.021084,0.016177,0.140495
60100,0.010539,0.007598,0.133174
60110,0.010080,0.007876,0.079237
60120,0.022483,0.016739,0.113976
60130,0.022228,0.016770,0.127972
60140,0.034385,0.025989,0.168394
60150,0.008624,0.006547,0.118259
60160,0.030540,0.023150,0.149550
60170,0.033157,0.026265,0.163437
60180,0.027845,0.021024,0.166358
60190,0.032503,0.024714,0.164360
60200,0.034856,0.026401,0.153107
60210,0.031995,0.024130,0.178136
60220,0.017142,0.012907,0.109183
60230,0.006779,0.005047,0.118917
60240,0.034212,0.025837,0.173228
60250,0.023167,0.017210,0.133253
60260,0.017784,0.012971,0.134212
60270,0.026581,0.020392,0.134782
60280,0.024485,0.018283,0.146826
60290,0.024674,0.018844,0.154618
60300,0.034327,0.026278,0.141193
60310,0.042638,0.032290,0.185593
60320,0.022819,0.017610,0.117810
60330,0.013761,0.010667,0.077740
60340,0.038348,0.028859,0.214488
60350,0.041330,0.031335,0.165245
60360,0.016465,0.012016,0.122794
60370,0.012484,0.008576,0.101850
60380,0.015182,0.011196,0.126575
60390,0.019400,0.014781,0.136124
60400,0.031524,0.022908,0.160935
60410,0.013245,0.010206,0.090771
60420,0.034846,0.026596,0.159066
60430,0.038047,0.028953,0.165929
60440,0.039807,0.030120,0.156755
60450,0.003169,0.002184,0.032534
60460,0.028863,0.022114,0.152783
60470,0.016330,0.011880,0.098355
60480,0.024447,0.018513,0.144304
60490,0.054413,0.041835,0.190706
60500,0.014882,0.010699,0.124365
60510,0.026105,0.020615,0.153953
60520,0.031856,0.023754,0.146859
60530,0.028866,0.021451,0.140951
60540,0.043400,0.033124,0.186044
60550,0.035664,0.026854,0.166163
60560,0.041950,0.031449,0.185886
60570,0.044884,0.034167,0.188287
60580,0.026801,0.019327,0.149802
60590,0.031441,0.023776,0.159209
60600,0.002745,0.002071,0.077436
60610,0.019007,0.014474,0.095962
60620,0.037880,0.028738,0.161851
60630,0.034265,0.025482,0.173371
60640,0.042405,0.032128,0.187095
60650,0.020554,0.015480,0.115465
60660,0.032646,0.024959,0.163259
60670,0.029815,0.022720,0.118756
60680,0.022114,0.016768,0.141792
60690,0.005982,0.004533,0.065477
60700,0.023055,0.017415,0.140251
60710,0.018963,0.014381,0.120320
60720,0.039171,0.029063,0.181468
60730,0.006173,0.004477,0.101481
60740,0.025997,0.019302,0.152190
60750,0.024607,0.018402,0.139676
60760,0.039010,0.029364,0.182754
60770,0.033226,0.025329,0.158677
60780,0.011859,0.009691,0.109919
60790,0.039874,0.030292,0.170420
60800,0.024806,0.019693,0.108835
60810,0.032986,0.024951,0.147870
60820,0.023947,0.017953,0.144802
60830,0.040119,0.030450,0.175389
60840,0.041625,0.031317,0.193758
60850,0.010288,0.008495,0.069599
60860,0.021936,0.016641,0.142399
60870,0.011907,0.010831,0.186795
60880,0.005461,0.003947,0.093149
60890,0.062710,0.047601,0.234732
60900,0.038918,0.029692,0.167329
60910,0.053399,0.040576,0.206240
60920,0.020756,0.016106,0.137155
60930,0.040011,0.030315,0.196732
60940,0.022994,0.016754,0.157889
60950,0.041032,0.031437,0.190446
60960,0.017413,0.013134,0.128793
60970,0.015088,0.010905,0.112860
60980,0.007430,0.005448,0.049271
60990,0.034679,0.026221,0.159898
61000,0.059701,0.045652,0.225592
61010,0.058970,0.046691,0.234841
61020,0.036076,0.027398,0.168147
61030,0.013832,0.010412,0.121195
61040,0.006501,0.004925,0.116799
61050,0.051903,0.039177,0.219608
61060,0.052398,0.039065,0.194870
61070,0.048492,0.037200,0.203081
61080,0.027347,0.020858,0.123574
61090,0.024383,0.018612,0.114433
61100,0.013496,0.009894,0.125026
61110,0.016722,0.012255,0.093419
61120,0.007562,0.005709,0.059532
61130,0.055540,0.042319,0.215041
61140,0.000371,0.000274,0.651553
61150,0.030442,0.022779,0.158033
61160,0.001788,0.001242,0.132682
61170,0.034383,0.025990,0.166279
61180,0.036708,0.027793,0.152426
61190,0.008221,0.006212,0.046673
61200,0.029713,0.022457,0.142124
61210,0.031790,0.023975,0.149566
61220,0.025412,0.018980,0.142021
61230,0.012308,0.009303,0.063476
61240,0.016337,0.012092,0.120964
61250,0.020809,0.015014,0.139890
61260,0.021412,0.015982,0.139443
61270,0.028397,0.021664,0.129814
61280,0.027155,0.020299,0.142707
61290,0.022069,0.016877,0.126699
61300,0.000254,0.000219,0.142600
61310,0.024215,0.018325,0.108378
61320,0.032627,0.024649,0.155792
61330,0.032831,0.024795,0.175477
61340,0.022724,0.016798,0.139566
61350,0.030198,0.022743,0.129002
61360,0.022605,0.016949,0.126230
61370,0.022898,0.017102,0.134024
61380,0.019921,0.014962,0.105725
61390,0.016188,0.012258,0.093132
61400,0.023146,0.017530,0.138184
61410,0.011374,0.008246,0.130956
61420,0.009312,0.006908,0.069385
61430,0.013383,0.009635,0.115476
61440,0.024745,0.018057,0.135334
61450,0.043287,0.032965,0.179922
61460,0.032970,0.025067,0.170690
61470,0.023789,0.018001,0.136807
61480,0.041657,0.032093,0.163170
61490,0.051261,0.039278,0.200182
61500,0.032236,0.022935,0.140805
61510,0.036550,0.027580,0.144982
61520,0.018567,0.013455,0.115444
61530,0.039093,0.029278,0.180030
61540,0.036131,0.027247,0.168267
61550,0.036671,0.027661,0.164739
61560,0.033476,0.025452,0.150466
61570,0.024026,0.018313,0.140922
61580,0.014554,0.010539,0.117291
61590,0.008426,0.006029,0.044938
61600,0.012275,0.009033,0.114013
61610,0.021596,0.016761,0.088143
61620,0.026640,0.019961,0.169852
61630,0.021599,0.015933,0.141805
61640,0.051264,0.038669,0.201680
61650,0.024759,0.018271,0.137384
61660,0.015925,0.011866,0.117774
61670,0.007147,0.005868,0.544634
61680,0.005624,0.004357,0.047509
61690,0.008225,0.005991,0.084929
61700,0.026704,0.020413,0.153747
61710,0.034745,0.026401,0.164947
61720,0.024447,0.018255,0.131248
61730,0.025599,0.019054,0.142050
61740,0.015724,0.011856,0.107324
61750,0.057080,0.043928,0.217913
61760,0.028502,0.021744,0.139949
61770,0.019192,0.013973,0.125167
61780,0.031010,0.023121,0.156779
61790,0.022353,0.016892,0.137143
61800,0.028280,0.021260,0.157853
61810,0.031993,0.024133,0.157140
61820,0.039171,0.030533,0.180527
61830,0.047325,0.035727,0.202341
61840,0.035251,0.025709,0.178925
61850,0.020122,0.015512,0.117875
61860,0.043678,0.033074,0.186526
61870,0.006702,0.005818,0.159362
61880,0.026507,0.020231,0.134168
61890,0.025361,0.019486,0.122750
61900,0.002162,0.001678,0.154236
61910,0.026622,0.020087,0.123291
61920,0.036613,0.028034,0.168037
61930,0.031301,0.023630,0.164067
61940,0.017877,0.013552,0.118219
61950,0.034369,0.026138,0.157863
61960,0.042801,0.032410,0.164667
61970,0.026889,0.019513,0.141956
61980,0.033705,0.024698,0.173283
61990,0.006271,0.004763,0.052869
62000,0.022625,0.016320,0.148610
62010,0.053592,0.040555,0.216995
62020,0.034603,0.025622,0.171983
62030,0.010855,0.008030,0.107330
62040,0.028420,0.021202,0.145092
62050,0.006987,0.005648,0.136280
62060,0.001649,0.001163,0.115765
62070,0.034350,0.026447,0.168170
62080,0.039327,0.029860,0.174702
62090,0.032500,0.025002,0.186016
62100,0.022368,0.017009,0.123392
62110,0.026184,0.019786,0.142602
62120,0.023473,0.017655,0.131315
62130,0.033913,0.023387,0.194670
62140,0.041353,0.031277,0.163981
62150,0.021876,0.016248,0.161883
62160,0.024092,0.018436,0.153272
62170,0.049548,0.037392,0.208811
62180,0.034186,0.025546,0.166718
62190,0.030697,0.023754,0.146452
62200,0.030125,0.022890,0.121847
62210,0.022971,0.017700,0.104348
62220,0.001561,0.001132,0.315607
62230,0.057998,0.044435,0.218737
62240,0.013470,0.009796,0.115514
62250,0.022552,0.016997,0.129262
62260,0.030953,0.023550,0.151894
62270,0.025896,0.019492,0.141435
62280,0.036941,0.028245,0.150744
62290,0.060162,0.046112,0.223426
62300,0.022476,0.017851,0.110253
62310,0.013298,0.009803,0.109494
62320,0.017645,0.013340,0.099463
62330,0.010993,0.007994,0.123133
62340,0.019813,0.014992,0.126829
62350,0.016613,0.012638,0.098963
62360,0.030378,0.022642,0.163484
62370,0.013081,0.009518,0.109337
62380,0.018542,0.014147,0.130815
62390,0.016357,0.012313,0.110129
62400,0.031024,0.022984,0.160328
62410,0.038768,0.029214,0.175874
62420,0.027418,0.020404,0.149208
62430,0.044954,0.034063,0.182939
62440,0.027720,0.020581,0.119505
62450,0.017738,0.013256,0.124674
62460,0.029848,0.022299,0.152829
62470,0.021904,0.016149,0.108327
62480,0.023938,0.017639,0.143264
62490,0.010825,0.008091,0.085181
62500,0.045138,0.033985,0.185714
62510,0.012627,0.009402,0.126861
62520,0.030275,0.022714,0.137968
62530,0.036883,0.029849,0.154589
62540,0.022979,0.017376,0.135781
62550,0.042428,0.032202,0.202939
62560,0.037421,0.030455,0.204690
62570,0.019523,0.014340,0.141080
62580,0.012985,0.009652,0.107473
62590,0.024698,0.018856,0.140832
62600,0.011970,0.009061,0.075471
62610,0.038261,0.028993,0.175673
62620,0.014630,0.010526,0.080986
62630,0.021814,0.015785,0.157606
62640,0.001650,0.001204,0.210982
62650,0.032751,0.024727,0.168919
62660,0.031310,0.023721,0.154740
62670,0.048488,0.036925,0.196625
62680,0.036357,0.027520,0.167637
62690,0.040268,0.030426,0.182830
62700,0.023921,0.018854,0.141760
62710,0.011434,0.008711,0.100361
62720,0.023585,0.017967,0.134173
62730,0.035584,0.027125,0.172402
62740,0.000260,0.000214,0.238853
62750,0.025632,0.020369,0.163148
62760,0.022209,0.016882,0.111226
62770,0.019011,0.014310,0.141731
62780,0.030769,0.023015,0.158938
62790,0.029579,0.022540,0.139263
62800,0.030933,0.023316,0.142625
62810,0.032540,0.025004,0.164201
62820,0.025006,0.017912,0.165755
62830,0.034668,0.026532,0.159592
62840,0.029979,0.022722,0.167575
62850,0.014335,0.010749,0.116668
62860,0.034527,0.025909,0.161602
62870,0.029720,0.022744,0.149604
62880,0.029119,0.021549,0.229800
62890,0.032601,0.024439,0.159989
62900,0.077007,0.053658,0.321232
62910,0.016654,0.012544,0.101589
62920,0.015885,0.012137,0.123252
62930,0.034748,0.026243,0.173200
62940,0.019238,0.014424,0.125217
62950,0.006079,0.004923,0.048153
62960,0.031725,0.023645,0.158261
62970,0.044902,0.034795,0.194456
62980,0.058694,0.044572,0.216294
62990,0.043005,0.032967,0.163771
63000,0.018163,0.013595,0.094662
63010,0.060124,0.045948,0.216771
63020,0.051195,0.038907,0.209232
63030,0.011043,0.007876,0.138605
63040,0.016436,0.012443,0.074647
63050,0.024752,0.018612,0.111858
63060,0.031770,0.023272,0.150327
63070,0.030255,0.023138,0.148009
63080,0.052884,0.040431,0.209329
63090,0.044280,0.033504,0.167223
63100,0.036515,0.027766,0.148995
63110,0.025669,0.018978,0.147894
63120,0.022956,0.016975,0.144346
63130,0.030759,0.024354,0.132209
63140,0.013555,0.010505,0.073157
63150,0.025035,0.018713,0.127800
63160,0.029832,0.022540,0.138581
63170,0.011663,0.008634,0.106096
63180,0.003197,0.002349,0.111013
63190,0.031565,0.023687,0.152677
63200,0.021068,0.015838,0.125963
63210,0.016753,0.012652,0.095944
63220,0.001945,0.001396,0.065576
63230,0.042550,0.032306,0.179622
63240,0.025011,0.018718,0.147897
63250,0.014029,0.010448,0.208444
63260,0.013949,0.010315,0.140748
63270,0.037969,0.028590,0.169840
63280,0.026491,0.020167,0.125699
63290,0.024059,0.017783,0.145730
63300,0.024070,0.018390,0.146877
63310,0.011968,0.008727,0.141313
63320,0.048433,0.036694,0.181450
63330,0.037852,0.028636,0.170042
63340,0.015741,0.011405,0.115246
63350,0.016005,0.011971,0.111579
63360,0.024114,0.018355,0.131091
63370,0.009281,0.007051,0.116464
63380,0.017441,0.012891,0.100769
63390,0.023189,0.017397,0.140920
63400,0.024893,0.018990,0.111087
63410,0.037152,0.028100,0.155955
63420,0.032131,0.024603,0.139424
63430,0.051045,0.038877,0.201661
63440,0.024792,0.019494,0.148753
63450,0.025824,0.019642,0.145237
63460,0.033464,0.025328,0.167477
63470,0.039880,0.030504,0.157231
63480,0.012289,0.008640,0.126752
63490,0.013793,0.010383,0.109591
63500,0.024912,0.018442,0.131338
63510,0.018708,0.014024,0.121217
63520,0.032050,0.023970,0.168108
63530,0.051905,0.040285,0.190632
63540,0.020446,0.015489,0.118924
63550,0.041228,0.031323,0.169659
63560,0.037958,0.028418,0.172922
63570,0.014740,0.010970,0.108229
63580,0.021001,0.015631,0.134347
63590,0.036661,0.027770,0.163456
63600,0.016777,0.012439,0.143908
63610,0.023052,0.017745,0.149819
63620,0.023323,0.017448,0.108438
63630,0.001120,0.000777,0.057068
63640,0.011165,0.008371,0.101690
63650,0.028682,0.021397,0.150823
63660,0.012018,0.008467,0.136160
63670,0.011001,0.009071,0.129407
63680,0.037421,0.028391,0.169104
63690,0.040240,0.030628,0.175827
63700,0.017872,0.013156,0.121043
63710,0.038606,0.029331,0.169597
63720,0.017470,0.012831,0.133490
63730,0.012669,0.009208,0.123770
63740,0.036110,0.027409,0.168867
63750,0.012166,0.008957,0.069037
63760,0.024472,0.018524,0.142137
63770,0.031460,0.024003,0.158230
63780,0.028571,0.021952,0.145625
63790,0.039680,0.030035,0.152941
63800,0.027055,0.021397,0.153377
63810,0.038380,0.029266,0.183470
63820,0.016498,0.012960,0.125124
63830,0.031293,0.023884,0.131756
63840,0.045521,0.034485,0.176900
63850,0.040964,0.031344,0.168746
63860,0.014276,0.010334,0.123310
63870,0.043604,0.033385,0.191594
63880,0.023010,0.017201,0.131719
63890,0.020366,0.015430,0.097136
63900,0.032028,0.024152,0.157253
63910,0.042650,0.031092,0.198803
63920,0.027838,0.021370,0.148374
63930,0.046227,0.035228,0.185063
63940,0.022690,0.016991,0.134471
63950,0.021905,0.016426,0.139502
63960,0.037402,0.029474,0.165716
63970,0.017354,0.013066,0.135515
63980,0.018713,0.013991,0.117712
63990,0.039098,0.029219,0.170734
64000,0.043773,0.033134,0.193845
64010,0.039308,0.030500,0.180078
64020,0.035490,0.026389,0.177445
64030,0.039048,0.029554,0.172539
64040,0.029578,0.022407,0.154645
64050,0.024838,0.019028,0.133587
64060,0.020979,0.015496,0.133851
64070,0.037138,0.028137,0.179421
64080,0.019690,0.014527,0.112974
64090,0.012682,0.009230,0.116931
64100,0.004890,0.004100,0.049526
64110,0.082035,0.065336,0.265789
64120,0.033889,0.025995,0.161685
64130,0.023195,0.018357,0.122550
64140,0.028531,0.021461,0.139370
64150,0.018024,0.013541,0.099780
64160,0.023540,0.017334,0.139191
64170,0.048110,0.037417,0.208460
64180,0.018648,0.014097,0.115951
64190,0.034905,0.026531,0.170880
64200,0.017660,0.013166,0.121318
64210,0.016588,0.012505,0.152388
64220,0.020632,0.015366,0.116212
64230,0.053333,0.040397,0.208739
64240,0.010218,0.007565,0.097511
64250,0.033688,0.025456,0.171804
64260,0.037102,0.028226,0.174005
64270,0.010975,0.008416,0.061008
64280,0.031301,0.023920,0.155899
64290,0.043225,0.033056,0.179924
64300,0.008881,0.006229,0.066507
64310,0.035289,0.026729,0.174891
64320,0.034593,0.026465,0.162338
64330,0.007280,0.005237,0.135068
64340,0.017625,0.012994,0.121694
64350,0.019591,0.014528,0.133190
64360,0.017197,0.012352,0.113528
64370,0.032839,0.025064,0.157137
64380,0.025953,0.019661,0.141731
64390,0.019484,0.014715,0.095197
64400,0.032680,0.024990,0.157178
64410,0.040845,0.031330,0.175921
64420,0.035054,0.026969,0.161165
64430,0.004244,0.003563,0.244079
64440,0.031646,0.023518,0.160048
64450,0.016966,0.012947,0.088710
64460,0.034202,0.026498,0.155701
64470,0.021618,0.015972,0.087753
64480,0.025511,0.019368,0.112995
64490,0.022237,0.016868,0.134619
64500,0.038390,0.029062,0.174248
64510,0.021692,0.016757,0.134630
64520,0.015401,0.012574,0.109865
64530,0.004576,0.003239,0.233179
64540,0.015388,0.011720,0.116057
64550,0.014149,0.010522,0.125713
64560,0.016907,0.012864,0.127337
64570,0.023276,0.017641,0.141977
64580,0.025654,0.019187,0.162293
64590,0.009194,0.006677,0.088501
64600,0.002441,0.001693,0.264615
64610,0.013923,0.010646,0.104446
64620,0.018552,0.014196,0.126320
64630,0.024262,0.018071,0.133030
64640,0.023183,0.017394,0.105316
64650,0.013775,0.010151,0.114061
64660,0.018288,0.013472,0.128847
64670,0.012347,0.009313,0.122568
64680,0.019514,0.014564,0.152925
64690,0.035995,0.027041,0.164370
64700,0.038123,0.028683,0.162626
64710,0.014748,0.010888,0.108108
64720,0.019665,0.014834,0.125222
64730,0.022217,0.016944,0.106906
64740,0.008885,0.006338,0.130494
64750,0.027686,0.020784,0.143047
64760,0.035434,0.027101,0.139105
64770,0.018705,0.014118,0.142743
64780,0.012475,0.009087,0.107804
64790,0.042870,0.032729,0.187321
64800,0.024725,0.018464,0.148971
64810,0.018502,0.014189,0.118148
64820,0.019141,0.014419,0.139873
64830,0.014000,0.010192,0.115248
64840,0.017284,0.013152,0.081547
64850,0.031855,0.024172,0.168198
64860,0.015850,0.011671,0.134305
64870,0.027976,0.021201,0.161613
64880,0.066360,0.051182,0.233295
64890,0.040909,0.030764,0.174250
64900,0.049281,0.037705,0.189952
64910,0.049573,0.037931,0.198619
64920,0.024675,0.018555,0.151027
64930,0.015879,0.011628,0.123698
64940,0.024999,0.018782,0.153620
64950,0.045220,0.034801,0.191594
64960,0.015044,0.010816,0.107529
64970,0.030585,0.022882,0.204270
64980,0.044531,0.034142,0.182297
64990,0.051771,0.040090,0.194368
65000,0.023717,0.018021,0.099917
65010,0.030154,0.023279,0.137265
65020,0.036442,0.027533,0.167307
65030,0.055907,0.042122,0.216285
65040,0.037811,0.028872,0.164372
65050,0.030002,0.022132,0.152581
65060,0.038294,0.029535,0.172505
65070,0.039590,0.030169,0.177457
65080,0.026406,0.020073,0.144444
65090,0.016373,0.012341,0.096070
65100,0.013575,0.010184,0.079549
65110,0.022618,0.016672,0.139554
65120,0.028282,0.022441,0.177475
65130,0.021160,0.016526,0.129763
65140,0.036720,0.027808,0.159587
65150,0.019068,0.014132,0.115160
65160,0.006743,0.004918,0.089738
65170,0.026738,0.020050,0.148161
65180,0.018978,0.014138,0.116463
65190,0.022121,0.016794,0.096040
65200,0.015653,0.011591,0.140492
65210,0.037454,0.028624,0.164619
65220,0.028160,0.021516,0.153913
65230,0.030110,0.022623,0.165596
65240,0.024824,0.018747,0.116003
65250,0.042758,0.032862,0.197747
65260,0.012988,0.009763,0.114860
65270,0.018719,0.013908,0.124705
65280,0.016229,0.012193,0.119972
65290,0.014475,0.011109,0.074611
65300,0.029867,0.022421,0.142397
65310,0.024048,0.018113,0.140454
65320,0.050873,0.035398,0.218825
65330,0.017110,0.013702,0.082491
65340,0.014717,0.010026,0.093203
65350,0.050771,0.038596,0.201527
65360,0.028005,0.020993,0.143880
65370,0.012533,0.009648,0.099525
65380,0.014618,0.011065,0.126828
65390,0.019279,0.014496,0.097317
65400,0.071281,0.055963,0.249895
65410,0.008525,0.006875,0.156857
65420,0.017304,0.013081,0.095322
65430,0.037985,0.028463,0.175171
65440,0.024485,0.018544,0.141196
65450,0.040523,0.030529,0.179102
65460,0.014130,0.010487,0.108151
65470,0.016628,0.012148,0.134539
65480,0.002063,0.001733,0.128923
65490,0.025911,0.019583,0.143007
65500,0.004748,0.003526,0.099208
65510,0.021159,0.015990,0.123209
65520,0.019490,0.014450,0.120203
65530,0.021724,0.016498,0.130797
65540,0.027003,0.021093,0.151453
65550,0.061743,0.046784,0.225900
65560,0.016339,0.011790,0.151694
65570,0.017709,0.013011,0.129982
65580,0.036178,0.027107,0.173378
65590,0.018676,0.013593,0.139081
65600,0.012764,0.009662,0.129617
65610,0.037666,0.028423,0.172250
65620,0.020700,0.015492,0.130434
65630,0.052652,0.041798,0.192245
65640,0.021134,0.015976,0.129859
65650,0.027915,0.021219,0.191071
65660,0.040046,0.030485,0.185391
65670,0.024524,0.018271,0.134187
65680,0.012802,0.009642,0.122146
65690,0.026906,0.020381,0.144952
65700,0.012898,0.009350,0.111433
65710,0.027739,0.020930,0.148954
65720,0.031968,0.024254,0.160558
65730,0.020583,0.014857,0.131223
65740,0.021353,0.016445,0.135025
65750,0.021902,0.016269,0.123089
65760,0.031432,0.023690,0.151988
65770,0.025571,0.019330,0.133781
65780,0.002719,0.002099,0.093812
65790,0.024172,0.017662,0.156385
65800,0.035914,0.027768,0.175779
65810,0.018306,0.013824,0.127551
65820,0.023162,0.017641,0.137885
65830,0.064953,0.049374,0.232318
65840,0.025829,0.020400,0.152564
65850,0.033000,0.024934,0.157527
65860,0.022067,0.016437,0.132848
65870,0.015331,0.011816,0.067096
65880,0.029309,0.022863,0.142574
65890,0.012384,0.009644,0.120758
65900,0.010069,0.007214,0.106502
65910,0.034544,0.026090,0.162300
65920,0.028433,0.021580,0.139327
65930,0.022804,0.017412,0.101789
65940,0.035158,0.026552,0.141525
65950,0.021355,0.016152,0.127377
65960,0.049452,0.038596,0.183789
65970,0.011949,0.008768,0.102158
65980,0.045126,0.033040,0.187521
65990,0.065063,0.050555,0.240369
66000,0.004277,0.003071,0.185248
66010,0.021669,0.016586,0.125181
66020,0.009941,0.007213,0.092206
66030,0.031816,0.024454,0.169630
66040,0.008504,0.006336,0.083734
66050,0.023177,0.017561,0.106674
66060,0.023503,0.017649,0.133523
66070,0.054564,0.041174,0.190840
66080,0.017154,0.012229,0.117147
66090,0.026460,0.020390,0.156211
66100,0.028292,0.021393,0.152415
66110,0.031226,0.024285,0.162966
66120,0.024124,0.017854,0.147343
66130,0.022940,0.017295,0.131901
66140,0.035906,0.027421,0.154728
66150,0.038595,0.029425,0.173613
66160,0.033142,0.024915,0.169214
66170,0.002462,0.001757,0.083422
66180,0.035500,0.027252,0.170330
66190,0.043868,0.033049,0.165606
66200,0.054912,0.041759,0.215426
66210,0.017664,0.012834,0.112990
66220,0.014890,0.011478,0.120613
66230,0.012741,0.009546,0.080998
66240,0.030249,0.022744,0.152397
66250,0.027192,0.020875,0.143046
66260,0.036633,0.027625,0.147702
66270,0.021134,0.015606,0.143544
66280,0.021598,0.016415,0.124339
66290,0.062188,0.046921,0.203890
66300,0.046552,0.036609,0.190318
66310,0.047158,0.036060,0.191261
66320,0.040452,0.030247,0.164542
66330,0.039047,0.030037,0.153614
66340,0.018187,0.013448,0.128082
66350,0.018236,0.013703,0.117583
66360,0.019271,0.014089,0.131030
66370,0.016911,0.012707,0.117261
66380,0.010675,0.008009,0.124068
66390,0.024312,0.018232,0.106299
66400,0.016461,0.012436,0.121353
66410,0.000169,0.000384,0.000730
66420,0.034483,0.026356,0.161006
66430,0.026643,0.019660,0.151213
66440,0.019407,0.014613,0.145189
66450,0.040687,0.030609,0.162359
66460,0.037740,0.028963,0.167582
66470,0.015794,0.011869,0.113621
66480,0.024831,0.018779,0.145917
66490,0.043775,0.033018,0.181482
66500,0.014474,0.010611,0.122598
66510,0.018594,0.013636,0.115161
66520,0.018629,0.013659,0.144089
66530,0.017151,0.012652,0.110047
66540,0.021070,0.016088,0.127559
66550,0.026582,0.019510,0.144472
66560,0.039944,0.029958,0.176467
66570,0.033951,0.025564,0.151840
66580,0.042791,0.032372,0.184667
66590,0.035969,0.026668,0.150916
66600,0.042793,0.032509,0.176000
66610,0.012778,0.009427,0.071976
66620,0.026510,0.019410,0.159323
66630,0.053349,0.040680,0.193938
66640,0.042049,0.031682,0.173809
66650,0.042437,0.031909,0.173483
66660,0.038334,0.028792,0.167854
66670,0.019471,0.014844,0.136326
66680,0.055634,0.042904,0.201626
66690,0.037524,0.028205,0.158220
66700,0.027999,0.020932,0.146266
66710,0.026065,0.019351,0.138715
66720,0.024223,0.018733,0.140629
66730,0.035243,0.026581,0.168347
66740,0.039211,0.029911,0.177657
66750,0.029287,0.022256,0.157244
66760,0.012048,0.009373,0.100306
66770,0.006510,0.004890,0.130815
66780,0.016324,0.012253,0.125568
66790,0.027530,0.020948,0.158270
66800,0.046821,0.035427,0.203331
66810,0.009648,0.007285,0.137378
66820,0.015596,0.012039,0.124295
66830,0.022803,0.017240,0.123793
66840,0.015580,0.011510,0.119118
66850,0.034892,0.026136,0.169158
66860,0.031565,0.024365,0.142002
66870,0.032878,0.025256,0.173185
66880,0.012304,0.009095,0.102342
66890,0.030064,0.023112,0.161988
66900,0.032341,0.024644,0.144037
66910,0.052559,0.039711,0.199870
66920,0.036182,0.027323,0.155196
66930,0.031242,0.023585,0.159383
66940,0.029473,0.022896,0.116921
66950,0.030345,0.022585,0.151619
66960,0.019944,0.015124,0.132534
66970,0.034740,0.026386,0.165120
66980,0.034522,0.026404,0.171799
66990,0.037650,0.028517,0.156210
67000,0.025371,0.018233,0.099593
67010,0.022313,0.016827,0.141380
67020,0.013021,0.009539,0.107851
67030,0.017991,0.013957,0.100405
67040,0.041264,0.031246,0.183183
67050,0.009790,0.007045,0.098791
67060,0.023231,0.017411,0.125501
67070,0.040924,0.031049,0.174282
67080,0.018270,0.013729,0.143869
67090,0.010760,0.007974,0.108109
67100,0.026333,0.020112,0.141819
67110,0.021403,0.017044,0.113190
67120,0.013751,0.010158,0.115479
67130,0.008744,0.006498,0.072229
67140,0.028619,0.021921,0.142835
67150,0.021558,0.016378,0.091051
67160,0.010682,0.007886,0.092647
67170,0.025695,0.019711,0.119109
67180,0.027913,0.021142,0.151515
67190,0.050786,0.038816,0.201764
67200,0.021505,0.016000,0.134402
67210,0.036206,0.027166,0.174806
67220,0.044619,0.033518,0.179784
67230,0.034614,0.025943,0.170463
67240,0.015341,0.011394,0.102315
67250,0.018522,0.013850,0.100717
67260,0.014660,0.010812,0.067026
67270,0.024340,0.018281,0.138959
67280,0.009796,0.007543,0.179185
67290,0.011743,0.008698,0.103535
67300,0.023226,0.017234,0.134655
67310,0.040535,0.031540,0.180495
67320,0.045889,0.035388,0.190463
67330,0.030614,0.023159,0.166324
67340,0.019439,0.014596,0.141500
67350,0.021626,0.015887,0.122786
67360,0.020828,0.015971,0.123717
67370,0.034573,0.026486,0.168326
67380,0.041907,0.033788,0.185182
67390,0.042649,0.032692,0.197292
67400,0.010092,0.007260,0.088173
67410,0.024604,0.018136,0.136016
67420,0.010871,0.007957,0.098187
67430,0.006051,0.004215,0.243363
67440,0.019691,0.015076,0.117594
67450,0.034432,0.025520,0.165112
67460,0.016629,0.012698,0.122447
67470,0.039451,0.029991,0.176176
67480,0.018227,0.014006,0.090830
67490,0.049197,0.036841,0.200723
67500,0.030458,0.022773,0.148987
67510,0.005782,0.004455,0.146943
67520,0.000172,0.000438,0.654949
67530,0.016410,0.012096,0.120206
67540,0.022026,0.016872,0.139106
67550,0.032160,0.024117,0.161208
67560,0.008935,0.006635,0.071880
67570,0.052961,0.040139,0.204888
67580,0.008415,0.006267,0.095084
67590,0.014247,0.010609,0.127044
67600,0.038006,0.028904,0.166802
67610,0.000075,0.000030,0.000177
67620,0.026722,0.020171,0.114502
67630,0.017294,0.012860,0.100169
67640,0.054103,0.041844,0.210299
67650,0.044713,0.034072,0.175904
67660,0.014917,0.011157,0.105206
67670,0.031465,0.023844,0.161062
67680,0.020321,0.015592,0.127262
67690,0.011303,0.008265,0.100878
67700,0.026292,0.019914,0.150444
67710,0.048168,0.036853,0.196657
67720,0.025965,0.019590,0.150778
67730,0.004901,0.003529,0.105206
67740,0.040380,0.030402,0.176660
67750,0.042411,0.032215,0.176594
67760,0.034676,0.025872,0.159032
67770,0.018316,0.014276,0.100562
67780,0.000922,0.000719,0.154554
67790,0.043210,0.033098,0.180068
67800,0.014389,0.010291,0.117481
67810,0.024072,0.018295,0.136734
67820,0.030258,0.022923,0.182579
67830,0.045790,0.040164,0.208260
67840,0.020109,0.014925,0.136365
67850,0.046311,0.035333,0.205952
67860,0.005717,0.004129,0.042681
67870,0.030991,0.023603,0.158866
67880,0.005194,0.004573,0.085797
67890,0.038759,0.029414,0.149757
67900,0.006958,0.005655,0.203179
67910,0.028717,0.021532,0.158798
67920,0.016458,0.012669,0.150506
67930,0.040684,0.030538,0.172915
67940,0.018284,0.013477,0.092953
67950,0.029701,0.021970,0.158003
67960,0.012548,0.009803,0.054237
67970,0.031935,0.024645,0.156135
67980,0.032800,0.025249,0.156831
67990,0.047501,0.036372,0.180192
68000,0.028147,0.020828,0.148746
68010,0.067925,0.050999,0.241075
68020,0.046243,0.035053,0.182542
68030,0.012645,0.009622,0.118868
68040,0.030981,0.023599,0.152858
68050,0.031457,0.024256,0.163956
68060,0.014852,0.011003,0.111110
68070,0.028588,0.020934,0.149579
68080,0.030926,0.023633,0.137724
68090,0.018889,0.014021,0.131567
68100,0.005089,0.003621,0.110472
68110,0.020711,0.015563,0.138521
68120,0.005152,0.003789,0.096580
68130,0.033423,0.025302,0.154644
68140,0.038545,0.029108,0.179968
68150,0.011133,0.007909,0.062442
68160,0.024548,0.018671,0.148404
68170,0.030459,0.022788,0.135274
68180,0.005519,0.003886,0.226337
68190,0.046323,0.035563,0.192068
68200,0.017531,0.012564,0.149687
68210,0.030119,0.023107,0.136327
68220,0.040409,0.030820,0.186351
68230,0.026926,0.020270,0.142871
68240,0.051560,0.039275,0.202171
68250,0.046881,0.035472,0.198167
68260,0.025065,0.018787,0.136049
68270,0.034449,0.026194,0.144899
68280,0.024722,0.018359,0.141253
68290,0.023681,0.018155,0.121870
68300,0.028658,0.022071,0.143740
68310,0.029356,0.022052,0.156243
68320,0.009088,0.006262,0.116466
68330,0.013918,0.010154,0.126144
68340,0.032056,0.024269,0.157399
68350,0.039362,0.029660,0.180284
68360,0.019631,0.014518,0.097011
68370,0.012967,0.009630,0.080440
68380,0.031727,0.023847,0.167804
68390,0.001593,0.001263,0.106234
68400,0.014878,0.011097,0.116619
68410,0.019638,0.014868,0.115095
68420,0.040496,0.030168,0.175349
68430,0.019058,0.014353,0.091201
68440,0.020325,0.015488,0.121799
68450,0.011992,0.009050,0.095957
68460,0.017552,0.013166,0.118447
68470,0.009530,0.007406,0.081958
68480,0.034931,0.026342,0.154235
68490,0.022734,0.017197,0.129189
68500,0.022909,0.017212,0.128924
68510,0.032427,0.024659,0.153510
68520,0.016170,0.012135,0.118568
68530,0.016220,0.012241,0.136120
68540,0.026245,0.019528,0.136738
68550,0.037278,0.028474,0.187310
68560,0.034940,0.026575,0.164909
68570,0.013299,0.010247,0.108778
68580,0.024958,0.019199,0.124672
68590,0.021667,0.016322,0.127903
68600,0.032192,0.024626,0.148098
68610,0.058149,0.043972,0.220576
68620,0.035239,0.027023,0.142757
68630,0.011714,0.008826,0.065503
68640,0.032271,0.024601,0.166236
68650,0.025477,0.018905,0.133532
68660,0.001960,0.001428,0.070696
68670,0.000001,0.000001,0.000004
68680,0.010132,0.007487,0.091801
68690,0.034598,0.026213,0.156069
68700,0.027840,0.021086,0.136187
68710,0.035495,0.026455,0.154645
68720,0.015637,0.011312,0.130979
68730,0.015517,0.011094,0.109320
68740,0.000540,0.000455,0.114111
68750,0.020886,0.015796,0.091386
68760,0.026828,0.020231,0.151433
68770,0.022244,0.016333,0.120180
68780,0.024455,0.018350,0.141915
68790,0.055685,0.042412,0.198832
68800,0.037957,0.028739,0.183201
68810,0.030901,0.023169,0.158219
68820,0.025358,0.019106,0.149318
68830,0.055168,0.041432,0.207976
68840,0.053083,0.040789,0.216544
68850,0.018629,0.013802,0.093137
68860,0.025793,0.019052,0.143104
68870,0.003380,0.002586,0.091802
68880,0.021853,0.016341,0.102042
68890,0.026562,0.020284,0.146527
68900,0.039528,0.029885,0.183720
68910,0.002083,0.001617,0.011976
68920,0.031039,0.023762,0.171603
68930,0.031964,0.024333,0.134896
68940,0.025205,0.019205,0.104111
68950,0.009157,0.007049,0.116643
68960,0.022806,0.017249,0.112058
68970,0.051242,0.038663,0.189763
68980,0.013343,0.009861,0.127593
68990,0.033497,0.025198,0.156881
69000,0.026564,0.020200,0.151357
69010,0.026524,0.019950,0.139737
69020,0.011130,0.008127,0.125244
69030,0.018476,0.013598,0.131746
69040,0.033021,0.025025,0.156487
69050,0.014585,0.010897,0.103681
69060,0.013943,0.010344,0.113005
69070,0.020228,0.014997,0.123500
69080,0.038977,0.029683,0.170194
69090,0.017069,0.012948,0.099055
69100,0.016236,0.012323,0.097477
69110,0.022232,0.016549,0.122965
69120,0.028213,0.021351,0.153394
69130,0.032729,0.024753,0.157608
69140,0.035512,0.028962,0.146224
69150,0.035039,0.026622,0.166977
69160,0.019384,0.014454,0.129155
69170,0.015092,0.011300,0.114219
69180,0.023498,0.017601,0.153907
69190,0.025793,0.019227,0.126693
69200,0.017646,0.013339,0.122978
69210,0.014515,0.010940,0.113800
69220,0.019224,0.014614,0.095432
69230,0.025766,0.019170,0.144223
69240,0.033649,0.025212,0.157692
69250,0.012792,0.009777,0.080584
69260,0.018247,0.013657,0.112069
69270,0.013636,0.010305,0.109639
69280,0.017185,0.013270,0.149542
69290,0.023313,0.016952,0.144402
69300,0.036494,0.027616,0.153113
69310,0.012569,0.009261,0.095175
69320,0.014060,0.010499,0.109612
69330,0.024544,0.018490,0.131590
69340,0.032890,0.025116,0.161023
69350,0.018180,0.013897,0.113008
69360,0.047146,0.035771,0.190061
69370,0.025482,0.019213,0.140292
69380,0.005555,0.004357,0.117661
69390,0.019116,0.014500,0.118988
69400,0.032354,0.024599,0.152536
69410,0.007383,0.005524,0.177601
69420,0.014394,0.010794,0.116234
69430,0.020120,0.014989,0.109921
69440,0.009482,0.006981,0.090945
69450,0.040727,0.031286,0.155079
69460,0.016895,0.012986,0.081448
69470,0.008881,0.006823,0.058718
69480,0.026487,0.019974,0.157583
69490,0.019221,0.014643,0.130678
69500,0.016773,0.012308,0.114298
69510,0.029334,0.021939,0.149041
69520,0.038116,0.029129,0.169111
69530,0.035074,0.026945,0.178858
69540,0.024485,0.018178,0.136633
69550,0.019134,0.014473,0.132001
69560,0.010424,0.007516,0.094158
69570,0.023716,0.017890,0.136000
69580,0.041791,0.031826,0.175626
69590,0.019686,0.015066,0.129256
69600,0.021994,0.016734,0.089505
69610,0.029806,0.022212,0.160898
69620,0.034192,0.026105,0.142797
69630,0.020754,0.015670,0.084703
69640,0.039129,0.030493,0.178418
69650,0.016908,0.013338,0.114019
69660,0.029284,0.022389,0.152473
69670,0.022238,0.016965,0.134041
69680,0.008720,0.006436,0.100512
69690,0.013132,0.009599,0.111022
69700,0.021065,0.016064,0.130519
69710,0.026257,0.020286,0.140502
69720,0.018798,0.013606,0.103366
69730,0.013738,0.010263,0.094242
69740,0.016888,0.012491,0.130891
69750,0.038866,0.029230,0.165142
69760,0.034097,0.024407,0.263224
69770,0.024537,0.018259,0.137051
69780,0.034400,0.025684,0.162072
69790,0.013695,0.010127,0.130516
69800,0.029694,0.022731,0.157667
69810,0.051066,0.038694,0.205697
69820,0.024817,0.018596,0.131754
69830,0.046561,0.035748,0.179216
69840,0.028663,0.021877,0.131260
69850,0.034178,0.026768,0.166993
69860,0.020439,0.015739,0.100383
69870,0.032051,0.024502,0.158000
69880,0.011969,0.009008,0.109739
69890,0.036406,0.028277,0.152244
69900,0.032525,0.024388,0.142824
69910,0.007179,0.005161,0.119998
69920,0.011155,0.007832,0.100473
69930,0.050561,0.038704,0.199633
69940,0.043156,0.033131,0.185352
69950,0.031197,0.023316,0.157657
69960,0.045204,0.034272,0.179351
69970,0.015972,0.011814,0.112053
69980,0.029059,0.022120,0.151067
69990,0.014863,0.011113,0.091305
70000,0.029328,0.022139,0.154756
70010,0.021078,0.016791,0.097455
70020,0.036370,0.027958,0.169190
70030,0.028563,0.020386,0.173870
70040,0.017737,0.013464,0.136060
70050,0.022106,0.016771,0.123367
70060,0.038377,0.029345,0.158621
70070,0.024232,0.017532,0.153554
70080,0.021896,0.016483,0.134424
70090,0.018180,0.013773,0.139589
70100,0.005252,0.003872,0.095392
70110,0.015697,0.011597,0.120451
70120,0.023518,0.017735,0.150036
70130,0.037297,0.027849,0.174038
70140,0.034132,0.025765,0.162090
70150,0.038551,0.029323,0.180878
70160,0.024654,0.018541,0.161408
70170,0.046831,0.035574,0.186411
70180,0.029846,0.022419,0.156631
70190,0.014716,0.010254,0.064123
70200,0.026102,0.019620,0.150964
70210,0.031675,0.024186,0.156865
70220,0.035337,0.026816,0.173177
70230,0.010148,0.007455,0.119015
70240,0.016617,0.012566,0.156474
70250,0.036714,0.027591,0.148813
70260,0.048445,0.037260,0.193451
70270,0.033483,0.025329,0.139628
70280,0.017381,0.012803,0.112457
70290,0.019421,0.014726,0.120291
70300,0.033805,0.025685,0.156532
70310,0.005186,0.003854,0.035051
70320,0.032729,0.024730,0.156046
70330,0.015103,0.011187,0.111444
70340,0.011804,0.008900,0.071109
70350,0.036174,0.027754,0.178497
70360,0.019683,0.014437,0.146719
70370,0.012108,0.008984,0.106739
70380,0.036750,0.027859,0.168625
70390,0.032534,0.024869,0.165659
70400,0.034125,0.025814,0.166811
70410,0.001173,0.000965,0.048416
70420,0.021881,0.016009,0.140012
70430,0.029041,0.021823,0.144155
70440,0.014742,0.011080,0.107361
70450,0.016007,0.011966,0.126462
70460,0.030375,0.022988,0.159806
70470,0.020299,0.015390,0.121655
70480,0.030719,0.022754,0.130953
70490,0.037325,0.028743,0.159988
70500,0.067323,0.051467,0.244656
70510,0.020888,0.016569,0.141393
70520,0.057621,0.043453,0.212767
70530,0.023107,0.017200,0.128023
70540,0.028657,0.021714,0.138252
70550,0.030521,0.022799,0.147630
70560,0.002453,0.001710,0.142538
70570,0.030656,0.022975,0.156900
70580,0.007301,0.005030,0.316707
70590,0.034563,0.026140,0.176204
70600,0.014575,0.011678,0.071910
70610,0.016502,0.012566,0.080588
70620,0.002942,0.002107,0.207118
70630,0.041909,0.032043,0.179608
70640,0.020724,0.015660,0.127749
70650,0.018590,0.014024,0.136078
70660,0.014988,0.010481,0.100492
70670,0.027129,0.020747,0.141079
70680,0.064835,0.049808,0.201340
70690,0.033080,0.024812,0.138737
70700,0.019987,0.015273,0.116916
70710,0.025501,0.019446,0.115869
70720,0.032503,0.024542,0.163590
70730,0.007896,0.005806,0.102625
70740,0.035863,0.027052,0.155950
70750,0.025984,0.019433,0.109792
70760,0.021513,0.016266,0.121240
70770,0.023682,0.017765,0.120419
70780,0.023851,0.020023,0.148901
70790,0.018132,0.013649,0.101259
70800,0.067120,0.052009,0.235914
70810,0.058837,0.045350,0.222429
70820,0.037781,0.028881,0.172134
70830,0.013708,0.010334,0.116110
70840,0.043319,0.033052,0.183386
70850,0.022266,0.016721,0.140815
70860,0.036868,0.027939,0.166347
70870,0.033938,0.025821,0.142824
70880,0.032175,0.024901,0.138458
70890,0.020927,0.015596,0.114165
70900,0.027842,0.020490,0.116757
70910,0.034578,0.026396,0.161581
70920,0.023634,0.023513,0.095856
70930,0.028612,0.021567,0.151400
70940,0.022849,0.016866,0.146236
70950,0.039484,0.030307,0.167058
70960,0.012950,0.009421,0.108278
70970,0.019330,0.014646,0.097681
70980,0.021959,0.016796,0.133750
70990,0.002494,0.001816,0.072735
71000,0.021098,0.016012,0.127234
71010,0.035678,0.027216,0.150140
71020,0.040837,0.030626,0.175697
71030,0.021251,0.015974,0.121196
71040,0.029338,0.022055,0.147206
71050,0.020819,0.015934,0.167454
71060,0.009700,0.007340,0.096643
71070,0.035934,0.028008,0.150495
71080,0.013231,0.009785,0.657756
71090,0.029249,0.022036,0.150720
71100,0.023359,0.017632,0.133880
71110,0.033885,0.025680,0.157580
71120,0.043130,0.032743,0.180533
71130,0.020601,0.014977,0.129878
71140,0.021711,0.016244,0.102439
71150,0.041635,0.032011,0.186223
71160,0.010227,0.007718,0.125385
71170,0.021108,0.016207,0.134284
71180,0.024466,0.018383,0.135724
71190,0.012927,0.008973,0.159611
71200,0.011593,0.008441,0.110018
71210,0.047632,0.036695,0.196844
71220,0.055783,0.041938,0.206349
71230,0.005268,0.003905,0.090590
71240,0.007865,0.005885,0.098311
71250,0.036992,0.027570,0.169732
71260,0.020811,0.015416,0.128944
71270,0.014384,0.010525,0.113628
71280,0.017614,0.013327,0.122244
71290,0.025398,0.018942,0.141353
71300,0.031027,0.023494,0.152776
71310,0.014619,0.011688,0.113395
71320,0.034620,0.026139,0.169538
71330,0.012521,0.009963,0.074263
71340,0.034654,0.026342,0.156680
71350,0.034136,0.025313,0.183300
71360,0.021689,0.016044,0.151861
71370,0.048055,0.036373,0.195323
71380,0.050696,0.038453,0.199220
71390,0.019589,0.014785,0.107961
71400,0.013352,0.009976,0.110653
71410,0.032088,0.024292,0.174284
71420,0.019786,0.015067,0.100703
71430,0.026641,0.019998,0.124195
71440,0.012935,0.009183,0.103423
71450,0.042949,0.032247,0.179084
71460,0.021020,0.015675,0.137614
71470,0.024077,0.017655,0.135732
71480,0.031795,0.024567,0.171219
71490,0.010413,0.007985,0.054791
71500,0.015429,0.011466,0.090310
71510,0.040029,0.029931,0.181903
71520,0.026708,0.020168,0.138662
71530,0.041290,0.031943,0.187788
71540,0.007156,0.005831,0.053654
71550,0.039404,0.031338,0.183298
71560,0.028955,0.022076,0.164828
71570,0.021569,0.016067,0.146393
71580,0.002633,0.002513,0.143840
71590,0.018708,0.013863,0.119862
71600,0.015458,0.011810,0.115498
71610,0.009109,0.006569,0.117277
71620,0.011271,0.008314,0.108076
71630,0.012080,0.009471,0.078275
71640,0.015667,0.011934,0.117583
71650,0.028086,0.020839,0.179826
71660,0.045366,0.034634,0.183868
71670,0.045442,0.035001,0.206323
71680,0.038297,0.029141,0.174218
71690,0.003752,0.002808,0.120197
71700,0.015398,0.011492,0.078159
71710,0.026610,0.020896,0.153430
71720,0.034821,0.025654,0.171216
71730,0.052106,0.037385,0.207347
71740,0.045763,0.034731,0.187757
71750,0.027447,0.020901,0.131777
71760,0.016397,0.012399,0.084042
71770,0.024608,0.019863,0.115200
71780,0.031061,0.022743,0.165268
71790,0.028830,0.021706,0.151404
71800,0.017058,0.012546,0.124056
71810,0.008221,0.006060,0.116117
71820,0.027862,0.021147,0.155742
71830,0.026042,0.019691,0.105910
71840,0.027947,0.020844,0.144984
71850,0.041425,0.031523,0.175627
71860,0.036347,0.027639,0.156910
71870,0.024745,0.018593,0.132183
71880,0.018626,0.014106,0.136065
71890,0.044373,0.034255,0.196313
71900,0.023002,0.017224,0.124483
71910,0.037696,0.028387,0.148961
71920,0.015360,0.011482,0.127744
71930,0.009297,0.007298,0.051867
71940,0.026527,0.019636,0.146848
71950,0.012559,0.009313,0.072696
71960,0.011774,0.008436,0.102421
71970,0.021604,0.016065,0.127308
71980,0.003475,0.002537,0.029354
71990,0.046178,0.035653,0.184580
72000,0.011676,0.008826,0.098493
72010,0.016115,0.011871,0.130500
72020,0.023511,0.017904,0.113737
72030,0.030441,0.023254,0.150310
72040,0.036795,0.028493,0.172120
72050,0.021541,0.016198,0.122896
72060,0.052966,0.040181,0.202671
72070,0.039389,0.030712,0.158208
72080,0.068426,0.051924,0.239037
72090,0.033113,0.025113,0.161066
72100,0.027331,0.020684,0.130917
72110,0.030315,0.022958,0.156774
72120,0.047961,0.036157,0.181687
72130,0.039176,0.029558,0.171670
72140,0.018182,0.013606,0.106481
72150,0.011603,0.008837,0.057325
72160,0.012206,0.008982,0.106637
72170,0.015703,0.011357,0.109612
72180,0.054000,0.040950,0.196755
72190,0.039696,0.030134,0.159782
72200,0.037633,0.028115,0.166430
72210,0.042452,0.032044,0.182948
72220,0.020443,0.015155,0.145337
72230,0.017251,0.012854,0.104934
72240,0.041492,0.031435,0.178237
72250,0.008168,0.005934,0.058937
72260,0.031528,0.024267,0.144721
72270,0.041696,0.031622,0.179671
72280,0.015335,0.011580,0.070680
72290,0.013336,0.010061,0.089064
72300,0.055221,0.041810,0.213533
72310,0.000526,0.000368,0.191400
72320,0.045714,0.034449,0.193686
72330,0.017898,0.013586,0.111230
72340,0.034358,0.026269,0.157254
72350,0.018392,0.013919,0.089477
72360,0.015915,0.011711,0.126617
72370,0.041594,0.031558,0.170388
72380,0.001214,0.000956,0.088937
72390,0.022485,0.017568,0.151042
72400,0.028143,0.021303,0.154007
72410,0.024504,0.018679,0.153164
72420,0.019221,0.014598,0.125190
72430,0.028980,0.021723,0.155739
72440,0.049695,0.037406,0.191124
72450,0.013862,0.010349,0.110170
72460,0.036432,0.027417,0.156241
72470,0.013114,0.009622,0.112137
72480,0.050055,0.038484,0.214088
72490,0.014577,0.010787,0.107765
72500,0.038153,0.028969,0.174066
72510,0.026180,0.020050,0.145069
72520,0.011460,0.008314,0.104671
72530,0.010328,0.007683,0.086230
72540,0.012983,0.009841,0.098814
72550,0.013853,0.010319,0.122136
72560,0.025464,0.019057,0.134402
72570,0.030779,0.022724,0.167846
72580,0.020374,0.015511,0.118599
72590,0.017351,0.012977,0.121103
72600,0.024633,0.019063,0.114575
72610,0.022431,0.016558,0.139027
72620,0.039706,0.030548,0.173572
72630,0.021814,0.015104,0.129234
72640,0.038013,0.028665,0.153944
72650,0.020639,0.015762,0.123885
72660,0.015007,0.011643,0.078910
72670,0.014246,0.010511,0.109403
72680,0.019161,0.014885,0.083290
72690,0.040858,0.030852,0.179750
72700,0.043239,0.032720,0.164512
72710,0.038580,0.029511,0.172824
72720,0.019230,0.014347,0.114014
72730,0.032434,0.024711,0.135715
72740,0.070331,0.054510,0.254800
72750,0.025872,0.019449,0.136750
72760,0.029259,0.022000,0.153290
72770,0.011015,0.008695,0.120264
72780,0.031022,0.023537,0.159724
72790,0.043390,0.032868,0.186209
72800,0.046523,0.035604,0.182775
72810,0.007745,0.005918,0.057227
72820,0.019506,0.014382,0.126216
72830,0.030768,0.023655,0.122937
72840,0.014585,0.010740,0.098153
72850,0.001626,0.001316,0.135173
72860,0.021397,0.016117,0.135138
72870,0.008477,0.006001,0.096921
72880,0.028502,0.021483,0.142887
72890,0.025863,0.019758,0.138178
72900,0.013302,0.010017,0.087919
72910,0.015601,0.012030,0.133868
72920,0.020904,0.015665,0.128293
72930,0.028178,0.021242,0.124084
72940,0.015451,0.011531,0.112300
72950,0.033887,0.025486,0.164000
72960,0.009991,0.007341,0.114490
72970,0.037317,0.028194,0.167726
72980,0.010356,0.007531,0.071362
72990,0.013029,0.009633,0.073277
73000,0.041989,0.032584,0.185200
73010,0.027489,0.020794,0.133454
73020,0.022209,0.016750,0.129563
73030,0.034325,0.025899,0.154804
73040,0.005760,0.004567,0.035118
73050,0.034835,0.026391,0.171589
73060,0.018501,0.013959,0.092106
73070,0.017664,0.013047,0.124771
73080,0.022079,0.016541,0.110411
73090,0.048654,0.037019,0.192327
73100,0.026003,0.019326,0.130207
73110,0.027425,0.021170,0.137760
73120,0.035078,0.026201,0.146455
73130,0.003138,0.002056,0.354700
73140,0.000079,0.000059,0.000214
73150,0.017873,0.012310,0.126743
73160,0.048581,0.037001,0.195477
73170,0.056609,0.043725,0.215693
73180,0.040456,0.030647,0.161656
73190,0.012476,0.009468,0.107314
73200,0.032008,0.024088,0.152931
73210,0.035105,0.026396,0.137577
73220,0.034634,0.026163,0.159132
73230,0.024326,0.018142,0.135706
73240,0.031521,0.023797,0.153953
73250,0.027599,0.020575,0.149254
73260,0.029769,0.022549,0.154864
73270,0.013620,0.010073,0.122703
73280,0.031934,0.024249,0.154506
73290,0.012052,0.009050,0.087058
73300,0.016008,0.011874,0.111310
73310,0.026794,0.020135,0.145197
73320,0.018926,0.014445,0.116668
73330,0.019668,0.014676,0.151974
73340,0.014951,0.011087,0.135875
73350,0.024174,0.018208,0.142380
73360,0.013437,0.009896,0.138046
73370,0.035618,0.026202,0.167277
73380,0.026347,0.019570,0.141690
73390,0.028621,0.021496,0.140292
73400,0.036433,0.027565,0.166198
73410,0.027451,0.021110,0.143890
73420,0.010809,0.008200,0.105440
73430,0.041994,0.031970,0.186385
73440,0.013880,0.010149,0.124358
73450,0.015993,0.012024,0.117210
73460,0.014957,0.010909,0.113824
73470,0.035062,0.026693,0.169221
73480,0.013958,0.010427,0.058180
73490,0.039030,0.029442,0.180133
73500,0.028892,0.021962,0.119197
73510,0.023606,0.017568,0.130091
73520,0.039551,0.030315,0.172308
73530,0.037394,0.028325,0.184413
73540,0.034077,0.025745,0.158239
73550,0.011775,0.008799,0.102185
73560,0.028509,0.021283,0.137349
73570,0.033023,0.025075,0.153485
73580,0.005367,0.003807,0.114357
73590,0.032437,0.024725,0.137518
73600,0.021937,0.016318,0.129717
73610,0.002657,0.002035,0.026809
73620,0.009113,0.006539,0.085747
73630,0.037604,0.028560,0.149603
73640,0.015329,0.011220,0.136541
73650,0.023171,0.017699,0.117041
73660,0.008852,0.006514,0.083103
73670,0.031882,0.023955,0.146121
73680,0.032339,0.024506,0.149285
73690,0.027389,0.020792,0.152194
73700,0.025653,0.019051,0.145554
73710,0.049369,0.037992,0.196777
73720,0.042747,0.033029,0.198882
73730,0.020082,0.014993,0.093484
73740,0.018305,0.013741,0.125026
73750,0.027709,0.021083,0.145636
73760,0.003513,0.002540,0.050168
73770,0.010131,0.007468,0.103917
73780,0.030171,0.022690,0.131060
73790,0.021602,0.015996,0.124491
73800,0.026585,0.020204,0.137696
73810,0.031944,0.024400,0.156780
73820,0.021979,0.016994,0.125784
73830,0.019577,0.014246,0.139810
73840,0.022162,0.016371,0.123574
73850,0.026302,0.019531,0.135306
73860,0.032225,0.024241,0.147062
73870,0.046754,0.035773,0.202773
73880,0.040164,0.030604,0.176016
73890,0.016443,0.012520,0.110231
73900,0.034845,0.026295,0.154015
73910,0.011882,0.009278,0.081277
73920,0.001277,0.001055,0.151199
73930,0.049776,0.038050,0.227253
73940,0.034250,0.026437,0.140017
73950,0.001731,0.001180,0.082214
73960,0.027319,0.021117,0.127016
73970,0.004862,0.003801,0.043398
73980,0.042403,0.032434,0.190621
73990,0.027180,0.020467,0.145684
74000,0.017343,0.013168,0.130561
74010,0.012901,0.009308,0.097038
74020,0.037864,0.028379,0.169716
74030,0.039216,0.028039,0.169257
74040,0.041338,0.031537,0.180267
74050,0.033686,0.025540,0.145683
74060,0.000005,0.000010,0.000025
74070,0.038775,0.029304,0.174942
74080,0.034158,0.026078,0.183077
74090,0.026622,0.020041,0.132143
74100,0.028652,0.021543,0.151782
74110,0.053137,0.041118,0.199429
74120,0.015596,0.011075,0.115570
74130,0.051234,0.039143,0.213877
74140,0.029139,0.021736,0.148187
74150,0.019427,0.014559,0.094127
74160,0.007030,0.005997,0.054579
74170,0.011493,0.008686,0.088422
74180,0.016846,0.012641,0.086601
74190,0.054421,0.041735,0.209547
74200,0.018888,0.014259,0.125286
74210,0.016611,0.015291,0.106521
74220,0.029061,0.022282,0.152152
74230,0.037956,0.029108,0.159452
74240,0.023820,0.017842,0.133794
74250,0.013110,0.009793,0.120345
74260,0.011286,0.008657,0.108290
74270,0.038340,0.029618,0.174616
74280,0.037024,0.027853,0.169319
74290,0.019998,0.015275,0.098775
74300,0.028618,0.021631,0.140259
74310,0.004862,0.003609,0.057736
74320,0.031744,0.023413,0.168705
74330,0.025552,0.020015,0.148415
74340,0.034309,0.025983,0.165978
74350,0.034530,0.026468,0.162584
74360,0.032604,0.024683,0.156588
74370,0.018958,0.014235,0.120117
74380,0.013333,0.009782,0.125146
74390,0.020468,0.015491,0.124108
74400,0.025522,0.019752,0.120375
74410,0.016700,0.012657,0.120190
74420,0.025527,0.019366,0.146704
74430,0.041889,0.031762,0.156475
74440,0.005732,0.004344,0.042233
74450,0.027983,0.021749,0.169908
74460,0.010774,0.008167,0.154849
74470,0.025864,0.019341,0.158130
74480,0.003219,0.002404,0.057299
74490,0.002435,0.001701,0.099019
74500,0.056001,0.042543,0.203679
74510,0.032876,0.024973,0.140439
74520,0.021172,0.016037,0.104733
74530,0.037471,0.028388,0.167540
74540,0.012466,0.009387,0.097244
74550,0.014187,0.010711,0.110020
74560,0.033310,0.025183,0.159694
74570,0.022260,0.017249,0.135425
74580,0.033050,0.025126,0.151291
74590,0.032390,0.024634,0.133959
74600,0.034368,0.026275,0.161640
74610,0.015183,0.011288,0.116223
74620,0.058144,0.044709,0.223297
74630,0.018965,0.014418,0.099721
74640,0.041977,0.032160,0.167568
74650,0.037035,0.027876,0.143542
74660,0.019423,0.014087,0.140315
74670,0.047717,0.036540,0.189976
74680,0.025712,0.019518,0.118612
74690,0.023497,0.017909,0.141781
74700,0.032700,0.024532,0.161454
74710,0.036399,0.028082,0.159540
74720,0.013285,0.010351,0.106822
74730,0.019502,0.014623,0.124277
74740,0.006293,0.004682,0.110137
74750,0.003183,0.002243,0.022024
74760,0.008270,0.005787,0.122558
74770,0.030965,0.023421,0.149193
74780,0.031423,0.023705,0.134191
74790,0.030076,0.022726,0.123971
74800,0.032922,0.024729,0.141742
74810,0.027914,0.021207,0.153655
74820,0.000501,0.000334,0.161162
74830,0.014373,0.010794,0.119400
74840,0.030481,0.022858,0.143055
74850,0.014070,0.010211,0.118426
74860,0.016297,0.012188,0.126470
74870,0.014120,0.010502,0.117452
74880,0.025525,0.019203,0.116808
74890,0.034301,0.026393,0.192686
74900,0.019231,0.014614,0.122371
74910,0.014260,0.010947,0.100997
74920,0.010197,0.007437,0.095757
74930,0.028727,0.021437,0.148088
74940,0.000003,0.000002,0.000008
74950,0.011137,0.008221,0.114270
74960,0.043743,0.033186,0.174547
74970,0.022190,0.016921,0.102220
74980,0.035946,0.027191,0.166044
74990,0.033340,0.025249,0.150119
75000,0.017208,0.014083,0.143257
75010,0.048050,0.036133,0.200990
75020,0.014638,0.010661,0.092216
75030,0.037532,0.028526,0.167687
75040,0.022271,0.016794,0.183927
75050,0.002227,0.001793,0.385551
75060,0.032949,0.024817,0.146617
75070,0.000001,0.000002,0.000005
75080,0.012605,0.009937,0.158894
75090,0.016350,0.012263,0.086639
75100,0.023073,0.017291,0.101135
75110,0.042952,0.032817,0.190262
75120,0.002044,0.001458,0.379946
75130,0.032055,0.024011,0.155201
75140,0.020035,0.014625,0.148684
75150,0.023433,0.017454,0.137439
75160,0.023294,0.017919,0.131892
75170,0.036133,0.027495,0.162155
75180,0.021969,0.015692,0.138379
75190,0.056832,0.043179,0.212689
75200,0.032585,0.024353,0.185160
75210,0.034443,0.025955,0.160414
75220,0.018582,0.013765,0.115657
75230,0.018052,0.015841,0.096320
75240,0.034160,0.026165,0.164283
75250,0.038285,0.029095,0.168902
75260,0.003488,0.002859,0.113667
75270,0.036574,0.027905,0.163423
75280,0.018603,0.014158,0.134357
75290,0.025889,0.019344,0.144199
75300,0.017811,0.013383,0.129102
75310,0.026696,0.020214,0.146976
75320,0.043577,0.033037,0.175924
75330,0.012988,0.010006,0.112995
75340,0.031446,0.023752,0.157930
75350,0.012724,0.009527,0.108142
75360,0.043491,0.033268,0.165665
75370,0.029062,0.022175,0.153547
75380,0.019400,0.014722,0.104345
75390,0.014684,0.011262,0.098585
75400,0.038274,0.029806,0.154925
75410,0.016603,0.012554,0.094718
75420,0.014950,0.011175,0.096892
75430,0.058994,0.043463,0.251831
75440,0.053705,0.040067,0.211914
75450,0.023774,0.018027,0.145378
75460,0.018343,0.014064,0.119456
75470,0.025798,0.018867,0.149473
75480,0.015139,0.011122,0.116526
75490,0.018750,0.014565,0.103720
75500,0.045356,0.034488,0.188159
75510,0.054492,0.041813,0.211288
75520,0.027406,0.020835,0.137338
75530,0.020661,0.015479,0.115663
75540,0.005893,0.004351,0.045074
75550,0.024956,0.018807,0.136223
75560,0.000518,0.000342,0.187267
75570,0.017290,0.012602,0.138067
75580,0.004621,0.002961,0.149914
75590,0.035083,0.026929,0.156014
75600,0.025522,0.019177,0.139063
75610,0.042332,0.031808,0.187940
75620,0.017863,0.013885,0.132417
75630,0.019178,0.014446,0.125758
75640,0.014850,0.011225,0.109859
75650,0.026391,0.020024,0.108673
75660,0.027727,0.021814,0.122989
75670,0.004541,0.003535,0.081803
75680,0.053697,0.040747,0.205967
75690,0.031531,0.023919,0.149052
75700,0.015147,0.010940,0.106397
75710,0.014541,0.011015,0.098571
75720,0.033949,0.026043,0.162602
75730,0.041275,0.031433,0.183604
75740,0.028676,0.021319,0.150143
75750,0.026303,0.019523,0.147874
75760,0.029216,0.023001,0.184441
75770,0.011129,0.007970,0.097509
75780,0.011951,0.008905,0.093863
75790,0.026878,0.019895,0.144521
75800,0.017421,0.012899,0.109021
75810,0.028214,0.021180,0.141018
75820,0.042269,0.032184,0.182717
75830,0.022419,0.017021,0.134737
75840,0.005730,0.004460,0.154610
75850,0.058919,0.044576,0.222147
75860,0.042003,0.031889,0.182135
75870,0.013094,0.009684,0.101927
75880,0.010062,0.007471,0.088234
75890,0.027432,0.020610,0.118132
75900,0.028330,0.021419,0.155145
75910,0.024471,0.018781,0.106129
75920,0.022847,0.017244,0.128248
75930,0.028226,0.021551,0.147420
75940,0.019851,0.014927,0.120156
75950,0.019695,0.014946,0.117253
75960,0.035070,0.026646,0.152219
75970,0.019495,0.014790,0.112236
75980,0.037409,0.028311,0.166252
75990,0.010797,0.008432,0.113402
76000,0.006186,0.004585,0.052370
76010,0.018941,0.015205,0.123495
76020,0.030405,0.023022,0.151868
76030,0.030748,0.023605,0.111155
76040,0.013240,0.009893,0.115014
76050,0.017944,0.014028,0.128834
76060,0.025436,0.018749,0.149555
76070,0.034270,0.033319,0.188178
76080,0.036155,0.026640,0.164583
76090,0.045127,0.034709,0.197537
76100,0.022880,0.017521,0.122469
76110,0.015073,0.011111,0.113152
76120,0.020855,0.015562,0.126336
76130,0.024772,0.018864,0.108233
76140,0.017436,0.012621,0.123835
76150,0.037009,0.027949,0.146933
76160,0.010264,0.007761,0.102450
76170,0.028728,0.021348,0.147027
76180,0.026492,0.019932,0.145205
76190,0.033941,0.025870,0.169051
76200,0.035496,0.027126,0.182845
76210,0.016828,0.013767,0.090157
76220,0.044915,0.034146,0.188964
76230,0.014294,0.010224,0.114675
76240,0.025069,0.019448,0.168797
76250,0.017746,0.013419,0.159231
76260,0.035527,0.027043,0.160524
76270,0.024871,0.019091,0.148248
76280,0.003374,0.002780,0.022947
76290,0.022667,0.017008,0.112112
76300,0.023459,0.017429,0.108663
76310,0.012078,0.008968,0.064035
76320,0.015375,0.011633,0.125265
76330,0.045725,0.034927,0.185471
76340,0.010685,0.007279,0.070349
76350,0.010793,0.008661,0.116313
76360,0.030051,0.022835,0.138880
76370,0.031607,0.023810,0.169190
76380,0.023069,0.017271,0.131932
76390,0.014094,0.010396,0.115706
76400,0.051291,0.039049,0.192894
76410,0.019420,0.014064,0.167691
76420,0.031267,0.023809,0.151130
76430,0.019867,0.015039,0.136648
76440,0.004338,0.003434,0.034065
76450,0.017371,0.013495,0.096138
76460,0.018119,0.013579,0.125254
76470,0.039356,0.029851,0.163957
76480,0.014498,0.010916,0.063186
76490,0.034900,0.026242,0.164596
76500,0.006846,0.006509,0.636935
76510,0.045625,0.034453,0.194272
76520,0.064466,0.048498,0.224970
76530,0.018562,0.012797,0.148622
76540,0.015472,0.011499,0.116209
76550,0.014074,0.010510,0.117783
76560,0.019587,0.014529,0.095373
76570,0.022821,0.017139,0.149760
76580,0.026097,0.019574,0.108447
76590,0.027464,0.020861,0.162255
76600,0.014226,0.010713,0.095851
76610,0.020352,0.015501,0.119284
76620,0.051450,0.039267,0.208253
76630,0.047365,0.036525,0.179691
76640,0.020266,0.015677,0.119012
76650,0.019956,0.014801,0.141919
76660,0.017240,0.012730,0.122740
76670,0.009498,0.007337,0.064604
76680,0.016579,0.012530,0.116491
76690,0.045849,0.035224,0.190014
76700,0.008832,0.006952,0.058830
76710,0.031711,0.024198,0.156584
76720,0.013468,0.010213,0.089315
76730,0.014709,0.010364,0.140362
76740,0.016220,0.012187,0.093802
76750,0.012047,0.008875,0.103925
76760,0.027476,0.020996,0.136342
76770,0.029667,0.022563,0.127894
76780,0.027073,0.020595,0.157095
76790,0.025364,0.019127,0.141119
76800,0.028088,0.021322,0.121711
76810,0.017276,0.012993,0.143487
76820,0.017874,0.013349,0.145267
76830,0.017625,0.013190,0.126217
76840,0.023465,0.018554,0.148315
76850,0.028058,0.021120,0.155354
76860,0.014024,0.010190,0.112054
76870,0.015461,0.011158,0.119543
76880,0.012133,0.009548,0.095383
76890,0.012429,0.009455,0.074779
76900,0.032161,0.024562,0.168794
76910,0.018277,0.013873,0.123422
76920,0.014578,0.011007,0.109209
76930,0.031603,0.023281,0.131112
76940,0.007356,0.005662,0.062194
76950,0.020000,0.014840,0.132603
76960,0.024986,0.018671,0.118521
76970,0.013284,0.009884,0.145739
76980,0.026122,0.020071,0.150020
76990,0.046658,0.035546,0.198299
77000,0.011885,0.008912,0.118468
77010,0.051017,0.039173,0.201811
77020,0.031456,0.023897,0.142401
77030,0.006996,0.004730,0.044403
77040,0.033705,0.025246,0.160246
77050,0.015782,0.011746,0.126115
77060,0.033727,0.025791,0.163965
77070,0.023126,0.017502,0.104119
77080,0.004154,0.003323,0.073115
77090,0.033490,0.026055,0.148734
77100,0.028829,0.021772,0.139806
77110,0.021257,0.016358,0.094157
77120,0.013924,0.009884,0.110623
77130,0.023649,0.017854,0.138956
77140,0.000002,0.000002,0.000007
77150,0.012266,0.009601,0.174921
77160,0.033762,0.025163,0.160766
77170,0.027048,0.020593,0.131566
77180,0.002115,0.001479,0.130637
77190,0.020460,0.015236,0.127253
77200,0.019435,0.014666,0.117537
77210,0.037599,0.028571,0.162646
77220,0.020993,0.015461,0.121356
77230,0.025580,0.019282,0.136371
77240,0.038187,0.030254,0.147601
77250,0.014886,0.012245,0.177829
77260,0.027201,0.020732,0.153750
77270,0.021964,0.016400,0.138147
77280,0.032039,0.024228,0.145981
77290,0.024910,0.018755,0.130870
77300,0.004554,0.003612,0.027484
77310,0.012091,0.009046,0.106928
77320,0.027154,0.020225,0.140799
77330,0.007821,0.005930,0.043923
77340,0.027356,0.020620,0.152441
77350,0.037061,0.027867,0.157513
77360,0.033706,0.025398,0.151775
77370,0.017402,0.013423,0.120758
77380,0.003969,0.002785,0.093951
77390,0.038868,0.029360,0.170446
77400,0.021185,0.015892,0.137803
77410,0.015778,0.012034,0.118705
77420,0.027211,0.020534,0.144879
77430,0.019039,0.014634,0.126470
77440,0.036189,0.027150,0.169517
77450,0.019330,0.014671,0.102491
77460,0.022823,0.017273,0.138784
77470,0.021422,0.015843,0.122780
77480,0.027120,0.020424,0.144144
77490,0.013579,0.010657,0.222844
77500,0.014139,0.010540,0.115538
77510,0.013834,0.010377,0.106175
77520,0.022858,0.017906,0.093571
77530,0.014064,0.010643,0.081195
77540,0.027266,0.020462,0.146428
77550,0.019829,0.014990,0.102685
77560,0.040574,0.030468,0.173031
77570,0.029123,0.022318,0.119923
77580,0.023905,0.017815,0.130994
77590,0.029580,0.022375,0.152867
77600,0.016616,0.012179,0.135023
77610,0.019971,0.014837,0.138477
77620,0.020852,0.015747,0.136988
77630,0.030860,0.023137,0.148748
77640,0.044820,0.034775,0.202803
77650,0.025501,0.019289,0.136985
77660,0.027721,0.020877,0.133773
77670,0.038654,0.029052,0.167567
77680,0.010001,0.007823,0.046009
77690,0.026979,0.020760,0.131547
77700,0.058437,0.044902,0.222044
77710,0.016757,0.012508,0.126277
77720,0.013845,0.010686,0.085458
77730,0.038491,0.029586,0.166673
77740,0.017072,0.013365,0.086935
77750,0.032735,0.024871,0.162224
77760,0.022150,0.016468,0.139425
77770,0.025892,0.019661,0.137049
77780,0.001576,0.001193,0.113991
77790,0.011622,0.008561,0.094325
77800,0.012964,0.009422,0.123700
77810,0.033145,0.024992,0.163185
77820,0.027061,0.020530,0.156570
77830,0.029676,0.022081,0.174419
77840,0.034431,0.026150,0.177050
77850,0.014940,0.011608,0.117658
77860,0.029158,0.022226,0.136866
77870,0.012526,0.009567,0.070686
77880,0.019984,0.014863,0.143542
77890,0.021601,0.015903,0.129966
77900,0.020494,0.015320,0.126700
77910,0.014918,0.011054,0.123478
77920,0.020432,0.015835,0.148346
77930,0.031313,0.023620,0.150596
77940,0.017582,0.012635,0.135164
77950,0.041728,0.031349,0.181271
77960,0.026246,0.019743,0.136330
77970,0.027490,0.021187,0.150414
77980,0.020310,0.015430,0.150649
77990,0.033172,0.024715,0.165637
78000,0.012287,0.009058,0.064450
78010,0.019073,0.014296,0.072237
78020,0.040133,0.030572,0.179693
78030,0.016417,0.012398,0.101934
78040,0.025045,0.018797,0.129094
78050,0.026530,0.019629,0.114552
78060,0.005790,0.004356,0.040430
78070,0.027091,0.020347,0.119637
78080,0.001597,0.001108,0.114029
78090,0.040404,0.030404,0.177175
78100,0.020365,0.015108,0.115358
78110,0.033211,0.025840,0.144280
78120,0.024511,0.018366,0.143314
78130,0.031888,0.025039,0.156590
78140,0.014923,0.011413,0.082890
78150,0.020960,0.015636,0.102637
78160,0.028677,0.021230,0.150842
78170,0.025074,0.018930,0.131981
78180,0.018418,0.013489,0.124904
78190,0.009539,0.007469,0.097569
78200,0.018120,0.013499,0.108183
78210,0.003948,0.002853,0.177012
78220,0.027605,0.020902,0.149410
78230,0.014384,0.010805,0.116195
78240,0.006609,0.004710,0.097078
78250,0.008836,0.006533,0.110882
78260,0.011535,0.008348,0.066201
78270,0.036339,0.027912,0.165549
78280,0.022586,0.017243,0.137833
78290,0.003295,0.002449,0.081629
78300,0.020870,0.015160,0.146593
78310,0.019798,0.015143,0.086360
78320,0.036609,0.027998,0.144042
78330,0.035339,0.026758,0.161502
78340,0.043119,0.032945,0.180824
78350,0.026565,0.020083,0.151213
78360,0.043743,0.033838,0.178691
78370,0.046264,0.034983,0.196627
78380,0.027569,0.021041,0.150675
78390,0.027791,0.021028,0.136019
78400,0.044540,0.034087,0.180643
78410,0.026538,0.020962,0.145790
78420,0.023478,0.017925,0.108829
78430,0.039673,0.030254,0.182056
78440,0.060331,0.046487,0.219406
78450,0.023148,0.017057,0.129936
78460,0.016272,0.012272,0.125453
78470,0.007984,0.005775,0.080034
78480,0.029496,0.022224,0.143559
78490,0.020536,0.015262,0.101130
78500,0.027421,0.020443,0.158049
78510,0.006019,0.004542,0.024694
78520,0.018548,0.014201,0.136463
78530,0.034799,0.026427,0.157174
78540,0.021730,0.016053,0.144106
78550,0.018416,0.014095,0.099236
78560,0.037008,0.028114,0.149502
78570,0.018622,0.014473,0.125240
78580,0.016312,0.012894,0.169160
78590,0.012511,0.009519,0.109639
78600,0.028413,0.021353,0.134691
78610,0.014088,0.010513,0.110544
78620,0.024108,0.018100,0.132049
78630,0.017030,0.012553,0.115512
78640,0.029879,0.023012,0.116026
78650,0.031291,0.023352,0.167745
78660,0.021158,0.015436,0.121173
78670,0.021620,0.016733,0.106407
78680,0.004041,0.002868,0.128300
78690,0.027055,0.020339,0.146778
78700,0.014067,0.010453,0.120667
78710,0.025573,0.019413,0.145430
78720,0.037096,0.028119,0.172064
78730,0.028913,0.021600,0.108361
78740,0.032522,0.024566,0.153253
78750,0.013597,0.010165,0.074384
78760,0.026317,0.020064,0.118615
78770,0.035698,0.027007,0.139168
78780,0.037377,0.028288,0.164183
78790,0.005287,0.003817,0.100772
78800,0.001392,0.001031,0.091989
78810,0.044617,0.034071,0.182031
78820,0.032651,0.024850,0.157789
78830,0.004956,0.003481,0.118252
78840,0.019661,0.014698,0.111943
78850,0.018241,0.013911,0.136082
78860,0.000606,0.000367,0.100679
78870,0.021137,0.016177,0.112302
78880,0.026247,0.019599,0.135640
78890,0.015942,0.012441,0.114346
78900,0.032262,0.024371,0.146530
78910,0.033660,0.025757,0.152647
78920,0.021065,0.016079,0.121614
78930,0.002761,0.001850,0.226291
78940,0.020413,0.015262,0.136766
78950,0.021206,0.016390,0.139021
78960,0.022068,0.016834,0.128614
78970,0.013230,0.009780,0.107883
78980,0.024620,0.019010,0.115992
78990,0.024286,0.018729,0.163728
79000,0.047555,0.035870,0.192175
79010,0.022482,0.016874,0.151174
79020,0.025639,0.019935,0.136449
79030,0.021236,0.016101,0.152219
79040,0.034307,0.026131,0.150204
79050,0.044135,0.033257,0.180127
79060,0.007940,0.006004,0.119902
79070,0.012963,0.009658,0.116911
79080,0.039881,0.030393,0.155698
79090,0.012252,0.008959,0.110247
79100,0.034760,0.026147,0.167486
79110,0.004703,0.003279,0.103588
79120,0.032572,0.024670,0.153106
79130,0.031113,0.023581,0.150294
79140,0.021414,0.015767,0.125768
79150,0.010779,0.008355,0.099492
79160,0.023275,0.017607,0.152702
79170,0.012124,0.009036,0.075334
79180,0.016716,0.012610,0.116661
79190,0.016149,0.012217,0.141276
79200,0.015961,0.012294,0.083243
79210,0.015515,0.011699,0.128530
79220,0.011834,0.008841,0.070470
79230,0.023595,0.017813,0.109928
79240,0.048754,0.036977,0.178373
79250,0.039052,0.030036,0.174157
79260,0.014013,0.010607,0.101785
79270,0.003594,0.002611,0.089354
79280,0.026004,0.019599,0.146193
79290,0.032086,0.024975,0.185822
79300,0.032886,0.025058,0.159490
79310,0.030882,0.023254,0.154465
79320,0.022265,0.016911,0.121191
79330,0.030398,0.023518,0.157467
79340,0.028501,0.021574,0.135499
79350,0.030434,0.023132,0.145243
79360,0.029752,0.022755,0.152846
79370,0.038885,0.029533,0.171912
79380,0.002697,0.002023,0.056814
79390,0.023206,0.017575,0.136747
79400,0.027826,0.020861,0.145117
79410,0.031409,0.024336,0.125592
79420,0.013776,0.010556,0.116765
79430,0.005646,0.004323,0.096870
79440,0.029228,0.022395,0.166966
79450,0.026997,0.020582,0.136356
79460,0.069972,0.051631,0.240467
79470,0.015287,0.011696,0.106776
79480,0.037750,0.028974,0.178567
79490,0.021203,0.015885,0.092762
79500,0.032080,0.024158,0.150389
79510,0.029028,0.021325,0.159322
79520,0.019355,0.015174,0.093597
79530,0.017127,0.012872,0.145102
79540,0.016146,0.012341,0.085545
79550,0.017341,0.013143,0.105457
79560,0.015161,0.011499,0.113370
79570,0.014862,0.011264,0.133869
79580,0.044988,0.034055,0.189748
79590,0.026520,0.019887,0.128792
79600,0.026100,0.019566,0.143957
79610,0.004412,0.003208,0.091547
79620,0.037931,0.029118,0.148845
79630,0.029274,0.021918,0.146448
79640,0.015811,0.012300,0.180617
79650,0.023966,0.017530,0.155805
79660,0.016238,0.012189,0.129203
79670,0.031211,0.023929,0.152869
79680,0.032582,0.023437,0.167933
79690,0.025008,0.018993,0.112439
79700,0.042696,0.032494,0.181635
79710,0.021622,0.015926,0.148786
79720,0.039860,0.030577,0.181718
79730,0.043561,0.033043,0.183398
79740,0.045390,0.034381,0.181578
79750,0.045440,0.034578,0.184992
79760,0.022440,0.016972,0.133643
79770,0.021004,0.016100,0.128851
79780,0.006267,0.004730,0.120194
79790,0.013706,0.010200,0.126175
79800,0.047728,0.036593,0.196101
79810,0.024500,0.018521,0.118076
79820,0.030059,0.022790,0.145392
79830,0.079074,0.062348,0.264609
79840,0.029390,0.022370,0.145586
79850,0.041043,0.030313,0.172265
79860,0.012416,0.009312,0.112950
79870,0.013125,0.009637,0.118714
79880,0.011895,0.008694,0.102866
79890,0.034268,0.026085,0.167934
79900,0.031147,0.023580,0.153490
79910,0.000064,0.000084,0.000229
79920,0.029745,0.022442,0.133255
79930,0.014076,0.010500,0.125948
79940,0.032005,0.023779,0.159950
79950,0.025943,0.019715,0.164479
79960,0.034211,0.025984,0.165640
79970,0.040777,0.030904,0.171534
79980,0.046619,0.035622,0.186239
79990,0.016502,0.012373,0.140524
80000,0.017384,0.013033,0.111779
80010,0.045229,0.034715,0.195427
80020,0.034678,0.025911,0.162126
80030,0.019753,0.014771,0.130726
80040,0.039582,0.030137,0.189293
80050,0.030029,0.023245,0.152580
80060,0.019519,0.014948,0.135078
80070,0.045481,0.034195,0.198432
80080,0.001204,0.000809,0.074830
80090,0.022713,0.017518,0.106689
80100,0.032692,0.024709,0.156387
80110,0.049877,0.037867,0.196815
80120,0.010855,0.008220,0.053158
80130,0.015449,0.011294,0.121585
80140,0.008958,0.006613,0.099576
80150,0.044483,0.033902,0.173506
80160,0.000459,0.000357,0.045218
80170,0.005803,0.004593,0.031715
80180,0.002760,0.001973,0.019999
80190,0.019353,0.014599,0.144430
80200,0.026267,0.020027,0.136395
80210,0.010347,0.007473,0.116438
80220,0.017332,0.012768,0.109580
80230,0.030043,0.022478,0.151811
80240,0.010257,0.007938,0.156208
80250,0.020988,0.015827,0.101958
80260,0.028691,0.021706,0.150607
80270,0.000001,0.000002,0.000005
80280,0.026069,0.019361,0.146564
80290,0.016784,0.012565,0.083638
80300,0.019207,0.014770,0.133720
80310,0.029966,0.022417,0.148034
80320,0.035000,0.026835,0.155890
80330,0.039440,0.029753,0.156571
80340,0.030860,0.023522,0.148240
80350,0.014953,0.011085,0.110261
80360,0.007864,0.005938,0.078283
80370,0.030966,0.023240,0.151884
80380,0.047509,0.035747,0.191438
80390,0.018762,0.013945,0.121687
80400,0.011424,0.008726,0.096624
80410,0.013458,0.010351,0.108978
80420,0.048039,0.036728,0.206409
80430,0.014210,0.010456,0.122068
80440,0.012946,0.010279,0.089152
80450,0.043860,0.033654,0.181127
80460,0.026001,0.018117,0.199000
80470,0.022403,0.017211,0.108207
80480,0.015278,0.011689,0.123027
80490,0.019805,0.014971,0.089220
80500,0.017561,0.013080,0.100562
80510,0.011572,0.008692,0.100553
80520,0.015798,0.011725,0.131420
80530,0.023160,0.017623,0.127208
80540,0.064515,0.049688,0.227708
80550,0.029258,0.022133,0.143750
80560,0.059343,0.045431,0.213860
80570,0.038804,0.029388,0.168698
80580,0.000007,0.000022,0.000052
80590,0.043142,0.032985,0.178179
80600,0.047579,0.036083,0.192197
80610,0.046347,0.035422,0.207927
80620,0.013286,0.009905,0.094018
80630,0.016398,0.012013,0.123192
80640,0.039415,0.030287,0.177422
80650,0.021788,0.016956,0.134851
80660,0.037339,0.028252,0.171373
80670,0.046945,0.035366,0.187564
80680,0.030054,0.022774,0.153246
80690,0.037773,0.028753,0.172769
80700,0.024382,0.018595,0.137470
80710,0.038319,0.029051,0.187576
80720,0.011826,0.008179,0.135323
80730,0.041594,0.032434,0.192959
80740,0.031732,0.024080,0.157158
80750,0.017506,0.012807,0.116741
80760,0.046131,0.034505,0.199979
80770,0.015999,0.011844,0.138507
80780,0.036080,0.027474,0.165677
80790,0.024246,0.018527,0.125368
80800,0.094830,0.073764,0.373419
80810,0.014773,0.011148,0.105239
80820,0.033930,0.025449,0.164533
80830,0.028558,0.021589,0.141984
80840,0.023038,0.017588,0.128977
80850,0.024108,0.018326,0.136355
80860,0.044979,0.033798,0.181698
80870,0.017530,0.012994,0.123054
80880,0.023603,0.017718,0.128712
80890,0.018182,0.013571,0.117039
80900,0.042834,0.032210,0.187690
80910,0.018679,0.014271,0.100709
80920,0.029677,0.022557,0.159692
80930,0.007781,0.005631,0.111582
80940,0.029743,0.022439,0.126735
80950,0.057270,0.043534,0.214110
80960,0.035897,0.027247,0.160649
80970,0.019955,0.015035,0.129398
80980,0.016922,0.013047,0.097826
80990,0.016239,0.012595,0.127126
81000,0.046665,0.035534,0.186201
81010,0.023629,0.017911,0.131521
81020,0.021781,0.015958,0.121117
81030,0.016920,0.012880,0.114315
81040,0.012589,0.009282,0.102816
81050,0.023531,0.017852,0.136208
81060,0.023461,0.017917,0.122093
81070,0.015864,0.011241,0.147070
81080,0.030084,0.022918,0.151009
81090,0.020284,0.015153,0.129639
81100,0.028576,0.021074,0.151118
81110,0.029350,0.022041,0.151190
81120,0.034519,0.026853,0.173666
81130,0.005340,0.004012,0.040164
81140,0.024735,0.018704,0.129602
81150,0.005510,0.004106,0.064887
81160,0.005370,0.003678,0.130074
81170,0.011347,0.008531,0.104279
81180,0.023376,0.017738,0.136922
81190,0.024970,0.018483,0.119274
81200,0.031402,0.023557,0.151817
81210,0.021565,0.015803,0.154599
81220,0.012383,0.009024,0.098292
81230,0.015524,0.011531,0.137279
81240,0.033198,0.025506,0.166984
81250,0.025629,0.019323,0.133518
81260,0.036109,0.027758,0.162412
81270,0.005529,0.004031,0.087891
81280,0.003080,0.002840,0.031103
81290,0.040947,0.031367,0.164967
81300,0.023316,0.017555,0.111678
81310,0.012462,0.008724,0.106691
81320,0.021344,0.015796,0.136232
81330,0.029456,0.022079,0.134663
81340,0.024661,0.018291,0.139658
81350,0.008236,0.008203,0.047455
81360,0.027119,0.020248,0.136767
81370,0.032089,0.024275,0.149407
81380,0.030164,0.022659,0.147708
81390,0.031677,0.023478,0.155277
81400,0.021057,0.015855,0.126405
81410,0.035975,0.027451,0.164559
81420,0.033362,0.025134,0.148214
81430,0.013399,0.009917,0.098950
81440,0.021053,0.015810,0.121295
81450,0.036531,0.028222,0.171425
81460,0.024504,0.018462,0.136134
81470,0.035049,0.026332,0.156557
81480,0.049421,0.038003,0.194513
81490,0.056028,0.042889,0.223084
81500,0.028261,0.021487,0.148450
81510,0.028336,0.021122,0.139824
81520,0.003276,0.002444,0.128259
81530,0.007136,0.005164,0.048525
81540,0.016056,0.012072,0.107565
81550,0.024728,0.018351,0.126253
81560,0.027396,0.020875,0.127280
81570,0.033860,0.025168,0.160289
81580,0.022497,0.017012,0.133738
81590,0.037937,0.028798,0.165900
81600,0.031221,0.023809,0.166808
81610,0.014683,0.011026,0.115498
81620,0.033939,0.026175,0.169792
81630,0.035836,0.027064,0.148249
81640,0.033701,0.025231,0.127380
81650,0.017867,0.011944,0.253410
81660,0.034226,0.026017,0.161219
81670,0.026160,0.019825,0.144841
81680,0.033926,0.026053,0.177871
81690,0.036072,0.027569,0.163285
81700,0.026613,0.019937,0.135611
81710,0.019183,0.013913,0.107715
81720,0.023345,0.017979,0.105287
81730,0.040648,0.030865,0.171354
81740,0.019174,0.014011,0.121707
81750,0.031754,0.023958,0.161401
81760,0.024605,0.018449,0.139875
81770,0.047489,0.036239,0.193490
81780,0.021160,0.015940,0.098615
81790,0.025553,0.019741,0.138293
81800,0.012587,0.009430,0.097644
81810,0.016530,0.012040,0.123531
81820,0.038746,0.029460,0.144757
81830,0.008849,0.006725,0.052604
81840,0.042326,0.032245,0.179603
81850,0.032152,0.024186,0.154034
81860,0.065786,0.050248,0.234929
81870,0.021986,0.016550,0.127480
81880,0.032757,0.025017,0.156052
81890,0.001938,0.001387,0.154771
81900,0.027764,0.021243,0.136023
81910,0.021937,0.017700,0.158278
81920,0.047930,0.036314,0.195471
81930,0.033042,0.024927,0.157064
81940,0.032612,0.024483,0.161977
81950,0.015616,0.011483,0.117585
81960,0.043820,0.033841,0.186757
81970,0.045114,0.034492,0.186135
81980,0.019211,0.014108,0.135288
81990,0.043953,0.033784,0.169203
82000,0.007809,0.005705,0.142210
82010,0.034542,0.026115,0.153477
82020,0.024875,0.018891,0.139549
82030,0.019033,0.014182,0.132149
82040,0.013845,0.010530,0.103809
82050,0.018408,0.013836,0.115943
82060,0.025660,0.019310,0.119581
82070,0.035532,0.027322,0.184125
82080,0.001577,0.001123,0.078643
82090,0.022668,0.016904,0.099442
82100,0.036519,0.027718,0.140755
82110,0.022574,0.017066,0.131992
82120,0.034806,0.026652,0.148232
82130,0.013562,0.010311,0.078261
82140,0.015956,0.011702,0.117523
82150,0.034393,0.026909,0.150097
82160,0.030490,0.023536,0.161737
82170,0.035413,0.026552,0.159646
82180,0.022459,0.017003,0.107211
82190,0.020829,0.015528,0.142565
82200,0.030384,0.023189,0.132939
82210,0.042171,0.031758,0.181699
82220,0.043494,0.032875,0.181499
82230,0.011310,0.008520,0.097101
82240,0.010659,0.007528,0.096360
82250,0.028140,0.021236,0.149007
82260,0.010387,0.008256,0.045203
82270,0.022282,0.016624,0.148555
82280,0.015046,0.011293,0.114291
82290,0.017207,0.012882,0.138562
82300,0.037811,0.028888,0.170236
82310,0.037223,0.028023,0.167820
82320,0.058690,0.045202,0.213738
82330,0.030178,0.022292,0.145108
82340,0.028122,0.021209,0.139016
82350,0.032863,0.023708,0.165849
82360,0.016141,0.012086,0.118730
82370,0.021205,0.015693,0.129570
82380,0.009209,0.007094,0.152818
82390,0.028227,0.021192,0.129097
82400,0.032113,0.024272,0.165304
82410,0.026201,0.019836,0.155201
82420,0.017813,0.013226,0.093986
82430,0.003108,0.002350,0.127490
82440,0.016046,0.012241,0.103812
82450,0.021928,0.017685,0.157613
82460,0.047909,0.036238,0.189520
82470,0.020941,0.015853,0.111952
82480,0.038967,0.029563,0.182775
82490,0.042039,0.033131,0.193519
82500,0.028727,0.022157,0.154748
82510,0.034408,0.025565,0.164725
82520,0.015835,0.011950,0.082352
82530,0.023382,0.017472,0.134037
82540,0.037304,0.028372,0.159373
82550,0.038215,0.028952,0.156203
82560,0.035378,0.026764,0.158802
82570,0.026758,0.020050,0.137339
82580,0.011898,0.009224,0.118936
82590,0.015917,0.012093,0.114693
82600,0.019360,0.014420,0.129333
82610,0.030260,0.022745,0.148981
82620,0.022747,0.017080,0.138644
82630,0.044717,0.033713,0.167818
82640,0.027440,0.020761,0.114652
82650,0.028973,0.022023,0.142751
82660,0.004988,0.003660,0.105036
82670,0.015143,0.011360,0.104853
82680,0.027662,0.020708,0.123932
82690,0.027357,0.020228,0.138563
82700,0.032728,0.024791,0.163915
82710,0.031633,0.023882,0.147278
82720,0.024621,0.018646,0.131833
82730,0.020223,0.015606,0.087005
82740,0.048671,0.036562,0.192286
82750,0.024900,0.018850,0.138503
82760,0.022484,0.016804,0.136651
82770,0.022128,0.016437,0.135343
82780,0.031367,0.023728,0.149311
82790,0.022600,0.016964,0.137545
82800,0.022397,0.016776,0.140571
82810,0.032651,0.024901,0.147776
82820,0.008150,0.006260,0.069242
82830,0.044449,0.033933,0.184673
82840,0.023999,0.017889,0.138025
82850,0.021278,0.015898,0.126536
82860,0.019547,0.014507,0.125714
82870,0.017970,0.013662,0.115675
82880,0.025613,0.019288,0.140832
82890,0.022415,0.016807,0.125602
82900,0.016955,0.012613,0.123070
82910,0.030005,0.022313,0.157293
82920,0.024939,0.018603,0.146971
82930,0.042042,0.031931,0.163059
82940,0.021506,0.015795,0.139312
82950,0.008989,0.006330,0.113090
82960,0.018395,0.014289,0.121444
82970,0.035417,0.026654,0.165375
82980,0.055518,0.041767,0.200108
82990,0.033463,0.025390,0.168962
83000,0.021854,0.016320,0.148402
83010,0.011114,0.008072,0.089850
83020,0.027712,0.021178,0.127685
83030,0.015690,0.011511,0.116061
83040,0.039568,0.030162,0.172019
83050,0.019678,0.014747,0.131237
83060,0.061953,0.050301,0.246189
83070,0.028861,0.021874,0.153647
83080,0.028289,0.022044,0.156280
83090,0.040907,0.031104,0.181988
83100,0.002675,0.002229,0.018324
83110,0.033513,0.025447,0.157629
83120,0.002745,0.002111,0.118820
83130,0.042500,0.032042,0.181168
83140,0.028708,0.022854,0.127572
83150,0.028998,0.022108,0.150495
83160,0.025760,0.019493,0.134098
83170,0.042626,0.032083,0.200868
83180,0.004134,0.002928,0.086234
83190,0.025397,0.019292,0.126192
83200,0.022208,0.016526,0.153796
83210,0.027966,0.021125,0.135640
83220,0.021578,0.015822,0.132048
83230,0.011084,0.008203,0.065625
83240,0.046727,0.035534,0.186837
83250,0.038187,0.029119,0.173664
83260,0.032139,0.024560,0.156646
83270,0.009300,0.007069,0.098363
83280,0.032682,0.024773,0.160585
83290,0.020709,0.021427,0.204962
83300,0.013103,0.009734,0.107241
83310,0.044677,0.034576,0.199982
83320,0.013806,0.010226,0.080070
83330,0.035570,0.027089,0.172839
83340,0.034736,0.026225,0.163248
83350,0.032798,0.024958,0.162493
83360,0.032255,0.024555,0.154093
83370,0.020700,0.015994,0.145364
83380,0.010500,0.007552,0.106940
83390,0.018117,0.013381,0.128820
83400,0.019997,0.015176,0.101644
83410,0.002689,0.002006,0.111044
83420,0.002447,0.001755,0.063802
83430,0.028304,0.021105,0.143490
83440,0.026862,0.021016,0.135373
83450,0.010503,0.007785,0.150939
83460,0.023634,0.017137,0.156397
83470,0.015936,0.011788,0.124125
83480,0.016692,0.012668,0.129581
83490,0.024768,0.018514,0.140459
83500,0.011375,0.008352,0.070627
83510,0.053521,0.040852,0.217199
83520,0.054958,0.041485,0.219722
83530,0.015735,0.011586,0.077338
83540,0.014504,0.010657,0.105816
83550,0.020035,0.015265,0.134263
83560,0.025700,0.019305,0.137954
83570,0.044008,0.033465,0.196085
83580,0.019043,0.014338,0.126254
83590,0.018240,0.013718,0.136465
83600,0.017102,0.012850,0.096316
83610,0.031879,0.024060,0.150589
83620,0.017173,0.013641,0.077721
83630,0.001704,0.001208,0.017331
83640,0.059763,0.046458,0.236772
83650,0.027334,0.020423,0.137584
83660,0.044052,0.033471,0.185920
83670,0.017491,0.013404,0.142219
83680,0.003124,0.002129,0.071873
83690,0.038918,0.029603,0.173699
83700,0.033378,0.025536,0.148114
83710,0.008695,0.006431,0.061137
83720,0.032303,0.024212,0.157272
83730,0.020709,0.015509,0.131172
83740,0.018634,0.015204,0.113559
83750,0.010822,0.007836,0.106458
83760,0.017683,0.012877,0.112155
83770,0.006594,0.005161,0.414366
83780,0.027785,0.020594,0.143689
83790,0.035692,0.027158,0.158610
83800,0.028435,0.021415,0.148436
83810,0.015112,0.011206,0.125326
83820,0.034822,0.026251,0.156746
83830,0.041762,0.031607,0.181400
83840,0.020066,0.015166,0.124229
83850,0.045157,0.034785,0.181008
83860,0.031110,0.023758,0.128861
83870,0.006916,0.005058,0.053760
83880,0.010021,0.007474,0.136279
83890,0.046554,0.035071,0.186663
83900,0.023594,0.017770,0.155328
83910,0.050376,0.038567,0.197895
83920,0.040757,0.031292,0.154002
83930,0.004973,0.003465,0.090076
83940,0.025127,0.018999,0.132073
83950,0.023511,0.017891,0.142981
83960,0.024256,0.018590,0.139900
83970,0.026802,0.019892,0.151073
83980,0.006625,0.004896,0.053263
83990,0.038622,0.029284,0.171587
84000,0.017365,0.012818,0.118197
84010,0.047737,0.036628,0.187321
84020,0.021482,0.016631,0.128179
84030,0.012885,0.009640,0.114738
84040,0.020117,0.015186,0.119423
84050,0.028549,0.021263,0.129324
84060,0.019225,0.014423,0.115784
84070,0.017533,0.013050,0.114552
84080,0.013699,0.010841,0.079782
84090,0.037948,0.028305,0.190609
84100,0.021005,0.015500,0.124186
84110,0.040107,0.030502,0.167616
84120,0.025093,0.018744,0.137627
84130,0.056836,0.043304,0.215225
84140,0.007099,0.006343,0.216566
84150,0.018380,0.013379,0.120150
84160,0.005006,0.003768,0.100292
84170,0.026046,0.020258,0.146452
84180,0.004361,0.003495,0.172840
84190,0.021828,0.016760,0.095195
84200,0.013814,0.010264,0.108474
84210,0.042539,0.031986,0.176236
84220,0.012836,0.009327,0.105380
84230,0.019108,0.013785,0.123994
84240,0.026418,0.020334,0.136902
84250,0.030713,0.023223,0.165578
84260,0.013854,0.010297,0.148282
84270,0.027853,0.021168,0.134578
84280,0.005198,0.003480,0.040789
84290,0.022547,0.016724,0.093799
84300,0.021457,0.015988,0.127881
84310,0.005488,0.004225,0.043551
84320,0.031019,0.023339,0.148321
84330,0.034783,0.025996,0.176542
84340,0.037373,0.028419,0.154895
84350,0.033566,0.025396,0.166541
84360,0.000887,0.000686,0.176827
84370,0.041976,0.031733,0.188709
84380,0.009070,0.006813,0.104342
84390,0.032888,0.024839,0.173634
84400,0.000003,0.000003,0.000011
84410,0.028008,0.021147,0.147243
84420,0.035916,0.027491,0.163210
84430,0.007656,0.005712,0.130217
84440,0.021809,0.016350,0.132082
84450,0.008886,0.006535,0.129001
84460,0.028611,0.021768,0.146446
84470,0.052007,0.039287,0.202153
84480,0.019999,0.015317,0.124424
84490,0.059555,0.043256,0.219463
84500,0.017908,0.013612,0.120055
84510,0.039368,0.030044,0.182632
84520,0.013348,0.009766,0.124180
84530,0.008459,0.005855,0.127131
84540,0.008038,0.005871,0.088128
84550,0.032984,0.024827,0.156103
84560,0.035713,0.027234,0.164090
84570,0.005002,0.004033,0.112356
84580,0.004904,0.003803,0.033757
84590,0.021975,0.016481,0.088004
84600,0.029267,0.022345,0.151206
84610,0.026547,0.019432,0.148840
84620,0.021954,0.016643,0.128131
84630,0.043525,0.032587,0.174191
84640,0.018071,0.013519,0.115738
84650,0.025280,0.018973,0.151414
84660,0.016751,0.012349,0.116509
84670,0.027722,0.020617,0.137994
84680,0.022623,0.017736,0.096817
84690,0.045598,0.034674,0.199294
84700,0.030463,0.022788,0.152537
84710,0.028497,0.021578,0.136615
84720,0.021393,0.016417,0.107660
84730,0.060654,0.045753,0.218323
84740,0.028356,0.022228,0.111571
84750,0.021762,0.016232,0.146853
84760,0.011699,0.008831,0.090094
84770,0.014718,0.010560,0.120349
84780,0.038941,0.029947,0.170291
84790,0.015462,0.011763,0.096389
84800,0.025958,0.019715,0.139971
84810,0.020423,0.014828,0.133441
84820,0.013487,0.010417,0.057026
84830,0.045688,0.034911,0.196331
84840,0.020091,0.015086,0.119576
84850,0.014184,0.010974,0.080943
84860,0.023239,0.017700,0.133532
84870,0.049263,0.037253,0.199813
84880,0.016060,0.012009,0.124153
84890,0.002482,0.001614,0.134792
84900,0.006611,0.004405,0.147303
84910,0.016062,0.011760,0.112854
84920,0.039410,0.030072,0.155995
84930,0.036063,0.027569,0.171918
84940,0.025293,0.019500,0.154759
84950,0.011144,0.008636,0.058168
84960,0.023011,0.017616,0.144043
84970,0.018586,0.014250,0.107974
84980,0.028051,0.021500,0.137422
84990,0.047991,0.036751,0.199502
85000,0.012007,0.008757,0.102244
85010,0.026305,0.020265,0.133574
85020,0.031895,0.024229,0.159952
85030,0.040791,0.030795,0.183638
85040,0.012269,0.009301,0.097410
85050,0.014595,0.010946,0.111246
85060,0.043282,0.040547,0.194684
85070,0.010801,0.008069,0.102735
85080,0.023547,0.018124,0.127119
85090,0.026127,0.020026,0.127596
85100,0.047120,0.036078,0.188287
85110,0.038573,0.029284,0.173203
85120,0.034904,0.026334,0.162206
85130,0.012602,0.009484,0.143042
85140,0.026371,0.019678,0.139573
85150,0.029878,0.022705,0.135709
85160,0.023725,0.017888,0.128263
85170,0.037563,0.028804,0.171692
85180,0.015931,0.012073,0.110888
85190,0.034030,0.025753,0.158301
85200,0.015868,0.011682,0.106174
85210,0.034599,0.025650,0.161124
85220,0.033049,0.025458,0.135796
85230,0.033736,0.025852,0.166110
85240,0.014729,0.010274,0.152192
85250,0.033324,0.025317,0.151578
85260,0.014568,0.010835,0.111305
85270,0.035506,0.026464,0.165098
85280,0.040921,0.030665,0.175162
85290,0.030281,0.022637,0.153146
85300,0.016596,0.011445,0.128330
85310,0.047706,0.035130,0.208968
85320,0.037564,0.028576,0.171346
85330,0.035846,0.026931,0.158736
85340,0.016005,0.011872,0.106934
85350,0.026648,0.019943,0.141507
85360,0.044873,0.033214,0.175659
85370,0.014294,0.010549,0.076579
85380,0.034428,0.026302,0.141299
85390,0.011220,0.008173,0.118580
85400,0.018901,0.014138,0.118263
85410,0.023010,0.017090,0.135790
85420,0.016429,0.011854,0.127545
85430,0.004884,0.003709,0.099934
85440,0.014159,0.010506,0.128902
85450,0.013712,0.009680,0.163749
85460,0.033849,0.025561,0.138141
85470,0.020970,0.015673,0.133155
85480,0.010719,0.007972,0.104409
85490,0.020496,0.015305,0.148116
85500,0.038038,0.029111,0.172980
85510,0.011830,0.008770,0.102202
85520,0.016112,0.011897,0.105807
85530,0.033720,0.025171,0.158353
85540,0.032051,0.024536,0.173091
85550,0.027104,0.020453,0.162246
85560,0.005018,0.003505,0.070850
85570,0.023009,0.017632,0.135403
85580,0.037519,0.028400,0.173443
85590,0.032248,0.025616,0.164065
85600,0.032127,0.024282,0.161981
85610,0.045100,0.034676,0.190274
85620,0.019195,0.014586,0.109307
85630,0.010188,0.007225,0.093784
85640,0.045783,0.035645,0.194607
85650,0.037909,0.029205,0.197166
85660,0.023830,0.017934,0.132286
85670,0.020032,0.015086,0.078571
85680,0.021540,0.016237,0.113724
85690,0.013172,0.009567,0.107534
85700,0.023436,0.017789,0.105944
85710,0.003674,0.002514,0.085961
85720,0.012546,0.009464,0.096951
85730,0.034866,0.026381,0.163025
85740,0.036474,0.027590,0.166860
85750,0.039933,0.030356,0.159622
85760,0.038829,0.029708,0.174328
85770,0.015648,0.011674,0.101765
85780,0.020251,0.015420,0.139088
85790,0.011859,0.009572,0.119103
85800,0.036274,0.027036,0.159736
85810,0.064675,0.049186,0.237258
85820,0.025996,0.019908,0.122627
85830,0.012533,0.009202,0.094732
85840,0.034005,0.025678,0.156285
85850,0.032559,0.024699,0.148081
85860,0.006937,0.005345,0.112626
85870,0.036576,0.027692,0.165410
85880,0.016289,0.012244,0.075921
85890,0.002733,0.002047,0.062086
85900,0.033965,0.024134,0.159469
85910,0.032434,0.025255,0.143611
85920,0.021422,0.016547,0.125540
85930,0.001704,0.001297,0.115553
85940,0.009757,0.007476,0.056333
85950,0.034417,0.026386,0.158956
85960,0.012704,0.009316,0.112414
85970,0.015079,0.011449,0.066665
85980,0.014211,0.010448,0.082455
85990,0.020782,0.015433,0.135187
86000,0.022376,0.016881,0.126293
86010,0.021171,0.015682,0.143431
86020,0.014902,0.011236,0.137691
86030,0.015241,0.012280,0.066817
86040,0.034177,0.026356,0.172652
86050,0.028131,0.021130,0.149694
86060,0.018362,0.014182,0.092496
86070,0.025237,0.018995,0.134271
86080,0.013537,0.009901,0.113743
86090,0.045889,0.035021,0.191230
86100,0.020733,0.015325,0.126178
86110,0.015824,0.011515,0.115571
86120,0.037979,0.028460,0.165961
86130,0.036969,0.028231,0.159765
86140,0.005179,0.003505,0.169179
86150,0.028743,0.021831,0.157228
86160,0.022373,0.016527,0.129148
86170,0.009391,0.007342,0.059791
86180,0.029074,0.022165,0.131523
86190,0.031394,0.023769,0.146870
86200,0.038842,0.029174,0.176572
86210,0.027077,0.020056,0.126347
86220,0.047407,0.036309,0.190405
86230,0.011660,0.008682,0.091867
86240,0.033867,0.025762,0.147901
86250,0.000217,0.000108,0.000421
86260,0.030332,0.023404,0.131119
86270,0.050343,0.038425,0.207348
86280,0.036441,0.028280,0.174776
86290,0.042694,0.031917,0.174430
86300,0.031291,0.023535,0.159794
86310,0.028733,0.021413,0.143891
86320,0.033576,0.025372,0.156466
86330,0.013823,0.010644,0.080023
86340,0.031472,0.023560,0.158022
86350,0.023106,0.017789,0.107325
86360,0.034106,0.025622,0.167500
86370,0.023056,0.017677,0.131236
86380,0.028289,0.021538,0.110310
86390,0.028302,0.021491,0.143518
86400,0.037481,0.028571,0.164468
86410,0.030742,0.023413,0.157291
86420,0.020979,0.015298,0.134161
86430,0.015545,0.011606,0.127068
86440,0.035344,0.026786,0.161093
86450,0.008834,0.006380,0.118998
86460,0.007228,0.005321,0.107218
86470,0.065562,0.050349,0.231732
86480,0.049687,0.038263,0.192191
86490,0.020762,0.015943,0.120860
86500,0.013922,0.010440,0.113497
86510,0.021090,0.015691,0.127031
86520,0.028611,0.021717,0.116199
86530,0.043571,0.033924,0.167510
86540,0.030102,0.022816,0.146087
86550,0.040696,0.031159,0.183100
86560,0.012621,0.009514,0.092978
86570,0.029119,0.022334,0.152135
86580,0.030976,0.022735,0.152721
86590,0.030051,0.023097,0.155220
86600,0.025087,0.018797,0.149094
86610,0.039240,0.030186,0.157682
86620,0.031491,0.023605,0.158263
86630,0.026603,0.020093,0.146411
86640,0.040558,0.031319,0.155714
86650,0.030048,0.022730,0.140066
86660,0.013905,0.010316,0.070158
86670,0.014361,0.010755,0.071770
86680,0.004504,0.003157,0.008580
86690,0.031562,0.023950,0.152279
86700,0.011067,0.008101,0.185234
86710,0.039154,0.029349,0.156792
86720,0.014480,0.010880,0.118833
86730,0.025883,0.019852,0.137043
86740,0.009701,0.007143,0.092675
86750,0.034969,0.026553,0.147777
86760,0.021631,0.016308,0.129227
86770,0.039317,0.029134,0.167630
86780,0.019763,0.015145,0.120461
86790,0.041204,0.031161,0.176601
86800,0.035135,0.026099,0.167569
86810,0.022843,0.017465,0.127748
86820,0.028800,0.021852,0.124497
86830,0.031272,0.024400,0.155134
86840,0.035557,0.027138,0.178080
86850,0.027059,0.020071,0.139180
86860,0.014618,0.010771,0.110775
86870,0.050834,0.038730,0.205667
86880,0.021683,0.016125,0.124410
86890,0.014143,0.010675,0.113490
86900,0.023190,0.017892,0.084333
86910,0.006975,0.005215,0.090643
86920,0.062732,0.047956,0.236422
86930,0.037427,0.028787,0.152083
86940,0.039908,0.030557,0.172552
86950,0.015186,0.011247,0.115427
86960,0.013653,0.010326,0.110343
86970,0.010185,0.007364,0.109631
86980,0.018805,0.014033,0.126031
86990,0.022328,0.017395,0.127219
87000,0.035601,0.027494,0.156297
87010,0.011783,0.008737,0.107462
87020,0.040213,0.030862,0.190355
87030,0.015034,0.011324,0.108379
87040,0.018484,0.013890,0.129760
87050,0.020602,0.015221,0.140941
87060,0.044871,0.034039,0.184622
87070,0.034394,0.024898,0.170749
87080,0.025202,0.019549,0.112459
87090,0.028613,0.021863,0.133482
87100,0.020703,0.015700,0.129415
87110,0.024551,0.018360,0.134344
87120,0.023111,0.016452,0.245940
87130,0.059364,0.045741,0.228671
87140,0.007285,0.005495,0.116421
87150,0.018483,0.013956,0.107032
87160,0.014741,0.010901,0.108283
87170,0.007885,0.005537,0.062220
87180,0.015030,0.011066,0.129975
87190,0.037967,0.028810,0.160963
87200,0.026388,0.020112,0.128970
87210,0.037832,0.028589,0.165051
87220,0.025311,0.019563,0.129458
87230,0.042177,0.032458,0.166780
87240,0.039101,0.029535,0.174627
87250,0.042576,0.031653,0.185525
87260,0.024947,0.019190,0.143827
87270,0.015578,0.011682,0.117104
87280,0.027184,0.020722,0.114339
87290,0.014357,0.010904,0.099745
87300,0.028751,0.021975,0.147444
87310,0.025923,0.019307,0.117912
87320,0.018183,0.013358,0.131159
87330,0.038690,0.029595,0.171851
87340,0.005404,0.003793,0.091638
87350,0.039337,0.029726,0.178023
87360,0.027008,0.020342,0.139280
87370,0.034825,0.026112,0.186404
87380,0.009192,0.006728,0.081411
87390,0.025632,0.019246,0.136461
87400,0.038932,0.029214,0.172664
87410,0.024813,0.019534,0.151381
87420,0.034036,0.025820,0.161533
87430,0.041032,0.031108,0.178240
87440,0.027900,0.020921,0.147742
87450,0.023410,0.017717,0.137746
87460,0.010099,0.007374,0.110793
87470,0.033203,0.025142,0.159552
87480,0.032225,0.024435,0.135024
87490,0.022756,0.017310,0.118043
87500,0.033056,0.024640,0.160348
87510,0.020473,0.014937,0.137348
87520,0.026087,0.019984,0.139317
87530,0.017147,0.012738,0.121417
87540,0.041385,0.031525,0.178664
87550,0.042972,0.032323,0.189041
87560,0.045458,0.034225,0.192895
87570,0.001415,0.000997,0.097603
87580,0.037082,0.028137,0.159381
87590,0.027503,0.021053,0.125376
87600,0.023615,0.018151,0.115337
87610,0.027252,0.020539,0.140264
87620,0.015220,0.010862,0.123708
87630,0.017510,0.012844,0.131513
87640,0.024315,0.017536,0.150351
87650,0.006492,0.004824,0.126588
87660,0.018937,0.014045,0.086497
87670,0.014682,0.010968,0.103323
87680,0.031439,0.024187,0.159222
87690,0.026386,0.019990,0.154335
87700,0.023121,0.017305,0.132577
87710,0.019702,0.015014,0.074894
87720,0.019072,0.014300,0.131061
87730,0.028981,0.022255,0.153538
87740,0.014361,0.010582,0.113505
87750,0.030269,0.022577,0.158930
87760,0.017625,0.013328,0.066717
87770,0.016540,0.012434,0.114085
87780,0.009671,0.006797,0.060360
87790,0.050516,0.038186,0.195452
87800,0.005954,0.003820,0.328559
87810,0.029975,0.022827,0.143023
87820,0.040756,0.031216,0.186420
87830,0.025222,0.019245,0.134987
87840,0.008113,0.006049,0.049668
87850,0.014225,0.010526,0.127083
87860,0.019389,0.014394,0.119726
87870,0.013518,0.009762,0.108043
87880,0.013987,0.010508,0.166490
87890,0.027645,0.020877,0.146529
87900,0.021793,0.015562,0.162427
87910,0.026315,0.019535,0.136747
87920,0.025077,0.018979,0.162576
87930,0.044846,0.034558,0.197252
87940,0.011853,0.008763,0.113155
87950,0.042426,0.032561,0.176967
87960,0.022285,0.016838,0.132848
87970,0.015519,0.011593,0.084043
87980,0.024495,0.018408,0.140952
87990,0.014525,0.010597,0.127940
88000,0.031372,0.023668,0.131598
88010,0.013707,0.010213,0.084035
88020,0.003872,0.002672,0.162585
88030,0.023516,0.017723,0.135323
88040,0.022685,0.017205,0.127331
88050,0.003859,0.002875,0.110796
88060,0.015005,0.011458,0.082934
88070,0.023836,0.017397,0.141828
88080,0.028373,0.021318,0.164866
88090,0.038485,0.029068,0.169719
88100,0.022234,0.017138,0.135000
88110,0.017215,0.012810,0.131739
88120,0.024553,0.018287,0.135518
88130,0.014145,0.010905,0.116795
88140,0.003174,0.002058,0.127671
88150,0.043608,0.032656,0.183868
88160,0.044631,0.033955,0.196653
88170,0.033580,0.025095,0.159556
88180,0.009326,0.006875,0.080470
88190,0.016593,0.013896,0.081882
88200,0.027931,0.021925,0.155994
88210,0.005482,0.004040,0.081658
88220,0.044141,0.039676,0.193097
88230,0.021664,0.016055,0.143007
88240,0.029168,0.022508,0.148232
88250,0.022509,0.016811,0.130794
88260,0.012743,0.009538,0.101859
88270,0.025535,0.019237,0.126254
88280,0.023412,0.017474,0.131512
88290,0.019654,0.014582,0.119136
88300,0.022708,0.017295,0.132604
88310,0.028659,0.022511,0.161141
88320,0.000001,0.000001,0.000003
88330,0.020851,0.016166,0.137015
88340,0.016109,0.011994,0.115787
88350,0.041777,0.031835,0.176938
88360,0.016204,0.012300,0.115415
88370,0.006734,0.005157,0.101147
88380,0.021550,0.016283,0.121905
88390,0.026866,0.020194,0.139222
88400,0.057563,0.043796,0.213976
88410,0.008253,0.006189,0.087979
88420,0.017481,0.013593,0.087577
88430,0.013309,0.009500,0.109731
88440,0.060125,0.045152,0.220212
88450,0.016530,0.012249,0.079663
88460,0.009761,0.007418,0.114576
88470,0.029551,0.022195,0.143898
88480,0.016213,0.011911,0.147758
88490,0.013516,0.010842,0.109469
88500,0.026753,0.019946,0.142686
88510,0.009125,0.006829,0.079813
88520,0.030136,0.022600,0.143278
88530,0.027601,0.021280,0.149359
88540,0.042673,0.032660,0.181320
88550,0.020536,0.015406,0.116497
88560,0.027458,0.020965,0.152971
88570,0.016479,0.012373,0.125220
88580,0.037055,0.028461,0.147676
88590,0.042571,0.032190,0.164825
88600,0.024800,0.018108,0.166639
88610,0.044357,0.033681,0.182658
88620,0.014061,0.010794,0.078828
88630,0.005959,0.004475,0.092002
88640,0.030887,0.023275,0.146892
88650,0.021753,0.016488,0.132647
88660,0.013467,0.010064,0.116624
88670,0.030267,0.023378,0.153942
88680,0.034478,0.026220,0.155136
88690,0.022306,0.017297,0.131602
88700,0.059059,0.045405,0.225963
88710,0.027456,0.021312,0.171848
88720,0.019350,0.014924,0.106868
88730,0.022419,0.016681,0.130999
88740,0.011726,0.008729,0.074362
88750,0.005703,0.004207,0.093593
88760,0.027811,0.021337,0.143999
88770,0.012441,0.009378,0.098940
88780,0.045212,0.033988,0.182401
88790,0.023448,0.017642,0.134326
88800,0.031805,0.023882,0.168800
88810,0.051361,0.038786,0.201727
88820,0.021305,0.016286,0.116385
88830,0.009267,0.006601,0.112468
88840,0.023626,0.017839,0.150982
88850,0.025676,0.019604,0.146817
88860,0.038113,0.028986,0.178158
88870,0.039354,0.029912,0.169587
88880,0.041128,0.031426,0.160729
88890,0.017785,0.012988,0.132426
88900,0.010927,0.007976,0.179118
88910,0.003517,0.002772,0.022721
88920,0.046716,0.035662,0.184812
88930,0.031725,0.023783,0.161441
88940,0.018500,0.013749,0.110734
88950,0.011713,0.008444,0.104972
88960,0.014029,0.010524,0.116969
88970,0.059006,0.044593,0.216428
88980,0.009500,0.007103,0.096948
88990,0.024943,0.018898,0.109154
89000,0.017624,0.013245,0.133191
89010,0.040020,0.030507,0.176432
89020,0.015527,0.011098,0.127333
89030,0.004396,0.003288,0.033277
89040,0.042226,0.032455,0.194221
89050,0.001386,0.001224,0.160742
89060,0.024699,0.018792,0.147258
89070,0.028849,0.021811,0.149085
89080,0.021491,0.016136,0.127998
89090,0.038366,0.029044,0.167365
89100,0.013700,0.010247,0.084411
89110,0.026230,0.019675,0.105476
89120,0.024771,0.018887,0.122858
89130,0.019765,0.015067,0.132416
89140,0.007448,0.005558,0.123035
89150,0.022626,0.017547,0.141986
89160,0.029496,0.022543,0.125910
89170,0.030022,0.022828,0.131390
89180,0.019649,0.014861,0.095335
89190,0.036826,0.027691,0.162084
89200,0.026030,0.019884,0.140393
89210,0.024763,0.018769,0.146493
89220,0.031889,0.024323,0.152071
89230,0.029896,0.022506,0.124450
89240,0.015782,0.011391,0.123820
89250,0.024253,0.018188,0.146923
89260,0.045343,0.034371,0.164536
89270,0.028159,0.021016,0.122907
89280,0.041715,0.031997,0.179047
89290,0.020470,0.015361,0.085811
89300,0.011179,0.008114,0.124265
89310,0.023552,0.017870,0.108031
89320,0.037243,0.028025,0.183455
89330,0.031471,0.023990,0.167087
89340,0.044552,0.033643,0.188756
89350,0.020418,0.015238,0.140933
89360,0.001110,0.000756,0.043087
89370,0.038380,0.028617,0.166736
89380,0.009587,0.007173,0.090940
89390,0.028884,0.021947,0.133563
89400,0.063788,0.047838,0.247750
89410,0.013977,0.010528,0.123584
89420,0.030615,0.023305,0.147143
89430,0.043146,0.032838,0.187683
89440,0.039760,0.030099,0.164474
89450,0.022567,0.016983,0.130453
89460,0.002000,0.001523,0.105581
89470,0.022357,0.016435,0.146791
89480,0.014770,0.011218,0.108999
89490,0.021793,0.016361,0.112096
89500,0.036304,0.027863,0.161810
89510,0.021276,0.015682,0.198285
89520,0.031616,0.024226,0.139653
89530,0.033982,0.025990,0.173674
89540,0.040595,0.030700,0.171282
89550,0.001622,0.001324,0.157517
89560,0.027854,0.021237,0.134574
89570,0.052794,0.039476,0.200703
89580,0.029404,0.023043,0.132923
89590,0.037342,0.028991,0.179477
89600,0.025556,0.019143,0.154718
89610,0.027264,0.020352,0.140840
89620,0.045282,0.034556,0.169330
89630,0.034483,0.025689,0.172519
89640,0.033095,0.024953,0.153857
89650,0.036341,0.027841,0.150270
89660,0.016465,0.012210,0.087912
89670,0.008344,0.005649,0.057100
89680,0.003299,0.002310,0.083328
89690,0.028795,0.021713,0.136500
89700,0.029496,0.022348,0.155954
89710,0.004043,0.003114,0.064856
89720,0.023212,0.017080,0.154823
89730,0.039774,0.030145,0.177955
89740,0.023126,0.017752,0.107766
89750,0.026521,0.020654,0.113348
89760,0.018300,0.013195,0.136980
89770,0.016685,0.012853,0.112497
89780,0.003697,0.002511,0.084758
89790,0.009915,0.007376,0.101230
89800,0.028484,0.021695,0.137213
89810,0.035252,0.027206,0.167089
89820,0.012116,0.009020,0.101850
89830,0.028662,0.022139,0.137916
89840,0.016032,0.011854,0.118002
89850,0.011304,0.008553,0.106764
89860,0.000642,0.000758,0.154667
89870,0.035446,0.026936,0.162056
89880,0.018914,0.014340,0.121836
89890,0.020081,0.014981,0.118410
89900,0.030505,0.022925,0.152401
89910,0.011959,0.008638,0.111544
89920,0.027021,0.019942,0.142683
89930,0.016234,0.012156,0.108075
89940,0.012706,0.009441,0.114788
89950,0.051173,0.039496,0.203848
89960,0.014700,0.011053,0.097381
89970,0.016320,0.012056,0.109050
89980,0.031953,0.024183,0.160243
89990,0.017285,0.012620,0.129412
90000,0.014701,0.010991,0.149516
90010,0.046445,0.033841,0.187406
90020,0.023572,0.017529,0.132659
90030,0.010097,0.007257,0.117344
90040,0.035418,0.027015,0.150333
90050,0.043750,0.033480,0.183700
90060,0.053437,0.040371,0.208791
90070,0.023523,0.017291,0.132996
90080,0.011767,0.008724,0.099266
90090,0.036832,0.027918,0.173889
90100,0.012083,0.008560,0.104588
90110,0.010011,0.007361,0.087357
90120,0.024005,0.018336,0.153229
90130,0.011902,0.008826,0.070520
90140,0.058011,0.044139,0.215338
90150,0.028608,0.021508,0.153493
90160,0.019524,0.014617,0.134092
90170,0.038623,0.029115,0.161744
90180,0.030707,0.023202,0.131555
90190,0.019681,0.014811,0.131319
90200,0.012579,0.008969,0.113510
90210,0.033410,0.025270,0.135473
90220,0.037107,0.028765,0.154278
90230,0.003806,0.002426,0.186260
90240,0.026577,0.020118,0.146724
90250,0.026815,0.019877,0.142900
90260,0.025601,0.018761,0.154276
90270,0.025984,0.021142,0.143674
90280,0.028614,0.021293,0.152803
90290,0.017982,0.013606,0.090775
90300,0.039599,0.029913,0.166932
90310,0.026417,0.019691,0.158366
90320,0.023148,0.017291,0.127959
90330,0.022695,0.017086,0.116115
90340,0.019590,0.014851,0.135072
90350,0.025157,0.019011,0.130897
90360,0.024946,0.018889,0.127970
90370,0.036378,0.027993,0.168242
90380,0.017485,0.013276,0.102559
90390,0.026287,0.020208,0.113752
90400,0.006703,0.004928,0.119450
90410,0.018468,0.013876,0.129188
90420,0.027411,0.020917,0.134347
90430,0.011286,0.008195,0.106645
90440,0.045377,0.034257,0.172120
90450,0.044924,0.033555,0.200835
90460,0.028853,0.021637,0.162000
90470,0.020944,0.015672,0.131606
90480,0.012646,0.009446,0.104368
90490,0.020833,0.015601,0.127831
90500,0.014094,0.010394,0.102540
90510,0.048816,0.037444,0.190560
90520,0.025930,0.019233,0.153329
90530,0.024033,0.018260,0.133999
90540,0.020370,0.015054,0.139905
90550,0.038668,0.028513,0.170908
90560,0.004858,0.003572,0.043694
90570,0.025081,0.019180,0.124969
90580,0.017032,0.012751,0.089148
90590,0.018317,0.013654,0.119177
90600,0.028337,0.020911,0.156907
90610,0.034436,0.026194,0.166077
90620,0.034051,0.025701,0.156703
90630,0.028850,0.021660,0.154601
90640,0.032241,0.024756,0.147394
90650,0.027550,0.021130,0.145165
90660,0.030221,0.022973,0.150555
90670,0.011051,0.007999,0.099570
90680,0.013369,0.011876,0.128076
90690,0.023620,0.018074,0.114147
90700,0.011828,0.008773,0.071386
90710,0.020911,0.016421,0.123180
90720,0.035336,0.026670,0.155765
90730,0.015800,0.012251,0.114788
90740,0.033427,0.025163,0.157108
90750,0.028218,0.020962,0.143836
90760,0.036078,0.027126,0.151409
90770,0.017308,0.013130,0.108931
90780,0.035562,0.027013,0.181256
90790,0.039536,0.029446,0.181858
90800,0.019258,0.014302,0.114566
90810,0.045243,0.034336,0.194104
90820,0.015840,0.011767,0.088556
90830,0.016259,0.012379,0.104141
90840,0.003141,0.002335,0.029752
90850,0.021372,0.016396,0.134338
90860,0.016201,0.011992,0.116901
90870,0.041083,0.032327,0.178658
90880,0.008392,0.006239,0.134584
90890,0.034408,0.025998,0.186294
90900,0.019431,0.014538,0.127138
90910,0.034302,0.025370,0.157425
90920,0.011520,0.008607,0.103561
90930,0.040928,0.031188,0.179018
90940,0.028054,0.021125,0.141001
90950,0.015481,0.011419,0.116651
90960,0.046333,0.035102,0.190392
90970,0.029406,0.022483,0.142154
90980,0.033229,0.025075,0.162333
90990,0.022443,0.016940,0.116574
91000,0.032312,0.024279,0.143699
91010,0.022028,0.016726,0.144432
91020,0.030057,0.027348,0.174218
91030,0.022920,0.017296,0.127074
91040,0.009131,0.007253,0.111174
91050,0.039506,0.029938,0.162256
91060,0.029786,0.022191,0.169534
91070,0.048979,0.037339,0.196009
91080,0.004641,0.003235,0.118999
91090,0.041342,0.031339,0.166666
91100,0.021582,0.016757,0.130492
91110,0.030618,0.023124,0.143624
91120,0.023409,0.017831,0.109667
91130,0.010491,0.008196,0.054020
91140,0.020969,0.015425,0.124717
91150,0.030026,0.023289,0.150879
91160,0.011845,0.008618,0.100614
91170,0.020308,0.015465,0.118212
91180,0.013808,0.010315,0.128252
91190,0.014517,0.010893,0.115891
91200,0.020299,0.014971,0.120245
91210,0.008249,0.006095,0.098971
91220,0.012382,0.009076,0.107485
91230,0.001439,0.000998,0.105555
91240,0.017638,0.013091,0.137541
91250,0.018901,0.013894,0.117087
91260,0.028801,0.021801,0.142923
91270,0.005290,0.004657,0.116968
91280,0.031350,0.023008,0.098018
91290,0.014356,0.010509,0.109133
91300,0.023181,0.017106,0.127417
91310,0.037775,0.028626,0.174539
91320,0.046561,0.034894,0.190025
91330,0.008215,0.006263,0.141830
91340,0.021939,0.016286,0.134900
91350,0.009570,0.007603,0.094436
91360,0.018445,0.014158,0.091375
91370,0.023155,0.017366,0.136102
91380,0.029842,0.022834,0.144974
91390,0.018078,0.013548,0.083053
91400,0.026722,0.020466,0.142535
91410,0.028411,0.021617,0.143726
91420,0.036698,0.027660,0.167489
91430,0.000990,0.000773,0.188223
91440,0.013792,0.010433,0.079616
91450,0.013208,0.009940,0.104175
91460,0.035372,0.026856,0.139819
91470,0.017440,0.013234,0.122292
91480,0.022020,0.016324,0.125465
91490,0.003335,0.002637,0.079398
91500,0.028560,0.022026,0.161393
91510,0.009446,0.007059,0.062813
91520,0.014814,0.011175,0.115472
91530,0.020612,0.015709,0.134256
91540,0.012673,0.009380,0.106639
91550,0.007664,0.005423,0.135222
91560,0.025918,0.019992,0.104714
91570,0.023209,0.017624,0.139402
91580,0.036521,0.027864,0.152598
91590,0.017321,0.013039,0.118913
91600,0.010747,0.008057,0.092175
91610,0.011699,0.008807,0.093427
91620,0.022103,0.016237,0.086331
91630,0.016233,0.012146,0.123796
91640,0.039753,0.029853,0.153565
91650,0.036242,0.027201,0.161735
91660,0.031600,0.024178,0.155524
91670,0.019433,0.014139,0.123270
91680,0.035519,0.026905,0.171792
91690,0.036037,0.027175,0.161714
91700,0.021449,0.015502,0.124858
91710,0.037510,0.028353,0.169045
91720,0.020249,0.016956,0.127132
91730,0.015351,0.011622,0.106784
91740,0.034893,0.026576,0.152639
91750,0.069719,0.054181,0.240861
91760,0.017000,0.012590,0.122514
91770,0.045037,0.034604,0.183884
91780,0.003187,0.002537,0.029212
91790,0.020374,0.015406,0.144994
91800,0.021142,0.015514,0.140065
91810,0.033891,0.025500,0.166868
91820,0.049751,0.038134,0.198633
91830,0.033712,0.026634,0.138210
91840,0.014808,0.011021,0.106343
91850,0.021905,0.016511,0.138456
91860,0.041893,0.031968,0.178908
91870,0.027797,0.021245,0.142875
91880,0.035510,0.026625,0.164562
91890,0.035290,0.026656,0.149486
91900,0.033647,0.025938,0.166229
91910,0.014629,0.011265,0.129090
91920,0.018228,0.013562,0.097847
91930,0.012842,0.009575,0.124073
91940,0.026437,0.019748,0.142911
91950,0.011372,0.008406,0.077279
91960,0.024102,0.018068,0.157688
91970,0.010118,0.007518,0.103934
91980,0.024959,0.018721,0.105852
91990,0.038727,0.028520,0.185348
92000,0.012324,0.008974,0.094238
92010,0.028758,0.021806,0.121220
92020,0.032938,0.025528,0.160792
92030,0.010398,0.007831,0.081470
92040,0.014645,0.010880,0.121608
92050,0.014294,0.010857,0.084981
92060,0.026312,0.019934,0.144203
92070,0.023669,0.017827,0.106982
92080,0.034200,0.026147,0.162538
92090,0.014482,0.010694,0.115341
92100,0.031487,0.023900,0.150721
92110,0.000294,0.000244,0.083878
92120,0.031875,0.024262,0.143145
92130,0.033101,0.025057,0.158133
92140,0.036031,0.027894,0.174074
92150,0.012473,0.009217,0.105881
92160,0.009734,0.007177,0.118254
92170,0.004698,0.003244,0.106259
92180,0.022606,0.016658,0.102188
92190,0.015227,0.011029,0.111763
92200,0.025236,0.018890,0.129321
92210,0.030051,0.022807,0.149083
92220,0.044263,0.033704,0.167441
92230,0.022866,0.016937,0.121488
92240,0.004705,0.003914,0.140585
92250,0.013662,0.010061,0.110549
92260,0.000319,0.000247,0.063763
92270,0.008424,0.006629,0.057282
92280,0.002989,0.002418,0.025966
92290,0.017402,0.013495,0.089650
92300,0.012957,0.009747,0.095510
92310,0.015183,0.011120,0.113935
92320,0.049075,0.038064,0.211529
92330,0.025583,0.019696,0.132182
92340,0.005497,0.004297,0.099737
92350,0.001996,0.001705,0.077410
92360,0.036191,0.027581,0.166496
92370,0.031928,0.024075,0.120556
92380,0.024483,0.018449,0.121889
92390,0.032415,0.024595,0.162147
92400,0.016712,0.012572,0.112752
92410,0.035251,0.026985,0.168416
92420,0.038338,0.028911,0.167828
92430,0.023827,0.018646,0.156460
92440,0.025785,0.019849,0.162774
92450,0.003252,0.002225,0.167094
92460,0.026232,0.019692,0.141454
92470,0.027832,0.020524,0.158752
92480,0.032843,0.024904,0.131236
92490,0.036214,0.027236,0.162980
92500,0.016470,0.011998,0.103765
92510,0.038072,0.028459,0.180715
92520,0.005856,0.003977,0.178824
92530,0.035220,0.026941,0.155097
92540,0.026184,0.019909,0.149084
92550,0.001480,0.001167,0.108516
92560,0.029852,0.022548,0.143308
92570,0.038070,0.029200,0.175712
92580,0.049061,0.037688,0.179867
92590,0.019167,0.014721,0.127607
92600,0.022719,0.017037,0.135871
92610,0.000001,0.000002,0.000006
92620,0.006916,0.005406,0.082246
92630,0.036707,0.028607,0.176268
92640,0.016915,0.012019,0.685344
92650,0.028891,0.021703,0.155306
92660,0.051128,0.038803,0.189926
92670,0.029649,0.022229,0.152399
92680,0.022941,0.016868,0.144344
92690,0.021023,0.015879,0.122357
92700,0.023124,0.017321,0.129556
92710,0.031419,0.024276,0.156967
92720,0.012919,0.009515,0.104569
92730,0.023927,0.017912,0.129979
92740,0.040861,0.031164,0.172719
92750,0.019090,0.014276,0.091974
92760,0.020617,0.014901,0.120370
92770,0.039371,0.029506,0.177493
92780,0.025974,0.019461,0.140899
92790,0.033301,0.025461,0.171859
92800,0.025090,0.018901,0.140503
92810,0.017838,0.014017,0.143762
92820,0.014124,0.010033,0.104060
92830,0.019527,0.014767,0.099864
92840,0.012777,0.009922,0.104308
92850,0.029310,0.022204,0.131813
92860,0.027586,0.021160,0.138594
92870,0.019233,0.014415,0.125884
92880,0.017272,0.012710,0.117974
92890,0.027623,0.020816,0.145485
92900,0.018464,0.014062,0.121868
92910,0.023197,0.017332,0.151900
92920,0.029683,0.022401,0.141690
92930,0.017241,0.013076,0.069204
92940,0.046969,0.035876,0.186806
92950,0.033929,0.025928,0.160043
92960,0.022423,0.016971,0.129665
92970,0.031195,0.023688,0.159800
92980,0.012850,0.009376,0.118598
92990,0.029257,0.021935,0.144905
93000,0.031491,0.023816,0.152096
93010,0.039520,0.030084,0.172452
93020,0.013615,0.009827,0.113186
93030,0.025983,0.019804,0.142908
93040,0.017576,0.013436,0.070750
93050,0.002119,0.001612,0.013817
93060,0.042145,0.031953,0.180085
93070,0.001638,0.001200,0.261736
93080,0.046346,0.035324,0.170455
93090,0.029338,0.022885,0.153573
93100,0.023928,0.017766,0.130169
93110,0.005274,0.003820,0.082739
93120,0.023245,0.017789,0.104279
93130,0.027771,0.021117,0.141332
93140,0.005236,0.003632,0.124120
93150,0.028497,0.021555,0.127026
93160,0.021035,0.015395,0.126809
93170,0.016835,0.012508,0.110444
93180,0.023075,0.017317,0.127282
93190,0.037931,0.028790,0.166391
93200,0.002733,0.001942,0.117599
93210,0.033445,0.025640,0.143975
93220,0.035599,0.026075,0.157670
93230,0.014860,0.011458,0.078498
93240,0.022531,0.017378,0.113819
93250,0.020566,0.015471,0.129427
93260,0.027074,0.020576,0.149895
93270,0.024776,0.018691,0.135208
93280,0.025169,0.018520,0.140240
93290,0.052757,0.039985,0.210236
93300,0.043196,0.032751,0.185811
93310,0.009641,0.007340,0.082766
93320,0.014617,0.010966,0.098962
93330,0.034844,0.026534,0.160026
93340,0.025411,0.019134,0.131421
93350,0.030213,0.022255,0.149060
93360,0.024848,0.018564,0.095496
93370,0.028536,0.024465,0.184535
93380,0.027605,0.021029,0.124575
93390,0.006952,0.005417,0.090035
93400,0.015351,0.011686,0.078553
93410,0.018321,0.014411,0.120992
93420,0.030637,0.023331,0.137047
93430,0.014471,0.010748,0.126128
93440,0.035271,0.027046,0.169382
93450,0.028160,0.021576,0.144519
93460,0.012829,0.009850,0.109996
93470,0.011798,0.008898,0.100005
93480,0.026731,0.020165,0.149709
93490,0.029792,0.022748,0.146487
93500,0.006607,0.004886,0.075476
93510,0.023354,0.017430,0.160767
93520,0.011376,0.008499,0.097451
93530,0.030011,0.023197,0.136199
93540,0.016503,0.012665,0.110158
93550,0.032358,0.024758,0.156054
93560,0.012541,0.009447,0.077345
93570,0.038244,0.028794,0.171827
93580,0.023524,0.017386,0.153269
93590,0.041572,0.032918,0.170492
93600,0.000155,0.000173,0.000448
93610,0.017807,0.013514,0.095432
93620,0.011449,0.008496,0.080819
93630,0.000003,0.000005,0.000014
93640,0.022220,0.016768,0.135857
93650,0.022111,0.017038,0.108771
93660,0.020201,0.015291,0.115797
93670,0.011299,0.008239,0.134719
93680,0.011665,0.008641,0.101909
93690,0.008653,0.006457,0.111936
93700,0.030577,0.022698,0.147383
93710,0.054908,0.042096,0.225695
93720,0.023150,0.017686,0.134628
93730,0.051861,0.040019,0.206304
93740,0.027276,0.020400,0.134450
93750,0.035552,0.027231,0.136065
93760,0.025916,0.019420,0.143558
93770,0.036028,0.027049,0.163062
93780,0.031133,0.023671,0.132819
93790,0.007279,0.005157,0.133945
93800,0.029728,0.022481,0.158873
93810,0.027199,0.020529,0.145610
93820,0.035151,0.026891,0.160317
93830,0.021521,0.016330,0.134752
93840,0.036837,0.027699,0.170544
93850,0.031175,0.023497,0.131299
93860,0.021798,0.014979,0.161331
93870,0.018038,0.013236,0.128820
93880,0.016489,0.012296,0.122016
93890,0.017949,0.013401,0.121964
93900,0.015706,0.011719,0.111363
93910,0.053226,0.040438,0.189644
93920,0.028159,0.021966,0.149453
93930,0.001518,0.001111,0.124393
93940,0.033716,0.025680,0.176635
93950,0.027595,0.021248,0.120069
93960,0.022822,0.017243,0.138909
93970,0.038452,0.028666,0.170584
93980,0.006896,0.004651,0.133030
93990,0.011617,0.008801,0.086459
94000,0.029090,0.022401,0.146322
94010,0.013365,0.010148,0.079238
94020,0.047578,0.035901,0.194388
94030,0.034353,0.025667,0.162835
94040,0.044025,0.033257,0.185269
94050,0.015499,0.010842,0.100705
94060,0.012148,0.009296,0.091299
94070,0.013376,0.009710,0.105792
94080,0.025239,0.019248,0.134829
94090,0.014274,0.009770,0.105351
94100,0.027161,0.020722,0.154965
94110,0.030592,0.023177,0.152313
94120,0.028535,0.021751,0.140944
94130,0.030447,0.022863,0.156747
94140,0.036052,0.026728,0.149201
94150,0.005649,0.004307,0.045772
94160,0.021396,0.015990,0.100456
94170,0.055195,0.042494,0.212952
94180,0.015077,0.011289,0.106773
94190,0.020127,0.015385,0.077174
94200,0.027006,0.020417,0.141900
94210,0.040379,0.031355,0.179403
94220,0.006247,0.004674,0.115557
94230,0.016199,0.011988,0.117328
94240,0.015725,0.012130,0.063656
94250,0.026687,0.020228,0.145616
94260,0.029074,0.022413,0.112607
94270,0.014241,0.011100,0.127919
94280,0.035317,0.026952,0.155232
94290,0.028090,0.021028,0.149024
94300,0.033809,0.025820,0.154297
94310,0.010831,0.008267,0.099144
94320,0.031280,0.023646,0.142898
94330,0.032652,0.024662,0.159080
94340,0.010366,0.007258,0.106599
94350,0.028719,0.022707,0.147616
94360,0.026758,0.020166,0.145050
94370,0.034293,0.025961,0.162207
94380,0.015299,0.010980,0.119352
94390,0.026262,0.019547,0.146678
94400,0.007100,0.004970,0.109886
94410,0.033103,0.025003,0.160531
94420,0.012603,0.009411,0.105785
94430,0.030889,0.023297,0.165094
94440,0.011439,0.008509,0.098520
94450,0.026798,0.020325,0.156085
94460,0.032303,0.024708,0.164740
94470,0.017860,0.013397,0.114039
94480,0.019460,0.014061,0.135975
94490,0.021431,0.016261,0.119525
94500,0.016770,0.012927,0.078312
94510,0.031369,0.023366,0.170020
94520,0.049736,0.038151,0.195714
94530,0.030460,0.023373,0.126096
94540,0.028608,0.023960,0.146643
94550,0.053195,0.040928,0.201663
94560,0.011530,0.008681,0.291401
94570,0.022451,0.016871,0.114953
94580,0.030773,0.024804,0.165271
94590,0.031150,0.023895,0.145741
94600,0.023137,0.017444,0.167788
94610,0.018237,0.013604,0.122912
94620,0.036594,0.027530,0.169108
94630,0.031560,0.023671,0.156042
94640,0.018493,0.013429,0.146637
94650,0.019944,0.015080,0.149444
94660,0.024904,0.018853,0.138238
94670,0.013698,0.010382,0.104401
94680,0.009092,0.006654,0.092888
94690,0.024685,0.018879,0.111347
94700,0.023703,0.017863,0.135299
94710,0.011150,0.008361,0.103545
94720,0.021778,0.016414,0.139642
94730,0.024510,0.018382,0.133920
94740,0.025046,0.018896,0.098413
94750,0.019346,0.014608,0.116752
94760,0.017876,0.013390,0.113192
94770,0.035387,0.027144,0.156348
94780,0.045765,0.034870,0.188995
94790,0.017787,0.014647,0.088492
94800,0.023625,0.017521,0.111466
94810,0.021353,0.015724,0.127909
94820,0.038156,0.029053,0.170915
94830,0.027141,0.020652,0.121995
94840,0.030747,0.023088,0.154091
94850,0.001691,0.001368,0.069811
94860,0.017826,0.013621,0.133528
94870,0.000627,0.000532,0.218173
94880,0.012686,0.009291,0.127353
94890,0.013391,0.010007,0.082045
94900,0.004342,0.003107,0.085433
94910,0.024317,0.018194,0.135422
94920,0.043669,0.032979,0.179622
94930,0.001004,0.000793,0.147019
94940,0.030278,0.022636,0.157669
94950,0.016584,0.012315,0.113337
94960,0.039159,0.028815,0.160223
94970,0.014247,0.010690,0.123719
94980,0.029795,0.022647,0.161583
94990,0.034091,0.025949,0.171579
95000,0.009450,0.007161,0.053706
95010,0.031231,0.023447,0.149651
95020,0.021094,0.015677,0.147922
95030,0.025296,0.020200,0.206948
95040,0.022008,0.016488,0.127502
95050,0.013397,0.010145,0.067573
95060,0.012517,0.009640,0.080842
95070,0.008589,0.005968,0.066488
95080,0.025342,0.019378,0.107801
95090,0.029501,0.022315,0.144302
95100,0.016981,0.012732,0.084371
95110,0.017232,0.013094,0.122626
95120,0.068755,0.051810,0.260145
95130,0.031739,0.023705,0.157081
95140,0.021160,0.016042,0.120312
95150,0.026141,0.020110,0.142605
95160,0.027449,0.020683,0.118864
95170,0.016157,0.012733,0.067572
95180,0.015992,0.011996,0.121704
95190,0.012219,0.009236,0.112226
95200,0.014994,0.011342,0.068528
95210,0.026871,0.020536,0.137315
95220,0.030547,0.023256,0.126588
95230,0.028280,0.021684,0.146253
95240,0.022766,0.016815,0.128220
95250,0.018670,0.014021,0.110041
95260,0.044382,0.033569,0.183142
95270,0.042604,0.032701,0.180543
95280,0.051831,0.039321,0.204696
95290,0.067964,0.051717,0.231504
95300,0.026777,0.019784,0.146950
95310,0.026061,0.019542,0.150200
95320,0.037464,0.028724,0.176420
95330,0.049073,0.037150,0.194939
95340,0.029693,0.022381,0.161417
95350,0.015199,0.011150,0.128900
95360,0.043987,0.033617,0.185680
95370,0.033231,0.024951,0.149572
95380,0.015734,0.012588,0.133734
95390,0.030834,0.023442,0.155000
95400,0.015600,0.011481,0.086248
95410,0.020943,0.016109,0.123105
95420,0.042137,0.032214,0.182402
95430,0.013796,0.010666,0.062562
95440,0.028831,0.022123,0.140155
95450,0.036978,0.028005,0.177753
95460,0.023512,0.017356,0.139814
95470,0.023190,0.017661,0.131302
95480,0.030878,0.023974,0.138301
95490,0.029622,0.022394,0.129521
95500,0.022074,0.016187,0.128852
95510,0.027408,0.020342,0.126775
95520,0.041043,0.030614,0.172544
95530,0.000639,0.000430,0.154894
95540,0.034868,0.025824,0.164790
95550,0.040891,0.030937,0.174141
95560,0.035334,0.026547,0.162279
95570,0.002395,0.001735,0.202887
95580,0.037999,0.027975,0.188082
95590,0.025549,0.019577,0.144391
95600,0.033899,0.026497,0.141870
95610,0.027403,0.021043,0.137380
95620,0.016132,0.012463,0.113122
95630,0.018667,0.014299,0.093263
95640,0.012975,0.009709,0.104188
95650,0.018502,0.013704,0.124708
95660,0.017582,0.012999,0.177436
95670,0.035522,0.026670,0.153387
95680,0.021355,0.015972,0.149721
95690,0.031339,0.023720,0.167476
95700,0.022787,0.017362,0.134761
95710,0.014754,0.011194,0.109863
95720,0.022408,0.016484,0.119181
95730,0.018809,0.014226,0.112196
95740,0.014577,0.010819,0.162735
95750,0.058476,0.044481,0.200959
95760,0.024515,0.018311,0.146018
95770,0.046430,0.035063,0.191688
95780,0.038597,0.029052,0.153395
95790,0.020031,0.015073,0.120484
95800,0.023981,0.018109,0.117536
95810,0.052645,0.040192,0.211454
95820,0.010139,0.007306,0.133633
95830,0.050353,0.038682,0.195726
95840,0.014206,0.010722,0.108097
95850,0.003545,0.002654,0.098196
95860,0.022900,0.017294,0.135608
95870,0.031543,0.023667,0.149404
95880,0.023696,0.017737,0.131736
95890,0.030918,0.024010,0.145265
95900,0.027100,0.020110,0.143797
95910,0.038835,0.029241,0.174988
95920,0.006227,0.004546,0.031145
95930,0.022004,0.016608,0.129035
95940,0.036342,0.027702,0.167327
95950,0.005389,0.004036,0.099474
95960,0.040683,0.030954,0.178917
95970,0.020552,0.015516,0.120543
95980,0.025065,0.018740,0.164739
95990,0.013108,0.008776,0.158934
96000,0.019451,0.014460,0.088606
96010,0.027375,0.020446,0.159001
96020,0.023796,0.017828,0.134815
96030,0.019925,0.014752,0.142633
96040,0.059374,0.045401,0.216166
96050,0.025566,0.018907,0.144579
96060,0.028204,0.021217,0.141923
96070,0.037422,0.028005,0.168171
96080,0.013232,0.010079,0.139504
96090,0.031690,0.023897,0.159299
96100,0.019194,0.014661,0.121441
96110,0.058649,0.045199,0.218146
96120,0.018419,0.014025,0.130005
96130,0.033658,0.025553,0.136752
96140,0.023083,0.017309,0.142195
96150,0.002810,0.001963,0.027790
96160,0.038781,0.029225,0.166632
96170,0.040906,0.031329,0.176341
96180,0.027007,0.020713,0.154800
96190,0.012831,0.009232,0.126515
96200,0.038985,0.029089,0.175863
96210,0.013268,0.009681,0.111097
96220,0.027034,0.019718,0.135913
96230,0.056846,0.042587,0.225394
96240,0.008282,0.005694,0.095531
96250,0.032443,0.024822,0.157370
96260,0.027209,0.020276,0.162312
96270,0.005973,0.004645,0.105301
96280,0.022834,0.017222,0.131201
96290,0.037476,0.028116,0.169990
96300,0.028534,0.021661,0.148125
96310,0.028387,0.021527,0.137437
96320,0.038139,0.029278,0.168199
96330,0.013963,0.010759,0.099028
96340,0.034646,0.026356,0.146734
96350,0.051398,0.039508,0.196861
96360,0.017665,0.013221,0.098295
96370,0.005382,0.004088,0.118104
96380,0.041718,0.031167,0.175012
96390,0.020311,0.015320,0.120970
96400,0.029597,0.022517,0.145600
96410,0.031580,0.023864,0.139621
96420,0.036227,0.027777,0.164811
96430,0.019517,0.014528,0.152127
96440,0.007892,0.005548,0.085676
96450,0.023357,0.017350,0.122295
96460,0.031528,0.024085,0.148190
96470,0.032474,0.024218,0.171699
96480,0.005137,0.003710,0.041573
96490,0.032901,0.025112,0.140514
96500,0.038432,0.028876,0.178502
96510,0.014448,0.010550,0.123926
96520,0.044505,0.033749,0.181710
96530,0.037582,0.028581,0.180963
96540,0.038061,0.029905,0.162566
96550,0.015635,0.011553,0.117491
96560,0.015376,0.011982,0.142647
96570,0.020141,0.015318,0.096362
96580,0.024355,0.018780,0.107000
96590,0.010706,0.008199,0.113115
96600,0.026268,0.019700,0.138531
96610,0.035568,0.027038,0.175401
96620,0.015954,0.011799,0.084767
96630,0.031665,0.023639,0.153793
96640,0.015406,0.011757,0.077080
96650,0.029580,0.022463,0.157713
96660,0.031776,0.024080,0.153529
96670,0.016682,0.012587,0.127263
96680,0.011172,0.008247,0.107402
96690,0.037618,0.028841,0.166253
96700,0.007350,0.005367,0.044021
96710,0.037318,0.028675,0.168883
96720,0.034647,0.026372,0.136824
96730,0.019572,0.015028,0.114481
96740,0.041934,0.031947,0.190189
96750,0.012069,0.008922,0.101781
96760,0.036124,0.027394,0.166342
96770,0.051759,0.039857,0.209806
96780,0.028511,0.021146,0.163122
96790,0.020182,0.015298,0.119318
96800,0.027438,0.020663,0.144516
96810,0.017983,0.013545,0.127087
96820,0.026008,0.019814,0.107242
96830,0.019885,0.014918,0.098804
96840,0.022214,0.016708,0.128289
96850,0.005590,0.004166,0.108355
96860,0.025751,0.019669,0.135471
96870,0.005812,0.004465,0.061990
96880,0.029090,0.021384,0.177912
96890,0.016670,0.012556,0.107410
96900,0.040153,0.030487,0.156705
96910,0.011402,0.008454,0.104910
96920,0.023083,0.017342,0.138104
96930,0.033521,0.025528,0.153305
96940,0.025326,0.018669,0.158418
96950,0.022326,0.017140,0.155478
96960,0.018774,0.013917,0.087366
96970,0.032831,0.025030,0.160596
96980,0.029229,0.021930,0.149023
96990,0.006725,0.004877,0.094774
97000,0.026875,0.019975,0.147541
97010,0.022612,0.017048,0.139602
97020,0.009094,0.007038,0.052332
97030,0.021746,0.015965,0.131115
97040,0.011837,0.008666,0.119528
97050,0.028841,0.021614,0.152001
97060,0.017312,0.012448,0.131853
97070,0.023682,0.017869,0.134355
97080,0.017597,0.012834,0.122844
97090,0.036337,0.026916,0.175457
97100,0.022290,0.016730,0.101333
97110,0.035372,0.026238,0.170320
97120,0.042322,0.031793,0.187490
97130,0.035472,0.026759,0.164163
97140,0.026790,0.020306,0.129287
97150,0.049148,0.037493,0.186074
97160,0.025333,0.018954,0.151747
97170,0.055256,0.042609,0.202449
97180,0.019743,0.014863,0.118674
97190,0.018122,0.013565,0.109689
97200,0.020165,0.015255,0.107886
97210,0.023020,0.017102,0.127706
97220,0.007983,0.005933,0.064507
97230,0.022638,0.016832,0.126805
97240,0.033367,0.025108,0.164525
97250,0.021067,0.015968,0.139421
97260,0.022513,0.017388,0.089390
97270,0.048985,0.037159,0.196841
97280,0.010470,0.007910,0.057004
97290,0.012480,0.009087,0.108606
97300,0.036506,0.027830,0.168974
97310,0.028311,0.021575,0.118057
97320,0.022949,0.017457,0.098979
97330,0.044248,0.033522,0.197279
97340,0.011376,0.008363,0.106573
97350,0.028742,0.021532,0.156642
97360,0.036016,0.027116,0.170097
97370,0.036656,0.027800,0.159976
97380,0.017091,0.012890,0.108118
97390,0.038886,0.029521,0.173150
97400,0.059759,0.045662,0.220134
97410,0.018131,0.013557,0.142929
97420,0.034189,0.025566,0.162069
97430,0.022805,0.017089,0.123736
97440,0.018293,0.012150,0.137663
97450,0.037683,0.028491,0.148815
97460,0.022473,0.016864,0.127004
97470,0.043528,0.033330,0.187029
97480,0.022175,0.016801,0.131284
97490,0.011983,0.008900,0.101349
97500,0.020820,0.015599,0.130958
97510,0.032073,0.023684,0.176620
97520,0.009697,0.007186,0.130942
97530,0.014233,0.010924,0.074527
97540,0.042283,0.032099,0.183810
97550,0.025968,0.019338,0.140167
97560,0.036562,0.028417,0.157816
97570,0.018413,0.014018,0.139200
97580,0.000001,0.000001,0.000003
97590,0.026417,0.020284,0.141800
97600,0.020685,0.015793,0.139745
97610,0.013820,0.010207,0.105668
97620,0.026138,0.019838,0.125115
97630,0.028680,0.021626,0.149523
97640,0.037292,0.028125,0.171297
97650,0.038698,0.029170,0.183523
97660,0.023560,0.018157,0.133103
97670,0.020899,0.015630,0.125447
97680,0.041397,0.031809,0.153006
97690,0.001047,0.000709,0.156192
97700,0.046969,0.035621,0.195395
97710,0.015152,0.011140,0.105092
97720,0.019956,0.015418,0.115349
97730,0.026003,0.019742,0.138697
97740,0.025944,0.019819,0.114836
97750,0.024343,0.018613,0.137046
97760,0.038628,0.029592,0.167487
97770,0.023835,0.017845,0.139255
97780,0.034689,0.026301,0.153113
97790,0.024286,0.018042,0.139438
97800,0.046658,0.035311,0.201757
97810,0.030246,0.023148,0.162090
97820,0.051402,0.038500,0.212817
97830,0.035193,0.026721,0.159937
97840,0.014361,0.010919,0.081924
97850,0.018223,0.013753,0.123216
97860,0.011248,0.008066,0.110491
97870,0.021699,0.016247,0.123598
97880,0.030161,0.023131,0.143882
97890,0.043824,0.041936,0.235848
97900,0.029251,0.022494,0.132687
97910,0.037040,0.028098,0.167236
97920,0.020312,0.015805,0.129600
97930,0.006918,0.005174,0.065573
97940,0.019549,0.014477,0.129515
97950,0.037928,0.028776,0.173271
97960,0.022376,0.016857,0.134891
97970,0.016354,0.012762,0.085549
97980,0.023940,0.017851,0.136035
97990,0.022136,0.016658,0.132408
98000,0.013504,0.010046,0.106137
98010,0.013805,0.010267,0.136072
98020,0.043487,0.033109,0.178207
98030,0.037326,0.028571,0.156494
98040,0.034475,0.026202,0.161215
98050,0.017276,0.012772,0.110532
98060,0.018500,0.013843,0.112734
98070,0.020251,0.015101,0.126349
98080,0.034673,0.026285,0.137417
98090,0.019932,0.014772,0.126110
98100,0.038282,0.029157,0.173986
98110,0.027993,0.021239,0.118071
98120,0.024158,0.018136,0.132729
98130,0.043068,0.032558,0.177817
98140,0.041366,0.030032,0.182078
98150,0.039238,0.029902,0.172438
98160,0.017673,0.013373,0.107218
98170,0.030528,0.022990,0.156750
98180,0.024922,0.018721,0.148937
98190,0.008801,0.006343,0.047355
98200,0.012319,0.009271,0.096920
98210,0.026195,0.019920,0.140931
98220,0.012894,0.009364,0.085274
98230,0.014722,0.011220,0.082298
98240,0.030976,0.023517,0.138724
98250,0.012233,0.008893,0.099787
98260,0.042872,0.032332,0.172751
98270,0.021129,0.016015,0.105229
98280,0.022981,0.017408,0.135303
98290,0.029758,0.022353,0.163061
98300,0.017807,0.013699,0.126786
98310,0.028869,0.022154,0.136038
98320,0.038408,0.029210,0.172310
98330,0.008099,0.006036,0.105404
98340,0.014095,0.010366,0.098681
98350,0.019249,0.014143,0.123853
98360,0.002644,0.001937,0.140367
98370,0.031605,0.023701,0.158199
98380,0.015028,0.011085,0.120337
98390,0.040109,0.030790,0.183566
98400,0.048383,0.036322,0.199037
98410,0.025722,0.019257,0.137312
98420,0.037289,0.028575,0.144193
98430,0.016486,0.012838,0.116124
98440,0.035324,0.026512,0.166274
98450,0.021514,0.016308,0.108369
98460,0.017385,0.012697,0.140699
98470,0.022142,0.016725,0.118458
98480,0.018683,0.014142,0.141701
98490,0.018338,0.013861,0.139019
98500,0.027729,0.020910,0.145245
98510,0.008444,0.006149,0.116339
98520,0.034337,0.025969,0.165058
98530,0.034364,0.026061,0.173418
98540,0.013079,0.009963,0.071789
98550,0.022683,0.017025,0.128160
98560,0.001888,0.001347,0.064519
98570,0.001593,0.001186,0.085757
98580,0.024218,0.017989,0.136510
98590,0.007335,0.005590,0.088395
98600,0.035283,0.027075,0.163259
98610,0.055133,0.041609,0.212586
98620,0.017953,0.013297,0.084298
98630,0.009562,0.006974,0.094030
98640,0.023837,0.018069,0.137977
98650,0.028167,0.021339,0.141780
98660,0.025187,0.018823,0.130451
98670,0.006800,0.005013,0.100328
98680,0.018853,0.014237,0.109707
98690,0.017344,0.012933,0.080127
98700,0.005456,0.004123,0.150611
98710,0.019078,0.014405,0.109017
98720,0.009393,0.006938,0.110297
98730,0.026241,0.020025,0.144149
98740,0.030901,0.023470,0.154556
98750,0.028335,0.021562,0.125581
98760,0.014400,0.010767,0.062924
98770,0.013940,0.010376,0.113845
98780,0.032828,0.024722,0.134572
98790,0.026193,0.019593,0.128326
98800,0.028623,0.021767,0.142523
98810,0.021068,0.015844,0.132772
98820,0.036658,0.026845,0.175053
98830,0.016989,0.012464,0.089400
98840,0.028154,0.021650,0.154348
98850,0.016827,0.013217,0.121982
98860,0.015796,0.011813,0.129611
98870,0.011963,0.008712,0.072401
98880,0.012843,0.009338,0.131627
98890,0.015883,0.011639,0.112534
98900,0.030062,0.022857,0.125955
98910,0.012403,0.009035,0.095117
98920,0.048150,0.036911,0.195332
98930,0.039337,0.029882,0.172307
98940,0.022077,0.016438,0.138796
98950,0.034755,0.026664,0.160797
98960,0.041745,0.032129,0.171191
98970,0.018469,0.013842,0.100700
98980,0.013011,0.009811,0.107965
98990,0.031037,0.023418,0.148448
99000,0.026491,0.020053,0.140888
99010,0.031669,0.023531,0.136705
99020,0.047142,0.035768,0.183275
99030,0.009033,0.006415,0.263449
99040,0.019104,0.014584,0.094509
99050,0.040713,0.030983,0.165193
99060,0.026514,0.019886,0.147613
99070,0.018005,0.013693,0.115418
99080,0.001032,0.000801,0.010475
99090,0.009805,0.007755,0.157752
99100,0.043527,0.033082,0.170516
99110,0.023915,0.017358,0.120544
99120,0.024224,0.018006,0.116081
99130,0.029003,0.022209,0.122787
99140,0.034210,0.025819,0.161915
99150,0.012645,0.009571,0.064693
99160,0.038021,0.028733,0.170433
99170,0.011516,0.008597,0.096850
99180,0.028510,0.021549,0.132180
99190,0.014761,0.011043,0.138886
99200,0.035429,0.027496,0.170443
99210,0.025133,0.019571,0.136349
99220,0.043554,0.032879,0.178651
99230,0.023144,0.017542,0.130348
99240,0.026653,0.020228,0.140901
99250,0.019580,0.014984,0.115182
99260,0.026466,0.020304,0.119545
99270,0.037046,0.028504,0.164782
99280,0.024783,0.018419,0.132754
99290,0.034418,0.025777,0.133323
99300,0.032145,0.024484,0.157271
99310,0.036615,0.027912,0.171763
99320,0.021595,0.015959,0.129993
99330,0.020058,0.015564,0.126771
99340,0.007931,0.006025,0.049013
99350,0.053150,0.040101,0.200727
99360,0.040754,0.030914,0.171363
99370,0.016594,0.012561,0.107795
99380,0.031829,0.024336,0.128353
99390,0.031465,0.024118,0.154621
99400,0.020824,0.015212,0.138332
99410,0.015255,0.011490,0.085400
99420,0.017135,0.012956,0.107093
99430,0.038753,0.029191,0.168169
99440,0.038631,0.029337,0.164148
99450,0.021981,0.015942,0.125202
99460,0.028424,0.021407,0.138669
99470,0.026975,0.020638,0.143459
99480,0.028167,0.020945,0.149388
99490,0.018088,0.013487,0.118640
99500,0.028354,0.021616,0.148406
99510,0.017154,0.012654,0.098580
99520,0.013028,0.009654,0.106482
99530,0.025815,0.019672,0.138655
99540,0.051253,0.038903,0.200452
99550,0.017993,0.013665,0.115333
99560,0.013613,0.010299,0.066970
99570,0.014505,0.010981,0.072249
99580,0.027738,0.020866,0.129232
99590,0.042569,0.032200,0.175035
99600,0.033106,0.024644,0.163065
99610,0.034318,0.026269,0.156207
99620,0.006372,0.005075,0.037375
99630,0.042426,0.032922,0.196873
99640,0.019332,0.014655,0.124755
99650,0.032847,0.025040,0.156067
99660,0.020267,0.015074,0.123182
99670,0.038838,0.030214,0.182741
99680,0.022648,0.016765,0.125657
99690,0.045903,0.034895,0.175347
99700,0.022205,0.016815,0.125235
99710,0.022531,0.016781,0.169887
99720,0.018272,0.013917,0.096926
99730,0.021285,0.016445,0.095089
99740,0.004436,0.003386,0.075217
99750,0.038454,0.029496,0.169369
99760,0.023409,0.017582,0.146625
99770,0.051775,0.038989,0.206653
99780,0.013467,0.009911,0.096083
99790,0.011040,0.008444,0.122925
99800,0.019238,0.014178,0.124722
99810,0.014688,0.010834,0.112465
99820,0.004013,0.003072,0.099038
99830,0.032834,0.025277,0.145336
99840,0.017245,0.013031,0.081699
99850,0.022372,0.016231,0.128669
99860,0.024283,0.018158,0.117772
99870,0.051344,0.039111,0.197877
99880,0.016817,0.012712,0.122290
99890,0.019668,0.014669,0.124139
99900,0.026993,0.020555,0.141424
99910,0.015119,0.011124,0.111538
99920,0.018175,0.014737,0.122685
99930,0.011009,0.008082,0.106392
99940,0.039255,0.029438,0.166184
99950,0.026628,0.020328,0.124513
99960,0.025116,0.019365,0.122475
99970,0.037532,0.029101,0.167704
99980,0.002826,0.002105,0.137592
99990,0.017789,0.013459,0.124657
100000,0.019010,0.014246,0.126329
