iter,ce_loss,ds_loss,final_loss
10,2.489171,0.364262,3.807781
20,0.192423,0.107399,0.937818
30,0.338873,0.218716,1.251488
40,0.323869,0.238005,1.241565
50,0.203928,0.090462,0.935647
60,0.287589,0.218302,1.140043
70,0.765763,0.434142,1.953132
80,0.292797,0.227480,1.139258
90,0.223992,0.149272,0.895670
100,0.134619,0.136528,0.753172
110,0.173502,0.107006,0.755418
120,0.173193,0.166804,0.813415
130,0.136908,0.111124,0.688543
140,0.151087,0.132199,0.766153
150,0.131482,0.098386,0.651769
160,0.115518,0.108242,0.629576
170,0.070279,0.051076,0.622652
180,0.121281,0.101822,0.592797
190,0.062018,0.056630,0.444665
200,0.126645,0.112387,0.600895
210,0.085111,0.095096,0.547798
220,0.049166,0.051844,0.415292
230,0.184793,0.124536,0.728685
240,0.128805,0.106531,0.596367
250,0.143003,0.096545,0.597728
260,0.104093,0.066223,0.513936
270,0.127796,0.097128,0.566590
280,0.063866,0.050256,0.464037
290,0.230972,0.158810,0.860549
300,0.125071,0.088645,0.532933
310,0.064156,0.056383,0.452237
320,0.055338,0.043603,0.445139
330,0.068213,0.049204,0.422104
340,0.108786,0.071348,0.572948
350,0.069428,0.048213,0.422726
360,0.077173,0.056422,0.443604
370,0.113801,0.080011,0.615805
380,0.118502,0.080320,0.502236
390,0.223015,0.153527,0.766176
400,0.107779,0.075533,0.488531
410,0.187735,0.138041,0.679988
420,0.070079,0.054144,0.407827
430,0.117337,0.086519,0.509051
440,0.096971,0.067143,0.443489
450,0.174525,0.112527,0.652555
460,0.063761,0.055532,0.383735
470,0.112285,0.067451,0.447633
480,0.121962,0.085569,0.485826
490,0.037620,0.026496,0.282564
500,0.096786,0.066642,0.631378
510,0.059977,0.044182,0.351185
520,0.114710,0.071480,0.609643
530,0.066950,0.049210,0.397967
540,0.066897,0.044791,0.346038
550,0.066646,0.046598,0.342443
560,0.209058,0.154925,0.710867
570,0.128859,0.097691,0.502903
580,0.098265,0.071567,0.491688
590,0.065523,0.046068,0.378719
600,0.050187,0.035171,0.336990
610,0.071089,0.051301,0.403393
620,0.096027,0.072149,0.433046
630,0.101244,0.075730,0.423111
640,0.038877,0.037695,0.344199
650,0.091482,0.066184,0.394640
660,0.051774,0.034520,0.368188
670,0.032565,0.024299,0.281163
680,0.092629,0.071638,0.413886
690,0.103534,0.063496,0.590346
700,0.223642,0.170956,0.719843
710,0.088942,0.063260,0.398460
720,0.049707,0.038685,0.343320
730,0.159698,0.127066,0.580293
740,0.068406,0.050862,0.324090
750,0.107150,0.079052,0.412474
760,0.157893,0.136633,0.568978
770,0.111156,0.080601,0.472645
780,0.027915,0.022499,0.309270
790,0.032148,0.027329,0.327618
800,0.027831,0.022895,0.366136
810,0.075943,0.054814,0.376006
820,0.076502,0.055840,0.392267
830,0.041425,0.028743,0.382638
840,0.094109,0.072481,0.393633
850,0.217934,0.161794,0.749968
860,0.038936,0.026763,0.344382
870,0.133985,0.097378,0.485588
880,0.079028,0.063170,0.340994
890,0.084434,0.064691,0.376802
900,0.140392,0.110946,0.531694
910,0.037873,0.026823,0.266476
920,0.018667,0.015545,0.251409
930,0.085801,0.062722,0.372082
940,0.038723,0.027428,0.282391
950,0.054655,0.037867,0.441550
960,0.024507,0.022204,0.266984
970,0.072361,0.055262,0.343602
980,0.085540,0.069765,0.384232
990,0.119853,0.084910,0.485935
1000,0.040970,0.029934,0.283294
1010,0.096388,0.075400,0.420167
1020,0.106082,0.080634,0.407696
1030,0.127057,0.104994,0.468888
1040,0.135015,0.110883,0.503431
1050,0.068219,0.050193,0.313526
1060,0.017166,0.013425,0.287363
1070,0.016547,0.012356,0.219257
1080,0.058802,0.045686,0.284690
1090,0.075027,0.050855,0.367512
1100,0.029122,0.023534,0.353752
1110,0.033769,0.029041,0.263509
1120,0.102476,0.080374,0.485640
1130,0.038366,0.031640,0.273949
1140,0.074201,0.054702,0.348624
1150,0.032849,0.025382,0.302943
1160,0.030496,0.022241,0.295900
1170,0.042245,0.033040,0.324230
1180,0.029252,0.022929,0.297944
1190,0.090753,0.062664,0.394935
1200,0.024655,0.018692,0.216129
1210,0.043595,0.030665,0.242053
1220,0.079682,0.060796,0.353211
1230,0.066723,0.050616,0.305693
1240,0.058512,0.043337,0.314983
1250,0.075246,0.057816,0.323711
1260,0.060956,0.043856,0.298409
1270,0.019837,0.015588,0.462909
1280,0.047648,0.037020,0.271560
1290,0.057705,0.043753,0.284853
1300,0.016440,0.012244,0.231935
1310,0.044616,0.030559,0.245498
1320,0.122639,0.101200,0.456828
1330,0.053101,0.038472,0.262324
1340,0.044071,0.033375,0.278453
1350,0.064493,0.048741,0.294539
1360,0.045934,0.034464,0.274975
1370,0.041985,0.032593,0.263086
1380,0.050483,0.039820,0.283131
1390,0.083183,0.061853,0.338099
1400,0.048858,0.035586,0.275856
1410,0.086289,0.062589,0.383039
1420,0.023154,0.016909,0.251999
1430,0.021805,0.018148,0.259252
1440,0.037716,0.029372,0.454085
1450,0.054122,0.039375,0.263097
1460,0.043937,0.032504,0.224007
1470,0.025111,0.017970,0.205400
1480,0.055446,0.040894,0.246873
1490,0.069688,0.052779,0.299600
1500,0.108457,0.083377,0.400838
1510,0.075594,0.056638,0.333189
1520,0.033627,0.026827,0.236824
1530,0.061499,0.046209,0.280287
1540,0.100416,0.081815,0.382882
1550,0.152880,0.103046,0.700373
1560,0.041636,0.031255,0.229044
1570,0.058697,0.042330,0.310970
1580,0.012592,0.010468,0.236406
1590,0.013525,0.009419,0.185205
1600,0.031013,0.030010,0.264081
1610,0.031015,0.021271,0.245783
1620,0.062390,0.047094,0.292352
1630,0.037709,0.027042,0.260415
1640,0.028769,0.023200,0.324173
1650,0.114907,0.093083,0.430327
1660,0.053642,0.050662,0.241826
1670,0.050065,0.039991,0.344700
1680,0.037605,0.042327,0.318081
1690,0.047270,0.032141,0.295739
1700,0.035311,0.026587,0.225241
1710,0.065079,0.050809,0.307495
1720,0.060066,0.043178,0.281144
1730,0.137000,0.103968,0.469533
1740,0.064203,0.049534,0.257227
1750,0.074271,0.053532,0.298218
1760,0.103921,0.075361,0.373096
1770,0.041070,0.031531,0.230305
1780,0.026483,0.019120,0.285478
1790,0.042911,0.031955,0.250526
1800,0.004017,0.004198,0.011693
1810,0.052505,0.039115,0.271225
1820,0.052515,0.040855,0.293420
1830,0.053260,0.039583,0.252470
1840,0.054330,0.037728,0.277922
1850,0.059133,0.044445,0.288165
1860,0.037363,0.027874,0.210269
1870,0.060735,0.043395,0.297422
1880,0.067525,0.049682,0.302973
1890,0.055701,0.044052,0.254390
1900,0.022434,0.017936,0.202043
1910,0.034377,0.026432,0.166699
1920,0.034657,0.027837,0.184651
1930,0.048410,0.035965,0.266226
1940,0.018570,0.012915,0.225059
1950,0.089824,0.073119,0.373700
1960,0.039682,0.029095,0.201177
1970,0.057203,0.043045,0.257688
1980,0.064449,0.048494,0.291708
1990,0.032949,0.025560,0.254917
2000,0.052856,0.041245,0.272723
2010,0.046076,0.034509,0.240692
2020,0.033554,0.024945,0.238884
2030,0.121208,0.095033,0.428579
2040,0.034228,0.023352,0.227949
2050,0.017612,0.013478,0.166803
2060,0.018148,0.014065,0.209482
2070,0.075931,0.058466,0.308611
2080,0.081159,0.068227,0.336985
2090,0.035517,0.026659,0.220278
2100,0.060038,0.048311,0.271010
2110,0.080909,0.057394,0.334190
2120,0.018899,0.012618,0.231027
2130,0.044667,0.033999,0.240990
2140,0.058093,0.044945,0.300486
2150,0.059796,0.045106,0.274007
2160,0.025397,0.017172,0.152645
2170,0.118720,0.087065,0.429396
2180,0.045250,0.033798,0.231358
2190,0.032525,0.023641,0.212108
2200,0.043386,0.032634,0.236051
2210,0.066182,0.051822,0.293022
2220,0.071447,0.051971,0.306691
2230,0.024450,0.018941,0.195297
2240,0.052281,0.038935,0.239012
2250,0.076701,0.060819,0.341838
2260,0.048920,0.036025,0.238918
2270,0.027190,0.017827,0.199678
2280,0.054097,0.041681,0.257163
2290,0.075497,0.056552,0.323551
2300,0.047008,0.036372,0.229934
2310,0.035204,0.026353,0.239865
2320,0.004675,0.004249,0.270329
2330,0.068952,0.048962,0.307154
2340,0.044782,0.033423,0.234874
2350,0.053529,0.040487,0.256714
2360,0.054078,0.052053,0.452898
2370,0.010488,0.011694,0.247553
2380,0.087264,0.064482,0.336007
2390,0.040150,0.029751,0.213881
2400,0.053271,0.041271,0.290953
2410,0.060047,0.044410,0.263098
2420,0.102855,0.081432,0.364041
2430,0.021441,0.017883,0.204683
2440,0.058915,0.042713,0.285421
2450,0.082524,0.063752,0.339578
2460,0.016201,0.012632,0.182056
2470,0.061445,0.044078,0.267054
2480,0.050083,0.038192,0.270949
2490,0.024392,0.019772,0.198573
2500,0.033951,0.026893,0.210205
2510,0.046365,0.035635,0.250633
2520,0.037616,0.029784,0.240112
2530,0.068809,0.052816,0.297810
2540,0.016808,0.011690,0.077668
2550,0.078919,0.060378,0.311127
2560,0.025685,0.018377,0.185602
2570,0.074340,0.054817,0.309049
2580,0.009286,0.007604,0.220593
2590,0.069986,0.053866,0.303036
2600,0.105853,0.079771,0.379791
2610,0.062411,0.049793,0.287987
2620,0.019984,0.014456,0.173275
2630,0.047179,0.035492,0.292424
2640,0.037569,0.027776,0.246854
2650,0.077760,0.058529,0.307122
2660,0.049658,0.036647,0.255634
2670,0.108313,0.082281,0.394172
2680,0.030980,0.030483,0.209864
2690,0.064796,0.047274,0.305364
2700,0.077366,0.058415,0.300897
2710,0.037872,0.025929,0.253745
2720,0.034352,0.025559,0.222711
2730,0.042573,0.032450,0.212542
2740,0.085589,0.066320,0.314127
2750,0.049472,0.033982,0.271069
2760,0.015303,0.010396,0.110069
2770,0.011949,0.009855,0.232952
2780,0.014517,0.010928,0.420153
2790,0.070864,0.056122,0.287768
2800,0.074918,0.053527,0.307214
2810,0.058257,0.044102,0.247962
2820,0.026392,0.019917,0.214665
2830,0.044024,0.033847,0.237367
2840,0.043866,0.032453,0.243183
2850,0.078022,0.060388,0.320832
2860,0.053970,0.040067,0.256521
2870,0.053356,0.040870,0.247490
2880,0.000436,0.000621,0.001840
2890,0.020413,0.015789,0.216426
2900,0.057708,0.043797,0.288202
2910,0.067092,0.055558,0.310110
2920,0.065388,0.049959,0.271481
2930,0.053857,0.040116,0.243894
2940,0.029623,0.021163,0.198762
2950,0.100522,0.073408,0.347547
2960,0.048085,0.035963,0.239985
2970,0.060255,0.043976,0.257457
2980,0.053999,0.043468,0.255431
2990,0.066254,0.056824,0.287078
3000,0.098948,0.086269,0.404617
3010,0.025259,0.019104,0.213337
3020,0.024700,0.019703,0.213859
3030,0.007341,0.006077,0.240161
3040,0.054556,0.041758,0.261512
3050,0.079828,0.062849,0.329150
3060,0.039751,0.030022,0.194176
3070,0.089472,0.066616,0.345611
3080,0.064184,0.049290,0.273416
3090,0.051113,0.038366,0.250092
3100,0.031657,0.024209,0.201977
3110,0.036968,0.027699,0.211350
3120,0.039028,0.028924,0.219870
3130,0.048877,0.035592,0.230446
3140,0.060845,0.045198,0.308250
3150,0.069898,0.053807,0.307685
3160,0.028666,0.030238,0.211204
3170,0.052449,0.038568,0.244744
3180,0.060428,0.046604,0.269259
3190,0.037941,0.032247,0.198999
3200,0.041144,0.033681,0.234569
3210,0.044984,0.033502,0.226076
3220,0.035285,0.043990,0.242506
3230,0.027482,0.020772,0.180283
3240,0.082414,0.066129,0.362454
3250,0.058910,0.043174,0.292704
3260,0.041765,0.031168,0.235234
3270,0.072023,0.051096,0.315171
3280,0.033514,0.025220,0.196772
3290,0.022753,0.016707,0.208180
3300,0.042033,0.032411,0.225451
3310,0.081698,0.070442,0.339732
3320,0.066572,0.050128,0.236539
3330,0.021532,0.017897,0.279949
3340,0.023047,0.017079,0.231799
3350,0.063566,0.048572,0.256146
3360,0.033804,0.025857,0.193856
3370,0.032317,0.025350,0.196843
3380,0.038612,0.028981,0.244908
3390,0.033299,0.024994,0.192425
3400,0.031927,0.025164,0.169795
3410,0.003778,0.003458,0.123651
3420,0.030737,0.022291,0.229529
3430,0.031779,0.025498,0.213485
3440,0.084349,0.068280,0.331134
3450,0.008157,0.006867,0.518259
3460,0.022963,0.019568,0.135030
3470,0.037067,0.028435,0.203037
3480,0.056062,0.042399,0.271294
3490,0.070226,0.056181,0.314754
3500,0.035363,0.025964,0.218785
3510,0.085295,0.064106,0.323546
3520,0.047274,0.032320,0.217843
3530,0.036517,0.028206,0.187903
3540,0.031544,0.024123,0.207761
3550,0.066285,0.050459,0.283557
3560,0.042756,0.032905,0.218194
3570,0.064479,0.049364,0.263544
3580,0.018369,0.013992,0.160322
3590,0.034712,0.025985,0.227216
3600,0.020841,0.015686,0.115541
3610,0.021185,0.016562,0.126387
3620,0.006254,0.006025,0.141143
3630,0.030914,0.023685,0.188540
3640,0.047974,0.036439,0.239070
3650,0.080329,0.059915,0.309650
3660,0.040772,0.031183,0.218859
3670,0.002315,0.002059,0.111052
3680,0.008444,0.006423,0.157182
3690,0.054186,0.041189,0.235520
3700,0.019973,0.014634,0.161987
3710,0.039248,0.028896,0.225667
3720,0.070045,0.049931,0.293768
3730,0.071144,0.066712,0.296219
3740,0.036055,0.027520,0.200725
3750,0.029591,0.021340,0.224453
3760,0.027312,0.020474,0.176163
3770,0.012330,0.009586,0.158043
3780,0.028369,0.021278,0.196969
3790,0.074717,0.056201,0.287427
3800,0.063655,0.048922,0.282831
3810,0.038417,0.035114,0.244513
3820,0.055243,0.041544,0.270537
3830,0.067622,0.046977,0.293259
3840,0.030387,0.023329,0.180825
3850,0.035805,0.028854,0.198559
3860,0.027590,0.020916,0.193615
3870,0.043306,0.033462,0.219996
3880,0.026392,0.021916,0.147231
3890,0.025872,0.020198,0.176077
3900,0.062318,0.047422,0.273759
3910,0.016678,0.012190,0.171625
3920,0.008654,0.006445,0.234708
3930,0.066190,0.047803,0.299674
3940,0.024548,0.018512,0.179260
3950,0.055173,0.041339,0.288747
3960,0.000665,0.000761,0.002466
3970,0.048735,0.037077,0.240662
3980,0.009019,0.006637,0.208429
3990,0.056099,0.039821,0.227699
4000,0.059876,0.043333,0.288310
4010,0.074780,0.056565,0.284663
4020,0.069074,0.057577,0.276441
4030,0.039074,0.030066,0.200086
4040,0.041110,0.029626,0.218409
4050,0.024617,0.018122,0.198036
4060,0.043397,0.029294,0.257310
4070,0.040883,0.032741,0.211296
4080,0.029627,0.021523,0.204760
4090,0.043899,0.038105,0.228923
4100,0.046832,0.036443,0.229870
4110,0.025535,0.018981,0.167641
4120,0.034583,0.023445,0.228870
4130,0.042739,0.032385,0.212288
4140,0.023450,0.018281,0.196782
4150,0.067852,0.053638,0.272895
4160,0.071930,0.052718,0.294089
4170,0.023382,0.017255,0.162311
4180,0.035979,0.027922,0.200316
4190,0.020240,0.012869,0.143055
4200,0.025581,0.020350,0.168317
4210,0.052950,0.041796,0.233152
4220,0.006741,0.004703,0.206227
4230,0.032297,0.021793,0.256875
4240,0.049286,0.036674,0.250786
4250,0.052732,0.040508,0.238823
4260,0.047468,0.037648,0.214212
4270,0.062332,0.046429,0.265607
4280,0.027138,0.020092,0.191493
4290,0.059950,0.046210,0.255554
4300,0.051479,0.037927,0.215239
4310,0.068529,0.049253,0.279582
4320,0.071367,0.053883,0.301914
4330,0.057585,0.048116,0.269245
4340,0.025295,0.018472,0.147909
4350,0.040838,0.029125,0.226565
4360,0.034196,0.022383,0.196107
4370,0.065240,0.050843,0.275275
4380,0.055296,0.041882,0.253544
4390,0.081005,0.062177,0.304903
4400,0.022450,0.016786,0.164213
4410,0.035920,0.026589,0.204034
4420,0.034523,0.026187,0.217602
4430,0.086991,0.066463,0.340821
4440,0.027692,0.021339,0.154562
4450,0.054923,0.042267,0.248359
4460,0.021591,0.014801,0.135728
4470,0.039438,0.029982,0.208464
4480,0.040851,0.029975,0.242297
4490,0.024621,0.018527,0.181281
4500,0.037430,0.027147,0.198729
4510,0.076529,0.061880,0.284407
4520,0.019233,0.016814,0.180666
4530,0.047946,0.037224,0.224050
4540,0.019895,0.015261,0.131923
4550,0.052167,0.038795,0.230930
4560,0.043655,0.035067,0.233739
4570,0.010776,0.007715,0.089297
4580,0.049462,0.037189,0.212416
4590,0.027811,0.021285,0.156390
4600,0.036245,0.027621,0.221941
4610,0.040095,0.032338,0.259089
4620,0.036023,0.027142,0.161676
4630,0.012383,0.009103,0.160001
4640,0.039165,0.028735,0.237423
4650,0.043384,0.035059,0.234014
4660,0.028704,0.023554,0.199411
4670,0.040761,0.031120,0.194821
4680,0.024293,0.018532,0.182543
4690,0.048721,0.034607,0.251480
4700,0.034653,0.025782,0.185592
4710,0.038780,0.029412,0.211283
4720,0.044949,0.034593,0.215130
4730,0.058361,0.047786,0.248279
4740,0.072565,0.058231,0.285360
4750,0.052662,0.039650,0.253308
4760,0.050792,0.038489,0.249521
4770,0.032449,0.024795,0.179944
4780,0.073650,0.055861,0.275759
4790,0.049866,0.037833,0.216286
4800,0.026778,0.020062,0.204678
4810,0.072173,0.054419,0.294558
4820,0.051290,0.039092,0.245438
4830,0.012530,0.009922,0.132321
4840,0.053188,0.041658,0.233857
4850,0.041836,0.031965,0.232137
4860,0.050993,0.041688,0.244009
4870,0.051613,0.038993,0.245530
4880,0.012716,0.010083,0.093942
4890,0.066028,0.049534,0.247253
4900,0.031549,0.023909,0.159285
4910,0.023853,0.016368,0.246901
4920,0.051989,0.040430,0.330801
4930,0.031003,0.023046,0.185660
4940,0.000418,0.000624,0.001807
4950,0.086059,0.067475,0.326766
4960,0.035619,0.028436,0.207281
4970,0.025756,0.020147,0.206559
4980,0.034988,0.027607,0.197931
4990,0.027999,0.020580,0.194681
5000,0.043815,0.032530,0.217797
5010,0.029992,0.022607,0.199571
5020,0.082628,0.062655,0.305630
5030,0.025654,0.020152,0.207546
5040,0.013881,0.011112,0.161545
5050,0.077862,0.061166,0.306776
5060,0.046246,0.037093,0.216942
5070,0.004771,0.004295,0.323287
5080,0.044703,0.033587,0.222277
5090,0.052327,0.041785,0.248105
5100,0.038244,0.027306,0.216366
5110,0.041018,0.031355,0.224289
5120,0.007277,0.005494,0.139861
5130,0.018207,0.015375,0.164343
5140,0.082833,0.065314,0.313757
5150,0.048381,0.036384,0.235846
5160,0.012402,0.009865,0.176896
5170,0.036248,0.027813,0.205316
5180,0.029892,0.023180,0.152708
5190,0.075850,0.059113,0.311911
5200,0.023292,0.018230,0.109387
5210,0.033881,0.026434,0.194431
5220,0.026666,0.018665,0.198144
5230,0.026243,0.018870,0.225138
5240,0.079306,0.060626,0.288195
5250,0.057908,0.045738,0.267647
5260,0.034141,0.026325,0.200430
5270,0.064279,0.049089,0.260107
5280,0.047683,0.036461,0.221482
5290,0.078025,0.060330,0.306352
5300,0.023744,0.018750,0.174821
5310,0.032710,0.025687,0.188922
5320,0.053644,0.039631,0.254404
5330,0.016759,0.012137,0.148819
5340,0.045394,0.036696,0.189426
5350,0.044835,0.033570,0.248518
5360,0.031172,0.023449,0.144081
5370,0.044776,0.033830,0.213662
5380,0.014731,0.012257,0.093129
5390,0.069361,0.055902,0.313290
5400,0.036918,0.027228,0.196845
5410,0.024604,0.019027,0.178729
5420,0.027619,0.021440,0.177624
5430,0.037282,0.027700,0.221390
5440,0.028711,0.022729,0.181860
5450,0.021949,0.015844,0.182756
5460,0.022978,0.016329,0.119213
5470,0.038429,0.029532,0.217822
5480,0.008085,0.008075,0.197827
5490,0.044645,0.035546,0.227332
5500,0.026996,0.020266,0.187462
5510,0.036102,0.027617,0.210087
5520,0.072583,0.051926,0.297562
5530,0.058575,0.045503,0.237910
5540,0.042838,0.033972,0.216030
5550,0.051121,0.038884,0.224455
5560,0.026275,0.021350,0.184822
5570,0.028551,0.023087,0.189860
5580,0.048995,0.039407,0.232405
5590,0.037891,0.028647,0.189062
5600,0.077479,0.057958,0.281960
5610,0.040477,0.029755,0.222683
5620,0.030190,0.022604,0.192609
5630,0.016476,0.013181,0.137375
5640,0.040861,0.030382,0.206522
5650,0.035366,0.027534,0.200957
5660,0.007882,0.006312,0.128417
5670,0.048830,0.037849,0.223287
5680,0.043643,0.035471,0.218756
5690,0.072434,0.056601,0.301021
5700,0.050871,0.039988,0.274091
5710,0.053662,0.040716,0.241429
5720,0.063911,0.048257,0.288103
5730,0.061718,0.048642,0.255709
5740,0.083589,0.063785,0.312984
5750,0.030303,0.022248,0.212580
5760,0.024805,0.018479,0.191063
5770,0.048780,0.035638,0.226469
5780,0.035383,0.027235,0.198570
5790,0.049029,0.036439,0.262037
5800,0.013432,0.008928,0.486556
5810,0.050312,0.039967,0.209766
5820,0.008601,0.006606,0.405304
5830,0.064889,0.049811,0.270105
5840,0.056933,0.043598,0.252970
5850,0.057501,0.040441,0.298391
5860,0.042165,0.032489,0.211985
5870,0.074328,0.058486,0.264373
5880,0.050564,0.038468,0.255243
5890,0.012572,0.009880,0.123257
5900,0.038978,0.029694,0.164965
5910,0.034881,0.026045,0.176830
5920,0.038371,0.028604,0.212027
5930,0.030755,0.022934,0.170078
5940,0.048674,0.035518,0.195836
5950,0.035307,0.025644,0.225782
5960,0.045445,0.034284,0.217738
5970,0.012936,0.011463,0.351195
5980,0.012769,0.009478,0.139228
5990,0.049061,0.039741,0.220002
6000,0.053539,0.040095,0.225091
6010,0.041047,0.030684,0.230363
6020,0.058565,0.041681,0.241310
6030,0.025542,0.019170,0.181678
6040,0.029822,0.022642,0.185079
6050,0.107483,0.086644,0.363955
6060,0.095282,0.072237,0.344595
6070,0.033003,0.025961,0.198889
6080,0.071899,0.055841,0.278978
6090,0.059317,0.045117,0.242039
6100,0.042442,0.032891,0.213772
6110,0.044530,0.034302,0.218557
6120,0.011946,0.009348,0.204720
6130,0.064476,0.050945,0.252123
6140,0.067354,0.051670,0.263206
6150,0.048070,0.037206,0.215429
6160,0.021422,0.015900,0.163420
6170,0.059229,0.045498,0.233895
6180,0.027592,0.020514,0.203569
6190,0.053815,0.040312,0.210754
6200,0.039278,0.028491,0.216834
6210,0.064741,0.051074,0.251420
6220,0.062445,0.046203,0.245296
6230,0.054056,0.040477,0.221864
6240,0.016248,0.012407,0.151591
6250,0.034655,0.026124,0.215929
6260,0.014108,0.010528,0.181297
6270,0.043808,0.031003,0.253751
6280,0.027198,0.020730,0.182823
6290,0.078036,0.059201,0.312253
6300,0.042473,0.030588,0.199284
6310,0.051853,0.041171,0.220423
6320,0.036094,0.028162,0.189524
6330,0.055994,0.041612,0.266180
6340,0.077963,0.064598,0.286763
6350,0.047577,0.034636,0.223784
6360,0.035928,0.028719,0.211292
6370,0.067720,0.052403,0.306697
6380,0.030850,0.023680,0.208117
6390,0.077259,0.061611,0.270938
6400,0.030007,0.023769,0.149467
6410,0.019689,0.014654,0.107152
6420,0.041445,0.030882,0.217832
6430,0.038077,0.030017,0.216861
6440,0.017178,0.012309,0.160018
6450,0.028107,0.021057,0.171834
6460,0.071508,0.055030,0.265249
6470,0.039703,0.028908,0.240256
6480,0.019483,0.014055,0.160611
6490,0.086023,0.064960,0.313215
6500,0.023603,0.018204,0.148842
6510,0.008519,0.006268,0.193932
6520,0.029669,0.022395,0.174598
6530,0.025579,0.019549,0.172919
6540,0.019799,0.015700,0.147263
6550,0.019606,0.018898,0.154860
6560,0.027500,0.021291,0.182823
6570,0.037525,0.028722,0.193791
6580,0.047299,0.035653,0.223542
6590,0.003035,0.002528,0.209968
6600,0.066717,0.052094,0.239270
6610,0.039423,0.028886,0.210180
6620,0.021266,0.017284,0.185662
6630,0.058327,0.044904,0.249178
6640,0.010798,0.008073,0.146337
6650,0.028993,0.022421,0.217119
6660,0.042012,0.032162,0.209882
6670,0.053026,0.040955,0.222621
6680,0.049735,0.035569,0.228198
6690,0.000465,0.000422,0.129688
6700,0.052665,0.039852,0.232014
6710,0.025687,0.020226,0.151281
6720,0.039886,0.031814,0.220028
6730,0.035282,0.026374,0.206699
6740,0.028039,0.020185,0.189344
6750,0.052641,0.040081,0.235884
6760,0.038718,0.029755,0.207907
6770,0.049069,0.037828,0.232400
6780,0.004286,0.003138,0.115451
6790,0.009969,0.007281,0.140299
6800,0.023771,0.019740,0.146190
6810,0.038658,0.027665,0.249319
6820,0.069902,0.055685,0.270028
6830,0.062863,0.049150,0.258472
6840,0.027251,0.020569,0.193181
6850,0.025754,0.019089,0.161678
6860,0.081093,0.063523,0.306242
6870,0.053482,0.041680,0.229084
6880,0.045140,0.034262,0.188640
6890,0.058157,0.044187,0.246021
6900,0.045637,0.035188,0.212791
6910,0.043531,0.034663,0.192125
6920,0.018250,0.014581,0.266878
6930,0.043592,0.034655,0.199913
6940,0.054300,0.041775,0.242599
6950,0.037326,0.028292,0.183209
6960,0.045934,0.035076,0.237377
6970,0.047674,0.037482,0.210015
6980,0.060392,0.046475,0.254357
6990,0.020684,0.014597,0.167504
7000,0.031866,0.024525,0.185573
7010,0.016384,0.013461,0.101562
7020,0.001064,0.000826,0.087860
7030,0.029511,0.021837,0.180998
7040,0.038167,0.028492,0.195691
7050,0.002245,0.001811,0.029457
7060,0.033644,0.024424,0.229056
7070,0.001379,0.001480,0.133382
7080,0.040310,0.029372,0.208933
7090,0.015636,0.010097,0.115110
7100,0.052448,0.040084,0.220716
7110,0.047105,0.035782,0.222490
7120,0.094606,0.074397,0.331747
7130,0.057958,0.047218,0.247021
7140,0.063265,0.050586,0.246305
7150,0.022492,0.015400,0.263789
7160,0.040919,0.032217,0.219796
7170,0.050227,0.036718,0.225254
7180,0.070956,0.052415,0.282699
7190,0.031021,0.023568,0.170433
7200,0.064246,0.048443,0.270706
7210,0.034336,0.027371,0.186755
7220,0.051301,0.039000,0.226825
7230,0.108178,0.085334,0.365917
7240,0.024554,0.019167,0.163570
7250,0.072194,0.055999,0.287000
7260,0.030878,0.022774,0.198495
7270,0.038729,0.033925,0.227125
7280,0.047226,0.035624,0.216206
7290,0.048540,0.037930,0.205782
7300,0.048965,0.038333,0.211228
7310,0.013350,0.009792,0.127621
7320,0.087226,0.068332,0.311695
7330,0.009095,0.006046,0.188428
7340,0.069269,0.054457,0.279950
7350,0.026210,0.021015,0.162427
7360,0.004655,0.003361,0.342080
7370,0.019508,0.014615,0.164422
7380,0.041355,0.033376,0.202673
7390,0.046345,0.035026,0.185623
7400,0.048664,0.036655,0.216751
7410,0.038150,0.029102,0.208226
7420,0.047272,0.035318,0.216188
7430,0.014364,0.009778,0.275729
7440,0.035095,0.026493,0.191988
7450,0.030883,0.023961,0.194389
7460,0.062888,0.047926,0.263856
7470,0.035738,0.027541,0.140459
7480,0.013355,0.011767,0.121411
7490,0.032516,0.023337,0.196277
7500,0.016482,0.011902,0.151070
7510,0.009068,0.007082,0.067758
7520,0.036631,0.028286,0.178865
7530,0.025713,0.019772,0.187087
7540,0.057468,0.037866,0.385471
7550,0.020261,0.014453,0.165895
7560,0.055801,0.041292,0.251465
7570,0.030665,0.023626,0.192546
7580,0.053841,0.045353,0.265975
7590,0.015208,0.010784,0.144416
7600,0.040251,0.029805,0.186820
7610,0.017088,0.013326,0.139394
7620,0.035660,0.027842,0.198965
7630,0.052086,0.039621,0.223546
7640,0.034002,0.026373,0.184092
7650,0.063549,0.052222,0.239593
7660,0.027411,0.019715,0.135633
7670,0.026081,0.020934,0.186963
7680,0.013901,0.010791,0.122305
7690,0.021744,0.015689,0.175215
7700,0.032320,0.025975,0.196093
7710,0.067448,0.051107,0.257376
7720,0.017349,0.013359,0.154283
7730,0.039174,0.030242,0.195773
7740,0.052101,0.038281,0.221689
7750,0.021412,0.016703,0.179844
7760,0.016807,0.012258,0.129018
7770,0.055135,0.041326,0.233928
7780,0.035753,0.028025,0.194551
7790,0.089977,0.072571,0.315480
7800,0.018942,0.014262,0.089617
7810,0.016354,0.011420,0.203124
7820,0.045854,0.035312,0.188483
7830,0.020823,0.016846,0.163100
7840,0.027870,0.020655,0.142788
7850,0.023311,0.017688,0.168158
7860,0.030971,0.025193,0.136153
7870,0.028889,0.022051,0.148982
7880,0.032170,0.027525,0.191405
7890,0.044325,0.033156,0.224625
7900,0.030760,0.023708,0.184946
7910,0.017429,0.013699,0.133536
7920,0.005140,0.004414,0.190635
7930,0.036601,0.027849,0.180997
7940,0.035438,0.027861,0.197265
7950,0.034359,0.025783,0.201495
7960,0.027835,0.021481,0.177647
7970,0.046343,0.035546,0.217104
7980,0.024537,0.018934,0.156628
7990,0.003478,0.002917,0.654918
8000,0.061966,0.048038,0.257847
8010,0.039437,0.032490,0.196687
8020,0.019391,0.014476,0.148188
8030,0.038745,0.031169,0.153951
8040,0.055500,0.043280,0.238487
8050,0.010825,0.009275,0.185039
8060,0.059516,0.047122,0.236510
8070,0.030863,0.022507,0.145689
8080,0.003142,0.002674,0.138937
8090,0.043107,0.032200,0.223994
8100,0.048015,0.036260,0.228321
8110,0.038598,0.028150,0.173772
8120,0.043419,0.033007,0.210725
8130,0.041516,0.031896,0.188207
8140,0.028466,0.021520,0.162596
8150,0.059495,0.049237,0.254463
8160,0.008128,0.006225,0.129768
8170,0.056973,0.042197,0.237094
8180,0.063165,0.047901,0.253008
8190,0.021292,0.017012,0.170099
8200,0.018305,0.014716,0.171096
8210,0.041562,0.032053,0.199773
8220,0.024018,0.017285,0.159822
8230,0.053445,0.041269,0.230624
8240,0.029608,0.022140,0.180773
8250,0.054781,0.040719,0.242016
8260,0.040847,0.030969,0.185737
8270,0.002579,0.001849,0.115028
8280,0.022941,0.017574,0.153112
8290,0.056472,0.041995,0.236142
8300,0.026017,0.019650,0.169517
8310,0.042171,0.032236,0.182961
8320,0.040063,0.030290,0.175920
8330,0.050963,0.039292,0.205116
8340,0.019014,0.014204,0.149129
8350,0.023674,0.018442,0.159706
8360,0.039613,0.027580,0.231628
8370,0.015433,0.011147,0.118372
8380,0.063817,0.048639,0.257633
8390,0.017285,0.013610,0.129726
8400,0.013247,0.011012,0.087839
8410,0.025212,0.020658,0.181124
8420,0.032776,0.025311,0.184949
8430,0.060163,0.045119,0.238532
8440,0.024562,0.017684,0.174774
8450,0.059412,0.044644,0.248893
8460,0.001494,0.001086,0.266302
8470,0.024673,0.018218,0.185190
8480,0.064846,0.050289,0.248637
8490,0.020211,0.015232,0.148380
8500,0.027813,0.019761,0.170675
8510,0.077820,0.060476,0.286822
8520,0.005267,0.003953,0.049257
8530,0.017787,0.013058,0.161956
8540,0.043611,0.031512,0.222268
8550,0.014956,0.011492,0.206923
8560,0.047600,0.035515,0.217237
8570,0.042477,0.032288,0.201467
8580,0.057021,0.043232,0.245619
8590,0.043298,0.032740,0.226207
8600,0.034508,0.026762,0.157393
8610,0.005794,0.005137,0.216062
8620,0.058830,0.047527,0.242477
8630,0.058994,0.044939,0.227950
8640,0.004940,0.004092,0.113056
8650,0.033683,0.025207,0.204680
8660,0.055936,0.042786,0.246366
8670,0.043891,0.031931,0.241593
8680,0.065670,0.050995,0.259961
8690,0.051544,0.038724,0.227366
8700,0.068626,0.054263,0.274217
8710,0.031504,0.024333,0.178353
8720,0.048016,0.036150,0.217380
8730,0.020706,0.014875,0.169880
8740,0.019685,0.015609,0.168290
8750,0.037381,0.027818,0.190992
8760,0.051593,0.041591,0.228088
8770,0.039391,0.029108,0.205785
8780,0.037220,0.028649,0.159281
8790,0.052815,0.043449,0.233088
8800,0.056675,0.043233,0.230429
8810,0.019806,0.015039,0.163930
8820,0.055728,0.043666,0.238309
8830,0.052195,0.040738,0.225631
8840,0.035117,0.027591,0.161108
8850,0.003736,0.002854,0.169862
8860,0.044056,0.033643,0.181110
8870,0.053746,0.040570,0.263028
8880,0.022038,0.016509,0.162957
8890,0.037377,0.028531,0.159373
8900,0.007081,0.005998,0.159744
8910,0.052169,0.038941,0.238866
8920,0.049571,0.042654,0.250637
8930,0.060657,0.046188,0.250096
8940,0.073085,0.055402,0.282450
8950,0.023664,0.018624,0.159505
8960,0.029509,0.021882,0.193131
8970,0.029337,0.022490,0.190843
8980,0.043030,0.028465,0.273357
8990,0.018754,0.014018,0.134352
9000,0.033730,0.025841,0.191330
9010,0.041043,0.032372,0.253446
9020,0.022228,0.017447,0.140027
9030,0.053433,0.040175,0.205458
9040,0.001988,0.001449,0.083988
9050,0.017058,0.012973,0.134422
9060,0.008279,0.007144,0.052332
9070,0.043785,0.033439,0.199516
9080,0.010262,0.008458,0.136291
9090,0.044149,0.034520,0.214559
9100,0.054028,0.043098,0.232346
9110,0.018292,0.014111,0.135623
9120,0.057980,0.043235,0.254408
9130,0.053078,0.041355,0.230240
9140,0.058450,0.043408,0.256762
9150,0.012319,0.010537,0.179547
9160,0.009062,0.006508,0.182996
9170,0.005213,0.003827,0.030894
9180,0.014421,0.009876,0.134841
9190,0.038113,0.026018,0.195914
9200,0.037239,0.028789,0.189301
9210,0.023694,0.015070,0.207983
9220,0.001864,0.001711,0.197749
9230,0.025066,0.017939,0.186372
9240,0.061471,0.046996,0.240768
9250,0.029645,0.019560,0.190984
9260,0.022509,0.017199,0.116278
9270,0.060655,0.042361,0.246625
9280,0.027380,0.021226,0.207406
9290,0.007818,0.005804,0.137319
9300,0.030300,0.024946,0.190666
9310,0.028948,0.023684,0.127954
9320,0.018333,0.013282,0.201938
9330,0.029230,0.021606,0.179206
9340,0.021754,0.016046,0.162649
9350,0.030453,0.023248,0.181297
9360,0.017866,0.015102,0.106248
9370,0.032896,0.024738,0.184069
9380,0.065245,0.047892,0.263158
9390,0.022550,0.017309,0.168792
9400,0.060509,0.046568,0.248237
9410,0.039279,0.029600,0.193767
9420,0.028473,0.022139,0.177773
9430,0.032892,0.024719,0.179289
9440,0.035913,0.027549,0.176723
9450,0.039356,0.030776,0.173654
9460,0.025039,0.020357,0.137714
9470,0.023230,0.017207,0.193523
9480,0.051650,0.040278,0.226558
9490,0.048333,0.039069,0.211264
9500,0.028727,0.023291,0.177650
9510,0.031660,0.023834,0.182866
9520,0.007274,0.006174,0.171371
9530,0.015168,0.010092,0.319298
9540,0.004986,0.003900,0.352006
9550,0.045569,0.034252,0.191344
9560,0.063048,0.045661,0.248717
9570,0.050137,0.037617,0.267759
9580,0.071407,0.055221,0.271692
9590,0.029533,0.022445,0.335971
9600,0.044391,0.033133,0.199737
9610,0.015423,0.010990,0.143446
9620,0.026871,0.019683,0.192041
9630,0.023426,0.018760,0.119881
9640,0.022466,0.016562,0.177877
9650,0.034319,0.025909,0.184039
9660,0.028368,0.022510,0.121959
9670,0.028222,0.020671,0.189741
9680,0.002321,0.001731,0.259115
9690,0.030664,0.021218,0.205633
9700,0.058631,0.046995,0.236789
9710,0.036194,0.029047,0.201706
9720,0.036908,0.028384,0.179188
9730,0.034309,0.025900,0.192998
9740,0.048292,0.037475,0.255664
9750,0.041525,0.031845,0.189140
9760,0.035909,0.027416,0.156661
9770,0.022616,0.016817,0.138616
9780,0.038112,0.028830,0.179545
9790,0.019900,0.014918,0.208373
9800,0.071624,0.056298,0.270043
9810,0.058784,0.046918,0.232248
9820,0.059475,0.046863,0.245579
9830,0.063316,0.049615,0.266997
9840,0.050139,0.034947,0.220928
9850,0.053792,0.042243,0.233169
9860,0.033694,0.025100,0.179876
9870,0.034846,0.027769,0.170038
9880,0.048787,0.039480,0.207285
9890,0.045346,0.035235,0.216933
9900,0.062265,0.047425,0.248257
9910,0.028436,0.022289,0.174810
9920,0.049384,0.035323,0.242457
9930,0.059833,0.045427,0.252206
9940,0.032338,0.024828,0.163783
9950,0.048634,0.037945,0.212548
9960,0.002683,0.001670,0.132683
9970,0.010056,0.007351,0.126924
9980,0.016843,0.012360,0.148127
9990,0.033661,0.026042,0.170335
10000,0.024287,0.018520,0.167640
10010,0.049522,0.037822,0.220152
10020,0.013631,0.009700,0.258279
10030,0.020670,0.015168,0.167585
10040,0.034994,0.026658,0.150299
10050,0.063859,0.050571,0.266297
10060,0.035931,0.027117,0.193041
10070,0.047225,0.035983,0.217928
10080,0.025346,0.019305,0.166670
10090,0.031578,0.023368,0.188026
10100,0.030575,0.023982,0.167237
10110,0.077526,0.058987,0.280588
10120,0.023058,0.017981,0.181306
10130,0.015921,0.011702,0.140325
10140,0.031106,0.023256,0.159868
10150,0.024417,0.018850,0.180912
10160,0.026319,0.020067,0.162501
10170,0.042122,0.032846,0.172355
10180,0.040272,0.030831,0.188265
10190,0.037849,0.023074,0.234318
10200,0.034047,0.025701,0.195881
10210,0.031399,0.022958,0.172045
10220,0.007472,0.004983,0.146625
10230,0.050277,0.039357,0.305340
10240,0.034748,0.025488,0.183536
10250,0.020025,0.014131,0.170869
10260,0.059038,0.044326,0.253098
10270,0.035121,0.025620,0.191435
10280,0.048922,0.038408,0.208100
10290,0.060336,0.048923,0.256595
10300,0.056542,0.043178,0.234219
10310,0.030157,0.022343,0.165714
10320,0.030651,0.023594,0.194722
10330,0.067612,0.053788,0.283204
10340,0.030048,0.022735,0.176156
10350,0.004273,0.003242,0.141894
10360,0.033195,0.027635,0.494216
10370,0.019837,0.014985,0.170901
10380,0.021359,0.016818,0.169315
10390,0.072407,0.056404,0.270368
10400,0.026315,0.020129,0.173946
10410,0.045994,0.036447,0.205377
10420,0.023392,0.018609,0.147645
10430,0.036539,0.027922,0.203632
10440,0.081901,0.062473,0.294366
10450,0.025665,0.019078,0.187591
10460,0.056530,0.043622,0.236298
10470,0.034891,0.027324,0.150928
10480,0.041047,0.034040,0.215636
10490,0.005607,0.003726,0.128423
10500,0.037699,0.028980,0.154659
10510,0.039008,0.029319,0.179931
10520,0.069783,0.055998,0.264060
10530,0.047879,0.035026,0.225732
10540,0.037623,0.028393,0.194868
10550,0.062832,0.047424,0.249327
10560,0.061594,0.047064,0.258891
10570,0.045538,0.034129,0.209713
10580,0.039569,0.027934,0.234868
10590,0.032238,0.024775,0.186609
10600,0.032428,0.022843,0.192738
10610,0.038820,0.028342,0.205966
10620,0.015381,0.010548,0.174599
10630,0.053879,0.041128,0.229246
10640,0.020124,0.015506,0.153375
10650,0.034444,0.025990,0.190842
10660,0.052423,0.040512,0.222396
10670,0.041564,0.031872,0.203121
10680,0.043778,0.032978,0.202341
10690,0.012090,0.008417,0.174212
10700,0.050747,0.037875,0.230707
10710,0.051090,0.038940,0.221308
10720,0.061685,0.047250,0.272549
10730,0.021785,0.017008,0.138474
10740,0.049873,0.038323,0.233285
10750,0.071877,0.055418,0.268434
10760,0.052971,0.038317,0.228540
10770,0.035375,0.029403,0.176210
10780,0.055291,0.042238,0.214930
10790,0.051812,0.038927,0.230917
10800,0.033992,0.023772,0.191249
10810,0.020026,0.013695,0.174375
10820,0.041362,0.031964,0.211551
10830,0.020648,0.015269,0.108495
10840,0.040778,0.031506,0.185507
10850,0.029781,0.021148,0.150346
10860,0.019108,0.012724,0.276559
10870,0.054564,0.039367,0.246765
10880,0.016765,0.012942,0.168409
10890,0.059122,0.045139,0.243244
10900,0.028997,0.021545,0.179507
10910,0.071288,0.058972,0.252687
10920,0.059037,0.045433,0.242852
10930,0.040773,0.029745,0.215314
10940,0.048014,0.035830,0.205248
10950,0.038214,0.029231,0.204097
10960,0.060343,0.046450,0.238454
10970,0.029256,0.021084,0.162831
10980,0.034851,0.026309,0.182438
10990,0.054861,0.041105,0.233811
11000,0.040294,0.029907,0.182962
11010,0.021239,0.016232,0.164378
11020,0.040223,0.030439,0.204975
11030,0.027183,0.020184,0.163199
11040,0.029844,0.022705,0.139037
11050,0.039656,0.029650,0.202552
11060,0.041605,0.031142,0.190577
11070,0.000048,0.000107,0.000267
11080,0.007037,0.005688,0.148065
11090,0.025552,0.017866,0.193970
11100,0.053108,0.040855,0.210917
11110,0.029614,0.022862,0.180354
11120,0.041286,0.031825,0.195055
11130,0.050927,0.039230,0.198423
11140,0.020554,0.015760,0.126993
11150,0.045416,0.037107,0.279221
11160,0.018806,0.015299,0.104462
11170,0.043287,0.033574,0.184957
11180,0.073253,0.055342,0.277111
11190,0.032773,0.024718,0.178128
11200,0.008358,0.006501,0.142279
11210,0.017065,0.013922,0.168431
11220,0.025253,0.019116,0.179626
11230,0.026452,0.020172,0.161162
11240,0.018457,0.013580,0.147234
11250,0.039469,0.031707,0.215797
11260,0.015668,0.012624,0.160402
11270,0.040457,0.029461,0.200982
11280,0.035817,0.028234,0.178336
11290,0.036825,0.029215,0.145156
11300,0.031245,0.024492,0.172977
11310,0.012852,0.009426,0.209155
11320,0.013338,0.012186,0.093715
11330,0.014860,0.010625,0.129321
11340,0.053887,0.042927,0.239885
11350,0.036643,0.028357,0.194053
11360,0.029912,0.022392,0.186478
11370,0.039719,0.030555,0.195265
11380,0.040266,0.031133,0.197261
11390,0.042332,0.032477,0.197503
11400,0.022495,0.018337,0.132437
11410,0.008148,0.006746,0.123428
11420,0.015545,0.012827,0.105343
11430,0.019511,0.015111,0.153565
11440,0.007131,0.004728,0.283468
11450,0.054392,0.041763,0.250923
11460,0.028465,0.021794,0.167820
11470,0.037960,0.029329,0.188947
11480,0.038811,0.029156,0.167957
11490,0.036878,0.029545,0.184527
11500,0.021785,0.017655,0.147746
11510,0.026144,0.019683,0.151300
11520,0.004424,0.003620,0.145484
11530,0.027317,0.020637,0.170920
11540,0.028864,0.022830,0.213146
11550,0.022390,0.016838,0.182666
11560,0.030341,0.023533,0.156319
11570,0.029249,0.019909,0.173205
11580,0.066766,0.053866,0.271184
11590,0.056733,0.044680,0.232236
11600,0.037442,0.027412,0.166329
11610,0.057042,0.045290,0.253510
11620,0.031751,0.024571,0.189972
11630,0.037515,0.028644,0.177844
11640,0.035731,0.027163,0.180540
11650,0.005033,0.004198,0.108735
11660,0.026279,0.021998,0.172834
11670,0.043309,0.032357,0.193564
11680,0.069977,0.055324,0.276821
11690,0.020765,0.015687,0.141588
11700,0.022740,0.016789,0.187405
11710,0.052454,0.039785,0.194113
11720,0.026281,0.019871,0.135769
11730,0.099273,0.083486,0.329507
11740,0.084285,0.064965,0.304307
11750,0.047823,0.035911,0.226349
11760,0.034430,0.026151,0.197815
11770,0.066879,0.052849,0.255896
11780,0.013828,0.010473,0.125737
11790,0.039955,0.031344,0.190767
11800,0.050950,0.039775,0.224075
11810,0.012395,0.009109,0.173357
11820,0.052757,0.041016,0.223757
11830,0.044497,0.032760,0.211799
11840,0.021242,0.015719,0.144386
11850,0.044638,0.034770,0.213411
11860,0.058408,0.044779,0.253220
11870,0.062375,0.048100,0.243512
11880,0.031076,0.022163,0.180492
11890,0.031767,0.024277,0.167561
11900,0.015405,0.012062,0.116637
11910,0.027144,0.020836,0.175165
11920,0.039315,0.030194,0.172277
11930,0.014059,0.009980,0.129633
11940,0.020389,0.016197,0.165037
11950,0.019343,0.014516,0.136036
11960,0.014235,0.011611,0.161617
11970,0.012687,0.009070,0.144797
11980,0.023535,0.017169,0.155956
11990,0.019354,0.013659,0.173708
12000,0.029387,0.022325,0.171818
12010,0.038184,0.030173,0.182907
12020,0.009148,0.007953,0.086744
12030,0.040569,0.030329,0.194949
12040,0.036719,0.029336,0.195217
12050,0.037047,0.029199,0.193944
12060,0.031395,0.023315,0.178388
12070,0.006719,0.004493,0.130847
12080,0.033959,0.026420,0.182981
12090,0.030819,0.022975,0.190217
12100,0.032670,0.024586,0.209873
12110,0.030368,0.023821,0.177126
12120,0.015223,0.012153,0.168272
12130,0.005669,0.004141,0.117122
12140,0.019973,0.017007,0.117065
12150,0.029493,0.022718,0.161965
12160,0.046153,0.035177,0.211537
12170,0.023249,0.017596,0.167979
12180,0.030801,0.023876,0.159727
12190,0.039068,0.029294,0.190338
12200,0.039020,0.029732,0.177127
12210,0.051402,0.039396,0.224870
12220,0.033365,0.025173,0.178136
12230,0.030241,0.022196,0.164363
12240,0.029115,0.021618,0.150968
12250,0.018782,0.013229,0.106938
12260,0.037295,0.027996,0.187974
12270,0.033977,0.025629,0.176654
12280,0.040115,0.030743,0.173325
12290,0.043086,0.031962,0.198506
12300,0.038672,0.029553,0.168864
12310,0.050961,0.039317,0.207297
12320,0.039225,0.030029,0.166467
12330,0.019878,0.014794,0.152700
12340,0.062920,0.047390,0.264333
12350,0.015203,0.012028,0.138013
12360,0.032727,0.024961,0.168357
12370,0.024704,0.019402,0.164528
12380,0.038090,0.028524,0.193908
12390,0.023813,0.017423,0.167288
12400,0.039990,0.030356,0.200665
12410,0.048789,0.039628,0.254486
12420,0.027252,0.020595,0.142205
12430,0.044262,0.033853,0.184971
12440,0.037405,0.028932,0.184317
12450,0.044553,0.033512,0.195279
12460,0.012452,0.009308,0.120537
12470,0.025010,0.020819,0.136615
12480,0.036418,0.027086,0.188719
12490,0.034938,0.025823,0.185190
12500,0.018488,0.015652,0.093111
12510,0.021486,0.016504,0.179688
12520,0.035074,0.025234,0.187222
12530,0.066010,0.049001,0.248452
12540,0.010156,0.007369,0.281318
12550,0.050173,0.039199,0.215255
12560,0.014966,0.011559,0.136183
12570,0.030173,0.021472,0.183878
12580,0.066273,0.051243,0.265264
12590,0.035427,0.026495,0.184295
12600,0.058834,0.047729,0.236661
12610,0.074171,0.060233,0.283996
12620,0.031752,0.025627,0.176876
12630,0.022616,0.017114,0.128445
12640,0.032220,0.025019,0.179205
12650,0.031253,0.023563,0.172802
12660,0.020132,0.017084,0.105483
12670,0.013434,0.009448,0.147583
12680,0.027320,0.020717,0.165313
12690,0.022621,0.015545,0.176021
12700,0.017638,0.013399,0.130017
12710,0.043535,0.032580,0.176562
12720,0.029638,0.022975,0.186493
12730,0.031275,0.022897,0.169387
12740,0.036734,0.028600,0.157787
12750,0.049281,0.038593,0.202771
12760,0.048719,0.038135,0.181662
12770,0.040436,0.031128,0.179637
12780,0.067547,0.052407,0.269291
12790,0.066321,0.052157,0.253275
12800,0.022456,0.017127,0.153588
12810,0.053781,0.043872,0.220440
12820,0.040682,0.030997,0.150764
12830,0.036966,0.026565,0.192990
12840,0.021814,0.016711,0.159222
12850,0.027492,0.021321,0.165093
12860,0.023466,0.017493,0.163886
12870,0.056291,0.043567,0.229982
12880,0.061552,0.046620,0.250326
12890,0.037587,0.028966,0.159483
12900,0.050927,0.038024,0.216550
12910,0.009631,0.007333,0.113878
12920,0.029989,0.023619,0.188690
12930,0.001012,0.000901,0.197995
12940,0.055943,0.042793,0.222947
12950,0.021869,0.016693,0.146288
12960,0.035278,0.028451,0.192746
12970,0.014245,0.011099,0.127181
12980,0.021756,0.017445,0.121252
12990,0.026112,0.020036,0.107187
13000,0.073383,0.057616,0.277492
13010,0.048108,0.035203,0.225202
13020,0.053617,0.040945,0.231356
13030,0.013021,0.009167,0.079641
13040,0.065208,0.051313,0.246354
13050,0.022393,0.017102,0.146178
13060,0.066666,0.050468,0.259640
13070,0.034184,0.025667,0.185383
13080,0.005216,0.003684,0.131834
13090,0.044603,0.034644,0.210148
13100,0.031717,0.024929,0.153956
13110,0.038384,0.028948,0.193336
13120,0.002649,0.002060,0.492852
13130,0.040663,0.032555,0.193460
13140,0.036596,0.027459,0.196265
13150,0.038916,0.029646,0.198444
13160,0.025900,0.020074,0.189265
13170,0.053937,0.040511,0.228462
13180,0.026225,0.020095,0.167407
13190,0.056096,0.042474,0.233805
13200,0.013060,0.010190,0.130944
13210,0.024522,0.015995,0.503100
13220,0.014370,0.010798,0.119737
13230,0.032932,0.024254,0.169757
13240,0.061015,0.047747,0.255968
13250,0.025020,0.017503,0.179916
13260,0.019881,0.015486,0.163981
13270,0.061895,0.048068,0.244921
13280,0.039617,0.030538,0.191137
13290,0.044789,0.033199,0.207277
13300,0.021066,0.015518,0.164529
13310,0.030011,0.022967,0.163355
13320,0.018987,0.013773,0.095466
13330,0.026425,0.020591,0.183957
13340,0.066473,0.051416,0.253545
13350,0.047265,0.035723,0.194976
13360,0.019824,0.014924,0.141530
13370,0.035169,0.027424,0.184735
13380,0.017950,0.013248,0.141475
13390,0.048772,0.036605,0.208870
13400,0.035338,0.027631,0.200625
13410,0.018587,0.013898,0.146519
13420,0.035112,0.026774,0.174805
13430,0.042647,0.033030,0.219473
13440,0.052981,0.040578,0.231112
13450,0.027120,0.019570,0.164037
13460,0.029569,0.022723,0.170688
13470,0.044639,0.035576,0.214576
13480,0.025361,0.017592,0.167715
13490,0.038681,0.029033,0.183247
13500,0.026321,0.020174,0.158504
13510,0.009764,0.007176,0.187942
13520,0.059801,0.047184,0.245619
13530,0.042188,0.031734,0.182755
13540,0.013176,0.009521,0.118345
13550,0.048629,0.037185,0.213800
13560,0.018883,0.012753,0.225166
13570,0.043696,0.033732,0.186996
13580,0.036756,0.026928,0.186402
13590,0.026297,0.019694,0.153438
13600,0.051292,0.040459,0.226154
13610,0.034190,0.025522,0.181245
13620,0.031368,0.024341,0.166533
13630,0.050862,0.040461,0.209951
13640,0.057994,0.045267,0.235722
13650,0.034741,0.025662,0.192210
13660,0.039358,0.029177,0.182699
13670,0.023438,0.017387,0.165211
13680,0.030269,0.023299,0.140600
13690,0.024659,0.018097,0.160065
13700,0.007940,0.005866,0.118793
13710,0.038699,0.030977,0.195162
13720,0.020318,0.015389,0.112512
13730,0.022152,0.017115,0.103185
13740,0.021553,0.016443,0.111591
13750,0.048978,0.038398,0.201820
13760,0.017136,0.013231,0.146726
13770,0.032071,0.024950,0.161131
13780,0.030468,0.023327,0.164862
13790,0.005200,0.004521,0.242364
13800,0.016359,0.012230,0.109950
13810,0.016157,0.012269,0.122704
13820,0.015169,0.011256,0.141858
13830,0.018687,0.014417,0.135986
13840,0.008196,0.006401,0.108201
13850,0.056288,0.044065,0.233814
13860,0.041444,0.031653,0.190663
13870,0.044169,0.034671,0.229827
13880,0.028551,0.022543,0.169975
13890,0.034703,0.028291,0.184504
13900,0.017819,0.014089,0.173798
13910,0.030830,0.023356,0.172984
13920,0.061371,0.047285,0.232693
13930,0.032504,0.025439,0.202775
13940,0.040878,0.031987,0.212868
13950,0.025527,0.019170,0.180528
13960,0.042983,0.032923,0.194746
13970,0.025852,0.019201,0.151246
13980,0.021422,0.016858,0.135255
13990,0.010231,0.007432,0.059610
14000,0.038617,0.030089,0.194415
14010,0.027664,0.021490,0.188511
14020,0.036849,0.027629,0.188109
14030,0.074389,0.059446,0.278405
14040,0.080583,0.066803,0.286942
14050,0.025554,0.019173,0.150925
14060,0.069625,0.054658,0.261356
14070,0.068063,0.053218,0.260075
14080,0.067750,0.052630,0.265230
14090,0.051453,0.040260,0.218801
14100,0.040390,0.031529,0.183048
14110,0.027439,0.019517,0.114361
14120,0.042871,0.032485,0.202804
14130,0.027848,0.021898,0.161914
14140,0.031335,0.024192,0.167782
14150,0.009405,0.006688,0.155591
14160,0.013532,0.009498,0.135926
14170,0.043001,0.033476,0.196857
14180,0.037742,0.028716,0.183439
14190,0.021111,0.016483,0.167208
14200,0.037039,0.032085,0.187418
14210,0.037625,0.027375,0.221849
14220,0.014562,0.013001,0.215107
14230,0.013123,0.009926,0.150065
14240,0.042151,0.031804,0.196076
14250,0.031297,0.022716,0.187669
14260,0.033637,0.023453,0.194527
14270,0.077540,0.058331,0.283553
14280,0.061849,0.047890,0.235043
14290,0.003768,0.002534,0.142042
14300,0.015703,0.012055,0.131348
14310,0.007595,0.006002,0.131193
14320,0.041857,0.032578,0.206551
14330,0.039415,0.028272,0.200935
14340,0.068049,0.051905,0.262439
14350,0.027716,0.023308,0.139626
14360,0.023476,0.017473,0.145680
14370,0.035377,0.027573,0.213102
14380,0.026212,0.018831,0.118857
14390,0.030409,0.023693,0.139590
14400,0.022428,0.015858,0.158064
14410,0.048047,0.036855,0.213258
14420,0.027118,0.020238,0.163370
14430,0.054531,0.042140,0.236186
14440,0.028321,0.020570,0.182349
14450,0.041403,0.030763,0.192085
14460,0.034277,0.025525,0.195381
14470,0.030173,0.022970,0.167651
14480,0.057136,0.045152,0.226856
14490,0.056728,0.045185,0.205595
14500,0.012556,0.009436,0.114717
14510,0.067436,0.051897,0.246486
14520,0.035635,0.024870,0.203499
14530,0.041647,0.031636,0.187146
14540,0.034559,0.025237,0.195978
14550,0.054367,0.041680,0.230812
14560,0.013658,0.010228,0.148342
14570,0.030096,0.022924,0.165249
14580,0.052452,0.040013,0.229499
14590,0.026525,0.020379,0.168166
14600,0.015705,0.011864,0.133444
14610,0.014857,0.012648,0.144102
14620,0.027268,0.020998,0.227154
14630,0.003934,0.002689,0.652725
14640,0.025776,0.019545,0.135591
14650,0.012486,0.009434,0.114178
14660,0.017238,0.013094,0.119471
14670,0.035873,0.026560,0.181810
14680,0.060002,0.047611,0.233255
14690,0.014099,0.010387,0.119330
14700,0.038644,0.030046,0.182475
14710,0.039317,0.032772,0.186912
14720,0.011106,0.006767,0.199385
14730,0.043954,0.036011,0.254322
14740,0.005167,0.003950,0.133003
14750,0.011447,0.008213,0.136811
14760,0.036280,0.028759,0.190287
14770,0.057262,0.045762,0.233506
14780,0.032615,0.023055,0.162804
14790,0.051218,0.038109,0.219349
14800,0.050739,0.038974,0.209843
14810,0.044552,0.033855,0.212047
14820,0.015059,0.011441,0.130102
14830,0.022670,0.016560,0.169265
14840,0.061808,0.048684,0.245640
14850,0.017796,0.013223,0.135142
14860,0.060670,0.053375,0.302030
14870,0.041078,0.030685,0.198915
14880,0.018617,0.013748,0.141281
14890,0.048433,0.036077,0.230292
14900,0.042191,0.031015,0.198784
14910,0.013647,0.009715,0.125319
14920,0.024230,0.018061,0.150806
14930,0.037590,0.029872,0.196369
14940,0.034905,0.025899,0.162232
14950,0.040050,0.029738,0.195999
14960,0.037925,0.028558,0.206289
14970,0.068484,0.052882,0.265316
14980,0.023822,0.019814,0.137579
14990,0.036061,0.027589,0.189487
15000,0.023430,0.020454,0.203245
15010,0.001413,0.001115,0.181740
15020,0.067332,0.051585,0.258176
15030,0.041093,0.032350,0.160892
15040,0.019226,0.014519,0.142100
15050,0.034223,0.025832,0.189936
15060,0.010815,0.008357,0.191819
15070,0.042369,0.032258,0.220439
15080,0.002793,0.002153,0.105424
15090,0.032499,0.025034,0.197995
15100,0.006489,0.005513,0.322327
15110,0.011996,0.009288,0.158400
15120,0.044175,0.033714,0.210792
15130,0.048521,0.038330,0.232014
15140,0.041252,0.031373,0.198332
15150,0.032163,0.024015,0.174222
15160,0.022083,0.017457,0.156166
15170,0.049019,0.038670,0.203554
15180,0.047248,0.035928,0.204700
15190,0.029419,0.023869,0.208883
15200,0.021745,0.015911,0.164594
15210,0.057147,0.045170,0.227653
15220,0.037257,0.028068,0.193282
15230,0.010679,0.008096,0.171409
15240,0.041409,0.030991,0.205211
15250,0.050690,0.037997,0.231884
15260,0.032591,0.024273,0.171317
15270,0.005018,0.003737,0.111371
15280,0.013743,0.010931,0.060925
15290,0.035212,0.027851,0.176481
15300,0.027694,0.021209,0.157721
15310,0.044801,0.033952,0.222053
15320,0.042438,0.031860,0.209266
15330,0.026512,0.020173,0.191579
15340,0.023153,0.018010,0.151071
15350,0.017417,0.013507,0.145313
15360,0.052808,0.040397,0.219791
15370,0.028630,0.021160,0.161777
15380,0.024745,0.018617,0.133150
15390,0.019834,0.015544,0.142204
15400,0.027386,0.022771,0.177267
15410,0.026828,0.020259,0.138584
15420,0.020959,0.015056,0.146185
15430,0.036201,0.027624,0.181384
15440,0.033139,0.025744,0.169282
15450,0.019196,0.014171,0.165712
15460,0.029270,0.022016,0.172528
15470,0.027376,0.020163,0.162633
15480,0.028312,0.020729,0.160326
15490,0.025109,0.018760,0.169108
15500,0.006305,0.004617,0.121373
15510,0.035790,0.026849,0.183937
15520,0.043586,0.032569,0.208805
15530,0.005802,0.004359,0.043166
15540,0.018797,0.013654,0.145144
15550,0.003896,0.002724,0.130212
15560,0.052672,0.039037,0.200971
15570,0.025126,0.019177,0.172667
15580,0.018626,0.014020,0.137913
15590,0.029062,0.022346,0.172959
15600,0.050594,0.039004,0.201264
15610,0.057913,0.046647,0.206233
15620,0.042759,0.032398,0.194771
15630,0.056495,0.041913,0.249565
15640,0.053912,0.044578,0.209098
15650,0.049207,0.038504,0.207413
15660,0.018892,0.013533,0.094193
15670,0.041397,0.031538,0.208702
15680,0.023986,0.017008,0.117866
15690,0.022658,0.017375,0.159211
15700,0.047560,0.036236,0.209007
15710,0.016281,0.012033,0.142718
15720,0.015575,0.011720,0.129060
15730,0.057047,0.043839,0.236545
15740,0.026891,0.021079,0.187502
15750,0.032092,0.025204,0.175157
15760,0.000031,0.000029,0.000104
15770,0.041029,0.031628,0.188699
15780,0.030019,0.023719,0.158865
15790,0.048954,0.037575,0.228620
15800,0.042021,0.032966,0.199108
15810,0.044780,0.034510,0.205914
15820,0.026203,0.020299,0.164256
15830,0.033695,0.025541,0.181300
15840,0.050874,0.040973,0.220726
15850,0.046055,0.035012,0.237937
15860,0.067075,0.054159,0.246149
15870,0.027153,0.021809,0.123953
15880,0.045217,0.037298,0.163190
15890,0.025816,0.019341,0.145708
15900,0.023163,0.018374,0.146860
15910,0.036834,0.028403,0.185922
15920,0.055194,0.042478,0.214351
15930,0.019527,0.014944,0.136890
15940,0.021298,0.016267,0.095612
15950,0.047946,0.035744,0.207788
15960,0.037974,0.028752,0.155638
15970,0.010117,0.007654,0.101921
15980,0.040145,0.031412,0.189951
15990,0.027946,0.020798,0.153667
16000,0.012785,0.008542,0.126634
16010,0.065882,0.049149,0.265061
16020,0.059846,0.046525,0.251613
16030,0.020252,0.015031,0.151172
16040,0.032757,0.026087,0.173535
16050,0.045553,0.034876,0.204996
16060,0.018385,0.013120,0.145647
16070,0.051264,0.040397,0.214431
16080,0.022904,0.017090,0.162772
16090,0.061614,0.048746,0.244719
16100,0.028138,0.020182,0.203472
16110,0.020017,0.015370,0.165768
16120,0.050536,0.039550,0.245250
16130,0.031598,0.024376,0.145555
16140,0.037768,0.027597,0.155342
16150,0.020100,0.015498,0.115499
16160,0.010785,0.008536,0.155821
16170,0.038408,0.029953,0.181842
16180,0.027071,0.021161,0.131412
16190,0.070541,0.054609,0.269097
16200,0.033103,0.025026,0.216924
16210,0.015866,0.009828,0.403612
16220,0.068178,0.052924,0.246342
16230,0.026064,0.019114,0.168478
16240,0.045543,0.034767,0.199798
16250,0.019590,0.015088,0.118129
16260,0.033241,0.024906,0.178537
16270,0.025690,0.019250,0.146925
16280,0.035945,0.027250,0.181217
16290,0.037048,0.029133,0.186648
16300,0.031030,0.023401,0.161140
16310,0.040532,0.031275,0.199356
16320,0.020910,0.016424,0.158176
16330,0.079353,0.061565,0.287045
16340,0.035601,0.026584,0.185613
16350,0.045314,0.036444,0.350981
16360,0.054532,0.042085,0.230496
16370,0.017239,0.013563,0.113294
16380,0.008892,0.006514,0.415405
16390,0.033245,0.025679,0.171005
16400,0.078463,0.063949,0.298214
16410,0.058348,0.046783,0.228584
16420,0.030903,0.023345,0.202582
16430,0.003389,0.002176,0.137473
16440,0.035856,0.026765,0.139413
16450,0.020795,0.015495,0.126167
16460,0.040663,0.031850,0.211290
16470,0.029485,0.023035,0.223693
16480,0.009875,0.007957,0.086700
16490,0.006839,0.004700,0.133726
16500,0.031295,0.023315,0.155566
16510,0.031812,0.024743,0.174872
16520,0.037582,0.029399,0.167956
16530,0.024332,0.018478,0.176695
16540,0.047138,0.035548,0.188987
16550,0.009271,0.007359,0.117703
16560,0.035051,0.026949,0.174751
16570,0.036170,0.027923,0.171517
16580,0.029146,0.022661,0.173233
16590,0.025874,0.020617,0.111990
16600,0.035525,0.026776,0.192394
16610,0.070974,0.055452,0.272588
16620,0.013034,0.009579,0.099906
16630,0.036646,0.028364,0.161665
16640,0.021313,0.016665,0.125861
16650,0.042411,0.034300,0.173419
16660,0.015502,0.010945,0.146537
16670,0.011870,0.008942,0.117100
16680,0.026285,0.019762,0.151174
16690,0.070376,0.055138,0.262740
16700,0.016057,0.012496,0.140024
16710,0.060109,0.046119,0.245602
16720,0.018808,0.014109,0.145910
16730,0.053666,0.041435,0.206975
16740,0.020973,0.015480,0.149833
16750,0.039977,0.030741,0.191562
16760,0.023162,0.018330,0.171113
16770,0.005370,0.003381,0.206080
16780,0.027487,0.019994,0.173834
16790,0.021798,0.016182,0.114228
16800,0.018243,0.013654,0.144898
16810,0.050942,0.038567,0.226638
16820,0.039762,0.030532,0.184756
16830,0.030612,0.022765,0.176015
16840,0.062914,0.049275,0.240124
16850,0.056471,0.043321,0.222994
16860,0.019167,0.014438,0.132517
16870,0.020194,0.016770,0.152839
16880,0.021892,0.016310,0.113198
16890,0.025849,0.019001,0.165285
16900,0.020153,0.015017,0.145670
16910,0.054331,0.041818,0.223059
16920,0.041632,0.032535,0.201480
16930,0.016943,0.013336,0.088129
16940,0.042577,0.033903,0.190460
16950,0.020997,0.016451,0.121686
16960,0.030346,0.027266,0.190340
16970,0.065515,0.049913,0.247878
16980,0.052128,0.042209,0.220141
16990,0.049765,0.037430,0.230959
17000,0.031748,0.024418,0.172711
17010,0.013292,0.009477,0.125232
17020,0.010963,0.008466,0.144261
17030,0.049268,0.037636,0.211251
17040,0.016971,0.012234,0.140326
17050,0.041487,0.031796,0.184827
17060,0.000018,0.000022,0.000070
17070,0.026804,0.020193,0.193723
17080,0.020657,0.015966,0.138214
17090,0.054416,0.043612,0.219340
17100,0.029641,0.021727,0.172379
17110,0.034502,0.026088,0.182808
17120,0.026037,0.020210,0.136564
17130,0.085115,0.066632,0.294712
17140,0.038832,0.029288,0.192573
17150,0.026060,0.019776,0.145806
17160,0.040613,0.028676,0.202896
17170,0.031786,0.023599,0.181095
17180,0.027712,0.021352,0.166500
17190,0.032017,0.024714,0.160298
17200,0.010675,0.007634,0.107840
17210,0.012326,0.008962,0.129156
17220,0.030149,0.023523,0.203944
17230,0.039193,0.030034,0.199444
17240,0.034441,0.024754,0.177470
17250,0.028800,0.022737,0.155995
17260,0.068368,0.053261,0.252321
17270,0.052004,0.040464,0.215253
17280,0.014428,0.010906,0.127147
17290,0.029116,0.022704,0.159425
17300,0.018930,0.014270,0.143759
17310,0.021694,0.016377,0.158940
17320,0.066346,0.051351,0.249525
17330,0.040663,0.030480,0.188983
17340,0.054794,0.042597,0.208355
17350,0.008230,0.006098,0.203258
17360,0.018129,0.013082,0.148107
17370,0.037811,0.034310,0.219699
17380,0.025866,0.019724,0.164903
17390,0.014228,0.010390,0.134814
17400,0.038922,0.028700,0.219119
17410,0.027546,0.022694,0.149433
17420,0.027588,0.021382,0.160926
17430,0.048384,0.034329,0.207964
17440,0.056903,0.042814,0.247209
17450,0.039716,0.030120,0.183815
17460,0.037464,0.028588,0.181406
17470,0.029661,0.022234,0.168344
17480,0.021483,0.016039,0.159161
17490,0.001209,0.000973,0.638925
17500,0.025169,0.019487,0.149032
17510,0.050510,0.039025,0.209121
17520,0.073360,0.054209,0.294467
17530,0.038649,0.028947,0.221162
17540,0.079418,0.063199,0.283959
17550,0.036818,0.027723,0.187155
17560,0.031490,0.023815,0.170509
17570,0.067701,0.050015,0.254150
17580,0.064597,0.051711,0.250454
17590,0.039836,0.029202,0.186253
17600,0.021292,0.016532,0.152179
17610,0.035151,0.026582,0.185104
17620,0.031374,0.023631,0.168506
17630,0.028785,0.021561,0.166948
17640,0.037542,0.028673,0.183033
17650,0.023921,0.018928,0.168979
17660,0.014581,0.010528,0.133783
17670,0.073551,0.056720,0.260325
17680,0.017732,0.013775,0.134677
17690,0.044871,0.034968,0.211282
17700,0.035374,0.026709,0.183301
17710,0.031624,0.023239,0.178471
17720,0.031833,0.023563,0.172907
17730,0.015967,0.010915,0.259262
17740,0.023209,0.017847,0.170119
17750,0.039044,0.029905,0.196056
17760,0.053337,0.041330,0.228321
17770,0.044077,0.032251,0.203957
17780,0.034810,0.026285,0.188687
17790,0.032450,0.022949,0.157127
17800,0.017489,0.013793,0.089225
17810,0.058313,0.044440,0.223398
17820,0.053328,0.041176,0.220467
17830,0.028369,0.021446,0.167531
17840,0.037864,0.028579,0.185402
17850,0.017058,0.012779,0.102392
17860,0.003567,0.003079,0.070138
17870,0.040978,0.030622,0.200021
17880,0.025446,0.019729,0.153139
17890,0.040837,0.031890,0.220336
17900,0.030927,0.023247,0.165956
17910,0.007008,0.005819,0.171444
17920,0.052851,0.040657,0.219894
17930,0.060023,0.047721,0.226774
17940,0.057631,0.044987,0.243742
17950,0.022999,0.017741,0.141650
17960,0.029871,0.022174,0.162453
17970,0.040959,0.032750,0.171853
17980,0.060077,0.047709,0.237532
17990,0.045005,0.035021,0.209399
18000,0.032094,0.025111,0.171924
18010,0.030629,0.023386,0.175944
18020,0.013725,0.010222,0.109900
18030,0.028276,0.022037,0.174996
18040,0.010399,0.007902,0.069102
18050,0.025194,0.020016,0.166855
18060,0.053071,0.041576,0.218813
18070,0.017768,0.013504,0.140414
18080,0.034975,0.026638,0.175599
18090,0.037843,0.030008,0.171538
18100,0.002841,0.002333,0.076382
18110,0.033972,0.026102,0.167472
18120,0.049652,0.038518,0.193364
18130,0.007817,0.005644,0.185748
18140,0.030684,0.023543,0.176345
18150,0.040941,0.031129,0.201696
18160,0.055858,0.041065,0.247008
18170,0.032313,0.022240,0.161841
18180,0.060210,0.046646,0.233832
18190,0.040307,0.030324,0.192698
18200,0.026695,0.020283,0.146982
18210,0.037383,0.030246,0.188823
18220,0.049317,0.037975,0.203045
18230,0.039666,0.030861,0.192687
18240,0.039737,0.030325,0.192455
18250,0.047078,0.035486,0.214935
18260,0.021079,0.018170,0.167017
18270,0.050852,0.039009,0.186742
18280,0.021144,0.014031,0.259276
18290,0.023547,0.019116,0.361036
18300,0.040954,0.030328,0.198183
18310,0.034155,0.025500,0.180121
18320,0.054028,0.040217,0.225841
18330,0.018491,0.014531,0.142944
18340,0.062259,0.049040,0.237211
18350,0.035690,0.026770,0.191654
18360,0.019699,0.015710,0.097581
18370,0.027982,0.020362,0.161881
18380,0.001883,0.001787,0.149175
18390,0.037369,0.028793,0.162194
18400,0.027966,0.021073,0.146070
18410,0.047437,0.036321,0.205231
18420,0.034002,0.026400,0.178215
18430,0.049191,0.037793,0.222963
18440,0.021620,0.016575,0.142525
18450,0.050202,0.038676,0.216128
18460,0.012983,0.009866,0.172318
18470,0.041121,0.031567,0.185437
18480,0.021555,0.016776,0.152718
18490,0.057021,0.044150,0.231137
18500,0.027734,0.020268,0.183112
18510,0.030613,0.023108,0.163294
18520,0.043377,0.032742,0.226703
18530,0.040992,0.031348,0.176631
18540,0.034260,0.025836,0.187618
18550,0.034597,0.025869,0.177785
18560,0.054952,0.043263,0.231611
18570,0.054624,0.041897,0.206570
18580,0.012426,0.009245,0.126408
18590,0.019572,0.014681,0.121825
18600,0.035962,0.026458,0.168237
18610,0.014010,0.010122,0.136770
18620,0.050799,0.039810,0.239140
18630,0.008738,0.005804,0.057632
18640,0.042890,0.033907,0.194010
18650,0.047821,0.036694,0.218094
18660,0.027151,0.019735,0.223282
18670,0.023221,0.016313,0.144763
18680,0.006998,0.006447,0.138147
18690,0.054691,0.042466,0.225009
18700,0.064108,0.050010,0.260532
18710,0.029425,0.023090,0.171869
18720,0.014461,0.010882,0.131903
18730,0.020290,0.016349,0.130309
18740,0.012625,0.009895,0.082941
18750,0.026430,0.020092,0.160559
18760,0.022139,0.016164,0.154079
18770,0.037363,0.028056,0.181993
18780,0.037370,0.029224,0.201575
18790,0.017091,0.013208,0.089920
18800,0.009024,0.006350,0.151432
18810,0.026192,0.020124,0.150010
18820,0.040427,0.030607,0.216029
18830,0.043460,0.034308,0.184558
18840,0.033854,0.025361,0.175601
18850,0.068144,0.055702,0.260011
18860,0.022724,0.016990,0.148978
18870,0.002870,0.002251,0.169039
18880,0.040889,0.031658,0.191868
18890,0.043655,0.034278,0.199336
18900,0.038728,0.029679,0.173968
18910,0.046980,0.038133,0.211194
18920,0.032581,0.025273,0.186015
18930,0.043295,0.033648,0.174233
18940,0.080324,0.059922,0.292965
18950,0.018616,0.014576,0.163848
18960,0.029450,0.021666,0.131573
18970,0.011585,0.008305,0.150468
18980,0.026640,0.020201,0.164565
18990,0.035830,0.027206,0.213236
19000,0.050326,0.039096,0.211292
19010,0.040069,0.030755,0.205108
19020,0.041764,0.032036,0.188272
19030,0.029141,0.022743,0.151196
19040,0.033137,0.025259,0.149260
19050,0.004331,0.003215,0.102926
19060,0.031795,0.024337,0.164565
19070,0.027046,0.019308,0.136551
19080,0.016234,0.012146,0.142748
19090,0.009988,0.007170,0.060765
19100,0.046994,0.036367,0.215219
19110,0.024289,0.019665,0.132689
19120,0.007927,0.005730,0.058321
19130,0.034250,0.026406,0.171899
19140,0.051738,0.039098,0.239592
19150,0.017185,0.012561,0.210488
19160,0.008830,0.006702,0.136887
19170,0.054264,0.041409,0.214901
19180,0.032202,0.024354,0.167463
19190,0.028477,0.021289,0.154278
19200,0.046296,0.035021,0.185217
19210,0.041053,0.031845,0.206593
19220,0.041390,0.031255,0.190440
19230,0.060468,0.048797,0.223864
19240,0.025965,0.019402,0.142110
19250,0.014596,0.010300,0.202325
19260,0.001509,0.001656,0.227643
19270,0.047465,0.036760,0.228776
19280,0.051853,0.040140,0.209333
19290,0.060325,0.047405,0.225955
19300,0.012583,0.009153,0.140723
19310,0.018302,0.014112,0.145837
19320,0.021047,0.014974,0.166966
19330,0.024598,0.017201,0.182800
19340,0.024995,0.018803,0.160265
19350,0.065394,0.050616,0.250788
19360,0.052914,0.040594,0.237704
19370,0.042633,0.033121,0.195937
19380,0.029845,0.023573,0.163989
19390,0.030667,0.023877,0.197171
19400,0.116304,0.092509,0.368476
19410,0.021660,0.015540,0.141814
19420,0.059889,0.045709,0.236476
19430,0.005389,0.004025,0.125057
19440,0.041901,0.032463,0.187794
19450,0.032349,0.024319,0.177063
19460,0.032266,0.024045,0.170997
19470,0.023260,0.017345,0.166290
19480,0.002605,0.001788,0.173303
19490,0.043157,0.032283,0.202425
19500,0.015620,0.010345,0.150948
19510,0.033673,0.025648,0.173571
19520,0.052580,0.040963,0.218083
19530,0.024777,0.023271,0.124635
19540,0.032367,0.025102,0.181301
19550,0.010871,0.008152,0.136450
19560,0.030516,0.023697,0.159073
19570,0.020992,0.015644,0.158749
19580,0.040005,0.031113,0.182556
19590,0.027082,0.020678,0.155210
19600,0.034964,0.026428,0.181235
19610,0.024829,0.019083,0.152780
19620,0.021389,0.016583,0.135946
19630,0.010380,0.007891,0.165394
19640,0.047913,0.036594,0.209479
19650,0.020526,0.015326,0.155068
19660,0.023990,0.018384,0.118758
19670,0.042699,0.032705,0.196064
19680,0.030635,0.023816,0.137451
19690,0.024657,0.018740,0.142312
19700,0.024784,0.018611,0.154659
19710,0.034454,0.026360,0.174144
19720,0.032750,0.025471,0.174753
19730,0.043743,0.033384,0.194987
19740,0.033814,0.024546,0.176367
19750,0.007583,0.005185,0.160552
19760,0.042357,0.032046,0.197536
19770,0.002331,0.001680,0.127682
19780,0.040473,0.030855,0.179691
19790,0.041194,0.032507,0.193444
19800,0.016951,0.012278,0.143522
19810,0.046812,0.035382,0.179160
19820,0.017927,0.013202,0.147245
19830,0.026249,0.019905,0.148734
19840,0.025015,0.019576,0.160742
19850,0.021236,0.015637,0.142190
19860,0.022562,0.018648,0.147638
19870,0.037812,0.030162,0.186101
19880,0.005883,0.004981,0.130175
19890,0.036571,0.027278,0.196656
19900,0.035872,0.027304,0.187693
19910,0.034171,0.027097,0.183771
19920,0.022360,0.016744,0.146841
19930,0.019006,0.012530,0.092139
19940,0.007170,0.005759,0.098878
19950,0.023496,0.018560,0.138157
19960,0.046121,0.035711,0.218173
19970,0.051796,0.038735,0.215940
19980,0.013145,0.010229,0.123809
19990,0.026250,0.020454,0.125720
20000,0.046082,0.035607,0.213346
20010,0.018873,0.014472,0.161337
20020,0.017686,0.013567,0.132972
20030,0.015370,0.011489,0.117539
20040,0.023116,0.017297,0.145365
20050,0.039840,0.030997,0.194686
20060,0.026400,0.017384,0.210097
20070,0.018854,0.013503,0.154067
20080,0.020445,0.015199,0.150192
20090,0.043215,0.033036,0.191943
20100,0.020539,0.015172,0.132864
20110,0.030371,0.022680,0.184198
20120,0.028440,0.021995,0.162748
20130,0.044461,0.033965,0.203599
20140,0.016144,0.012328,0.087416
20150,0.012665,0.009693,0.086989
20160,0.057025,0.044450,0.222493
20170,0.007747,0.005978,0.235282
20180,0.009506,0.006839,0.121878
20190,0.012686,0.009711,0.122821
20200,0.020549,0.015719,0.235467
20210,0.033375,0.027842,0.191201
20220,0.014415,0.011380,0.084436
20230,0.035301,0.026696,0.173613
20240,0.072509,0.056405,0.259807
20250,0.037332,0.029802,0.198410
20260,0.043168,0.032209,0.212985
20270,0.027258,0.021993,0.125876
20280,0.031353,0.021996,0.129025
20290,0.016643,0.012631,0.134138
20300,0.037942,0.030365,0.182156
20310,0.033462,0.025139,0.174928
20320,0.020303,0.016511,0.109954
20330,0.028668,0.021310,0.168683
20340,0.036801,0.028881,0.186184
20350,0.032370,0.024398,0.174551
20360,0.028827,0.022744,0.170688
20370,0.035826,0.027508,0.172671
20380,0.006663,0.005252,0.123757
20390,0.033582,0.025588,0.162740
20400,0.031945,0.024373,0.170058
20410,0.024077,0.018117,0.168863
20420,0.022192,0.016400,0.146454
20430,0.030507,0.023370,0.164742
20440,0.038328,0.029237,0.180388
20450,0.027595,0.021052,0.155714
20460,0.036539,0.028340,0.145541
20470,0.012602,0.011432,0.144293
20480,0.040141,0.032727,0.161392
20490,0.038683,0.029809,0.175052
20500,0.033310,0.025385,0.149713
20510,0.053910,0.041064,0.229337
20520,0.032669,0.025680,0.173724
20530,0.028808,0.021834,0.168170
20540,0.045222,0.035997,0.201427
20550,0.043323,0.032087,0.180538
20560,0.013101,0.009764,0.125883
20570,0.022654,0.017229,0.145853
20580,0.034724,0.025431,0.177991
20590,0.061415,0.044244,0.269891
20600,0.051375,0.039104,0.216957
20610,0.011914,0.008516,0.114868
20620,0.031901,0.024158,0.145795
20630,0.033218,0.024516,0.178428
20640,0.016329,0.012249,0.136627
20650,0.032997,0.025052,0.167797
20660,0.033095,0.025136,0.182874
20670,0.018502,0.013799,0.134880
20680,0.028245,0.021179,0.161125
20690,0.030058,0.023826,0.181609
20700,0.011385,0.008333,0.106552
20710,0.035800,0.026855,0.187634
20720,0.018155,0.013732,0.143676
20730,0.014985,0.011193,0.119922
20740,0.051320,0.039530,0.196401
20750,0.056263,0.044119,0.221940
20760,0.032477,0.025016,0.170377
20770,0.016898,0.012963,0.088645
20780,0.037000,0.028389,0.180298
20790,0.025123,0.018850,0.123284
20800,0.040564,0.033769,0.173329
20810,0.021001,0.015727,0.131569
20820,0.014697,0.011156,0.125087
20830,0.004142,0.002121,0.272405
20840,0.005677,0.004025,0.207721
20850,0.038260,0.029535,0.181967
20860,0.027401,0.020956,0.148414
20870,0.057538,0.044571,0.239082
20880,0.020150,0.014183,0.148309
20890,0.027365,0.021022,0.165337
20900,0.055550,0.044927,0.224657
20910,0.020130,0.015280,0.122113
20920,0.054086,0.041873,0.219434
20930,0.035573,0.028007,0.165399
20940,0.009740,0.006964,0.122470
20950,0.036852,0.028256,0.182925
20960,0.056696,0.043389,0.226622
20970,0.053345,0.040871,0.231314
20980,0.034785,0.025546,0.162879
20990,0.043778,0.033272,0.176218
21000,0.031483,0.024050,0.155797
21010,0.051083,0.040329,0.207819
21020,0.034085,0.026324,0.174760
21030,0.049357,0.035746,0.208474
21040,0.075616,0.060062,0.262737
21050,0.091462,0.075445,0.317928
21060,0.032772,0.024741,0.167018
21070,0.029972,0.023771,0.126914
21080,0.044485,0.034359,0.168283
21090,0.033484,0.029060,0.182059
21100,0.026391,0.017792,0.159522
21110,0.031191,0.024549,0.179811
21120,0.053515,0.042001,0.218823
21130,0.031964,0.023960,0.206853
21140,0.019849,0.017481,0.119972
21150,0.041023,0.031458,0.171327
21160,0.039760,0.032333,0.212271
21170,0.004286,0.003473,0.124238
21180,0.030101,0.022768,0.145650
21190,0.068051,0.054183,0.287126
21200,0.028489,0.021982,0.154454
21210,0.019168,0.014827,0.185169
21220,0.030614,0.023281,0.166909
21230,0.028982,0.021672,0.145209
21240,0.028985,0.020765,0.168208
21250,0.029995,0.023321,0.130773
21260,0.001330,0.000957,0.145628
21270,0.017508,0.012605,0.119159
21280,0.003586,0.002967,0.115755
21290,0.044276,0.034066,0.179065
21300,0.055288,0.042529,0.225935
21310,0.042030,0.031175,0.208554
21320,0.039603,0.030475,0.212452
21330,0.013966,0.010860,0.086963
21340,0.061309,0.047571,0.221794
21350,0.010682,0.007193,0.163928
21360,0.000732,0.001131,0.183218
21370,0.035623,0.026120,0.182663
21380,0.026775,0.020940,0.133295
21390,0.039160,0.029493,0.183142
21400,0.046008,0.034158,0.202496
21410,0.012431,0.009410,0.113402
21420,0.035141,0.027126,0.173535
21430,0.031087,0.023635,0.170201
21440,0.021559,0.016851,0.136437
21450,0.034981,0.026691,0.139006
21460,0.010514,0.009168,0.676610
21470,0.038003,0.029889,0.183627
21480,0.034393,0.026097,0.193399
21490,0.017307,0.012914,0.128187
21500,0.019508,0.015301,0.149681
21510,0.036534,0.028913,0.155506
21520,0.027868,0.019816,0.146939
21530,0.030176,0.022734,0.162033
21540,0.037782,0.028055,0.189490
21550,0.037887,0.028475,0.191432
21560,0.016911,0.012998,0.126243
21570,0.024355,0.018633,0.152819
21580,0.016872,0.012510,0.135430
21590,0.056860,0.045503,0.247954
21600,0.017047,0.012658,0.136191
21610,0.053627,0.041260,0.225075
21620,0.014539,0.010933,0.131784
21630,0.026640,0.020290,0.163993
21640,0.055091,0.042849,0.224074
21650,0.019809,0.014913,0.129226
21660,0.050259,0.038878,0.198259
21670,0.022098,0.016612,0.139073
21680,0.062757,0.049587,0.232207
21690,0.032209,0.024298,0.169321
21700,0.047100,0.035731,0.181621
21710,0.033302,0.025542,0.161813
21720,0.021815,0.016992,0.159419
21730,0.043610,0.034009,0.187509
21740,0.041391,0.031520,0.195935
21750,0.032277,0.024155,0.136318
21760,0.024567,0.018589,0.148232
21770,0.069903,0.054924,0.238925
21780,0.012981,0.010346,0.123932
21790,0.032787,0.025004,0.193401
21800,0.027586,0.020378,0.147958
21810,0.010557,0.007039,0.124028
21820,0.042294,0.033625,0.213646
21830,0.058123,0.045204,0.225958
21840,0.016540,0.012388,0.150217
21850,0.036646,0.027034,0.187870
21860,0.026619,0.020417,0.159771
21870,0.035364,0.026593,0.173944
21880,0.048317,0.037140,0.198241
21890,0.035424,0.028630,0.172218
21900,0.048344,0.037465,0.213518
21910,0.020989,0.015859,0.125569
21920,0.024525,0.019376,0.145070
21930,0.033354,0.024722,0.190275
21940,0.040890,0.031236,0.196323
21950,0.024377,0.018164,0.143733
21960,0.021726,0.016566,0.142460
21970,0.072702,0.056195,0.258561
21980,0.012153,0.008568,0.173848
21990,0.036519,0.028500,0.157618
22000,0.036197,0.028031,0.181411
22010,0.030660,0.023429,0.162746
22020,0.034631,0.026722,0.186860
22030,0.021451,0.017548,0.165349
22040,0.043909,0.033523,0.202172
22050,0.051052,0.038894,0.215705
22060,0.003335,0.002581,0.165497
22070,0.021407,0.015677,0.149664
22080,0.030893,0.023424,0.159550
22090,0.023348,0.016264,0.178621
22100,0.048681,0.037485,0.228585
22110,0.052509,0.041197,0.191766
22120,0.038018,0.029285,0.168670
22130,0.014978,0.011470,0.116728
22140,0.017258,0.013435,0.153499
22150,0.030568,0.022861,0.159779
22160,0.033039,0.025011,0.182270
22170,0.017977,0.012868,0.233501
22180,0.011416,0.008780,0.142581
22190,0.008072,0.005993,0.102010
22200,0.054661,0.042853,0.204998
22210,0.034075,0.027494,0.148174
22220,0.011140,0.008350,0.108772
22230,0.044221,0.033318,0.208682
22240,0.044745,0.034344,0.206062
22250,0.035069,0.028259,0.169099
22260,0.020865,0.016169,0.127514
22270,0.025623,0.019269,0.153035
22280,0.030416,0.023135,0.162434
22290,0.007512,0.005495,0.114473
22300,0.013860,0.010553,0.123496
22310,0.047387,0.035985,0.212868
22320,0.036527,0.028234,0.171277
22330,0.047219,0.037716,0.207447
22340,0.030365,0.023419,0.134012
22350,0.018447,0.014267,0.140452
22360,0.003603,0.002693,0.135124
22370,0.038505,0.028462,0.203722
22380,0.051890,0.040232,0.214076
22390,0.009437,0.007410,0.117552
22400,0.042247,0.033548,0.202072
22410,0.030129,0.021980,0.145864
22420,0.060683,0.047362,0.239973
22430,0.041044,0.031655,0.197377
22440,0.032312,0.025889,0.160578
22450,0.037721,0.028398,0.175798
22460,0.011250,0.009550,0.148838
22470,0.024422,0.018420,0.164433
22480,0.047441,0.039815,0.181716
22490,0.021837,0.016845,0.197089
22500,0.027722,0.021067,0.148448
22510,0.052316,0.039629,0.207120
22520,0.026817,0.021133,0.150301
22530,0.014644,0.012033,0.110509
22540,0.047300,0.036362,0.205801
22550,0.025376,0.019096,0.122014
22560,0.022802,0.017265,0.131461
22570,0.030623,0.021431,0.175986
22580,0.033188,0.025546,0.170466
22590,0.024090,0.018426,0.155351
22600,0.031532,0.024146,0.165784
22610,0.017822,0.013546,0.142024
22620,0.055452,0.043325,0.214357
22630,0.019240,0.014710,0.145074
22640,0.022298,0.017114,0.119678
22650,0.058371,0.044992,0.206302
22660,0.018335,0.013811,0.141801
22670,0.018650,0.014470,0.182735
22680,0.032056,0.022772,0.172287
22690,0.019532,0.014071,0.141461
22700,0.029535,0.023555,0.129837
22710,0.016420,0.012038,0.132925
22720,0.039553,0.030314,0.182976
22730,0.035955,0.027254,0.178607
22740,0.019643,0.014953,0.134555
22750,0.035283,0.026304,0.181177
22760,0.038103,0.029801,0.187381
22770,0.042247,0.033819,0.157196
22780,0.027848,0.021561,0.153035
22790,0.047353,0.036286,0.202968
22800,0.025247,0.018782,0.147678
22810,0.022923,0.017231,0.140196
22820,0.018543,0.013519,0.165444
22830,0.028168,0.020384,0.168397
22840,0.032702,0.024350,0.179437
22850,0.042427,0.033580,0.213371
22860,0.009569,0.007382,0.125570
22870,0.045078,0.035737,0.188789
22880,0.050601,0.039588,0.211262
22890,0.044324,0.035638,0.228197
22900,0.031141,0.023228,0.167852
22910,0.021687,0.016389,0.108100
22920,0.054876,0.042880,0.222814
22930,0.011526,0.008589,0.115314
22940,0.026344,0.021825,0.141390
22950,0.027945,0.021102,0.154738
22960,0.029677,0.022394,0.155288
22970,0.024004,0.017719,0.145526
22980,0.033573,0.025839,0.173944
22990,0.005898,0.004775,0.117560
23000,0.038726,0.029041,0.183565
23010,0.014700,0.010705,0.119847
23020,0.019077,0.013746,0.125175
23030,0.027055,0.020574,0.165087
23040,0.013291,0.011108,0.096209
23050,0.029728,0.022755,0.170611
23060,0.021517,0.016307,0.144768
23070,0.019840,0.014384,0.137684
23080,0.041726,0.030395,0.191723
23090,0.012376,0.009575,0.149822
23100,0.031532,0.024441,0.163810
23110,0.014302,0.010606,0.125208
23120,0.018882,0.014258,0.132231
23130,0.040912,0.032242,0.172623
23140,0.001028,0.000917,0.103213
23150,0.060317,0.046905,0.246233
23160,0.042029,0.032360,0.155204
23170,0.027270,0.018630,0.270169
23180,0.041299,0.032310,0.163145
23190,0.036585,0.028589,0.165563
23200,0.044171,0.034390,0.177687
23210,0.005615,0.004003,0.090247
23220,0.037049,0.029237,0.166235
23230,0.030591,0.023994,0.121005
23240,0.021841,0.016169,0.149996
23250,0.045529,0.035207,0.204106
23260,0.079662,0.063567,0.285083
23270,0.029498,0.022403,0.155410
23280,0.004148,0.003011,0.155297
23290,0.014887,0.010799,0.125578
23300,0.049989,0.037410,0.208420
23310,0.039482,0.029595,0.192075
23320,0.056238,0.043280,0.227143
23330,0.029780,0.023557,0.142502
23340,0.040184,0.030604,0.170573
23350,0.042632,0.031736,0.204765
23360,0.038097,0.029405,0.183607
23370,0.001870,0.001421,0.103443
23380,0.021271,0.015611,0.141990
23390,0.046423,0.035216,0.200325
23400,0.002305,0.002411,0.129807
23410,0.037871,0.028402,0.173791
23420,0.026865,0.021032,0.153307
23430,0.040737,0.030157,0.191836
23440,0.000771,0.000570,0.084078
23450,0.031806,0.025108,0.172250
23460,0.048163,0.037449,0.212798
23470,0.036474,0.029354,0.186551
23480,0.052085,0.040134,0.217838
23490,0.038957,0.029464,0.177642
23500,0.030372,0.022950,0.165912
23510,0.063728,0.050387,0.246774
23520,0.029425,0.021961,0.191792
23530,0.042781,0.032591,0.199767
23540,0.038254,0.029254,0.182253
23550,0.028395,0.021543,0.144818
23560,0.036516,0.027048,0.172193
23570,0.029343,0.022001,0.145829
23580,0.019307,0.014597,0.093498
23590,0.033583,0.025532,0.169768
23600,0.019163,0.015002,0.152429
23610,0.000013,0.000028,0.000071
23620,0.021236,0.016082,0.145333
23630,0.050680,0.038180,0.210307
23640,0.054271,0.042160,0.241148
23650,0.028235,0.020816,0.125506
23660,0.032297,0.024913,0.142534
23670,0.036471,0.027707,0.172918
23680,0.019969,0.015804,0.129099
23690,0.020287,0.015703,0.151632
23700,0.027546,0.020921,0.162226
23710,0.035237,0.027009,0.153620
23720,0.046506,0.037470,0.201786
23730,0.035531,0.028189,0.182161
23740,0.064705,0.052088,0.224043
23750,0.032968,0.027045,0.175004
23760,0.034637,0.026222,0.187341
23770,0.018908,0.013603,0.135385
23780,0.036376,0.027902,0.174869
23790,0.024078,0.018284,0.193690
23800,0.026371,0.020809,0.135356
23810,0.019189,0.014661,0.094168
23820,0.025494,0.018862,0.156392
23830,0.035386,0.026655,0.187098
23840,0.054827,0.042809,0.230350
23850,0.083929,0.066520,0.297876
23860,0.034186,0.025759,0.176773
23870,0.013751,0.010943,0.132456
23880,0.026697,0.020886,0.115659
23890,0.024068,0.018057,0.148260
23900,0.052521,0.040859,0.223862
23910,0.029051,0.022279,0.166625
23920,0.042970,0.033205,0.198270
23930,0.015918,0.012211,0.146002
23940,0.025403,0.018597,0.144823
23950,0.027914,0.021548,0.158930
23960,0.040376,0.030168,0.184774
23970,0.014697,0.011714,0.129145
23980,0.068377,0.045184,0.287060
23990,0.056907,0.044477,0.230717
24000,0.028724,0.021980,0.164480
24010,0.034955,0.025069,0.148121
24020,0.025980,0.019799,0.158367
24030,0.040711,0.032030,0.192110
24040,0.036696,0.028033,0.177241
24050,0.032224,0.024440,0.158708
24060,0.025030,0.019350,0.145307
24070,0.015419,0.011850,0.122263
24080,0.025238,0.019699,0.118131
24090,0.034432,0.025714,0.165141
24100,0.027984,0.021705,0.192728
24110,0.065329,0.051317,0.236229
24120,0.065573,0.052940,0.254396
24130,0.021494,0.016582,0.143526
24140,0.002226,0.001368,0.125922
24150,0.046981,0.037113,0.191341
24160,0.025288,0.019202,0.147346
24170,0.044429,0.033890,0.184916
24180,0.032526,0.024576,0.167842
24190,0.051247,0.038786,0.212128
24200,0.050266,0.039533,0.222902
24210,0.028687,0.022014,0.166679
24220,0.044232,0.035092,0.201076
24230,0.033651,0.024129,0.179525
24240,0.040489,0.031174,0.196616
24250,0.018419,0.013639,0.090381
24260,0.042187,0.032828,0.188249
24270,0.025634,0.015302,0.193365
24280,0.015670,0.011677,0.084383
24290,0.024059,0.017474,0.147036
24300,0.030079,0.025573,0.182685
24310,0.041478,0.031604,0.195122
24320,0.013078,0.010206,0.130208
24330,0.008622,0.006295,0.150236
24340,0.039632,0.030791,0.200118
24350,0.000381,0.000308,0.047028
24360,0.018458,0.013619,0.135790
24370,0.020451,0.015687,0.154365
24380,0.050426,0.039661,0.215976
24390,0.033992,0.025765,0.170506
24400,0.015577,0.011690,0.129292
24410,0.026902,0.020467,0.165060
24420,0.003017,0.002043,0.041627
24430,0.052159,0.040938,0.214516
24440,0.017117,0.014378,0.090757
24450,0.026701,0.020195,0.147746
24460,0.057953,0.044672,0.235521
24470,0.036149,0.027558,0.172034
24480,0.030124,0.022558,0.141293
24490,0.019321,0.015501,0.150919
24500,0.015560,0.012395,0.132862
24510,0.046089,0.036170,0.208893
24520,0.009860,0.006985,0.157703
24530,0.030128,0.023004,0.149762
24540,0.032599,0.025551,0.166153
24550,0.050996,0.038686,0.226049
24560,0.031036,0.024240,0.149117
24570,0.042653,0.032672,0.171122
24580,0.013025,0.010140,0.126546
24590,0.028810,0.021425,0.175418
24600,0.028785,0.021504,0.167528
24610,0.074642,0.058495,0.273140
24620,0.039262,0.029807,0.216926
24630,0.054169,0.040333,0.194740
24640,0.049400,0.038655,0.211356
24650,0.014985,0.011301,0.164847
24660,0.033470,0.025908,0.173793
24670,0.021479,0.016327,0.176798
24680,0.034379,0.027166,0.134274
24690,0.018230,0.014089,0.138457
24700,0.023867,0.017510,0.160068
24710,0.049056,0.038005,0.208985
24720,0.018813,0.014232,0.131503
24730,0.061264,0.048277,0.245514
24740,0.031629,0.025133,0.168869
24750,0.015788,0.011471,0.136085
24760,0.043575,0.033715,0.194724
24770,0.009869,0.007492,0.106772
24780,0.020754,0.018419,0.096075
24790,0.052704,0.040851,0.211112
24800,0.040096,0.030528,0.189944
24810,0.031807,0.024094,0.153500
24820,0.029399,0.022423,0.167154
24830,0.025046,0.018955,0.137837
24840,0.018915,0.014545,0.087905
24850,0.014421,0.010734,0.087397
24860,0.018514,0.013468,0.102891
24870,0.003054,0.002354,0.148857
24880,0.018117,0.013108,0.142415
24890,0.024373,0.018712,0.100215
24900,0.035114,0.026360,0.187753
24910,0.044041,0.033740,0.193616
24920,0.031265,0.023831,0.156177
24930,0.018078,0.014132,0.147041
24940,0.036639,0.027141,0.194314
24950,0.030552,0.022936,0.157558
24960,0.016949,0.013528,0.152597
24970,0.034769,0.025795,0.177301
24980,0.030988,0.023263,0.159242
24990,0.023484,0.017435,0.144878
25000,0.004337,0.003208,0.099570
25010,0.021826,0.016444,0.133157
25020,0.036406,0.027255,0.176324
25030,0.015161,0.012385,0.101814
25040,0.012439,0.009202,0.138325
25050,0.023044,0.017474,0.158336
25060,0.061485,0.047137,0.238962
25070,0.046317,0.035603,0.196616
25080,0.011434,0.009104,0.108701
25090,0.022208,0.017770,0.150333
25100,0.043234,0.032318,0.203867
25110,0.028344,0.022047,0.160300
25120,0.008697,0.005880,0.070198
25130,0.033692,0.026268,0.163158
25140,0.020253,0.014679,0.135123
25150,0.015116,0.011018,0.120041
25160,0.044358,0.034424,0.191399
25170,0.049790,0.037947,0.204347
25180,0.024681,0.018840,0.146111
25190,0.038504,0.028674,0.203901
25200,0.046193,0.036723,0.194563
25210,0.027380,0.020004,0.120825
25220,0.059970,0.047881,0.215765
25230,0.022147,0.016722,0.146238
25240,0.044560,0.033135,0.196622
25250,0.032034,0.026930,0.200118
25260,0.047677,0.036860,0.217811
25270,0.051918,0.040356,0.221776
25280,0.039919,0.030261,0.184788
25290,0.032382,0.024232,0.155207
25300,0.045533,0.035269,0.195079
25310,0.015992,0.011704,0.128281
25320,0.064898,0.050084,0.254932
25330,0.011502,0.008883,0.194919
25340,0.038839,0.030286,0.165542
25350,0.049916,0.038893,0.207222
25360,0.041186,0.032283,0.168713
25370,0.033936,0.024793,0.182150
25380,0.033832,0.024727,0.177584
25390,0.021991,0.016016,0.140857
25400,0.060738,0.046308,0.227870
25410,0.023679,0.017440,0.128627
25420,0.015819,0.011727,0.124002
25430,0.026070,0.019254,0.116747
25440,0.044177,0.034502,0.179459
25450,0.029040,0.022886,0.159961
25460,0.027528,0.021250,0.115751
25470,0.046862,0.034840,0.202264
25480,0.032610,0.025593,0.207997
25490,0.048561,0.037135,0.209822
25500,0.062536,0.048974,0.240856
25510,0.043829,0.033341,0.193384
25520,0.033224,0.024307,0.179181
25530,0.028677,0.021194,0.155523
25540,0.011011,0.008558,0.150584
25550,0.041775,0.032121,0.194199
25560,0.048288,0.037301,0.187287
25570,0.045293,0.035443,0.210030
25580,0.010450,0.008166,0.068672
25590,0.044184,0.033280,0.177530
25600,0.060568,0.045811,0.212169
25610,0.052855,0.038974,0.230933
25620,0.019114,0.013630,0.132532
25630,0.029806,0.022679,0.161207
25640,0.024205,0.018243,0.138868
25650,0.032229,0.024370,0.159330
25660,0.037975,0.029999,0.184884
25670,0.031059,0.022793,0.173189
25680,0.037339,0.028145,0.151291
25690,0.012181,0.009422,0.108011
25700,0.031475,0.023753,0.168716
25710,0.056115,0.043473,0.231309
25720,0.026626,0.020636,0.127041
25730,0.058137,0.045500,0.224526
25740,0.019052,0.013816,0.157181
25750,0.027021,0.021583,0.158540
25760,0.036040,0.027679,0.174579
25770,0.035165,0.025702,0.195427
25780,0.040465,0.031056,0.164029
25790,0.032941,0.025043,0.165302
25800,0.034103,0.025417,0.184538
25810,0.001508,0.001166,0.099849
25820,0.048856,0.037409,0.219556
25830,0.018484,0.013614,0.149770
25840,0.038527,0.029338,0.191489
25850,0.056131,0.043034,0.215048
25860,0.004916,0.004329,0.138300
25870,0.030934,0.023734,0.142526
25880,0.012563,0.009428,0.125961
25890,0.021603,0.016263,0.113805
25900,0.038549,0.029712,0.207061
25910,0.042750,0.031309,0.188812
25920,0.034221,0.027205,0.172512
25930,0.046720,0.036225,0.198797
25940,0.090875,0.071278,0.318053
25950,0.048015,0.037620,0.201250
25960,0.023278,0.017368,0.162306
25970,0.042805,0.032926,0.157046
25980,0.042496,0.032033,0.195951
25990,0.007841,0.005800,0.130981
26000,0.023727,0.018037,0.148345
26010,0.000217,0.001033,0.001762
26020,0.022204,0.016599,0.152482
26030,0.017455,0.013462,0.110432
26040,0.034990,0.025894,0.180019
26050,0.034167,0.026145,0.172145
26060,0.026288,0.022002,0.146143
26070,0.004936,0.003659,0.219456
26080,0.011419,0.008171,0.107082
26090,0.014679,0.011076,0.079479
26100,0.043102,0.032853,0.186759
26110,0.023225,0.017464,0.173227
26120,0.016178,0.012648,0.148101
26130,0.046453,0.035506,0.198966
26140,0.028046,0.021611,0.181839
26150,0.041739,0.031370,0.197615
26160,0.031631,0.023667,0.144775
26170,0.036460,0.029101,0.136218
26180,0.034301,0.026042,0.173282
26190,0.026804,0.019967,0.140432
26200,0.045670,0.034438,0.209213
26210,0.027767,0.022357,0.151133
26220,0.008784,0.006533,0.124316
26230,0.062161,0.048016,0.237426
26240,0.039479,0.032277,0.201757
26250,0.017337,0.013089,0.138638
26260,0.031132,0.023617,0.160490
26270,0.027243,0.020896,0.159311
26280,0.043643,0.033492,0.173427
26290,0.029585,0.022349,0.156392
26300,0.036391,0.027113,0.181411
26310,0.055740,0.043746,0.230800
26320,0.036192,0.026586,0.190517
26330,0.030325,0.023322,0.187531
26340,0.052949,0.041414,0.220625
26350,0.028193,0.021626,0.156794
26360,0.033305,0.024842,0.179625
26370,0.069168,0.053917,0.262424
26380,0.040417,0.030516,0.193106
26390,0.033626,0.026463,0.169224
26400,0.042827,0.033199,0.195527
26410,0.038651,0.029051,0.183762
26420,0.034260,0.026415,0.181430
26430,0.046980,0.034770,0.205097
26440,0.022395,0.017748,0.142962
26450,0.024239,0.018966,0.136147
26460,0.043424,0.033920,0.187890
26470,0.048870,0.039168,0.214887
26480,0.016713,0.012523,0.145347
26490,0.044510,0.034094,0.173240
26500,0.023490,0.017322,0.155078
26510,0.018485,0.014031,0.123547
26520,0.011875,0.008909,0.132263
26530,0.064664,0.050371,0.250048
26540,0.023890,0.018677,0.128095
26550,0.035780,0.027477,0.177262
26560,0.055764,0.042803,0.223361
26570,0.007763,0.005365,0.055458
26580,0.042273,0.032742,0.183298
26590,0.020302,0.015031,0.142785
26600,0.011841,0.009331,0.164998
26610,0.008456,0.007525,0.061452
26620,0.039045,0.029398,0.180250
26630,0.038104,0.029979,0.163021
26640,0.015775,0.012373,0.137547
26650,0.036209,0.026960,0.174981
26660,0.023553,0.018127,0.101305
26670,0.028936,0.021804,0.155462
26680,0.015182,0.011390,0.123893
26690,0.024871,0.018521,0.157399
26700,0.027473,0.021637,0.152061
26710,0.011889,0.009195,0.062354
26720,0.042760,0.032352,0.193487
26730,0.025804,0.018885,0.166554
26740,0.070668,0.055949,0.258228
26750,0.010180,0.008151,0.072775
26760,0.014952,0.012477,0.176734
26770,0.021493,0.016234,0.138007
26780,0.020476,0.014831,0.139164
26790,0.024158,0.017186,0.179503
26800,0.010034,0.007292,0.112591
26810,0.018828,0.014236,0.119468
26820,0.019588,0.014656,0.157671
26830,0.045147,0.034770,0.204609
26840,0.037849,0.029001,0.179365
26850,0.038442,0.029772,0.177569
26860,0.051651,0.041173,0.201814
26870,0.019232,0.014258,0.149379
26880,0.048642,0.037057,0.221445
26890,0.072359,0.055511,0.269754
26900,0.023798,0.017905,0.155000
26910,0.035281,0.026853,0.179834
26920,0.043952,0.035266,0.199769
26930,0.021834,0.016474,0.164929
26940,0.013051,0.010005,0.122628
26950,0.002776,0.002291,0.653127
26960,0.049210,0.037054,0.212089
26970,0.044476,0.035322,0.188128
26980,0.034012,0.025496,0.167203
26990,0.017963,0.013007,0.141022
27000,0.028835,0.021146,0.150772
27010,0.034051,0.026030,0.173645
27020,0.061732,0.047498,0.242832
27030,0.005679,0.004308,0.173528
27040,0.050657,0.040946,0.203015
27050,0.062085,0.047427,0.232309
27060,0.028805,0.021689,0.132516
27070,0.026319,0.020196,0.123762
27080,0.045154,0.033920,0.202902
27090,0.029858,0.022558,0.162138
27100,0.025600,0.019736,0.137387
27110,0.004864,0.003646,0.137869
27120,0.047694,0.036344,0.204223
27130,0.030499,0.023495,0.182061
27140,0.024282,0.017315,0.169402
27150,0.024370,0.018795,0.108127
27160,0.028128,0.021881,0.186884
27170,0.018838,0.015324,0.087890
27180,0.025957,0.019000,0.153456
27190,0.032815,0.026565,0.185049
27200,0.048603,0.039047,0.206623
27210,0.054736,0.044291,0.198389
27220,0.046106,0.034715,0.173521
27230,0.006500,0.005582,0.136744
27240,0.010361,0.007053,0.163718
27250,0.040645,0.031215,0.177331
27260,0.054146,0.042198,0.269423
27270,0.006641,0.004814,0.042245
27280,0.047688,0.036214,0.195627
27290,0.043304,0.032151,0.181124
27300,0.030702,0.023164,0.173217
27310,0.023681,0.016686,0.148889
27320,0.022820,0.018231,0.132493
27330,0.010179,0.007799,0.218727
27340,0.040322,0.030824,0.191889
27350,0.021222,0.015631,0.157752
27360,0.028479,0.022558,0.156238
27370,0.034704,0.025999,0.167837
27380,0.039109,0.030646,0.188896
27390,0.058048,0.048431,0.227025
27400,0.043376,0.032843,0.187545
27410,0.016890,0.013110,0.161116
27420,0.018250,0.013265,0.133968
27430,0.016925,0.013131,0.130621
27440,0.049378,0.037876,0.217399
27450,0.024048,0.018377,0.152108
27460,0.025551,0.019118,0.151732
27470,0.013292,0.009441,0.236334
27480,0.035943,0.027201,0.168087
27490,0.006599,0.005241,0.144437
27500,0.053353,0.040724,0.222069
27510,0.034598,0.026430,0.164507
27520,0.032394,0.023886,0.197658
27530,0.024496,0.018958,0.150644
27540,0.019702,0.015499,0.144628
27550,0.010658,0.009677,0.185950
27560,0.024810,0.019833,0.105508
27570,0.019454,0.014108,0.154308
27580,0.028384,0.022223,0.153117
27590,0.053690,0.041955,0.217075
27600,0.008388,0.006060,0.118678
27610,0.059074,0.044308,0.238878
27620,0.019774,0.014675,0.134738
27630,0.021359,0.017476,0.133111
27640,0.060409,0.046451,0.212233
27650,0.025633,0.020326,0.123024
27660,0.032048,0.024467,0.133842
27670,0.038247,0.029866,0.182215
27680,0.025566,0.018703,0.147998
27690,0.026656,0.020127,0.108239
27700,0.032951,0.027265,0.171643
27710,0.036168,0.027632,0.181828
27720,0.019813,0.015533,0.110488
27730,0.017963,0.013689,0.128546
27740,0.042671,0.033273,0.195429
27750,0.030357,0.025288,0.168441
27760,0.026556,0.019743,0.169783
27770,0.037115,0.028558,0.153069
27780,0.020871,0.015289,0.143052
27790,0.021755,0.016964,0.190791
27800,0.040973,0.032463,0.178555
27810,0.016017,0.012337,0.111558
27820,0.002417,0.002204,0.029148
27830,0.019195,0.014863,0.136730
27840,0.013430,0.010202,0.104266
27850,0.001358,0.001096,0.129198
27860,0.001787,0.001373,0.069298
27870,0.044092,0.032901,0.189959
27880,0.057208,0.045493,0.229949
27890,0.018773,0.014513,0.149919
27900,0.021122,0.015949,0.111887
27910,0.043208,0.033155,0.198649
27920,0.022246,0.017588,0.120734
27930,0.036145,0.028121,0.147540
27940,0.042313,0.033572,0.187819
27950,0.084673,0.067002,0.300609
27960,0.013761,0.009133,0.224416
27970,0.010962,0.008538,0.066088
27980,0.032385,0.024901,0.174722
27990,0.034761,0.025822,0.171731
28000,0.017831,0.013829,0.166412
28010,0.013301,0.010521,0.124303
28020,0.042721,0.033221,0.190266
28030,0.021505,0.017478,0.128541
28040,0.045184,0.032700,0.195792
28050,0.056779,0.045141,0.227899
28060,0.042048,0.032170,0.186106
28070,0.033245,0.029102,0.201794
28080,0.014267,0.010699,0.143422
28090,0.011330,0.008786,0.109773
28100,0.034852,0.026716,0.170101
28110,0.028688,0.021971,0.167304
28120,0.013185,0.010472,0.099797
28130,0.042786,0.032008,0.202083
28140,0.044125,0.034191,0.203788
28150,0.055075,0.042235,0.233852
28160,0.028355,0.021468,0.150329
28170,0.039638,0.030613,0.186540
28180,0.037633,0.028671,0.175225
28190,0.035225,0.026779,0.170984
28200,0.011855,0.008610,0.125768
28210,0.007106,0.004901,0.147263
28220,0.004554,0.003460,0.137518
28230,0.021171,0.016439,0.152396
28240,0.015821,0.012373,0.203948
28250,0.026022,0.019572,0.174532
28260,0.043412,0.032991,0.175653
28270,0.045334,0.034623,0.203686
28280,0.044915,0.036843,0.187003
28290,0.015244,0.011557,0.119686
28300,0.029600,0.022802,0.132636
28310,0.035878,0.027245,0.193759
28320,0.011824,0.008522,0.148116
28330,0.012666,0.010823,0.093500
28340,0.029078,0.021976,0.157342
28350,0.052125,0.040722,0.218325
28360,0.022486,0.016484,0.147336
28370,0.030589,0.022230,0.180309
28380,0.016202,0.011696,0.137503
28390,0.040281,0.032045,0.176851
28400,0.037582,0.029007,0.184116
28410,0.016972,0.012266,0.140369
28420,0.029135,0.022610,0.154519
28430,0.000869,0.000756,0.170043
28440,0.041728,0.032301,0.195468
28450,0.035309,0.027489,0.177091
28460,0.001165,0.000734,0.191926
28470,0.024834,0.019286,0.163373
28480,0.004436,0.002944,0.074965
28490,0.046314,0.034798,0.208304
28500,0.019914,0.014854,0.143774
28510,0.055287,0.041099,0.228823
28520,0.043398,0.034101,0.191992
28530,0.015519,0.012023,0.129041
28540,0.030392,0.023070,0.165093
28550,0.026442,0.020038,0.178598
28560,0.050959,0.039597,0.218231
28570,0.013403,0.010331,0.064561
28580,0.012938,0.009102,0.127074
28590,0.042278,0.032360,0.173085
28600,0.005689,0.004430,0.130585
28610,0.059818,0.045743,0.228170
28620,0.012896,0.009307,0.102705
28630,0.036648,0.027960,0.177050
28640,0.047139,0.036778,0.208307
28650,0.022720,0.017926,0.112618
28660,0.018059,0.013176,0.091488
28670,0.024507,0.019987,0.141855
28680,0.033257,0.026010,0.149849
28690,0.032653,0.024756,0.140268
28700,0.037388,0.028633,0.166800
28710,0.040712,0.032988,0.182006
28720,0.016631,0.013330,0.088241
28730,0.046495,0.036001,0.222981
28740,0.020750,0.014987,0.139039
28750,0.034909,0.026431,0.158098
28760,0.058294,0.045407,0.221396
28770,0.032601,0.024896,0.176664
28780,0.045377,0.035443,0.193512
28790,0.020446,0.015665,0.126534
28800,0.023531,0.018379,0.127733
28810,0.058267,0.044695,0.214569
28820,0.037729,0.029730,0.177488
28830,0.043224,0.032677,0.192387
28840,0.017743,0.013310,0.113912
28850,0.050400,0.039086,0.206002
28860,0.021800,0.016690,0.111202
28870,0.014364,0.011221,0.116205
28880,0.007384,0.005530,0.142979
28890,0.046323,0.035295,0.179740
28900,0.026931,0.021294,0.156677
28910,0.002876,0.001931,0.090624
28920,0.005897,0.004593,0.043353
28930,0.042363,0.029705,0.201562
28940,0.033466,0.025444,0.155319
28950,0.039231,0.030146,0.185420
28960,0.031079,0.022545,0.177762
28970,0.012170,0.009028,0.131316
28980,0.024024,0.017526,0.155931
28990,0.023588,0.017681,0.139303
29000,0.033203,0.024079,0.166248
29010,0.026581,0.019072,0.164287
29020,0.036105,0.028073,0.189613
29030,0.025736,0.020094,0.118048
29040,0.042244,0.032899,0.194288
29050,0.005976,0.004482,0.138120
29060,0.013065,0.009695,0.123508
29070,0.015057,0.011359,0.113431
29080,0.045587,0.035224,0.193218
29090,0.041208,0.030667,0.188371
29100,0.033255,0.026453,0.171332
29110,0.010326,0.007119,0.289128
29120,0.024468,0.018989,0.145952
29130,0.037977,0.030634,0.187336
29140,0.042576,0.032259,0.197460
29150,0.069621,0.053835,0.248145
29160,0.015525,0.012274,0.120243
29170,0.035872,0.027953,0.172451
29180,0.024922,0.017497,0.168566
29190,0.050616,0.038662,0.210803
29200,0.016367,0.010517,0.121936
29210,0.045811,0.034325,0.210946
29220,0.040616,0.032038,0.189547
29230,0.018587,0.014062,0.160356
29240,0.033304,0.025204,0.168095
29250,0.012046,0.008347,0.116010
29260,0.068761,0.052976,0.249932
29270,0.025618,0.020427,0.140078
29280,0.032815,0.026147,0.157418
29290,0.044080,0.033925,0.173494
29300,0.029165,0.022477,0.148737
29310,0.051230,0.039677,0.210220
29320,0.006363,0.004844,0.124706
29330,0.084448,0.064096,0.286507
29340,0.022852,0.017763,0.121707
29350,0.005153,0.003826,0.045219
29360,0.015542,0.012591,0.161806
29370,0.069089,0.056008,0.256948
29380,0.042823,0.033203,0.183419
29390,0.019637,0.014364,0.139006
29400,0.013246,0.010244,0.119608
29410,0.017816,0.013674,0.150260
29420,0.025898,0.019439,0.127156
29430,0.001821,0.001522,0.112877
29440,0.024537,0.017538,0.137599
29450,0.025371,0.019317,0.151106
29460,0.032503,0.024896,0.166848
29470,0.026492,0.019801,0.168670
29480,0.029618,0.022355,0.168766
29490,0.029217,0.021494,0.167253
29500,0.042561,0.032729,0.193293
29510,0.054820,0.042935,0.217052
29520,0.049843,0.037346,0.192479
29530,0.019432,0.014210,0.152947
29540,0.043245,0.033549,0.184501
29550,0.020353,0.016547,0.169491
29560,0.015431,0.012048,0.074411
29570,0.015053,0.010801,0.135805
29580,0.014385,0.011565,0.080830
29590,0.044478,0.035730,0.208077
29600,0.049315,0.038167,0.204175
29610,0.030162,0.021647,0.167427
29620,0.004163,0.003091,0.656489
29630,0.050606,0.039961,0.210231
29640,0.037607,0.028861,0.176139
29650,0.031648,0.024964,0.164636
29660,0.027160,0.020416,0.167739
29670,0.023435,0.017755,0.145459
29680,0.035144,0.025852,0.173084
29690,0.019751,0.014955,0.090503
29700,0.021877,0.016866,0.143897
29710,0.040513,0.032052,0.170851
29720,0.011506,0.008271,0.099579
29730,0.016957,0.013139,0.090365
29740,0.048656,0.037869,0.196405
29750,0.032700,0.025431,0.157918
29760,0.015805,0.011916,0.094697
29770,0.012430,0.009457,0.118104
29780,0.005182,0.003625,0.135420
29790,0.002532,0.001765,0.083601
29800,0.043702,0.033712,0.194240
29810,0.049210,0.038121,0.196056
29820,0.074539,0.056973,0.265373
29830,0.035374,0.027596,0.184786
29840,0.050220,0.041506,0.218115
29850,0.026309,0.019757,0.171706
29860,0.018662,0.015601,0.155533
29870,0.048112,0.037251,0.209570
29880,0.027129,0.020286,0.156837
29890,0.053950,0.041292,0.215709
29900,0.010970,0.008549,0.131534
29910,0.021178,0.015908,0.164055
29920,0.032444,0.023786,0.233326
29930,0.000036,0.000046,0.655420
29940,0.019439,0.015349,0.101383
29950,0.022244,0.017068,0.128197
29960,0.002591,0.002103,0.492538
29970,0.060140,0.047023,0.233889
29980,0.030431,0.023603,0.133627
29990,0.033353,0.025387,0.164723
30000,0.028288,0.021372,0.154714
30010,0.058499,0.045945,0.235760
30020,0.028221,0.020930,0.161432
30030,0.033127,0.026375,0.162500
30040,0.006637,0.007008,0.142395
30050,0.035235,0.027235,0.161801
30060,0.020839,0.015165,0.152698
30070,0.021310,0.016116,0.139137
30080,0.033391,0.025966,0.180532
30090,0.024789,0.018452,0.143298
30100,0.020900,0.014796,0.156194
30110,0.037297,0.028676,0.188041
30120,0.014720,0.011721,0.090107
30130,0.057214,0.043747,0.225599
30140,0.009294,0.007172,0.123322
30150,0.050152,0.038983,0.219323
30160,0.025096,0.019926,0.157825
30170,0.035198,0.026888,0.170614
30180,0.063474,0.049855,0.240107
30190,0.085222,0.069913,0.292798
30200,0.018410,0.014319,0.134964
30210,0.034956,0.025417,0.177511
30220,0.034204,0.026631,0.184798
30230,0.039784,0.028958,0.159892
30240,0.006656,0.005254,0.136511
30250,0.038574,0.030803,0.160766
30260,0.015658,0.011438,0.084946
30270,0.037463,0.027074,0.187396
30280,0.028234,0.022231,0.168380
30290,0.029168,0.022050,0.155108
30300,0.052223,0.041287,0.204663
30310,0.024746,0.018257,0.150864
30320,0.010643,0.007510,0.120583
30330,0.021056,0.015481,0.083685
30340,0.041533,0.032247,0.199691
30350,0.065271,0.050246,0.241879
30360,0.020320,0.015298,0.121646
30370,0.021752,0.016070,0.154575
30380,0.013966,0.010441,0.122795
30390,0.034029,0.025758,0.166072
30400,0.022199,0.016722,0.152396
30410,0.049923,0.037760,0.204663
30420,0.023628,0.017562,0.158029
30430,0.052334,0.040768,0.182414
30440,0.036100,0.027615,0.171494
30450,0.036628,0.028785,0.199095
30460,0.046619,0.035208,0.211109
30470,0.021569,0.017561,0.094306
30480,0.052986,0.039427,0.211935
30490,0.022346,0.017784,0.149221
30500,0.042881,0.032342,0.181993
30510,0.041158,0.030593,0.195197
30520,0.020996,0.015746,0.148871
30530,0.031517,0.023488,0.174118
30540,0.008660,0.006598,0.141110
30550,0.044154,0.034467,0.169111
30560,0.001599,0.001231,0.117309
30570,0.050244,0.040072,0.192058
30580,0.036838,0.028587,0.175616
30590,0.050685,0.039014,0.206356
30600,0.047476,0.036361,0.198837
30610,0.005831,0.003910,0.050203
30620,0.000010,0.000038,0.000082
30630,0.032857,0.024622,0.158806
30640,0.013458,0.011872,0.192369
30650,0.016377,0.012042,0.134331
30660,0.037331,0.027712,0.199818
30670,0.029110,0.022517,0.155416
30680,0.011140,0.008725,0.113994
30690,0.038517,0.026974,0.209747
30700,0.035132,0.026278,0.173964
30710,0.037154,0.028586,0.173868
30720,0.040775,0.031120,0.182199
30730,0.031215,0.024125,0.163628
30740,0.018326,0.013033,0.152920
30750,0.014848,0.011078,0.075244
30760,0.043270,0.033753,0.197330
30770,0.030929,0.021920,0.209055
30780,0.020739,0.015324,0.144465
30790,0.027026,0.019182,0.167150
30800,0.021486,0.016257,0.144425
30810,0.014980,0.011820,0.120373
30820,0.028884,0.022856,0.162383
30830,0.053191,0.042541,0.223356
30840,0.039091,0.031485,0.186749
30850,0.027140,0.019882,0.168922
30860,0.045321,0.034944,0.205213
30870,0.033767,0.025719,0.176332
30880,0.038148,0.028932,0.182333
30890,0.036837,0.027643,0.180740
30900,0.051903,0.040368,0.220365
30910,0.032205,0.024628,0.155569
30920,0.038082,0.027924,0.189188
30930,0.057378,0.044308,0.242128
30940,0.046253,0.037116,0.184927
30950,0.022273,0.017798,0.113196
30960,0.010795,0.007396,0.106374
30970,0.009075,0.005813,0.126439
30980,0.019761,0.014276,0.139635
30990,0.043478,0.033184,0.201685
31000,0.023277,0.017169,0.121505
31010,0.059902,0.046593,0.230471
31020,0.020140,0.015607,0.151182
31030,0.055538,0.041887,0.215737
31040,0.039331,0.030920,0.168907
31050,0.025320,0.019001,0.183459
31060,0.034901,0.026915,0.175958
31070,0.018227,0.013933,0.144304
31080,0.029104,0.022788,0.163495
31090,0.028614,0.023247,0.177084
31100,0.005944,0.004269,0.114181
31110,0.030885,0.024189,0.131698
31120,0.022179,0.016835,0.133282
31130,0.039301,0.029811,0.182561
31140,0.015764,0.011333,0.158391
31150,0.021831,0.016549,0.139223
31160,0.049602,0.038120,0.211039
31170,0.035932,0.027196,0.169519
31180,0.004729,0.003467,0.113581
31190,0.034733,0.026802,0.164255
31200,0.038499,0.030052,0.157203
31210,0.025460,0.017802,0.165507
31220,0.018555,0.013798,0.121996
31230,0.026850,0.020579,0.113890
31240,0.034291,0.026253,0.181787
31250,0.031664,0.024173,0.167495
31260,0.062028,0.048660,0.245884
31270,0.018804,0.015163,0.112768
31280,0.035662,0.027137,0.165793
31290,0.033493,0.027364,0.174824
31300,0.045807,0.034186,0.202649
31310,0.047864,0.037176,0.202386
31320,0.026010,0.020091,0.148556
31330,0.011509,0.008531,0.107405
31340,0.002621,0.002002,0.027732
31350,0.059191,0.045238,0.243936
31360,0.033287,0.025007,0.160488
31370,0.026981,0.022002,0.146438
31380,0.030388,0.023304,0.160426
31390,0.025501,0.019235,0.143887
31400,0.035153,0.027209,0.170376
31410,0.039005,0.029736,0.182908
31420,0.032575,0.025018,0.173211
31430,0.032399,0.025607,0.173657
31440,0.033257,0.024429,0.225316
31450,0.015455,0.011739,0.093359
31460,0.054394,0.041756,0.222780
31470,0.021586,0.016558,0.144496
31480,0.008385,0.006466,0.084782
31490,0.056217,0.043253,0.235469
31500,0.013382,0.010192,0.142597
31510,0.033204,0.024819,0.163040
31520,0.016547,0.012431,0.150201
31530,0.040246,0.031672,0.187171
31540,0.038285,0.029506,0.187987
31550,0.035561,0.026615,0.149168
31560,0.037615,0.029138,0.197680
31570,0.030912,0.023737,0.136266
31580,0.044067,0.033460,0.197807
31590,0.014237,0.010720,0.138635
31600,0.027423,0.020897,0.178072
31610,0.076526,0.059815,0.275737
31620,0.034704,0.027035,0.164603
31630,0.007753,0.005988,0.182579
31640,0.046136,0.036842,0.195832
31650,0.034299,0.026049,0.172423
31660,0.015902,0.012384,0.137657
31670,0.029760,0.022957,0.165017
31680,0.034577,0.026674,0.185616
31690,0.039940,0.030634,0.173135
31700,0.016097,0.012168,0.091033
31710,0.057050,0.043507,0.219163
31720,0.047039,0.033719,0.251534
31730,0.038060,0.029314,0.180848
31740,0.014247,0.010583,0.116047
31750,0.074360,0.057233,0.274492
31760,0.047524,0.037609,0.187869
31770,0.034480,0.026990,0.190916
31780,0.009172,0.007515,0.221960
31790,0.009584,0.007660,0.054178
31800,0.035968,0.027638,0.168016
31810,0.017122,0.012206,0.100318
31820,0.026402,0.019806,0.138176
31830,0.003299,0.002706,0.146322
31840,0.007507,0.005183,0.117542
31850,0.008600,0.005871,0.057795
31860,0.021618,0.016239,0.122020
31870,0.025578,0.019376,0.152318
31880,0.005435,0.003747,0.113047
31890,0.030861,0.022798,0.203421
31900,0.005732,0.004486,0.111272
31910,0.040545,0.030543,0.184745
31920,0.027387,0.019553,0.103444
31930,0.036354,0.027468,0.177157
31940,0.054638,0.042673,0.225412
31950,0.034110,0.026159,0.172315
31960,0.050740,0.039197,0.203181
31970,0.058538,0.045580,0.233779
31980,0.023643,0.017592,0.145546
31990,0.039808,0.028497,0.206883
32000,0.037333,0.027966,0.166325
32010,0.040966,0.031493,0.197830
32020,0.011122,0.009090,0.107348
32030,0.021200,0.015878,0.135734
32040,0.042097,0.032383,0.188861
32050,0.027329,0.021123,0.148381
32060,0.029910,0.022494,0.158150
32070,0.025041,0.018658,0.175750
32080,0.024882,0.021132,0.159985
32090,0.032882,0.024967,0.171132
32100,0.026169,0.021254,0.214337
32110,0.035997,0.027253,0.155368
32120,0.041172,0.031817,0.188062
32130,0.014110,0.009879,0.080532
32140,0.035501,0.026897,0.178102
32150,0.041607,0.031762,0.189055
32160,0.023533,0.018197,0.119109
32170,0.033159,0.024822,0.184936
32180,0.032545,0.024962,0.159187
32190,0.005735,0.004082,0.111854
32200,0.026423,0.020461,0.131631
32210,0.075934,0.061346,0.271228
32220,0.024936,0.019117,0.152320
32230,0.015942,0.012266,0.096112
32240,0.021988,0.016803,0.155351
32250,0.037701,0.028192,0.182254
32260,0.022064,0.016798,0.140120
32270,0.042908,0.032464,0.197214
32280,0.033376,0.025311,0.144635
32290,0.067796,0.052005,0.224986
32300,0.007653,0.006569,0.074302
32310,0.033413,0.025045,0.169329
32320,0.029464,0.021534,0.170736
32330,0.029321,0.021893,0.167791
32340,0.041151,0.031781,0.186711
32350,0.043415,0.033499,0.190948
32360,0.008393,0.006048,0.123969
32370,0.027976,0.021289,0.144992
32380,0.013797,0.010891,0.133851
32390,0.026470,0.019499,0.154855
32400,0.018162,0.013613,0.133823
32410,0.048390,0.036836,0.206260
32420,0.012858,0.010109,0.216837
32430,0.027556,0.021842,0.155276
32440,0.047858,0.037157,0.198936
32450,0.037865,0.029268,0.181250
32460,0.000432,0.000408,0.301378
32470,0.028570,0.022211,0.159628
32480,0.017047,0.012777,0.133740
32490,0.040317,0.031092,0.151034
32500,0.014010,0.011178,0.077931
32510,0.018122,0.013418,0.171427
32520,0.028397,0.021735,0.156267
32530,0.029959,0.021707,0.168766
32540,0.035944,0.026235,0.189856
32550,0.011079,0.009088,0.088397
32560,0.029337,0.022066,0.156914
32570,0.046039,0.035274,0.176777
32580,0.021999,0.016627,0.146534
32590,0.019131,0.014690,0.132749
32600,0.051199,0.039890,0.209341
32610,0.021131,0.015858,0.143621
32620,0.026799,0.020892,0.125498
32630,0.050251,0.039191,0.210192
32640,0.057201,0.044613,0.224919
32650,0.055207,0.042809,0.231508
32660,0.035931,0.026763,0.192557
32670,0.021390,0.016374,0.145868
32680,0.038103,0.029377,0.178029
32690,0.015002,0.010890,0.138067
32700,0.005262,0.003545,0.038009
32710,0.046574,0.035412,0.195108
32720,0.037700,0.028598,0.180851
32730,0.016265,0.011997,0.125908
32740,0.020624,0.015730,0.132837
32750,0.033814,0.025474,0.169749
32760,0.012627,0.010357,0.095939
32770,0.029630,0.022174,0.149137
32780,0.007223,0.005451,0.042262
32790,0.036132,0.027024,0.176211
32800,0.007269,0.004813,0.095129
32810,0.018246,0.013650,0.097881
32820,0.017006,0.012495,0.137106
32830,0.028291,0.021194,0.151054
32840,0.033597,0.025560,0.160224
32850,0.015332,0.011524,0.130384
32860,0.011882,0.008998,0.083405
32870,0.017929,0.012962,0.132305
32880,0.037281,0.027874,0.180877
32890,0.026760,0.020908,0.121049
32900,0.052446,0.040793,0.206190
32910,0.001445,0.001063,0.099601
32920,0.035706,0.027455,0.167823
32930,0.000004,0.000009,0.000022
32940,0.015426,0.012178,0.132842
32950,0.006958,0.005853,0.163487
32960,0.026937,0.020857,0.135872
32970,0.034729,0.026163,0.191493
32980,0.048802,0.038068,0.201560
32990,0.028191,0.021694,0.155721
33000,0.026598,0.020197,0.166328
33010,0.028216,0.021130,0.128281
33020,0.028811,0.022425,0.165811
33030,0.027816,0.021256,0.145854
33040,0.027623,0.020834,0.145801
33050,0.031038,0.023357,0.153624
33060,0.028420,0.021320,0.160378
33070,0.013007,0.009367,0.071871
33080,0.028360,0.021927,0.163564
33090,0.035350,0.026657,0.171797
33100,0.028015,0.021845,0.126939
33110,0.022685,0.018444,0.132471
33120,0.021451,0.015423,0.156382
33130,0.023647,0.018479,0.111051
33140,0.043243,0.034019,0.203734
33150,0.040093,0.031368,0.183089
33160,0.030997,0.023685,0.175161
33170,0.004605,0.003364,0.118533
33180,0.013182,0.009332,0.118720
33190,0.040896,0.031594,0.184163
33200,0.040462,0.031108,0.185527
33210,0.022703,0.016920,0.133603
33220,0.041664,0.032410,0.184956
33230,0.046518,0.035111,0.200193
33240,0.046260,0.035237,0.204323
33250,0.020049,0.014461,0.148424
33260,0.014293,0.010545,0.130627
33270,0.029918,0.022692,0.158810
33280,0.028585,0.023038,0.161372
33290,0.028994,0.021671,0.151591
33300,0.017693,0.013238,0.155095
33310,0.021599,0.015948,0.143266
33320,0.020439,0.015711,0.106082
33330,0.046308,0.035579,0.208786
33340,0.012750,0.009489,0.120199
33350,0.049082,0.036935,0.201922
33360,0.040868,0.032010,0.172371
33370,0.032948,0.024953,0.173110
33380,0.035951,0.027064,0.175525
33390,0.024884,0.019339,0.162357
33400,0.021867,0.016834,0.163495
33410,0.019035,0.013970,0.100732
33420,0.025548,0.019301,0.155341
33430,0.021837,0.017055,0.114673
33440,0.021273,0.016064,0.117615
33450,0.002475,0.002042,0.107881
33460,0.029185,0.022011,0.161014
33470,0.015557,0.011499,0.113251
33480,0.012248,0.008212,0.071948
33490,0.029450,0.022285,0.168635
33500,0.060779,0.047946,0.230669
33510,0.033512,0.024207,0.169616
33520,0.031993,0.022999,0.165221
33530,0.047557,0.036078,0.203949
33540,0.025122,0.018634,0.154985
33550,0.033316,0.025261,0.174378
33560,0.041989,0.030993,0.195186
33570,0.043776,0.034245,0.154395
33580,0.059425,0.046541,0.231405
33590,0.060642,0.047382,0.231661
33600,0.035068,0.026992,0.183929
33610,0.051180,0.039013,0.203667
33620,0.023929,0.017762,0.143605
33630,0.029126,0.022721,0.138267
33640,0.016369,0.011693,0.090384
33650,0.013151,0.009499,0.118366
33660,0.022741,0.017348,0.106333
33670,0.024586,0.019573,0.144123
33680,0.027554,0.021423,0.158179
33690,0.039458,0.029892,0.178901
33700,0.022792,0.018350,0.105806
33710,0.040439,0.030879,0.192475
33720,0.042191,0.032514,0.187938
33730,0.032581,0.024814,0.158000
33740,0.047616,0.036368,0.199885
33750,0.038611,0.028887,0.182512
33760,0.022497,0.016637,0.131101
33770,0.049099,0.038068,0.188544
33780,0.030577,0.023149,0.159708
33790,0.022308,0.016436,0.143841
33800,0.011721,0.009141,0.110641
33810,0.052328,0.040530,0.211032
33820,0.002648,0.001702,0.079097
33830,0.043498,0.033609,0.179131
33840,0.007507,0.005727,0.083944
33850,0.022647,0.017432,0.094307
33860,0.011756,0.008551,0.115111
33870,0.051573,0.039085,0.205152
33880,0.030919,0.023698,0.169344
33890,0.030109,0.023718,0.169154
33900,0.024152,0.018899,0.113317
33910,0.037370,0.028437,0.154218
33920,0.017047,0.013228,0.084465
33930,0.034790,0.025904,0.178822
33940,0.026531,0.020052,0.154351
33950,0.013893,0.010173,0.128632
33960,0.045072,0.034758,0.191248
33970,0.026906,0.019948,0.155353
33980,0.030794,0.023732,0.155930
33990,0.017414,0.012861,0.138427
34000,0.023541,0.017516,0.172679
34010,0.022299,0.017218,0.159572
34020,0.036101,0.026580,0.167984
34030,0.033517,0.026395,0.140683
34040,0.026660,0.020330,0.134942
34050,0.064428,0.050462,0.243720
34060,0.036290,0.027786,0.179190
34070,0.014926,0.011560,0.129758
34080,0.041517,0.032782,0.161611
34090,0.021204,0.015616,0.143017
34100,0.027902,0.021029,0.150636
34110,0.045390,0.035173,0.198427
34120,0.020137,0.015965,0.104113
34130,0.027317,0.021301,0.156737
34140,0.030029,0.022085,0.157973
34150,0.041412,0.030760,0.192566
34160,0.017896,0.013147,0.135783
34170,0.027543,0.020969,0.132119
34180,0.053652,0.041508,0.214613
34190,0.023197,0.017312,0.155289
34200,0.039593,0.031277,0.169411
34210,0.007641,0.005536,0.165507
34220,0.049366,0.039042,0.204697
34230,0.013140,0.010015,0.111655
34240,0.019104,0.014739,0.078588
34250,0.030976,0.023732,0.171142
34260,0.050381,0.039035,0.220248
34270,0.054329,0.042173,0.218318
34280,0.042311,0.032230,0.197775
34290,0.050478,0.038729,0.209997
34300,0.041217,0.031397,0.166122
34310,0.006977,0.005387,0.116317
34320,0.039506,0.028614,0.171363
34330,0.038950,0.029733,0.189784
34340,0.059989,0.049535,0.243613
34350,0.025709,0.019745,0.135646
34360,0.040616,0.031309,0.181033
34370,0.025344,0.018912,0.140135
34380,0.034318,0.026250,0.169958
34390,0.040203,0.030143,0.205190
34400,0.031970,0.024008,0.165186
34410,0.012739,0.009907,0.090798
34420,0.015260,0.011910,0.125659
34430,0.032769,0.024775,0.172860
34440,0.033566,0.026400,0.141863
34450,0.024844,0.019302,0.147211
34460,0.009630,0.007651,0.141129
34470,0.038061,0.028614,0.180352
34480,0.063125,0.051051,0.231530
34490,0.020124,0.015079,0.137095
34500,0.024617,0.019650,0.152316
34510,0.014937,0.012781,0.199533
34520,0.021649,0.016246,0.155358
34530,0.036876,0.028171,0.184931
34540,0.018949,0.014631,0.125296
34550,0.032432,0.027052,0.386772
34560,0.019431,0.015164,0.090061
34570,0.035925,0.027223,0.174584
34580,0.037136,0.028371,0.171445
34590,0.006819,0.005344,0.054822
34600,0.019227,0.014091,0.134463
34610,0.023924,0.017249,0.157591
34620,0.025055,0.018432,0.166908
34630,0.023830,0.018388,0.138252
34640,0.031235,0.024381,0.169031
34650,0.059938,0.044648,0.228316
34660,0.030242,0.022652,0.145723
34670,0.033273,0.024870,0.152113
34680,0.030250,0.023275,0.167792
34690,0.014718,0.010058,0.132021
34700,0.023607,0.018772,0.166418
34710,0.012126,0.009001,0.060357
34720,0.046589,0.036395,0.193366
34730,0.014780,0.010923,0.116926
34740,0.023799,0.017938,0.129684
34750,0.025055,0.018405,0.179872
34760,0.039327,0.030522,0.176127
34770,0.053166,0.041782,0.212550
34780,0.038332,0.030614,0.169667
34790,0.015923,0.011784,0.117348
34800,0.054197,0.043344,0.217419
34810,0.021377,0.016518,0.130890
34820,0.028867,0.022130,0.149714
34830,0.044844,0.033999,0.195104
34840,0.011277,0.007943,0.128467
34850,0.018811,0.014786,0.126035
34860,0.020798,0.016390,0.139182
34870,0.020597,0.015756,0.106338
34880,0.042557,0.032470,0.191863
34890,0.029225,0.022446,0.155832
34900,0.032958,0.025518,0.127391
34910,0.018613,0.013577,0.152189
34920,0.026946,0.019875,0.158411
34930,0.015501,0.011729,0.130478
34940,0.012960,0.009678,0.106552
34950,0.028629,0.021592,0.159353
34960,0.033690,0.026221,0.159270
34970,0.033650,0.024860,0.158571
34980,0.061343,0.047693,0.233274
34990,0.033118,0.026276,0.167277
35000,0.023083,0.015925,0.148107
35010,0.019537,0.014611,0.137436
35020,0.032044,0.024077,0.171134
35030,0.047389,0.035873,0.198577
35040,0.048668,0.037025,0.202836
35050,0.034483,0.025707,0.175476
35060,0.015131,0.011182,0.143053
35070,0.021429,0.016507,0.159649
35080,0.028623,0.022347,0.152527
35090,0.025116,0.017777,0.157257
35100,0.021788,0.016180,0.139766
35110,0.020493,0.015539,0.145949
35120,0.010116,0.007785,0.150859
35130,0.007842,0.006050,0.066927
35140,0.025674,0.019214,0.141661
35150,0.017082,0.013457,0.088534
35160,0.039730,0.030549,0.174909
35170,0.014853,0.011369,0.117335
35180,0.038745,0.029685,0.190104
35190,0.025928,0.020146,0.134954
35200,0.004857,0.003872,0.109959
35210,0.036036,0.028416,0.174124
35220,0.046804,0.036006,0.213287
35230,0.032260,0.024321,0.151116
35240,0.054883,0.043214,0.230807
35250,0.033350,0.025336,0.165666
35260,0.014347,0.011024,0.106945
35270,0.037922,0.029195,0.184347
35280,0.020038,0.014901,0.243652
35290,0.036503,0.027731,0.185869
35300,0.018252,0.012999,0.102690
35310,0.038418,0.029472,0.183231
35320,0.026771,0.020369,0.154595
35330,0.017526,0.013711,0.103786
35340,0.037440,0.028443,0.171356
35350,0.028301,0.022489,0.151108
35360,0.017732,0.013369,0.100179
35370,0.031562,0.025289,0.131558
35380,0.032661,0.025010,0.166365
35390,0.038301,0.028636,0.152758
35400,0.041266,0.031949,0.193116
35410,0.016025,0.012375,0.139563
35420,0.011591,0.008719,0.106977
35430,0.014997,0.011768,0.123676
35440,0.013298,0.009714,0.115363
35450,0.042119,0.032540,0.188730
35460,0.046969,0.036715,0.194938
35470,0.028126,0.022065,0.119128
35480,0.036844,0.029277,0.172355
35490,0.018053,0.013501,0.135824
35500,0.028898,0.022832,0.152807
35510,0.037349,0.027668,0.185119
35520,0.015555,0.011229,0.119781
35530,0.040108,0.030850,0.182901
35540,0.051249,0.039778,0.209489
35550,0.035047,0.026508,0.147145
35560,0.022297,0.017427,0.131384
35570,0.033903,0.025939,0.162267
35580,0.025818,0.020224,0.180685
35590,0.019292,0.015120,0.103786
35600,0.082066,0.060750,0.278059
35610,0.026912,0.020901,0.114755
35620,0.025003,0.018650,0.152697
35630,0.000008,0.000016,0.000043
35640,0.005968,0.004541,0.151179
35650,0.056347,0.043301,0.232817
35660,0.038856,0.029369,0.184365
35670,0.057944,0.044078,0.226451
35680,0.039400,0.029947,0.164018
35690,0.009856,0.008606,0.072524
35700,0.035728,0.026719,0.148763
35710,0.024078,0.018353,0.146900
35720,0.051785,0.039774,0.206861
35730,0.062859,0.048410,0.234628
35740,0.008438,0.005416,0.145016
35750,0.027345,0.021457,0.128600
35760,0.026183,0.019816,0.142137
35770,0.050112,0.039757,0.215240
35780,0.020892,0.015048,0.134876
35790,0.054906,0.043276,0.218845
35800,0.015623,0.012825,0.163408
35810,0.050597,0.038528,0.222709
35820,0.017777,0.012879,0.117067
35830,0.022085,0.016931,0.110076
35840,0.031514,0.023144,0.188842
35850,0.009950,0.007571,0.083917
35860,0.027236,0.020842,0.170133
35870,0.035877,0.025474,0.140868
35880,0.031559,0.023371,0.166698
35890,0.011573,0.008553,0.122957
35900,0.017952,0.013110,0.126490
35910,0.029424,0.022110,0.142892
35920,0.037732,0.028520,0.160977
35930,0.025814,0.020279,0.151214
35940,0.050012,0.038552,0.198227
35950,0.063331,0.050132,0.246004
35960,0.041486,0.031135,0.205043
35970,0.031392,0.024111,0.163270
35980,0.018860,0.013972,0.156805
35990,0.034411,0.026909,0.150161
36000,0.047986,0.036512,0.208708
36010,0.016818,0.012529,0.137575
36020,0.018827,0.014260,0.126534
36030,0.044921,0.034895,0.177371
36040,0.050761,0.039262,0.212786
36050,0.026831,0.020529,0.102626
36060,0.007703,0.005777,0.081923
36070,0.027495,0.020988,0.150385
36080,0.027353,0.021183,0.161610
36090,0.001250,0.000788,0.609577
36100,0.017698,0.013319,0.146756
36110,0.017558,0.013572,0.125759
36120,0.021827,0.016697,0.130441
36130,0.040740,0.031647,0.178046
36140,0.029157,0.022253,0.142823
36150,0.030199,0.023631,0.167874
36160,0.026390,0.020064,0.152186
36170,0.028380,0.020130,0.173576
36180,0.046075,0.035148,0.193649
36190,0.021889,0.016206,0.129389
36200,0.044811,0.035001,0.205533
36210,0.028978,0.023839,0.174616
36220,0.030250,0.022800,0.169539
36230,0.038262,0.028978,0.176474
36240,0.017843,0.013221,0.097954
36250,0.033517,0.024955,0.160959
36260,0.048543,0.037299,0.185439
36270,0.039503,0.031115,0.170761
36280,0.027591,0.021338,0.129880
36290,0.026131,0.019830,0.126143
36300,0.037754,0.029394,0.176120
36310,0.027359,0.020556,0.150470
36320,0.014786,0.010900,0.140442
36330,0.028238,0.022089,0.168153
36340,0.014419,0.010011,0.122981
36350,0.028127,0.021858,0.166105
36360,0.024064,0.018091,0.134512
36370,0.027499,0.023928,0.131904
36380,0.017412,0.012728,0.110220
36390,0.020933,0.015697,0.134156
36400,0.022639,0.016784,0.150949
36410,0.031375,0.024469,0.147301
36420,0.016951,0.012542,0.086434
36430,0.016072,0.011899,0.131216
36440,0.004242,0.003798,0.262208
36450,0.022027,0.017172,0.159018
36460,0.035257,0.027099,0.178316
36470,0.019461,0.014957,0.129076
36480,0.024215,0.018003,0.156510
36490,0.037246,0.028296,0.177254
36500,0.015849,0.011840,0.116800
36510,0.046318,0.035999,0.184735
36520,0.012356,0.009885,0.101846
36530,0.043151,0.033035,0.193470
36540,0.022607,0.017686,0.139182
36550,0.029035,0.022380,0.145086
36560,0.036544,0.027139,0.197870
36570,0.035004,0.026762,0.178625
36580,0.027059,0.021534,0.131784
36590,0.050488,0.039493,0.200774
36600,0.039753,0.029989,0.185530
36610,0.009592,0.007138,0.127943
36620,0.001259,0.000876,0.375608
36630,0.017769,0.013777,0.138225
36640,0.015664,0.011822,0.134585
36650,0.028365,0.021463,0.159355
36660,0.029267,0.023229,0.113041
36670,0.002924,0.002809,0.264546
36680,0.027101,0.019836,0.130915
36690,0.011909,0.008802,0.112790
36700,0.031160,0.023120,0.165698
36710,0.020702,0.015874,0.100985
36720,0.018459,0.014479,0.138658
36730,0.021713,0.016075,0.117815
36740,0.035380,0.027433,0.176381
36750,0.017364,0.012981,0.137910
36760,0.029298,0.021400,0.159568
36770,0.026393,0.022540,0.150962
36780,0.031215,0.024423,0.165526
36790,0.003125,0.002768,0.111066
36800,0.032008,0.022826,0.180597
36810,0.025228,0.019200,0.174513
36820,0.018576,0.013890,0.096728
36830,0.032161,0.025588,0.133847
36840,0.039011,0.029598,0.226194
36850,0.028284,0.021900,0.151213
36860,0.027909,0.021834,0.163256
36870,0.020952,0.015726,0.149601
36880,0.013088,0.009695,0.126198
36890,0.053072,0.042282,0.189056
36900,0.018033,0.013351,0.141605
36910,0.010655,0.008194,0.111411
36920,0.029704,0.022823,0.121270
36930,0.030088,0.022815,0.178914
36940,0.017431,0.013626,0.139261
36950,0.024771,0.018245,0.163613
36960,0.034881,0.026972,0.151326
36970,0.049136,0.039949,0.207602
36980,0.050675,0.038119,0.201232
36990,0.025626,0.019382,0.148896
37000,0.028474,0.023171,0.126046
37010,0.056990,0.044972,0.219287
37020,0.019204,0.014443,0.153056
37030,0.025054,0.019265,0.152375
37040,0.017366,0.013081,0.116738
37050,0.028623,0.021154,0.151691
37060,0.018315,0.013893,0.154200
37070,0.039336,0.029343,0.206919
37080,0.017444,0.013235,0.133397
37090,0.032452,0.024124,0.171553
37100,0.025046,0.019153,0.159266
37110,0.021834,0.016504,0.147628
37120,0.023696,0.017755,0.164473
37130,0.047605,0.035825,0.202425
37140,0.036407,0.026937,0.184619
37150,0.047551,0.036806,0.202330
37160,0.024686,0.018560,0.143018
37170,0.040223,0.030166,0.179128
37180,0.031542,0.024032,0.152838
37190,0.073698,0.056045,0.229080
37200,0.029089,0.022381,0.160764
37210,0.012291,0.008657,0.167646
37220,0.026607,0.020322,0.147913
37230,0.026295,0.020219,0.152456
37240,0.026734,0.019853,0.149591
37250,0.028008,0.020856,0.164117
37260,0.031740,0.024076,0.171143
37270,0.019217,0.014147,0.126313
37280,0.027126,0.020294,0.150163
37290,0.023532,0.018427,0.149046
37300,0.012945,0.009638,0.124845
37310,0.014789,0.010618,0.119174
37320,0.015340,0.011834,0.132288
37330,0.002784,0.002186,0.551106
37340,0.018718,0.014605,0.121743
37350,0.016315,0.011773,0.125917
37360,0.045161,0.034899,0.183443
37370,0.028449,0.021572,0.151292
37380,0.064038,0.049866,0.237219
37390,0.024243,0.018380,0.161056
37400,0.041531,0.031739,0.169556
37410,0.013405,0.010462,0.161348
37420,0.026972,0.021387,0.137281
37430,0.021582,0.016321,0.127352
37440,0.061865,0.047583,0.226491
37450,0.017851,0.013515,0.082250
37460,0.066980,0.051174,0.247674
37470,0.030257,0.020838,0.153497
37480,0.029761,0.022385,0.159756
37490,0.033838,0.025576,0.164652
37500,0.051414,0.039742,0.210597
37510,0.022796,0.018298,0.167284
37520,0.008083,0.006277,0.120585
37530,0.033799,0.025537,0.174900
37540,0.062874,0.049481,0.235532
37550,0.028155,0.020955,0.149915
37560,0.026103,0.019640,0.142886
37570,0.025051,0.019295,0.146850
37580,0.021511,0.016094,0.142116
37590,0.006883,0.005234,0.038490
37600,0.044921,0.034614,0.201005
37610,0.039834,0.030538,0.176099
37620,0.038665,0.029730,0.182220
37630,0.011682,0.008829,0.102759
37640,0.041439,0.031453,0.192309
37650,0.034186,0.025484,0.188508
37660,0.015385,0.011590,0.123962
37670,0.037870,0.029890,0.189746
37680,0.009132,0.006758,0.230872
37690,0.038463,0.028057,0.171232
37700,0.038575,0.029236,0.180742
37710,0.027413,0.020993,0.163675
37720,0.018352,0.013580,0.139020
37730,0.019497,0.014822,0.104565
37740,0.031642,0.024093,0.153775
37750,0.058018,0.044410,0.226624
37760,0.016182,0.012322,0.135152
37770,0.022499,0.017404,0.130432
37780,0.029523,0.023329,0.165225
37790,0.048323,0.037159,0.182486
37800,0.034250,0.025780,0.175252
37810,0.034306,0.025837,0.165454
37820,0.011911,0.009013,0.071479
37830,0.041644,0.031893,0.193427
37840,0.051597,0.041522,0.217393
37850,0.023777,0.019259,0.151698
37860,0.003234,0.001828,0.147360
37870,0.039871,0.030306,0.196101
37880,0.012715,0.009447,0.120654
37890,0.049401,0.037312,0.201847
37900,0.039352,0.030180,0.190238
37910,0.035012,0.026340,0.161268
37920,0.038926,0.029971,0.192321
37930,0.017221,0.012975,0.136760
37940,0.025739,0.019410,0.155961
37950,0.045294,0.034824,0.194376
37960,0.016958,0.012455,0.132697
37970,0.037924,0.029252,0.156315
37980,0.013013,0.009872,0.097787
37990,0.049860,0.039253,0.170590
38000,0.034922,0.026712,0.171828
38010,0.015750,0.012424,0.114787
38020,0.029495,0.021736,0.176671
38030,0.032173,0.024175,0.169350
38040,0.019206,0.014171,0.118233
38050,0.049169,0.038122,0.220482
38060,0.060208,0.048304,0.226471
38070,0.031777,0.022180,0.183266
38080,0.048069,0.036959,0.201467
38090,0.031463,0.023415,0.157640
38100,0.009019,0.007011,0.160509
38110,0.042280,0.032190,0.189080
38120,0.047871,0.038919,0.183419
38130,0.015154,0.011336,0.129309
38140,0.015702,0.011430,0.148075
38150,0.012378,0.009561,0.103506
38160,0.040741,0.030855,0.179876
38170,0.025273,0.021731,0.146896
38180,0.014553,0.011665,0.153724
38190,0.042630,0.034131,0.187820
38200,0.030359,0.022898,0.164763
38210,0.031463,0.023680,0.162468
38220,0.034599,0.027039,0.141569
38230,0.003062,0.002550,0.114602
38240,0.020384,0.015478,0.119533
38250,0.018339,0.013230,0.144532
38260,0.020644,0.015504,0.150182
38270,0.014619,0.012864,0.111903
38280,0.017149,0.013514,0.134069
38290,0.046313,0.035941,0.201819
38300,0.051038,0.039584,0.227860
38310,0.054830,0.042235,0.216636
38320,0.013678,0.010376,0.121319
38330,0.029852,0.022259,0.160984
38340,0.035425,0.027746,0.165199
38350,0.017114,0.013025,0.130369
38360,0.041363,0.032390,0.196131
38370,0.018231,0.014125,0.102040
38380,0.031657,0.023948,0.150422
38390,0.057926,0.045122,0.235233
38400,0.039381,0.028806,0.199174
38410,0.026521,0.020094,0.149885
38420,0.035435,0.026344,0.162164
38430,0.046822,0.036009,0.206220
38440,0.015037,0.011021,0.126758
38450,0.026512,0.019799,0.139924
38460,0.024898,0.018567,0.177002
38470,0.019615,0.014964,0.100025
38480,0.012449,0.009039,0.138147
38490,0.054563,0.041639,0.200136
38500,0.045371,0.035861,0.202788
38510,0.027011,0.020321,0.149998
38520,0.032447,0.024989,0.168428
38530,0.018579,0.013484,0.125096
38540,0.001018,0.002495,0.004277
38550,0.045692,0.035744,0.189917
38560,0.042932,0.033568,0.182922
38570,0.007337,0.005228,0.201070
38580,0.033286,0.025550,0.163242
38590,0.028091,0.021619,0.154277
38600,0.015957,0.012104,0.129691
38610,0.033213,0.024868,0.173913
38620,0.046771,0.036157,0.199932
38630,0.021742,0.016781,0.145793
38640,0.027023,0.020956,0.166643
38650,0.023640,0.018772,0.119746
38660,0.033104,0.026527,0.129792
38670,0.050593,0.039402,0.217138
38680,0.024687,0.018500,0.143669
38690,0.008657,0.006811,0.079265
38700,0.021342,0.016345,0.154768
38710,0.015463,0.011060,0.095515
38720,0.060598,0.046911,0.231470
38730,0.018594,0.013958,0.139886
38740,0.003038,0.002213,0.193115
38750,0.035902,0.027979,0.190616
38760,0.015705,0.011402,0.138196
38770,0.049736,0.037731,0.204255
38780,0.029631,0.023369,0.145961
38790,0.023227,0.017812,0.133418
38800,0.025255,0.018663,0.161157
38810,0.023018,0.017651,0.139963
38820,0.059168,0.045619,0.231705
38830,0.047970,0.038598,0.203497
38840,0.036980,0.028494,0.150522
38850,0.050729,0.039383,0.204085
38860,0.013300,0.009811,0.102296
38870,0.010411,0.007921,0.103788
38880,0.001129,0.000955,0.179424
38890,0.016560,0.012269,0.133276
38900,0.045426,0.033692,0.199939
38910,0.038209,0.030639,0.194407
38920,0.042552,0.032603,0.191922
38930,0.036615,0.028254,0.169510
38940,0.032811,0.024368,0.163326
38950,0.042896,0.033109,0.197223
38960,0.022476,0.016679,0.135348
38970,0.040547,0.029980,0.240036
38980,0.014463,0.010828,0.127095
38990,0.015073,0.011329,0.118129
39000,0.044359,0.034650,0.198107
39010,0.018795,0.013189,0.164404
39020,0.033454,0.025011,0.163079
39030,0.010756,0.007805,0.125232
39040,0.006030,0.004597,0.158114
39050,0.049708,0.038293,0.195977
39060,0.020161,0.014985,0.125147
39070,0.030439,0.023375,0.162942
39080,0.027459,0.017757,0.276495
39090,0.001758,0.001707,0.209158
39100,0.059226,0.045298,0.232626
39110,0.041635,0.031068,0.194054
39120,0.044399,0.033770,0.201010
39130,0.021011,0.016014,0.147933
39140,0.030089,0.023303,0.164589
39150,0.036038,0.025543,0.190201
39160,0.007187,0.004548,0.128295
39170,0.011901,0.009060,0.070032
39180,0.052839,0.040803,0.216891
39190,0.014525,0.010599,0.132287
39200,0.038146,0.028876,0.184492
39210,0.025167,0.018800,0.145081
39220,0.008860,0.006820,0.048578
39230,0.022518,0.017604,0.111691
39240,0.012411,0.009138,0.086970
39250,0.030224,0.023143,0.169572
39260,0.018705,0.015504,0.204789
39270,0.031319,0.022293,0.171629
39280,0.048602,0.036573,0.201198
39290,0.011839,0.008770,0.117563
39300,0.045153,0.034567,0.197309
39310,0.023494,0.018366,0.135113
39320,0.033903,0.026483,0.166368
39330,0.040875,0.031350,0.181105
39340,0.022883,0.016475,0.155273
39350,0.039490,0.030072,0.176619
39360,0.037071,0.029371,0.154174
39370,0.024436,0.019254,0.143753
39380,0.042232,0.032233,0.193429
39390,0.046966,0.036858,0.194783
39400,0.029612,0.022567,0.158336
39410,0.013638,0.010011,0.135323
39420,0.032984,0.025089,0.157666
39430,0.033636,0.024532,0.197150
39440,0.013350,0.009989,0.168503
39450,0.015965,0.011539,0.139684
39460,0.025578,0.019172,0.148457
39470,0.017175,0.013512,0.130211
39480,0.036298,0.030788,0.145422
39490,0.026941,0.020399,0.162248
39500,0.073768,0.056545,0.257007
39510,0.033116,0.026509,0.158179
39520,0.047313,0.036218,0.191820
39530,0.021930,0.018618,0.154823
39540,0.025348,0.018663,0.146962
39550,0.023412,0.017032,0.149108
39560,0.031443,0.024265,0.136825
39570,0.022650,0.016488,0.133818
39580,0.022397,0.016601,0.149390
39590,0.040930,0.030605,0.160429
39600,0.026714,0.021300,0.163358
39610,0.048923,0.037381,0.198882
39620,0.017737,0.012789,0.127370
39630,0.026938,0.020371,0.157951
39640,0.041843,0.032586,0.178825
39650,0.020611,0.015375,0.129715
39660,0.015943,0.011732,0.130179
39670,0.024806,0.018489,0.146115
39680,0.026061,0.019790,0.142567
39690,0.030405,0.023130,0.156737
39700,0.029831,0.022524,0.154112
39710,0.055363,0.043266,0.215030
39720,0.017696,0.013445,0.131196
39730,0.027521,0.020908,0.140569
39740,0.051621,0.039620,0.208845
39750,0.012601,0.008960,0.136391
39760,0.062248,0.048635,0.237567
39770,0.013456,0.009849,0.122839
39780,0.045093,0.035932,0.164678
39790,0.025452,0.019266,0.126569
39800,0.021846,0.016028,0.194606
39810,0.013524,0.009950,0.058704
39820,0.004361,0.003179,0.142200
39830,0.025866,0.019510,0.141509
39840,0.026543,0.020828,0.154715
39850,0.035869,0.027483,0.158759
39860,0.040871,0.031236,0.156404
39870,0.051371,0.039898,0.199788
39880,0.028035,0.021384,0.155481
39890,0.030940,0.023078,0.176748
39900,0.043826,0.033983,0.191910
39910,0.034297,0.026192,0.159121
39920,0.030231,0.023448,0.162994
39930,0.042256,0.032271,0.186954
39940,0.029438,0.022813,0.142771
39950,0.012534,0.009231,0.104133
39960,0.002558,0.001788,0.149435
39970,0.023509,0.018011,0.140972
39980,0.013919,0.010450,0.123495
39990,0.030072,0.023508,0.154149
40000,0.033044,0.025371,0.142006
40010,0.036517,0.026443,0.189992
40020,0.033602,0.025805,0.177654
40030,0.019381,0.014382,0.139160
40040,0.075390,0.059563,0.246312
40050,0.046241,0.035102,0.197498
40060,0.020996,0.016273,0.107696
40070,0.026233,0.019760,0.142594
40080,0.023932,0.018382,0.148203
40090,0.012662,0.007874,0.206671
40100,0.037839,0.029325,0.174549
40110,0.048529,0.037071,0.199630
40120,0.018500,0.013911,0.129382
40130,0.024232,0.018157,0.144185
40140,0.012783,0.009708,0.107125
40150,0.024883,0.018252,0.156547
40160,0.017451,0.012874,0.124578
40170,0.034498,0.026281,0.161324
40180,0.028843,0.022294,0.168572
40190,0.001689,0.001476,0.286713
40200,0.007684,0.006489,0.240737
40210,0.022548,0.017401,0.133352
40220,0.004230,0.003849,0.041747
40230,0.025729,0.019140,0.129614
40240,0.041743,0.031086,0.165846
40250,0.022950,0.017716,0.159804
40260,0.034717,0.026353,0.176492
40270,0.032140,0.024527,0.142433
40280,0.004079,0.003388,0.152267
40290,0.032397,0.024847,0.157219
40300,0.039130,0.028533,0.205839
40310,0.027014,0.020375,0.158492
40320,0.042799,0.032477,0.194260
40330,0.054250,0.041796,0.209596
40340,0.056566,0.044248,0.211154
40350,0.018461,0.013590,0.161750
40360,0.025236,0.020572,0.116476
40370,0.014591,0.010619,0.064403
40380,0.023109,0.016911,0.147354
40390,0.034752,0.026450,0.162420
40400,0.048346,0.037275,0.195496
40410,0.048948,0.037384,0.204673
40420,0.027620,0.021189,0.152288
40430,0.052071,0.040613,0.186417
40440,0.057060,0.044346,0.223832
40450,0.015882,0.011307,0.143920
40460,0.045704,0.035991,0.193253
40470,0.035655,0.027717,0.160240
40480,0.035685,0.029096,0.155559
40490,0.022413,0.016606,0.144220
40500,0.035496,0.027617,0.162002
40510,0.052543,0.039460,0.203377
40520,0.015995,0.011937,0.132832
40530,0.058906,0.044920,0.207856
40540,0.023319,0.016607,0.158117
40550,0.030703,0.022740,0.165409
40560,0.027096,0.020993,0.149295
40570,0.021783,0.016865,0.153505
40580,0.004468,0.002977,0.095660
40590,0.027333,0.021142,0.154808
40600,0.016184,0.012228,0.123709
40610,0.020093,0.014809,0.126864
40620,0.043423,0.032909,0.194679
40630,0.041819,0.031764,0.177692
40640,0.035931,0.027761,0.167196
40650,0.028568,0.022655,0.155943
40660,0.020932,0.015710,0.149698
40670,0.033604,0.024977,0.162965
40680,0.011640,0.009437,0.112962
40690,0.070489,0.057305,0.245231
40700,0.010314,0.009344,0.166017
40710,0.002621,0.001923,0.088120
40720,0.045354,0.034404,0.189086
40730,0.017222,0.012979,0.116822
40740,0.022179,0.016264,0.147704
40750,0.016709,0.012778,0.115307
40760,0.028122,0.020989,0.154376
40770,0.051985,0.040625,0.206897
40780,0.032428,0.024501,0.172059
40790,0.018844,0.014087,0.149997
40800,0.041317,0.033316,0.163289
40810,0.031718,0.024201,0.148934
40820,0.052062,0.042449,0.200730
40830,0.027769,0.021347,0.157713
40840,0.045485,0.034316,0.214432
40850,0.023365,0.017765,0.137816
40860,0.022146,0.017025,0.126403
40870,0.017323,0.012775,0.125308
40880,0.004446,0.003106,0.116423
40890,0.007791,0.005950,0.050195
40900,0.022644,0.017048,0.137304
40910,0.030241,0.023105,0.179802
40920,0.000019,0.000027,0.000081
40930,0.032044,0.025143,0.164981
40940,0.029539,0.021976,0.159842
40950,0.049057,0.039384,0.197702
40960,0.034123,0.026731,0.180971
40970,0.023740,0.017551,0.133073
40980,0.027882,0.021186,0.156889
40990,0.011200,0.008328,0.102505
41000,0.035167,0.026735,0.142392
41010,0.047058,0.035486,0.186321
41020,0.049050,0.036989,0.207838
41030,0.046785,0.036175,0.202110
41040,0.032142,0.025259,0.167419
41050,0.033670,0.025593,0.156318
41060,0.049687,0.038075,0.189842
41070,0.021189,0.016314,0.136389
41080,0.038287,0.029412,0.186516
41090,0.011217,0.008558,0.102649
41100,0.015583,0.011369,0.150353
41110,0.037173,0.029967,0.197767
41120,0.020021,0.014595,0.140166
41130,0.021455,0.016505,0.143251
41140,0.027575,0.021658,0.164397
41150,0.019949,0.015066,0.124355
41160,0.030880,0.023780,0.151582
41170,0.037858,0.028943,0.176977
41180,0.019403,0.014837,0.122654
41190,0.049446,0.037526,0.204945
41200,0.024337,0.017653,0.158811
41210,0.020618,0.015243,0.138434
41220,0.047574,0.036483,0.200919
41230,0.044372,0.034765,0.192470
41240,0.036882,0.028268,0.162280
41250,0.022143,0.016495,0.157517
41260,0.039240,0.030132,0.164954
41270,0.014646,0.011514,0.134209
41280,0.058378,0.045065,0.233057
41290,0.020366,0.015682,0.095558
41300,0.047604,0.036448,0.202094
41310,0.017754,0.013828,0.133370
41320,0.007259,0.005083,0.136721
41330,0.021913,0.016713,0.140084
41340,0.024890,0.019031,0.142317
41350,0.032878,0.025621,0.171875
41360,0.005430,0.004337,0.039514
41370,0.037712,0.028339,0.177794
41380,0.046988,0.036814,0.217035
41390,0.018700,0.015608,0.094171
41400,0.020597,0.015849,0.094182
41410,0.055270,0.043041,0.218758
41420,0.030651,0.023146,0.148560
41430,0.027857,0.022838,0.163069
41440,0.030860,0.023667,0.135582
41450,0.037700,0.029154,0.177015
41460,0.024884,0.018911,0.149093
41470,0.027139,0.020299,0.155460
41480,0.011509,0.009148,0.120461
41490,0.007217,0.006005,0.132387
41500,0.017249,0.012756,0.118285
41510,0.041664,0.032107,0.188501
41520,0.002601,0.002329,0.267502
41530,0.049352,0.037209,0.205533
41540,0.039438,0.030507,0.182651
41550,0.038227,0.029397,0.170933
41560,0.016586,0.012658,0.101060
41570,0.012058,0.009059,0.115009
41580,0.010456,0.007345,0.102120
41590,0.019123,0.014667,0.123155
41600,0.017566,0.013497,0.137567
41610,0.040930,0.030986,0.184691
41620,0.033106,0.026045,0.144891
41630,0.029523,0.022145,0.129886
41640,0.046956,0.035515,0.202726
41650,0.070568,0.054586,0.254021
41660,0.039023,0.030960,0.167172
41670,0.022515,0.016746,0.146288
41680,0.002295,0.001679,0.150035
41690,0.027046,0.021193,0.125134
41700,0.024861,0.018204,0.150228
41710,0.017208,0.012489,0.134407
41720,0.035967,0.026524,0.166191
41730,0.057675,0.045263,0.211140
41740,0.012885,0.009627,0.162474
41750,0.019976,0.016679,0.145463
41760,0.031505,0.024611,0.157180
41770,0.035157,0.026062,0.166433
41780,0.007926,0.005992,0.089845
41790,0.022237,0.016134,0.154282
41800,0.025536,0.019348,0.140913
41810,0.022224,0.016998,0.138339
41820,0.005697,0.003770,0.208458
41830,0.025735,0.019520,0.151624
41840,0.034841,0.026189,0.181696
41850,0.015652,0.013152,0.085090
41860,0.026758,0.020221,0.140490
41870,0.052913,0.040977,0.209423
41880,0.023236,0.017492,0.142671
41890,0.030259,0.022673,0.158534
41900,0.017727,0.013508,0.134095
41910,0.033600,0.025244,0.178086
41920,0.022456,0.016954,0.141341
41930,0.016795,0.012414,0.075680
41940,0.022916,0.018832,0.155943
41950,0.021471,0.016670,0.123541
41960,0.041823,0.031676,0.195520
41970,0.005035,0.003981,0.055520
41980,0.019643,0.014479,0.124803
41990,0.008500,0.006383,0.129451
42000,0.061295,0.048887,0.236207
42010,0.016566,0.013266,0.076669
42020,0.038416,0.029727,0.172625
42030,0.024217,0.017496,0.151748
42040,0.027673,0.021266,0.145096
42050,0.041843,0.033034,0.192171
42060,0.016710,0.012384,0.143504
42070,0.031634,0.024270,0.158870
42080,0.008790,0.006736,0.207377
42090,0.031965,0.024852,0.164712
42100,0.027842,0.020793,0.155787
42110,0.010074,0.007359,0.081142
42120,0.031786,0.024342,0.150582
42130,0.040272,0.030708,0.182696
42140,0.024190,0.018389,0.152261
42150,0.019623,0.015014,0.122947
42160,0.023921,0.017139,0.160616
42170,0.015400,0.011944,0.122800
42180,0.035360,0.026523,0.166405
42190,0.027683,0.020690,0.156440
42200,0.000012,0.000017,0.000052
42210,0.018905,0.012926,0.161318
42220,0.029455,0.022125,0.154563
42230,0.018517,0.013663,0.146160
42240,0.031928,0.024860,0.133684
42250,0.029612,0.019247,0.171106
42260,0.035321,0.026986,0.171980
42270,0.023798,0.017886,0.150422
42280,0.044049,0.033935,0.183494
42290,0.018608,0.013379,0.106491
42300,0.052253,0.039157,0.214198
42310,0.026848,0.020688,0.152030
42320,0.031918,0.025058,0.165744
42330,0.046787,0.035989,0.195530
42340,0.011593,0.009098,0.138312
42350,0.035780,0.026988,0.170963
42360,0.048813,0.037246,0.201548
42370,0.023044,0.017436,0.147175
42380,0.028019,0.022773,0.165086
42390,0.030617,0.023564,0.154233
42400,0.028757,0.022589,0.137654
42410,0.013769,0.010212,0.120899
42420,0.028337,0.021571,0.152959
42430,0.038699,0.029732,0.177933
42440,0.039162,0.030067,0.173657
42450,0.031734,0.024107,0.166766
42460,0.035623,0.027589,0.173367
42470,0.043616,0.032745,0.196044
42480,0.015780,0.011368,0.133330
42490,0.033668,0.025247,0.178487
42500,0.011961,0.008756,0.226099
42510,0.015299,0.011616,0.115979
42520,0.031963,0.023942,0.156551
42530,0.017085,0.012907,0.089490
42540,0.009937,0.007154,0.101543
42550,0.032740,0.024566,0.142139
42560,0.015773,0.011488,0.127211
42570,0.022021,0.017204,0.115218
42580,0.041598,0.032995,0.149622
42590,0.036027,0.027786,0.151387
42600,0.013832,0.010546,0.088805
42610,0.040521,0.029153,0.189507
42620,0.026180,0.020600,0.146591
42630,0.016912,0.012257,0.110658
42640,0.015948,0.011678,0.125950
42650,0.057831,0.045676,0.221247
42660,0.029863,0.023008,0.170070
42670,0.039853,0.030548,0.185780
42680,0.040077,0.030489,0.172062
42690,0.043708,0.033159,0.181034
42700,0.024430,0.018602,0.137165
42710,0.042076,0.032399,0.188949
42720,0.022002,0.016568,0.131205
42730,0.024284,0.018022,0.147353
42740,0.028124,0.021102,0.156232
42750,0.030156,0.023360,0.123658
42760,0.033954,0.025335,0.269742
42770,0.059917,0.047144,0.236624
42780,0.023757,0.017439,0.142878
42790,0.002735,0.001847,0.058535
42800,0.000323,0.000454,0.027027
42810,0.006619,0.004793,0.107664
42820,0.020002,0.015266,0.127303
42830,0.041244,0.032095,0.187251
42840,0.035633,0.028000,0.165211
42850,0.026983,0.021761,0.143695
42860,0.037681,0.028710,0.183108
42870,0.035500,0.026712,0.185757
42880,0.014287,0.010847,0.116729
42890,0.029919,0.022747,0.158729
42900,0.029736,0.022906,0.134781
42910,0.037863,0.028506,0.171225
42920,0.029836,0.022942,0.169508
42930,0.046588,0.037145,0.189554
42940,0.037889,0.027518,0.165455
42950,0.027808,0.021093,0.149102
42960,0.026103,0.019561,0.146080
42970,0.039976,0.030030,0.177984
42980,0.009149,0.007200,0.147822
42990,0.034204,0.026829,0.162898
43000,0.046288,0.036099,0.191971
43010,0.027968,0.021714,0.154453
43020,0.017562,0.012683,0.127002
43030,0.029484,0.022083,0.154119
43040,0.024214,0.018062,0.149512
43050,0.035378,0.026948,0.155648
43060,0.038884,0.029718,0.170594
43070,0.015924,0.011944,0.082508
43080,0.034074,0.024860,0.175505
43090,0.029176,0.021746,0.154211
43100,0.041924,0.032887,0.190625
43110,0.033141,0.025753,0.185384
43120,0.006094,0.004138,0.103603
43130,0.051333,0.039175,0.214111
43140,0.047467,0.036021,0.195657
43150,0.006429,0.005172,0.087022
43160,0.034332,0.025400,0.173256
43170,0.033838,0.025832,0.178436
43180,0.048284,0.037480,0.193934
43190,0.019440,0.014397,0.136917
43200,0.019150,0.013930,0.138693
43210,0.031079,0.023789,0.160996
43220,0.035272,0.027298,0.172321
43230,0.002661,0.001639,0.020877
43240,0.010978,0.008267,0.102364
43250,0.026193,0.019995,0.153372
43260,0.017411,0.012802,0.126431
43270,0.028856,0.022193,0.152461
43280,0.021334,0.015777,0.153163
43290,0.041914,0.032051,0.180626
43300,0.021644,0.016227,0.129772
43310,0.033456,0.026351,0.169778
43320,0.024342,0.018891,0.143770
43330,0.027394,0.019705,0.152857
43340,0.037092,0.028663,0.155578
43350,0.012842,0.009319,0.113603
43360,0.037143,0.027562,0.180221
43370,0.015843,0.012119,0.153884
43380,0.025092,0.018640,0.141476
43390,0.061669,0.047812,0.243417
43400,0.026294,0.019655,0.136872
43410,0.006226,0.005083,0.088399
43420,0.025270,0.019135,0.154154
43430,0.009193,0.006414,0.065395
43440,0.024970,0.018140,0.148326
43450,0.001355,0.000982,0.041331
43460,0.019524,0.014468,0.140900
43470,0.034473,0.026472,0.166900
43480,0.033095,0.025268,0.172667
43490,0.028677,0.022377,0.152310
43500,0.031340,0.023693,0.138931
43510,0.028268,0.021353,0.154617
43520,0.018157,0.013518,0.133881
43530,0.030407,0.022415,0.159639
43540,0.050811,0.039516,0.209728
43550,0.000011,0.000043,0.000094
43560,0.036652,0.028253,0.169497
43570,0.013365,0.010106,0.100071
43580,0.035745,0.027457,0.166375
43590,0.037352,0.028209,0.192929
43600,0.014886,0.011248,0.102908
43610,0.033135,0.025087,0.137956
43620,0.013875,0.010484,0.120076
43630,0.005122,0.004345,0.040787
43640,0.053155,0.040982,0.208617
43650,0.057415,0.044386,0.224636
43660,0.030104,0.022429,0.133013
43670,0.031304,0.024305,0.172832
43680,0.044574,0.033648,0.187483
43690,0.051324,0.040045,0.181811
43700,0.032448,0.025491,0.167862
43710,0.040447,0.029837,0.185896
43720,0.032767,0.025228,0.171144
43730,0.032164,0.024631,0.173797
43740,0.016066,0.011963,0.100535
43750,0.019299,0.014120,0.159271
43760,0.016225,0.012478,0.120354
43770,0.044340,0.035189,0.185352
43780,0.029757,0.022931,0.158412
43790,0.011655,0.008433,0.106824
43800,0.042143,0.033922,0.154058
43810,0.015646,0.011495,0.129222
43820,0.016856,0.012683,0.121638
43830,0.026438,0.020196,0.158789
43840,0.014209,0.010454,0.116602
43850,0.029327,0.022767,0.164608
43860,0.041237,0.031455,0.196576
43870,0.037531,0.028452,0.176024
43880,0.042065,0.032392,0.175652
43890,0.032381,0.024092,0.167252
43900,0.026352,0.019344,0.127816
43910,0.018834,0.014104,0.144890
43920,0.020393,0.015365,0.125072
43930,0.031337,0.023884,0.167082
43940,0.042328,0.033241,0.188961
43950,0.024596,0.017475,0.146298
43960,0.041446,0.031919,0.191270
43970,0.013015,0.010007,0.069948
43980,0.029774,0.022029,0.150353
43990,0.029692,0.022298,0.155879
44000,0.022334,0.017327,0.130117
44010,0.017254,0.012975,0.128587
44020,0.034493,0.027273,0.167044
44030,0.032615,0.024186,0.175103
44040,0.029776,0.022784,0.183833
44050,0.035471,0.028985,0.230874
44060,0.026778,0.021187,0.111537
44070,0.026640,0.019959,0.143359
44080,0.041472,0.031892,0.179728
44090,0.014871,0.011159,0.070234
44100,0.018288,0.015312,0.159985
44110,0.000582,0.000435,0.066441
44120,0.015402,0.011437,0.121824
44130,0.022914,0.017288,0.143875
44140,0.057618,0.043726,0.224000
44150,0.017043,0.012953,0.141596
44160,0.035898,0.027928,0.155218
44170,0.036528,0.027618,0.168887
44180,0.037889,0.028650,0.183675
44190,0.028423,0.021430,0.160416
44200,0.018239,0.014330,0.093618
44210,0.022620,0.017441,0.143207
44220,0.022195,0.016339,0.099313
44230,0.046842,0.036122,0.201533
44240,0.022715,0.016957,0.137670
44250,0.016254,0.012100,0.122892
44260,0.006727,0.005257,0.115086
44270,0.016399,0.012509,0.075215
44280,0.030564,0.022914,0.169546
44290,0.022992,0.017566,0.140071
44300,0.029564,0.023263,0.155742
44310,0.025958,0.020068,0.143809
44320,0.030227,0.022602,0.150721
44330,0.023348,0.017919,0.161149
44340,0.017422,0.013190,0.119962
44350,0.048527,0.037378,0.199256
44360,0.004612,0.003388,0.112373
44370,0.014928,0.011148,0.121368
44380,0.039431,0.030041,0.172862
44390,0.025765,0.019910,0.157925
44400,0.041321,0.031795,0.188934
44410,0.036403,0.027190,0.149941
44420,0.014042,0.011741,0.101637
44430,0.031722,0.024830,0.156722
44440,0.018347,0.013984,0.097514
44450,0.031038,0.023716,0.139275
44460,0.036736,0.029044,0.175854
44470,0.025388,0.020051,0.131761
44480,0.015966,0.011732,0.118946
44490,0.034056,0.025869,0.160176
44500,0.021167,0.016572,0.152545
44510,0.021192,0.015803,0.152620
44520,0.029563,0.022775,0.158481
44530,0.044041,0.034773,0.175582
44540,0.027167,0.021035,0.107385
44550,0.045558,0.034925,0.198161
44560,0.050508,0.039428,0.218817
44570,0.039555,0.031574,0.203461
44580,0.007080,0.005542,0.148162
44590,0.005771,0.004444,0.110949
44600,0.033621,0.025306,0.160642
44610,0.020114,0.015470,0.144199
44620,0.005403,0.004136,0.089610
44630,0.008627,0.006223,0.113326
44640,0.032169,0.026082,0.162344
44650,0.027106,0.021218,0.152780
44660,0.030769,0.023957,0.141134
44670,0.032463,0.022609,0.125367
44680,0.026599,0.020272,0.127541
44690,0.017044,0.013105,0.131333
44700,0.013376,0.009934,0.108797
44710,0.010430,0.007647,0.104200
44720,0.019849,0.014920,0.099219
44730,0.037055,0.028712,0.182014
44740,0.029220,0.022306,0.157349
44750,0.025280,0.019528,0.147318
44760,0.027373,0.022017,0.167318
44770,0.055627,0.043359,0.204355
44780,0.025915,0.019806,0.148614
44790,0.043372,0.032477,0.203053
44800,0.028939,0.022373,0.130136
44810,0.044833,0.033964,0.198430
44820,0.015825,0.010549,0.139217
44830,0.035864,0.028008,0.170178
44840,0.019463,0.014445,0.147130
44850,0.013349,0.009481,0.111722
44860,0.037423,0.030124,0.215895
44870,0.038880,0.029810,0.140967
44880,0.020241,0.014808,0.150266
44890,0.028831,0.023839,0.129219
44900,0.026675,0.019287,0.158197
44910,0.032778,0.025258,0.154834
44920,0.000011,0.000009,0.000034
44930,0.031497,0.024014,0.157984
44940,0.024716,0.018476,0.175809
44950,0.044683,0.034685,0.198007
44960,0.046857,0.035867,0.194868
44970,0.020430,0.015229,0.133774
44980,0.031920,0.024298,0.166039
44990,0.020637,0.015639,0.102149
45000,0.042434,0.032550,0.181143
45010,0.023319,0.017608,0.142634
45020,0.037415,0.028417,0.164274
45030,0.024077,0.018353,0.150261
45040,0.013587,0.010676,0.123484
45050,0.021582,0.016631,0.115291
45060,0.036450,0.027944,0.169663
45070,0.007022,0.005787,0.061571
45080,0.034975,0.027138,0.172885
45090,0.021653,0.016734,0.131341
45100,0.041891,0.033062,0.179272
45110,0.028682,0.022565,0.127863
45120,0.013594,0.009962,0.135822
45130,0.019054,0.014696,0.150844
45140,0.018801,0.015870,0.102838
45150,0.027091,0.021529,0.114946
45160,0.010292,0.007819,0.090755
45170,0.031094,0.023405,0.171204
45180,0.041906,0.031450,0.177546
45190,0.044422,0.032725,0.181217
45200,0.048712,0.037249,0.201208
45210,0.040577,0.030412,0.160997
45220,0.024295,0.018455,0.132161
45230,0.029817,0.022902,0.134771
45240,0.043237,0.034721,0.183972
45250,0.042195,0.032666,0.191083
45260,0.031334,0.024510,0.138086
45270,0.004966,0.004137,0.045938
45280,0.014660,0.011247,0.125618
45290,0.028831,0.021988,0.144143
45300,0.021097,0.015414,0.141670
45310,0.037180,0.028474,0.158182
45320,0.042622,0.031829,0.186015
45330,0.034829,0.026501,0.193620
45340,0.018488,0.013134,0.167522
45350,0.020143,0.014711,0.134494
45360,0.023353,0.017973,0.120018
45370,0.013895,0.010432,0.083312
45380,0.035945,0.027820,0.178509
45390,0.051210,0.039153,0.202800
45400,0.013873,0.010430,0.111596
45410,0.027616,0.021199,0.125756
45420,0.033291,0.025417,0.176893
45430,0.019261,0.014664,0.107442
45440,0.024730,0.018956,0.152915
45450,0.017568,0.012838,0.131199
45460,0.042308,0.032616,0.167041
45470,0.042263,0.032685,0.192851
45480,0.016446,0.013613,0.123383
45490,0.030868,0.021967,0.164187
45500,0.006996,0.005176,0.100508
45510,0.009830,0.007763,0.066715
45520,0.023567,0.018395,0.125161
45530,0.030151,0.022148,0.157832
45540,0.034797,0.027065,0.167416
45550,0.022960,0.017125,0.135643
45560,0.059992,0.047502,0.226504
45570,0.007932,0.005829,0.081570
45580,0.039394,0.029968,0.183970
45590,0.017284,0.013249,0.084101
45600,0.001162,0.000834,0.097993
45610,0.040044,0.030831,0.177593
45620,0.016106,0.012732,0.119675
45630,0.027170,0.020064,0.144212
45640,0.026434,0.020739,0.154387
45650,0.043001,0.033967,0.196680
45660,0.018757,0.013631,0.126745
45670,0.000046,0.000041,0.656292
45680,0.025735,0.019522,0.140131
45690,0.014118,0.010459,0.099582
45700,0.022171,0.016751,0.105503
45710,0.036069,0.027497,0.170958
45720,0.011229,0.007359,0.132588
45730,0.013249,0.009537,0.135420
45740,0.006038,0.004644,0.030256
45750,0.011301,0.007868,0.126063
45760,0.049479,0.038454,0.203945
45770,0.016060,0.011845,0.122732
45780,0.005904,0.004214,0.103674
45790,0.003362,0.002443,0.100312
45800,0.047710,0.035622,0.223151
45810,0.008885,0.006750,0.124104
45820,0.011941,0.009125,0.106502
45830,0.011679,0.009639,0.062851
45840,0.034700,0.027002,0.160908
45850,0.035771,0.027877,0.179143
45860,0.047912,0.036697,0.185584
45870,0.038381,0.029752,0.175761
45880,0.030888,0.022909,0.165027
45890,0.027246,0.020500,0.153717
45900,0.031153,0.024074,0.155547
45910,0.019344,0.015248,0.132870
45920,0.022874,0.017501,0.132906
45930,0.027076,0.021028,0.156391
45940,0.061681,0.047440,0.232933
45950,0.014748,0.010993,0.149433
45960,0.037171,0.028590,0.168453
45970,0.021753,0.017105,0.124857
45980,0.018366,0.013621,0.152629
45990,0.040503,0.031275,0.186540
46000,0.038107,0.029603,0.172660
46010,0.041982,0.032351,0.185806
46020,0.016498,0.011842,0.140512
46030,0.012386,0.009505,0.126763
46040,0.019400,0.014667,0.101617
46050,0.019017,0.013843,0.182294
46060,0.001041,0.000941,0.144014
46070,0.014967,0.011108,0.121979
46080,0.023295,0.018186,0.153357
46090,0.034096,0.026311,0.134689
46100,0.001518,0.001227,0.090104
46110,0.029952,0.022456,0.165148
46120,0.015942,0.012368,0.132004
46130,0.042319,0.034671,0.169012
46140,0.021136,0.016120,0.136141
46150,0.020127,0.015940,0.156631
46160,0.027553,0.020878,0.144726
46170,0.038051,0.029189,0.176307
46180,0.025182,0.018911,0.147492
46190,0.016585,0.013296,0.109348
46200,0.020818,0.015917,0.135205
46210,0.049668,0.038576,0.198815
46220,0.023388,0.017906,0.117298
46230,0.045410,0.035464,0.202121
46240,0.032769,0.024880,0.161537
46250,0.103114,0.079396,0.331775
46260,0.026291,0.020109,0.159614
46270,0.020987,0.016097,0.083986
46280,0.032840,0.024250,0.161697
46290,0.030604,0.024152,0.179260
46300,0.022731,0.017258,0.144122
46310,0.020564,0.015007,0.139973
46320,0.039171,0.030501,0.189403
46330,0.025781,0.019478,0.151710
46340,0.029541,0.022949,0.157764
46350,0.034064,0.025912,0.169653
46360,0.035703,0.028803,0.159585
46370,0.069007,0.053956,0.240667
46380,0.045260,0.035065,0.197277
46390,0.035546,0.026712,0.166582
46400,0.032409,0.025330,0.142920
46410,0.004154,0.003026,0.148640
46420,0.053117,0.039945,0.214966
46430,0.049232,0.037947,0.203032
46440,0.026270,0.020253,0.152286
46450,0.041798,0.031931,0.181100
46460,0.033566,0.026468,0.168511
46470,0.018212,0.014056,0.119304
46480,0.024007,0.018114,0.138978
46490,0.020968,0.015729,0.120347
46500,0.024779,0.017831,0.122728
46510,0.052967,0.040262,0.206860
46520,0.043978,0.033382,0.194727
46530,0.025727,0.020008,0.109234
46540,0.018458,0.013934,0.118983
46550,0.047269,0.036802,0.209646
46560,0.058352,0.044900,0.211638
46570,0.026244,0.020162,0.143528
46580,0.002863,0.002450,0.112970
46590,0.029155,0.021846,0.143296
46600,0.013473,0.009857,0.080117
46610,0.018132,0.014091,0.143214
46620,0.048526,0.038183,0.199954
46630,0.023919,0.018509,0.132183
46640,0.034347,0.026392,0.176644
46650,0.036343,0.027226,0.177406
46660,0.036365,0.028027,0.175567
46670,0.021812,0.016713,0.107996
46680,0.023795,0.017770,0.148650
46690,0.026576,0.020353,0.160712
46700,0.018193,0.013968,0.112409
46710,0.012673,0.009391,0.121175
46720,0.019228,0.014206,0.130458
46730,0.045183,0.034475,0.199201
46740,0.038621,0.029492,0.173920
46750,0.010228,0.007516,0.106458
46760,0.038702,0.029804,0.181774
46770,0.019000,0.013764,0.133717
46780,0.032418,0.025051,0.151038
46790,0.012182,0.009232,0.123999
46800,0.041462,0.030833,0.190791
46810,0.023621,0.017862,0.138308
46820,0.004259,0.002769,0.236840
46830,0.031368,0.022829,0.179260
46840,0.020000,0.016004,0.120291
46850,0.063201,0.048676,0.236803
46860,0.014269,0.011512,0.068051
46870,0.061060,0.046665,0.233367
46880,0.033299,0.027140,0.152215
46890,0.040277,0.029860,0.186384
46900,0.022488,0.017488,0.142222
46910,0.019201,0.015091,0.141017
46920,0.042218,0.033908,0.188044
46930,0.025874,0.019828,0.156415
46940,0.037226,0.028038,0.161478
46950,0.017265,0.012394,0.131730
46960,0.036668,0.028112,0.169102
46970,0.048919,0.037189,0.198345
46980,0.040962,0.031658,0.182909
46990,0.041213,0.031741,0.184740
47000,0.029730,0.022446,0.158809
47010,0.023862,0.018427,0.139585
47020,0.023742,0.017651,0.145254
47030,0.025133,0.018830,0.142441
47040,0.032708,0.025334,0.172655
47050,0.028228,0.020969,0.146923
47060,0.037210,0.030248,0.159166
47070,0.017899,0.013219,0.149713
47080,0.024287,0.018558,0.154124
47090,0.023197,0.017213,0.158568
47100,0.037384,0.029067,0.172734
47110,0.005151,0.003869,0.126998
47120,0.035514,0.027426,0.168634
47130,0.010887,0.007716,0.101041
47140,0.034115,0.026906,0.170315
47150,0.023696,0.018182,0.142228
47160,0.014195,0.011211,0.208722
47170,0.011997,0.009297,0.106810
47180,0.025391,0.019488,0.125064
47190,0.033616,0.026799,0.196586
47200,0.055009,0.041812,0.217842
47210,0.018073,0.013711,0.149759
47220,0.034635,0.023451,0.185285
47230,0.012541,0.009643,0.104831
47240,0.028716,0.021917,0.153901
47250,0.031574,0.024583,0.127487
47260,0.042093,0.032029,0.192499
47270,0.064060,0.049130,0.237155
47280,0.010196,0.008879,0.070129
47290,0.022803,0.017855,0.142069
47300,0.028356,0.022653,0.121696
47310,0.023400,0.017424,0.131808
47320,0.020958,0.016429,0.121422
47330,0.028965,0.022691,0.171665
47340,0.015081,0.010912,0.117212
47350,0.035130,0.027035,0.143772
47360,0.018698,0.014293,0.126961
47370,0.034038,0.026321,0.163915
47380,0.044900,0.034712,0.194307
47390,0.015101,0.011163,0.075086
47400,0.033774,0.024952,0.184672
47410,0.033855,0.025749,0.172449
47420,0.013068,0.009079,0.121194
47430,0.003134,0.002436,0.115066
47440,0.022882,0.017260,0.154321
47450,0.030139,0.023002,0.156921
47460,0.039567,0.030944,0.165577
47470,0.007007,0.005092,0.092115
47480,0.034412,0.026565,0.163669
47490,0.017426,0.012849,0.115273
47500,0.023075,0.017763,0.130816
47510,0.045614,0.035080,0.202293
47520,0.032859,0.025268,0.178680
47530,0.029513,0.022352,0.148554
47540,0.047914,0.037644,0.197806
47550,0.009001,0.006520,0.110479
47560,0.016981,0.012827,0.153883
47570,0.015186,0.011390,0.092108
47580,0.043536,0.032717,0.199412
47590,0.020884,0.015844,0.141277
47600,0.024590,0.018966,0.139963
47610,0.056214,0.044866,0.213329
47620,0.031597,0.025386,0.137519
47630,0.041919,0.032616,0.185284
47640,0.051307,0.039307,0.213360
47650,0.040275,0.031191,0.184332
47660,0.022096,0.016852,0.133833
47670,0.003318,0.002083,0.166605
47680,0.036997,0.028112,0.167767
47690,0.030694,0.023346,0.146118
47700,0.020456,0.015472,0.123452
47710,0.029146,0.022217,0.158711
47720,0.042919,0.033048,0.192117
47730,0.052626,0.040956,0.210999
47740,0.015293,0.011234,0.123406
47750,0.021503,0.016452,0.099636
47760,0.054028,0.041407,0.212535
47770,0.034479,0.026363,0.169495
47780,0.010837,0.007854,0.155091
47790,0.019430,0.013667,0.084655
47800,0.034077,0.025965,0.166050
47810,0.045273,0.035263,0.196167
47820,0.050417,0.040212,0.211032
47830,0.040912,0.030489,0.183375
47840,0.020015,0.015136,0.132296
47850,0.060759,0.041131,0.239650
47860,0.016963,0.012619,0.131934
47870,0.023549,0.018122,0.130359
47880,0.034215,0.027171,0.170335
47890,0.019300,0.013733,0.152947
47900,0.020721,0.015452,0.106563
47910,0.024332,0.018406,0.139513
47920,0.013913,0.010303,0.132089
47930,0.035017,0.026506,0.168364
47940,0.036066,0.028387,0.154979
47950,0.004612,0.003480,0.092212
47960,0.038077,0.031325,0.189284
47970,0.038359,0.029829,0.172037
47980,0.023144,0.018248,0.154512
47990,0.013983,0.010200,0.121582
48000,0.033964,0.025679,0.166273
48010,0.035719,0.027429,0.173360
48020,0.044776,0.035238,0.193434
48030,0.024971,0.018788,0.174575
48040,0.030995,0.023440,0.165664
48050,0.009347,0.006851,0.125124
48060,0.008461,0.005913,0.117836
48070,0.056566,0.043242,0.220969
48080,0.028510,0.021555,0.157944
48090,0.009285,0.006760,0.105276
48100,0.041308,0.032695,0.157304
48110,0.033521,0.026603,0.165027
48120,0.045773,0.034569,0.188708
48130,0.018002,0.013328,0.161623
48140,0.028919,0.022368,0.157128
48150,0.031176,0.024017,0.165215
48160,0.015102,0.011180,0.118152
48170,0.038287,0.028994,0.175614
48180,0.007072,0.005393,0.114564
48190,0.047718,0.036078,0.209372
48200,0.034420,0.026667,0.155757
48210,0.046292,0.035275,0.201890
48220,0.012910,0.009605,0.102952
48230,0.024708,0.018543,0.136607
48240,0.030897,0.022865,0.157620
48250,0.048378,0.037336,0.212556
48260,0.036058,0.028403,0.169241
48270,0.011112,0.008205,0.221761
48280,0.026312,0.020664,0.149323
48290,0.003991,0.003003,0.082607
48300,0.031683,0.023853,0.147286
48310,0.030395,0.022999,0.157357
48320,0.017482,0.012577,0.136998
48330,0.005708,0.004611,0.037276
48340,0.037427,0.027934,0.170999
48350,0.017909,0.013717,0.124248
48360,0.037221,0.028974,0.177853
48370,0.023303,0.018373,0.124615
48380,0.029249,0.022483,0.149187
48390,0.034872,0.026701,0.168078
48400,0.031274,0.023812,0.174026
48410,0.008962,0.006819,0.104906
48420,0.011862,0.009523,0.070131
48430,0.037783,0.028933,0.174974
48440,0.034267,0.025048,0.169259
48450,0.024035,0.018348,0.147092
48460,0.017069,0.013383,0.090220
48470,0.021548,0.016150,0.134561
48480,0.011950,0.008980,0.101111
48490,0.039184,0.029000,0.175011
48500,0.006323,0.005542,0.042321
48510,0.075300,0.059961,0.277397
48520,0.032814,0.026231,0.159809
48530,0.032643,0.024782,0.141638
48540,0.039227,0.030200,0.177029
48550,0.004276,0.002862,0.159457
48560,0.064482,0.049498,0.253513
48570,0.030354,0.024101,0.142584
48580,0.041823,0.032249,0.182068
48590,0.019006,0.013780,0.137660
48600,0.031528,0.024509,0.140011
48610,0.018832,0.014452,0.087121
48620,0.026220,0.019909,0.127171
48630,0.030390,0.024391,0.169544
48640,0.017022,0.012755,0.088536
48650,0.016548,0.012466,0.112652
48660,0.040459,0.031652,0.173880
48670,0.067105,0.053814,0.237474
48680,0.068856,0.051674,0.238047
48690,0.024475,0.019183,0.118432
48700,0.037072,0.028428,0.168785
48710,0.015213,0.011451,0.125732
48720,0.021480,0.016092,0.106380
48730,0.029652,0.022602,0.158193
48740,0.042574,0.033391,0.189804
48750,0.031650,0.024237,0.128402
48760,0.050996,0.039738,0.208547
48770,0.015960,0.011367,0.124283
48780,0.032405,0.024366,0.166368
48790,0.032154,0.024249,0.134915
48800,0.041442,0.033416,0.236696
48810,0.014844,0.011959,0.133603
48820,0.046922,0.036996,0.190485
48830,0.033810,0.025506,0.157923
48840,0.057557,0.044813,0.225116
48850,0.024026,0.017624,0.113560
48860,0.018483,0.013977,0.132806
48870,0.026291,0.019742,0.146773
48880,0.031377,0.023736,0.151755
48890,0.042575,0.033787,0.155507
48900,0.016527,0.014513,0.119652
48910,0.026981,0.020486,0.153683
48920,0.023936,0.018626,0.134429
48930,0.025275,0.019446,0.134573
48940,0.032151,0.024667,0.128699
48950,0.022155,0.016909,0.124849
48960,0.041211,0.031326,0.185716
48970,0.025329,0.019495,0.147159
48980,0.028371,0.021745,0.143024
48990,0.038177,0.028261,0.170729
49000,0.048300,0.036686,0.202632
49010,0.022005,0.016764,0.150880
49020,0.049601,0.038153,0.208038
49030,0.045213,0.035344,0.203868
49040,0.024144,0.017973,0.144426
49050,0.013970,0.010314,0.078034
49060,0.012137,0.008990,0.112256
49070,0.050706,0.039078,0.210163
49080,0.028673,0.021737,0.153291
49090,0.031901,0.024680,0.158207
49100,0.058231,0.044751,0.206299
49110,0.035956,0.027968,0.189125
49120,0.055287,0.044707,0.208085
49130,0.020712,0.015876,0.144015
49140,0.022912,0.017464,0.150866
49150,0.032971,0.025410,0.173003
49160,0.030725,0.025036,0.253976
49170,0.020163,0.014848,0.150366
49180,0.014205,0.010447,0.150114
49190,0.016484,0.012283,0.128202
49200,0.029396,0.022423,0.147526
49210,0.033356,0.025040,0.155058
49220,0.023733,0.017456,0.111199
49230,0.022125,0.017165,0.133754
49240,0.020242,0.015368,0.127616
49250,0.047160,0.036342,0.175366
49260,0.022089,0.015959,0.162380
49270,0.017570,0.013313,0.146993
49280,0.003901,0.002882,0.095898
49290,0.032920,0.024514,0.159781
49300,0.032275,0.025789,0.160382
49310,0.033542,0.026988,0.161052
49320,0.018534,0.013866,0.118729
49330,0.023167,0.016110,0.174548
49340,0.023437,0.017559,0.102368
49350,0.018313,0.013080,0.143733
49360,0.035637,0.027439,0.174900
49370,0.038204,0.028516,0.182917
49380,0.062460,0.047933,0.231185
49390,0.027432,0.021366,0.110161
49400,0.026313,0.018856,0.160014
49410,0.029670,0.021940,0.155760
49420,0.038386,0.030132,0.163254
49430,0.010970,0.008260,0.094216
49440,0.005441,0.004094,0.107233
49450,0.019948,0.014804,0.143488
49460,0.017449,0.012800,0.126242
49470,0.024617,0.018650,0.138788
49480,0.032265,0.024807,0.154029
49490,0.027361,0.021816,0.115772
49500,0.047458,0.036419,0.203877
49510,0.037942,0.027729,0.190975
49520,0.029597,0.022668,0.164158
49530,0.032818,0.025151,0.171953
49540,0.003735,0.003110,0.182941
49550,0.029669,0.022080,0.154896
49560,0.019511,0.014910,0.119102
49570,0.015587,0.011700,0.122867
49580,0.016732,0.012423,0.133253
49590,0.022426,0.016213,0.154680
49600,0.019355,0.014274,0.142280
49610,0.021353,0.016354,0.126883
49620,0.046251,0.035586,0.206341
49630,0.031757,0.024145,0.147320
49640,0.002947,0.002436,0.019824
49650,0.005801,0.004187,0.111810
49660,0.036129,0.028835,0.153292
49670,0.024741,0.019213,0.122062
49680,0.019673,0.013957,0.126987
49690,0.014331,0.010282,0.121634
49700,0.002537,0.002106,0.022750
49710,0.039094,0.029308,0.168355
49720,0.038599,0.029204,0.177508
49730,0.005279,0.003930,0.097594
49740,0.030606,0.022968,0.167195
49750,0.036878,0.028336,0.162872
49760,0.022016,0.016351,0.141506
49770,0.020832,0.015511,0.106136
49780,0.036969,0.028992,0.172960
49790,0.028629,0.022444,0.128590
49800,0.014678,0.010934,0.068725
49810,0.018013,0.013980,0.122607
49820,0.007328,0.005445,0.112479
49830,0.037282,0.027794,0.169538
49840,0.022747,0.016835,0.146685
49850,0.044570,0.033929,0.190695
49860,0.022530,0.017239,0.129557
49870,0.032461,0.024870,0.158119
49880,0.045816,0.033733,0.215553
49890,0.043359,0.033655,0.195111
49900,0.021188,0.015893,0.150964
49910,0.025337,0.019022,0.145236
49920,0.053493,0.041153,0.208109
49930,0.022964,0.017154,0.152694
49940,0.019125,0.014625,0.130780
49950,0.017177,0.013099,0.113207
49960,0.042664,0.032988,0.157926
49970,0.013925,0.011591,0.085892
49980,0.014004,0.010747,0.111253
49990,0.024050,0.018897,0.112235
50000,0.045312,0.035542,0.179545
50010,0.043276,0.032947,0.161541
50020,0.025386,0.018977,0.117481
50030,0.014223,0.011085,0.117090
50040,0.035312,0.028465,0.157231
50050,0.019397,0.014313,0.137626
50060,0.032798,0.025088,0.130554
50070,0.036198,0.028116,0.165567
50080,0.031955,0.022043,0.203603
50090,0.025086,0.019198,0.140976
50100,0.038963,0.029706,0.176480
50110,0.052930,0.041304,0.216592
50120,0.016113,0.012984,0.087044
50130,0.029101,0.021908,0.156630
50140,0.052819,0.041264,0.202324
50150,0.015203,0.011191,0.149493
50160,0.041550,0.031874,0.186873
50170,0.011969,0.008823,0.128732
50180,0.015959,0.011593,0.126523
50190,0.028077,0.021716,0.130416
50200,0.016711,0.012282,0.122285
50210,0.018558,0.014476,0.097382
50220,0.041637,0.030677,0.225658
50230,0.026775,0.020771,0.148592
50240,0.015041,0.011365,0.118281
50250,0.005942,0.006075,0.115070
50260,0.035649,0.027493,0.170236
50270,0.032402,0.024992,0.172998
50280,0.026199,0.019628,0.153537
50290,0.031832,0.024647,0.156664
50300,0.030531,0.024329,0.162825
50310,0.029244,0.021142,0.161099
50320,0.045393,0.034576,0.197399
50330,0.026937,0.020158,0.141824
50340,0.049095,0.037652,0.204619
50350,0.004317,0.002961,0.102079
50360,0.029379,0.022377,0.154529
50370,0.030052,0.023473,0.156210
50380,0.000788,0.000614,0.058278
50390,0.020465,0.015492,0.135439
50400,0.053477,0.040395,0.212905
50410,0.010306,0.007424,0.117864
50420,0.015259,0.011204,0.112448
50430,0.030956,0.024187,0.157478
50440,0.040485,0.031238,0.190041
50450,0.017344,0.013611,0.120380
50460,0.045807,0.034978,0.202989
50470,0.010372,0.008068,0.062382
50480,0.051940,0.040752,0.194005
50490,0.042375,0.033171,0.173966
50500,0.018045,0.013415,0.143104
50510,0.041828,0.033018,0.172670
50520,0.032124,0.023914,0.161955
50530,0.039430,0.029525,0.182944
50540,0.025951,0.020979,0.168706
50550,0.007620,0.005626,0.038511
50560,0.041018,0.031332,0.188148
50570,0.031634,0.023935,0.147341
50580,0.034474,0.026213,0.169482
50590,0.004047,0.003158,0.038854
50600,0.018790,0.014398,0.091637
50610,0.002777,0.002013,0.076357
50620,0.029762,0.022506,0.176291
50630,0.031814,0.024435,0.139833
50640,0.035492,0.027231,0.165298
50650,0.021220,0.015927,0.142772
50660,0.027801,0.020941,0.156538
50670,0.047926,0.036587,0.202311
50680,0.030431,0.022847,0.153619
50690,0.009036,0.006856,0.126090
50700,0.017012,0.013865,0.158509
50710,0.038450,0.029709,0.180857
50720,0.026103,0.020176,0.144637
50730,0.059448,0.045559,0.230477
50740,0.013910,0.010455,0.130490
50750,0.026837,0.019644,0.179488
50760,0.022111,0.016735,0.133245
50770,0.030529,0.022866,0.165019
50780,0.024759,0.018716,0.140941
50790,0.021964,0.016453,0.130644
50800,0.046336,0.035760,0.192932
50810,0.033783,0.024821,0.152337
50820,0.015256,0.010441,0.124760
50830,0.014386,0.011078,0.132117
50840,0.023503,0.017445,0.140574
50850,0.010306,0.007029,0.126450
50860,0.049709,0.037927,0.204424
50870,0.026633,0.019956,0.157093
50880,0.023933,0.017898,0.140286
50890,0.047462,0.036287,0.193240
50900,0.022385,0.017229,0.141861
50910,0.004709,0.003517,0.161898
50920,0.013009,0.009954,0.106927
50930,0.042118,0.031935,0.195781
50940,0.038196,0.029217,0.195168
50950,0.030070,0.023607,0.159831
50960,0.020347,0.014942,0.135698
50970,0.036158,0.028665,0.184124
50980,0.034591,0.026500,0.172055
50990,0.033906,0.026727,0.163683
51000,0.034327,0.026374,0.177419
51010,0.042248,0.032599,0.191505
51020,0.028253,0.021773,0.155249
51030,0.019789,0.017159,0.120035
51040,0.027317,0.020999,0.149801
51050,0.012196,0.009069,0.107035
51060,0.025599,0.019638,0.146205
51070,0.007762,0.005198,0.099789
51080,0.030343,0.022722,0.119017
51090,0.052025,0.041398,0.198442
51100,0.027632,0.021538,0.136976
51110,0.034059,0.025938,0.159246
51120,0.003900,0.003219,0.112880
51130,0.009837,0.007115,0.103920
51140,0.028511,0.021606,0.157286
51150,0.044942,0.034361,0.181195
51160,0.043496,0.033343,0.190389
51170,0.037531,0.027033,0.181283
51180,0.040166,0.030961,0.162830
51190,0.022601,0.018098,0.151727
51200,0.020712,0.015357,0.133699
51210,0.046967,0.036385,0.193744
51220,0.017560,0.013175,0.102798
51230,0.043341,0.033211,0.186113
51240,0.034859,0.026926,0.162520
51250,0.027868,0.020887,0.158140
51260,0.018335,0.013634,0.128651
51270,0.017725,0.013775,0.091486
51280,0.022091,0.016336,0.154167
51290,0.036411,0.027912,0.166578
51300,0.009697,0.006244,0.155061
51310,0.030458,0.023792,0.161859
51320,0.019242,0.015431,0.130665
51330,0.031233,0.024050,0.152184
51340,0.042500,0.032575,0.185054
51350,0.048049,0.037965,0.191362
51360,0.010524,0.007282,0.124711
51370,0.019291,0.014927,0.123476
51380,0.029641,0.025034,0.141049
51390,0.051988,0.040439,0.207358
51400,0.013593,0.010499,0.110266
51410,0.063168,0.048818,0.235089
51420,0.012522,0.009479,0.104465
51430,0.026014,0.019949,0.160327
51440,0.036520,0.027931,0.170898
51450,0.011884,0.008788,0.119073
51460,0.004239,0.003740,0.038401
51470,0.030551,0.025021,0.148209
51480,0.021289,0.015450,0.140596
51490,0.043924,0.033647,0.184543
51500,0.038120,0.029273,0.177632
51510,0.035597,0.027312,0.179602
51520,0.032806,0.024278,0.123244
51530,0.034624,0.026417,0.160544
51540,0.013703,0.010233,0.075863
51550,0.007447,0.005999,0.097674
51560,0.028796,0.022197,0.129377
51570,0.014996,0.011883,0.129661
51580,0.047502,0.038049,0.181071
51590,0.004314,0.002863,0.103368
51600,0.054767,0.041960,0.194256
51610,0.023532,0.019600,0.129590
51620,0.009025,0.007284,0.119201
51630,0.013947,0.010847,0.075675
51640,0.001227,0.001252,0.065649
51650,0.045294,0.034709,0.195354
51660,0.039893,0.029761,0.230477
51670,0.028711,0.022448,0.132159
51680,0.032861,0.025099,0.167377
51690,0.026468,0.019936,0.150424
51700,0.029594,0.022686,0.163535
51710,0.019116,0.014505,0.107530
51720,0.030191,0.022948,0.152434
51730,0.021667,0.016621,0.121886
51740,0.029055,0.022123,0.129340
51750,0.029168,0.022442,0.152831
51760,0.024790,0.018587,0.114260
51770,0.000393,0.000312,0.065996
51780,0.050433,0.040033,0.214339
51790,0.034754,0.026851,0.175362
51800,0.016113,0.012550,0.121152
51810,0.022308,0.016635,0.110519
51820,0.022873,0.017429,0.143753
51830,0.019445,0.014349,0.135065
51840,0.041737,0.032636,0.192809
51850,0.008981,0.006324,0.120748
51860,0.042335,0.032577,0.178102
51870,0.041169,0.031699,0.180213
51880,0.034641,0.027294,0.149946
51890,0.029995,0.022581,0.166029
51900,0.032355,0.023668,0.165742
51910,0.014634,0.011285,0.116535
51920,0.010533,0.008111,0.109746
51930,0.032012,0.025136,0.152947
51940,0.022660,0.016744,0.141655
51950,0.027196,0.020539,0.160122
51960,0.006022,0.004413,0.040722
51970,0.014091,0.010577,0.109991
51980,0.026607,0.021134,0.126426
51990,0.053151,0.041011,0.219909
52000,0.023516,0.017918,0.143182
52010,0.067081,0.052333,0.251092
52020,0.061842,0.049369,0.240283
52030,0.028493,0.021807,0.145464
52040,0.024379,0.018796,0.141128
52050,0.030137,0.023482,0.131788
52060,0.030152,0.023557,0.157948
52070,0.016139,0.012163,0.136049
52080,0.026469,0.022413,0.140495
52090,0.036335,0.028387,0.170397
52100,0.026739,0.020229,0.146949
52110,0.042634,0.034744,0.204144
52120,0.009548,0.007946,0.059246
52130,0.026983,0.021662,0.174151
52140,0.005431,0.003968,0.032528
52150,0.021213,0.015671,0.117686
52160,0.050196,0.038728,0.207534
52170,0.050513,0.038928,0.202393
52180,0.013548,0.010762,0.101888
52190,0.013958,0.009764,0.158555
52200,0.055842,0.043182,0.221582
52210,0.024483,0.018694,0.114027
52220,0.042419,0.032767,0.168513
52230,0.030430,0.023782,0.152145
52240,0.023108,0.017398,0.141402
52250,0.046248,0.036224,0.195598
52260,0.027386,0.020918,0.131366
52270,0.006381,0.004510,0.092482
52280,0.039055,0.028572,0.193584
52290,0.048212,0.036719,0.218539
52300,0.038481,0.027697,0.193577
52310,0.030203,0.023576,0.137855
52320,0.022207,0.016403,0.122035
52330,0.037143,0.028513,0.174338
52340,0.016066,0.012070,0.126868
52350,0.012883,0.009739,0.115609
52360,0.017128,0.013730,0.152889
52370,0.047080,0.036361,0.196675
52380,0.027559,0.020896,0.158751
52390,0.029723,0.023329,0.133298
52400,0.030767,0.023716,0.154442
52410,0.044369,0.034462,0.196886
52420,0.025412,0.018835,0.153544
52430,0.026626,0.020551,0.151951
52440,0.026554,0.020385,0.159266
52450,0.030780,0.024220,0.144349
52460,0.027104,0.020508,0.149978
52470,0.011265,0.008610,0.102110
52480,0.024668,0.018868,0.142453
52490,0.013323,0.010029,0.116587
52500,0.046741,0.035880,0.203802
52510,0.030421,0.022719,0.152306
52520,0.027744,0.020830,0.155560
52530,0.017513,0.013098,0.099050
52540,0.036605,0.027459,0.143329
52550,0.015959,0.012370,0.099272
52560,0.001924,0.001274,0.075364
52570,0.029613,0.021625,0.163967
52580,0.035727,0.027532,0.157519
52590,0.044563,0.035062,0.185938
52600,0.030904,0.020695,0.186739
52610,0.078048,0.057637,0.257985
52620,0.036471,0.027731,0.191597
52630,0.041454,0.031713,0.196100
52640,0.031849,0.023622,0.161828
52650,0.000011,0.000027,0.000065
52660,0.034002,0.025829,0.167582
52670,0.009099,0.006705,0.097097
52680,0.026716,0.018916,0.166445
52690,0.033292,0.025644,0.164076
52700,0.009806,0.007508,0.105347
52710,0.037026,0.029918,0.167885
52720,0.025771,0.019214,0.148278
52730,0.000002,0.000004,0.000011
52740,0.012092,0.009353,0.073445
52750,0.067852,0.054547,0.251040
52760,0.034165,0.026254,0.177487
52770,0.010316,0.007577,0.066301
52780,0.026818,0.020325,0.146894
52790,0.034269,0.026669,0.166641
52800,0.009041,0.007070,0.051719
52810,0.022364,0.017364,0.118821
52820,0.041950,0.032739,0.193284
52830,0.024402,0.018749,0.147281
52840,0.030495,0.022407,0.150915
52850,0.030088,0.022672,0.156548
52860,0.043900,0.033079,0.198251
52870,0.048064,0.036532,0.197463
52880,0.026842,0.019614,0.139203
52890,0.010085,0.007819,0.071136
52900,0.033462,0.025423,0.165431
52910,0.012873,0.010000,0.066028
52920,0.032664,0.025726,0.170318
52930,0.019206,0.013226,0.135163
52940,0.022318,0.015861,0.136091
52950,0.015380,0.011534,0.127133
52960,0.024295,0.018513,0.154889
52970,0.028039,0.021511,0.161227
52980,0.046082,0.035007,0.189043
52990,0.017649,0.012380,0.124913
53000,0.022239,0.016245,0.144821
53010,0.012919,0.009706,0.164945
53020,0.029829,0.022454,0.166115
53030,0.003016,0.002692,0.108997
53040,0.043337,0.032965,0.191764
53050,0.016145,0.011737,0.134598
53060,0.015321,0.012238,0.073131
53070,0.057045,0.044150,0.214274
53080,0.037099,0.029539,0.196471
53090,0.051474,0.039310,0.210698
53100,0.044742,0.035541,0.170637
53110,0.019051,0.013948,0.127289
53120,0.033122,0.027514,0.168732
53130,0.010343,0.007358,0.117502
53140,0.057946,0.044172,0.219754
53150,0.036447,0.028338,0.161133
53160,0.004036,0.002988,0.134674
53170,0.030558,0.023412,0.146875
53180,0.043195,0.033521,0.182929
53190,0.046826,0.037061,0.194740
53200,0.006731,0.004801,0.040844
53210,0.039148,0.029400,0.185176
53220,0.020689,0.015308,0.136079
53230,0.036057,0.028114,0.148461
53240,0.046380,0.037849,0.212436
53250,0.006589,0.004818,0.132630
53260,0.026933,0.020499,0.144937
53270,0.012689,0.009747,0.108222
53280,0.019816,0.015366,0.148854
53290,0.005692,0.004073,0.080317
53300,0.048478,0.036460,0.206118
53310,0.017128,0.012987,0.137417
53320,0.002692,0.002169,0.115518
53330,0.003624,0.003038,0.137768
53340,0.015981,0.012219,0.120536
53350,0.023979,0.016991,0.166117
53360,0.055990,0.043263,0.219855
53370,0.037112,0.028988,0.179044
53380,0.041865,0.034188,0.191568
53390,0.043761,0.033425,0.186438
53400,0.025452,0.020175,0.136685
53410,0.014678,0.010924,0.113457
53420,0.027407,0.019950,0.271905
53430,0.040055,0.029433,0.183583
53440,0.013146,0.009968,0.142982
53450,0.034877,0.025746,0.173186
53460,0.014722,0.011191,0.110805
53470,0.011528,0.008658,0.104613
53480,0.030525,0.026513,0.158547
53490,0.030128,0.022737,0.168621
53500,0.033372,0.025512,0.169070
53510,0.033353,0.026178,0.158161
53520,0.050005,0.039434,0.219297
53530,0.010776,0.008258,0.100374
53540,0.000009,0.000017,0.000045
53550,0.029664,0.022651,0.157122
53560,0.039896,0.030729,0.167824
53570,0.000004,0.000010,0.000023
53580,0.059785,0.046401,0.215475
53590,0.047827,0.036368,0.204623
53600,0.001132,0.000966,0.144000
53610,0.011599,0.008618,0.105922
53620,0.005587,0.004301,0.143904
53630,0.048026,0.037991,0.204806
53640,0.022586,0.016928,0.135675
53650,0.019179,0.014748,0.119231
53660,0.042663,0.033360,0.177018
53670,0.037507,0.030079,0.137256
53680,0.003348,0.002829,0.109396
53690,0.034083,0.025912,0.159334
53700,0.015776,0.011473,0.153515
53710,0.024022,0.018336,0.133415
53720,0.041460,0.032177,0.191132
53730,0.006958,0.005113,0.116514
53740,0.008833,0.006243,0.125596
53750,0.050006,0.038012,0.178598
53760,0.047597,0.037079,0.201169
53770,0.018598,0.013550,0.104971
53780,0.039946,0.029939,0.192912
53790,0.012136,0.009000,0.107471
53800,0.023769,0.017767,0.153499
53810,0.024079,0.018097,0.148578
53820,0.042733,0.032606,0.177301
53830,0.026067,0.019376,0.146300
53840,0.029170,0.022309,0.156054
53850,0.021303,0.016357,0.137098
53860,0.034341,0.026333,0.160818
53870,0.013794,0.009756,0.119906
53880,0.032680,0.026981,0.137491
53890,0.016778,0.012939,0.126615
53900,0.020516,0.015404,0.135276
53910,0.028176,0.023433,0.170100
53920,0.029147,0.022736,0.122277
53930,0.029452,0.021872,0.158169
53940,0.027403,0.020141,0.162467
53950,0.027033,0.020568,0.111798
53960,0.038800,0.029887,0.180032
53970,0.052216,0.040433,0.205825
53980,0.031423,0.024284,0.159589
53990,0.020174,0.015068,0.141070
54000,0.050440,0.039085,0.203696
54010,0.030670,0.024933,0.127987
54020,0.018554,0.013858,0.106261
54030,0.033123,0.025311,0.152871
54040,0.044467,0.034244,0.201349
54050,0.016996,0.012456,0.131655
54060,0.006769,0.005073,0.092317
54070,0.046829,0.036229,0.189662
54080,0.016680,0.012322,0.134317
54090,0.039316,0.030152,0.169933
54100,0.029306,0.021847,0.152687
54110,0.037556,0.028629,0.155600
54120,0.060810,0.048439,0.227606
54130,0.005488,0.004388,0.044371
54140,0.003703,0.002646,0.104772
54150,0.041155,0.032040,0.183052
54160,0.027391,0.020586,0.150428
54170,0.029087,0.021570,0.158665
54180,0.024145,0.018138,0.148708
54190,0.038810,0.030618,0.180151
54200,0.039925,0.030523,0.186868
54210,0.019318,0.014775,0.135922
54220,0.011401,0.009683,0.054668
54230,0.010610,0.007113,0.122251
54240,0.023079,0.017567,0.135806
54250,0.027787,0.019790,0.157947
54260,0.008726,0.005866,0.165793
54270,0.048808,0.038719,0.200680
54280,0.033245,0.026500,0.163885
54290,0.019870,0.014908,0.143720
54300,0.009601,0.007217,0.056863
54310,0.054364,0.043376,0.203090
54320,0.012047,0.008832,0.111526
54330,0.013948,0.010143,0.110731
54340,0.039646,0.031321,0.178996
54350,0.065158,0.049189,0.232502
54360,0.025045,0.018410,0.142197
54370,0.032031,0.023989,0.142664
54380,0.014773,0.010991,0.118351
54390,0.034269,0.026274,0.174012
54400,0.001705,0.001287,0.657035
54410,0.002023,0.001692,0.660321
54420,0.018809,0.014557,0.166206
54430,0.045005,0.035404,0.185759
54440,0.000688,0.000508,0.063496
54450,0.029840,0.022576,0.155312
54460,0.035152,0.026419,0.175905
54470,0.019307,0.014716,0.144652
54480,0.029427,0.023777,0.169571
54490,0.021122,0.016071,0.123998
54500,0.021195,0.016668,0.153400
54510,0.031331,0.023684,0.152754
54520,0.043398,0.033794,0.194422
54530,0.032259,0.024682,0.181150
54540,0.004103,0.003230,0.076448
54550,0.041948,0.032425,0.193028
54560,0.025558,0.020941,0.164841
54570,0.032725,0.024963,0.174504
54580,0.048283,0.037135,0.203774
54590,0.039045,0.029825,0.176704
54600,0.032176,0.024774,0.148189
54610,0.004361,0.003780,0.033550
54620,0.027031,0.022922,0.139085
54630,0.024370,0.018381,0.140971
54640,0.035094,0.027049,0.164090
54650,0.003336,0.002475,0.024311
54660,0.038580,0.029745,0.171750
54670,0.044346,0.033453,0.187386
54680,0.044979,0.036116,0.179882
54690,0.020625,0.016176,0.113725
54700,0.042825,0.034042,0.173142
54710,0.025749,0.019471,0.146079
54720,0.009356,0.007161,0.054697
54730,0.018336,0.013557,0.111526
54740,0.026265,0.019603,0.147624
54750,0.003325,0.002344,0.102188
54760,0.023074,0.017479,0.137467
54770,0.023814,0.018364,0.141575
54780,0.039597,0.030444,0.173085
54790,0.057702,0.044462,0.218840
54800,0.041882,0.033656,0.160982
54810,0.041755,0.032061,0.184415
54820,0.016318,0.012488,0.106206
54830,0.020438,0.016021,0.090737
54840,0.041937,0.032950,0.179195
54850,0.036254,0.027712,0.171583
54860,0.032389,0.023943,0.128295
54870,0.032351,0.024488,0.159963
54880,0.013221,0.010060,0.119251
54890,0.050253,0.038752,0.213542
54900,0.007874,0.004829,0.170732
54910,0.035469,0.027122,0.161926
54920,0.051538,0.042099,0.212627
54930,0.044069,0.033969,0.198510
54940,0.017180,0.013161,0.093285
54950,0.042546,0.033130,0.173487
54960,0.021432,0.016947,0.138413
54970,0.042218,0.033028,0.172136
54980,0.003510,0.002570,0.088258
54990,0.023566,0.017808,0.138031
55000,0.034294,0.026226,0.165156
55010,0.016441,0.012197,0.132579
55020,0.037134,0.028306,0.177232
55030,0.021129,0.015899,0.142983
55040,0.006626,0.004994,0.105958
55050,0.014681,0.011025,0.119602
55060,0.061882,0.048061,0.227401
55070,0.010323,0.008061,0.069733
55080,0.053144,0.045101,0.191712
55090,0.027858,0.022208,0.126947
55100,0.025574,0.019687,0.148805
55110,0.020592,0.015533,0.137405
55120,0.009804,0.007420,0.096549
55130,0.027598,0.020141,0.142254
55140,0.020685,0.015550,0.141438
55150,0.025145,0.018769,0.139269
55160,0.029920,0.022883,0.145918
55170,0.003636,0.004017,0.077076
55180,0.028042,0.021016,0.152408
55190,0.035734,0.026733,0.167149
55200,0.014545,0.011130,0.077446
55210,0.026636,0.019863,0.156693
55220,0.042812,0.032676,0.190293
55230,0.006891,0.005289,0.114912
55240,0.037077,0.028511,0.181738
55250,0.024518,0.018785,0.131880
55260,0.032269,0.024558,0.160860
55270,0.010514,0.008450,0.071274
55280,0.023747,0.018122,0.142343
55290,0.056522,0.043989,0.219250
55300,0.014448,0.010922,0.111258
55310,0.056037,0.043961,0.223063
55320,0.028954,0.021416,0.160165
55330,0.025002,0.019064,0.148936
55340,0.029508,0.021547,0.165920
55350,0.006816,0.008439,0.263195
55360,0.051884,0.039520,0.199997
55370,0.012723,0.009403,0.109654
55380,0.039032,0.029878,0.174734
55390,0.016162,0.011215,0.134928
55400,0.027353,0.021616,0.119865
55410,0.035236,0.027431,0.165394
55420,0.017332,0.013208,0.132115
55430,0.035438,0.027005,0.148727
55440,0.048730,0.037576,0.200219
55450,0.048774,0.037795,0.187461
55460,0.025583,0.021547,0.137401
55470,0.027511,0.020767,0.172759
55480,0.024047,0.017747,0.137301
55490,0.023207,0.017554,0.148667
55500,0.035895,0.027483,0.171866
55510,0.032089,0.024904,0.173021
55520,0.040150,0.030360,0.184609
55530,0.026058,0.020570,0.135469
55540,0.050915,0.038975,0.207830
55550,0.021585,0.016796,0.087321
55560,0.014998,0.011318,0.105300
55570,0.017642,0.013677,0.103160
55580,0.025384,0.019333,0.144720
55590,0.009357,0.006871,0.109151
55600,0.038927,0.029382,0.177106
55610,0.036762,0.027943,0.174737
55620,0.026795,0.020472,0.153984
55630,0.025846,0.019166,0.149777
55640,0.009689,0.007314,0.096825
55650,0.010614,0.007706,0.165070
55660,0.027611,0.019180,0.183056
55670,0.016570,0.012030,0.112319
55680,0.039165,0.029995,0.172368
55690,0.020210,0.015671,0.116383
55700,0.022861,0.017205,0.137602
55710,0.037734,0.028666,0.165513
55720,0.033251,0.025313,0.156882
55730,0.008080,0.006187,0.120206
55740,0.041058,0.031554,0.186647
55750,0.005093,0.003493,0.122309
55760,0.031693,0.024466,0.161299
55770,0.058874,0.044754,0.236315
55780,0.034785,0.026117,0.166266
55790,0.012101,0.009321,0.106690
55800,0.054519,0.042089,0.220115
55810,0.005891,0.004268,0.105793
55820,0.027929,0.022209,0.139967
55830,0.019566,0.014633,0.134870
55840,0.034078,0.026075,0.154929
55850,0.024943,0.019848,0.117106
55860,0.023166,0.016986,0.141963
55870,0.052605,0.040924,0.218429
55880,0.004207,0.003422,0.113136
55890,0.027911,0.021341,0.149655
55900,0.034111,0.026803,0.157014
55910,0.031637,0.023719,0.157340
55920,0.043864,0.033348,0.185557
55930,0.038617,0.031140,0.153049
55940,0.036038,0.027526,0.180200
55950,0.025796,0.019278,0.146353
55960,0.046641,0.036217,0.197386
55970,0.014743,0.011995,0.139711
55980,0.040840,0.031201,0.189185
55990,0.022433,0.016695,0.130200
56000,0.039963,0.031311,0.158969
56010,0.022050,0.016656,0.117145
56020,0.033935,0.026224,0.172736
56030,0.043315,0.033398,0.190741
56040,0.031917,0.024149,0.162203
56050,0.015289,0.011115,0.122702
56060,0.024147,0.018151,0.132978
56070,0.030659,0.023351,0.154730
56080,0.023189,0.017393,0.131659
56090,0.007866,0.006121,0.240245
56100,0.013828,0.009932,0.115906
56110,0.039221,0.030672,0.177875
56120,0.017811,0.014151,0.130120
56130,0.032055,0.023698,0.150150
56140,0.055580,0.042824,0.213611
56150,0.039184,0.030089,0.178237
56160,0.024912,0.019038,0.145502
56170,0.023334,0.018343,0.109892
56180,0.032441,0.026088,0.145046
56190,0.032620,0.025081,0.167317
56200,0.018902,0.014075,0.141374
56210,0.013818,0.010584,0.126103
56220,0.052799,0.040818,0.203399
56230,0.033278,0.024144,0.169967
56240,0.044279,0.034766,0.187297
56250,0.026699,0.020442,0.146343
56260,0.020838,0.015722,0.133865
56270,0.036780,0.027606,0.163526
56280,0.017741,0.013265,0.135335
56290,0.029985,0.022411,0.155902
56300,0.037092,0.028819,0.175470
56310,0.024632,0.019066,0.136203
56320,0.025107,0.018763,0.140179
56330,0.036857,0.027844,0.183047
56340,0.038149,0.028256,0.196620
56350,0.007643,0.005781,0.042279
56360,0.048068,0.037026,0.222638
56370,0.025297,0.018344,0.169355
56380,0.023274,0.017628,0.116568
56390,0.003750,0.003181,0.127924
56400,0.035557,0.027489,0.158983
56410,0.027231,0.019630,0.163056
56420,0.038226,0.030099,0.182030
56430,0.025617,0.019651,0.150344
56440,0.015580,0.011494,0.128628
56450,0.036644,0.028226,0.163560
56460,0.006869,0.005114,0.053887
56470,0.046505,0.035460,0.190832
56480,0.088518,0.071628,0.298290
56490,0.028829,0.021950,0.137850
56500,0.043546,0.032918,0.165432
56510,0.024970,0.019083,0.142717
56520,0.018686,0.014517,0.133890
56530,0.027008,0.021004,0.142936
56540,0.021820,0.017692,0.109941
56550,0.028416,0.022337,0.130972
56560,0.043804,0.034480,0.185664
56570,0.014765,0.010988,0.124145
56580,0.026545,0.019998,0.149169
56590,0.038435,0.029802,0.169651
56600,0.026972,0.021117,0.128722
56610,0.033907,0.026403,0.147511
56620,0.040189,0.031578,0.174038
56630,0.036052,0.027602,0.174363
56640,0.031491,0.023465,0.165998
56650,0.031711,0.024432,0.169154
56660,0.038667,0.030115,0.165194
56670,0.006240,0.004650,0.043725
56680,0.042516,0.032854,0.177575
56690,0.029985,0.023064,0.148154
56700,0.025547,0.019667,0.139051
56710,0.041620,0.032314,0.180982
56720,0.037916,0.029515,0.160868
56730,0.031246,0.024004,0.140242
56740,0.030756,0.024178,0.139664
56750,0.045988,0.035258,0.189378
56760,0.040373,0.031395,0.185081
56770,0.025970,0.020074,0.143631
56780,0.063625,0.050494,0.230604
56790,0.018046,0.013501,0.122897
56800,0.011216,0.008696,0.128173
56810,0.018476,0.013965,0.118133
56820,0.031942,0.024161,0.158844
56830,0.011075,0.008266,0.148719
56840,0.025660,0.019748,0.117972
56850,0.026446,0.019984,0.156270
56860,0.024236,0.018197,0.168442
56870,0.043096,0.032530,0.185835
56880,0.005256,0.004287,0.262811
56890,0.011766,0.009358,0.071554
56900,0.029242,0.022217,0.148139
56910,0.008295,0.007333,0.123688
56920,0.028388,0.021657,0.153807
56930,0.042554,0.032084,0.187019
56940,0.041964,0.032493,0.188341
56950,0.019427,0.014136,0.093808
56960,0.034461,0.026575,0.160035
56970,0.016504,0.012542,0.092181
56980,0.014264,0.010901,0.102259
56990,0.026356,0.020499,0.121675
57000,0.017822,0.013352,0.134089
57010,0.038554,0.029704,0.180499
57020,0.011751,0.009396,0.151666
57030,0.017001,0.013538,0.084540
57040,0.035686,0.027634,0.173472
57050,0.029899,0.023043,0.138786
57060,0.014094,0.010368,0.167154
57070,0.025327,0.018971,0.142578
57080,0.021467,0.016345,0.131507
57090,0.035474,0.027472,0.142816
57100,0.037304,0.029376,0.161030
57110,0.021397,0.017063,0.123599
57120,0.060021,0.045243,0.244169
57130,0.028528,0.021557,0.148709
57140,0.029369,0.022282,0.159421
57150,0.004566,0.003789,0.023096
57160,0.004668,0.003491,0.031909
57170,0.022217,0.017405,0.137417
57180,0.025937,0.020149,0.141875
57190,0.048819,0.037526,0.200923
57200,0.039879,0.031208,0.172794
57210,0.046825,0.036617,0.176587
57220,0.026612,0.020460,0.151948
57230,0.039361,0.030423,0.167077
57240,0.042889,0.033226,0.187201
57250,0.012558,0.009077,0.109060
57260,0.042221,0.031274,0.170753
57270,0.000024,0.000038,0.000107
57280,0.016820,0.012662,0.133204
57290,0.015151,0.011745,0.090684
57300,0.031063,0.023736,0.156017
57310,0.037099,0.028855,0.180958
57320,0.020533,0.015882,0.136149
57330,0.015150,0.010686,0.138172
57340,0.040106,0.029870,0.188411
57350,0.014502,0.011184,0.118663
57360,0.033807,0.026315,0.169560
57370,0.027322,0.021266,0.140714
57380,0.055966,0.043334,0.220040
57390,0.048760,0.037986,0.193760
57400,0.021587,0.016078,0.132321
57410,0.015893,0.012409,0.129954
57420,0.029875,0.022307,0.162854
57430,0.038144,0.028039,0.191931
57440,0.016527,0.012636,0.138723
57450,0.024192,0.018277,0.139359
57460,0.026083,0.019503,0.138995
57470,0.036565,0.028657,0.159303
57480,0.056197,0.043995,0.215121
57490,0.010484,0.007573,0.125365
57500,0.023692,0.019811,0.155355
57510,0.025160,0.019714,0.152122
57520,0.052156,0.039940,0.210469
57530,0.033744,0.025979,0.139266
57540,0.012848,0.009425,0.112107
57550,0.015121,0.011103,0.130709
57560,0.021700,0.016642,0.106360
57570,0.029801,0.022384,0.157019
57580,0.016612,0.012348,0.129787
57590,0.015710,0.012576,0.112530
57600,0.035968,0.027175,0.167736
57610,0.015163,0.011597,0.137577
57620,0.014276,0.010711,0.115778
57630,0.049964,0.038661,0.208119
57640,0.058224,0.045119,0.231142
57650,0.035701,0.027604,0.179527
57660,0.029649,0.022715,0.164194
57670,0.037051,0.028658,0.170591
57680,0.008117,0.006681,0.060657
57690,0.055446,0.043350,0.217286
57700,0.023150,0.016573,0.162759
57710,0.068303,0.054066,0.245518
57720,0.019225,0.014073,0.126238
57730,0.024698,0.018645,0.145837
57740,0.027495,0.020817,0.148280
57750,0.019257,0.015029,0.096909
57760,0.016193,0.012066,0.113864
57770,0.014226,0.011523,0.076938
57780,0.002058,0.001815,0.136076
57790,0.019902,0.015726,0.151649
57800,0.023086,0.017680,0.115471
57810,0.040603,0.031017,0.168611
57820,0.038160,0.028063,0.183921
57830,0.020876,0.015561,0.100030
57840,0.035951,0.025069,0.201478
57850,0.029359,0.022960,0.156781
57860,0.045834,0.037420,0.180802
57870,0.014868,0.011670,0.126098
57880,0.039502,0.030127,0.180828
57890,0.028494,0.021682,0.146224
57900,0.034922,0.026863,0.162008
57910,0.007034,0.005563,0.036025
57920,0.000551,0.000380,0.105880
57930,0.039286,0.030190,0.179169
57940,0.023315,0.017410,0.139149
57950,0.024412,0.018292,0.142356
57960,0.045239,0.034857,0.183887
57970,0.009305,0.006974,0.055985
57980,0.057501,0.044529,0.228432
57990,0.048080,0.037033,0.199664
58000,0.015481,0.011642,0.122207
58010,0.014426,0.010748,0.118781
58020,0.029124,0.022719,0.143642
58030,0.040009,0.030686,0.148981
58040,0.022605,0.017438,0.132750
58050,0.037672,0.028946,0.176384
58060,0.028956,0.022402,0.143250
58070,0.021574,0.016201,0.151898
58080,0.013741,0.010204,0.072359
58090,0.023321,0.019055,0.142280
58100,0.015611,0.011605,0.120198
58110,0.026846,0.021009,0.141983
58120,0.051233,0.039362,0.206771
58130,0.022214,0.017518,0.132178
58140,0.053490,0.042884,0.196904
58150,0.029632,0.022625,0.134369
58160,0.045888,0.035173,0.203709
58170,0.015362,0.011827,0.092217
58180,0.018092,0.013535,0.134960
58190,0.008515,0.006508,0.112980
58200,0.025245,0.018931,0.145019
58210,0.006589,0.004927,0.136441
58220,0.028732,0.021957,0.145355
58230,0.027220,0.020381,0.196819
58240,0.023753,0.018062,0.153586
58250,0.010597,0.008097,0.067676
58260,0.020320,0.015333,0.134453
58270,0.026815,0.020196,0.144948
58280,0.022044,0.015920,0.143028
58290,0.000731,0.000820,0.657832
58300,0.042198,0.032666,0.192264
58310,0.040854,0.031144,0.162990
58320,0.034683,0.025948,0.171289
58330,0.022534,0.017003,0.135556
58340,0.035240,0.027353,0.161138
58350,0.024239,0.018759,0.112489
58360,0.013913,0.010485,0.111054
58370,0.021611,0.016301,0.133377
58380,0.032459,0.024564,0.164776
58390,0.036673,0.029016,0.154158
58400,0.012080,0.009108,0.088780
58410,0.022235,0.018270,0.168052
58420,0.053208,0.041014,0.207919
58430,0.021508,0.015777,0.145219
58440,0.040373,0.030186,0.179391
58450,0.010039,0.007505,0.096844
58460,0.020415,0.014405,0.173107
58470,0.023288,0.017598,0.113007
58480,0.023604,0.017981,0.146937
58490,0.020306,0.014540,0.133663
58500,0.024253,0.018821,0.134507
58510,0.046837,0.036178,0.206971
58520,0.039166,0.029450,0.179167
58530,0.025008,0.019454,0.142336
58540,0.028782,0.021708,0.164643
58550,0.018724,0.014126,0.094112
58560,0.033974,0.026368,0.168463
58570,0.030663,0.023337,0.145927
58580,0.034170,0.026628,0.166370
58590,0.029788,0.023396,0.127384
58600,0.028549,0.021652,0.149841
58610,0.019589,0.014607,0.146834
58620,0.000310,0.000198,0.334330
58630,0.041244,0.031949,0.165907
58640,0.030939,0.024187,0.149233
58650,0.020426,0.015877,0.136790
58660,0.022837,0.016999,0.142707
58670,0.043381,0.033902,0.189202
58680,0.022758,0.016769,0.143203
58690,0.011678,0.008557,0.151181
58700,0.053869,0.041712,0.218757
58710,0.035483,0.027909,0.176125
58720,0.040300,0.030191,0.173776
58730,0.000169,0.000140,0.150541
58740,0.004469,0.003280,0.086741
58750,0.032348,0.024264,0.166801
58760,0.035092,0.026867,0.172768
58770,0.047675,0.037645,0.200542
58780,0.030103,0.022809,0.163898
58790,0.029916,0.023181,0.147963
58800,0.028623,0.021886,0.131065
58810,0.011936,0.008893,0.106784
58820,0.003240,0.002590,0.030843
58830,0.014717,0.011043,0.111750
58840,0.004089,0.003131,0.097057
58850,0.041794,0.031749,0.187053
58860,0.001119,0.000976,0.010076
58870,0.019577,0.014541,0.134921
58880,0.025426,0.019873,0.153469
58890,0.029164,0.021857,0.148196
58900,0.018657,0.014851,0.104083
58910,0.032023,0.024976,0.168099
58920,0.011578,0.008860,0.071161
58930,0.024558,0.018732,0.135233
58940,0.018755,0.014994,0.101037
58950,0.029756,0.023074,0.150710
58960,0.016131,0.011472,0.124469
58970,0.029717,0.022499,0.160564
58980,0.034534,0.026148,0.149956
58990,0.016704,0.012691,0.103226
59000,0.021866,0.016495,0.120769
59010,0.005313,0.004076,0.089744
59020,0.033063,0.025218,0.162942
59030,0.030410,0.022910,0.165197
59040,0.038015,0.029390,0.175539
59050,0.014018,0.011020,0.120040
59060,0.033220,0.025223,0.162650
59070,0.015014,0.011401,0.104831
59080,0.017168,0.013269,0.126094
59090,0.005015,0.003736,0.108851
59100,0.024277,0.018402,0.124429
59110,0.018775,0.014697,0.098693
59120,0.021663,0.016813,0.139729
59130,0.041184,0.031963,0.179775
59140,0.016265,0.011672,0.132529
59150,0.014738,0.011039,0.122186
59160,0.036950,0.025807,0.175492
59170,0.033397,0.025874,0.158299
59180,0.026102,0.019829,0.146206
59190,0.034744,0.026472,0.164598
59200,0.044834,0.035402,0.197290
59210,0.033857,0.026407,0.155356
59220,0.033525,0.026310,0.152690
59230,0.030097,0.023177,0.148323
59240,0.024300,0.018510,0.141646
59250,0.012659,0.009172,0.116067
59260,0.029227,0.022490,0.175242
59270,0.024410,0.018651,0.123264
59280,0.028524,0.022323,0.156436
59290,0.026499,0.020257,0.160099
59300,0.037807,0.029015,0.175981
59310,0.017002,0.013068,0.085854
59320,0.020076,0.015610,0.109804
59330,0.031637,0.024435,0.160864
59340,0.014254,0.010315,0.128785
59350,0.023449,0.017831,0.140459
59360,0.029579,0.023295,0.152121
59370,0.001981,0.001434,0.229466
59380,0.011528,0.008164,0.121041
59390,0.016249,0.012248,0.123070
59400,0.012843,0.009630,0.116792
59410,0.038744,0.029341,0.176369
59420,0.045281,0.035199,0.181668
59430,0.025274,0.019218,0.129813
59440,0.040251,0.031463,0.142543
59450,0.029365,0.021867,0.156256
59460,0.033426,0.025726,0.148653
59470,0.031621,0.024306,0.149677
59480,0.027578,0.020209,0.147244
59490,0.028649,0.021575,0.134065
59500,0.016625,0.013116,0.098307
59510,0.030394,0.023420,0.159880
59520,0.019564,0.014156,0.143389
59530,0.058564,0.044922,0.223909
59540,0.030824,0.023715,0.158994
59550,0.026109,0.019736,0.141737
59560,0.043365,0.033644,0.187946
59570,0.012162,0.009223,0.107072
59580,0.032045,0.024875,0.155172
59590,0.026190,0.020931,0.155952
59600,0.006064,0.004356,0.112944
59610,0.019879,0.015494,0.133125
59620,0.012471,0.009587,0.128110
59630,0.002563,0.001931,0.097404
59640,0.025782,0.020183,0.124004
59650,0.044024,0.033688,0.179692
59660,0.018331,0.013848,0.112572
59670,0.033323,0.026089,0.162475
59680,0.031855,0.024409,0.158680
59690,0.066001,0.053241,0.238042
59700,0.034938,0.026694,0.161856
59710,0.033136,0.024776,0.163263
59720,0.005147,0.003576,0.107609
59730,0.030515,0.022555,0.178134
59740,0.021585,0.016102,0.130704
59750,0.036566,0.027491,0.163369
59760,0.035281,0.027716,0.171370
59770,0.028467,0.021462,0.147631
59780,0.015526,0.011516,0.128664
59790,0.024154,0.017667,0.156497
59800,0.027538,0.021420,0.151349
59810,0.023535,0.017537,0.148095
59820,0.038096,0.029159,0.169942
59830,0.064067,0.050930,0.233000
59840,0.031426,0.023942,0.157554
59850,0.002729,0.002062,0.080963
59860,0.011030,0.007610,0.123655
59870,0.028503,0.022005,0.148138
59880,0.028490,0.021225,0.150841
59890,0.002586,0.001938,0.017136
59900,0.023962,0.018916,0.162432
59910,0.037973,0.028782,0.152934
59920,0.021397,0.015783,0.152211
59930,0.032857,0.025519,0.133683
59940,0.032781,0.025729,0.198396
59950,0.036824,0.028648,0.162725
59960,0.059867,0.046812,0.227468
59970,0.070165,0.054197,0.250491
59980,0.046179,0.035741,0.183517
59990,0.030217,0.023284,0.149497
60000,0.015533,0.011175,0.123426
60010,0.019235,0.014753,0.133079
60020,0.056774,0.044163,0.207271
60030,0.000008,0.000009,0.000029
60040,0.034280,0.026159,0.165150
60050,0.002392,0.001521,0.099635
60060,0.015705,0.014027,0.076681
60070,0.020427,0.015803,0.090562
60080,0.022578,0.016898,0.121013
60090,0.023672,0.018176,0.153189
60100,0.009890,0.007123,0.125647
60110,0.010411,0.007677,0.083419
60120,0.027160,0.021642,0.133278
60130,0.025390,0.018643,0.138282
60140,0.030716,0.023271,0.158757
60150,0.007658,0.005981,0.112343
60160,0.030577,0.023329,0.151202
60170,0.032504,0.024571,0.163326
60180,0.027163,0.020760,0.166083
60190,0.032475,0.024984,0.166011
60200,0.037495,0.028752,0.163869
60210,0.037675,0.026910,0.189615
60220,0.016998,0.013249,0.111517
60230,0.007788,0.005849,0.128134
60240,0.030950,0.023361,0.157419
60250,0.024115,0.018122,0.139957
60260,0.016357,0.012155,0.126082
60270,0.026168,0.019757,0.136505
60280,0.025152,0.019070,0.152266
60290,0.027810,0.021380,0.165975
60300,0.035675,0.028018,0.147376
60310,0.047527,0.036838,0.200157
60320,0.024194,0.017796,0.121587
60330,0.014050,0.010714,0.079622
60340,0.035670,0.027452,0.212361
60350,0.040489,0.031032,0.167684
60360,0.015893,0.012560,0.124304
60370,0.024036,0.015740,0.146133
60380,0.017811,0.012660,0.131740
60390,0.019750,0.015154,0.142343
60400,0.032996,0.024921,0.169960
60410,0.013940,0.010200,0.093543
60420,0.037337,0.028785,0.170266
60430,0.041426,0.030932,0.174314
60440,0.041067,0.031550,0.162400
60450,0.002462,0.001763,0.030104
60460,0.030824,0.024060,0.164001
60470,0.017031,0.013700,0.106794
60480,0.026612,0.020623,0.153282
60490,0.057422,0.043696,0.199731
60500,0.014682,0.010536,0.129581
60510,0.024041,0.018543,0.144844
60520,0.032616,0.025108,0.151334
60530,0.030329,0.022929,0.146995
60540,0.041450,0.032583,0.183255
60550,0.036867,0.027795,0.172963
60560,0.042377,0.032353,0.187582
60570,0.046609,0.035823,0.195471
60580,0.024076,0.018648,0.145938
60590,0.031114,0.023741,0.160641
60600,0.002421,0.001847,0.077948
60610,0.019964,0.014794,0.099711
60620,0.040496,0.030548,0.169722
60630,0.036197,0.026553,0.180408
60640,0.043026,0.033292,0.189654
60650,0.023687,0.017176,0.126571
60660,0.036406,0.027350,0.175603
60670,0.030430,0.023906,0.122928
60680,0.025294,0.018270,0.153203
60690,0.006985,0.005222,0.071629
60700,0.022100,0.017148,0.142026
60710,0.018937,0.015122,0.125370
60720,0.036486,0.026815,0.171383
60730,0.006566,0.005217,0.110177
60740,0.025601,0.020018,0.156360
60750,0.024509,0.018113,0.141863
60760,0.038627,0.030561,0.189555
60770,0.036145,0.028854,0.174389
60780,0.009726,0.007358,0.095190
60790,0.042473,0.033283,0.181871
60800,0.026103,0.022534,0.117341
60810,0.034812,0.026605,0.155390
60820,0.025212,0.019272,0.152092
60830,0.041843,0.032400,0.181185
60840,0.042020,0.031293,0.197909
60850,0.010266,0.008397,0.072643
60860,0.022900,0.017600,0.147441
60870,0.011205,0.009490,0.182066
60880,0.005515,0.004061,0.094412
60890,0.063262,0.048867,0.240347
60900,0.039777,0.031119,0.175082
60910,0.055119,0.043475,0.214495
60920,0.020412,0.015798,0.138069
60930,0.039375,0.030140,0.196710
60940,0.022550,0.017632,0.168480
60950,0.043666,0.032860,0.199710
60960,0.017081,0.013117,0.130900
60970,0.015897,0.011506,0.120541
60980,0.007133,0.005406,0.050977
60990,0.035451,0.026475,0.162243
61000,0.063506,0.049737,0.239940
61010,0.056293,0.042448,0.227027
61020,0.036265,0.027811,0.168574
61030,0.013338,0.010526,0.125296
61040,0.006812,0.005004,0.121687
61050,0.049870,0.038918,0.219822
61060,0.055520,0.042068,0.206713
61070,0.047075,0.036482,0.200240
61080,0.030798,0.023384,0.133588
61090,0.025996,0.020166,0.120438
61100,0.014171,0.010350,0.133404
61110,0.018136,0.014304,0.101610
61120,0.006338,0.004813,0.055459
61130,0.056594,0.043624,0.220407
61140,0.000105,0.000094,0.372627
61150,0.028418,0.021499,0.154886
61160,0.002231,0.001552,0.136229
61170,0.033896,0.025915,0.165059
61180,0.038403,0.029846,0.157617
61190,0.008770,0.006662,0.050298
61200,0.029721,0.022564,0.144906
61210,0.033145,0.025589,0.159076
61220,0.027243,0.021333,0.152907
61230,0.014136,0.010716,0.068945
61240,0.016590,0.012486,0.123284
61250,0.019425,0.014927,0.138907
61260,0.022379,0.016490,0.144156
61270,0.028681,0.022049,0.132715
61280,0.028255,0.021162,0.146780
61290,0.023712,0.017450,0.131043
61300,0.000164,0.000159,0.126179
61310,0.027557,0.020077,0.122020
61320,0.033965,0.026155,0.162418
61330,0.032164,0.024807,0.178406
61340,0.022483,0.017159,0.148704
61350,0.030891,0.023610,0.134125
61360,0.023546,0.017800,0.134236
61370,0.021513,0.016309,0.133586
61380,0.021062,0.016109,0.109540
61390,0.017003,0.013074,0.099206
61400,0.024128,0.017821,0.140992
61410,0.014656,0.010116,0.158261
61420,0.010864,0.008633,0.083515
61430,0.013105,0.009433,0.114661
61440,0.024468,0.018662,0.137828
61450,0.041948,0.032380,0.176947
61460,0.032062,0.024475,0.170567
61470,0.028061,0.021187,0.152450
61480,0.041874,0.033381,0.168523
61490,0.052738,0.041872,0.206570
61500,0.031804,0.024825,0.144667
61510,0.037329,0.029416,0.151379
61520,0.022695,0.017778,0.132358
61530,0.040038,0.030132,0.185912
61540,0.037892,0.029060,0.177634
61550,0.037992,0.029141,0.171684
61560,0.034563,0.028311,0.158423
61570,0.023234,0.018165,0.140644
61580,0.013997,0.010780,0.122666
61590,0.009207,0.007089,0.050900
61600,0.011815,0.009018,0.115209
61610,0.023169,0.018804,0.093525
61620,0.026235,0.020063,0.167055
61630,0.022172,0.016266,0.145274
61640,0.053128,0.040665,0.209745
61650,0.023195,0.017836,0.133326
61660,0.015339,0.011552,0.121238
61670,0.011725,0.008841,0.671987
61680,0.005600,0.004266,0.048565
61690,0.008591,0.006301,0.089716
61700,0.028111,0.021299,0.158502
61710,0.036229,0.028299,0.170986
61720,0.025244,0.019336,0.138001
61730,0.026833,0.020877,0.150106
61740,0.015885,0.012160,0.109791
61750,0.061449,0.047116,0.232416
61760,0.029691,0.022770,0.145346
61770,0.021714,0.016290,0.135722
61780,0.030660,0.023069,0.157625
61790,0.022276,0.017478,0.140523
61800,0.030118,0.022419,0.166919
61810,0.032437,0.024821,0.162138
61820,0.039831,0.030631,0.181943
61830,0.048716,0.037101,0.208981
61840,0.032496,0.024046,0.174590
61850,0.021886,0.016790,0.125114
61860,0.046583,0.035657,0.196125
61870,0.005690,0.004476,0.110956
61880,0.025605,0.019726,0.132933
61890,0.023821,0.018625,0.119746
61900,0.002789,0.002576,0.195889
61910,0.027280,0.020983,0.128665
61920,0.037321,0.028205,0.171837
61930,0.030084,0.022886,0.160424
61940,0.017505,0.013164,0.117860
61950,0.034722,0.026577,0.160337
61960,0.045525,0.035563,0.173560
61970,0.026238,0.019692,0.143513
61980,0.032984,0.024352,0.172555
61990,0.005503,0.003920,0.053041
62000,0.020947,0.015450,0.143219
62010,0.055610,0.041944,0.224212
62020,0.033799,0.026438,0.170569
62030,0.010432,0.007759,0.106840
62040,0.030087,0.022870,0.154675
62050,0.007236,0.005657,0.135933
62060,0.001723,0.001224,0.124483
62070,0.036987,0.029412,0.180186
62080,0.036974,0.028682,0.172489
62090,0.034911,0.026514,0.194031
62100,0.023881,0.018733,0.129932
62110,0.028000,0.021449,0.147770
62120,0.023046,0.016788,0.130836
62130,0.023147,0.018367,0.172153
62140,0.039382,0.031302,0.168081
62150,0.021582,0.015852,0.161255
62160,0.027948,0.020674,0.168252
62170,0.049490,0.037651,0.208080
62180,0.034824,0.026582,0.171734
62190,0.034066,0.026548,0.158999
62200,0.031256,0.024235,0.126139
62210,0.026031,0.019530,0.112924
62220,0.000781,0.000752,0.211616
62230,0.061016,0.047382,0.230695
62240,0.013741,0.009717,0.120589
62250,0.025355,0.018309,0.141155
62260,0.032728,0.024809,0.160967
62270,0.026462,0.019792,0.146786
62280,0.038945,0.029870,0.157444
62290,0.061849,0.047793,0.229003
62300,0.022514,0.017304,0.111142
62310,0.013882,0.010659,0.114564
62320,0.019363,0.015407,0.110260
62330,0.011762,0.008533,0.133297
62340,0.019637,0.015011,0.129009
62350,0.017520,0.013407,0.104827
62360,0.027749,0.021191,0.163160
62370,0.016778,0.011403,0.130523
62380,0.016243,0.012485,0.122995
62390,0.016722,0.012322,0.111980
62400,0.031041,0.023443,0.163968
62410,0.041716,0.031606,0.188427
62420,0.028282,0.021159,0.152929
62430,0.047159,0.035622,0.191599
62440,0.028571,0.022258,0.122962
62450,0.018593,0.013243,0.130775
62460,0.029677,0.022606,0.150585
62470,0.024674,0.019477,0.123293
62480,0.023047,0.017722,0.143044
62490,0.012141,0.009266,0.094540
62500,0.045290,0.034369,0.187583
62510,0.017138,0.013838,0.144328
62520,0.031441,0.023613,0.143917
62530,0.027859,0.022707,0.138915
62540,0.022539,0.016875,0.138176
62550,0.042181,0.033786,0.207100
62560,0.039391,0.029709,0.210275
62570,0.019712,0.014678,0.143784
62580,0.013675,0.010352,0.115205
62590,0.027134,0.020259,0.148283
62600,0.013077,0.009664,0.080121
62610,0.040274,0.030520,0.184246
62620,0.014023,0.011049,0.081064
62630,0.022094,0.016434,0.162603
62640,0.001165,0.000785,0.178486
62650,0.033418,0.024958,0.170207
62660,0.031521,0.024039,0.158611
62670,0.049519,0.037920,0.201760
62680,0.037437,0.028786,0.171372
62690,0.039655,0.030243,0.182972
62700,0.021971,0.016743,0.132363
62710,0.013321,0.009867,0.109225
62720,0.023358,0.017866,0.133407
62730,0.035521,0.027183,0.177607
62740,0.000269,0.000242,0.194034
62750,0.024536,0.018861,0.161260
62760,0.020900,0.015157,0.105606
62770,0.016334,0.011761,0.131949
62780,0.032272,0.024549,0.166109
62790,0.027510,0.021525,0.136049
62800,0.034956,0.027452,0.155666
62810,0.032342,0.025227,0.168810
62820,0.028216,0.024763,0.181389
62830,0.036955,0.028491,0.169900
62840,0.032109,0.024403,0.177432
62850,0.014608,0.010877,0.121763
62860,0.046789,0.036027,0.201570
62870,0.031036,0.024514,0.156292
62880,0.027330,0.019948,0.210099
62890,0.035457,0.027561,0.173080
62900,0.070777,0.050507,0.329936
62910,0.016316,0.012284,0.102912
62920,0.016351,0.011998,0.127714
62930,0.035460,0.027034,0.179893
62940,0.019055,0.013974,0.126537
62950,0.006291,0.005082,0.048680
62960,0.032585,0.024714,0.163545
62970,0.045827,0.036084,0.198943
62980,0.061979,0.048586,0.227184
62990,0.044706,0.035212,0.174077
63000,0.020134,0.015009,0.104268
63010,0.062141,0.047460,0.225629
63020,0.052633,0.040752,0.217598
63030,0.011773,0.008514,0.155138
63040,0.016830,0.013134,0.079694
63050,0.023501,0.018137,0.109346
63060,0.029887,0.023183,0.150511
63070,0.031223,0.023310,0.151286
63080,0.055493,0.042172,0.216292
63090,0.042897,0.033317,0.166217
63100,0.039655,0.031397,0.159887
63110,0.026358,0.020091,0.154364
63120,0.024254,0.018052,0.151906
63130,0.032106,0.024630,0.135291
63140,0.016821,0.012514,0.085193
63150,0.025594,0.019314,0.131420
63160,0.030078,0.022205,0.141247
63170,0.012171,0.009079,0.109838
63180,0.002764,0.002050,0.113187
63190,0.031470,0.023824,0.156148
63200,0.022489,0.017149,0.134079
63210,0.017512,0.013541,0.100461
63220,0.003477,0.002045,0.098046
63230,0.044063,0.034291,0.187192
63240,0.027161,0.020585,0.160490
63250,0.015200,0.010366,0.221430
63260,0.013449,0.009865,0.144768
63270,0.038454,0.029308,0.173355
63280,0.028004,0.021644,0.133586
63290,0.024837,0.018852,0.152121
63300,0.025632,0.020022,0.153473
63310,0.011793,0.009606,0.143697
63320,0.050559,0.040079,0.190809
63330,0.041212,0.031213,0.182820
63340,0.014280,0.010896,0.116754
63350,0.017258,0.012734,0.118231
63360,0.025092,0.019047,0.135070
63370,0.009059,0.006421,0.120079
63380,0.016418,0.011632,0.101263
63390,0.022004,0.016918,0.138472
63400,0.026468,0.020152,0.118067
63410,0.041893,0.033608,0.174975
63420,0.033121,0.025335,0.142729
63430,0.051611,0.039657,0.206603
63440,0.025200,0.019316,0.150117
63450,0.027031,0.020688,0.151173
63460,0.036959,0.028310,0.182115
63470,0.042008,0.032645,0.164085
63480,0.010549,0.007882,0.125370
63490,0.013711,0.009996,0.116117
63500,0.025999,0.019651,0.138805
63510,0.020295,0.014914,0.128580
63520,0.033521,0.024931,0.174750
63530,0.051920,0.041649,0.196893
63540,0.021108,0.015947,0.122612
63550,0.044240,0.034173,0.182118
63560,0.040326,0.030983,0.182202
63570,0.014674,0.011151,0.112048
63580,0.021017,0.015823,0.138404
63590,0.037174,0.029304,0.167085
63600,0.017556,0.012799,0.145230
63610,0.022189,0.017866,0.144996
63620,0.024588,0.019020,0.115084
63630,0.001140,0.000856,0.074375
63640,0.010397,0.007901,0.097941
63650,0.029439,0.022266,0.154255
63660,0.012970,0.009197,0.140273
63670,0.010262,0.007067,0.123093
63680,0.037742,0.029100,0.174107
63690,0.042025,0.031937,0.182804
63700,0.018252,0.014902,0.129228
63710,0.041248,0.032129,0.178864
63720,0.016724,0.012719,0.135892
63730,0.009633,0.007444,0.112905
63740,0.036877,0.029052,0.173533
63750,0.015529,0.010808,0.083587
63760,0.023233,0.018030,0.145450
63770,0.033766,0.025088,0.164821
63780,0.029260,0.021940,0.149081
63790,0.040176,0.030740,0.157352
63800,0.028329,0.021364,0.158292
63810,0.043276,0.031851,0.199188
63820,0.016231,0.012435,0.122399
63830,0.032052,0.024780,0.135719
63840,0.046208,0.034974,0.179358
63850,0.043557,0.033677,0.180344
63860,0.014558,0.011194,0.130039
63870,0.045019,0.035069,0.197486
63880,0.021395,0.015970,0.128687
63890,0.022316,0.017737,0.106884
63900,0.033738,0.026140,0.166421
63910,0.044602,0.036277,0.212660
63920,0.030747,0.024084,0.160171
63930,0.044760,0.034306,0.183529
63940,0.022792,0.017202,0.139331
63950,0.022494,0.017194,0.140478
63960,0.039254,0.030553,0.171788
63970,0.017430,0.013252,0.138073
63980,0.018840,0.014425,0.120218
63990,0.040040,0.031106,0.178768
64000,0.044884,0.034850,0.198992
64010,0.043110,0.033054,0.191995
64020,0.035825,0.027551,0.185184
64030,0.041797,0.031854,0.182722
64040,0.034539,0.025602,0.171954
64050,0.026455,0.019934,0.137870
64060,0.020455,0.015768,0.135547
64070,0.037273,0.028946,0.185573
64080,0.019105,0.014980,0.115705
64090,0.011326,0.008042,0.113188
64100,0.007994,0.006398,0.069184
64110,0.087236,0.072357,0.284279
64120,0.035952,0.027864,0.170644
64130,0.025365,0.019332,0.130363
64140,0.031283,0.023806,0.149822
64150,0.017020,0.013287,0.100678
64160,0.022814,0.017320,0.141815
64170,0.043150,0.034029,0.197964
64180,0.020313,0.015013,0.123988
64190,0.037835,0.028323,0.179969
64200,0.017368,0.013023,0.123215
64210,0.017150,0.011996,0.151683
64220,0.017025,0.013002,0.107290
64230,0.054451,0.041897,0.213379
64240,0.011035,0.008174,0.100957
64250,0.036166,0.026854,0.182713
64260,0.036459,0.027373,0.173511
64270,0.010453,0.008084,0.059855
64280,0.031326,0.024125,0.156985
64290,0.047346,0.036588,0.193752
64300,0.008574,0.007165,0.071069
64310,0.037574,0.027877,0.183117
64320,0.033804,0.025526,0.161828
64330,0.008578,0.006157,0.156316
64340,0.017429,0.012897,0.121321
64350,0.019550,0.014976,0.136198
64360,0.015479,0.011556,0.114557
64370,0.033749,0.025597,0.161508
64380,0.029140,0.022424,0.151476
64390,0.023157,0.016805,0.099666
64400,0.033283,0.026333,0.162633
64410,0.045075,0.033968,0.184986
64420,0.036370,0.028189,0.166879
64430,0.010285,0.007140,0.214159
64440,0.033290,0.025085,0.170555
64450,0.017974,0.013441,0.091667
64460,0.036501,0.028949,0.166737
64470,0.021478,0.016754,0.090251
64480,0.026885,0.020348,0.115264
64490,0.022228,0.017056,0.138537
64500,0.039167,0.029414,0.178154
64510,0.022942,0.017499,0.139025
64520,0.016630,0.013133,0.114613
64530,0.003254,0.002445,0.214525
64540,0.019531,0.015468,0.138898
64550,0.013600,0.010288,0.125374
64560,0.015364,0.012176,0.127493
64570,0.023641,0.018093,0.145115
64580,0.025108,0.019887,0.170287
64590,0.009587,0.007031,0.092690
64600,0.003703,0.002476,0.319503
64610,0.014402,0.011117,0.111052
64620,0.021511,0.016307,0.141812
64630,0.026808,0.019985,0.141948
64640,0.023826,0.018167,0.109065
64650,0.014000,0.010301,0.117119
64660,0.018157,0.015309,0.132718
64670,0.012809,0.009613,0.125516
64680,0.018106,0.013376,0.148759
64690,0.037902,0.028722,0.173069
64700,0.038452,0.029592,0.165861
64710,0.014210,0.010739,0.110857
64720,0.019841,0.014656,0.127522
64730,0.023388,0.017880,0.112157
64740,0.009288,0.007047,0.144170
64750,0.028253,0.021466,0.146975
64760,0.036916,0.028075,0.144769
64770,0.021191,0.015549,0.151264
64780,0.011805,0.008716,0.104214
64790,0.046980,0.036351,0.200970
64800,0.025914,0.019705,0.154779
64810,0.018413,0.014679,0.123303
64820,0.016195,0.012420,0.133771
64830,0.015008,0.011424,0.119563
64840,0.019839,0.015072,0.091000
64850,0.032205,0.025472,0.173006
64860,0.016940,0.011514,0.138037
64870,0.028190,0.021586,0.164248
64880,0.070502,0.055904,0.247240
64890,0.043927,0.033254,0.181358
64900,0.048548,0.037614,0.192643
64910,0.050341,0.038677,0.203004
64920,0.027059,0.020448,0.160040
64930,0.016033,0.012299,0.129521
64940,0.031088,0.020565,0.170530
64950,0.046137,0.036341,0.199179
64960,0.014960,0.011255,0.112372
64970,0.022818,0.016245,0.174600
64980,0.045000,0.034478,0.187051
64990,0.053777,0.041240,0.200455
65000,0.023233,0.018588,0.101646
65010,0.032410,0.024788,0.142512
65020,0.039504,0.030305,0.179847
65030,0.057550,0.044013,0.223472
65040,0.039306,0.029906,0.171000
65050,0.030153,0.022479,0.156916
65060,0.039182,0.031186,0.180603
65070,0.037292,0.029180,0.171931
65080,0.027926,0.020812,0.148217
65090,0.018370,0.013517,0.103345
65100,0.014475,0.011576,0.084406
65110,0.020358,0.015798,0.138531
65120,0.027583,0.021131,0.173392
65130,0.019745,0.015888,0.136946
65140,0.039752,0.031610,0.178239
65150,0.019933,0.015183,0.121929
65160,0.006565,0.004651,0.090457
65170,0.027218,0.020650,0.153266
65180,0.019083,0.014276,0.118571
65190,0.020375,0.015805,0.092832
65200,0.015877,0.011398,0.143805
65210,0.034536,0.030581,0.167417
65220,0.028776,0.022217,0.159049
65230,0.028611,0.021710,0.161788
65240,0.025891,0.019767,0.120383
65250,0.043342,0.033887,0.203102
65260,0.014461,0.011301,0.126119
65270,0.020418,0.015694,0.136451
65280,0.016411,0.012124,0.118434
65290,0.016785,0.012790,0.084443
65300,0.030525,0.023015,0.144208
65310,0.025540,0.020208,0.151866
65320,0.021676,0.019357,0.144709
65330,0.016454,0.012650,0.081455
65340,0.013896,0.008985,0.091839
65350,0.055964,0.045092,0.218407
65360,0.028299,0.021546,0.145889
65370,0.012497,0.009481,0.099701
65380,0.014998,0.011540,0.134209
65390,0.018169,0.013809,0.098995
65400,0.075770,0.061341,0.263713
65410,0.009102,0.007551,0.159846
65420,0.017476,0.013280,0.099693
65430,0.037468,0.028195,0.175967
65440,0.025646,0.019569,0.148257
65450,0.040885,0.031327,0.184567
65460,0.015433,0.011042,0.116861
65470,0.015069,0.011965,0.131168
65480,0.002326,0.001596,0.134715
65490,0.026392,0.020021,0.146489
65500,0.004979,0.003437,0.104821
65510,0.019320,0.015513,0.124668
65520,0.018973,0.014377,0.124801
65530,0.022945,0.017299,0.137348
65540,0.028183,0.021467,0.157546
65550,0.063512,0.049155,0.235628
65560,0.015870,0.012152,0.150179
65570,0.017756,0.013711,0.137255
65580,0.034949,0.026955,0.172166
65590,0.018442,0.013638,0.139008
65600,0.011398,0.009047,0.127928
65610,0.040135,0.030911,0.180438
65620,0.021734,0.016214,0.134957
65630,0.049650,0.039314,0.185819
65640,0.022276,0.016728,0.133010
65650,0.030471,0.022238,0.200877
65660,0.041050,0.031790,0.189382
65670,0.025663,0.019347,0.140845
65680,0.012216,0.009656,0.122962
65690,0.027990,0.021614,0.151650
65700,0.013672,0.009507,0.122102
65710,0.027032,0.020594,0.154070
65720,0.033020,0.025485,0.164456
65730,0.018845,0.014035,0.130600
65740,0.021313,0.016456,0.138468
65750,0.022335,0.017037,0.128557
65760,0.033070,0.024859,0.156111
65770,0.027302,0.020430,0.138081
65780,0.004008,0.002885,0.118697
65790,0.021958,0.016459,0.141221
65800,0.037417,0.028336,0.178897
65810,0.017305,0.013295,0.125909
65820,0.023519,0.017657,0.140327
65830,0.066460,0.053330,0.242593
65840,0.041339,0.032294,0.199408
65850,0.033061,0.025600,0.159517
65860,0.022884,0.017305,0.139709
65870,0.016767,0.012677,0.071618
65880,0.029848,0.022907,0.146133
65890,0.011577,0.009100,0.109546
65900,0.012198,0.010146,0.122574
65910,0.041406,0.032719,0.182803
65920,0.029466,0.022507,0.146831
65930,0.023227,0.018150,0.104871
65940,0.036725,0.029286,0.148788
65950,0.021633,0.016294,0.131998
65960,0.052588,0.043312,0.198305
65970,0.011773,0.008404,0.104078
65980,0.045913,0.036361,0.195964
65990,0.068350,0.054105,0.254195
66000,0.003587,0.002474,0.173208
66010,0.022383,0.017510,0.129007
66020,0.008838,0.006488,0.085820
66030,0.033344,0.026236,0.177265
66040,0.007342,0.005633,0.075695
66050,0.024807,0.019844,0.114730
66060,0.026469,0.020365,0.152749
66070,0.057009,0.043890,0.199519
66080,0.017275,0.012757,0.118650
66090,0.022968,0.018349,0.148118
66100,0.027419,0.021243,0.153139
66110,0.031839,0.024198,0.162928
66120,0.030239,0.023088,0.169935
66130,0.023129,0.017379,0.133785
66140,0.038042,0.030027,0.167144
66150,0.039822,0.030725,0.179284
66160,0.036507,0.028473,0.179837
66170,0.002600,0.001823,0.082312
66180,0.040022,0.030220,0.181526
66190,0.046205,0.035800,0.174964
66200,0.056331,0.043390,0.222611
66210,0.019499,0.015044,0.128424
66220,0.015634,0.011868,0.124650
66230,0.013813,0.010408,0.085911
66240,0.030373,0.023001,0.155575
66250,0.027418,0.021485,0.146363
66260,0.037710,0.028768,0.153084
66270,0.021161,0.015464,0.147656
66280,0.022311,0.016988,0.129059
66290,0.063527,0.048635,0.213909
66300,0.051603,0.039125,0.203661
66310,0.046784,0.036077,0.191758
66320,0.040309,0.031168,0.166234
66330,0.040781,0.031225,0.160590
66340,0.019128,0.014579,0.133998
66350,0.019299,0.015527,0.126522
66360,0.017844,0.013915,0.132181
66370,0.017939,0.013448,0.124676
66380,0.011009,0.008296,0.130620
66390,0.027330,0.021187,0.113689
66400,0.018116,0.013370,0.129588
66410,0.000042,0.000048,0.000153
66420,0.037585,0.029163,0.170247
66430,0.026597,0.020670,0.155136
66440,0.021232,0.015720,0.150826
66450,0.040860,0.030981,0.164723
66460,0.037769,0.028928,0.170332
66470,0.018333,0.013476,0.123759
66480,0.024904,0.019051,0.146838
66490,0.046375,0.036125,0.192719
66500,0.013792,0.010478,0.124025
66510,0.018108,0.013681,0.116987
66520,0.016949,0.012595,0.141386
66530,0.016450,0.012200,0.107614
66540,0.021077,0.015676,0.128916
66550,0.026118,0.021056,0.149921
66560,0.039122,0.029651,0.178355
66570,0.035793,0.027680,0.160451
66580,0.045375,0.034582,0.194997
66590,0.032720,0.025195,0.146373
66600,0.041152,0.031531,0.174074
66610,0.013431,0.010022,0.076744
66620,0.027818,0.020925,0.165063
66630,0.052569,0.041355,0.198718
66640,0.041843,0.032625,0.177856
66650,0.048199,0.036519,0.192671
66660,0.038617,0.030030,0.170250
66670,0.019303,0.014655,0.134508
66680,0.051835,0.041081,0.197089
66690,0.038249,0.029534,0.164246
66700,0.028103,0.021694,0.148628
66710,0.026483,0.020776,0.143857
66720,0.024813,0.019625,0.143503
66730,0.037898,0.029753,0.181552
66740,0.040744,0.032133,0.187663
66750,0.032523,0.024960,0.168969
66760,0.015624,0.011323,0.118623
66770,0.005704,0.004484,0.130842
66780,0.015015,0.011190,0.121193
66790,0.027127,0.020882,0.164139
66800,0.047304,0.036713,0.207033
66810,0.010265,0.007745,0.144963
66820,0.016416,0.012539,0.130180
66830,0.024576,0.018808,0.132671
66840,0.015755,0.011833,0.126073
66850,0.037316,0.028321,0.181536
66860,0.034020,0.026042,0.149942
66870,0.032585,0.025372,0.177027
66880,0.012251,0.009122,0.105451
66890,0.028210,0.022163,0.156073
66900,0.033732,0.026296,0.151592
66910,0.053503,0.041204,0.205809
66920,0.035018,0.027024,0.157349
66930,0.033275,0.025718,0.169336
66940,0.028579,0.021987,0.115266
66950,0.029687,0.022163,0.151763
66960,0.022731,0.016996,0.144566
66970,0.034364,0.026684,0.169679
66980,0.033683,0.025673,0.171771
66990,0.039696,0.030588,0.165619
67000,0.020375,0.014603,0.089291
67010,0.021624,0.016301,0.142272
67020,0.011818,0.009356,0.109228
67030,0.019230,0.014938,0.106132
67040,0.044918,0.034054,0.198475
67050,0.009842,0.007294,0.101398
67060,0.025039,0.018935,0.132732
67070,0.042381,0.032737,0.182401
67080,0.019119,0.013692,0.145316
67090,0.010613,0.007883,0.114243
67100,0.025899,0.019762,0.141499
67110,0.019626,0.014827,0.104657
67120,0.013316,0.009723,0.117679
67130,0.008804,0.006499,0.072141
67140,0.029053,0.022279,0.145157
67150,0.022783,0.018312,0.097990
67160,0.010599,0.007680,0.095449
67170,0.027680,0.021050,0.125204
67180,0.026919,0.021196,0.148257
67190,0.053405,0.041525,0.211439
67200,0.020646,0.015760,0.133700
67210,0.038338,0.028890,0.181120
67220,0.048032,0.037835,0.195266
67230,0.037516,0.028483,0.180391
67240,0.015536,0.011863,0.106511
67250,0.018491,0.013966,0.103391
67260,0.015824,0.011776,0.071360
67270,0.024456,0.018312,0.141067
67280,0.011216,0.008518,0.174722
67290,0.012324,0.009148,0.107762
67300,0.024508,0.018270,0.141870
67310,0.045144,0.035635,0.194311
67320,0.047804,0.037138,0.195716
67330,0.028641,0.022171,0.164445
67340,0.019117,0.014023,0.143941
67350,0.022532,0.017269,0.128226
67360,0.022091,0.016780,0.126281
67370,0.035359,0.026985,0.170383
67380,0.044617,0.034554,0.191422
67390,0.042390,0.031926,0.196653
67400,0.009797,0.007342,0.087943
67410,0.026195,0.019741,0.141595
67420,0.010515,0.007997,0.099371
67430,0.004491,0.004147,0.228663
67440,0.019948,0.015429,0.120752
67450,0.030637,0.023099,0.156441
67460,0.018722,0.014688,0.128185
67470,0.041285,0.031861,0.181745
67480,0.018632,0.014570,0.094610
67490,0.045380,0.034356,0.192947
67500,0.031892,0.024446,0.157042
67510,0.006599,0.005714,0.172643
67520,0.003893,0.002451,0.659652
67530,0.015937,0.011791,0.122272
67540,0.025078,0.018592,0.149572
67550,0.032603,0.025029,0.168723
67560,0.009417,0.007708,0.082811
67570,0.056288,0.042817,0.215655
67580,0.011205,0.008440,0.121781
67590,0.014528,0.010847,0.134036
67600,0.038471,0.029774,0.171355
67610,0.000020,0.000019,0.000067
67620,0.027587,0.021196,0.119501
67630,0.018331,0.014410,0.104695
67640,0.057774,0.043339,0.219833
67650,0.047268,0.037242,0.187658
67660,0.016726,0.012494,0.114914
67670,0.031647,0.023928,0.161777
67680,0.022217,0.017048,0.135747
67690,0.010728,0.008789,0.103207
67700,0.027695,0.021769,0.156138
67710,0.046916,0.036427,0.197968
67720,0.026443,0.019989,0.155968
67730,0.004953,0.003816,0.115171
67740,0.038241,0.029289,0.174743
67750,0.041942,0.032713,0.180242
67760,0.036867,0.028003,0.168106
67770,0.020670,0.015966,0.105303
67780,0.001204,0.000767,0.159110
67790,0.045343,0.034745,0.185898
67800,0.016919,0.011880,0.129990
67810,0.025868,0.019786,0.144936
67820,0.028621,0.023249,0.189311
67830,0.066404,0.057281,0.253076
67840,0.021506,0.016089,0.146926
67850,0.045566,0.034671,0.204196
67860,0.006647,0.005060,0.047981
67870,0.033894,0.025009,0.167882
67880,0.003720,0.002903,0.072387
67890,0.039528,0.030562,0.152093
67900,0.005412,0.005148,0.161917
67910,0.029427,0.022169,0.161508
67920,0.014695,0.011845,0.145253
67930,0.041646,0.032076,0.179137
67940,0.018167,0.013508,0.094887
67950,0.027981,0.021237,0.159220
67960,0.012713,0.010116,0.055741
67970,0.033770,0.026442,0.161747
67980,0.036515,0.028310,0.165262
67990,0.053475,0.041464,0.199058
68000,0.026513,0.020738,0.150835
68010,0.065147,0.051187,0.240206
68020,0.049450,0.038001,0.194413
68030,0.011828,0.009352,0.122960
68040,0.030706,0.024049,0.154965
68050,0.031364,0.023434,0.168242
68060,0.014563,0.010880,0.114122
68070,0.031166,0.025682,0.160740
68080,0.032973,0.024540,0.143868
68090,0.020514,0.015273,0.138843
68100,0.006094,0.004378,0.124896
68110,0.018706,0.014510,0.134480
68120,0.005236,0.003864,0.097099
68130,0.035072,0.027060,0.164251
68140,0.038241,0.029158,0.184838
68150,0.009420,0.007044,0.058916
68160,0.024025,0.018036,0.143026
68170,0.035674,0.027743,0.153092
68180,0.006750,0.006406,0.236653
68190,0.043572,0.034348,0.186334
68200,0.018493,0.014108,0.162929
68210,0.030918,0.025080,0.144746
68220,0.040755,0.031662,0.188233
68230,0.027131,0.020853,0.144657
68240,0.054306,0.041446,0.211766
68250,0.047970,0.037108,0.205222
68260,0.026561,0.019973,0.142631
68270,0.034542,0.027264,0.147531
68280,0.025915,0.019318,0.148561
68290,0.028427,0.022348,0.136821
68300,0.028941,0.023067,0.149355
68310,0.029195,0.021651,0.158904
68320,0.008499,0.006663,0.117758
68330,0.011490,0.008366,0.126269
68340,0.033438,0.025463,0.164414
68350,0.040223,0.030926,0.186157
68360,0.019398,0.015149,0.100162
68370,0.012514,0.009664,0.080905
68380,0.031525,0.023753,0.171436
68390,0.002863,0.001848,0.134931
68400,0.014958,0.010976,0.121491
68410,0.021045,0.015770,0.123448
68420,0.041153,0.031117,0.180445
68430,0.020481,0.015181,0.096598
68440,0.021174,0.016397,0.126911
68450,0.015077,0.011242,0.113771
68460,0.017894,0.013651,0.123730
68470,0.007284,0.005328,0.073880
68480,0.035868,0.027795,0.162125
68490,0.024868,0.019100,0.141015
68500,0.023020,0.017597,0.135156
68510,0.034319,0.026779,0.162362
68520,0.016719,0.012501,0.125618
68530,0.019016,0.013793,0.146745
68540,0.027947,0.021178,0.146635
68550,0.040969,0.032125,0.198293
68560,0.035207,0.027303,0.166162
68570,0.014696,0.011198,0.115558
68580,0.025266,0.019787,0.127727
68590,0.022445,0.016825,0.131026
68600,0.034837,0.026560,0.157347
68610,0.058748,0.045013,0.225873
68620,0.037375,0.029165,0.149062
68630,0.012715,0.010137,0.072566
68640,0.033841,0.026860,0.176307
68650,0.025955,0.018941,0.137120
68660,0.002197,0.001690,0.085834
68670,0.000017,0.000013,0.000051
68680,0.011070,0.008192,0.098867
68690,0.037880,0.029435,0.169576
68700,0.026893,0.021374,0.137923
68710,0.034828,0.026353,0.154049
68720,0.012497,0.009663,0.129854
68730,0.014601,0.011458,0.110867
68740,0.000380,0.000346,0.103312
68750,0.025425,0.020309,0.106269
68760,0.034002,0.025910,0.176219
68770,0.023354,0.018058,0.126873
68780,0.026999,0.020438,0.152660
68790,0.054543,0.043729,0.205214
68800,0.038449,0.029369,0.183431
68810,0.032833,0.024505,0.164773
68820,0.025084,0.019062,0.148806
68830,0.058042,0.045072,0.219315
68840,0.054900,0.044260,0.226489
68850,0.017857,0.013426,0.092464
68860,0.025881,0.018906,0.146805
68870,0.003492,0.002736,0.097817
68880,0.020825,0.016147,0.102251
68890,0.030233,0.022624,0.160915
68900,0.043514,0.033251,0.198184
68910,0.002800,0.002150,0.015082
68920,0.029914,0.022795,0.168303
68930,0.038645,0.030934,0.163697
68940,0.024773,0.017980,0.105770
68950,0.011320,0.008043,0.125240
68960,0.025435,0.018861,0.119966
68970,0.052438,0.041148,0.198320
68980,0.013092,0.009715,0.126307
68990,0.033009,0.025355,0.158909
69000,0.026273,0.020119,0.153580
69010,0.026925,0.020646,0.143829
69020,0.010645,0.008087,0.128656
69030,0.019417,0.014585,0.142535
69040,0.035525,0.026978,0.166435
69050,0.015094,0.011463,0.107198
69060,0.013312,0.010133,0.114785
69070,0.018605,0.013760,0.118408
69080,0.041296,0.031119,0.176321
69090,0.018659,0.015381,0.108368
69100,0.015482,0.011803,0.097890
69110,0.022487,0.018215,0.132570
69120,0.029463,0.022415,0.160842
69130,0.032816,0.026057,0.163139
69140,0.043192,0.032930,0.165308
69150,0.037839,0.031089,0.180037
69160,0.018682,0.013486,0.125950
69170,0.015274,0.011304,0.116956
69180,0.025627,0.018803,0.163321
69190,0.028747,0.021193,0.139900
69200,0.019673,0.014726,0.137113
69210,0.015957,0.012158,0.121930
69220,0.020699,0.015384,0.101655
69230,0.025905,0.018910,0.149050
69240,0.034457,0.025845,0.161798
69250,0.013582,0.010535,0.086596
69260,0.019137,0.014537,0.117928
69270,0.014849,0.011473,0.116843
69280,0.014519,0.011257,0.140146
69290,0.019824,0.015978,0.133487
69300,0.039249,0.030177,0.163544
69310,0.012610,0.009681,0.096303
69320,0.015643,0.012246,0.119309
69330,0.025856,0.020145,0.139480
69340,0.035102,0.026608,0.169830
69350,0.018138,0.013445,0.116370
69360,0.051952,0.039029,0.202535
69370,0.029094,0.022228,0.154687
69380,0.007793,0.005728,0.142374
69390,0.018977,0.014270,0.122240
69400,0.034892,0.026560,0.162867
69410,0.006595,0.005131,0.171911
69420,0.013902,0.010196,0.115599
69430,0.023348,0.017598,0.121285
69440,0.009193,0.006573,0.090156
69450,0.042029,0.031247,0.157362
69460,0.018545,0.014511,0.090083
69470,0.011605,0.007987,0.066744
69480,0.026774,0.020448,0.160296
69490,0.019417,0.015270,0.132627
69500,0.015936,0.011985,0.112267
69510,0.030375,0.022779,0.154007
69520,0.038559,0.029274,0.171069
69530,0.038125,0.029079,0.189039
69540,0.026223,0.020257,0.146105
69550,0.020936,0.015729,0.140773
69560,0.010391,0.007916,0.099274
69570,0.023162,0.018433,0.136525
69580,0.043663,0.033478,0.183020
69590,0.021805,0.016572,0.137034
69600,0.025481,0.019771,0.102241
69610,0.028728,0.022621,0.164333
69620,0.036055,0.027627,0.150098
69630,0.021442,0.016694,0.089142
69640,0.037789,0.029861,0.178234
69650,0.015373,0.011482,0.104221
69660,0.031056,0.024239,0.160275
69670,0.020647,0.016124,0.132078
69680,0.008126,0.007192,0.108604
69690,0.012720,0.009470,0.116518
69700,0.022254,0.016683,0.135511
69710,0.025591,0.020060,0.143368
69720,0.019162,0.014186,0.106748
69730,0.013599,0.009948,0.099441
69740,0.021408,0.015264,0.150587
69750,0.040591,0.031050,0.172711
69760,0.026521,0.019006,0.258919
69770,0.024460,0.018933,0.140989
69780,0.032945,0.024884,0.162359
69790,0.012982,0.009587,0.128879
69800,0.028951,0.022253,0.158457
69810,0.052442,0.040191,0.211024
69820,0.025837,0.019696,0.137956
69830,0.046030,0.036332,0.184751
69840,0.031683,0.024688,0.141633
69850,0.035707,0.027966,0.170868
69860,0.021233,0.016140,0.104957
69870,0.033800,0.025778,0.162287
69880,0.011601,0.008985,0.112089
69890,0.041413,0.033626,0.171100
69900,0.034001,0.026230,0.152334
69910,0.006691,0.004827,0.118201
69920,0.010809,0.007992,0.103583
69930,0.053036,0.041419,0.211408
69940,0.044521,0.034750,0.194150
69950,0.029688,0.022799,0.153581
69960,0.046544,0.036317,0.186361
69970,0.015617,0.011952,0.114507
69980,0.029410,0.021884,0.152061
69990,0.015555,0.012309,0.096181
70000,0.031822,0.024655,0.166265
70010,0.020916,0.015817,0.095521
70020,0.040484,0.031503,0.183257
70030,0.020775,0.017453,0.152343
70040,0.018430,0.013484,0.140750
70050,0.022496,0.017663,0.126641
70060,0.036059,0.027624,0.156763
70070,0.023521,0.018338,0.158258
70080,0.023043,0.016983,0.139582
70090,0.018656,0.014054,0.140190
70100,0.005493,0.003893,0.097178
70110,0.015544,0.011202,0.121642
70120,0.020750,0.016632,0.142475
70130,0.036030,0.027778,0.172617
70140,0.037460,0.028358,0.170443
70150,0.040534,0.031124,0.188662
70160,0.025929,0.019042,0.164684
70170,0.048236,0.037144,0.192820
70180,0.032268,0.024369,0.165625
70190,0.011389,0.009561,0.058452
70200,0.027850,0.021124,0.156789
70210,0.033845,0.026225,0.166966
70220,0.038440,0.031008,0.183889
70230,0.012574,0.008907,0.131025
70240,0.017463,0.013536,0.164281
70250,0.038210,0.028797,0.155450
70260,0.049523,0.040102,0.201805
70270,0.035562,0.026893,0.146171
70280,0.020469,0.016243,0.123566
70290,0.020769,0.015956,0.124074
70300,0.034777,0.026982,0.162890
70310,0.007473,0.005743,0.047158
70320,0.032000,0.024762,0.156313
70330,0.015608,0.011780,0.112032
70340,0.012603,0.009424,0.075299
70350,0.038647,0.029509,0.185229
70360,0.020582,0.016073,0.160483
70370,0.012592,0.009375,0.113007
70380,0.037023,0.029176,0.172958
70390,0.032091,0.025102,0.167573
70400,0.035078,0.028492,0.175790
70410,0.001898,0.001230,0.069835
70420,0.019605,0.014410,0.135370
70430,0.029719,0.023081,0.151715
70440,0.015552,0.011800,0.113743
70450,0.017603,0.012907,0.132084
70460,0.031464,0.023491,0.164404
70470,0.021142,0.015545,0.126861
70480,0.030172,0.023462,0.133933
70490,0.041585,0.032840,0.176322
70500,0.068963,0.053386,0.253471
70510,0.021571,0.020214,0.153624
70520,0.058844,0.045973,0.222341
70530,0.024907,0.019115,0.135300
70540,0.031159,0.024057,0.151553
70550,0.032429,0.025079,0.156834
70560,0.002517,0.001734,0.139371
70570,0.030020,0.023091,0.158293
70580,0.009681,0.006871,0.416130
70590,0.034924,0.026750,0.176981
70600,0.018375,0.013812,0.082541
70610,0.017487,0.012973,0.086805
70620,0.002234,0.001762,0.196145
70630,0.054905,0.040939,0.210234
70640,0.021424,0.016397,0.134305
70650,0.020260,0.015260,0.148532
70660,0.014253,0.010817,0.101705
70670,0.029211,0.022354,0.148466
70680,0.059690,0.040546,0.189887
70690,0.034672,0.026921,0.145845
70700,0.022014,0.017081,0.126062
70710,0.026872,0.020908,0.122321
70720,0.033039,0.025704,0.165746
70730,0.009361,0.006593,0.112405
70740,0.036867,0.027514,0.159481
70750,0.026552,0.020570,0.114455
70760,0.022608,0.016927,0.123944
70770,0.024246,0.018259,0.126418
70780,0.019381,0.014908,0.135318
70790,0.018152,0.013917,0.104797
70800,0.069267,0.053816,0.243560
70810,0.059921,0.046209,0.227258
70820,0.038886,0.029707,0.177691
70830,0.012865,0.009668,0.113717
70840,0.044435,0.034430,0.189352
70850,0.017598,0.013438,0.128826
70860,0.036456,0.027364,0.167539
70870,0.035676,0.027287,0.151082
70880,0.033055,0.026581,0.144492
70890,0.019810,0.015390,0.113291
70900,0.028229,0.021256,0.119473
70910,0.036002,0.027961,0.167250
70920,0.003247,0.002871,0.024679
70930,0.028502,0.022049,0.156581
70940,0.023170,0.016976,0.151461
70950,0.039178,0.030814,0.168803
70960,0.014619,0.010838,0.118299
70970,0.017613,0.013753,0.095285
70980,0.024257,0.018325,0.146888
70990,0.002495,0.001901,0.074015
71000,0.020683,0.016265,0.127381
71010,0.038471,0.029536,0.158975
71020,0.040986,0.031264,0.179966
71030,0.024986,0.018393,0.136647
71040,0.031575,0.023744,0.155122
71050,0.023642,0.017877,0.179424
71060,0.010591,0.008214,0.102910
71070,0.031158,0.024793,0.142429
71080,0.002639,0.002958,0.447793
71090,0.030553,0.023304,0.157654
71100,0.024842,0.018459,0.139950
71110,0.034733,0.026277,0.158290
71120,0.045006,0.034773,0.188572
71130,0.021134,0.016371,0.135612
71140,0.021143,0.016828,0.104658
71150,0.047195,0.035660,0.203713
71160,0.008166,0.005795,0.115368
71170,0.021361,0.016047,0.135665
71180,0.025292,0.018986,0.139510
71190,0.013236,0.010821,0.156820
71200,0.011948,0.008659,0.113990
71210,0.048712,0.038133,0.200201
71220,0.060303,0.047125,0.224758
71230,0.005134,0.003789,0.092816
71240,0.007406,0.005502,0.101684
71250,0.035941,0.027289,0.171029
71260,0.022219,0.016871,0.137965
71270,0.013887,0.010492,0.116789
71280,0.018329,0.013753,0.125670
71290,0.025877,0.019768,0.146430
71300,0.034016,0.027001,0.168041
71310,0.025207,0.018335,0.158757
71320,0.034845,0.026391,0.173507
71330,0.016748,0.012273,0.085079
71340,0.034201,0.026800,0.158820
71350,0.039444,0.032003,0.211288
71360,0.019275,0.015214,0.146118
71370,0.050594,0.038128,0.202338
71380,0.054423,0.041817,0.212882
71390,0.021004,0.016435,0.117173
71400,0.014269,0.010466,0.116691
71410,0.036827,0.028378,0.189877
71420,0.018416,0.013910,0.098782
71430,0.027148,0.021562,0.128973
71440,0.013776,0.009898,0.109251
71450,0.044035,0.034064,0.185878
71460,0.021391,0.016194,0.142771
71470,0.025909,0.019093,0.142414
71480,0.032793,0.025687,0.178028
71490,0.012345,0.009036,0.062011
71500,0.016103,0.012098,0.093140
71510,0.038813,0.029964,0.183713
71520,0.027015,0.021386,0.141514
71530,0.044250,0.034100,0.199752
71540,0.008216,0.006154,0.055645
71550,0.029440,0.025062,0.160727
71560,0.033924,0.025711,0.179821
71570,0.022096,0.016782,0.150107
71580,0.002865,0.002338,0.159981
71590,0.018432,0.014235,0.121974
71600,0.015528,0.011358,0.120314
71610,0.012392,0.010272,0.142250
71620,0.012554,0.008940,0.116906
71630,0.012055,0.010328,0.081467
71640,0.015817,0.011771,0.119716
71650,0.028697,0.021739,0.180786
71660,0.045194,0.035467,0.186514
71670,0.044542,0.034671,0.205167
71680,0.040706,0.031658,0.185060
71690,0.003618,0.002703,0.121267
71700,0.015475,0.011872,0.080639
71710,0.029202,0.022081,0.163266
71720,0.034570,0.026121,0.170794
71730,0.059161,0.047379,0.230535
71740,0.048202,0.037286,0.198284
71750,0.030134,0.022909,0.143601
71760,0.016208,0.012775,0.086108
71770,0.024440,0.019770,0.117798
71780,0.031045,0.023864,0.168402
71790,0.028111,0.021504,0.152515
71800,0.018560,0.015035,0.133891
71810,0.007666,0.005776,0.110769
71820,0.029104,0.022492,0.164650
71830,0.027194,0.021356,0.112138
71840,0.028096,0.021683,0.148117
71850,0.045419,0.033788,0.187672
71860,0.037341,0.029452,0.164243
71870,0.025997,0.019339,0.136403
71880,0.021118,0.015587,0.147174
71890,0.047602,0.036772,0.209127
71900,0.024887,0.019485,0.132297
71910,0.038521,0.029559,0.152935
71920,0.016498,0.012254,0.133525
71930,0.016069,0.013112,0.071735
71940,0.027020,0.020622,0.152726
71950,0.012305,0.009412,0.073418
71960,0.011509,0.008773,0.108446
71970,0.023499,0.017504,0.134794
71980,0.004724,0.003546,0.034786
71990,0.047213,0.036941,0.192527
72000,0.012504,0.009337,0.104070
72010,0.019919,0.013649,0.152013
72020,0.021885,0.016971,0.109763
72030,0.029240,0.022440,0.149374
72040,0.037450,0.028601,0.177879
72050,0.021976,0.017512,0.128792
72060,0.053357,0.040974,0.208280
72070,0.037602,0.030038,0.155610
72080,0.069765,0.053819,0.246794
72090,0.033854,0.026469,0.167680
72100,0.028062,0.021446,0.136658
72110,0.031064,0.024460,0.165538
72120,0.051182,0.038703,0.191385
72130,0.041093,0.031451,0.182704
72140,0.018313,0.013906,0.108914
72150,0.011908,0.009784,0.061802
72160,0.012649,0.009147,0.108261
72170,0.014579,0.010971,0.112471
72180,0.056647,0.043392,0.208035
72190,0.041735,0.032436,0.168068
72200,0.036290,0.027833,0.165995
72210,0.044563,0.033711,0.190109
72220,0.019751,0.014640,0.150571
72230,0.018575,0.014110,0.111105
72240,0.044202,0.034701,0.189625
72250,0.007215,0.005210,0.053130
72260,0.032531,0.025126,0.150210
72270,0.043276,0.034120,0.188298
72280,0.016692,0.012486,0.077121
72290,0.014290,0.010506,0.094759
72300,0.055444,0.042568,0.216552
72310,0.000689,0.001266,0.414146
72320,0.046001,0.035252,0.199501
72330,0.019919,0.014228,0.121408
72340,0.035835,0.027329,0.163769
72350,0.019338,0.014369,0.093072
72360,0.015912,0.011836,0.131419
72370,0.040069,0.031063,0.170482
72380,0.001485,0.001092,0.096340
72390,0.022254,0.016413,0.150676
72400,0.029123,0.021850,0.158356
72410,0.020994,0.015531,0.135881
72420,0.019531,0.014520,0.128906
72430,0.029395,0.021696,0.159609
72440,0.049752,0.038530,0.194546
72450,0.015321,0.011133,0.118022
72460,0.037682,0.028770,0.160686
72470,0.014888,0.010772,0.119283
72480,0.050913,0.039382,0.220207
72490,0.015897,0.011745,0.115345
72500,0.040979,0.031522,0.185047
72510,0.029220,0.021923,0.159832
72520,0.011270,0.008327,0.105985
72530,0.011607,0.008830,0.094243
72540,0.013292,0.010362,0.103106
72550,0.015122,0.010800,0.124223
72560,0.028149,0.021542,0.146225
72570,0.031905,0.024069,0.174270
72580,0.023717,0.017578,0.132574
72590,0.017609,0.013149,0.123697
72600,0.022100,0.017250,0.110372
72610,0.021891,0.016147,0.138808
72620,0.041689,0.032325,0.182687
72630,0.026381,0.020498,0.145717
72640,0.037451,0.028503,0.157511
72650,0.021448,0.016092,0.127900
72660,0.019291,0.014145,0.092162
72670,0.016032,0.012457,0.121336
72680,0.020194,0.015646,0.088664
72690,0.043527,0.032841,0.191675
72700,0.046255,0.035053,0.173032
72710,0.039161,0.030328,0.176790
72720,0.019745,0.015198,0.120612
72730,0.031267,0.024490,0.137026
72740,0.072450,0.057457,0.264007
72750,0.026124,0.020178,0.139185
72760,0.030519,0.023025,0.159824
72770,0.011806,0.009382,0.133266
72780,0.035106,0.026035,0.175733
72790,0.046218,0.035285,0.195819
72800,0.049397,0.039482,0.193393
72810,0.008920,0.006114,0.058710
72820,0.019160,0.014529,0.128124
72830,0.033395,0.025754,0.130591
72840,0.015683,0.012004,0.104567
72850,0.003909,0.002852,0.184330
72860,0.021925,0.016300,0.139198
72870,0.008983,0.006537,0.105487
72880,0.029499,0.022865,0.150125
72890,0.027875,0.021253,0.150796
72900,0.014711,0.010553,0.096661
72910,0.017616,0.013089,0.147276
72920,0.022191,0.018016,0.138205
72930,0.030579,0.023797,0.133011
72940,0.015675,0.011840,0.115640
72950,0.038516,0.028811,0.178068
72960,0.010087,0.007219,0.117312
72970,0.037903,0.028772,0.172491
72980,0.010384,0.007448,0.071131
72990,0.013724,0.010548,0.079865
73000,0.047241,0.036240,0.199463
73010,0.024003,0.019061,0.132160
73020,0.023051,0.017300,0.132696
73030,0.034956,0.026868,0.160716
73040,0.006305,0.004773,0.037241
73050,0.036015,0.027704,0.178270
73060,0.020040,0.015251,0.096888
73070,0.016816,0.013082,0.127420
73080,0.022954,0.017183,0.114558
73090,0.049668,0.038520,0.198515
73100,0.027283,0.021418,0.139274
73110,0.028220,0.021813,0.144689
73120,0.037743,0.028883,0.157757
73130,0.003940,0.002646,0.367713
73140,0.000010,0.000011,0.000036
73150,0.018603,0.013928,0.138173
73160,0.048901,0.037812,0.199572
73170,0.056425,0.043389,0.218743
73180,0.043480,0.033495,0.172499
73190,0.013255,0.009819,0.110641
73200,0.032607,0.025007,0.156939
73210,0.036311,0.027750,0.142030
73220,0.036170,0.028043,0.168690
73230,0.024694,0.019043,0.140723
73240,0.032983,0.025223,0.158888
73250,0.029442,0.022327,0.155125
73260,0.031436,0.023317,0.162651
73270,0.013500,0.010073,0.127224
73280,0.033136,0.025527,0.160613
73290,0.012220,0.009546,0.089251
73300,0.016933,0.012945,0.119947
73310,0.027476,0.020597,0.150497
73320,0.019655,0.015189,0.121101
73330,0.019133,0.014019,0.151903
73340,0.014550,0.010689,0.135289
73350,0.024114,0.018187,0.143922
73360,0.013511,0.009967,0.145468
73370,0.035238,0.026342,0.168131
73380,0.028158,0.021316,0.151538
73390,0.030896,0.023640,0.151264
73400,0.037793,0.029637,0.175650
73410,0.027760,0.021807,0.148545
73420,0.009468,0.007048,0.100089
73430,0.042071,0.033601,0.189161
73440,0.016235,0.011740,0.136346
73450,0.016183,0.012922,0.122140
73460,0.014262,0.011227,0.116847
73470,0.033793,0.026702,0.169178
73480,0.014214,0.011438,0.061549
73490,0.039472,0.030710,0.182507
73500,0.030803,0.024579,0.126126
73510,0.024740,0.018453,0.136982
73520,0.039187,0.030957,0.174419
73530,0.037763,0.029193,0.187483
73540,0.036047,0.027347,0.164085
73550,0.012074,0.009093,0.108885
73560,0.028290,0.021454,0.139437
73570,0.035127,0.027132,0.160432
73580,0.006779,0.004979,0.124992
73590,0.032865,0.027462,0.145159
73600,0.023057,0.017040,0.134273
73610,0.002826,0.002442,0.029214
73620,0.009106,0.006785,0.089016
73630,0.040609,0.031279,0.159359
73640,0.014753,0.011104,0.136230
73650,0.028018,0.019945,0.134984
73660,0.008987,0.006648,0.086850
73670,0.033851,0.024929,0.152994
73680,0.034741,0.026343,0.161511
73690,0.028594,0.021758,0.157020
73700,0.027213,0.020326,0.152903
73710,0.052928,0.043033,0.211749
73720,0.041056,0.032834,0.200710
73730,0.021279,0.016197,0.099980
73740,0.019580,0.013949,0.134228
73750,0.028836,0.021586,0.152569
73760,0.003963,0.002904,0.054867
73770,0.011210,0.007914,0.108829
73780,0.036369,0.028714,0.152075
73790,0.022028,0.016756,0.130347
73800,0.028600,0.021338,0.143772
73810,0.035395,0.026710,0.168191
73820,0.023880,0.017943,0.132972
73830,0.018048,0.013318,0.135169
73840,0.021403,0.016211,0.123387
73850,0.028077,0.021186,0.143697
73860,0.033221,0.025283,0.153289
73870,0.046999,0.036417,0.206557
73880,0.043721,0.033313,0.186830
73890,0.017107,0.013495,0.113045
73900,0.038509,0.029862,0.167570
73910,0.012876,0.009488,0.086610
73920,0.001544,0.001028,0.160066
73930,0.048261,0.035506,0.227059
73940,0.034722,0.026722,0.144246
73950,0.001686,0.001222,0.084867
73960,0.025951,0.020106,0.127395
73970,0.005144,0.004149,0.048687
73980,0.043716,0.033447,0.197573
73990,0.028169,0.021199,0.151112
74000,0.019837,0.014351,0.143796
74010,0.012544,0.009475,0.100779
74020,0.038306,0.029125,0.173792
74030,0.038342,0.030369,0.174382
74040,0.047122,0.036423,0.198158
74050,0.034107,0.025959,0.147767
74060,0.000039,0.000040,0.000137
74070,0.039390,0.029897,0.176667
74080,0.036511,0.028550,0.192251
74090,0.026593,0.020430,0.134622
74100,0.029718,0.022652,0.157346
74110,0.053460,0.042364,0.204512
74120,0.015267,0.011331,0.119501
74130,0.051975,0.041200,0.220765
74140,0.030411,0.023027,0.154358
74150,0.022421,0.016632,0.102916
74160,0.007896,0.005694,0.057382
74170,0.011027,0.008615,0.087532
74180,0.018483,0.014565,0.096242
74190,0.057592,0.045045,0.223862
74200,0.020020,0.014582,0.133505
74210,0.011535,0.011462,0.087045
74220,0.032876,0.025339,0.164610
74230,0.040519,0.031344,0.170118
74240,0.023656,0.017994,0.135784
74250,0.014151,0.010349,0.124201
74260,0.011851,0.009257,0.114362
74270,0.039931,0.031266,0.182598
74280,0.037756,0.029131,0.171295
74290,0.021690,0.017227,0.105733
74300,0.030793,0.023179,0.147917
74310,0.005050,0.003698,0.060209
74320,0.033105,0.025151,0.178720
74330,0.020931,0.017435,0.137687
74340,0.037902,0.028897,0.176402
74350,0.036568,0.027650,0.171200
74360,0.033213,0.025487,0.159826
74370,0.019898,0.015209,0.125198
74380,0.013650,0.010086,0.123892
74390,0.022390,0.017228,0.137201
74400,0.025125,0.019021,0.120863
74410,0.017101,0.012963,0.125642
74420,0.026951,0.020304,0.153433
74430,0.045594,0.035844,0.170635
74440,0.004604,0.003297,0.036043
74450,0.028742,0.022642,0.171785
74460,0.016724,0.013206,0.188690
74470,0.027612,0.021062,0.164420
74480,0.003416,0.002716,0.060967
74490,0.002177,0.001712,0.098507
74500,0.058269,0.045602,0.213780
74510,0.032659,0.025007,0.144235
74520,0.022405,0.017056,0.111600
74530,0.037850,0.029536,0.171631
74540,0.013088,0.009732,0.101647
74550,0.012505,0.009575,0.104751
74560,0.033962,0.025786,0.162950
74570,0.024973,0.018541,0.150605
74580,0.033567,0.025355,0.155019
74590,0.034444,0.026332,0.140426
74600,0.035280,0.027037,0.169068
74610,0.015849,0.012053,0.119671
74620,0.056952,0.044620,0.223015
74630,0.019118,0.014607,0.101627
74640,0.044129,0.033988,0.176866
74650,0.038036,0.029320,0.148683
74660,0.016485,0.012585,0.140088
74670,0.041730,0.033092,0.179762
74680,0.028048,0.021483,0.126857
74690,0.024621,0.020165,0.151345
74700,0.033711,0.025259,0.166029
74710,0.036959,0.029129,0.165153
74720,0.017255,0.012702,0.123547
74730,0.019239,0.015558,0.128273
74740,0.007947,0.006102,0.128415
74750,0.002822,0.002096,0.022069
74760,0.009365,0.006614,0.136966
74770,0.031968,0.024719,0.156042
74780,0.031744,0.024566,0.139119
74790,0.029619,0.023051,0.128202
74800,0.033439,0.025360,0.146412
74810,0.027553,0.020955,0.153012
74820,0.002141,0.001615,0.387522
74830,0.014638,0.010966,0.122618
74840,0.031807,0.024468,0.149416
74850,0.015032,0.011185,0.122149
74860,0.014910,0.011209,0.120345
74870,0.018262,0.013778,0.132964
74880,0.024499,0.019503,0.119261
74890,0.035578,0.025883,0.203158
74900,0.020011,0.014721,0.125511
74910,0.015882,0.012168,0.108667
74920,0.010334,0.007662,0.100836
74930,0.028396,0.021826,0.146920
74940,0.000006,0.000008,0.000024
74950,0.010914,0.008099,0.117574
74960,0.043456,0.033526,0.176400
74970,0.023186,0.017875,0.106778
74980,0.037324,0.028715,0.174114
74990,0.035349,0.027149,0.159074
75000,0.016301,0.011736,0.137133
75010,0.052000,0.039698,0.211807
75020,0.012951,0.009893,0.086806
75030,0.040883,0.032807,0.181446
75040,0.021764,0.016318,0.189039
75050,0.003669,0.002712,0.449013
75060,0.032421,0.024988,0.150177
75070,0.000005,0.000005,0.000017
75080,0.009420,0.007058,0.126991
75090,0.020163,0.015677,0.100985
75100,0.022041,0.017428,0.103505
75110,0.042347,0.032799,0.193259
75120,0.003762,0.002526,0.448190
75130,0.034909,0.025785,0.161671
75140,0.018237,0.013999,0.147356
75150,0.022490,0.016951,0.137409
75160,0.024517,0.018635,0.138270
75170,0.038318,0.029679,0.170435
75180,0.018341,0.013801,0.129385
75190,0.058503,0.044818,0.221080
75200,0.034830,0.026112,0.196629
75210,0.033608,0.025623,0.160643
75220,0.018359,0.014072,0.122468
75230,0.019122,0.014526,0.095347
75240,0.034105,0.026346,0.167797
75250,0.041678,0.032479,0.182539
75260,0.004188,0.003222,0.124594
75270,0.035808,0.028061,0.165620
75280,0.018707,0.013933,0.138864
75290,0.029397,0.022533,0.157580
75300,0.017078,0.012263,0.127245
75310,0.028382,0.021916,0.154303
75320,0.044602,0.033760,0.182150
75330,0.012723,0.010729,0.116650
75340,0.032851,0.025332,0.166090
75350,0.012707,0.009569,0.110521
75360,0.044280,0.034574,0.169063
75370,0.029489,0.022350,0.156113
75380,0.019618,0.015221,0.107675
75390,0.014308,0.010818,0.101354
75400,0.037956,0.030476,0.157918
75410,0.016587,0.012359,0.095780
75420,0.015632,0.012069,0.100121
75430,0.061910,0.041807,0.255068
75440,0.040738,0.031530,0.182287
75450,0.025404,0.019040,0.151907
75460,0.019229,0.015240,0.126450
75470,0.024223,0.018659,0.145817
75480,0.016077,0.012065,0.122562
75490,0.021701,0.016995,0.115004
75500,0.048407,0.038179,0.199211
75510,0.058315,0.044644,0.224459
75520,0.027201,0.021182,0.140750
75530,0.021137,0.016192,0.120489
75540,0.006642,0.004830,0.049718
75550,0.025855,0.019777,0.141433
75560,0.000909,0.000664,0.299354
75570,0.017110,0.011709,0.138128
75580,0.005805,0.004108,0.152416
75590,0.037140,0.028743,0.166013
75600,0.026492,0.020250,0.145204
75610,0.044410,0.034109,0.196346
75620,0.019204,0.014384,0.135964
75630,0.021249,0.015784,0.132088
75640,0.016801,0.012195,0.120860
75650,0.026642,0.020763,0.112215
75660,0.034152,0.024345,0.133435
75670,0.005465,0.003581,0.092097
75680,0.053383,0.041484,0.210701
75690,0.035194,0.026720,0.161662
75700,0.017637,0.012504,0.119915
75710,0.014792,0.012584,0.109158
75720,0.031159,0.024295,0.157593
75730,0.042045,0.032735,0.187917
75740,0.031799,0.023144,0.163646
75750,0.025342,0.019561,0.146976
75760,0.025638,0.021393,0.169530
75770,0.011987,0.008620,0.105381
75780,0.011354,0.009171,0.095673
75790,0.028521,0.021257,0.151295
75800,0.020478,0.015813,0.123002
75810,0.029389,0.022698,0.147568
75820,0.045769,0.035641,0.197243
75830,0.022087,0.017567,0.136786
75840,0.005854,0.004473,0.180240
75850,0.058873,0.045451,0.227040
75860,0.045263,0.034720,0.193797
75870,0.014211,0.010544,0.110523
75880,0.010041,0.007553,0.093675
75890,0.027752,0.021676,0.121819
75900,0.029361,0.022445,0.160214
75910,0.024840,0.019147,0.108828
75920,0.026300,0.019647,0.144604
75930,0.031380,0.023972,0.160623
75940,0.020346,0.015367,0.123262
75950,0.018870,0.014485,0.119203
75960,0.037123,0.028657,0.159829
75970,0.019766,0.015533,0.116435
75980,0.039198,0.029510,0.172654
75990,0.011865,0.008803,0.123445
76000,0.006416,0.004335,0.055850
76010,0.018257,0.014317,0.125197
76020,0.031286,0.023357,0.156601
76030,0.032585,0.025233,0.118590
76040,0.015449,0.011606,0.127101
76050,0.019669,0.014121,0.137528
76060,0.022493,0.017104,0.147537
76070,0.048332,0.037895,0.219709
76080,0.032257,0.024422,0.153528
76090,0.044754,0.034772,0.199400
76100,0.022980,0.017887,0.125177
76110,0.016031,0.012048,0.121440
76120,0.022280,0.016424,0.133894
76130,0.025710,0.019452,0.111704
76140,0.018308,0.013210,0.129110
76150,0.038070,0.029125,0.154250
76160,0.011242,0.008552,0.112375
76170,0.028710,0.022065,0.151162
76180,0.026346,0.021046,0.149993
76190,0.035246,0.026289,0.174531
76200,0.032864,0.024784,0.179181
76210,0.017110,0.013837,0.094840
76220,0.045172,0.034865,0.191074
76230,0.013412,0.010151,0.115829
76240,0.038951,0.027057,0.209291
76250,0.018108,0.013209,0.163397
76260,0.037443,0.029219,0.169080
76270,0.024962,0.019411,0.150620
76280,0.003957,0.003187,0.025779
76290,0.023215,0.017840,0.118097
76300,0.023603,0.018462,0.114083
76310,0.011735,0.009302,0.066541
76320,0.014962,0.011711,0.130138
76330,0.047736,0.037226,0.197227
76340,0.006561,0.005630,0.058407
76350,0.010200,0.007536,0.113687
76360,0.031139,0.023805,0.145364
76370,0.031614,0.023587,0.170741
76380,0.024423,0.018739,0.140989
76390,0.015969,0.011529,0.123368
76400,0.055616,0.042114,0.204753
76410,0.020347,0.014713,0.171209
76420,0.032268,0.024842,0.157508
76430,0.020762,0.015796,0.141939
76440,0.004802,0.003291,0.035870
76450,0.018086,0.014260,0.099244
76460,0.017207,0.012804,0.122783
76470,0.042259,0.032957,0.174876
76480,0.015568,0.011013,0.065265
76490,0.034749,0.027422,0.168336
76500,0.001251,0.001189,0.407801
76510,0.044921,0.034290,0.195318
76520,0.071484,0.055873,0.245494
76530,0.014886,0.011884,0.137265
76540,0.015290,0.011303,0.117748
76550,0.016015,0.011625,0.127025
76560,0.017447,0.012887,0.094082
76570,0.021884,0.016695,0.151551
76580,0.027448,0.020510,0.111852
76590,0.027295,0.020200,0.161075
76600,0.014451,0.011085,0.099446
76610,0.023026,0.017284,0.131186
76620,0.052685,0.040881,0.215840
76630,0.046984,0.036960,0.182388
76640,0.020607,0.015890,0.123516
76650,0.020676,0.015476,0.148218
76660,0.017750,0.013329,0.128630
76670,0.009712,0.007869,0.071874
76680,0.016003,0.012313,0.115518
76690,0.045776,0.036073,0.193867
76700,0.010824,0.008159,0.067666
76710,0.030208,0.023521,0.156436
76720,0.014373,0.011145,0.094252
76730,0.009005,0.007154,0.122671
76740,0.016782,0.013166,0.095210
76750,0.012123,0.009136,0.107060
76760,0.029303,0.023016,0.144363
76770,0.030897,0.023420,0.134085
76780,0.027614,0.021061,0.159715
76790,0.025065,0.019432,0.143080
76800,0.028955,0.022319,0.125708
76810,0.013629,0.010395,0.128863
76820,0.015281,0.011389,0.129197
76830,0.018125,0.013515,0.132180
76840,0.025523,0.020893,0.157454
76850,0.030246,0.022249,0.161696
76860,0.014077,0.010314,0.112614
76870,0.018126,0.013017,0.131227
76880,0.017077,0.012686,0.116559
76890,0.013409,0.009929,0.081858
76900,0.033203,0.025513,0.171539
76910,0.018591,0.013823,0.128752
76920,0.016690,0.012235,0.120964
76930,0.029873,0.023793,0.134184
76940,0.010091,0.007632,0.083344
76950,0.021763,0.016341,0.145255
76960,0.026391,0.019832,0.124542
76970,0.012780,0.009640,0.151713
76980,0.028364,0.021697,0.162889
76990,0.045971,0.035192,0.199505
77000,0.013004,0.009585,0.126765
77010,0.054866,0.041894,0.214841
77020,0.032915,0.025668,0.149378
77030,0.007787,0.005412,0.047849
77040,0.033040,0.025014,0.163961
77050,0.018115,0.013235,0.138849
77060,0.035194,0.027374,0.169973
77070,0.024644,0.018996,0.110762
77080,0.004591,0.003790,0.080030
77090,0.034579,0.026536,0.152419
77100,0.029321,0.022868,0.146968
77110,0.020356,0.016159,0.093925
77120,0.013977,0.010261,0.115419
77130,0.024127,0.018270,0.145756
77140,0.000005,0.000006,0.000019
77150,0.014605,0.011316,0.201181
77160,0.033247,0.025695,0.163488
77170,0.029266,0.021667,0.140214
77180,0.004035,0.002905,0.200102
77190,0.020082,0.015335,0.132374
77200,0.018898,0.014259,0.121438
77210,0.040708,0.031232,0.176477
77220,0.020492,0.015494,0.123028
77230,0.026905,0.020589,0.145857
77240,0.039430,0.030779,0.151757
77250,0.017450,0.015073,0.193470
77260,0.025740,0.019775,0.151970
77270,0.022530,0.016664,0.141288
77280,0.032272,0.024673,0.149552
77290,0.024159,0.018022,0.133110
77300,0.004806,0.003583,0.029616
77310,0.013781,0.010429,0.122350
77320,0.027103,0.020487,0.146539
77330,0.008883,0.007162,0.051487
77340,0.027955,0.022252,0.158288
77350,0.037246,0.028665,0.162489
77360,0.034976,0.026585,0.158905
77370,0.016151,0.012323,0.118727
77380,0.004543,0.003131,0.103361
77390,0.040408,0.031495,0.178769
77400,0.021471,0.016571,0.139379
77410,0.018682,0.014436,0.135319
77420,0.029958,0.022773,0.155026
77430,0.024534,0.018585,0.146644
77440,0.035041,0.027074,0.170079
77450,0.018309,0.015442,0.104320
77460,0.023232,0.017260,0.141329
77470,0.021867,0.016490,0.127764
77480,0.029468,0.022748,0.153302
77490,0.012547,0.008209,0.208770
77500,0.013900,0.010646,0.116857
77510,0.014757,0.011253,0.112752
77520,0.021823,0.017578,0.091913
77530,0.013965,0.010708,0.081900
77540,0.028186,0.021464,0.154438
77550,0.020334,0.015700,0.105141
77560,0.040730,0.030774,0.176856
77570,0.027531,0.021889,0.117976
77580,0.025476,0.019208,0.139160
77590,0.030449,0.023010,0.156888
77600,0.016765,0.013030,0.140348
77610,0.020935,0.015545,0.143900
77620,0.022582,0.016151,0.145848
77630,0.032695,0.025248,0.159505
77640,0.041587,0.031802,0.194916
77650,0.026658,0.019379,0.139920
77660,0.026711,0.020797,0.132215
77670,0.039330,0.030336,0.174178
77680,0.009909,0.007824,0.046702
77690,0.029849,0.023171,0.141731
77700,0.060028,0.046875,0.232312
77710,0.017409,0.012145,0.129848
77720,0.015063,0.011285,0.095013
77730,0.039682,0.031164,0.174939
77740,0.016724,0.012803,0.087026
77750,0.033413,0.025301,0.164270
77760,0.021793,0.016240,0.140595
77770,0.028599,0.021805,0.150076
77780,0.001538,0.000949,0.109424
77790,0.011794,0.008903,0.100956
77800,0.014511,0.010520,0.133469
77810,0.033265,0.025052,0.165439
77820,0.029319,0.022250,0.169008
77830,0.030109,0.022812,0.183282
77840,0.034664,0.028147,0.184913
77850,0.014712,0.011204,0.119914
77860,0.029194,0.022690,0.140918
77870,0.013800,0.010449,0.076548
77880,0.019744,0.015931,0.150463
77890,0.022681,0.016440,0.135756
77900,0.021063,0.015679,0.130986
77910,0.015961,0.011822,0.132628
77920,0.017726,0.014279,0.135984
77930,0.031722,0.024042,0.153865
77940,0.015541,0.012270,0.135679
77950,0.044475,0.034060,0.191605
77960,0.026561,0.020552,0.141692
77970,0.028047,0.020704,0.156378
77980,0.019194,0.015187,0.150518
77990,0.032919,0.025249,0.168638
78000,0.013045,0.009783,0.068383
78010,0.023739,0.018542,0.085866
78020,0.041247,0.031945,0.186363
78030,0.016352,0.012545,0.104333
78040,0.027416,0.019942,0.136042
78050,0.027209,0.021514,0.122266
78060,0.006529,0.004506,0.044073
78070,0.027860,0.021027,0.122421
78080,0.001606,0.001082,0.120273
78090,0.039806,0.031513,0.179676
78100,0.020934,0.015601,0.118769
78110,0.033523,0.026308,0.151627
78120,0.024941,0.018559,0.145674
78130,0.031269,0.024654,0.152366
78140,0.016096,0.012078,0.087790
78150,0.022349,0.017136,0.110612
78160,0.029631,0.022398,0.157969
78170,0.027766,0.020975,0.141267
78180,0.017556,0.013003,0.125755
78190,0.009594,0.007073,0.099525
78200,0.017280,0.013118,0.106733
78210,0.002136,0.001470,0.122092
78220,0.030296,0.022619,0.159254
78230,0.016106,0.012056,0.130851
78240,0.005648,0.004362,0.092866
78250,0.008355,0.006347,0.112794
78260,0.010548,0.007989,0.064723
78270,0.038912,0.029654,0.174986
78280,0.025986,0.019783,0.148125
78290,0.003510,0.002790,0.086579
78300,0.020430,0.015143,0.148911
78310,0.023679,0.018721,0.100268
78320,0.039397,0.030559,0.154085
78330,0.036624,0.026856,0.166062
78340,0.041403,0.032775,0.179470
78350,0.029977,0.022437,0.166488
78360,0.049238,0.038210,0.196083
78370,0.046009,0.036112,0.200468
78380,0.034422,0.027482,0.171068
78390,0.027800,0.021882,0.141871
78400,0.045747,0.035534,0.187449
78410,0.029852,0.023498,0.158210
78420,0.023937,0.018636,0.114412
78430,0.041032,0.031506,0.188402
78440,0.064409,0.050533,0.234724
78450,0.026352,0.019508,0.144602
78460,0.016767,0.012395,0.129802
78470,0.008920,0.006613,0.087557
78480,0.029406,0.022105,0.146412
78490,0.020239,0.015662,0.103129
78500,0.029524,0.022093,0.167509
78510,0.006851,0.004842,0.028125
78520,0.018808,0.014260,0.135320
78530,0.038860,0.030395,0.171576
78540,0.021914,0.017297,0.151564
78550,0.022975,0.016780,0.114887
78560,0.041415,0.032384,0.159639
78570,0.020885,0.016526,0.141712
78580,0.012831,0.010403,0.151946
78590,0.013250,0.010130,0.114100
78600,0.029869,0.022617,0.145289
78610,0.014216,0.010452,0.114030
78620,0.024740,0.020173,0.141503
78630,0.017321,0.012723,0.119307
78640,0.030814,0.023700,0.118901
78650,0.033228,0.026031,0.175447
78660,0.024012,0.018423,0.132777
78670,0.022220,0.017109,0.112301
78680,0.003527,0.002477,0.130793
78690,0.027324,0.020795,0.149067
78700,0.015485,0.011269,0.131625
78710,0.025411,0.019756,0.147175
78720,0.039783,0.031011,0.187325
78730,0.031144,0.024401,0.117691
78740,0.033534,0.025862,0.158190
78750,0.013362,0.010158,0.074968
78760,0.026252,0.019902,0.119766
78770,0.039748,0.030547,0.153754
78780,0.038925,0.029238,0.170691
78790,0.006555,0.004537,0.114123
78800,0.002087,0.002212,0.129405
78810,0.047983,0.036678,0.192532
78820,0.031957,0.024663,0.158425
78830,0.003535,0.002434,0.100127
78840,0.020728,0.015608,0.118594
78850,0.017983,0.013855,0.137107
78860,0.001348,0.001033,0.171351
78870,0.021116,0.016772,0.112443
78880,0.027177,0.020441,0.138373
78890,0.015790,0.011639,0.110811
78900,0.030712,0.022977,0.144537
78910,0.034673,0.026465,0.158153
78920,0.021467,0.016426,0.125737
78930,0.002787,0.001924,0.243985
78940,0.021262,0.015351,0.140170
78950,0.024034,0.018286,0.151172
78960,0.022745,0.016882,0.132829
78970,0.013323,0.009893,0.113219
78980,0.027051,0.020839,0.124921
78990,0.027209,0.019361,0.175437
79000,0.049129,0.037158,0.197366
79010,0.022135,0.015887,0.149245
79020,0.028809,0.022247,0.150356
79030,0.020082,0.014804,0.149732
79040,0.035765,0.026932,0.157209
79050,0.044412,0.034548,0.185053
79060,0.009414,0.006765,0.130092
79070,0.013769,0.009870,0.121321
79080,0.040603,0.031191,0.160176
79090,0.012259,0.009011,0.113489
79100,0.034267,0.025955,0.168945
79110,0.003907,0.003081,0.101268
79120,0.033349,0.025743,0.158230
79130,0.032236,0.024752,0.156115
79140,0.018991,0.014163,0.120138
79150,0.012863,0.009202,0.111854
79160,0.024323,0.019310,0.162025
79170,0.012134,0.009915,0.077513
79180,0.017030,0.013750,0.123880
79190,0.017949,0.013911,0.150697
79200,0.017120,0.014043,0.092703
79210,0.017702,0.013304,0.136525
79220,0.011887,0.008957,0.074302
79230,0.025166,0.019026,0.115423
79240,0.050437,0.039059,0.186612
79250,0.039994,0.030815,0.179773
79260,0.014111,0.010756,0.104725
79270,0.005058,0.003377,0.113978
79280,0.027820,0.021279,0.153800
79290,0.029619,0.021012,0.182633
79300,0.034040,0.025713,0.163942
79310,0.031019,0.023460,0.156827
79320,0.025697,0.019500,0.134660
79330,0.030787,0.024038,0.161563
79340,0.026709,0.020622,0.134356
79350,0.031637,0.024439,0.151042
79360,0.031152,0.024087,0.155965
79370,0.038583,0.029394,0.173838
79380,0.002495,0.001793,0.058409
79390,0.023714,0.018716,0.143819
79400,0.028855,0.021875,0.152087
79410,0.029936,0.022777,0.123145
79420,0.014431,0.010714,0.122396
79430,0.005503,0.004548,0.099631
79440,0.034539,0.026302,0.176942
79450,0.029016,0.022541,0.144818
79460,0.068592,0.051923,0.238339
79470,0.016913,0.012556,0.116375
79480,0.035419,0.027559,0.178451
79490,0.021505,0.016319,0.095726
79500,0.031786,0.023948,0.151723
79510,0.029661,0.021306,0.163140
79520,0.020773,0.015877,0.097430
79530,0.016165,0.012610,0.145548
79540,0.016425,0.012983,0.088737
79550,0.018654,0.014495,0.114044
79560,0.015649,0.011896,0.118460
79570,0.019896,0.013119,0.153669
79580,0.042592,0.032235,0.187019
79590,0.027972,0.021761,0.137398
79600,0.024573,0.018449,0.139841
79610,0.004642,0.003227,0.094235
79620,0.043547,0.036666,0.173035
79630,0.030951,0.024011,0.156848
79640,0.015117,0.011912,0.183799
79650,0.019604,0.014579,0.142489
79660,0.017843,0.014546,0.145320
79670,0.034957,0.026941,0.165742
79680,0.032637,0.024142,0.166445
79690,0.025692,0.019963,0.118902
79700,0.045970,0.035484,0.192724
79710,0.030243,0.023084,0.187723
79720,0.041737,0.032447,0.189890
79730,0.044715,0.034220,0.190467
79740,0.046695,0.036050,0.186918
79750,0.047181,0.037152,0.192774
79760,0.023600,0.018485,0.142666
79770,0.023475,0.017572,0.139083
79780,0.007219,0.005005,0.134787
79790,0.013497,0.010746,0.130693
79800,0.048616,0.037068,0.201415
79810,0.025360,0.019247,0.123687
79820,0.031272,0.023322,0.150751
79830,0.046948,0.038156,0.198617
79840,0.031743,0.023785,0.154956
79850,0.037976,0.028459,0.173401
79860,0.013365,0.009750,0.115496
79870,0.015445,0.010918,0.132323
79880,0.012358,0.009030,0.106797
79890,0.033344,0.025850,0.167077
79900,0.030994,0.024078,0.153678
79910,0.000170,0.000054,0.000342
79920,0.030431,0.023597,0.138883
79930,0.013427,0.009796,0.125015
79940,0.032601,0.024951,0.166333
79950,0.026044,0.019914,0.166266
79960,0.036692,0.028291,0.172944
79970,0.041637,0.032659,0.175734
79980,0.048003,0.036973,0.194986
79990,0.015402,0.012111,0.136712
80000,0.018862,0.013626,0.118660
80010,0.040144,0.031583,0.183453
80020,0.033931,0.025954,0.162250
80030,0.021257,0.016003,0.138984
80040,0.036524,0.027860,0.184837
80050,0.036358,0.028143,0.173995
80060,0.021695,0.016201,0.146453
80070,0.045589,0.034337,0.204615
80080,0.001475,0.001029,0.086403
80090,0.025665,0.020285,0.119784
80100,0.033075,0.025798,0.160865
80110,0.056527,0.043281,0.213907
80120,0.011244,0.008282,0.054782
80130,0.016277,0.012374,0.132264
80140,0.009649,0.006925,0.106928
80150,0.045698,0.035321,0.180248
80160,0.000453,0.000410,0.050045
80170,0.007541,0.005505,0.038358
80180,0.003431,0.002214,0.022948
80190,0.018990,0.014068,0.143950
80200,0.025536,0.018945,0.134726
80210,0.010562,0.007771,0.121579
80220,0.016772,0.012635,0.111241
80230,0.030736,0.023323,0.155781
80240,0.009028,0.007029,0.153531
80250,0.023032,0.016774,0.112750
80260,0.030717,0.023215,0.157478
80270,0.000002,0.000003,0.000008
80280,0.024778,0.019515,0.147482
80290,0.019859,0.014850,0.096902
80300,0.019797,0.014456,0.133196
80310,0.033291,0.024579,0.158734
80320,0.035743,0.028250,0.161512
80330,0.042124,0.032252,0.165612
80340,0.031499,0.024318,0.154766
80350,0.014538,0.010721,0.115856
80360,0.008023,0.006189,0.077435
80370,0.036316,0.028990,0.173044
80380,0.046751,0.036031,0.193882
80390,0.025242,0.019966,0.152078
80400,0.012645,0.009650,0.102986
80410,0.013821,0.010763,0.114877
80420,0.049557,0.039016,0.214616
80430,0.013886,0.010365,0.124242
80440,0.013930,0.010827,0.097270
80450,0.045408,0.035292,0.189009
80460,0.029916,0.021503,0.212732
80470,0.025316,0.019684,0.116404
80480,0.016684,0.012864,0.133945
80490,0.022451,0.017649,0.099032
80500,0.018655,0.014150,0.107387
80510,0.014436,0.010813,0.114734
80520,0.016313,0.012522,0.136740
80530,0.023095,0.017552,0.129148
80540,0.065438,0.050702,0.235204
80550,0.030975,0.024083,0.152189
80560,0.061637,0.047512,0.222875
80570,0.040775,0.031340,0.177595
80580,0.000011,0.000023,0.000057
80590,0.044814,0.034758,0.185688
80600,0.050326,0.038510,0.201315
80610,0.045110,0.034672,0.209851
80620,0.013685,0.010494,0.096896
80630,0.016432,0.012418,0.132701
80640,0.042331,0.032002,0.186400
80650,0.024403,0.018113,0.142383
80660,0.036836,0.028421,0.175266
80670,0.046723,0.036454,0.191539
80680,0.029380,0.022871,0.154595
80690,0.040197,0.031351,0.183614
80700,0.026165,0.020288,0.146031
80710,0.039390,0.029706,0.192167
80720,0.011883,0.008464,0.136587
80730,0.044743,0.034695,0.202914
80740,0.033947,0.025649,0.166337
80750,0.017570,0.013138,0.118375
80760,0.045136,0.034523,0.202130
80770,0.018410,0.013928,0.158038
80780,0.037466,0.028719,0.170857
80790,0.028177,0.021974,0.141707
80800,0.077023,0.065912,0.338178
80810,0.014763,0.011332,0.108026
80820,0.033896,0.025397,0.165856
80830,0.030214,0.023214,0.149008
80840,0.023082,0.018169,0.132476
80850,0.024436,0.018618,0.138829
80860,0.046138,0.034981,0.187185
80870,0.018759,0.013737,0.129766
80880,0.023816,0.018196,0.132969
80890,0.019975,0.015123,0.124900
80900,0.043048,0.033589,0.190218
80910,0.019125,0.014623,0.106485
80920,0.034297,0.026196,0.174568
80930,0.007075,0.005007,0.110368
80940,0.029346,0.022816,0.128414
80950,0.059653,0.045888,0.222306
80960,0.036849,0.028065,0.166336
80970,0.022917,0.017436,0.142108
80980,0.016574,0.012534,0.099271
80990,0.020954,0.015446,0.146374
81000,0.049600,0.038257,0.195631
81010,0.025629,0.018960,0.138261
81020,0.021733,0.015665,0.123151
81030,0.018355,0.013785,0.120052
81040,0.013522,0.009890,0.108209
81050,0.024968,0.018828,0.142430
81060,0.028134,0.022626,0.137216
81070,0.014841,0.011723,0.151595
81080,0.031832,0.024224,0.159601
81090,0.021904,0.016294,0.134277
81100,0.027849,0.020315,0.148929
81110,0.030189,0.022964,0.158876
81120,0.035805,0.027602,0.180768
81130,0.007035,0.004803,0.048864
81140,0.026332,0.019673,0.137512
81150,0.005024,0.003697,0.068380
81160,0.005091,0.003389,0.124448
81170,0.011922,0.008717,0.108840
81180,0.022788,0.017917,0.141304
81190,0.024187,0.019431,0.120591
81200,0.031578,0.024105,0.156355
81210,0.022059,0.015753,0.157885
81220,0.012426,0.009346,0.101484
81230,0.015105,0.010740,0.139077
81240,0.034688,0.026401,0.171628
81250,0.027037,0.020587,0.141315
81260,0.039745,0.031348,0.176873
81270,0.006465,0.004689,0.095374
81280,0.003196,0.002836,0.034135
81290,0.113258,0.082125,0.322700
81300,0.024127,0.018551,0.115491
81310,0.013254,0.010261,0.115200
81320,0.021841,0.016768,0.142320
81330,0.027854,0.021299,0.132351
81340,0.023875,0.019209,0.142937
81350,0.009442,0.008681,0.053371
81360,0.025076,0.019397,0.136251
81370,0.035116,0.027442,0.160797
81380,0.028553,0.022005,0.147684
81390,0.032552,0.025000,0.159949
81400,0.021080,0.016219,0.127576
81410,0.037427,0.028627,0.170843
81420,0.034204,0.027344,0.155162
81430,0.013918,0.010693,0.105442
81440,0.022940,0.017199,0.128831
81450,0.034824,0.027033,0.167779
81460,0.024830,0.018806,0.140250
81470,0.035904,0.027379,0.161489
81480,0.049764,0.038866,0.199788
81490,0.058484,0.044720,0.233917
81500,0.029487,0.022583,0.155833
81510,0.029490,0.022830,0.147765
81520,0.004217,0.003255,0.145642
81530,0.008695,0.007269,0.057156
81540,0.016333,0.012130,0.107876
81550,0.026643,0.020390,0.136967
81560,0.030110,0.024030,0.140739
81570,0.034067,0.026357,0.164926
81580,0.023654,0.017657,0.139332
81590,0.039295,0.030598,0.172175
81600,0.031440,0.024907,0.168539
81610,0.014981,0.011473,0.120569
81620,0.037410,0.029498,0.184424
81630,0.040128,0.030521,0.161839
81640,0.034239,0.026829,0.132754
81650,0.015596,0.013262,0.256306
81660,0.037117,0.028272,0.170529
81670,0.028014,0.020785,0.151202
81680,0.031027,0.025877,0.179474
81690,0.037227,0.028806,0.169564
81700,0.028618,0.020934,0.144706
81710,0.021773,0.016601,0.123209
81720,0.026289,0.021935,0.120438
81730,0.041150,0.031984,0.177448
81740,0.020557,0.014344,0.127048
81750,0.033240,0.025471,0.169136
81760,0.024705,0.019027,0.145075
81770,0.050210,0.039129,0.205695
81780,0.022947,0.018247,0.105838
81790,0.030059,0.023033,0.154797
81800,0.012817,0.009723,0.100497
81810,0.017733,0.013015,0.129299
81820,0.043392,0.033288,0.159619
81830,0.009674,0.007563,0.057319
81840,0.044235,0.034690,0.187138
81850,0.029890,0.023118,0.151100
81860,0.069616,0.054451,0.249231
81870,0.023087,0.017813,0.135047
81880,0.033470,0.026080,0.160427
81890,0.002125,0.001525,0.157064
81900,0.028249,0.021398,0.140308
81910,0.021773,0.018437,0.167414
81920,0.051103,0.037671,0.206718
81930,0.034738,0.026799,0.164589
81940,0.032352,0.024552,0.165309
81950,0.016241,0.012096,0.123522
81960,0.048714,0.037248,0.200757
81970,0.046934,0.036360,0.193426
81980,0.021640,0.015702,0.148511
81990,0.047269,0.037365,0.181150
82000,0.006847,0.005189,0.143836
82010,0.035490,0.027443,0.160287
82020,0.030409,0.024895,0.174923
82030,0.020612,0.015945,0.145011
82040,0.014384,0.010685,0.107088
82050,0.020269,0.014945,0.126194
82060,0.026719,0.020720,0.125284
82070,0.037306,0.027735,0.188468
82080,0.001788,0.001248,0.087262
82090,0.020354,0.015604,0.094478
82100,0.037902,0.029482,0.147103
82110,0.022753,0.017360,0.134770
82120,0.034741,0.026670,0.153491
82130,0.013772,0.010453,0.078442
82140,0.016358,0.011958,0.118816
82150,0.034162,0.026727,0.149913
82160,0.029990,0.021904,0.162331
82170,0.037561,0.028999,0.166868
82180,0.022966,0.017734,0.110448
82190,0.022049,0.016234,0.146525
82200,0.034776,0.026994,0.147897
82210,0.046365,0.035152,0.193453
82220,0.045384,0.035728,0.190305
82230,0.012339,0.009027,0.103740
82240,0.009795,0.007153,0.093388
82250,0.028974,0.022773,0.155414
82260,0.010395,0.008464,0.047580
82270,0.022578,0.016775,0.148490
82280,0.015572,0.012058,0.120794
82290,0.015918,0.011908,0.133148
82300,0.038399,0.028929,0.177833
82310,0.041074,0.031226,0.178981
82320,0.058217,0.044576,0.214514
82330,0.031931,0.024305,0.152717
82340,0.030779,0.023274,0.149973
82350,0.033379,0.025259,0.170331
82360,0.018226,0.013682,0.129419
82370,0.021559,0.016222,0.131291
82380,0.008691,0.006252,0.157258
82390,0.027477,0.022051,0.131569
82400,0.032557,0.024872,0.170638
82410,0.030530,0.023119,0.173225
82420,0.018661,0.014593,0.100726
82430,0.003770,0.002949,0.138545
82440,0.017564,0.013180,0.111416
82450,0.022779,0.016936,0.153042
82460,0.049554,0.038123,0.198613
82470,0.021766,0.016855,0.119345
82480,0.040243,0.031125,0.191492
82490,0.042158,0.033461,0.197039
82500,0.028785,0.023128,0.158383
82510,0.032225,0.024679,0.161629
82520,0.016931,0.013167,0.087778
82530,0.023649,0.017929,0.138887
82540,0.038673,0.029720,0.166774
82550,0.038015,0.028984,0.157479
82560,0.037786,0.028468,0.167722
82570,0.026237,0.020253,0.139039
82580,0.015779,0.011679,0.140144
82590,0.015854,0.012100,0.117877
82600,0.023963,0.017272,0.145800
82610,0.030134,0.023299,0.152792
82620,0.022581,0.017187,0.141584
82630,0.047654,0.036925,0.180883
82640,0.028265,0.021673,0.118423
82650,0.029728,0.023169,0.148016
82660,0.005423,0.004091,0.117447
82670,0.017063,0.013082,0.116930
82680,0.029090,0.021688,0.128624
82690,0.027723,0.021390,0.144913
82700,0.034469,0.025782,0.170853
82710,0.034108,0.025918,0.157611
82720,0.025225,0.019713,0.137122
82730,0.020924,0.015912,0.088106
82740,0.050221,0.039952,0.201999
82750,0.025117,0.019021,0.142656
82760,0.022114,0.016440,0.137728
82770,0.022628,0.016488,0.139267
82780,0.031526,0.024528,0.152591
82790,0.022262,0.017000,0.140943
82800,0.023005,0.017903,0.146141
82810,0.035439,0.028002,0.159921
82820,0.009057,0.006816,0.075794
82830,0.047320,0.037078,0.197639
82840,0.023607,0.017970,0.138495
82850,0.020956,0.015542,0.127294
82860,0.022199,0.017067,0.135174
82870,0.020188,0.015374,0.126259
82880,0.027310,0.021036,0.151378
82890,0.022643,0.017082,0.129240
82900,0.017241,0.012906,0.126503
82910,0.030468,0.023295,0.160068
82920,0.024420,0.018675,0.149269
82930,0.043244,0.034278,0.170656
82940,0.023182,0.016718,0.148667
82950,0.009022,0.006358,0.114513
82960,0.018648,0.014069,0.122613
82970,0.039440,0.029815,0.183288
82980,0.059150,0.045970,0.214166
82990,0.037186,0.029599,0.179931
83000,0.022363,0.016517,0.150682
83010,0.010418,0.007550,0.087549
83020,0.031458,0.024211,0.135472
83030,0.016027,0.011746,0.118978
83040,0.042054,0.032546,0.184161
83050,0.019537,0.014157,0.133456
83060,0.068644,0.053995,0.272154
83070,0.030946,0.023610,0.160889
83080,0.026578,0.020480,0.151976
83090,0.042427,0.032570,0.188572
83100,0.003682,0.003574,0.026461
83110,0.037586,0.028637,0.170300
83120,0.002232,0.001634,0.107546
83130,0.044623,0.034874,0.191044
83140,0.031841,0.025039,0.141201
83150,0.033924,0.025338,0.163489
83160,0.029778,0.022164,0.149667
83170,0.047539,0.036705,0.222276
83180,0.004911,0.003748,0.100924
83190,0.028072,0.021300,0.136477
83200,0.021349,0.016532,0.151811
83210,0.028814,0.022328,0.139029
83220,0.021763,0.015496,0.134358
83230,0.012711,0.010051,0.075209
83240,0.047237,0.036945,0.193898
83250,0.042098,0.033271,0.191694
83260,0.031957,0.024086,0.156393
83270,0.010171,0.007903,0.109404
83280,0.033950,0.026515,0.168466
83290,0.064550,0.044782,0.356894
83300,0.014063,0.010566,0.116015
83310,0.041290,0.032690,0.191420
83320,0.014738,0.011612,0.085603
83330,0.037659,0.028430,0.181273
83340,0.037401,0.028174,0.172618
83350,0.032925,0.024697,0.167241
83360,0.032747,0.025511,0.157968
83370,0.021658,0.016346,0.149365
83380,0.012741,0.008559,0.119501
83390,0.017927,0.013786,0.132461
83400,0.020224,0.015396,0.106045
83410,0.003642,0.002436,0.114596
83420,0.002426,0.001799,0.069944
83430,0.029607,0.022339,0.148953
83440,0.026775,0.020396,0.135658
83450,0.008634,0.005814,0.141076
83460,0.022508,0.016448,0.156450
83470,0.016495,0.012502,0.126411
83480,0.016205,0.012571,0.131713
83490,0.028024,0.020442,0.150916
83500,0.011866,0.008848,0.075584
83510,0.051750,0.040135,0.217072
83520,0.060350,0.045482,0.233527
83530,0.018852,0.014265,0.087550
83540,0.014353,0.010518,0.108722
83550,0.021607,0.016359,0.146488
83560,0.029164,0.021418,0.148005
83570,0.045740,0.036646,0.209243
83580,0.019569,0.015056,0.129891
83590,0.019983,0.014768,0.145984
83600,0.016819,0.013626,0.101282
83610,0.033467,0.025682,0.159410
83620,0.016846,0.013747,0.076150
83630,0.001921,0.001419,0.020114
83640,0.059159,0.044867,0.236148
83650,0.030018,0.022553,0.148448
83660,0.045207,0.035846,0.195855
83670,0.017194,0.012941,0.143411
83680,0.001886,0.001558,0.066983
83690,0.040859,0.031409,0.182161
83700,0.035963,0.028535,0.159870
83710,0.009923,0.007571,0.068909
83720,0.033135,0.024825,0.161779
83730,0.022576,0.016924,0.138008
83740,0.022598,0.018575,0.130914
83750,0.011843,0.008707,0.120136
83760,0.016450,0.012905,0.113816
83770,0.002345,0.002090,0.315145
83780,0.028023,0.021107,0.148295
83790,0.036131,0.027927,0.163054
83800,0.029736,0.022834,0.154299
83810,0.016138,0.011990,0.130844
83820,0.035440,0.026528,0.161775
83830,0.044029,0.033757,0.191361
83840,0.022265,0.017409,0.134452
83850,0.046719,0.036634,0.188434
83860,0.038803,0.029310,0.149488
83870,0.008339,0.005926,0.059698
83880,0.010576,0.007497,0.139276
83890,0.050911,0.038489,0.201861
83900,0.022177,0.017439,0.154436
83910,0.050950,0.039346,0.202834
83920,0.041825,0.032214,0.160314
83930,0.005100,0.003589,0.093334
83940,0.026848,0.020484,0.141733
83950,0.023713,0.018275,0.146104
83960,0.023825,0.018329,0.139308
83970,0.028841,0.022476,0.159504
83980,0.008192,0.006008,0.064362
83990,0.040652,0.030661,0.180833
84000,0.017575,0.013621,0.124539
84010,0.046279,0.035733,0.185373
84020,0.022240,0.017264,0.133362
84030,0.020466,0.013064,0.145907
84040,0.021886,0.016947,0.128056
84050,0.029896,0.023197,0.137713
84060,0.019940,0.015165,0.120889
84070,0.017265,0.012513,0.112785
84080,0.014727,0.011345,0.084655
84090,0.033393,0.025249,0.182941
84100,0.021089,0.015815,0.129002
84110,0.042492,0.032790,0.178331
84120,0.026287,0.020170,0.146514
84130,0.059318,0.045721,0.224898
84140,0.007321,0.005186,0.206185
84150,0.018363,0.013628,0.122591
84160,0.005348,0.003878,0.108328
84170,0.022182,0.018080,0.131425
84180,0.005062,0.003612,0.182146
84190,0.024086,0.019160,0.103080
84200,0.015039,0.011296,0.117560
84210,0.044875,0.034645,0.185225
84220,0.013636,0.010141,0.111279
84230,0.018897,0.013814,0.125054
84240,0.029470,0.022556,0.147040
84250,0.033595,0.026314,0.177901
84260,0.014113,0.010692,0.150240
84270,0.027546,0.022729,0.136574
84280,0.005513,0.004110,0.041830
84290,0.030322,0.023562,0.115856
84300,0.021793,0.017084,0.134419
84310,0.004239,0.003294,0.040645
84320,0.032001,0.024732,0.154856
84330,0.036758,0.027450,0.185619
84340,0.038468,0.029447,0.158744
84350,0.033931,0.025994,0.171720
84360,0.002139,0.002494,0.305983
84370,0.041499,0.031665,0.192647
84380,0.009418,0.007500,0.110380
84390,0.032292,0.024552,0.174337
84400,0.000006,0.000010,0.000027
84410,0.029620,0.021981,0.161522
84420,0.036659,0.028319,0.166996
84430,0.005587,0.003476,0.108985
84440,0.023106,0.017624,0.138692
84450,0.009347,0.006355,0.147586
84460,0.032302,0.024984,0.162600
84470,0.052251,0.040428,0.207757
84480,0.020900,0.015972,0.131300
84490,0.040677,0.033937,0.173726
84500,0.019099,0.014647,0.126365
84510,0.039969,0.030514,0.185536
84520,0.014297,0.010504,0.128788
84530,0.008060,0.005666,0.130405
84540,0.008836,0.006563,0.096096
84550,0.032864,0.025497,0.158137
84560,0.036816,0.028173,0.167659
84570,0.005067,0.003761,0.112247
84580,0.005386,0.004457,0.038087
84590,0.019722,0.015660,0.085239
84600,0.031300,0.023285,0.158980
84610,0.028009,0.021763,0.156689
84620,0.021743,0.016624,0.126034
84630,0.044447,0.034443,0.183499
84640,0.018812,0.014474,0.123250
84650,0.027534,0.021213,0.165546
84660,0.018174,0.014177,0.126565
84670,0.028189,0.021569,0.145971
84680,0.023681,0.018266,0.102400
84690,0.045973,0.036366,0.206436
84700,0.030833,0.023840,0.160433
84710,0.029730,0.022510,0.142095
84720,0.022879,0.018376,0.117855
84730,0.061057,0.047665,0.226624
84740,0.030481,0.023833,0.118230
84750,0.022814,0.017396,0.152602
84760,0.013875,0.010498,0.098472
84770,0.013640,0.010572,0.120269
84780,0.041441,0.032672,0.188013
84790,0.015918,0.012114,0.101341
84800,0.029644,0.022254,0.147186
84810,0.020658,0.014816,0.136652
84820,0.015894,0.012689,0.066573
84830,0.044910,0.034486,0.196114
84840,0.019819,0.014829,0.120633
84850,0.008225,0.006579,0.065100
84860,0.025128,0.018779,0.138527
84870,0.049575,0.038582,0.205295
84880,0.017117,0.012309,0.126695
84890,0.003495,0.003440,0.191864
84900,0.005871,0.004701,0.142408
84910,0.015889,0.011868,0.116828
84920,0.040558,0.031295,0.160574
84930,0.036927,0.029645,0.177694
84940,0.029433,0.032531,0.189510
84950,0.011722,0.008844,0.062095
84960,0.023857,0.017783,0.148193
84970,0.020320,0.015687,0.117791
84980,0.029526,0.022537,0.144901
84990,0.048313,0.037963,0.204016
85000,0.012347,0.008947,0.101217
85010,0.027526,0.021844,0.140510
85020,0.033663,0.024960,0.167676
85030,0.042467,0.032881,0.191256
85040,0.012520,0.009469,0.103227
85050,0.015858,0.011629,0.115347
85060,0.038078,0.029791,0.179427
85070,0.011507,0.008402,0.110224
85080,0.023825,0.018129,0.128841
85090,0.028145,0.022239,0.138979
85100,0.050308,0.038932,0.200460
85110,0.040405,0.031547,0.184129
85120,0.034199,0.026113,0.162159
85130,0.007953,0.005637,0.108021
85140,0.026462,0.019138,0.142271
85150,0.031363,0.024294,0.141603
85160,0.024790,0.018512,0.134404
85170,0.040771,0.031834,0.182801
85180,0.017025,0.013268,0.118409
85190,0.035365,0.027519,0.165977
85200,0.016095,0.012277,0.112168
85210,0.035497,0.026663,0.165961
85220,0.036128,0.027936,0.147500
85230,0.031754,0.025597,0.165178
85240,0.013096,0.009464,0.156592
85250,0.035157,0.027418,0.160668
85260,0.014579,0.011162,0.112401
85270,0.035084,0.027001,0.168694
85280,0.043159,0.033808,0.184632
85290,0.030550,0.023695,0.159296
85300,0.014769,0.010422,0.126673
85310,0.047089,0.037906,0.214721
85320,0.039388,0.030318,0.179866
85330,0.038830,0.029465,0.169549
85340,0.017028,0.012606,0.115093
85350,0.029729,0.022838,0.154611
85360,0.046860,0.036102,0.185102
85370,0.015461,0.011093,0.081534
85380,0.036634,0.027676,0.149202
85390,0.011326,0.008812,0.129030
85400,0.019353,0.015080,0.123663
85410,0.024280,0.017542,0.143614
85420,0.017284,0.012340,0.133310
85430,0.005127,0.003728,0.102528
85440,0.014889,0.012093,0.141113
85450,0.016998,0.012572,0.166952
85460,0.035432,0.027238,0.144964
85470,0.022926,0.017356,0.146129
85480,0.010451,0.007776,0.107617
85490,0.020559,0.015058,0.151066
85500,0.039212,0.030231,0.177821
85510,0.011917,0.008984,0.105649
85520,0.017387,0.013201,0.111869
85530,0.030859,0.023435,0.157608
85540,0.030971,0.024221,0.170703
85550,0.028897,0.021164,0.168577
85560,0.006048,0.004504,0.082119
85570,0.024404,0.018882,0.144437
85580,0.039831,0.029948,0.181595
85590,0.035954,0.027487,0.172242
85600,0.032395,0.024816,0.166465
85610,0.045934,0.036900,0.198424
85620,0.018580,0.014329,0.110639
85630,0.010709,0.008479,0.097183
85640,0.052424,0.041997,0.213073
85650,0.036575,0.028844,0.200539
85660,0.025393,0.019235,0.140173
85670,0.020232,0.015455,0.079951
85680,0.020722,0.015833,0.114688
85690,0.014155,0.010655,0.116193
85700,0.024146,0.019198,0.112054
85710,0.002490,0.002229,0.082897
85720,0.014264,0.010744,0.108185
85730,0.037382,0.028267,0.170541
85740,0.037829,0.029216,0.176568
85750,0.042060,0.033504,0.172916
85760,0.042051,0.031758,0.185268
85770,0.016625,0.012690,0.108590
85780,0.021503,0.016785,0.145882
85790,0.011224,0.008369,0.115588
85800,0.036037,0.028192,0.161798
85810,0.051634,0.042575,0.222188
85820,0.030718,0.024379,0.137412
85830,0.013533,0.009814,0.101541
85840,0.035604,0.027445,0.163615
85850,0.035356,0.026590,0.157311
85860,0.005944,0.004448,0.105651
85870,0.036547,0.028466,0.171223
85880,0.017155,0.013431,0.081227
85890,0.002207,0.001960,0.064004
85900,0.026756,0.020614,0.141828
85910,0.033490,0.025981,0.148094
85920,0.021166,0.015870,0.128473
85930,0.001848,0.001276,0.131702
85940,0.010455,0.008508,0.061687
85950,0.035195,0.026940,0.162001
85960,0.011918,0.009038,0.110695
85970,0.014523,0.011604,0.066357
85980,0.011485,0.008926,0.078792
85990,0.021841,0.016213,0.141919
86000,0.022863,0.017566,0.130569
86010,0.021475,0.015799,0.146816
86020,0.014670,0.010971,0.133466
86030,0.021092,0.014877,0.085565
86040,0.033969,0.027124,0.179845
86050,0.028705,0.021352,0.152527
86060,0.019258,0.015518,0.098967
86070,0.027609,0.020863,0.145825
86080,0.014173,0.010744,0.117359
86090,0.050422,0.038942,0.205923
86100,0.023179,0.018195,0.142166
86110,0.015504,0.011496,0.118319
86120,0.038242,0.030263,0.170168
86130,0.039549,0.029669,0.168835
86140,0.003267,0.002459,0.131195
86150,0.028492,0.021029,0.156829
86160,0.021629,0.016452,0.130974
86170,0.010080,0.008659,0.064895
86180,0.031368,0.024230,0.141033
86190,0.034895,0.026473,0.161945
86200,0.037687,0.029471,0.176803
86210,0.029153,0.021699,0.134505
86220,0.048618,0.037408,0.193976
86230,0.014524,0.010519,0.104954
86240,0.034189,0.026671,0.152370
86250,0.000079,0.000083,0.000244
86260,0.032663,0.024787,0.140603
86270,0.050781,0.040371,0.212695
86280,0.040394,0.031877,0.187604
86290,0.041578,0.031521,0.175896
86300,0.033811,0.026528,0.172939
86310,0.029458,0.022594,0.149706
86320,0.035255,0.027088,0.164317
86330,0.014284,0.010593,0.083239
86340,0.032691,0.025122,0.164284
86350,0.024202,0.018675,0.113126
86360,0.035830,0.028438,0.179451
86370,0.023268,0.017774,0.134540
86380,0.029759,0.022423,0.115867
86390,0.033981,0.025603,0.166519
86400,0.037482,0.028687,0.167399
86410,0.030990,0.023421,0.160475
86420,0.021919,0.015688,0.138698
86430,0.016741,0.012710,0.134269
86440,0.035230,0.027766,0.167419
86450,0.009248,0.006605,0.125218
86460,0.007180,0.005438,0.110447
86470,0.066962,0.052235,0.239623
86480,0.053858,0.041506,0.204859
86490,0.021532,0.016959,0.126962
86500,0.016564,0.012010,0.124531
86510,0.020639,0.015959,0.130798
86520,0.031940,0.025080,0.130244
86530,0.050905,0.039623,0.188627
86540,0.031231,0.023910,0.150986
86550,0.040094,0.031217,0.182948
86560,0.013958,0.010809,0.100146
86570,0.031307,0.024404,0.160243
86580,0.032438,0.023563,0.161663
86590,0.034187,0.026924,0.174570
86600,0.025918,0.019909,0.155915
86610,0.036463,0.029811,0.149544
86620,0.034140,0.026677,0.168726
86630,0.028169,0.021773,0.151464
86640,0.042110,0.032831,0.162606
86650,0.032091,0.024981,0.150005
86660,0.016701,0.012852,0.081690
86670,0.014312,0.010708,0.072892
86680,0.000083,0.000064,0.000239
86690,0.030381,0.024017,0.154612
86700,0.013934,0.010583,0.204909
86710,0.040606,0.032538,0.165061
86720,0.015317,0.011349,0.127077
86730,0.028652,0.023784,0.147995
86740,0.010091,0.007445,0.099094
86750,0.036482,0.027828,0.154191
86760,0.022966,0.017488,0.135815
86770,0.039252,0.030225,0.171228
86780,0.018454,0.013714,0.116828
86790,0.042356,0.032631,0.182044
86800,0.033298,0.024723,0.170569
86810,0.023172,0.017846,0.132130
86820,0.028279,0.022134,0.127628
86830,0.034133,0.027247,0.166233
86840,0.036612,0.027594,0.184844
86850,0.027503,0.020633,0.144814
86860,0.013485,0.009808,0.111082
86870,0.050669,0.038942,0.207448
86880,0.020359,0.017815,0.129591
86890,0.015807,0.011498,0.123306
86900,0.029973,0.024315,0.107397
86910,0.005403,0.004380,0.080124
86920,0.065629,0.050796,0.245339
86930,0.038567,0.029933,0.157919
86940,0.044831,0.034332,0.188068
86950,0.015967,0.011858,0.119265
86960,0.014954,0.011053,0.117066
86970,0.010504,0.007963,0.114440
86980,0.023878,0.017838,0.148038
86990,0.022236,0.018179,0.131602
87000,0.038173,0.029276,0.166448
87010,0.012549,0.009062,0.115479
87020,0.043814,0.034201,0.201184
87030,0.016181,0.011996,0.116867
87040,0.018596,0.014361,0.134986
87050,0.020870,0.015189,0.145060
87060,0.045608,0.035154,0.190588
87070,0.032982,0.025221,0.168504
87080,0.027657,0.021915,0.123754
87090,0.030209,0.023163,0.142488
87100,0.022177,0.017215,0.140048
87110,0.023625,0.018128,0.136186
87120,0.014569,0.010023,0.202368
87130,0.050177,0.038197,0.214310
87140,0.007637,0.005724,0.125360
87150,0.020512,0.016399,0.120532
87160,0.015621,0.011766,0.114575
87170,0.009029,0.007106,0.076095
87180,0.014920,0.011120,0.134554
87190,0.040130,0.031346,0.171414
87200,0.028998,0.022317,0.141451
87210,0.038686,0.029512,0.171262
87220,0.025682,0.019615,0.132603
87230,0.044711,0.034383,0.173955
87240,0.040383,0.030905,0.181269
87250,0.037944,0.029214,0.176882
87260,0.027871,0.021425,0.154147
87270,0.016822,0.013339,0.125502
87280,0.028325,0.021785,0.120390
87290,0.014322,0.010963,0.102047
87300,0.030443,0.023442,0.154061
87310,0.026737,0.020826,0.127137
87320,0.017495,0.014414,0.135000
87330,0.040669,0.031053,0.178241
87340,0.005670,0.004022,0.097325
87350,0.041602,0.031672,0.185117
87360,0.027622,0.021421,0.146814
87370,0.034353,0.025725,0.190358
87380,0.008579,0.006340,0.081757
87390,0.026399,0.020117,0.141391
87400,0.042097,0.031828,0.184253
87410,0.024419,0.019397,0.153859
87420,0.033321,0.025495,0.162761
87430,0.045250,0.034679,0.190675
87440,0.029218,0.022201,0.155151
87450,0.022826,0.017191,0.140193
87460,0.010644,0.008068,0.120398
87470,0.032935,0.025107,0.161409
87480,0.032967,0.025088,0.140321
87490,0.023578,0.018912,0.123576
87500,0.032957,0.025047,0.163420
87510,0.019383,0.014861,0.138902
87520,0.026683,0.021043,0.146064
87530,0.016975,0.013088,0.125553
87540,0.040954,0.031658,0.181438
87550,0.045397,0.034820,0.196673
87560,0.045541,0.034682,0.197273
87570,0.002069,0.001248,0.115783
87580,0.040437,0.031248,0.171632
87590,0.029793,0.023212,0.136670
87600,0.024511,0.018606,0.118879
87610,0.029722,0.022951,0.152572
87620,0.014586,0.010328,0.127420
87630,0.017984,0.013323,0.135633
87640,0.020521,0.015513,0.139362
87650,0.006266,0.004914,0.133617
87660,0.020839,0.015537,0.093708
87670,0.013423,0.010180,0.102092
87680,0.031477,0.024658,0.158868
87690,0.026682,0.020655,0.159395
87700,0.023989,0.018475,0.137265
87710,0.019466,0.015842,0.078455
87720,0.017367,0.013148,0.128302
87730,0.031042,0.023151,0.159922
87740,0.016783,0.012591,0.122858
87750,0.034796,0.026817,0.178193
87760,0.019741,0.015941,0.076823
87770,0.017379,0.012963,0.121095
87780,0.009105,0.006862,0.063000
87790,0.053036,0.041853,0.207527
87800,0.002919,0.002262,0.253784
87810,0.032929,0.025388,0.155851
87820,0.037616,0.031973,0.187200
87830,0.025223,0.018953,0.137665
87840,0.007811,0.006026,0.050916
87850,0.015724,0.011617,0.135966
87860,0.018639,0.014344,0.120086
87870,0.014079,0.010532,0.114016
87880,0.014095,0.010634,0.164274
87890,0.027136,0.021068,0.149641
87900,0.021312,0.013992,0.175768
87910,0.028878,0.021885,0.148484
87920,0.027358,0.020885,0.172978
87930,0.048043,0.037465,0.210340
87940,0.012260,0.009227,0.118779
87950,0.044613,0.034980,0.187800
87960,0.021935,0.016757,0.134836
87970,0.017765,0.013689,0.092576
87980,0.027040,0.019975,0.153766
87990,0.014393,0.010694,0.128187
88000,0.034570,0.026543,0.143130
88010,0.013511,0.010051,0.085722
88020,0.004765,0.003549,0.184187
88030,0.025438,0.019513,0.145347
88040,0.022845,0.017235,0.131581
88050,0.002795,0.002181,0.104160
88060,0.014972,0.011770,0.087084
88070,0.023685,0.018195,0.141458
88080,0.026950,0.020183,0.162415
88090,0.039387,0.030160,0.175393
88100,0.025269,0.018541,0.145723
88110,0.017549,0.013465,0.137715
88120,0.025831,0.019819,0.147303
88130,0.014703,0.010774,0.121288
88140,0.002534,0.001831,0.125476
88150,0.044297,0.034010,0.191569
88160,0.044941,0.035120,0.202082
88170,0.037152,0.027152,0.170006
88180,0.009145,0.006786,0.082905
88190,0.020260,0.012890,0.088337
88200,0.032737,0.025886,0.170966
88210,0.005553,0.004262,0.084306
88220,0.035387,0.028360,0.153476
88230,0.023493,0.017666,0.153876
88240,0.031429,0.024599,0.158821
88250,0.025312,0.018920,0.140767
88260,0.012698,0.009239,0.106171
88270,0.025998,0.020029,0.131406
88280,0.023192,0.017575,0.135187
88290,0.020085,0.015236,0.124133
88300,0.024049,0.018498,0.139506
88310,0.026247,0.021259,0.154854
88320,0.000008,0.000030,0.000066
88330,0.021516,0.016329,0.143498
88340,0.017848,0.012998,0.125574
88350,0.043031,0.032781,0.183408
88360,0.016706,0.013722,0.124957
88370,0.005659,0.003935,0.085542
88380,0.021942,0.016435,0.126849
88390,0.026637,0.020795,0.143114
88400,0.056851,0.045079,0.218781
88410,0.008862,0.006490,0.099320
88420,0.018121,0.014428,0.090785
88430,0.012815,0.009352,0.112098
88440,0.060319,0.046981,0.224803
88450,0.019858,0.014879,0.091011
88460,0.009653,0.007102,0.113233
88470,0.030776,0.023460,0.150628
88480,0.014718,0.011112,0.145569
88490,0.018199,0.014531,0.138528
88500,0.028608,0.021406,0.151443
88510,0.010665,0.007986,0.091032
88520,0.030643,0.024199,0.146374
88530,0.030437,0.022727,0.158912
88540,0.045195,0.034710,0.188773
88550,0.021332,0.016280,0.122632
88560,0.029430,0.021764,0.158414
88570,0.015537,0.011687,0.122740
88580,0.038611,0.031198,0.156203
88590,0.043761,0.033628,0.174133
88600,0.022241,0.016034,0.164990
88610,0.045999,0.035569,0.193185
88620,0.014692,0.011795,0.084169
88630,0.006256,0.004713,0.097018
88640,0.032799,0.024388,0.153771
88650,0.022169,0.016556,0.136121
88660,0.014305,0.010755,0.127806
88670,0.034555,0.026778,0.167020
88680,0.035558,0.027282,0.161747
88690,0.023626,0.017783,0.138291
88700,0.062561,0.047930,0.235368
88710,0.027339,0.021238,0.179104
88720,0.020480,0.016018,0.113398
88730,0.024173,0.017756,0.137623
88740,0.013573,0.009832,0.079674
88750,0.006796,0.005040,0.109637
88760,0.037067,0.027806,0.171112
88770,0.013211,0.009905,0.103584
88780,0.046844,0.036327,0.191920
88790,0.024303,0.018471,0.138828
88800,0.033055,0.024974,0.175616
88810,0.054284,0.041716,0.213583
88820,0.024441,0.018579,0.131254
88830,0.008780,0.006413,0.110934
88840,0.023706,0.017378,0.150859
88850,0.025463,0.019533,0.149348
88860,0.040720,0.031068,0.188437
88870,0.042013,0.032437,0.179219
88880,0.043695,0.034208,0.172319
88890,0.019037,0.013684,0.140340
88900,0.010408,0.007113,0.177598
88910,0.003184,0.002761,0.022471
88920,0.050746,0.039273,0.198641
88930,0.031816,0.024211,0.165450
88940,0.017760,0.013497,0.113926
88950,0.011932,0.008882,0.108949
88960,0.015661,0.011644,0.125361
88970,0.059600,0.047163,0.223671
88980,0.010138,0.007250,0.101095
88990,0.025321,0.019660,0.114419
89000,0.019148,0.014545,0.144465
89010,0.042646,0.032135,0.185138
89020,0.015019,0.010703,0.131852
89030,0.003833,0.002986,0.032824
89040,0.044797,0.034848,0.205001
89050,0.001474,0.000908,0.161698
89060,0.025882,0.019941,0.152857
89070,0.029464,0.022795,0.154179
89080,0.021366,0.016023,0.127410
89090,0.042477,0.031880,0.181652
89100,0.014286,0.011342,0.090658
89110,0.026909,0.020849,0.110080
89120,0.025423,0.021057,0.129686
89130,0.020699,0.015495,0.134070
89140,0.007420,0.005417,0.124119
89150,0.023669,0.017487,0.145162
89160,0.033538,0.026217,0.137575
89170,0.032187,0.024948,0.140101
89180,0.021694,0.016117,0.102485
89190,0.038108,0.029384,0.168644
89200,0.027810,0.020931,0.147918
89210,0.028838,0.022449,0.160455
89220,0.032089,0.024849,0.154966
89230,0.027905,0.022116,0.124038
89240,0.016618,0.012463,0.132393
89250,0.025705,0.019316,0.157049
89260,0.046239,0.035455,0.169123
89270,0.030295,0.023103,0.132516
89280,0.043683,0.034613,0.188789
89290,0.023427,0.018308,0.100608
89300,0.009283,0.006972,0.118690
89310,0.026303,0.020630,0.118263
89320,0.033365,0.025532,0.178357
89330,0.033408,0.025252,0.173310
89340,0.045365,0.034931,0.194639
89350,0.022924,0.016576,0.151461
89360,0.000880,0.000587,0.045243
89370,0.040435,0.030773,0.175531
89380,0.010706,0.007983,0.098425
89390,0.029989,0.022840,0.137476
89400,0.060869,0.047643,0.246042
89410,0.015749,0.011681,0.135303
89420,0.031856,0.026071,0.154943
89430,0.045611,0.034727,0.195755
89440,0.040267,0.031442,0.174833
89450,0.021835,0.016541,0.129162
89460,0.003974,0.002594,0.139120
89470,0.022948,0.018036,0.159955
89480,0.014639,0.011146,0.111191
89490,0.022282,0.016972,0.116209
89500,0.037573,0.029138,0.168008
89510,0.023269,0.016562,0.207287
89520,0.032517,0.024868,0.143889
89530,0.036331,0.027769,0.183556
89540,0.043292,0.032657,0.180119
89550,0.001554,0.001383,0.185388
89560,0.028261,0.021758,0.138392
89570,0.056062,0.044702,0.216868
89580,0.033166,0.025050,0.147299
89590,0.039448,0.031808,0.189400
89600,0.022173,0.017075,0.147080
89610,0.028701,0.021842,0.148630
89620,0.049879,0.038222,0.186055
89630,0.034829,0.026995,0.177482
89640,0.033738,0.025502,0.158688
89650,0.036851,0.029535,0.160077
89660,0.016048,0.011796,0.092846
89670,0.006965,0.005614,0.055579
89680,0.002825,0.002109,0.078110
89690,0.033361,0.025342,0.153075
89700,0.031123,0.023324,0.162492
89710,0.003544,0.002983,0.061489
89720,0.025291,0.018771,0.166661
89730,0.040711,0.030615,0.183347
89740,0.025164,0.019533,0.115353
89750,0.027358,0.021128,0.118814
89760,0.021296,0.015968,0.151403
89770,0.018701,0.014072,0.122308
89780,0.003220,0.002374,0.079858
89790,0.009854,0.007469,0.106101
89800,0.031159,0.023652,0.147942
89810,0.036701,0.026765,0.169929
89820,0.013061,0.010164,0.110710
89830,0.033618,0.027819,0.159386
89840,0.014363,0.010950,0.118456
89850,0.011811,0.008444,0.109046
89860,0.000675,0.000495,0.112984
89870,0.034997,0.026774,0.164163
89880,0.018928,0.014411,0.124300
89890,0.021072,0.016218,0.126002
89900,0.032808,0.024899,0.162587
89910,0.012287,0.009365,0.112037
89920,0.026408,0.020390,0.146464
89930,0.015500,0.012065,0.109670
89940,0.013663,0.011353,0.120674
89950,0.054549,0.044853,0.220345
89960,0.015709,0.011865,0.100516
89970,0.016576,0.012450,0.112420
89980,0.033145,0.025325,0.165654
89990,0.016699,0.012193,0.128050
90000,0.016602,0.011975,0.141370
90010,0.048665,0.038355,0.197731
90020,0.025849,0.019192,0.141451
90030,0.009923,0.006923,0.122868
90040,0.035395,0.027945,0.152086
90050,0.046808,0.036565,0.194490
90060,0.055923,0.042394,0.217635
90070,0.022951,0.017631,0.134725
90080,0.012559,0.009504,0.107952
90090,0.039272,0.028746,0.181706
90100,0.011169,0.007922,0.103447
90110,0.009550,0.007250,0.088054
90120,0.025370,0.019143,0.160534
90130,0.012346,0.008987,0.073368
90140,0.062730,0.048529,0.231222
90150,0.029449,0.022315,0.161944
90160,0.020413,0.015249,0.141061
90170,0.038971,0.029916,0.168033
90180,0.033333,0.026017,0.143572
90190,0.021053,0.015980,0.138589
90200,0.011994,0.008898,0.117150
90210,0.033547,0.026131,0.140038
90220,0.041743,0.032044,0.168644
90230,0.010154,0.011290,0.235113
90240,0.029773,0.022896,0.161097
90250,0.028386,0.021261,0.149532
90260,0.021025,0.014114,0.144823
90270,0.025327,0.020951,0.144439
90280,0.029994,0.022400,0.160037
90290,0.020451,0.015569,0.100963
90300,0.039351,0.030638,0.169066
90310,0.025197,0.018457,0.155337
90320,0.023594,0.017811,0.131757
90330,0.022981,0.017431,0.117554
90340,0.020560,0.015313,0.140383
90350,0.028203,0.021188,0.141034
90360,0.025194,0.019419,0.135465
90370,0.039129,0.030523,0.179817
90380,0.018559,0.014762,0.110146
90390,0.028858,0.021332,0.119819
90400,0.006604,0.005005,0.116527
90410,0.021601,0.016103,0.141335
90420,0.029152,0.022175,0.140655
90430,0.010877,0.007915,0.106273
90440,0.048693,0.038249,0.184704
90450,0.045600,0.035899,0.204324
90460,0.030175,0.024332,0.168589
90470,0.021173,0.016379,0.137046
90480,0.014891,0.010683,0.118739
90490,0.022557,0.017185,0.136524
90500,0.015187,0.010754,0.111518
90510,0.051111,0.039552,0.200250
90520,0.026977,0.020400,0.157528
90530,0.024587,0.018422,0.138835
90540,0.023013,0.017655,0.156082
90550,0.036494,0.029938,0.176884
90560,0.005734,0.004208,0.050840
90570,0.026687,0.020906,0.134315
90580,0.016815,0.012887,0.089254
90590,0.018949,0.014018,0.123586
90600,0.027797,0.020723,0.155696
90610,0.036566,0.027896,0.175096
90620,0.035721,0.027752,0.164730
90630,0.028180,0.021706,0.155495
90640,0.033486,0.026195,0.154462
90650,0.029841,0.023814,0.157192
90660,0.029703,0.022835,0.153738
90670,0.010404,0.007808,0.099598
90680,0.012113,0.009193,0.119605
90690,0.026464,0.021079,0.127800
90700,0.012963,0.009354,0.077068
90710,0.022316,0.017021,0.126456
90720,0.036753,0.028954,0.163751
90730,0.017906,0.013600,0.123691
90740,0.035792,0.027025,0.168593
90750,0.030356,0.022932,0.155037
90760,0.037839,0.029314,0.161033
90770,0.019125,0.014474,0.119550
90780,0.037192,0.027964,0.185026
90790,0.041259,0.032032,0.189962
90800,0.020357,0.015368,0.124040
90810,0.045524,0.035040,0.200503
90820,0.016261,0.012699,0.092639
90830,0.016791,0.013248,0.112881
90840,0.003420,0.002467,0.034542
90850,0.023062,0.017669,0.143537
90860,0.015947,0.013670,0.124284
90870,0.040892,0.032398,0.177395
90880,0.011274,0.009815,0.150388
90890,0.038993,0.031009,0.207928
90900,0.020413,0.015430,0.135824
90910,0.034048,0.025675,0.156897
90920,0.011281,0.008203,0.104602
90930,0.042798,0.033487,0.186204
90940,0.026959,0.020380,0.139374
90950,0.017080,0.013002,0.126934
90960,0.049563,0.038018,0.203445
90970,0.031662,0.025223,0.155391
90980,0.036235,0.027854,0.176756
90990,0.027068,0.020357,0.133540
91000,0.034310,0.026147,0.152530
91010,0.025530,0.019043,0.157072
91020,0.055128,0.045342,0.237281
91030,0.023916,0.017866,0.131288
91040,0.008310,0.006579,0.104961
91050,0.041864,0.032128,0.171293
91060,0.030420,0.023493,0.178285
91070,0.051253,0.040018,0.205949
91080,0.005864,0.003934,0.130590
91090,0.041838,0.032967,0.170265
91100,0.022774,0.018213,0.136189
91110,0.031041,0.023385,0.147012
91120,0.024186,0.018561,0.114906
91130,0.010829,0.008524,0.055314
91140,0.022867,0.017331,0.137648
91150,0.034176,0.025637,0.162932
91160,0.012380,0.009334,0.106509
91170,0.020667,0.015822,0.121449
91180,0.014955,0.011283,0.139910
91190,0.016513,0.012494,0.126885
91200,0.020940,0.015813,0.127483
91210,0.008414,0.006075,0.103297
91220,0.013014,0.009938,0.119253
91230,0.001097,0.000830,0.095866
91240,0.018523,0.014053,0.144573
91250,0.017621,0.013247,0.116704
91260,0.030261,0.023388,0.151231
91270,0.006034,0.004180,0.118100
91280,0.034818,0.030043,0.111294
91290,0.014405,0.010467,0.113419
91300,0.023854,0.018023,0.132018
91310,0.040014,0.030820,0.184760
91320,0.047563,0.036181,0.194520
91330,0.009596,0.006491,0.143743
91340,0.023925,0.017865,0.144681
91350,0.010410,0.007642,0.098138
91360,0.020140,0.015915,0.097529
91370,0.023226,0.017345,0.139705
91380,0.032113,0.025099,0.154541
91390,0.017888,0.014266,0.085291
91400,0.027483,0.021303,0.147446
91410,0.031042,0.023343,0.152102
91420,0.038866,0.029683,0.175777
91430,0.000712,0.000574,0.152095
91440,0.015383,0.011550,0.087620
91450,0.012738,0.009611,0.102376
91460,0.035732,0.028342,0.146126
91470,0.019131,0.014327,0.130703
91480,0.022584,0.017120,0.129098
91490,0.003367,0.002658,0.088250
91500,0.026422,0.020802,0.159862
91510,0.010135,0.007594,0.066870
91520,0.015241,0.011260,0.118713
91530,0.022152,0.017380,0.145592
91540,0.013010,0.009421,0.110360
91550,0.007250,0.005057,0.137576
91560,0.028858,0.022353,0.114977
91570,0.024129,0.017624,0.144361
91580,0.039685,0.031084,0.164603
91590,0.018281,0.013616,0.124908
91600,0.011032,0.008498,0.098730
91610,0.011836,0.008936,0.099198
91620,0.034840,0.024214,0.119246
91630,0.017517,0.013012,0.133820
91640,0.038221,0.029606,0.152530
91650,0.038295,0.029260,0.170381
91660,0.036772,0.027307,0.169249
91670,0.020948,0.015640,0.130594
91680,0.034970,0.027287,0.176775
91690,0.036602,0.028100,0.164900
91700,0.017106,0.012955,0.109572
91710,0.039070,0.029663,0.172151
91720,0.015676,0.011854,0.115949
91730,0.017026,0.012778,0.115571
91740,0.035733,0.027692,0.159234
91750,0.069754,0.053724,0.247217
91760,0.022142,0.016562,0.141887
91770,0.048084,0.036714,0.194142
91780,0.003368,0.002520,0.030451
91790,0.022763,0.016894,0.155664
91800,0.020674,0.015870,0.144264
91810,0.033190,0.025337,0.168746
91820,0.051773,0.040232,0.209162
91830,0.035518,0.027831,0.145558
91840,0.014231,0.011099,0.107894
91850,0.022171,0.016503,0.140987
91860,0.043611,0.033366,0.185468
91870,0.031042,0.024124,0.156429
91880,0.035346,0.026652,0.165105
91890,0.038361,0.029172,0.161866
91900,0.032251,0.025108,0.165398
91910,0.013363,0.009814,0.120082
91920,0.018561,0.013943,0.101960
91930,0.012426,0.009471,0.128273
91940,0.028621,0.021231,0.151281
91950,0.011994,0.009129,0.083432
91960,0.024544,0.018239,0.163616
91970,0.010551,0.007577,0.109938
91980,0.026499,0.020354,0.110076
91990,0.039098,0.029574,0.189568
92000,0.012620,0.009250,0.100695
92010,0.028988,0.022960,0.126933
92020,0.035524,0.027655,0.169355
92030,0.011285,0.008477,0.088283
92040,0.017171,0.012701,0.135830
92050,0.013561,0.010533,0.085340
92060,0.026633,0.020153,0.146763
92070,0.026181,0.019851,0.116370
92080,0.035472,0.027505,0.168162
92090,0.013529,0.010337,0.116158
92100,0.033567,0.025843,0.161165
92110,0.001232,0.000787,0.188625
92120,0.031923,0.025727,0.149058
92130,0.034266,0.026236,0.164174
92140,0.039793,0.029552,0.184860
92150,0.013153,0.009629,0.111813
92160,0.010444,0.007733,0.122194
92170,0.004467,0.003409,0.121063
92180,0.022234,0.016671,0.102803
92190,0.015525,0.011785,0.116671
92200,0.026320,0.020275,0.135007
92210,0.030985,0.024018,0.153439
92220,0.048263,0.037528,0.180514
92230,0.024447,0.018540,0.129271
92240,0.006268,0.004575,0.154415
92250,0.013351,0.010387,0.113513
92260,0.000362,0.000283,0.068346
92270,0.010030,0.007400,0.064341
92280,0.004042,0.002697,0.029767
92290,0.019230,0.014739,0.096618
92300,0.012966,0.010198,0.098196
92310,0.016191,0.012235,0.118747
92320,0.052163,0.040315,0.225926
92330,0.026898,0.020784,0.138733
92340,0.005999,0.005625,0.116701
92350,0.001767,0.001433,0.063983
92360,0.039386,0.030431,0.180350
92370,0.044949,0.034769,0.161934
92380,0.027233,0.020674,0.135885
92390,0.034307,0.026444,0.169510
92400,0.017332,0.013950,0.124740
92410,0.037228,0.028618,0.176492
92420,0.039096,0.030350,0.174594
92430,0.017584,0.013540,0.135203
92440,0.024397,0.018990,0.158289
92450,0.003255,0.002451,0.169427
92460,0.027781,0.020877,0.148809
92470,0.029979,0.021144,0.155992
92480,0.035312,0.027311,0.141188
92490,0.036295,0.027563,0.167393
92500,0.019716,0.014648,0.117596
92510,0.040805,0.031846,0.194039
92520,0.007776,0.004718,0.203745
92530,0.036056,0.027668,0.161076
92540,0.025682,0.019960,0.149603
92550,0.001567,0.001159,0.119160
92560,0.031351,0.024186,0.150448
92570,0.039920,0.031403,0.185689
92580,0.052876,0.041574,0.192988
92590,0.022801,0.017826,0.143473
92600,0.022818,0.017369,0.140621
92610,0.000001,0.000001,0.000005
92620,0.008479,0.006317,0.090882
92630,0.039228,0.029211,0.186093
92640,0.011148,0.007603,0.669786
92650,0.030542,0.023440,0.163551
92660,0.051511,0.040332,0.195849
92670,0.032067,0.023583,0.159970
92680,0.024572,0.017764,0.152890
92690,0.021750,0.016732,0.128146
92700,0.024341,0.019102,0.139069
92710,0.035556,0.026471,0.175819
92720,0.013240,0.009714,0.109141
92730,0.026418,0.019776,0.140138
92740,0.042527,0.033648,0.181103
92750,0.019467,0.014978,0.097014
92760,0.021821,0.016902,0.130533
92770,0.043419,0.031996,0.192159
92780,0.026350,0.020070,0.145945
92790,0.035963,0.028814,0.184209
92800,0.026629,0.020404,0.149612
92810,0.019896,0.014421,0.152461
92820,0.014800,0.010828,0.111686
92830,0.019438,0.015036,0.101998
92840,0.014619,0.010963,0.113958
92850,0.030021,0.023545,0.138328
92860,0.029487,0.023336,0.146594
92870,0.021728,0.016602,0.135550
92880,0.016444,0.012414,0.117537
92890,0.028071,0.020988,0.147784
92900,0.021143,0.016773,0.133719
92910,0.023421,0.017518,0.152298
92920,0.030073,0.022976,0.144984
92930,0.019063,0.014815,0.075579
92940,0.048832,0.037480,0.193741
92950,0.033997,0.025693,0.161554
92960,0.023226,0.017659,0.134800
92970,0.031687,0.025125,0.167528
92980,0.011953,0.009013,0.127208
92990,0.029740,0.022957,0.151682
93000,0.033338,0.025414,0.158682
93010,0.042487,0.033934,0.187314
93020,0.013918,0.009993,0.114774
93030,0.025917,0.020597,0.147957
93040,0.019703,0.016349,0.081716
93050,0.003521,0.002628,0.019192
93060,0.039788,0.031775,0.177778
93070,0.002524,0.001892,0.310371
93080,0.049173,0.038076,0.180477
93090,0.033151,0.025255,0.164979
93100,0.023743,0.018273,0.136498
93110,0.004803,0.003629,0.077666
93120,0.024643,0.018674,0.108883
93130,0.028817,0.021921,0.146016
93140,0.005628,0.003766,0.127230
93150,0.030204,0.023137,0.135199
93160,0.019469,0.014540,0.125449
93170,0.017555,0.012995,0.113595
93180,0.026187,0.019435,0.140062
93190,0.040847,0.031695,0.177434
93200,0.002964,0.001944,0.121585
93210,0.034908,0.027466,0.151330
93220,0.035391,0.027220,0.161642
93230,0.015619,0.011885,0.081877
93240,0.022770,0.018012,0.118821
93250,0.022445,0.016777,0.140193
93260,0.026973,0.020224,0.151883
93270,0.029090,0.021961,0.156798
93280,0.025882,0.019504,0.144764
93290,0.052780,0.041417,0.217001
93300,0.046870,0.037416,0.201209
93310,0.010692,0.008830,0.094618
93320,0.014241,0.010927,0.100779
93330,0.037405,0.029794,0.172420
93340,0.027269,0.021011,0.140038
93350,0.028546,0.021610,0.146999
93360,0.025712,0.019364,0.099884
93370,0.039171,0.032308,0.225462
93380,0.029012,0.021955,0.129888
93390,0.007136,0.005683,0.095738
93400,0.017594,0.013396,0.088091
93410,0.021841,0.016632,0.137663
93420,0.031417,0.024027,0.142009
93430,0.015734,0.011472,0.132274
93440,0.036826,0.027573,0.176101
93450,0.027489,0.021243,0.144888
93460,0.013985,0.010846,0.121251
93470,0.012477,0.009426,0.105828
93480,0.029261,0.022569,0.162761
93490,0.032507,0.024306,0.154563
93500,0.007497,0.005454,0.082587
93510,0.021179,0.015702,0.151120
93520,0.010405,0.008026,0.097017
93530,0.031720,0.024623,0.145103
93540,0.018110,0.013560,0.117017
93550,0.031689,0.024404,0.157905
93560,0.013743,0.010717,0.085488
93570,0.036496,0.027601,0.170862
93580,0.021444,0.016434,0.150611
93590,0.044706,0.035338,0.178248
93600,0.000670,0.000705,0.001669
93610,0.016542,0.012974,0.095158
93620,0.012248,0.009350,0.087573
93630,0.000017,0.000035,0.000087
93640,0.022934,0.017188,0.142204
93650,0.022803,0.018222,0.114449
93660,0.022650,0.016572,0.127342
93670,0.009933,0.007192,0.132036
93680,0.012266,0.009555,0.108949
93690,0.010524,0.007822,0.125921
93700,0.031213,0.024189,0.154173
93710,0.057678,0.044213,0.233934
93720,0.023290,0.017731,0.136183
93730,0.053915,0.042548,0.214018
93740,0.028787,0.022362,0.143555
93750,0.036459,0.028336,0.140744
93760,0.028387,0.021045,0.154654
93770,0.038636,0.028588,0.171224
93780,0.032207,0.024740,0.138071
93790,0.006610,0.005181,0.139902
93800,0.029329,0.022495,0.159422
93810,0.028143,0.021242,0.151080
93820,0.036983,0.028954,0.169004
93830,0.022806,0.017558,0.145062
93840,0.038659,0.029847,0.179326
93850,0.033399,0.025890,0.139746
93860,0.018103,0.014097,0.152127
93870,0.017976,0.013162,0.128829
93880,0.018490,0.013686,0.131687
93890,0.018982,0.014412,0.125550
93900,0.015077,0.011412,0.111761
93910,0.057386,0.044987,0.204651
93920,0.025513,0.019708,0.149286
93930,0.001439,0.001214,0.146682
93940,0.034797,0.027147,0.181441
93950,0.027823,0.020467,0.122114
93960,0.027541,0.018794,0.148915
93970,0.039411,0.030460,0.176680
93980,0.005458,0.004300,0.130860
93990,0.011960,0.008747,0.090474
94000,0.029205,0.023001,0.148974
94010,0.014622,0.011453,0.089204
94020,0.052060,0.039880,0.209224
94030,0.036446,0.026618,0.170233
94040,0.044742,0.034445,0.191638
94050,0.011248,0.007187,0.081785
94060,0.012769,0.009853,0.097506
94070,0.014884,0.011430,0.116335
94080,0.025600,0.019779,0.139209
94090,0.014254,0.010988,0.111226
94100,0.031752,0.024019,0.168845
94110,0.033321,0.025502,0.164353
94120,0.029283,0.022357,0.145091
94130,0.031056,0.023705,0.162546
94140,0.036596,0.028269,0.154920
94150,0.005938,0.004654,0.050672
94160,0.022677,0.017538,0.104016
94170,0.056461,0.044175,0.221797
94180,0.015002,0.010996,0.109180
94190,0.023221,0.017948,0.088990
94200,0.027421,0.020913,0.147385
94210,0.040854,0.032101,0.181973
94220,0.005637,0.004528,0.114048
94230,0.018533,0.013482,0.126958
94240,0.017550,0.013688,0.070764
94250,0.025589,0.019594,0.143355
94260,0.030748,0.024043,0.118563
94270,0.014576,0.011297,0.130169
94280,0.034299,0.027294,0.158289
94290,0.030391,0.023001,0.157215
94300,0.034844,0.027288,0.163297
94310,0.011824,0.008614,0.102145
94320,0.031740,0.025656,0.147525
94330,0.034510,0.026310,0.167047
94340,0.009471,0.006623,0.106071
94350,0.030545,0.023386,0.152586
94360,0.026978,0.020638,0.150491
94370,0.035982,0.027055,0.168339
94380,0.015930,0.011381,0.124603
94390,0.026679,0.020066,0.150129
94400,0.005446,0.003996,0.095922
94410,0.032737,0.025013,0.162898
94420,0.013274,0.009758,0.109354
94430,0.032634,0.024669,0.172515
94440,0.011352,0.008498,0.099634
94450,0.028331,0.020838,0.160507
94460,0.034579,0.026290,0.170891
94470,0.018388,0.013821,0.116869
94480,0.021124,0.016130,0.154904
94490,0.022621,0.017919,0.125186
94500,0.019102,0.014811,0.087360
94510,0.031214,0.023652,0.172356
94520,0.053366,0.040501,0.205640
94530,0.031399,0.023985,0.130241
94540,0.029001,0.022189,0.145505
94550,0.054270,0.042899,0.210184
94560,0.010207,0.007526,0.306338
94570,0.024966,0.019161,0.126176
94580,0.038223,0.029729,0.191556
94590,0.036915,0.028404,0.167277
94600,0.021818,0.016155,0.175236
94610,0.017513,0.012992,0.120848
94620,0.039038,0.029655,0.178019
94630,0.031573,0.024439,0.160727
94640,0.018197,0.013830,0.146674
94650,0.020552,0.016888,0.159798
94660,0.027079,0.020565,0.147074
94670,0.013714,0.010586,0.110102
94680,0.009596,0.007022,0.097293
94690,0.026909,0.021032,0.121204
94700,0.026674,0.019992,0.146427
94710,0.012251,0.009191,0.111846
94720,0.023115,0.017671,0.146773
94730,0.023582,0.018227,0.134631
94740,0.029025,0.023436,0.114632
94750,0.023670,0.017660,0.130647
94760,0.018825,0.014525,0.120150
94770,0.041631,0.033840,0.175579
94780,0.048706,0.037734,0.198890
94790,0.016424,0.012948,0.087679
94800,0.022546,0.017348,0.112662
94810,0.020188,0.015583,0.125991
94820,0.039899,0.030846,0.178427
94830,0.026301,0.020438,0.122180
94840,0.030755,0.022907,0.155631
94850,0.002534,0.001902,0.091669
94860,0.019821,0.014296,0.142069
94870,0.000327,0.000303,0.145580
94880,0.012402,0.008742,0.124270
94890,0.014141,0.010796,0.086746
94900,0.003807,0.003214,0.086127
94910,0.023519,0.017845,0.137553
94920,0.045960,0.035510,0.188228
94930,0.001226,0.000787,0.157890
94940,0.031897,0.024797,0.167967
94950,0.016179,0.012390,0.114975
94960,0.041726,0.032756,0.169978
94970,0.014976,0.011572,0.128495
94980,0.029988,0.022896,0.166221
94990,0.035758,0.028487,0.180453
95000,0.008937,0.007321,0.053200
95010,0.032430,0.024672,0.156357
95020,0.023377,0.018102,0.162514
95030,0.018200,0.013827,0.176656
95040,0.021439,0.016469,0.129236
95050,0.012755,0.010204,0.068258
95060,0.013888,0.010890,0.088099
95070,0.007506,0.005597,0.078686
95080,0.026342,0.020305,0.113940
95090,0.030457,0.023632,0.150204
95100,0.017409,0.013493,0.088747
95110,0.019912,0.015103,0.133233
95120,0.073483,0.056252,0.275338
95130,0.034159,0.025765,0.166495
95140,0.021423,0.016213,0.124697
95150,0.027981,0.021558,0.150223
95160,0.027673,0.021527,0.124080
95170,0.018299,0.014429,0.075093
95180,0.016504,0.012601,0.124537
95190,0.013024,0.009985,0.121723
95200,0.013762,0.010509,0.066710
95210,0.030862,0.023532,0.148567
95220,0.032068,0.024020,0.130443
95230,0.031073,0.023088,0.156259
95240,0.024342,0.018262,0.135773
95250,0.019362,0.014689,0.115954
95260,0.044574,0.034420,0.186468
95270,0.044768,0.034274,0.188756
95280,0.052714,0.040482,0.211538
95290,0.077360,0.059360,0.258525
95300,0.027734,0.020571,0.156412
95310,0.027867,0.020970,0.158652
95320,0.036756,0.028120,0.176790
95330,0.050269,0.037933,0.200785
95340,0.029607,0.022564,0.163945
95350,0.019792,0.014829,0.157941
95360,0.044079,0.034041,0.188293
95370,0.034037,0.026137,0.153932
95380,0.015305,0.011662,0.132696
95390,0.035854,0.027872,0.172135
95400,0.017524,0.012264,0.093009
95410,0.020288,0.016372,0.128009
95420,0.045389,0.035393,0.193769
95430,0.013643,0.011400,0.066241
95440,0.030481,0.023448,0.149683
95450,0.037713,0.028385,0.181761
95460,0.024792,0.019671,0.150368
95470,0.026390,0.020345,0.144278
95480,0.031602,0.024799,0.140885
95490,0.030671,0.022979,0.133190
95500,0.022584,0.017411,0.136236
95510,0.028197,0.021988,0.132104
95520,0.040292,0.032195,0.180800
95530,0.001706,0.001332,0.303029
95540,0.035503,0.026796,0.167271
95550,0.042755,0.033105,0.182337
95560,0.035400,0.027265,0.166268
95570,0.002096,0.001515,0.201859
95580,0.033071,0.024958,0.175823
95590,0.029458,0.022745,0.154125
95600,0.036164,0.028803,0.149725
95610,0.027950,0.020915,0.139154
95620,0.018442,0.013825,0.122197
95630,0.018766,0.015464,0.101773
95640,0.013864,0.010770,0.113161
95650,0.017724,0.013284,0.124056
95660,0.016324,0.013185,0.176847
95670,0.037531,0.029164,0.162840
95680,0.021581,0.016133,0.152248
95690,0.035897,0.026914,0.185543
95700,0.024067,0.018589,0.143694
95710,0.015669,0.011981,0.116655
95720,0.022429,0.017185,0.124522
95730,0.019144,0.014860,0.119716
95740,0.024699,0.015972,0.188573
95750,0.059679,0.046736,0.208941
95760,0.023932,0.017763,0.142566
95770,0.048245,0.036759,0.200077
95780,0.041036,0.033276,0.164113
95790,0.021855,0.016563,0.129536
95800,0.024272,0.018455,0.121717
95810,0.051837,0.040221,0.213729
95820,0.010350,0.007653,0.141467
95830,0.053160,0.041753,0.206860
95840,0.014130,0.010553,0.110584
95850,0.004696,0.003554,0.118817
95860,0.023865,0.017383,0.141094
95870,0.031869,0.024158,0.153583
95880,0.023575,0.017836,0.133548
95890,0.033521,0.026321,0.156540
95900,0.027910,0.021254,0.149286
95910,0.038718,0.029042,0.177795
95920,0.006787,0.005827,0.036258
95930,0.023578,0.017457,0.135806
95940,0.034846,0.026678,0.165354
95950,0.004501,0.003228,0.095469
95960,0.040989,0.031521,0.182877
95970,0.020759,0.015534,0.123596
95980,0.027574,0.021153,0.182604
95990,0.006649,0.004979,0.129076
96000,0.023844,0.018613,0.107554
96010,0.029930,0.022236,0.168567
96020,0.024418,0.018691,0.139911
96030,0.019707,0.014447,0.143474
96040,0.061845,0.048401,0.227205
96050,0.024936,0.018921,0.145013
96060,0.030064,0.023683,0.154440
96070,0.038020,0.029007,0.172549
96080,0.010837,0.008566,0.123147
96090,0.031578,0.023899,0.163519
96100,0.016349,0.012480,0.115353
96110,0.060632,0.047234,0.225824
96120,0.020007,0.015383,0.142837
96130,0.036833,0.029191,0.149551
96140,0.022625,0.017246,0.144955
96150,0.003770,0.003053,0.036845
96160,0.039947,0.030442,0.174150
96170,0.044219,0.033999,0.189086
96180,0.026387,0.021631,0.157445
96190,0.012118,0.008616,0.119925
96200,0.041238,0.031373,0.184740
96210,0.014096,0.010206,0.118076
96220,0.027091,0.021758,0.142164
96230,0.053274,0.040799,0.219203
96240,0.007912,0.005219,0.092400
96250,0.033466,0.026065,0.164252
96260,0.031662,0.023356,0.171922
96270,0.007194,0.005172,0.120636
96280,0.026124,0.019583,0.144619
96290,0.039932,0.030191,0.177918
96300,0.029320,0.021902,0.154944
96310,0.029310,0.022161,0.144468
96320,0.038888,0.030267,0.174760
96330,0.014001,0.010344,0.100816
96340,0.035266,0.027037,0.148570
96350,0.053333,0.041853,0.206153
96360,0.018264,0.014025,0.100744
96370,0.004140,0.003465,0.118672
96380,0.043119,0.034178,0.188003
96390,0.022003,0.015952,0.125146
96400,0.033282,0.025861,0.160107
96410,0.033191,0.026038,0.149151
96420,0.038451,0.029495,0.171678
96430,0.021762,0.015501,0.161466
96440,0.008823,0.007161,0.109063
96450,0.024179,0.018098,0.127653
96460,0.031618,0.024759,0.152124
96470,0.034236,0.027211,0.183769
96480,0.006734,0.004791,0.055717
96490,0.034945,0.027113,0.148585
96500,0.037843,0.029253,0.178419
96510,0.017476,0.013414,0.140312
96520,0.045168,0.035179,0.187442
96530,0.038537,0.029781,0.188226
96540,0.039164,0.031360,0.169816
96550,0.015434,0.011653,0.120691
96560,0.014598,0.011078,0.137194
96570,0.018578,0.013702,0.093613
96580,0.026969,0.020473,0.114892
96590,0.011548,0.009113,0.123159
96600,0.026807,0.021079,0.146375
96610,0.043699,0.035002,0.200184
96620,0.013724,0.010940,0.085921
96630,0.032955,0.025287,0.162654
96640,0.015672,0.012162,0.078800
96650,0.031636,0.023607,0.165986
96660,0.033770,0.025909,0.164333
96670,0.017135,0.012907,0.132759
96680,0.011000,0.008014,0.110011
96690,0.038375,0.029574,0.172819
96700,0.007981,0.005883,0.048334
96710,0.037903,0.029233,0.171685
96720,0.035458,0.027628,0.142937
96730,0.021602,0.016789,0.123789
96740,0.048570,0.038184,0.212080
96750,0.012704,0.009673,0.109647
96760,0.040368,0.031127,0.182563
96770,0.052173,0.039794,0.211025
96780,0.025450,0.019539,0.163444
96790,0.019639,0.015649,0.121771
96800,0.028782,0.021636,0.151844
96810,0.021793,0.015489,0.139332
96820,0.030040,0.023977,0.121333
96830,0.019398,0.014411,0.099371
96840,0.025226,0.018965,0.139078
96850,0.008124,0.005356,0.136652
96860,0.026290,0.020649,0.140918
96870,0.007016,0.004819,0.072315
96880,0.026824,0.019689,0.176229
96890,0.017541,0.013405,0.113545
96900,0.040399,0.031408,0.160883
96910,0.014627,0.010629,0.120834
96920,0.022971,0.017703,0.141366
96930,0.033409,0.025700,0.154369
96940,0.024437,0.017707,0.155844
96950,0.022990,0.017996,0.161046
96960,0.020421,0.014664,0.093461
96970,0.033920,0.025967,0.166915
96980,0.030706,0.023136,0.155735
96990,0.007436,0.006072,0.110914
97000,0.028819,0.021666,0.154246
97010,0.022767,0.017573,0.143422
97020,0.010973,0.008602,0.060222
97030,0.021211,0.015890,0.130679
97040,0.012164,0.009098,0.125570
97050,0.029505,0.022165,0.153988
97060,0.018161,0.013073,0.137339
97070,0.027405,0.020019,0.144966
97080,0.023548,0.018573,0.151205
97090,0.035640,0.027549,0.176583
97100,0.021631,0.016628,0.104428
97110,0.036311,0.027969,0.179864
97120,0.045698,0.034970,0.198894
97130,0.037303,0.028732,0.170910
97140,0.025415,0.019560,0.129591
97150,0.053549,0.041850,0.200743
97160,0.026246,0.019805,0.157555
97170,0.057076,0.045574,0.213339
97180,0.021737,0.016302,0.128231
97190,0.020460,0.015646,0.121667
97200,0.020166,0.015422,0.110123
97210,0.023772,0.018208,0.132850
97220,0.008345,0.006299,0.067424
97230,0.026147,0.019187,0.135754
97240,0.033504,0.026005,0.169672
97250,0.020896,0.015936,0.139722
97260,0.022817,0.019075,0.094407
97270,0.051878,0.040274,0.208906
97280,0.012092,0.009132,0.064078
97290,0.013251,0.009260,0.112345
97300,0.038679,0.029543,0.177198
97310,0.030991,0.023405,0.125577
97320,0.024693,0.019460,0.108571
97330,0.044165,0.033832,0.200085
97340,0.011652,0.008674,0.111935
97350,0.028386,0.021968,0.162450
97360,0.038130,0.029401,0.180101
97370,0.037905,0.029511,0.165962
97380,0.018275,0.013583,0.116121
97390,0.040786,0.031683,0.182596
97400,0.063105,0.049144,0.236295
97410,0.020148,0.015300,0.153874
97420,0.037700,0.029227,0.175976
97430,0.023002,0.017576,0.128923
97440,0.015501,0.011999,0.130872
97450,0.038073,0.029596,0.152828
97460,0.023960,0.017443,0.133140
97470,0.046836,0.035983,0.199939
97480,0.026282,0.020221,0.145736
97490,0.011606,0.009101,0.104967
97500,0.020891,0.015661,0.134176
97510,0.029487,0.023828,0.173820
97520,0.012495,0.008978,0.164032
97530,0.015116,0.011761,0.078003
97540,0.043492,0.033143,0.190829
97550,0.027609,0.020991,0.148358
97560,0.039954,0.031058,0.167813
97570,0.018227,0.013187,0.142014
97580,0.000005,0.000039,0.000069
97590,0.027028,0.020733,0.145906
97600,0.024564,0.018288,0.158219
97610,0.015112,0.010800,0.110429
97620,0.026596,0.020959,0.129354
97630,0.027384,0.021036,0.147461
97640,0.037581,0.028718,0.171847
97650,0.038571,0.028835,0.185168
97660,0.025846,0.019874,0.142442
97670,0.024735,0.019283,0.143271
97680,0.042845,0.032935,0.158436
97690,0.000745,0.000581,0.139362
97700,0.048809,0.037734,0.202959
97710,0.015945,0.012409,0.112352
97720,0.023488,0.017709,0.127702
97730,0.027096,0.020890,0.146385
97740,0.027775,0.025294,0.133199
97750,0.025202,0.019110,0.141949
97760,0.041334,0.032102,0.178175
97770,0.025136,0.018768,0.143765
97780,0.035029,0.027363,0.159764
97790,0.024246,0.020239,0.146995
97800,0.052879,0.039755,0.219373
97810,0.032117,0.025380,0.170852
97820,0.053743,0.040474,0.222122
97830,0.037562,0.029154,0.170909
97840,0.016817,0.014671,0.099887
97850,0.019085,0.014212,0.128689
97860,0.011072,0.007798,0.113034
97870,0.023522,0.017904,0.131706
97880,0.031322,0.023977,0.149153
97890,0.077838,0.061839,0.315500
97900,0.031530,0.025163,0.140385
97910,0.037666,0.028665,0.170261
97920,0.019548,0.014599,0.127948
97930,0.006901,0.005464,0.071094
97940,0.019537,0.014379,0.133884
97950,0.040101,0.028806,0.179174
97960,0.024891,0.018829,0.145170
97970,0.021174,0.017097,0.104185
97980,0.025318,0.019253,0.142662
97990,0.020770,0.016071,0.133235
98000,0.014243,0.010414,0.112127
98010,0.015484,0.010702,0.148350
98020,0.044316,0.034670,0.185454
98030,0.034091,0.026900,0.152285
98040,0.036079,0.027538,0.169135
98050,0.016580,0.012783,0.112310
98060,0.019083,0.014420,0.116334
98070,0.023855,0.019096,0.142940
98080,0.035104,0.026983,0.142142
98090,0.018916,0.014545,0.127431
98100,0.039442,0.030694,0.183885
98110,0.029416,0.022180,0.125634
98120,0.024564,0.018699,0.137165
98130,0.042921,0.032893,0.180301
98140,0.049342,0.042452,0.208035
98150,0.041029,0.031245,0.179950
98160,0.018125,0.013716,0.111987
98170,0.032498,0.025435,0.166139
98180,0.025890,0.019634,0.156599
98190,0.007605,0.006108,0.047294
98200,0.011983,0.009724,0.102619
98210,0.028930,0.021970,0.152311
98220,0.012193,0.009112,0.086617
98230,0.015081,0.012467,0.088022
98240,0.031195,0.024233,0.143399
98250,0.009936,0.008421,0.095595
98260,0.045126,0.034477,0.182166
98270,0.022833,0.017349,0.113546
98280,0.025105,0.018646,0.142283
98290,0.030988,0.023633,0.168495
98300,0.018742,0.014436,0.132949
98310,0.029565,0.022526,0.141178
98320,0.048418,0.035996,0.197648
98330,0.008731,0.006691,0.118733
98340,0.014575,0.011103,0.104536
98350,0.019675,0.014712,0.129417
98360,0.002993,0.002191,0.135642
98370,0.033408,0.025235,0.165967
98380,0.014603,0.010870,0.120026
98390,0.042657,0.033044,0.193772
98400,0.049450,0.037631,0.207073
98410,0.027309,0.021010,0.147169
98420,0.041849,0.032127,0.157192
98430,0.017780,0.013416,0.123042
98440,0.036873,0.027652,0.172849
98450,0.022535,0.017210,0.111143
98460,0.017158,0.012837,0.138303
98470,0.023044,0.017089,0.122430
98480,0.018361,0.014291,0.144256
98490,0.019303,0.014559,0.144600
98500,0.029489,0.022367,0.155137
98510,0.008495,0.005900,0.121038
98520,0.035606,0.027135,0.171862
98530,0.035421,0.026652,0.179042
98540,0.014038,0.011157,0.078731
98550,0.025191,0.018390,0.136839
98560,0.001926,0.001320,0.068645
98570,0.001563,0.001219,0.087513
98580,0.025100,0.018522,0.142325
98590,0.008066,0.006003,0.093758
98600,0.037234,0.028965,0.170282
98610,0.057649,0.044564,0.223287
98620,0.021792,0.015479,0.096293
98630,0.010973,0.008636,0.112982
98640,0.023971,0.017929,0.141286
98650,0.031686,0.024742,0.156659
98660,0.025937,0.019635,0.135107
98670,0.006972,0.005094,0.108383
98680,0.019864,0.015014,0.115311
98690,0.018445,0.014574,0.085918
98700,0.005008,0.003466,0.146766
98710,0.020853,0.015914,0.118598
98720,0.009550,0.006939,0.111954
98730,0.029220,0.022177,0.156381
98740,0.034465,0.025798,0.169128
98750,0.029844,0.022941,0.132799
98760,0.015035,0.011397,0.065973
98770,0.014718,0.010749,0.118032
98780,0.036965,0.028968,0.148603
98790,0.025435,0.019104,0.128712
98800,0.027747,0.020984,0.142171
98810,0.022543,0.017423,0.142082
98820,0.033813,0.026487,0.173616
98830,0.017425,0.013534,0.091632
98840,0.027959,0.021726,0.156076
98850,0.018148,0.013279,0.129191
98860,0.015367,0.011585,0.130317
98870,0.011845,0.008726,0.073425
98880,0.014171,0.010328,0.147583
98890,0.016820,0.012323,0.118782
98900,0.033055,0.025483,0.132158
98910,0.012782,0.009092,0.102985
98920,0.047836,0.038248,0.200561
98930,0.042031,0.032117,0.181843
98940,0.024025,0.018033,0.146967
98950,0.041301,0.031046,0.176063
98960,0.043019,0.032954,0.174851
98970,0.018848,0.014665,0.105062
98980,0.011720,0.008536,0.099018
98990,0.031559,0.023624,0.149481
99000,0.026850,0.020038,0.144203
99010,0.033225,0.025260,0.143228
99020,0.047568,0.036819,0.189865
99030,0.005663,0.003595,0.223772
99040,0.017415,0.014209,0.097258
99050,0.042388,0.032527,0.172681
99060,0.026582,0.020750,0.157538
99070,0.020799,0.016539,0.130436
99080,0.001400,0.001363,0.014410
99090,0.008449,0.006224,0.151362
99100,0.044790,0.034422,0.176939
99110,0.020174,0.014638,0.111606
99120,0.025521,0.019666,0.122046
99130,0.029771,0.023308,0.128160
99140,0.036718,0.027897,0.170262
99150,0.013552,0.010258,0.070871
99160,0.041348,0.032164,0.182224
99170,0.012157,0.009251,0.103079
99180,0.029608,0.023360,0.139575
99190,0.015967,0.011317,0.144968
99200,0.036446,0.028121,0.174364
99210,0.026931,0.022527,0.143885
99220,0.044007,0.034089,0.185080
99230,0.023443,0.018293,0.134795
99240,0.027680,0.020867,0.146334
99250,0.025156,0.022753,0.140946
99260,0.029080,0.022541,0.129187
99270,0.037530,0.029597,0.170314
99280,0.025395,0.019152,0.138411
99290,0.036678,0.028069,0.141201
99300,0.036386,0.028463,0.172905
99310,0.039910,0.032618,0.183324
99320,0.024527,0.018241,0.145290
99330,0.021235,0.016109,0.133003
99340,0.008466,0.006500,0.052619
99350,0.053411,0.041224,0.205348
99360,0.044458,0.034012,0.184124
99370,0.017193,0.013337,0.114088
99380,0.033836,0.025998,0.134783
99390,0.032508,0.025062,0.162778
99400,0.021307,0.016169,0.143234
99410,0.015929,0.012256,0.089047
99420,0.017136,0.013705,0.111708
99430,0.039454,0.030653,0.174030
99440,0.041478,0.030986,0.174186
99450,0.025715,0.019666,0.144651
99460,0.030110,0.023430,0.148598
99470,0.028549,0.021966,0.149229
99480,0.029592,0.021974,0.154885
99490,0.018863,0.014441,0.125899
99500,0.028769,0.021546,0.153846
99510,0.019398,0.015667,0.109043
99520,0.012877,0.009617,0.109611
99530,0.027382,0.020703,0.143981
99540,0.053137,0.042008,0.209819
99550,0.016885,0.012443,0.113489
99560,0.016662,0.012884,0.077776
99570,0.016744,0.013699,0.084182
99580,0.029449,0.022551,0.136817
99590,0.044939,0.034337,0.182329
99600,0.034686,0.025925,0.172120
99610,0.035609,0.028203,0.163132
99620,0.005990,0.004232,0.034222
99630,0.048209,0.037019,0.214949
99640,0.020174,0.015557,0.130212
99650,0.036235,0.028085,0.166100
99660,0.020395,0.014176,0.127352
99670,0.039388,0.030298,0.186141
99680,0.023522,0.018310,0.131318
99690,0.048394,0.037588,0.184962
99700,0.023877,0.018328,0.134994
99710,0.023391,0.017630,0.182298
99720,0.019253,0.014725,0.101626
99730,0.020577,0.016343,0.096038
99740,0.004765,0.003776,0.080190
99750,0.039289,0.030716,0.176809
99760,0.022746,0.016789,0.151915
99770,0.054175,0.042015,0.216942
99780,0.013718,0.010013,0.100367
99790,0.010808,0.008094,0.124298
99800,0.021363,0.016052,0.133987
99810,0.014374,0.011077,0.113399
99820,0.004076,0.002859,0.101073
99830,0.034817,0.026487,0.153271
99840,0.019411,0.014553,0.087129
99850,0.026071,0.019803,0.149622
99860,0.026332,0.019775,0.125017
99870,0.054186,0.041580,0.208730
99880,0.016127,0.012345,0.120985
99890,0.020943,0.017070,0.131233
99900,0.025828,0.020057,0.139085
99910,0.017038,0.012276,0.122515
99920,0.017521,0.013294,0.121328
99930,0.011572,0.008327,0.110067
99940,0.039784,0.030539,0.171152
99950,0.021220,0.016562,0.118212
99960,0.025508,0.020406,0.125634
99970,0.039972,0.030694,0.174666
99980,0.002702,0.001906,0.142763
99990,0.018077,0.013609,0.128153
100000,0.018321,0.013760,0.127462
