iter,ce_loss,ds_loss,final_loss
10,0.356444,0.330970,1.355187
20,0.187885,0.112520,0.820841
30,0.169069,0.143815,0.840493
40,0.141239,0.209261,0.850950
50,0.050070,0.022806,0.514938
60,0.208037,0.134141,0.713149
70,0.291818,0.211625,0.911431
80,0.082205,0.064146,0.447507
90,0.066497,0.048250,0.395712
100,0.092822,0.070129,0.447602
110,0.067014,0.038981,0.471049
120,0.053909,0.040843,0.332364
130,0.078131,0.047741,0.414591
140,0.088578,0.067067,0.415537
150,0.069149,0.053896,0.475233
160,0.031491,0.025209,0.255642
170,0.059265,0.045953,0.438901
180,0.056588,0.042694,0.301272
190,0.076633,0.053812,0.361270
200,0.083159,0.056721,0.377017
210,0.086703,0.061156,0.403313
220,0.043058,0.028700,0.275474
230,0.060600,0.044703,0.305261
240,0.042462,0.030371,0.268614
250,0.063375,0.046896,0.302600
260,0.073345,0.057280,0.313709
270,0.067702,0.051621,0.315495
280,0.045389,0.034731,0.259914
290,0.042805,0.031664,0.198481
300,0.083647,0.061488,0.348157
310,0.068668,0.053893,0.317027
320,0.051671,0.035140,0.272881
330,0.020412,0.016025,0.203026
340,0.057272,0.041151,0.259781
350,0.075488,0.057763,0.379215
360,0.019644,0.015838,0.184524
370,0.016788,0.013487,0.299987
380,0.055154,0.043317,0.264899
390,0.082872,0.061745,0.319276
400,0.094945,0.072456,0.392075
410,0.061183,0.054925,0.286887
420,0.038309,0.028396,0.246979
430,0.202769,0.162495,0.607297
440,0.045674,0.037719,0.263571
450,0.056985,0.037893,0.307836
460,0.059650,0.044304,0.305979
470,0.081109,0.063059,0.367205
480,0.072012,0.058162,0.321963
490,0.031146,0.023070,0.145369
500,0.024644,0.019078,0.218279
510,0.047544,0.036536,0.259030
520,0.078527,0.048858,0.385420
530,0.035050,0.028127,0.249797
540,0.040408,0.031060,0.197440
550,0.030262,0.024720,0.235459
560,0.087690,0.069415,0.336144
570,0.052395,0.040420,0.242337
580,0.019898,0.016605,0.194299
590,0.059951,0.042339,0.260528
600,0.031537,0.022519,0.227593
610,0.044419,0.031384,0.281233
620,0.020039,0.014944,0.194198
630,0.064710,0.048932,0.274918
640,0.015114,0.011475,0.163189
650,0.037608,0.028705,0.198561
660,0.025372,0.019774,0.196666
670,0.023584,0.015781,0.179446
680,0.037798,0.028772,0.223344
690,0.036778,0.028942,0.210333
700,0.073950,0.057037,0.289749
710,0.046499,0.034762,0.241392
720,0.056456,0.039023,0.294206
730,0.125648,0.096373,0.414700
740,0.038183,0.030854,0.209722
750,0.060077,0.046522,0.255789
760,0.088223,0.072072,0.321874
770,0.071902,0.053721,0.292495
780,0.053683,0.042798,0.266578
790,0.015597,0.011519,0.161037
800,0.036878,0.030289,0.221857
810,0.043390,0.033776,0.237632
820,0.043099,0.032190,0.220123
830,0.019594,0.014002,0.253635
840,0.080168,0.061639,0.319548
850,0.089363,0.072753,0.341949
860,0.046070,0.033816,0.379006
870,0.075606,0.057758,0.288719
880,0.031917,0.024860,0.198220
890,0.090142,0.070321,0.341860
900,0.080993,0.062444,0.302704
910,0.027373,0.020404,0.209767
920,0.024701,0.018909,0.187804
930,0.059812,0.047946,0.267719
940,0.060505,0.046666,0.291091
950,0.013403,0.010839,0.207692
960,0.018345,0.014568,0.150909
970,0.051674,0.038777,0.245859
980,0.040933,0.031361,0.227200
990,0.031224,0.023613,0.194240
1000,0.057874,0.041242,0.263751
1010,0.081977,0.063871,0.332695
1020,0.022639,0.016935,0.165018
1030,0.105207,0.078612,0.359469
1040,0.066328,0.053284,0.268369
1050,0.059862,0.045934,0.246699
1060,0.062735,0.048652,0.262600
1070,0.021187,0.015080,0.207858
1080,0.037102,0.025320,0.188515
1090,0.015140,0.013172,0.217190
1100,0.031608,0.025011,0.326174
1110,0.018517,0.013786,0.150445
1120,0.054428,0.039506,0.249945
1130,0.042085,0.035363,0.225839
1140,0.048981,0.037755,0.283464
1150,0.036022,0.027187,0.222497
1160,0.023757,0.021029,0.321297
1170,0.013564,0.010030,0.159183
1180,0.039839,0.026823,0.274906
1190,0.033925,0.027657,0.202778
1200,0.028579,0.021702,0.174111
1210,0.036306,0.025022,0.196117
1220,0.071783,0.055844,0.296110
1230,0.035975,0.026959,0.203887
1240,0.081266,0.059669,0.333655
1250,0.062427,0.046047,0.246563
1260,0.041353,0.032469,0.214206
1270,0.053772,0.041651,0.230815
1280,0.029980,0.021474,0.176344
1290,0.061346,0.046103,0.240305
1300,0.034924,0.025407,0.230686
1310,0.068506,0.053605,0.285079
1320,0.059778,0.044741,0.262741
1330,0.043243,0.031778,0.194991
1340,0.029889,0.022068,0.198979
1350,0.048501,0.036585,0.217960
1360,0.041926,0.033111,0.163064
1370,0.064809,0.049327,0.277786
1380,0.029757,0.022038,0.191678
1390,0.053248,0.038346,0.249223
1400,0.058452,0.044657,0.258124
1410,0.030151,0.022855,0.207785
1420,0.024991,0.017411,0.194324
1430,0.028429,0.020586,0.212677
1440,0.021951,0.019088,0.273114
1450,0.025222,0.019247,0.157902
1460,0.029646,0.021958,0.132114
1470,0.028257,0.021671,0.165986
1480,0.041227,0.031389,0.209495
1490,0.045903,0.035147,0.216114
1500,0.107040,0.093569,0.371841
1510,0.048202,0.033738,0.251268
1520,0.007384,0.006647,0.054879
1530,0.028549,0.021869,0.169548
1540,0.037936,0.028774,0.185099
1550,0.045494,0.035111,0.231245
1560,0.048195,0.035435,0.209182
1570,0.048861,0.034605,0.260626
1580,0.006958,0.006217,0.196992
1590,0.008284,0.006646,0.177141
1600,0.001044,0.000740,0.229582
1610,0.037188,0.027854,0.190982
1620,0.034781,0.028544,0.194119
1630,0.046097,0.037803,0.232075
1640,0.019659,0.015230,0.252986
1650,0.047064,0.035674,0.212256
1660,0.040444,0.033441,0.173659
1670,0.032326,0.023332,0.222204
1680,0.002117,0.001718,0.119415
1690,0.029298,0.021739,0.215917
1700,0.016623,0.012824,0.148965
1710,0.041203,0.032092,0.201921
1720,0.022674,0.017031,0.105430
1730,0.078614,0.059910,0.286253
1740,0.043010,0.033325,0.179373
1750,0.026156,0.021013,0.153476
1760,0.087044,0.066210,0.279868
1770,0.042454,0.033125,0.223228
1780,0.020846,0.016610,0.182492
1790,0.020768,0.015757,0.150769
1800,0.000078,0.000078,0.000273
1810,0.035925,0.027004,0.181384
1820,0.062075,0.047726,0.259265
1830,0.030324,0.023577,0.173558
1840,0.029025,0.021991,0.174051
1850,0.018177,0.012718,0.105578
1860,0.011752,0.009129,0.107246
1870,0.059337,0.045367,0.260608
1880,0.034351,0.025787,0.183273
1890,0.037985,0.028622,0.188242
1900,0.035641,0.023514,0.235664
1910,0.018178,0.013620,0.113595
1920,0.056774,0.043454,0.230295
1930,0.057210,0.043166,0.243160
1940,0.004187,0.003328,0.125882
1950,0.041897,0.032094,0.219423
1960,0.034017,0.025484,0.192074
1970,0.025008,0.018471,0.141831
1980,0.030639,0.023556,0.177224
1990,0.049611,0.036770,0.227311
2000,0.047737,0.034821,0.216804
2010,0.030680,0.022990,0.182514
2020,0.011596,0.009005,0.118190
2030,0.073345,0.053714,0.273896
2040,0.015262,0.011818,0.098626
2050,0.007506,0.005854,0.111742
2060,0.009965,0.007737,0.092923
2070,0.052854,0.041735,0.225384
2080,0.063106,0.048963,0.253342
2090,0.028353,0.022128,0.164672
2100,0.035459,0.028110,0.148337
2110,0.038392,0.029461,0.194358
2120,0.007243,0.006118,0.139372
2130,0.045371,0.034568,0.218497
2140,0.079808,0.056487,0.333787
2150,0.030543,0.023060,0.166301
2160,0.066007,0.049594,0.260663
2170,0.052465,0.038764,0.231098
2180,0.032366,0.024709,0.168096
2190,0.030260,0.022738,0.173046
2200,0.061193,0.045759,0.254536
2210,0.055098,0.042019,0.214728
2220,0.056396,0.042191,0.230205
2230,0.043437,0.030923,0.211386
2240,0.040109,0.029523,0.183306
2250,0.049729,0.039040,0.268896
2260,0.037034,0.027715,0.186814
2270,0.026258,0.019505,0.151421
2280,0.013536,0.011171,0.073284
2290,0.058840,0.045347,0.257074
2300,0.022286,0.017608,0.133613
2310,0.048119,0.037664,0.222566
2320,0.042428,0.029447,0.206023
2330,0.047151,0.035828,0.217273
2340,0.041087,0.029941,0.199749
2350,0.045242,0.034232,0.218277
2360,0.117454,0.068129,0.462202
2370,0.014927,0.011756,0.142582
2380,0.065282,0.049101,0.261265
2390,0.040269,0.032012,0.189557
2400,0.030439,0.023699,0.151173
2410,0.041241,0.031286,0.202677
2420,0.096188,0.073125,0.323844
2430,0.038484,0.028822,0.209350
2440,0.034882,0.027276,0.188097
2450,0.048774,0.036316,0.232635
2460,0.022746,0.017146,0.191012
2470,0.035496,0.026238,0.169571
2480,0.031795,0.024764,0.195387
2490,0.049501,0.036143,0.235873
2500,0.055805,0.042001,0.238611
2510,0.036756,0.027930,0.211639
2520,0.010320,0.007495,0.116693
2530,0.042974,0.032336,0.207780
2540,0.004146,0.003113,0.080072
2550,0.036758,0.027412,0.162154
2560,0.022546,0.017245,0.170439
2570,0.051384,0.037384,0.221988
2580,0.026345,0.019764,0.155070
2590,0.075350,0.058112,0.286723
2600,0.054630,0.041510,0.209802
2610,0.070053,0.052967,0.274842
2620,0.016324,0.012416,0.135196
2630,0.043033,0.032898,0.229970
2640,0.044960,0.033657,0.220676
2650,0.033963,0.027479,0.182437
2660,0.036079,0.027023,0.189441
2670,0.090134,0.068851,0.318971
2680,0.034219,0.025800,0.155909
2690,0.059544,0.043319,0.268482
2700,0.073503,0.056915,0.274320
2710,0.037227,0.028376,0.215899
2720,0.017303,0.013227,0.224854
2730,0.037597,0.027605,0.191818
2740,0.052202,0.039825,0.201008
2750,0.033243,0.024976,0.176175
2760,0.004258,0.003184,0.116105
2770,0.029620,0.020708,0.206184
2780,0.016448,0.012351,0.152090
2790,0.032808,0.024999,0.177958
2800,0.049369,0.038409,0.221398
2810,0.050722,0.039595,0.222301
2820,0.037654,0.027564,0.218518
2830,0.011701,0.009607,0.133997
2840,0.022977,0.017130,0.131227
2850,0.034749,0.024840,0.177747
2860,0.028504,0.021706,0.158532
2870,0.047268,0.036565,0.206052
2880,0.014742,0.011107,0.116929
2890,0.020214,0.016155,0.222523
2900,0.038828,0.029755,0.191668
2910,0.042095,0.031189,0.185048
2920,0.048388,0.036925,0.203875
2930,0.039274,0.028448,0.186111
2940,0.045488,0.034207,0.221766
2950,0.071712,0.055610,0.259212
2960,0.053986,0.040719,0.226281
2970,0.066124,0.050575,0.253623
2980,0.041177,0.030517,0.226596
2990,0.087660,0.064746,0.310492
3000,0.033827,0.026003,0.182305
3010,0.056939,0.044343,0.255154
3020,0.021560,0.014194,0.167175
3030,0.021780,0.017338,0.166784
3040,0.059652,0.045785,0.257785
3050,0.041992,0.032547,0.185794
3060,0.042209,0.031261,0.162384
3070,0.067700,0.054159,0.260822
3080,0.072006,0.057042,0.272822
3090,0.028947,0.021361,0.205544
3100,0.037815,0.028580,0.188179
3110,0.065583,0.048548,0.255811
3120,0.037535,0.027997,0.186336
3130,0.027914,0.021030,0.154113
3140,0.039944,0.029576,0.200922
3150,0.055045,0.041206,0.233125
3160,0.037936,0.028300,0.181970
3170,0.038002,0.028333,0.148849
3180,0.044578,0.034429,0.197606
3190,0.036807,0.029228,0.166405
3200,0.066001,0.056110,0.284841
3210,0.037471,0.028153,0.193330
3220,0.022470,0.017463,0.145804
3230,0.027453,0.020892,0.149658
3240,0.042226,0.032278,0.188045
3250,0.047273,0.036829,0.232994
3260,0.037847,0.028712,0.195131
3270,0.046593,0.035982,0.219128
3280,0.048915,0.038835,0.228020
3290,0.020421,0.015911,0.187195
3300,0.033572,0.025880,0.176693
3310,0.036977,0.028613,0.164796
3320,0.042391,0.033008,0.167549
3330,0.018437,0.013250,0.159784
3340,0.020032,0.016279,0.200561
3350,0.048361,0.035729,0.210316
3360,0.027065,0.020626,0.149069
3370,0.014100,0.010847,0.116854
3380,0.077244,0.060849,0.297169
3390,0.056887,0.042980,0.243128
3400,0.031128,0.023601,0.161256
3410,0.024773,0.017688,0.185336
3420,0.039007,0.029665,0.207198
3430,0.014870,0.011327,0.126677
3440,0.043907,0.031427,0.226423
3450,0.003164,0.002113,0.181648
3460,0.020350,0.015635,0.102895
3470,0.030323,0.023706,0.165506
3480,0.013340,0.009526,0.432468
3490,0.030764,0.023582,0.157442
3500,0.026364,0.021238,0.185373
3510,0.039585,0.030658,0.198026
3520,0.035572,0.025527,0.164115
3530,0.055739,0.041064,0.248071
3540,0.011198,0.008280,0.101154
3550,0.026615,0.021597,0.163145
3560,0.027913,0.020892,0.147459
3570,0.034051,0.026286,0.163992
3580,0.027922,0.021022,0.172486
3590,0.036216,0.026692,0.166032
3600,0.008322,0.006329,0.050860
3610,0.017455,0.013130,0.103085
3620,0.000312,0.000302,0.217762
3630,0.023999,0.018020,0.117589
3640,0.037256,0.028656,0.167144
3650,0.046578,0.035558,0.202989
3660,0.034557,0.026325,0.169382
3670,0.008772,0.006396,0.118007
3680,0.001496,0.001487,0.067200
3690,0.040894,0.029824,0.193204
3700,0.000554,0.000410,0.303305
3710,0.047302,0.036043,0.229053
3720,0.024938,0.018559,0.152775
3730,0.014271,0.011528,0.104541
3740,0.019555,0.015019,0.134646
3750,0.012216,0.009188,0.130683
3760,0.045892,0.033843,0.220647
3770,0.026945,0.020397,0.153545
3780,0.021239,0.016946,0.152075
3790,0.070511,0.050977,0.258175
3800,0.058106,0.042647,0.246728
3810,0.025111,0.018740,0.151270
3820,0.069270,0.052384,0.277868
3830,0.028019,0.021257,0.160510
3840,0.027122,0.020367,0.145196
3850,0.029044,0.022391,0.153543
3860,0.018940,0.014322,0.151562
3870,0.040297,0.031088,0.192013
3880,0.042123,0.033871,0.199751
3890,0.017444,0.013171,0.136226
3900,0.031891,0.024261,0.178520
3910,0.010597,0.008017,0.109850
3920,0.000053,0.000223,0.000433
3930,0.028029,0.021376,0.143650
3940,0.019750,0.015225,0.165631
3950,0.012149,0.009139,0.105606
3960,0.018278,0.014128,0.145952
3970,0.036838,0.028408,0.184674
3980,0.013558,0.010460,0.116639
3990,0.048675,0.038975,0.203136
4000,0.019310,0.015476,0.152350
4010,0.045798,0.034330,0.202179
4020,0.053848,0.040890,0.223663
4030,0.035227,0.027124,0.180637
4040,0.021775,0.016672,0.140485
4050,0.015067,0.011815,0.138488
4060,0.010623,0.008076,0.123299
4070,0.062556,0.047864,0.250178
4080,0.014531,0.011737,0.128817
4090,0.034522,0.026273,0.174952
4100,0.047927,0.036382,0.225300
4110,0.022994,0.017564,0.169453
4120,0.036535,0.027252,0.195081
4130,0.033462,0.024899,0.151979
4140,0.030140,0.023042,0.189554
4150,0.058592,0.048296,0.232738
4160,0.045233,0.033628,0.226011
4170,0.024336,0.019096,0.140645
4180,0.034953,0.025647,0.177735
4190,0.011744,0.008621,0.125904
4200,0.020140,0.015081,0.092313
4210,0.040123,0.030585,0.182058
4220,0.001610,0.001277,0.112317
4230,0.021515,0.015970,0.164230
4240,0.030468,0.022563,0.206835
4250,0.037606,0.028415,0.168518
4260,0.033058,0.024817,0.155411
4270,0.037704,0.028617,0.164372
4280,0.017514,0.012996,0.116384
4290,0.062763,0.048857,0.237832
4300,0.050949,0.039784,0.196409
4310,0.045213,0.035660,0.217781
4320,0.052897,0.041699,0.242346
4330,0.015254,0.011017,0.138358
4340,0.027445,0.019894,0.122923
4350,0.033567,0.025074,0.179860
4360,0.017511,0.013255,0.135340
4370,0.039588,0.030670,0.189612
4380,0.041240,0.031175,0.197543
4390,0.054052,0.041354,0.215423
4400,0.019730,0.015715,0.160849
4410,0.030391,0.022611,0.163909
4420,0.008660,0.006705,0.141935
4430,0.067224,0.050849,0.259678
4440,0.004935,0.004602,0.030628
4450,0.041159,0.032005,0.185035
4460,0.012609,0.008822,0.118563
4470,0.045972,0.034552,0.209381
4480,0.027329,0.020725,0.168597
4490,0.027692,0.019720,0.165869
4500,0.041579,0.031798,0.192589
4510,0.050871,0.039508,0.214419
4520,0.031873,0.025061,0.165492
4530,0.046980,0.034671,0.210596
4540,0.015191,0.011403,0.125922
4550,0.050476,0.038356,0.205731
4560,0.033712,0.025158,0.176653
4570,0.018354,0.013574,0.097088
4580,0.052224,0.038830,0.205221
4590,0.024910,0.019049,0.146276
4600,0.024477,0.018907,0.155803
4610,0.011870,0.008900,0.121485
4620,0.017045,0.012135,0.085475
4630,0.007946,0.005388,0.135746
4640,0.049156,0.031252,0.232391
4650,0.046452,0.035212,0.201690
4660,0.025199,0.018704,0.149105
4670,0.027163,0.020287,0.120443
4680,0.040060,0.029518,0.186871
4690,0.020258,0.015961,0.139394
4700,0.036170,0.027153,0.188183
4710,0.038422,0.029124,0.181557
4720,0.159069,0.110031,0.463591
4730,0.051671,0.038304,0.218766
4740,0.069528,0.053446,0.267962
4750,0.025201,0.018347,0.166172
4760,0.046647,0.035201,0.205939
4770,0.027582,0.020786,0.152290
4780,0.078260,0.059163,0.277681
4790,0.045756,0.033540,0.200892
4800,0.051604,0.039983,0.241276
4810,0.042693,0.032308,0.180376
4820,0.042748,0.032740,0.204004
4830,0.020072,0.015126,0.167464
4840,0.064699,0.049345,0.243064
4850,0.017069,0.012766,0.157860
4860,0.046687,0.034881,0.199715
4870,0.042540,0.032010,0.189234
4880,0.029881,0.023047,0.158717
4890,0.038628,0.027834,0.149292
4900,0.047873,0.036273,0.210841
4910,0.003912,0.003047,0.657735
4920,0.007762,0.005955,0.124292
4930,0.026840,0.020576,0.158197
4940,0.003760,0.002768,0.114765
4950,0.046752,0.035235,0.204124
4960,0.034654,0.025563,0.183360
4970,0.002593,0.003051,0.026601
4980,0.027120,0.022139,0.163924
4990,0.010448,0.007271,0.111978
5000,0.033285,0.027158,0.168967
5010,0.007382,0.005384,0.121255
5020,0.047915,0.035421,0.210976
5030,0.020071,0.015049,0.114346
5040,0.006636,0.004865,0.106420
5050,0.045852,0.034282,0.209567
5060,0.019531,0.014372,0.173702
5070,0.014416,0.010742,0.342455
5080,0.021880,0.016668,0.192694
5090,0.031035,0.022349,0.161888
5100,0.039570,0.030925,0.155331
5110,0.029631,0.022801,0.172013
5120,0.015158,0.010792,0.105087
5130,0.012247,0.009802,0.113527
5140,0.065038,0.051443,0.245475
5150,0.033793,0.024866,0.175606
5160,0.011375,0.008042,0.149791
5170,0.041373,0.032380,0.216964
5180,0.070745,0.054444,0.262578
5190,0.027011,0.021202,0.169099
5200,0.019385,0.014980,0.089840
5210,0.029275,0.022227,0.165237
5220,0.022794,0.018578,0.161617
5230,0.013359,0.010107,0.184487
5240,0.051730,0.039250,0.214515
5250,0.036319,0.027093,0.188611
5260,0.024734,0.018598,0.168749
5270,0.030862,0.023973,0.146593
5280,0.025927,0.018995,0.146089
5290,0.055337,0.039937,0.227230
5300,0.011193,0.008456,0.104970
5310,0.032284,0.024035,0.163939
5320,0.066766,0.050103,0.234366
5330,0.022845,0.017057,0.174651
5340,0.014720,0.011630,0.077492
5350,0.029650,0.022387,0.175717
5360,0.020789,0.015783,0.103429
5370,0.038395,0.029527,0.176295
5380,0.046246,0.035930,0.179992
5390,0.031145,0.024976,0.148064
5400,0.049167,0.037341,0.214523
5410,0.038372,0.028747,0.166831
5420,0.048813,0.037164,0.217630
5430,0.023758,0.018049,0.157759
5440,0.031669,0.024056,0.180640
5450,0.014434,0.010627,0.140219
5460,0.017384,0.012785,0.088706
5470,0.035300,0.026919,0.191156
5480,0.004800,0.003134,0.289922
5490,0.036085,0.027427,0.180340
5500,0.024097,0.018278,0.145593
5510,0.014964,0.010784,0.132521
5520,0.041419,0.032690,0.194376
5530,0.035505,0.027541,0.158722
5540,0.011032,0.008359,0.125494
5550,0.055309,0.041977,0.225583
5560,0.020195,0.015597,0.173681
5570,0.034484,0.026428,0.178956
5580,0.051726,0.039107,0.212970
5590,0.053535,0.040255,0.213479
5600,0.066386,0.050912,0.243945
5610,0.013710,0.009656,0.157902
5620,0.038923,0.029864,0.158107
5630,0.024729,0.018526,0.108580
5640,0.028245,0.020762,0.157260
5650,0.027906,0.021233,0.170028
5660,0.006667,0.004469,0.666968
5670,0.033460,0.025910,0.163465
5680,0.038505,0.029552,0.177321
5690,0.051817,0.039353,0.229827
5700,0.056547,0.041902,0.238421
5710,0.030075,0.023552,0.163365
5720,0.031834,0.024365,0.173851
5730,0.037138,0.027696,0.181033
5740,0.048421,0.037362,0.203245
5750,0.030190,0.021831,0.192113
5760,0.020321,0.015423,0.160263
5770,0.041198,0.030853,0.182943
5780,0.032061,0.024007,0.167996
5790,0.024044,0.017761,0.180614
5800,0.013591,0.009979,0.213572
5810,0.009990,0.007606,0.101293
5820,0.007996,0.006082,0.120355
5830,0.049569,0.037376,0.219049
5840,0.030101,0.022326,0.166483
5850,0.021950,0.016578,0.153045
5860,0.019685,0.015133,0.139935
5870,0.072060,0.054590,0.253244
5880,0.057185,0.042543,0.233817
5890,0.011154,0.008852,0.118650
5900,0.044344,0.033343,0.175607
5910,0.036490,0.027654,0.173129
5920,0.054879,0.042228,0.230124
5930,0.025882,0.019864,0.143694
5940,0.042415,0.032415,0.177328
5950,0.018590,0.013826,0.146031
5960,0.018755,0.014249,0.124747
5970,0.036706,0.028128,0.280285
5980,0.010393,0.007430,0.126301
5990,0.025111,0.018720,0.118639
6000,0.044869,0.034135,0.191793
6010,0.034572,0.026504,0.208935
6020,0.056911,0.042300,0.249784
6030,0.020014,0.015103,0.168670
6040,0.050675,0.038292,0.211448
6050,0.086124,0.066620,0.297824
6060,0.056645,0.041796,0.240024
6070,0.037615,0.028221,0.177101
6080,0.053998,0.042115,0.229641
6090,0.036472,0.027448,0.176852
6100,0.030011,0.022804,0.168278
6110,0.020018,0.015107,0.149703
6120,0.020107,0.015030,0.139647
6130,0.028138,0.021381,0.133451
6140,0.055740,0.042270,0.221586
6150,0.032854,0.025335,0.161998
6160,0.030736,0.023486,0.162219
6170,0.039781,0.030765,0.173968
6180,0.017979,0.013241,0.127824
6190,0.031048,0.024892,0.139384
6200,0.044118,0.033021,0.190926
6210,0.035847,0.026681,0.140533
6220,0.027710,0.020658,0.137081
6230,0.049622,0.037790,0.201342
6240,0.009350,0.006731,0.118990
6250,0.022770,0.017274,0.155186
6260,0.027797,0.020911,0.159242
6270,0.025388,0.019206,0.153054
6280,0.025423,0.019945,0.189310
6290,0.034522,0.025569,0.170120
6300,0.026384,0.019946,0.128260
6310,0.032067,0.025475,0.128307
6320,0.034524,0.026108,0.174145
6330,0.024934,0.018963,0.153942
6340,0.003171,0.003072,0.030995
6350,0.032418,0.024490,0.172776
6360,0.040707,0.030857,0.174724
6370,0.022274,0.015999,0.158003
6380,0.017474,0.013156,0.147076
6390,0.048243,0.037496,0.178727
6400,0.037451,0.028936,0.159293
6410,0.029965,0.022843,0.140373
6420,0.039259,0.029803,0.154953
6430,0.017970,0.013302,0.143418
6440,0.042373,0.031136,0.204174
6450,0.034347,0.025430,0.166287
6460,0.052105,0.040362,0.202279
6470,0.030638,0.022225,0.201020
6480,0.010466,0.007703,0.119858
6490,0.020214,0.015107,0.148137
6500,0.021385,0.016191,0.150949
6510,0.004283,0.002832,0.102301
6520,0.019621,0.014812,0.134039
6530,0.024751,0.018792,0.121565
6540,0.026980,0.020254,0.149617
6550,0.004342,0.003713,0.047231
6560,0.020971,0.015601,0.141713
6570,0.034661,0.025991,0.178033
6580,0.044382,0.033487,0.202536
6590,0.002340,0.000871,0.004244
6600,0.050556,0.040011,0.188811
6610,0.024652,0.018286,0.153230
6620,0.025743,0.019473,0.139477
6630,0.036248,0.027192,0.179393
6640,0.021568,0.015891,0.125102
6650,0.033614,0.024473,0.198281
6660,0.025409,0.020059,0.168008
6670,0.059570,0.045138,0.233192
6680,0.027870,0.020680,0.155175
6690,0.022027,0.016723,0.194091
6700,0.050113,0.037738,0.216147
6710,0.037984,0.029198,0.166872
6720,0.029824,0.022006,0.160014
6730,0.047393,0.035741,0.197247
6740,0.026131,0.019156,0.157205
6750,0.040405,0.030624,0.187454
6760,0.023760,0.018064,0.153349
6770,0.038164,0.028226,0.169544
6780,0.007953,0.005820,0.103444
6790,0.016528,0.012269,0.129477
6800,0.007599,0.006234,0.074488
6810,0.029927,0.022021,0.171004
6820,0.052759,0.040043,0.216325
6830,0.056171,0.042895,0.219775
6840,0.018308,0.014156,0.135372
6850,0.032931,0.024962,0.168216
6860,0.047048,0.035161,0.202904
6870,0.038441,0.029352,0.174096
6880,0.026606,0.019630,0.122811
6890,0.035710,0.026473,0.157874
6900,0.037388,0.028426,0.172762
6910,0.051292,0.037039,0.203924
6920,0.006248,0.004750,0.107004
6930,0.032387,0.025402,0.148381
6940,0.048772,0.038794,0.232603
6950,0.013915,0.010356,0.153548
6960,0.042667,0.032801,0.193299
6970,0.017626,0.013651,0.124480
6980,0.049664,0.038032,0.216385
6990,0.023882,0.018365,0.149955
7000,0.058610,0.047165,0.261467
7010,0.039813,0.034943,0.153600
7020,0.016161,0.012230,0.108035
7030,0.020104,0.015550,0.146566
7040,0.044658,0.033888,0.197630
7050,0.013223,0.012075,0.072379
7060,0.020585,0.015428,0.132103
7070,0.013935,0.010177,0.123730
7080,0.037807,0.027415,0.193299
7090,0.010572,0.007590,0.072048
7100,0.037655,0.030146,0.180820
7110,0.042216,0.032818,0.199234
7120,0.064451,0.049363,0.233611
7130,0.052971,0.041488,0.213633
7140,0.057240,0.043188,0.223827
7150,0.027534,0.019053,0.194563
7160,0.031894,0.024418,0.172494
7170,0.025938,0.018491,0.127811
7180,0.026212,0.019646,0.157504
7190,0.029343,0.022593,0.156085
7200,0.052559,0.040034,0.215606
7210,0.041944,0.032156,0.190960
7220,0.025909,0.019833,0.139578
7230,0.055904,0.041709,0.235054
7240,0.024780,0.017182,0.179481
7250,0.041061,0.031546,0.200956
7260,0.031270,0.024167,0.176584
7270,0.023990,0.017374,0.181708
7280,0.038272,0.030114,0.180030
7290,0.036376,0.028053,0.168220
7300,0.037983,0.028800,0.179131
7310,0.013912,0.010756,0.121727
7320,0.028745,0.022007,0.149907
7330,0.042563,0.032768,0.198331
7340,0.058914,0.045060,0.234463
7350,0.024310,0.018264,0.138391
7360,0.028241,0.018961,0.174586
7370,0.021764,0.015919,0.161315
7380,0.058477,0.044511,0.230605
7390,0.027266,0.020658,0.119209
7400,0.074239,0.055720,0.266110
7410,0.014921,0.011472,0.129417
7420,0.027684,0.020714,0.154372
7430,0.001963,0.001537,0.077584
7440,0.030462,0.022768,0.154084
7450,0.041220,0.028569,0.198614
7460,0.052861,0.039887,0.217386
7470,0.007033,0.005402,0.054281
7480,0.004486,0.003941,0.126985
7490,0.050946,0.036503,0.231873
7500,0.015753,0.011881,0.125575
7510,0.015119,0.011502,0.085894
7520,0.043115,0.034197,0.191880
7530,0.022553,0.017518,0.128514
7540,0.006820,0.005828,0.275378
7550,0.015385,0.012091,0.130008
7560,0.036800,0.027947,0.179597
7570,0.028512,0.021509,0.154654
7580,0.027712,0.020875,0.153963
7590,0.023196,0.017015,0.139759
7600,0.035549,0.028483,0.151769
7610,0.048389,0.037019,0.200535
7620,0.018141,0.013693,0.133137
7630,0.034634,0.026525,0.164609
7640,0.030197,0.022652,0.157667
7650,0.062912,0.048850,0.214486
7660,0.024257,0.017659,0.148449
7670,0.015299,0.010261,0.132191
7680,0.016671,0.011980,0.116312
7690,0.015994,0.011834,0.135233
7700,0.030015,0.022469,0.160367
7710,0.038559,0.029162,0.178745
7720,0.014274,0.010750,0.121245
7730,0.043457,0.032886,0.174589
7740,0.029438,0.021963,0.144960
7750,0.030071,0.022275,0.163324
7760,0.000099,0.000093,0.000329
7770,0.053216,0.040550,0.222202
7780,0.020806,0.015540,0.125227
7790,0.046790,0.035384,0.175171
7800,0.025940,0.020609,0.100884
7810,0.029421,0.022291,0.183195
7820,0.016979,0.012921,0.144043
7830,0.015548,0.011939,0.124470
7840,0.018345,0.013844,0.094501
7850,0.020988,0.016320,0.092565
7860,0.032038,0.024830,0.131160
7870,0.019382,0.015161,0.106510
7880,0.021639,0.016500,0.155165
7890,0.038992,0.028941,0.180066
7900,0.047392,0.035743,0.212825
7910,0.022900,0.017070,0.162579
7920,0.005027,0.003720,0.099216
7930,0.033895,0.025621,0.162465
7940,0.040795,0.030597,0.185349
7950,0.031347,0.023437,0.164971
7960,0.021442,0.015925,0.145402
7970,0.035305,0.027149,0.147116
7980,0.007786,0.004840,0.053168
7990,0.001985,0.001451,0.112018
8000,0.043715,0.033333,0.202211
8010,0.028108,0.021165,0.143211
8020,0.023433,0.017779,0.136030
8030,0.033728,0.025106,0.142684
8040,0.048281,0.036420,0.200999
8050,0.015734,0.011217,0.131265
8060,0.056460,0.043597,0.200458
8070,0.022776,0.017025,0.150519
8080,0.004012,0.002820,0.122210
8090,0.023831,0.018228,0.144965
8100,0.048372,0.036076,0.220728
8110,0.021637,0.016527,0.100609
8120,0.033891,0.025046,0.186896
8130,0.015352,0.011637,0.083988
8140,0.032884,0.024438,0.179827
8150,0.026968,0.020671,0.155525
8160,0.011629,0.008828,0.126111
8170,0.067132,0.050032,0.245443
8180,0.070667,0.053822,0.259738
8190,0.024913,0.018445,0.171630
8200,0.029985,0.022397,0.168348
8210,0.017000,0.012852,0.126505
8220,0.025725,0.019611,0.146205
8230,0.018160,0.013668,0.142169
8240,0.028410,0.021359,0.152984
8250,0.025463,0.018739,0.149681
8260,0.030374,0.023154,0.161376
8270,0.001363,0.001055,0.126113
8280,0.020959,0.015795,0.127969
8290,0.035122,0.026294,0.170572
8300,0.014503,0.010611,0.131253
8310,0.034933,0.026701,0.150149
8320,0.028999,0.022085,0.160278
8330,0.021071,0.016103,0.134119
8340,0.017795,0.013053,0.125648
8350,0.031028,0.023722,0.162720
8360,0.012518,0.009650,0.197651
8370,0.017638,0.012266,0.102696
8380,0.056079,0.043274,0.225316
8390,0.023329,0.018572,0.135471
8400,0.011809,0.008639,0.091026
8410,0.000646,0.000617,0.069663
8420,0.018892,0.013995,0.124552
8430,0.032281,0.024830,0.162023
8440,0.032207,0.024460,0.166960
8450,0.047053,0.035799,0.204333
8460,0.008076,0.005245,0.407718
8470,0.025902,0.019839,0.150300
8480,0.041153,0.031727,0.165459
8490,0.020286,0.015888,0.148807
8500,0.037135,0.028799,0.177806
8510,0.068671,0.052738,0.248798
8520,0.009590,0.007232,0.067293
8530,0.010915,0.008206,0.152248
8540,0.039583,0.029733,0.181232
8550,0.024049,0.017671,0.190509
8560,0.010301,0.008824,0.201639
8570,0.038429,0.029082,0.178069
8580,0.038649,0.029160,0.173875
8590,0.026987,0.019949,0.158274
8600,0.026275,0.020069,0.133643
8610,0.003769,0.002765,0.086474
8620,0.047732,0.035800,0.180693
8630,0.060046,0.046958,0.233392
8640,0.019297,0.014655,0.090949
8650,0.039173,0.029913,0.187381
8660,0.039958,0.029155,0.186313
8670,0.019555,0.014268,0.144734
8680,0.060946,0.046028,0.233431
8690,0.021263,0.016208,0.134596
8700,0.047887,0.036614,0.201320
8710,0.024225,0.018603,0.149379
8720,0.032373,0.024567,0.157628
8730,0.024188,0.018745,0.153722
8740,0.018526,0.013990,0.169881
8750,0.031319,0.023995,0.167864
8760,0.027918,0.021757,0.142528
8770,0.045925,0.035687,0.198155
8780,0.032236,0.023783,0.159865
8790,0.021919,0.016508,0.106231
8800,0.044168,0.033498,0.176758
8810,0.043897,0.033260,0.201092
8820,0.079197,0.063390,0.280518
8830,0.046082,0.035749,0.194335
8840,0.029510,0.021683,0.134844
8850,0.004144,0.002963,0.133802
8860,0.039041,0.029023,0.161675
8870,0.035935,0.026438,0.212849
8880,0.031276,0.022993,0.181899
8890,0.047740,0.036781,0.183559
8900,0.006081,0.004445,0.097202
8910,0.071914,0.054014,0.263110
8920,0.022149,0.016017,0.140003
8930,0.066068,0.049849,0.253091
8940,0.030180,0.023177,0.149114
8950,0.027589,0.021205,0.158817
8960,0.027133,0.020116,0.162719
8970,0.010916,0.008237,0.099384
8980,0.032554,0.024024,0.161360
8990,0.012029,0.009493,0.101259
9000,0.028517,0.020826,0.157737
9010,0.031916,0.026031,0.198835
9020,0.015403,0.010668,0.174288
9030,0.047966,0.036116,0.175640
9040,0.021243,0.015763,0.153768
9050,0.015747,0.011917,0.123826
9060,0.051200,0.038725,0.188033
9070,0.017945,0.013427,0.099858
9080,0.015240,0.011310,0.121060
9090,0.021652,0.016185,0.113143
9100,0.054265,0.041009,0.207129
9110,0.017609,0.013319,0.145500
9120,0.034921,0.025291,0.254199
9130,0.035470,0.027281,0.171445
9140,0.030695,0.023146,0.150839
9150,0.010133,0.007309,0.124786
9160,0.022664,0.016577,0.141321
9170,0.019313,0.013996,0.140532
9180,0.021668,0.016510,0.133476
9190,0.023374,0.017547,0.140732
9200,0.024536,0.018434,0.140033
9210,0.022615,0.016892,0.141905
9220,0.005750,0.003747,0.176431
9230,0.000913,0.000779,0.321111
9240,0.030819,0.023253,0.165937
9250,0.012669,0.009410,0.110954
9260,0.032807,0.025869,0.140217
9270,0.039104,0.027684,0.187732
9280,0.029146,0.022666,0.191965
9290,0.027120,0.020565,0.152922
9300,0.016095,0.012318,0.126573
9310,0.156002,0.126670,0.518122
9320,0.009488,0.007536,0.138463
9330,0.027020,0.020018,0.175357
9340,0.025008,0.018864,0.149797
9350,0.005454,0.004187,0.090166
9360,0.003806,0.002787,0.024297
9370,0.030992,0.023253,0.168805
9380,0.024686,0.018599,0.115180
9390,0.017494,0.013392,0.124102
9400,0.060217,0.044795,0.238536
9410,0.010693,0.007690,0.103566
9420,0.054579,0.048498,0.286205
9430,0.018357,0.013812,0.128825
9440,0.033309,0.025243,0.157821
9450,0.031500,0.024270,0.130134
9460,0.035029,0.025476,0.166282
9470,0.022493,0.016322,0.107766
9480,0.035964,0.026886,0.168966
9490,0.031743,0.024303,0.154304
9500,0.024311,0.018416,0.142492
9510,0.022547,0.017319,0.117672
9520,0.003768,0.002855,0.089595
9530,0.003636,0.002948,0.092628
9540,0.016290,0.012243,0.181771
9550,0.043489,0.032784,0.186213
9560,0.036252,0.027390,0.166693
9570,0.036033,0.027005,0.192405
9580,0.040117,0.030159,0.178730
9590,0.052620,0.039075,0.216577
9600,0.051382,0.039420,0.208488
9610,0.019597,0.014121,0.146150
9620,0.025866,0.019398,0.162764
9630,0.025696,0.019998,0.116916
9640,0.011949,0.009131,0.103701
9650,0.041541,0.032519,0.187559
9660,0.013707,0.012109,0.087371
9670,0.025538,0.019111,0.147252
9680,0.004586,0.003108,0.084455
9690,0.027155,0.020853,0.168329
9700,0.028494,0.021400,0.151699
9710,0.021939,0.016872,0.094578
9720,0.011035,0.008876,0.112400
9730,0.004581,0.003974,0.170745
9740,0.023828,0.018598,0.184549
9750,0.051615,0.039719,0.205418
9760,0.030667,0.023800,0.153648
9770,0.004900,0.003700,0.125675
9780,0.047655,0.036807,0.165839
9790,0.021302,0.015980,0.116381
9800,0.043879,0.032668,0.186870
9810,0.043931,0.033327,0.171487
9820,0.062619,0.046677,0.237465
9830,0.031665,0.023927,0.175617
9840,0.040804,0.030962,0.163584
9850,0.024708,0.018432,0.145477
9860,0.030908,0.023018,0.143264
9870,0.021021,0.016255,0.112935
9880,0.015343,0.011244,0.093958
9890,0.040369,0.030710,0.180066
9900,0.046017,0.034862,0.190660
9910,0.053175,0.039821,0.222547
9920,0.012784,0.009576,0.104604
9930,0.067815,0.050668,0.250095
9940,0.020807,0.015699,0.111276
9950,0.028363,0.020332,0.187193
9960,0.002511,0.001931,0.086734
9970,0.010281,0.008060,0.095769
9980,0.007207,0.005416,0.033358
9990,0.031345,0.024103,0.153025
10000,0.029188,0.022072,0.154197
10010,0.044368,0.033042,0.201439
10020,0.004340,0.003177,0.104459
10030,0.023528,0.017983,0.153588
10040,0.040189,0.030386,0.168390
10050,0.038425,0.029027,0.177724
10060,0.028448,0.021424,0.170830
10070,0.065024,0.047830,0.257676
10080,0.013359,0.009708,0.110383
10090,0.029268,0.021511,0.157494
10100,0.043715,0.032951,0.189721
10110,0.041882,0.031701,0.168439
10120,0.018449,0.013929,0.125937
10130,0.020881,0.015739,0.140514
10140,0.009856,0.007671,0.076348
10150,0.031673,0.025180,0.184657
10160,0.022329,0.016681,0.134868
10170,0.040982,0.031404,0.160674
10180,0.054174,0.040470,0.215190
10190,0.006007,0.004384,0.094698
10200,0.020237,0.014961,0.175464
10210,0.059259,0.046264,0.228419
10220,0.019428,0.013793,0.146424
10230,0.017982,0.014213,0.145413
10240,0.041660,0.032742,0.191660
10250,0.019699,0.014631,0.129288
10260,0.033324,0.024115,0.183397
10270,0.024540,0.017058,0.151267
10280,0.030194,0.023140,0.158731
10290,0.035937,0.027184,0.181880
10300,0.045780,0.034456,0.188904
10310,0.040127,0.030422,0.182051
10320,0.037375,0.028481,0.183993
10330,0.031797,0.023577,0.155615
10340,0.057180,0.044503,0.226657
10350,0.018396,0.013527,0.147245
10360,0.006636,0.004822,0.217944
10370,0.006666,0.004649,0.089040
10380,0.021849,0.016327,0.147302
10390,0.056830,0.043343,0.226213
10400,0.047236,0.037038,0.205710
10410,0.023233,0.019248,0.118684
10420,0.041575,0.031087,0.170525
10430,0.028444,0.021255,0.153491
10440,0.070540,0.053960,0.257570
10450,0.036374,0.027087,0.187156
10460,0.053458,0.041063,0.217881
10470,0.034299,0.025552,0.143153
10480,0.030644,0.022903,0.172990
10490,0.020276,0.013665,0.160869
10500,0.021056,0.014690,0.141780
10510,0.034481,0.024567,0.162580
10520,0.060440,0.045782,0.227067
10530,0.021915,0.015946,0.162595
10540,0.040460,0.028743,0.197286
10550,0.055682,0.042948,0.220021
10560,0.032724,0.024120,0.148715
10570,0.024040,0.018399,0.143826
10580,0.028661,0.022116,0.150710
10590,0.020396,0.014627,0.156622
10600,0.027907,0.020882,0.150678
10610,0.024996,0.019345,0.148052
10620,0.012982,0.009718,0.151929
10630,0.026631,0.020120,0.106450
10640,0.014275,0.010955,0.122814
10650,0.024205,0.018271,0.152789
10660,0.029163,0.022039,0.142828
10670,0.023218,0.017633,0.139864
10680,0.028744,0.021285,0.154594
10690,0.001116,0.000886,0.149949
10700,0.040133,0.030333,0.183582
10710,0.037608,0.028262,0.176006
10720,0.050198,0.037762,0.226713
10730,0.041432,0.030550,0.187434
10740,0.022263,0.016911,0.151897
10750,0.048314,0.036774,0.188259
10760,0.024566,0.018417,0.145634
10770,0.039224,0.028028,0.189354
10780,0.047815,0.035682,0.202090
10790,0.034277,0.025845,0.184056
10800,0.027031,0.020674,0.169516
10810,0.032263,0.021851,0.182023
10820,0.041312,0.031786,0.185791
10830,0.024304,0.018824,0.146389
10840,0.032009,0.024768,0.150788
10850,0.023364,0.019866,0.129557
10860,0.010368,0.007438,0.117998
10870,0.011063,0.008178,0.103507
10880,0.029043,0.021498,0.154629
10890,0.047143,0.035897,0.198504
10900,0.028195,0.021242,0.160846
10910,0.050989,0.040358,0.179529
10920,0.057441,0.043263,0.221257
10930,0.043259,0.032110,0.181204
10940,0.035805,0.027783,0.167332
10950,0.041777,0.032173,0.197945
10960,0.074068,0.056688,0.264932
10970,0.028014,0.021037,0.150212
10980,0.017448,0.012437,0.079519
10990,0.033307,0.024522,0.163548
11000,0.025767,0.018970,0.158169
11010,0.021251,0.015912,0.120786
11020,0.041664,0.032066,0.195565
11030,0.026012,0.019751,0.147206
11040,0.041907,0.032132,0.162807
11050,0.027024,0.020081,0.153720
11060,0.028444,0.021352,0.126972
11070,0.000025,0.000026,0.000088
11080,0.023644,0.018105,0.189486
11090,0.020756,0.015356,0.126497
11100,0.047433,0.035980,0.188642
11110,0.018706,0.014241,0.143611
11120,0.031134,0.023613,0.154099
11130,0.050557,0.039465,0.198194
11140,0.021202,0.016339,0.123510
11150,0.001463,0.001429,0.104052
11160,0.027104,0.021198,0.125641
11170,0.030545,0.022925,0.142126
11180,0.081271,0.061519,0.281069
11190,0.014919,0.009962,0.265702
11200,0.015029,0.011573,0.091392
11210,0.037235,0.029145,0.189987
11220,0.015959,0.011618,0.128147
11230,0.022237,0.016712,0.150977
11240,0.032792,0.024687,0.158900
11250,0.009238,0.007029,0.085885
11260,0.015047,0.011101,0.134766
11270,0.032557,0.025059,0.169528
11280,0.029010,0.022194,0.147611
11290,0.027777,0.021131,0.118715
11300,0.019963,0.014932,0.127885
11310,0.035318,0.026866,0.191028
11320,0.012657,0.008972,0.094564
11330,0.035451,0.026521,0.163047
11340,0.028144,0.021795,0.147180
11350,0.028301,0.020080,0.173379
11360,0.008982,0.006772,0.132535
11370,0.022372,0.017016,0.144090
11380,0.043368,0.033658,0.177615
11390,0.017091,0.012704,0.132630
11400,0.011264,0.008086,0.070085
11410,0.014829,0.011257,0.119887
11420,0.014473,0.011165,0.127639
11430,0.011109,0.008097,0.094060
11440,0.005153,0.003891,0.114098
11450,0.024956,0.019632,0.119124
11460,0.017159,0.012997,0.119714
11470,0.029005,0.021846,0.150951
11480,0.039294,0.030092,0.161580
11490,0.034978,0.026780,0.173220
11500,0.011517,0.008651,0.110786
11510,0.017311,0.013131,0.127621
11520,0.014211,0.011106,0.093211
11530,0.001780,0.001453,0.659117
11540,0.034375,0.025636,0.181794
11550,0.029996,0.020146,0.298440
11560,0.025378,0.019454,0.121160
11570,0.017897,0.012994,0.124334
11580,0.053646,0.041863,0.223057
11590,0.044921,0.035145,0.188900
11600,0.037682,0.028669,0.160863
11610,0.039212,0.029873,0.194294
11620,0.016568,0.013147,0.135933
11630,0.030930,0.023531,0.127546
11640,0.044846,0.034875,0.193851
11650,0.000886,0.000672,0.033995
11660,0.022377,0.016780,0.136365
11670,0.030684,0.023584,0.158979
11680,0.056064,0.042290,0.224797
11690,0.012434,0.009150,0.105092
11700,0.018738,0.013876,0.158842
11710,0.027020,0.020561,0.119976
11720,0.004694,0.003313,0.162508
11730,0.060081,0.045926,0.211888
11740,0.055075,0.042159,0.220247
11750,0.028154,0.021293,0.152579
11760,0.031189,0.023147,0.174171
11770,0.034313,0.026303,0.163394
11780,0.023235,0.016760,0.151001
11790,0.033804,0.025255,0.156026
11800,0.028991,0.022344,0.150566
11810,0.022707,0.017045,0.138223
11820,0.029448,0.022965,0.138239
11830,0.051670,0.039577,0.224428
11840,0.024579,0.018447,0.140733
11850,0.048593,0.037115,0.197309
11860,0.057447,0.042371,0.230292
11870,0.057632,0.043231,0.225649
11880,0.023123,0.017602,0.146607
11890,0.021619,0.016487,0.129756
11900,0.028240,0.021551,0.139596
11910,0.025992,0.019747,0.141930
11920,0.018434,0.014115,0.131188
11930,0.012638,0.009552,0.121558
11940,0.024742,0.018505,0.145435
11950,0.020485,0.015719,0.108548
11960,0.020619,0.015095,0.144073
11970,0.021645,0.016010,0.132024
11980,0.021423,0.015285,0.148021
11990,0.028879,0.021115,0.139185
12000,0.020627,0.014890,0.147046
12010,0.011768,0.008705,0.113570
12020,0.032718,0.024972,0.142958
12030,0.046848,0.033591,0.215675
12040,0.005636,0.004364,0.077551
12050,0.049040,0.036992,0.206527
12060,0.058904,0.046101,0.229093
12070,0.002815,0.002171,0.072437
12080,0.013088,0.009612,0.116504
12090,0.035163,0.026714,0.168107
12100,0.014219,0.010824,0.091535
12110,0.032821,0.025179,0.153608
12120,0.018869,0.014081,0.128678
12130,0.003222,0.002336,0.219967
12140,0.017455,0.012765,0.098128
12150,0.033702,0.025244,0.165044
12160,0.039369,0.029529,0.181544
12170,0.025378,0.018975,0.139950
12180,0.049087,0.036304,0.226363
12190,0.024946,0.018953,0.136685
12200,0.029536,0.022444,0.136204
12210,0.026901,0.020328,0.152315
12220,0.028526,0.021855,0.151088
12230,0.011117,0.008358,0.101060
12240,0.014643,0.011406,0.091465
12250,0.040769,0.029675,0.176825
12260,0.007222,0.005465,0.080611
12270,0.037249,0.027497,0.172246
12280,0.035917,0.027122,0.152557
12290,0.055183,0.041295,0.222448
12300,0.021273,0.016606,0.095428
12310,0.031626,0.024107,0.151910
12320,0.024870,0.018475,0.114148
12330,0.018235,0.013282,0.131157
12340,0.063129,0.047757,0.237081
12350,0.012666,0.009315,0.108672
12360,0.010348,0.007842,0.092328
12370,0.035562,0.027090,0.168404
12380,0.035854,0.026866,0.175707
12390,0.032976,0.025003,0.166299
12400,0.034262,0.025474,0.163008
12410,0.027393,0.020574,0.149624
12420,0.034576,0.026244,0.151761
12430,0.027632,0.021477,0.177204
12440,0.029167,0.021913,0.137670
12450,0.030133,0.022447,0.155034
12460,0.015057,0.010850,0.116066
12470,0.067504,0.051323,0.248740
12480,0.028370,0.021477,0.160500
12490,0.036873,0.029277,0.221341
12500,0.037239,0.028468,0.157523
12510,0.032501,0.024290,0.163335
12520,0.007873,0.006059,0.116656
12530,0.060917,0.046652,0.234537
12540,0.010795,0.007855,0.107275
12550,0.021992,0.016583,0.147924
12560,0.017153,0.012755,0.123207
12570,0.015565,0.011498,0.125057
12580,0.037408,0.028079,0.172245
12590,0.043069,0.032576,0.187511
12600,0.028094,0.021491,0.151766
12610,0.019279,0.014410,0.130432
12620,0.031142,0.023561,0.155843
12630,0.024828,0.018946,0.143094
12640,0.028396,0.021832,0.157842
12650,0.023930,0.017559,0.149788
12660,0.016859,0.012962,0.078234
12670,0.016610,0.012418,0.120829
12680,0.027138,0.020780,0.149073
12690,0.042060,0.031248,0.266540
12700,0.015422,0.011250,0.114751
12710,0.036163,0.027969,0.150181
12720,0.014203,0.010901,0.090206
12730,0.023970,0.018043,0.143664
12740,0.029057,0.022014,0.124570
12750,0.048661,0.037029,0.191685
12760,0.026121,0.019029,0.114827
12770,0.025943,0.019585,0.147497
12780,0.054731,0.040949,0.210838
12790,0.047766,0.036364,0.196500
12800,0.005145,0.004125,0.109849
12810,0.023976,0.017349,0.113451
12820,0.029523,0.022708,0.149279
12830,0.027797,0.020895,0.162037
12840,0.015447,0.012021,0.117813
12850,0.022838,0.016454,0.167720
12860,0.029110,0.021858,0.136343
12870,0.053956,0.040877,0.216051
12880,0.031838,0.024264,0.164761
12890,0.039208,0.029791,0.154740
12900,0.023166,0.017285,0.128952
12910,0.008755,0.006174,0.106890
12920,0.037551,0.028837,0.184275
12930,0.003355,0.002540,0.103139
12940,0.056536,0.041858,0.219089
12950,0.020123,0.014948,0.137486
12960,0.026881,0.020153,0.142158
12970,0.023224,0.017680,0.143886
12980,0.023671,0.017823,0.154953
12990,0.020164,0.015172,0.090425
13000,0.066947,0.050963,0.241480
13010,0.014090,0.010804,0.147265
13020,0.042046,0.032044,0.181011
13030,0.009898,0.007066,0.067686
13040,0.054080,0.041476,0.210282
13050,0.022745,0.017018,0.133952
13060,0.032433,0.024201,0.160557
13070,0.034798,0.026251,0.162772
13080,0.006289,0.004683,0.089653
13090,0.036369,0.028129,0.170293
13100,0.025895,0.019611,0.145737
13110,0.028597,0.021665,0.157760
13120,0.019273,0.014413,0.190771
13130,0.034064,0.025976,0.166925
13140,0.023974,0.018233,0.134605
13150,0.036904,0.028082,0.182515
13160,0.036035,0.027094,0.178739
13170,0.040459,0.030589,0.188764
13180,0.021225,0.015485,0.155443
13190,0.052256,0.039927,0.210850
13200,0.006409,0.005151,0.087686
13210,0.000010,0.000006,0.000028
13220,0.023421,0.017794,0.129941
13230,0.027971,0.020458,0.154516
13240,0.036118,0.026599,0.176030
13250,0.024095,0.018427,0.105781
13260,0.029437,0.022352,0.152474
13270,0.019077,0.014498,0.117568
13280,0.026095,0.019851,0.154974
13290,0.041605,0.031618,0.191383
13300,0.016118,0.012145,0.126633
13310,0.027619,0.020678,0.156009
13320,0.041268,0.030961,0.153691
13330,0.019479,0.014107,0.141786
13340,0.069604,0.053756,0.248910
13350,0.031525,0.023717,0.136222
13360,0.019944,0.015175,0.130912
13370,0.027161,0.020383,0.154844
13380,0.019782,0.015198,0.138752
13390,0.044952,0.034465,0.189791
13400,0.028288,0.021422,0.152584
13410,0.012738,0.009718,0.108919
13420,0.032377,0.024424,0.156296
13430,0.023479,0.018344,0.162282
13440,0.047741,0.036782,0.198777
13450,0.011251,0.008221,0.109423
13460,0.032896,0.024290,0.167253
13470,0.034710,0.026208,0.175837
13480,0.035389,0.026622,0.164646
13490,0.025343,0.019018,0.136601
13500,0.021531,0.016368,0.131600
13510,0.010328,0.007730,0.092104
13520,0.029672,0.022982,0.146933
13530,0.040091,0.029764,0.171377
13540,0.014754,0.011412,0.122116
13550,0.024270,0.018127,0.130394
13560,0.033678,0.025308,0.161065
13570,0.041207,0.031707,0.172111
13580,0.041798,0.031643,0.183797
13590,0.019388,0.014539,0.128058
13600,0.053733,0.040903,0.207807
13610,0.032405,0.024316,0.161266
13620,0.030946,0.023484,0.174685
13630,0.026720,0.019850,0.166544
13640,0.037814,0.028558,0.165365
13650,0.038833,0.028944,0.163610
13660,0.033342,0.025000,0.150260
13670,0.014021,0.010532,0.120648
13680,0.036859,0.026876,0.175196
13690,0.014061,0.010351,0.119456
13700,0.007051,0.005283,0.109715
13710,0.028563,0.020998,0.156215
13720,0.041553,0.031988,0.172036
13730,0.027572,0.022014,0.117992
13740,0.025266,0.019007,0.120558
13750,0.037602,0.028105,0.144976
13760,0.021149,0.016105,0.128202
13770,0.028118,0.021716,0.125080
13780,0.012076,0.009112,0.101092
13790,0.004285,0.003312,0.179423
13800,0.025848,0.019090,0.136911
13810,0.004040,0.003044,0.077353
13820,0.023022,0.017401,0.135956
13830,0.020623,0.015757,0.096077
13840,0.012478,0.009296,0.114509
13850,0.061076,0.046134,0.234950
13860,0.043767,0.033420,0.184898
13870,0.034016,0.025761,0.181095
13880,0.033936,0.025100,0.173306
13890,0.010667,0.007830,0.126650
13900,0.010543,0.007842,0.108467
13910,0.020211,0.015193,0.133718
13920,0.045322,0.034765,0.179562
13930,0.015300,0.011236,0.119598
13940,0.029374,0.021763,0.166405
13950,0.022025,0.017189,0.108144
13960,0.030086,0.022367,0.151873
13970,0.021779,0.016229,0.128850
13980,0.013128,0.009737,0.116423
13990,0.013116,0.009266,0.074532
14000,0.014644,0.010958,0.114788
14010,0.026133,0.018313,0.186890
14020,0.032536,0.024896,0.160744
14030,0.062389,0.047416,0.231811
14040,0.050804,0.038379,0.180270
14050,0.021384,0.016133,0.119963
14060,0.031788,0.024898,0.170671
14070,0.037604,0.028339,0.168118
14080,0.030538,0.023679,0.178404
14090,0.051307,0.039272,0.190734
14100,0.016921,0.013271,0.087470
14110,0.015623,0.012057,0.077601
14120,0.033344,0.025961,0.164234
14130,0.020825,0.015468,0.134656
14140,0.030076,0.023025,0.148651
14150,0.027189,0.020497,0.159112
14160,0.021168,0.015025,0.112147
14170,0.031388,0.022809,0.174321
14180,0.034807,0.026397,0.157659
14190,0.036320,0.026878,0.155589
14200,0.030623,0.023081,0.178142
14210,0.048924,0.037342,0.209686
14220,0.010227,0.008151,0.068266
14230,0.014770,0.011058,0.114526
14240,0.038369,0.028774,0.174716
14250,0.039013,0.029704,0.174932
14260,0.024958,0.019303,0.129084
14270,0.053160,0.039939,0.197433
14280,0.033076,0.025052,0.161801
14290,0.008335,0.006259,0.114425
14300,0.010831,0.008664,0.126489
14310,0.019790,0.015130,0.103298
14320,0.029094,0.021570,0.154903
14330,0.035095,0.026807,0.176918
14340,0.047239,0.036081,0.192160
14350,0.046195,0.034511,0.180576
14360,0.024029,0.017892,0.134553
14370,0.006162,0.004406,0.107951
14380,0.040424,0.031174,0.172181
14390,0.022939,0.017281,0.121850
14400,0.031211,0.023322,0.170278
14410,0.039927,0.030311,0.173111
14420,0.035031,0.026566,0.163388
14430,0.031656,0.024257,0.173902
14440,0.039749,0.029329,0.200485
14450,0.020226,0.014688,0.135350
14460,0.024310,0.017968,0.115787
14470,0.032085,0.024054,0.151417
14480,0.035905,0.027238,0.164706
14490,0.032392,0.024432,0.138183
14500,0.008243,0.006196,0.087288
14510,0.037229,0.028082,0.154539
14520,0.025783,0.019581,0.149279
14530,0.037184,0.028204,0.176678
14540,0.016855,0.012465,0.137277
14550,0.046437,0.035528,0.190268
14560,0.014671,0.012951,0.123461
14570,0.048569,0.036823,0.195580
14580,0.035528,0.027616,0.167572
14590,0.012039,0.009001,0.111210
14600,0.019484,0.014879,0.131491
14610,0.020056,0.015090,0.125605
14620,0.006431,0.004472,0.044960
14630,0.006813,0.004846,0.118453
14640,0.018537,0.014381,0.099479
14650,0.011867,0.008853,0.101039
14660,0.029273,0.022391,0.139661
14670,0.016742,0.012339,0.108139
14680,0.039368,0.029909,0.170929
14690,0.011702,0.008550,0.091928
14700,0.031707,0.024247,0.162447
14710,0.005381,0.003664,0.098980
14720,0.004114,0.003107,0.116531
14730,0.014366,0.010705,0.113691
14740,0.005466,0.003931,0.093370
14750,0.003649,0.002620,0.110486
14760,0.027453,0.019630,0.189170
14770,0.037908,0.028737,0.167087
14780,0.032198,0.024740,0.154548
14790,0.039897,0.031289,0.190338
14800,0.047349,0.036165,0.185726
14810,0.036244,0.027451,0.165843
14820,0.013092,0.009809,0.107933
14830,0.017763,0.013528,0.086055
14840,0.050766,0.039849,0.209350
14850,0.048636,0.036642,0.202323
14860,0.012854,0.009063,0.167527
14870,0.045232,0.033294,0.199368
14880,0.012771,0.009808,0.110404
14890,0.037339,0.028456,0.159665
14900,0.040429,0.030430,0.173549
14910,0.025525,0.019367,0.136203
14920,0.021098,0.015930,0.123184
14930,0.031541,0.023683,0.155580
14940,0.023411,0.017409,0.107968
14950,0.018937,0.013911,0.127252
14960,0.039320,0.028793,0.200638
14970,0.030704,0.023463,0.165201
14980,0.033530,0.025631,0.150331
14990,0.029026,0.021787,0.144765
15000,0.049215,0.037924,0.174685
15010,0.007546,0.005669,0.138496
15020,0.060067,0.045487,0.217726
15030,0.039821,0.030341,0.175030
15040,0.006262,0.005105,0.077794
15050,0.035013,0.026265,0.160924
15060,0.017360,0.012674,0.098305
15070,0.035259,0.026882,0.174672
15080,0.020581,0.015614,0.114037
15090,0.017410,0.013428,0.121649
15100,0.003618,0.002737,0.099190
15110,0.010292,0.007670,0.073033
15120,0.065559,0.053920,0.274512
15130,0.023608,0.017892,0.136156
15140,0.043819,0.032899,0.183500
15150,0.032025,0.023486,0.172209
15160,0.048058,0.036771,0.215189
15170,0.027390,0.020387,0.136198
15180,0.025298,0.019166,0.132810
15190,0.022286,0.016811,0.132374
15200,0.017003,0.012534,0.139689
15210,0.054750,0.040884,0.203992
15220,0.030562,0.023339,0.160073
15230,0.022843,0.016992,0.143227
15240,0.025653,0.019248,0.109459
15250,0.015935,0.012229,0.154369
15260,0.017068,0.012074,0.125768
15270,0.012757,0.009398,0.114304
15280,0.005792,0.004304,0.063437
15290,0.041300,0.031054,0.176232
15300,0.024336,0.018137,0.134216
15310,0.038817,0.029455,0.189090
15320,0.036686,0.028148,0.167240
15330,0.024793,0.018385,0.117021
15340,0.022018,0.016464,0.136984
15350,0.020793,0.015515,0.123134
15360,0.039230,0.030609,0.176376
15370,0.023184,0.017141,0.141306
15380,0.032255,0.024057,0.141355
15390,0.015345,0.011635,0.121774
15400,0.016112,0.011979,0.127243
15410,0.028804,0.021767,0.130220
15420,0.033853,0.025275,0.169741
15430,0.018516,0.013876,0.116977
15440,0.023053,0.017533,0.123711
15450,0.434342,0.153684,1.236359
15460,0.023402,0.017674,0.140390
15470,0.034463,0.027567,0.160421
15480,0.005515,0.004406,0.119315
15490,0.033335,0.028081,0.146433
15500,0.010079,0.007169,0.139273
15510,0.042578,0.031530,0.186372
15520,0.026479,0.020159,0.140669
15530,0.005240,0.004085,0.035982
15540,0.007443,0.005516,0.095589
15550,0.032954,0.023848,0.199589
15560,0.042161,0.032420,0.159065
15570,0.028911,0.021063,0.176297
15580,0.022317,0.016371,0.127301
15590,0.028012,0.020977,0.156550
15600,0.008645,0.006295,0.115078
15610,0.044883,0.034087,0.183976
15620,0.026851,0.021004,0.140432
15630,0.046834,0.036061,0.185462
15640,0.044791,0.034019,0.184511
15650,0.056745,0.045366,0.223135
15660,0.014485,0.010741,0.093207
15670,0.040531,0.030607,0.183569
15680,0.024639,0.018759,0.121469
15690,0.014971,0.011461,0.110413
15700,0.032147,0.023998,0.162304
15710,0.009026,0.006624,0.066868
15720,0.020795,0.015855,0.110149
15730,0.046748,0.034610,0.193827
15740,0.029205,0.023175,0.177701
15750,0.019016,0.014749,0.096535
15760,0.003563,0.001435,0.006765
15770,0.032940,0.025234,0.128148
15780,0.034684,0.025682,0.164541
15790,0.023868,0.018138,0.138316
15800,0.042368,0.031708,0.181622
15810,0.038929,0.029713,0.181022
15820,0.032448,0.022971,0.178267
15830,0.028929,0.021898,0.138745
15840,0.048642,0.037255,0.189802
15850,0.028226,0.020164,0.155370
15860,0.044342,0.033467,0.165748
15870,0.017987,0.013513,0.081628
15880,0.033510,0.025747,0.130677
15890,0.030919,0.023029,0.146671
15900,0.032794,0.024538,0.172021
15910,0.011488,0.009150,0.097699
15920,0.047956,0.036076,0.186643
15930,0.024408,0.018621,0.129256
15940,0.024971,0.019090,0.107091
15950,0.045642,0.034831,0.195058
15960,0.032016,0.023647,0.169903
15970,0.032924,0.025308,0.164963
15980,0.027737,0.020897,0.153755
15990,0.026824,0.019997,0.139869
16000,0.001187,0.000843,0.078745
16010,0.062728,0.049737,0.235673
16020,0.045200,0.034118,0.194609
16030,0.016445,0.012554,0.132657
16040,0.019007,0.014102,0.128932
16050,0.036064,0.027193,0.180655
16060,0.021725,0.016037,0.148780
16070,0.046486,0.034768,0.195173
16080,0.023547,0.019649,0.160210
16090,0.054732,0.041572,0.217657
16100,0.023353,0.017267,0.148752
16110,0.014307,0.010932,0.114678
16120,0.051247,0.039331,0.219014
16130,0.028303,0.021033,0.134889
16140,0.043101,0.032839,0.170016
16150,0.005658,0.004730,0.048977
16160,0.023141,0.018259,0.142968
16170,0.028289,0.021351,0.126424
16180,0.028345,0.021538,0.123246
16190,0.029721,0.022687,0.165966
16200,0.019327,0.014108,0.140345
16210,0.013678,0.010279,0.142807
16220,0.043711,0.033491,0.162059
16230,0.043847,0.031877,0.184969
16240,0.035021,0.026788,0.160000
16250,0.031807,0.024219,0.167382
16260,0.028353,0.021218,0.154934
16270,0.048068,0.036780,0.197928
16280,0.030984,0.023575,0.156942
16290,0.028987,0.021872,0.144589
16300,0.022981,0.017358,0.122034
16310,0.028755,0.021970,0.138486
16320,0.020246,0.014900,0.138109
16330,0.065082,0.049914,0.232348
16340,0.020991,0.015921,0.117837
16350,0.007194,0.005078,0.145634
16360,0.027629,0.020538,0.140270
16370,0.003864,0.002779,0.034201
16380,0.022109,0.016920,0.138030
16390,0.029207,0.022308,0.154121
16400,0.029004,0.022011,0.155806
16410,0.044376,0.034833,0.176612
16420,0.003842,0.002540,0.116546
16430,0.007888,0.005605,0.093513
16440,0.029024,0.021842,0.156766
16450,0.021348,0.015887,0.122686
16460,0.023585,0.017584,0.158587
16470,0.028141,0.021115,0.168536
16480,0.017447,0.012990,0.103229
16490,0.018209,0.014175,0.129245
16500,0.033668,0.025559,0.153347
16510,0.008834,0.006662,0.078613
16520,0.031016,0.023223,0.143714
16530,0.017522,0.013315,0.119724
16540,0.040158,0.029940,0.149654
16550,0.015947,0.011753,0.139047
16560,0.028382,0.021480,0.147185
16570,0.029007,0.022246,0.130655
16580,0.042863,0.031444,0.202903
16590,0.024216,0.019135,0.098087
16600,0.047174,0.035502,0.198861
16610,0.052529,0.039824,0.206935
16620,0.012670,0.010385,0.068711
16630,0.023192,0.017318,0.134552
16640,0.034703,0.026501,0.151130
16650,0.030180,0.022525,0.144509
16660,0.017156,0.014900,0.136559
16670,0.023302,0.017476,0.135972
16680,0.022312,0.016720,0.139566
16690,0.057611,0.043731,0.215490
16700,0.017846,0.013180,0.131751
16710,0.018176,0.013737,0.118092
16720,0.021965,0.015745,0.142472
16730,0.038290,0.028952,0.154369
16740,0.018900,0.014245,0.130192
16750,0.024071,0.018131,0.137514
16760,0.024176,0.018408,0.133546
16770,0.003574,0.002685,0.113901
16780,0.033607,0.025223,0.170305
16790,0.017856,0.013545,0.093744
16800,0.019426,0.014838,0.111014
16810,0.039183,0.030199,0.185429
16820,0.035568,0.027033,0.173990
16830,0.034712,0.026229,0.146894
16840,0.043016,0.032210,0.155639
16850,0.055099,0.041456,0.206222
16860,0.034951,0.026664,0.187652
16870,0.027258,0.020669,0.130997
16880,0.016992,0.012815,0.105588
16890,0.011244,0.008559,0.102608
16900,0.035542,0.027910,0.146693
16910,0.057579,0.044059,0.207409
16920,0.003339,0.002607,0.131034
16930,0.023673,0.017961,0.151111
16940,0.033903,0.025651,0.151893
16950,0.018647,0.013954,0.097226
16960,0.019172,0.013906,0.134816
16970,0.049907,0.038007,0.185192
16980,0.019182,0.014467,0.099784
16990,0.032891,0.024814,0.166411
17000,0.023133,0.017183,0.129586
17010,0.022428,0.016467,0.119185
17020,0.016693,0.012653,0.136869
17030,0.051785,0.039506,0.205199
17040,0.009485,0.006965,0.094106
17050,0.048987,0.037230,0.197373
17060,0.002425,0.001855,0.084110
17070,0.014025,0.011158,0.171252
17080,0.006948,0.005181,0.040031
17090,0.043483,0.033554,0.167277
17100,0.016578,0.012638,0.128925
17110,0.032209,0.024098,0.167488
17120,0.034595,0.026776,0.156435
17130,0.059130,0.045003,0.220807
17140,0.030439,0.023081,0.148962
17150,0.012608,0.009153,0.110105
17160,0.036460,0.027634,0.168260
17170,0.038259,0.029286,0.191938
17180,0.010924,0.008170,0.100212
17190,0.032389,0.024166,0.141822
17200,0.012706,0.007880,0.180628
17210,0.020261,0.015638,0.099390
17220,0.028665,0.021450,0.155378
17230,0.045128,0.034394,0.198753
17240,0.034486,0.026111,0.163781
17250,0.022748,0.016824,0.136135
17260,0.053767,0.040639,0.200857
17270,0.030673,0.023044,0.148718
17280,0.020290,0.015286,0.136715
17290,0.027466,0.020773,0.146103
17300,0.024395,0.018356,0.137543
17310,0.017552,0.013726,0.132302
17320,0.034513,0.025886,0.148774
17330,0.030921,0.023394,0.151831
17340,0.050135,0.038035,0.204294
17350,0.009567,0.007278,0.101959
17360,0.005208,0.004023,0.076460
17370,0.014192,0.010553,0.108111
17380,0.030479,0.022977,0.154565
17390,0.012473,0.009329,0.107487
17400,0.023708,0.017399,0.144873
17410,0.021783,0.016233,0.109037
17420,0.028814,0.021743,0.149261
17430,0.016729,0.012399,0.123649
17440,0.013762,0.010481,0.111032
17450,0.042328,0.031456,0.177200
17460,0.030832,0.023330,0.153593
17470,0.027824,0.020839,0.133653
17480,0.013098,0.009759,0.110202
17490,0.016381,0.011967,0.112745
17500,0.019611,0.014534,0.124082
17510,0.042051,0.031623,0.169869
17520,0.036695,0.027816,0.165142
17530,0.019794,0.014192,0.157077
17540,0.034757,0.026368,0.169057
17550,0.031945,0.024399,0.139770
17560,0.032157,0.024294,0.154466
17570,0.021200,0.015581,0.129997
17580,0.053213,0.040456,0.205128
17590,0.022701,0.016837,0.130497
17600,0.035200,0.026161,0.176069
17610,0.029774,0.022415,0.153537
17620,0.027483,0.020887,0.142591
17630,0.033854,0.025621,0.157729
17640,0.047395,0.036789,0.205440
17650,0.038630,0.029224,0.168463
17660,0.011047,0.008447,0.103150
17670,0.059381,0.045045,0.217296
17680,0.004591,0.003301,0.096383
17690,0.024854,0.018837,0.144736
17700,0.020884,0.015791,0.129407
17710,0.030226,0.023042,0.167539
17720,0.036178,0.027051,0.169199
17730,0.009503,0.007121,0.096522
17740,0.030366,0.022630,0.157686
17750,0.028489,0.021494,0.154997
17760,0.041822,0.031263,0.181078
17770,0.028170,0.021774,0.145383
17780,0.022902,0.017692,0.218486
17790,0.004691,0.003537,0.039129
17800,0.014373,0.010629,0.116840
17810,0.043164,0.032806,0.184244
17820,0.036609,0.028165,0.164280
17830,0.011547,0.008305,0.103939
17840,0.026401,0.019749,0.134506
17850,0.012382,0.009046,0.116058
17860,0.014152,0.009991,0.174850
17870,0.014057,0.010666,0.114567
17880,0.015656,0.011797,0.122182
17890,0.009922,0.007370,0.113855
17900,0.022177,0.016897,0.143039
17910,0.018374,0.013564,0.147251
17920,0.037021,0.027683,0.170248
17930,0.039859,0.030254,0.161829
17940,0.034136,0.025618,0.161471
17950,0.022579,0.017035,0.136456
17960,0.033859,0.025852,0.164401
17970,0.024154,0.018189,0.121239
17980,0.060263,0.045203,0.231971
17990,0.021517,0.015972,0.125745
18000,0.029604,0.021891,0.156645
18010,0.025638,0.019063,0.127565
18020,0.017596,0.013256,0.106821
18030,0.017900,0.013495,0.119392
18040,0.017076,0.012571,0.082313
18050,0.029386,0.021984,0.148946
18060,0.047036,0.035215,0.175748
18070,0.004723,0.004386,0.129008
18080,0.028974,0.022655,0.184908
18090,0.022132,0.016681,0.109778
18100,0.008550,0.006440,0.116844
18110,0.021241,0.015586,0.152724
18120,0.034498,0.026628,0.147239
18130,0.004141,0.003048,0.067542
18140,0.028103,0.021192,0.159952
18150,0.043539,0.032869,0.189078
18160,0.016083,0.012018,0.112819
18170,0.025524,0.019193,0.125989
18180,0.049932,0.038283,0.191366
18190,0.042087,0.031101,0.176650
18200,0.027139,0.020137,0.154822
18210,0.019734,0.015060,0.135953
18220,0.061572,0.046120,0.237129
18230,0.029175,0.021576,0.156564
18240,0.019065,0.013675,0.143434
18250,0.041374,0.031460,0.177675
18260,0.024788,0.018603,0.144959
18270,0.025073,0.018849,0.114074
18280,0.026517,0.019494,0.148500
18290,0.010220,0.007474,0.121685
18300,0.021927,0.016464,0.129605
18310,0.039743,0.030710,0.175453
18320,0.039211,0.029519,0.172267
18330,0.023412,0.017417,0.134198
18340,0.047136,0.035958,0.185522
18350,0.026557,0.020188,0.142992
18360,0.017341,0.013494,0.094249
18370,0.038510,0.029099,0.170316
18380,0.008143,0.005976,0.125141
18390,0.029439,0.021784,0.145690
18400,0.018336,0.013579,0.104264
18410,0.033246,0.024236,0.158728
18420,0.033926,0.026698,0.156686
18430,0.038379,0.029002,0.182104
18440,0.013874,0.010068,0.105837
18450,0.044304,0.033312,0.182023
18460,0.016874,0.012525,0.118120
18470,0.044349,0.033692,0.189831
18480,0.028134,0.025191,0.166093
18490,0.038850,0.029628,0.173119
18500,0.025635,0.019006,0.150098
18510,0.010627,0.007625,0.081697
18520,0.016341,0.012229,0.119933
18530,0.038904,0.029452,0.158495
18540,0.027195,0.020597,0.144044
18550,0.035940,0.027559,0.167145
18560,0.045620,0.034885,0.176600
18570,0.046832,0.035803,0.179111
18580,0.008511,0.006332,0.123944
18590,0.023204,0.017045,0.137357
18600,0.023285,0.017356,0.156721
18610,0.017120,0.012340,0.133730
18620,0.043330,0.032476,0.196015
18630,0.010843,0.008296,0.059764
18640,0.048297,0.036697,0.192976
18650,0.033462,0.025347,0.172688
18660,0.024543,0.019475,0.189448
18670,0.026454,0.020055,0.149919
18680,0.004503,0.003595,0.109675
18690,0.032307,0.024946,0.153270
18700,0.045679,0.034490,0.187866
18710,0.028488,0.021278,0.153887
18720,0.017634,0.012605,0.141766
18730,0.009888,0.007777,0.211971
18740,0.006988,0.005372,0.061878
18750,0.026486,0.019839,0.142983
18760,0.035501,0.026556,0.165026
18770,0.040534,0.030967,0.176232
18780,0.034258,0.025758,0.168292
18790,0.007953,0.005889,0.038279
18800,0.020628,0.015492,0.130342
18810,0.024508,0.018313,0.140729
18820,0.023146,0.017475,0.144295
18830,0.032430,0.024678,0.141821
18840,0.026130,0.019695,0.142317
18850,0.041601,0.031913,0.164771
18860,0.025936,0.019417,0.153711
18870,0.010046,0.007288,0.104639
18880,0.030597,0.022946,0.149614
18890,0.017415,0.013122,0.136389
18900,0.023536,0.017185,0.131237
18910,0.029470,0.022540,0.140480
18920,0.034803,0.026019,0.165554
18930,0.049264,0.037304,0.180110
18940,0.054044,0.040412,0.217871
18950,0.017407,0.013333,0.134550
18960,0.023359,0.017587,0.137236
18970,0.029659,0.022432,0.156069
18980,0.014514,0.010953,0.123183
18990,0.030258,0.022429,0.190979
19000,0.047172,0.036338,0.193283
19010,0.020196,0.014889,0.128899
19020,0.037611,0.028887,0.170788
19030,0.019593,0.014796,0.094478
19040,0.033960,0.025668,0.144239
19050,0.026006,0.018455,0.146822
19060,0.046668,0.035616,0.197563
19070,0.043288,0.032680,0.194305
19080,0.012250,0.009039,0.112687
19090,0.029418,0.022283,0.163951
19100,0.016072,0.012038,0.122471
19110,0.024059,0.018438,0.103500
19120,0.007049,0.005581,0.051060
19130,0.022829,0.017157,0.134316
19140,0.020615,0.015035,0.153039
19150,0.019125,0.014641,0.150396
19160,0.029439,0.021917,0.169690
19170,0.044407,0.033952,0.182256
19180,0.023676,0.017855,0.136919
19190,0.022437,0.016145,0.130170
19200,0.042214,0.033316,0.168182
19210,0.026528,0.019924,0.142182
19220,0.018526,0.013920,0.120266
19230,0.044152,0.034156,0.170684
19240,0.065599,0.050042,0.242173
19250,0.010781,0.007815,0.120025
19260,0.020437,0.015540,0.113759
19270,0.050458,0.038387,0.204466
19280,0.047796,0.036293,0.191530
19290,0.038235,0.029096,0.151571
19300,0.015783,0.011674,0.122677
19310,0.027329,0.020477,0.149656
19320,0.014265,0.010293,0.107669
19330,0.015032,0.011316,0.303884
19340,0.031099,0.024269,0.167516
19350,0.035083,0.026572,0.164096
19360,0.055058,0.045404,0.242667
19370,0.044484,0.033329,0.200579
19380,0.027331,0.020427,0.137708
19390,0.019750,0.015489,0.132741
19400,0.061942,0.047164,0.224239
19410,0.015389,0.011709,0.095925
19420,0.047217,0.035891,0.197497
19430,0.026136,0.018475,0.162201
19440,0.035622,0.027107,0.139236
19450,0.015752,0.012063,0.107454
19460,0.028915,0.022783,0.126358
19470,0.034227,0.026328,0.149663
19480,0.008735,0.006130,0.118704
19490,0.015047,0.011109,0.128014
19500,0.025102,0.019261,0.156778
19510,0.034579,0.026035,0.160833
19520,0.026210,0.019776,0.144133
19530,0.017065,0.013522,0.082829
19540,0.011952,0.009057,0.102326
19550,0.044155,0.034184,0.213271
19560,0.021057,0.015913,0.115335
19570,0.033762,0.025628,0.179936
19580,0.040808,0.032261,0.166996
19590,0.033519,0.025285,0.152387
19600,0.037414,0.028201,0.165837
19610,0.034969,0.027007,0.157899
19620,0.012392,0.009268,0.100942
19630,0.009503,0.006940,0.125268
19640,0.033984,0.025545,0.166504
19650,0.026561,0.019987,0.142108
19660,0.013713,0.009975,0.080814
19670,0.027213,0.020720,0.144032
19680,0.036036,0.027256,0.150737
19690,0.025149,0.019208,0.126882
19700,0.012593,0.009520,0.098107
19710,0.044711,0.033426,0.184182
19720,0.038270,0.029363,0.173835
19730,0.045303,0.033951,0.191827
19740,0.029581,0.022013,0.151536
19750,0.008365,0.006062,0.094697
19760,0.042674,0.033226,0.165407
19770,0.015180,0.011471,0.084987
19780,0.023423,0.017693,0.124760
19790,0.023901,0.017809,0.124934
19800,0.017887,0.013060,0.129766
19810,0.034485,0.026290,0.141237
19820,0.016472,0.012225,0.131155
19830,0.027021,0.020271,0.147775
19840,0.025773,0.019670,0.135449
19850,0.028757,0.021428,0.155437
19860,0.024996,0.019790,0.152393
19870,0.030034,0.022636,0.147454
19880,0.011825,0.008725,0.145685
19890,0.017310,0.012738,0.133778
19900,0.027050,0.020391,0.140501
19910,0.027700,0.020606,0.148791
19920,0.012326,0.009002,0.107771
19930,0.009148,0.006694,0.075850
19940,0.036185,0.027386,0.175652
19950,0.026560,0.020331,0.142258
19960,0.041537,0.031631,0.188908
19970,0.028205,0.021829,0.137812
19980,0.019297,0.011047,0.127473
19990,0.028760,0.021618,0.126687
20000,0.031654,0.024034,0.145478
20010,0.008473,0.006057,0.142949
20020,0.012626,0.009461,0.108968
20030,0.013632,0.009753,0.131267
20040,0.010407,0.007744,0.094983
20050,0.046555,0.035400,0.187730
20060,0.023684,0.018594,0.163005
20070,0.014888,0.010525,0.117809
20080,0.030787,0.024500,0.159719
20090,0.042793,0.032524,0.177639
20100,0.022659,0.017249,0.127451
20110,0.020761,0.015325,0.143266
20120,0.034857,0.025951,0.167782
20130,0.059288,0.044815,0.222843
20140,0.000720,0.000960,0.123404
20150,0.004137,0.004474,0.039206
20160,0.047023,0.036081,0.182043
20170,0.004424,0.003033,0.100474
20180,0.041911,0.031722,0.187147
20190,0.014464,0.010464,0.111248
20200,0.019791,0.014699,0.168911
20210,0.015749,0.011579,0.081903
20220,0.016311,0.011608,0.091258
20230,0.018963,0.014354,0.117710
20240,0.055103,0.042177,0.210972
20250,0.029474,0.022586,0.148587
20260,0.022519,0.016792,0.151568
20270,0.032588,0.022438,0.143817
20280,0.014299,0.010637,0.073251
20290,0.011732,0.007865,0.164394
20300,0.044550,0.034440,0.177025
20310,0.029483,0.022214,0.140005
20320,0.024219,0.018382,0.128832
20330,0.026254,0.019236,0.144065
20340,0.019202,0.014277,0.127098
20350,0.036705,0.027780,0.175701
20360,0.021245,0.015694,0.148259
20370,0.015441,0.011740,0.105274
20380,0.021227,0.015710,0.136721
20390,0.036576,0.027910,0.156090
20400,0.041636,0.031820,0.185835
20410,0.018276,0.013405,0.134470
20420,0.014994,0.011010,0.126733
20430,0.040813,0.031126,0.173900
20440,0.037316,0.027839,0.167908
20450,0.037526,0.028744,0.170158
20460,0.034865,0.026582,0.133616
20470,0.024612,0.019096,0.132498
20480,0.023065,0.017359,0.103349
20490,0.028450,0.021420,0.112044
20500,0.032638,0.024851,0.148411
20510,0.047564,0.036402,0.203420
20520,0.012899,0.010620,0.061307
20530,0.025151,0.018652,0.132896
20540,0.037897,0.028837,0.166675
20550,0.029309,0.022603,0.135697
20560,0.018841,0.013894,0.135007
20570,0.015534,0.011495,0.100110
20580,0.021264,0.016110,0.125917
20590,0.010872,0.007804,0.202688
20600,0.056583,0.043218,0.218078
20610,0.012153,0.008923,0.102089
20620,0.023907,0.018456,0.112376
20630,0.039190,0.029877,0.174460
20640,0.033300,0.025896,0.175147
20650,0.032434,0.024365,0.151331
20660,0.025694,0.019318,0.136198
20670,0.023159,0.017701,0.145533
20680,0.036831,0.027500,0.162939
20690,0.016808,0.013019,0.116020
20700,0.009026,0.006481,0.098181
20710,0.040579,0.030867,0.171918
20720,0.017961,0.013325,0.120154
20730,0.026156,0.019743,0.144079
20740,0.034004,0.025566,0.139992
20750,0.010292,0.008067,0.083185
20760,0.038306,0.028799,0.173209
20770,0.030970,0.023328,0.128812
20780,0.033333,0.025237,0.154226
20790,0.035739,0.026740,0.149038
20800,0.019946,0.015034,0.095218
20810,0.023838,0.018151,0.152119
20820,0.024606,0.018308,0.139710
20830,0.004270,0.005608,0.161775
20840,0.000007,0.000034,0.000072
20850,0.036925,0.028121,0.170737
20860,0.024326,0.018251,0.135392
20870,0.018367,0.014468,0.128966
20880,0.035208,0.026627,0.163617
20890,0.014138,0.010704,0.115013
20900,0.042172,0.031951,0.179665
20910,0.029281,0.021998,0.134815
20920,0.045799,0.035064,0.186290
20930,0.015548,0.011749,0.087484
20940,0.024405,0.019037,0.116324
20950,0.032880,0.024758,0.155836
20960,0.040720,0.030469,0.178423
20970,0.042101,0.031852,0.181296
20980,0.023726,0.017788,0.135783
20990,0.040298,0.030162,0.172980
21000,0.035851,0.027310,0.161915
21010,0.037037,0.030091,0.179229
21020,0.029629,0.021645,0.142586
21030,0.038751,0.029792,0.156270
21040,0.047668,0.035511,0.183466
21050,0.031597,0.023862,0.136982
21060,0.008920,0.005737,0.109253
21070,0.029180,0.022020,0.104968
21080,0.022836,0.017194,0.101205
21090,0.054773,0.040292,0.211635
21100,0.022534,0.016953,0.143845
21110,0.021300,0.015731,0.142004
21120,0.031212,0.023877,0.141795
21130,0.012818,0.009457,0.145849
21140,0.043812,0.032115,0.221748
21150,0.036339,0.027777,0.149612
21160,0.035680,0.027306,0.176229
21170,0.016678,0.012614,0.126101
21180,0.037024,0.028433,0.167346
21190,0.034078,0.025946,0.163003
21200,0.020642,0.015562,0.140150
21210,0.008603,0.007368,0.267859
21220,0.012549,0.009775,0.110845
21230,0.020589,0.015783,0.108366
21240,0.018427,0.013686,0.137741
21250,0.026116,0.019796,0.109525
21260,0.018381,0.013586,0.128274
21270,0.012076,0.008753,0.118768
21280,0.006004,0.004636,0.105516
21290,0.028500,0.021406,0.127726
21300,0.041965,0.031772,0.177228
21310,0.041633,0.031678,0.183544
21320,0.015755,0.011684,0.129156
21330,0.020765,0.016409,0.105059
21340,0.033003,0.024982,0.129665
21350,0.028687,0.021150,0.169675
21360,0.004413,0.003202,0.134349
21370,0.015135,0.010970,0.117548
21380,0.024486,0.018501,0.116166
21390,0.037395,0.028292,0.164775
21400,0.035063,0.026296,0.161594
21410,0.010774,0.007967,0.092943
21420,0.052754,0.039403,0.207557
21430,0.022841,0.018436,0.149904
21440,0.016014,0.011499,0.120431
21450,0.029822,0.022084,0.120539
21460,0.002236,0.001568,0.117460
21470,0.035332,0.027029,0.163372
21480,0.022582,0.016979,0.110592
21490,0.018176,0.013697,0.144020
21500,0.019412,0.014761,0.132481
21510,0.022333,0.017166,0.095986
21520,0.039683,0.029511,0.180990
21530,0.044388,0.032421,0.193421
21540,0.036317,0.027502,0.171249
21550,0.008361,0.006143,0.099109
21560,0.026337,0.019671,0.121793
21570,0.046840,0.037046,0.195725
21580,0.016990,0.012100,0.131767
21590,0.039477,0.030404,0.182409
21600,0.020659,0.015778,0.132653
21610,0.048125,0.036552,0.194208
21620,0.034289,0.025783,0.161981
21630,0.045380,0.034159,0.188554
21640,0.042574,0.032185,0.187653
21650,0.027298,0.021013,0.149000
21660,0.029154,0.021756,0.129135
21670,0.026381,0.020071,0.137490
21680,0.052268,0.039929,0.193011
21690,0.013785,0.010142,0.105137
21700,0.032823,0.024771,0.136362
21710,0.026025,0.019075,0.173001
21720,0.022642,0.017027,0.119653
21730,0.039531,0.030279,0.168736
21740,0.031102,0.023340,0.157551
21750,0.022325,0.017286,0.138444
21760,0.020819,0.015438,0.125765
21770,0.056784,0.043910,0.197201
21780,0.005894,0.004478,0.102117
21790,0.024599,0.018858,0.139111
21800,0.028439,0.022076,0.135163
21810,0.005364,0.003893,0.101929
21820,0.028206,0.021094,0.160302
21830,0.045453,0.034645,0.179695
21840,0.016103,0.012034,0.116426
21850,0.025899,0.019337,0.140862
21860,0.026738,0.020435,0.148146
21870,0.022044,0.016470,0.136949
21880,0.036821,0.027597,0.160522
21890,0.025842,0.019579,0.117027
21900,0.048740,0.036983,0.195272
21910,0.020193,0.015364,0.134696
21920,0.024505,0.018460,0.134784
21930,0.026368,0.020107,0.132730
21940,0.051315,0.038589,0.214558
21950,0.010076,0.007391,0.086931
21960,0.010765,0.007983,0.104058
21970,0.048128,0.036918,0.189613
21980,0.011494,0.008719,0.089945
21990,0.027957,0.021267,0.124556
22000,0.012949,0.009679,0.108136
22010,0.036208,0.028673,0.171988
22020,0.021985,0.016480,0.133605
22030,0.017037,0.012625,0.135152
22040,0.015397,0.011540,0.125040
22050,0.038394,0.029005,0.172189
22060,0.002612,0.001916,0.112066
22070,0.033249,0.025567,0.161833
22080,0.033096,0.024942,0.161556
22090,0.025660,0.019067,0.158001
22100,0.036734,0.027600,0.174242
22110,0.049654,0.037443,0.176667
22120,0.021685,0.016451,0.105802
22130,0.008115,0.006076,0.079162
22140,0.011205,0.008541,0.102243
22150,0.035543,0.026451,0.167186
22160,0.022184,0.016577,0.145235
22170,0.001275,0.000926,0.050761
22180,0.010803,0.007887,0.089250
22190,0.004053,0.003200,0.028293
22200,0.058242,0.044119,0.210453
22210,0.037015,0.027906,0.146859
22220,0.014482,0.010506,0.111922
22230,0.035046,0.026558,0.157260
22240,0.035327,0.026468,0.159885
22250,0.020374,0.014685,0.112583
22260,0.013177,0.009961,0.069166
22270,0.021405,0.016151,0.126599
22280,0.018140,0.013776,0.112125
22290,0.009820,0.007373,0.056852
22300,0.031630,0.022995,0.171756
22310,0.020564,0.015653,0.120511
22320,0.010388,0.007732,0.088500
22330,0.032822,0.024637,0.156705
22340,0.018494,0.013964,0.100226
22350,0.000277,0.000175,0.000706
22360,0.020933,0.015424,0.131851
22370,0.032978,0.025594,0.167593
22380,0.077314,0.058931,0.261820
22390,0.011884,0.008846,0.096551
22400,0.038129,0.029418,0.170161
22410,0.010412,0.007798,0.077538
22420,0.050699,0.038360,0.199591
22430,0.024846,0.018915,0.142316
22440,0.036952,0.028767,0.176347
22450,0.020693,0.015909,0.121662
22460,0.017422,0.013029,0.114143
22470,0.020813,0.015650,0.126798
22480,0.014633,0.011630,0.069883
22490,0.022007,0.015911,0.136086
22500,0.034200,0.026204,0.155487
22510,0.034424,0.025961,0.149834
22520,0.032197,0.024703,0.146028
22530,0.012082,0.009251,0.095475
22540,0.013520,0.010303,0.146908
22550,0.018714,0.014039,0.124089
22560,0.019751,0.014756,0.118178
22570,0.026871,0.020477,0.136861
22580,0.016845,0.012476,0.131334
22590,0.030864,0.022980,0.168213
22600,0.019982,0.015087,0.111041
22610,0.017420,0.012899,0.113343
22620,0.039659,0.030150,0.155000
22630,0.024860,0.019481,0.136094
22640,0.009322,0.007000,0.057596
22650,0.028392,0.021876,0.113804
22660,0.031865,0.023922,0.148642
22670,0.035517,0.026660,0.172882
22680,0.022677,0.016730,0.152844
22690,0.030674,0.022969,0.145974
22700,0.024643,0.018483,0.104243
22710,0.020753,0.015593,0.126283
22720,0.039312,0.029832,0.169858
22730,0.020694,0.015217,0.118511
22740,0.020046,0.015157,0.117917
22750,0.033690,0.025800,0.165663
22760,0.026597,0.019822,0.146591
22770,0.021670,0.016295,0.125994
22780,0.030304,0.022944,0.137852
22790,0.033570,0.025748,0.162283
22800,0.030689,0.023240,0.147724
22810,0.015722,0.011582,0.131381
22820,0.001930,0.001387,0.108618
22830,0.018579,0.014004,0.118534
22840,0.034999,0.027052,0.148792
22850,0.022719,0.017417,0.151641
22860,0.019625,0.014481,0.118779
22870,0.029337,0.022117,0.142113
22880,0.022707,0.017528,0.122803
22890,0.042790,0.033021,0.187987
22900,0.011977,0.008944,0.096950
22910,0.019775,0.015048,0.093947
22920,0.057355,0.042891,0.217918
22930,0.012255,0.009153,0.107105
22940,0.039330,0.029989,0.159218
22950,0.042450,0.032124,0.174452
22960,0.037752,0.028226,0.169351
22970,0.033724,0.024911,0.169804
22980,0.019888,0.014954,0.115920
22990,0.011917,0.008951,0.098820
23000,0.026432,0.019701,0.131737
23010,0.018421,0.013528,0.129617
23020,0.018643,0.013993,0.122402
23030,0.028813,0.021824,0.149336
23040,0.004505,0.003351,0.082548
23050,0.011487,0.008589,0.108858
23060,0.024788,0.018502,0.140941
23070,0.020849,0.015572,0.123492
23080,0.029677,0.022432,0.147517
23090,0.000439,0.000326,0.043054
23100,0.031803,0.023874,0.153769
23110,0.019210,0.014727,0.127294
23120,0.028684,0.021166,0.150351
23130,0.027168,0.021340,0.121434
23140,0.006826,0.004763,0.083469
23150,0.020147,0.014917,0.134004
23160,0.037819,0.028786,0.141319
23170,0.024259,0.019242,0.186742
23180,0.037284,0.028250,0.150656
23190,0.025914,0.019220,0.121223
23200,0.020374,0.016143,0.090233
23210,0.011858,0.009214,0.102388
23220,0.051223,0.039124,0.189942
23230,0.010628,0.007917,0.050476
23240,0.029270,0.021973,0.151702
23250,0.041138,0.031036,0.175423
23260,0.054778,0.040972,0.209382
23270,0.022931,0.017140,0.107170
23280,0.010788,0.008044,0.097923
23290,0.016357,0.012011,0.111503
23300,0.043990,0.033883,0.176331
23310,0.011246,0.008132,0.091122
23320,0.045795,0.034840,0.190347
23330,0.034488,0.026370,0.165543
23340,0.041188,0.031214,0.164130
23350,0.016330,0.012207,0.124221
23360,0.065920,0.049421,0.229808
23370,0.019739,0.014798,0.122469
23380,0.019431,0.014443,0.127733
23390,0.045566,0.034396,0.191906
23400,0.011483,0.008485,0.111952
23410,0.027738,0.021206,0.128314
23420,0.024943,0.018913,0.137269
23430,0.011189,0.008407,0.109289
23440,0.009611,0.007328,0.063154
23450,0.042256,0.031989,0.187318
23460,0.025135,0.018709,0.137085
23470,0.033473,0.025025,0.167885
23480,0.044091,0.032926,0.183382
23490,0.027659,0.021196,0.139161
23500,0.027808,0.020960,0.143469
23510,0.024057,0.017179,0.123651
23520,0.020451,0.015121,0.136078
23530,0.009899,0.006347,0.207842
23540,0.030418,0.022962,0.145775
23550,0.015581,0.011203,0.115118
23560,0.027580,0.020752,0.149153
23570,0.015535,0.011390,0.085435
23580,0.016996,0.013947,0.080300
23590,0.019794,0.014941,0.128123
23600,0.013219,0.010145,0.106174
23610,0.004528,0.003177,0.106217
23620,0.017417,0.013404,0.130667
23630,0.026057,0.019396,0.129920
23640,0.021214,0.015989,0.122498
23650,0.019276,0.014072,0.121596
23660,0.031022,0.023715,0.131134
23670,0.045338,0.034610,0.183759
23680,0.018003,0.013658,0.122701
23690,0.001053,0.001090,0.173420
23700,0.022849,0.017416,0.132041
23710,0.032071,0.024216,0.151337
23720,0.025917,0.019288,0.122409
23730,0.026598,0.020065,0.143450
23740,0.048883,0.037048,0.200200
23750,0.023387,0.017468,0.135191
23760,0.029898,0.022976,0.154213
23770,0.022998,0.017635,0.129378
23780,0.020994,0.015645,0.127332
23790,0.017591,0.013168,0.123342
23800,0.011735,0.009194,0.098112
23810,0.021160,0.015925,0.097497
23820,0.026597,0.020108,0.145294
23830,0.028506,0.021511,0.151107
23840,0.052016,0.039168,0.206994
23850,0.062663,0.047391,0.231019
23860,0.010808,0.008052,0.099335
23870,0.024353,0.018626,0.132230
23880,0.014945,0.011508,0.064263
23890,0.017192,0.013082,0.085594
23900,0.032591,0.024539,0.148142
23910,0.031541,0.024032,0.151331
23920,0.023308,0.017247,0.132357
23930,0.023759,0.018006,0.117615
23940,0.019883,0.015144,0.117281
23950,0.023214,0.017341,0.128603
23960,0.041801,0.032061,0.178071
23970,0.006773,0.004980,0.119586
23980,0.023469,0.017680,0.093522
23990,0.036695,0.027502,0.162840
24000,0.047069,0.035595,0.195597
24010,0.012637,0.009606,0.062462
24020,0.023474,0.017618,0.134037
24030,0.013416,0.010178,0.102310
24040,0.027755,0.020923,0.120544
24050,0.062327,0.049407,0.227361
24060,0.019352,0.014564,0.119764
24070,0.017584,0.013525,0.130480
24080,0.027831,0.022704,0.114600
24090,0.029624,0.022130,0.134057
24100,0.008118,0.006067,0.093991
24110,0.050220,0.037806,0.178177
24120,0.038576,0.028996,0.163447
24130,0.023574,0.017956,0.134544
24140,0.000125,0.000099,0.656301
24150,0.038090,0.028679,0.160311
24160,0.019185,0.014267,0.118885
24170,0.029701,0.022118,0.139285
24180,0.025836,0.019353,0.138425
24190,0.028251,0.022052,0.132378
24200,0.037842,0.028686,0.174575
24210,0.025076,0.018472,0.140731
24220,0.020836,0.015769,0.132283
24230,0.004164,0.002822,0.657094
24240,0.017045,0.012899,0.127218
24250,0.014162,0.010999,0.066500
24260,0.033293,0.025290,0.140647
24270,0.013916,0.009236,0.122133
24280,0.021032,0.015616,0.122593
24290,0.014824,0.010424,0.116874
24300,0.021325,0.016697,0.127758
24310,0.033223,0.025963,0.162290
24320,0.017928,0.013233,0.122609
24330,0.008257,0.006095,0.096111
24340,0.029287,0.021958,0.148856
24350,0.009211,0.006608,0.112094
24360,0.012855,0.009459,0.103765
24370,0.028487,0.021665,0.155813
24380,0.039659,0.030230,0.167809
24390,0.021795,0.016631,0.103054
24400,0.017549,0.013164,0.116462
24410,0.021537,0.016048,0.131892
24420,0.005170,0.002513,0.037253
24430,0.065694,0.050192,0.234756
24440,0.003991,0.002963,0.036128
24450,0.037392,0.029289,0.161756
24460,0.043774,0.033361,0.195117
24470,0.043705,0.033205,0.175718
24480,0.017159,0.012967,0.088157
24490,0.005390,0.004134,0.027932
24500,0.024602,0.018620,0.140662
24510,0.033366,0.025033,0.146119
24520,0.000598,0.000416,0.112024
24530,0.042541,0.031881,0.178013
24540,0.029593,0.022547,0.130303
24550,0.015721,0.011716,0.123711
24560,0.028026,0.023323,0.113311
24570,0.035461,0.027036,0.143652
24580,0.004030,0.002789,0.096121
24590,0.027466,0.021681,0.152761
24600,0.021795,0.016577,0.090705
24610,0.052677,0.039698,0.204876
24620,0.034480,0.026402,0.157191
24630,0.023030,0.017186,0.142261
24640,0.032777,0.023986,0.163155
24650,0.021766,0.016571,0.110780
24660,0.022400,0.016666,0.128097
24670,0.012069,0.009078,0.110739
24680,0.037011,0.028001,0.168356
24690,0.026105,0.019702,0.141198
24700,0.003569,0.002485,0.093563
24710,0.032183,0.024499,0.149644
24720,0.042970,0.032982,0.193744
24730,0.039481,0.029285,0.165949
24740,0.022630,0.017024,0.131144
24750,0.034038,0.025936,0.154604
24760,0.023055,0.017563,0.124838
24770,0.014830,0.011310,0.105750
24780,0.020797,0.016101,0.109380
24790,0.041563,0.031824,0.170174
24800,0.028483,0.021745,0.140054
24810,0.019147,0.013999,0.113842
24820,0.036736,0.027502,0.165948
24830,0.021180,0.015568,0.124545
24840,0.013323,0.010298,0.083457
24850,0.006026,0.004602,0.036536
24860,0.031254,0.023707,0.145129
24870,0.011948,0.008608,0.176945
24880,0.017580,0.013228,0.082514
24890,0.022755,0.017070,0.090386
24900,0.016270,0.012235,0.117669
24910,0.036836,0.027684,0.166193
24920,0.020779,0.015813,0.119270
24930,0.017542,0.013130,0.138802
24940,0.009747,0.007248,0.091807
24950,0.062580,0.054907,0.242744
24960,0.023126,0.017369,0.140362
24970,0.027696,0.021158,0.142812
24980,0.025745,0.019358,0.132169
24990,0.015478,0.011857,0.079765
25000,0.021217,0.017144,0.137339
25010,0.031693,0.023959,0.156296
25020,0.028624,0.021448,0.148174
25030,0.018348,0.014020,0.091565
25040,0.011541,0.008381,0.123232
25050,0.029007,0.022681,0.155091
25060,0.035772,0.027156,0.154100
25070,0.041025,0.031160,0.177843
25080,0.024433,0.017874,0.137142
25090,0.021273,0.015533,0.124186
25100,0.031149,0.023512,0.147743
25110,0.009758,0.007293,0.093323
25120,0.006886,0.004741,0.097746
25130,0.020183,0.014888,0.123347
25140,0.023794,0.017084,0.142069
25150,0.030490,0.022854,0.148422
25160,0.030073,0.022728,0.144321
25170,0.021858,0.016432,0.129152
25180,0.031380,0.023533,0.150549
25190,0.037478,0.028786,0.168786
25200,0.016838,0.012362,0.087879
25210,0.036162,0.027408,0.137589
25220,0.039088,0.029680,0.178881
25230,0.026683,0.019929,0.153698
25240,0.025076,0.019444,0.114811
25250,0.011164,0.008568,0.110995
25260,0.044763,0.034126,0.189619
25270,0.017716,0.013225,0.122832
25280,0.033555,0.025367,0.158000
25290,0.024901,0.019029,0.131578
25300,0.047136,0.035552,0.194711
25310,0.011029,0.008200,0.082554
25320,0.059253,0.044421,0.215967
25330,0.014475,0.010652,0.104331
25340,0.027040,0.020189,0.124387
25350,0.043626,0.033638,0.176458
25360,0.051879,0.039423,0.201059
25370,0.021741,0.015481,0.130367
25380,0.049388,0.037830,0.202964
25390,0.016625,0.012496,0.109611
25400,0.035279,0.026697,0.154740
25410,0.019772,0.014877,0.109539
25420,0.030327,0.022607,0.157479
25430,0.015712,0.011814,0.084213
25440,0.043206,0.033195,0.155899
25450,0.022331,0.016351,0.129034
25460,0.024214,0.018301,0.130001
25470,0.035872,0.026755,0.156386
25480,0.011008,0.007954,0.129863
25490,0.047242,0.035905,0.185434
25500,0.046236,0.034759,0.181182
25510,0.044005,0.033158,0.180936
25520,0.023764,0.017923,0.120722
25530,0.014363,0.010554,0.104330
25540,0.005982,0.004071,0.142859
25550,0.030758,0.023254,0.147856
25560,0.022377,0.016899,0.113264
25570,0.045296,0.033057,0.189630
25580,0.008247,0.006452,0.061213
25590,0.032002,0.024423,0.142629
25600,0.021752,0.016483,0.095922
25610,0.032503,0.024216,0.159795
25620,0.004471,0.003121,0.090452
25630,0.018605,0.014025,0.116104
25640,0.023881,0.018001,0.123215
25650,0.033248,0.025374,0.153543
25660,0.041668,0.031646,0.171625
25670,0.019336,0.014785,0.127579
25680,0.027911,0.021061,0.113068
25690,0.005618,0.004179,0.099850
25700,0.038054,0.028685,0.167536
25710,0.038200,0.029059,0.169616
25720,0.025133,0.018653,0.108075
25730,0.035779,0.027086,0.155105
25740,0.017433,0.013134,0.133322
25750,0.016564,0.011818,0.140345
25760,0.032957,0.025044,0.148450
25770,0.021175,0.015567,0.183320
25780,0.032844,0.025106,0.136459
25790,0.019560,0.014827,0.120599
25800,0.010989,0.007925,0.124911
25810,0.001372,0.000915,0.099920
25820,0.032150,0.023761,0.149879
25830,0.014977,0.011078,0.151885
25840,0.047126,0.034846,0.191573
25850,0.035905,0.027611,0.144950
25860,0.007102,0.005170,0.098659
25870,0.027799,0.020962,0.127012
25880,0.012431,0.009403,0.115134
25890,0.014497,0.010686,0.081365
25900,0.042723,0.031871,0.175538
25910,0.015103,0.011686,0.091028
25920,0.028375,0.021563,0.145329
25930,0.029273,0.022048,0.143355
25940,0.052107,0.039556,0.201010
25950,0.053789,0.041090,0.200004
25960,0.022850,0.017265,0.133136
25970,0.051547,0.038158,0.177409
25980,0.023722,0.017742,0.138894
25990,0.021145,0.015676,0.131451
26000,0.018668,0.013887,0.118292
26010,0.005393,0.004026,0.084770
26020,0.006127,0.004742,0.106992
26030,0.015173,0.011477,0.110053
26040,0.018288,0.013708,0.124204
26050,0.020870,0.015833,0.108061
26060,0.016409,0.012230,0.087734
26070,0.004505,0.003466,0.075895
26080,0.013151,0.009892,0.103646
26090,0.018490,0.013556,0.098897
26100,0.041814,0.030783,0.178617
26110,0.017922,0.013538,0.128631
26120,0.014019,0.010095,0.105687
26130,0.052363,0.039683,0.199268
26140,0.023378,0.018129,0.147557
26150,0.039475,0.030192,0.173515
26160,0.039930,0.030469,0.157036
26170,0.035209,0.026398,0.146729
26180,0.024907,0.018880,0.132695
26190,0.024441,0.018738,0.116122
26200,0.039934,0.028177,0.187229
26210,0.024574,0.018587,0.124816
26220,0.005280,0.004190,0.148623
26230,0.054852,0.041469,0.207254
26240,0.058866,0.042981,0.224039
26250,0.019646,0.014784,0.142203
26260,0.031758,0.024089,0.146275
26270,0.024306,0.018211,0.134715
26280,0.030889,0.023392,0.145079
26290,0.031939,0.024053,0.148706
26300,0.028061,0.021104,0.143140
26310,0.028738,0.021565,0.150483
26320,0.021114,0.015635,0.151851
26330,0.022200,0.016603,0.135765
26340,0.059255,0.044782,0.216148
26350,0.024597,0.018735,0.125747
26360,0.036325,0.027525,0.166241
26370,0.044895,0.034074,0.186955
26380,0.031857,0.023801,0.155343
26390,0.033915,0.025898,0.157855
26400,0.026538,0.019855,0.138449
26410,0.022258,0.016492,0.124764
26420,0.024936,0.018587,0.127966
26430,0.026999,0.020125,0.139439
26440,0.040952,0.030948,0.189938
26450,0.015593,0.011705,0.106160
26460,0.037001,0.027601,0.155881
26470,0.029609,0.022361,0.138985
26480,0.016099,0.011910,0.112368
26490,0.020217,0.015179,0.096674
26500,0.018235,0.013640,0.106532
26510,0.025016,0.018583,0.129194
26520,0.004696,0.003345,0.104336
26530,0.051353,0.039149,0.202913
26540,0.021725,0.016636,0.113830
26550,0.021296,0.016443,0.126240
26560,0.025996,0.019898,0.138006
26570,0.010457,0.008029,0.056011
26580,0.018948,0.014234,0.112799
26590,0.018195,0.013745,0.114335
26600,0.035070,0.026972,0.159690
26610,0.006308,0.004407,0.110731
26620,0.024323,0.018522,0.127820
26630,0.025405,0.019529,0.126379
26640,0.021584,0.015779,0.127598
26650,0.014092,0.010385,0.109144
26660,0.024876,0.018805,0.110425
26670,0.010527,0.007951,0.091186
26680,0.024569,0.018342,0.127130
26690,0.041720,0.032845,0.197987
26700,0.025102,0.019213,0.132438
26710,0.020412,0.015216,0.104300
26720,0.030201,0.022632,0.148146
26730,0.010054,0.008098,0.119764
26740,0.038097,0.029117,0.163301
26750,0.016472,0.012384,0.098852
26760,0.014816,0.010681,0.120300
26770,0.022699,0.017046,0.124392
26780,0.017555,0.013423,0.134296
26790,0.008839,0.006379,0.100586
26800,0.011964,0.009107,0.081356
26810,0.028088,0.021523,0.121733
26820,0.007015,0.005387,0.094466
26830,0.051739,0.038968,0.184521
26840,0.013560,0.010485,0.112958
26850,0.027134,0.019839,0.154864
26860,0.025319,0.019338,0.140150
26870,0.011922,0.008943,0.106292
26880,0.047055,0.035323,0.186868
26890,0.038054,0.029042,0.162765
26900,0.035875,0.027177,0.162642
26910,0.034490,0.025863,0.163077
26920,0.026236,0.019860,0.140265
26930,0.023950,0.018072,0.143479
26940,0.023611,0.017875,0.126755
26950,0.013881,0.010228,0.130373
26960,0.032205,0.023970,0.153170
26970,0.027740,0.021148,0.118844
26980,0.030357,0.023156,0.157431
26990,0.009661,0.007075,0.093338
27000,0.024054,0.017974,0.131131
27010,0.020370,0.015240,0.139382
27020,0.041537,0.031803,0.176230
27030,0.008214,0.006510,0.106176
27040,0.030227,0.023019,0.149886
27050,0.051688,0.039064,0.193697
27060,0.023023,0.016991,0.135451
27070,0.032517,0.024519,0.136580
27080,0.018989,0.014175,0.127911
27090,0.021735,0.016430,0.101337
27100,0.021929,0.016478,0.083482
27110,0.001293,0.000888,0.082678
27120,0.022005,0.016925,0.130268
27130,0.026669,0.020427,0.140572
27140,0.022830,0.016674,0.142892
27150,0.011298,0.008446,0.070281
27160,0.013677,0.010128,0.118272
27170,0.015993,0.012338,0.122159
27180,0.023750,0.017659,0.135595
27190,0.026574,0.020081,0.145137
27200,0.031298,0.024020,0.143280
27210,0.038933,0.029708,0.137418
27220,0.037230,0.028137,0.168718
27230,0.012181,0.009065,0.111532
27240,0.003894,0.002789,0.092605
27250,0.035126,0.026642,0.143417
27260,0.028408,0.020644,0.152148
27270,0.001576,0.001265,0.011634
27280,0.034695,0.026186,0.156664
27290,0.032901,0.024750,0.143008
27300,0.024041,0.018123,0.125558
27310,0.020602,0.015304,0.117226
27320,0.015474,0.011603,0.109500
27330,0.012911,0.009497,0.134066
27340,0.021376,0.015943,0.127508
27350,0.007067,0.005422,0.094002
27360,0.028639,0.021518,0.137442
27370,0.027747,0.021074,0.138482
27380,0.042698,0.032694,0.210761
27390,0.029421,0.022528,0.130380
27400,0.028408,0.021623,0.127939
27410,0.019391,0.014741,0.095848
27420,0.024444,0.018743,0.125892
27430,0.001742,0.001418,0.085073
27440,0.049275,0.037543,0.199234
27450,0.023273,0.017265,0.122947
27460,0.021219,0.016198,0.118538
27470,0.034015,0.026099,0.149153
27480,0.041811,0.032387,0.172534
27490,0.001684,0.001081,0.130825
27500,0.042383,0.031805,0.178996
27510,0.042167,0.032113,0.176343
27520,0.030672,0.024711,0.170678
27530,0.012386,0.009067,0.092978
27540,0.042568,0.034155,0.188981
27550,0.000927,0.000671,0.067395
27560,0.017509,0.012403,0.063800
27570,0.031459,0.023688,0.161456
27580,0.011799,0.009116,0.091513
27590,0.038802,0.029390,0.164930
27600,0.018795,0.014442,0.122398
27610,0.040695,0.030769,0.173843
27620,0.029358,0.021452,0.189672
27630,0.028121,0.019748,0.137152
27640,0.044668,0.033915,0.160096
27650,0.021866,0.016364,0.125798
27660,0.033202,0.025328,0.134266
27670,0.051213,0.039156,0.192365
27680,0.032550,0.024440,0.149158
27690,0.025493,0.019679,0.119665
27700,0.036974,0.027218,0.165979
27710,0.034628,0.026222,0.158343
27720,0.014618,0.010968,0.073196
27730,0.017972,0.013519,0.113111
27740,0.021172,0.015976,0.130996
27750,0.031089,0.023397,0.149446
27760,0.035192,0.025588,0.191147
27770,0.031378,0.023711,0.121520
27780,0.029542,0.021902,0.148537
27790,0.009943,0.007148,0.138950
27800,0.031334,0.024278,0.159680
27810,0.012478,0.009316,0.090193
27820,0.012978,0.009606,0.066386
27830,0.040909,0.031359,0.165471
27840,0.019270,0.014420,0.115218
27850,0.003169,0.002212,0.099779
27860,0.001404,0.001006,0.074990
27870,0.042507,0.032201,0.167348
27880,0.045471,0.034572,0.185841
27890,0.016197,0.012169,0.109687
27900,0.015040,0.011254,0.070232
27910,0.025750,0.019462,0.135567
27920,0.023623,0.018057,0.137375
27930,0.014445,0.010323,0.113859
27940,0.040233,0.030400,0.169039
27950,0.066899,0.050571,0.235735
27960,0.003935,0.003115,0.175691
27970,0.011488,0.008802,0.071792
27980,0.030669,0.023151,0.150782
27990,0.020538,0.015059,0.142253
28000,0.012743,0.009454,0.110562
28010,0.031231,0.023706,0.159432
28020,0.042413,0.032446,0.176678
28030,0.015032,0.011392,0.077672
28040,0.022341,0.016947,0.126317
28050,0.060524,0.046164,0.222039
28060,0.034204,0.025825,0.153758
28070,0.016027,0.011942,0.113806
28080,0.011273,0.008424,0.105044
28090,0.019756,0.014865,0.116555
28100,0.029153,0.022027,0.145589
28110,0.017094,0.012691,0.124723
28120,0.006622,0.004719,0.101194
28130,0.045871,0.035101,0.181068
28140,0.039941,0.030274,0.178704
28150,0.025403,0.019741,0.116394
28160,0.016375,0.012037,0.103588
28170,0.032227,0.024280,0.132535
28180,0.031319,0.023312,0.142244
28190,0.028007,0.021213,0.132349
28200,0.010770,0.007942,0.105710
28210,0.016000,0.011741,0.149134
28220,0.012493,0.009448,0.095962
28230,0.015950,0.012262,0.084257
28240,0.006477,0.004320,0.087963
28250,0.027082,0.020472,0.142022
28260,0.029279,0.022210,0.146311
28270,0.037205,0.027950,0.165872
28280,0.039064,0.030001,0.147110
28290,0.016400,0.012102,0.103687
28300,0.021465,0.016284,0.092912
28310,0.025093,0.018665,0.142739
28320,0.021326,0.015664,0.131546
28330,0.016943,0.012469,0.088255
28340,0.030941,0.023224,0.148523
28350,0.050608,0.038069,0.206137
28360,0.018351,0.013399,0.119574
28370,0.020857,0.015671,0.121897
28380,0.016619,0.012385,0.121613
28390,0.033533,0.025549,0.156405
28400,0.029529,0.022312,0.154323
28410,0.016004,0.011905,0.117629
28420,0.035575,0.027095,0.159009
28430,0.016056,0.011963,0.127104
28440,0.029642,0.022426,0.140573
28450,0.029378,0.022273,0.150590
28460,0.002487,0.001616,0.141098
28470,0.022967,0.017265,0.128708
28480,0.016707,0.012304,0.130838
28490,0.051142,0.038462,0.198629
28500,0.017240,0.013328,0.129200
28510,0.030021,0.022904,0.134285
28520,0.034258,0.025909,0.146781
28530,0.015014,0.010953,0.100515
28540,0.011193,0.008247,0.128094
28550,0.006740,0.005121,0.080201
28560,0.027644,0.021273,0.140641
28570,0.013923,0.010566,0.063551
28580,0.015858,0.011776,0.115542
28590,0.025621,0.023393,0.139697
28600,0.016619,0.012836,0.130495
28610,0.042124,0.031875,0.170576
28620,0.018749,0.014083,0.120432
28630,0.020607,0.015427,0.122571
28640,0.033521,0.025218,0.149719
28650,0.023901,0.018165,0.118348
28660,0.029516,0.022383,0.153133
28670,0.021187,0.016202,0.097329
28680,0.032347,0.024652,0.128673
28690,0.022571,0.017433,0.096408
28700,0.023098,0.017466,0.152952
28710,0.032720,0.025665,0.139042
28720,0.005592,0.003903,0.110124
28730,0.024462,0.018486,0.135125
28740,0.017581,0.012920,0.119641
28750,0.035278,0.026498,0.160617
28760,0.050491,0.038563,0.187045
28770,0.020262,0.015455,0.123984
28780,0.039800,0.029573,0.165226
28790,0.020625,0.018672,0.151121
28800,0.027398,0.020583,0.146683
28810,0.035536,0.026398,0.123359
28820,0.028213,0.021154,0.142870
28830,0.042552,0.032081,0.176882
28840,0.013568,0.009689,0.107813
28850,0.028905,0.021736,0.116403
28860,0.021302,0.015791,0.110379
28870,0.023161,0.017349,0.120758
28880,0.008651,0.005897,0.137321
28890,0.019047,0.014159,0.094212
28900,0.022860,0.017773,0.152332
28910,0.000003,0.000009,0.000020
28920,0.011093,0.007832,0.058400
28930,0.006601,0.004889,0.050767
28940,0.023409,0.017664,0.121362
28950,0.047396,0.035970,0.185060
28960,0.000004,0.000003,0.000011
28970,0.003020,0.002049,0.114087
28980,0.033383,0.025021,0.171299
28990,0.018645,0.014157,0.113515
29000,0.017128,0.012464,0.111551
29010,0.001819,0.001259,0.192679
29020,0.035811,0.027269,0.165780
29030,0.022168,0.017418,0.109814
29040,0.027825,0.020620,0.141154
29050,0.004812,0.003580,0.403505
29060,0.028704,0.021866,0.139002
29070,0.015464,0.011755,0.118736
29080,0.028192,0.021468,0.148607
29090,0.034539,0.026010,0.156298
29100,0.030141,0.022726,0.148303
29110,0.022669,0.017891,0.131901
29120,0.015597,0.011888,0.115268
29130,0.006466,0.005159,0.047084
29140,0.014256,0.010109,0.130167
29150,0.052583,0.040026,0.205520
29160,0.017200,0.013069,0.110715
29170,0.026895,0.020677,0.139142
29180,0.019844,0.014840,0.116745
29190,0.040459,0.030738,0.173514
29200,0.011029,0.008357,0.079367
29210,0.020571,0.015454,0.120129
29220,0.037236,0.028445,0.170947
29230,0.001174,0.000794,0.081676
29240,0.027620,0.021070,0.130140
29250,0.005546,0.003880,0.141012
29260,0.069078,0.052123,0.238161
29270,0.025535,0.019489,0.120247
29280,0.033821,0.025620,0.161281
29290,0.039748,0.030253,0.157542
29300,0.043470,0.032751,0.177277
29310,0.024210,0.018110,0.129451
29320,0.006372,0.004923,0.099853
29330,0.032819,0.025686,0.131566
29340,0.038539,0.029296,0.155305
29350,0.015058,0.011228,0.105972
29360,0.017252,0.012933,0.127471
29370,0.040601,0.030626,0.174826
29380,0.039890,0.029837,0.167102
29390,0.026304,0.020034,0.143822
29400,0.017698,0.013351,0.130798
29410,0.013985,0.010500,0.115235
29420,0.023406,0.017890,0.111479
29430,0.006960,0.004993,0.117314
29440,0.023279,0.017537,0.118686
29450,0.022511,0.017275,0.099635
29460,0.024348,0.018438,0.134859
29470,0.004002,0.002952,0.104692
29480,0.045225,0.034407,0.175148
29490,0.021292,0.016497,0.134073
29500,0.029891,0.022409,0.143502
29510,0.048578,0.036632,0.187048
29520,0.034858,0.027223,0.141737
29530,0.023073,0.016973,0.135772
29540,0.036527,0.027341,0.163973
29550,0.018950,0.014093,0.114488
29560,0.016161,0.012148,0.091457
29570,0.019088,0.014149,0.123077
29580,0.020212,0.015227,0.120313
29590,0.015808,0.012024,0.118179
29600,0.035491,0.026659,0.157877
29610,0.022894,0.017210,0.130567
29620,0.008372,0.006157,0.132609
29630,0.027161,0.020378,0.143073
29640,0.029163,0.022269,0.155112
29650,0.027173,0.020539,0.136910
29660,0.017320,0.013256,0.117961
29670,0.000006,0.000002,0.000014
29680,0.027336,0.020631,0.148798
29690,0.006582,0.005052,0.086965
29700,0.014121,0.010654,0.107018
29710,0.024484,0.018660,0.106176
29720,0.019164,0.014555,0.106499
29730,0.020617,0.014969,0.092575
29740,0.046525,0.035218,0.176144
29750,0.029438,0.022219,0.153320
29760,0.021697,0.016472,0.112144
29770,0.000613,0.000588,0.140260
29780,0.006166,0.003978,0.195495
29790,0.003305,0.002450,0.245909
29800,0.028515,0.021606,0.139627
29810,0.045087,0.034256,0.177329
29820,0.029640,0.022819,0.138720
29830,0.023622,0.018010,0.137403
29840,0.034363,0.025942,0.156193
29850,0.021804,0.016463,0.124553
29860,0.024947,0.018858,0.117250
29870,0.023010,0.017220,0.119626
29880,0.037629,0.028400,0.165522
29890,0.038980,0.029552,0.170786
29900,0.013151,0.009082,0.093440
29910,0.026468,0.020078,0.159445
29920,0.020251,0.014716,0.125405
29930,0.004457,0.003222,0.046345
29940,0.014179,0.010525,0.102097
29950,0.016623,0.012737,0.094556
29960,0.000402,0.000380,0.200302
29970,0.038314,0.028627,0.170943
29980,0.032791,0.024581,0.139071
29990,0.029063,0.021877,0.148011
30000,0.024688,0.017296,0.138112
30010,0.040741,0.030627,0.161968
30020,0.011137,0.008283,0.105130
30030,0.016301,0.012077,0.111696
30040,0.001469,0.001097,0.098574
30050,0.024729,0.018697,0.136088
30060,0.016827,0.012654,0.116020
30070,0.028928,0.021517,0.142521
30080,0.011938,0.008957,0.101452
30090,0.017813,0.013462,0.106319
30100,0.017016,0.012613,0.127952
30110,0.013431,0.009992,0.103400
30120,0.036038,0.028606,0.151248
30130,0.029610,0.022427,0.143547
30140,0.033006,0.030229,0.295698
30150,0.038098,0.028720,0.162397
30160,0.032105,0.024310,0.145522
30170,0.049778,0.037956,0.192671
30180,0.047733,0.036240,0.183386
30190,0.062652,0.047282,0.217510
30200,0.007202,0.004886,0.136666
30210,0.028109,0.020743,0.154197
30220,0.012718,0.009710,0.071769
30230,0.024901,0.018977,0.140208
30240,0.004024,0.002939,0.096235
30250,0.035819,0.026953,0.158681
30260,0.013278,0.010231,0.060470
30270,0.018233,0.013209,0.124538
30280,0.019392,0.014390,0.104617
30290,0.045663,0.034447,0.189950
30300,0.023018,0.017825,0.121409
30310,0.019015,0.014313,0.128673
30320,0.014250,0.010339,0.114071
30330,0.009278,0.006952,0.042481
30340,0.015258,0.011540,0.107565
30350,0.058073,0.043945,0.214186
30360,0.043118,0.036622,0.226364
30370,0.024789,0.018654,0.132674
30380,0.028556,0.021100,0.156301
30390,0.040095,0.030458,0.171103
30400,0.024731,0.018771,0.125424
30410,0.047728,0.036026,0.196067
30420,0.019302,0.014157,0.134817
30430,0.047550,0.036608,0.170778
30440,0.029462,0.022573,0.146050
30450,0.024059,0.018059,0.133020
30460,0.022753,0.017415,0.125399
30470,0.011700,0.008955,0.053322
30480,0.025252,0.019106,0.134581
30490,0.025711,0.018876,0.140041
30500,0.037843,0.028470,0.168588
30510,0.032580,0.024841,0.139665
30520,0.018243,0.013754,0.107612
30530,0.006052,0.004340,0.107126
30540,0.017696,0.013208,0.122970
30550,0.030076,0.022660,0.128892
30560,0.006283,0.004189,0.155914
30570,0.030088,0.023047,0.126471
30580,0.025165,0.018888,0.136232
30590,0.030064,0.022384,0.149335
30600,0.032286,0.024470,0.155098
30610,0.011158,0.008215,0.116901
30620,0.008553,0.006166,0.119104
30630,0.041010,0.031216,0.170545
30640,0.002736,0.002113,0.082796
30650,0.013625,0.010232,0.105360
30660,0.025201,0.018857,0.139443
30670,0.016996,0.012789,0.105437
30680,0.010985,0.008054,0.093083
30690,0.003344,0.002353,0.065717
30700,0.016032,0.012051,0.081071
30710,0.038948,0.029608,0.168369
30720,0.027586,0.021106,0.134662
30730,0.027528,0.020861,0.145650
30740,0.018716,0.013893,0.137939
30750,0.013471,0.010135,0.061569
30760,0.017747,0.013360,0.148767
30770,0.023999,0.017457,0.142326
30780,0.014322,0.010232,0.110610
30790,0.017832,0.013425,0.120910
30800,0.026044,0.019477,0.142539
30810,0.020022,0.014894,0.108556
30820,0.026216,0.019725,0.134179
30830,0.022483,0.017129,0.129753
30840,0.037615,0.028544,0.156083
30850,0.028387,0.021301,0.142399
30860,0.023711,0.017779,0.128702
30870,0.032442,0.024495,0.160012
30880,0.023377,0.017483,0.122935
30890,0.024926,0.019135,0.127371
30900,0.031084,0.023615,0.144923
30910,0.024445,0.018463,0.125683
30920,0.051569,0.039029,0.206003
30930,0.039308,0.029335,0.175134
30940,0.038361,0.029261,0.150011
30950,0.011864,0.009130,0.093917
30960,0.014152,0.010662,0.113614
30970,0.000750,0.000573,0.140829
30980,0.021365,0.015778,0.126156
30990,0.049460,0.037695,0.201643
31000,0.019821,0.014842,0.107612
31010,0.033593,0.025230,0.149768
31020,0.015425,0.011610,0.101453
31030,0.018421,0.014020,0.117289
31040,0.029859,0.022943,0.125166
31050,0.016312,0.012368,0.107426
31060,0.016699,0.012433,0.128299
31070,0.012328,0.009356,0.100839
31080,0.037083,0.027826,0.160729
31090,0.026292,0.019910,0.152447
31100,0.015977,0.012134,0.094684
31110,0.036443,0.027511,0.139517
31120,0.028351,0.021147,0.135643
31130,0.033474,0.025277,0.150674
31140,0.019451,0.014514,0.137339
31150,0.025395,0.018988,0.132315
31160,0.003376,0.002252,0.115290
31170,0.014155,0.010776,0.103600
31180,0.008896,0.006778,0.100241
31190,0.017514,0.012877,0.114592
31200,0.038094,0.029239,0.175403
31210,0.015426,0.011240,0.107277
31220,0.018489,0.013952,0.107581
31230,0.019843,0.015263,0.085922
31240,0.022580,0.017435,0.116081
31250,0.013000,0.009857,0.100270
31260,0.057574,0.043423,0.207790
31270,0.027009,0.020523,0.137463
31280,0.027264,0.020459,0.133943
31290,0.012531,0.009373,0.109209
31300,0.035740,0.027572,0.156791
31310,0.031900,0.024134,0.149245
31320,0.030851,0.023278,0.152763
31330,0.015218,0.011118,0.108826
31340,0.002745,0.002257,0.039272
31350,0.032303,0.024787,0.157953
31360,0.041342,0.030649,0.176904
31370,0.020591,0.015465,0.116645
31380,0.026380,0.020214,0.135373
31390,0.020573,0.015384,0.115014
31400,0.023058,0.017090,0.132064
31410,0.031572,0.023963,0.151245
31420,0.020567,0.015540,0.121941
31430,0.008875,0.006783,0.065183
31440,0.013389,0.009943,0.100258
31450,0.015969,0.011845,0.119454
31460,0.025504,0.019511,0.130675
31470,0.018425,0.013715,0.126949
31480,0.007459,0.005283,0.073770
31490,0.030086,0.024477,0.145349
31500,0.028458,0.021256,0.147335
31510,0.020396,0.015078,0.122260
31520,0.017227,0.012729,0.071283
31530,0.036242,0.026990,0.159484
31540,0.038298,0.029113,0.164552
31550,0.029360,0.022009,0.117525
31560,0.041783,0.031973,0.187659
31570,0.011294,0.008512,0.062593
31580,0.026010,0.019766,0.134831
31590,0.001339,0.000945,0.083276
31600,0.011987,0.008654,0.100813
31610,0.019831,0.014688,0.109525
31620,0.022671,0.017302,0.096731
31630,0.001563,0.001151,0.088974
31640,0.025546,0.020106,0.127836
31650,0.029372,0.022428,0.141887
31660,0.014296,0.011158,0.104331
31670,0.016356,0.012010,0.113614
31680,0.022172,0.016659,0.127552
31690,0.024413,0.018134,0.122772
31700,0.007931,0.006007,0.041530
31710,0.015791,0.011833,0.115492
31720,0.021773,0.016523,0.092950
31730,0.024738,0.018553,0.136217
31740,0.015676,0.012078,0.128266
31750,0.053172,0.040385,0.206768
31760,0.012540,0.009582,0.109430
31770,0.020141,0.015444,0.119763
31780,0.013289,0.009151,0.132784
31790,0.002881,0.002101,0.020418
31800,0.043188,0.032464,0.168861
31810,0.024984,0.019208,0.099095
31820,0.023107,0.017425,0.114856
31830,0.007236,0.005590,0.119250
31840,0.006405,0.004542,0.131787
31850,0.007344,0.005599,0.048044
31860,0.028731,0.021686,0.133855
31870,0.013616,0.010365,0.102083
31880,0.015670,0.012655,0.129707
31890,0.004621,0.003097,0.111888
31900,0.012360,0.009327,0.103552
31910,0.036653,0.027576,0.160698
31920,0.020188,0.015035,0.103688
31930,0.029660,0.034870,0.210909
31940,0.031867,0.023939,0.149435
31950,0.025189,0.019003,0.134262
31960,0.040391,0.030531,0.160455
31970,0.041639,0.031442,0.183368
31980,0.022249,0.016760,0.132177
31990,0.020358,0.015301,0.126558
32000,0.043058,0.032571,0.176415
32010,0.021006,0.015489,0.126766
32020,0.013619,0.010220,0.095765
32030,0.010015,0.007284,0.114477
32040,0.026462,0.020499,0.134397
32050,0.034508,0.026109,0.153390
32060,0.003705,0.002672,0.078303
32070,0.012246,0.009116,0.098117
32080,0.017744,0.012589,0.136193
32090,0.028781,0.021933,0.144998
32100,0.009147,0.006872,0.088410
32110,0.028551,0.021794,0.122211
32120,0.047539,0.035830,0.183730
32130,0.028418,0.025626,0.121067
32140,0.011686,0.008358,0.105686
32150,0.031252,0.023341,0.142446
32160,0.051370,0.036713,0.197133
32170,0.018348,0.013935,0.139639
32180,0.018543,0.014034,0.107545
32190,0.008421,0.006294,0.053885
32200,0.013298,0.009716,0.100244
32210,0.060998,0.046635,0.218475
32220,0.028217,0.022424,0.141787
32230,0.011755,0.009489,0.070665
32240,0.014888,0.011079,0.122784
32250,0.019448,0.014711,0.120204
32260,0.003991,0.002906,0.080461
32270,0.041579,0.031610,0.177405
32280,0.021242,0.015903,0.105532
32290,0.054256,0.041221,0.186662
32300,0.017701,0.012626,0.083576
32310,0.017063,0.013157,0.114230
32320,0.019330,0.014496,0.126770
32330,0.007501,0.005572,0.118424
32340,0.012891,0.009640,0.103907
32350,0.037412,0.028184,0.158317
32360,0.002312,0.001990,0.438610
32370,0.020521,0.015586,0.113184
32380,0.008911,0.006747,0.088339
32390,0.034854,0.026377,0.158364
32400,0.002657,0.002150,0.159327
32410,0.038521,0.030529,0.165453
32420,0.011519,0.008730,0.082620
32430,0.043185,0.032130,0.178817
32440,0.045398,0.034177,0.182453
32450,0.051113,0.038903,0.191026
32460,0.011983,0.008871,0.095644
32470,0.030107,0.022745,0.147949
32480,0.050990,0.038845,0.195762
32490,0.037268,0.028605,0.150487
32500,0.004045,0.003085,0.027830
32510,0.018066,0.013497,0.091246
32520,0.024693,0.018921,0.134590
32530,0.009859,0.007294,0.091634
32540,0.013332,0.010001,0.117509
32550,0.006803,0.005115,0.048658
32560,0.024561,0.018616,0.129280
32570,0.030828,0.023361,0.148335
32580,0.016040,0.012043,0.119820
32590,0.012412,0.009214,0.100101
32600,0.032251,0.024295,0.149613
32610,0.024539,0.018189,0.128263
32620,0.019562,0.014593,0.101433
32630,0.038862,0.028671,0.181295
32640,0.046090,0.034790,0.188603
32650,0.032436,0.024572,0.150380
32660,0.032317,0.024244,0.156577
32670,0.022161,0.016655,0.129239
32680,0.024349,0.018172,0.132633
32690,0.014183,0.010572,0.126306
32700,0.008237,0.005581,0.051064
32710,0.040885,0.030892,0.171691
32720,0.018918,0.014104,0.133571
32730,0.029880,0.022734,0.136097
32740,0.027207,0.020800,0.123490
32750,0.031031,0.023435,0.154968
32760,0.031270,0.025011,0.194578
32770,0.018671,0.013887,0.120707
32780,0.006806,0.005113,0.032867
32790,0.017940,0.013514,0.124511
32800,0.010596,0.007956,0.106324
32810,0.037222,0.028964,0.156428
32820,0.011381,0.008565,0.097163
32830,0.023030,0.017276,0.109615
32840,0.030455,0.023193,0.122510
32850,0.012304,0.009124,0.102992
32860,0.008369,0.006148,0.082864
32870,0.011089,0.008001,0.093955
32880,0.032590,0.024462,0.156870
32890,0.028035,0.020950,0.109753
32900,0.040564,0.030390,0.166357
32910,0.007187,0.005009,0.110764
32920,0.027357,0.021040,0.133571
32930,0.001838,0.001308,0.099133
32940,0.020172,0.015118,0.139401
32950,0.008097,0.005874,0.124225
32960,0.025870,0.019816,0.111210
32970,0.008978,0.007206,0.128673
32980,0.038802,0.029626,0.163723
32990,0.026805,0.020399,0.128394
33000,0.017590,0.012702,0.147932
33010,0.030880,0.022783,0.143747
33020,0.038355,0.029323,0.159936
33030,0.022718,0.017147,0.099508
33040,0.022952,0.017401,0.124981
33050,0.013164,0.009555,0.101674
33060,0.046087,0.034371,0.194288
33070,0.008639,0.006648,0.048965
33080,0.027837,0.020562,0.144009
33090,0.038483,0.029146,0.169767
33100,0.026493,0.020215,0.108563
33110,0.013815,0.010407,0.104039
33120,0.015122,0.011124,0.119897
33130,0.024407,0.018593,0.112545
33140,0.025579,0.019385,0.139935
33150,0.021815,0.016692,0.129080
33160,0.028782,0.021152,0.156624
33170,0.019955,0.014628,0.138684
33180,0.022842,0.017547,0.121223
33190,0.024782,0.018681,0.117899
33200,0.047848,0.035821,0.190716
33210,0.024573,0.018204,0.135096
33220,0.038725,0.029004,0.167361
33230,0.026749,0.020270,0.134155
33240,0.031491,0.023687,0.144780
33250,0.010484,0.007985,0.100266
33260,0.015687,0.011541,0.116740
33270,0.021007,0.015509,0.121742
33280,0.026030,0.019231,0.143258
33290,0.021986,0.016306,0.118954
33300,0.030217,0.023241,0.171903
33310,0.036471,0.027096,0.168909
33320,0.012236,0.008931,0.076048
33330,0.029292,0.022040,0.150475
33340,0.004459,0.003324,0.112133
33350,0.035327,0.026614,0.149384
33360,0.032950,0.033034,0.134609
33370,0.026976,0.020908,0.134209
33380,0.027178,0.020334,0.144384
33390,0.023367,0.017904,0.137956
33400,0.020613,0.015627,0.129511
33410,0.011241,0.008068,0.065284
33420,0.021068,0.015609,0.121049
33430,0.018871,0.014470,0.098870
33440,0.012082,0.008850,0.109585
33450,0.010335,0.007313,0.083810
33460,0.021127,0.015978,0.117552
33470,0.015313,0.011470,0.119923
33480,0.001944,0.001427,0.014488
33490,0.028479,0.022202,0.152706
33500,0.048567,0.036499,0.186358
33510,0.013269,0.009953,0.114686
33520,0.018035,0.013671,0.118268
33530,0.034250,0.025812,0.152894
33540,0.033222,0.025318,0.153911
33550,0.011055,0.007755,0.115683
33560,0.018996,0.014196,0.097078
33570,0.034246,0.026261,0.129613
33580,0.049876,0.038212,0.183666
33590,0.062238,0.046467,0.221629
33600,0.020480,0.015016,0.139191
33610,0.036397,0.027448,0.156400
33620,0.022355,0.016908,0.119285
33630,0.033087,0.025366,0.131051
33640,0.015981,0.011798,0.100704
33650,0.023183,0.017371,0.132634
33660,0.039570,0.030928,0.155418
33670,0.022297,0.017120,0.120669
33680,0.025194,0.018011,0.097366
33690,0.023504,0.018015,0.125497
33700,0.016930,0.012665,0.071642
33710,0.028564,0.021573,0.142504
33720,0.044505,0.033622,0.179541
33730,0.015929,0.012878,0.103602
33740,0.037884,0.028127,0.164586
33750,0.037302,0.028452,0.160265
33760,0.007577,0.005549,0.075219
33770,0.049401,0.037264,0.183589
33780,0.036577,0.027901,0.155749
33790,0.012069,0.008866,0.099603
33800,0.011515,0.008506,0.107755
33810,0.019903,0.015021,0.109525
33820,0.012102,0.009076,0.100817
33830,0.024263,0.018750,0.137937
33840,0.002480,0.001834,0.084269
33850,0.020026,0.015123,0.122125
33860,0.005240,0.003979,0.031647
33870,0.050366,0.038032,0.188549
33880,0.022900,0.017203,0.123225
33890,0.021677,0.016617,0.114400
33900,0.011078,0.008477,0.058907
33910,0.031746,0.024533,0.136014
33920,0.020398,0.015412,0.084666
33930,0.038609,0.028926,0.171834
33940,0.031578,0.024145,0.150726
33950,0.011868,0.008749,0.095920
33960,0.049132,0.037482,0.186828
33970,0.018094,0.013764,0.127527
33980,0.027114,0.020666,0.133327
33990,0.018564,0.013715,0.121360
34000,0.020091,0.014941,0.121353
34010,0.006892,0.004861,0.110247
34020,0.030531,0.023124,0.142512
34030,0.029232,0.021378,0.118171
34040,0.025722,0.019298,0.116681
34050,0.056544,0.043523,0.206695
34060,0.032522,0.023558,0.163940
34070,0.013118,0.009696,0.100722
34080,0.032887,0.025123,0.154721
34090,0.004257,0.002941,0.103171
34100,0.026111,0.019955,0.108183
34110,0.035323,0.026488,0.160353
34120,0.011263,0.008372,0.098095
34130,0.030194,0.022461,0.136328
34140,0.021483,0.016261,0.107251
34150,0.033256,0.025044,0.153071
34160,0.016016,0.011876,0.115374
34170,0.018964,0.015294,0.081392
34180,0.039546,0.029725,0.155874
34190,0.016739,0.012325,0.123824
34200,0.020444,0.015292,0.090395
34210,0.009594,0.007347,0.103948
34220,0.041405,0.031158,0.164288
34230,0.012865,0.009554,0.098925
34240,0.018284,0.013808,0.067244
34250,0.017212,0.012983,0.123240
34260,0.029154,0.022356,0.147700
34270,0.037869,0.028867,0.157918
34280,0.041155,0.031217,0.156518
34290,0.035512,0.026490,0.157918
34300,0.029672,0.022301,0.153273
34310,0.013735,0.010123,0.115462
34320,0.037117,0.027761,0.152963
34330,0.037245,0.028116,0.159858
34340,0.051552,0.039352,0.200665
34350,0.050537,0.038010,0.214534
34360,0.015270,0.011412,0.079268
34370,0.011946,0.008839,0.092199
34380,0.021230,0.015910,0.125325
34390,0.025431,0.018615,0.142817
34400,0.037277,0.027930,0.169825
34410,0.020259,0.015203,0.104475
34420,0.031714,0.023623,0.145410
34430,0.021332,0.016056,0.136523
34440,0.021843,0.016684,0.102801
34450,0.025423,0.018000,0.136353
34460,0.015223,0.011513,0.078065
34470,0.026991,0.020659,0.140086
34480,0.021149,0.016051,0.109963
34490,0.032046,0.024485,0.159878
34500,0.013406,0.010005,0.099968
34510,0.013180,0.009679,0.105388
34520,0.016597,0.012600,0.127513
34530,0.036840,0.027920,0.164963
34540,0.008819,0.006380,0.091707
34550,0.001432,0.001049,0.061377
34560,0.017248,0.012774,0.111521
34570,0.030222,0.022753,0.147764
34580,0.040541,0.030730,0.171852
34590,0.001730,0.001173,0.278668
34600,0.020502,0.015469,0.113265
34610,0.012070,0.008799,0.094382
34620,0.031910,0.024470,0.168145
34630,0.029344,0.022585,0.135840
34640,0.025713,0.019585,0.137771
34650,0.032430,0.024406,0.146550
34660,0.024747,0.018350,0.122872
34670,0.030690,0.023254,0.129853
34680,0.026925,0.019977,0.138902
34690,0.004876,0.003447,0.092335
34700,0.026184,0.019754,0.139462
34710,0.021228,0.016511,0.101490
34720,0.023735,0.017824,0.123192
34730,0.012330,0.009233,0.096862
34740,0.023899,0.018137,0.121940
34750,0.012538,0.009546,0.103138
34760,0.031668,0.023919,0.145555
34770,0.055029,0.041751,0.204553
34780,0.028828,0.021686,0.130183
34790,0.010943,0.008352,0.053980
34800,0.012205,0.009245,0.067890
34810,0.019731,0.014901,0.123031
34820,0.013984,0.010256,0.122640
34830,0.034983,0.026543,0.153476
34840,0.012627,0.009475,0.105725
34850,0.014867,0.011044,0.091441
34860,0.018523,0.013890,0.104734
34870,0.050861,0.038834,0.203329
34880,0.026530,0.020133,0.127784
34890,0.023678,0.017791,0.123453
34900,0.029798,0.023219,0.113882
34910,0.025632,0.019674,0.141056
34920,0.018740,0.013879,0.114606
34930,0.026894,0.020268,0.151938
34940,0.016525,0.012542,0.094874
34950,0.030487,0.023432,0.143942
34960,0.026939,0.020428,0.124910
34970,0.018640,0.014148,0.112712
34980,0.046500,0.035149,0.181810
34990,0.022262,0.016854,0.132397
35000,0.013297,0.009583,0.107522
35010,0.022395,0.016963,0.121069
35020,0.037519,0.028160,0.169394
35030,0.036991,0.027713,0.160011
35040,0.021653,0.016146,0.122000
35050,0.024187,0.018245,0.136915
35060,0.028463,0.021669,0.145428
35070,0.040414,0.030338,0.153782
35080,0.035869,0.027449,0.156203
35090,0.016402,0.012246,0.092473
35100,0.020131,0.014850,0.122881
35110,0.029558,0.021995,0.137964
35120,0.027740,0.021200,0.152048
35130,0.004576,0.003461,0.040124
35140,0.010562,0.007806,0.098625
35150,0.019442,0.014536,0.114521
35160,0.033746,0.025448,0.150314
35170,0.022804,0.017036,0.127102
35180,0.022918,0.016895,0.134489
35190,0.003998,0.002989,0.085674
35200,0.013775,0.012774,0.172504
35210,0.033601,0.025561,0.147892
35220,0.034402,0.026093,0.152554
35230,0.012312,0.009300,0.067697
35240,0.021415,0.016012,0.130721
35250,0.022248,0.016824,0.108462
35260,0.038399,0.028983,0.159582
35270,0.030457,0.023275,0.143254
35280,0.038989,0.034662,0.177899
35290,0.018120,0.013187,0.115356
35300,0.017567,0.013114,0.154729
35310,0.024481,0.018374,0.127835
35320,0.014100,0.010645,0.109002
35330,0.024668,0.018736,0.212411
35340,0.029483,0.022278,0.140055
35350,0.035534,0.027245,0.161092
35360,0.015128,0.011201,0.086992
35370,0.008504,0.006456,0.044987
35380,0.025220,0.019443,0.121701
35390,0.021908,0.016303,0.104827
35400,0.022014,0.016217,0.130354
35410,0.018169,0.013236,0.127768
35420,0.010657,0.008214,0.055132
35430,0.019079,0.014978,0.100911
35440,0.030337,0.023035,0.148590
35450,0.022687,0.016660,0.130661
35460,0.031651,0.024111,0.139227
35470,0.040095,0.030848,0.165276
35480,0.039374,0.030148,0.164863
35490,0.006431,0.004767,0.085376
35500,0.008646,0.006289,0.067650
35510,0.021227,0.016283,0.137362
35520,0.024176,0.017138,0.125589
35530,0.017883,0.013387,0.098451
35540,0.031694,0.024088,0.144109
35550,0.021900,0.016732,0.097381
35560,0.021320,0.015763,0.115789
35570,0.029756,0.022477,0.145403
35580,0.001591,0.001116,0.087517
35590,0.017865,0.013372,0.097933
35600,0.049598,0.037358,0.189588
35610,0.025472,0.019465,0.114629
35620,0.028288,0.021680,0.133848
35630,0.011132,0.008352,0.076575
35640,0.015468,0.015935,0.130227
35650,0.029557,0.022294,0.147335
35660,0.025689,0.019387,0.131417
35670,0.030209,0.023497,0.151555
35680,0.025823,0.019534,0.125848
35690,0.035712,0.027046,0.157615
35700,0.023232,0.017168,0.131590
35710,0.021763,0.016228,0.117507
35720,0.030917,0.023405,0.146086
35730,0.051757,0.039115,0.194111
35740,0.010003,0.006959,0.104060
35750,0.025043,0.018730,0.103677
35760,0.032743,0.024806,0.158787
35770,0.034548,0.026200,0.152944
35780,0.012960,0.009609,0.114515
35790,0.038076,0.028773,0.161570
35800,0.044367,0.033520,0.184782
35810,0.038896,0.029261,0.175056
35820,0.012393,0.009161,0.100294
35830,0.019418,0.014529,0.112572
35840,0.018477,0.013762,0.133126
35850,0.001562,0.001176,0.108186
35860,0.022417,0.016691,0.126951
35870,0.026580,0.020992,0.125351
35880,0.025684,0.019765,0.134220
35890,0.017089,0.011939,0.120352
35900,0.011577,0.008856,0.100307
35910,0.014957,0.010946,0.118585
35920,0.033466,0.025499,0.139693
35930,0.021876,0.015731,0.135843
35940,0.017323,0.013106,0.078674
35950,0.041608,0.031747,0.173725
35960,0.019478,0.014357,0.147342
35970,0.022359,0.016822,0.132813
35980,0.008939,0.006742,0.115934
35990,0.030401,0.023357,0.130931
36000,0.030181,0.022836,0.155774
36010,0.013480,0.009980,0.108389
36020,0.026011,0.018559,0.132730
36030,0.023049,0.017313,0.135966
36040,0.040998,0.030905,0.166769
36050,0.022034,0.017034,0.104278
36060,0.015968,0.011997,0.103926
36070,0.024539,0.018586,0.125766
36080,0.017507,0.012885,0.114900
36090,0.011208,0.008206,0.106111
36100,0.010817,0.007819,0.116458
36110,0.013439,0.009870,0.102105
36120,0.035247,0.026418,0.160378
36130,0.022223,0.017184,0.132965
36140,0.015762,0.011835,0.095474
36150,0.038833,0.031194,0.174147
36160,0.011651,0.008540,0.103474
36170,0.012765,0.009444,0.104451
36180,0.034514,0.026197,0.133633
36190,0.010969,0.008930,0.094595
36200,0.037573,0.029082,0.160233
36210,0.026934,0.020629,0.129874
36220,0.024511,0.018792,0.126541
36230,0.045107,0.034071,0.166052
36240,0.019705,0.014875,0.101209
36250,0.019370,0.014535,0.089449
36260,0.045759,0.034513,0.175099
36270,0.017629,0.012843,0.118499
36280,0.035409,0.026879,0.131002
36290,0.039827,0.027959,0.166427
36300,0.034623,0.026084,0.155667
36310,0.024865,0.018766,0.130939
36320,0.015164,0.011683,0.118113
36330,0.022671,0.016956,0.140986
36340,0.011126,0.008052,0.086161
36350,0.011463,0.008496,0.095955
36360,0.024100,0.018241,0.128471
36370,0.027826,0.021067,0.134213
36380,0.010436,0.007590,0.086662
36390,0.016432,0.012553,0.094823
36400,0.014602,0.010877,0.108481
36410,0.038232,0.028879,0.160056
36420,0.013006,0.009630,0.109231
36430,0.016596,0.012838,0.107058
36440,0.026339,0.019873,0.163026
36450,0.015276,0.010992,0.129897
36460,0.023637,0.017766,0.134313
36470,0.010329,0.007706,0.095199
36480,0.032304,0.024182,0.147955
36490,0.013693,0.010283,0.091665
36500,0.019636,0.014500,0.121983
36510,0.037126,0.028250,0.148719
36520,0.013849,0.010547,0.081906
36530,0.023861,0.017870,0.130138
36540,0.029428,0.022126,0.140067
36550,0.028043,0.021561,0.132249
36560,0.020321,0.014863,0.120369
36570,0.026189,0.019804,0.134402
36580,0.004971,0.003479,0.089728
36590,0.035780,0.027132,0.156736
36600,0.026491,0.019935,0.123014
36610,0.013163,0.009743,0.100323
36620,0.015521,0.011411,0.108423
36630,0.012596,0.010386,0.137800
36640,0.017249,0.012961,0.114042
36650,0.028062,0.021359,0.133102
36660,0.019681,0.015180,0.088698
36670,0.005455,0.004303,0.035354
36680,0.012887,0.009484,0.073772
36690,0.020660,0.015640,0.116862
36700,0.002368,0.001760,0.043753
36710,0.022953,0.017540,0.102802
36720,0.015287,0.011762,0.082922
36730,0.005008,0.003887,0.090096
36740,0.022257,0.016858,0.132148
36750,0.010563,0.007824,0.111969
36760,0.039155,0.029646,0.168067
36770,0.012672,0.009948,0.091716
36780,0.015271,0.011246,0.083648
36790,0.005511,0.003900,0.107056
36800,0.000003,0.000001,0.000006
36810,0.019050,0.014105,0.124622
36820,0.016358,0.012432,0.083829
36830,0.024397,0.018611,0.095885
36840,0.008624,0.006464,0.057576
36850,0.009334,0.007128,0.081902
36860,0.012579,0.008836,0.095651
36870,0.017747,0.013238,0.105355
36880,0.008719,0.006432,0.110125
36890,0.048329,0.036581,0.175343
36900,0.015757,0.011678,0.114570
36910,0.013325,0.009944,0.117157
36920,0.022544,0.017212,0.091555
36930,0.023374,0.017749,0.106299
36940,0.014927,0.011032,0.112927
36950,0.023681,0.017729,0.131042
36960,0.047318,0.035964,0.188740
36970,0.029657,0.022349,0.133057
36980,0.040572,0.030546,0.166975
36990,0.017408,0.012982,0.101770
37000,0.027980,0.021076,0.120980
37010,0.020779,0.015787,0.090150
37020,0.014642,0.010872,0.108701
37030,0.022767,0.017309,0.132981
37040,0.010405,0.007556,0.096541
37050,0.027053,0.020328,0.137349
37060,0.015357,0.011726,0.098044
37070,0.015787,0.011781,0.110251
37080,0.014752,0.011374,0.124839
37090,0.037934,0.028983,0.160682
37100,0.021140,0.015841,0.131360
37110,0.023134,0.017760,0.117657
37120,0.029840,0.022596,0.149945
37130,0.029985,0.022728,0.139566
37140,0.014340,0.010717,0.133515
37150,0.030371,0.023351,0.146855
37160,0.016238,0.012078,0.127958
37170,0.028122,0.021467,0.135385
37180,0.031180,0.024091,0.138135
37190,0.041024,0.031714,0.156862
37200,0.033786,0.025680,0.152219
37210,0.018714,0.013990,0.097185
37220,0.020952,0.015987,0.113225
37230,0.030756,0.023441,0.143183
37240,0.039591,0.030172,0.170735
37250,0.021942,0.016905,0.118106
37260,0.032947,0.024901,0.148701
37270,0.013520,0.010253,0.098498
37280,0.020320,0.015223,0.106809
37290,0.018838,0.014059,0.122435
37300,0.021278,0.018223,0.149641
37310,0.017420,0.012797,0.124117
37320,0.013500,0.009409,0.110839
37330,0.001966,0.001507,0.037364
37340,0.015246,0.011702,0.110445
37350,0.012901,0.009507,0.103334
37360,0.034805,0.026379,0.139685
37370,0.021814,0.016415,0.129415
37380,0.034755,0.026380,0.138768
37390,0.000317,0.000384,0.655848
37400,0.026957,0.020438,0.117775
37410,0.023856,0.018199,0.123693
37420,0.015388,0.011861,0.096343
37430,0.030844,0.023413,0.140870
37440,0.052935,0.039979,0.194939
37450,0.012986,0.009818,0.062983
37460,0.054130,0.040633,0.195662
37470,0.010911,0.008324,0.076715
37480,0.026953,0.020259,0.136222
37490,0.025550,0.019351,0.137971
37500,0.047203,0.036153,0.182274
37510,0.015263,0.011470,0.095101
37520,0.012073,0.008830,0.113306
37530,0.017235,0.012762,0.116649
37540,0.047199,0.035842,0.182701
37550,0.013244,0.010006,0.103297
37560,0.034637,0.026145,0.154107
37570,0.013278,0.010182,0.096480
37580,0.035889,0.026770,0.155082
37590,0.013383,0.009923,0.057034
37600,0.012569,0.009452,0.100691
37610,0.025889,0.019477,0.123512
37620,0.028686,0.021277,0.145992
37630,0.024257,0.018484,0.126195
37640,0.023532,0.017824,0.122827
37650,0.020336,0.015453,0.104788
37660,0.017757,0.013215,0.122843
37670,0.020418,0.014053,0.112417
37680,0.005126,0.003604,0.116404
37690,0.015687,0.012108,0.078153
37700,0.053951,0.040947,0.200131
37710,0.022026,0.016712,0.125233
37720,0.020224,0.015369,0.122970
37730,0.020122,0.015236,0.097387
37740,0.029729,0.022455,0.133888
37750,0.044142,0.033750,0.166494
37760,0.002985,0.002136,0.109006
37770,0.019011,0.014100,0.114436
37780,0.033174,0.025227,0.150375
37790,0.023975,0.018237,0.106843
37800,0.034800,0.027882,0.138941
37810,0.034400,0.025491,0.160707
37820,0.020798,0.015754,0.093880
37830,0.028702,0.021452,0.148987
37840,0.033337,0.025362,0.148158
37850,0.019925,0.015221,0.129652
37860,0.010605,0.007976,0.096578
37870,0.046983,0.035599,0.189427
37880,0.009600,0.007074,0.086356
37890,0.026253,0.019580,0.122402
37900,0.017021,0.012850,0.116783
37910,0.030599,0.023049,0.132580
37920,0.003330,0.002456,0.086713
37930,0.020923,0.015631,0.119577
37940,0.012770,0.009363,0.106446
37950,0.042626,0.032429,0.176167
37960,0.000004,0.000002,0.000010
37970,0.036075,0.027300,0.160592
37980,0.010989,0.008121,0.071106
37990,0.020030,0.015114,0.086748
38000,0.020379,0.015412,0.117680
38010,0.014881,0.010887,0.111247
38020,0.016934,0.012634,0.119393
38030,0.029310,0.022366,0.143940
38040,0.019274,0.014511,0.114841
38050,0.021902,0.016778,0.130772
38060,0.027178,0.020713,0.107842
38070,0.020874,0.016068,0.129579
38080,0.031767,0.023825,0.133897
38090,0.024844,0.018915,0.127109
38100,0.007867,0.006159,0.057943
38110,0.037565,0.028216,0.164915
38120,0.037651,0.029270,0.149827
38130,0.011116,0.008228,0.090282
38140,0.014811,0.010916,0.109760
38150,0.013890,0.010451,0.103147
38160,0.030350,0.022983,0.136904
38170,0.017319,0.012891,0.090620
38180,0.012100,0.009384,0.088004
38190,0.043395,0.033006,0.169791
38200,0.018094,0.013496,0.114608
38210,0.024201,0.018251,0.125058
38220,0.025400,0.019214,0.105767
38230,0.000001,0.000000,0.000002
38240,0.008192,0.006036,0.088024
38250,0.016086,0.012061,0.095446
38260,0.021361,0.015907,0.125542
38270,0.014518,0.011948,0.094590
38280,0.013808,0.010157,0.112155
38290,0.028260,0.021228,0.143094
38300,0.028483,0.021463,0.146380
38310,0.033893,0.025398,0.153436
38320,0.025580,0.019216,0.130444
38330,0.023309,0.017568,0.132493
38340,0.029621,0.022604,0.129623
38350,0.016692,0.012492,0.109195
38360,0.027683,0.020840,0.129007
38370,0.022075,0.016899,0.097809
38380,0.017695,0.013137,0.105010
38390,0.042179,0.032123,0.171847
38400,0.023720,0.017973,0.135529
38410,0.034708,0.026882,0.165142
38420,0.031757,0.024100,0.150041
38430,0.027657,0.020763,0.134963
38440,0.013979,0.010487,0.080983
38450,0.019522,0.014833,0.113723
38460,0.016369,0.011714,0.131640
38470,0.036314,0.033166,0.135911
38480,0.007772,0.005955,0.117782
38490,0.042090,0.032020,0.160716
38500,0.021149,0.015872,0.130944
38510,0.010620,0.007796,0.094582
38520,0.035984,0.027314,0.156724
38530,0.015533,0.011476,0.106460
38540,0.014665,0.011099,0.079254
38550,0.037659,0.028378,0.160552
38560,0.023954,0.018254,0.108161
38570,0.009072,0.006415,0.154564
38580,0.023466,0.018021,0.117178
38590,0.025356,0.019371,0.135294
38600,0.014348,0.010852,0.090120
38610,0.014292,0.010579,0.106940
38620,0.023968,0.018324,0.104657
38630,0.025596,0.019413,0.143845
38640,0.004998,0.003561,0.091716
38650,0.015674,0.011779,0.067155
38660,0.021974,0.016380,0.102424
38670,0.038537,0.028867,0.145852
38680,0.018761,0.014286,0.115090
38690,0.006303,0.004603,0.104757
38700,0.034786,0.026811,0.167383
38710,0.016241,0.012939,0.119523
38720,0.049612,0.037555,0.184161
38730,0.040201,0.030320,0.172257
38740,0.014917,0.011331,0.122752
38750,0.025706,0.019422,0.133488
38760,0.024384,0.017778,0.132752
38770,0.055595,0.041983,0.207212
38780,0.025671,0.019343,0.121189
38790,0.016228,0.012331,0.112100
38800,0.019096,0.014815,0.124680
38810,0.010653,0.008097,0.066469
38820,0.038405,0.028514,0.168363
38830,0.040354,0.030768,0.168105
38840,0.014408,0.010749,0.078858
38850,0.043577,0.032598,0.167742
38860,0.018411,0.013675,0.113092
38870,0.024672,0.018852,0.138728
38880,0.004769,0.003873,0.091113
38890,0.018763,0.014214,0.090758
38900,0.030644,0.022764,0.142535
38910,0.019246,0.014497,0.116224
38920,0.026865,0.020712,0.136554
38930,0.034005,0.025320,0.156580
38940,0.021315,0.016171,0.122361
38950,0.039142,0.029589,0.177385
38960,0.022173,0.016919,0.118744
38970,0.000991,0.000952,0.162453
38980,0.004947,0.003672,0.045319
38990,0.012495,0.009320,0.092252
39000,0.030961,0.023369,0.140130
39010,0.020155,0.014949,0.137421
39020,0.019448,0.014629,0.106250
39030,0.004828,0.003518,0.077272
39040,0.002629,0.001904,0.080645
39050,0.034557,0.026432,0.152129
39060,0.008389,0.006314,0.119081
39070,0.031956,0.026692,0.158836
39080,0.012239,0.008970,0.104976
39090,0.013411,0.016185,0.245907
39100,0.048520,0.037085,0.188667
39110,0.031687,0.024090,0.148433
39120,0.020946,0.015720,0.117258
39130,0.015494,0.011701,0.109018
39140,0.033329,0.025439,0.147848
39150,0.039222,0.031788,0.161466
39160,0.006496,0.006701,0.090997
39170,0.010655,0.008113,0.052712
39180,0.038004,0.028690,0.157682
39190,0.010463,0.007782,0.112651
39200,0.029680,0.022488,0.144496
39210,0.012689,0.009540,0.086400
39220,0.012738,0.009599,0.060090
39230,0.002665,0.002036,0.017110
39240,0.017175,0.013403,0.092146
39250,0.037940,0.028947,0.155798
39260,0.023760,0.017993,0.135397
39270,0.026018,0.019372,0.135883
39280,0.038320,0.028820,0.161514
39290,0.009940,0.007311,0.098410
39300,0.037425,0.028433,0.150499
39310,0.021195,0.016149,0.118740
39320,0.038853,0.029601,0.159845
39330,0.034373,0.026163,0.147024
39340,0.023681,0.017938,0.135585
39350,0.029451,0.022419,0.138904
39360,0.032999,0.024915,0.146927
39370,0.003027,0.002518,0.069616
39380,0.024098,0.018357,0.129317
39390,0.018082,0.013660,0.105846
39400,0.024217,0.018367,0.129839
39410,0.013033,0.009713,0.091223
39420,0.018140,0.013882,0.102775
39430,0.003244,0.002290,0.081837
39440,0.023537,0.017620,0.127339
39450,0.015638,0.011194,0.125030
39460,0.020863,0.015481,0.109234
39470,0.006503,0.005026,0.058859
39480,0.015617,0.012186,0.072541
39490,0.031680,0.024318,0.149429
39500,0.051185,0.039808,0.197058
39510,0.022098,0.016715,0.119958
39520,0.018207,0.013774,0.095676
39530,0.020024,0.014975,0.130850
39540,0.011600,0.008631,0.091368
39550,0.024968,0.019652,0.135943
39560,0.022477,0.016907,0.120080
39570,0.026895,0.020457,0.128441
39580,0.016783,0.012645,0.112038
39590,0.039292,0.029442,0.171135
39600,0.025593,0.019753,0.137158
39610,0.039001,0.029578,0.158858
39620,0.011621,0.008719,0.087906
39630,0.024261,0.018228,0.133140
39640,0.029396,0.022264,0.139181
39650,0.019843,0.014702,0.136690
39660,0.015158,0.011071,0.106320
39670,0.010724,0.007728,0.092496
39680,0.023598,0.017786,0.123400
39690,0.028815,0.023402,0.141776
39700,0.031461,0.023637,0.149699
39710,0.038722,0.029341,0.158382
39720,0.023165,0.017423,0.095596
39730,0.013118,0.010231,0.073869
39740,0.028787,0.021950,0.138615
39750,0.008681,0.006631,0.110677
39760,0.032903,0.024933,0.143389
39770,0.012838,0.009442,0.093033
39780,0.025655,0.019498,0.103063
39790,0.027219,0.020294,0.139250
39800,0.003763,0.002686,0.082825
39810,0.005609,0.004224,0.027985
39820,0.021830,0.019890,0.118248
39830,0.027565,0.020904,0.128491
39840,0.020928,0.015557,0.115285
39850,0.030390,0.022826,0.135993
39860,0.035049,0.026705,0.141315
39870,0.038814,0.029529,0.152476
39880,0.035900,0.027005,0.170390
39890,0.019815,0.014816,0.097256
39900,0.017179,0.013049,0.101660
39910,0.018480,0.013933,0.106408
39920,0.038223,0.029030,0.169054
39930,0.023922,0.018174,0.121348
39940,0.024775,0.019001,0.121280
39950,0.020569,0.015867,0.114609
39960,0.002807,0.002009,0.069579
39970,0.025612,0.019257,0.129087
39980,0.013385,0.010058,0.106204
39990,0.032428,0.024245,0.155960
40000,0.024515,0.018685,0.131905
40010,0.012643,0.009423,0.101706
40020,0.002283,0.001448,0.015881
40030,0.012632,0.009728,0.104310
40040,0.056495,0.044894,0.189964
40050,0.037386,0.028406,0.155429
40060,0.006780,0.005170,0.040871
40070,0.026688,0.019922,0.131053
40080,0.019680,0.014295,0.125265
40090,0.019583,0.015001,0.105893
40100,0.028937,0.021960,0.135347
40110,0.023806,0.018185,0.121526
40120,0.016664,0.012713,0.100932
40130,0.023125,0.017546,0.132884
40140,0.026709,0.020118,0.141408
40150,0.005734,0.004228,0.069053
40160,0.009492,0.007075,0.086749
40170,0.031967,0.024024,0.151966
40180,0.042187,0.032248,0.174129
40190,0.000505,0.000354,0.098233
40200,0.004244,0.003111,0.103943
40210,0.017340,0.012999,0.099120
40220,0.012637,0.009321,0.072468
40230,0.034840,0.026817,0.142220
40240,0.027603,0.020833,0.117220
40250,0.020256,0.014819,0.115502
40260,0.036204,0.027121,0.159485
40270,0.022642,0.016986,0.101009
40280,0.002347,0.001224,0.107306
40290,0.011737,0.009056,0.058322
40300,0.037149,0.028191,0.159399
40310,0.011869,0.008730,0.099563
40320,0.023266,0.017485,0.134795
40330,0.030294,0.022463,0.133691
40340,0.048500,0.036971,0.173265
40350,0.024853,0.018837,0.146531
40360,0.015903,0.012556,0.086830
40370,0.014146,0.011429,0.070680
40380,0.013138,0.009497,0.103840
40390,0.029280,0.022412,0.137245
40400,0.016580,0.012381,0.103518
40410,0.041786,0.031798,0.170651
40420,0.030691,0.024112,0.145858
40430,0.014085,0.010888,0.120753
40440,0.051731,0.039260,0.194664
40450,0.015604,0.011674,0.112532
40460,0.033698,0.025616,0.150981
40470,0.032273,0.025612,0.136865
40480,0.039077,0.029677,0.155095
40490,0.023831,0.018003,0.131452
40500,0.022488,0.017121,0.097030
40510,0.040247,0.030539,0.157354
40520,0.020081,0.015552,0.112261
40530,0.035065,0.026440,0.140005
40540,0.018060,0.013343,0.142528
40550,0.016863,0.012849,0.084875
40560,0.020940,0.015845,0.120328
40570,0.010304,0.007721,0.078291
40580,0.002354,0.001679,0.065875
40590,0.035087,0.026757,0.154977
40600,0.013497,0.009901,0.103473
40610,0.008829,0.006993,0.088391
40620,0.029155,0.022141,0.138398
40630,0.037367,0.028302,0.152150
40640,0.019233,0.014611,0.110572
40650,0.017414,0.013278,0.085792
40660,0.018195,0.012754,0.136971
40670,0.014967,0.011125,0.108078
40680,0.013808,0.011604,0.094825
40690,0.041581,0.031915,0.162970
40700,0.012777,0.009924,0.133523
40710,0.009004,0.006675,0.089138
40720,0.032184,0.024752,0.145007
40730,0.013558,0.009801,0.097849
40740,0.014986,0.011066,0.111968
40750,0.007710,0.005648,0.074687
40760,0.013884,0.010409,0.106658
40770,0.021154,0.016017,0.113177
40780,0.026141,0.020703,0.139011
40790,0.026823,0.020309,0.133575
40800,0.035621,0.026704,0.134493
40810,0.035320,0.025856,0.151183
40820,0.020138,0.015328,0.095671
40830,0.022942,0.017140,0.135610
40840,0.026735,0.020250,0.153470
40850,0.021171,0.015853,0.109618
40860,0.023382,0.017925,0.103622
40870,0.010859,0.008049,0.087694
40880,0.013779,0.010238,0.107858
40890,0.019080,0.014632,0.086135
40900,0.003104,0.002298,0.025947
40910,0.027644,0.020880,0.145592
40920,0.002306,0.001826,0.023960
40930,0.037389,0.028373,0.157639
40940,0.013647,0.010093,0.108475
40950,0.022832,0.017098,0.128180
40960,0.026537,0.020106,0.149008
40970,0.013415,0.010166,0.093035
40980,0.025378,0.019080,0.135598
40990,0.016250,0.012297,0.100807
41000,0.031320,0.024549,0.139142
41010,0.034884,0.026426,0.160564
41020,0.039919,0.029833,0.176425
41030,0.036707,0.027874,0.152521
41040,0.030798,0.023401,0.151827
41050,0.034486,0.026297,0.143914
41060,0.042930,0.032759,0.171123
41070,0.026448,0.019861,0.131344
41080,0.025402,0.019329,0.122792
41090,0.025501,0.019737,0.137397
41100,0.021611,0.016341,0.125178
41110,0.018134,0.013606,0.102792
41120,0.028494,0.021696,0.130678
41130,0.017042,0.012707,0.118991
41140,0.025357,0.018991,0.130785
41150,0.017682,0.013190,0.098134
41160,0.017103,0.012984,0.107714
41170,0.028429,0.021127,0.131545
41180,0.016588,0.012393,0.109385
41190,0.029839,0.022415,0.136332
41200,0.013152,0.009755,0.108083
41210,0.014508,0.008506,0.196200
41220,0.050910,0.038644,0.191809
41230,0.020196,0.014775,0.122005
41240,0.027440,0.020889,0.126704
41250,0.007313,0.004957,0.138750
41260,0.018554,0.013948,0.096349
41270,0.010014,0.007288,0.079708
41280,0.037029,0.028539,0.174832
41290,0.015995,0.012077,0.074911
41300,0.025590,0.020377,0.129661
41310,0.022407,0.017411,0.126464
41320,0.009760,0.007173,0.085133
41330,0.015485,0.011625,0.099682
41340,0.028436,0.021609,0.135985
41350,0.027000,0.020413,0.134972
41360,0.008004,0.005962,0.041237
41370,0.030896,0.023352,0.152894
41380,0.017072,0.013181,0.111488
41390,0.021643,0.016669,0.171248
41400,0.016218,0.012288,0.073300
41410,0.030871,0.023332,0.119998
41420,0.030397,0.023851,0.137718
41430,0.017601,0.013313,0.122555
41440,0.024378,0.018435,0.097683
41450,0.029561,0.022081,0.143078
41460,0.014426,0.011030,0.101639
41470,0.018827,0.014101,0.113320
41480,0.006003,0.004247,0.098591
41490,0.010022,0.006939,0.110831
41500,0.014023,0.010680,0.083312
41510,0.047022,0.035572,0.175772
41520,0.012724,0.009593,0.091549
41530,0.043857,0.033719,0.175370
41540,0.038830,0.030542,0.168092
41550,0.038695,0.029041,0.155586
41560,0.013136,0.009658,0.108911
41570,0.011569,0.008345,0.092755
41580,0.000749,0.000618,0.089410
41590,0.012170,0.009046,0.096782
41600,0.021751,0.015740,0.118035
41610,0.053838,0.041672,0.212057
41620,0.026905,0.020572,0.117094
41630,0.020889,0.015527,0.099316
41640,0.026913,0.020032,0.135703
41650,0.032652,0.024608,0.133296
41660,0.037891,0.028570,0.154463
41670,0.022426,0.016708,0.137646
41680,0.019078,0.013937,0.128663
41690,0.022277,0.017039,0.094431
41700,0.009346,0.007043,0.088893
41710,0.010473,0.007586,0.081616
41720,0.020940,0.015592,0.112163
41730,0.030757,0.023108,0.121396
41740,0.022333,0.018061,0.127593
41750,0.001626,0.001122,0.074871
41760,0.026268,0.019999,0.134211
41770,0.027886,0.021338,0.136192
41780,0.024559,0.018522,0.121467
41790,0.010247,0.007812,0.094008
41800,0.017920,0.013666,0.103892
41810,0.016003,0.011955,0.105444
41820,0.001025,0.000680,0.114105
41830,0.022404,0.017122,0.128256
41840,0.033010,0.027238,0.162907
41850,0.003413,0.002899,0.086697
41860,0.021022,0.015891,0.113179
41870,0.032758,0.024870,0.145140
41880,0.025190,0.018865,0.137714
41890,0.026104,0.019774,0.117973
41900,0.019934,0.015066,0.112824
41910,0.022360,0.016726,0.118673
41920,0.019934,0.014978,0.125234
41930,0.014593,0.010723,0.080447
41940,0.025196,0.019088,0.128379
41950,0.014410,0.011124,0.084481
41960,0.033014,0.025177,0.148715
41970,0.000146,0.000116,0.047308
41980,0.017470,0.013138,0.106250
41990,0.027281,0.020719,0.140529
42000,0.046820,0.035233,0.178077
42010,0.009026,0.006687,0.047187
42020,0.047417,0.035554,0.183824
42030,0.018026,0.013164,0.127691
42040,0.027225,0.020944,0.108726
42050,0.021355,0.015996,0.126054
42060,0.014620,0.010887,0.115071
42070,0.014250,0.010689,0.090097
42080,0.000894,0.000655,0.111221
42090,0.027897,0.021362,0.129867
42100,0.016832,0.012736,0.098823
42110,0.004873,0.003541,0.040758
42120,0.021154,0.015706,0.120156
42130,0.029126,0.022688,0.125824
42140,0.020608,0.015613,0.116570
42150,0.019193,0.014564,0.104849
42160,0.016077,0.012236,0.108929
42170,0.014424,0.010813,0.098179
42180,0.027322,0.020433,0.151987
42190,0.003664,0.002952,0.029445
42200,0.002274,0.001529,0.074799
42210,0.015300,0.011730,0.108567
42220,0.029957,0.022834,0.137869
42230,0.006231,0.004523,0.117101
42240,0.026612,0.020371,0.105519
42250,0.017358,0.012797,0.100475
42260,0.044426,0.033054,0.172218
42270,0.033665,0.024721,0.153372
42280,0.029973,0.022841,0.140508
42290,0.008005,0.005741,0.047513
42300,0.028061,0.021173,0.129555
42310,0.014657,0.010805,0.118117
42320,0.037062,0.030426,0.151391
42330,0.016924,0.012833,0.082899
42340,0.009520,0.007343,0.085950
42350,0.018055,0.013489,0.096500
42360,0.037627,0.028383,0.158418
42370,0.019162,0.014363,0.108306
42380,0.023261,0.018154,0.116298
42390,0.023471,0.017427,0.119709
42400,0.022057,0.016498,0.128701
42410,0.004285,0.002953,0.111688
42420,0.017954,0.013737,0.113075
42430,0.029102,0.022107,0.139847
42440,0.040847,0.031425,0.166359
42450,0.012904,0.009453,0.104580
42460,0.020002,0.015352,0.119171
42470,0.020938,0.015421,0.121038
42480,0.012746,0.009134,0.095404
42490,0.017638,0.013156,0.116175
42500,0.002107,0.001405,0.105601
42510,0.015829,0.011598,0.104680
42520,0.010113,0.007479,0.089758
42530,0.003723,0.002811,0.079961
42540,0.011779,0.008549,0.098652
42550,0.037351,0.028496,0.145751
42560,0.015555,0.011256,0.107319
42570,0.018428,0.013973,0.087075
42580,0.015128,0.011373,0.084413
42590,0.032354,0.024584,0.141944
42600,0.013517,0.010217,0.071298
42610,0.036519,0.027751,0.153484
42620,0.017603,0.013540,0.082889
42630,0.011582,0.008573,0.091423
42640,0.014373,0.010655,0.095458
42650,0.047967,0.040471,0.202475
42660,0.025122,0.019646,0.125241
42670,0.033698,0.025758,0.147032
42680,0.022539,0.016989,0.114831
42690,0.034817,0.026438,0.142831
42700,0.010971,0.008017,0.097731
42710,0.033162,0.024071,0.146878
42720,0.032578,0.024514,0.144757
42730,0.021471,0.016388,0.115905
42740,0.024197,0.018248,0.125451
42750,0.021329,0.015904,0.087226
42760,0.007984,0.005931,0.087322
42770,0.043567,0.032900,0.175816
42780,0.025537,0.019037,0.131275
42790,0.006378,0.004635,0.069366
42800,0.004115,0.002989,0.081379
42810,0.023754,0.017341,0.149202
42820,0.018962,0.014205,0.109392
42830,0.018930,0.014260,0.105388
42840,0.009663,0.007180,0.077009
42850,0.029364,0.022498,0.118748
42860,0.033947,0.025718,0.150337
42870,0.023798,0.017474,0.146873
42880,0.010971,0.008047,0.097789
42890,0.016175,0.012176,0.104812
42900,0.022727,0.017142,0.104580
42910,0.025456,0.019452,0.131671
42920,0.020291,0.015297,0.116356
42930,0.043581,0.034456,0.174961
42940,0.025672,0.019775,0.115694
42950,0.017883,0.013435,0.108715
42960,0.014490,0.010767,0.110230
42970,0.029377,0.022428,0.139576
42980,0.006530,0.004962,0.073729
42990,0.035136,0.026610,0.139266
43000,0.019652,0.014789,0.111633
43010,0.017163,0.012773,0.107385
43020,0.028140,0.021302,0.129546
43030,0.024729,0.018794,0.136932
43040,0.007999,0.005937,0.100927
43050,0.035043,0.026751,0.154897
43060,0.036998,0.028804,0.154009
43070,0.018986,0.014418,0.087949
43080,0.028793,0.021753,0.137312
43090,0.037450,0.028629,0.157408
43100,0.037998,0.028797,0.162664
43110,0.032366,0.024550,0.155107
43120,0.007811,0.005860,0.077366
43130,0.029786,0.022659,0.140676
43140,0.036151,0.027490,0.152378
43150,0.000448,0.000312,0.141235
43160,0.026051,0.019510,0.124941
43170,0.007256,0.005030,0.124911
43180,0.027921,0.021526,0.138812
43190,0.016412,0.012274,0.111057
43200,0.021475,0.016284,0.122673
43210,0.038123,0.029010,0.161926
43220,0.019781,0.015090,0.092301
43230,0.004027,0.003160,0.026398
43240,0.012802,0.009492,0.101070
43250,0.010896,0.007971,0.093353
43260,0.016158,0.012179,0.093129
43270,0.015627,0.011658,0.118954
43280,0.015853,0.011690,0.118891
43290,0.025505,0.019096,0.119856
43300,0.026470,0.019649,0.138457
43310,0.022109,0.016561,0.125564
43320,0.019851,0.015170,0.106642
43330,0.013321,0.009833,0.117048
43340,0.017583,0.013438,0.091628
43350,0.006338,0.004188,0.153224
43360,0.019557,0.015094,0.117587
43370,0.008683,0.007756,0.098690
43380,0.009697,0.007229,0.053411
43390,0.049172,0.037435,0.184006
43400,0.009195,0.006844,0.067529
43410,0.029328,0.022340,0.153662
43420,0.032456,0.024258,0.135420
43430,0.018547,0.013844,0.089610
43440,0.015714,0.011955,0.109359
43450,0.000892,0.000720,0.006377
43460,0.025442,0.019245,0.135438
43470,0.026650,0.020863,0.132577
43480,0.028956,0.021711,0.148875
43490,0.030564,0.023222,0.145578
43500,0.030863,0.023169,0.141135
43510,0.036625,0.028055,0.149951
43520,0.017039,0.012410,0.120497
43530,0.032694,0.024905,0.145782
43540,0.031791,0.023999,0.147677
43550,0.003812,0.002768,0.083284
43560,0.019641,0.014559,0.111058
43570,0.021301,0.016030,0.115563
43580,0.020925,0.016141,0.105726
43590,0.015058,0.016226,0.118407
43600,0.016253,0.012213,0.101516
43610,0.003706,0.002862,0.031106
43620,0.008382,0.006268,0.039210
43630,0.005418,0.004013,0.040847
43640,0.031648,0.024121,0.141082
43650,0.041290,0.031179,0.171147
43660,0.018263,0.013671,0.093849
43670,0.038360,0.029160,0.162742
43680,0.035174,0.027001,0.149312
43690,0.031536,0.024112,0.140758
43700,0.018212,0.013999,0.098915
43710,0.022639,0.017157,0.129647
43720,0.019053,0.014364,0.115821
43730,0.023417,0.017632,0.124667
43740,0.028277,0.021191,0.124594
43750,0.019679,0.014622,0.106465
43760,0.011637,0.008647,0.102761
43770,0.040099,0.031109,0.164635
43780,0.026236,0.019789,0.134880
43790,0.005564,0.004036,0.132397
43800,0.026525,0.020687,0.106018
43810,0.008235,0.005755,0.095487
43820,0.022149,0.016536,0.116590
43830,0.023013,0.017516,0.132979
43840,0.008555,0.006177,0.110139
43850,0.019592,0.015159,0.111393
43860,0.026190,0.019971,0.115093
43870,0.015138,0.011407,0.119628
43880,0.029507,0.022312,0.128652
43890,0.022732,0.017506,0.128283
43900,0.023478,0.017777,0.105840
43910,0.021884,0.016589,0.110688
43920,0.018839,0.014584,0.113182
43930,0.044966,0.033909,0.181346
43940,0.030353,0.022840,0.130722
43950,0.017822,0.013428,0.105068
43960,0.027269,0.020644,0.137335
43970,0.006314,0.004768,0.040904
43980,0.024901,0.019181,0.120128
43990,0.028015,0.021319,0.132248
44000,0.040728,0.027263,0.197792
44010,0.013332,0.009535,0.103407
44020,0.021042,0.016200,0.117398
44030,0.024383,0.018861,0.128562
44040,0.028128,0.021195,0.127832
44050,0.000173,0.000165,0.656552
44060,0.024962,0.018748,0.106495
44070,0.019980,0.014990,0.120005
44080,0.036983,0.027772,0.164390
44090,0.012716,0.009471,0.071180
44100,0.008062,0.005979,0.084896
44110,0.000361,0.000295,0.060151
44120,0.015644,0.011731,0.102141
44130,0.011470,0.008407,0.086033
44140,0.039776,0.030074,0.165094
44150,0.027519,0.020433,0.139545
44160,0.035779,0.027107,0.141492
44170,0.022210,0.016769,0.123731
44180,0.026548,0.020016,0.126263
44190,0.013599,0.010277,0.102607
44200,0.002991,0.002083,0.022925
44210,0.030166,0.022815,0.143101
44220,0.017538,0.013090,0.091979
44230,0.021488,0.016287,0.121217
44240,0.005719,0.004321,0.067794
44250,0.014732,0.010866,0.116592
44260,0.017006,0.012586,0.119386
44270,0.015941,0.012028,0.070050
44280,0.036616,0.027507,0.153826
44290,0.025241,0.019258,0.125651
44300,0.021776,0.016611,0.119529
44310,0.013578,0.010531,0.105157
44320,0.033895,0.025404,0.170270
44330,0.021147,0.016050,0.106880
44340,0.023883,0.018188,0.131820
44350,0.044284,0.033393,0.161670
44360,0.000652,0.000509,0.052470
44370,0.010525,0.007712,0.088078
44380,0.042011,0.031961,0.166439
44390,0.012826,0.009481,0.099248
44400,0.034985,0.026365,0.164669
44410,0.025010,0.018866,0.106571
44420,0.018921,0.014398,0.086017
44430,0.007115,0.005346,0.068639
44440,0.006668,0.005105,0.029964
44450,0.022792,0.017477,0.100777
44460,0.009321,0.007229,0.080797
44470,0.021882,0.016918,0.093369
44480,0.010640,0.007857,0.092157
44490,0.026100,0.019783,0.122655
44500,0.020122,0.014719,0.129059
44510,0.012431,0.009226,0.093659
44520,0.009985,0.007568,0.074945
44530,0.023509,0.017568,0.121833
44540,0.027497,0.020804,0.129050
44550,0.035500,0.027054,0.159078
44560,0.038369,0.028977,0.166334
44570,0.037093,0.028028,0.158133
44580,0.009657,0.007616,0.122809
44590,0.010559,0.007517,0.122228
44600,0.028043,0.021363,0.126512
44610,0.022981,0.016903,0.113771
44620,0.009189,0.006515,0.092168
44630,0.003245,0.002344,0.074042
44640,0.023599,0.017685,0.132771
44650,0.038112,0.029613,0.166899
44660,0.019173,0.015284,0.106866
44670,0.013763,0.010557,0.060409
44680,0.020633,0.015561,0.118450
44690,0.010212,0.007617,0.086622
44700,0.014192,0.011264,0.087444
44710,0.011017,0.007904,0.083276
44720,0.015991,0.012113,0.077787
44730,0.023411,0.017750,0.129393
44740,0.014974,0.010804,0.104665
44750,0.024804,0.018785,0.129095
44760,0.014865,0.010748,0.135801
44770,0.032912,0.025147,0.125629
44780,0.023581,0.017984,0.119433
44790,0.028687,0.023320,0.138939
44800,0.019129,0.014834,0.094704
44810,0.038853,0.029911,0.171552
44820,0.017455,0.013752,0.116301
44830,0.016343,0.012006,0.116485
44840,0.010784,0.007880,0.108090
44850,0.021409,0.016210,0.117996
44860,0.034367,0.025743,0.156552
44870,0.025976,0.019172,0.107341
44880,0.004410,0.003212,0.096298
44890,0.021550,0.016224,0.096292
44900,0.012158,0.009081,0.101550
44910,0.020687,0.015545,0.116651
44920,0.003990,0.002726,0.131178
44930,0.016151,0.012038,0.097156
44940,0.031723,0.024129,0.151864
44950,0.031561,0.022740,0.149048
44960,0.046165,0.035240,0.174818
44970,0.005998,0.004492,0.085663
44980,0.025954,0.019742,0.130781
44990,0.027790,0.021251,0.143810
45000,0.040550,0.030583,0.165606
45010,0.026964,0.020382,0.139640
45020,0.026826,0.020256,0.123654
45030,0.010746,0.007939,0.089848
45040,0.019462,0.019852,0.168426
45050,0.017241,0.013133,0.082271
45060,0.028194,0.021256,0.124235
45070,0.008424,0.006956,0.066433
45080,0.035326,0.026956,0.158689
45090,0.015694,0.011976,0.088737
45100,0.029786,0.022568,0.126875
45110,0.018063,0.013832,0.081900
45120,0.008942,0.005730,0.106317
45130,0.011288,0.008351,0.095219
45140,0.023111,0.018064,0.100449
45150,0.012283,0.009127,0.056477
45160,0.006872,0.005167,0.046712
45170,0.011056,0.007864,0.102508
45180,0.022076,0.016651,0.100645
45190,0.035214,0.026896,0.149925
45200,0.030070,0.022718,0.133120
45210,0.035925,0.027316,0.135446
45220,0.018842,0.014387,0.105861
45230,0.024768,0.018853,0.103546
45240,0.026803,0.020122,0.113122
45250,0.030695,0.023539,0.127405
45260,0.017015,0.012869,0.092871
45270,0.005319,0.003726,0.088143
45280,0.014033,0.010444,0.097895
45290,0.026049,0.019855,0.109938
45300,0.010520,0.007934,0.086826
45310,0.022843,0.017295,0.106818
45320,0.025573,0.019382,0.125778
45330,0.011474,0.008561,0.111587
45340,0.024279,0.018406,0.129032
45350,0.008855,0.006505,0.104607
45360,0.021792,0.016587,0.105795
45370,0.005259,0.004170,0.037414
45380,0.034175,0.026071,0.150143
45390,0.037741,0.028783,0.147735
45400,0.008308,0.005724,0.101215
45410,0.013844,0.010569,0.070114
45420,0.016985,0.012633,0.111761
45430,0.011182,0.008320,0.089206
45440,0.030120,0.022583,0.144084
45450,0.009751,0.007269,0.083755
45460,0.019466,0.014897,0.107218
45470,0.016166,0.012391,0.080607
45480,0.012437,0.009056,0.069652
45490,0.009091,0.006621,0.089376
45500,0.002753,0.002011,0.019510
45510,0.007478,0.005716,0.046837
45520,0.024563,0.018366,0.122674
45530,0.022526,0.016998,0.113235
45540,0.027050,0.020335,0.131778
45550,0.022277,0.016933,0.111468
45560,0.034394,0.026000,0.138463
45570,0.015224,0.011485,0.079607
45580,0.028767,0.021970,0.145355
45590,0.011442,0.008653,0.058937
45600,0.006721,0.004869,0.077546
45610,0.034906,0.026606,0.142899
45620,0.025049,0.018966,0.108559
45630,0.020569,0.015517,0.119135
45640,0.012617,0.009274,0.088288
45650,0.024757,0.018887,0.123198
45660,0.025590,0.019503,0.131954
45670,0.003435,0.002180,0.101257
45680,0.031674,0.023874,0.141980
45690,0.005806,0.004144,0.090108
45700,0.020358,0.015218,0.113469
45710,0.019767,0.015011,0.110881
45720,0.020994,0.015745,0.117977
45730,0.002192,0.001631,0.143861
45740,0.006464,0.004923,0.041469
45750,0.012837,0.009463,0.121223
45760,0.030020,0.022599,0.139070
45770,0.021513,0.016165,0.109026
45780,0.000150,0.000119,0.635940
45790,0.001948,0.001502,0.159807
45800,0.028052,0.021152,0.131788
45810,0.003374,0.001969,0.132631
45820,0.008956,0.006625,0.077791
45830,0.025663,0.019551,0.120697
45840,0.028008,0.021335,0.134091
45850,0.026963,0.020274,0.135662
45860,0.025172,0.018994,0.099350
45870,0.019659,0.015088,0.097974
45880,0.031023,0.023481,0.147179
45890,0.016213,0.012508,0.105933
45900,0.032086,0.024242,0.132291
45910,0.008378,0.006607,0.085252
45920,0.012896,0.009682,0.101535
45930,0.011845,0.008980,0.058334
45940,0.037411,0.028415,0.160405
45950,0.012867,0.009310,0.109651
45960,0.035539,0.026780,0.150149
45970,0.025893,0.019702,0.126302
45980,0.012806,0.009550,0.105514
45990,0.037303,0.028077,0.154586
46000,0.028101,0.021681,0.128894
46010,0.021514,0.016327,0.120474
46020,0.006732,0.004791,0.102181
46030,0.002584,0.002004,0.072407
46040,0.024873,0.018855,0.125422
46050,0.009616,0.007292,0.089462
46060,0.009437,0.006892,0.077596
46070,0.016065,0.011890,0.103544
46080,0.025308,0.018378,0.128948
46090,0.015701,0.011507,0.063629
46100,0.015090,0.011357,0.107549
46110,0.024059,0.018301,0.126518
46120,0.012350,0.009241,0.098401
46130,0.027579,0.020954,0.120314
46140,0.023106,0.017337,0.121651
46150,0.014513,0.010730,0.094767
46160,0.023011,0.017611,0.119333
46170,0.024236,0.018670,0.109641
46180,0.027995,0.021422,0.138155
46190,0.023667,0.017966,0.120257
46200,0.013561,0.010397,0.116425
46210,0.036594,0.027446,0.152094
46220,0.030467,0.023290,0.130061
46230,0.025873,0.019803,0.122672
46240,0.026955,0.020368,0.131281
46250,0.052122,0.041097,0.181191
46260,0.021969,0.016748,0.116870
46270,0.014578,0.010907,0.101799
46280,0.021974,0.016479,0.129506
46290,0.016628,0.012330,0.119600
46300,0.015591,0.011846,0.118792
46310,0.029079,0.021919,0.144292
46320,0.025345,0.019162,0.132362
46330,0.030286,0.022982,0.148612
46340,0.030459,0.023436,0.137439
46350,0.026154,0.019935,0.130842
46360,0.016377,0.012456,0.099632
46370,0.054466,0.041408,0.195040
46380,0.028026,0.021175,0.136100
46390,0.031661,0.023974,0.146652
46400,0.029019,0.021857,0.119361
46410,0.003952,0.002827,0.069201
46420,0.023102,0.017957,0.115370
46430,0.031898,0.024142,0.128420
46440,0.021371,0.016198,0.116022
46450,0.027446,0.020887,0.123347
46460,0.021583,0.016264,0.117409
46470,0.013779,0.010505,0.075377
46480,0.015548,0.011447,0.107284
46490,0.012188,0.009415,0.060728
46500,0.017574,0.013258,0.096240
46510,0.047866,0.036289,0.184214
46520,0.020307,0.015124,0.109028
46530,0.030038,0.022725,0.128381
46540,0.008802,0.006597,0.080771
46550,0.009875,0.007477,0.089536
46560,0.034782,0.026449,0.138723
46570,0.026171,0.018731,0.122467
46580,0.005198,0.003740,0.082292
46590,0.023361,0.017496,0.112833
46600,0.002896,0.002351,0.021918
46610,0.013334,0.010003,0.102409
46620,0.039502,0.029990,0.157886
46630,0.026851,0.020374,0.126513
46640,0.040559,0.031084,0.169814
46650,0.036543,0.027465,0.165660
46660,0.013138,0.009795,0.089410
46670,0.019992,0.015116,0.092386
46680,0.020295,0.016817,0.117989
46690,0.009186,0.006919,0.046875
46700,0.027689,0.021135,0.136039
46710,0.010576,0.007853,0.091291
46720,0.009231,0.006999,0.077825
46730,0.017868,0.013442,0.100413
46740,0.015101,0.011505,0.100473
46750,0.006063,0.004584,0.082647
46760,0.022083,0.016796,0.128795
46770,0.010860,0.008137,0.087687
46780,0.020075,0.014507,0.099291
46790,0.010471,0.007819,0.094988
46800,0.060257,0.045798,0.211419
46810,0.025336,0.019235,0.124276
46820,0.007753,0.005965,0.071055
46830,0.023980,0.018470,0.112976
46840,0.011546,0.008915,0.082792
46850,0.036261,0.027426,0.151519
46860,0.020144,0.017718,0.071545
46870,0.036542,0.027664,0.160173
46880,0.020139,0.014961,0.103409
46890,0.024370,0.018191,0.124324
46900,0.031139,0.023637,0.149009
46910,0.006747,0.005018,0.068509
46920,0.036423,0.027524,0.145807
46930,0.023853,0.017921,0.131769
46940,0.026752,0.020076,0.124672
46950,0.010162,0.007526,0.083734
46960,0.032810,0.024848,0.153812
46970,0.033178,0.025366,0.136775
46980,0.035381,0.026385,0.152363
46990,0.022158,0.016578,0.122739
47000,0.028730,0.021792,0.133602
47010,0.016344,0.012320,0.089169
47020,0.021554,0.016201,0.118993
47030,0.032467,0.024716,0.143907
47040,0.026076,0.019778,0.138083
47050,0.024448,0.018506,0.123761
47060,0.020381,0.015861,0.098032
47070,0.006111,0.004665,0.101173
47080,0.009913,0.006868,0.097172
47090,0.012468,0.009354,0.109238
47100,0.021658,0.016424,0.104441
47110,0.005902,0.004385,0.077808
47120,0.013370,0.010352,0.113377
47130,0.024220,0.019237,0.133642
47140,0.049163,0.037159,0.183045
47150,0.030699,0.023540,0.138833
47160,0.007597,0.005667,0.089617
47170,0.009669,0.007071,0.086625
47180,0.010579,0.007875,0.061716
47190,0.027300,0.020577,0.141340
47200,0.041312,0.031263,0.178841
47210,0.004745,0.003931,0.114449
47220,0.013850,0.010148,0.092404
47230,0.014609,0.011057,0.094433
47240,0.015105,0.011322,0.096492
47250,0.034274,0.026157,0.132333
47260,0.030931,0.023298,0.126919
47270,0.031396,0.023736,0.133100
47280,0.018837,0.014228,0.092598
47290,0.021336,0.016102,0.112366
47300,0.006204,0.004685,0.035217
47310,0.009497,0.008341,0.081221
47320,0.023109,0.017672,0.108781
47330,0.010954,0.008399,0.101933
47340,0.013042,0.009923,0.096155
47350,0.031217,0.023947,0.121695
47360,0.009429,0.006830,0.090408
47370,0.029506,0.022698,0.140681
47380,0.035836,0.027436,0.152837
47390,0.011128,0.008459,0.054652
47400,0.021635,0.016139,0.117614
47410,0.028301,0.022015,0.142045
47420,0.007382,0.004986,0.120349
47430,0.005128,0.003470,0.106381
47440,0.011531,0.008337,0.095974
47450,0.011912,0.008906,0.098378
47460,0.027239,0.020556,0.108222
47470,0.017421,0.013811,0.171653
47480,0.039110,0.029584,0.157094
47490,0.010887,0.008124,0.082167
47500,0.034811,0.026281,0.160251
47510,0.018813,0.014301,0.125507
47520,0.024224,0.018393,0.133875
47530,0.026130,0.019778,0.130933
47540,0.035781,0.026990,0.146765
47550,0.013819,0.010449,0.094435
47560,0.006210,0.005337,0.072985
47570,0.014637,0.011465,0.087732
47580,0.022997,0.017641,0.130894
47590,0.027558,0.021454,0.131645
47600,0.015864,0.012146,0.096577
47610,0.035497,0.027204,0.141896
47620,0.021400,0.016043,0.085572
47630,0.047857,0.036285,0.187693
47640,0.019693,0.014903,0.119872
47650,0.039599,0.029849,0.163373
47660,0.002811,0.001950,0.093933
47670,0.007547,0.005590,0.092247
47680,0.021562,0.016044,0.121077
47690,0.025989,0.019780,0.118829
47700,0.012559,0.009535,0.054702
47710,0.019064,0.014274,0.117746
47720,0.026442,0.019676,0.130140
47730,0.030974,0.023757,0.141654
47740,0.022397,0.016731,0.126849
47750,0.018704,0.014135,0.081849
47760,0.037079,0.027947,0.153610
47770,0.018290,0.013888,0.106071
47780,0.012083,0.009104,0.102598
47790,0.025161,0.018597,0.132348
47800,0.027493,0.020893,0.142079
47810,0.020878,0.015605,0.131826
47820,0.033238,0.025048,0.151473
47830,0.028778,0.021734,0.141374
47840,0.009775,0.007359,0.088530
47850,0.006621,0.004722,0.066297
47860,0.019190,0.014640,0.119651
47870,0.018577,0.014323,0.100736
47880,0.025179,0.018905,0.123532
47890,0.014658,0.010893,0.088934
47900,0.010030,0.007395,0.072708
47910,0.031912,0.024422,0.141963
47920,0.026984,0.020321,0.126568
47930,0.039726,0.030344,0.155561
47940,0.030658,0.023190,0.138856
47950,0.002094,0.001474,0.061247
47960,0.013055,0.009672,0.111514
47970,0.019348,0.014537,0.103071
47980,0.008044,0.005623,0.109720
47990,0.014735,0.010773,0.101695
48000,0.018394,0.013715,0.114234
48010,0.017771,0.013016,0.122047
48020,0.016065,0.012119,0.095295
48030,0.021841,0.016478,0.115062
48040,0.030204,0.023106,0.134620
48050,0.022468,0.016516,0.134088
48060,0.011425,0.008562,0.062279
48070,0.031471,0.024048,0.132168
48080,0.018826,0.013986,0.115534
48090,0.020439,0.015371,0.116651
48100,0.027944,0.021224,0.108558
48110,0.034636,0.026055,0.147405
48120,0.022334,0.016650,0.115641
48130,0.011804,0.008600,0.096047
48140,0.029089,0.021782,0.134105
48150,0.027839,0.021105,0.132138
48160,0.011328,0.008600,0.088889
48170,0.025064,0.018685,0.125670
48180,0.006576,0.004874,0.082705
48190,0.043771,0.033154,0.175309
48200,0.043436,0.032951,0.172544
48210,0.016747,0.012651,0.101764
48220,0.014227,0.010804,0.089240
48230,0.017180,0.012457,0.114399
48240,0.012588,0.009053,0.098900
48250,0.032317,0.024793,0.153618
48260,0.021006,0.016043,0.107066
48270,0.019907,0.014568,0.128523
48280,0.022897,0.017156,0.117692
48290,0.007387,0.005486,0.089690
48300,0.013491,0.009348,0.061592
48310,0.003122,0.002030,0.075988
48320,0.014216,0.011034,0.128391
48330,0.000777,0.000582,0.179889
48340,0.009012,0.006627,0.078339
48350,0.018271,0.013886,0.090259
48360,0.028809,0.021670,0.141993
48370,0.013554,0.009845,0.103092
48380,0.023143,0.017632,0.109281
48390,0.036396,0.027849,0.162862
48400,0.027657,0.020738,0.144363
48410,0.012410,0.009445,0.068747
48420,0.010972,0.008213,0.059019
48430,0.041459,0.031245,0.164427
48440,0.016210,0.012030,0.069597
48450,0.030047,0.021807,0.150301
48460,0.017649,0.013022,0.087752
48470,0.024225,0.018431,0.113080
48480,0.020417,0.015104,0.125772
48490,0.028695,0.021817,0.127815
48500,0.013644,0.009755,0.113023
48510,0.047256,0.035775,0.185617
48520,0.023769,0.017901,0.120375
48530,0.032485,0.024770,0.133934
48540,0.028950,0.022718,0.134425
48550,0.012362,0.009134,0.093137
48560,0.041441,0.031811,0.172515
48570,0.014280,0.010775,0.069482
48580,0.033959,0.026016,0.148361
48590,0.031915,0.024185,0.146720
48600,0.017162,0.012992,0.085511
48610,0.020446,0.015018,0.124038
48620,0.022698,0.017555,0.100742
48630,0.016104,0.012144,0.103763
48640,0.004176,0.002994,0.026068
48650,0.018789,0.014036,0.106541
48660,0.038058,0.028948,0.137343
48670,0.065890,0.050161,0.222697
48680,0.026939,0.020428,0.134534
48690,0.032011,0.024358,0.125988
48700,0.033448,0.025388,0.153493
48710,0.015528,0.011241,0.102317
48720,0.015415,0.011660,0.078240
48730,0.028766,0.021590,0.137884
48740,0.023620,0.018152,0.124309
48750,0.025305,0.019379,0.115797
48760,0.044721,0.034515,0.176795
48770,0.025263,0.018858,0.130788
48780,0.030235,0.022870,0.125064
48790,0.030078,0.022973,0.119927
48800,0.011146,0.008373,0.065945
48810,0.018301,0.014012,0.078591
48820,0.027838,0.020786,0.120117
48830,0.027643,0.020862,0.131166
48840,0.030199,0.022910,0.137494
48850,0.015821,0.012116,0.082911
48860,0.010146,0.007642,0.082673
48870,0.035845,0.027225,0.154998
48880,0.030041,0.022722,0.135177
48890,0.021164,0.015777,0.084454
48900,0.009370,0.007132,0.054098
48910,0.032719,0.024720,0.135102
48920,0.017348,0.013364,0.100847
48930,0.031567,0.024142,0.136209
48940,0.010791,0.008344,0.063688
48950,0.012746,0.009321,0.101259
48960,0.043323,0.032684,0.172389
48970,0.017795,0.013277,0.104254
48980,0.023065,0.016843,0.135446
48990,0.027832,0.021032,0.123756
49000,0.027149,0.020457,0.130613
49010,0.016420,0.012356,0.102803
49020,0.042659,0.032519,0.169262
49030,0.022702,0.017468,0.119392
49040,0.028160,0.021585,0.119684
49050,0.012031,0.009172,0.055242
49060,0.008591,0.006289,0.070308
49070,0.044044,0.033201,0.179659
49080,0.010868,0.008337,0.081298
49090,0.018327,0.013974,0.104174
49100,0.042779,0.032691,0.160928
49110,0.018766,0.013671,0.114175
49120,0.025739,0.019896,0.107527
49130,0.010076,0.007530,0.078327
49140,0.022777,0.017387,0.123427
49150,0.019125,0.014428,0.104856
49160,0.018008,0.013846,0.104287
49170,0.023553,0.017709,0.126999
49180,0.023086,0.017375,0.124383
49190,0.020590,0.015497,0.108612
49200,0.020538,0.016018,0.109310
49210,0.008104,0.006275,0.100122
49220,0.018653,0.014151,0.084263
49230,0.012633,0.009378,0.096667
49240,0.018930,0.014357,0.100076
49250,0.037533,0.028598,0.145745
49260,0.000005,0.000006,0.000018
49270,0.018605,0.014085,0.120170
49280,0.000001,0.000016,0.000028
49290,0.032607,0.024908,0.143972
49300,0.028908,0.021777,0.143617
49310,0.022344,0.016932,0.119090
49320,0.008927,0.006624,0.076134
49330,0.015313,0.011110,0.129522
49340,0.017297,0.012933,0.098954
49350,0.017352,0.015082,0.128892
49360,0.016331,0.012058,0.114187
49370,0.021996,0.016580,0.127884
49380,0.035945,0.027346,0.141436
49390,0.025817,0.019362,0.109841
49400,0.009831,0.007358,0.087135
49410,0.034984,0.026116,0.154054
49420,0.032178,0.024243,0.151490
49430,0.008607,0.005972,0.087675
49440,0.011581,0.008733,0.086918
49450,0.021908,0.016669,0.102793
49460,0.010730,0.008183,0.094351
49470,0.020545,0.015783,0.114521
49480,0.035563,0.027148,0.145356
49490,0.021130,0.016405,0.089946
49500,0.053840,0.040651,0.193386
49510,0.026554,0.020328,0.129658
49520,0.021623,0.016379,0.121093
49530,0.030620,0.023451,0.146134
49540,0.005497,0.004069,0.071919
49550,0.028452,0.021754,0.137942
49560,0.019748,0.014452,0.110512
49570,0.011945,0.008961,0.104074
49580,0.010894,0.008060,0.099344
49590,0.010109,0.007519,0.096516
49600,0.006890,0.005118,0.090665
49610,0.020284,0.015396,0.090629
49620,0.045697,0.035095,0.175163
49630,0.014035,0.010305,0.117001
49640,0.018238,0.013905,0.085881
49650,0.002408,0.001612,0.071275
49660,0.016211,0.012309,0.079091
49670,0.018657,0.014067,0.086259
49680,0.019103,0.014394,0.100869
49690,0.026612,0.020396,0.145402
49700,0.009209,0.007059,0.051523
49710,0.033745,0.025382,0.135847
49720,0.041883,0.031659,0.167532
49730,0.002562,0.001892,0.072690
49740,0.031482,0.023788,0.148548
49750,0.015557,0.011199,0.094567
49760,0.020406,0.015304,0.109082
49770,0.014852,0.010766,0.088714
49780,0.053327,0.040772,0.195184
49790,0.010579,0.007828,0.064204
49800,0.011150,0.008274,0.059094
49810,0.015919,0.012122,0.096906
49820,0.009305,0.006799,0.084746
49830,0.024949,0.019077,0.122361
49840,0.002755,0.002006,0.075410
49850,0.027339,0.020723,0.133059
49860,0.017201,0.013211,0.106562
49870,0.037984,0.028902,0.152247
49880,0.022554,0.017017,0.140771
49890,0.012275,0.008960,0.094957
49900,0.014941,0.011045,0.107612
49910,0.018556,0.014223,0.107144
49920,0.031117,0.023784,0.140493
49930,0.024544,0.018896,0.125739
49940,0.012801,0.009495,0.085861
49950,0.022964,0.017972,0.108042
49960,0.025206,0.018831,0.101764
49970,0.008339,0.006058,0.042550
49980,0.026520,0.019697,0.130449
49990,0.015605,0.011719,0.081055
50000,0.033097,0.025322,0.133590
50010,0.033405,0.025293,0.128009
50020,0.031962,0.046011,0.137954
50030,0.016672,0.012512,0.103792
50040,0.018945,0.014394,0.098261
50050,0.022696,0.016727,0.127604
50060,0.025376,0.019307,0.122540
50070,0.025408,0.019334,0.122454
50080,0.001267,0.000842,0.059317
50090,0.018364,0.013939,0.104424
50100,0.028098,0.021303,0.129263
50110,0.044786,0.034269,0.179176
50120,0.009074,0.006886,0.051427
50130,0.019642,0.014044,0.122971
50140,0.042584,0.032278,0.160046
50150,0.018873,0.014327,0.109909
50160,0.025370,0.019141,0.131653
50170,0.009427,0.006922,0.096864
50180,0.020279,0.015271,0.113808
50190,0.015654,0.011777,0.086996
50200,0.015121,0.011439,0.091310
50210,0.019877,0.014961,0.088932
50220,0.018456,0.015536,0.113215
50230,0.017216,0.012971,0.103276
50240,0.011531,0.008721,0.099621
50250,0.006384,0.004713,0.080019
50260,0.029253,0.022442,0.139346
50270,0.024708,0.018319,0.127276
50280,0.032860,0.024622,0.138948
50290,0.019045,0.014253,0.119544
50300,0.021955,0.017455,0.101967
50310,0.022159,0.017042,0.122197
50320,0.015907,0.011968,0.100709
50330,0.025048,0.019270,0.122456
50340,0.017895,0.013490,0.090029
50350,0.016495,0.012423,0.106927
50360,0.017472,0.013204,0.100657
50370,0.017010,0.013026,0.101828
50380,0.002998,0.002009,0.127270
50390,0.022549,0.017113,0.115670
50400,0.051816,0.039519,0.188873
50410,0.015883,0.012111,0.110511
50420,0.028791,0.022309,0.130727
50430,0.029192,0.022182,0.138918
50440,0.032171,0.024483,0.148221
50450,0.003942,0.003035,0.066565
50460,0.030694,0.023385,0.144384
50470,0.009355,0.007247,0.076693
50480,0.048207,0.036625,0.172755
50490,0.036465,0.027838,0.137329
50500,0.036429,0.027546,0.157247
50510,0.038028,0.029100,0.148733
50520,0.016505,0.014140,0.112194
50530,0.026552,0.020157,0.129885
50540,0.011401,0.008351,0.097247
50550,0.008843,0.006770,0.038194
50560,0.014242,0.010809,0.116383
50570,0.050473,0.038050,0.188859
50580,0.029329,0.022099,0.138301
50590,0.011523,0.008600,0.063985
50600,0.030295,0.022908,0.116706
50610,0.005281,0.003772,0.073882
50620,0.019951,0.014874,0.120318
50630,0.021036,0.015707,0.094348
50640,0.034769,0.026203,0.158131
50650,0.024681,0.019044,0.121737
50660,0.017593,0.013185,0.110569
50670,0.038074,0.028803,0.145461
50680,0.018917,0.014325,0.106601
50690,0.007777,0.005657,0.096318
50700,0.015592,0.011786,0.101685
50710,0.028009,0.021541,0.137295
50720,0.019319,0.014513,0.105937
50730,0.040450,0.030946,0.163425
50740,0.013779,0.011026,0.115323
50750,0.020667,0.015633,0.124683
50760,0.018298,0.014462,0.090170
50770,0.020811,0.015853,0.126827
50780,0.024856,0.018429,0.129243
50790,0.029957,0.022753,0.139579
50800,0.033069,0.024989,0.153480
50810,0.019188,0.014453,0.091711
50820,0.016903,0.013135,0.118763
50830,0.008625,0.006129,0.100580
50840,0.019800,0.015022,0.109996
50850,0.000256,0.000212,0.055598
50860,0.032161,0.023940,0.142914
50870,0.012250,0.009261,0.094285
50880,0.013861,0.010223,0.109458
50890,0.019065,0.014669,0.101511
50900,0.031962,0.024500,0.150666
50910,0.002453,0.001762,0.079175
50920,0.017182,0.013079,0.104465
50930,0.025629,0.019595,0.139276
50940,0.028740,0.022076,0.135805
50950,0.036030,0.026992,0.155078
50960,0.013972,0.010605,0.096281
50970,0.025618,0.019154,0.129542
50980,0.011622,0.008499,0.072326
50990,0.026339,0.019891,0.125841
51000,0.011155,0.008274,0.096568
51010,0.040399,0.030929,0.164028
51020,0.034572,0.026216,0.146310
51030,0.026219,0.019971,0.099938
51040,0.022949,0.017154,0.135499
51050,0.010599,0.007886,0.081229
51060,0.028160,0.021162,0.135998
51070,0.012220,0.009072,0.115294
51080,0.014226,0.011014,0.071551
51090,0.034548,0.026922,0.143402
51100,0.032924,0.025118,0.132010
51110,0.020237,0.015705,0.111498
51120,0.007949,0.005715,0.115944
51130,0.021758,0.016468,0.119567
51140,0.009513,0.007020,0.079701
51150,0.042280,0.031986,0.153788
51160,0.045361,0.033970,0.174672
51170,0.026118,0.019924,0.129075
51180,0.027281,0.020854,0.117052
51190,0.029326,0.021835,0.142734
51200,0.019928,0.015316,0.096471
51210,0.023801,0.018159,0.122643
51220,0.008965,0.006964,0.073394
51230,0.040140,0.030574,0.162463
51240,0.021587,0.016352,0.094458
51250,0.025460,0.018959,0.135136
51260,0.014385,0.010776,0.095417
51270,0.015972,0.012151,0.081360
51280,0.017073,0.013716,0.129418
51290,0.031594,0.024068,0.134085
51300,0.005758,0.003941,0.108961
51310,0.034538,0.026195,0.145383
51320,0.009397,0.006818,0.084641
51330,0.018592,0.014095,0.103530
51340,0.038227,0.028816,0.161952
51350,0.028540,0.020807,0.117018
51360,0.015523,0.011809,0.104626
51370,0.016773,0.012208,0.116136
51380,0.024197,0.018635,0.105395
51390,0.032767,0.024995,0.138996
51400,0.012963,0.009730,0.091701
51410,0.058375,0.044283,0.205619
51420,0.014787,0.010969,0.098680
51430,0.014048,0.010508,0.087855
51440,0.034245,0.026197,0.147878
51450,0.010176,0.007613,0.088753
51460,0.004971,0.003826,0.031292
51470,0.011701,0.008853,0.082866
51480,0.017954,0.013554,0.109023
51490,0.035955,0.027057,0.159339
51500,0.011243,0.008395,0.087071
51510,0.033195,0.025504,0.150310
51520,0.022757,0.017248,0.111208
51530,0.011348,0.008628,0.081383
51540,0.015731,0.011853,0.074770
51550,0.008079,0.005592,0.086990
51560,0.006021,0.004516,0.096565
51570,0.008525,0.006284,0.076589
51580,0.033296,0.025108,0.131756
51590,0.000001,0.000030,0.000045
51600,0.036357,0.027229,0.133149
51610,0.019505,0.014465,0.095959
51620,0.010453,0.007804,0.079879
51630,0.023567,0.017612,0.101516
51640,0.011285,0.008353,0.107681
51650,0.052437,0.039842,0.192741
51660,0.012341,0.009361,0.060521
51670,0.023508,0.017877,0.119070
51680,0.026793,0.020320,0.138277
51690,0.033722,0.025996,0.133805
51700,0.025485,0.018984,0.108200
51710,0.014463,0.011526,0.077266
51720,0.026856,0.020141,0.123380
51730,0.014316,0.010845,0.083275
51740,0.019927,0.014972,0.094027
51750,0.030370,0.021709,0.139852
51760,0.014200,0.010799,0.070607
51770,0.004580,0.003204,0.150924
51780,0.019667,0.014980,0.102737
51790,0.024034,0.017963,0.141624
51800,0.020879,0.015635,0.099884
51810,0.011987,0.008993,0.068157
51820,0.013520,0.010124,0.105749
51830,0.018249,0.013660,0.102100
51840,0.034901,0.026597,0.145687
51850,0.008116,0.005985,0.085465
51860,0.033242,0.024803,0.140562
51870,0.021086,0.016350,0.112155
51880,0.016345,0.012352,0.104175
51890,0.010684,0.007890,0.106000
51900,0.013537,0.010144,0.111138
51910,0.010189,0.007652,0.075130
51920,0.011388,0.008466,0.090072
51930,0.022253,0.016955,0.113053
51940,0.029606,0.020873,0.148222
51950,0.014761,0.011098,0.080233
51960,0.002308,0.001741,0.017672
51970,0.015533,0.010155,0.109609
51980,0.013384,0.009806,0.082699
51990,0.043951,0.033435,0.172516
52000,0.014923,0.011037,0.109252
52010,0.050864,0.038865,0.189385
52020,0.052804,0.040292,0.192436
52030,0.012632,0.009520,0.074278
52040,0.017044,0.012797,0.099708
52050,0.022820,0.017375,0.104354
52060,0.030247,0.022857,0.123305
52070,0.015161,0.010823,0.093224
52080,0.018901,0.014382,0.116150
52090,0.030922,0.023453,0.132283
52100,0.020340,0.015353,0.103293
52110,0.032470,0.024469,0.148473
52120,0.017739,0.013615,0.091084
52130,0.022219,0.015813,0.142851
52140,0.005132,0.003821,0.028527
52150,0.016185,0.012123,0.076832
52160,0.038025,0.029408,0.161524
52170,0.028718,0.021719,0.132404
52180,0.015578,0.010986,0.090711
52190,0.005417,0.003946,0.106881
52200,0.031952,0.024750,0.140184
52210,0.015159,0.011579,0.077083
52220,0.026381,0.019651,0.128475
52230,0.032654,0.024600,0.133075
52240,0.013300,0.009922,0.097462
52250,0.027676,0.021045,0.125855
52260,0.025272,0.019137,0.112907
52270,0.015358,0.011669,0.112515
52280,0.012034,0.008995,0.083675
52290,0.037738,0.028973,0.164282
52300,0.021593,0.016570,0.120121
52310,0.003827,0.002612,0.105902
52320,0.030462,0.022900,0.141210
52330,0.022759,0.017518,0.128547
52340,0.018674,0.014236,0.114786
52350,0.011459,0.008562,0.097633
52360,0.005265,0.003812,0.120979
52370,0.045581,0.034833,0.173136
52380,0.001115,0.000768,0.074964
52390,0.023483,0.017972,0.121858
52400,0.021043,0.015889,0.113798
52410,0.018418,0.013790,0.107678
52420,0.026188,0.019767,0.114528
52430,0.020991,0.015886,0.125263
52440,0.012912,0.009379,0.085174
52450,0.019905,0.014786,0.108976
52460,0.013394,0.010087,0.091095
52470,0.010886,0.013702,0.215630
52480,0.019434,0.014408,0.113653
52490,0.010836,0.007829,0.088712
52500,0.038292,0.028804,0.159359
52510,0.030060,0.022918,0.133615
52520,0.020859,0.015702,0.116350
52530,0.004660,0.003708,0.035063
52540,0.029803,0.022302,0.134318
52550,0.005708,0.004605,0.040465
52560,0.000003,0.000005,0.000013
52570,0.011846,0.008460,0.096170
52580,0.031557,0.023858,0.136640
52590,0.034520,0.026293,0.141079
52600,0.009912,0.007327,0.078983
52610,0.024747,0.018458,0.132363
52620,0.009917,0.007334,0.084199
52630,0.029833,0.022810,0.136407
52640,0.022426,0.017037,0.121004
52650,0.002807,0.002213,0.070719
52660,0.016841,0.012446,0.089987
52670,0.014241,0.010574,0.105985
52680,0.013330,0.010132,0.090145
52690,0.025797,0.019419,0.120784
52700,0.022001,0.016731,0.114106
52710,0.018207,0.013782,0.097417
52720,0.020132,0.015611,0.097035
52730,0.014156,0.011177,0.105304
52740,0.023641,0.018215,0.107414
52750,0.037684,0.028736,0.156613
52760,0.024779,0.018970,0.131738
52770,0.004638,0.003590,0.033434
52780,0.020999,0.016069,0.094381
52790,0.025098,0.018602,0.130743
52800,0.005828,0.004334,0.127991
52810,0.021615,0.016201,0.104984
52820,0.039907,0.030340,0.167024
52830,0.023821,0.018049,0.122027
52840,0.038377,0.029174,0.159797
52850,0.023232,0.017469,0.127658
52860,0.037264,0.028448,0.159230
52870,0.033163,0.024377,0.154266
52880,0.023249,0.018383,0.103783
52890,0.006855,0.004994,0.078532
52900,0.029386,0.022207,0.134282
52910,0.015922,0.011686,0.068424
52920,0.013271,0.009954,0.099893
52930,0.008830,0.006522,0.078965
52940,0.014326,0.010473,0.118740
52950,0.012684,0.009508,0.088914
52960,0.021651,0.016456,0.101582
52970,0.024693,0.018601,0.126685
52980,0.034095,0.025843,0.138343
52990,0.027499,0.020441,0.132880
53000,0.014166,0.011111,0.094056
53010,0.003778,0.004368,0.040279
53020,0.029283,0.022374,0.112686
53030,0.001667,0.001337,0.206990
53040,0.030265,0.022790,0.131336
53050,0.011096,0.008178,0.091752
53060,0.011659,0.009737,0.097108
53070,0.032662,0.024967,0.136088
53080,0.019124,0.014487,0.108450
53090,0.040322,0.030806,0.160849
53100,0.030508,0.022945,0.118737
53110,0.019839,0.015010,0.116736
53120,0.005346,0.003812,0.084649
53130,0.019956,0.014965,0.112560
53140,0.026930,0.020474,0.130870
53150,0.029726,0.022368,0.140852
53160,0.021865,0.016527,0.133459
53170,0.011133,0.008376,0.075175
53180,0.033149,0.024977,0.138475
53190,0.033851,0.026940,0.148541
53200,0.012824,0.009688,0.061776
53210,0.021539,0.016355,0.112892
53220,0.022504,0.017389,0.120181
53230,0.020743,0.015730,0.107162
53240,0.025458,0.019042,0.134082
53250,0.002858,0.002282,0.132426
53260,0.028083,0.020767,0.134247
53270,0.004068,0.002945,0.096939
53280,0.012111,0.009014,0.108899
53290,0.012316,0.009196,0.103957
53300,0.051713,0.040442,0.200576
53310,0.013283,0.010179,0.090060
53320,0.016739,0.012785,0.105057
53330,0.010613,0.007503,0.100290
53340,0.021021,0.015793,0.119292
53350,0.027017,0.020651,0.134749
53360,0.034484,0.026280,0.150754
53370,0.020268,0.016042,0.114591
53380,0.015689,0.011829,0.103961
53390,0.021850,0.016754,0.088961
53400,0.017560,0.013305,0.086835
53410,0.022027,0.016562,0.119828
53420,0.009292,0.006931,0.121168
53430,0.023648,0.019899,0.120774
53440,0.015261,0.011475,0.107295
53450,0.017920,0.013400,0.105547
53460,0.018282,0.013947,0.107337
53470,0.013029,0.009901,0.103468
53480,0.018779,0.014213,0.099026
53490,0.019439,0.014980,0.114595
53500,0.022152,0.016206,0.127342
53510,0.026520,0.020230,0.099898
53520,0.033352,0.025281,0.153366
53530,0.014268,0.010796,0.096830
53540,0.000000,0.000001,0.000002
53550,0.021896,0.016437,0.115538
53560,0.041393,0.031366,0.150989
53570,0.010973,0.008075,0.085478
53580,0.017897,0.013868,0.089477
53590,0.028083,0.021222,0.124516
53600,0.011312,0.008351,0.087697
53610,0.008652,0.006521,0.073577
53620,0.013131,0.010012,0.064350
53630,0.019379,0.014558,0.105230
53640,0.020674,0.015840,0.112285
53650,0.016047,0.012312,0.080139
53660,0.020709,0.015851,0.095263
53670,0.025918,0.021055,0.116296
53680,0.008983,0.006481,0.080203
53690,0.034426,0.025973,0.148260
53700,0.002064,0.001441,0.055988
53710,0.018292,0.013067,0.123657
53720,0.024306,0.018623,0.119692
53730,0.011829,0.008353,0.095510
53740,0.005804,0.004251,0.045892
53750,0.022922,0.017468,0.088135
53760,0.035929,0.027280,0.155803
53770,0.021135,0.015963,0.096425
53780,0.026369,0.021327,0.134400
53790,0.020467,0.015586,0.119559
53800,0.021023,0.015739,0.122917
53810,0.026605,0.020523,0.128639
53820,0.028676,0.021754,0.131412
53830,0.011551,0.008630,0.088723
53840,0.017457,0.013165,0.102862
53850,0.033427,0.025747,0.147739
53860,0.018022,0.013791,0.109400
53870,0.020331,0.015357,0.114442
53880,0.019457,0.014493,0.081755
53890,0.022686,0.017319,0.124797
53900,0.009245,0.006165,0.131925
53910,0.020827,0.015624,0.120853
53920,0.013166,0.009686,0.065590
53930,0.011650,0.008333,0.091117
53940,0.012718,0.009687,0.092703
53950,0.019676,0.015046,0.096036
53960,0.018518,0.013828,0.102542
53970,0.034694,0.026055,0.145447
53980,0.011571,0.008560,0.087808
53990,0.016870,0.012775,0.102579
54000,0.015859,0.012155,0.073141
54010,0.031302,0.023989,0.118665
54020,0.006584,0.004720,0.065074
54030,0.023430,0.017863,0.112267
54040,0.016913,0.012639,0.101330
54050,0.019049,0.017426,0.210530
54060,0.013385,0.010187,0.098940
54070,0.037035,0.028444,0.149018
54080,0.013710,0.010261,0.080649
54090,0.029995,0.022781,0.128133
54100,0.023510,0.017514,0.110806
54110,0.028362,0.021730,0.112361
54120,0.035629,0.027093,0.151276
54130,0.007642,0.005459,0.069490
54140,0.006986,0.005189,0.082181
54150,0.029239,0.022379,0.133469
54160,0.017243,0.012908,0.125531
54170,0.036171,0.027233,0.159087
54180,0.013082,0.009595,0.115949
54190,0.010852,0.008249,0.059905
54200,0.020640,0.015665,0.122752
54210,0.010347,0.007768,0.086956
54220,0.011891,0.009247,0.057769
54230,0.003397,0.002327,0.161483
54240,0.021769,0.016617,0.116736
54250,0.011881,0.008719,0.096541
54260,0.011638,0.008626,0.108106
54270,0.040324,0.030500,0.157868
54280,0.023922,0.018248,0.111080
54290,0.014783,0.010864,0.104206
54300,0.011883,0.008512,0.061341
54310,0.029704,0.022456,0.120360
54320,0.015981,0.012114,0.108201
54330,0.019808,0.014967,0.109305
54340,0.029251,0.022236,0.135431
54350,0.049298,0.037403,0.179944
54360,0.023731,0.017075,0.139014
54370,0.011469,0.008493,0.087940
54380,0.018986,0.014473,0.110453
54390,0.032069,0.024320,0.139776
54400,0.014534,0.010904,0.134917
54410,0.011901,0.008503,0.107525
54420,0.000330,0.000282,0.146830
54430,0.029975,0.022702,0.130777
54440,0.014935,0.011105,0.096505
54450,0.016003,0.012212,0.097428
54460,0.032654,0.025124,0.140017
54470,0.018911,0.014511,0.112283
54480,0.017668,0.013367,0.120587
54490,0.016922,0.013008,0.106639
54500,0.017640,0.012839,0.131676
54510,0.023400,0.017932,0.105292
54520,0.008966,0.006702,0.073147
54530,0.016756,0.012516,0.100141
54540,0.001836,0.001511,0.065755
54550,0.036507,0.027927,0.156119
54560,0.004270,0.003064,0.024629
54570,0.011486,0.008538,0.090115
54580,0.032980,0.024981,0.144619
54590,0.021512,0.016124,0.112571
54600,0.023493,0.017802,0.112238
54610,0.003660,0.002742,0.050122
54620,0.016461,0.012474,0.089329
54630,0.022636,0.016963,0.129282
54640,0.034394,0.026249,0.142182
54650,0.009273,0.007008,0.089595
54660,0.022536,0.016732,0.118405
54670,0.028211,0.021448,0.128591
54680,0.038078,0.029108,0.140646
54690,0.012118,0.009299,0.055268
54700,0.021723,0.017244,0.113157
54710,0.024290,0.018507,0.125260
54720,0.018102,0.013515,0.082715
54730,0.011388,0.008295,0.053316
54740,0.025988,0.019604,0.122264
54750,0.005682,0.004073,0.094657
54760,0.012290,0.009155,0.090392
54770,0.014372,0.010460,0.102103
54780,0.047264,0.035953,0.177885
54790,0.037492,0.028372,0.158172
54800,0.019455,0.014760,0.080369
54810,0.024549,0.018561,0.121545
54820,0.016552,0.012652,0.111074
54830,0.016639,0.012473,0.076625
54840,0.028678,0.021838,0.136598
54850,0.019795,0.014943,0.108550
54860,0.028376,0.021530,0.108803
54870,0.015027,0.011274,0.110128
54880,0.013118,0.009812,0.101386
54890,0.028236,0.021851,0.126600
54900,0.010886,0.008010,0.092559
54910,0.013377,0.009869,0.092040
54920,0.019794,0.014773,0.099730
54930,0.025809,0.019611,0.126585
54940,0.021671,0.016642,0.098540
54950,0.030141,0.023288,0.134945
54960,0.013447,0.009910,0.094188
54970,0.025568,0.019133,0.120161
54980,0.006350,0.004849,0.047079
54990,0.014990,0.011115,0.121068
55000,0.039840,0.030393,0.156825
55010,0.013287,0.009848,0.097887
55020,0.030336,0.023602,0.131986
55030,0.015163,0.010974,0.108529
55040,0.009640,0.006606,0.096366
55050,0.025450,0.018909,0.139091
55060,0.042934,0.032680,0.169447
55070,0.012836,0.009632,0.079821
55080,0.016402,0.012240,0.113770
55090,0.014875,0.011345,0.084703
55100,0.023452,0.017854,0.126563
55110,0.023312,0.017928,0.120525
55120,0.001338,0.000933,0.225142
55130,0.017133,0.012704,0.103537
55140,0.017452,0.013283,0.108815
55150,0.010389,0.007707,0.072384
55160,0.025914,0.019671,0.127019
55170,0.010276,0.007574,0.080110
55180,0.021877,0.016007,0.121493
55190,0.035213,0.026649,0.145849
55200,0.009322,0.006933,0.043630
55210,0.015186,0.011149,0.096327
55220,0.008984,0.006582,0.052346
55230,0.010431,0.007700,0.064944
55240,0.028000,0.021111,0.118140
55250,0.026702,0.020291,0.123065
55260,0.027859,0.021043,0.130943
55270,0.016688,0.012383,0.091192
55280,0.017938,0.013061,0.113807
55290,0.039165,0.029625,0.155975
55300,0.005040,0.003507,0.075670
55310,0.015032,0.011479,0.090487
55320,0.018287,0.014400,0.107075
55330,0.010914,0.008339,0.087689
55340,0.022835,0.017736,0.144533
55350,0.009374,0.006967,0.072619
55360,0.030767,0.023594,0.127121
55370,0.015220,0.011002,0.104659
55380,0.031056,0.023517,0.131535
55390,0.002235,0.001723,0.074135
55400,0.017814,0.013675,0.094751
55410,0.026023,0.019893,0.123071
55420,0.020454,0.015629,0.108091
55430,0.029226,0.022070,0.117717
55440,0.029463,0.022339,0.127391
55450,0.035854,0.026995,0.132583
55460,0.021097,0.015711,0.112957
55470,0.027707,0.021078,0.142324
55480,0.018652,0.013902,0.104120
55490,0.002734,0.001817,0.067319
55500,0.033330,0.025297,0.141380
55510,0.020832,0.015925,0.118765
55520,0.030808,0.023221,0.136197
55530,0.031092,0.023878,0.130894
55540,0.021418,0.016277,0.119739
55550,0.034577,0.026786,0.151400
55560,0.013683,0.010338,0.088461
55570,0.012925,0.009814,0.067345
55580,0.005519,0.004791,0.120371
55590,0.007426,0.005462,0.081331
55600,0.028745,0.021699,0.128976
55610,0.025040,0.019010,0.118342
55620,0.020060,0.015053,0.129409
55630,0.022987,0.018207,0.105299
55640,0.017555,0.013083,0.094111
55650,0.007353,0.005441,0.091446
55660,0.014511,0.010921,0.103682
55670,0.022031,0.017052,0.117435
55680,0.022670,0.017386,0.111614
55690,0.019879,0.015036,0.115401
55700,0.016749,0.012319,0.105273
55710,0.018625,0.014163,0.098626
55720,0.034551,0.026401,0.140286
55730,0.011976,0.009273,0.092190
55740,0.023674,0.017817,0.125269
55750,0.015426,0.011639,0.112769
55760,0.024035,0.018490,0.115658
55770,0.021386,0.016365,0.117964
55780,0.026029,0.019651,0.122691
55790,0.007124,0.005177,0.080288
55800,0.034197,0.026132,0.145549
55810,0.015285,0.011616,0.117470
55820,0.014089,0.010622,0.107793
55830,0.030347,0.023022,0.133841
55840,0.014545,0.010904,0.107186
55850,0.015679,0.011992,0.081962
55860,0.017903,0.013451,0.099019
55870,0.036982,0.027922,0.152533
55880,0.008132,0.006067,0.079418
55890,0.019196,0.014641,0.110603
55900,0.038210,0.029290,0.155568
55910,0.028557,0.021601,0.126782
55920,0.030210,0.023170,0.133454
55930,0.021528,0.016855,0.094201
55940,0.028510,0.021591,0.137357
55950,0.018615,0.014318,0.097672
55960,0.040442,0.030826,0.156219
55970,0.009983,0.007800,0.098075
55980,0.050324,0.038485,0.185024
55990,0.012635,0.009698,0.091360
56000,0.018454,0.014017,0.081112
56010,0.016403,0.012460,0.082146
56020,0.026325,0.020032,0.128525
56030,0.027043,0.020492,0.123798
56040,0.017594,0.013434,0.104271
56050,0.007261,0.005105,0.089299
56060,0.017104,0.012767,0.097123
56070,0.018961,0.014362,0.117519
56080,0.010517,0.007797,0.086189
56090,0.025076,0.019180,0.126913
56100,0.031121,0.023627,0.136888
56110,0.026688,0.020306,0.126272
56120,0.015933,0.012150,0.104057
56130,0.019832,0.015100,0.100293
56140,0.052972,0.040485,0.182029
56150,0.025300,0.019200,0.122961
56160,0.018561,0.013501,0.117631
56170,0.016812,0.012479,0.110197
56180,0.026046,0.019297,0.113520
56190,0.021922,0.016460,0.099966
56200,0.014114,0.010156,0.070517
56210,0.013596,0.009998,0.101236
56220,0.041012,0.031335,0.160157
56230,0.019900,0.015230,0.105833
56240,0.016168,0.012061,0.089734
56250,0.022334,0.016679,0.120398
56260,0.007973,0.005839,0.070472
56270,0.019248,0.014780,0.107591
56280,0.008352,0.006144,0.094216
56290,0.027990,0.021272,0.127994
56300,0.021676,0.016398,0.099802
56310,0.018817,0.014089,0.071297
56320,0.020246,0.015476,0.104267
56330,0.008537,0.006167,0.074447
56340,0.034385,0.026438,0.146796
56350,0.001229,0.000822,0.009436
56360,0.033275,0.025218,0.148785
56370,0.005409,0.003743,0.069681
56380,0.010892,0.008318,0.067453
56390,0.003092,0.002217,0.015886
56400,0.030656,0.023390,0.133199
56410,0.023623,0.017720,0.132029
56420,0.022621,0.017396,0.109833
56430,0.010954,0.007962,0.082370
56440,0.012216,0.008889,0.086255
56450,0.024821,0.018664,0.121702
56460,0.005706,0.004099,0.072903
56470,0.022181,0.016728,0.105264
56480,0.042455,0.031981,0.165147
56490,0.023938,0.017844,0.137693
56500,0.018918,0.014568,0.085895
56510,0.014757,0.011140,0.101858
56520,0.010862,0.008016,0.089516
56530,0.016635,0.012733,0.081324
56540,0.004476,0.003386,0.031832
56550,0.021787,0.016525,0.094789
56560,0.028797,0.022161,0.129285
56570,0.019004,0.014065,0.125939
56580,0.022103,0.016862,0.117720
56590,0.041592,0.031620,0.162562
56600,0.024846,0.018816,0.106936
56610,0.011618,0.008759,0.090615
56620,0.027773,0.021351,0.121296
56630,0.022265,0.016634,0.123691
56640,0.008918,0.006441,0.088457
56650,0.025319,0.019093,0.138933
56660,0.020055,0.015119,0.085129
56670,0.032338,0.024481,0.122400
56680,0.032768,0.024849,0.143984
56690,0.034673,0.026396,0.143998
56700,0.023558,0.018054,0.108238
56710,0.020855,0.015398,0.118030
56720,0.029419,0.022668,0.123231
56730,0.027434,0.021028,0.117778
56740,0.022016,0.016878,0.124955
56750,0.041539,0.031177,0.161468
56760,0.034480,0.026348,0.148165
56770,0.019224,0.014492,0.111170
56780,0.048253,0.036880,0.173059
56790,0.031231,0.023583,0.139984
56800,0.014509,0.010994,0.095005
56810,0.024231,0.018534,0.116029
56820,0.029178,0.022027,0.136780
56830,0.001266,0.000982,0.073885
56840,0.014456,0.011132,0.065726
56850,0.018944,0.014613,0.102880
56860,0.026572,0.020096,0.122071
56870,0.027550,0.020686,0.121997
56880,0.002037,0.001458,0.069958
56890,0.018284,0.013685,0.109202
56900,0.023135,0.017388,0.115730
56910,0.004177,0.003211,0.095917
56920,0.017054,0.013143,0.102178
56930,0.037814,0.028658,0.150227
56940,0.017909,0.013466,0.108398
56950,0.019479,0.014874,0.084587
56960,0.010842,0.008436,0.092427
56970,0.013592,0.010310,0.064205
56980,0.018891,0.014287,0.098189
56990,0.020008,0.015005,0.105646
57000,0.006461,0.004848,0.055278
57010,0.024822,0.019035,0.129858
57020,0.008701,0.006392,0.106289
57030,0.015201,0.011278,0.105507
57040,0.010816,0.008020,0.091553
57050,0.028048,0.021524,0.130979
57060,0.004086,0.003183,0.076825
57070,0.032335,0.024417,0.141620
57080,0.019325,0.014600,0.105272
57090,0.024672,0.018643,0.098902
57100,0.024219,0.018508,0.118011
57110,0.021652,0.016452,0.103497
57120,0.030239,0.022586,0.149605
57130,0.023965,0.017863,0.117284
57140,0.021326,0.016116,0.114190
57150,0.003518,0.002755,0.021720
57160,0.006462,0.005221,0.027498
57170,0.008241,0.006440,0.066295
57180,0.021193,0.015988,0.124277
57190,0.032599,0.024878,0.131814
57200,0.029576,0.022713,0.119319
57210,0.028939,0.022039,0.117668
57220,0.017540,0.013104,0.099513
57230,0.027789,0.021024,0.124525
57240,0.033461,0.025548,0.144305
57250,0.011868,0.008916,0.085825
57260,0.025926,0.019522,0.127996
57270,0.004602,0.003041,0.089563
57280,0.028022,0.021117,0.148550
57290,0.005986,0.004449,0.037449
57300,0.022433,0.016946,0.127335
57310,0.032675,0.024586,0.138706
57320,0.018616,0.013978,0.102866
57330,0.006762,0.005119,0.040935
57340,0.016696,0.012277,0.080200
57350,0.020796,0.015868,0.114605
57360,0.037263,0.027975,0.158437
57370,0.018773,0.014183,0.100322
57380,0.032630,0.024887,0.138630
57390,0.047446,0.035772,0.176818
57400,0.011866,0.009051,0.105706
57410,0.031519,0.023813,0.141056
57420,0.029546,0.022781,0.132867
57430,0.008513,0.006507,0.082213
57440,0.019062,0.014082,0.111368
57450,0.017173,0.013074,0.101708
57460,0.020967,0.015871,0.103802
57470,0.022381,0.016823,0.103544
57480,0.030214,0.023075,0.132915
57490,0.013038,0.009607,0.098475
57500,0.023926,0.017659,0.132263
57510,0.025657,0.019583,0.123828
57520,0.017079,0.012774,0.109330
57530,0.032530,0.024407,0.144294
57540,0.007529,0.005538,0.071420
57550,0.010194,0.007409,0.091616
57560,0.024615,0.018646,0.096713
57570,0.023054,0.017423,0.114344
57580,0.004489,0.003368,0.037831
57590,0.015170,0.011391,0.097078
57600,0.021738,0.016637,0.110370
57610,0.001775,0.001245,0.064958
57620,0.017571,0.013231,0.104931
57630,0.021606,0.016303,0.119662
57640,0.037047,0.028884,0.148966
57650,0.011652,0.008611,0.095834
57660,0.025969,0.020528,0.136270
57670,0.035013,0.026794,0.140588
57680,0.014588,0.010860,0.100876
57690,0.035629,0.027179,0.150778
57700,0.011175,0.007943,0.120254
57710,0.033532,0.025650,0.146203
57720,0.024011,0.017825,0.120011
57730,0.023340,0.018016,0.128371
57740,0.006220,0.004476,0.088071
57750,0.020501,0.015422,0.094091
57760,0.014153,0.011004,0.090663
57770,0.015303,0.011658,0.078043
57780,0.002228,0.001656,0.065659
57790,0.010975,0.007935,0.092365
57800,0.021509,0.016496,0.086787
57810,0.022681,0.017344,0.109390
57820,0.015343,0.011726,0.106869
57830,0.005099,0.003685,0.037237
57840,0.012151,0.009043,0.092055
57850,0.026681,0.020660,0.122705
57860,0.029023,0.023064,0.117992
57870,0.026933,0.020837,0.134877
57880,0.030929,0.023495,0.141831
57890,0.018753,0.014226,0.099531
57900,0.021590,0.016487,0.109755
57910,0.000371,0.000251,0.077819
57920,0.000007,0.000011,0.000031
57930,0.023601,0.017712,0.120761
57940,0.008651,0.006376,0.098375
57950,0.017191,0.012801,0.099209
57960,0.034605,0.026051,0.145348
57970,0.005245,0.004078,0.028169
57980,0.034597,0.026297,0.150951
57990,0.025465,0.019433,0.117543
58000,0.012462,0.009126,0.102600
58010,0.021036,0.016125,0.097788
58020,0.019246,0.014532,0.104888
58030,0.025032,0.019138,0.102686
58040,0.023186,0.017407,0.111396
58050,0.024129,0.018482,0.110525
58060,0.023571,0.017622,0.113396
58070,0.019369,0.014519,0.119529
58080,0.010927,0.008015,0.090780
58090,0.007803,0.006511,0.099890
58100,0.025990,0.019566,0.130664
58110,0.030802,0.023780,0.147388
58120,0.046235,0.036295,0.172855
58130,0.024448,0.018551,0.112415
58140,0.023987,0.018221,0.088020
58150,0.021788,0.016468,0.114313
58160,0.027803,0.021174,0.138712
58170,0.017077,0.012753,0.096996
58180,0.018184,0.013806,0.106540
58190,0.010858,0.008089,0.082197
58200,0.021628,0.016636,0.110412
58210,0.009164,0.007800,0.086348
58220,0.026537,0.019917,0.125372
58230,0.015781,0.012191,0.079330
58240,0.002788,0.001819,0.041054
58250,0.015110,0.011377,0.079365
58260,0.027626,0.021123,0.127921
58270,0.012470,0.009281,0.083662
58280,0.023925,0.018186,0.099118
58290,0.001805,0.001246,0.050274
58300,0.026522,0.019760,0.135324
58310,0.043744,0.033097,0.156520
58320,0.020600,0.015643,0.120287
58330,0.024543,0.018305,0.123125
58340,0.020270,0.014804,0.110460
58350,0.017885,0.013422,0.079315
58360,0.020021,0.015312,0.108988
58370,0.017708,0.013366,0.107661
58380,0.014493,0.011064,0.113649
58390,0.040147,0.056404,0.197436
58400,0.014665,0.011212,0.088937
58410,0.017005,0.012944,0.096251
58420,0.028393,0.021699,0.131939
58430,0.003246,0.002273,0.061190
58440,0.034447,0.026513,0.139296
58450,0.000560,0.000359,0.066456
58460,0.000625,0.000378,0.061957
58470,0.006458,0.004897,0.079433
58480,0.019686,0.014583,0.104754
58490,0.016378,0.012510,0.098060
58500,0.018114,0.013653,0.101201
58510,0.015995,0.012038,0.093995
58520,0.023911,0.017921,0.123497
58530,0.019271,0.014233,0.120919
58540,0.014893,0.011248,0.113779
58550,0.010473,0.007838,0.086390
58560,0.020451,0.015424,0.109304
58570,0.018554,0.013997,0.099009
58580,0.017260,0.013062,0.102123
58590,0.013131,0.009987,0.074468
58600,0.012106,0.009079,0.076256
58610,0.017712,0.013337,0.110960
58620,0.000297,0.000198,0.130829
58630,0.035963,0.027482,0.146127
58640,0.024619,0.018874,0.105730
58650,0.022309,0.017235,0.115323
58660,0.012453,0.009183,0.105832
58670,0.055313,0.042255,0.198898
58680,0.026472,0.020193,0.124309
58690,0.028315,0.021825,0.139566
58700,0.058403,0.044643,0.203028
58710,0.028120,0.020958,0.135253
58720,0.037331,0.028466,0.149971
58730,0.009784,0.007323,0.077808
58740,0.000146,0.000231,0.113555
58750,0.030154,0.022559,0.137324
58760,0.012014,0.008365,0.096963
58770,0.027992,0.021453,0.124922
58780,0.025767,0.019524,0.117289
58790,0.018824,0.014169,0.099886
58800,0.019356,0.014700,0.107692
58810,0.013207,0.009777,0.097374
58820,0.001452,0.001006,0.097214
58830,0.009079,0.006812,0.081354
58840,0.003842,0.002866,0.071997
58850,0.025194,0.019367,0.118142
58860,0.001246,0.000979,0.008398
58870,0.025788,0.019551,0.114737
58880,0.012701,0.009607,0.089055
58890,0.018443,0.014105,0.095125
58900,0.019797,0.014924,0.104987
58910,0.020210,0.015431,0.108440
58920,0.010945,0.008215,0.060572
58930,0.015470,0.011386,0.103787
58940,0.020967,0.016121,0.095498
58950,0.025386,0.018941,0.135925
58960,0.010920,0.008229,0.086560
58970,0.026273,0.020032,0.131234
58980,0.032998,0.024709,0.137336
58990,0.011075,0.007733,0.092379
59000,0.022704,0.017108,0.108428
59010,0.003207,0.002462,0.038755
59020,0.009958,0.007584,0.080052
59030,0.023069,0.017485,0.124696
59040,0.019406,0.014634,0.104065
59050,0.015957,0.012140,0.098597
59060,0.023540,0.017212,0.123346
59070,0.010749,0.008136,0.057616
59080,0.018449,0.014153,0.103287
59090,0.006297,0.004446,0.084359
59100,0.019013,0.014476,0.097827
59110,0.015321,0.011647,0.064870
59120,0.008982,0.006829,0.090402
59130,0.007461,0.005757,0.062653
59140,0.012570,0.009449,0.091805
59150,0.016541,0.012230,0.107145
59160,0.005894,0.004395,0.075035
59170,0.010810,0.007943,0.097240
59180,0.018342,0.013720,0.102522
59190,0.013396,0.010151,0.092354
59200,0.029126,0.022074,0.143934
59210,0.030077,0.022877,0.128036
59220,0.014148,0.010772,0.100026
59230,0.031496,0.024074,0.136518
59240,0.010199,0.007618,0.108238
59250,0.015583,0.011888,0.090012
59260,0.002849,0.002211,0.023926
59270,0.013373,0.010117,0.071669
59280,0.016748,0.012803,0.100948
59290,0.022487,0.017071,0.116675
59300,0.024072,0.018099,0.113440
59310,0.008624,0.006515,0.054244
59320,0.022449,0.017160,0.097511
59330,0.022756,0.017422,0.115287
59340,0.014844,0.011163,0.100539
59350,0.027886,0.021444,0.115479
59360,0.014404,0.010957,0.090173
59370,0.000577,0.000462,0.004452
59380,0.008047,0.006174,0.076799
59390,0.021220,0.015766,0.110388
59400,0.011293,0.008561,0.077401
59410,0.021470,0.016289,0.111300
59420,0.038695,0.029250,0.161859
59430,0.021098,0.015936,0.110706
59440,0.016714,0.012848,0.066315
59450,0.015867,0.011453,0.107008
59460,0.025714,0.020395,0.125770
59470,0.035326,0.027012,0.142484
59480,0.022642,0.016952,0.119152
59490,0.017095,0.012943,0.101977
59500,0.009643,0.007187,0.053786
59510,0.034721,0.026957,0.150771
59520,0.011798,0.008423,0.088256
59530,0.020665,0.015581,0.096226
59540,0.019499,0.014645,0.112255
59550,0.034552,0.026349,0.136868
59560,0.033609,0.025704,0.145678
59570,0.017286,0.012976,0.101943
59580,0.038944,0.029766,0.158010
59590,0.016585,0.012568,0.107495
59600,0.013520,0.010114,0.111937
59610,0.020016,0.015191,0.107043
59620,0.015336,0.011595,0.099069
59630,0.000723,0.000771,0.218994
59640,0.020877,0.015731,0.096403
59650,0.018638,0.014097,0.095012
59660,0.022105,0.016478,0.115690
59670,0.011865,0.008465,0.088096
59680,0.019760,0.015061,0.109785
59690,0.065562,0.050491,0.222697
59700,0.031204,0.024002,0.132945
59710,0.025715,0.019519,0.118913
59720,0.004028,0.002768,0.071053
59730,0.021075,0.015811,0.104667
59740,0.028118,0.021461,0.129196
59750,0.022620,0.017057,0.123806
59760,0.017318,0.013325,0.109028
59770,0.027292,0.020698,0.129595
59780,0.020648,0.015615,0.106749
59790,0.017937,0.013140,0.112536
59800,0.018643,0.014088,0.104296
59810,0.016504,0.012289,0.084262
59820,0.021323,0.016114,0.108902
59830,0.037221,0.028216,0.145278
59840,0.025526,0.019377,0.134229
59850,0.020264,0.015191,0.125505
59860,0.000509,0.000392,0.041957
59870,0.029120,0.022173,0.128231
59880,0.021586,0.016151,0.106665
59890,0.010424,0.008038,0.051298
59900,0.018218,0.013602,0.113500
59910,0.028676,0.022576,0.119091
59920,0.001335,0.001142,0.125681
59930,0.027828,0.021447,0.130196
59940,0.014541,0.010973,0.108218
59950,0.019317,0.014796,0.107456
59960,0.035560,0.026875,0.145881
59970,0.030113,0.022837,0.130595
59980,0.035132,0.026660,0.141075
59990,0.024604,0.018989,0.116742
60000,0.022151,0.016584,0.120311
60010,0.013857,0.009909,0.107683
60020,0.042176,0.032364,0.150709
60030,0.006172,0.004462,0.072243
60040,0.027206,0.020898,0.123577
60050,0.005144,0.003541,0.065204
60060,0.014791,0.011691,0.075397
60070,0.009520,0.007251,0.053270
60080,0.011490,0.008838,0.066376
60090,0.012639,0.009444,0.098247
60100,0.017206,0.013158,0.114529
60110,0.017902,0.013482,0.119818
60120,0.024177,0.018660,0.106266
60130,0.020800,0.015997,0.105738
60140,0.021170,0.015939,0.116436
60150,0.009740,0.007310,0.076641
60160,0.034461,0.026402,0.147446
60170,0.028491,0.021792,0.123952
60180,0.014595,0.011033,0.117283
60190,0.021718,0.016451,0.115471
60200,0.017378,0.013145,0.103994
60210,0.017069,0.013289,0.087862
60220,0.007329,0.005629,0.056556
60230,0.010125,0.007517,0.100324
60240,0.027678,0.020971,0.127287
60250,0.034101,0.026323,0.139132
60260,0.009335,0.006875,0.087927
60270,0.025302,0.019112,0.116221
60280,0.012136,0.009371,0.079733
60290,0.029406,0.022134,0.144476
60300,0.026858,0.020298,0.110065
60310,0.031881,0.024065,0.145052
60320,0.024858,0.019190,0.114760
60330,0.020515,0.015580,0.100241
60340,0.020128,0.014942,0.128244
60350,0.032251,0.024322,0.128117
60360,0.019123,0.014237,0.101212
60370,0.019350,0.014781,0.094762
60380,0.012360,0.009115,0.088786
60390,0.032293,0.024796,0.137295
60400,0.019218,0.014426,0.110205
60410,0.008496,0.006286,0.070600
60420,0.025405,0.019447,0.118211
60430,0.022792,0.017551,0.115143
60440,0.034765,0.026432,0.140091
60450,0.006700,0.004517,0.038760
60460,0.024285,0.018634,0.104268
60470,0.018994,0.014579,0.127867
60480,0.019692,0.015087,0.103683
60490,0.041770,0.031098,0.150348
60500,0.008135,0.005890,0.095282
60510,0.010230,0.007465,0.101071
60520,0.035075,0.026925,0.139825
60530,0.019933,0.015304,0.080244
60540,0.040326,0.030595,0.156021
60550,0.032235,0.024511,0.133046
60560,0.017802,0.013377,0.100387
60570,0.030167,0.022745,0.130728
60580,0.022841,0.016901,0.119397
60590,0.033216,0.025268,0.136719
60600,0.002934,0.002190,0.070088
60610,0.010932,0.008208,0.059027
60620,0.015485,0.012020,0.090702
60630,0.007747,0.005519,0.076736
60640,0.019106,0.014482,0.107044
60650,0.013292,0.010155,0.078507
60660,0.021129,0.015758,0.111450
60670,0.016406,0.012573,0.078224
60680,0.024779,0.017534,0.145932
60690,0.018316,0.013704,0.105335
60700,0.018590,0.014311,0.104177
60710,0.018544,0.014075,0.096961
60720,0.015737,0.012036,0.103238
60730,0.001377,0.000850,0.062988
60740,0.037687,0.028694,0.158861
60750,0.012437,0.009589,0.092020
60760,0.031051,0.024017,0.127409
60770,0.021404,0.016194,0.107928
60780,0.017827,0.013532,0.093413
60790,0.019409,0.014449,0.113115
60800,0.003927,0.002701,0.107916
60810,0.014863,0.011532,0.089285
60820,0.017075,0.013267,0.093556
60830,0.033360,0.025602,0.143975
60840,0.030807,0.023512,0.149269
60850,0.006447,0.004877,0.042601
60860,0.022225,0.016067,0.143104
60870,0.000345,0.000199,0.179379
60880,0.000032,0.000048,0.000120
60890,0.035486,0.027113,0.145917
60900,0.033406,0.025329,0.133080
60910,0.033825,0.025749,0.134330
60920,0.031605,0.023801,0.146326
60930,0.022705,0.017074,0.127048
60940,0.012979,0.009520,0.102984
60950,0.024573,0.018593,0.128828
60960,0.007063,0.005228,0.065998
60970,0.021281,0.015981,0.138315
60980,0.003296,0.002592,0.023370
60990,0.005705,0.004435,0.072832
61000,0.048403,0.036738,0.181332
61010,0.026037,0.019899,0.125074
61020,0.026981,0.020383,0.136975
61030,0.004305,0.003074,0.081756
61040,0.006514,0.004558,0.088748
61050,0.021522,0.016357,0.094873
61060,0.037192,0.028012,0.150651
61070,0.016545,0.012338,0.115003
61080,0.019693,0.014965,0.104256
61090,0.016960,0.013039,0.076688
61100,0.024546,0.018632,0.133745
61110,0.007641,0.005992,0.060349
61120,0.007739,0.005741,0.068429
61130,0.038528,0.029305,0.159110
61140,0.001741,0.001200,0.071181
61150,0.009799,0.007476,0.081277
61160,0.010641,0.008013,0.083362
61170,0.024885,0.018828,0.126462
61180,0.023967,0.018631,0.110221
61190,0.004393,0.003303,0.027776
61200,0.018027,0.013752,0.086662
61210,0.016142,0.012079,0.109413
61220,0.023546,0.017888,0.119860
61230,0.010423,0.007863,0.054985
61240,0.019357,0.014618,0.118578
61250,0.008535,0.006556,0.046329
61260,0.013653,0.010785,0.093324
61270,0.018127,0.013558,0.105306
61280,0.019711,0.015210,0.107342
61290,0.012393,0.009310,0.075140
61300,0.014704,0.010847,0.099088
61310,0.003994,0.002643,0.081366
61320,0.031556,0.024019,0.137233
61330,0.014410,0.010394,0.101579
61340,0.013580,0.010307,0.082699
61350,0.016297,0.012253,0.082678
61360,0.015663,0.011848,0.092969
61370,0.009260,0.006809,0.079507
61380,0.011656,0.008878,0.060997
61390,0.013772,0.010299,0.075872
61400,0.033703,0.025668,0.147788
61410,0.015157,0.011295,0.109700
61420,0.015743,0.011937,0.082906
61430,0.004356,0.003134,0.087292
61440,0.026473,0.019978,0.117912
61450,0.029621,0.022577,0.136250
61460,0.018966,0.013929,0.111097
61470,0.026282,0.019836,0.130395
61480,0.033885,0.026166,0.143641
61490,0.039057,0.029688,0.144596
61500,0.018370,0.014029,0.080361
61510,0.021325,0.016433,0.098242
61520,0.014345,0.010710,0.101976
61530,0.029356,0.022937,0.135729
61540,0.026648,0.020324,0.121351
61550,0.020579,0.015334,0.112187
61560,0.016722,0.013057,0.082550
61570,0.035240,0.026963,0.145673
61580,0.012432,0.009201,0.086879
61590,0.008733,0.006161,0.097578
61600,0.011686,0.008545,0.092745
61610,0.025706,0.019902,0.100063
61620,0.024484,0.018365,0.144377
61630,0.012638,0.009281,0.095047
61640,0.034141,0.026194,0.139474
61650,0.017037,0.012880,0.091600
61660,0.005579,0.004282,0.054379
61670,0.000000,0.000000,0.000001
61680,0.005250,0.003987,0.043517
61690,0.023746,0.017998,0.115816
61700,0.030217,0.022829,0.133814
61710,0.022666,0.016960,0.124832
61720,0.025450,0.019575,0.117630
61730,0.013210,0.009893,0.089827
61740,0.022192,0.016875,0.105233
61750,0.027597,0.021243,0.127587
61760,0.040837,0.030900,0.146664
61770,0.011841,0.009255,0.088511
61780,0.025283,0.019294,0.118424
61790,0.025114,0.019526,0.126373
61800,0.032171,0.024122,0.153236
61810,0.028113,0.021423,0.129663
61820,0.020299,0.015674,0.112769
61830,0.031335,0.024595,0.141151
61840,0.021428,0.016490,0.113029
61850,0.011741,0.008865,0.060951
61860,0.033793,0.025554,0.147126
61870,0.017745,0.013465,0.098436
61880,0.012773,0.009667,0.072964
61890,0.014899,0.011037,0.091616
61900,0.009455,0.007022,0.101619
61910,0.024898,0.018785,0.125820
61920,0.025145,0.019096,0.111405
61930,0.017645,0.013278,0.101651
61940,0.012146,0.008854,0.090448
61950,0.025264,0.019485,0.104464
61960,0.023705,0.017944,0.105876
61970,0.025812,0.019794,0.120673
61980,0.033661,0.025519,0.150969
61990,0.012090,0.009562,0.074233
62000,0.022299,0.016813,0.122691
62010,0.034575,0.026276,0.142955
62020,0.013141,0.009807,0.076761
62030,0.010075,0.007806,0.081142
62040,0.024778,0.018693,0.121370
62050,0.004117,0.003060,0.077763
62060,0.002754,0.001869,0.131727
62070,0.017703,0.013422,0.102594
62080,0.014765,0.011157,0.079570
62090,0.020382,0.015523,0.115617
62100,0.010601,0.008031,0.076345
62110,0.031240,0.023859,0.128970
62120,0.013688,0.010136,0.097013
62130,0.002279,0.001680,0.016255
62140,0.024475,0.018861,0.108341
62150,0.011214,0.008345,0.087828
62160,0.019585,0.014871,0.107315
62170,0.026178,0.019657,0.130172
62180,0.018435,0.013604,0.110394
62190,0.016907,0.012881,0.096688
62200,0.022229,0.017033,0.102925
62210,0.018195,0.013965,0.081060
62220,0.003942,0.002373,0.299646
62230,0.042155,0.032178,0.154585
62240,0.012622,0.009182,0.097787
62250,0.023699,0.018020,0.118075
62260,0.015081,0.011310,0.093232
62270,0.018636,0.014281,0.107442
62280,0.037765,0.028487,0.149219
62290,0.048568,0.036697,0.175767
62300,0.013292,0.010110,0.073302
62310,0.008091,0.005975,0.095747
62320,0.014810,0.011410,0.099063
62330,0.026730,0.020361,0.125667
62340,0.019382,0.015833,0.091585
62350,0.016407,0.012387,0.083872
62360,0.006205,0.004689,0.084608
62370,0.003902,0.002640,0.096949
62380,0.019255,0.014547,0.113347
62390,0.011943,0.008796,0.081892
62400,0.026814,0.020425,0.130286
62410,0.036845,0.028138,0.149697
62420,0.023556,0.017573,0.120664
62430,0.023769,0.018374,0.117450
62440,0.026716,0.020332,0.129462
62450,0.009160,0.007109,0.067487
62460,0.031498,0.024300,0.135644
62470,0.011897,0.008979,0.069427
62480,0.029981,0.023045,0.134350
62490,0.012448,0.009079,0.106420
62500,0.026656,0.020181,0.128991
62510,0.011167,0.008424,0.097213
62520,0.024487,0.018542,0.103589
62530,0.009584,0.007250,0.051868
62540,0.004679,0.002823,0.201891
62550,0.032296,0.024783,0.136529
62560,0.012513,0.009276,0.101441
62570,0.021129,0.015950,0.133112
62580,0.023000,0.017362,0.100137
62590,0.014495,0.010889,0.088477
62600,0.016994,0.013002,0.086629
62610,0.029552,0.021937,0.132889
62620,0.002273,0.001645,0.015346
62630,0.015403,0.011773,0.115060
62640,0.000925,0.000695,0.050934
62650,0.029602,0.021961,0.145767
62660,0.003475,0.002653,0.029870
62670,0.034428,0.026687,0.137613
62680,0.031524,0.024018,0.141067
62690,0.050406,0.038137,0.190966
62700,0.010915,0.008143,0.087100
62710,0.010765,0.008206,0.049837
62720,0.008491,0.006395,0.073333
62730,0.033732,0.025537,0.148231
62740,0.006569,0.004548,0.068192
62750,0.008327,0.006114,0.073667
62760,0.016509,0.012682,0.085015
62770,0.018129,0.013501,0.112082
62780,0.036459,0.027740,0.149128
62790,0.025409,0.018997,0.120323
62800,0.010409,0.007961,0.054324
62810,0.017397,0.012979,0.092496
62820,0.014341,0.010755,0.099245
62830,0.026709,0.020309,0.128193
62840,0.039661,0.030242,0.168627
62850,0.016811,0.012702,0.095849
62860,0.025084,0.019118,0.123947
62870,0.017517,0.013345,0.098104
62880,0.007684,0.005490,0.087173
62890,0.036610,0.027644,0.165712
62900,0.009245,0.006734,0.084242
62910,0.015383,0.011518,0.084944
62920,0.025786,0.019721,0.125569
62930,0.013571,0.010408,0.075967
62940,0.011540,0.008655,0.085470
62950,0.002804,0.002146,0.023069
62960,0.022671,0.017071,0.114054
62970,0.034143,0.025726,0.148350
62980,0.040873,0.031210,0.156297
62990,0.026996,0.020346,0.126433
63000,0.014807,0.011242,0.087608
63010,0.038723,0.029201,0.153337
63020,0.037033,0.028283,0.157057
63030,0.018761,0.014202,0.123539
63040,0.011275,0.008566,0.057478
63050,0.026268,0.020194,0.099635
63060,0.032803,0.025197,0.141116
63070,0.016613,0.012577,0.087384
63080,0.045323,0.034202,0.173421
63090,0.022558,0.017222,0.104693
63100,0.035432,0.026588,0.132932
63110,0.028009,0.021243,0.129834
63120,0.016298,0.012527,0.096543
63130,0.014146,0.010683,0.094485
63140,0.005611,0.004162,0.058097
63150,0.023356,0.017909,0.126070
63160,0.019984,0.016939,0.096117
63170,0.001545,0.001052,0.110904
63180,0.017565,0.013306,0.100481
63190,0.024748,0.018777,0.121073
63200,0.026042,0.019900,0.121246
63210,0.015934,0.012122,0.094173
63220,0.013398,0.010019,0.094948
63230,0.023262,0.017462,0.102640
63240,0.031761,0.024084,0.132148
63250,0.012897,0.009793,0.098583
63260,0.021641,0.016200,0.129240
63270,0.023427,0.018055,0.111310
63280,0.023212,0.017762,0.105497
63290,0.013852,0.011142,0.108776
63300,0.014703,0.011457,0.097982
63310,0.013206,0.009767,0.112107
63320,0.039525,0.030096,0.148356
63330,0.024722,0.018981,0.120659
63340,0.010381,0.007394,0.082589
63350,0.009712,0.007209,0.084107
63360,0.027123,0.020902,0.119446
63370,0.008200,0.006207,0.071247
63380,0.008378,0.005919,0.070850
63390,0.036214,0.027709,0.153883
63400,0.022372,0.016836,0.117539
63410,0.032041,0.024580,0.129063
63420,0.028976,0.021949,0.115928
63430,0.029631,0.022828,0.114387
63440,0.005487,0.003859,0.060765
63450,0.030446,0.023427,0.141267
63460,0.011892,0.008750,0.087283
63470,0.026300,0.020012,0.111148
63480,0.004289,0.002956,0.120680
63490,0.007129,0.005098,0.087065
63500,0.019001,0.014493,0.101295
63510,0.017065,0.012867,0.104450
63520,0.021357,0.016166,0.113408
63530,0.027168,0.021115,0.119907
63540,0.014638,0.011300,0.073398
63550,0.036573,0.028246,0.147861
63560,0.019573,0.015391,0.109800
63570,0.011959,0.008933,0.091330
63580,0.019095,0.016067,0.110421
63590,0.025504,0.018653,0.104968
63600,0.010878,0.008060,0.085835
63610,0.019940,0.015079,0.105099
63620,0.025159,0.019133,0.127121
63630,0.001557,0.001236,0.148672
63640,0.011825,0.008986,0.083054
63650,0.023778,0.018028,0.124122
63660,0.012178,0.009187,0.091833
63670,0.023548,0.017854,0.126906
63680,0.030293,0.023426,0.132501
63690,0.029131,0.022010,0.128709
63700,0.012668,0.009374,0.086827
63710,0.019660,0.014664,0.105352
63720,0.024129,0.018317,0.112004
63730,0.007281,0.005196,0.081336
63740,0.025045,0.019191,0.123524
63750,0.004077,0.003083,0.031845
63760,0.019706,0.015211,0.110233
63770,0.022573,0.017192,0.113620
63780,0.027364,0.021031,0.130079
63790,0.033507,0.025642,0.129839
63800,0.019969,0.015367,0.106926
63810,0.030553,0.023097,0.138379
63820,0.021137,0.016265,0.096569
63830,0.019843,0.015360,0.085239
63840,0.029926,0.022708,0.123619
63850,0.032460,0.024785,0.133253
63860,0.018896,0.014729,0.105790
63870,0.032272,0.024879,0.133584
63880,0.023109,0.017538,0.113451
63890,0.014636,0.010923,0.088933
63900,0.037156,0.028395,0.150992
63910,0.021045,0.015470,0.142483
63920,0.018545,0.013369,0.099020
63930,0.042488,0.031967,0.165887
63940,0.024027,0.018051,0.124059
63950,0.030759,0.023460,0.129410
63960,0.027756,0.021337,0.117331
63970,0.024514,0.018319,0.124297
63980,0.009339,0.006442,0.102019
63990,0.024284,0.018432,0.116284
64000,0.019630,0.014986,0.113222
64010,0.030257,0.023259,0.136158
64020,0.016459,0.012430,0.107644
64030,0.021136,0.016238,0.106451
64040,0.036761,0.027933,0.155092
64050,0.025742,0.019179,0.114075
64060,0.018394,0.013905,0.110126
64070,0.018870,0.014437,0.107760
64080,0.019582,0.015042,0.112350
64090,0.015513,0.011562,0.108975
64100,0.009528,0.007970,0.049932
64110,0.043619,0.033334,0.150070
64120,0.032030,0.024260,0.139433
64130,0.016631,0.012612,0.082387
64140,0.030991,0.023199,0.133479
64150,0.018992,0.014242,0.117831
64160,0.017839,0.013470,0.095892
64170,0.013735,0.010056,0.098503
64180,0.013609,0.010325,0.083323
64190,0.016947,0.012787,0.110452
64200,0.022595,0.017055,0.116056
64210,0.004484,0.003177,0.075092
64220,0.010991,0.008222,0.067765
64230,0.032230,0.024979,0.135007
64240,0.011268,0.008477,0.076532
64250,0.012883,0.009762,0.057676
64260,0.021516,0.016665,0.107391
64270,0.019162,0.014709,0.085904
64280,0.018900,0.014596,0.111961
64290,0.031842,0.024356,0.130903
64300,0.022300,0.016524,0.101624
64310,0.028747,0.021496,0.132599
64320,0.033495,0.025185,0.144020
64330,0.009638,0.006092,0.079377
64340,0.008461,0.006254,0.085962
64350,0.022972,0.017497,0.112715
64360,0.010548,0.007776,0.059660
64370,0.032997,0.025334,0.142217
64380,0.019539,0.014892,0.101893
64390,0.008469,0.006259,0.043632
64400,0.021525,0.016121,0.115598
64410,0.016000,0.012045,0.069628
64420,0.017801,0.013741,0.079503
64430,0.003305,0.002162,0.075127
64440,0.009537,0.007162,0.079913
64450,0.013132,0.009833,0.071494
64460,0.025368,0.020325,0.107426
64470,0.027850,0.021263,0.111223
64480,0.009434,0.007208,0.053822
64490,0.009111,0.006564,0.086625
64500,0.035788,0.027267,0.153412
64510,0.015266,0.012099,0.116846
64520,0.018357,0.013671,0.106921
64530,0.008358,0.005763,0.084862
64540,0.025355,0.019280,0.121872
64550,0.016243,0.011975,0.119789
64560,0.014417,0.010715,0.096669
64570,0.020409,0.015561,0.115687
64580,0.028357,0.021419,0.141776
64590,0.012005,0.008831,0.082881
64600,0.001505,0.000880,0.079848
64610,0.009295,0.007054,0.056224
64620,0.021994,0.016783,0.112687
64630,0.019676,0.014547,0.091982
64640,0.009473,0.007195,0.045151
64650,0.010249,0.007537,0.085779
64660,0.017265,0.012789,0.104918
64670,0.004176,0.003002,0.081924
64680,0.003402,0.002787,0.055020
64690,0.033049,0.025019,0.138533
64700,0.029083,0.022333,0.129247
64710,0.014250,0.010612,0.097075
64720,0.017172,0.012389,0.109158
64730,0.013447,0.010269,0.086383
64740,0.011052,0.008274,0.087084
64750,0.028018,0.021531,0.124225
64760,0.033707,0.025772,0.130712
64770,0.019555,0.014704,0.117459
64780,0.012287,0.009467,0.086893
64790,0.018727,0.014234,0.099773
64800,0.014085,0.010492,0.076813
64810,0.019276,0.014606,0.108259
64820,0.011142,0.008381,0.088579
64830,0.018118,0.013536,0.102685
64840,0.037903,0.028479,0.125756
64850,0.024247,0.018397,0.115505
64860,0.008062,0.005802,0.073682
64870,0.011430,0.008437,0.096909
64880,0.041962,0.032348,0.159374
64890,0.028670,0.021683,0.137088
64900,0.017275,0.013123,0.074416
64910,0.033233,0.025464,0.139312
64920,0.020408,0.015152,0.137919
64930,0.010175,0.007377,0.089713
64940,0.020887,0.016045,0.104811
64950,0.035715,0.027459,0.146997
64960,0.023028,0.017449,0.114630
64970,0.005008,0.003633,0.060810
64980,0.037447,0.029794,0.147506
64990,0.036439,0.028196,0.147333
65000,0.014851,0.011227,0.095622
65010,0.026412,0.020760,0.133364
65020,0.023681,0.018141,0.116285
65030,0.063794,0.047382,0.213818
65040,0.025144,0.019041,0.116435
65050,0.031825,0.024132,0.140665
65060,0.022662,0.017242,0.109561
65070,0.028089,0.021622,0.119802
65080,0.020692,0.015557,0.112533
65090,0.009933,0.008681,0.084769
65100,0.023438,0.018282,0.126658
65110,0.014140,0.010365,0.099533
65120,0.019055,0.014436,0.121648
65130,0.017833,0.013579,0.098264
65140,0.025129,0.019208,0.110978
65150,0.009929,0.007376,0.075874
65160,0.013988,0.010552,0.103897
65170,0.019447,0.014702,0.111916
65180,0.029593,0.023545,0.144118
65190,0.030610,0.023288,0.105547
65200,0.020681,0.015863,0.124656
65210,0.030140,0.023990,0.145407
65220,0.013576,0.010219,0.094835
65230,0.022420,0.017187,0.121044
65240,0.029470,0.022924,0.118475
65250,0.026650,0.019835,0.129761
65260,0.016752,0.012415,0.109630
65270,0.013790,0.010709,0.095708
65280,0.016459,0.012268,0.092779
65290,0.012545,0.009441,0.065100
65300,0.020072,0.015061,0.107538
65310,0.020938,0.015772,0.111535
65320,0.024366,0.018570,0.119835
65330,0.004842,0.003577,0.066144
65340,0.003484,0.002494,0.020751
65350,0.016096,0.012528,0.076376
65360,0.036180,0.027474,0.146654
65370,0.006557,0.004863,0.067208
65380,0.018424,0.013931,0.109092
65390,0.025963,0.019658,0.134966
65400,0.040489,0.030522,0.158038
65410,0.016981,0.012649,0.103504
65420,0.019729,0.015217,0.096140
65430,0.036609,0.027762,0.154690
65440,0.023880,0.018099,0.113529
65450,0.019158,0.014236,0.106495
65460,0.005858,0.004178,0.101482
65470,0.011400,0.008700,0.087601
65480,0.013831,0.009982,0.103350
65490,0.012936,0.009587,0.078088
65500,0.008719,0.006393,0.074901
65510,0.024146,0.018188,0.122022
65520,0.016620,0.013245,0.095803
65530,0.017126,0.013116,0.095252
65540,0.026001,0.019920,0.123016
65550,0.044231,0.033334,0.158116
65560,0.003841,0.003296,0.032890
65570,0.020382,0.015829,0.111183
65580,0.016753,0.012281,0.112561
65590,0.014247,0.010475,0.093926
65600,0.016418,0.012039,0.121292
65610,0.027263,0.021051,0.124518
65620,0.017137,0.012633,0.104811
65630,0.028599,0.021903,0.109219
65640,0.015508,0.011739,0.098857
65650,0.011411,0.008422,0.094330
65660,0.031391,0.024261,0.144621
65670,0.014111,0.010549,0.102075
65680,0.004717,0.003476,0.078827
65690,0.014914,0.011672,0.085263
65700,0.008986,0.006615,0.078881
65710,0.036246,0.027630,0.148256
65720,0.026704,0.020390,0.135689
65730,0.007390,0.005688,0.060060
65740,0.011895,0.008947,0.085207
65750,0.018300,0.013857,0.098048
65760,0.029314,0.022034,0.127276
65770,0.017064,0.012972,0.082029
65780,0.002749,0.001851,0.050220
65790,0.013360,0.010153,0.095159
65800,0.027191,0.020313,0.137268
65810,0.014487,0.011252,0.082143
65820,0.013134,0.009858,0.085644
65830,0.049028,0.037458,0.174724
65840,0.014859,0.011162,0.108842
65850,0.033293,0.025507,0.145253
65860,0.012540,0.009345,0.078767
65870,0.010387,0.007863,0.050930
65880,0.018036,0.013777,0.086993
65890,0.003050,0.002254,0.024044
65900,0.002362,0.001570,0.067005
65910,0.029410,0.022518,0.136000
65920,0.024935,0.018848,0.113098
65930,0.041641,0.031674,0.158870
65940,0.013685,0.010647,0.056864
65950,0.014671,0.010901,0.095766
65960,0.036764,0.028057,0.136153
65970,0.011594,0.008784,0.064416
65980,0.024262,0.018326,0.112931
65990,0.044538,0.033602,0.169262
66000,0.002533,0.001739,0.078444
66010,0.014387,0.011061,0.078282
66020,0.008311,0.006473,0.049043
66030,0.011100,0.008152,0.085740
66040,0.003771,0.002495,0.091986
66050,0.022576,0.017044,0.100893
66060,0.013088,0.009787,0.093935
66070,0.033356,0.025733,0.124572
66080,0.007107,0.005272,0.063165
66090,0.021050,0.015981,0.106683
66100,0.022183,0.016859,0.111832
66110,0.010073,0.007643,0.079134
66120,0.022349,0.016607,0.114399
66130,0.021686,0.016324,0.106026
66140,0.020724,0.015627,0.097684
66150,0.009300,0.006831,0.076230
66160,0.033412,0.025378,0.144817
66170,0.000486,0.000400,0.045218
66180,0.029922,0.022244,0.140664
66190,0.032186,0.024755,0.122767
66200,0.041220,0.031516,0.169859
66210,0.012603,0.009263,0.063075
66220,0.022099,0.016860,0.109644
66230,0.009697,0.007266,0.091941
66240,0.024550,0.018409,0.119230
66250,0.016701,0.012713,0.095150
66260,0.024581,0.018114,0.125077
66270,0.013709,0.010357,0.104086
66280,0.018026,0.013565,0.096218
66290,0.036057,0.027636,0.130220
66300,0.028612,0.022060,0.125144
66310,0.028989,0.021997,0.122109
66320,0.018607,0.014156,0.083033
66330,0.015690,0.012217,0.082566
66340,0.016083,0.009970,0.111080
66350,0.016092,0.012291,0.084475
66360,0.009245,0.006862,0.066067
66370,0.007918,0.005853,0.077559
66380,0.010269,0.007752,0.104998
66390,0.023558,0.018048,0.099325
66400,0.015508,0.011783,0.096137
66410,0.000977,0.000717,0.038073
66420,0.021190,0.016447,0.114470
66430,0.014369,0.010707,0.078243
66440,0.009772,0.007181,0.081020
66450,0.022328,0.017050,0.098065
66460,0.022998,0.017683,0.110891
66470,0.010533,0.007988,0.079451
66480,0.012546,0.009554,0.086278
66490,0.030119,0.022616,0.131968
66500,0.029639,0.022437,0.128927
66510,0.011797,0.009070,0.086281
66520,0.008286,0.006369,0.111499
66530,0.001792,0.001330,0.049826
66540,0.006981,0.005073,0.076029
66550,0.017103,0.013250,0.088583
66560,0.022062,0.016731,0.111116
66570,0.031133,0.023019,0.138744
66580,0.030073,0.023136,0.132125
66590,0.017310,0.013253,0.065580
66600,0.043651,0.033179,0.164999
66610,0.046377,0.035042,0.192091
66620,0.025808,0.019445,0.132831
66630,0.030360,0.022946,0.122668
66640,0.045556,0.034799,0.178161
66650,0.043082,0.032523,0.167283
66660,0.031009,0.023796,0.134864
66670,0.013930,0.010385,0.080267
66680,0.025629,0.019885,0.104893
66690,0.028512,0.021487,0.114326
66700,0.018938,0.014272,0.100535
66710,0.020975,0.015903,0.105879
66720,0.016602,0.012650,0.105789
66730,0.020439,0.015606,0.105217
66740,0.031105,0.023333,0.137654
66750,0.030114,0.022759,0.145518
66760,0.010607,0.008126,0.068098
66770,0.011456,0.008955,0.079363
66780,0.013122,0.009977,0.100163
66790,0.012781,0.010041,0.099744
66800,0.034419,0.025656,0.147847
66810,0.011439,0.008402,0.087720
66820,0.017207,0.013020,0.099055
66830,0.019393,0.014353,0.113936
66840,0.013679,0.010242,0.091204
66850,0.022623,0.017470,0.127056
66860,0.026364,0.020139,0.110894
66870,0.012352,0.009415,0.098448
66880,0.013499,0.009878,0.086779
66890,0.020168,0.015358,0.114463
66900,0.029631,0.022309,0.133666
66910,0.052334,0.041437,0.186633
66920,0.021154,0.016065,0.089100
66930,0.022176,0.016742,0.123570
66940,0.020004,0.014857,0.072014
66950,0.018332,0.013900,0.103021
66960,0.025066,0.019028,0.116252
66970,0.026431,0.019937,0.134846
66980,0.026736,0.020475,0.116903
66990,0.013032,0.009914,0.073045
67000,0.018151,0.013708,0.098963
67010,0.012404,0.009568,0.093671
67020,0.014962,0.011511,0.098557
67030,0.011396,0.008402,0.087599
67040,0.031505,0.023890,0.134984
67050,0.016540,0.012697,0.101803
67060,0.015521,0.011702,0.074510
67070,0.032905,0.025167,0.129777
67080,0.012061,0.008959,0.097820
67090,0.015462,0.011572,0.097242
67100,0.011756,0.008861,0.079968
67110,0.018696,0.014266,0.080329
67120,0.013789,0.010107,0.098005
67130,0.020700,0.017346,0.118587
67140,0.026234,0.020127,0.115794
67150,0.020579,0.015709,0.088186
67160,0.008335,0.006034,0.070486
67170,0.024175,0.018411,0.108013
67180,0.020582,0.015591,0.106139
67190,0.019467,0.014637,0.111118
67200,0.003654,0.002597,0.068359
67210,0.019699,0.014922,0.111971
67220,0.036799,0.028176,0.143406
67230,0.029183,0.021908,0.138202
67240,0.032131,0.024565,0.136585
67250,0.023506,0.017757,0.100236
67260,0.010136,0.007998,0.045063
67270,0.008677,0.006464,0.071926
67280,0.018983,0.014221,0.100531
67290,0.010807,0.007684,0.079625
67300,0.022821,0.017288,0.107512
67310,0.027007,0.020682,0.123598
67320,0.039995,0.030284,0.166595
67330,0.006278,0.004668,0.056455
67340,0.014271,0.011023,0.079713
67350,0.014082,0.010540,0.087605
67360,0.008829,0.006448,0.079270
67370,0.028506,0.021513,0.131663
67380,0.032348,0.025409,0.144353
67390,0.036445,0.026796,0.151115
67400,0.012648,0.009154,0.078580
67410,0.023645,0.017979,0.107943
67420,0.023839,0.017946,0.119721
67430,0.001231,0.001095,0.057403
67440,0.013558,0.009717,0.104548
67450,0.016108,0.011767,0.097303
67460,0.003476,0.002426,0.063930
67470,0.031748,0.024419,0.146839
67480,0.023120,0.017771,0.095432
67490,0.018470,0.013986,0.106818
67500,0.017401,0.013127,0.099947
67510,0.012276,0.008913,0.108637
67520,0.010349,0.007719,0.088926
67530,0.011299,0.008407,0.093441
67540,0.014289,0.010566,0.096628
67550,0.019314,0.014510,0.113038
67560,0.008798,0.006674,0.060806
67570,0.063884,0.048372,0.207257
67580,0.002170,0.001634,0.046479
67590,0.014076,0.010791,0.087924
67600,0.021735,0.016477,0.115109
67610,0.004785,0.003781,0.090039
67620,0.025566,0.019390,0.119859
67630,0.023671,0.017822,0.120895
67640,0.026981,0.020581,0.130495
67650,0.031077,0.023519,0.133892
67660,0.009236,0.006689,0.083335
67670,0.023972,0.018203,0.117730
67680,0.018712,0.013915,0.112641
67690,0.017380,0.013377,0.099676
67700,0.011076,0.008464,0.101437
67710,0.022480,0.017077,0.120609
67720,0.014390,0.010908,0.089034
67730,0.002248,0.001712,0.070853
67740,0.028892,0.021909,0.134339
67750,0.035144,0.026895,0.136924
67760,0.020897,0.016169,0.093214
67770,0.013439,0.010951,0.077100
67780,0.018243,0.014147,0.100655
67790,0.027614,0.021082,0.123248
67800,0.015455,0.011683,0.089785
67810,0.020867,0.015878,0.113741
67820,0.029249,0.020707,0.135292
67830,0.028224,0.021554,0.127537
67840,0.016236,0.011989,0.102053
67850,0.035673,0.027254,0.157300
67860,0.009639,0.007134,0.092130
67870,0.021843,0.016495,0.116056
67880,0.011271,0.009058,0.064301
67890,0.021242,0.016037,0.114331
67900,0.020100,0.014838,0.133770
67910,0.009085,0.006710,0.070979
67920,0.017762,0.013657,0.108530
67930,0.027836,0.020807,0.123170
67940,0.015160,0.011946,0.078250
67950,0.019731,0.014991,0.102835
67960,0.011676,0.008966,0.056137
67970,0.032540,0.024942,0.136544
67980,0.030128,0.022518,0.124380
67990,0.030019,0.022865,0.125089
68000,0.020917,0.015894,0.108207
68010,0.035751,0.027512,0.139774
68020,0.034075,0.025679,0.139023
68030,0.029973,0.022372,0.138922
68040,0.020742,0.015516,0.102931
68050,0.028525,0.021516,0.131625
68060,0.008409,0.006180,0.076915
68070,0.024690,0.018664,0.120090
68080,0.021644,0.016461,0.111467
68090,0.006629,0.004743,0.069277
68100,0.014405,0.010673,0.089574
68110,0.037309,0.028828,0.154431
68120,0.011875,0.008708,0.108214
68130,0.016033,0.011981,0.100545
68140,0.019324,0.014470,0.091867
68150,0.011834,0.008745,0.064936
68160,0.005868,0.004152,0.082328
68170,0.016717,0.012773,0.098800
68180,0.006101,0.004498,0.054645
68190,0.037360,0.028211,0.149810
68200,0.010742,0.007905,0.102656
68210,0.018606,0.014042,0.102143
68220,0.026527,0.020223,0.119134
68230,0.025865,0.019573,0.140242
68240,0.025884,0.019944,0.128885
68250,0.035319,0.026898,0.148990
68260,0.012441,0.009478,0.087079
68270,0.019561,0.015054,0.085073
68280,0.022093,0.016762,0.115317
68290,0.015754,0.012061,0.100339
68300,0.031692,0.024129,0.132258
68310,0.010377,0.007748,0.086362
68320,0.021997,0.016831,0.117404
68330,0.030848,0.023606,0.152854
68340,0.026798,0.020392,0.125536
68350,0.023772,0.018206,0.115195
68360,0.002654,0.001961,0.021956
68370,0.014071,0.010475,0.073173
68380,0.023330,0.017339,0.110528
68390,0.005965,0.004391,0.071708
68400,0.001657,0.001245,0.038376
68410,0.006340,0.004574,0.072371
68420,0.025649,0.019864,0.128652
68430,0.014432,0.011174,0.058236
68440,0.018428,0.013814,0.098990
68450,0.002503,0.001742,0.056443
68460,0.012290,0.009073,0.092383
68470,0.010101,0.007721,0.083323
68480,0.028648,0.021734,0.120027
68490,0.013198,0.010221,0.080104
68500,0.019845,0.015674,0.105719
68510,0.016210,0.012396,0.094949
68520,0.010447,0.007818,0.085932
68530,0.013140,0.009872,0.103108
68540,0.026784,0.020788,0.131570
68550,0.018894,0.014244,0.128499
68560,0.027130,0.021010,0.121230
68570,0.009532,0.007122,0.074111
68580,0.020447,0.015537,0.113629
68590,0.012094,0.009184,0.081404
68600,0.024209,0.018103,0.117512
68610,0.037355,0.027999,0.150214
68620,0.026579,0.020097,0.103066
68630,0.007294,0.005550,0.053969
68640,0.021742,0.016713,0.117695
68650,0.018835,0.014430,0.098725
68660,0.009560,0.007155,0.083413
68670,0.004314,0.003425,0.076480
68680,0.020703,0.015684,0.111437
68690,0.019765,0.015190,0.098651
68700,0.012493,0.009639,0.081193
68710,0.010533,0.007665,0.045856
68720,0.003970,0.002768,0.109766
68730,0.019273,0.014314,0.116310
68740,0.000274,0.000243,0.656784
68750,0.017212,0.013094,0.077825
68760,0.018698,0.014166,0.099756
68770,0.015911,0.012068,0.090418
68780,0.031437,0.023369,0.146777
68790,0.037453,0.028364,0.138819
68800,0.028276,0.021347,0.130930
68810,0.030451,0.023314,0.141235
68820,0.029052,0.022393,0.131724
68830,0.028398,0.022046,0.132114
68840,0.037752,0.028941,0.153510
68850,0.022138,0.016568,0.095927
68860,0.016685,0.012569,0.093838
68870,0.007588,0.005049,0.118377
68880,0.010619,0.007683,0.086971
68890,0.012949,0.009707,0.084985
68900,0.018722,0.014352,0.109721
68910,0.011493,0.008991,0.059118
68920,0.015071,0.011213,0.100601
68930,0.019852,0.015178,0.087755
68940,0.013830,0.010644,0.066046
68950,0.000214,0.000158,0.339144
68960,0.023782,0.017386,0.104060
68970,0.038767,0.029594,0.149520
68980,0.021678,0.016760,0.105847
68990,0.020062,0.015184,0.106548
69000,0.019338,0.014380,0.106429
69010,0.014107,0.010470,0.094239
69020,0.011231,0.008220,0.090334
69030,0.010801,0.007995,0.083162
69040,0.031909,0.024564,0.139646
69050,0.014181,0.010618,0.091355
69060,0.010406,0.007759,0.099263
69070,0.016227,0.012644,0.074380
69080,0.017581,0.013354,0.089352
69090,0.014651,0.010990,0.078591
69100,0.012671,0.009523,0.072386
69110,0.024553,0.018799,0.120742
69120,0.016794,0.012863,0.100045
69130,0.023586,0.017816,0.120009
69140,0.025446,0.019739,0.104145
69150,0.049236,0.037837,0.176755
69160,0.024642,0.018532,0.123301
69170,0.010592,0.008083,0.098262
69180,0.014683,0.011576,0.090881
69190,0.010577,0.007705,0.082904
69200,0.011988,0.009084,0.089104
69210,0.013451,0.010069,0.100156
69220,0.013723,0.010633,0.068411
69230,0.019471,0.014808,0.114377
69240,0.015859,0.012087,0.093423
69250,0.010552,0.007966,0.070318
69260,0.011231,0.008172,0.071443
69270,0.022028,0.017043,0.104557
69280,0.004811,0.003561,0.098001
69290,0.008636,0.006243,0.074373
69300,0.022695,0.017494,0.108553
69310,0.012516,0.009946,0.089085
69320,0.013516,0.010048,0.095541
69330,0.012546,0.009275,0.085169
69340,0.035953,0.027259,0.146674
69350,0.010116,0.007625,0.076776
69360,0.030625,0.023633,0.128598
69370,0.014594,0.010855,0.096506
69380,0.007881,0.005865,0.051214
69390,0.000638,0.000448,0.050650
69400,0.020497,0.015654,0.102915
69410,0.004351,0.003215,0.079358
69420,0.008831,0.006454,0.097561
69430,0.014682,0.010999,0.089481
69440,0.016336,0.012543,0.093651
69450,0.020861,0.015825,0.110201
69460,0.012953,0.009922,0.066154
69470,0.014669,0.011062,0.089941
69480,0.011168,0.008456,0.082084
69490,0.019528,0.014978,0.108138
69500,0.025364,0.019250,0.117884
69510,0.019284,0.014603,0.108852
69520,0.023544,0.017264,0.127131
69530,0.019072,0.014596,0.106181
69540,0.025179,0.019286,0.103326
69550,0.016464,0.012500,0.090158
69560,0.000986,0.000620,0.049726
69570,0.021400,0.016067,0.118481
69580,0.021663,0.016421,0.110911
69590,0.010971,0.008324,0.074981
69600,0.012397,0.009167,0.076352
69610,0.018693,0.014073,0.110871
69620,0.030071,0.023061,0.122923
69630,0.017803,0.013524,0.081960
69640,0.030788,0.023596,0.130918
69650,0.012168,0.009050,0.096114
69660,0.006456,0.004660,0.069711
69670,0.022319,0.017004,0.116781
69680,0.009774,0.007430,0.070641
69690,0.010063,0.007274,0.080784
69700,0.009239,0.006815,0.077349
69710,0.021768,0.016609,0.111175
69720,0.011235,0.008210,0.065659
69730,0.011140,0.008390,0.078634
69740,0.018521,0.013836,0.121499
69750,0.050253,0.038275,0.179520
69760,0.027582,0.021070,0.117871
69770,0.016681,0.012838,0.096918
69780,0.035360,0.027046,0.142866
69790,0.004469,0.003122,0.061314
69800,0.027257,0.021165,0.140150
69810,0.031101,0.023624,0.141374
69820,0.015095,0.011500,0.083659
69830,0.027132,0.020995,0.111073
69840,0.046360,0.034512,0.160443
69850,0.015691,0.011541,0.098215
69860,0.018026,0.013986,0.103212
69870,0.022770,0.017203,0.110919
69880,0.010341,0.007722,0.057111
69890,0.036625,0.027920,0.141838
69900,0.021078,0.016058,0.107453
69910,0.019198,0.014405,0.112265
69920,0.013369,0.010222,0.099206
69930,0.035616,0.027525,0.140219
69940,0.020080,0.015387,0.106013
69950,0.020556,0.015826,0.107770
69960,0.053444,0.040633,0.193228
69970,0.025217,0.019185,0.116424
69980,0.031478,0.024098,0.123288
69990,0.006363,0.005010,0.031988
70000,0.017775,0.013459,0.100340
70010,0.007111,0.005629,0.032881
70020,0.031381,0.024047,0.136516
70030,0.024439,0.018438,0.130893
70040,0.029595,0.022350,0.134586
70050,0.016463,0.012488,0.092311
70060,0.017597,0.013617,0.075888
70070,0.011820,0.008622,0.093642
70080,0.018803,0.014243,0.108175
70090,0.034761,0.026673,0.151255
70100,0.013732,0.010282,0.104442
70110,0.012857,0.009390,0.093492
70120,0.024959,0.019296,0.129748
70130,0.020520,0.015535,0.108630
70140,0.029128,0.022610,0.132894
70150,0.013076,0.009840,0.109107
70160,0.027287,0.020858,0.126208
70170,0.033779,0.025625,0.128921
70180,0.023370,0.017768,0.118182
70190,0.008821,0.006655,0.045218
70200,0.012075,0.009038,0.089943
70210,0.021280,0.016270,0.107296
70220,0.039551,0.030396,0.163405
70230,0.016663,0.012474,0.096092
70240,0.005783,0.004102,0.093189
70250,0.022506,0.017290,0.120635
70260,0.035806,0.027497,0.135488
70270,0.026183,0.019915,0.102960
70280,0.012601,0.009529,0.053956
70290,0.008709,0.006569,0.067843
70300,0.028323,0.021351,0.124099
70310,0.013214,0.010779,0.080198
70320,0.022205,0.016977,0.127260
70330,0.021474,0.016509,0.119666
70340,0.002330,0.001737,0.018936
70350,0.018294,0.013912,0.114310
70360,0.013528,0.010196,0.095038
70370,0.007807,0.005742,0.068634
70380,0.023055,0.017706,0.110334
70390,0.020947,0.015782,0.111670
70400,0.019878,0.014985,0.115938
70410,0.003747,0.002659,0.066583
70420,0.019105,0.014554,0.114220
70430,0.013745,0.010517,0.089622
70440,0.021586,0.016266,0.115849
70450,0.019937,0.015287,0.110850
70460,0.017274,0.013113,0.107140
70470,0.025014,0.019505,0.120719
70480,0.018563,0.014333,0.100875
70490,0.032335,0.024763,0.129205
70500,0.035663,0.026947,0.145030
70510,0.000849,0.000655,0.061476
70520,0.040455,0.031207,0.145742
70530,0.022407,0.017023,0.107375
70540,0.026010,0.020054,0.119366
70550,0.028142,0.021336,0.123784
70560,0.001900,0.001375,0.087262
70570,0.036144,0.027407,0.150815
70580,0.003732,0.002546,0.144889
70590,0.026248,0.020011,0.129271
70600,0.008655,0.006677,0.046436
70610,0.015632,0.011609,0.109728
70620,0.009431,0.006727,0.079762
70630,0.013081,0.010152,0.062140
70640,0.030641,0.023442,0.129667
70650,0.019913,0.014914,0.117217
70660,0.005222,0.003950,0.036679
70670,0.019135,0.014925,0.107150
70680,0.021306,0.016294,0.105634
70690,0.028671,0.021603,0.119454
70700,0.014320,0.010729,0.090393
70710,0.022452,0.016880,0.092482
70720,0.017003,0.012648,0.118424
70730,0.007580,0.005419,0.076227
70740,0.027129,0.020403,0.132568
70750,0.021894,0.016793,0.112713
70760,0.016005,0.011835,0.089838
70770,0.021322,0.016043,0.110137
70780,0.014876,0.011482,0.100928
70790,0.021726,0.016744,0.098972
70800,0.030219,0.022975,0.133239
70810,0.043796,0.032936,0.167022
70820,0.025827,0.019737,0.121948
70830,0.004523,0.003175,0.085466
70840,0.023170,0.017589,0.108958
70850,0.011365,0.008550,0.090875
70860,0.020528,0.016004,0.120761
70870,0.022029,0.016684,0.103725
70880,0.027876,0.021483,0.116935
70890,0.009953,0.007529,0.070800
70900,0.023246,0.017627,0.098334
70910,0.030296,0.023249,0.124785
70920,0.010941,0.008441,0.059478
70930,0.014213,0.010678,0.085947
70940,0.018846,0.014533,0.114944
70950,0.031017,0.023621,0.132387
70960,0.017862,0.013416,0.107771
70970,0.010050,0.007393,0.078259
70980,0.013635,0.010635,0.096493
70990,0.006164,0.004111,0.080713
71000,0.023229,0.017785,0.117798
71010,0.023775,0.018195,0.114552
71020,0.030310,0.023570,0.146503
71030,0.031714,0.024258,0.131839
71040,0.018350,0.013881,0.104728
71050,0.022448,0.017147,0.132584
71060,0.010395,0.007710,0.080404
71070,0.015243,0.011529,0.070049
71080,0.009520,0.007056,0.084139
71090,0.024301,0.018175,0.115282
71100,0.008694,0.006605,0.072435
71110,0.010769,0.008111,0.083612
71120,0.023517,0.017968,0.105660
71130,0.024027,0.018520,0.112083
71140,0.020982,0.016062,0.089392
71150,0.016828,0.012965,0.091512
71160,0.000239,0.000171,0.063599
71170,0.013108,0.010137,0.090896
71180,0.025967,0.019978,0.117534
71190,0.009582,0.007098,0.079027
71200,0.024131,0.018024,0.125816
71210,0.024540,0.018979,0.117307
71220,0.045129,0.034601,0.170885
71230,0.006845,0.004921,0.081155
71240,0.014407,0.010727,0.105134
71250,0.022804,0.016844,0.126903
71260,0.022519,0.017416,0.114666
71270,0.010528,0.008236,0.080467
71280,0.017949,0.013658,0.102700
71290,0.021669,0.016548,0.121834
71300,0.018426,0.013807,0.096134
71310,0.009112,0.007322,0.065780
71320,0.030393,0.023143,0.142330
71330,0.022739,0.017097,0.097765
71340,0.037547,0.028327,0.156066
71350,0.008406,0.006402,0.110194
71360,0.014467,0.010770,0.099923
71370,0.034219,0.026456,0.129172
71380,0.042700,0.032419,0.163031
71390,0.012880,0.009758,0.070934
71400,0.003983,0.002761,0.075311
71410,0.013829,0.010336,0.098812
71420,0.017320,0.013433,0.071518
71430,0.012328,0.009271,0.063054
71440,0.014173,0.010658,0.095191
71450,0.030061,0.022757,0.134385
71460,0.014926,0.011312,0.094838
71470,0.026893,0.020111,0.149910
71480,0.030512,0.023282,0.139172
71490,0.017301,0.013011,0.082249
71500,0.011572,0.008562,0.066007
71510,0.032123,0.024520,0.134067
71520,0.024617,0.018670,0.113916
71530,0.029742,0.022896,0.136584
71540,0.003534,0.002681,0.046544
71550,0.003780,0.002658,0.054921
71560,0.029464,0.022260,0.137230
71570,0.004835,0.003658,0.071401
71580,0.000892,0.000778,0.105944
71590,0.014840,0.011426,0.082948
71600,0.013139,0.010178,0.069767
71610,0.018135,0.013747,0.102479
71620,0.008283,0.006275,0.076269
71630,0.010581,0.007960,0.069582
71640,0.014230,0.010557,0.095847
71650,0.019792,0.015281,0.113616
71660,0.025319,0.019787,0.114768
71670,0.023900,0.018171,0.133626
71680,0.037308,0.028469,0.153848
71690,0.010160,0.006719,0.119088
71700,0.016372,0.012423,0.079494
71710,0.021667,0.016420,0.114940
71720,0.023688,0.017100,0.118773
71730,0.028620,0.021824,0.131108
71740,0.022793,0.017283,0.112960
71750,0.016433,0.012352,0.084024
71760,0.001895,0.001316,0.012154
71770,0.015901,0.012320,0.082169
71780,0.019714,0.015049,0.119877
71790,0.026005,0.019782,0.117371
71800,0.020284,0.015376,0.107137
71810,0.008055,0.006066,0.077386
71820,0.006694,0.004626,0.091582
71830,0.018117,0.013871,0.102534
71840,0.029194,0.021996,0.133673
71850,0.023984,0.018195,0.110788
71860,0.013318,0.010203,0.068779
71870,0.022586,0.017256,0.106009
71880,0.016141,0.012316,0.109883
71890,0.025079,0.019428,0.122007
71900,0.022475,0.017041,0.113636
71910,0.020783,0.016083,0.096463
71920,0.010781,0.008164,0.082937
71930,0.007044,0.005215,0.031113
71940,0.022287,0.017249,0.117588
71950,0.022994,0.017522,0.122085
71960,0.010484,0.007869,0.077180
71970,0.020072,0.015475,0.106173
71980,0.016111,0.012244,0.089891
71990,0.022234,0.017102,0.096630
72000,0.031321,0.023882,0.139012
72010,0.013435,0.009717,0.104394
72020,0.008917,0.006901,0.052874
72030,0.019994,0.014712,0.113318
72040,0.028275,0.021562,0.126009
72050,0.017959,0.013506,0.100290
72060,0.033743,0.025992,0.142121
72070,0.025422,0.019529,0.106552
72080,0.043709,0.033499,0.162010
72090,0.013310,0.010027,0.095336
72100,0.019072,0.014406,0.094368
72110,0.012088,0.008930,0.095782
72120,0.028151,0.021518,0.118031
72130,0.029541,0.022676,0.128640
72140,0.021877,0.016372,0.142109
72150,0.010007,0.007700,0.048326
72160,0.016603,0.012715,0.106839
72170,0.013114,0.010057,0.099494
72180,0.038213,0.029333,0.141300
72190,0.034185,0.026435,0.130869
72200,0.027843,0.021023,0.127353
72210,0.032634,0.024806,0.137250
72220,0.011288,0.008608,0.089725
72230,0.025697,0.019585,0.115424
72240,0.025419,0.019272,0.131233
72250,0.004244,0.003105,0.096266
72260,0.023286,0.017471,0.118812
72270,0.025258,0.019276,0.118776
72280,0.005271,0.003993,0.028199
72290,0.000795,0.000626,0.006201
72300,0.045259,0.034319,0.171919
72310,0.011887,0.008682,0.087616
72320,0.015143,0.011613,0.087468
72330,0.010171,0.007552,0.074461
72340,0.028476,0.021758,0.124109
72350,0.014265,0.010602,0.097020
72360,0.025229,0.019206,0.120310
72370,0.017858,0.013468,0.095128
72380,0.008937,0.006283,0.098329
72390,0.013354,0.009953,0.103228
72400,0.021395,0.016240,0.117665
72410,0.009415,0.007172,0.064044
72420,0.011841,0.009032,0.084458
72430,0.016895,0.012746,0.092250
72440,0.031815,0.024257,0.123099
72450,0.014841,0.011245,0.086109
72460,0.021438,0.016142,0.109970
72470,0.009893,0.007546,0.065299
72480,0.037241,0.028261,0.151754
72490,0.011278,0.008356,0.075478
72500,0.023325,0.018225,0.121660
72510,0.019096,0.014518,0.107431
72520,0.007575,0.005598,0.060638
72530,0.017017,0.012863,0.098099
72540,0.019221,0.014787,0.091792
72550,0.009490,0.007084,0.085538
72560,0.014112,0.010498,0.088423
72570,0.017906,0.013721,0.105550
72580,0.014686,0.011167,0.083721
72590,0.018516,0.013942,0.101377
72600,0.009327,0.007186,0.050604
72610,0.011638,0.008763,0.084987
72620,0.021755,0.016353,0.113502
72630,0.005448,0.004001,0.066966
72640,0.019006,0.014464,0.096807
72650,0.017299,0.013391,0.101234
72660,0.028006,0.021368,0.134642
72670,0.005164,0.003671,0.065580
72680,0.034355,0.026338,0.126284
72690,0.034285,0.026338,0.146711
72700,0.032422,0.024923,0.124518
72710,0.027940,0.021191,0.123504
72720,0.017755,0.013335,0.098449
72730,0.014179,0.010755,0.074582
72740,0.036763,0.027958,0.145921
72750,0.019137,0.014268,0.106706
72760,0.010121,0.007546,0.095771
72770,0.018621,0.013874,0.104752
72780,0.025568,0.020063,0.119638
72790,0.034492,0.026121,0.142715
72800,0.021583,0.016489,0.109272
72810,0.008935,0.006905,0.056383
72820,0.014257,0.010805,0.070425
72830,0.043186,0.032902,0.154118
72840,0.008829,0.006150,0.097034
72850,0.019381,0.014440,0.108508
72860,0.013110,0.009710,0.087641
72870,0.017180,0.013322,0.104498
72880,0.019378,0.015036,0.100871
72890,0.013087,0.009785,0.090115
72900,0.022439,0.017099,0.102701
72910,0.013096,0.009857,0.088407
72920,0.018510,0.014199,0.103066
72930,0.022397,0.017134,0.108535
72940,0.017588,0.013037,0.106672
72950,0.027041,0.020887,0.123409
72960,0.020397,0.015457,0.119928
72970,0.019041,0.014558,0.085165
72980,0.017600,0.013767,0.089754
72990,0.018356,0.013729,0.106635
73000,0.014636,0.010597,0.112561
73010,0.011860,0.008660,0.061535
73020,0.031180,0.024042,0.131138
73030,0.029262,0.022388,0.128669
73040,0.001024,0.000751,0.006293
73050,0.022227,0.017093,0.116445
73060,0.028042,0.021533,0.114644
73070,0.016132,0.012654,0.108869
73080,0.030542,0.023264,0.135388
73090,0.029132,0.022149,0.119142
73100,0.015559,0.011426,0.076305
73110,0.027363,0.020648,0.124912
73120,0.008261,0.006452,0.044930
73130,0.004480,0.003429,0.030622
73140,0.001360,0.001978,0.207240
73150,0.020276,0.015583,0.113601
73160,0.028015,0.021440,0.122383
73170,0.035404,0.026990,0.149145
73180,0.032808,0.025543,0.141066
73190,0.008854,0.006434,0.065460
73200,0.011170,0.008656,0.073114
73210,0.016083,0.012478,0.075946
73220,0.029282,0.022221,0.129091
73230,0.021664,0.016538,0.110789
73240,0.016644,0.012603,0.094471
73250,0.019795,0.015476,0.113189
73260,0.026311,0.019630,0.125550
73270,0.009089,0.007017,0.066159
73280,0.027985,0.021438,0.122411
73290,0.006004,0.004743,0.042373
73300,0.017779,0.013592,0.111990
73310,0.017857,0.013566,0.108749
73320,0.025596,0.019925,0.129799
73330,0.009275,0.007381,0.055130
73340,0.011302,0.008748,0.068006
73350,0.023239,0.017630,0.127444
73360,0.010635,0.008003,0.082047
73370,0.024078,0.018377,0.114752
73380,0.030121,0.023020,0.135422
73390,0.013362,0.009936,0.092402
73400,0.035460,0.027008,0.150653
73410,0.013296,0.010082,0.091779
73420,0.021630,0.016490,0.100964
73430,0.040507,0.030573,0.162894
73440,0.023963,0.017918,0.113851
73450,0.018328,0.013850,0.103041
73460,0.009955,0.007420,0.061657
73470,0.023762,0.018583,0.103210
73480,0.010273,0.007844,0.043657
73490,0.022283,0.016990,0.110471
73500,0.016204,0.012451,0.075409
73510,0.023547,0.017758,0.114494
73520,0.036912,0.028314,0.144334
73530,0.016798,0.012903,0.100764
73540,0.017595,0.013505,0.095530
73550,0.017402,0.013348,0.104763
73560,0.017941,0.013356,0.101127
73570,0.015115,0.011481,0.086785
73580,0.002403,0.001577,0.065922
73590,0.010779,0.008435,0.064904
73600,0.018377,0.013908,0.109967
73610,0.001536,0.001144,0.015410
73620,0.012214,0.009468,0.081156
73630,0.029686,0.022619,0.123813
73640,0.014620,0.011127,0.092934
73650,0.023408,0.017518,0.100075
73660,0.008222,0.006060,0.068340
73670,0.016432,0.012307,0.097505
73680,0.012060,0.009237,0.085509
73690,0.014759,0.011154,0.100821
73700,0.021360,0.016722,0.109551
73710,0.024127,0.018601,0.107261
73720,0.026758,0.020412,0.135184
73730,0.024568,0.018485,0.128887
73740,0.020107,0.015298,0.108294
73750,0.020486,0.015674,0.106175
73760,0.014044,0.010550,0.111251
73770,0.003628,0.004496,0.087665
73780,0.026683,0.020219,0.109192
73790,0.026276,0.019843,0.120649
73800,0.014855,0.011633,0.089036
73810,0.020626,0.015600,0.103110
73820,0.020216,0.015547,0.092162
73830,0.016964,0.012696,0.094931
73840,0.019356,0.014997,0.100514
73850,0.027963,0.021296,0.131262
73860,0.020146,0.015285,0.092314
73870,0.019995,0.015270,0.098897
73880,0.032688,0.024976,0.133957
73890,0.010533,0.007576,0.076080
73900,0.021258,0.016285,0.106243
73910,0.009086,0.006735,0.059214
73920,0.000415,0.000294,0.097445
73930,0.015629,0.012225,0.090846
73940,0.012904,0.009675,0.080623
73950,0.011435,0.008473,0.062440
73960,0.003495,0.002844,0.024679
73970,0.002561,0.002054,0.020058
73980,0.030717,0.022884,0.133542
73990,0.022556,0.017301,0.109221
74000,0.000750,0.000552,0.084132
74010,0.031326,0.023128,0.129485
74020,0.029052,0.022297,0.110015
74030,0.026656,0.020463,0.121699
74040,0.017758,0.013428,0.094367
74050,0.021385,0.016262,0.116270
74060,0.000000,0.000000,0.000001
74070,0.031312,0.024013,0.130624
74080,0.022932,0.017843,0.126708
74090,0.019371,0.014593,0.095560
74100,0.025587,0.019393,0.129566
74110,0.035416,0.027073,0.134919
74120,0.005988,0.004335,0.064700
74130,0.035802,0.027455,0.144625
74140,0.027552,0.021187,0.128063
74150,0.012468,0.009538,0.061948
74160,0.013892,0.010453,0.099548
74170,0.007869,0.006250,0.065144
74180,0.011798,0.008938,0.062948
74190,0.039739,0.030424,0.158694
74200,0.007390,0.005309,0.077041
74210,0.014965,0.011233,0.070437
74220,0.020401,0.015710,0.103736
74230,0.023665,0.018271,0.129024
74240,0.014557,0.011438,0.097827
74250,0.014210,0.010924,0.086467
74260,0.004154,0.003142,0.060668
74270,0.025736,0.019874,0.117291
74280,0.020240,0.015339,0.101860
74290,0.024266,0.018168,0.132050
74300,0.016611,0.011955,0.102996
74310,0.013085,0.009713,0.103949
74320,0.005809,0.004366,0.036641
74330,0.017030,0.012844,0.092504
74340,0.014168,0.010361,0.088911
74350,0.033594,0.025762,0.142589
74360,0.016067,0.012352,0.084658
74370,0.018962,0.014435,0.106578
74380,0.004732,0.003351,0.069845
74390,0.013711,0.010424,0.081575
74400,0.013532,0.010332,0.078858
74410,0.011314,0.008548,0.089258
74420,0.019548,0.014812,0.116515
74430,0.026515,0.020092,0.104827
74440,0.013143,0.010266,0.073737
74450,0.025979,0.019531,0.135600
74460,0.016737,0.012891,0.090795
74470,0.025501,0.020304,0.124277
74480,0.005978,0.004299,0.062365
74490,0.007028,0.004901,0.072929
74500,0.040374,0.030858,0.155398
74510,0.029891,0.023141,0.128455
74520,0.013778,0.010678,0.072620
74530,0.029306,0.022425,0.129226
74540,0.021469,0.015814,0.111284
74550,0.013445,0.009768,0.093150
74560,0.030624,0.023325,0.140917
74570,0.014806,0.011249,0.095918
74580,0.013399,0.010135,0.094502
74590,0.018369,0.013747,0.104391
74600,0.025280,0.019264,0.123055
74610,0.012536,0.009846,0.092365
74620,0.021163,0.016161,0.100327
74630,0.013937,0.010545,0.075452
74640,0.038361,0.029312,0.142736
74650,0.023919,0.018287,0.096151
74660,0.006971,0.004629,0.106009
74670,0.034092,0.026179,0.139855
74680,0.015877,0.012177,0.080565
74690,0.017758,0.013203,0.102212
74700,0.029292,0.022174,0.127753
74710,0.025830,0.019832,0.108681
74720,0.008096,0.005892,0.067689
74730,0.009884,0.007419,0.092508
74740,0.000000,0.000000,0.000001
74750,0.000745,0.000560,0.005770
74760,0.014687,0.011183,0.059382
74770,0.027048,0.020626,0.125722
74780,0.028061,0.022120,0.113527
74790,0.013094,0.010139,0.061432
74800,0.029363,0.022784,0.118952
74810,0.027787,0.021332,0.134863
74820,0.007058,0.004980,0.076246
74830,0.017775,0.013541,0.102063
74840,0.028203,0.021346,0.112525
74850,0.001218,0.000885,0.011830
74860,0.008312,0.006142,0.079887
74870,0.010360,0.007240,0.093861
74880,0.026430,0.020124,0.108005
74890,0.000073,0.000064,0.656162
74900,0.005282,0.003856,0.073428
74910,0.012807,0.009781,0.081366
74920,0.008860,0.006697,0.071663
74930,0.015372,0.011781,0.093985
74940,0.001009,0.000754,0.263041
74950,0.016947,0.012537,0.113690
74960,0.028407,0.021608,0.119939
74970,0.018650,0.014134,0.077306
74980,0.028946,0.022083,0.131324
74990,0.013424,0.010327,0.093537
75000,0.014482,0.010843,0.093159
75010,0.014275,0.010809,0.086247
75020,0.010286,0.007852,0.072025
75030,0.023044,0.017467,0.111531
75040,0.002654,0.001933,0.090384
75050,0.011944,0.008763,0.086563
75060,0.024210,0.018709,0.105508
75070,0.006979,0.005298,0.092948
75080,0.006271,0.004579,0.058515
75090,0.011124,0.008462,0.058377
75100,0.014576,0.011363,0.062520
75110,0.020363,0.016016,0.109883
75120,0.002297,0.001641,0.066032
75130,0.014098,0.010828,0.086122
75140,0.012273,0.008925,0.105181
75150,0.005569,0.004028,0.071597
75160,0.012503,0.009563,0.079571
75170,0.022599,0.017723,0.107558
75180,0.009358,0.006968,0.082558
75190,0.026124,0.020184,0.118366
75200,0.012673,0.009591,0.063382
75210,0.024318,0.018506,0.118429
75220,0.013673,0.010167,0.105706
75230,0.024691,0.018578,0.100288
75240,0.021088,0.015968,0.115464
75250,0.023056,0.017503,0.099244
75260,0.017587,0.013475,0.087580
75270,0.021648,0.016598,0.108350
75280,0.013171,0.009760,0.100390
75290,0.015970,0.012025,0.115418
75300,0.018608,0.014139,0.096687
75310,0.032318,0.024492,0.143354
75320,0.030683,0.023470,0.128123
75330,0.016452,0.012376,0.096071
75340,0.035793,0.027147,0.146685
75350,0.011684,0.008331,0.091700
75360,0.033069,0.025389,0.125029
75370,0.027046,0.020444,0.117696
75380,0.011539,0.009587,0.064836
75390,0.011743,0.009143,0.068520
75400,0.021290,0.015871,0.107284
75410,0.017009,0.012494,0.120159
75420,0.010860,0.008283,0.072511
75430,0.011246,0.008143,0.084721
75440,0.010630,0.007851,0.089626
75450,0.011833,0.008788,0.092947
75460,0.010918,0.008330,0.084099
75470,0.010888,0.008063,0.078123
75480,0.023669,0.017910,0.130945
75490,0.006898,0.005102,0.055616
75500,0.034980,0.026877,0.143437
75510,0.025066,0.019102,0.124001
75520,0.026899,0.020755,0.123930
75530,0.014921,0.011538,0.087293
75540,0.003964,0.003096,0.026362
75550,0.012776,0.009352,0.092994
75560,0.000140,0.000133,0.000412
75570,0.014559,0.011053,0.093542
75580,0.004274,0.002996,0.094199
75590,0.025353,0.019486,0.117362
75600,0.020766,0.016088,0.107795
75610,0.036403,0.027677,0.151457
75620,0.011296,0.008381,0.084915
75630,0.011807,0.008990,0.083203
75640,0.014157,0.010574,0.089444
75650,0.022064,0.016991,0.092443
75660,0.013450,0.009884,0.100012
75670,0.004100,0.003092,0.059515
75680,0.028637,0.021879,0.124498
75690,0.016622,0.012982,0.084084
75700,0.023043,0.017838,0.124200
75710,0.009563,0.007475,0.073718
75720,0.024937,0.018995,0.119450
75730,0.030241,0.023176,0.139871
75740,0.031018,0.024059,0.137913
75750,0.022278,0.017083,0.117814
75760,0.023790,0.018700,0.112343
75770,0.031552,0.024365,0.143937
75780,0.016687,0.012667,0.085339
75790,0.021248,0.016277,0.108302
75800,0.022557,0.017570,0.123817
75810,0.024328,0.018611,0.114595
75820,0.032038,0.024162,0.137170
75830,0.025931,0.019514,0.120730
75840,0.014825,0.011511,0.109527
75850,0.029519,0.022506,0.123938
75860,0.023660,0.018198,0.119087
75870,0.010168,0.007546,0.076413
75880,0.010695,0.007885,0.081779
75890,0.014163,0.010781,0.073763
75900,0.019310,0.014805,0.114763
75910,0.020094,0.015395,0.088899
75920,0.016401,0.012329,0.074211
75930,0.027947,0.021532,0.127129
75940,0.022211,0.017029,0.109816
75950,0.013520,0.010382,0.064480
75960,0.021599,0.016212,0.103256
75970,0.017524,0.013208,0.091262
75980,0.032216,0.024651,0.134376
75990,0.012979,0.009602,0.094259
76000,0.012053,0.008894,0.083453
76010,0.015410,0.011406,0.104780
76020,0.015934,0.011999,0.105825
76030,0.020650,0.015780,0.078438
76040,0.016419,0.012226,0.119545
76050,0.016379,0.012445,0.100884
76060,0.028399,0.021556,0.133877
76070,0.009571,0.007278,0.085913
76080,0.017877,0.013650,0.096694
76090,0.033506,0.025597,0.147359
76100,0.012094,0.008942,0.079503
76110,0.012520,0.009556,0.088912
76120,0.015490,0.011754,0.089616
76130,0.013091,0.009916,0.064854
76140,0.013284,0.010074,0.089027
76150,0.028527,0.021850,0.113229
76160,0.018185,0.013957,0.112575
76170,0.014703,0.011256,0.086468
76180,0.023949,0.018400,0.118178
76190,0.005992,0.004479,0.059705
76200,0.016973,0.012851,0.101478
76210,0.010304,0.007623,0.059610
76220,0.021130,0.015740,0.108246
76230,0.016977,0.012687,0.100829
76240,0.009245,0.007045,0.075948
76250,0.006928,0.004739,0.099766
76260,0.032575,0.024931,0.135099
76270,0.011365,0.008574,0.089298
76280,0.017861,0.013557,0.079664
76290,0.018242,0.013919,0.084730
76300,0.012091,0.009322,0.067894
76310,0.021325,0.016072,0.093255
76320,0.007175,0.005363,0.072799
76330,0.035902,0.027336,0.140007
76340,0.003759,0.002736,0.078045
76350,0.004736,0.003382,0.076968
76360,0.021840,0.016209,0.105777
76370,0.017733,0.013462,0.119785
76380,0.016306,0.012069,0.094949
76390,0.003441,0.002478,0.063879
76400,0.014493,0.010896,0.071335
76410,0.025942,0.019404,0.130220
76420,0.027546,0.020956,0.128767
76430,0.019930,0.015007,0.107547
76440,0.005463,0.003995,0.029365
76450,0.003575,0.002604,0.026036
76460,0.014925,0.011099,0.092725
76470,0.026242,0.020619,0.115212
76480,0.006681,0.005333,0.029957
76490,0.025568,0.019622,0.119073
76500,0.006737,0.005351,0.070859
76510,0.026114,0.019810,0.122902
76520,0.034666,0.026441,0.133321
76530,0.028716,0.022102,0.137009
76540,0.014357,0.010681,0.104051
76550,0.005133,0.003879,0.115036
76560,0.011902,0.009145,0.068266
76570,0.009806,0.006982,0.072322
76580,0.014084,0.010594,0.060221
76590,0.004090,0.003178,0.100708
76600,0.004241,0.003342,0.021632
76610,0.011109,0.008139,0.069825
76620,0.017346,0.013132,0.072602
76630,0.030582,0.023356,0.122563
76640,0.021562,0.016588,0.117176
76650,0.020014,0.015255,0.116683
76660,0.020955,0.016319,0.111926
76670,0.009779,0.007301,0.052052
76680,0.010726,0.008024,0.063346
76690,0.022182,0.017018,0.110371
76700,0.001707,0.001207,0.030433
76710,0.026392,0.020051,0.125910
76720,0.015578,0.012010,0.073784
76730,0.012477,0.009325,0.079516
76740,0.014021,0.010701,0.080127
76750,0.014593,0.011000,0.093649
76760,0.021855,0.016848,0.102384
76770,0.020456,0.015838,0.105468
76780,0.014858,0.010732,0.100522
76790,0.009952,0.007575,0.082460
76800,0.016830,0.012829,0.077902
76810,0.012490,0.009088,0.106947
76820,0.010215,0.007771,0.072409
76830,0.014055,0.010637,0.081139
76840,0.017837,0.013575,0.109361
76850,0.011243,0.008310,0.090421
76860,0.021444,0.016464,0.116016
76870,0.002790,0.001863,0.071272
76880,0.010617,0.008040,0.060922
76890,0.008231,0.006068,0.055554
76900,0.026294,0.020422,0.128029
76910,0.036636,0.028064,0.149778
76920,0.010678,0.007981,0.077443
76930,0.014921,0.011527,0.073324
76940,0.004048,0.003350,0.024132
76950,0.012364,0.009320,0.079647
76960,0.017393,0.013112,0.100487
76970,0.003361,0.002196,0.060327
76980,0.022042,0.016768,0.118482
76990,0.027382,0.020687,0.131384
77000,0.023656,0.017930,0.124894
77010,0.029530,0.022688,0.116768
77020,0.023070,0.017770,0.113333
77030,0.019824,0.015905,0.116989
77040,0.025900,0.019566,0.116908
77050,0.002930,0.002054,0.045012
77060,0.023682,0.018168,0.112049
77070,0.001647,0.001270,0.011804
77080,0.002361,0.001802,0.013371
77090,0.017172,0.013095,0.097560
77100,0.023161,0.018616,0.108117
77110,0.017187,0.013389,0.072768
77120,0.008996,0.006614,0.071129
77130,0.010323,0.007834,0.101909
77140,0.004121,0.002786,0.108403
77150,0.006415,0.004630,0.084928
77160,0.015628,0.011471,0.102168
77170,0.008995,0.006858,0.053015
77180,0.001015,0.000710,0.168589
77190,0.004449,0.003276,0.031162
77200,0.014767,0.011263,0.090678
77210,0.024001,0.018143,0.106954
77220,0.032352,0.024884,0.143635
77230,0.013097,0.009718,0.110328
77240,0.019734,0.015298,0.083294
77250,0.015152,0.011119,0.101732
77260,0.009002,0.006705,0.040762
77270,0.018271,0.013435,0.112294
77280,0.014853,0.011390,0.085035
77290,0.021722,0.016756,0.107751
77300,0.003799,0.002869,0.018590
77310,0.007377,0.005278,0.070585
77320,0.044516,0.034344,0.162823
77330,0.001968,0.001481,0.008878
77340,0.021614,0.016426,0.107757
77350,0.025242,0.019357,0.115727
77360,0.013135,0.009985,0.089817
77370,0.004051,0.002915,0.063763
77380,0.000251,0.000214,0.150381
77390,0.016162,0.012328,0.084099
77400,0.007560,0.005107,0.089580
77410,0.022188,0.015459,0.105005
77420,0.009296,0.006930,0.070253
77430,0.018127,0.013624,0.100834
77440,0.027125,0.020559,0.123479
77450,0.015401,0.011843,0.073657
77460,0.021898,0.016529,0.109905
77470,0.019044,0.014593,0.102463
77480,0.020302,0.015663,0.111334
77490,0.001705,0.001079,0.060573
77500,0.012873,0.009554,0.091561
77510,0.016315,0.011886,0.110580
77520,0.010603,0.007928,0.068593
77530,0.018191,0.013644,0.084596
77540,0.029040,0.023318,0.142223
77550,0.014358,0.011132,0.066905
77560,0.028848,0.022423,0.130594
77570,0.023622,0.018124,0.091419
77580,0.015693,0.011764,0.093003
77590,0.025502,0.019154,0.121525
77600,0.014173,0.011539,0.114554
77610,0.008135,0.005812,0.071182
77620,0.017208,0.012432,0.116406
77630,0.021191,0.016074,0.105943
77640,0.019987,0.014945,0.113819
77650,0.020556,0.016184,0.102981
77660,0.024766,0.018687,0.098640
77670,0.025892,0.019728,0.119033
77680,0.023507,0.017794,0.115337
77690,0.005437,0.003998,0.042082
77700,0.046932,0.036434,0.175278
77710,0.014688,0.010920,0.110727
77720,0.005119,0.003693,0.095199
77730,0.018516,0.014054,0.110739
77740,0.010287,0.008683,0.075765
77750,0.021571,0.016244,0.105559
77760,0.012355,0.009001,0.088629
77770,0.021380,0.016548,0.109077
77780,0.010753,0.007935,0.090171
77790,0.020076,0.015215,0.102428
77800,0.011781,0.008609,0.091325
77810,0.021672,0.017600,0.109416
77820,0.009224,0.006833,0.063223
77830,0.012459,0.009756,0.088010
77840,0.032062,0.024742,0.145660
77850,0.009304,0.007034,0.071837
77860,0.031887,0.024536,0.132049
77870,0.011471,0.007999,0.098374
77880,0.012850,0.009776,0.092549
77890,0.015953,0.011920,0.097233
77900,0.013361,0.010121,0.086686
77910,0.000609,0.000464,0.066720
77920,0.012879,0.009746,0.089100
77930,0.031647,0.023879,0.131776
77940,0.009624,0.007047,0.079973
77950,0.023489,0.018260,0.108166
77960,0.017337,0.013190,0.098016
77970,0.010391,0.007956,0.058184
77980,0.015453,0.011656,0.103310
77990,0.029573,0.022612,0.135927
78000,0.009294,0.006990,0.080871
78010,0.021529,0.016556,0.080610
78020,0.027626,0.021131,0.127760
78030,0.011429,0.007399,0.062625
78040,0.020638,0.015641,0.098839
78050,0.019856,0.015416,0.085714
78060,0.001202,0.000811,0.009469
78070,0.014792,0.011316,0.071244
78080,0.005183,0.003193,0.080379
78090,0.026649,0.020444,0.118203
78100,0.011942,0.008919,0.084876
78110,0.036605,0.027390,0.146755
78120,0.016492,0.012465,0.089671
78130,0.036401,0.028019,0.148299
78140,0.026979,0.020331,0.109964
78150,0.019322,0.014912,0.097532
78160,0.034672,0.026377,0.149043
78170,0.019535,0.014438,0.102848
78180,0.020908,0.015656,0.115029
78190,0.017773,0.013524,0.117795
78200,0.007874,0.005886,0.070940
78210,0.002625,0.001917,0.065848
78220,0.014703,0.011083,0.091019
78230,0.013212,0.009909,0.077537
78240,0.003189,0.002410,0.060439
78250,0.014817,0.010756,0.089335
78260,0.005403,0.004260,0.030177
78270,0.025062,0.019575,0.115126
78280,0.012334,0.009019,0.091467
78290,0.013814,0.010210,0.116944
78300,0.015296,0.011338,0.111709
78310,0.016537,0.013090,0.076360
78320,0.019589,0.015016,0.091110
78330,0.020405,0.015535,0.110154
78340,0.031037,0.023823,0.126294
78350,0.023422,0.017791,0.126648
78360,0.029391,0.022845,0.127620
78370,0.026234,0.020134,0.130808
78380,0.013832,0.010424,0.084780
78390,0.019548,0.015195,0.095709
78400,0.031063,0.023767,0.131974
78410,0.015260,0.011478,0.085764
78420,0.021406,0.016466,0.089716
78430,0.029568,0.022493,0.135439
78440,0.044294,0.034116,0.162692
78450,0.012828,0.009914,0.068269
78460,0.014026,0.010693,0.089984
78470,0.021898,0.017008,0.112908
78480,0.015458,0.011709,0.086750
78490,0.011735,0.008941,0.079813
78500,0.021162,0.016136,0.108396
78510,0.009904,0.007643,0.047979
78520,0.003695,0.002497,0.074952
78530,0.016636,0.012631,0.101620
78540,0.010716,0.008084,0.073557
78550,0.007210,0.004853,0.045672
78560,0.016045,0.011921,0.099519
78570,0.012781,0.009557,0.084857
78580,0.015278,0.011345,0.098309
78590,0.011537,0.008587,0.083267
78600,0.023361,0.017745,0.112413
78610,0.010574,0.007839,0.079876
78620,0.016937,0.012858,0.092752
78630,0.008151,0.005995,0.062139
78640,0.020513,0.015815,0.083973
78650,0.014050,0.010406,0.098996
78660,0.013229,0.009981,0.083610
78670,0.027439,0.021128,0.104225
78680,0.010454,0.007434,0.163474
78690,0.013460,0.010201,0.087171
78700,0.017826,0.013564,0.101562
78710,0.012151,0.009143,0.096016
78720,0.019352,0.014742,0.095423
78730,0.022844,0.017602,0.085985
78740,0.028777,0.021806,0.130098
78750,0.011364,0.008632,0.061985
78760,0.018012,0.013773,0.086544
78770,0.022840,0.017504,0.098406
78780,0.034291,0.026023,0.135575
78790,0.002457,0.001712,0.093457
78800,0.003800,0.002619,0.058405
78810,0.034624,0.026566,0.141300
78820,0.030302,0.023644,0.133114
78830,0.012759,0.009669,0.069378
78840,0.003912,0.002748,0.074561
78850,0.011496,0.008628,0.080034
78860,0.003850,0.002829,0.078782
78870,0.016492,0.012670,0.077286
78880,0.009013,0.006902,0.066325
78890,0.014171,0.010467,0.090056
78900,0.021715,0.016334,0.104350
78910,0.031967,0.024225,0.137265
78920,0.023178,0.017565,0.113885
78930,0.021623,0.016263,0.106483
78940,0.021917,0.016790,0.109000
78950,0.023261,0.017861,0.134374
78960,0.012585,0.009932,0.091550
78970,0.009796,0.007279,0.082344
78980,0.014306,0.010930,0.070330
78990,0.008254,0.006341,0.049121
79000,0.028673,0.021819,0.126487
79010,0.021828,0.016042,0.116909
79020,0.015140,0.011619,0.089990
79030,0.013794,0.010351,0.101707
79040,0.024514,0.018560,0.099005
79050,0.030355,0.023584,0.128179
79060,0.011103,0.008061,0.091857
79070,0.012859,0.009460,0.096572
79080,0.026814,0.020765,0.110210
79090,0.009873,0.007139,0.085703
79100,0.022539,0.017008,0.112184
79110,0.000879,0.000599,0.038410
79120,0.014224,0.010836,0.091648
79130,0.023326,0.017759,0.107083
79140,0.017912,0.014067,0.100712
79150,0.010914,0.008014,0.080406
79160,0.019189,0.014647,0.097183
79170,0.003750,0.002647,0.056514
79180,0.013959,0.010670,0.087204
79190,0.007208,0.005333,0.088165
79200,0.016293,0.012752,0.081904
79210,0.004892,0.003542,0.070137
79220,0.014283,0.010606,0.100901
79230,0.018866,0.014315,0.085243
79240,0.033657,0.025421,0.137101
79250,0.032376,0.024660,0.135374
79260,0.009913,0.007367,0.077666
79270,0.009700,0.007272,0.083473
79280,0.018406,0.014306,0.100371
79290,0.019063,0.014563,0.105591
79300,0.021258,0.015855,0.105850
79310,0.011032,0.008553,0.079943
79320,0.020299,0.015568,0.108698
79330,0.026353,0.020233,0.129327
79340,0.021291,0.015878,0.105409
79350,0.018518,0.013943,0.120021
79360,0.011017,0.008284,0.084869
79370,0.027114,0.020837,0.127157
79380,0.005418,0.003694,0.062674
79390,0.020190,0.015343,0.111827
79400,0.017893,0.013303,0.105225
79410,0.022976,0.017684,0.084066
79420,0.014966,0.011564,0.068222
79430,0.019379,0.016168,0.095067
79440,0.013521,0.010447,0.061741
79450,0.017288,0.013394,0.096697
79460,0.019521,0.014791,0.087753
79470,0.016300,0.012177,0.096442
79480,0.021257,0.016130,0.107577
79490,0.014132,0.010716,0.063205
79500,0.019565,0.014885,0.116653
79510,0.024519,0.018133,0.142064
79520,0.016433,0.012292,0.091556
79530,0.006099,0.004272,0.090173
79540,0.023693,0.017722,0.135723
79550,0.020029,0.015280,0.104971
79560,0.023018,0.017601,0.117473
79570,0.000498,0.000398,0.063223
79580,0.012964,0.010014,0.087855
79590,0.025812,0.019416,0.115390
79600,0.022220,0.017898,0.126379
79610,0.015770,0.011708,0.104775
79620,0.013382,0.010340,0.077284
79630,0.015278,0.011643,0.066702
79640,0.006518,0.004754,0.060305
79650,0.011160,0.008124,0.089141
79660,0.025114,0.019209,0.121993
79670,0.012512,0.009617,0.060310
79680,0.015359,0.011367,0.099659
79690,0.018026,0.013756,0.085520
79700,0.021603,0.016381,0.107053
79710,0.011763,0.008945,0.087684
79720,0.037353,0.028582,0.160388
79730,0.028741,0.021918,0.115907
79740,0.031536,0.024016,0.135275
79750,0.018880,0.014527,0.107837
79760,0.015056,0.011363,0.086466
79770,0.003445,0.002529,0.079818
79780,0.014228,0.011096,0.096149
79790,0.007040,0.005144,0.082226
79800,0.033756,0.025943,0.123245
79810,0.014054,0.010573,0.070263
79820,0.029512,0.022296,0.122232
79830,0.022814,0.017306,0.096115
79840,0.021833,0.016759,0.097972
79850,0.012436,0.009138,0.087016
79860,0.022855,0.017431,0.114002
79870,0.010506,0.007679,0.087235
79880,0.009611,0.007233,0.073069
79890,0.039529,0.030394,0.163370
79900,0.021721,0.016920,0.106937
79910,0.000029,0.000025,0.656305
79920,0.020937,0.017115,0.123050
79930,0.012919,0.010060,0.083014
79940,0.016632,0.012825,0.094874
79950,0.011319,0.008597,0.091927
79960,0.014969,0.011287,0.101134
79970,0.020553,0.015869,0.106827
79980,0.028861,0.022019,0.115602
79990,0.009787,0.007076,0.100486
80000,0.007988,0.005680,0.079578
80010,0.021503,0.016285,0.121110
80020,0.020421,0.015642,0.106379
80030,0.008541,0.006764,0.084352
80040,0.017930,0.013848,0.099441
80050,0.028241,0.021781,0.127373
80060,0.001841,0.001990,0.104043
80070,0.027731,0.021285,0.137582
80080,0.000455,0.000319,0.046806
80090,0.019773,0.015061,0.083830
80100,0.014574,0.010944,0.087472
80110,0.036948,0.028730,0.145537
80120,0.007814,0.005698,0.085326
80130,0.008656,0.006388,0.066434
80140,0.004019,0.002862,0.110232
80150,0.013567,0.010399,0.082319
80160,0.000266,0.000295,0.164213
80170,0.008610,0.006581,0.045796
80180,0.010180,0.007617,0.054037
80190,0.018495,0.014100,0.093376
80200,0.018475,0.014048,0.102673
80210,0.020791,0.016089,0.111548
80220,0.009567,0.007266,0.065458
80230,0.026236,0.019949,0.123106
80240,0.019676,0.015157,0.103665
80250,0.021202,0.016197,0.093229
80260,0.011901,0.008849,0.092239
80270,0.009244,0.006802,0.075490
80280,0.016918,0.012937,0.094356
80290,0.012175,0.009197,0.066814
80300,0.034733,0.026261,0.147647
80310,0.021981,0.016429,0.121129
80320,0.025857,0.019969,0.116702
80330,0.023110,0.017558,0.096791
80340,0.019545,0.015041,0.096042
80350,0.024937,0.019162,0.118423
80360,0.007179,0.005439,0.043934
80370,0.021794,0.016501,0.111333
80380,0.019972,0.015273,0.099346
80390,0.007570,0.005221,0.068121
80400,0.007475,0.005883,0.064171
80410,0.011804,0.009108,0.079292
80420,0.030708,0.023588,0.138832
80430,0.023721,0.017996,0.108322
80440,0.005077,0.003716,0.068696
80450,0.020630,0.015893,0.084474
80460,0.013011,0.009755,0.076885
80470,0.024439,0.018869,0.122679
80480,0.003466,0.002382,0.074125
80490,0.022795,0.016985,0.087394
80500,0.020065,0.015446,0.134496
80510,0.008487,0.006608,0.074019
80520,0.020257,0.015240,0.108261
80530,0.020665,0.016052,0.108728
80540,0.030703,0.023420,0.133765
80550,0.026402,0.019892,0.120214
80560,0.031469,0.024093,0.134376
80570,0.021507,0.016255,0.110678
80580,0.021910,0.016847,0.106533
80590,0.022624,0.017412,0.094342
80600,0.043696,0.033372,0.160786
80610,0.024790,0.018909,0.121529
80620,0.006274,0.004859,0.047255
80630,0.008767,0.006694,0.077275
80640,0.021462,0.016482,0.109458
80650,0.009269,0.006700,0.078963
80660,0.029723,0.022989,0.131530
80670,0.029979,0.023071,0.126001
80680,0.015935,0.012039,0.092916
80690,0.022683,0.017259,0.107244
80700,0.010945,0.008019,0.095925
80710,0.013523,0.010208,0.088004
80720,0.018231,0.013719,0.108693
80730,0.013935,0.010708,0.108594
80740,0.021629,0.016888,0.107524
80750,0.013176,0.010076,0.087952
80760,0.021240,0.016327,0.109895
80770,0.016515,0.012812,0.125150
80780,0.017625,0.013519,0.102488
80790,0.017996,0.013379,0.088125
80800,0.019012,0.014706,0.102153
80810,0.014222,0.010818,0.074472
80820,0.020219,0.015644,0.106159
80830,0.017868,0.013471,0.099518
80840,0.017246,0.013107,0.095159
80850,0.008389,0.006186,0.072194
80860,0.035685,0.026884,0.150027
80870,0.019948,0.014960,0.101998
80880,0.008187,0.005639,0.089468
80890,0.018791,0.014596,0.104290
80900,0.024769,0.019049,0.120532
80910,0.022413,0.016266,0.122508
80920,0.015949,0.012157,0.104238
80930,0.006967,0.005171,0.081878
80940,0.023948,0.018477,0.111104
80950,0.041513,0.032375,0.160337
80960,0.022284,0.017030,0.115069
80970,0.016676,0.012298,0.081867
80980,0.005067,0.003788,0.035063
80990,0.014582,0.011406,0.105683
81000,0.029656,0.022823,0.126664
81010,0.022025,0.016200,0.110504
81020,0.013842,0.010280,0.084747
81030,0.010122,0.007451,0.072897
81040,0.022979,0.017555,0.119193
81050,0.018190,0.013753,0.111245
81060,0.011199,0.008527,0.081766
81070,0.013864,0.010627,0.079226
81080,0.030362,0.023568,0.130096
81090,0.010312,0.007731,0.062576
81100,0.010263,0.007659,0.094692
81110,0.024704,0.018759,0.118548
81120,0.015234,0.011350,0.107381
81130,0.004508,0.003354,0.032110
81140,0.015840,0.011772,0.090996
81150,0.003993,0.002671,0.056722
81160,0.002661,0.001631,0.052279
81170,0.009833,0.007217,0.086948
81180,0.020214,0.015533,0.115712
81190,0.015414,0.011572,0.072456
81200,0.011011,0.008196,0.087254
81210,0.011610,0.008938,0.159352
81220,0.010825,0.009301,0.079741
81230,0.019745,0.015021,0.102058
81240,0.021290,0.016574,0.117292
81250,0.026923,0.020453,0.120159
81260,0.018122,0.014000,0.093345
81270,0.016640,0.012647,0.098813
81280,0.004296,0.003155,0.037814
81290,0.024900,0.018923,0.106179
81300,0.019207,0.014885,0.083092
81310,0.019262,0.014452,0.101094
81320,0.018404,0.013646,0.107061
81330,0.012022,0.009049,0.087339
81340,0.015688,0.011913,0.095001
81350,0.002809,0.002096,0.022069
81360,0.018301,0.013862,0.103326
81370,0.008830,0.006679,0.059671
81380,0.025337,0.019303,0.115237
81390,0.020878,0.015745,0.108085
81400,0.018527,0.014069,0.098417
81410,0.020066,0.015512,0.095220
81420,0.018271,0.014092,0.083105
81430,0.014807,0.011014,0.097185
81440,0.011618,0.008493,0.085974
81450,0.016178,0.012327,0.096275
81460,0.034184,0.026204,0.150173
81470,0.025892,0.019461,0.108031
81480,0.033643,0.025703,0.136126
81490,0.040610,0.033719,0.174067
81500,0.022996,0.017454,0.118816
81510,0.027059,0.020490,0.120094
81520,0.003027,0.002056,0.076917
81530,0.000000,0.000000,0.000000
81540,0.020663,0.016000,0.107244
81550,0.017236,0.013045,0.096939
81560,0.017581,0.013898,0.091359
81570,0.010709,0.008226,0.062173
81580,0.018688,0.014438,0.088745
81590,0.036851,0.028471,0.142676
81600,0.022918,0.017623,0.117620
81610,0.008028,0.006095,0.074670
81620,0.016947,0.012987,0.096307
81630,0.021334,0.016187,0.117797
81640,0.018087,0.013636,0.075856
81650,0.008573,0.006365,0.092813
81660,0.018397,0.013919,0.101311
81670,0.012719,0.009552,0.082512
81680,0.005878,0.004150,0.132297
81690,0.018504,0.014063,0.104288
81700,0.001148,0.000848,0.042409
81710,0.017655,0.013549,0.084586
81720,0.007704,0.005580,0.040909
81730,0.024940,0.019200,0.116361
81740,0.012050,0.009125,0.087808
81750,0.007692,0.005869,0.086054
81760,0.018260,0.014077,0.098659
81770,0.020419,0.015582,0.116250
81780,0.025828,0.019488,0.106129
81790,0.021954,0.016585,0.105882
81800,0.014648,0.011058,0.099557
81810,0.017712,0.013706,0.100123
81820,0.016895,0.012817,0.072379
81830,0.005065,0.004010,0.029977
81840,0.028428,0.021106,0.133604
81850,0.013073,0.009684,0.085169
81860,0.034856,0.026643,0.128781
81870,0.017891,0.013454,0.098208
81880,0.038256,0.029301,0.150825
81890,0.007655,0.005831,0.083939
81900,0.009527,0.007080,0.073284
81910,0.001389,0.001243,0.064666
81920,0.024970,0.019073,0.118306
81930,0.020820,0.015821,0.106483
81940,0.025974,0.019869,0.116073
81950,0.011749,0.008712,0.086072
81960,0.042099,0.032356,0.152030
81970,0.039690,0.030237,0.150877
81980,0.016485,0.012324,0.106293
81990,0.011184,0.008617,0.056368
82000,0.010437,0.007236,0.103561
82010,0.018178,0.014150,0.092256
82020,0.020580,0.015764,0.099401
82030,0.009037,0.006610,0.090401
82040,0.010048,0.007685,0.071144
82050,0.017136,0.013047,0.105796
82060,0.016322,0.012363,0.106542
82070,0.030610,0.023403,0.124620
82080,0.003341,0.002323,0.060894
82090,0.012595,0.009711,0.055761
82100,0.018433,0.014309,0.085481
82110,0.028695,0.021742,0.130612
82120,0.017259,0.013559,0.092704
82130,0.013314,0.010234,0.058155
82140,0.019691,0.015274,0.107824
82150,0.019229,0.015012,0.098128
82160,0.031231,0.023442,0.146485
82170,0.021427,0.016135,0.110031
82180,0.033676,0.025407,0.134425
82190,0.008288,0.005701,0.133159
82200,0.026127,0.019755,0.112565
82210,0.027700,0.021431,0.121229
82220,0.024067,0.018640,0.104055
82230,0.011604,0.008483,0.079385
82240,0.025039,0.018866,0.104405
82250,0.021752,0.016910,0.112361
82260,0.006320,0.004750,0.026732
82270,0.023484,0.018017,0.132829
82280,0.009289,0.007088,0.080611
82290,0.018086,0.013728,0.106272
82300,0.009945,0.007503,0.068693
82310,0.018499,0.014139,0.090960
82320,0.020049,0.015442,0.093008
82330,0.018278,0.013172,0.120623
82340,0.026510,0.020624,0.114210
82350,0.029438,0.022422,0.134473
82360,0.022774,0.017053,0.120293
82370,0.014220,0.010921,0.074300
82380,0.003738,0.002864,0.066248
82390,0.021795,0.016868,0.105919
82400,0.021160,0.016197,0.112847
82410,0.018509,0.014436,0.102588
82420,0.007467,0.005468,0.045333
82430,0.014007,0.010120,0.107173
82440,0.009625,0.007160,0.079301
82450,0.017749,0.013679,0.105272
82460,0.037455,0.028648,0.149559
82470,0.018400,0.013839,0.098894
82480,0.025328,0.019283,0.118233
82490,0.028699,0.021799,0.126624
82500,0.021612,0.016332,0.116831
82510,0.029264,0.022294,0.124300
82520,0.012013,0.009154,0.065069
82530,0.017764,0.013702,0.099292
82540,0.015579,0.011863,0.090114
82550,0.030638,0.023447,0.125306
82560,0.017534,0.013340,0.079099
82570,0.021698,0.016935,0.108067
82580,0.008378,0.006084,0.067687
82590,0.009718,0.007206,0.080626
82600,0.026164,0.020009,0.120974
82610,0.028495,0.021586,0.126421
82620,0.026604,0.020176,0.124402
82630,0.034283,0.026243,0.132567
82640,0.030556,0.023223,0.123048
82650,0.022823,0.017409,0.108652
82660,0.005036,0.003909,0.050660
82670,0.008480,0.006161,0.073029
82680,0.016225,0.012576,0.073564
82690,0.016548,0.012641,0.094912
82700,0.025481,0.019602,0.122073
82710,0.017185,0.013310,0.091319
82720,0.027846,0.021179,0.114784
82730,0.020560,0.015735,0.093071
82740,0.027107,0.020689,0.125951
82750,0.022173,0.016575,0.114445
82760,0.018462,0.014404,0.077620
82770,0.013565,0.010447,0.096055
82780,0.023711,0.018128,0.113348
82790,0.021194,0.016182,0.115883
82800,0.009710,0.007435,0.071627
82810,0.022358,0.016894,0.113030
82820,0.010436,0.007904,0.066752
82830,0.021313,0.016406,0.117714
82840,0.013359,0.010316,0.088461
82850,0.014186,0.010601,0.082013
82860,0.016336,0.012300,0.105566
82870,0.028637,0.021667,0.122914
82880,0.009723,0.007033,0.072245
82890,0.017509,0.013768,0.097303
82900,0.015311,0.011496,0.096575
82910,0.017660,0.013498,0.092398
82920,0.025813,0.018983,0.122953
82930,0.042659,0.032477,0.158773
82940,0.014439,0.010891,0.097827
82950,0.001013,0.000703,0.026639
82960,0.012783,0.009702,0.090116
82970,0.030714,0.023522,0.139723
82980,0.039029,0.030604,0.140619
82990,0.026855,0.020203,0.125485
83000,0.011611,0.008207,0.095087
83010,0.004801,0.003362,0.092816
83020,0.020931,0.015945,0.103669
83030,0.010938,0.008212,0.087283
83040,0.029333,0.022528,0.129949
83050,0.008010,0.005883,0.066911
83060,0.042733,0.032604,0.160745
83070,0.018567,0.014062,0.103693
83080,0.013291,0.009945,0.100648
83090,0.026262,0.020126,0.120223
83100,0.002963,0.002234,0.023328
83110,0.031757,0.024313,0.140197
83120,0.013747,0.010374,0.094684
83130,0.032492,0.025494,0.122122
83140,0.026679,0.020408,0.129960
83150,0.022645,0.017344,0.116544
83160,0.017809,0.013608,0.074682
83170,0.019095,0.014640,0.103879
83180,0.020574,0.015518,0.101987
83190,0.031873,0.024303,0.132359
83200,0.014319,0.011024,0.092678
83210,0.014611,0.010973,0.104257
83220,0.011279,0.008246,0.074124
83230,0.008058,0.006267,0.045965
83240,0.034620,0.026285,0.141266
83250,0.031600,0.023952,0.134941
83260,0.024661,0.019327,0.111310
83270,0.010659,0.008046,0.092036
83280,0.025069,0.019096,0.119838
83290,0.017951,0.013477,0.113314
83300,0.011134,0.008387,0.063616
83310,0.030465,0.023168,0.129237
83320,0.009518,0.007045,0.080241
83330,0.024471,0.018814,0.123714
83340,0.039409,0.030241,0.156827
83350,0.017532,0.013207,0.103777
83360,0.015237,0.011683,0.088956
83370,0.024822,0.018641,0.132130
83380,0.000684,0.000571,0.083567
83390,0.029554,0.022535,0.123407
83400,0.009619,0.007252,0.082678
83410,0.009127,0.006603,0.077875
83420,0.004800,0.003535,0.063068
83430,0.020906,0.015931,0.115363
83440,0.019891,0.015122,0.097626
83450,0.005158,0.003538,0.063283
83460,0.012416,0.009172,0.111459
83470,0.011648,0.008841,0.100503
83480,0.009477,0.007120,0.084036
83490,0.020167,0.015148,0.113638
83500,0.008684,0.006517,0.048806
83510,0.031329,0.025163,0.138740
83520,0.029373,0.022283,0.124345
83530,0.010617,0.008503,0.057203
83540,0.011115,0.008258,0.075237
83550,0.018790,0.014229,0.101194
83560,0.015766,0.011889,0.108946
83570,0.025428,0.019601,0.120459
83580,0.016951,0.012777,0.101700
83590,0.011319,0.008653,0.092661
83600,0.024505,0.018929,0.111202
83610,0.019710,0.015011,0.099983
83620,0.011968,0.009196,0.061064
83630,0.004180,0.002533,0.106262
83640,0.025749,0.019973,0.117069
83650,0.023871,0.018350,0.112763
83660,0.034506,0.026602,0.143079
83670,0.016033,0.012130,0.108687
83680,0.015790,0.011574,0.112614
83690,0.033839,0.025903,0.137710
83700,0.026225,0.020000,0.112529
83710,0.009202,0.007060,0.048685
83720,0.015806,0.011892,0.091277
83730,0.014943,0.011390,0.096185
83740,0.008620,0.006803,0.053224
83750,0.007318,0.005424,0.056730
83760,0.010457,0.007964,0.078550
83770,0.016750,0.012858,0.081709
83780,0.019018,0.014699,0.105827
83790,0.022929,0.017955,0.106134
83800,0.019948,0.015142,0.111700
83810,0.000000,0.000000,0.000001
83820,0.038307,0.029207,0.153251
83830,0.025269,0.019545,0.112716
83840,0.012276,0.009068,0.095876
83850,0.019306,0.014744,0.085189
83860,0.028087,0.021676,0.113713
83870,0.004086,0.003115,0.028258
83880,0.000000,0.000000,0.000001
83890,0.023983,0.018406,0.110066
83900,0.017576,0.013352,0.122449
83910,0.033999,0.026204,0.142455
83920,0.037912,0.029095,0.134338
83930,0.004071,0.003127,0.066168
83940,0.010975,0.008304,0.089501
83950,0.018136,0.013615,0.113112
83960,0.016889,0.012874,0.093793
83970,0.019651,0.015426,0.103015
83980,0.017423,0.012898,0.083200
83990,0.030937,0.023743,0.133254
84000,0.003878,0.002960,0.068600
84010,0.019911,0.015524,0.097968
84020,0.009177,0.006777,0.079055
84030,0.013238,0.009860,0.088333
84040,0.005515,0.003990,0.066069
84050,0.011048,0.008490,0.059078
84060,0.011653,0.008508,0.088154
84070,0.014765,0.011065,0.102442
84080,0.011487,0.008710,0.061334
84090,0.013998,0.010898,0.084766
84100,0.020937,0.015863,0.100406
84110,0.022396,0.016833,0.118783
84120,0.014656,0.011322,0.089741
84130,0.030381,0.023016,0.128056
84140,0.016456,0.012119,0.119590
84150,0.020155,0.015191,0.105265
84160,0.012202,0.009335,0.090402
84170,0.018113,0.013596,0.110235
84180,0.000804,0.000432,0.014658
84190,0.011047,0.008229,0.056935
84200,0.011265,0.008338,0.080750
84210,0.018364,0.013896,0.104798
84220,0.008283,0.006226,0.070744
84230,0.013222,0.009831,0.087060
84240,0.022483,0.017120,0.111330
84250,0.026668,0.020330,0.128167
84260,0.001506,0.002356,0.067245
84270,0.012669,0.009787,0.067662
84280,0.019027,0.014462,0.102904
84290,0.026575,0.019990,0.138043
84300,0.022907,0.017638,0.112394
84310,0.000631,0.000476,0.004356
84320,0.028885,0.021946,0.124897
84330,0.010026,0.007510,0.084735
84340,0.021380,0.016063,0.099450
84350,0.022560,0.017041,0.114800
84360,0.001395,0.001097,0.085453
84370,0.039930,0.030509,0.158194
84380,0.005210,0.003587,0.090967
84390,0.012765,0.009749,0.089815
84400,0.010006,0.007069,0.093180
84410,0.009415,0.007030,0.074537
84420,0.025870,0.019984,0.121303
84430,0.011197,0.008396,0.071391
84440,0.015679,0.012022,0.094068
84450,0.005151,0.003642,0.082518
84460,0.010983,0.008420,0.082998
84470,0.022501,0.017183,0.103433
84480,0.013095,0.009867,0.080112
84490,0.015940,0.012629,0.078137
84500,0.013308,0.010070,0.080010
84510,0.020749,0.015786,0.106078
84520,0.012568,0.009431,0.078839
84530,0.005816,0.004196,0.078866
84540,0.010127,0.006689,0.115349
84550,0.026072,0.019857,0.122451
84560,0.034665,0.026464,0.147272
84570,0.003585,0.002690,0.064662
84580,0.011575,0.008696,0.075329
84590,0.013306,0.010352,0.060293
84600,0.015280,0.011282,0.110068
84610,0.014191,0.010966,0.103774
84620,0.011221,0.008670,0.076326
84630,0.022454,0.017019,0.116733
84640,0.011173,0.008572,0.081320
84650,0.024275,0.019293,0.134840
84660,0.009276,0.007005,0.076592
84670,0.014589,0.011065,0.079016
84680,0.016480,0.012584,0.100868
84690,0.038264,0.029005,0.164256
84700,0.026884,0.020515,0.125304
84710,0.012913,0.009834,0.078097
84720,0.011554,0.008607,0.077483
84730,0.046470,0.035526,0.173860
84740,0.012479,0.009463,0.057822
84750,0.027979,0.021544,0.135651
84760,0.009181,0.006586,0.073624
84770,0.020149,0.015240,0.104506
84780,0.027794,0.021105,0.116020
84790,0.011498,0.008839,0.068423
84800,0.014064,0.010781,0.081370
84810,0.011593,0.008363,0.116781
84820,0.007558,0.005976,0.041679
84830,0.029583,0.022477,0.133505
84840,0.009971,0.007506,0.080204
84850,0.008536,0.006516,0.096167
84860,0.023983,0.018598,0.110377
84870,0.029608,0.022734,0.121829
84880,0.006468,0.004578,0.081344
84890,0.014727,0.011121,0.077848
84900,0.010558,0.007071,0.093149
84910,0.017831,0.013626,0.082582
84920,0.020318,0.015275,0.091655
84930,0.010232,0.007696,0.065754
84940,0.008347,0.006128,0.093956
84950,0.010042,0.007556,0.052823
84960,0.033943,0.026259,0.141122
84970,0.017069,0.013070,0.094507
84980,0.020999,0.016095,0.097328
84990,0.019626,0.014911,0.106822
85000,0.005765,0.004031,0.069630
85010,0.022056,0.016636,0.103171
85020,0.006925,0.005065,0.073888
85030,0.029791,0.022609,0.137584
85040,0.012142,0.009185,0.067186
85050,0.023767,0.018184,0.113757
85060,0.020097,0.015148,0.103265
85070,0.013496,0.010234,0.083838
85080,0.022576,0.017029,0.118040
85090,0.018763,0.014221,0.086805
85100,0.018069,0.013740,0.096718
85110,0.014711,0.011148,0.091004
85120,0.022774,0.017299,0.114605
85130,0.008589,0.006456,0.070305
85140,0.016070,0.012389,0.089306
85150,0.022014,0.017146,0.099275
85160,0.009430,0.007106,0.086630
85170,0.025303,0.019464,0.121379
85180,0.016587,0.013067,0.088937
85190,0.024024,0.018213,0.125528
85200,0.015122,0.011420,0.088470
85210,0.016325,0.012406,0.090161
85220,0.017372,0.013345,0.086209
85230,0.017688,0.013304,0.088625
85240,0.009153,0.006905,0.082593
85250,0.024609,0.018966,0.111071
85260,0.018017,0.013623,0.110121
85270,0.012144,0.009306,0.085280
85280,0.029862,0.022692,0.133850
85290,0.012987,0.009902,0.096366
85300,0.022906,0.017396,0.132436
85310,0.024089,0.018624,0.123450
85320,0.023109,0.017587,0.123012
85330,0.030346,0.023787,0.123597
85340,0.020507,0.015909,0.104375
85350,0.022888,0.017050,0.122539
85360,0.025072,0.019255,0.112075
85370,0.008900,0.007290,0.054155
85380,0.022197,0.016939,0.111533
85390,0.016989,0.012623,0.111319
85400,0.016438,0.012372,0.100764
85410,0.033960,0.026276,0.142029
85420,0.009635,0.007315,0.070055
85430,0.015609,0.011528,0.105339
85440,0.002421,0.001793,0.059773
85450,0.002982,0.002098,0.035390
85460,0.013162,0.010389,0.059204
85470,0.029426,0.022617,0.130899
85480,0.024326,0.018365,0.108079
85490,0.020673,0.015920,0.111967
85500,0.021929,0.016723,0.108517
85510,0.008729,0.006435,0.076369
85520,0.015926,0.011941,0.083730
85530,0.021650,0.016283,0.130640
85540,0.015933,0.012029,0.101760
85550,0.028726,0.022052,0.129402
85560,0.005637,0.004269,0.095271
85570,0.023245,0.017921,0.118554
85580,0.031568,0.024155,0.125210
85590,0.027385,0.020853,0.127829
85600,0.017059,0.013060,0.101050
85610,0.018163,0.013827,0.081164
85620,0.011745,0.008909,0.100946
85630,0.004467,0.003291,0.036060
85640,0.026399,0.020781,0.109876
85650,0.017370,0.013178,0.095492
85660,0.020145,0.015392,0.102328
85670,0.030631,0.023163,0.106263
85680,0.010666,0.008113,0.062902
85690,0.011677,0.008954,0.080528
85700,0.010383,0.007858,0.053919
85710,0.014018,0.010705,0.086906
85720,0.007157,0.004831,0.085168
85730,0.024045,0.018282,0.112145
85740,0.017439,0.013233,0.097969
85750,0.028983,0.022538,0.120929
85760,0.022042,0.016982,0.109511
85770,0.004874,0.003692,0.029613
85780,0.023499,0.018253,0.119392
85790,0.020981,0.016207,0.100733
85800,0.014937,0.011657,0.074215
85810,0.027752,0.021208,0.134868
85820,0.018921,0.014220,0.093556
85830,0.006569,0.004906,0.058299
85840,0.034856,0.026141,0.143712
85850,0.027084,0.020748,0.122004
85860,0.015021,0.011542,0.093340
85870,0.029551,0.022418,0.128685
85880,0.017432,0.013542,0.081058
85890,0.005666,0.004079,0.084279
85900,0.016001,0.012343,0.087853
85910,0.029140,0.022598,0.118700
85920,0.008883,0.006590,0.077957
85930,0.000481,0.000455,0.001240
85940,0.010064,0.007529,0.079222
85950,0.031174,0.024031,0.129692
85960,0.005674,0.004081,0.083813
85970,0.003775,0.002900,0.045206
85980,0.005077,0.003920,0.032310
85990,0.020606,0.016029,0.111371
86000,0.018412,0.014496,0.102001
86010,0.008902,0.006741,0.071612
86020,0.010063,0.007744,0.070788
86030,0.005765,0.004079,0.062630
86040,0.014949,0.011821,0.096998
86050,0.018336,0.014213,0.109177
86060,0.012493,0.008816,0.105748
86070,0.015566,0.011780,0.088162
86080,0.013299,0.010031,0.090677
86090,0.027640,0.021117,0.131907
86100,0.022573,0.017076,0.116202
86110,0.020231,0.015272,0.115008
86120,0.029044,0.022331,0.120084
86130,0.018445,0.014199,0.080855
86140,0.010197,0.007501,0.084961
86150,0.024371,0.018562,0.111219
86160,0.025132,0.019294,0.129278
86170,0.001202,0.001024,0.011426
86180,0.024917,0.019087,0.104136
86190,0.019297,0.014405,0.098259
86200,0.015510,0.011690,0.096744
86210,0.014756,0.011221,0.074385
86220,0.032800,0.025229,0.126870
86230,0.007710,0.005652,0.067071
86240,0.021933,0.016524,0.098077
86250,0.011539,0.008404,0.101216
86260,0.028485,0.021992,0.116032
86270,0.030960,0.024003,0.132675
86280,0.007279,0.005471,0.056687
86290,0.021891,0.016779,0.104685
86300,0.018747,0.014187,0.084869
86310,0.016378,0.012392,0.096004
86320,0.017225,0.012669,0.095561
86330,0.016471,0.012471,0.078950
86340,0.024068,0.018740,0.117465
86350,0.021664,0.016155,0.119781
86360,0.019694,0.014722,0.114665
86370,0.018950,0.014726,0.084875
86380,0.025808,0.019591,0.111080
86390,0.015229,0.011712,0.089428
86400,0.026403,0.019931,0.113845
86410,0.029323,0.022167,0.131025
86420,0.008399,0.005925,0.071834
86430,0.009431,0.006238,0.108120
86440,0.027014,0.020823,0.111391
86450,0.007499,0.006358,0.138330
86460,0.004337,0.003059,0.064309
86470,0.033590,0.025829,0.140603
86480,0.026287,0.019871,0.119894
86490,0.008853,0.006627,0.069565
86500,0.003762,0.002645,0.053594
86510,0.015392,0.011428,0.110189
86520,0.015570,0.011938,0.061160
86530,0.023619,0.018129,0.091119
86540,0.009781,0.007659,0.053416
86550,0.020085,0.015336,0.103805
86560,0.010106,0.007467,0.094997
86570,0.019283,0.014791,0.104340
86580,0.021184,0.015852,0.104168
86590,0.029203,0.022452,0.129575
86600,0.019135,0.014553,0.101306
86610,0.003572,0.002869,0.034627
86620,0.029637,0.023027,0.131475
86630,0.029105,0.022234,0.130676
86640,0.025946,0.020369,0.119149
86650,0.022961,0.017860,0.104290
86660,0.001231,0.000899,0.011423
86670,0.017655,0.013378,0.101695
86680,0.018782,0.013391,0.113676
86690,0.027433,0.021850,0.128402
86700,0.011079,0.008146,0.078490
86710,0.010558,0.008087,0.046991
86720,0.014596,0.010747,0.107302
86730,0.026579,0.020027,0.116086
86740,0.009640,0.007129,0.077397
86750,0.021129,0.016449,0.097405
86760,0.015386,0.011726,0.087762
86770,0.017636,0.013452,0.093501
86780,0.011464,0.008455,0.092302
86790,0.034383,0.026251,0.142797
86800,0.015681,0.011743,0.100296
86810,0.010789,0.008013,0.086900
86820,0.017677,0.013427,0.079453
86830,0.024961,0.018959,0.117630
86840,0.009738,0.007516,0.082027
86850,0.018894,0.014450,0.102513
86860,0.010870,0.007996,0.086260
86870,0.035506,0.027168,0.152325
86880,0.033650,0.025479,0.137892
86890,0.022074,0.017948,0.113618
86900,0.017644,0.013642,0.068399
86910,0.002090,0.001629,0.017899
86920,0.054863,0.041867,0.194843
86930,0.026788,0.020223,0.116794
86940,0.020607,0.015821,0.105708
86950,0.016265,0.012132,0.108174
86960,0.018742,0.014447,0.099724
86970,0.008932,0.008816,0.087242
86980,0.020438,0.015823,0.111588
86990,0.023207,0.017020,0.114141
87000,0.028106,0.021845,0.118881
87010,0.008976,0.006655,0.090892
87020,0.034299,0.026519,0.145076
87030,0.009441,0.006827,0.077294
87040,0.014877,0.011413,0.067353
87050,0.020502,0.015475,0.099197
87060,0.026997,0.020847,0.126508
87070,0.023694,0.018292,0.114495
87080,0.017569,0.013151,0.076464
87090,0.020314,0.015423,0.095661
87100,0.021697,0.017119,0.116034
87110,0.016623,0.012777,0.089906
87120,0.003318,0.002361,0.067070
87130,0.003300,0.002496,0.046300
87140,0.011350,0.008744,0.089136
87150,0.017558,0.013602,0.073219
87160,0.014015,0.010627,0.078070
87170,0.016235,0.012256,0.093893
87180,0.016084,0.012214,0.107689
87190,0.037566,0.028539,0.148217
87200,0.022807,0.017408,0.103216
87210,0.027837,0.021393,0.122050
87220,0.024887,0.019521,0.111802
87230,0.036086,0.027571,0.145899
87240,0.017491,0.013553,0.092672
87250,0.014988,0.011330,0.101977
87260,0.024624,0.018804,0.114285
87270,0.000000,0.000001,0.000002
87280,0.011324,0.008784,0.056741
87290,0.012828,0.009730,0.078234
87300,0.021826,0.016458,0.109134
87310,0.033710,0.026373,0.126657
87320,0.018614,0.014303,0.102708
87330,0.024360,0.018500,0.133248
87340,0.005297,0.004494,0.070910
87350,0.027589,0.021370,0.119088
87360,0.016429,0.012518,0.086546
87370,0.009626,0.007011,0.085381
87380,0.023760,0.018579,0.115304
87390,0.011466,0.008677,0.081395
87400,0.030491,0.023356,0.129927
87410,0.024102,0.018365,0.111900
87420,0.031333,0.023699,0.144196
87430,0.025365,0.019119,0.119575
87440,0.023518,0.018063,0.114452
87450,0.016230,0.012628,0.100992
87460,0.011220,0.008507,0.081241
87470,0.017937,0.013550,0.097674
87480,0.035480,0.027235,0.145695
87490,0.020434,0.015679,0.094290
87500,0.019389,0.014699,0.116648
87510,0.002220,0.001729,0.050327
87520,0.018772,0.013998,0.108156
87530,0.015135,0.011157,0.092649
87540,0.021456,0.015949,0.112427
87550,0.031724,0.024221,0.139919
87560,0.019213,0.014601,0.102347
87570,0.002924,0.002139,0.050427
87580,0.022156,0.016775,0.109295
87590,0.019084,0.014853,0.075589
87600,0.022025,0.016871,0.093341
87610,0.015690,0.012316,0.090861
87620,0.017602,0.013000,0.106261
87630,0.013561,0.010031,0.095268
87640,0.020453,0.015777,0.109428
87650,0.004094,0.002922,0.052547
87660,0.012019,0.009229,0.054433
87670,0.010980,0.008280,0.075146
87680,0.010961,0.008413,0.078939
87690,0.011558,0.008748,0.091747
87700,0.017334,0.013365,0.098432
87710,0.021751,0.016592,0.087608
87720,0.012322,0.008996,0.095701
87730,0.036194,0.027308,0.146796
87740,0.012373,0.009437,0.089360
87750,0.021416,0.016452,0.121309
87760,0.011293,0.008662,0.054896
87770,0.024426,0.018997,0.122176
87780,0.001664,0.001315,0.014937
87790,0.029515,0.022077,0.129244
87800,0.009269,0.006623,0.106011
87810,0.015648,0.011823,0.089270
87820,0.025128,0.018476,0.122261
87830,0.016439,0.012130,0.092146
87840,0.008566,0.006165,0.084394
87850,0.011218,0.008446,0.100687
87860,0.029648,0.022982,0.130689
87870,0.012650,0.009592,0.085840
87880,0.001817,0.001257,0.105836
87890,0.019864,0.015107,0.108263
87900,0.015242,0.011516,0.104798
87910,0.027585,0.022794,0.119105
87920,0.012995,0.009604,0.105528
87930,0.035703,0.027127,0.142920
87940,0.017786,0.013411,0.103372
87950,0.022945,0.017587,0.116711
87960,0.008043,0.006016,0.075253
87970,0.018328,0.013927,0.095285
87980,0.004281,0.003111,0.074871
87990,0.017070,0.012379,0.127072
88000,0.018622,0.014241,0.081543
88010,0.016070,0.012081,0.072097
88020,0.010341,0.007682,0.090318
88030,0.010092,0.007465,0.084423
88040,0.009320,0.007008,0.069701
88050,0.001875,0.001320,0.027226
88060,0.010279,0.007684,0.073704
88070,0.010323,0.007712,0.077303
88080,0.021511,0.016410,0.112753
88090,0.024348,0.018778,0.123550
88100,0.008994,0.006757,0.066124
88110,0.005426,0.004288,0.032644
88120,0.016448,0.012364,0.107754
88130,0.015180,0.011176,0.107654
88140,0.004087,0.003139,0.069767
88150,0.034842,0.026765,0.141137
88160,0.041356,0.031544,0.164447
88170,0.027274,0.020640,0.122554
88180,0.009716,0.007340,0.053174
88190,0.016061,0.012435,0.084747
88200,0.014984,0.011563,0.066612
88210,0.006781,0.004993,0.084100
88220,0.019171,0.014499,0.093539
88230,0.018755,0.014338,0.086979
88240,0.014711,0.010991,0.080922
88250,0.008876,0.006545,0.070567
88260,0.019565,0.014700,0.104154
88270,0.021819,0.016887,0.096472
88280,0.012820,0.009725,0.086950
88290,0.018541,0.013927,0.100146
88300,0.019085,0.014717,0.106907
88310,0.024852,0.018860,0.116267
88320,0.001731,0.001185,0.071027
88330,0.012977,0.009829,0.084630
88340,0.013973,0.010580,0.082096
88350,0.035319,0.026876,0.140382
88360,0.014556,0.011414,0.086632
88370,0.011762,0.008955,0.088046
88380,0.012387,0.009285,0.088004
88390,0.017621,0.013564,0.096716
88400,0.029054,0.022377,0.118439
88410,0.007636,0.005380,0.089697
88420,0.013423,0.010179,0.060025
88430,0.008673,0.006494,0.047178
88440,0.032089,0.024177,0.128009
88450,0.009262,0.007238,0.046612
88460,0.002643,0.001934,0.070887
88470,0.024160,0.018652,0.112827
88480,0.023609,0.018256,0.123428
88490,0.007973,0.005833,0.085740
88500,0.022066,0.017344,0.104673
88510,0.003068,0.002389,0.049103
88520,0.022825,0.017646,0.114918
88530,0.001813,0.001348,0.053340
88540,0.024649,0.018785,0.127075
88550,0.015438,0.011726,0.093138
88560,0.017610,0.012975,0.117770
88570,0.010274,0.007747,0.085715
88580,0.028767,0.022049,0.127711
88590,0.023864,0.018158,0.113690
88600,0.008014,0.006036,0.103028
88610,0.027243,0.020983,0.121016
88620,0.001449,0.001051,0.010389
88630,0.011504,0.008828,0.097554
88640,0.024745,0.019503,0.115758
88650,0.010448,0.007961,0.082742
88660,0.019424,0.014154,0.116887
88670,0.011823,0.008670,0.079065
88680,0.030816,0.023341,0.137598
88690,0.014279,0.010859,0.096477
88700,0.021224,0.016058,0.119027
88710,0.007531,0.005631,0.067239
88720,0.017523,0.012997,0.083147
88730,0.022032,0.016832,0.114792
88740,0.002741,0.002054,0.023333
88750,0.021729,0.016677,0.112837
88760,0.025668,0.019511,0.117684
88770,0.014392,0.011089,0.091784
88780,0.035353,0.026959,0.144301
88790,0.007708,0.005966,0.062477
88800,0.024052,0.018040,0.121877
88810,0.048283,0.036694,0.178922
88820,0.041742,0.032232,0.154389
88830,0.002916,0.002010,0.060352
88840,0.020867,0.016029,0.086661
88850,0.016194,0.012762,0.094305
88860,0.023594,0.017876,0.116684
88870,0.016959,0.012968,0.092820
88880,0.017847,0.013906,0.083301
88890,0.001235,0.000941,0.059444
88900,0.004613,0.003282,0.113261
88910,0.011228,0.008337,0.063577
88920,0.025493,0.019594,0.114372
88930,0.005975,0.004492,0.060257
88940,0.020197,0.015221,0.091420
88950,0.016965,0.012826,0.101303
88960,0.004798,0.003599,0.074057
88970,0.029182,0.022210,0.125320
88980,0.010192,0.006995,0.100063
88990,0.024655,0.018678,0.120235
89000,0.020712,0.015111,0.117692
89010,0.020436,0.015496,0.097708
89020,0.010479,0.007910,0.084763
89030,0.024814,0.019041,0.131591
89040,0.025766,0.019214,0.126243
89050,0.000779,0.000591,0.022835
89060,0.007285,0.005254,0.080868
89070,0.016753,0.012757,0.094494
89080,0.027774,0.021266,0.127006
89090,0.024927,0.019209,0.116689
89100,0.004775,0.003884,0.027542
89110,0.015421,0.011906,0.077484
89120,0.011879,0.008982,0.090000
89130,0.001834,0.001213,0.014290
89140,0.010511,0.007565,0.076683
89150,0.021560,0.016435,0.118334
89160,0.008670,0.006726,0.046800
89170,0.032088,0.024593,0.128559
89180,0.008401,0.006559,0.074676
89190,0.030078,0.022962,0.124469
89200,0.015294,0.011337,0.102915
89210,0.027603,0.021168,0.129814
89220,0.022978,0.017631,0.116489
89230,0.024297,0.018498,0.099085
89240,0.013010,0.009699,0.087334
89250,0.015352,0.011305,0.103092
89260,0.042525,0.032454,0.145364
89270,0.030256,0.023139,0.118665
89280,0.035331,0.027806,0.151565
89290,0.008865,0.006812,0.041801
89300,0.003542,0.002347,0.075332
89310,0.028902,0.022193,0.110724
89320,0.032403,0.024469,0.151222
89330,0.013178,0.009802,0.109314
89340,0.027642,0.021174,0.128161
89350,0.000001,0.000001,0.000003
89360,0.002422,0.001783,0.060431
89370,0.022420,0.017328,0.107248
89380,0.007361,0.005644,0.063682
89390,0.011332,0.008767,0.055700
89400,0.021194,0.016387,0.104738
89410,0.011597,0.009132,0.078036
89420,0.015295,0.011860,0.089098
89430,0.012700,0.009225,0.096634
89440,0.037018,0.028430,0.141805
89450,0.027608,0.021287,0.125580
89460,0.014449,0.011093,0.094567
89470,0.006218,0.004557,0.058162
89480,0.017294,0.013166,0.092474
89490,0.024819,0.018657,0.110770
89500,0.018044,0.013783,0.104070
89510,0.013557,0.010315,0.097425
89520,0.020010,0.015508,0.097839
89530,0.017323,0.013439,0.104683
89540,0.030331,0.023511,0.127386
89550,0.019560,0.015134,0.111678
89560,0.031524,0.023969,0.123041
89570,0.022866,0.017672,0.104039
89580,0.015539,0.012013,0.072251
89590,0.012061,0.009233,0.131062
89600,0.012338,0.009335,0.104950
89610,0.033718,0.025754,0.144073
89620,0.020972,0.016351,0.097262
89630,0.013633,0.010177,0.105892
89640,0.014722,0.011247,0.082610
89650,0.020989,0.016253,0.105681
89660,0.019556,0.015044,0.092945
89670,0.008625,0.006710,0.048610
89680,0.002412,0.001688,0.078415
89690,0.038664,0.029350,0.151741
89700,0.007764,0.005922,0.047295
89710,0.008268,0.005900,0.083675
89720,0.011955,0.009383,0.067436
89730,0.009027,0.006872,0.071875
89740,0.027396,0.020632,0.110258
89750,0.018627,0.014114,0.080375
89760,0.008784,0.006482,0.065789
89770,0.012761,0.009718,0.085942
89780,0.014857,0.011268,0.089839
89790,0.017711,0.013421,0.104729
89800,0.028933,0.022213,0.120827
89810,0.019086,0.014532,0.103899
89820,0.008166,0.006296,0.062848
89830,0.019459,0.016113,0.097533
89840,0.010777,0.007986,0.084192
89850,0.009399,0.007252,0.063887
89860,0.001581,0.001085,0.111670
89870,0.022863,0.017651,0.112239
89880,0.016741,0.012910,0.073604
89890,0.011480,0.008747,0.096045
89900,0.014796,0.011400,0.083176
89910,0.019274,0.014862,0.104248
89920,0.009873,0.007395,0.091100
89930,0.015538,0.011852,0.092255
89940,0.010410,0.007723,0.098371
89950,0.032175,0.025105,0.136151
89960,0.009621,0.006865,0.067155
89970,0.012283,0.009476,0.073929
89980,0.017318,0.012878,0.087914
89990,0.015951,0.011783,0.102496
90000,0.000836,0.000681,0.071657
90010,0.024544,0.018923,0.113509
90020,0.015998,0.012224,0.095615
90030,0.005689,0.004160,0.076492
90040,0.021062,0.015931,0.101703
90050,0.017631,0.013463,0.093930
90060,0.036723,0.027914,0.147056
90070,0.010854,0.008289,0.066768
90080,0.011407,0.008663,0.080633
90090,0.018896,0.014639,0.101468
90100,0.007554,0.005374,0.085377
90110,0.007319,0.005583,0.067776
90120,0.003814,0.002572,0.091622
90130,0.009102,0.006658,0.047325
90140,0.031024,0.023494,0.129508
90150,0.012560,0.009458,0.078940
90160,0.015343,0.011277,0.093712
90170,0.036524,0.027792,0.144655
90180,0.007927,0.005930,0.048427
90190,0.031882,0.024378,0.137956
90200,0.006495,0.004897,0.057930
90210,0.032935,0.025258,0.142984
90220,0.035742,0.027351,0.126876
90230,0.009548,0.007045,0.072911
90240,0.027132,0.020691,0.128767
90250,0.024856,0.019182,0.136393
90260,0.018005,0.013781,0.102384
90270,0.013698,0.010361,0.086224
90280,0.029373,0.022444,0.141236
90290,0.026527,0.020204,0.119595
90300,0.047612,0.036254,0.176833
90310,0.015206,0.011555,0.114670
90320,0.022464,0.017268,0.118408
90330,0.014109,0.010615,0.078689
90340,0.013809,0.010665,0.084070
90350,0.011548,0.008841,0.086444
90360,0.016281,0.012397,0.085919
90370,0.017727,0.013510,0.097744
90380,0.015874,0.011953,0.085672
90390,0.016633,0.012955,0.089383
90400,0.007843,0.005788,0.077566
90410,0.016622,0.012615,0.074041
90420,0.008952,0.005987,0.102648
90430,0.011468,0.008592,0.090854
90440,0.030218,0.023041,0.131210
90450,0.035293,0.027048,0.143311
90460,0.022268,0.016328,0.124135
90470,0.026807,0.019801,0.125161
90480,0.016471,0.012348,0.094656
90490,0.033745,0.025811,0.139745
90500,0.004649,0.003383,0.040391
90510,0.030477,0.023130,0.123071
90520,0.018404,0.013789,0.113410
90530,0.009758,0.007364,0.046934
90540,0.011172,0.008326,0.088035
90550,0.016196,0.012126,0.103022
90560,0.014445,0.010561,0.069512
90570,0.024801,0.019110,0.110477
90580,0.014629,0.011111,0.067367
90590,0.017371,0.013157,0.088899
90600,0.018115,0.013982,0.106180
90610,0.031461,0.024218,0.137055
90620,0.021137,0.015925,0.110894
90630,0.027793,0.021106,0.122812
90640,0.015334,0.011800,0.085195
90650,0.010690,0.008204,0.078178
90660,0.034271,0.026174,0.149691
90670,0.006544,0.004833,0.044392
90680,0.015147,0.011324,0.090354
90690,0.017798,0.013493,0.073046
90700,0.003009,0.002277,0.026088
90710,0.027986,0.022220,0.131563
90720,0.024833,0.018854,0.112403
90730,0.015284,0.011462,0.099249
90740,0.023584,0.017998,0.113890
90750,0.008922,0.006527,0.072868
90760,0.023231,0.017727,0.111444
90770,0.015033,0.011304,0.093928
90780,0.014843,0.010903,0.099796
90790,0.026902,0.020451,0.125898
90800,0.031790,0.024239,0.152768
90810,0.033724,0.026814,0.151738
90820,0.009390,0.006918,0.084995
90830,0.017402,0.013193,0.099763
90840,0.006976,0.004662,0.096624
90850,0.014675,0.011222,0.078845
90860,0.008794,0.006522,0.067896
90870,0.027861,0.021246,0.125186
90880,0.011497,0.008840,0.064017
90890,0.017624,0.013290,0.105144
90900,0.014889,0.011178,0.097289
90910,0.030777,0.023211,0.130041
90920,0.007651,0.005938,0.062896
90930,0.038455,0.029351,0.154114
90940,0.017170,0.013230,0.098174
90950,0.009191,0.006636,0.086758
90960,0.033282,0.025533,0.145464
90970,0.027006,0.020838,0.126869
90980,0.021619,0.016475,0.102517
90990,0.018738,0.014590,0.079275
91000,0.017823,0.013642,0.093729
91010,0.020365,0.015676,0.102144
91020,0.030015,0.023102,0.122564
91030,0.024386,0.018584,0.111149
91040,0.008341,0.006467,0.100228
91050,0.015094,0.011658,0.073265
91060,0.032441,0.024913,0.132379
91070,0.028315,0.021786,0.136341
91080,0.010343,0.008108,0.078542
91090,0.024272,0.018364,0.106001
91100,0.016609,0.012854,0.080253
91110,0.023268,0.017866,0.109963
91120,0.018718,0.014288,0.084531
91130,0.013385,0.010114,0.069518
91140,0.015031,0.011188,0.096068
91150,0.019086,0.014496,0.103323
91160,0.010914,0.008127,0.069252
91170,0.018385,0.013915,0.102604
91180,0.017497,0.013121,0.107375
91190,0.021901,0.016414,0.120455
91200,0.014864,0.011654,0.090559
91210,0.007428,0.005608,0.065445
91220,0.005297,0.003843,0.083578
91230,0.011810,0.008909,0.069188
91240,0.013037,0.009533,0.105648
91250,0.005899,0.004304,0.071411
91260,0.018663,0.014218,0.103470
91270,0.004548,0.003380,0.078732
91280,0.014485,0.010867,0.066834
91290,0.016929,0.012810,0.097018
91300,0.017319,0.013037,0.093883
91310,0.020937,0.015945,0.108956
91320,0.026566,0.020738,0.119530
91330,0.018961,0.014311,0.108237
91340,0.020793,0.015629,0.099590
91350,0.013746,0.010582,0.085783
91360,0.016638,0.013096,0.081541
91370,0.014351,0.011018,0.069675
91380,0.023265,0.017750,0.108231
91390,0.029278,0.022352,0.133036
91400,0.016455,0.012574,0.089238
91410,0.020269,0.015345,0.101606
91420,0.020636,0.015577,0.111517
91430,0.009017,0.006507,0.100927
91440,0.008764,0.007037,0.078422
91450,0.010116,0.007750,0.068900
91460,0.025020,0.019155,0.107127
91470,0.014929,0.011222,0.103323
91480,0.016299,0.012468,0.087169
91490,0.000451,0.000274,0.063471
91500,0.023244,0.018014,0.104874
91510,0.021112,0.016278,0.096085
91520,0.016063,0.011866,0.103889
91530,0.016697,0.012476,0.104927
91540,0.012617,0.009217,0.092025
91550,0.009914,0.007400,0.079342
91560,0.017249,0.013386,0.072028
91570,0.002061,0.001452,0.052726
91580,0.033618,0.025792,0.139045
91590,0.010664,0.008430,0.061339
91600,0.007137,0.005304,0.066403
91610,0.009336,0.006975,0.084026
91620,0.010551,0.008102,0.060275
91630,0.008263,0.006253,0.064592
91640,0.033332,0.025769,0.126351
91650,0.021763,0.016425,0.111674
91660,0.020463,0.015794,0.101966
91670,0.012826,0.009697,0.081425
91680,0.016732,0.012677,0.092913
91690,0.029132,0.022172,0.121541
91700,0.012454,0.009673,0.078449
91710,0.031161,0.023830,0.130875
91720,0.007711,0.005711,0.064408
91730,0.021458,0.016829,0.105435
91740,0.022936,0.017543,0.104297
91750,0.045834,0.035433,0.163809
91760,0.010699,0.008002,0.080799
91770,0.040741,0.031034,0.162638
91780,0.001263,0.000841,0.056364
91790,0.025241,0.019025,0.115070
91800,0.009727,0.007648,0.057422
91810,0.023552,0.017793,0.100308
91820,0.031464,0.024271,0.140386
91830,0.015071,0.011526,0.065591
91840,0.011013,0.008581,0.082858
91850,0.008943,0.006850,0.082825
91860,0.028073,0.021515,0.131392
91870,0.017738,0.013277,0.128680
91880,0.020842,0.015750,0.103164
91890,0.022998,0.017567,0.095440
91900,0.015107,0.011367,0.098293
91910,0.012140,0.009005,0.092116
91920,0.015764,0.012550,0.090625
91930,0.027729,0.021253,0.134366
91940,0.028794,0.021591,0.139398
91950,0.007318,0.005007,0.061315
91960,0.009714,0.007912,0.115545
91970,0.011291,0.008458,0.080948
91980,0.012918,0.010018,0.057023
91990,0.019163,0.014769,0.110367
92000,0.008558,0.006490,0.068659
92010,0.039051,0.029887,0.140965
92020,0.030966,0.024014,0.138066
92030,0.007631,0.005911,0.066861
92040,0.019206,0.014478,0.109300
92050,0.010144,0.007547,0.056757
92060,0.015401,0.011401,0.100538
92070,0.022641,0.017351,0.089817
92080,0.024339,0.018696,0.113564
92090,0.018407,0.013801,0.105574
92100,0.020120,0.015432,0.107497
92110,0.000517,0.000397,0.035651
92120,0.016167,0.012464,0.080092
92130,0.034104,0.025866,0.140551
92140,0.012244,0.009147,0.091132
92150,0.009288,0.007389,0.075324
92160,0.011330,0.008430,0.095777
92170,0.011881,0.008868,0.066612
92180,0.011078,0.008351,0.055549
92190,0.016987,0.013164,0.099530
92200,0.016168,0.012420,0.094719
92210,0.022505,0.017254,0.110308
92220,0.026954,0.021496,0.117763
92230,0.017244,0.013160,0.081827
92240,0.010774,0.008424,0.068243
92250,0.016568,0.012329,0.091646
92260,0.005312,0.003692,0.059945
92270,0.021102,0.016292,0.111161
92280,0.000297,0.000442,0.004532
92290,0.016247,0.012497,0.070116
92300,0.013674,0.010342,0.082911
92310,0.011785,0.009607,0.081035
92320,0.034897,0.026878,0.143079
92330,0.028403,0.022118,0.130059
92340,0.002139,0.001641,0.037884
92350,0.000448,0.000338,0.033695
92360,0.025270,0.019485,0.116197
92370,0.027916,0.021069,0.112853
92380,0.030002,0.023098,0.128346
92390,0.005353,0.003830,0.064930
92400,0.011677,0.008530,0.102601
92410,0.025505,0.019565,0.116248
92420,0.028496,0.021931,0.121685
92430,0.007957,0.005724,0.075988
92440,0.016200,0.012297,0.091926
92450,0.000000,0.000001,0.000002
92460,0.011314,0.008876,0.069580
92470,0.005865,0.004913,0.037866
92480,0.023518,0.018246,0.098881
92490,0.022451,0.017330,0.109355
92500,0.022367,0.017660,0.093983
92510,0.027350,0.021183,0.131683
92520,0.003800,0.002936,0.038421
92530,0.020357,0.015621,0.095377
92540,0.019136,0.014599,0.100613
92550,0.008527,0.006399,0.067670
92560,0.018168,0.013750,0.100343
92570,0.034010,0.025960,0.141042
92580,0.033422,0.025785,0.129512
92590,0.012160,0.009242,0.080335
92600,0.018292,0.013889,0.090539
92610,0.002985,0.002095,0.043656
92620,0.010716,0.008122,0.060618
92630,0.019427,0.015176,0.099988
92640,0.002651,0.001775,0.094747
92650,0.034858,0.026959,0.149946
92660,0.032925,0.025174,0.128294
92670,0.030283,0.023002,0.132926
92680,0.013448,0.009905,0.106836
92690,0.015450,0.011757,0.090475
92700,0.016517,0.012188,0.093031
92710,0.025117,0.019280,0.105322
92720,0.007609,0.005850,0.061188
92730,0.020156,0.015453,0.107579
92740,0.027164,0.020799,0.122588
92750,0.010304,0.007703,0.064691
92760,0.013573,0.010239,0.096304
92770,0.024580,0.018901,0.125006
92780,0.013561,0.010257,0.094528
92790,0.022491,0.017459,0.129289
92800,0.024929,0.018767,0.119104
92810,0.021979,0.017154,0.103754
92820,0.020895,0.015915,0.101528
92830,0.005664,0.004275,0.038353
92840,0.009730,0.007125,0.081473
92850,0.016085,0.012396,0.081949
92860,0.012138,0.009540,0.069393
92870,0.011071,0.008259,0.101821
92880,0.010120,0.006958,0.075671
92890,0.015252,0.011775,0.084615
92900,0.010657,0.008095,0.088149
92910,0.026494,0.020536,0.139901
92920,0.016955,0.012813,0.090979
92930,0.012249,0.009713,0.056331
92940,0.031102,0.023824,0.128950
92950,0.028670,0.022113,0.132309
92960,0.017696,0.013684,0.093450
92970,0.012359,0.009686,0.071859
92980,0.009222,0.006793,0.079359
92990,0.021909,0.016614,0.107338
93000,0.022454,0.017151,0.115296
93010,0.020869,0.016191,0.081826
93020,0.011709,0.008724,0.080947
93030,0.019719,0.014954,0.106658
93040,0.016213,0.012229,0.089230
93050,0.002451,0.001765,0.012276
93060,0.022255,0.017032,0.104492
93070,0.010749,0.008219,0.058887
93080,0.030033,0.023233,0.113740
93090,0.016619,0.012910,0.088443
93100,0.012301,0.009753,0.078487
93110,0.016067,0.012273,0.088192
93120,0.015338,0.011586,0.067008
93130,0.017645,0.013561,0.094445
93140,0.007822,0.005535,0.081324
93150,0.023784,0.018310,0.107732
93160,0.015079,0.011346,0.099316
93170,0.009521,0.006994,0.086675
93180,0.007036,0.005240,0.059762
93190,0.027529,0.021202,0.121490
93200,0.013271,0.010854,0.090052
93210,0.019602,0.015271,0.093883
93220,0.023022,0.018056,0.112176
93230,0.019467,0.014843,0.086828
93240,0.021498,0.016391,0.090545
93250,0.008914,0.006565,0.089129
93260,0.024478,0.018688,0.120733
93270,0.015185,0.011466,0.112348
93280,0.030301,0.023245,0.130694
93290,0.026414,0.022345,0.118237
93300,0.042650,0.032481,0.160530
93310,0.002996,0.001821,0.066101
93320,0.014062,0.010658,0.088460
93330,0.027258,0.021074,0.121824
93340,0.011712,0.008869,0.081306
93350,0.012650,0.009562,0.073970
93360,0.026285,0.020165,0.118914
93370,0.026730,0.020329,0.123409
93380,0.019523,0.014884,0.090585
93390,0.009152,0.006748,0.139589
93400,0.028581,0.022083,0.117448
93410,0.014313,0.010959,0.088449
93420,0.019756,0.015409,0.093094
93430,0.033938,0.026103,0.136241
93440,0.030030,0.023025,0.136281
93450,0.021468,0.016409,0.107218
93460,0.017040,0.013031,0.104667
93470,0.016217,0.012225,0.089692
93480,0.015344,0.011591,0.095352
93490,0.027896,0.021619,0.131778
93500,0.016739,0.012700,0.095405
93510,0.013990,0.010976,0.097543
93520,0.007528,0.005727,0.062444
93530,0.015811,0.012008,0.101619
93540,0.015354,0.011659,0.088250
93550,0.015621,0.012237,0.070349
93560,0.007427,0.005720,0.061345
93570,0.011346,0.008636,0.085572
93580,0.018001,0.013438,0.107488
93590,0.032770,0.024905,0.133228
93600,0.002539,0.001666,0.080003
93610,0.011601,0.008653,0.051079
93620,0.018831,0.014420,0.088547
93630,0.000000,0.000000,0.000000
93640,0.019908,0.014916,0.112292
93650,0.029638,0.022778,0.114620
93660,0.008611,0.007412,0.073753
93670,0.014287,0.011278,0.079684
93680,0.008377,0.006125,0.070478
93690,0.007751,0.005795,0.071636
93700,0.019653,0.014878,0.101981
93710,0.015552,0.011713,0.097287
93720,0.025174,0.019353,0.120416
93730,0.036575,0.028408,0.152560
93740,0.039904,0.030270,0.149934
93750,0.039259,0.029716,0.141657
93760,0.016589,0.012605,0.091077
93770,0.012317,0.009097,0.096273
93780,0.023029,0.017820,0.101673
93790,0.002850,0.002447,0.075229
93800,0.014270,0.010751,0.105141
93810,0.026687,0.020261,0.119540
93820,0.020828,0.015944,0.102532
93830,0.010398,0.008194,0.084642
93840,0.015090,0.011542,0.096623
93850,0.019184,0.014811,0.080745
93860,0.013074,0.009983,0.086569
93870,0.023853,0.018216,0.129076
93880,0.015524,0.011620,0.090390
93890,0.023571,0.018236,0.115921
93900,0.017648,0.013464,0.085370
93910,0.035601,0.027451,0.138349
93920,0.011285,0.008538,0.061027
93930,0.012403,0.009749,0.088770
93940,0.013969,0.010811,0.090709
93950,0.020104,0.015325,0.109772
93960,0.010401,0.007899,0.068188
93970,0.021547,0.016814,0.112475
93980,0.002112,0.001338,0.070216
93990,0.007289,0.005474,0.066539
94000,0.024717,0.018963,0.115804
94010,0.016295,0.012555,0.078707
94020,0.040223,0.030949,0.158598
94030,0.025456,0.019631,0.117114
94040,0.019675,0.015281,0.117485
94050,0.009984,0.007425,0.078592
94060,0.015207,0.011602,0.080090
94070,0.014687,0.011086,0.089120
94080,0.023858,0.018316,0.110532
94090,0.013689,0.010185,0.092862
94100,0.013399,0.010317,0.088982
94110,0.020368,0.015588,0.099169
94120,0.021532,0.016592,0.106888
94130,0.020990,0.015688,0.109699
94140,0.032111,0.024345,0.117397
94150,0.007028,0.005064,0.049058
94160,0.016656,0.013027,0.076281
94170,0.025607,0.019578,0.116783
94180,0.010531,0.008325,0.081677
94190,0.013933,0.010347,0.073570
94200,0.020543,0.015801,0.110215
94210,0.020836,0.016369,0.099921
94220,0.009172,0.006909,0.077816
94230,0.011992,0.009169,0.085272
94240,0.013469,0.010258,0.053926
94250,0.010389,0.007818,0.085489
94260,0.021562,0.016475,0.087735
94270,0.010673,0.008153,0.079442
94280,0.026498,0.020074,0.109028
94290,0.023575,0.018016,0.120798
94300,0.019857,0.014954,0.106725
94310,0.004435,0.003110,0.081651
94320,0.019279,0.015162,0.103984
94330,0.024034,0.017820,0.124060
94340,0.001802,0.001290,0.032147
94350,0.017926,0.013688,0.086633
94360,0.020941,0.016012,0.106531
94370,0.029532,0.022547,0.131985
94380,0.003936,0.002717,0.053835
94390,0.027173,0.020504,0.127530
94400,0.027265,0.020383,0.124664
94410,0.023894,0.018343,0.118604
94420,0.018070,0.013943,0.107869
94430,0.026783,0.020459,0.126685
94440,0.010325,0.007774,0.078302
94450,0.015021,0.011281,0.107161
94460,0.031275,0.024125,0.141818
94470,0.017843,0.014621,0.109760
94480,0.030922,0.023478,0.134165
94490,0.020071,0.015154,0.102815
94500,0.012390,0.009454,0.067280
94510,0.030927,0.023523,0.140289
94520,0.027800,0.021325,0.123391
94530,0.020059,0.015459,0.080566
94540,0.010488,0.008030,0.052827
94550,0.025610,0.019349,0.120609
94560,0.004478,0.003277,0.090248
94570,0.021718,0.016615,0.097885
94580,0.019193,0.014421,0.110111
94590,0.013498,0.010093,0.076548
94600,0.003467,0.002383,0.087385
94610,0.007778,0.005888,0.056496
94620,0.031555,0.024352,0.142282
94630,0.035479,0.027039,0.148671
94640,0.007056,0.005248,0.065028
94650,0.012146,0.009018,0.099864
94660,0.020337,0.015303,0.107524
94670,0.021470,0.016408,0.106594
94680,0.012834,0.009806,0.080796
94690,0.016715,0.013073,0.074297
94700,0.011478,0.008541,0.091820
94710,0.008911,0.007041,0.045481
94720,0.017369,0.013527,0.097145
94730,0.022258,0.017003,0.104371
94740,0.016565,0.013140,0.062088
94750,0.015226,0.011798,0.086888
94760,0.024798,0.019156,0.118441
94770,0.022851,0.017264,0.105798
94780,0.038284,0.029308,0.153273
94790,0.004805,0.003508,0.033336
94800,0.002847,0.002050,0.067116
94810,0.017850,0.013717,0.102470
94820,0.025008,0.019130,0.113244
94830,0.025486,0.019599,0.115255
94840,0.035890,0.027140,0.143678
94850,0.005441,0.003829,0.078945
94860,0.010674,0.007961,0.072093
94870,0.000000,0.000000,0.000001
94880,0.006868,0.004864,0.073678
94890,0.009838,0.007327,0.081523
94900,0.012185,0.010016,0.070626
94910,0.022131,0.017009,0.114954
94920,0.029578,0.022513,0.127861
94930,0.005979,0.004351,0.085468
94940,0.020151,0.015350,0.120828
94950,0.015163,0.011800,0.096969
94960,0.032238,0.024425,0.122031
94970,0.007035,0.005566,0.048120
94980,0.008136,0.005993,0.069634
94990,0.007396,0.005467,0.050154
95000,0.011663,0.008626,0.060561
95010,0.019264,0.014515,0.098730
95020,0.016117,0.012146,0.105715
95030,0.006033,0.003894,0.139226
95040,0.018117,0.013862,0.094864
95050,0.028720,0.022105,0.125149
95060,0.000941,0.000734,0.011053
95070,0.007323,0.005545,0.061419
95080,0.023305,0.017737,0.093665
95090,0.024977,0.019221,0.117870
95100,0.017180,0.012288,0.086757
95110,0.018141,0.014029,0.100856
95120,0.029230,0.022639,0.135628
95130,0.017256,0.013120,0.104323
95140,0.021967,0.016507,0.111504
95150,0.020359,0.016024,0.106820
95160,0.009762,0.007489,0.077336
95170,0.017796,0.013747,0.076219
95180,0.014171,0.010962,0.087834
95190,0.002724,0.001972,0.080990
95200,0.012789,0.009695,0.092894
95210,0.029381,0.022506,0.125181
95220,0.016772,0.013222,0.077660
95230,0.021685,0.016751,0.105285
95240,0.011508,0.008440,0.084628
95250,0.022273,0.018332,0.117794
95260,0.026350,0.020330,0.121026
95270,0.030186,0.023269,0.123034
95280,0.026231,0.019883,0.133281
95290,0.029415,0.022629,0.118486
95300,0.017659,0.013486,0.097350
95310,0.017602,0.013068,0.089208
95320,0.025540,0.019647,0.118282
95330,0.025329,0.019320,0.118839
95340,0.019523,0.014944,0.106714
95350,0.001241,0.000807,0.077129
95360,0.022213,0.016835,0.121020
95370,0.029316,0.022610,0.127316
95380,0.016923,0.012675,0.089440
95390,0.024872,0.019116,0.113999
95400,0.015758,0.011929,0.080685
95410,0.021957,0.016807,0.092522
95420,0.026070,0.019752,0.115272
95430,0.014233,0.010830,0.063690
95440,0.016434,0.012298,0.094301
95450,0.045244,0.034621,0.165624
95460,0.022029,0.016924,0.119645
95470,0.016609,0.012871,0.088089
95480,0.027361,0.020827,0.121613
95490,0.029171,0.022229,0.135147
95500,0.014442,0.011148,0.084428
95510,0.011068,0.008475,0.057555
95520,0.013871,0.010572,0.086907
95530,0.009243,0.006997,0.078271
95540,0.025205,0.019462,0.118076
95550,0.026806,0.020263,0.122824
95560,0.026440,0.020168,0.130190
95570,0.003394,0.002219,0.068214
95580,0.027864,0.021312,0.133775
95590,0.009799,0.007488,0.080899
95600,0.007490,0.005534,0.041866
95610,0.013361,0.009838,0.101710
95620,0.004686,0.003277,0.053728
95630,0.010955,0.008374,0.059402
95640,0.009701,0.007367,0.077819
95650,0.003241,0.002319,0.066317
95660,0.013675,0.010210,0.096796
95670,0.033068,0.025094,0.137958
95680,0.023027,0.017481,0.111186
95690,0.022043,0.016796,0.102659
95700,0.018778,0.014282,0.092077
95710,0.009051,0.006962,0.050683
95720,0.014637,0.011078,0.071389
95730,0.014434,0.010785,0.075801
95740,0.015171,0.011279,0.096322
95750,0.046806,0.035863,0.161710
95760,0.021382,0.016549,0.106236
95770,0.017597,0.013528,0.100306
95780,0.021502,0.016559,0.089115
95790,0.017381,0.013192,0.100106
95800,0.014623,0.011094,0.072977
95810,0.032044,0.024190,0.127971
95820,0.005131,0.003833,0.067980
95830,0.021680,0.016561,0.115854
95840,0.013085,0.009860,0.081185
95850,0.009737,0.007406,0.074388
95860,0.013597,0.010076,0.094842
95870,0.014624,0.010988,0.087137
95880,0.025957,0.020131,0.116346
95890,0.029181,0.022277,0.120981
95900,0.016734,0.012720,0.090480
95910,0.028078,0.021402,0.124633
95920,0.003146,0.002706,0.026853
95930,0.011322,0.008408,0.088347
95940,0.015807,0.012283,0.089247
95950,0.004522,0.003049,0.084413
95960,0.024644,0.018509,0.115494
95970,0.010064,0.007621,0.076512
95980,0.016701,0.012699,0.101819
95990,0.009721,0.007435,0.080098
96000,0.014114,0.010882,0.068016
96010,0.008804,0.006424,0.080455
96020,0.015981,0.011677,0.084177
96030,0.016537,0.012838,0.105331
96040,0.033791,0.025930,0.147870
96050,0.019203,0.014789,0.105592
96060,0.015590,0.011814,0.087310
96070,0.021243,0.016057,0.099713
96080,0.004948,0.003300,0.100321
96090,0.023173,0.017792,0.121042
96100,0.012173,0.009204,0.075466
96110,0.028181,0.021562,0.119555
96120,0.012480,0.009047,0.088671
96130,0.028287,0.021668,0.106743
96140,0.013716,0.010574,0.078443
96150,0.003409,0.002579,0.022800
96160,0.024761,0.018972,0.110087
96170,0.033753,0.025242,0.140178
96180,0.024930,0.019152,0.114509
96190,0.007979,0.005878,0.089869
96200,0.029120,0.022165,0.126371
96210,0.012809,0.009761,0.087786
96220,0.010887,0.008096,0.153783
96230,0.037274,0.028365,0.144626
96240,0.007127,0.005187,0.079084
96250,0.020070,0.015545,0.107718
96260,0.019322,0.014512,0.102833
96270,0.004101,0.002775,0.069325
96280,0.024658,0.018403,0.124482
96290,0.022079,0.016802,0.108456
96300,0.017996,0.013535,0.104429
96310,0.018479,0.013821,0.098709
96320,0.017907,0.013675,0.101382
96330,0.000577,0.000424,0.022205
96340,0.020413,0.015466,0.086089
96350,0.035188,0.026725,0.141357
96360,0.016612,0.012726,0.087654
96370,0.014284,0.011003,0.090453
96380,0.023906,0.018239,0.103199
96390,0.014993,0.011261,0.072799
96400,0.020221,0.015572,0.103647
96410,0.026971,0.020562,0.109738
96420,0.022115,0.016752,0.107512
96430,0.017798,0.013447,0.120024
96440,0.010468,0.007858,0.092329
96450,0.021755,0.016567,0.093853
96460,0.021331,0.016781,0.095398
96470,0.018950,0.014696,0.116660
96480,0.002038,0.001516,0.017137
96490,0.027081,0.020800,0.110631
96500,0.021811,0.016682,0.110305
96510,0.022904,0.016919,0.130390
96520,0.022051,0.016571,0.104614
96530,0.030793,0.023461,0.122845
96540,0.015169,0.011593,0.075039
96550,0.012236,0.009226,0.086772
96560,0.002623,0.002065,0.041491
96570,0.020375,0.015519,0.085096
96580,0.016780,0.012797,0.085234
96590,0.007768,0.005834,0.094789
96600,0.018704,0.014310,0.094646
96610,0.016648,0.012887,0.097224
96620,0.007388,0.005891,0.046812
96630,0.025173,0.019120,0.116081
96640,0.012994,0.009939,0.064940
96650,0.018029,0.013698,0.104787
96660,0.023544,0.018334,0.108873
96670,0.013001,0.010073,0.100496
96680,0.010436,0.007701,0.085977
96690,0.026448,0.020616,0.116150
96700,0.006175,0.004541,0.037281
96710,0.025651,0.019977,0.108278
96720,0.023076,0.017533,0.085859
96730,0.029984,0.022949,0.133712
96740,0.013312,0.010018,0.108172
96750,0.012774,0.009641,0.089489
96760,0.017860,0.013450,0.096692
96770,0.033777,0.025437,0.143995
96780,0.023157,0.017466,0.113710
96790,0.013659,0.010196,0.079054
96800,0.023564,0.017814,0.114861
96810,0.015978,0.013158,0.086306
96820,0.018865,0.014913,0.089495
96830,0.010163,0.007689,0.059858
96840,0.014379,0.011029,0.085494
96850,0.020329,0.015196,0.130141
96860,0.020970,0.016352,0.102770
96870,0.001283,0.001045,0.045517
96880,0.015148,0.011604,0.094784
96890,0.011007,0.008689,0.068140
96900,0.018899,0.014128,0.089768
96910,0.005146,0.003763,0.061558
96920,0.020500,0.015725,0.100220
96930,0.031032,0.023643,0.129933
96940,0.024279,0.018544,0.112773
96950,0.001615,0.001086,0.107789
96960,0.006809,0.005186,0.038141
96970,0.029077,0.021521,0.141032
96980,0.026111,0.019979,0.128214
96990,0.014336,0.010773,0.097575
97000,0.014795,0.011311,0.083802
97010,0.023917,0.018435,0.114003
97020,0.014176,0.011001,0.061104
97030,0.025577,0.019609,0.118105
97040,0.019437,0.014764,0.095011
97050,0.017734,0.013397,0.092947
97060,0.015158,0.011668,0.095251
97070,0.020658,0.015630,0.109095
97080,0.016200,0.011994,0.089671
97090,0.034708,0.026711,0.144905
97100,0.025838,0.019740,0.125172
97110,0.022778,0.017347,0.115882
97120,0.042490,0.031969,0.160149
97130,0.031960,0.024522,0.141818
97140,0.020379,0.015549,0.113772
97150,0.023210,0.017589,0.094269
97160,0.016754,0.012734,0.089722
97170,0.028262,0.021858,0.115567
97180,0.020504,0.015945,0.098203
97190,0.007229,0.005262,0.054581
97200,0.023401,0.018035,0.099399
97210,0.024202,0.018461,0.127570
97220,0.003947,0.002908,0.030341
97230,0.017443,0.013262,0.079755
97240,0.017253,0.013134,0.105044
97250,0.019010,0.014385,0.105974
97260,0.019033,0.014419,0.080798
97270,0.029054,0.022393,0.128235
97280,0.010745,0.008138,0.050472
97290,0.000859,0.000573,0.059069
97300,0.021618,0.016532,0.103468
97310,0.018853,0.014286,0.105191
97320,0.014459,0.010977,0.064266
97330,0.027233,0.020844,0.127319
97340,0.019113,0.014565,0.100494
97350,0.016466,0.012546,0.097708
97360,0.022677,0.017048,0.109878
97370,0.039107,0.030008,0.154417
97380,0.014809,0.011836,0.076605
97390,0.028855,0.021730,0.116605
97400,0.036469,0.027659,0.140177
97410,0.017619,0.013424,0.106957
97420,0.018779,0.014321,0.100462
97430,0.022053,0.017053,0.111766
97440,0.012091,0.008847,0.098284
97450,0.019142,0.014750,0.087923
97460,0.017079,0.013260,0.093912
97470,0.033257,0.025218,0.138277
97480,0.015638,0.012082,0.086991
97490,0.010134,0.007621,0.075734
97500,0.019675,0.014939,0.104295
97510,0.015338,0.011669,0.081269
97520,0.016477,0.012319,0.113855
97530,0.008312,0.006296,0.060408
97540,0.023202,0.017684,0.115729
97550,0.019427,0.014749,0.110293
97560,0.021482,0.016431,0.101968
97570,0.007924,0.005815,0.073792
97580,0.008274,0.006052,0.076321
97590,0.020142,0.015632,0.117546
97600,0.012014,0.008816,0.085470
97610,0.019112,0.014636,0.101518
97620,0.012437,0.009524,0.067899
97630,0.015687,0.011965,0.066019
97640,0.020288,0.015727,0.096695
97650,0.017808,0.013481,0.096197
97660,0.024932,0.019095,0.113992
97670,0.005397,0.004209,0.038696
97680,0.012291,0.009423,0.053993
97690,0.007566,0.005772,0.053040
97700,0.029001,0.022491,0.128687
97710,0.008899,0.006691,0.075872
97720,0.006072,0.004822,0.051873
97730,0.012884,0.009901,0.089224
97740,0.019552,0.014809,0.086685
97750,0.015755,0.012055,0.094031
97760,0.040904,0.031246,0.154193
97770,0.030503,0.023689,0.139434
97780,0.009913,0.007485,0.074735
97790,0.024245,0.018442,0.109963
97800,0.016235,0.012492,0.094318
97810,0.029359,0.022384,0.131784
97820,0.014102,0.011124,0.092505
97830,0.006531,0.004719,0.068876
97840,0.000651,0.000530,0.068901
97850,0.020214,0.015288,0.092659
97860,0.005956,0.004613,0.074886
97870,0.017860,0.013493,0.079391
97880,0.022492,0.017089,0.094456
97890,0.020193,0.015474,0.094393
97900,0.019686,0.014971,0.091137
97910,0.018995,0.014403,0.103379
97920,0.018773,0.014507,0.104317
97930,0.014874,0.011445,0.102678
97940,0.018733,0.014306,0.083417
97950,0.021460,0.016568,0.105861
97960,0.016389,0.013115,0.084860
97970,0.001141,0.000829,0.061945
97980,0.021445,0.016237,0.115530
97990,0.018971,0.014348,0.085238
98000,0.002645,0.001774,0.077161
98010,0.022881,0.017534,0.112132
98020,0.030906,0.023599,0.129160
98030,0.028311,0.021616,0.126475
98040,0.033085,0.025515,0.135487
98050,0.016870,0.012927,0.090788
98060,0.014923,0.011614,0.084644
98070,0.022342,0.016949,0.115474
98080,0.018219,0.014174,0.076261
98090,0.031519,0.023821,0.131463
98100,0.021240,0.016232,0.111384
98110,0.022768,0.017415,0.109297
98120,0.014653,0.011305,0.094234
98130,0.029636,0.022762,0.127868
98140,0.026248,0.019905,0.106863
98150,0.032141,0.024637,0.132298
98160,0.014513,0.011133,0.081412
98170,0.015937,0.012238,0.100295
98180,0.023684,0.018066,0.131859
98190,0.022419,0.017020,0.094901
98200,0.011580,0.008520,0.087135
98210,0.018166,0.013729,0.095205
98220,0.008314,0.006274,0.052760
98230,0.006738,0.004906,0.093821
98240,0.035477,0.027161,0.141381
98250,0.004375,0.003107,0.064265
98260,0.029085,0.022457,0.122348
98270,0.008747,0.006553,0.046723
98280,0.021692,0.016444,0.094205
98290,0.023190,0.017845,0.119598
98300,0.014788,0.011629,0.091169
98310,0.023928,0.018308,0.113382
98320,0.020066,0.014947,0.108870
98330,0.013194,0.009771,0.090181
98340,0.027947,0.021399,0.123541
98350,0.011016,0.008204,0.079143
98360,0.013494,0.010096,0.087490
98370,0.008437,0.006374,0.078424
98380,0.009074,0.006673,0.091059
98390,0.031891,0.024540,0.131783
98400,0.040943,0.031287,0.161397
98410,0.017984,0.013852,0.099635
98420,0.020388,0.015503,0.090822
98430,0.018709,0.014169,0.106493
98440,0.030378,0.022872,0.136804
98450,0.019331,0.014677,0.114215
98460,0.032770,0.024702,0.141969
98470,0.008435,0.006510,0.061547
98480,0.021089,0.015788,0.107812
98490,0.013449,0.010136,0.099947
98500,0.020977,0.016223,0.100576
98510,0.005631,0.004245,0.110566
98520,0.010506,0.007672,0.080937
98530,0.024786,0.018936,0.118512
98540,0.016733,0.012717,0.076095
98550,0.014436,0.010987,0.081355
98560,0.006307,0.004766,0.107044
98570,0.004722,0.003424,0.061867
98580,0.015384,0.011784,0.089988
98590,0.003083,0.002303,0.038286
98600,0.022546,0.016996,0.107273
98610,0.037776,0.028755,0.153683
98620,0.021099,0.015850,0.083287
98630,0.003470,0.002444,0.056923
98640,0.018135,0.014210,0.103940
98650,0.021696,0.016600,0.112212
98660,0.017593,0.013533,0.096028
98670,0.003873,0.002822,0.071662
98680,0.019723,0.015107,0.092842
98690,0.020425,0.015143,0.110243
98700,0.009932,0.007267,0.085660
98710,0.013683,0.010618,0.069725
98720,0.000000,0.000000,0.000000
98730,0.025641,0.019697,0.118087
98740,0.017722,0.013649,0.098242
98750,0.027164,0.020864,0.115248
98760,0.007202,0.005671,0.033940
98770,0.007965,0.005971,0.066053
98780,0.015322,0.011645,0.071384
98790,0.024837,0.019258,0.107153
98800,0.023766,0.018184,0.106809
98810,0.014394,0.010993,0.087786
98820,0.005977,0.004342,0.084434
98830,0.003296,0.002332,0.066262
98840,0.018138,0.013841,0.104186
98850,0.011242,0.008420,0.086488
98860,0.016256,0.012167,0.107022
98870,0.007166,0.005429,0.041203
98880,0.006620,0.004632,0.087567
98890,0.006006,0.004573,0.037571
98900,0.029070,0.021863,0.111741
98910,0.026146,0.019913,0.124021
98920,0.012986,0.009518,0.087823
98930,0.027383,0.020999,0.126329
98940,0.012695,0.009652,0.088962
98950,0.023027,0.017263,0.114119
98960,0.020961,0.015771,0.088275
98970,0.025965,0.020138,0.096428
98980,0.011539,0.008025,0.147048
98990,0.021702,0.016654,0.103342
99000,0.029229,0.022215,0.131073
99010,0.024729,0.018726,0.104655
99020,0.019752,0.014897,0.102614
99030,0.003992,0.003067,0.029159
99040,0.008774,0.006767,0.045618
99050,0.021891,0.017028,0.096992
99060,0.014023,0.010790,0.088051
99070,0.012261,0.011845,0.076158
99080,0.008794,0.006476,0.075641
99090,0.008494,0.005977,0.078412
99100,0.015099,0.011472,0.077743
99110,0.012950,0.010320,0.076235
99120,0.014222,0.011156,0.101418
99130,0.012250,0.009290,0.066407
99140,0.018798,0.014403,0.084639
99150,0.011293,0.008225,0.074377
99160,0.023479,0.017892,0.111412
99170,0.009688,0.007047,0.080506
99180,0.025931,0.019978,0.121775
99190,0.010153,0.007612,0.094449
99200,0.025099,0.019346,0.114405
99210,0.034042,0.026912,0.144587
99220,0.025714,0.020103,0.113315
99230,0.008008,0.005987,0.061267
99240,0.027838,0.021246,0.122697
99250,0.017622,0.013362,0.102508
99260,0.018836,0.014771,0.085761
99270,0.021134,0.016183,0.100828
99280,0.018657,0.013967,0.100928
99290,0.027656,0.021185,0.124092
99300,0.017421,0.013210,0.095078
99310,0.021737,0.016572,0.114238
99320,0.005856,0.004312,0.053664
99330,0.011208,0.008250,0.079652
99340,0.004782,0.003592,0.030908
99350,0.037249,0.028572,0.145479
99360,0.022683,0.017262,0.103406
99370,0.024775,0.019654,0.115903
99380,0.022803,0.017306,0.091440
99390,0.017910,0.013439,0.099301
99400,0.012242,0.009121,0.084893
99410,0.013162,0.010402,0.070236
99420,0.015855,0.011852,0.099191
99430,0.036594,0.027976,0.150656
99440,0.021135,0.016138,0.107458
99450,0.015646,0.012107,0.096058
99460,0.027469,0.021044,0.121638
99470,0.019023,0.014591,0.099885
99480,0.015000,0.011484,0.107034
99490,0.016115,0.011835,0.105680
99500,0.028292,0.021543,0.125971
99510,0.007269,0.005479,0.060337
99520,0.001518,0.000773,0.340039
99530,0.020220,0.015387,0.113404
99540,0.031066,0.023763,0.127015
99550,0.018533,0.013693,0.115257
99560,0.010416,0.007720,0.073703
99570,0.022790,0.017129,0.117181
99580,0.010975,0.008402,0.065143
99590,0.011629,0.008762,0.069198
99600,0.013930,0.010557,0.087910
99610,0.019258,0.014675,0.101737
99620,0.017978,0.013961,0.076800
99630,0.032299,0.024311,0.125438
99640,0.009487,0.007178,0.082923
99650,0.028613,0.022015,0.118103
99660,0.010288,0.007658,0.103778
99670,0.020181,0.015178,0.112148
99680,0.011236,0.008284,0.085815
99690,0.039276,0.031149,0.149835
99700,0.021776,0.016792,0.117191
99710,0.023905,0.017482,0.133876
99720,0.016145,0.012029,0.115488
99730,0.012575,0.009555,0.058681
99740,0.009639,0.006997,0.071250
99750,0.030552,0.023292,0.128323
99760,0.010102,0.007523,0.077875
99770,0.040090,0.030452,0.163168
99780,0.005954,0.004472,0.050131
99790,0.008930,0.007003,0.061271
99800,0.021953,0.016831,0.113732
99810,0.007812,0.005930,0.066390
99820,0.011332,0.008315,0.088926
99830,0.024740,0.018951,0.115423
99840,0.013640,0.010981,0.057432
99850,0.012747,0.009570,0.078604
99860,0.013122,0.010205,0.061597
99870,0.031683,0.024195,0.128908
99880,0.028874,0.021715,0.141724
99890,0.014461,0.011230,0.088096
99900,0.018386,0.014048,0.102469
99910,0.016919,0.012867,0.094708
99920,0.017178,0.013199,0.098208
99930,0.014833,0.011826,0.099163
99940,0.034348,0.026341,0.136100
99950,0.011566,0.008903,0.050134
99960,0.012637,0.009799,0.064655
99970,0.025153,0.018989,0.129175
99980,0.001678,0.001073,0.081810
99990,0.024996,0.019121,0.113506
100000,0.014696,0.011232,0.083107
