iter,ce_loss,ds_loss,final_loss
10,0.618443,0.361660,1.708194
20,0.135583,0.165838,0.887469
30,0.290048,0.210378,1.154102
40,0.183567,0.196707,0.921557
50,0.075816,0.058846,0.696318
60,0.209104,0.163484,0.849274
70,0.531229,0.377941,1.560113
80,0.140717,0.115126,0.704170
90,0.107543,0.081143,0.580075
100,0.136001,0.097526,0.651512
110,0.070156,0.054046,0.554574
120,0.137426,0.093047,0.625548
130,0.089055,0.058706,0.495817
140,0.123430,0.095373,0.596763
150,0.086736,0.056605,0.543155
160,0.048403,0.031600,0.342059
170,0.065027,0.048847,0.487981
180,0.081588,0.060170,0.408501
190,0.109240,0.080362,0.514047
200,0.108571,0.084642,0.497362
210,0.102112,0.075786,0.532034
220,0.063660,0.045407,0.393516
230,0.064296,0.050888,0.350412
240,0.070453,0.052345,0.412502
250,0.094226,0.070479,0.439319
260,0.114090,0.091794,0.489328
270,0.092591,0.069511,0.416119
280,0.059052,0.044949,0.357870
290,0.064348,0.047148,0.288891
300,0.099811,0.077412,0.407422
310,0.101588,0.077476,0.452792
320,0.074359,0.054005,0.412031
330,0.032763,0.019677,0.261639
340,0.089741,0.074561,0.417389
350,0.099850,0.072957,0.463173
360,0.036480,0.025735,0.299509
370,0.019086,0.015782,0.340817
380,0.097379,0.066792,0.399297
390,0.112809,0.084865,0.424735
400,0.117478,0.090766,0.500242
410,0.082502,0.062172,0.353907
420,0.046910,0.040531,0.313329
430,0.177159,0.143841,0.608632
440,0.070237,0.053773,0.367469
450,0.052720,0.037553,0.333387
460,0.065962,0.047397,0.348762
470,0.074096,0.058687,0.366939
480,0.076735,0.061904,0.347090
490,0.039480,0.029570,0.192852
500,0.031846,0.020511,0.268103
510,0.067454,0.049988,0.322762
520,0.080452,0.066777,0.520905
530,0.033431,0.028587,0.260850
540,0.052574,0.036911,0.240553
550,0.032273,0.028864,0.253839
560,0.099684,0.075750,0.373199
570,0.062399,0.048929,0.285472
580,0.026466,0.019918,0.232018
590,0.057752,0.043255,0.273334
600,0.031737,0.024480,0.261289
610,0.061310,0.039762,0.348056
620,0.025934,0.019209,0.245962
630,0.077464,0.061829,0.331295
640,0.024990,0.019617,0.230377
650,0.051835,0.037035,0.248829
660,0.028545,0.023737,0.229463
670,0.022049,0.015330,0.184393
680,0.054584,0.040420,0.290575
690,0.148711,0.112551,0.645962
700,0.095521,0.070501,0.351614
710,0.054591,0.039857,0.278108
720,0.044645,0.030557,0.278875
730,0.110488,0.095234,0.419314
740,0.043316,0.033249,0.231254
750,0.062409,0.047068,0.281599
760,0.095732,0.076131,0.346096
770,0.086574,0.064497,0.352436
780,0.072935,0.053826,0.314556
790,0.014310,0.010904,0.163979
800,0.041523,0.032478,0.254589
810,0.047654,0.035748,0.260932
820,0.047416,0.034742,0.245115
830,0.028304,0.021494,0.347900
840,0.085690,0.065640,0.337091
850,0.223382,0.186414,0.719394
860,0.048791,0.034124,0.415680
870,0.086199,0.069481,0.333843
880,0.040755,0.031482,0.236756
890,0.105927,0.080923,0.385408
900,0.086444,0.063939,0.331856
910,0.046083,0.032736,0.274625
920,0.025504,0.018672,0.202343
930,0.057050,0.042963,0.271360
940,0.069154,0.053738,0.331451
950,0.013640,0.010345,0.219592
960,0.022589,0.018041,0.170851
970,0.064469,0.046441,0.294041
980,0.053591,0.035453,0.280000
990,0.030241,0.024657,0.209816
1000,0.053529,0.039016,0.268755
1010,0.081366,0.061774,0.337635
1020,0.027946,0.021944,0.197284
1030,0.120537,0.089837,0.400600
1040,0.073924,0.057729,0.298275
1050,0.066177,0.051453,0.276946
1060,0.071196,0.053148,0.296686
1070,0.022853,0.016122,0.222482
1080,0.039897,0.028529,0.206804
1090,0.014918,0.010544,0.203575
1100,0.031959,0.023670,0.336344
1110,0.019615,0.016081,0.162715
1120,0.056091,0.042255,0.256045
1130,0.066809,0.051206,0.310479
1140,0.052954,0.035942,0.296773
1150,0.055235,0.043519,0.285931
1160,0.019675,0.013158,0.329836
1170,0.016531,0.012265,0.167884
1180,0.040128,0.027712,0.310410
1190,0.041337,0.031450,0.236612
1200,0.031586,0.023538,0.194530
1210,0.036510,0.026744,0.212507
1220,0.078503,0.059653,0.309307
1230,0.035506,0.026247,0.204796
1240,0.095998,0.071097,0.379417
1250,0.064950,0.050275,0.272583
1260,0.050065,0.037696,0.247481
1270,0.071843,0.056863,0.285958
1280,0.051123,0.034914,0.275648
1290,0.066749,0.052066,0.266920
1300,0.042450,0.030045,0.262846
1310,0.079082,0.059803,0.327030
1320,0.063859,0.049689,0.284382
1330,0.049331,0.037000,0.218320
1340,0.032767,0.024163,0.209653
1350,0.053974,0.041436,0.244483
1360,0.067202,0.053743,0.221776
1370,0.071447,0.054252,0.304122
1380,0.033743,0.023885,0.206911
1390,0.071249,0.047317,0.303250
1400,0.061633,0.048293,0.282785
1410,0.038936,0.028069,0.247082
1420,0.021527,0.017242,0.182125
1430,0.026642,0.019410,0.212963
1440,0.028853,0.023983,0.329322
1450,0.030541,0.022455,0.177750
1460,0.033940,0.025530,0.149738
1470,0.026380,0.019401,0.171788
1480,0.045620,0.034276,0.223193
1490,0.046986,0.035539,0.228223
1500,0.119307,0.101546,0.409726
1510,0.051298,0.040222,0.274800
1520,0.010536,0.009590,0.078462
1530,0.033762,0.025650,0.184362
1540,0.039358,0.030241,0.199638
1550,0.050797,0.040106,0.259594
1560,0.054871,0.041135,0.234543
1570,0.053450,0.039102,0.273631
1580,0.008617,0.008471,0.219710
1590,0.011290,0.007789,0.217045
1600,0.001098,0.000927,0.259902
1610,0.037757,0.029922,0.201814
1620,0.037532,0.029179,0.203184
1630,0.053712,0.039966,0.250676
1640,0.021619,0.018256,0.294178
1650,0.050614,0.039550,0.236232
1660,0.047088,0.036201,0.198472
1670,0.037016,0.024700,0.227054
1680,0.003507,0.002780,0.140243
1690,0.029737,0.022982,0.244107
1700,0.018536,0.014994,0.169270
1710,0.043304,0.032531,0.208961
1720,0.022677,0.016867,0.109215
1730,0.087693,0.069870,0.319727
1740,0.057964,0.044455,0.226297
1750,0.043261,0.032446,0.218448
1760,0.088412,0.066116,0.296244
1770,0.084743,0.063159,0.363231
1780,0.025026,0.019027,0.194049
1790,0.023394,0.017346,0.168060
1800,0.000040,0.000071,0.000195
1810,0.038828,0.029589,0.192835
1820,0.068628,0.052701,0.282273
1830,0.045920,0.034354,0.226761
1840,0.039129,0.028262,0.217867
1850,0.028057,0.020037,0.186703
1860,0.014018,0.010526,0.121159
1870,0.062255,0.047262,0.267550
1880,0.040004,0.029244,0.198849
1890,0.042501,0.032190,0.205408
1900,0.027932,0.021952,0.239424
1910,0.019141,0.015447,0.129203
1920,0.064018,0.048472,0.252744
1930,0.058455,0.044429,0.255443
1940,0.004779,0.003903,0.139841
1950,0.045406,0.035947,0.236176
1960,0.035887,0.026126,0.202978
1970,0.026577,0.021014,0.157546
1980,0.033325,0.025153,0.184553
1990,0.062819,0.047862,0.263730
2000,0.040811,0.032036,0.216303
2010,0.047719,0.035266,0.240019
2020,0.011921,0.009217,0.123592
2030,0.077285,0.059824,0.289391
2040,0.019798,0.014346,0.123776
2050,0.011003,0.008611,0.141586
2060,0.012582,0.009979,0.119332
2070,0.059860,0.046146,0.246521
2080,0.070314,0.055409,0.278542
2090,0.031250,0.023649,0.177484
2100,0.055003,0.046274,0.218470
2110,0.041733,0.031426,0.207276
2120,0.031662,0.022435,0.319343
2130,0.046478,0.035592,0.222018
2140,0.066965,0.049507,0.302691
2150,0.032641,0.024662,0.177694
2160,0.084696,0.063831,0.313026
2170,0.060618,0.045769,0.264058
2180,0.038267,0.028128,0.195046
2190,0.031639,0.023834,0.185390
2200,0.061354,0.046519,0.258876
2210,0.062489,0.048879,0.250450
2220,0.057793,0.043514,0.236320
2230,0.035718,0.025973,0.201047
2240,0.044932,0.031766,0.203488
2250,0.095398,0.070179,0.403292
2260,0.039056,0.029831,0.197565
2270,0.032508,0.024250,0.182501
2280,0.016216,0.011801,0.084161
2290,0.071683,0.054111,0.286877
2300,0.023496,0.017923,0.142325
2310,0.062273,0.049087,0.272695
2320,0.035295,0.026194,0.192454
2330,0.056165,0.042874,0.258476
2340,0.048158,0.035138,0.228360
2350,0.049252,0.038635,0.240457
2360,0.049452,0.037644,0.309437
2370,0.018625,0.014069,0.156796
2380,0.073437,0.056128,0.289353
2390,0.044541,0.034731,0.205642
2400,0.033259,0.026146,0.167348
2410,0.042171,0.032424,0.208917
2420,0.107547,0.081801,0.353780
2430,0.052821,0.037899,0.260184
2440,0.037395,0.028954,0.196685
2450,0.051138,0.039666,0.244382
2460,0.028606,0.021609,0.228868
2470,0.036194,0.026691,0.179106
2480,0.032782,0.024045,0.208447
2490,0.045610,0.034928,0.230303
2500,0.062265,0.046316,0.261963
2510,0.042493,0.030206,0.223786
2520,0.010321,0.007822,0.122032
2530,0.046343,0.034104,0.215267
2540,0.004674,0.003677,0.091176
2550,0.043896,0.033474,0.190519
2560,0.030909,0.023149,0.208573
2570,0.051120,0.039281,0.229402
2580,0.029186,0.022207,0.167314
2590,0.079617,0.061136,0.301870
2600,0.056388,0.044468,0.223977
2610,0.077683,0.058737,0.310220
2620,0.017698,0.012903,0.142089
2630,0.041288,0.033043,0.227461
2640,0.043572,0.033228,0.221197
2650,0.036813,0.027683,0.199119
2660,0.039567,0.029574,0.203377
2670,0.100123,0.076615,0.348886
2680,0.047149,0.033935,0.199714
2690,0.048119,0.033817,0.246056
2700,0.079589,0.061610,0.296845
2710,0.044644,0.032134,0.245719
2720,0.022726,0.016711,0.267787
2730,0.036404,0.027107,0.198059
2740,0.056559,0.044427,0.218396
2750,0.036993,0.027969,0.190340
2760,0.004521,0.003600,0.118447
2770,0.034735,0.023097,0.242174
2780,0.019125,0.014615,0.170790
2790,0.034536,0.026340,0.183349
2800,0.057415,0.043574,0.253437
2810,0.056598,0.043876,0.245508
2820,0.040418,0.029857,0.231422
2830,0.012001,0.009295,0.141548
2840,0.028429,0.020563,0.171536
2850,0.036771,0.027275,0.194180
2860,0.032696,0.024745,0.171263
2870,0.050117,0.038640,0.215565
2880,0.021066,0.015677,0.146441
2890,0.034822,0.024597,0.290475
2900,0.040792,0.029967,0.204093
2910,0.040891,0.030679,0.188074
2920,0.044999,0.034196,0.194924
2930,0.041914,0.031751,0.202683
2940,0.051983,0.039068,0.245774
2950,0.079511,0.063133,0.289197
2960,0.060282,0.047269,0.249503
2970,0.071292,0.054504,0.272349
2980,0.055065,0.040745,0.272011
2990,0.112628,0.089847,0.374001
3000,0.033786,0.025546,0.194276
3010,0.059342,0.045847,0.264934
3020,0.017155,0.012746,0.155622
3030,0.025462,0.018761,0.175067
3040,0.068618,0.052954,0.288949
3050,0.050178,0.038761,0.209172
3060,0.066811,0.051533,0.261533
3070,0.072901,0.054264,0.283044
3080,0.069562,0.053069,0.266931
3090,0.039337,0.027671,0.236310
3100,0.038884,0.029275,0.195337
3110,0.085236,0.063558,0.314732
3120,0.038139,0.029213,0.197251
3130,0.035116,0.026834,0.191642
3140,0.041814,0.031549,0.216201
3150,0.059902,0.045547,0.248013
3160,0.039982,0.029977,0.190236
3170,0.032454,0.024205,0.136765
3180,0.044920,0.034542,0.204215
3190,0.046928,0.037874,0.201320
3200,0.030923,0.023167,0.172067
3210,0.035352,0.026464,0.189532
3220,0.029373,0.022787,0.179206
3230,0.027824,0.021171,0.156246
3240,0.051474,0.039309,0.216452
3250,0.046219,0.034208,0.227646
3260,0.036768,0.027769,0.204671
3270,0.049117,0.037810,0.221525
3280,0.057320,0.044694,0.257245
3290,0.023018,0.016586,0.205687
3300,0.037310,0.029379,0.191794
3310,0.042907,0.032892,0.184178
3320,0.044346,0.034514,0.177747
3330,0.019436,0.013411,0.177922
3340,0.019995,0.014834,0.204276
3350,0.053117,0.039943,0.225187
3360,0.033311,0.024734,0.167434
3370,0.014981,0.011524,0.124486
3380,0.076212,0.057734,0.291640
3390,0.061001,0.045765,0.253434
3400,0.035140,0.026343,0.179577
3410,0.035279,0.024176,0.241603
3420,0.043837,0.032885,0.228372
3430,0.017513,0.012876,0.143468
3440,0.052860,0.038384,0.258037
3450,0.001820,0.001526,0.172265
3460,0.020866,0.015173,0.105725
3470,0.030847,0.023473,0.167885
3480,0.007459,0.005069,0.384985
3490,0.058635,0.045309,0.267480
3500,0.042380,0.032249,0.237866
3510,0.055091,0.039676,0.243296
3520,0.026642,0.019111,0.152189
3530,0.057498,0.045028,0.268075
3540,0.013101,0.009446,0.110106
3550,0.028230,0.021177,0.172549
3560,0.035593,0.026004,0.179069
3570,0.037092,0.028671,0.178907
3580,0.029407,0.022046,0.183176
3590,0.031863,0.023480,0.162022
3600,0.009586,0.007508,0.061823
3610,0.022027,0.016522,0.118897
3620,0.000418,0.000347,0.258303
3630,0.029851,0.022256,0.143047
3640,0.040628,0.031376,0.189271
3650,0.052313,0.038886,0.223876
3660,0.036962,0.027621,0.182233
3670,0.009857,0.007344,0.128719
3680,0.001918,0.001448,0.086850
3690,0.044704,0.034225,0.212281
3700,0.000348,0.000412,0.230867
3710,0.063192,0.046013,0.268302
3720,0.025640,0.019393,0.162686
3730,0.017898,0.013154,0.120238
3740,0.024341,0.018939,0.164050
3750,0.012397,0.009468,0.137561
3760,0.052608,0.038471,0.245324
3770,0.031622,0.024162,0.177994
3780,0.020703,0.016421,0.157562
3790,0.078173,0.058312,0.281030
3800,0.070192,0.053757,0.273617
3810,0.028203,0.020555,0.167808
3820,0.075297,0.055819,0.296559
3830,0.031489,0.024260,0.177112
3840,0.029303,0.022056,0.150664
3850,0.031542,0.024497,0.163484
3860,0.020466,0.015411,0.166967
3870,0.040803,0.031093,0.194722
3880,0.046068,0.040847,0.229333
3890,0.019910,0.015075,0.154005
3900,0.035316,0.026394,0.187639
3910,0.011429,0.008360,0.120865
3920,0.000857,0.000693,0.002313
3930,0.030587,0.023184,0.152704
3940,0.020390,0.015244,0.168562
3950,0.012714,0.009310,0.111953
3960,0.018167,0.014362,0.149082
3970,0.042182,0.031781,0.208358
3980,0.014108,0.010707,0.119462
3990,0.051744,0.039915,0.210826
4000,0.020138,0.014879,0.157891
4010,0.054697,0.040840,0.230568
4020,0.052903,0.040748,0.225103
4030,0.043062,0.031860,0.212081
4040,0.024301,0.018853,0.153356
4050,0.016771,0.012377,0.141080
4060,0.012821,0.009545,0.146503
4070,0.064912,0.050172,0.264646
4080,0.017254,0.013310,0.146557
4090,0.045339,0.034707,0.202585
4100,0.055204,0.043734,0.245666
4110,0.021459,0.016240,0.169320
4120,0.037796,0.027525,0.204094
4130,0.052224,0.038410,0.219432
4140,0.033022,0.024918,0.210460
4150,0.055430,0.044129,0.233286
4160,0.046324,0.034848,0.242724
4170,0.029128,0.021643,0.157000
4180,0.035390,0.026289,0.186654
4190,0.013970,0.010499,0.144370
4200,0.020481,0.015280,0.097893
4210,0.040337,0.031121,0.186151
4220,0.001776,0.001556,0.115339
4230,0.019051,0.014061,0.154275
4240,0.021312,0.015255,0.184442
4250,0.039576,0.030013,0.178920
4260,0.035559,0.026592,0.167699
4270,0.043175,0.033030,0.183972
4280,0.018247,0.013600,0.122709
4290,0.083508,0.065872,0.307367
4300,0.057270,0.042719,0.213538
4310,0.051622,0.039462,0.234429
4320,0.081029,0.061327,0.335411
4330,0.014852,0.011080,0.142569
4340,0.027434,0.019759,0.124229
4350,0.040174,0.030404,0.206699
4360,0.018897,0.014463,0.140578
4370,0.042886,0.032619,0.204513
4380,0.043825,0.033525,0.209862
4390,0.057266,0.044408,0.227489
4400,0.021326,0.015565,0.172501
4410,0.035531,0.026503,0.180874
4420,0.014589,0.010155,0.206542
4430,0.073680,0.057474,0.281025
4440,0.014634,0.010561,0.078083
4450,0.050198,0.037950,0.210911
4460,0.013721,0.010040,0.136479
4470,0.050879,0.038847,0.229942
4480,0.029339,0.021336,0.177690
4490,0.028954,0.021428,0.179734
4500,0.044892,0.033668,0.209264
4510,0.054193,0.041573,0.226585
4520,0.034558,0.026336,0.172706
4530,0.044730,0.033635,0.211943
4540,0.015708,0.012017,0.133713
4550,0.052183,0.039843,0.216094
4560,0.046252,0.034905,0.217856
4570,0.019785,0.014678,0.102627
4580,0.056179,0.042335,0.219445
4590,0.038635,0.028875,0.196803
4600,0.025063,0.019154,0.160186
4610,0.011752,0.008771,0.122942
4620,0.013460,0.009663,0.075960
4630,0.008921,0.006425,0.154302
4640,0.036232,0.026762,0.202718
4650,0.049268,0.037297,0.210012
4660,0.028898,0.021668,0.163544
4670,0.053160,0.042333,0.219765
4680,0.041256,0.030926,0.196094
4690,0.022572,0.016700,0.148912
4700,0.044668,0.034092,0.223334
4710,0.039747,0.030095,0.192120
4720,0.077651,0.057538,0.287796
4730,0.055171,0.041817,0.231229
4740,0.077955,0.059724,0.300096
4750,0.026355,0.019521,0.170555
4760,0.047492,0.036051,0.210753
4770,0.029673,0.022369,0.162524
4780,0.078028,0.059564,0.277051
4790,0.044339,0.036932,0.211981
4800,0.069502,0.049003,0.289050
4810,0.045352,0.034017,0.187220
4820,0.042976,0.033439,0.208247
4830,0.021268,0.014690,0.171650
4840,0.071076,0.053448,0.266064
4850,0.019846,0.014173,0.169928
4860,0.052865,0.040746,0.217451
4870,0.044975,0.033953,0.204880
4880,0.030827,0.022980,0.171123
4890,0.037966,0.027371,0.155106
4900,0.059508,0.050473,0.274247
4910,0.004795,0.003330,0.662827
4920,0.009977,0.007209,0.144104
4930,0.030923,0.023432,0.172885
4940,0.004366,0.002975,0.125394
4950,0.049847,0.037424,0.214721
4960,0.034999,0.026354,0.192621
4970,0.002332,0.001861,0.022587
4980,0.025722,0.018796,0.157548
4990,0.009172,0.006641,0.109814
5000,0.037987,0.030389,0.187751
5010,0.007390,0.005230,0.133069
5020,0.050164,0.036481,0.219587
5030,0.023056,0.017162,0.129242
5040,0.006668,0.005076,0.113114
5050,0.046103,0.035549,0.215520
5060,0.030210,0.021853,0.243640
5070,0.004321,0.003398,0.161116
5080,0.026920,0.019431,0.203417
5090,0.031771,0.024028,0.170717
5100,0.055213,0.045244,0.217295
5110,0.032650,0.024979,0.185981
5120,0.016791,0.012156,0.124666
5130,0.013093,0.009780,0.124084
5140,0.068669,0.052409,0.255373
5150,0.036478,0.027114,0.187450
5160,0.014513,0.009735,0.165868
5170,0.053463,0.039016,0.252022
5180,0.076664,0.058079,0.283184
5190,0.031261,0.022376,0.188423
5200,0.019592,0.014592,0.095162
5210,0.036866,0.026799,0.188347
5220,0.028114,0.022802,0.181284
5230,0.022186,0.014406,0.248135
5240,0.053806,0.040009,0.223762
5250,0.034488,0.026254,0.187375
5260,0.032058,0.022749,0.205541
5270,0.036580,0.027882,0.171792
5280,0.030389,0.022331,0.157649
5290,0.057158,0.042815,0.232568
5300,0.012936,0.010145,0.127789
5310,0.034373,0.025297,0.176036
5320,0.070344,0.054665,0.252345
5330,0.029570,0.022415,0.207647
5340,0.020527,0.016224,0.108340
5350,0.036580,0.027057,0.200777
5360,0.022060,0.016652,0.108848
5370,0.039904,0.030559,0.183941
5380,0.056050,0.041711,0.212135
5390,0.032842,0.025317,0.154203
5400,0.053181,0.040514,0.231799
5410,0.041224,0.030659,0.176236
5420,0.055498,0.041624,0.245329
5430,0.026659,0.020026,0.171980
5440,0.032792,0.023848,0.188542
5450,0.014955,0.011363,0.152474
5460,0.018087,0.013506,0.095918
5470,0.036329,0.028026,0.200185
5480,0.003123,0.002575,0.295356
5490,0.057926,0.045006,0.240258
5500,0.033108,0.024511,0.180095
5510,0.016635,0.012005,0.149991
5520,0.051100,0.037233,0.221479
5530,0.039301,0.029583,0.172556
5540,0.011771,0.008492,0.127337
5550,0.055914,0.042067,0.229181
5560,0.025587,0.019890,0.195825
5570,0.036436,0.027506,0.187751
5580,0.054514,0.040262,0.220186
5590,0.055994,0.042649,0.220802
5600,0.070037,0.053927,0.259768
5610,0.013751,0.010038,0.169375
5620,0.037473,0.028497,0.158391
5630,0.029647,0.022443,0.129415
5640,0.029049,0.021250,0.166813
5650,0.030031,0.022344,0.180757
5660,0.005561,0.004569,0.661424
5670,0.034261,0.025903,0.169449
5680,0.040617,0.031472,0.192090
5690,0.049356,0.037954,0.229515
5700,0.060075,0.043937,0.249689
5710,0.030725,0.023450,0.167213
5720,0.032613,0.024679,0.172847
5730,0.041940,0.032170,0.200288
5740,0.051010,0.039187,0.218388
5750,0.030961,0.022711,0.198808
5760,0.028339,0.021119,0.193776
5770,0.043333,0.032714,0.193688
5780,0.033152,0.025779,0.184628
5790,0.028011,0.020946,0.201495
5800,0.014465,0.010445,0.223468
5810,0.011365,0.008383,0.116341
5820,0.005141,0.003067,0.107598
5830,0.054001,0.041205,0.231599
5840,0.029458,0.022175,0.167808
5850,0.021874,0.016512,0.158142
5860,0.019613,0.014844,0.142181
5870,0.075022,0.059593,0.266578
5880,0.062072,0.046894,0.247072
5890,0.012914,0.009894,0.133259
5900,0.045023,0.034637,0.186266
5910,0.040827,0.031189,0.190527
5920,0.057744,0.044741,0.246997
5930,0.028334,0.021793,0.153703
5940,0.046640,0.035247,0.192360
5950,0.021872,0.015711,0.159303
5960,0.023525,0.016929,0.147343
5970,0.043889,0.031145,0.303966
5980,0.010305,0.007195,0.134977
5990,0.026113,0.019183,0.125705
6000,0.044477,0.033734,0.194423
6010,0.041916,0.030786,0.232839
6020,0.058002,0.043977,0.256658
6030,0.022454,0.016015,0.178546
6040,0.052657,0.040459,0.218130
6050,0.100216,0.077750,0.341742
6060,0.048973,0.036012,0.225159
6070,0.038221,0.028902,0.181384
6080,0.059370,0.045201,0.247234
6090,0.039254,0.029657,0.191088
6100,0.035818,0.027936,0.190327
6110,0.034022,0.028641,0.235312
6120,0.019198,0.014621,0.138237
6130,0.032027,0.024225,0.149594
6140,0.052323,0.039123,0.215366
6150,0.034941,0.026886,0.167630
6160,0.033506,0.025215,0.177676
6170,0.049530,0.038037,0.208446
6180,0.017368,0.012996,0.128203
6190,0.031836,0.024122,0.142734
6200,0.045416,0.035005,0.194790
6210,0.037319,0.028681,0.150531
6220,0.026481,0.019854,0.139678
6230,0.048504,0.036377,0.203082
6240,0.010701,0.007552,0.124179
6250,0.023850,0.018350,0.166816
6260,0.039048,0.030028,0.200762
6270,0.024866,0.018752,0.159007
6280,0.029515,0.022238,0.214160
6290,0.045135,0.033081,0.209229
6300,0.025510,0.019687,0.132502
6310,0.031633,0.023371,0.130074
6320,0.039073,0.029586,0.185301
6330,0.028799,0.021726,0.168546
6340,0.006516,0.005427,0.047449
6350,0.031587,0.023789,0.167997
6360,0.054230,0.040609,0.213942
6370,0.022068,0.016133,0.164966
6380,0.017563,0.013499,0.155788
6390,0.046785,0.035905,0.176909
6400,0.040703,0.032004,0.172349
6410,0.027462,0.020529,0.137983
6420,0.042454,0.032756,0.167748
6430,0.022439,0.016315,0.165581
6440,0.048293,0.035386,0.224471
6450,0.031616,0.023368,0.168001
6460,0.058931,0.045002,0.223946
6470,0.035275,0.025887,0.223326
6480,0.009411,0.006766,0.118742
6490,0.021349,0.016229,0.156279
6500,0.035626,0.026726,0.215370
6510,0.013139,0.006228,0.233449
6520,0.023939,0.017409,0.165948
6530,0.028015,0.020358,0.136145
6540,0.027770,0.020939,0.157766
6550,0.004809,0.003548,0.056893
6560,0.023924,0.017853,0.152918
6570,0.039768,0.030800,0.195395
6580,0.045042,0.033960,0.208123
6590,0.001216,0.000674,0.002862
6600,0.066236,0.049064,0.232750
6610,0.023928,0.017653,0.153751
6620,0.026051,0.019615,0.144209
6630,0.040440,0.028661,0.189826
6640,0.020469,0.015037,0.121979
6650,0.038113,0.028616,0.232111
6660,0.039716,0.028555,0.222316
6670,0.049829,0.038102,0.210952
6680,0.030118,0.022453,0.165360
6690,0.024713,0.018397,0.223410
6700,0.071006,0.054310,0.279117
6710,0.050168,0.036929,0.198854
6720,0.029992,0.022289,0.164964
6730,0.049070,0.038003,0.209150
6740,0.030644,0.022430,0.178979
6750,0.042484,0.032222,0.197875
6760,0.027146,0.020170,0.168050
6770,0.043275,0.031798,0.187182
6780,0.008796,0.006431,0.107648
6790,0.020073,0.014772,0.153345
6800,0.006222,0.004572,0.063972
6810,0.031647,0.023595,0.179988
6820,0.054578,0.041355,0.226616
6830,0.057742,0.044206,0.231787
6840,0.017994,0.013269,0.133948
6850,0.034362,0.025982,0.173156
6860,0.047312,0.035752,0.207296
6870,0.043365,0.032959,0.191391
6880,0.029997,0.022744,0.135879
6890,0.038232,0.028042,0.169018
6900,0.040918,0.030937,0.189100
6910,0.048008,0.036947,0.205571
6920,0.007005,0.005942,0.130372
6930,0.030455,0.022782,0.144125
6940,0.068508,0.051603,0.275216
6950,0.015005,0.010806,0.171793
6960,0.043006,0.031919,0.197580
6970,0.023720,0.020221,0.171630
6980,0.055726,0.042697,0.239915
6990,0.025334,0.018353,0.151259
7000,0.053729,0.038663,0.252639
7010,0.029384,0.024666,0.138679
7020,0.018836,0.013739,0.124191
7030,0.019494,0.014054,0.147455
7040,0.045162,0.034401,0.202247
7050,0.009707,0.008624,0.065879
7060,0.023899,0.017944,0.146767
7070,0.014979,0.011266,0.136822
7080,0.042484,0.031102,0.213089
7090,0.011148,0.007979,0.097847
7100,0.047860,0.037419,0.215220
7110,0.047741,0.036712,0.221217
7120,0.075868,0.059674,0.264314
7130,0.058315,0.045256,0.233653
7140,0.061618,0.046770,0.240653
7150,0.027545,0.019658,0.197970
7160,0.057706,0.045495,0.266618
7170,0.028814,0.020740,0.143210
7180,0.030090,0.022393,0.170763
7190,0.031940,0.023885,0.165478
7200,0.056754,0.042646,0.231672
7210,0.037215,0.027982,0.181024
7220,0.027766,0.020917,0.149022
7230,0.064573,0.048493,0.261176
7240,0.025274,0.017775,0.192806
7250,0.043413,0.032568,0.209270
7260,0.034224,0.026290,0.191548
7270,0.021129,0.015901,0.171713
7280,0.039085,0.029864,0.183763
7290,0.041082,0.031550,0.186109
7300,0.036604,0.027706,0.188169
7310,0.016676,0.012695,0.137417
7320,0.034439,0.026040,0.171621
7330,0.047167,0.035691,0.213534
7340,0.060241,0.046896,0.246194
7350,0.027445,0.020390,0.150707
7360,0.016008,0.011000,0.136189
7370,0.021820,0.015468,0.164851
7380,0.061628,0.046312,0.238339
7390,0.026962,0.019796,0.124767
7400,0.077289,0.059630,0.272625
7410,0.015013,0.011162,0.137214
7420,0.029658,0.022263,0.164942
7430,0.002246,0.001716,0.077900
7440,0.036251,0.028477,0.169127
7450,0.031172,0.023828,0.174342
7460,0.050933,0.039217,0.218237
7470,0.006452,0.004935,0.053094
7480,0.004036,0.003127,0.131502
7490,0.047968,0.035285,0.235072
7500,0.018493,0.013345,0.135662
7510,0.018144,0.013096,0.100400
7520,0.051992,0.037732,0.212622
7530,0.024256,0.018157,0.137287
7540,0.006353,0.005373,0.282579
7550,0.020073,0.015028,0.154155
7560,0.044015,0.032829,0.205997
7570,0.029613,0.022507,0.161560
7580,0.031174,0.023259,0.169576
7590,0.023316,0.017118,0.141164
7600,0.041211,0.029924,0.174915
7610,0.051205,0.039024,0.207356
7620,0.019709,0.014806,0.137544
7630,0.034769,0.026359,0.168277
7640,0.031026,0.023728,0.166064
7650,0.062147,0.047645,0.210572
7660,0.023536,0.017750,0.151128
7670,0.014593,0.010848,0.136934
7680,0.017784,0.012927,0.131665
7690,0.023108,0.016599,0.162059
7700,0.030822,0.023286,0.167726
7710,0.039104,0.029592,0.184341
7720,0.013230,0.009769,0.118981
7730,0.047878,0.037411,0.198432
7740,0.032573,0.024136,0.161356
7750,0.034534,0.025419,0.180612
7760,0.000084,0.000076,0.000279
7770,0.059265,0.045208,0.240507
7780,0.021895,0.016171,0.134099
7790,0.052731,0.039925,0.196332
7800,0.033978,0.026807,0.129518
7810,0.034894,0.028427,0.217579
7820,0.018091,0.013524,0.151802
7830,0.016063,0.011822,0.124642
7840,0.018102,0.013116,0.097277
7850,0.021835,0.016569,0.098157
7860,0.036591,0.027826,0.145968
7870,0.021152,0.015960,0.109647
7880,0.025976,0.019356,0.183028
7890,0.037962,0.028358,0.181833
7900,0.058783,0.042822,0.248340
7910,0.016031,0.012266,0.137333
7920,0.005452,0.003809,0.106308
7930,0.034624,0.026102,0.169699
7940,0.045195,0.034623,0.206839
7950,0.037053,0.027674,0.182830
7960,0.022295,0.016534,0.152101
7970,0.035338,0.026503,0.148936
7980,0.010739,0.008265,0.089875
7990,0.003980,0.002912,0.154202
8000,0.046126,0.035178,0.210568
8010,0.033743,0.025530,0.162641
8020,0.023449,0.018071,0.141010
8030,0.034978,0.026098,0.150279
8040,0.052356,0.039182,0.213073
8050,0.015308,0.011398,0.135807
8060,0.062550,0.047205,0.222430
8070,0.023524,0.017611,0.153293
8080,0.004477,0.003431,0.139977
8090,0.022734,0.017276,0.143804
8100,0.050409,0.037900,0.228985
8110,0.023347,0.017252,0.108160
8120,0.033397,0.024593,0.204464
8130,0.018696,0.014036,0.098100
8140,0.038714,0.027963,0.201000
8150,0.029203,0.022092,0.165455
8160,0.013454,0.010044,0.135369
8170,0.072280,0.055019,0.264315
8180,0.073515,0.056346,0.271680
8190,0.024044,0.017953,0.175890
8200,0.028840,0.021481,0.163910
8210,0.020072,0.015108,0.139063
8220,0.028435,0.020855,0.160672
8230,0.018744,0.013897,0.146839
8240,0.030357,0.022916,0.161966
8250,0.027142,0.020199,0.155295
8260,0.045729,0.032917,0.213176
8270,0.001454,0.001011,0.116283
8280,0.022694,0.016741,0.136004
8290,0.035609,0.026534,0.176014
8300,0.014611,0.010594,0.136946
8310,0.046878,0.036667,0.193379
8320,0.031630,0.024009,0.172868
8330,0.021855,0.016845,0.142213
8340,0.020633,0.015439,0.141968
8350,0.033315,0.026954,0.173553
8360,0.018440,0.011904,0.267925
8370,0.016855,0.012674,0.102734
8380,0.058970,0.044547,0.240289
8390,0.026616,0.019988,0.148922
8400,0.014237,0.009670,0.105831
8410,0.001757,0.001703,0.130723
8420,0.020320,0.015123,0.131873
8430,0.032778,0.025070,0.165469
8440,0.033865,0.025027,0.179601
8450,0.048516,0.036605,0.216264
8460,0.008008,0.005400,0.403263
8470,0.028164,0.020948,0.157345
8480,0.047758,0.036715,0.190509
8490,0.019497,0.014547,0.147878
8500,0.040793,0.031349,0.191806
8510,0.074290,0.056431,0.264524
8520,0.010403,0.007740,0.072243
8530,0.008322,0.006220,0.154076
8540,0.045898,0.033970,0.197834
8550,0.037216,0.027573,0.248154
8560,0.016486,0.011902,0.275046
8570,0.039823,0.030146,0.186235
8580,0.042212,0.031727,0.188052
8590,0.028666,0.020955,0.168685
8600,0.028393,0.021856,0.139962
8610,0.004209,0.003004,0.103084
8620,0.049880,0.037274,0.192675
8630,0.073328,0.056799,0.266398
8640,0.022027,0.016602,0.101223
8650,0.044306,0.033757,0.198210
8660,0.040509,0.030268,0.190921
8670,0.019055,0.013853,0.147983
8680,0.062207,0.047627,0.239952
8690,0.021086,0.015721,0.138041
8700,0.054771,0.040570,0.218142
8710,0.027228,0.020644,0.163396
8720,0.036324,0.026991,0.175147
8730,0.027772,0.020046,0.177864
8740,0.020063,0.014362,0.182219
8750,0.032565,0.024394,0.173742
8760,0.045125,0.031850,0.195454
8770,0.070047,0.056902,0.286353
8780,0.031419,0.023395,0.163531
8790,0.057717,0.050800,0.260120
8800,0.049307,0.038804,0.196491
8810,0.051109,0.038264,0.220227
8820,0.080004,0.061529,0.281895
8830,0.058006,0.042508,0.224427
8840,0.031113,0.023395,0.148016
8850,0.005639,0.003842,0.162869
8860,0.038561,0.028883,0.166487
8870,0.038108,0.027477,0.238924
8880,0.030000,0.022144,0.182754
8890,0.055315,0.041900,0.208929
8900,0.005895,0.004427,0.098840
8910,0.073681,0.055753,0.271005
8920,0.021446,0.015953,0.140635
8930,0.055307,0.041966,0.225686
8940,0.031765,0.023839,0.158281
8950,0.031457,0.022766,0.166119
8960,0.031766,0.022724,0.187266
8970,0.013663,0.010080,0.116897
8980,0.035224,0.027252,0.174429
8990,0.012237,0.009330,0.099018
9000,0.033962,0.025642,0.165958
9010,0.035261,0.027535,0.217787
9020,0.013566,0.009919,0.159206
9030,0.049037,0.037603,0.181746
9040,0.014776,0.010894,0.129072
9050,0.016247,0.012366,0.128723
9060,0.061117,0.048020,0.221078
9070,0.025522,0.019381,0.130504
9080,0.015254,0.011448,0.126642
9090,0.024417,0.019072,0.132589
9100,0.054531,0.041039,0.211522
9110,0.018469,0.014117,0.147435
9120,0.029922,0.021534,0.239297
9130,0.036172,0.027603,0.179664
9140,0.034698,0.026285,0.166588
9150,0.010771,0.007868,0.128950
9160,0.023781,0.017572,0.146997
9170,0.019680,0.014617,0.148537
9180,0.020924,0.015416,0.138928
9190,0.024233,0.018193,0.144774
9200,0.027265,0.020926,0.152896
9210,0.022383,0.017114,0.143360
9220,0.005744,0.003877,0.181383
9230,0.002416,0.001690,0.395234
9240,0.032569,0.024575,0.168840
9250,0.012725,0.009329,0.113873
9260,0.031760,0.023927,0.135964
9270,0.033157,0.022948,0.174796
9280,0.031746,0.023107,0.218059
9290,0.030167,0.022884,0.166349
9300,0.020360,0.015096,0.150333
9310,0.046713,0.034511,0.207666
9320,0.010106,0.007424,0.136885
9330,0.025553,0.019213,0.176564
9340,0.027194,0.020814,0.158324
9350,0.006107,0.004596,0.096066
9360,0.003526,0.002816,0.026833
9370,0.032583,0.024103,0.177737
9380,0.024357,0.018402,0.115025
9390,0.022221,0.017483,0.151584
9400,0.075916,0.058474,0.283050
9410,0.009992,0.007281,0.103399
9420,0.051648,0.042048,0.281044
9430,0.017422,0.012974,0.126869
9440,0.036064,0.027144,0.169599
9450,0.033181,0.025421,0.140135
9460,0.037499,0.027389,0.180707
9470,0.021593,0.017158,0.115529
9480,0.039164,0.029647,0.179406
9490,0.040312,0.030261,0.186905
9500,0.023764,0.017764,0.144710
9510,0.021724,0.016254,0.116717
9520,0.004620,0.003333,0.095259
9530,0.004458,0.003477,0.107039
9540,0.016395,0.011798,0.170282
9550,0.048562,0.036916,0.200759
9560,0.036594,0.027710,0.168555
9570,0.038992,0.031092,0.211952
9580,0.042978,0.032516,0.191030
9590,0.055076,0.040193,0.225169
9600,0.053620,0.041673,0.217418
9610,0.020436,0.014442,0.150643
9620,0.028132,0.020458,0.175134
9630,0.028574,0.021685,0.119618
9640,0.010888,0.008064,0.099639
9650,0.047509,0.036714,0.210531
9660,0.017190,0.014823,0.106419
9670,0.028836,0.021342,0.163859
9680,0.004839,0.004042,0.103240
9690,0.043337,0.032739,0.215122
9700,0.027518,0.020774,0.151562
9710,0.066009,0.051412,0.238455
9720,0.013665,0.010533,0.125305
9730,0.006714,0.005021,0.214434
9740,0.029711,0.021515,0.208508
9750,0.053059,0.040236,0.212027
9760,0.037280,0.028447,0.174288
9770,0.008849,0.007576,0.190301
9780,0.049412,0.038202,0.174129
9790,0.023917,0.018137,0.127566
9800,0.046331,0.035180,0.197375
9810,0.050039,0.038408,0.191260
9820,0.057870,0.044850,0.232180
9830,0.036355,0.026948,0.189423
9840,0.043612,0.033147,0.172217
9850,0.026714,0.019947,0.153620
9860,0.036576,0.026769,0.165539
9870,0.022175,0.017316,0.124321
9880,0.015700,0.011878,0.100103
9890,0.044825,0.033781,0.194158
9900,0.048727,0.037087,0.202953
9910,0.058284,0.043939,0.239553
9920,0.013805,0.010109,0.109613
9930,0.070439,0.053933,0.261914
9940,0.022808,0.017098,0.118844
9950,0.032102,0.022767,0.196335
9960,0.002852,0.002087,0.090495
9970,0.010037,0.007728,0.104402
9980,0.008244,0.007053,0.043904
9990,0.032180,0.024603,0.156986
10000,0.032966,0.024462,0.164725
10010,0.044528,0.033290,0.205648
10020,0.004504,0.003659,0.118562
10030,0.023345,0.017630,0.160834
10040,0.045544,0.035018,0.189086
10050,0.039241,0.029564,0.183592
10060,0.034443,0.026568,0.198779
10070,0.071030,0.054894,0.279370
10080,0.013587,0.009973,0.116740
10090,0.030054,0.022247,0.165255
10100,0.045851,0.035168,0.196294
10110,0.042688,0.032172,0.171181
10120,0.020404,0.015396,0.135363
10130,0.030204,0.021685,0.170367
10140,0.012721,0.009105,0.091893
10150,0.035150,0.025664,0.206151
10160,0.026340,0.019521,0.149156
10170,0.043349,0.032965,0.167969
10180,0.059929,0.044621,0.230267
10190,0.006071,0.004324,0.098401
10200,0.026217,0.018880,0.208252
10210,0.064507,0.049484,0.243269
10220,0.018609,0.013354,0.147855
10230,0.019663,0.015234,0.152737
10240,0.044654,0.033420,0.198735
10250,0.020566,0.015118,0.137400
10260,0.031418,0.022922,0.180109
10270,0.029406,0.020956,0.165803
10280,0.029286,0.022075,0.158988
10290,0.038467,0.029417,0.196564
10300,0.048386,0.036950,0.197819
10310,0.042311,0.032592,0.190007
10320,0.036891,0.028865,0.189340
10330,0.031313,0.023492,0.157466
10340,0.066744,0.050517,0.248385
10350,0.019112,0.013652,0.150817
10360,0.004368,0.003736,0.243322
10370,0.007044,0.004930,0.094572
10380,0.023777,0.018328,0.157496
10390,0.061991,0.046968,0.239778
10400,0.044799,0.034587,0.206577
10410,0.020653,0.015391,0.117121
10420,0.048551,0.036865,0.189984
10430,0.031635,0.023610,0.164779
10440,0.083803,0.062843,0.290366
10450,0.041186,0.030677,0.206018
10460,0.057360,0.043351,0.232275
10470,0.028535,0.022121,0.129761
10480,0.034369,0.025474,0.188402
10490,0.021643,0.014873,0.163198
10500,0.020212,0.014750,0.141745
10510,0.038140,0.029135,0.179786
10520,0.061749,0.047000,0.234567
10530,0.023334,0.016955,0.174616
10540,0.041892,0.030782,0.203858
10550,0.059367,0.045381,0.229995
10560,0.031319,0.023184,0.153303
10570,0.026624,0.019666,0.156096
10580,0.032482,0.024789,0.162137
10590,0.019567,0.014571,0.158845
10600,0.030666,0.022923,0.165659
10610,0.027172,0.020495,0.161228
10620,0.019257,0.013041,0.181218
10630,0.026452,0.020306,0.109878
10640,0.018005,0.013306,0.144314
10650,0.025054,0.018909,0.157067
10660,0.030571,0.022823,0.149556
10670,0.026963,0.020189,0.155347
10680,0.028166,0.021302,0.155610
10690,0.005312,0.002857,0.355803
10700,0.044538,0.034162,0.197594
10710,0.038922,0.029452,0.183254
10720,0.051115,0.038639,0.233625
10730,0.050014,0.037989,0.220971
10740,0.028983,0.021835,0.181828
10750,0.051039,0.038834,0.206066
10760,0.026653,0.019869,0.156678
10770,0.047573,0.037669,0.212924
10780,0.049457,0.037227,0.210309
10790,0.034958,0.026592,0.195562
10800,0.031210,0.023320,0.181753
10810,0.023055,0.017330,0.169141
10820,0.042142,0.031799,0.189716
10830,0.027694,0.020869,0.159177
10840,0.033636,0.025429,0.158064
10850,0.030874,0.023329,0.162672
10860,0.011903,0.008573,0.130513
10870,0.011887,0.008762,0.110173
10880,0.030266,0.022526,0.162177
10890,0.048101,0.036240,0.202979
10900,0.032749,0.024171,0.175279
10910,0.063454,0.046678,0.211542
10920,0.060151,0.046045,0.232408
10930,0.043687,0.032733,0.184446
10940,0.037035,0.027574,0.174744
10950,0.042124,0.031042,0.205333
10960,0.078664,0.060128,0.278738
10970,0.030347,0.022604,0.160247
10980,0.015949,0.012245,0.080066
10990,0.035084,0.026348,0.171003
11000,0.029532,0.021196,0.173129
11010,0.024948,0.018754,0.137136
11020,0.042379,0.032392,0.203819
11030,0.028028,0.021505,0.157046
11040,0.044811,0.033554,0.169984
11050,0.028920,0.021499,0.164162
11060,0.037568,0.029185,0.161512
11070,0.000095,0.000174,0.000415
11080,0.022893,0.016885,0.185451
11090,0.020509,0.015711,0.132817
11100,0.049770,0.037904,0.196642
11110,0.020057,0.015114,0.150388
11120,0.033009,0.024510,0.162801
11130,0.060066,0.045754,0.222085
11140,0.021670,0.016215,0.128417
11150,0.001902,0.001297,0.105658
11160,0.028494,0.020774,0.130724
11170,0.030122,0.022615,0.145996
11180,0.087681,0.066968,0.299331
11190,0.020809,0.017064,0.278947
11200,0.018759,0.014876,0.113917
11210,0.037758,0.029229,0.191032
11220,0.017607,0.012548,0.133578
11230,0.026273,0.018761,0.164610
11240,0.035191,0.026563,0.173248
11250,0.013189,0.009346,0.111132
11260,0.014760,0.010796,0.132427
11270,0.035759,0.026517,0.183263
11280,0.030426,0.022764,0.153234
11290,0.029321,0.022042,0.123860
11300,0.020173,0.015221,0.131654
11310,0.036420,0.027234,0.201734
11320,0.014679,0.010661,0.108267
11330,0.036981,0.028171,0.174991
11340,0.039294,0.029059,0.175664
11350,0.031637,0.023515,0.197334
11360,0.008633,0.006011,0.128889
11370,0.026376,0.019737,0.160608
11380,0.043451,0.033026,0.182696
11390,0.016393,0.012200,0.135575
11400,0.013718,0.010263,0.080366
11410,0.014882,0.011062,0.122606
11420,0.017378,0.012786,0.170671
11430,0.011248,0.008280,0.095686
11440,0.006874,0.005225,0.136387
11450,0.025822,0.019767,0.130183
11460,0.019218,0.014503,0.128364
11470,0.031116,0.023301,0.161693
11480,0.038905,0.029309,0.160787
11490,0.037421,0.028235,0.181322
11500,0.008965,0.006564,0.096400
11510,0.018382,0.013394,0.132714
11520,0.015370,0.011597,0.100339
11530,0.001589,0.001198,0.658921
11540,0.036279,0.027255,0.189192
11550,0.034388,0.023622,0.302388
11560,0.030908,0.022727,0.143266
11570,0.019259,0.014510,0.129710
11580,0.053213,0.040715,0.224976
11590,0.048465,0.036865,0.196086
11600,0.040839,0.030862,0.172143
11610,0.052772,0.037899,0.237103
11620,0.015789,0.011894,0.125838
11630,0.037001,0.028333,0.150752
11640,0.046303,0.035345,0.200098
11650,0.001132,0.000841,0.041892
11660,0.022871,0.016995,0.140655
11670,0.036105,0.027307,0.183380
11680,0.061348,0.047172,0.238092
11690,0.013035,0.009479,0.110330
11700,0.019562,0.014199,0.160292
11710,0.032301,0.024467,0.139679
11720,0.003987,0.003324,0.158925
11730,0.065712,0.049167,0.228721
11740,0.058531,0.044613,0.234706
11750,0.030391,0.022580,0.163099
11760,0.036152,0.026083,0.192340
11770,0.035348,0.026818,0.169022
11780,0.018254,0.013362,0.139988
11790,0.035210,0.026232,0.162742
11800,0.031052,0.023468,0.158322
11810,0.023369,0.017525,0.141185
11820,0.030955,0.023678,0.143721
11830,0.056049,0.042540,0.234265
11840,0.028016,0.020382,0.155766
11850,0.050258,0.038084,0.206244
11860,0.065247,0.049444,0.253469
11870,0.064088,0.049427,0.244521
11880,0.027821,0.020707,0.164322
11890,0.022283,0.016696,0.136805
11900,0.029800,0.022503,0.146366
11910,0.028270,0.021614,0.151248
11920,0.018309,0.013344,0.130707
11930,0.013969,0.010200,0.123324
11940,0.026793,0.020029,0.152157
11950,0.021492,0.016172,0.111625
11960,0.022533,0.016451,0.155850
11970,0.020814,0.015636,0.132868
11980,0.019151,0.013493,0.139242
11990,0.029469,0.022645,0.148614
12000,0.020691,0.015344,0.151810
12010,0.011953,0.008870,0.120158
12020,0.033606,0.025274,0.146891
12030,0.042226,0.032261,0.204755
12040,0.009036,0.006659,0.103599
12050,0.046314,0.035440,0.200863
12060,0.067999,0.052291,0.258623
12070,0.003557,0.002838,0.092451
12080,0.012845,0.009612,0.121900
12090,0.037857,0.028819,0.174447
12100,0.013704,0.010184,0.093235
12110,0.034607,0.025984,0.159922
12120,0.021197,0.016163,0.137093
12130,0.005096,0.003739,0.247726
12140,0.018353,0.013620,0.103540
12150,0.034723,0.026019,0.169853
12160,0.038907,0.029060,0.182815
12170,0.025594,0.018958,0.146037
12180,0.052249,0.040619,0.245806
12190,0.025536,0.019349,0.142280
12200,0.032219,0.025861,0.153735
12210,0.031275,0.023502,0.165646
12220,0.031604,0.023626,0.163370
12230,0.011567,0.008664,0.104061
12240,0.016160,0.012654,0.102299
12250,0.042044,0.032032,0.187724
12260,0.007642,0.005743,0.086359
12270,0.044330,0.033564,0.193551
12280,0.037046,0.027654,0.158720
12290,0.055899,0.042429,0.228660
12300,0.021550,0.016183,0.099735
12310,0.034126,0.025669,0.163290
12320,0.025626,0.019373,0.119142
12330,0.021557,0.015516,0.153948
12340,0.065822,0.049257,0.253557
12350,0.012611,0.009430,0.114082
12360,0.010681,0.007733,0.093999
12370,0.045576,0.033988,0.193292
12380,0.037467,0.028211,0.182725
12390,0.036324,0.026773,0.177009
12400,0.034829,0.025860,0.169224
12410,0.026941,0.020723,0.150810
12420,0.041980,0.032849,0.183835
12430,0.034795,0.026036,0.204123
12440,0.029824,0.022696,0.147385
12450,0.029064,0.021707,0.154766
12460,0.016107,0.012264,0.127578
12470,0.064673,0.048260,0.239050
12480,0.027610,0.020692,0.160822
12490,0.034568,0.024850,0.217352
12500,0.041776,0.031977,0.178185
12510,0.037490,0.028651,0.189224
12520,0.007947,0.006232,0.116660
12530,0.069429,0.052235,0.255077
12540,0.010604,0.007891,0.115649
12550,0.022125,0.017436,0.150324
12560,0.017624,0.013577,0.130854
12570,0.016958,0.012413,0.137344
12580,0.038530,0.029310,0.176466
12590,0.046265,0.035165,0.196239
12600,0.028904,0.021257,0.153347
12610,0.020777,0.016117,0.139664
12620,0.032221,0.024179,0.160341
12630,0.025530,0.019577,0.147193
12640,0.029980,0.022056,0.165390
12650,0.022879,0.016852,0.146901
12660,0.016655,0.013539,0.084437
12670,0.015893,0.011681,0.123130
12680,0.031280,0.023661,0.162430
12690,0.057662,0.041712,0.353072
12700,0.016950,0.012337,0.124359
12710,0.039682,0.029475,0.166336
12720,0.016870,0.012793,0.100838
12730,0.029605,0.022054,0.163413
12740,0.036185,0.025931,0.149636
12750,0.050202,0.037810,0.200120
12760,0.027137,0.020156,0.121805
12770,0.029800,0.023307,0.160814
12780,0.058035,0.044578,0.226952
12790,0.052340,0.039814,0.209572
12800,0.012739,0.008976,0.204019
12810,0.023056,0.017362,0.114338
12820,0.030513,0.022823,0.154572
12830,0.025849,0.019530,0.159587
12840,0.015734,0.011945,0.117355
12850,0.023582,0.017199,0.180149
12860,0.030467,0.022741,0.141341
12870,0.055320,0.041926,0.224562
12880,0.037240,0.027985,0.185212
12890,0.041024,0.031013,0.165417
12900,0.024262,0.018281,0.136076
12910,0.009924,0.006918,0.120305
12920,0.040583,0.030617,0.192907
12930,0.011848,0.007317,0.210315
12940,0.079525,0.058147,0.282711
12950,0.021193,0.015928,0.139395
12960,0.028353,0.021237,0.148439
12970,0.023083,0.017439,0.145977
12980,0.024639,0.019091,0.166158
12990,0.022649,0.017332,0.099292
13000,0.070352,0.053059,0.251349
13010,0.010194,0.007995,0.131510
13020,0.044441,0.034113,0.191884
13030,0.014836,0.011531,0.096640
13040,0.059244,0.043752,0.228653
13050,0.024006,0.018192,0.142944
13060,0.039878,0.028597,0.190428
13070,0.036215,0.027781,0.169915
13080,0.006375,0.004661,0.092783
13090,0.040639,0.030848,0.187050
13100,0.037692,0.029043,0.182067
13110,0.029296,0.021756,0.162630
13120,0.025590,0.018746,0.210816
13130,0.036419,0.027503,0.175650
13140,0.028717,0.023953,0.176199
13150,0.038028,0.028593,0.184276
13160,0.041942,0.030815,0.203865
13170,0.043631,0.033018,0.205816
13180,0.027542,0.020070,0.184519
13190,0.054964,0.041604,0.220053
13200,0.013107,0.010313,0.143984
13210,0.000025,0.000023,0.000086
13220,0.020675,0.015319,0.124045
13230,0.027582,0.020576,0.156605
13240,0.039216,0.029229,0.190224
13250,0.047243,0.034601,0.171134
13260,0.030759,0.023500,0.159541
13270,0.019323,0.014487,0.122079
13280,0.029445,0.022224,0.167142
13290,0.042281,0.031760,0.193219
13300,0.017502,0.013080,0.131841
13310,0.025056,0.018906,0.151649
13320,0.045317,0.033686,0.166676
13330,0.019452,0.013909,0.145653
13340,0.077856,0.058823,0.276742
13350,0.030355,0.023273,0.132604
13360,0.028278,0.021712,0.163060
13370,0.031260,0.022398,0.172251
13380,0.018754,0.014309,0.137791
13390,0.045055,0.033998,0.193955
13400,0.032355,0.024314,0.169702
13410,0.012583,0.009455,0.111454
13420,0.036757,0.027701,0.171467
13430,0.020300,0.015535,0.147229
13440,0.052008,0.039380,0.214612
13450,0.013798,0.010015,0.117668
13460,0.032596,0.024397,0.166483
13470,0.040673,0.029952,0.195367
13480,0.033993,0.025821,0.164546
13490,0.025591,0.019192,0.140295
13500,0.026093,0.020025,0.153849
13510,0.014817,0.011118,0.115402
13520,0.040288,0.029601,0.183120
13530,0.037571,0.028254,0.170930
13540,0.017329,0.012628,0.136253
13550,0.027492,0.021014,0.141778
13560,0.035756,0.027435,0.173140
13570,0.045447,0.034871,0.187047
13580,0.044665,0.033862,0.196048
13590,0.018940,0.014201,0.126428
13600,0.056246,0.042912,0.217969
13610,0.033721,0.025404,0.166489
13620,0.033514,0.025088,0.184954
13630,0.028125,0.020909,0.177799
13640,0.041878,0.032272,0.178612
13650,0.043431,0.032476,0.179398
13660,0.037396,0.028193,0.165830
13670,0.014379,0.010686,0.118478
13680,0.034155,0.024915,0.177118
13690,0.015048,0.011683,0.126065
13700,0.007847,0.005650,0.127693
13710,0.029428,0.021514,0.168981
13720,0.045366,0.033998,0.185093
13730,0.024837,0.018395,0.108881
13740,0.027822,0.021028,0.126099
13750,0.029559,0.022472,0.128622
13760,0.024126,0.018080,0.143124
13770,0.037907,0.028486,0.157801
13780,0.012564,0.009272,0.103165
13790,0.008169,0.006154,0.264015
13800,0.026942,0.020208,0.141073
13810,0.004238,0.003110,0.082809
13820,0.023029,0.017182,0.140258
13830,0.018487,0.013988,0.095196
13840,0.014060,0.010215,0.121811
13850,0.067701,0.052107,0.251943
13860,0.045713,0.036444,0.196366
13870,0.034560,0.026306,0.189520
13880,0.033630,0.025263,0.178388
13890,0.010321,0.007511,0.124234
13900,0.012590,0.009933,0.129017
13910,0.022666,0.016575,0.146752
13920,0.048014,0.036496,0.189051
13930,0.022002,0.015780,0.144106
13940,0.027604,0.020277,0.167528
13950,0.018331,0.013386,0.110868
13960,0.031111,0.023554,0.158113
13970,0.022454,0.017078,0.134249
13980,0.014663,0.010777,0.115969
13990,0.011668,0.008651,0.071402
14000,0.015834,0.011860,0.122270
14010,0.028782,0.020860,0.193683
14020,0.034209,0.025937,0.167128
14030,0.068292,0.051805,0.249913
14040,0.057783,0.043094,0.199442
14050,0.023560,0.017367,0.129807
14060,0.034419,0.025217,0.178486
14070,0.038763,0.029130,0.172905
14080,0.031119,0.023043,0.178592
14090,0.058268,0.043375,0.211776
14100,0.016456,0.012718,0.087905
14110,0.018684,0.013695,0.086737
14120,0.032627,0.024890,0.163533
14130,0.021537,0.016636,0.143744
14140,0.031144,0.023504,0.156603
14150,0.029990,0.022671,0.167947
14160,0.020428,0.015517,0.109551
14170,0.031953,0.023415,0.171156
14180,0.034196,0.025830,0.160577
14190,0.038120,0.028829,0.166037
14200,0.033209,0.024005,0.187794
14210,0.055445,0.042611,0.231158
14220,0.013873,0.011367,0.088987
14230,0.015669,0.011648,0.126489
14240,0.039678,0.029944,0.185218
14250,0.043139,0.032249,0.188793
14260,0.028451,0.022008,0.141567
14270,0.056360,0.042502,0.211874
14280,0.035627,0.027020,0.172178
14290,0.010043,0.007681,0.129089
14300,0.015534,0.012348,0.166965
14310,0.016981,0.012968,0.099999
14320,0.031942,0.023501,0.168570
14330,0.036863,0.028632,0.187279
14340,0.048949,0.037893,0.199804
14350,0.046728,0.034748,0.181248
14360,0.024406,0.018167,0.139352
14370,0.006066,0.004458,0.110326
14380,0.045647,0.035045,0.189697
14390,0.025690,0.019230,0.129621
14400,0.037498,0.028521,0.194967
14410,0.040763,0.031042,0.181548
14420,0.040406,0.030844,0.181179
14430,0.040823,0.029955,0.207721
14440,0.039251,0.030258,0.210772
14450,0.021196,0.015334,0.136165
14460,0.024694,0.017522,0.119775
14470,0.035333,0.026567,0.166147
14480,0.036179,0.027559,0.168000
14490,0.036248,0.027219,0.150126
14500,0.008144,0.005957,0.089412
14510,0.040582,0.030500,0.166430
14520,0.028483,0.021187,0.160490
14530,0.039549,0.029703,0.184842
14540,0.018089,0.013189,0.146072
14550,0.045236,0.034295,0.191856
14560,0.018223,0.015174,0.150105
14570,0.050221,0.037985,0.204934
14580,0.036196,0.026830,0.172001
14590,0.012921,0.010057,0.118535
14600,0.019942,0.014811,0.136566
14610,0.026758,0.018746,0.155485
14620,0.007912,0.005685,0.058877
14630,0.007028,0.004976,0.126708
14640,0.018913,0.013575,0.105485
14650,0.012215,0.009078,0.105055
14660,0.028426,0.021444,0.141904
14670,0.019066,0.014697,0.122984
14680,0.039687,0.030109,0.175650
14690,0.012178,0.009008,0.097598
14700,0.037164,0.027892,0.180291
14710,0.005555,0.004118,0.101427
14720,0.003652,0.002801,0.104817
14730,0.013310,0.009843,0.107566
14740,0.006304,0.004599,0.101038
14750,0.004007,0.002868,0.112375
14760,0.041909,0.030223,0.234675
14770,0.039301,0.029832,0.174360
14780,0.040173,0.031825,0.182815
14790,0.051604,0.038603,0.222912
14800,0.053315,0.040354,0.203223
14810,0.037181,0.028055,0.172410
14820,0.013159,0.009577,0.113719
14830,0.030965,0.023483,0.144268
14840,0.057502,0.044599,0.231419
14850,0.063229,0.046786,0.241749
14860,0.014389,0.010356,0.197668
14870,0.044074,0.032934,0.199415
14880,0.014208,0.010802,0.118733
14890,0.038897,0.030151,0.166130
14900,0.043113,0.032592,0.181268
14910,0.026904,0.020177,0.143289
14920,0.021941,0.016467,0.131653
14930,0.042568,0.032012,0.187626
14940,0.026704,0.020082,0.120995
14950,0.019606,0.014593,0.135667
14960,0.035725,0.026080,0.191114
14970,0.032353,0.025623,0.181738
14980,0.037271,0.028630,0.166195
14990,0.029915,0.022370,0.149118
15000,0.056155,0.045653,0.199671
15010,0.007786,0.005683,0.135276
15020,0.066281,0.053813,0.239850
15030,0.041833,0.031275,0.180400
15040,0.006090,0.004279,0.081082
15050,0.035444,0.026407,0.164739
15060,0.020427,0.015391,0.110763
15070,0.040225,0.031083,0.198116
15080,0.021344,0.016005,0.118945
15090,0.018768,0.014184,0.128649
15100,0.003937,0.002827,0.107067
15110,0.010322,0.007596,0.076852
15120,0.066355,0.049178,0.280921
15130,0.024198,0.018092,0.139483
15140,0.044958,0.034133,0.191963
15150,0.034066,0.025022,0.181947
15160,0.052430,0.040386,0.242713
15170,0.033994,0.025802,0.156675
15180,0.029537,0.021741,0.145467
15190,0.023910,0.018028,0.140384
15200,0.017528,0.013189,0.144983
15210,0.061185,0.045991,0.223738
15220,0.031107,0.023777,0.167043
15230,0.028464,0.021236,0.166054
15240,0.024055,0.018438,0.107953
15250,0.025344,0.017582,0.205029
15260,0.018238,0.013255,0.138818
15270,0.013455,0.010030,0.123412
15280,0.005259,0.003998,0.066359
15290,0.043098,0.033309,0.186876
15300,0.032013,0.023026,0.161239
15310,0.041788,0.031477,0.203193
15320,0.038331,0.029080,0.175593
15330,0.023362,0.017317,0.116540
15340,0.021783,0.016383,0.136631
15350,0.019692,0.014765,0.121797
15360,0.037975,0.029835,0.175823
15370,0.026759,0.020002,0.156296
15380,0.031964,0.024232,0.144520
15390,0.015326,0.011284,0.124421
15400,0.017333,0.013050,0.131972
15410,0.031415,0.022855,0.138304
15420,0.037817,0.027556,0.184071
15430,0.019080,0.014235,0.121070
15440,0.023870,0.017982,0.129093
15450,0.022250,0.015099,0.264441
15460,0.023435,0.017399,0.143352
15470,0.040978,0.032413,0.184715
15480,0.005435,0.004056,0.114300
15490,0.032428,0.023807,0.149213
15500,0.012273,0.008063,0.160329
15510,0.045881,0.034594,0.197833
15520,0.029020,0.022110,0.151700
15530,0.007473,0.005527,0.043842
15540,0.008077,0.006547,0.106309
15550,0.034275,0.025390,0.211430
15560,0.044520,0.033497,0.166593
15570,0.034482,0.024175,0.198032
15580,0.024845,0.018278,0.144199
15590,0.029839,0.022290,0.172383
15600,0.008742,0.006421,0.121778
15610,0.045500,0.034394,0.189812
15620,0.033364,0.025178,0.159607
15630,0.047169,0.035745,0.190819
15640,0.044695,0.034187,0.188933
15650,0.073281,0.055426,0.262335
15660,0.016642,0.012147,0.102934
15670,0.040435,0.030334,0.188351
15680,0.022577,0.017775,0.115364
15690,0.015261,0.011547,0.116899
15700,0.034240,0.025572,0.170633
15710,0.011501,0.007499,0.091120
15720,0.026584,0.019318,0.136341
15730,0.050137,0.038410,0.206020
15740,0.029824,0.022181,0.181815
15750,0.021845,0.016678,0.109745
15760,0.000025,0.000033,0.000100
15770,0.034215,0.025925,0.131454
15780,0.040208,0.029990,0.180435
15790,0.024336,0.017996,0.142323
15800,0.044715,0.033712,0.190613
15810,0.037624,0.028718,0.179390
15820,0.034619,0.025408,0.190030
15830,0.032990,0.024516,0.154792
15840,0.050358,0.037942,0.196717
15850,0.027873,0.020374,0.159088
15860,0.047268,0.035803,0.177099
15870,0.019318,0.014487,0.088037
15880,0.041727,0.033004,0.156078
15890,0.031099,0.023181,0.147092
15900,0.041882,0.030334,0.202530
15910,0.012999,0.009611,0.108113
15920,0.053033,0.039842,0.202085
15930,0.025800,0.019216,0.137542
15940,0.027563,0.021145,0.115971
15950,0.047600,0.036215,0.203378
15960,0.033499,0.025078,0.176956
15970,0.036072,0.026628,0.176022
15980,0.031344,0.024021,0.166133
15990,0.029026,0.021826,0.152142
16000,0.003456,0.002389,0.163022
16010,0.059078,0.044530,0.225588
16020,0.047394,0.035972,0.207067
16030,0.016978,0.012802,0.140085
16040,0.020730,0.015267,0.134592
16050,0.038467,0.028809,0.191656
16060,0.021702,0.016045,0.149468
16070,0.050235,0.037617,0.208920
16080,0.023123,0.016609,0.165977
16090,0.061930,0.047081,0.238057
16100,0.023707,0.017990,0.156171
16110,0.015918,0.012049,0.124892
16120,0.064549,0.047603,0.251115
16130,0.029790,0.022355,0.141017
16140,0.046342,0.034958,0.182946
16150,0.005272,0.004149,0.042955
16160,0.027609,0.020818,0.157434
16170,0.034611,0.026152,0.149203
16180,0.028770,0.021431,0.127025
16190,0.030559,0.023324,0.168932
16200,0.017446,0.013016,0.133429
16210,0.013016,0.010500,0.146708
16220,0.050547,0.039777,0.189602
16230,0.050959,0.038362,0.207820
16240,0.037411,0.028477,0.168931
16250,0.034087,0.025532,0.177667
16260,0.028515,0.021123,0.156375
16270,0.055750,0.041617,0.216158
16280,0.034493,0.026115,0.170626
16290,0.030453,0.022889,0.154111
16300,0.023258,0.017490,0.127270
16310,0.031569,0.023647,0.149538
16320,0.020021,0.015080,0.144156
16330,0.069610,0.052378,0.242934
16340,0.021586,0.016298,0.122411
16350,0.009900,0.007400,0.188874
16360,0.028888,0.021662,0.146995
16370,0.003955,0.002870,0.040199
16380,0.025261,0.018140,0.146959
16390,0.032183,0.024195,0.165685
16400,0.034150,0.025264,0.184411
16410,0.054968,0.042979,0.213267
16420,0.003342,0.002454,0.113819
16430,0.010813,0.007954,0.136779
16440,0.026989,0.020433,0.156332
16450,0.021720,0.015768,0.131959
16460,0.026475,0.020615,0.182803
16470,0.032394,0.024040,0.188344
16480,0.018563,0.013842,0.111428
16490,0.025331,0.018689,0.164666
16500,0.033566,0.024996,0.156514
16510,0.008958,0.006811,0.086176
16520,0.034643,0.026070,0.160027
16530,0.020188,0.015063,0.136418
16540,0.050185,0.036962,0.182210
16550,0.015461,0.011285,0.137724
16560,0.030080,0.022657,0.154535
16570,0.030018,0.022755,0.137059
16580,0.043278,0.031724,0.201646
16590,0.023926,0.018892,0.108354
16600,0.050997,0.038586,0.211417
16610,0.055675,0.042113,0.216759
16620,0.017354,0.013768,0.093769
16630,0.023935,0.017668,0.139568
16640,0.041646,0.031541,0.170877
16650,0.030033,0.022331,0.146861
16660,0.016782,0.012463,0.144399
16670,0.022555,0.016962,0.137244
16680,0.024735,0.018577,0.150238
16690,0.061837,0.047412,0.230844
16700,0.019417,0.014486,0.139763
16710,0.019221,0.014608,0.122887
16720,0.020989,0.015618,0.136936
16730,0.040476,0.030632,0.167742
16740,0.022228,0.016532,0.145266
16750,0.026650,0.020107,0.146075
16760,0.031527,0.024708,0.156270
16770,0.006461,0.004683,0.183240
16780,0.034807,0.025412,0.179975
16790,0.019472,0.014520,0.100570
16800,0.024294,0.019836,0.124210
16810,0.045217,0.035245,0.201941
16820,0.037113,0.028108,0.181319
16830,0.036854,0.028438,0.158344
16840,0.038483,0.029590,0.152114
16850,0.058715,0.044086,0.216644
16860,0.037946,0.030617,0.206787
16870,0.030292,0.022947,0.140892
16880,0.033538,0.024443,0.169443
16890,0.012530,0.009456,0.111800
16900,0.039883,0.030963,0.165368
16910,0.061550,0.046522,0.219464
16920,0.003239,0.002528,0.132691
16930,0.024115,0.018299,0.152129
16940,0.035760,0.026687,0.162157
16950,0.018886,0.015267,0.106413
16960,0.018873,0.014076,0.136245
16970,0.055189,0.041017,0.202741
16980,0.022335,0.016920,0.116081
16990,0.033393,0.026897,0.175788
17000,0.021760,0.016346,0.126968
17010,0.027866,0.022007,0.150993
17020,0.016385,0.011891,0.137640
17030,0.057810,0.043904,0.220273
17040,0.010662,0.007553,0.103944
17050,0.051984,0.038999,0.207126
17060,0.006614,0.004529,0.161661
17070,0.013901,0.009918,0.159173
17080,0.019501,0.013404,0.104037
17090,0.048701,0.037408,0.185581
17100,0.017099,0.012701,0.129810
17110,0.039412,0.029408,0.190931
17120,0.035284,0.026613,0.161655
17130,0.064568,0.048862,0.238190
17140,0.031431,0.023932,0.153519
17150,0.012386,0.009103,0.108582
17160,0.041541,0.030894,0.184247
17170,0.039053,0.029257,0.195951
17180,0.013532,0.009784,0.118341
17190,0.043726,0.033556,0.174403
17200,0.009197,0.006410,0.171046
17210,0.021513,0.016195,0.106501
17220,0.032057,0.023569,0.170317
17230,0.058072,0.044940,0.241944
17240,0.036228,0.027411,0.170677
17250,0.024385,0.017988,0.144771
17260,0.057149,0.043749,0.212370
17270,0.030860,0.023146,0.149368
17280,0.023441,0.018284,0.148665
17290,0.025390,0.019013,0.145435
17300,0.025040,0.018936,0.144775
17310,0.020399,0.014687,0.146900
17320,0.035989,0.027124,0.156843
17330,0.033821,0.025129,0.162742
17340,0.057186,0.042549,0.225126
17350,0.011181,0.008503,0.115921
17360,0.005298,0.004029,0.071725
17370,0.014892,0.010828,0.112634
17380,0.031674,0.023947,0.166032
17390,0.014190,0.010731,0.124703
17400,0.024067,0.018849,0.151763
17410,0.022276,0.016696,0.115248
17420,0.030198,0.022366,0.155265
17430,0.017309,0.012984,0.123710
17440,0.014526,0.010979,0.117147
17450,0.041204,0.030771,0.176372
17460,0.033163,0.025065,0.163523
17470,0.027799,0.020889,0.137759
17480,0.015661,0.011882,0.120889
17490,0.016244,0.011924,0.118644
17500,0.019637,0.014610,0.127338
17510,0.045735,0.034734,0.183761
17520,0.038408,0.029204,0.172665
17530,0.023077,0.016146,0.177029
17540,0.033920,0.025651,0.171278
17550,0.036596,0.027294,0.156733
17560,0.032748,0.024755,0.158397
17570,0.021241,0.015728,0.131620
17580,0.055196,0.041767,0.214110
17590,0.026327,0.019595,0.143409
17600,0.040348,0.030254,0.197375
17610,0.030928,0.023358,0.160029
17620,0.027860,0.021142,0.147659
17630,0.035537,0.026951,0.166816
17640,0.048911,0.038022,0.214203
17650,0.040334,0.030721,0.180565
17660,0.013213,0.010107,0.119155
17670,0.061457,0.046786,0.226496
17680,0.005052,0.003662,0.106723
17690,0.026166,0.019784,0.150606
17700,0.021900,0.016779,0.134701
17710,0.036429,0.026991,0.186648
17720,0.036394,0.027172,0.174617
17730,0.011094,0.008780,0.106690
17740,0.030889,0.023351,0.162584
17750,0.030574,0.023356,0.167295
17760,0.047526,0.035225,0.205676
17770,0.031059,0.023540,0.158471
17780,0.018416,0.014475,0.217641
17790,0.006516,0.004510,0.051556
17800,0.016034,0.012036,0.125188
17810,0.043695,0.033441,0.190394
17820,0.039246,0.029968,0.177021
17830,0.012507,0.009219,0.110422
17840,0.031193,0.023769,0.152576
17850,0.013941,0.010713,0.131638
17860,0.014776,0.010517,0.178917
17870,0.014070,0.010360,0.119465
17880,0.016988,0.012773,0.131738
17890,0.026206,0.016370,0.211162
17900,0.030503,0.022732,0.170949
17910,0.019747,0.014470,0.159602
17920,0.040106,0.030074,0.183224
17930,0.045670,0.034435,0.179428
17940,0.039232,0.029571,0.179405
17950,0.024013,0.017584,0.145175
17960,0.036043,0.026796,0.174427
17970,0.026181,0.020026,0.131777
17980,0.067051,0.051667,0.252016
17990,0.024021,0.017695,0.143033
18000,0.028564,0.021129,0.158560
18010,0.026458,0.019883,0.134182
18020,0.024141,0.018225,0.130540
18030,0.028641,0.020184,0.159574
18040,0.019631,0.014488,0.091850
18050,0.030078,0.022716,0.156332
18060,0.054830,0.041873,0.206545
18070,0.006060,0.005431,0.171585
18080,0.027783,0.020549,0.181868
18090,0.025751,0.019397,0.123679
18100,0.014643,0.010235,0.168293
18110,0.027042,0.019465,0.190065
18120,0.034849,0.026652,0.146628
18130,0.005267,0.003835,0.085330
18140,0.031531,0.023661,0.169790
18150,0.047219,0.036159,0.205281
18160,0.017131,0.012777,0.116535
18170,0.026782,0.020236,0.133957
18180,0.053101,0.040504,0.204788
18190,0.042986,0.032887,0.181060
18200,0.029690,0.022111,0.162287
18210,0.022324,0.016785,0.149068
18220,0.052693,0.039957,0.217531
18230,0.029400,0.021323,0.159565
18240,0.019027,0.013522,0.150733
18250,0.046716,0.035269,0.196062
18260,0.026467,0.019651,0.152377
18270,0.025809,0.018976,0.118123
18280,0.028562,0.021192,0.160055
18290,0.013805,0.009030,0.143849
18300,0.023652,0.017888,0.142437
18310,0.041438,0.031337,0.185310
18320,0.042011,0.031525,0.183291
18330,0.029190,0.021794,0.162638
18340,0.050174,0.037911,0.196663
18350,0.029589,0.021971,0.155970
18360,0.018650,0.013765,0.099731
18370,0.041971,0.031553,0.182060
18380,0.009070,0.006846,0.145422
18390,0.029120,0.021607,0.150024
18400,0.022788,0.019610,0.128205
18410,0.030452,0.022175,0.153209
18420,0.036425,0.028048,0.167410
18430,0.048985,0.034361,0.206870
18440,0.014779,0.011116,0.111303
18450,0.047548,0.035504,0.195445
18460,0.016874,0.012801,0.119673
18470,0.046245,0.035976,0.197702
18480,0.026314,0.021209,0.163771
18490,0.041113,0.031180,0.183213
18500,0.026077,0.019530,0.154521
18510,0.010388,0.007532,0.082083
18520,0.015354,0.011467,0.122075
18530,0.041562,0.031030,0.166516
18540,0.031346,0.023667,0.156424
18550,0.037591,0.028504,0.173077
18560,0.050014,0.037691,0.191181
18570,0.049668,0.037447,0.189655
18580,0.011600,0.009146,0.147146
18590,0.029978,0.022218,0.160561
18600,0.023382,0.017637,0.163179
18610,0.016163,0.011621,0.134181
18620,0.045032,0.034094,0.207513
18630,0.012708,0.009622,0.067987
18640,0.049180,0.037423,0.202141
18650,0.040141,0.031260,0.199206
18660,0.029738,0.022589,0.213901
18670,0.026595,0.019992,0.154229
18680,0.006776,0.005627,0.117094
18690,0.036265,0.027365,0.169378
18700,0.050468,0.037824,0.202788
18710,0.028962,0.021756,0.158818
18720,0.015938,0.011704,0.143169
18730,0.010977,0.009273,0.209211
18740,0.008262,0.006472,0.071176
18750,0.028006,0.021169,0.153214
18760,0.029771,0.022328,0.155808
18770,0.045754,0.034610,0.193043
18780,0.034018,0.025599,0.172657
18790,0.009266,0.007093,0.046431
18800,0.019939,0.014965,0.133498
18810,0.028229,0.021184,0.152637
18820,0.027212,0.020415,0.167410
18830,0.041203,0.030329,0.168515
18840,0.026348,0.019881,0.146202
18850,0.042847,0.032423,0.170830
18860,0.028696,0.021621,0.169757
18870,0.013243,0.009640,0.121757
18880,0.033441,0.025139,0.158610
18890,0.019668,0.014814,0.149334
18900,0.029824,0.021769,0.152834
18910,0.033961,0.025698,0.159193
18920,0.040238,0.030032,0.181784
18930,0.055764,0.042457,0.198057
18940,0.053251,0.040309,0.221247
18950,0.020555,0.014673,0.150134
18960,0.024386,0.019090,0.145590
18970,0.031872,0.024398,0.167733
18980,0.015165,0.011215,0.127746
18990,0.038124,0.029577,0.223104
19000,0.050830,0.038834,0.204063
19010,0.019641,0.014445,0.131574
19020,0.040901,0.030847,0.182968
19030,0.021368,0.016099,0.104727
19040,0.034157,0.025551,0.148597
19050,0.028194,0.020330,0.161584
19060,0.053464,0.040527,0.226015
19070,0.050830,0.038147,0.218120
19080,0.014135,0.010305,0.121065
19090,0.031031,0.025343,0.186508
19100,0.014026,0.010272,0.114549
19110,0.025963,0.019831,0.107623
19120,0.008673,0.006472,0.063208
19130,0.024321,0.018158,0.140809
19140,0.020588,0.015166,0.148434
19150,0.020955,0.015291,0.153903
19160,0.031033,0.023116,0.174976
19170,0.049356,0.037051,0.198131
19180,0.024055,0.018480,0.141458
19190,0.021197,0.015763,0.129770
19200,0.045264,0.034892,0.179456
19210,0.027864,0.020866,0.149464
19220,0.018707,0.014416,0.126693
19230,0.049685,0.037424,0.184214
19240,0.076188,0.059117,0.266302
19250,0.014250,0.010663,0.159382
19260,0.022355,0.016706,0.123541
19270,0.053345,0.040551,0.215809
19280,0.053654,0.042818,0.211367
19290,0.048607,0.036584,0.178414
19300,0.015923,0.011941,0.124135
19310,0.029978,0.022446,0.159966
19320,0.014648,0.010884,0.112714
19330,0.012819,0.009380,0.317910
19340,0.035903,0.027024,0.185685
19350,0.040105,0.030285,0.177483
19360,0.056191,0.041353,0.255713
19370,0.052294,0.039281,0.222368
19380,0.027414,0.020799,0.143898
19390,0.018791,0.014127,0.134068
19400,0.063117,0.048097,0.231744
19410,0.015027,0.011342,0.096966
19420,0.048289,0.036552,0.205917
19430,0.026646,0.019321,0.170411
19440,0.036431,0.027225,0.142845
19450,0.015684,0.011545,0.106204
19460,0.031641,0.023954,0.140576
19470,0.032278,0.024081,0.145713
19480,0.008495,0.006175,0.123468
19490,0.017164,0.012711,0.146153
19500,0.019881,0.014318,0.144813
19510,0.036539,0.027639,0.171131
19520,0.032929,0.024597,0.165549
19530,0.021316,0.016089,0.101184
19540,0.012627,0.009384,0.106078
19550,0.046086,0.034736,0.219042
19560,0.023237,0.017539,0.131262
19570,0.034264,0.026057,0.183240
19580,0.044672,0.034364,0.180864
19590,0.034180,0.025667,0.157881
19600,0.040938,0.031132,0.181140
19610,0.038748,0.029442,0.170834
19620,0.015210,0.010992,0.110282
19630,0.009759,0.007786,0.137112
19640,0.044909,0.033971,0.203679
19650,0.027411,0.020677,0.149312
19660,0.025021,0.019264,0.117272
19670,0.031963,0.023899,0.162267
19680,0.044113,0.033126,0.180079
19690,0.027427,0.020717,0.136999
19700,0.013718,0.010304,0.104733
19710,0.045636,0.037006,0.195977
19720,0.041798,0.031571,0.185380
19730,0.049800,0.037157,0.206929
19740,0.027180,0.020325,0.148920
19750,0.008138,0.007082,0.100808
19760,0.045340,0.034387,0.173167
19770,0.017076,0.012842,0.092555
19780,0.028547,0.021256,0.148665
19790,0.024795,0.018698,0.130863
19800,0.016573,0.012235,0.122784
19810,0.035988,0.026829,0.147917
19820,0.018814,0.014059,0.148904
19830,0.028245,0.020974,0.153955
19840,0.025970,0.019726,0.143542
19850,0.030660,0.023140,0.166674
19860,0.028207,0.021343,0.163967
19870,0.031810,0.024229,0.157977
19880,0.018532,0.014066,0.203956
19890,0.017018,0.012502,0.133638
19900,0.028245,0.021126,0.146244
19910,0.028353,0.021079,0.154693
19920,0.012746,0.009414,0.111563
19930,0.011593,0.008977,0.093371
19940,0.041102,0.030255,0.194645
19950,0.029875,0.022576,0.158796
19960,0.044334,0.033189,0.200141
19970,0.031900,0.024114,0.147441
19980,0.016633,0.011221,0.122381
19990,0.033577,0.024712,0.153518
20000,0.037223,0.028130,0.161918
20010,0.009528,0.006859,0.157361
20020,0.012976,0.009654,0.109961
20030,0.012512,0.009296,0.134748
20040,0.011484,0.008770,0.101235
20050,0.047008,0.035778,0.191232
20060,0.027763,0.020667,0.172734
20070,0.015663,0.011544,0.124404
20080,0.030261,0.022532,0.157631
20090,0.047840,0.035911,0.195782
20100,0.022387,0.016786,0.132592
20110,0.022203,0.016364,0.157797
20120,0.034790,0.026478,0.171558
20130,0.061501,0.046912,0.229408
20140,0.001323,0.001099,0.147470
20150,0.005706,0.004015,0.048721
20160,0.050475,0.038317,0.194594
20170,0.005667,0.004191,0.127586
20180,0.044287,0.033429,0.197306
20190,0.015889,0.011805,0.128559
20200,0.021149,0.015010,0.193104
20210,0.018246,0.014089,0.098328
20220,0.017434,0.013022,0.100745
20230,0.020376,0.015422,0.125709
20240,0.055890,0.042298,0.213503
20250,0.035272,0.028300,0.170691
20260,0.026216,0.019407,0.166482
20270,0.022789,0.015219,0.118497
20280,0.013587,0.010472,0.071494
20290,0.013074,0.009465,0.172647
20300,0.047922,0.036639,0.189152
20310,0.028512,0.021350,0.143345
20320,0.023892,0.018398,0.135168
20330,0.024749,0.018379,0.139465
20340,0.019609,0.014423,0.131380
20350,0.039810,0.029917,0.185429
20360,0.022239,0.016518,0.154164
20370,0.016493,0.012345,0.114053
20380,0.026663,0.020277,0.167501
20390,0.038874,0.030391,0.168622
20400,0.038673,0.029059,0.178717
20410,0.019515,0.014624,0.150744
20420,0.015125,0.011196,0.136233
20430,0.046797,0.035520,0.194375
20440,0.037549,0.027829,0.173797
20450,0.046793,0.034739,0.197622
20460,0.038825,0.029320,0.146605
20470,0.040357,0.029365,0.183040
20480,0.024352,0.018212,0.109401
20490,0.029834,0.022518,0.118915
20500,0.032345,0.024551,0.149271
20510,0.056536,0.043469,0.226710
20520,0.014963,0.010739,0.066298
20530,0.024600,0.018660,0.135335
20540,0.037884,0.028533,0.169703
20550,0.036377,0.027130,0.159466
20560,0.027196,0.020692,0.163466
20570,0.019424,0.014361,0.121554
20580,0.021600,0.016350,0.129927
20590,0.011938,0.009269,0.198944
20600,0.062315,0.047870,0.240039
20610,0.012357,0.009074,0.110416
20620,0.027243,0.020544,0.124702
20630,0.040692,0.030837,0.178651
20640,0.038583,0.028577,0.184240
20650,0.034513,0.025950,0.160128
20660,0.028517,0.020937,0.149849
20670,0.025085,0.018903,0.158555
20680,0.040906,0.030335,0.177641
20690,0.020372,0.016013,0.133314
20700,0.009258,0.006787,0.103977
20710,0.042237,0.032299,0.180163
20720,0.019613,0.014799,0.128993
20730,0.027697,0.020804,0.153636
20740,0.033164,0.025066,0.141800
20750,0.008888,0.006937,0.083136
20760,0.041786,0.030723,0.181823
20770,0.035566,0.026757,0.145354
20780,0.037820,0.028646,0.170433
20790,0.040299,0.030303,0.167260
20800,0.022241,0.017182,0.107035
20810,0.025343,0.018691,0.152383
20820,0.024129,0.018567,0.142022
20830,0.016447,0.008554,0.304711
20840,0.000045,0.000058,0.000173
20850,0.041384,0.031643,0.185776
20860,0.025153,0.018809,0.142378
20870,0.016949,0.012789,0.122627
20880,0.039178,0.029495,0.176180
20890,0.013753,0.010352,0.116671
20900,0.043808,0.032938,0.188155
20910,0.030192,0.022761,0.140374
20920,0.050760,0.038300,0.203303
20930,0.014973,0.011489,0.091324
20940,0.030209,0.022678,0.132032
20950,0.036558,0.027735,0.172064
20960,0.038909,0.029573,0.178511
20970,0.047586,0.035443,0.196858
20980,0.024912,0.018468,0.140900
20990,0.043454,0.032665,0.187986
21000,0.038348,0.029104,0.172527
21010,0.047755,0.035435,0.203788
21020,0.031652,0.023690,0.148078
21030,0.042831,0.032421,0.169934
21040,0.047175,0.035620,0.186827
21050,0.038807,0.029179,0.159641
21060,0.009683,0.006678,0.115889
21070,0.032917,0.025838,0.118584
21080,0.028625,0.021420,0.122892
21090,0.065124,0.048305,0.252122
21100,0.031539,0.023609,0.178338
21110,0.019913,0.014760,0.139781
21120,0.031329,0.023899,0.144309
21130,0.016098,0.010815,0.167227
21140,0.053149,0.039733,0.269667
21150,0.038595,0.029270,0.155731
21160,0.038562,0.028450,0.184752
21170,0.017419,0.012966,0.134461
21180,0.041776,0.031959,0.182243
21190,0.036759,0.028829,0.179574
21200,0.020755,0.015713,0.142776
21210,0.007918,0.006141,0.288500
21220,0.013252,0.010171,0.119867
21230,0.017574,0.012658,0.100177
21240,0.018479,0.014005,0.140069
21250,0.027681,0.020767,0.116241
21260,0.022726,0.016801,0.151086
21270,0.012213,0.009008,0.123849
21280,0.006390,0.004887,0.112120
21290,0.034787,0.026418,0.151722
21300,0.047104,0.035554,0.197352
21310,0.050879,0.037738,0.216248
21320,0.015685,0.011656,0.131674
21330,0.022484,0.017550,0.109469
21340,0.035046,0.027183,0.137336
21350,0.029801,0.022294,0.178213
21360,0.004630,0.003514,0.200874
21370,0.013592,0.010078,0.115072
21380,0.030755,0.023626,0.140965
21390,0.041175,0.031058,0.178338
21400,0.036741,0.027917,0.169014
21410,0.012216,0.009102,0.104894
21420,0.049417,0.038113,0.208680
21430,0.024913,0.018964,0.161474
21440,0.019146,0.013923,0.138296
21450,0.033116,0.024868,0.130840
21460,0.002310,0.001675,0.134684
21470,0.038760,0.029306,0.175221
21480,0.024643,0.018603,0.120663
21490,0.017275,0.013194,0.139680
21500,0.018987,0.014121,0.132071
21510,0.025433,0.019002,0.109482
21520,0.059851,0.044066,0.225378
21530,0.044686,0.033097,0.204483
21540,0.043623,0.032180,0.196235
21550,0.009597,0.007084,0.111156
21560,0.029829,0.022134,0.139703
21570,0.044332,0.033638,0.191633
21580,0.016410,0.012271,0.133017
21590,0.045002,0.034372,0.201536
21600,0.025731,0.018656,0.153699
21610,0.054834,0.041661,0.216085
21620,0.041118,0.031041,0.185913
21630,0.045638,0.034258,0.195158
21640,0.046525,0.034851,0.196635
21650,0.028918,0.021932,0.156913
21660,0.026898,0.020333,0.124154
21670,0.027740,0.020981,0.141675
21680,0.056513,0.042983,0.206334
21690,0.012644,0.009450,0.105623
21700,0.032734,0.024830,0.140915
21710,0.013561,0.010253,0.114122
21720,0.022250,0.016975,0.119152
21730,0.045644,0.034335,0.188405
21740,0.030736,0.023157,0.161599
21750,0.021621,0.016728,0.140087
21760,0.021252,0.015611,0.133786
21770,0.072181,0.056229,0.245687
21780,0.005225,0.003881,0.098591
21790,0.026564,0.020307,0.146794
21800,0.033406,0.026536,0.151700
21810,0.006121,0.004348,0.112886
21820,0.013612,0.010373,0.125273
21830,0.051375,0.038796,0.198397
21840,0.017442,0.012793,0.124725
21850,0.028218,0.021148,0.151679
21860,0.028130,0.021354,0.156839
21870,0.026773,0.020134,0.152780
21880,0.038706,0.029509,0.170440
21890,0.031769,0.023753,0.143759
21900,0.049859,0.038276,0.203469
21910,0.020933,0.015738,0.141942
21920,0.026528,0.019551,0.144889
21930,0.040217,0.029661,0.179474
21940,0.057289,0.042998,0.239317
21950,0.010217,0.007755,0.089758
21960,0.014166,0.011282,0.121875
21970,0.050251,0.038162,0.197059
21980,0.013794,0.010212,0.102562
21990,0.028360,0.021860,0.131913
22000,0.012937,0.009528,0.108520
22010,0.038064,0.028645,0.180487
22020,0.024477,0.018366,0.144954
22030,0.019999,0.015240,0.153058
22040,0.015070,0.010825,0.127328
22050,0.041594,0.031321,0.183124
22060,0.006117,0.003186,0.209576
22070,0.032460,0.024536,0.163149
22080,0.035706,0.026863,0.172073
22090,0.029870,0.022409,0.176641
22100,0.039309,0.030018,0.185427
22110,0.053025,0.040036,0.187157
22120,0.022326,0.016803,0.108219
22130,0.008156,0.006097,0.081274
22140,0.011994,0.008918,0.103424
22150,0.038332,0.028844,0.176392
22160,0.022449,0.017132,0.149301
22170,0.001005,0.000807,0.038809
22180,0.013242,0.009829,0.108735
22190,0.003400,0.002355,0.026357
22200,0.060496,0.045688,0.217709
22210,0.041673,0.031749,0.167300
22220,0.015532,0.011170,0.118940
22230,0.049517,0.039269,0.206958
22240,0.037317,0.027737,0.169435
22250,0.023474,0.017188,0.127263
22260,0.014888,0.011536,0.077924
22270,0.020731,0.015767,0.129711
22280,0.023483,0.017335,0.131549
22290,0.014772,0.011276,0.086253
22300,0.030870,0.022955,0.173025
22310,0.022235,0.016731,0.128637
22320,0.011683,0.008787,0.095060
22330,0.030700,0.023191,0.158822
22340,0.019793,0.014912,0.107675
22350,0.000032,0.000040,0.000126
22360,0.021496,0.016805,0.138019
22370,0.034836,0.026303,0.173140
22380,0.101025,0.078443,0.327730
22390,0.011935,0.008863,0.098651
22400,0.036584,0.027109,0.170858
22410,0.015945,0.012315,0.109523
22420,0.052448,0.039893,0.208228
22430,0.026571,0.020028,0.151487
22440,0.044953,0.033315,0.207518
22450,0.023528,0.017761,0.138272
22460,0.018783,0.014137,0.123037
22470,0.020778,0.015616,0.129582
22480,0.016742,0.012401,0.077409
22490,0.024802,0.018604,0.154504
22500,0.040012,0.030368,0.172342
22510,0.036461,0.027722,0.160300
22520,0.031809,0.023608,0.146780
22530,0.015033,0.011647,0.113112
22540,0.011148,0.008410,0.126059
22550,0.020153,0.015124,0.133566
22560,0.027266,0.020837,0.141577
22570,0.029248,0.022167,0.144978
22580,0.018154,0.013483,0.139965
22590,0.032744,0.024637,0.178632
22600,0.022098,0.016802,0.120943
22610,0.017552,0.013542,0.117756
22620,0.044328,0.033230,0.168842
22630,0.028847,0.021023,0.151084
22640,0.023476,0.020265,0.120541
22650,0.028140,0.021834,0.117703
22660,0.035057,0.026425,0.165698
22670,0.050237,0.039765,0.214079
22680,0.020629,0.015317,0.149545
22690,0.031292,0.023252,0.147723
22700,0.028023,0.020796,0.113720
22710,0.023610,0.017450,0.135794
22720,0.042451,0.031592,0.182240
22730,0.022396,0.016719,0.127412
22740,0.021732,0.016661,0.124503
22750,0.034603,0.026361,0.171488
22760,0.027478,0.020653,0.156152
22770,0.027563,0.020238,0.150982
22780,0.031807,0.023964,0.148119
22790,0.036473,0.027073,0.173015
22800,0.032690,0.024993,0.156274
22810,0.016325,0.012247,0.136284
22820,0.001932,0.001428,0.116312
22830,0.018000,0.013477,0.120953
22840,0.034924,0.026700,0.151475
22850,0.025272,0.019191,0.162931
22860,0.021470,0.015816,0.131758
22870,0.035141,0.026909,0.164123
22880,0.029637,0.023288,0.150992
22890,0.042990,0.033197,0.197269
22900,0.012838,0.009945,0.107473
22910,0.021732,0.016258,0.100879
22920,0.063582,0.047329,0.232837
22930,0.012292,0.009285,0.106322
22940,0.040780,0.030637,0.165581
22950,0.041372,0.031226,0.177494
22960,0.042143,0.031671,0.182085
22970,0.033746,0.025019,0.172489
22980,0.022278,0.016941,0.130008
22990,0.012757,0.009493,0.107083
23000,0.026359,0.019911,0.137381
23010,0.017760,0.013294,0.129135
23020,0.019051,0.014073,0.131622
23030,0.032277,0.024241,0.163720
23040,0.003823,0.002948,0.081214
23050,0.012021,0.008896,0.110427
23060,0.029675,0.022581,0.164088
23070,0.025454,0.018860,0.146121
23080,0.032229,0.024684,0.162822
23090,0.000453,0.000300,0.045541
23100,0.032604,0.024408,0.161917
23110,0.022205,0.017132,0.142749
23120,0.032117,0.023514,0.162940
23130,0.029970,0.022804,0.131625
23140,0.006531,0.004869,0.090726
23150,0.021228,0.015498,0.141459
23160,0.040795,0.030744,0.149950
23170,0.011727,0.009232,0.147223
23180,0.037735,0.029050,0.160382
23190,0.028666,0.021605,0.133552
23200,0.021408,0.016020,0.093180
23210,0.012882,0.009775,0.111393
23220,0.052985,0.040516,0.195434
23230,0.011100,0.008365,0.054983
23240,0.030474,0.023119,0.157146
23250,0.043009,0.032773,0.183649
23260,0.058642,0.044274,0.222463
23270,0.029766,0.021724,0.129896
23280,0.012125,0.008974,0.107293
23290,0.016199,0.011934,0.112946
23300,0.057782,0.043934,0.209867
23310,0.010343,0.007546,0.090011
23320,0.049292,0.037103,0.203623
23330,0.037031,0.028503,0.174787
23340,0.044969,0.034406,0.173879
23350,0.017571,0.013116,0.128737
23360,0.079191,0.059235,0.267358
23370,0.021011,0.015639,0.132197
23380,0.019168,0.014203,0.131903
23390,0.053846,0.043647,0.212964
23400,0.011147,0.008187,0.108607
23410,0.029418,0.022241,0.134380
23420,0.028549,0.021360,0.149141
23430,0.016727,0.011718,0.142307
23440,0.010357,0.007875,0.067358
23450,0.047334,0.035844,0.202264
23460,0.026111,0.019287,0.143116
23470,0.042620,0.032592,0.196584
23480,0.047709,0.035868,0.198942
23490,0.032366,0.024317,0.154230
23500,0.027527,0.020765,0.146542
23510,0.024833,0.017937,0.132007
23520,0.021384,0.015588,0.140472
23530,0.009496,0.007253,0.199095
23540,0.032901,0.024607,0.160798
23550,0.017108,0.012832,0.124155
23560,0.028472,0.022352,0.158339
23570,0.017049,0.013447,0.094113
23580,0.018735,0.014001,0.083247
23590,0.024632,0.018521,0.146168
23600,0.017715,0.013447,0.131685
23610,0.005550,0.004020,0.124033
23620,0.020886,0.016624,0.147181
23630,0.026922,0.020192,0.137588
23640,0.024195,0.017840,0.138795
23650,0.020824,0.015146,0.131218
23660,0.036752,0.027846,0.148709
23670,0.050574,0.038340,0.201306
23680,0.017961,0.013532,0.125994
23690,0.001224,0.000976,0.171796
23700,0.023356,0.017567,0.135424
23710,0.032277,0.024609,0.156406
23720,0.028111,0.021251,0.133199
23730,0.027975,0.021314,0.152816
23740,0.050294,0.038824,0.205644
23750,0.023327,0.017271,0.138007
23760,0.035678,0.026767,0.176593
23770,0.026702,0.019969,0.143395
23780,0.021856,0.016274,0.134464
23790,0.029270,0.021612,0.167965
23800,0.015283,0.011620,0.123748
23810,0.021081,0.016029,0.098370
23820,0.027603,0.020894,0.153057
23830,0.028546,0.021434,0.153870
23840,0.054737,0.040783,0.218339
23850,0.076754,0.057221,0.268022
23860,0.013807,0.010014,0.120584
23870,0.028574,0.021281,0.147527
23880,0.016777,0.012954,0.071972
23890,0.019799,0.014527,0.095415
23900,0.033971,0.025544,0.155586
23910,0.033323,0.025090,0.159222
23920,0.025809,0.019478,0.143563
23930,0.028113,0.020946,0.136874
23940,0.021967,0.016559,0.127507
23950,0.022251,0.016651,0.132572
23960,0.042977,0.032882,0.184866
23970,0.006976,0.005170,0.117602
23980,0.024774,0.018490,0.099374
23990,0.037268,0.028017,0.173861
24000,0.043146,0.032314,0.193336
24010,0.015585,0.011662,0.072308
24020,0.026716,0.020328,0.150124
24030,0.014190,0.010419,0.111340
24040,0.031254,0.023694,0.132627
24050,0.054270,0.040732,0.210566
24060,0.021394,0.016242,0.133521
24070,0.022472,0.017234,0.161088
24080,0.028888,0.022157,0.122293
24090,0.032753,0.024369,0.145247
24100,0.009456,0.006901,0.103794
24110,0.056277,0.043678,0.197407
24120,0.043266,0.032605,0.180809
24130,0.023128,0.017331,0.136068
24140,0.000170,0.000144,0.656566
24150,0.038380,0.028726,0.163737
24160,0.018825,0.014199,0.124578
24170,0.032538,0.024514,0.154065
24180,0.029139,0.022053,0.149607
24190,0.031552,0.025514,0.150076
24200,0.040015,0.030577,0.185416
24210,0.027402,0.020498,0.154220
24220,0.020349,0.015295,0.142555
24230,0.005991,0.005357,0.667909
24240,0.018659,0.014314,0.134466
24250,0.015886,0.011955,0.075213
24260,0.035400,0.026812,0.151361
24270,0.014250,0.011091,0.128744
24280,0.020964,0.015703,0.126658
24290,0.015388,0.011291,0.122645
24300,0.020349,0.015143,0.125164
24310,0.033512,0.025732,0.165219
24320,0.018079,0.013685,0.132173
24330,0.008850,0.006634,0.105129
24340,0.033693,0.025631,0.167629
24350,0.011372,0.007778,0.125625
24360,0.012903,0.009694,0.104535
24370,0.032268,0.024373,0.165920
24380,0.044504,0.033122,0.185618
24390,0.028513,0.022294,0.130108
24400,0.017656,0.013154,0.119339
24410,0.024160,0.018075,0.144346
24420,0.002811,0.002170,0.025754
24430,0.066971,0.049948,0.240757
24440,0.003636,0.002726,0.036793
24450,0.041267,0.031167,0.173309
24460,0.051874,0.039132,0.218811
24470,0.045667,0.034462,0.186427
24480,0.018751,0.014184,0.095041
24490,0.008541,0.006001,0.039207
24500,0.025911,0.019289,0.150588
24510,0.036106,0.026792,0.155166
24520,0.000752,0.000501,0.115805
24530,0.043614,0.032778,0.184543
24540,0.030390,0.022926,0.134543
24550,0.017262,0.012804,0.131762
24560,0.030683,0.024733,0.121411
24570,0.035080,0.026632,0.146366
24580,0.003759,0.003150,0.120390
24590,0.044513,0.032783,0.200906
24600,0.023093,0.017295,0.097103
24610,0.054943,0.041515,0.216866
24620,0.039267,0.030244,0.174250
24630,0.025150,0.018702,0.156595
24640,0.032034,0.023880,0.171114
24650,0.024558,0.018561,0.121258
24660,0.023883,0.017977,0.138542
24670,0.009969,0.007388,0.100461
24680,0.039561,0.029835,0.181518
24690,0.025677,0.019507,0.141373
24700,0.003047,0.002251,0.085362
24710,0.036617,0.026537,0.166728
24720,0.040457,0.030407,0.193587
24730,0.047942,0.035735,0.195596
24740,0.022749,0.016815,0.139882
24750,0.038042,0.028570,0.171789
24760,0.026747,0.020002,0.141924
24770,0.016321,0.012175,0.116410
24780,0.031605,0.020591,0.138469
24790,0.045001,0.033534,0.184480
24800,0.029704,0.022614,0.144353
24810,0.022092,0.016382,0.131330
24820,0.036789,0.027852,0.173544
24830,0.021857,0.017313,0.131062
24840,0.014551,0.010676,0.088672
24850,0.007994,0.005863,0.044927
24860,0.032164,0.024200,0.153326
24870,0.012498,0.009378,0.187887
24880,0.022214,0.016997,0.097958
24890,0.025430,0.019006,0.101329
24900,0.017329,0.012917,0.124823
24910,0.040315,0.030618,0.177307
24920,0.021913,0.016558,0.124571
24930,0.014776,0.011065,0.134658
24940,0.009939,0.007403,0.098231
24950,0.048113,0.036895,0.215463
24960,0.024370,0.018133,0.147334
24970,0.030034,0.022830,0.154029
24980,0.027624,0.020779,0.143590
24990,0.015136,0.011238,0.081869
25000,0.027186,0.021299,0.174863
25010,0.036786,0.027382,0.172418
25020,0.032858,0.024667,0.163903
25030,0.019935,0.014879,0.102801
25040,0.012265,0.008877,0.134053
25050,0.032945,0.025078,0.175776
25060,0.041405,0.032097,0.179345
25070,0.039321,0.029481,0.176780
25080,0.031737,0.023440,0.162394
25090,0.028222,0.021291,0.152103
25100,0.032216,0.024358,0.154730
25110,0.012037,0.008869,0.107055
25120,0.008685,0.005676,0.109949
25130,0.027565,0.021863,0.150581
25140,0.026065,0.019411,0.151968
25150,0.033540,0.025162,0.168433
25160,0.030464,0.022681,0.150613
25170,0.024414,0.018359,0.142517
25180,0.031261,0.023571,0.154840
25190,0.038831,0.029716,0.176499
25200,0.020013,0.014995,0.103720
25210,0.036519,0.027495,0.142470
25220,0.039251,0.029756,0.185476
25230,0.030200,0.023006,0.164789
25240,0.027803,0.020987,0.123093
25250,0.015065,0.010746,0.129941
25260,0.046554,0.035157,0.197286
25270,0.020069,0.014622,0.134811
25280,0.032756,0.024548,0.159669
25290,0.028931,0.021775,0.147974
25300,0.046453,0.034933,0.193870
25310,0.012847,0.009576,0.093999
25320,0.065816,0.049784,0.237968
25330,0.016852,0.011889,0.122172
25340,0.032706,0.024926,0.145711
25350,0.048234,0.036874,0.197903
25360,0.059537,0.045032,0.223258
25370,0.025095,0.018031,0.141869
25380,0.053204,0.041154,0.223770
25390,0.022854,0.017042,0.135723
25400,0.038866,0.029519,0.168738
25410,0.021264,0.015874,0.117339
25420,0.033963,0.025347,0.168946
25430,0.019985,0.014797,0.099120
25440,0.051639,0.039709,0.182017
25450,0.021908,0.016395,0.132355
25460,0.029185,0.021709,0.152286
25470,0.041329,0.030474,0.176245
25480,0.009758,0.007355,0.128206
25490,0.049936,0.037965,0.196741
25500,0.049017,0.036863,0.192141
25510,0.047806,0.035725,0.196280
25520,0.026212,0.019728,0.132970
25530,0.013863,0.010412,0.103197
25540,0.011848,0.008005,0.246970
25550,0.030825,0.023191,0.152457
25560,0.024337,0.018463,0.123622
25570,0.053200,0.039512,0.216262
25580,0.008512,0.006523,0.061369
25590,0.035652,0.026832,0.158352
25600,0.023843,0.018308,0.106210
25610,0.035322,0.026777,0.170749
25620,0.004263,0.003117,0.095449
25630,0.018788,0.013980,0.121077
25640,0.023040,0.017046,0.127859
25650,0.039774,0.029850,0.174349
25660,0.043904,0.033075,0.182936
25670,0.019555,0.014614,0.132778
25680,0.033192,0.024773,0.129805
25690,0.006521,0.004945,0.116057
25700,0.040311,0.030675,0.177026
25710,0.041206,0.031231,0.181979
25720,0.028635,0.021585,0.121317
25730,0.041086,0.030948,0.174547
25740,0.028515,0.021240,0.179470
25750,0.018302,0.013439,0.148923
25760,0.034677,0.026024,0.156361
25770,0.022134,0.016429,0.187567
25780,0.036526,0.027765,0.148073
25790,0.022069,0.016552,0.140348
25800,0.011100,0.008000,0.132761
25810,0.001613,0.001098,0.118243
25820,0.039545,0.029630,0.173187
25830,0.016419,0.012720,0.146519
25840,0.053804,0.039660,0.213239
25850,0.039300,0.029412,0.154740
25860,0.007952,0.005971,0.105991
25870,0.029539,0.022362,0.139071
25880,0.014717,0.011079,0.132332
25890,0.017934,0.013013,0.095152
25900,0.046595,0.035150,0.192836
25910,0.017686,0.014655,0.113789
25920,0.026898,0.020320,0.149346
25930,0.042252,0.029094,0.187579
25940,0.059532,0.044749,0.228827
25950,0.057318,0.043390,0.211688
25960,0.023452,0.017567,0.136670
25970,0.053691,0.040613,0.185727
25980,0.026222,0.020336,0.158099
25990,0.023093,0.017045,0.139285
26000,0.018781,0.014222,0.120108
26010,0.005932,0.004427,0.089143
26020,0.006175,0.004473,0.106563
26030,0.018886,0.013570,0.127806
26040,0.018933,0.013784,0.128518
26050,0.024963,0.018157,0.127130
26060,0.016851,0.012753,0.092662
26070,0.005152,0.003836,0.081856
26080,0.014948,0.011144,0.112607
26090,0.022364,0.017171,0.117591
26100,0.041123,0.030885,0.179457
26110,0.019366,0.014361,0.136231
26120,0.016650,0.012285,0.122837
26130,0.055498,0.042210,0.211915
26140,0.025150,0.019741,0.159442
26150,0.044035,0.033072,0.189654
26160,0.045607,0.034421,0.176867
26170,0.037760,0.028549,0.154686
26180,0.025409,0.019204,0.139585
26190,0.028829,0.021817,0.135859
26200,0.044034,0.032248,0.203580
26210,0.028582,0.021723,0.140735
26220,0.009795,0.007071,0.188566
26230,0.060941,0.045822,0.226692
26240,0.060082,0.044568,0.229897
26250,0.021365,0.015921,0.154741
26260,0.031755,0.024233,0.142912
26270,0.023952,0.018034,0.136755
26280,0.034493,0.026359,0.159002
26290,0.034383,0.025884,0.158591
26300,0.031215,0.023184,0.155202
26310,0.031023,0.023331,0.161991
26320,0.022334,0.016271,0.161062
26330,0.023644,0.017376,0.142882
26340,0.061445,0.046662,0.226234
26350,0.024761,0.018851,0.132412
26360,0.038182,0.028775,0.175302
26370,0.047616,0.035780,0.198338
26380,0.038005,0.028286,0.180836
26390,0.037295,0.028614,0.170580
26400,0.025591,0.019312,0.141136
26410,0.023607,0.017576,0.134372
26420,0.024538,0.018429,0.129487
26430,0.029017,0.021742,0.151078
26440,0.046081,0.034009,0.204394
26450,0.023223,0.016738,0.143903
26460,0.038545,0.029012,0.162722
26470,0.030066,0.023007,0.147312
26480,0.016286,0.012288,0.119596
26490,0.021184,0.015852,0.104982
26500,0.021105,0.015765,0.118562
26510,0.026060,0.019923,0.135337
26520,0.005927,0.004331,0.126129
26530,0.052804,0.039765,0.212495
26540,0.020806,0.015696,0.116334
26550,0.023905,0.017903,0.135831
26560,0.028693,0.021687,0.148640
26570,0.010567,0.007977,0.058129
26580,0.019086,0.014356,0.115623
26590,0.018867,0.014200,0.121707
26600,0.042300,0.031868,0.183151
26610,0.014237,0.008550,0.177452
26620,0.028418,0.021426,0.145161
26630,0.027864,0.020801,0.134589
26640,0.024214,0.017913,0.141757
26650,0.015253,0.011271,0.116047
26660,0.024575,0.018761,0.113475
26670,0.013344,0.009551,0.107526
26680,0.027920,0.020884,0.142256
26690,0.049900,0.038687,0.225063
26700,0.032189,0.024598,0.155859
26710,0.027075,0.021270,0.128646
26720,0.032048,0.023805,0.154383
26730,0.011646,0.009714,0.144788
26740,0.048673,0.036609,0.199785
26750,0.015939,0.012226,0.101860
26760,0.018607,0.013810,0.137273
26770,0.023283,0.017482,0.131703
26780,0.017640,0.013023,0.134922
26790,0.011184,0.007940,0.104081
26800,0.012681,0.009674,0.084628
26810,0.038612,0.029148,0.158693
26820,0.007426,0.005814,0.102824
26830,0.052581,0.039707,0.191401
26840,0.014203,0.010718,0.113778
26850,0.025590,0.019160,0.154174
26860,0.026617,0.020234,0.145167
26870,0.012257,0.009528,0.114023
26880,0.045324,0.033862,0.186756
26890,0.046054,0.034820,0.192197
26900,0.036650,0.027572,0.170122
26910,0.033360,0.025163,0.167128
26920,0.029154,0.021848,0.152854
26930,0.026067,0.019720,0.152039
26940,0.027685,0.020908,0.141849
26950,0.013633,0.010174,0.135212
26960,0.032362,0.023577,0.158510
26970,0.031310,0.023826,0.131588
26980,0.033100,0.024970,0.170465
26990,0.010790,0.007909,0.100691
27000,0.028496,0.021310,0.146594
27010,0.024127,0.018134,0.157825
27020,0.042789,0.032380,0.185358
27030,0.009403,0.006599,0.128559
27040,0.029030,0.021113,0.154528
27050,0.053789,0.040498,0.201426
27060,0.025227,0.019154,0.146170
27070,0.034141,0.025642,0.142888
27080,0.021719,0.016361,0.138784
27090,0.022220,0.016790,0.106213
27100,0.031064,0.025535,0.109415
27110,0.001235,0.000920,0.083032
27120,0.025598,0.019341,0.143618
27130,0.055333,0.034737,0.233511
27140,0.021494,0.016115,0.144793
27150,0.012267,0.009184,0.076246
27160,0.015052,0.011034,0.125330
27170,0.020892,0.015044,0.140366
27180,0.027309,0.020197,0.151778
27190,0.029020,0.021862,0.159802
27200,0.035806,0.027406,0.159589
27210,0.041351,0.031420,0.145307
27220,0.039116,0.029627,0.178482
27230,0.011801,0.008683,0.112980
27240,0.003252,0.002441,0.085231
27250,0.040240,0.030698,0.160350
27260,0.029513,0.022035,0.157782
27270,0.002411,0.001752,0.015761
27280,0.037346,0.027943,0.168964
27290,0.036480,0.027813,0.157939
27300,0.025342,0.018856,0.132614
27310,0.022755,0.017015,0.129328
27320,0.015802,0.012065,0.114026
27330,0.015932,0.011855,0.151771
27340,0.023112,0.017301,0.135975
27350,0.009576,0.007055,0.113331
27360,0.037134,0.027943,0.168460
27370,0.030889,0.023455,0.152815
27380,0.063211,0.047652,0.265317
27390,0.031579,0.023687,0.139427
27400,0.030102,0.022622,0.136428
27410,0.020282,0.015314,0.100021
27420,0.027671,0.021181,0.136659
27430,0.001819,0.001470,0.097289
27440,0.050886,0.038522,0.207937
27450,0.024657,0.018625,0.129952
27460,0.021360,0.016192,0.125152
27470,0.040467,0.030415,0.164298
27480,0.043950,0.033795,0.182282
27490,0.002064,0.001418,0.149734
27500,0.045833,0.034661,0.193401
27510,0.045324,0.033998,0.188793
27520,0.035998,0.026719,0.191100
27530,0.011944,0.008907,0.095980
27540,0.037243,0.026898,0.175958
27550,0.001215,0.001076,0.094350
27560,0.018665,0.014088,0.072690
27570,0.033729,0.024965,0.171635
27580,0.012373,0.009312,0.098057
27590,0.042741,0.031998,0.174614
27600,0.018602,0.013489,0.123605
27610,0.044755,0.033836,0.188822
27620,0.043955,0.032840,0.236362
27630,0.025337,0.018799,0.139990
27640,0.047122,0.035847,0.171795
27650,0.024667,0.018662,0.140344
27660,0.035589,0.027057,0.141378
27670,0.054590,0.041445,0.205488
27680,0.030703,0.023171,0.146917
27690,0.029260,0.022891,0.134208
27700,0.035382,0.026962,0.168086
27710,0.038275,0.028861,0.176561
27720,0.017391,0.013127,0.086334
27730,0.019096,0.014575,0.120267
27740,0.021490,0.016088,0.136286
27750,0.032384,0.024261,0.155519
27760,0.034569,0.025682,0.194163
27770,0.037444,0.028580,0.141539
27780,0.030349,0.022785,0.156554
27790,0.018230,0.013698,0.210329
27800,0.034714,0.027170,0.173979
27810,0.012768,0.009456,0.097312
27820,0.014820,0.011068,0.073960
27830,0.041428,0.031037,0.167492
27840,0.019625,0.014429,0.118840
27850,0.012375,0.008002,0.210428
27860,0.001931,0.001573,0.105684
27870,0.044791,0.033817,0.176856
27880,0.048777,0.036586,0.198885
27890,0.017294,0.013063,0.119160
27900,0.015845,0.011963,0.076492
27910,0.025964,0.019428,0.138119
27920,0.024923,0.018785,0.140732
27930,0.017123,0.012298,0.125173
27940,0.049770,0.037552,0.203236
27950,0.073281,0.055631,0.257197
27960,0.006640,0.005225,0.230114
27970,0.013595,0.010530,0.082981
27980,0.030460,0.022888,0.157763
27990,0.023952,0.018905,0.156038
28000,0.012841,0.009531,0.114263
28010,0.034650,0.025717,0.174356
28020,0.045038,0.034166,0.186980
28030,0.014929,0.011324,0.081976
28040,0.022194,0.016758,0.131694
28050,0.067158,0.051230,0.245137
28060,0.034824,0.026411,0.157538
28070,0.016280,0.012175,0.118614
28080,0.019124,0.014899,0.153243
28090,0.024630,0.018386,0.136600
28100,0.033274,0.024972,0.162049
28110,0.017865,0.013285,0.128745
28120,0.008924,0.006083,0.108453
28130,0.050498,0.038863,0.199744
28140,0.039019,0.029697,0.182227
28150,0.029054,0.021886,0.129380
28160,0.016670,0.012337,0.108199
28170,0.036561,0.027440,0.148171
28180,0.035661,0.027004,0.160845
28190,0.028268,0.021441,0.137740
28200,0.009805,0.007237,0.104851
28210,0.023915,0.015615,0.178917
28220,0.015107,0.010904,0.111177
28230,0.018782,0.014127,0.096044
28240,0.005444,0.004044,0.118017
28250,0.031986,0.023599,0.160746
28260,0.030289,0.022451,0.152785
28270,0.043247,0.032586,0.187609
28280,0.043231,0.032758,0.160075
28290,0.019183,0.014276,0.119470
28300,0.022002,0.016467,0.096941
28310,0.027790,0.020784,0.157629
28320,0.023822,0.017591,0.142850
28330,0.017541,0.013158,0.091036
28340,0.033133,0.025030,0.157142
28350,0.056830,0.040355,0.229086
28360,0.020709,0.015179,0.129100
28370,0.022627,0.017152,0.131638
28380,0.020943,0.015338,0.140509
28390,0.033506,0.025300,0.163233
28400,0.032544,0.024303,0.165774
28410,0.016810,0.012475,0.120691
28420,0.038282,0.028693,0.173946
28430,0.024221,0.017392,0.170368
28440,0.030921,0.023553,0.148028
28450,0.042292,0.031368,0.190782
28460,0.003015,0.002060,0.149979
28470,0.024191,0.018194,0.135821
28480,0.017546,0.013119,0.138630
28490,0.053511,0.040178,0.215064
28500,0.019120,0.015002,0.143416
28510,0.032092,0.024120,0.147515
28520,0.040385,0.030225,0.168001
28530,0.018126,0.013557,0.116319
28540,0.011932,0.008522,0.145881
28550,0.008352,0.006176,0.098349
28560,0.036237,0.027699,0.178686
28570,0.015303,0.011749,0.068297
28580,0.021092,0.015565,0.135095
28590,0.021307,0.016045,0.129453
28600,0.021433,0.016293,0.152345
28610,0.044438,0.033662,0.180134
28620,0.020052,0.014901,0.127614
28630,0.023337,0.017588,0.134779
28640,0.035865,0.027066,0.162376
28650,0.034147,0.025790,0.160620
28660,0.030866,0.022946,0.160087
28670,0.022685,0.017630,0.106444
28680,0.035030,0.026479,0.141424
28690,0.025161,0.019244,0.105526
28700,0.029303,0.021814,0.176683
28710,0.027908,0.021413,0.127532
28720,0.006213,0.004109,0.119334
28730,0.026457,0.019903,0.145757
28740,0.020508,0.015231,0.136401
28750,0.037618,0.028216,0.174180
28760,0.058180,0.044565,0.210904
28770,0.023298,0.017260,0.138164
28780,0.042766,0.032047,0.175933
28790,0.016861,0.012398,0.122206
28800,0.028441,0.021135,0.154049
28810,0.037149,0.028187,0.129605
28820,0.029165,0.021783,0.150064
28830,0.045170,0.033956,0.189785
28840,0.014112,0.010364,0.121183
28850,0.035057,0.026997,0.131255
28860,0.023251,0.017393,0.120244
28870,0.025880,0.019236,0.133324
28880,0.008069,0.005905,0.126635
28890,0.019859,0.014614,0.101289
28900,0.025899,0.019349,0.162471
28910,0.000008,0.000014,0.000038
28920,0.005386,0.004150,0.036683
28930,0.007121,0.005439,0.055555
28940,0.026302,0.019127,0.136135
28950,0.048699,0.038866,0.199481
28960,0.000009,0.000008,0.000030
28970,0.003412,0.002411,0.121874
28980,0.034674,0.025644,0.179691
28990,0.019292,0.014535,0.118527
29000,0.024117,0.017317,0.141753
29010,0.003307,0.001786,0.269108
29020,0.046020,0.035490,0.202906
29030,0.024891,0.018447,0.120427
29040,0.030376,0.022884,0.154405
29050,0.004864,0.003765,0.389827
29060,0.029353,0.022071,0.144117
29070,0.016440,0.012362,0.120785
29080,0.029483,0.021962,0.153771
29090,0.035816,0.027105,0.161393
29100,0.035254,0.026544,0.170539
29110,0.021962,0.016755,0.131236
29120,0.015787,0.011925,0.119406
29130,0.007460,0.005514,0.057093
29140,0.015375,0.011136,0.145041
29150,0.056607,0.043181,0.218971
29160,0.019063,0.014265,0.118800
29170,0.029262,0.022182,0.151974
29180,0.021133,0.015819,0.124878
29190,0.043689,0.032505,0.183935
29200,0.013960,0.010599,0.097968
29210,0.021168,0.015957,0.125140
29220,0.043067,0.032349,0.188949
29230,0.000807,0.000625,0.074484
29240,0.029903,0.022682,0.139207
29250,0.008041,0.005991,0.164221
29260,0.075104,0.057145,0.256298
29270,0.031006,0.023525,0.141179
29280,0.036344,0.027578,0.176567
29290,0.043009,0.032909,0.168917
29300,0.049932,0.036420,0.197540
29310,0.025221,0.018808,0.137870
29320,0.009141,0.006509,0.119691
29330,0.035005,0.026261,0.138838
29340,0.043731,0.033450,0.171812
29350,0.016454,0.012158,0.117481
29360,0.020138,0.015619,0.148614
29370,0.043128,0.032793,0.190980
29380,0.040555,0.030348,0.172918
29390,0.033871,0.025556,0.177544
29400,0.026519,0.021128,0.170644
29410,0.023128,0.016053,0.153941
29420,0.026847,0.020203,0.125683
29430,0.005492,0.003943,0.107082
29440,0.024214,0.018156,0.125233
29450,0.024687,0.018383,0.108568
29460,0.023691,0.018293,0.138617
29470,0.006187,0.004066,0.139606
29480,0.048905,0.037061,0.188961
29490,0.026785,0.020007,0.150722
29500,0.031663,0.023687,0.153467
29510,0.050696,0.037852,0.197501
29520,0.037806,0.029691,0.153401
29530,0.023565,0.017594,0.142029
29540,0.039590,0.030063,0.177279
29550,0.018372,0.013714,0.120888
29560,0.018908,0.014259,0.104891
29570,0.021094,0.015589,0.129473
29580,0.021326,0.015919,0.126634
29590,0.016814,0.012569,0.124691
29600,0.038313,0.028875,0.167105
29610,0.023720,0.017703,0.136590
29620,0.011901,0.008490,0.168817
29630,0.028852,0.021626,0.153494
29640,0.031084,0.023847,0.165201
29650,0.032205,0.024354,0.153949
29660,0.019420,0.014851,0.127780
29670,0.000006,0.000004,0.000018
29680,0.031468,0.023902,0.168935
29690,0.005831,0.004284,0.081293
29700,0.018371,0.013147,0.129526
29710,0.026876,0.020110,0.116343
29720,0.019544,0.014736,0.110856
29730,0.024535,0.020091,0.109815
29740,0.058239,0.043316,0.209205
29750,0.031724,0.024136,0.166631
29760,0.023053,0.017520,0.119533
29770,0.000522,0.000369,0.099581
29780,0.008388,0.006721,0.266406
29790,0.005553,0.004289,0.482496
29800,0.032639,0.024420,0.151999
29810,0.051195,0.038210,0.198935
29820,0.031784,0.023839,0.148603
29830,0.029321,0.022843,0.171325
29840,0.037058,0.028115,0.167008
29850,0.023465,0.017571,0.140879
29860,0.028875,0.019532,0.139303
29870,0.024366,0.018361,0.127718
29880,0.038765,0.029214,0.174614
29890,0.040041,0.030568,0.178195
29900,0.017134,0.013199,0.121947
29910,0.027222,0.020172,0.169317
29920,0.017350,0.013922,0.121457
29930,0.005066,0.004177,0.057547
29940,0.015074,0.011594,0.116208
29950,0.017308,0.013163,0.100606
29960,0.003779,0.002569,0.652057
29970,0.041299,0.030658,0.182505
29980,0.037692,0.028302,0.155766
29990,0.033040,0.024809,0.163868
30000,0.019547,0.014366,0.137752
30010,0.046877,0.035387,0.181641
30020,0.013650,0.010237,0.122679
30030,0.015386,0.011299,0.113355
30040,0.006683,0.004461,0.229749
30050,0.028507,0.021625,0.148964
30060,0.019878,0.015215,0.137290
30070,0.026038,0.020121,0.137379
30080,0.012965,0.009761,0.106620
30090,0.019162,0.014459,0.112795
30100,0.017220,0.012772,0.132005
30110,0.014587,0.010931,0.115277
30120,0.046702,0.035752,0.208508
30130,0.030361,0.022959,0.150250
30140,0.027875,0.023243,0.285107
30150,0.040618,0.030621,0.173836
30160,0.037428,0.028456,0.164957
30170,0.054456,0.041489,0.210122
30180,0.052162,0.039403,0.196942
30190,0.069226,0.052286,0.236497
30200,0.004641,0.003317,0.121051
30210,0.028798,0.021385,0.159032
30220,0.014257,0.010717,0.078542
30230,0.025919,0.019200,0.147080
30240,0.003926,0.002959,0.108628
30250,0.038158,0.028859,0.168710
30260,0.013793,0.009975,0.062059
30270,0.021371,0.016149,0.148830
30280,0.020345,0.015414,0.109516
30290,0.048689,0.037213,0.200511
30300,0.025815,0.019846,0.133631
30310,0.019970,0.015011,0.134921
30320,0.015698,0.011605,0.121901
30330,0.012329,0.009986,0.057061
30340,0.017875,0.013259,0.122050
30350,0.059731,0.045359,0.224035
30360,0.049509,0.038360,0.245290
30370,0.026536,0.019864,0.141233
30380,0.026984,0.020032,0.158087
30390,0.043099,0.032484,0.182887
30400,0.027157,0.020613,0.135770
30410,0.050335,0.038297,0.206694
30420,0.017956,0.014006,0.139032
30430,0.057381,0.042561,0.194740
30440,0.029729,0.022092,0.150107
30450,0.025177,0.018853,0.138765
30460,0.028538,0.021143,0.149145
30470,0.013870,0.010625,0.061971
30480,0.026849,0.020086,0.146335
30490,0.026646,0.020017,0.148382
30500,0.042143,0.031988,0.184383
30510,0.032656,0.024696,0.147375
30520,0.022808,0.016846,0.127132
30530,0.006536,0.004682,0.114527
30540,0.020761,0.015915,0.140083
30550,0.032219,0.024508,0.140419
30560,0.006197,0.005453,0.190337
30570,0.032938,0.024920,0.134184
30580,0.030762,0.023613,0.159244
30590,0.030393,0.022954,0.155266
30600,0.035839,0.026849,0.172908
30610,0.010907,0.007812,0.120461
30620,0.007937,0.005859,0.118993
30630,0.043771,0.033257,0.181044
30640,0.002712,0.002199,0.085612
30650,0.015619,0.012055,0.117810
30660,0.030189,0.022714,0.158686
30670,0.019163,0.014933,0.122038
30680,0.011312,0.008526,0.099971
30690,0.005736,0.004065,0.089122
30700,0.016025,0.011905,0.082792
30710,0.043449,0.032709,0.179583
30720,0.028123,0.021494,0.142152
30730,0.028369,0.021273,0.150164
30740,0.023870,0.018798,0.156944
30750,0.014727,0.011075,0.066538
30760,0.017039,0.012547,0.149355
30770,0.023230,0.017307,0.144666
30780,0.013572,0.010001,0.110476
30790,0.018894,0.014257,0.129929
30800,0.027523,0.020496,0.154993
30810,0.022188,0.016936,0.124848
30820,0.029582,0.022310,0.146593
30830,0.022676,0.017149,0.134589
30840,0.041247,0.031255,0.169303
30850,0.028847,0.021601,0.149535
30860,0.025616,0.019272,0.141244
30870,0.034839,0.026027,0.169159
30880,0.027101,0.020352,0.140732
30890,0.029724,0.021959,0.146054
30900,0.032980,0.024598,0.154347
30910,0.024645,0.018524,0.130138
30920,0.057599,0.044265,0.229330
30930,0.039206,0.029569,0.177508
30940,0.041623,0.031589,0.163700
30950,0.012440,0.009554,0.100004
30960,0.016010,0.011301,0.125354
30970,0.009159,0.006494,0.562053
30980,0.021415,0.015987,0.133412
30990,0.050649,0.038475,0.205943
31000,0.022932,0.017158,0.120409
31010,0.036897,0.027689,0.162656
31020,0.015384,0.011620,0.106593
31030,0.021974,0.016582,0.129540
31040,0.033235,0.025230,0.137777
31050,0.018882,0.014271,0.123986
31060,0.018535,0.013775,0.140275
31070,0.013078,0.010110,0.109682
31080,0.038097,0.028587,0.169825
31090,0.028211,0.021058,0.161505
31100,0.017595,0.013453,0.105057
31110,0.039561,0.029848,0.151627
31120,0.029544,0.022042,0.142237
31130,0.035009,0.025990,0.163104
31140,0.024810,0.019138,0.165452
31150,0.027336,0.020402,0.140905
31160,0.004354,0.003129,0.117645
31170,0.021959,0.016199,0.135052
31180,0.008510,0.006226,0.098916
31190,0.021021,0.015718,0.130817
31200,0.044125,0.033065,0.196856
31210,0.021724,0.015455,0.133783
31220,0.017959,0.013578,0.111370
31230,0.025392,0.019216,0.101059
31240,0.023845,0.018172,0.125906
31250,0.015314,0.011452,0.114392
31260,0.061734,0.046583,0.223336
31270,0.028251,0.021283,0.150825
31280,0.030020,0.022655,0.149574
31290,0.013784,0.010835,0.124216
31300,0.037242,0.028471,0.167844
31310,0.037088,0.028077,0.168726
31320,0.031658,0.023766,0.159069
31330,0.015237,0.011160,0.113961
31340,0.004673,0.003538,0.050564
31350,0.036153,0.027040,0.175068
31360,0.036034,0.028717,0.172228
31370,0.022166,0.016455,0.130941
31380,0.031153,0.024023,0.157468
31390,0.022529,0.016886,0.126175
31400,0.025205,0.018733,0.139602
31410,0.034517,0.025631,0.159862
31420,0.021993,0.016429,0.132991
31430,0.011734,0.008364,0.084970
31440,0.013677,0.010141,0.107507
31450,0.019760,0.014596,0.140160
31460,0.027984,0.020948,0.142582
31470,0.017701,0.013176,0.131221
31480,0.008847,0.006487,0.078844
31490,0.026382,0.019642,0.139103
31500,0.027830,0.020913,0.151474
31510,0.022580,0.016687,0.131403
31520,0.013524,0.010206,0.068975
31530,0.034861,0.026567,0.158458
31540,0.044529,0.033733,0.186127
31550,0.033341,0.025511,0.130542
31560,0.044155,0.033379,0.197131
31570,0.013178,0.009823,0.072117
31580,0.028105,0.021161,0.147620
31590,0.001932,0.001396,0.097581
31600,0.012812,0.009565,0.109952
31610,0.020409,0.015220,0.116226
31620,0.026222,0.019854,0.110912
31630,0.001986,0.001493,0.090992
31640,0.033155,0.023438,0.154678
31650,0.030292,0.022708,0.146486
31660,0.015717,0.011685,0.111163
31670,0.016235,0.012207,0.115844
31680,0.025372,0.018836,0.148306
31690,0.027217,0.020518,0.136128
31700,0.009034,0.006839,0.047222
31710,0.018712,0.014060,0.123164
31720,0.026286,0.020427,0.110649
31730,0.025852,0.019176,0.146963
31740,0.016685,0.012449,0.133143
31750,0.060654,0.045957,0.231029
31760,0.016996,0.011846,0.132831
31770,0.023882,0.018044,0.136844
31780,0.018430,0.013086,0.170678
31790,0.003053,0.002362,0.022668
31800,0.046423,0.035107,0.180911
31810,0.026577,0.020167,0.103466
31820,0.025306,0.019004,0.124521
31830,0.008586,0.006449,0.127681
31840,0.009106,0.006683,0.163351
31850,0.009967,0.007362,0.059186
31860,0.029982,0.022515,0.143539
31870,0.014250,0.010611,0.113790
31880,0.022235,0.016124,0.154948
31890,0.005884,0.004455,0.143924
31900,0.013453,0.010148,0.113586
31910,0.040048,0.030562,0.173431
31920,0.022340,0.016216,0.118619
31930,0.013691,0.010569,0.140762
31940,0.035373,0.026379,0.165050
31950,0.024975,0.018723,0.138282
31960,0.045257,0.034827,0.177059
31970,0.045927,0.034503,0.195720
31980,0.023734,0.017925,0.140627
31990,0.023539,0.017086,0.142416
32000,0.049218,0.037069,0.196965
32010,0.023940,0.017985,0.144380
32020,0.013764,0.010304,0.101050
32030,0.006400,0.005013,0.098233
32040,0.027156,0.020579,0.139645
32050,0.038824,0.029442,0.170791
32060,0.004975,0.003729,0.096715
32070,0.013753,0.010456,0.109514
32080,0.018915,0.014142,0.145552
32090,0.030332,0.022819,0.151654
32100,0.009972,0.007542,0.096757
32110,0.031731,0.023904,0.136135
32120,0.051126,0.038872,0.195504
32130,0.029630,0.023527,0.128253
32140,0.011468,0.008508,0.105205
32150,0.032737,0.024618,0.149499
32160,0.065483,0.048433,0.250166
32170,0.023603,0.017179,0.161376
32180,0.020827,0.015631,0.120185
32190,0.009310,0.007002,0.059923
32200,0.015075,0.011132,0.110108
32210,0.067005,0.050885,0.235871
32220,0.031375,0.022721,0.149564
32230,0.017093,0.012331,0.089152
32240,0.017596,0.013305,0.145330
32250,0.021984,0.016560,0.134038
32260,0.004422,0.003246,0.088249
32270,0.044374,0.033290,0.188341
32280,0.023524,0.017795,0.113822
32290,0.058733,0.044328,0.201272
32300,0.019030,0.014409,0.092579
32310,0.020495,0.014736,0.131380
32320,0.027222,0.019654,0.156034
32330,0.008325,0.006234,0.129981
32340,0.015434,0.011485,0.115568
32350,0.042201,0.031949,0.175888
32360,0.002676,0.002256,0.435683
32370,0.022861,0.017192,0.125958
32380,0.010117,0.007604,0.102218
32390,0.039890,0.030028,0.179278
32400,0.001916,0.001846,0.152275
32410,0.041189,0.032142,0.175977
32420,0.012141,0.009371,0.089259
32430,0.044124,0.033580,0.183704
32440,0.047924,0.036007,0.196006
32450,0.058952,0.044388,0.215508
32460,0.012924,0.009817,0.103739
32470,0.032575,0.024801,0.159353
32480,0.056660,0.042829,0.216150
32490,0.044674,0.034400,0.177049
32500,0.003829,0.002867,0.027664
32510,0.023447,0.017503,0.109254
32520,0.028381,0.021012,0.149907
32530,0.011005,0.008196,0.102216
32540,0.014724,0.011117,0.131019
32550,0.007773,0.005790,0.054946
32560,0.030130,0.022411,0.147618
32570,0.034486,0.025939,0.164201
32580,0.019010,0.014737,0.133695
32590,0.012976,0.009870,0.105879
32600,0.030866,0.024955,0.153154
32610,0.031596,0.023914,0.160936
32620,0.017161,0.012611,0.096438
32630,0.050511,0.038279,0.216789
32640,0.047055,0.035422,0.196219
32650,0.037871,0.028657,0.169123
32660,0.034799,0.026121,0.167157
32670,0.027367,0.020638,0.150927
32680,0.027790,0.020673,0.146952
32690,0.013514,0.010342,0.124840
32700,0.008005,0.005876,0.052197
32710,0.044431,0.033478,0.185669
32720,0.022601,0.016132,0.152919
32730,0.033101,0.024966,0.149125
32740,0.028740,0.021930,0.129262
32750,0.032672,0.024462,0.163750
32760,0.038824,0.027663,0.217084
32770,0.019281,0.014572,0.125908
32780,0.006293,0.004830,0.033142
32790,0.021541,0.016540,0.141607
32800,0.011383,0.008861,0.110551
32810,0.040185,0.030125,0.171733
32820,0.013361,0.010167,0.111140
32830,0.024147,0.018117,0.116783
32840,0.034876,0.026491,0.139035
32850,0.012991,0.009527,0.111375
32860,0.010815,0.008050,0.105722
32870,0.014385,0.009473,0.109643
32880,0.035225,0.026580,0.169251
32890,0.030803,0.023797,0.122268
32900,0.045817,0.034561,0.185112
32910,0.007573,0.005526,0.122484
32920,0.032969,0.024679,0.156234
32930,0.002248,0.001608,0.105931
32940,0.021328,0.015784,0.150026
32950,0.007550,0.005343,0.123757
32960,0.030870,0.023471,0.126697
32970,0.008456,0.006250,0.120192
32980,0.046230,0.035350,0.188487
32990,0.030488,0.023303,0.147432
33000,0.018250,0.012887,0.150325
33010,0.032364,0.024158,0.150917
33020,0.039136,0.029562,0.168184
33030,0.024879,0.018705,0.109815
33040,0.025794,0.019538,0.138436
33050,0.013924,0.010211,0.108888
33060,0.050920,0.038462,0.211644
33070,0.010681,0.008040,0.058234
33080,0.036133,0.027241,0.167014
33090,0.039660,0.029948,0.177611
33100,0.026326,0.019816,0.112325
33110,0.015456,0.011451,0.114613
33120,0.017132,0.012805,0.131262
33130,0.025227,0.019160,0.119770
33140,0.026922,0.020071,0.149696
33150,0.023478,0.018077,0.136912
33160,0.031676,0.023497,0.168736
33170,0.020663,0.015171,0.149458
33180,0.023871,0.017999,0.128507
33190,0.026844,0.020310,0.129178
33200,0.049739,0.037420,0.200116
33210,0.027606,0.021222,0.150252
33220,0.041504,0.031500,0.179170
33230,0.031519,0.023508,0.151186
33240,0.032304,0.024281,0.155334
33250,0.015148,0.010656,0.125782
33260,0.017787,0.013432,0.126931
33270,0.020764,0.015615,0.126107
33280,0.029914,0.022272,0.157731
33290,0.023726,0.017819,0.131799
33300,0.033421,0.026114,0.189639
33310,0.037573,0.028243,0.176544
33320,0.016162,0.011927,0.091244
33330,0.031876,0.023762,0.164628
33340,0.007123,0.004980,0.128140
33350,0.040574,0.030433,0.168932
33360,0.040777,0.032151,0.161917
33370,0.031083,0.022425,0.155684
33380,0.029577,0.022426,0.156527
33390,0.025402,0.018999,0.147741
33400,0.021157,0.015680,0.133498
33410,0.015881,0.011473,0.085127
33420,0.021967,0.016532,0.126337
33430,0.020902,0.015837,0.112743
33440,0.012760,0.009297,0.113524
33450,0.011998,0.008325,0.092495
33460,0.021600,0.016150,0.122298
33470,0.015929,0.012359,0.130664
33480,0.002389,0.001840,0.016814
33490,0.028706,0.021879,0.157656
33500,0.050072,0.037856,0.193815
33510,0.016125,0.011884,0.125952
33520,0.019243,0.014419,0.128748
33530,0.039094,0.029217,0.171033
33540,0.036661,0.027185,0.169688
33550,0.013257,0.009592,0.128576
33560,0.019379,0.014517,0.100457
33570,0.037769,0.031353,0.146598
33580,0.056187,0.041918,0.202111
33590,0.073227,0.055801,0.257904
33600,0.019751,0.014651,0.138363
33610,0.043267,0.032553,0.183571
33620,0.025096,0.018546,0.132460
33630,0.035535,0.026735,0.140894
33640,0.016412,0.012137,0.106581
33650,0.026100,0.019658,0.148010
33660,0.041656,0.031803,0.162947
33670,0.024065,0.017869,0.129723
33680,0.031054,0.023399,0.114407
33690,0.024758,0.019252,0.132294
33700,0.024117,0.017856,0.096938
33710,0.033761,0.025329,0.160153
33720,0.048633,0.036642,0.197004
33730,0.027677,0.021846,0.145499
33740,0.038835,0.029133,0.173252
33750,0.040357,0.030735,0.173466
33760,0.008375,0.006303,0.083424
33770,0.050143,0.037880,0.190187
33780,0.038307,0.028949,0.165969
33790,0.013549,0.009921,0.111271
33800,0.012390,0.009141,0.114273
33810,0.025430,0.019540,0.134354
33820,0.013371,0.009921,0.109893
33830,0.029070,0.021885,0.156873
33840,0.002950,0.002203,0.101419
33850,0.022854,0.017026,0.135807
33860,0.008152,0.005920,0.043454
33870,0.057141,0.044574,0.212070
33880,0.024545,0.018544,0.131744
33890,0.029742,0.021762,0.145435
33900,0.011333,0.008728,0.063081
33910,0.033055,0.024803,0.147637
33920,0.027616,0.020956,0.106866
33930,0.040811,0.030485,0.181969
33940,0.032612,0.024576,0.156916
33950,0.014298,0.010645,0.111045
33960,0.054229,0.040531,0.207506
33970,0.018335,0.013891,0.135675
33980,0.028312,0.021522,0.140012
33990,0.020368,0.015248,0.135205
34000,0.021810,0.016511,0.135578
34010,0.007742,0.005721,0.115140
34020,0.033712,0.025574,0.158348
34030,0.033596,0.025608,0.132293
34040,0.030441,0.022840,0.134419
34050,0.063761,0.049912,0.231057
34060,0.034238,0.026041,0.178217
34070,0.017828,0.013704,0.120518
34080,0.036832,0.027902,0.170957
34090,0.007955,0.005925,0.164627
34100,0.027716,0.020720,0.118114
34110,0.036980,0.027928,0.168806
34120,0.012520,0.009245,0.107876
34130,0.031604,0.023592,0.143338
34140,0.026506,0.019809,0.124674
34150,0.036840,0.027675,0.167266
34160,0.015917,0.011656,0.121203
34170,0.022133,0.016307,0.093658
34180,0.044704,0.033631,0.174789
34190,0.019305,0.014498,0.135556
34200,0.021098,0.015949,0.097408
34210,0.010308,0.008017,0.113900
34220,0.047920,0.036090,0.187386
34230,0.013503,0.010174,0.108304
34240,0.023627,0.017536,0.081942
34250,0.018394,0.014115,0.135578
34260,0.031928,0.024210,0.159545
34270,0.039183,0.029753,0.167632
34280,0.044827,0.033966,0.170298
34290,0.036947,0.028116,0.166917
34300,0.044442,0.032532,0.197495
34310,0.013477,0.010061,0.117907
34320,0.040290,0.030242,0.168005
34330,0.040848,0.031103,0.177059
34340,0.064400,0.049350,0.234975
34350,0.057187,0.042025,0.230642
34360,0.018133,0.013471,0.091818
34370,0.013242,0.010144,0.104909
34380,0.023701,0.017556,0.135742
34390,0.026446,0.020057,0.152740
34400,0.039180,0.029117,0.179237
34410,0.020785,0.015232,0.112899
34420,0.036588,0.027627,0.166896
34430,0.021976,0.016699,0.144523
34440,0.026908,0.020238,0.118589
34450,0.023295,0.017595,0.133601
34460,0.017181,0.012914,0.088035
34470,0.032905,0.024373,0.165906
34480,0.022293,0.016858,0.119432
34490,0.034377,0.026085,0.169483
34500,0.014461,0.010976,0.106777
34510,0.013351,0.009829,0.111240
34520,0.016305,0.012223,0.123925
34530,0.039548,0.029846,0.177823
34540,0.009493,0.007026,0.105093
34550,0.001550,0.001119,0.060410
34560,0.019025,0.014174,0.118711
34570,0.034154,0.025813,0.164838
34580,0.042095,0.031408,0.180608
34590,0.010152,0.006486,0.665525
34600,0.021218,0.015855,0.120659
34610,0.012324,0.009018,0.099740
34620,0.032901,0.024667,0.170429
34630,0.030453,0.023187,0.143813
34640,0.026852,0.020182,0.144691
34650,0.033101,0.025009,0.155422
34660,0.027686,0.021010,0.137079
34670,0.033520,0.025011,0.141402
34680,0.025810,0.019670,0.140613
34690,0.004996,0.003724,0.098518
34700,0.030993,0.023332,0.161336
34710,0.028418,0.021463,0.125940
34720,0.025338,0.019002,0.131282
34730,0.013834,0.010477,0.107428
34740,0.022609,0.017028,0.122090
34750,0.013477,0.009906,0.115541
34760,0.033912,0.025365,0.154912
34770,0.059788,0.045309,0.218848
34780,0.031024,0.023314,0.142348
34790,0.014393,0.010316,0.068848
34800,0.012572,0.009374,0.070661
34810,0.020748,0.015543,0.139143
34820,0.015090,0.011189,0.135748
34830,0.036000,0.027246,0.160696
34840,0.017861,0.013082,0.127593
34850,0.016733,0.012256,0.106152
34860,0.019375,0.014561,0.112493
34870,0.058400,0.043801,0.229074
34880,0.031171,0.023345,0.145010
34890,0.027227,0.019559,0.143589
34900,0.033290,0.025117,0.126841
34910,0.027697,0.021106,0.152223
34920,0.018147,0.013740,0.118936
34930,0.054158,0.041950,0.234212
34940,0.017559,0.013046,0.103992
34950,0.031683,0.023855,0.152256
34960,0.028540,0.021630,0.136088
34970,0.022084,0.016528,0.128195
34980,0.050577,0.038106,0.198910
34990,0.024353,0.018053,0.150438
35000,0.024405,0.017990,0.138331
35010,0.024708,0.018594,0.132094
35020,0.037419,0.028082,0.174509
35030,0.038676,0.028948,0.167093
35040,0.024646,0.018132,0.136744
35050,0.027769,0.020764,0.151974
35060,0.032696,0.024508,0.160885
35070,0.042080,0.031762,0.166152
35080,0.038325,0.029175,0.164331
35090,0.017238,0.012879,0.099142
35100,0.021545,0.015880,0.132649
35110,0.037446,0.027525,0.161522
35120,0.035712,0.026790,0.183571
35130,0.005319,0.004042,0.045445
35140,0.011135,0.008249,0.108259
35150,0.019931,0.014951,0.119537
35160,0.037524,0.028184,0.164976
35170,0.025380,0.019221,0.139214
35180,0.025039,0.018662,0.142891
35190,0.003624,0.002705,0.089084
35200,0.013817,0.011122,0.176524
35210,0.035250,0.026829,0.158857
35220,0.036781,0.027934,0.162322
35230,0.012365,0.009963,0.069242
35240,0.021822,0.016512,0.136593
35250,0.025602,0.019501,0.124183
35260,0.042015,0.031745,0.171213
35270,0.032623,0.024567,0.156256
35280,0.045676,0.039706,0.199219
35290,0.019248,0.014312,0.126305
35300,0.039534,0.024065,0.291210
35310,0.024651,0.018419,0.134267
35320,0.015967,0.011951,0.118427
35330,0.032599,0.027462,0.239690
35340,0.032082,0.024016,0.151961
35350,0.038439,0.029082,0.174859
35360,0.016994,0.012602,0.096566
35370,0.010524,0.007923,0.053939
35380,0.025610,0.019507,0.131029
35390,0.028969,0.021609,0.129805
35400,0.024445,0.018012,0.143439
35410,0.019203,0.014035,0.135550
35420,0.012776,0.009645,0.064670
35430,0.023009,0.017852,0.122157
35440,0.032318,0.024045,0.161539
35450,0.023694,0.018026,0.139814
35460,0.037626,0.028510,0.164205
35470,0.043987,0.033150,0.180289
35480,0.042508,0.032631,0.177674
35490,0.007622,0.005647,0.100526
35500,0.009840,0.007262,0.075303
35510,0.021736,0.016330,0.147742
35520,0.023516,0.017763,0.127887
35530,0.021079,0.016050,0.111508
35540,0.042943,0.032650,0.179545
35550,0.022542,0.016823,0.103774
35560,0.022663,0.016642,0.124553
35570,0.032429,0.024173,0.157077
35580,0.002001,0.002961,0.137093
35590,0.019589,0.014639,0.109879
35600,0.055145,0.041358,0.208482
35610,0.029022,0.021958,0.127455
35620,0.031079,0.023432,0.146387
35630,0.011967,0.008623,0.085109
35640,0.036795,0.027730,0.203053
35650,0.032099,0.024269,0.159620
35660,0.029018,0.021760,0.148128
35670,0.032252,0.024323,0.158138
35680,0.053358,0.045073,0.212942
35690,0.039375,0.029735,0.174856
35700,0.023239,0.017401,0.139742
35710,0.022584,0.016816,0.131299
35720,0.030304,0.022762,0.147753
35730,0.055591,0.042092,0.207576
35740,0.007014,0.005033,0.100766
35750,0.029590,0.022327,0.119700
35760,0.035127,0.026495,0.170609
35770,0.046584,0.034383,0.195320
35780,0.016050,0.011727,0.132179
35790,0.044133,0.032962,0.186994
35800,0.042964,0.032231,0.190286
35810,0.039255,0.029341,0.179680
35820,0.021320,0.016459,0.140641
35830,0.020579,0.015264,0.120333
35840,0.020901,0.015345,0.143178
35850,0.001511,0.001177,0.118688
35860,0.024041,0.018035,0.138249
35870,0.030770,0.023257,0.140776
35880,0.024565,0.018659,0.136329
35890,0.015398,0.011467,0.119958
35900,0.011998,0.008800,0.104748
35910,0.017735,0.013269,0.132394
35920,0.036731,0.027726,0.151526
35930,0.020448,0.014502,0.129181
35940,0.022372,0.016534,0.094221
35950,0.046793,0.035300,0.189020
35960,0.032257,0.025244,0.203819
35970,0.023858,0.017866,0.141953
35980,0.009299,0.006946,0.114739
35990,0.033831,0.025573,0.144777
36000,0.030509,0.022935,0.161368
36010,0.013966,0.010536,0.116656
36020,0.030419,0.023122,0.150865
36030,0.027985,0.020960,0.156167
36040,0.045798,0.034147,0.186181
36050,0.028775,0.020609,0.124882
36060,0.018739,0.013909,0.117334
36070,0.026358,0.019956,0.133797
36080,0.019732,0.015205,0.128529
36090,0.012380,0.008667,0.131506
36100,0.008483,0.006212,0.110119
36110,0.014841,0.011064,0.113587
36120,0.038476,0.028875,0.172406
36130,0.025483,0.018854,0.149992
36140,0.023397,0.016489,0.127079
36150,0.038594,0.029390,0.181254
36160,0.011679,0.008649,0.107843
36170,0.013115,0.009368,0.108412
36180,0.040122,0.030299,0.151067
36190,0.013532,0.010222,0.114201
36200,0.040764,0.030972,0.175551
36210,0.029286,0.022179,0.139645
36220,0.026522,0.019968,0.137017
36230,0.053970,0.040825,0.192359
36240,0.020765,0.015847,0.108430
36250,0.020353,0.015442,0.093771
36260,0.050346,0.037784,0.192082
36270,0.017750,0.013138,0.127046
36280,0.041149,0.030985,0.152992
36290,0.057197,0.041414,0.208693
36300,0.035081,0.026433,0.162711
36310,0.027229,0.020416,0.143741
36320,0.020812,0.015422,0.141758
36330,0.028433,0.021255,0.157097
36340,0.013291,0.009651,0.105085
36350,0.013369,0.009783,0.111129
36360,0.025853,0.019553,0.138964
36370,0.032792,0.024968,0.159401
36380,0.011097,0.008193,0.091957
36390,0.018952,0.014553,0.103062
36400,0.016710,0.012654,0.118241
36410,0.038336,0.028880,0.164699
36420,0.011147,0.008413,0.106284
36430,0.021563,0.016769,0.131216
36440,0.032752,0.024641,0.181638
36450,0.014478,0.010573,0.133336
36460,0.027348,0.020669,0.151356
36470,0.010542,0.007819,0.099754
36480,0.032461,0.024282,0.155779
36490,0.017774,0.013670,0.111936
36500,0.022339,0.016440,0.132555
36510,0.041909,0.031700,0.165976
36520,0.015303,0.011499,0.095010
36530,0.026788,0.019586,0.140812
36540,0.032928,0.024730,0.155874
36550,0.031538,0.023633,0.145342
36560,0.021800,0.016110,0.130114
36570,0.027430,0.020496,0.143975
36580,0.006013,0.004316,0.102093
36590,0.039693,0.030014,0.170662
36600,0.031085,0.023063,0.139189
36610,0.011844,0.008650,0.102093
36620,0.013742,0.010377,0.108603
36630,0.010118,0.007547,0.133095
36640,0.018720,0.013733,0.125905
36650,0.032229,0.024406,0.150937
36660,0.023499,0.017699,0.107392
36670,0.009457,0.007129,0.053634
36680,0.014004,0.010531,0.082505
36690,0.023645,0.017865,0.128832
36700,0.002725,0.002032,0.050865
36710,0.024273,0.018189,0.109117
36720,0.015501,0.011891,0.088283
36730,0.007044,0.005300,0.106685
36740,0.024199,0.018379,0.143016
36750,0.010023,0.008224,0.117221
36760,0.044146,0.033473,0.186315
36770,0.016204,0.012127,0.107003
36780,0.018468,0.013606,0.103618
36790,0.005371,0.003593,0.124054
36800,0.000002,0.000206,0.000283
36810,0.018825,0.013970,0.127216
36820,0.017630,0.013051,0.090387
36830,0.028310,0.021473,0.111552
36840,0.009080,0.006726,0.060002
36850,0.009550,0.007100,0.085508
36860,0.012634,0.009775,0.103905
36870,0.018257,0.013641,0.111633
36880,0.009760,0.007173,0.117991
36890,0.053200,0.040401,0.193621
36900,0.018279,0.013696,0.127676
36910,0.014942,0.011080,0.135188
36920,0.024919,0.019013,0.101292
36930,0.029330,0.022123,0.127764
36940,0.015188,0.011320,0.117014
36950,0.024993,0.018806,0.138863
36960,0.050228,0.038115,0.200773
36970,0.034286,0.025937,0.150383
36980,0.039468,0.029815,0.170726
36990,0.020749,0.015511,0.115576
37000,0.029190,0.022877,0.130216
37010,0.022921,0.017136,0.099243
37020,0.015673,0.012013,0.121197
37030,0.024272,0.017794,0.145516
37040,0.010310,0.007582,0.098293
37050,0.027399,0.020776,0.143737
37060,0.017229,0.013112,0.106934
37070,0.016134,0.012287,0.115663
37080,0.015578,0.011887,0.129731
37090,0.041447,0.031433,0.173913
37100,0.022088,0.016739,0.142371
37110,0.028078,0.020862,0.136088
37120,0.032085,0.024025,0.161905
37130,0.030508,0.023104,0.145567
37140,0.018347,0.014155,0.168590
37150,0.032831,0.025104,0.158627
37160,0.020776,0.015156,0.152463
37170,0.033050,0.025176,0.153507
37180,0.033757,0.025386,0.150358
37190,0.044614,0.033950,0.170514
37200,0.037104,0.027987,0.164563
37210,0.022492,0.016831,0.114024
37220,0.023612,0.018487,0.126122
37230,0.032369,0.024287,0.152200
37240,0.042341,0.031977,0.183339
37250,0.023691,0.017778,0.129132
37260,0.033155,0.024839,0.154695
37270,0.014579,0.010941,0.106488
37280,0.022182,0.016642,0.115961
37290,0.020758,0.016638,0.138195
37300,0.016242,0.011956,0.116421
37310,0.016506,0.012391,0.124298
37320,0.018419,0.014946,0.108390
37330,0.002204,0.001559,0.039339
37340,0.016307,0.011999,0.117484
37350,0.012887,0.009566,0.111799
37360,0.038112,0.028774,0.155367
37370,0.022105,0.016403,0.133006
37380,0.039574,0.030102,0.153328
37390,0.000299,0.000231,0.654959
37400,0.031412,0.023515,0.132413
37410,0.026786,0.019963,0.135562
37420,0.018584,0.014067,0.113126
37430,0.038869,0.029309,0.168278
37440,0.060238,0.045552,0.217917
37450,0.013375,0.010089,0.066993
37460,0.063539,0.048287,0.224208
37470,0.011922,0.008810,0.087559
37480,0.030019,0.022347,0.148859
37490,0.026856,0.020095,0.147626
37500,0.052909,0.040036,0.200199
37510,0.017507,0.013064,0.106787
37520,0.014307,0.011998,0.138084
37530,0.019732,0.015107,0.131743
37540,0.049343,0.037475,0.192675
37550,0.013497,0.010100,0.106219
37560,0.035384,0.026693,0.161228
37570,0.013455,0.010204,0.104150
37580,0.038853,0.029348,0.170673
37590,0.012752,0.009821,0.057429
37600,0.014218,0.010821,0.109944
37610,0.027927,0.021012,0.135230
37620,0.030221,0.022543,0.156818
37630,0.028713,0.021549,0.145348
37640,0.026691,0.020299,0.137789
37650,0.026899,0.020164,0.130190
37660,0.020928,0.015412,0.140667
37670,0.018921,0.014379,0.113406
37680,0.004028,0.003019,0.133253
37690,0.021195,0.016482,0.101848
37700,0.057418,0.043126,0.214761
37710,0.024198,0.018129,0.136212
37720,0.022785,0.016871,0.133444
37730,0.023591,0.017802,0.113014
37740,0.032959,0.024919,0.150794
37750,0.045549,0.034371,0.174974
37760,0.003073,0.002315,0.119085
37770,0.020142,0.015002,0.122406
37780,0.037027,0.027696,0.167196
37790,0.030536,0.023217,0.129820
37800,0.038056,0.029615,0.152043
37810,0.033412,0.025364,0.163571
37820,0.025855,0.019254,0.109146
37830,0.029350,0.021735,0.156426
37840,0.035447,0.026974,0.161294
37850,0.021822,0.016516,0.141959
37860,0.011890,0.008841,0.101475
37870,0.052938,0.040937,0.214664
37880,0.010305,0.007634,0.097548
37890,0.031575,0.023965,0.143533
37900,0.019785,0.014751,0.134425
37910,0.034828,0.026753,0.152912
37920,0.003546,0.002573,0.091803
37930,0.023901,0.018146,0.135500
37940,0.013312,0.009797,0.115326
37950,0.045352,0.034571,0.188381
37960,0.000007,0.000013,0.000036
37970,0.037922,0.028398,0.170541
37980,0.013959,0.010122,0.085145
37990,0.022839,0.017464,0.098626
38000,0.021885,0.016633,0.128247
38010,0.018091,0.012946,0.126626
38020,0.018299,0.013727,0.127067
38030,0.034860,0.026265,0.165836
38040,0.021545,0.016077,0.126140
38050,0.022859,0.017478,0.134715
38060,0.030065,0.023047,0.115859
38070,0.022255,0.016602,0.136157
38080,0.035900,0.027030,0.150537
38090,0.027425,0.020613,0.140141
38100,0.008871,0.007068,0.066919
38110,0.040986,0.031958,0.180141
38120,0.042634,0.031896,0.162158
38130,0.012560,0.009232,0.101770
38140,0.016232,0.011970,0.120233
38150,0.014185,0.010502,0.107161
38160,0.034449,0.026072,0.151630
38170,0.018616,0.014075,0.100869
38180,0.013555,0.010066,0.096911
38190,0.049044,0.036911,0.187065
38200,0.020104,0.015130,0.125226
38210,0.024069,0.018014,0.130828
38220,0.029150,0.021861,0.120352
38230,0.000003,0.000002,0.000008
38240,0.010086,0.007494,0.096982
38250,0.020127,0.014866,0.112134
38260,0.022918,0.017199,0.135331
38270,0.016566,0.012893,0.109363
38280,0.020398,0.013737,0.155476
38290,0.030578,0.023239,0.155675
38300,0.030176,0.022423,0.154395
38310,0.036542,0.027612,0.166053
38320,0.028010,0.021257,0.138764
38330,0.024223,0.018109,0.140546
38340,0.031643,0.024062,0.142777
38350,0.018378,0.013564,0.121745
38360,0.029224,0.022000,0.142219
38370,0.032673,0.024927,0.133487
38380,0.021153,0.015802,0.126713
38390,0.051572,0.038495,0.202579
38400,0.024497,0.018365,0.142831
38410,0.038494,0.028751,0.179631
38420,0.032345,0.024724,0.158383
38430,0.030695,0.022921,0.149733
38440,0.016967,0.012816,0.098375
38450,0.022380,0.016522,0.126810
38460,0.016192,0.012069,0.134755
38470,0.048570,0.038769,0.179310
38480,0.015542,0.011280,0.160058
38490,0.044385,0.033564,0.170586
38500,0.024857,0.018793,0.149668
38510,0.013783,0.010026,0.114043
38520,0.040082,0.030335,0.173537
38530,0.017349,0.013017,0.114878
38540,0.015997,0.012044,0.088959
38550,0.043259,0.032767,0.179877
38560,0.025479,0.019246,0.116819
38570,0.011747,0.008837,0.188382
38580,0.023906,0.018238,0.122302
38590,0.029802,0.022422,0.150780
38600,0.017176,0.012929,0.104423
38610,0.014368,0.010728,0.111989
38620,0.027691,0.020488,0.118631
38630,0.025876,0.019246,0.146749
38640,0.005795,0.004171,0.102556
38650,0.019394,0.014237,0.083722
38660,0.022645,0.018263,0.113740
38670,0.044658,0.033592,0.166256
38680,0.019984,0.015029,0.118198
38690,0.008563,0.006916,0.144974
38700,0.037681,0.027843,0.184086
38710,0.015738,0.011946,0.125185
38720,0.058549,0.044461,0.212651
38730,0.043744,0.033085,0.187473
38740,0.016380,0.012191,0.131299
38750,0.028194,0.021199,0.147589
38760,0.029200,0.021738,0.154256
38770,0.060598,0.045860,0.227115
38780,0.025934,0.019315,0.127154
38790,0.024560,0.017957,0.145745
38800,0.036198,0.034199,0.200493
38810,0.010358,0.007779,0.066121
38820,0.041262,0.031245,0.179522
38830,0.047250,0.035912,0.191218
38840,0.019891,0.016510,0.104146
38850,0.046140,0.035818,0.181823
38860,0.019470,0.014547,0.124983
38870,0.025250,0.019170,0.144784
38880,0.005710,0.004013,0.105991
38890,0.021074,0.015887,0.100250
38900,0.035886,0.026411,0.167037
38910,0.021102,0.015699,0.125997
38920,0.029902,0.022521,0.151479
38930,0.037412,0.028620,0.172208
38940,0.023125,0.017465,0.133869
38950,0.041746,0.031631,0.189581
38960,0.023831,0.017900,0.128544
38970,0.000695,0.000886,0.150127
38980,0.005084,0.003765,0.050016
38990,0.014029,0.010502,0.101224
39000,0.033618,0.025344,0.155870
39010,0.018939,0.014066,0.145289
39020,0.023828,0.017852,0.126822
39030,0.006703,0.004950,0.093367
39040,0.021200,0.012665,0.230073
39050,0.033898,0.025402,0.154731
39060,0.008827,0.007494,0.136520
39070,0.026606,0.019890,0.144310
39080,0.021553,0.016978,0.155602
39090,0.002453,0.001918,0.118886
39100,0.051808,0.039341,0.201443
39110,0.033063,0.024916,0.156656
39120,0.026061,0.019671,0.143605
39130,0.019974,0.015280,0.130199
39140,0.036901,0.028120,0.164498
39150,0.043586,0.032938,0.171259
39160,0.008767,0.006682,0.107441
39170,0.011044,0.008309,0.054592
39180,0.041324,0.031437,0.169553
39190,0.011509,0.008339,0.116986
39200,0.030374,0.022938,0.149729
39210,0.016142,0.011807,0.107136
39220,0.013451,0.010374,0.066548
39230,0.003586,0.002729,0.025292
39240,0.020618,0.016587,0.109783
39250,0.046170,0.035532,0.185299
39260,0.023777,0.018133,0.137117
39270,0.030179,0.022360,0.155923
39280,0.040632,0.030641,0.176057
39290,0.011401,0.008407,0.106126
39300,0.044278,0.033725,0.173540
39310,0.023583,0.017755,0.136312
39320,0.042111,0.031737,0.177314
39330,0.039837,0.030321,0.164587
39340,0.025924,0.019307,0.145857
39350,0.034831,0.026205,0.158368
39360,0.037249,0.028233,0.164352
39370,0.003392,0.002629,0.075177
39380,0.025416,0.019032,0.138707
39390,0.018691,0.013991,0.111182
39400,0.024530,0.018450,0.135526
39410,0.016265,0.012183,0.105117
39420,0.021369,0.016185,0.116760
39430,0.003572,0.002582,0.092773
39440,0.024392,0.018293,0.139980
39450,0.015798,0.011583,0.127202
39460,0.023883,0.018017,0.130299
39470,0.008635,0.006256,0.073206
39480,0.019404,0.014460,0.087357
39490,0.035202,0.026630,0.162919
39500,0.075143,0.056930,0.254044
39510,0.025932,0.019571,0.140960
39520,0.023950,0.017880,0.120897
39530,0.020260,0.015221,0.135617
39540,0.011775,0.008560,0.103268
39550,0.029321,0.021772,0.152204
39560,0.025735,0.019399,0.133681
39570,0.029772,0.022469,0.143592
39580,0.017676,0.013231,0.121246
39590,0.038372,0.028891,0.172658
39600,0.029523,0.022668,0.153825
39610,0.041693,0.031771,0.173744
39620,0.013794,0.010322,0.100706
39630,0.028145,0.021993,0.149334
39640,0.029447,0.022151,0.143901
39650,0.022944,0.017179,0.150863
39660,0.015953,0.011796,0.112514
39670,0.012978,0.009644,0.108842
39680,0.025851,0.020099,0.139210
39690,0.031375,0.023314,0.151466
39700,0.034168,0.025630,0.161051
39710,0.045304,0.034248,0.182377
39720,0.029687,0.022571,0.118170
39730,0.017390,0.012889,0.093750
39740,0.031110,0.023495,0.152793
39750,0.010500,0.007811,0.121307
39760,0.034110,0.025829,0.152769
39770,0.013838,0.010602,0.108436
39780,0.026003,0.019397,0.105807
39790,0.028111,0.020979,0.147890
39800,0.003675,0.002694,0.090522
39810,0.005627,0.004281,0.030861
39820,0.015684,0.011751,0.100191
39830,0.029292,0.022283,0.136680
39840,0.019575,0.014709,0.118103
39850,0.031031,0.023454,0.143649
39860,0.040854,0.031090,0.165189
39870,0.040755,0.031315,0.162683
39880,0.043203,0.032578,0.192076
39890,0.019363,0.014740,0.099976
39900,0.018195,0.013693,0.109927
39910,0.020481,0.015497,0.119394
39920,0.040572,0.030232,0.179609
39930,0.027480,0.020924,0.137371
39940,0.026607,0.019905,0.129046
39950,0.024169,0.018174,0.129492
39960,0.004183,0.003011,0.085247
39970,0.026167,0.019681,0.134619
39980,0.013920,0.010392,0.112649
39990,0.035552,0.027335,0.169984
40000,0.031811,0.024732,0.159176
40010,0.013656,0.010161,0.109969
40020,0.002926,0.002384,0.019566
40030,0.016644,0.012691,0.127186
40040,0.068458,0.052246,0.220633
40050,0.040572,0.030696,0.169412
40060,0.007537,0.005643,0.044817
40070,0.025463,0.018808,0.131065
40080,0.020672,0.015330,0.133805
40090,0.021133,0.015883,0.116305
40100,0.032834,0.024642,0.153585
40110,0.026047,0.019810,0.129591
40120,0.018590,0.013852,0.111319
40130,0.025359,0.019060,0.142013
40140,0.028028,0.021444,0.154396
40150,0.007759,0.005269,0.091045
40160,0.009648,0.007202,0.091990
40170,0.035167,0.026551,0.167995
40180,0.047718,0.035126,0.193702
40190,0.000412,0.000322,0.102820
40200,0.003879,0.002884,0.098909
40210,0.020644,0.015486,0.113296
40220,0.013482,0.010037,0.080285
40230,0.039954,0.030366,0.161194
40240,0.029853,0.022385,0.129195
40250,0.022200,0.016367,0.128229
40260,0.038004,0.028749,0.168625
40270,0.028631,0.021570,0.124434
40280,0.001658,0.001165,0.082602
40290,0.012985,0.009820,0.065868
40300,0.044202,0.033394,0.182872
40310,0.013284,0.009999,0.109866
40320,0.024464,0.018287,0.137528
40330,0.031667,0.023180,0.143022
40340,0.052795,0.040095,0.191685
40350,0.030228,0.022624,0.170420
40360,0.015844,0.012303,0.090167
40370,0.016688,0.012688,0.084563
40380,0.013911,0.010316,0.113668
40390,0.029887,0.022598,0.144928
40400,0.015039,0.011466,0.103103
40410,0.044950,0.034167,0.186447
40420,0.031922,0.024370,0.154192
40430,0.027413,0.017685,0.181709
40440,0.056299,0.042935,0.211724
40450,0.018031,0.012854,0.128383
40460,0.034462,0.025931,0.160057
40470,0.036296,0.027606,0.153712
40480,0.043996,0.033363,0.173664
40490,0.028678,0.021739,0.152324
40500,0.027305,0.020716,0.115184
40510,0.045857,0.034736,0.177249
40520,0.022056,0.016516,0.123197
40530,0.039078,0.029824,0.156169
40540,0.020736,0.015353,0.153850
40550,0.020302,0.015158,0.101309
40560,0.023834,0.018511,0.134485
40570,0.011680,0.008653,0.089174
40580,0.002728,0.002038,0.072031
40590,0.038117,0.028451,0.166352
40600,0.017403,0.012820,0.123766
40610,0.012723,0.009438,0.112106
40620,0.032782,0.024566,0.154548
40630,0.039427,0.029866,0.163480
40640,0.021206,0.016050,0.124828
40650,0.022276,0.016674,0.104393
40660,0.017243,0.012097,0.141807
40670,0.019954,0.014622,0.131313
40680,0.016657,0.012458,0.103805
40690,0.071215,0.054850,0.239462
40700,0.014589,0.013697,0.167029
40710,0.010545,0.007865,0.101677
40720,0.036715,0.027748,0.163246
40730,0.015664,0.011869,0.114763
40740,0.016536,0.012088,0.124304
40750,0.009821,0.007270,0.091765
40760,0.018249,0.013473,0.133347
40770,0.023096,0.017339,0.123592
40780,0.026503,0.020076,0.143492
40790,0.028767,0.021849,0.143885
40800,0.038419,0.029089,0.146458
40810,0.041721,0.031597,0.174498
40820,0.026477,0.020803,0.120342
40830,0.024709,0.018450,0.146376
40840,0.030005,0.022996,0.168904
40850,0.022273,0.016852,0.118601
40860,0.027999,0.021289,0.124013
40870,0.011037,0.008107,0.092241
40880,0.015070,0.011267,0.117081
40890,0.020845,0.015769,0.096446
40900,0.003345,0.002522,0.028746
40910,0.030277,0.022704,0.156195
40920,0.003785,0.002834,0.033334
40930,0.042208,0.032204,0.181833
40940,0.013022,0.009789,0.114708
40950,0.023520,0.017911,0.134362
40960,0.029075,0.022287,0.159213
40970,0.013982,0.010585,0.102082
40980,0.028547,0.020659,0.153744
40990,0.016153,0.012486,0.107215
41000,0.040495,0.029458,0.166204
41010,0.039437,0.029524,0.178122
41020,0.039801,0.029905,0.183512
41030,0.041169,0.031021,0.172126
41040,0.034083,0.025701,0.165986
41050,0.043807,0.035339,0.177150
41060,0.054197,0.039964,0.206721
41070,0.028458,0.021199,0.144716
41080,0.032108,0.024189,0.150352
41090,0.028817,0.021995,0.155478
41100,0.025013,0.018701,0.137840
41110,0.019183,0.014241,0.110412
41120,0.032703,0.024550,0.148813
41130,0.018535,0.013745,0.127053
41140,0.026038,0.019595,0.138511
41150,0.019633,0.014738,0.111631
41160,0.019993,0.015019,0.126557
41170,0.035410,0.026882,0.159383
41180,0.017297,0.012827,0.117227
41190,0.035926,0.027123,0.161784
41200,0.014545,0.010793,0.120732
41210,0.007240,0.005090,0.141060
41220,0.055951,0.042194,0.209765
41230,0.020734,0.015627,0.129970
41240,0.030629,0.022971,0.139973
41250,0.009909,0.007290,0.186134
41260,0.020322,0.015110,0.104328
41270,0.010154,0.007560,0.081126
41280,0.041360,0.031085,0.186945
41290,0.018919,0.014310,0.087725
41300,0.033101,0.024873,0.153453
41310,0.025186,0.018878,0.139629
41320,0.011389,0.008373,0.097596
41330,0.018012,0.013409,0.112516
41340,0.031346,0.023782,0.153697
41350,0.027289,0.020711,0.141918
41360,0.010966,0.008274,0.054258
41370,0.032735,0.024348,0.163636
41380,0.017238,0.013172,0.115606
41390,0.027781,0.020029,0.204296
41400,0.018489,0.013870,0.082063
41410,0.031576,0.023742,0.127006
41420,0.031808,0.023988,0.147815
41430,0.019287,0.014093,0.132624
41440,0.028861,0.021831,0.114893
41450,0.032258,0.024399,0.159547
41460,0.020029,0.014556,0.128152
41470,0.022901,0.017132,0.130279
41480,0.005760,0.004105,0.098949
41490,0.014840,0.010886,0.132304
41500,0.014960,0.011245,0.089121
41510,0.049123,0.036985,0.190351
41520,0.015760,0.011557,0.111606
41530,0.049895,0.037783,0.193548
41540,0.039428,0.029846,0.174737
41550,0.046861,0.035521,0.183014
41560,0.014103,0.010662,0.120285
41570,0.014680,0.010812,0.110228
41580,0.001097,0.000777,0.098351
41590,0.013420,0.009766,0.105248
41600,0.025249,0.019059,0.138498
41610,0.056434,0.045035,0.224986
41620,0.038675,0.030360,0.159719
41630,0.024304,0.018319,0.116879
41640,0.032958,0.024789,0.161114
41650,0.037943,0.028826,0.152031
41660,0.040318,0.030578,0.166809
41670,0.023590,0.017692,0.146113
41680,0.022846,0.016859,0.144785
41690,0.025944,0.020141,0.110195
41700,0.010303,0.007621,0.098840
41710,0.012281,0.008972,0.095647
41720,0.022394,0.016955,0.121596
41730,0.036862,0.028130,0.146400
41740,0.025054,0.019135,0.144503
41750,0.001755,0.001302,0.080917
41760,0.030040,0.022587,0.150061
41770,0.031511,0.023809,0.151353
41780,0.024319,0.018427,0.124557
41790,0.011219,0.008424,0.098597
41800,0.018849,0.014248,0.112230
41810,0.019683,0.014859,0.133060
41820,0.001036,0.000735,0.120920
41830,0.024156,0.018260,0.138874
41840,0.032723,0.025179,0.170663
41850,0.006482,0.004488,0.104009
41860,0.023043,0.017437,0.125394
41870,0.036222,0.027047,0.159604
41880,0.025901,0.019174,0.146751
41890,0.028757,0.021670,0.129662
41900,0.023434,0.017667,0.130397
41910,0.025827,0.019273,0.133452
41920,0.022301,0.016379,0.140040
41930,0.016066,0.011849,0.089705
41940,0.025678,0.019365,0.137358
41950,0.017626,0.013389,0.102591
41960,0.044646,0.034305,0.184079
41970,0.000300,0.000199,0.072955
41980,0.018875,0.014217,0.115890
41990,0.032849,0.024987,0.164668
42000,0.054701,0.041187,0.202562
42010,0.007929,0.006023,0.044430
42020,0.051225,0.038713,0.199993
42030,0.020382,0.015446,0.142701
42040,0.029727,0.022256,0.116686
42050,0.028719,0.021370,0.154056
42060,0.015286,0.011280,0.119353
42070,0.015010,0.011220,0.097201
42080,0.001389,0.000929,0.152692
42090,0.033696,0.025547,0.153058
42100,0.019416,0.014617,0.114822
42110,0.005363,0.004020,0.050343
42120,0.023752,0.017871,0.134460
42130,0.032126,0.025465,0.140581
42140,0.024602,0.018571,0.133079
42150,0.021138,0.015989,0.115674
42160,0.016875,0.012710,0.117558
42170,0.017884,0.013241,0.113899
42180,0.030146,0.022478,0.167658
42190,0.004452,0.003346,0.035191
42200,0.002141,0.001611,0.079488
42210,0.015783,0.012279,0.116246
42220,0.034457,0.025796,0.155794
42230,0.006196,0.004573,0.121760
42240,0.031377,0.023524,0.125358
42250,0.021743,0.016574,0.124627
42260,0.048848,0.037122,0.188297
42270,0.037716,0.028263,0.169646
42280,0.031978,0.024047,0.153301
42290,0.007944,0.006034,0.048398
42300,0.032259,0.024295,0.145476
42310,0.017536,0.012915,0.132705
42320,0.050608,0.038435,0.187070
42330,0.019092,0.014369,0.094788
42340,0.010181,0.007600,0.096826
42350,0.021103,0.015979,0.110251
42360,0.042103,0.031844,0.175346
42370,0.021878,0.016437,0.125407
42380,0.030404,0.021604,0.153411
42390,0.026432,0.019832,0.136988
42400,0.024321,0.018262,0.141115
42410,0.004172,0.003015,0.120938
42420,0.020815,0.015856,0.128682
42430,0.032334,0.024419,0.153750
42440,0.043938,0.033141,0.180116
42450,0.015918,0.011565,0.120922
42460,0.022911,0.017139,0.134159
42470,0.021423,0.015749,0.128078
42480,0.011329,0.008319,0.098085
42490,0.019183,0.014164,0.128776
42500,0.002608,0.002073,0.171403
42510,0.016778,0.012778,0.113918
42520,0.012169,0.008849,0.105026
42530,0.004804,0.003539,0.096186
42540,0.014265,0.010583,0.114250
42550,0.042033,0.031937,0.161896
42560,0.015304,0.011433,0.113085
42570,0.019775,0.014823,0.094818
42580,0.017232,0.012841,0.092049
42590,0.035136,0.026514,0.155802
42600,0.013897,0.010529,0.075284
42610,0.043562,0.034672,0.181386
42620,0.019787,0.015049,0.093409
42630,0.013105,0.009671,0.099159
42640,0.016449,0.011954,0.110904
42650,0.036287,0.027028,0.175773
42660,0.027599,0.021020,0.136472
42670,0.040743,0.030756,0.171688
42680,0.023665,0.017837,0.124700
42690,0.037921,0.028559,0.157898
42700,0.014057,0.010226,0.118243
42710,0.030167,0.022817,0.151415
42720,0.035986,0.027095,0.157358
42730,0.023868,0.018038,0.128207
42740,0.027019,0.020126,0.138478
42750,0.024369,0.018797,0.099489
42760,0.007875,0.005646,0.091161
42770,0.048076,0.036270,0.194476
42780,0.030901,0.023010,0.154230
42790,0.008493,0.006279,0.086388
42800,0.003907,0.002868,0.082489
42810,0.022950,0.017126,0.155226
42820,0.020320,0.015425,0.120593
42830,0.020259,0.015211,0.114134
42840,0.011025,0.008412,0.089257
42850,0.032756,0.024618,0.131324
42860,0.037078,0.028161,0.164563
42870,0.026605,0.020383,0.165441
42880,0.011815,0.008878,0.104066
42890,0.017450,0.013069,0.113517
42900,0.032413,0.024602,0.136968
42910,0.030043,0.022496,0.154210
42920,0.018632,0.014153,0.114948
42930,0.052571,0.040775,0.210593
42940,0.031178,0.023572,0.139406
42950,0.020560,0.015446,0.121214
42960,0.020412,0.015003,0.141418
42970,0.031382,0.023658,0.148477
42980,0.007516,0.005815,0.086081
42990,0.040906,0.030995,0.161617
43000,0.022904,0.017284,0.125216
43010,0.019168,0.014520,0.121050
43020,0.031664,0.024009,0.140905
43030,0.032542,0.023954,0.166734
43040,0.011836,0.008357,0.117688
43050,0.039223,0.030079,0.176417
43060,0.044552,0.033412,0.176165
43070,0.019946,0.014989,0.095189
43080,0.031156,0.023550,0.149821
43090,0.039508,0.030028,0.166297
43100,0.040219,0.030463,0.174398
43110,0.038537,0.028692,0.182979
43120,0.009418,0.006881,0.087075
43130,0.033769,0.025572,0.158027
43140,0.039715,0.030272,0.167508
43150,0.000168,0.000185,0.103198
43160,0.031775,0.023701,0.146966
43170,0.006469,0.004740,0.121572
43180,0.029333,0.022083,0.147497
43190,0.018186,0.013462,0.125946
43200,0.023079,0.017276,0.132484
43210,0.041610,0.031172,0.176412
43220,0.028495,0.020722,0.126246
43230,0.004508,0.003332,0.029756
43240,0.015537,0.011233,0.116333
43250,0.012279,0.009074,0.105284
43260,0.021808,0.016128,0.113589
43270,0.018639,0.013977,0.139163
43280,0.021562,0.015906,0.146192
43290,0.033764,0.024987,0.144531
43300,0.027856,0.021550,0.151105
43310,0.022751,0.017174,0.132275
43320,0.020553,0.015631,0.113480
43330,0.014031,0.010432,0.125388
43340,0.023074,0.017419,0.120124
43350,0.008951,0.006317,0.165186
43360,0.021675,0.016353,0.128772
43370,0.010559,0.008552,0.110798
43380,0.011316,0.008418,0.062897
43390,0.053686,0.040749,0.200578
43400,0.012843,0.009437,0.088641
43410,0.026769,0.021305,0.150372
43420,0.034658,0.025800,0.147773
43430,0.019348,0.014518,0.095058
43440,0.018774,0.014046,0.128429
43450,0.002721,0.002100,0.014162
43460,0.035989,0.027546,0.173563
43470,0.030189,0.023988,0.147430
43480,0.032266,0.024196,0.164023
43490,0.032962,0.024623,0.156466
43500,0.036562,0.026734,0.164620
43510,0.040759,0.031102,0.168297
43520,0.033097,0.023063,0.191843
43530,0.036734,0.027681,0.160890
43540,0.036227,0.027133,0.166801
43550,0.005570,0.004006,0.092719
43560,0.022490,0.016868,0.125813
43570,0.022143,0.016655,0.123921
43580,0.025340,0.019656,0.124561
43590,0.039390,0.032550,0.194447
43600,0.022942,0.016991,0.127458
43610,0.009002,0.006617,0.059660
43620,0.009182,0.007001,0.042344
43630,0.006083,0.004423,0.041469
43640,0.037703,0.028241,0.164906
43650,0.044173,0.033810,0.186754
43660,0.019142,0.014308,0.099275
43670,0.042719,0.032251,0.178555
43680,0.042519,0.032098,0.173581
43690,0.038485,0.028893,0.162595
43700,0.021414,0.016205,0.116589
43710,0.024306,0.018298,0.138056
43720,0.021699,0.016272,0.131438
43730,0.025828,0.019326,0.138914
43740,0.031408,0.023842,0.141875
43750,0.023632,0.018099,0.131374
43760,0.012395,0.009200,0.109504
43770,0.044584,0.034058,0.182838
43780,0.026863,0.020140,0.140548
43790,0.007664,0.005607,0.159142
43800,0.029854,0.024219,0.119056
43810,0.008830,0.006276,0.101492
43820,0.023487,0.017467,0.128214
43830,0.027361,0.020835,0.154956
43840,0.009626,0.007081,0.129237
43850,0.021462,0.016361,0.127302
43860,0.028638,0.022118,0.128961
43870,0.017537,0.013404,0.138467
43880,0.031018,0.023412,0.138177
43890,0.025199,0.018798,0.143815
43900,0.024145,0.018150,0.112148
43910,0.026837,0.020153,0.132009
43920,0.020899,0.016025,0.127306
43930,0.046840,0.035203,0.192033
43940,0.029901,0.022519,0.136858
43950,0.020177,0.014961,0.117600
43960,0.031186,0.023411,0.153623
43970,0.010231,0.007690,0.060459
43980,0.031751,0.023812,0.143450
43990,0.027649,0.020924,0.135857
44000,0.022930,0.017764,0.150947
44010,0.016372,0.012542,0.128236
44020,0.023299,0.017531,0.127040
44030,0.030977,0.024312,0.150105
44040,0.030444,0.022881,0.141228
44050,0.000209,0.001224,0.657765
44060,0.031273,0.023281,0.127951
44070,0.022006,0.016652,0.132833
44080,0.053194,0.039523,0.212221
44090,0.013152,0.009887,0.075303
44100,0.008765,0.006368,0.092419
44110,0.000209,0.000168,0.046413
44120,0.017336,0.012901,0.112603
44130,0.012677,0.009545,0.098964
44140,0.042896,0.032542,0.178888
44150,0.028070,0.020945,0.146964
44160,0.037559,0.028651,0.150066
44170,0.023368,0.017339,0.129205
44180,0.033747,0.025615,0.153935
44190,0.013075,0.009804,0.107803
44200,0.002988,0.002213,0.026549
44210,0.032988,0.025288,0.160971
44220,0.018906,0.014232,0.104471
44230,0.024705,0.018194,0.135166
44240,0.007203,0.005375,0.082347
44250,0.017418,0.012919,0.132574
44260,0.020149,0.014726,0.139998
44270,0.017696,0.013444,0.079990
44280,0.041125,0.031043,0.174245
44290,0.026943,0.020517,0.135203
44300,0.024438,0.018489,0.131814
44310,0.013328,0.010130,0.103773
44320,0.035926,0.027038,0.184821
44330,0.026860,0.020199,0.131232
44340,0.025346,0.019204,0.140501
44350,0.048992,0.037615,0.178033
44360,0.000554,0.000556,0.050516
44370,0.010314,0.007712,0.090771
44380,0.047061,0.035591,0.184535
44390,0.013988,0.010273,0.111193
44400,0.039273,0.029607,0.185655
44410,0.026837,0.020545,0.117387
44420,0.023557,0.018006,0.103138
44430,0.010171,0.007593,0.088402
44440,0.009325,0.007031,0.038608
44450,0.028429,0.021727,0.120374
44460,0.010881,0.008104,0.092170
44470,0.026776,0.020181,0.112611
44480,0.012614,0.009100,0.105462
44490,0.030773,0.023198,0.139873
44500,0.020225,0.014853,0.133136
44510,0.014051,0.010418,0.109014
44520,0.011500,0.008399,0.083188
44530,0.026172,0.019795,0.135881
44540,0.032369,0.024498,0.149091
44550,0.041752,0.031404,0.182067
44560,0.041258,0.031213,0.179907
44570,0.040330,0.030580,0.173439
44580,0.010184,0.007619,0.127149
44590,0.013203,0.009758,0.135385
44600,0.030261,0.022853,0.136774
44610,0.028315,0.021974,0.138609
44620,0.010047,0.007323,0.099201
44630,0.005105,0.003713,0.095932
44640,0.027214,0.021170,0.148902
44650,0.040365,0.030204,0.178229
44660,0.021942,0.016677,0.117963
44670,0.015908,0.012023,0.071283
44680,0.022904,0.017955,0.138459
44690,0.015499,0.011409,0.123755
44700,0.016538,0.013939,0.097665
44710,0.012963,0.009591,0.098986
44720,0.017547,0.013236,0.084969
44730,0.024865,0.018662,0.140495
44740,0.013918,0.010399,0.104967
44750,0.031085,0.023905,0.155755
44760,0.012159,0.008956,0.130895
44770,0.035209,0.026749,0.135861
44780,0.026157,0.019856,0.133789
44790,0.034959,0.027745,0.163004
44800,0.019390,0.014569,0.096139
44810,0.043177,0.032673,0.187089
44820,0.016780,0.012409,0.122027
44830,0.015817,0.011902,0.120085
44840,0.010683,0.007859,0.103360
44850,0.024300,0.018167,0.131917
44860,0.039301,0.029630,0.180846
44870,0.028137,0.021170,0.119510
44880,0.004644,0.003396,0.102664
44890,0.022817,0.017116,0.103656
44900,0.017872,0.013016,0.130870
44910,0.023098,0.017560,0.132870
44920,0.003443,0.002428,0.144613
44930,0.026109,0.018459,0.141526
44940,0.034927,0.026209,0.168117
44950,0.034849,0.026193,0.167902
44960,0.052359,0.039703,0.198154
44970,0.006282,0.004628,0.088032
44980,0.030711,0.023032,0.150900
44990,0.032634,0.024664,0.163827
45000,0.050834,0.038384,0.201379
45010,0.029180,0.022017,0.152600
45020,0.031507,0.023551,0.140701
45030,0.013299,0.009762,0.108802
45040,0.011313,0.007968,0.142656
45050,0.018922,0.014201,0.091218
45060,0.034793,0.026171,0.150652
45070,0.010240,0.007604,0.075238
45080,0.039959,0.030253,0.179093
45090,0.017228,0.012861,0.097563
45100,0.045122,0.041663,0.201546
45110,0.020368,0.015408,0.090271
45120,0.008498,0.006169,0.106539
45130,0.013419,0.009979,0.110335
45140,0.024459,0.018436,0.105558
45150,0.014176,0.010560,0.063772
45160,0.008313,0.006054,0.056518
45170,0.011507,0.008343,0.110487
45180,0.029800,0.023234,0.130779
45190,0.058005,0.042234,0.212516
45200,0.035567,0.026889,0.157771
45210,0.043787,0.033057,0.160650
45220,0.019514,0.014690,0.112919
45230,0.026960,0.020380,0.114529
45240,0.029093,0.022009,0.123096
45250,0.035184,0.026818,0.144666
45260,0.018342,0.013717,0.102351
45270,0.005704,0.004170,0.097409
45280,0.017056,0.012668,0.116406
45290,0.031244,0.023735,0.128229
45300,0.012894,0.009523,0.101341
45310,0.025728,0.019532,0.119922
45320,0.026304,0.019815,0.131684
45330,0.012441,0.009159,0.120272
45340,0.028267,0.021154,0.148506
45350,0.007773,0.005551,0.110231
45360,0.025991,0.019913,0.123613
45370,0.006051,0.004513,0.044807
45380,0.041174,0.031238,0.174121
45390,0.043240,0.032601,0.168099
45400,0.008537,0.006131,0.104943
45410,0.016298,0.012321,0.082259
45420,0.019721,0.015101,0.124647
45430,0.011912,0.008909,0.096792
45440,0.034569,0.026160,0.164178
45450,0.010499,0.007904,0.092275
45460,0.020592,0.015564,0.115415
45470,0.020557,0.015703,0.099415
45480,0.013826,0.010225,0.076062
45490,0.009816,0.007091,0.100855
45500,0.009289,0.006824,0.041498
45510,0.010742,0.007754,0.059083
45520,0.026232,0.019792,0.133090
45530,0.021927,0.016599,0.118796
45540,0.029988,0.022701,0.144979
45550,0.026930,0.020233,0.129794
45560,0.042180,0.031930,0.167506
45570,0.022431,0.016921,0.108985
45580,0.029469,0.022542,0.155671
45590,0.011302,0.008613,0.063356
45600,0.008118,0.006041,0.089226
45610,0.039997,0.030312,0.164012
45620,0.029329,0.022046,0.126430
45630,0.022834,0.017340,0.131970
45640,0.015003,0.011273,0.104039
45650,0.029926,0.022571,0.143580
45660,0.027209,0.020745,0.143001
45670,0.003524,0.002434,0.105242
45680,0.035858,0.026992,0.161084
45690,0.006590,0.004707,0.100924
45700,0.023083,0.017388,0.128929
45710,0.022112,0.016684,0.122525
45720,0.021820,0.016315,0.124569
45730,0.003662,0.002672,0.216102
45740,0.008379,0.006411,0.051288
45750,0.013717,0.010306,0.135205
45760,0.033646,0.025439,0.154855
45770,0.028071,0.021072,0.133985
45780,0.000207,0.000201,0.652962
45790,0.003036,0.002266,0.215057
45800,0.030001,0.022791,0.145105
45810,0.003071,0.002415,0.139659
45820,0.012985,0.009875,0.103238
45830,0.026018,0.019970,0.126046
45840,0.033478,0.025138,0.154900
45850,0.029974,0.022837,0.150968
45860,0.025052,0.019181,0.102628
45870,0.023584,0.017516,0.117251
45880,0.035597,0.026831,0.166706
45890,0.018033,0.014176,0.119254
45900,0.036664,0.027497,0.150363
45910,0.011184,0.008318,0.102195
45920,0.014484,0.010778,0.113351
45930,0.014486,0.010818,0.069049
45940,0.040786,0.030795,0.177109
45950,0.012505,0.009224,0.109927
45960,0.041721,0.031835,0.175694
45970,0.030426,0.023034,0.146254
45980,0.013501,0.010156,0.113753
45990,0.042892,0.032475,0.175084
46000,0.031087,0.023624,0.143006
46010,0.023413,0.017665,0.132028
46020,0.006767,0.004910,0.107676
46030,0.003109,0.002396,0.075901
46040,0.027884,0.020906,0.137525
46050,0.011001,0.008378,0.100988
46060,0.011260,0.008219,0.087697
46070,0.020899,0.015516,0.126014
46080,0.026696,0.019959,0.141169
46090,0.017497,0.013294,0.072849
46100,0.018217,0.013603,0.124294
46110,0.028308,0.021080,0.145000
46120,0.013571,0.010008,0.111414
46130,0.036754,0.028656,0.149898
46140,0.023965,0.018116,0.129939
46150,0.015142,0.011367,0.106768
46160,0.029387,0.021832,0.145620
46170,0.027805,0.021107,0.122012
46180,0.030103,0.022760,0.148548
46190,0.030206,0.022650,0.144834
46200,0.015085,0.011064,0.123144
46210,0.042490,0.032127,0.174258
46220,0.033408,0.025132,0.140780
46230,0.029862,0.022375,0.141196
46240,0.029214,0.021899,0.140268
46250,0.057550,0.047081,0.200573
46260,0.022599,0.016892,0.123548
46270,0.019157,0.014234,0.121932
46280,0.025396,0.019123,0.146572
46290,0.019302,0.014400,0.132318
46300,0.017487,0.012883,0.130889
46310,0.033927,0.025362,0.163213
46320,0.034231,0.025729,0.167702
46330,0.033675,0.025059,0.165360
46340,0.034471,0.026257,0.155351
46350,0.029184,0.022286,0.148491
46360,0.020004,0.015066,0.116052
46370,0.061215,0.046587,0.217745
46380,0.028703,0.021846,0.142822
46390,0.037185,0.027928,0.165360
46400,0.032757,0.025214,0.136307
46410,0.005318,0.003919,0.084180
46420,0.029478,0.022431,0.140979
46430,0.036466,0.027523,0.147455
46440,0.026347,0.019720,0.136764
46450,0.033238,0.025215,0.145222
46460,0.020835,0.015826,0.121229
46470,0.016337,0.011955,0.086284
46480,0.015455,0.011560,0.112071
46490,0.012062,0.009404,0.064687
46500,0.017656,0.013617,0.104811
46510,0.052207,0.039631,0.199280
46520,0.026408,0.019876,0.135547
46530,0.035845,0.027394,0.151714
46540,0.009501,0.007122,0.091836
46550,0.013397,0.009996,0.110608
46560,0.037203,0.028251,0.150974
46570,0.026268,0.019417,0.129994
46580,0.007292,0.005176,0.102812
46590,0.027459,0.020869,0.130614
46600,0.003814,0.002899,0.026917
46610,0.015505,0.011746,0.118454
46620,0.043308,0.032870,0.173048
46630,0.028595,0.021543,0.136799
46640,0.041881,0.031405,0.178642
46650,0.032860,0.024291,0.156920
46660,0.015386,0.011481,0.105559
46670,0.022300,0.016638,0.101285
46680,0.022399,0.017353,0.130194
46690,0.010175,0.007402,0.053386
46700,0.029795,0.022585,0.149897
46710,0.010924,0.008201,0.094531
46720,0.011367,0.008523,0.089686
46730,0.019970,0.015124,0.115225
46740,0.015060,0.011250,0.105408
46750,0.011587,0.008230,0.119862
46760,0.023131,0.017435,0.143624
46770,0.011239,0.008226,0.093753
46780,0.025267,0.019626,0.120638
46790,0.010566,0.008020,0.098578
46800,0.068751,0.052637,0.237541
46810,0.029227,0.022020,0.144413
46820,0.012317,0.010453,0.105892
46830,0.028229,0.021167,0.131273
46840,0.014653,0.011229,0.104342
46850,0.042549,0.032023,0.175119
46860,0.022984,0.019456,0.084559
46870,0.042441,0.031511,0.179710
46880,0.022909,0.017018,0.117558
46890,0.026809,0.020068,0.139553
46900,0.037125,0.027894,0.168529
46910,0.009785,0.007154,0.092441
46920,0.038418,0.028546,0.154981
46930,0.026979,0.020477,0.145026
46940,0.030426,0.022862,0.139542
46950,0.011836,0.008719,0.099442
46960,0.036913,0.027569,0.168504
46970,0.038556,0.029121,0.158597
46980,0.039832,0.030036,0.169742
46990,0.024620,0.018208,0.134608
47000,0.033003,0.024824,0.153272
47010,0.020749,0.015461,0.107977
47020,0.021311,0.016096,0.124694
47030,0.034883,0.026425,0.156950
47040,0.029415,0.022171,0.154622
47050,0.025827,0.019403,0.134008
47060,0.026757,0.020549,0.126931
47070,0.007134,0.005313,0.117256
47080,0.011298,0.008256,0.111191
47090,0.014685,0.010663,0.127414
47100,0.026655,0.019947,0.124770
47110,0.009549,0.006510,0.107326
47120,0.013890,0.010443,0.119126
47130,0.027625,0.021002,0.148283
47140,0.052202,0.039648,0.196117
47150,0.035773,0.026997,0.163198
47160,0.012556,0.009082,0.123277
47170,0.012938,0.009449,0.106292
47180,0.010772,0.008091,0.065696
47190,0.035271,0.026739,0.173318
47200,0.041420,0.031280,0.184692
47210,0.006192,0.004728,0.120848
47220,0.016960,0.012521,0.108013
47230,0.017107,0.012703,0.108742
47240,0.016082,0.012130,0.107081
47250,0.036174,0.027310,0.140056
47260,0.036408,0.027419,0.146956
47270,0.034445,0.026275,0.147725
47280,0.020328,0.015543,0.102901
47290,0.026670,0.019875,0.137692
47300,0.008054,0.006150,0.044600
47310,0.035416,0.026806,0.154648
47320,0.027885,0.020622,0.133487
47330,0.019385,0.014987,0.155415
47340,0.016447,0.012123,0.110392
47350,0.041195,0.031899,0.150841
47360,0.014787,0.010979,0.123701
47370,0.033939,0.025532,0.157402
47380,0.038272,0.029075,0.167461
47390,0.011759,0.008849,0.058325
47400,0.027519,0.021821,0.146786
47410,0.031794,0.023948,0.159557
47420,0.011432,0.007774,0.139811
47430,0.006788,0.005498,0.130757
47440,0.010609,0.007703,0.099374
47450,0.014495,0.010755,0.119327
47460,0.031644,0.023989,0.123450
47470,0.014289,0.010165,0.160143
47480,0.045707,0.034502,0.182438
47490,0.020235,0.016606,0.118285
47500,0.035379,0.026525,0.166169
47510,0.025620,0.018997,0.154839
47520,0.029263,0.021832,0.155118
47530,0.029140,0.021892,0.143950
47540,0.040182,0.029935,0.165596
47550,0.016653,0.012346,0.109229
47560,0.015940,0.011951,0.116643
47570,0.018712,0.013875,0.105364
47580,0.027237,0.020262,0.153022
47590,0.032876,0.024758,0.152886
47600,0.020490,0.015178,0.118830
47610,0.040526,0.030597,0.161315
47620,0.023165,0.017493,0.094755
47630,0.054427,0.041450,0.210649
47640,0.020038,0.015290,0.126597
47650,0.043576,0.033773,0.182754
47660,0.002768,0.002081,0.091747
47670,0.007738,0.005500,0.097877
47680,0.024439,0.018317,0.133892
47690,0.032604,0.024583,0.144864
47700,0.013181,0.009918,0.059284
47710,0.021512,0.016264,0.130592
47720,0.028320,0.021705,0.143308
47730,0.059863,0.044359,0.219204
47740,0.023505,0.017640,0.134292
47750,0.021041,0.016173,0.092621
47760,0.043916,0.032953,0.176568
47770,0.021591,0.016376,0.121530
47780,0.013422,0.009906,0.109370
47790,0.029378,0.021494,0.157999
47800,0.028706,0.021601,0.149420
47810,0.022383,0.016778,0.143518
47820,0.033928,0.025592,0.159413
47830,0.030286,0.022647,0.148896
47840,0.010851,0.007969,0.095512
47850,0.007628,0.005517,0.074523
47860,0.021056,0.015613,0.131150
47870,0.023944,0.018035,0.121809
47880,0.027986,0.021119,0.138777
47890,0.016082,0.011980,0.101820
47900,0.011142,0.008355,0.083295
47910,0.035947,0.027177,0.159409
47920,0.030753,0.023089,0.142622
47930,0.046194,0.034428,0.175643
47940,0.033962,0.025689,0.157664
47950,0.002317,0.001777,0.073297
47960,0.015893,0.011738,0.126255
47970,0.022760,0.017093,0.116979
47980,0.008698,0.006870,0.118086
47990,0.015136,0.011270,0.110340
48000,0.022588,0.016729,0.132838
48010,0.019724,0.014606,0.135697
48020,0.017038,0.012807,0.102855
48030,0.025140,0.018909,0.131856
48040,0.034894,0.026437,0.155005
48050,0.023549,0.018311,0.143085
48060,0.012469,0.009379,0.068584
48070,0.036374,0.027633,0.151955
48080,0.018013,0.013311,0.122150
48090,0.020824,0.015610,0.124950
48100,0.031830,0.023929,0.125449
48110,0.042095,0.031715,0.175010
48120,0.025272,0.018916,0.131561
48130,0.013681,0.010202,0.112033
48140,0.033642,0.025362,0.153436
48150,0.031131,0.023439,0.145577
48160,0.015221,0.011323,0.111758
48170,0.025275,0.018886,0.134273
48180,0.007162,0.006180,0.092860
48190,0.047901,0.037557,0.194463
48200,0.047318,0.036103,0.193052
48210,0.020940,0.015583,0.120930
48220,0.017946,0.013530,0.110040
48230,0.018965,0.013869,0.119941
48240,0.014028,0.010163,0.109427
48250,0.037311,0.027506,0.174465
48260,0.024176,0.018260,0.123243
48270,0.022212,0.016272,0.149732
48280,0.027034,0.019893,0.136254
48290,0.008147,0.005998,0.101235
48300,0.010754,0.008009,0.056641
48310,0.003406,0.002435,0.077815
48320,0.022081,0.015134,0.192461
48330,0.001407,0.000825,0.252941
48340,0.010281,0.007628,0.088469
48350,0.019573,0.014885,0.098594
48360,0.032170,0.023980,0.157534
48370,0.014035,0.010442,0.110023
48380,0.024074,0.018237,0.117054
48390,0.040076,0.029861,0.179135
48400,0.031152,0.023150,0.161827
48410,0.014941,0.010713,0.080631
48420,0.012191,0.009198,0.068242
48430,0.044555,0.033618,0.178765
48440,0.020406,0.015976,0.090040
48450,0.030444,0.022583,0.164530
48460,0.022118,0.016383,0.107458
48470,0.030011,0.022543,0.136201
48480,0.022550,0.016911,0.143888
48490,0.030388,0.023059,0.139026
48500,0.014277,0.010383,0.119367
48510,0.054962,0.041053,0.214670
48520,0.021309,0.016022,0.123619
48530,0.037491,0.028284,0.150312
48540,0.030703,0.023287,0.140097
48550,0.015252,0.011383,0.113020
48560,0.043552,0.033015,0.185463
48570,0.016479,0.012344,0.081366
48580,0.037276,0.028175,0.162225
48590,0.041968,0.032484,0.183646
48600,0.020328,0.015473,0.100664
48610,0.024032,0.018455,0.145159
48620,0.033392,0.025607,0.138904
48630,0.018522,0.013866,0.117361
48640,0.003850,0.002851,0.027752
48650,0.016424,0.012173,0.108497
48660,0.048302,0.038655,0.172575
48670,0.070941,0.054807,0.240490
48680,0.030346,0.022736,0.150295
48690,0.034107,0.025957,0.138493
48700,0.038421,0.029231,0.172409
48710,0.016728,0.012333,0.110048
48720,0.016953,0.012768,0.086449
48730,0.040182,0.032979,0.174493
48740,0.027446,0.020555,0.146840
48750,0.031500,0.024803,0.140829
48760,0.051167,0.038809,0.200513
48770,0.027614,0.020679,0.145855
48780,0.031593,0.023997,0.134666
48790,0.036940,0.027897,0.143958
48800,0.016320,0.012494,0.087033
48810,0.021002,0.016009,0.090313
48820,0.030999,0.023257,0.135062
48830,0.032779,0.024699,0.156006
48840,0.033623,0.025439,0.156367
48850,0.017695,0.013170,0.089965
48860,0.012169,0.009056,0.097327
48870,0.040129,0.030494,0.173530
48880,0.033049,0.024800,0.149791
48890,0.023789,0.017848,0.097054
48900,0.011718,0.008786,0.065942
48910,0.036598,0.028544,0.155426
48920,0.022562,0.017246,0.120196
48930,0.034703,0.026480,0.149540
48940,0.012280,0.009215,0.072448
48950,0.015236,0.011188,0.116892
48960,0.049110,0.037357,0.191367
48970,0.022248,0.016575,0.126684
48980,0.024072,0.017772,0.146472
48990,0.034815,0.026128,0.149041
49000,0.029161,0.022090,0.145453
49010,0.020248,0.015142,0.123511
49020,0.048409,0.036541,0.187176
49030,0.025810,0.019787,0.143937
49040,0.036726,0.027836,0.151614
49050,0.014208,0.010836,0.064552
49060,0.012966,0.009144,0.099468
49070,0.048473,0.036285,0.199077
49080,0.012199,0.009205,0.093198
49090,0.023382,0.018372,0.129096
49100,0.048318,0.036589,0.180980
49110,0.018808,0.013951,0.120473
49120,0.033583,0.025569,0.134370
49130,0.010988,0.008037,0.084165
49140,0.024569,0.018479,0.134147
49150,0.023429,0.017339,0.127640
49160,0.020469,0.015398,0.119291
49170,0.025654,0.019362,0.140372
49180,0.028505,0.021367,0.149275
49190,0.023007,0.017289,0.123653
49200,0.022433,0.016961,0.119925
49210,0.012319,0.009444,0.135007
49220,0.023050,0.017172,0.101537
49230,0.013798,0.010161,0.106223
49240,0.023355,0.017588,0.119048
49250,0.042712,0.032513,0.165597
49260,0.000009,0.000009,0.000031
49270,0.022074,0.016080,0.136518
49280,0.000009,0.000167,0.000255
49290,0.035656,0.027056,0.158751
49300,0.032793,0.024883,0.160118
49310,0.025193,0.018887,0.134186
49320,0.009785,0.007390,0.085126
49330,0.026282,0.019856,0.180122
49340,0.024423,0.018184,0.128005
49350,0.019012,0.014231,0.144261
49360,0.018041,0.013507,0.125919
49370,0.024616,0.018718,0.140766
49380,0.042395,0.032012,0.163228
49390,0.029677,0.022517,0.126658
49400,0.012375,0.009111,0.105382
49410,0.038316,0.029172,0.170203
49420,0.033597,0.025437,0.158733
49430,0.009588,0.007210,0.098905
49440,0.014315,0.010907,0.099843
49450,0.024402,0.018394,0.114944
49460,0.015046,0.011081,0.124070
49470,0.025452,0.018295,0.133764
49480,0.040640,0.030644,0.165270
49490,0.023895,0.018089,0.102282
49500,0.059900,0.045217,0.214369
49510,0.031744,0.024106,0.151602
49520,0.022949,0.017256,0.128438
49530,0.034642,0.026577,0.166179
49540,0.006903,0.005427,0.095813
49550,0.036372,0.027875,0.168735
49560,0.020101,0.016026,0.120912
49570,0.012781,0.009641,0.114992
49580,0.011832,0.008918,0.107571
49590,0.010470,0.007693,0.102126
49600,0.007440,0.005608,0.095892
49610,0.023583,0.017924,0.104052
49620,0.050061,0.038238,0.191721
49630,0.013462,0.009982,0.122113
49640,0.020021,0.015056,0.095778
49650,0.002819,0.001963,0.083055
49660,0.020978,0.015550,0.096337
49670,0.020725,0.015536,0.097585
49680,0.019339,0.014789,0.108795
49690,0.029998,0.022296,0.157858
49700,0.010557,0.008014,0.059812
49710,0.035516,0.026840,0.146072
49720,0.045660,0.034306,0.184644
49730,0.002531,0.001878,0.074669
49740,0.033501,0.025094,0.159555
49750,0.013884,0.010660,0.096530
49760,0.022362,0.016818,0.122912
49770,0.018874,0.013930,0.111282
49780,0.058977,0.045237,0.214434
49790,0.010999,0.008339,0.068371
49800,0.012714,0.009554,0.066472
49810,0.018142,0.013836,0.111492
49820,0.010205,0.008521,0.098522
49830,0.029749,0.022143,0.144615
49840,0.002267,0.001668,0.072477
49850,0.030999,0.023271,0.152211
49860,0.017264,0.013119,0.110405
49870,0.040862,0.031008,0.167481
49880,0.030693,0.021443,0.172312
49890,0.015483,0.011685,0.122854
49900,0.018748,0.014446,0.127846
49910,0.019898,0.014976,0.117739
49920,0.031891,0.024016,0.147706
49930,0.030117,0.022666,0.148007
49940,0.014908,0.011188,0.098857
49950,0.025134,0.019225,0.119511
49960,0.029834,0.022394,0.119998
49970,0.008639,0.006491,0.047877
49980,0.025232,0.018918,0.134131
49990,0.020249,0.015005,0.101191
50000,0.036927,0.027875,0.147931
50010,0.038423,0.029174,0.147423
50020,0.024276,0.018098,0.109173
50030,0.017665,0.013259,0.111092
50040,0.024320,0.018281,0.124681
50050,0.023925,0.017878,0.138589
50060,0.028943,0.021856,0.137731
50070,0.030276,0.022664,0.142782
50080,0.001759,0.001248,0.076305
50090,0.021992,0.016475,0.122167
50100,0.031273,0.023573,0.143378
50110,0.053443,0.040576,0.208782
50120,0.011179,0.008590,0.060294
50130,0.020288,0.014870,0.135689
50140,0.046999,0.035410,0.176397
50150,0.022166,0.016437,0.124145
50160,0.026837,0.020161,0.142578
50170,0.011351,0.008462,0.112042
50180,0.021248,0.015858,0.122413
50190,0.015343,0.011658,0.089012
50200,0.017416,0.013158,0.105064
50210,0.022638,0.016955,0.102353
50220,0.020240,0.015060,0.136220
50230,0.019779,0.014897,0.117883
50240,0.016875,0.012471,0.129687
50250,0.008347,0.006242,0.094244
50260,0.038060,0.028505,0.173223
50270,0.028449,0.021212,0.148929
50280,0.035208,0.026384,0.151330
50290,0.021121,0.015843,0.133134
50300,0.024469,0.018909,0.112735
50310,0.025197,0.018839,0.136568
50320,0.018540,0.013611,0.115844
50330,0.028043,0.021158,0.138577
50340,0.019906,0.014997,0.100609
50350,0.019931,0.014856,0.127259
50360,0.019490,0.015209,0.116699
50370,0.018431,0.013778,0.109146
50380,0.005976,0.003827,0.155389
50390,0.026418,0.019999,0.133977
50400,0.054337,0.040960,0.202725
50410,0.021396,0.016238,0.142303
50420,0.030527,0.023199,0.141561
50430,0.031555,0.023853,0.151179
50440,0.036449,0.027602,0.167965
50450,0.007674,0.005451,0.095883
50460,0.033079,0.025025,0.159370
50470,0.011728,0.008782,0.092570
50480,0.072244,0.055170,0.238517
50490,0.041504,0.031401,0.155088
50500,0.044897,0.033470,0.188554
50510,0.044623,0.033931,0.169743
50520,0.015692,0.011946,0.107975
50530,0.028831,0.021692,0.140902
50540,0.014250,0.010422,0.120508
50550,0.010776,0.008286,0.048058
50560,0.016538,0.012486,0.133754
50570,0.053144,0.039898,0.201877
50580,0.033665,0.025283,0.156173
50590,0.011407,0.008480,0.068070
50600,0.034292,0.026028,0.131028
50610,0.005402,0.003803,0.080942
50620,0.022132,0.016412,0.134273
50630,0.021473,0.016188,0.102602
50640,0.037934,0.028746,0.172803
50650,0.031245,0.023658,0.148689
50660,0.019827,0.015328,0.127103
50670,0.040547,0.030821,0.159575
50680,0.021937,0.017645,0.126033
50690,0.007992,0.005947,0.102766
50700,0.019216,0.014202,0.123672
50710,0.029134,0.022210,0.146278
50720,0.020969,0.015754,0.117948
50730,0.046221,0.035234,0.185227
50740,0.013828,0.010635,0.119513
50750,0.019919,0.015093,0.126263
50760,0.020389,0.015562,0.100782
50770,0.023285,0.017424,0.139669
50780,0.032620,0.024677,0.156044
50790,0.035801,0.026883,0.161657
50800,0.036531,0.027434,0.170367
50810,0.021943,0.016389,0.103207
50820,0.019815,0.015135,0.141085
50830,0.008705,0.006469,0.109443
50840,0.024017,0.017891,0.128775
50850,0.000258,0.000159,0.046165
50860,0.031177,0.023605,0.147887
50870,0.016288,0.012149,0.115091
50880,0.015509,0.011451,0.118936
50890,0.022068,0.016683,0.120046
50900,0.035270,0.027086,0.166079
50910,0.002541,0.001821,0.079671
50920,0.019683,0.014854,0.120844
50930,0.027951,0.021110,0.153758
50940,0.032860,0.024753,0.155180
50950,0.043187,0.031817,0.181494
50960,0.015811,0.011780,0.109778
50970,0.026306,0.019769,0.142861
50980,0.010633,0.008024,0.074798
50990,0.028334,0.021544,0.138039
51000,0.009731,0.007260,0.097482
51010,0.044901,0.034167,0.180711
51020,0.036324,0.027500,0.157437
51030,0.030829,0.023224,0.117290
51040,0.025173,0.018901,0.147549
51050,0.013746,0.010332,0.105047
51060,0.033410,0.025211,0.159984
51070,0.014406,0.010467,0.133884
51080,0.017562,0.013253,0.085349
51090,0.046344,0.036755,0.185952
51100,0.036576,0.027491,0.149815
51110,0.023282,0.017398,0.127136
51120,0.008961,0.006652,0.125881
51130,0.024912,0.018827,0.134537
51140,0.011929,0.008924,0.095634
51150,0.051081,0.039016,0.181580
51160,0.049150,0.037019,0.190657
51170,0.028714,0.021532,0.142708
51180,0.030752,0.023262,0.130816
51190,0.030966,0.023400,0.155708
51200,0.027893,0.021247,0.128519
51210,0.025510,0.019364,0.135236
51220,0.011030,0.008413,0.088338
51230,0.041963,0.031312,0.173175
51240,0.023187,0.017428,0.102933
51250,0.028481,0.021252,0.149327
51260,0.015560,0.011624,0.104841
51270,0.016841,0.012684,0.088073
51280,0.029760,0.026540,0.190162
51290,0.038209,0.028789,0.158750
51300,0.006463,0.004633,0.117555
51310,0.038904,0.029293,0.165625
51320,0.011685,0.008726,0.102218
51330,0.019981,0.015168,0.113898
51340,0.041297,0.031088,0.174002
51350,0.033782,0.024925,0.137145
51360,0.018205,0.013592,0.119531
51370,0.020422,0.015433,0.135823
51380,0.025825,0.019632,0.113400
51390,0.040743,0.030581,0.163355
51400,0.013641,0.010275,0.098977
51410,0.064785,0.048753,0.226560
51420,0.016194,0.012081,0.109542
51430,0.015243,0.011358,0.099328
51440,0.042799,0.032514,0.174733
51450,0.011227,0.008279,0.098064
51460,0.005842,0.004215,0.036808
51470,0.012518,0.009366,0.091365
51480,0.019773,0.014879,0.119528
51490,0.040073,0.030369,0.174422
51500,0.012714,0.009422,0.099542
51510,0.038859,0.029274,0.171284
51520,0.026029,0.019754,0.128371
51530,0.013218,0.009905,0.092442
51540,0.020578,0.014088,0.091876
51550,0.009480,0.006745,0.103775
51560,0.006146,0.004630,0.102215
51570,0.010860,0.008048,0.095223
51580,0.038055,0.028923,0.151373
51590,0.000001,0.000001,0.000004
51600,0.044615,0.033858,0.161106
51610,0.021540,0.015793,0.108733
51620,0.013130,0.009737,0.094303
51630,0.027725,0.021060,0.118229
51640,0.013491,0.009784,0.116847
51650,0.062253,0.046678,0.222012
51660,0.014708,0.011139,0.072242
51670,0.024865,0.018837,0.130444
51680,0.030319,0.022728,0.152720
51690,0.045082,0.033718,0.167193
51700,0.030478,0.022957,0.126222
51710,0.015367,0.011894,0.086272
51720,0.031570,0.023896,0.142296
51730,0.015656,0.011701,0.094994
51740,0.023218,0.017534,0.109494
51750,0.028403,0.021323,0.141923
51760,0.016090,0.012086,0.083802
51770,0.005021,0.004293,0.157986
51780,0.022228,0.016736,0.118785
51790,0.024562,0.018375,0.145754
51800,0.021186,0.015946,0.105396
51810,0.014146,0.010647,0.080414
51820,0.014005,0.010381,0.115898
51830,0.020678,0.015500,0.116310
51840,0.039881,0.030474,0.166041
51850,0.009550,0.006942,0.097195
51860,0.035242,0.026334,0.152002
51870,0.022118,0.016287,0.122139
51880,0.017599,0.013227,0.117807
51890,0.012263,0.009028,0.118939
51900,0.015156,0.011453,0.127329
51910,0.016450,0.012385,0.108294
51920,0.012462,0.009323,0.100732
51930,0.028404,0.021533,0.136361
51940,0.032869,0.023003,0.163257
51950,0.018655,0.014344,0.095510
51960,0.002916,0.002059,0.020719
51970,0.013071,0.009634,0.104208
51980,0.016688,0.012845,0.100986
51990,0.046870,0.035227,0.185224
52000,0.017705,0.014123,0.130199
52010,0.056443,0.042583,0.210633
52020,0.067693,0.050892,0.238539
52030,0.016153,0.012887,0.091427
52040,0.021912,0.016630,0.122821
52050,0.026227,0.019697,0.121368
52060,0.036121,0.027175,0.142664
52070,0.016553,0.012473,0.102701
52080,0.035850,0.025625,0.179331
52090,0.034414,0.026012,0.145919
52100,0.023031,0.017407,0.118278
52110,0.036718,0.027634,0.166571
52120,0.016710,0.012623,0.090802
52130,0.025434,0.018250,0.160347
52140,0.005870,0.004415,0.033570
52150,0.019641,0.014978,0.094188
52160,0.042260,0.031691,0.178892
52170,0.031921,0.023892,0.147185
52180,0.015274,0.011443,0.095857
52190,0.006435,0.004917,0.146626
52200,0.037731,0.028579,0.163708
52210,0.019033,0.014316,0.092790
52220,0.031669,0.023518,0.149427
52230,0.038653,0.029125,0.154209
52240,0.014069,0.010505,0.106591
52250,0.032325,0.024381,0.145261
52260,0.027236,0.020423,0.122973
52270,0.018279,0.013567,0.128412
52280,0.016104,0.011922,0.108901
52290,0.040876,0.030789,0.180993
52300,0.026380,0.019748,0.145008
52310,0.004582,0.003363,0.119935
52320,0.034638,0.026294,0.158637
52330,0.025301,0.019069,0.142517
52340,0.020903,0.015582,0.125799
52350,0.012642,0.009467,0.103258
52360,0.006992,0.004981,0.158025
52370,0.050741,0.038672,0.192398
52380,0.001106,0.000859,0.082034
52390,0.028058,0.020643,0.142894
52400,0.026221,0.019572,0.136791
52410,0.018310,0.013868,0.111197
52420,0.030439,0.022852,0.129721
52430,0.024490,0.018518,0.140299
52440,0.016493,0.012119,0.104623
52450,0.021269,0.016425,0.122611
52460,0.019992,0.014005,0.123441
52470,0.002152,0.001707,0.113330
52480,0.021452,0.015756,0.126559
52490,0.012550,0.009182,0.103487
52500,0.040551,0.030580,0.169939
52510,0.036501,0.027535,0.158354
52520,0.023772,0.017721,0.131843
52530,0.004013,0.003171,0.033562
52540,0.035393,0.026611,0.160052
52550,0.007616,0.005677,0.050162
52560,0.000001,0.000000,0.000002
52570,0.012827,0.009277,0.104783
52580,0.034536,0.026124,0.148558
52590,0.038139,0.028950,0.157215
52600,0.013427,0.010221,0.096921
52610,0.027485,0.020542,0.146770
52620,0.011616,0.008536,0.104452
52630,0.034672,0.025831,0.161767
52640,0.027228,0.020688,0.147054
52650,0.002858,0.002000,0.071499
52660,0.017321,0.012914,0.099782
52670,0.020019,0.015444,0.124972
52680,0.018337,0.013669,0.113174
52690,0.029398,0.022154,0.138762
52700,0.024574,0.018383,0.128037
52710,0.023940,0.018179,0.119154
52720,0.024804,0.018973,0.115611
52730,0.016381,0.011922,0.119647
52740,0.026532,0.020616,0.119957
52750,0.042996,0.032650,0.176393
52760,0.027676,0.021034,0.145811
52770,0.004587,0.003441,0.034099
52780,0.024531,0.018647,0.108356
52790,0.031739,0.023943,0.158488
52800,0.008159,0.006273,0.170481
52810,0.023217,0.017565,0.117281
52820,0.043775,0.033183,0.185415
52830,0.024726,0.018497,0.132753
52840,0.043090,0.032687,0.176769
52850,0.027595,0.020670,0.145959
52860,0.044308,0.033422,0.184215
52870,0.036001,0.027491,0.165978
52880,0.029691,0.022497,0.124285
52890,0.007560,0.005417,0.087086
52900,0.032231,0.024338,0.149266
52910,0.018636,0.013971,0.080423
52920,0.018463,0.013840,0.122926
52930,0.010572,0.007809,0.091718
52940,0.019205,0.014072,0.136884
52950,0.015166,0.011257,0.104333
52960,0.025171,0.018851,0.117101
52970,0.027431,0.020542,0.140239
52980,0.041056,0.031023,0.164369
52990,0.034321,0.025794,0.160097
53000,0.019375,0.015089,0.119500
53010,0.006652,0.004861,0.059503
53020,0.034642,0.026066,0.133131
53030,0.001622,0.001243,0.273583
53040,0.035243,0.026662,0.152140
53050,0.012572,0.009266,0.103242
53060,0.011037,0.008494,0.100328
53070,0.038754,0.029144,0.158022
53080,0.023020,0.017416,0.129784
53090,0.045734,0.034382,0.181173
53100,0.032983,0.025041,0.131271
53110,0.025085,0.018774,0.142210
53120,0.007722,0.005696,0.110394
53130,0.021621,0.016195,0.123344
53140,0.030240,0.023276,0.147669
53150,0.030335,0.023246,0.151633
53160,0.027066,0.021085,0.165332
53170,0.012017,0.009055,0.083890
53180,0.039479,0.029949,0.162601
53190,0.040428,0.029736,0.172949
53200,0.014053,0.010670,0.069660
53210,0.024644,0.018497,0.126812
53220,0.023885,0.018144,0.127372
53230,0.027931,0.021154,0.135866
53240,0.026328,0.019395,0.142756
53250,0.002314,0.001834,0.113194
53260,0.031506,0.023901,0.147652
53270,0.003487,0.002595,0.094546
53280,0.015181,0.011252,0.129710
53290,0.014181,0.010127,0.116203
53300,0.048953,0.036951,0.198457
53310,0.014272,0.010862,0.097225
53320,0.019367,0.014429,0.122274
53330,0.014183,0.010263,0.123151
53340,0.024085,0.018120,0.140298
53350,0.029183,0.021892,0.147453
53360,0.039861,0.030246,0.171118
53370,0.020579,0.015426,0.121483
53380,0.018730,0.013870,0.124419
53390,0.028046,0.021027,0.109838
53400,0.022883,0.017919,0.111321
53410,0.027567,0.020120,0.143291
53420,0.008580,0.006207,0.124600
53430,0.037438,0.024072,0.166511
53440,0.017905,0.013340,0.121496
53450,0.018670,0.014030,0.112962
53460,0.022400,0.017041,0.124422
53470,0.014144,0.010797,0.113260
53480,0.023000,0.017310,0.120701
53490,0.021810,0.016465,0.130678
53500,0.022405,0.016529,0.132132
53510,0.028895,0.021919,0.110019
53520,0.038162,0.028943,0.175126
53530,0.015861,0.011907,0.106534
53540,0.000001,0.000001,0.000003
53550,0.021908,0.016653,0.122991
53560,0.045621,0.034584,0.165958
53570,0.013098,0.009497,0.102259
53580,0.023278,0.017455,0.112148
53590,0.032830,0.024828,0.146908
53600,0.012187,0.008942,0.096292
53610,0.011498,0.008639,0.091181
53620,0.016561,0.012700,0.079499
53630,0.023622,0.017826,0.124959
53640,0.027250,0.019599,0.136948
53650,0.023055,0.018317,0.108590
53660,0.027159,0.020776,0.119956
53670,0.036288,0.027622,0.152516
53680,0.010366,0.007703,0.095411
53690,0.037808,0.028468,0.162441
53700,0.001966,0.001441,0.060550
53710,0.018528,0.013600,0.132744
53720,0.026817,0.020119,0.132604
53730,0.018538,0.014481,0.138546
53740,0.006161,0.004559,0.051191
53750,0.024666,0.018838,0.095555
53760,0.038334,0.028890,0.167893
53770,0.025284,0.019482,0.113948
53780,0.027700,0.021115,0.143745
53790,0.023699,0.017896,0.133547
53800,0.024061,0.018250,0.136624
53810,0.029155,0.022028,0.140837
53820,0.032963,0.024827,0.147539
53830,0.016040,0.011842,0.112592
53840,0.019210,0.014398,0.118397
53850,0.037664,0.028289,0.165985
53860,0.018145,0.013744,0.115671
53870,0.023209,0.017480,0.128631
53880,0.022295,0.017745,0.097716
53890,0.025323,0.020512,0.145037
53900,0.010120,0.007426,0.134356
53910,0.028516,0.021400,0.154298
53920,0.015734,0.011824,0.079746
53930,0.013007,0.009608,0.104704
53940,0.013519,0.010073,0.097527
53950,0.024267,0.018088,0.113932
53960,0.020530,0.015428,0.120203
53970,0.038095,0.028863,0.162361
53980,0.013193,0.009855,0.104395
53990,0.020875,0.015733,0.122770
54000,0.018247,0.014018,0.088314
54010,0.034549,0.026128,0.132076
54020,0.006486,0.004753,0.069846
54030,0.023509,0.017730,0.116766
54040,0.019102,0.014151,0.116210
54050,0.012348,0.008926,0.159200
54060,0.015042,0.011319,0.112741
54070,0.039717,0.030108,0.162806
54080,0.017311,0.012840,0.099088
54090,0.036015,0.027146,0.152303
54100,0.027604,0.020911,0.129653
54110,0.032707,0.024828,0.127627
54120,0.038158,0.028850,0.163692
54130,0.009448,0.007610,0.080894
54140,0.006962,0.005161,0.087870
54150,0.028449,0.021930,0.143080
54160,0.017150,0.012803,0.128016
54170,0.041067,0.030677,0.183147
54180,0.014616,0.010763,0.129442
54190,0.011624,0.008734,0.065184
54200,0.022871,0.017158,0.135734
54210,0.011868,0.008855,0.099473
54220,0.011647,0.008965,0.062538
54230,0.002767,0.001831,0.195072
54240,0.024470,0.018251,0.133525
54250,0.011830,0.008699,0.100342
54260,0.012669,0.009434,0.119670
54270,0.042052,0.031707,0.167688
54280,0.031140,0.023531,0.138981
54290,0.016532,0.012268,0.114517
54300,0.013836,0.010186,0.071261
54310,0.033914,0.025639,0.137920
54320,0.017232,0.013160,0.118179
54330,0.023834,0.017937,0.128067
54340,0.031632,0.024021,0.149656
54350,0.055458,0.042140,0.201026
54360,0.024116,0.018099,0.146882
54370,0.013333,0.009936,0.100739
54380,0.019544,0.014872,0.117173
54390,0.035123,0.026558,0.158698
54400,0.012649,0.009143,0.137336
54410,0.013810,0.010170,0.120949
54420,0.000315,0.000265,0.129856
54430,0.032818,0.024817,0.145440
54440,0.015306,0.011279,0.104652
54450,0.018701,0.014133,0.109798
54460,0.041723,0.031583,0.173401
54470,0.021462,0.016111,0.122968
54480,0.017717,0.013728,0.128159
54490,0.018798,0.014512,0.117752
54500,0.021338,0.015626,0.155866
54510,0.025796,0.019453,0.116051
54520,0.010950,0.008240,0.086726
54530,0.019284,0.014656,0.116386
54540,0.003601,0.002759,0.123102
54550,0.039464,0.029998,0.172571
54560,0.005496,0.004061,0.032786
54570,0.012167,0.009149,0.097734
54580,0.037571,0.028268,0.165688
54590,0.023723,0.018059,0.129162
54600,0.028354,0.021262,0.132930
54610,0.005190,0.003910,0.063295
54620,0.020256,0.015079,0.106413
54630,0.021673,0.016154,0.131022
54640,0.040213,0.030388,0.165609
54650,0.008069,0.006039,0.088724
54660,0.022985,0.017222,0.126575
54670,0.034058,0.025810,0.150666
54680,0.043272,0.032807,0.163085
54690,0.019761,0.014924,0.080846
54700,0.025257,0.019442,0.131096
54710,0.026393,0.019922,0.137827
54720,0.021408,0.016327,0.097846
54730,0.014103,0.010800,0.065883
54740,0.029038,0.021925,0.137842
54750,0.008716,0.006398,0.124759
54760,0.014430,0.010846,0.107022
54770,0.015408,0.011460,0.111049
54780,0.051004,0.038441,0.195412
54790,0.040275,0.030659,0.171662
54800,0.024460,0.018625,0.097845
54810,0.025527,0.019327,0.130196
54820,0.021656,0.016895,0.146179
54830,0.017889,0.013476,0.086121
54840,0.033072,0.024799,0.151347
54850,0.022859,0.017451,0.124718
54860,0.032585,0.024665,0.124051
54870,0.017529,0.013001,0.126628
54880,0.015851,0.011870,0.116917
54890,0.034046,0.025916,0.150054
54900,0.012233,0.009197,0.101394
54910,0.016660,0.012571,0.110226
54920,0.022087,0.016446,0.110436
54930,0.029380,0.022269,0.143627
54940,0.023922,0.017999,0.109713
54950,0.034691,0.026470,0.153005
54960,0.016839,0.012645,0.112311
54970,0.026201,0.019350,0.125690
54980,0.007665,0.005678,0.057127
54990,0.023157,0.017459,0.165339
55000,0.045674,0.034558,0.179756
55010,0.013491,0.010033,0.109262
55020,0.028578,0.021478,0.135248
55030,0.015080,0.011050,0.115085
55040,0.009018,0.006801,0.105087
55050,0.026562,0.020021,0.151315
55060,0.045564,0.034352,0.180672
55070,0.013843,0.010355,0.090848
55080,0.019530,0.014626,0.126130
55090,0.018346,0.013832,0.101826
55100,0.026983,0.020606,0.144177
55110,0.026205,0.019959,0.135882
55120,0.003703,0.003341,0.338465
55130,0.018670,0.014157,0.114034
55140,0.020048,0.015174,0.122978
55150,0.010717,0.007846,0.081025
55160,0.028598,0.021582,0.139846
55170,0.012812,0.009569,0.096834
55180,0.022475,0.016788,0.128869
55190,0.041684,0.031624,0.171285
55200,0.008462,0.007226,0.045923
55210,0.016753,0.012361,0.109906
55220,0.009414,0.007061,0.055547
55230,0.011755,0.008793,0.072751
55240,0.032129,0.024187,0.131696
55250,0.034768,0.026248,0.155604
55260,0.033072,0.024816,0.151731
55270,0.018832,0.014133,0.101023
55280,0.019071,0.014103,0.124532
55290,0.044647,0.033738,0.178178
55300,0.005663,0.004213,0.084034
55310,0.018333,0.013769,0.111115
55320,0.026432,0.019804,0.136177
55330,0.015613,0.011800,0.109488
55340,0.023858,0.017516,0.152941
55350,0.010885,0.008005,0.082533
55360,0.034484,0.026302,0.143668
55370,0.014944,0.010982,0.113417
55380,0.040402,0.030954,0.164638
55390,0.002861,0.002069,0.081589
55400,0.024473,0.018251,0.119796
55410,0.032684,0.024814,0.148809
55420,0.025676,0.020055,0.134632
55430,0.034951,0.026239,0.139230
55440,0.035795,0.026854,0.152860
55450,0.039844,0.030039,0.148920
55460,0.024597,0.018447,0.130273
55470,0.028927,0.021652,0.150218
55480,0.020019,0.015002,0.113582
55490,0.003326,0.002416,0.073587
55500,0.036974,0.027792,0.156231
55510,0.023073,0.017366,0.131371
55520,0.035015,0.026516,0.155172
55530,0.034823,0.026147,0.147341
55540,0.024641,0.018413,0.135836
55550,0.049068,0.037462,0.195266
55560,0.016101,0.012660,0.104856
55570,0.012570,0.009492,0.070339
55580,0.035694,0.025226,0.323955
55590,0.008631,0.006295,0.094925
55600,0.035228,0.026374,0.150163
55610,0.027858,0.021274,0.132131
55620,0.022683,0.016754,0.139964
55630,0.024864,0.018703,0.115934
55640,0.019998,0.014853,0.111392
55650,0.008134,0.005964,0.102820
55660,0.018404,0.013613,0.128226
55670,0.024894,0.019014,0.133747
55680,0.027526,0.020987,0.134712
55690,0.023446,0.017484,0.133982
55700,0.016826,0.012540,0.112242
55710,0.021244,0.016012,0.114265
55720,0.038940,0.029387,0.161231
55730,0.017556,0.013227,0.119119
55740,0.026485,0.019844,0.139876
55750,0.016767,0.012617,0.125902
55760,0.026876,0.020332,0.130571
55770,0.025208,0.019018,0.137179
55780,0.030624,0.023147,0.142594
55790,0.007341,0.005390,0.086581
55800,0.039348,0.029738,0.168188
55810,0.015799,0.011791,0.124670
55820,0.017011,0.012186,0.127512
55830,0.032543,0.024655,0.146465
55840,0.022418,0.016442,0.145154
55850,0.018468,0.013845,0.094738
55860,0.019707,0.014849,0.113568
55870,0.043524,0.033011,0.177566
55880,0.008924,0.006824,0.089685
55890,0.018017,0.013479,0.114755
55900,0.042203,0.032133,0.173005
55910,0.035746,0.027470,0.154493
55920,0.032180,0.024361,0.145994
55930,0.024084,0.018062,0.106039
55940,0.030861,0.023517,0.151207
55950,0.021551,0.016290,0.112352
55960,0.046523,0.035156,0.179785
55970,0.014165,0.010015,0.126349
55980,0.055867,0.042327,0.207829
55990,0.014090,0.010579,0.104389
56000,0.019211,0.014391,0.086679
56010,0.020894,0.015580,0.100740
56020,0.029238,0.022088,0.144109
56030,0.030486,0.023499,0.144538
56040,0.020578,0.015517,0.122110
56050,0.006675,0.004898,0.092973
56060,0.021615,0.016712,0.125057
56070,0.020228,0.015212,0.129598
56080,0.011540,0.008711,0.098463
56090,0.032164,0.023625,0.160793
56100,0.036112,0.027447,0.153808
56110,0.029362,0.022361,0.141325
56120,0.019752,0.015044,0.122009
56130,0.025188,0.018955,0.121657
56140,0.058920,0.044646,0.201352
56150,0.028329,0.021394,0.137332
56160,0.018713,0.014000,0.125019
56170,0.017985,0.013375,0.120957
56180,0.027128,0.019993,0.122557
56190,0.023321,0.017758,0.108777
56200,0.015678,0.011658,0.082018
56210,0.015650,0.011476,0.116991
56220,0.048240,0.036634,0.186370
56230,0.021423,0.016044,0.116881
56240,0.018244,0.013591,0.102422
56250,0.025259,0.018496,0.130611
56260,0.010340,0.007682,0.086571
56270,0.022663,0.016887,0.125597
56280,0.010285,0.007521,0.107706
56290,0.032540,0.024596,0.147713
56300,0.025416,0.019184,0.113890
56310,0.024531,0.018255,0.089924
56320,0.024010,0.018188,0.125835
56330,0.011149,0.008087,0.098434
56340,0.039967,0.029895,0.166754
56350,0.001680,0.001239,0.012544
56360,0.035724,0.027458,0.161151
56370,0.008329,0.005064,0.092282
56380,0.012271,0.009216,0.072792
56390,0.005823,0.004322,0.026278
56400,0.036099,0.027118,0.153894
56410,0.024103,0.018004,0.139184
56420,0.026107,0.019700,0.127545
56430,0.012561,0.009289,0.095246
56440,0.012954,0.009725,0.094838
56450,0.024026,0.018040,0.124635
56460,0.007835,0.005532,0.093273
56470,0.023419,0.017766,0.118450
56480,0.051322,0.038818,0.194631
56490,0.025739,0.019441,0.149221
56500,0.024907,0.018760,0.109147
56510,0.018301,0.013865,0.120881
56520,0.010811,0.008204,0.094060
56530,0.019667,0.014868,0.097591
56540,0.005342,0.004289,0.036170
56550,0.024922,0.018676,0.107359
56560,0.033007,0.024974,0.147215
56570,0.019622,0.015039,0.131049
56580,0.026406,0.019897,0.133815
56590,0.048756,0.036738,0.187101
56600,0.031691,0.025853,0.139639
56610,0.013806,0.010485,0.108081
56620,0.031130,0.023308,0.133157
56630,0.024110,0.018283,0.137799
56640,0.011897,0.008903,0.110409
56650,0.026706,0.020204,0.150661
56660,0.024301,0.018562,0.101065
56670,0.035114,0.026402,0.132794
56680,0.037698,0.028671,0.163610
56690,0.040184,0.030194,0.168650
56700,0.029757,0.022283,0.132174
56710,0.020604,0.015557,0.127751
56720,0.036264,0.027663,0.148123
56730,0.035279,0.026525,0.144404
56740,0.022839,0.017220,0.136225
56750,0.049760,0.037430,0.189035
56760,0.035068,0.026372,0.155098
56770,0.024556,0.018755,0.132502
56780,0.054615,0.041222,0.196999
56790,0.035746,0.026826,0.159180
56800,0.021064,0.015702,0.133370
56810,0.029199,0.022006,0.138889
56820,0.031434,0.023938,0.150504
56830,0.001545,0.001068,0.084915
56840,0.015775,0.012090,0.075613
56850,0.024100,0.018468,0.127361
56860,0.029318,0.022108,0.137310
56870,0.031367,0.023776,0.142464
56880,0.002746,0.001991,0.077681
56890,0.022681,0.017331,0.132554
56900,0.027517,0.020571,0.135435
56910,0.005283,0.004002,0.120834
56920,0.022312,0.016809,0.133810
56930,0.040426,0.030473,0.164705
56940,0.020105,0.015259,0.121959
56950,0.024734,0.019895,0.103670
56960,0.012807,0.009402,0.106157
56970,0.017080,0.012785,0.078577
56980,0.019877,0.015029,0.105631
56990,0.023974,0.018452,0.124283
57000,0.007657,0.005786,0.065741
57010,0.028319,0.021575,0.144141
57020,0.009512,0.007171,0.112320
57030,0.015104,0.011225,0.117267
57040,0.012065,0.009187,0.110100
57050,0.032001,0.023994,0.149935
57060,0.004581,0.003341,0.085976
57070,0.037268,0.027905,0.162145
57080,0.024574,0.018525,0.130578
57090,0.028160,0.021194,0.113884
57100,0.028893,0.021878,0.136879
57110,0.025826,0.019305,0.119634
57120,0.029784,0.021907,0.163206
57130,0.026232,0.019842,0.131782
57140,0.026570,0.019698,0.138468
57150,0.004435,0.003454,0.026985
57160,0.006159,0.004620,0.029115
57170,0.012261,0.009295,0.087658
57180,0.024705,0.018417,0.142421
57190,0.036440,0.027595,0.146945
57200,0.031199,0.023484,0.128981
57210,0.032771,0.024861,0.134867
57220,0.026045,0.019494,0.133165
57230,0.030961,0.023382,0.142539
57240,0.039364,0.030051,0.169028
57250,0.014301,0.010845,0.102721
57260,0.030489,0.022964,0.145441
57270,0.005978,0.004299,0.118610
57280,0.035357,0.026839,0.186039
57290,0.006918,0.005320,0.044743
57300,0.025508,0.019165,0.145936
57310,0.038306,0.029049,0.161760
57320,0.020631,0.015311,0.112891
57330,0.006974,0.005223,0.043562
57340,0.018058,0.013352,0.090111
57350,0.024621,0.018915,0.139009
57360,0.039550,0.029725,0.173209
57370,0.018850,0.014109,0.106740
57380,0.041043,0.031130,0.166782
57390,0.052185,0.039786,0.195985
57400,0.013405,0.010187,0.117733
57410,0.036709,0.027863,0.160977
57420,0.037217,0.027901,0.158858
57430,0.010770,0.008053,0.095222
57440,0.023540,0.017515,0.133889
57450,0.020016,0.015067,0.117427
57460,0.028566,0.021633,0.136947
57470,0.027107,0.020516,0.120522
57480,0.036717,0.027686,0.157053
57490,0.015479,0.011456,0.113173
57500,0.026788,0.019703,0.146292
57510,0.028707,0.021039,0.136470
57520,0.017039,0.012726,0.110820
57530,0.036770,0.027542,0.159766
57540,0.009296,0.007130,0.088074
57550,0.011883,0.008945,0.106137
57560,0.029826,0.022364,0.112363
57570,0.029460,0.022140,0.138172
57580,0.005895,0.004245,0.049664
57590,0.015498,0.011708,0.106176
57600,0.022679,0.017084,0.118800
57610,0.002212,0.001546,0.074985
57620,0.021288,0.016168,0.130413
57630,0.025075,0.018564,0.139421
57640,0.060256,0.043440,0.202135
57650,0.012763,0.009336,0.104256
57660,0.029763,0.022638,0.152226
57670,0.042335,0.031935,0.165364
57680,0.013407,0.009920,0.104988
57690,0.044155,0.033580,0.180473
57700,0.011297,0.008302,0.127772
57710,0.037323,0.028209,0.164644
57720,0.024201,0.018379,0.129059
57730,0.027053,0.020163,0.147806
57740,0.006968,0.005020,0.098458
57750,0.023579,0.018016,0.105163
57760,0.016965,0.012818,0.106428
57770,0.016261,0.012105,0.086316
57780,0.003337,0.002420,0.085467
57790,0.013028,0.010093,0.115751
57800,0.022675,0.017169,0.093262
57810,0.025467,0.019299,0.123055
57820,0.020121,0.015115,0.128193
57830,0.006239,0.004551,0.045397
57840,0.014131,0.010406,0.105523
57850,0.033072,0.025041,0.146279
57860,0.034311,0.025686,0.134991
57870,0.032088,0.024564,0.157566
57880,0.034166,0.026022,0.158593
57890,0.021069,0.016105,0.114232
57900,0.025187,0.018985,0.125559
57910,0.000535,0.000468,0.145765
57920,0.000002,0.000001,0.000005
57930,0.026636,0.020315,0.138167
57940,0.010106,0.007400,0.108954
57950,0.017629,0.013048,0.108538
57960,0.039061,0.029577,0.163973
57970,0.005152,0.003916,0.026576
57980,0.041153,0.031063,0.176123
57990,0.028612,0.021620,0.134595
58000,0.018011,0.013140,0.125439
58010,0.031324,0.022197,0.130304
58020,0.020892,0.015649,0.116780
58030,0.028664,0.021735,0.117383
58040,0.025327,0.019245,0.124640
58050,0.026269,0.020035,0.122029
58060,0.026031,0.019588,0.128468
58070,0.021333,0.016097,0.134345
58080,0.011899,0.008913,0.099695
58090,0.016763,0.012373,0.149454
58100,0.027583,0.020278,0.150238
58110,0.034324,0.025729,0.164155
58120,0.054284,0.041395,0.198877
58130,0.032018,0.023662,0.139110
58140,0.031655,0.024025,0.112235
58150,0.025694,0.019164,0.137040
58160,0.029555,0.022650,0.150578
58170,0.018285,0.013791,0.107217
58180,0.021981,0.016444,0.124827
58190,0.014335,0.010852,0.103165
58200,0.024124,0.017981,0.125849
58210,0.010036,0.007166,0.096867
58220,0.029142,0.021905,0.138257
58230,0.019260,0.014851,0.092404
58240,0.003623,0.002711,0.057081
58250,0.024007,0.018337,0.114833
58260,0.032284,0.024407,0.147413
58270,0.013641,0.010082,0.092533
58280,0.027501,0.020903,0.114594
58290,0.002132,0.001511,0.052237
58300,0.026228,0.019548,0.142830
58310,0.051120,0.038807,0.182152
58320,0.026057,0.019379,0.145854
58330,0.029451,0.023354,0.150313
58340,0.023534,0.017364,0.131253
58350,0.021297,0.016164,0.094579
58360,0.022605,0.017190,0.121108
58370,0.020126,0.015103,0.124548
58380,0.017915,0.013286,0.128454
58390,0.032269,0.024581,0.145320
58400,0.017723,0.012910,0.105680
58410,0.021283,0.016084,0.117125
58420,0.031487,0.023699,0.149867
58430,0.004034,0.002857,0.069911
58440,0.038515,0.029153,0.157637
58450,0.000475,0.000320,0.056837
58460,0.001558,0.001039,0.104985
58470,0.007778,0.005689,0.090259
58480,0.022531,0.016895,0.121627
58490,0.020426,0.015181,0.114554
58500,0.021949,0.016258,0.122020
58510,0.018339,0.013893,0.110410
58520,0.024772,0.018533,0.133580
58530,0.020905,0.015426,0.128581
58540,0.016233,0.012072,0.122500
58550,0.015233,0.010948,0.109874
58560,0.025446,0.019076,0.134634
58570,0.020367,0.015366,0.110695
58580,0.019012,0.014070,0.113093
58590,0.016071,0.012043,0.089667
58600,0.018677,0.013831,0.104830
58610,0.020631,0.015315,0.125003
58620,0.000194,0.000123,0.110147
58630,0.038915,0.029286,0.159354
58640,0.028129,0.021343,0.122450
58650,0.026268,0.019858,0.141199
58660,0.015241,0.011315,0.124947
58670,0.063425,0.047875,0.229493
58680,0.030087,0.022733,0.141836
58690,0.033178,0.025026,0.162885
58700,0.064796,0.049156,0.225091
58710,0.030012,0.022596,0.149865
58720,0.043221,0.032626,0.170166
58730,0.010530,0.007775,0.088405
58740,0.000142,0.000090,0.064451
58750,0.037911,0.029255,0.173429
58760,0.012571,0.009234,0.109006
58770,0.033258,0.024934,0.151299
58780,0.032924,0.025133,0.145118
58790,0.023335,0.017665,0.120127
58800,0.023341,0.017726,0.130157
58810,0.013595,0.010185,0.102822
58820,0.003314,0.002371,0.140978
58830,0.009089,0.006593,0.086368
58840,0.006943,0.004902,0.102173
58850,0.029508,0.022236,0.136233
58860,0.001984,0.001485,0.011789
58870,0.029038,0.021797,0.133038
58880,0.014575,0.011052,0.106658
58890,0.020036,0.015119,0.104709
58900,0.023441,0.017630,0.122974
58910,0.025230,0.018812,0.130771
58920,0.012654,0.009486,0.069659
58930,0.018465,0.013708,0.120063
58940,0.023986,0.018123,0.108446
58950,0.028205,0.021299,0.151566
58960,0.011859,0.008739,0.094257
58970,0.029194,0.022287,0.150764
58980,0.036030,0.027257,0.155490
58990,0.011094,0.008233,0.098305
59000,0.023447,0.017612,0.116931
59010,0.004088,0.002971,0.047051
59020,0.012167,0.009085,0.097539
59030,0.026755,0.020008,0.144639
59040,0.022966,0.017366,0.119201
59050,0.017434,0.013079,0.107734
59060,0.024218,0.018124,0.134375
59070,0.013388,0.010542,0.075791
59080,0.022641,0.017266,0.123673
59090,0.013398,0.009524,0.121605
59100,0.024046,0.018244,0.121864
59110,0.015509,0.011797,0.068600
59120,0.014873,0.011037,0.120821
59130,0.010373,0.007427,0.081547
59140,0.015358,0.011450,0.109435
59150,0.017981,0.013365,0.117535
59160,0.007800,0.005697,0.089508
59170,0.012985,0.009707,0.113718
59180,0.019068,0.014281,0.111102
59190,0.016469,0.012284,0.105717
59200,0.032530,0.024848,0.163500
59210,0.030237,0.023020,0.136555
59220,0.016921,0.012633,0.113711
59230,0.035241,0.026615,0.151990
59240,0.013965,0.010339,0.126275
59250,0.019599,0.014804,0.110980
59260,0.002984,0.002257,0.026410
59270,0.015697,0.011683,0.084081
59280,0.021128,0.016103,0.121980
59290,0.026236,0.019660,0.135961
59300,0.027425,0.021114,0.132127
59310,0.010781,0.008049,0.065939
59320,0.030029,0.022713,0.124440
59330,0.025824,0.019401,0.131113
59340,0.015132,0.011303,0.108407
59350,0.032586,0.024554,0.134948
59360,0.016181,0.012212,0.099988
59370,0.000406,0.000280,0.003795
59380,0.006406,0.004880,0.080284
59390,0.023045,0.017258,0.124270
59400,0.013686,0.010212,0.093692
59410,0.021872,0.016606,0.118524
59420,0.039041,0.029697,0.173311
59430,0.022993,0.017456,0.122239
59440,0.019844,0.014938,0.078211
59450,0.013391,0.010025,0.107321
59460,0.024488,0.018509,0.131108
59470,0.036962,0.027965,0.154690
59480,0.028722,0.021607,0.142096
59490,0.017751,0.013489,0.110547
59500,0.012624,0.009467,0.069949
59510,0.039972,0.030500,0.170760
59520,0.012116,0.009023,0.101583
59530,0.024180,0.018382,0.110470
59540,0.022178,0.016803,0.125251
59550,0.040854,0.030776,0.159941
59560,0.040915,0.030357,0.174095
59570,0.016212,0.012226,0.106737
59580,0.044829,0.033186,0.180666
59590,0.018379,0.013833,0.121530
59600,0.015224,0.011140,0.122769
59610,0.024075,0.018156,0.128828
59620,0.018060,0.013540,0.115436
59630,0.005061,0.004083,0.557681
59640,0.025545,0.019477,0.115901
59650,0.023550,0.018050,0.114775
59660,0.025562,0.019065,0.134776
59670,0.016554,0.012172,0.111649
59680,0.024416,0.018362,0.130072
59690,0.071263,0.054295,0.242533
59700,0.036902,0.028293,0.156245
59710,0.030351,0.022950,0.141761
59720,0.004496,0.003361,0.086072
59730,0.024750,0.018541,0.124321
59740,0.030892,0.022998,0.146435
59750,0.024535,0.018466,0.138065
59760,0.028197,0.021625,0.177518
59770,0.032317,0.024246,0.150483
59780,0.027090,0.020439,0.135812
59790,0.019974,0.015070,0.127589
59800,0.023466,0.017532,0.127813
59810,0.018168,0.013550,0.095559
59820,0.023980,0.017978,0.125335
59830,0.044230,0.033364,0.171219
59840,0.026978,0.020245,0.145410
59850,0.020392,0.015184,0.129682
59860,0.001130,0.000800,0.053971
59870,0.034743,0.026358,0.149135
59880,0.025811,0.019409,0.128318
59890,0.012543,0.009483,0.062161
59900,0.020201,0.015179,0.124367
59910,0.034191,0.025815,0.136356
59920,0.001177,0.000856,0.106070
59930,0.031821,0.024201,0.147284
59940,0.016632,0.012435,0.120566
59950,0.021588,0.016267,0.119211
59960,0.044152,0.033716,0.176716
59970,0.037002,0.027950,0.157004
59980,0.038519,0.029016,0.156942
59990,0.028607,0.021654,0.135023
60000,0.024180,0.018385,0.139333
60010,0.012147,0.008469,0.108116
60020,0.049023,0.037152,0.172048
60030,0.006464,0.004547,0.077396
60040,0.033002,0.025003,0.149031
60050,0.005909,0.004163,0.076595
60060,0.018174,0.013431,0.090259
60070,0.009982,0.007517,0.059902
60080,0.014713,0.011034,0.083547
60090,0.018019,0.013057,0.123045
60100,0.021463,0.016343,0.141462
60110,0.020305,0.015133,0.131921
60120,0.026548,0.020175,0.118871
60130,0.025202,0.018915,0.127605
60140,0.023755,0.017680,0.128898
60150,0.010952,0.008253,0.088630
60160,0.040356,0.030204,0.169275
60170,0.034220,0.025814,0.147955
60180,0.017380,0.012886,0.134018
60190,0.024074,0.018165,0.129092
60200,0.024538,0.018328,0.135239
60210,0.021341,0.015880,0.103319
60220,0.009379,0.007080,0.070587
60230,0.012241,0.008968,0.112352
60240,0.030846,0.023247,0.145647
60250,0.038591,0.029039,0.156844
60260,0.011838,0.008809,0.103986
60270,0.027599,0.021278,0.128582
60280,0.014925,0.011463,0.095516
60290,0.031655,0.023671,0.156955
60300,0.030925,0.023480,0.127141
60310,0.036678,0.027542,0.167097
60320,0.030625,0.023501,0.137337
60330,0.023097,0.017486,0.114374
60340,0.023798,0.018054,0.150571
60350,0.039219,0.029385,0.152203
60360,0.022245,0.016521,0.117536
60370,0.024061,0.018417,0.115147
60380,0.013764,0.010303,0.100406
60390,0.035048,0.026575,0.151178
60400,0.023188,0.017155,0.129106
60410,0.009543,0.007186,0.077738
60420,0.028870,0.021691,0.133929
60430,0.027322,0.020571,0.134013
60440,0.038906,0.029556,0.158141
60450,0.006164,0.004581,0.037416
60460,0.029345,0.022372,0.125003
60470,0.020913,0.015092,0.143398
60480,0.022038,0.016551,0.118908
60490,0.052580,0.039448,0.184696
60500,0.008620,0.006231,0.097146
60510,0.013522,0.010212,0.122865
60520,0.041960,0.031873,0.163987
60530,0.023422,0.017732,0.095600
60540,0.045129,0.034940,0.177584
60550,0.038360,0.029112,0.157440
60560,0.022456,0.016741,0.124481
60570,0.035946,0.027420,0.159076
60580,0.025468,0.019225,0.138174
60590,0.036027,0.027432,0.150573
60600,0.002692,0.001927,0.075492
60610,0.012621,0.009770,0.067988
60620,0.017915,0.013299,0.102387
60630,0.007665,0.005706,0.082559
60640,0.021509,0.016097,0.122450
60650,0.015034,0.011399,0.090475
60660,0.022702,0.016997,0.122188
60670,0.019929,0.015131,0.091876
60680,0.023526,0.017083,0.148995
60690,0.019965,0.015063,0.120171
60700,0.022104,0.016767,0.119992
60710,0.021870,0.016426,0.114331
60720,0.017833,0.013286,0.116625
60730,0.001507,0.001100,0.081392
60740,0.043117,0.033054,0.182054
60750,0.015788,0.011691,0.109768
60760,0.036742,0.027946,0.149869
60770,0.024990,0.018877,0.126569
60780,0.024064,0.018046,0.122199
60790,0.020860,0.016106,0.126983
60800,0.004272,0.003106,0.121715
60810,0.018145,0.014494,0.109553
60820,0.019185,0.014581,0.106600
60830,0.040126,0.030394,0.170470
60840,0.032335,0.024583,0.158756
60850,0.008214,0.005981,0.052084
60860,0.021543,0.016158,0.151291
60870,0.002242,0.001914,0.655802
60880,0.000004,0.000004,0.000014
60890,0.040155,0.030410,0.164718
60900,0.039901,0.030291,0.155360
60910,0.040949,0.031098,0.160101
60920,0.038015,0.028800,0.170904
60930,0.023173,0.017498,0.135768
60940,0.018505,0.013414,0.138546
60950,0.027313,0.020576,0.143076
60960,0.008416,0.006238,0.077320
60970,0.023486,0.017981,0.150681
60980,0.002853,0.002166,0.022922
60990,0.006213,0.004648,0.080588
61000,0.054726,0.041365,0.201340
61010,0.032491,0.024535,0.151392
61020,0.028792,0.021560,0.149600
61030,0.004724,0.003531,0.093201
61040,0.008440,0.006279,0.105699
61050,0.027425,0.020814,0.118202
61060,0.043934,0.033133,0.174243
61070,0.017861,0.013336,0.126549
61080,0.023353,0.017381,0.119418
61090,0.016180,0.012361,0.080953
61100,0.029316,0.021856,0.152570
61110,0.008475,0.006309,0.069250
61120,0.010995,0.008120,0.089873
61130,0.044887,0.033928,0.183234
61140,0.001863,0.001462,0.074966
61150,0.011605,0.008693,0.096696
61160,0.011774,0.008708,0.091139
61170,0.028103,0.021658,0.141532
61180,0.028994,0.021915,0.131002
61190,0.005698,0.004556,0.035169
61200,0.020041,0.015015,0.097664
61210,0.018526,0.014084,0.123755
61220,0.028469,0.021389,0.139619
61230,0.012448,0.009452,0.067167
61240,0.022103,0.016701,0.137214
61250,0.011414,0.008691,0.060711
61260,0.017398,0.012756,0.109559
61270,0.020025,0.015121,0.118257
61280,0.023695,0.017883,0.124736
61290,0.013517,0.010250,0.087328
61300,0.017177,0.012665,0.111660
61310,0.003577,0.002471,0.088059
61320,0.034307,0.025721,0.153233
61330,0.015417,0.011114,0.110563
61340,0.016574,0.012400,0.098853
61350,0.020427,0.015263,0.102259
61360,0.019810,0.015142,0.114444
61370,0.012065,0.009101,0.097740
61380,0.013869,0.010456,0.071344
61390,0.017466,0.013475,0.092107
61400,0.036972,0.027781,0.163651
61410,0.016367,0.012168,0.117223
61420,0.018955,0.014439,0.098496
61430,0.004887,0.003394,0.099385
61440,0.029970,0.022314,0.135447
61450,0.034396,0.025994,0.156984
61460,0.026167,0.019800,0.149368
61470,0.028840,0.021752,0.148908
61480,0.047883,0.034313,0.189935
61490,0.048261,0.036598,0.174144
61500,0.019567,0.015042,0.087686
61510,0.023855,0.018576,0.112117
61520,0.013027,0.009767,0.101565
61530,0.034637,0.026173,0.157622
61540,0.031058,0.023578,0.140795
61550,0.022547,0.016713,0.124850
61560,0.020646,0.015885,0.101454
61570,0.038736,0.029223,0.160971
61580,0.016798,0.012516,0.111161
61590,0.005909,0.005057,0.098259
61600,0.013425,0.010097,0.104967
61610,0.030146,0.023039,0.117837
61620,0.023660,0.019881,0.175168
61630,0.014319,0.010684,0.107041
61640,0.039222,0.029852,0.159874
61650,0.018084,0.013588,0.102438
61660,0.006283,0.004624,0.062834
61670,0.000011,0.000023,0.000057
61680,0.007033,0.005260,0.054888
61690,0.028662,0.021484,0.136821
61700,0.036022,0.027140,0.160710
61710,0.023323,0.017435,0.132521
61720,0.029978,0.022558,0.136022
61730,0.017148,0.012892,0.106649
61740,0.027877,0.021169,0.130624
61750,0.031037,0.023646,0.144111
61760,0.048403,0.036765,0.170575
61770,0.014140,0.010691,0.107130
61780,0.031505,0.023880,0.141776
61790,0.027314,0.021117,0.141462
61800,0.034238,0.025953,0.165457
61810,0.031016,0.023472,0.144257
61820,0.023902,0.018066,0.132872
61830,0.033763,0.025577,0.157712
61840,0.027142,0.020402,0.135445
61850,0.013776,0.010319,0.071894
61860,0.035586,0.027074,0.156463
61870,0.019239,0.014567,0.107176
61880,0.017991,0.013492,0.093831
61890,0.017501,0.013094,0.108960
61900,0.010407,0.007519,0.111429
61910,0.028088,0.020931,0.141849
61920,0.027950,0.021317,0.127078
61930,0.020747,0.015986,0.121187
61940,0.014667,0.010773,0.107691
61950,0.029764,0.022660,0.121967
61960,0.027977,0.021087,0.124534
61970,0.028842,0.021595,0.136328
61980,0.036538,0.027413,0.165687
61990,0.013893,0.010265,0.085802
62000,0.024681,0.018648,0.135079
62010,0.039629,0.029833,0.164058
62020,0.017525,0.013007,0.100792
62030,0.011555,0.008842,0.094918
62040,0.027448,0.020757,0.137653
62050,0.005065,0.003705,0.096936
62060,0.002365,0.001722,0.127411
62070,0.021024,0.015781,0.121983
62080,0.018434,0.014012,0.099835
62090,0.023501,0.017920,0.131366
62100,0.012256,0.009206,0.090509
62110,0.036479,0.027625,0.148247
62120,0.015607,0.011574,0.107143
62130,0.003036,0.002255,0.020430
62140,0.028561,0.021900,0.126180
62150,0.011404,0.008511,0.094673
62160,0.021370,0.016264,0.119678
62170,0.030134,0.022832,0.148588
62180,0.019505,0.014583,0.121851
62190,0.023491,0.017490,0.127154
62200,0.025569,0.019366,0.120577
62210,0.022419,0.017028,0.100813
62220,0.006437,0.004053,0.340732
62230,0.048351,0.036663,0.176242
62240,0.011340,0.008613,0.098380
62250,0.029671,0.022380,0.145468
62260,0.017560,0.013268,0.110396
62270,0.020885,0.015684,0.119304
62280,0.042656,0.032036,0.168282
62290,0.055103,0.041874,0.198635
62300,0.016072,0.012057,0.088216
62310,0.015863,0.011294,0.122475
62320,0.018868,0.014366,0.118434
62330,0.031569,0.023538,0.147829
62340,0.021296,0.015891,0.100271
62350,0.020455,0.015581,0.103518
62360,0.006470,0.004933,0.093338
62370,0.004596,0.003166,0.124497
62380,0.020520,0.015315,0.125503
62390,0.013743,0.010288,0.092478
62400,0.033909,0.025146,0.156106
62410,0.044181,0.033798,0.180521
62420,0.025750,0.019391,0.136135
62430,0.027618,0.021011,0.133764
62440,0.036021,0.027489,0.163801
62450,0.011962,0.008820,0.084873
62460,0.036989,0.028206,0.158852
62470,0.015748,0.011897,0.085827
62480,0.034428,0.026063,0.152864
62490,0.013127,0.009837,0.114619
62500,0.029991,0.022550,0.145909
62510,0.015137,0.011244,0.122444
62520,0.029283,0.021877,0.121358
62530,0.012330,0.009329,0.065043
62540,0.005453,0.004025,0.229190
62550,0.038307,0.029590,0.162466
62560,0.013613,0.010349,0.119089
62570,0.025203,0.018446,0.146580
62580,0.030254,0.023223,0.129181
62590,0.015842,0.011966,0.102477
62600,0.020595,0.015223,0.099110
62610,0.035227,0.026606,0.156494
62620,0.002671,0.001914,0.018446
62630,0.017472,0.013135,0.126922
62640,0.002669,0.001853,0.094584
62650,0.030412,0.022789,0.158872
62660,0.003970,0.003095,0.033218
62670,0.043347,0.032767,0.170076
62680,0.031808,0.024319,0.149152
62690,0.055503,0.042051,0.212139
62700,0.012798,0.009449,0.101250
62710,0.013516,0.010090,0.063481
62720,0.011904,0.009068,0.098448
62730,0.036749,0.027678,0.165599
62740,0.007301,0.005241,0.079297
62750,0.008457,0.006350,0.075375
62760,0.018545,0.013759,0.097705
62770,0.018242,0.013586,0.115832
62780,0.042295,0.031961,0.173999
62790,0.029886,0.022540,0.144458
62800,0.012602,0.009546,0.064798
62810,0.021250,0.016060,0.111207
62820,0.015434,0.011861,0.111264
62830,0.031906,0.024074,0.150296
62840,0.047190,0.035799,0.199232
62850,0.021432,0.016151,0.114874
62860,0.030814,0.023397,0.147968
62870,0.020592,0.015330,0.114552
62880,0.012948,0.009446,0.111004
62890,0.040821,0.030614,0.182076
62900,0.009166,0.006727,0.086643
62910,0.018907,0.014150,0.100474
62920,0.030716,0.023195,0.147382
62930,0.018501,0.013945,0.097099
62940,0.015074,0.011178,0.105657
62950,0.003894,0.003317,0.034178
62960,0.023738,0.018062,0.124171
62970,0.042346,0.031460,0.176006
62980,0.044799,0.034042,0.173035
62990,0.031347,0.023922,0.148854
63000,0.018393,0.013763,0.107161
63010,0.046565,0.035152,0.181213
63020,0.043819,0.033031,0.181684
63030,0.020432,0.015681,0.141564
63040,0.010687,0.008075,0.059795
63050,0.031937,0.024112,0.118835
63060,0.038383,0.028972,0.165562
63070,0.018643,0.013914,0.099609
63080,0.048938,0.037063,0.189934
63090,0.027969,0.021153,0.125985
63100,0.040066,0.030175,0.151804
63110,0.032002,0.024071,0.152410
63120,0.021782,0.016387,0.121427
63130,0.017745,0.013233,0.117616
63140,0.006042,0.004450,0.062969
63150,0.027610,0.020995,0.147146
63160,0.020368,0.016391,0.103837
63170,0.001564,0.001114,0.100116
63180,0.021473,0.015966,0.120122
63190,0.029429,0.022358,0.141189
63200,0.030173,0.022602,0.144058
63210,0.021458,0.015896,0.119683
63220,0.015522,0.011412,0.107544
63230,0.027657,0.020886,0.119870
63240,0.036941,0.027870,0.154197
63250,0.021232,0.015093,0.132813
63260,0.023374,0.017176,0.142531
63270,0.028908,0.021712,0.135637
63280,0.025673,0.019246,0.117408
63290,0.013640,0.010363,0.112997
63300,0.018176,0.013537,0.115968
63310,0.014138,0.010592,0.121460
63320,0.045796,0.034653,0.169838
63330,0.030595,0.023306,0.145330
63340,0.012514,0.009256,0.099043
63350,0.013443,0.009860,0.106313
63360,0.033584,0.025483,0.143382
63370,0.010852,0.008769,0.096930
63380,0.008860,0.006412,0.081283
63390,0.043825,0.033103,0.181972
63400,0.025852,0.019467,0.133569
63410,0.037560,0.028822,0.151308
63420,0.032230,0.024448,0.129949
63430,0.037206,0.028464,0.138541
63440,0.006451,0.004820,0.074490
63450,0.034750,0.026236,0.159077
63460,0.014309,0.010605,0.105304
63470,0.029027,0.022007,0.124244
63480,0.006594,0.004508,0.150236
63490,0.007819,0.005447,0.099360
63500,0.020468,0.015432,0.112536
63510,0.021443,0.016492,0.126814
63520,0.025536,0.019150,0.130527
63530,0.032537,0.024658,0.139791
63540,0.020691,0.015236,0.101984
63550,0.045241,0.034023,0.175234
63560,0.023040,0.017425,0.126745
63570,0.014708,0.010989,0.105086
63580,0.013734,0.010390,0.101237
63590,0.029043,0.022114,0.122709
63600,0.012318,0.009094,0.097490
63610,0.021353,0.016075,0.116958
63620,0.029646,0.022372,0.147862
63630,0.000387,0.000299,0.070159
63640,0.012399,0.009377,0.092140
63650,0.027260,0.020375,0.141940
63660,0.014505,0.010951,0.106259
63670,0.025064,0.018943,0.138062
63680,0.035611,0.026849,0.152838
63690,0.033037,0.025015,0.148088
63700,0.014408,0.010835,0.100841
63710,0.024565,0.018409,0.125486
63720,0.030433,0.022975,0.137204
63730,0.008167,0.005997,0.091841
63740,0.028644,0.021721,0.141484
63750,0.005060,0.003775,0.039704
63760,0.022510,0.016875,0.124428
63770,0.026197,0.019858,0.131006
63780,0.028297,0.021580,0.136787
63790,0.037605,0.028819,0.146469
63800,0.022847,0.017176,0.122930
63810,0.037299,0.028283,0.163083
63820,0.023656,0.017916,0.108185
63830,0.024700,0.018798,0.105131
63840,0.036903,0.028095,0.151447
63850,0.039358,0.029584,0.158466
63860,0.019042,0.014480,0.113721
63870,0.040534,0.030710,0.164638
63880,0.026549,0.019999,0.129177
63890,0.017348,0.012253,0.103525
63900,0.038780,0.033814,0.173418
63910,0.023399,0.017418,0.154914
63920,0.021379,0.015839,0.118199
63930,0.047092,0.035691,0.184979
63940,0.032182,0.025070,0.152324
63950,0.032984,0.024998,0.141819
63960,0.034397,0.026215,0.142157
63970,0.027353,0.020573,0.138709
63980,0.010561,0.007605,0.111949
63990,0.027374,0.020603,0.131569
64000,0.024389,0.018311,0.134312
64010,0.034382,0.026107,0.152583
64020,0.021186,0.015976,0.134025
64030,0.027840,0.020843,0.134494
64040,0.044840,0.033930,0.185867
64050,0.028560,0.021487,0.130296
64060,0.025227,0.018759,0.137393
64070,0.024318,0.018298,0.132553
64080,0.023222,0.017505,0.129807
64090,0.016082,0.011949,0.118797
64100,0.009393,0.007364,0.055476
64110,0.052747,0.039872,0.175981
64120,0.034640,0.026345,0.153342
64130,0.018205,0.013665,0.093587
64140,0.036319,0.027776,0.156603
64150,0.021940,0.016551,0.134209
64160,0.020805,0.015572,0.111775
64170,0.017748,0.013469,0.120140
64180,0.018238,0.013705,0.107996
64190,0.022293,0.016371,0.136028
64200,0.022648,0.016999,0.123034
64210,0.005570,0.004105,0.087059
64220,0.013715,0.010311,0.083122
64230,0.039578,0.030081,0.160815
64240,0.012762,0.009588,0.088345
64250,0.014636,0.011000,0.065886
64260,0.026879,0.020203,0.130482
64270,0.020926,0.015822,0.096663
64280,0.022899,0.017169,0.133113
64290,0.034124,0.025774,0.144762
64300,0.021292,0.016036,0.110013
64310,0.030676,0.023178,0.145618
64320,0.036924,0.027840,0.160712
64330,0.011559,0.008263,0.097875
64340,0.009541,0.007206,0.092336
64350,0.030033,0.022902,0.140979
64360,0.011960,0.009043,0.067576
64370,0.039343,0.029929,0.164687
64380,0.023338,0.017587,0.122696
64390,0.011059,0.008322,0.057129
64400,0.027851,0.020658,0.138357
64410,0.018742,0.014548,0.081258
64420,0.021128,0.015932,0.094924
64430,0.002908,0.002025,0.086094
64440,0.010739,0.008036,0.088131
64450,0.015053,0.011274,0.082172
64460,0.029355,0.021892,0.128603
64470,0.034582,0.026063,0.133202
64480,0.011459,0.008859,0.067124
64490,0.012187,0.009010,0.108979
64500,0.043827,0.033094,0.180677
64510,0.014030,0.010405,0.116341
64520,0.019629,0.014929,0.120910
64530,0.009311,0.006898,0.094650
64540,0.028542,0.021535,0.136739
64550,0.017291,0.012741,0.126341
64560,0.016260,0.012187,0.112231
64570,0.022674,0.017023,0.127243
64580,0.029795,0.022200,0.151274
64590,0.013525,0.010125,0.095518
64600,0.002305,0.001687,0.099298
64610,0.010338,0.007831,0.065282
64620,0.024410,0.018374,0.127052
64630,0.024114,0.018063,0.112234
64640,0.010931,0.008292,0.052809
64650,0.011374,0.008723,0.103209
64660,0.019821,0.014759,0.120037
64670,0.004019,0.002977,0.085081
64680,0.003713,0.003040,0.062044
64690,0.037951,0.028486,0.159346
64700,0.033812,0.025450,0.149049
64710,0.015808,0.011968,0.110963
64720,0.016167,0.012100,0.111867
64730,0.016599,0.012039,0.105517
64740,0.013019,0.009806,0.100741
64750,0.029618,0.022511,0.137609
64760,0.038769,0.029516,0.149823
64770,0.023390,0.017582,0.134556
64780,0.014774,0.010967,0.105834
64790,0.023157,0.017651,0.122032
64800,0.017644,0.013097,0.090539
64810,0.023066,0.017550,0.129475
64820,0.011220,0.008576,0.094593
64830,0.021876,0.016305,0.119233
64840,0.036575,0.031032,0.140761
64850,0.030478,0.022881,0.140554
64860,0.009009,0.006549,0.088021
64870,0.012476,0.009212,0.109259
64880,0.047214,0.035603,0.178757
64890,0.032651,0.024686,0.154277
64900,0.020655,0.015534,0.087105
64910,0.043027,0.032544,0.173183
64920,0.025607,0.019319,0.160505
64930,0.012683,0.008952,0.112987
64940,0.026208,0.019951,0.125169
64950,0.041555,0.031615,0.168425
64960,0.025389,0.019032,0.129178
64970,0.005590,0.004046,0.070923
64980,0.042952,0.033612,0.168328
64990,0.044595,0.034297,0.174764
65000,0.017659,0.013251,0.115036
65010,0.031459,0.024084,0.153341
65020,0.027494,0.020820,0.134167
65030,0.069938,0.052781,0.238380
65040,0.029476,0.022059,0.135719
65050,0.035141,0.026621,0.158156
65060,0.025195,0.019059,0.122915
65070,0.035302,0.026798,0.146333
65080,0.024269,0.018086,0.132087
65090,0.012798,0.009834,0.101235
65100,0.027462,0.020852,0.148408
65110,0.015968,0.011782,0.113941
65120,0.021156,0.015979,0.134427
65130,0.019807,0.014865,0.109990
65140,0.028436,0.021684,0.127408
65150,0.011997,0.009036,0.091262
65160,0.015557,0.011488,0.110344
65170,0.022370,0.016895,0.126388
65180,0.024011,0.019038,0.132082
65190,0.032545,0.024680,0.113470
65200,0.023837,0.017790,0.142906
65210,0.034340,0.026274,0.165016
65220,0.017576,0.012982,0.118908
65230,0.025313,0.018870,0.135506
65240,0.038884,0.028248,0.147720
65250,0.030086,0.022386,0.146984
65260,0.020773,0.015523,0.130964
65270,0.017460,0.013450,0.114728
65280,0.023847,0.017484,0.121674
65290,0.017018,0.012745,0.083676
65300,0.020477,0.015389,0.116572
65310,0.024827,0.018999,0.130078
65320,0.031205,0.023894,0.145898
65330,0.006256,0.005062,0.086852
65340,0.003815,0.002728,0.024855
65350,0.018686,0.014401,0.089313
65360,0.041544,0.031258,0.168634
65370,0.007823,0.005820,0.075086
65380,0.021091,0.015711,0.124107
65390,0.032392,0.023304,0.157644
65400,0.046791,0.035533,0.184062
65410,0.016097,0.012799,0.110009
65420,0.025018,0.018051,0.121247
65430,0.041653,0.031281,0.174066
65440,0.027380,0.020728,0.131358
65450,0.023109,0.017366,0.125460
65460,0.004543,0.003311,0.097715
65470,0.013058,0.010031,0.101766
65480,0.018310,0.013382,0.125427
65490,0.014797,0.011038,0.091934
65500,0.009478,0.006970,0.083595
65510,0.026791,0.020079,0.136295
65520,0.020330,0.015360,0.115809
65530,0.023390,0.017779,0.124671
65540,0.029308,0.022275,0.141646
65550,0.049296,0.037525,0.179194
65560,0.005810,0.004510,0.042359
65570,0.023344,0.017534,0.124071
65580,0.017230,0.012481,0.123762
65590,0.015771,0.011682,0.107096
65600,0.019302,0.014403,0.148416
65610,0.032779,0.024775,0.146952
65620,0.018120,0.013572,0.114206
65630,0.031893,0.024298,0.122813
65640,0.017903,0.013473,0.113944
65650,0.012189,0.008896,0.104101
65660,0.039401,0.029848,0.175936
65670,0.018897,0.014058,0.130170
65680,0.005088,0.003673,0.092986
65690,0.017936,0.013591,0.099921
65700,0.011401,0.008460,0.098850
65710,0.040707,0.030956,0.166666
65720,0.028869,0.021684,0.146058
65730,0.009218,0.006934,0.070948
65740,0.013469,0.010170,0.096736
65750,0.021474,0.016193,0.114550
65760,0.034353,0.025916,0.149366
65770,0.018255,0.013838,0.091047
65780,0.002986,0.002237,0.060755
65790,0.017382,0.013090,0.114570
65800,0.028684,0.020914,0.150468
65810,0.018649,0.014076,0.101606
65820,0.016227,0.012038,0.102909
65830,0.056826,0.042943,0.203522
65840,0.018694,0.013756,0.125745
65850,0.040968,0.030920,0.170901
65860,0.013746,0.010175,0.089604
65870,0.012907,0.009638,0.065286
65880,0.023567,0.017973,0.110622
65890,0.004057,0.003016,0.031276
65900,0.002609,0.001835,0.079174
65910,0.035765,0.027145,0.161837
65920,0.028991,0.021780,0.132752
65930,0.050884,0.038894,0.188793
65940,0.019546,0.014531,0.076790
65950,0.017337,0.012892,0.112270
65960,0.041499,0.031275,0.157853
65970,0.012528,0.009541,0.072078
65980,0.028570,0.021548,0.132434
65990,0.049170,0.037180,0.186437
66000,0.003664,0.002462,0.094611
66010,0.016463,0.012419,0.092250
66020,0.010562,0.008102,0.062782
66030,0.011769,0.008739,0.094317
66040,0.004838,0.003507,0.116760
66050,0.026267,0.019804,0.119172
66060,0.015217,0.011383,0.107108
66070,0.038956,0.029832,0.144264
66080,0.009981,0.007382,0.084465
66090,0.022063,0.016769,0.116657
66100,0.024763,0.018689,0.123325
66110,0.013401,0.010078,0.098764
66120,0.026485,0.020024,0.136654
66130,0.025820,0.019504,0.126638
66140,0.026001,0.019387,0.121159
66150,0.011389,0.008652,0.095775
66160,0.038376,0.029566,0.165277
66170,0.000736,0.000555,0.059812
66180,0.029352,0.021883,0.148766
66190,0.038516,0.029376,0.144395
66200,0.053180,0.039962,0.208365
66210,0.014793,0.011328,0.079197
66220,0.028413,0.021589,0.136862
66230,0.011147,0.008298,0.105422
66240,0.027656,0.020664,0.134336
66250,0.018213,0.013590,0.107051
66260,0.031539,0.024735,0.153082
66270,0.014798,0.010990,0.115366
66280,0.019895,0.015059,0.107164
66290,0.046037,0.035084,0.159614
66300,0.033339,0.025321,0.144879
66310,0.038184,0.029052,0.157475
66320,0.020502,0.015651,0.094591
66330,0.017472,0.013137,0.092929
66340,0.015892,0.011953,0.120373
66350,0.018425,0.013935,0.098634
66360,0.011553,0.008629,0.082863
66370,0.009799,0.007366,0.093755
66380,0.012156,0.008839,0.121189
66390,0.024430,0.018498,0.106959
66400,0.017166,0.012985,0.108775
66410,0.001016,0.000795,0.043269
66420,0.028958,0.021633,0.146720
66430,0.017403,0.013137,0.094686
66440,0.011869,0.009035,0.100363
66450,0.024245,0.018361,0.109225
66460,0.027291,0.020643,0.130347
66470,0.015014,0.011295,0.101996
66480,0.014328,0.010660,0.104340
66490,0.038617,0.028143,0.162295
66500,0.033030,0.025284,0.144588
66510,0.013415,0.009974,0.098524
66520,0.012240,0.008896,0.140394
66530,0.002654,0.001865,0.058380
66540,0.008076,0.006128,0.089290
66550,0.019661,0.015202,0.104364
66560,0.032140,0.023984,0.150850
66570,0.035585,0.026083,0.159372
66580,0.035197,0.026745,0.153885
66590,0.018031,0.013621,0.069241
66600,0.053469,0.040656,0.199063
66610,0.058715,0.043599,0.223226
66620,0.027312,0.020572,0.143673
66630,0.036023,0.027237,0.145793
66640,0.053134,0.039978,0.204928
66650,0.045570,0.034577,0.180630
66660,0.034652,0.025865,0.156418
66670,0.016254,0.012127,0.094536
66680,0.030329,0.023358,0.125842
66690,0.034813,0.026478,0.138329
66700,0.024044,0.017847,0.124644
66710,0.025766,0.019436,0.127813
66720,0.017259,0.012980,0.115004
66730,0.023089,0.017416,0.120936
66740,0.034493,0.025829,0.154831
66750,0.034898,0.026565,0.170659
66760,0.012849,0.009731,0.083884
66770,0.012816,0.009521,0.093832
66780,0.019599,0.014299,0.131116
66790,0.018225,0.013482,0.123727
66800,0.037329,0.028377,0.162862
66810,0.012153,0.008931,0.094815
66820,0.021736,0.016544,0.120847
66830,0.021186,0.015761,0.127284
66840,0.015164,0.011325,0.101649
66850,0.025743,0.019613,0.142333
66860,0.030200,0.022846,0.126471
66870,0.013659,0.010276,0.118752
66880,0.015257,0.011468,0.098920
66890,0.022956,0.017459,0.129755
66900,0.034494,0.025997,0.155878
66910,0.062141,0.046528,0.211411
66920,0.021552,0.016328,0.097908
66930,0.026900,0.020287,0.148223
66940,0.027734,0.020412,0.094411
66950,0.021276,0.016013,0.117843
66960,0.030234,0.022923,0.140799
66970,0.027804,0.020777,0.145286
66980,0.030634,0.023452,0.134621
66990,0.017526,0.013293,0.092418
67000,0.021246,0.015748,0.114970
67010,0.014814,0.011635,0.109410
67020,0.017433,0.013190,0.115628
67030,0.011693,0.008844,0.093172
67040,0.038890,0.029423,0.167389
67050,0.020424,0.015535,0.120256
67060,0.019272,0.014628,0.091772
67070,0.041721,0.031574,0.160526
67080,0.013927,0.010176,0.114237
67090,0.018268,0.013617,0.112481
67100,0.013531,0.010325,0.093059
67110,0.022769,0.017084,0.097954
67120,0.016219,0.011916,0.118044
67130,0.024428,0.019683,0.141914
67140,0.030032,0.022760,0.133252
67150,0.024249,0.018157,0.102598
67160,0.010008,0.007454,0.084750
67170,0.027533,0.020742,0.124595
67180,0.024256,0.018235,0.126553
67190,0.020612,0.015606,0.121510
67200,0.005717,0.004368,0.084855
67210,0.023215,0.017439,0.131978
67220,0.042942,0.033136,0.167930
67230,0.032307,0.024440,0.159057
67240,0.034467,0.025916,0.153978
67250,0.023277,0.017540,0.106165
67260,0.012278,0.009190,0.053530
67270,0.011383,0.008507,0.093731
67280,0.021670,0.016407,0.115460
67290,0.011538,0.008531,0.089064
67300,0.028706,0.021749,0.134114
67310,0.029369,0.022277,0.136475
67320,0.045172,0.035087,0.190719
67330,0.008093,0.005910,0.070007
67340,0.018146,0.013486,0.097538
67350,0.015514,0.011617,0.101229
67360,0.011278,0.008374,0.098510
67370,0.030345,0.022782,0.140728
67380,0.034650,0.026623,0.158136
67390,0.041968,0.031324,0.173990
67400,0.014103,0.010827,0.090974
67410,0.030466,0.023178,0.135545
67420,0.024741,0.018608,0.129949
67430,0.001847,0.001348,0.071822
67440,0.015692,0.011452,0.117974
67450,0.018107,0.014095,0.109812
67460,0.003604,0.002605,0.067812
67470,0.035788,0.027021,0.162148
67480,0.026557,0.020278,0.107438
67490,0.021073,0.015746,0.119889
67500,0.020123,0.015064,0.117595
67510,0.013500,0.009878,0.121805
67520,0.012668,0.009188,0.106283
67530,0.012077,0.008921,0.100513
67540,0.017774,0.013312,0.118380
67550,0.023876,0.018263,0.136230
67560,0.009733,0.007355,0.070899
67570,0.057600,0.043697,0.207818
67580,0.003028,0.001961,0.058126
67590,0.016105,0.012154,0.099814
67600,0.025918,0.019293,0.133779
67610,0.004924,0.003711,0.098529
67620,0.027247,0.021006,0.134198
67630,0.025861,0.019503,0.135492
67640,0.032558,0.024669,0.150809
67650,0.033925,0.025575,0.147598
67660,0.010439,0.007821,0.095399
67670,0.029824,0.022573,0.141899
67680,0.021572,0.015965,0.126466
67690,0.021039,0.015985,0.121207
67700,0.013628,0.009670,0.121211
67710,0.024374,0.018209,0.134763
67720,0.017723,0.013360,0.103651
67730,0.004489,0.003146,0.116565
67740,0.033111,0.024937,0.151000
67750,0.040172,0.030365,0.156165
67760,0.024917,0.018793,0.109407
67770,0.015409,0.011565,0.086359
67780,0.023494,0.017933,0.123898
67790,0.034575,0.026086,0.149917
67800,0.017948,0.013469,0.105600
67810,0.026278,0.019892,0.139320
67820,0.028306,0.021469,0.145955
67830,0.031912,0.024201,0.147027
67840,0.019633,0.014713,0.122280
67850,0.040128,0.030466,0.177512
67860,0.011355,0.008560,0.112212
67870,0.024473,0.018545,0.133526
67880,0.014810,0.011461,0.080831
67890,0.025113,0.019093,0.131484
67900,0.022098,0.016651,0.147012
67910,0.010040,0.007411,0.086239
67920,0.021754,0.016059,0.129282
67930,0.029914,0.022350,0.138614
67940,0.020815,0.016293,0.102024
67950,0.021428,0.016272,0.114459
67960,0.014991,0.011209,0.070019
67970,0.040321,0.030501,0.165020
67980,0.041077,0.030766,0.159642
67990,0.035905,0.026991,0.147353
68000,0.021840,0.016100,0.118667
68010,0.042789,0.032565,0.163946
68020,0.040600,0.031301,0.162785
68030,0.034242,0.026625,0.158802
68040,0.025005,0.018904,0.122642
68050,0.033410,0.025088,0.152541
68060,0.009313,0.006775,0.084553
68070,0.027143,0.020396,0.133948
68080,0.027802,0.020795,0.135970
68090,0.008057,0.006022,0.081034
68100,0.016184,0.012304,0.105699
68110,0.042621,0.032349,0.173751
68120,0.017302,0.013266,0.133911
68130,0.018516,0.014028,0.115135
68140,0.022523,0.017356,0.110021
68150,0.015466,0.011477,0.079886
68160,0.006648,0.004809,0.099891
68170,0.026015,0.019481,0.135289
68180,0.006788,0.004912,0.058990
68190,0.044770,0.033449,0.176301
68200,0.014132,0.009926,0.123306
68210,0.021365,0.016054,0.121191
68220,0.030782,0.023142,0.141214
68230,0.029038,0.021945,0.154834
68240,0.031401,0.023611,0.149940
68250,0.038735,0.029400,0.166366
68260,0.017934,0.013181,0.111545
68270,0.023725,0.017832,0.102300
68280,0.026008,0.019791,0.134552
68290,0.019775,0.014796,0.121505
68300,0.038403,0.028911,0.158833
68310,0.012885,0.009660,0.103643
68320,0.025715,0.019349,0.137891
68330,0.033856,0.024980,0.164364
68340,0.030614,0.023157,0.144876
68350,0.028400,0.021496,0.133769
68360,0.003115,0.002338,0.026444
68370,0.015707,0.011791,0.081627
68380,0.026191,0.019719,0.127929
68390,0.006275,0.004654,0.078180
68400,0.002083,0.001581,0.047240
68410,0.007550,0.005417,0.082621
68420,0.027971,0.021283,0.140177
68430,0.016350,0.012271,0.068405
68440,0.019667,0.014782,0.112402
68450,0.003453,0.002520,0.076781
68460,0.013075,0.009729,0.104495
68470,0.020127,0.013257,0.120662
68480,0.033270,0.025234,0.139778
68490,0.017118,0.012873,0.101730
68500,0.023196,0.017648,0.129965
68510,0.019753,0.014854,0.114554
68520,0.011551,0.008542,0.097662
68530,0.015960,0.012073,0.120683
68540,0.023063,0.017644,0.125930
68550,0.018198,0.013781,0.137325
68560,0.030951,0.023388,0.139545
68570,0.010859,0.008162,0.084543
68580,0.025600,0.019418,0.139390
68590,0.013899,0.010667,0.096062
68600,0.029130,0.022225,0.138578
68610,0.040781,0.030983,0.165462
68620,0.030678,0.023281,0.117389
68630,0.008936,0.006687,0.065552
68640,0.029710,0.022193,0.144337
68650,0.024360,0.018360,0.123459
68660,0.010991,0.008067,0.092652
68670,0.005606,0.003877,0.095202
68680,0.022720,0.017007,0.128328
68690,0.023865,0.018360,0.118048
68700,0.015850,0.011675,0.098972
68710,0.011805,0.008839,0.054155
68720,0.003771,0.002838,0.119737
68730,0.021588,0.016152,0.132445
68740,0.000230,0.000201,0.656692
68750,0.019346,0.014585,0.091569
68760,0.023398,0.017762,0.122813
68770,0.020094,0.016061,0.115217
68780,0.033671,0.024863,0.161791
68790,0.047851,0.036043,0.172888
68800,0.035540,0.026654,0.159429
68810,0.032001,0.024183,0.153137
68820,0.035044,0.026631,0.154560
68830,0.035027,0.026989,0.160613
68840,0.045835,0.034689,0.183213
68850,0.024850,0.018535,0.110039
68860,0.019575,0.014632,0.110642
68870,0.009732,0.007091,0.130669
68880,0.012795,0.009229,0.101716
68890,0.012856,0.009652,0.092589
68900,0.023185,0.017495,0.129436
68910,0.013841,0.010526,0.070521
68920,0.018102,0.013301,0.122649
68930,0.022265,0.016756,0.098838
68940,0.018705,0.014064,0.084495
68950,0.000589,0.000389,0.462447
68960,0.015917,0.011851,0.089423
68970,0.047931,0.036153,0.178009
68980,0.025990,0.019703,0.127345
68990,0.022498,0.016717,0.117540
69000,0.020784,0.015966,0.117889
69010,0.015554,0.011590,0.107859
69020,0.010699,0.007979,0.092866
69030,0.012438,0.009321,0.093723
69040,0.036508,0.027523,0.159470
69050,0.016303,0.012097,0.107637
69060,0.013939,0.010225,0.116700
69070,0.020186,0.015314,0.088497
69080,0.023168,0.017292,0.116004
69090,0.018738,0.013565,0.095461
69100,0.012921,0.009840,0.081445
69110,0.026254,0.019829,0.132644
69120,0.023860,0.017788,0.130904
69130,0.024488,0.018489,0.126946
69140,0.032568,0.024912,0.130420
69150,0.055423,0.041141,0.201395
69160,0.027205,0.020326,0.139846
69170,0.011062,0.008235,0.107182
69180,0.020952,0.015767,0.115091
69190,0.011841,0.008962,0.098688
69200,0.018721,0.013795,0.120231
69210,0.017021,0.012656,0.117373
69220,0.015909,0.012006,0.077915
69230,0.020660,0.015517,0.127763
69240,0.019863,0.014899,0.115678
69250,0.011115,0.008296,0.076935
69260,0.023128,0.017282,0.107090
69270,0.025798,0.019389,0.124348
69280,0.010586,0.008124,0.144488
69290,0.008316,0.006159,0.080226
69300,0.027343,0.020715,0.129456
69310,0.024333,0.017717,0.132965
69320,0.016443,0.012363,0.121299
69330,0.018192,0.013273,0.106833
69340,0.046212,0.034786,0.183525
69350,0.014758,0.011109,0.104834
69360,0.038524,0.029260,0.158261
69370,0.015515,0.011592,0.105427
69380,0.009425,0.007093,0.062516
69390,0.001240,0.000814,0.073962
69400,0.025589,0.019468,0.129098
69410,0.006061,0.004424,0.095822
69420,0.012005,0.008433,0.124933
69430,0.016419,0.012325,0.099131
69440,0.020049,0.016104,0.113082
69450,0.025692,0.019364,0.135188
69460,0.015758,0.011956,0.080106
69470,0.016988,0.012657,0.106397
69480,0.013175,0.009885,0.097237
69490,0.024938,0.018600,0.132707
69500,0.031354,0.023645,0.143545
69510,0.019628,0.014689,0.118245
69520,0.026150,0.019818,0.141240
69530,0.023394,0.017712,0.129199
69540,0.029082,0.021887,0.119088
69550,0.020880,0.015888,0.106789
69560,0.001018,0.000753,0.051578
69570,0.023841,0.018203,0.131351
69580,0.024006,0.018220,0.126309
69590,0.014211,0.010547,0.093912
69600,0.014470,0.010852,0.090411
69610,0.022825,0.016780,0.135493
69620,0.034713,0.026404,0.141277
69630,0.019832,0.015026,0.093653
69640,0.036794,0.027864,0.153663
69650,0.016186,0.012064,0.117028
69660,0.004414,0.003315,0.067858
69670,0.027265,0.020644,0.139235
69680,0.011344,0.008444,0.082045
69690,0.010730,0.007959,0.089512
69700,0.010697,0.007858,0.090324
69710,0.024390,0.018488,0.126467
69720,0.010105,0.007571,0.066932
69730,0.013655,0.010161,0.096084
69740,0.021474,0.016099,0.138527
69750,0.056058,0.042650,0.200312
69760,0.033424,0.025399,0.140967
69770,0.018490,0.014023,0.107418
69780,0.039884,0.030374,0.158406
69790,0.007200,0.005156,0.077808
69800,0.028983,0.021737,0.149883
69810,0.035124,0.026569,0.160316
69820,0.017668,0.013460,0.099667
69830,0.031472,0.023905,0.129720
69840,0.067786,0.047877,0.208190
69850,0.019787,0.014352,0.118724
69860,0.020797,0.015740,0.116701
69870,0.024735,0.018867,0.123291
69880,0.011581,0.008691,0.063908
69890,0.044635,0.033859,0.173379
69900,0.025488,0.019118,0.128285
69910,0.022124,0.016538,0.130616
69920,0.013092,0.009725,0.104547
69930,0.040147,0.030297,0.158616
69940,0.022572,0.017039,0.122939
69950,0.022805,0.017471,0.116595
69960,0.058136,0.045565,0.214703
69970,0.030362,0.023286,0.140277
69980,0.035119,0.026523,0.139629
69990,0.008032,0.006084,0.039343
70000,0.023589,0.017892,0.123851
70010,0.011583,0.009593,0.047719
70020,0.037423,0.028172,0.163338
70030,0.027574,0.020926,0.146803
70040,0.030379,0.022932,0.147589
70050,0.018030,0.013640,0.107259
70060,0.020384,0.015114,0.088426
70070,0.015263,0.011552,0.118197
70080,0.024054,0.017890,0.132677
70090,0.040629,0.030604,0.172997
70100,0.014528,0.010852,0.112826
70110,0.013090,0.009700,0.099906
70120,0.028424,0.021189,0.147252
70130,0.026748,0.019929,0.136452
70140,0.033172,0.025093,0.151987
70150,0.014325,0.010598,0.115798
70160,0.033791,0.025399,0.152016
70170,0.040591,0.030684,0.154045
70180,0.027689,0.020808,0.137535
70190,0.009463,0.007117,0.049421
70200,0.015369,0.011728,0.108884
70210,0.024935,0.018867,0.125113
70220,0.048568,0.037401,0.195198
70230,0.020460,0.015457,0.117253
70240,0.006411,0.004623,0.103185
70250,0.026383,0.020296,0.136494
70260,0.042525,0.032572,0.159077
70270,0.031583,0.023766,0.122011
70280,0.015961,0.012046,0.068067
70290,0.010650,0.008060,0.087551
70300,0.029944,0.022455,0.137064
70310,0.016956,0.012658,0.097661
70320,0.025024,0.018914,0.141819
70330,0.030375,0.023233,0.158812
70340,0.002931,0.002139,0.023953
70350,0.020225,0.015226,0.126965
70360,0.015432,0.011464,0.110374
70370,0.009667,0.007172,0.084857
70380,0.029293,0.022662,0.138604
70390,0.021649,0.016389,0.122023
70400,0.022395,0.016524,0.131643
70410,0.004078,0.003012,0.075219
70420,0.023261,0.017557,0.133498
70430,0.015717,0.011992,0.100005
70440,0.026182,0.019782,0.140170
70450,0.024486,0.018481,0.129481
70460,0.019828,0.015045,0.126415
70470,0.030120,0.022816,0.143045
70480,0.022076,0.016591,0.120394
70490,0.041793,0.031632,0.161804
70500,0.044162,0.033084,0.183424
70510,0.000894,0.000592,0.067417
70520,0.050063,0.037818,0.173652
70530,0.026227,0.019874,0.124597
70540,0.033029,0.025197,0.146162
70550,0.032857,0.024882,0.145691
70560,0.002733,0.001971,0.113075
70570,0.041284,0.031405,0.170676
70580,0.004785,0.003396,0.186658
70590,0.028935,0.021775,0.142479
70600,0.010579,0.007910,0.056987
70610,0.016306,0.011806,0.116510
70620,0.012194,0.008926,0.092067
70630,0.016841,0.013017,0.078885
70640,0.037476,0.028536,0.153897
70650,0.021798,0.016510,0.130932
70660,0.005799,0.004336,0.044366
70670,0.024098,0.018691,0.129851
70680,0.025310,0.018767,0.119943
70690,0.035272,0.026461,0.145886
70700,0.017777,0.013233,0.111354
70710,0.028467,0.021213,0.115761
70720,0.018619,0.013299,0.127553
70730,0.008877,0.007336,0.097148
70740,0.030911,0.023126,0.151109
70750,0.025022,0.018768,0.127093
70760,0.020859,0.015532,0.113929
70770,0.023829,0.017930,0.123927
70780,0.014614,0.010765,0.102830
70790,0.026196,0.019658,0.115986
70800,0.036899,0.028157,0.157814
70810,0.054633,0.041472,0.204458
70820,0.030305,0.023097,0.145193
70830,0.005847,0.003986,0.095955
70840,0.028714,0.021600,0.131921
70850,0.013056,0.009828,0.100972
70860,0.025416,0.019758,0.144330
70870,0.023891,0.017917,0.115367
70880,0.033073,0.024980,0.138067
70890,0.011444,0.008659,0.080514
70900,0.025819,0.019277,0.110293
70910,0.036444,0.027638,0.148098
70920,0.012859,0.009549,0.068189
70930,0.018451,0.014017,0.107427
70940,0.021993,0.016840,0.131353
70950,0.035589,0.027031,0.152192
70960,0.022216,0.016292,0.134836
70970,0.013001,0.009584,0.096131
70980,0.016547,0.012399,0.112531
70990,0.006483,0.004536,0.085698
71000,0.026756,0.020019,0.135286
71010,0.027714,0.021278,0.131258
71020,0.035005,0.026396,0.162877
71030,0.034390,0.026020,0.146372
71040,0.020363,0.015229,0.115078
71050,0.024162,0.018126,0.139640
71060,0.011885,0.008909,0.095861
71070,0.018673,0.014071,0.085461
71080,0.011191,0.008382,0.098722
71090,0.026026,0.019580,0.128223
71100,0.009912,0.007435,0.082685
71110,0.013584,0.010106,0.103625
71120,0.028895,0.022045,0.129051
71130,0.028348,0.021463,0.132163
71140,0.023979,0.018529,0.102938
71150,0.021906,0.016503,0.112870
71160,0.000438,0.000327,0.095295
71170,0.015850,0.011948,0.109250
71180,0.029464,0.022431,0.134311
71190,0.010285,0.007676,0.091125
71200,0.024066,0.018275,0.132144
71210,0.028826,0.021661,0.141940
71220,0.053887,0.040765,0.200224
71230,0.008203,0.006018,0.092269
71240,0.015727,0.011823,0.118777
71250,0.023097,0.017229,0.133605
71260,0.024547,0.018642,0.127133
71270,0.012339,0.009338,0.093884
71280,0.019699,0.014905,0.113429
71290,0.025998,0.019322,0.139534
71300,0.019257,0.014364,0.104768
71310,0.012776,0.009376,0.085260
71320,0.036210,0.027076,0.167296
71330,0.025038,0.018945,0.109343
71340,0.037042,0.027692,0.166894
71350,0.010331,0.007450,0.127579
71360,0.017234,0.012933,0.115866
71370,0.041809,0.031905,0.154030
71380,0.050946,0.038253,0.191116
71390,0.013297,0.010221,0.077379
71400,0.004528,0.003145,0.087908
71410,0.017994,0.013437,0.124966
71420,0.022918,0.018351,0.089672
71430,0.014865,0.011106,0.078128
71440,0.015954,0.011937,0.108949
71450,0.032660,0.024627,0.148609
71460,0.017265,0.013122,0.109515
71470,0.031654,0.022489,0.171310
71480,0.035486,0.026854,0.164291
71490,0.019510,0.014775,0.093575
71500,0.012202,0.009427,0.075824
71510,0.037216,0.028287,0.157931
71520,0.029912,0.022415,0.137863
71530,0.034966,0.026863,0.157978
71540,0.003211,0.002299,0.047683
71550,0.004827,0.003459,0.064663
71560,0.035156,0.026348,0.160623
71570,0.006931,0.004982,0.089204
71580,0.001153,0.000804,0.116970
71590,0.017773,0.013433,0.099577
71600,0.015709,0.011895,0.083092
71610,0.019744,0.014915,0.113763
71620,0.010481,0.007714,0.093505
71630,0.015079,0.011476,0.091433
71640,0.016599,0.012308,0.108035
71650,0.026810,0.020164,0.144043
71660,0.031235,0.023546,0.137701
71670,0.027099,0.020330,0.153358
71680,0.041269,0.031113,0.169505
71690,0.010807,0.007506,0.118211
71700,0.018331,0.013826,0.089867
71710,0.027585,0.020534,0.144578
71720,0.026763,0.020364,0.139207
71730,0.035098,0.026620,0.157796
71740,0.027133,0.020693,0.133880
71750,0.019433,0.014749,0.099892
71760,0.002050,0.001529,0.013835
71770,0.027754,0.019141,0.117684
71780,0.024606,0.018410,0.141655
71790,0.031408,0.024074,0.141544
71800,0.023589,0.017966,0.129234
71810,0.010370,0.007579,0.095505
71820,0.006817,0.005068,0.097595
71830,0.020502,0.015479,0.115514
71840,0.032703,0.024661,0.150950
71850,0.029479,0.022365,0.135111
71860,0.015666,0.012041,0.086232
71870,0.028307,0.021679,0.132343
71880,0.017795,0.013228,0.123910
71890,0.030691,0.022947,0.144144
71900,0.027071,0.019941,0.136004
71910,0.025324,0.019066,0.113593
71920,0.013704,0.010315,0.100540
71930,0.007616,0.005418,0.033823
71940,0.024019,0.018224,0.132303
71950,0.022093,0.017035,0.127350
71960,0.011114,0.008261,0.083152
71970,0.021438,0.016190,0.115868
71980,0.020759,0.015675,0.106379
71990,0.027506,0.021109,0.117294
72000,0.036615,0.027399,0.160184
72010,0.013512,0.010348,0.115880
72020,0.009286,0.006391,0.058397
72030,0.022383,0.016697,0.129689
72040,0.032841,0.024985,0.145623
72050,0.020492,0.015449,0.113856
72060,0.040826,0.030768,0.168421
72070,0.031158,0.023563,0.128743
72080,0.050045,0.037899,0.184328
72090,0.014469,0.010837,0.105081
72100,0.023848,0.017847,0.113046
72110,0.014334,0.010650,0.110579
72120,0.036174,0.029805,0.152575
72130,0.033931,0.025506,0.148526
72140,0.023584,0.017283,0.153484
72150,0.012266,0.009270,0.059260
72160,0.021533,0.016259,0.129189
72170,0.019569,0.014552,0.134523
72180,0.044886,0.034026,0.164309
72190,0.041519,0.031518,0.156407
72200,0.028868,0.021995,0.137725
72210,0.037197,0.028046,0.156525
72220,0.013386,0.010023,0.106590
72230,0.031006,0.023396,0.136055
72240,0.032111,0.023671,0.156443
72250,0.006186,0.004435,0.121658
72260,0.027690,0.020972,0.141700
72270,0.032602,0.024886,0.145704
72280,0.008221,0.006245,0.042114
72290,0.001376,0.001048,0.009297
72300,0.050144,0.037847,0.189497
72310,0.015028,0.010981,0.106984
72320,0.017822,0.013354,0.105435
72330,0.011224,0.008293,0.082806
72340,0.033090,0.025277,0.147207
72350,0.017173,0.012749,0.109579
72360,0.029484,0.022140,0.139952
72370,0.020130,0.015152,0.110990
72380,0.009377,0.006730,0.106669
72390,0.015973,0.011775,0.117672
72400,0.025759,0.019236,0.142008
72410,0.010566,0.007882,0.076941
72420,0.013447,0.010163,0.098049
72430,0.022185,0.015688,0.117656
72440,0.038337,0.028943,0.144322
72450,0.018939,0.014272,0.105730
72460,0.025996,0.019610,0.133550
72470,0.013980,0.010335,0.085119
72480,0.040565,0.030847,0.169188
72490,0.011960,0.008976,0.086596
72500,0.027631,0.020868,0.142417
72510,0.020325,0.015183,0.116580
72520,0.010511,0.007756,0.082302
72530,0.019547,0.014700,0.109533
72540,0.023318,0.017762,0.111475
72550,0.011518,0.008615,0.098254
72560,0.016366,0.012312,0.105405
72570,0.021139,0.015995,0.121767
72580,0.018911,0.014271,0.101925
72590,0.022784,0.016938,0.122259
72600,0.011341,0.008593,0.062497
72610,0.013546,0.010064,0.096688
72620,0.028893,0.021781,0.145127
72630,0.005759,0.004294,0.072749
72640,0.022179,0.016714,0.110441
72650,0.020835,0.015717,0.118015
72660,0.031384,0.023974,0.151572
72670,0.006292,0.004481,0.076267
72680,0.040842,0.030973,0.148336
72690,0.037697,0.028411,0.161825
72700,0.041708,0.031939,0.152251
72710,0.034616,0.026435,0.148795
72720,0.018784,0.014090,0.108000
72730,0.016648,0.012495,0.088833
72740,0.043556,0.033011,0.170893
72750,0.022154,0.016631,0.123528
72760,0.011019,0.008190,0.105540
72770,0.021104,0.015663,0.124823
72780,0.028225,0.021403,0.132367
72790,0.038436,0.029029,0.161717
72800,0.024468,0.018516,0.127073
72810,0.009900,0.007424,0.066222
72820,0.019618,0.015440,0.092908
72830,0.049971,0.038248,0.178678
72840,0.010044,0.006984,0.111114
72850,0.019931,0.014998,0.119162
72860,0.015190,0.011391,0.105296
72870,0.019100,0.014251,0.119360
72880,0.022018,0.016647,0.118285
72890,0.015954,0.012094,0.108768
72900,0.028069,0.021216,0.127832
72910,0.014837,0.010968,0.103460
72920,0.020580,0.015690,0.116789
72930,0.025852,0.019624,0.126024
72940,0.018531,0.013768,0.112611
72950,0.033146,0.024998,0.149623
72960,0.025243,0.018942,0.141272
72970,0.022678,0.017195,0.100281
72980,0.023603,0.017645,0.115059
72990,0.020458,0.015360,0.123005
73000,0.015147,0.011275,0.121300
73010,0.014684,0.011331,0.079552
73020,0.036494,0.027707,0.150898
73030,0.034665,0.026239,0.148494
73040,0.001206,0.000999,0.007354
73050,0.026504,0.019914,0.137029
73060,0.033575,0.025552,0.135253
73070,0.018893,0.014316,0.128231
73080,0.035160,0.026643,0.156658
73090,0.035015,0.026799,0.141421
73100,0.016748,0.012796,0.085982
73110,0.029892,0.022692,0.138166
73120,0.009502,0.007236,0.053745
73130,0.005346,0.004082,0.036383
73140,0.000418,0.000303,0.171816
73150,0.023215,0.017346,0.125184
73160,0.038056,0.029176,0.157164
73170,0.040854,0.030879,0.168613
73180,0.039188,0.029960,0.164611
73190,0.010743,0.007923,0.078048
73200,0.016252,0.012209,0.094913
73210,0.020039,0.015080,0.091342
73220,0.033063,0.025294,0.145476
73230,0.023997,0.018155,0.122563
73240,0.018886,0.014248,0.107436
73250,0.024392,0.018306,0.133202
73260,0.028838,0.021586,0.141253
73270,0.011896,0.009063,0.086521
73280,0.031869,0.024384,0.141495
73290,0.007390,0.005731,0.051486
73300,0.020727,0.015614,0.125692
73310,0.020259,0.015178,0.125188
73320,0.028478,0.021436,0.144282
73330,0.008944,0.006752,0.056112
73340,0.011899,0.008887,0.073176
73350,0.026283,0.019565,0.142172
73360,0.011790,0.008910,0.093784
73370,0.026958,0.020204,0.132411
73380,0.032877,0.024782,0.149543
73390,0.016042,0.011837,0.107764
73400,0.040096,0.030242,0.167698
73410,0.014392,0.011164,0.103977
73420,0.027028,0.020387,0.123788
73430,0.046520,0.035053,0.185981
73440,0.023708,0.018027,0.118854
73450,0.021465,0.016249,0.121252
73460,0.013763,0.010148,0.077941
73470,0.029205,0.022083,0.121210
73480,0.012279,0.009245,0.051934
73490,0.025507,0.019319,0.125791
73500,0.017667,0.013320,0.086033
73510,0.026404,0.019740,0.130675
73520,0.043672,0.032883,0.169279
73530,0.020760,0.015647,0.121431
73540,0.020992,0.015822,0.112576
73550,0.018376,0.013810,0.113237
73560,0.020459,0.015168,0.116246
73570,0.019468,0.014521,0.110643
73580,0.002141,0.001487,0.064054
73590,0.015252,0.011771,0.086855
73600,0.020748,0.015358,0.123797
73610,0.002010,0.001462,0.017889
73620,0.014330,0.010611,0.092313
73630,0.033430,0.025447,0.140819
73640,0.016777,0.012660,0.107609
73650,0.028270,0.021232,0.120979
73660,0.010046,0.007351,0.081977
73670,0.019281,0.014422,0.118231
73680,0.014196,0.010551,0.099127
73690,0.016916,0.012634,0.116135
73700,0.024434,0.018635,0.125835
73710,0.029858,0.022719,0.131129
73720,0.032727,0.024440,0.160271
73730,0.027959,0.020872,0.147939
73740,0.022559,0.016900,0.122853
73750,0.025105,0.018942,0.129196
73760,0.014601,0.010947,0.116805
73770,0.026409,0.018188,0.187045
73780,0.029289,0.022370,0.122106
73790,0.029684,0.022455,0.137792
73800,0.019766,0.015026,0.111910
73810,0.024111,0.018108,0.120036
73820,0.025960,0.019415,0.114984
73830,0.018761,0.014059,0.108136
73840,0.021997,0.016602,0.113095
73850,0.031343,0.023844,0.145971
73860,0.023595,0.018002,0.111008
73870,0.020674,0.015771,0.108469
73880,0.037693,0.028234,0.154961
73890,0.015264,0.011504,0.096432
73900,0.026708,0.020181,0.128830
73910,0.016842,0.010226,0.081571
73920,0.000501,0.000339,0.127881
73930,0.019257,0.014737,0.109527
73940,0.014433,0.010836,0.091580
73950,0.013167,0.010038,0.076068
73960,0.005234,0.004095,0.035023
73970,0.003233,0.002358,0.024363
73980,0.032423,0.024499,0.146304
73990,0.029598,0.022302,0.135377
74000,0.001043,0.000752,0.096841
74010,0.022769,0.016545,0.131861
74020,0.034278,0.026022,0.129191
74030,0.031156,0.023463,0.142603
74040,0.021122,0.016111,0.111969
74050,0.024281,0.018058,0.128312
74060,0.000003,0.000005,0.000014
74070,0.037406,0.028304,0.156833
74080,0.025726,0.019707,0.142338
74090,0.023394,0.017651,0.115504
74100,0.025608,0.019170,0.134777
74110,0.041143,0.031055,0.156156
74120,0.006311,0.004620,0.072930
74130,0.044769,0.034125,0.176916
74140,0.031591,0.024094,0.148055
74150,0.013484,0.010005,0.068499
74160,0.014848,0.011129,0.110806
74170,0.011264,0.008540,0.084660
74180,0.014881,0.011418,0.077729
74190,0.044221,0.033753,0.180059
74200,0.007761,0.005699,0.086135
74210,0.017525,0.013648,0.084145
74220,0.021617,0.016352,0.114867
74230,0.023187,0.017631,0.133352
74240,0.017470,0.013207,0.107950
74250,0.019096,0.014176,0.112339
74260,0.004602,0.003369,0.068381
74270,0.032243,0.024452,0.143373
74280,0.022644,0.017134,0.117352
74290,0.025070,0.018705,0.139811
74300,0.018273,0.013676,0.118102
74310,0.012816,0.009507,0.106571
74320,0.007008,0.005269,0.044360
74330,0.019616,0.014749,0.108188
74340,0.017166,0.012781,0.109203
74350,0.038578,0.029307,0.164962
74360,0.020087,0.015187,0.102910
74370,0.021868,0.016320,0.119832
74380,0.004323,0.003286,0.072266
74390,0.017660,0.013435,0.100958
74400,0.018321,0.013827,0.100518
74410,0.013334,0.009960,0.102880
74420,0.025235,0.018682,0.147996
74430,0.031146,0.023429,0.122669
74440,0.015863,0.011993,0.088709
74450,0.024031,0.018161,0.138245
74460,0.019287,0.014470,0.103660
74470,0.031827,0.023996,0.149848
74480,0.006757,0.005201,0.076285
74490,0.006965,0.005451,0.075524
74500,0.045094,0.034309,0.173204
74510,0.035307,0.026824,0.150448
74520,0.017631,0.013294,0.091204
74530,0.032126,0.024539,0.143149
74540,0.023230,0.017493,0.121494
74550,0.015428,0.011344,0.107361
74560,0.032841,0.024638,0.152840
74570,0.014250,0.011301,0.100264
74580,0.015075,0.011269,0.106008
74590,0.020411,0.015290,0.120350
74600,0.028478,0.021596,0.137959
74610,0.015453,0.012783,0.107047
74620,0.023391,0.017557,0.111948
74630,0.016583,0.012490,0.088775
74640,0.048581,0.036651,0.173759
74650,0.026007,0.019695,0.106873
74660,0.006427,0.004604,0.110460
74670,0.046066,0.035340,0.181543
74680,0.019112,0.014306,0.096061
74690,0.019548,0.014629,0.117831
74700,0.032671,0.024476,0.145115
74710,0.030314,0.022934,0.128234
74720,0.009847,0.007388,0.086168
74730,0.014983,0.011426,0.122081
74740,0.000000,0.000000,0.000001
74750,0.001105,0.000862,0.008206
74760,0.016037,0.012580,0.063653
74770,0.032326,0.024594,0.149096
74780,0.028002,0.021335,0.122854
74790,0.015595,0.011867,0.073851
74800,0.034304,0.025898,0.140537
74810,0.029720,0.022557,0.145873
74820,0.006937,0.005112,0.080652
74830,0.020185,0.015239,0.118026
74840,0.031077,0.023928,0.127467
74850,0.001501,0.001016,0.014504
74860,0.012404,0.009545,0.108308
74870,0.011938,0.008586,0.104854
74880,0.029830,0.022435,0.123761
74890,0.000062,0.000054,0.654649
74900,0.005799,0.004234,0.082871
74910,0.016001,0.011987,0.098814
74920,0.009735,0.007294,0.085018
74930,0.018916,0.014389,0.116390
74940,0.002799,0.002070,0.318225
74950,0.018587,0.014071,0.131588
74960,0.032028,0.024277,0.137558
74970,0.020864,0.015890,0.087787
74980,0.032162,0.024341,0.147544
74990,0.016671,0.012444,0.111985
75000,0.017286,0.013017,0.107450
75010,0.016530,0.012510,0.100321
75020,0.011841,0.009022,0.081990
75030,0.025723,0.019617,0.126061
75040,0.003425,0.002554,0.103468
75050,0.014212,0.010891,0.104108
75060,0.031778,0.024277,0.135072
75070,0.005331,0.003725,0.093685
75080,0.017077,0.012087,0.116890
75090,0.013790,0.010113,0.069895
75100,0.019683,0.014833,0.082048
75110,0.025337,0.019076,0.130891
75120,0.003224,0.002350,0.079801
75130,0.021043,0.014974,0.119443
75140,0.014854,0.010973,0.122564
75150,0.007796,0.005762,0.088809
75160,0.014506,0.010885,0.091995
75170,0.028674,0.022888,0.133963
75180,0.010309,0.007619,0.090782
75190,0.031577,0.023893,0.140250
75200,0.015783,0.012106,0.078738
75210,0.027915,0.021109,0.135502
75220,0.015664,0.011713,0.114878
75230,0.029144,0.022200,0.119359
75240,0.023641,0.017762,0.130403
75250,0.027281,0.020718,0.115299
75260,0.021917,0.016589,0.109658
75270,0.026751,0.020328,0.129475
75280,0.014976,0.011226,0.112968
75290,0.017727,0.013141,0.125582
75300,0.021253,0.016159,0.111262
75310,0.036827,0.027894,0.162547
75320,0.045468,0.033447,0.171781
75330,0.019930,0.014778,0.114023
75340,0.043798,0.032947,0.178152
75350,0.014393,0.010530,0.110435
75360,0.044525,0.033692,0.163108
75370,0.034452,0.025877,0.146180
75380,0.014438,0.010820,0.077364
75390,0.015056,0.011495,0.089232
75400,0.025149,0.018929,0.126905
75410,0.019156,0.014178,0.134049
75420,0.013569,0.009947,0.085676
75430,0.011068,0.008216,0.085384
75440,0.011455,0.008412,0.098921
75450,0.014315,0.010571,0.110681
75460,0.011673,0.008455,0.094922
75470,0.012972,0.009663,0.095568
75480,0.026487,0.019823,0.143795
75490,0.008125,0.006146,0.071010
75500,0.038515,0.029157,0.159635
75510,0.030695,0.023241,0.148034
75520,0.032710,0.025009,0.147627
75530,0.015817,0.011977,0.098016
75540,0.005670,0.004401,0.035310
75550,0.014909,0.011121,0.111085
75560,0.001442,0.000736,0.002959
75570,0.017684,0.013337,0.108720
75580,0.004323,0.003144,0.097991
75590,0.030096,0.022775,0.137378
75600,0.024731,0.018677,0.124243
75610,0.039347,0.030058,0.165084
75620,0.013273,0.010049,0.099943
75630,0.014697,0.011185,0.099896
75640,0.015442,0.011641,0.100456
75650,0.028559,0.021881,0.117366
75660,0.013992,0.010396,0.107981
75670,0.004732,0.003672,0.069986
75680,0.031707,0.024017,0.139235
75690,0.022465,0.017066,0.110604
75700,0.025737,0.019364,0.137659
75710,0.013075,0.009454,0.093813
75720,0.027363,0.020630,0.137215
75730,0.032029,0.024232,0.150770
75740,0.037697,0.028369,0.162852
75750,0.026131,0.019953,0.135369
75760,0.034394,0.026897,0.149683
75770,0.033537,0.025399,0.155192
75780,0.019272,0.014534,0.101532
75790,0.026658,0.020311,0.129817
75800,0.025799,0.019324,0.140437
75810,0.030703,0.023290,0.143059
75820,0.032136,0.024500,0.146775
75830,0.029726,0.022195,0.139704
75840,0.016485,0.012131,0.123555
75850,0.033989,0.025788,0.141544
75860,0.028506,0.021496,0.140319
75870,0.011745,0.008765,0.087307
75880,0.013733,0.010258,0.100445
75890,0.016622,0.012793,0.088466
75900,0.022900,0.017283,0.135424
75910,0.024042,0.018156,0.101953
75920,0.018103,0.013604,0.086048
75930,0.032941,0.025168,0.147384
75940,0.026982,0.020448,0.131109
75950,0.016734,0.012585,0.081215
75960,0.027492,0.020798,0.129436
75970,0.019926,0.014930,0.107781
75980,0.037527,0.028395,0.155384
75990,0.015000,0.011388,0.108659
76000,0.014095,0.010579,0.098689
76010,0.017142,0.012782,0.115092
76020,0.019385,0.014796,0.130042
76030,0.025580,0.019457,0.095106
76040,0.021443,0.015926,0.145583
76050,0.021989,0.016549,0.126769
76060,0.032889,0.024337,0.152022
76070,0.010944,0.008146,0.096007
76080,0.020730,0.015772,0.111115
76090,0.038432,0.028704,0.166930
76100,0.015631,0.011575,0.099753
76110,0.015371,0.011670,0.108602
76120,0.017695,0.013163,0.101686
76130,0.016804,0.012536,0.080905
76140,0.018409,0.013393,0.114053
76150,0.032793,0.024654,0.130283
76160,0.021884,0.016340,0.134673
76170,0.019406,0.014880,0.111835
76180,0.027089,0.020385,0.132575
76190,0.007714,0.005726,0.076443
76200,0.021094,0.015891,0.123374
76210,0.011786,0.008858,0.068821
76220,0.024201,0.018176,0.124463
76230,0.019164,0.014184,0.112043
76240,0.019742,0.013709,0.129390
76250,0.006921,0.005055,0.109216
76260,0.039210,0.029586,0.160742
76270,0.012998,0.009807,0.102793
76280,0.018754,0.014132,0.089421
76290,0.021040,0.016031,0.096959
76300,0.014612,0.011198,0.081792
76310,0.021116,0.015899,0.096989
76320,0.009094,0.006703,0.087824
76330,0.039646,0.030264,0.157726
76340,0.005118,0.003656,0.092746
76350,0.004824,0.003545,0.085940
76360,0.021221,0.016213,0.107938
76370,0.020646,0.015643,0.138665
76380,0.019270,0.014573,0.114665
76390,0.004434,0.003291,0.082452
76400,0.015821,0.012010,0.081821
76410,0.027922,0.021481,0.140229
76420,0.030720,0.023189,0.142926
76430,0.022099,0.016580,0.122226
76440,0.005210,0.003978,0.031620
76450,0.004210,0.003208,0.032190
76460,0.017541,0.013227,0.111586
76470,0.030406,0.023007,0.133255
76480,0.011025,0.007243,0.040139
76490,0.029827,0.022827,0.137473
76500,0.009759,0.007102,0.095748
76510,0.029245,0.022094,0.139504
76520,0.042292,0.032266,0.160137
76530,0.033350,0.025304,0.156334
76540,0.019558,0.014188,0.129825
76550,0.006529,0.004658,0.133328
76560,0.014983,0.011299,0.080832
76570,0.012108,0.008933,0.089426
76580,0.016901,0.012774,0.072691
76590,0.004222,0.003417,0.108342
76600,0.004100,0.003233,0.023955
76610,0.011976,0.008934,0.079220
76620,0.021248,0.015953,0.088637
76630,0.035018,0.026620,0.142558
76640,0.026101,0.019837,0.138797
76650,0.021657,0.016442,0.130346
76660,0.024728,0.019565,0.129752
76670,0.011231,0.008280,0.060111
76680,0.013531,0.010047,0.078158
76690,0.026138,0.019764,0.132062
76700,0.002069,0.001525,0.037893
76710,0.029622,0.022556,0.144696
76720,0.020650,0.015803,0.094337
76730,0.014535,0.010882,0.092993
76740,0.015518,0.011465,0.088847
76750,0.018270,0.013420,0.111919
76760,0.024230,0.018504,0.115457
76770,0.024852,0.019244,0.127856
76780,0.014896,0.011004,0.107176
76790,0.011661,0.008523,0.092800
76800,0.020071,0.015115,0.092611
76810,0.013284,0.009835,0.118251
76820,0.012361,0.009271,0.087316
76830,0.017994,0.013344,0.099603
76840,0.020254,0.015178,0.126242
76850,0.011453,0.008469,0.096845
76860,0.025536,0.018984,0.137087
76870,0.003621,0.002441,0.085345
76880,0.015516,0.011576,0.084805
76890,0.009141,0.006819,0.061994
76900,0.031913,0.024022,0.151280
76910,0.043059,0.032508,0.173322
76920,0.012525,0.009446,0.092238
76930,0.018882,0.014211,0.089899
76940,0.005256,0.003603,0.028074
76950,0.015003,0.011294,0.098586
76960,0.018488,0.013506,0.111974
76970,0.003862,0.002791,0.069848
76980,0.024624,0.018631,0.132616
76990,0.030988,0.023269,0.150382
77000,0.027411,0.020868,0.143175
77010,0.035750,0.027201,0.139413
77020,0.026485,0.019956,0.129665
77030,0.020875,0.015844,0.125941
77040,0.032377,0.024547,0.145838
77050,0.003790,0.002890,0.056403
77060,0.030667,0.023454,0.139773
77070,0.001390,0.001062,0.011725
77080,0.004383,0.003121,0.020029
77090,0.019872,0.014895,0.110660
77100,0.028363,0.019973,0.126088
77110,0.021357,0.016412,0.091330
77120,0.011305,0.008349,0.085485
77130,0.012940,0.009182,0.122229
77140,0.004318,0.003168,0.108947
77150,0.007959,0.005746,0.103388
77160,0.017879,0.013476,0.120211
77170,0.011031,0.008361,0.063788
77180,0.001055,0.000865,0.177706
77190,0.004966,0.003733,0.034593
77200,0.017649,0.013433,0.107620
77210,0.027805,0.020966,0.125199
77220,0.041484,0.031449,0.175286
77230,0.018272,0.011175,0.137305
77240,0.029684,0.022607,0.114887
77250,0.015161,0.011579,0.108514
77260,0.013243,0.010568,0.058282
77270,0.018973,0.014251,0.117657
77280,0.017859,0.013013,0.101581
77290,0.026492,0.020110,0.126652
77300,0.003958,0.002947,0.020953
77310,0.012384,0.008967,0.105484
77320,0.053118,0.040293,0.192949
77330,0.001778,0.001339,0.009198
77340,0.025670,0.019470,0.129481
77350,0.029364,0.022116,0.132907
77360,0.018702,0.013794,0.115697
77370,0.004115,0.003000,0.071471
77380,0.000244,0.000204,0.142458
77390,0.019905,0.015031,0.100955
77400,0.008191,0.005963,0.103428
77410,0.018765,0.013371,0.110858
77420,0.011386,0.008401,0.086128
77430,0.020862,0.015824,0.117389
77440,0.030117,0.022586,0.139411
77450,0.018657,0.014078,0.088064
77460,0.026445,0.019864,0.132236
77470,0.022065,0.016668,0.117280
77480,0.025263,0.019152,0.136016
77490,0.002142,0.001562,0.076588
77500,0.015041,0.011386,0.107820
77510,0.015450,0.011546,0.113683
77520,0.011645,0.008678,0.078630
77530,0.023962,0.018072,0.109261
77540,0.034664,0.028694,0.166037
77550,0.017518,0.013383,0.081674
77560,0.032628,0.024563,0.149022
77570,0.027454,0.020888,0.106713
77580,0.017999,0.013487,0.107285
77590,0.025611,0.019679,0.130293
77600,0.025626,0.018095,0.152112
77610,0.008651,0.006273,0.081917
77620,0.019714,0.014489,0.128219
77630,0.024156,0.018100,0.122969
77640,0.021691,0.016079,0.125711
77650,0.023164,0.017565,0.120093
77660,0.028611,0.021847,0.114338
77670,0.031574,0.023746,0.140248
77680,0.028637,0.021914,0.138976
77690,0.008791,0.007057,0.056888
77700,0.054030,0.041257,0.202256
77710,0.016812,0.012422,0.123448
77720,0.006220,0.004326,0.105471
77730,0.019676,0.014519,0.117432
77740,0.013046,0.009769,0.092652
77750,0.026518,0.019800,0.128345
77760,0.011775,0.008650,0.090574
77770,0.028290,0.021130,0.132919
77780,0.012305,0.009082,0.100812
77790,0.022945,0.017411,0.119288
77800,0.012026,0.008868,0.099428
77810,0.023818,0.018214,0.120337
77820,0.011639,0.008618,0.083232
77830,0.015603,0.011669,0.104349
77840,0.039567,0.030129,0.177734
77850,0.010761,0.008211,0.086270
77860,0.038288,0.029312,0.157783
77870,0.013590,0.010143,0.114140
77880,0.015629,0.011557,0.109268
77890,0.019065,0.014110,0.118198
77900,0.014806,0.011127,0.101055
77910,0.000821,0.000727,0.101021
77920,0.014070,0.010430,0.099395
77930,0.036569,0.027800,0.152921
77940,0.011356,0.008455,0.096903
77950,0.030693,0.023163,0.138973
77960,0.018910,0.014315,0.111005
77970,0.013871,0.010379,0.075613
77980,0.017707,0.013226,0.120101
77990,0.037242,0.028888,0.163692
78000,0.012498,0.009230,0.098499
78010,0.030770,0.023514,0.107745
78020,0.032808,0.024796,0.152781
78030,0.011226,0.008487,0.069396
78040,0.024314,0.018304,0.116859
78050,0.023266,0.017532,0.098295
78060,0.001663,0.001268,0.012607
78070,0.016271,0.012283,0.079964
78080,0.007091,0.004934,0.101971
78090,0.031133,0.023533,0.140406
78100,0.013460,0.009953,0.093944
78110,0.036590,0.027140,0.156891
78120,0.020407,0.015323,0.110278
78130,0.047975,0.038385,0.189872
78140,0.030632,0.022692,0.127182
78150,0.024301,0.018246,0.117527
78160,0.039074,0.029524,0.168073
78170,0.020242,0.015106,0.114205
78180,0.024291,0.018200,0.135528
78190,0.021895,0.016221,0.140095
78200,0.009430,0.006920,0.083376
78210,0.004194,0.002980,0.090747
78220,0.017710,0.013176,0.104593
78230,0.017112,0.012971,0.098241
78240,0.003974,0.002816,0.069209
78250,0.017000,0.012757,0.107638
78260,0.007437,0.005654,0.038744
78270,0.030040,0.022854,0.134945
78280,0.018476,0.013636,0.124156
78290,0.015720,0.011723,0.133530
78300,0.016236,0.011998,0.118875
78310,0.019743,0.014941,0.088602
78320,0.024449,0.018811,0.113179
78330,0.023442,0.017934,0.126465
78340,0.035199,0.026656,0.145583
78350,0.029183,0.021850,0.151336
78360,0.035275,0.026642,0.153254
78370,0.028730,0.021618,0.143185
78380,0.016320,0.012152,0.098720
78390,0.024806,0.018843,0.115783
78400,0.034904,0.026364,0.147623
78410,0.017629,0.013270,0.103659
78420,0.025495,0.019253,0.106938
78430,0.034491,0.026298,0.157741
78440,0.051282,0.039032,0.188719
78450,0.017183,0.012819,0.088259
78460,0.015590,0.011707,0.100822
78470,0.026383,0.019995,0.135000
78480,0.017561,0.013324,0.101206
78490,0.015340,0.011306,0.097542
78500,0.023096,0.017232,0.121162
78510,0.011855,0.009003,0.057007
78520,0.004235,0.003024,0.094237
78530,0.023673,0.017464,0.128187
78540,0.013124,0.009989,0.089793
78550,0.010154,0.007167,0.061402
78560,0.015937,0.012213,0.105512
78570,0.013950,0.010428,0.094253
78580,0.018238,0.013609,0.116373
78590,0.012467,0.009234,0.094873
78600,0.028873,0.021800,0.137608
78610,0.012689,0.009493,0.096386
78620,0.026370,0.019234,0.123302
78630,0.009352,0.006996,0.072906
78640,0.022729,0.017574,0.094441
78650,0.015329,0.011455,0.113217
78660,0.017945,0.013292,0.109237
78670,0.031479,0.023758,0.121263
78680,0.007605,0.004971,0.150652
78690,0.016589,0.012392,0.105522
78700,0.021856,0.016533,0.122162
78710,0.014589,0.010571,0.115833
78720,0.024019,0.018027,0.117599
78730,0.025737,0.019779,0.099285
78740,0.031365,0.023680,0.140422
78750,0.012776,0.009637,0.071364
78760,0.021478,0.016006,0.102838
78770,0.026002,0.019876,0.114476
78780,0.036669,0.027821,0.150693
78790,0.003248,0.002160,0.121970
78800,0.005691,0.003997,0.089203
78810,0.038991,0.029371,0.162788
78820,0.038618,0.029041,0.162731
78830,0.016811,0.012721,0.092047
78840,0.004430,0.003199,0.084387
78850,0.014997,0.011333,0.101140
78860,0.005335,0.003966,0.095213
78870,0.021705,0.016427,0.099797
78880,0.011855,0.009122,0.085242
78890,0.017476,0.013172,0.112233
78900,0.024980,0.018834,0.119810
78910,0.034739,0.026144,0.152055
78920,0.025582,0.019905,0.131881
78930,0.020172,0.015307,0.113010
78940,0.027381,0.020493,0.133917
78950,0.027367,0.020516,0.160734
78960,0.016347,0.012911,0.111094
78970,0.011696,0.008567,0.098194
78980,0.017869,0.013507,0.087284
78990,0.010025,0.007614,0.059727
79000,0.033148,0.025290,0.146988
79010,0.023640,0.017667,0.136429
79020,0.020188,0.015116,0.114809
79030,0.015011,0.011111,0.113003
79040,0.029439,0.022034,0.117927
79050,0.035145,0.026633,0.147945
79060,0.013038,0.009498,0.105540
79070,0.015364,0.011437,0.118952
79080,0.032574,0.024194,0.131354
79090,0.011374,0.008547,0.096571
79100,0.024576,0.018504,0.123163
79110,0.001017,0.000790,0.050016
79120,0.016744,0.012727,0.108254
79130,0.030230,0.022536,0.138234
79140,0.020116,0.015336,0.111885
79150,0.016925,0.012310,0.112379
79160,0.023648,0.017853,0.119264
79170,0.005039,0.003733,0.075942
79180,0.017068,0.012602,0.101925
79190,0.010765,0.007883,0.114333
79200,0.018382,0.013976,0.092445
79210,0.005104,0.003919,0.078033
79220,0.016260,0.012133,0.115592
79230,0.024413,0.018219,0.108086
79240,0.039159,0.029411,0.159507
79250,0.040034,0.030448,0.164117
79260,0.012385,0.009128,0.096039
79270,0.012219,0.009022,0.103559
79280,0.021976,0.016682,0.119852
79290,0.022104,0.016514,0.121022
79300,0.022996,0.017179,0.120615
79310,0.014262,0.010770,0.097880
79320,0.024392,0.018414,0.131045
79330,0.025579,0.019185,0.131781
79340,0.023025,0.017297,0.119494
79350,0.021687,0.016418,0.138981
79360,0.012005,0.009089,0.097499
79370,0.033015,0.025019,0.151732
79380,0.005092,0.003678,0.067678
79390,0.022310,0.016868,0.125861
79400,0.020312,0.015216,0.119881
79410,0.028352,0.021647,0.103294
79420,0.019073,0.014443,0.084035
79430,0.028247,0.020889,0.124369
79440,0.016646,0.012708,0.073335
79450,0.023224,0.017683,0.123332
79460,0.023033,0.017372,0.100272
79470,0.016026,0.012168,0.105919
79480,0.023135,0.017468,0.121918
79490,0.015389,0.011506,0.070533
79500,0.021384,0.016396,0.130461
79510,0.028334,0.021125,0.162497
79520,0.018017,0.013236,0.104702
79530,0.007575,0.005708,0.104503
79540,0.025805,0.019035,0.148393
79550,0.022279,0.016846,0.117512
79560,0.026207,0.019890,0.135912
79570,0.000624,0.000678,0.106057
79580,0.017698,0.012995,0.112201
79590,0.030111,0.022836,0.135654
79600,0.025054,0.018718,0.145686
79610,0.017179,0.012787,0.117148
79620,0.016819,0.012696,0.095857
79630,0.019046,0.014458,0.083146
79640,0.008467,0.006365,0.077002
79650,0.012172,0.009014,0.095045
79660,0.030137,0.022982,0.143621
79670,0.014658,0.011208,0.070958
79680,0.020538,0.015250,0.124822
79690,0.023381,0.017395,0.104587
79700,0.028747,0.021683,0.137177
79710,0.014455,0.010967,0.106579
79720,0.041496,0.031318,0.174458
79730,0.030735,0.023348,0.125197
79740,0.039573,0.029930,0.164385
79750,0.021985,0.016608,0.124516
79760,0.016626,0.012484,0.098668
79770,0.003669,0.002678,0.088154
79780,0.016057,0.012138,0.106294
79790,0.008741,0.006335,0.099629
79800,0.041776,0.031713,0.149178
79810,0.016357,0.012285,0.082312
79820,0.033765,0.025532,0.141696
79830,0.028946,0.021805,0.119112
79840,0.024236,0.018387,0.110816
79850,0.014478,0.010648,0.102180
79860,0.027990,0.021228,0.139484
79870,0.012234,0.009377,0.103597
79880,0.012690,0.009557,0.093217
79890,0.041808,0.031708,0.178291
79900,0.025841,0.019403,0.126260
79910,0.000030,0.000020,0.656301
79920,0.019204,0.014418,0.119834
79930,0.016543,0.012520,0.100273
79940,0.023145,0.017573,0.123063
79950,0.012680,0.009492,0.103565
79960,0.017613,0.013106,0.114672
79970,0.025215,0.019000,0.129273
79980,0.033483,0.025369,0.133493
79990,0.009211,0.006751,0.102774
80000,0.009390,0.006726,0.093635
80010,0.024670,0.018561,0.138357
80020,0.025466,0.019053,0.128490
80030,0.011798,0.008825,0.107743
80040,0.020414,0.015387,0.114323
80050,0.032520,0.024807,0.149958
80060,0.001765,0.001874,0.118352
80070,0.031812,0.024141,0.156123
80080,0.000401,0.000314,0.047241
80090,0.024036,0.018473,0.101124
80100,0.017654,0.013583,0.109218
80110,0.042790,0.032644,0.169382
80120,0.007076,0.005294,0.086284
80130,0.009565,0.007039,0.078070
80140,0.005171,0.003860,0.140721
80150,0.016150,0.012164,0.095300
80160,0.000258,0.000181,0.112593
80170,0.011525,0.008829,0.058955
80180,0.013479,0.010097,0.068269
80190,0.022250,0.016890,0.112765
80200,0.022291,0.016929,0.120653
80210,0.025829,0.019556,0.136018
80220,0.010961,0.008220,0.080053
80230,0.029814,0.022504,0.141526
80240,0.022987,0.017213,0.121607
80250,0.024794,0.018848,0.108876
80260,0.015039,0.011205,0.112502
80270,0.011261,0.008240,0.090387
80280,0.020054,0.015153,0.112466
80290,0.012936,0.009761,0.074537
80300,0.038540,0.029221,0.164933
80310,0.021094,0.016155,0.124532
80320,0.032788,0.025134,0.140892
80330,0.031221,0.022261,0.122683
80340,0.024760,0.018815,0.118947
80350,0.029036,0.022113,0.139112
80360,0.008306,0.006263,0.050863
80370,0.025468,0.018817,0.128954
80380,0.023541,0.018050,0.117013
80390,0.009441,0.006890,0.088964
80400,0.010072,0.007543,0.084567
80410,0.013337,0.009961,0.090202
80420,0.036534,0.027690,0.163053
80430,0.029567,0.022283,0.132594
80440,0.005239,0.003813,0.077650
80450,0.024087,0.018100,0.101929
80460,0.016477,0.012353,0.096380
80470,0.027690,0.020904,0.139101
80480,0.004741,0.003416,0.093101
80490,0.023110,0.017458,0.094696
80500,0.021063,0.016255,0.148111
80510,0.010385,0.007670,0.084396
80520,0.023652,0.017540,0.125704
80530,0.025502,0.019352,0.130020
80540,0.032368,0.024711,0.145002
80550,0.033477,0.026077,0.149808
80560,0.037450,0.028599,0.158398
80570,0.025619,0.019169,0.130293
80580,0.027892,0.021326,0.133842
80590,0.029169,0.021950,0.117313
80600,0.050177,0.038114,0.184368
80610,0.029236,0.021870,0.141368
80620,0.007293,0.005425,0.057812
80630,0.012212,0.008964,0.102300
80640,0.025452,0.019390,0.128892
80650,0.008928,0.006630,0.084556
80660,0.033168,0.025344,0.145844
80670,0.032364,0.024386,0.137724
80680,0.018064,0.013485,0.108397
80690,0.027138,0.020520,0.128035
80700,0.011765,0.008719,0.108701
80710,0.016026,0.012169,0.105314
80720,0.022993,0.017372,0.133122
80730,0.016361,0.012527,0.121336
80740,0.026101,0.019396,0.126052
80750,0.016923,0.012828,0.107059
80760,0.025093,0.019019,0.131272
80770,0.017187,0.012691,0.131199
80780,0.020629,0.015340,0.117723
80790,0.020792,0.015697,0.103796
80800,0.022677,0.017338,0.120148
80810,0.016903,0.012785,0.086660
80820,0.022588,0.017141,0.120652
80830,0.026877,0.020121,0.134159
80840,0.019393,0.014763,0.108793
80850,0.010929,0.008071,0.090834
80860,0.042140,0.031393,0.172802
80870,0.022927,0.017082,0.115492
80880,0.009305,0.006576,0.102651
80890,0.023367,0.017280,0.126433
80900,0.025473,0.019106,0.128422
80910,0.027625,0.021105,0.147061
80920,0.019320,0.014486,0.126523
80930,0.007422,0.005329,0.088054
80940,0.027897,0.021276,0.127802
80950,0.048256,0.036342,0.184989
80960,0.034595,0.026302,0.153899
80970,0.020047,0.014970,0.098177
80980,0.005637,0.004156,0.040658
80990,0.017630,0.013520,0.124461
81000,0.034089,0.025777,0.147873
81010,0.030733,0.023698,0.141822
81020,0.015636,0.011685,0.097546
81030,0.012594,0.009491,0.088997
81040,0.026689,0.020025,0.139082
81050,0.022280,0.016541,0.131852
81060,0.011484,0.008600,0.086210
81070,0.018915,0.013764,0.103027
81080,0.035392,0.026687,0.151560
81090,0.012926,0.010287,0.079834
81100,0.011583,0.008479,0.104641
81110,0.027932,0.021140,0.138552
81120,0.016830,0.012815,0.122233
81130,0.005670,0.004319,0.039556
81140,0.018182,0.013586,0.105196
81150,0.004339,0.003099,0.070171
81160,0.002685,0.001917,0.064552
81170,0.012203,0.008769,0.102546
81180,0.023667,0.017636,0.130308
81190,0.016205,0.012039,0.079304
81200,0.012748,0.009540,0.101731
81210,0.009313,0.006997,0.156725
81220,0.012054,0.008665,0.086747
81230,0.023165,0.017392,0.120539
81240,0.027504,0.020658,0.141073
81250,0.031082,0.023422,0.137366
81260,0.021997,0.016681,0.114066
81270,0.019293,0.014450,0.112232
81280,0.006616,0.004694,0.052367
81290,0.030079,0.022744,0.130012
81300,0.024076,0.018121,0.104108
81310,0.023144,0.017480,0.119778
81320,0.023024,0.016979,0.130555
81330,0.015461,0.011486,0.110776
81340,0.018286,0.013816,0.106427
81350,0.002604,0.002174,0.024994
81360,0.023543,0.017615,0.128979
81370,0.011754,0.008979,0.077548
81380,0.028632,0.021887,0.131641
81390,0.025257,0.018949,0.129170
81400,0.020928,0.015921,0.113147
81410,0.026342,0.019987,0.121118
81420,0.024521,0.018722,0.108813
81430,0.014517,0.010931,0.100199
81440,0.014038,0.010457,0.103191
81450,0.017852,0.013436,0.107547
81460,0.037513,0.028314,0.167652
81470,0.031256,0.023518,0.126338
81480,0.040590,0.030654,0.161607
81490,0.055070,0.045463,0.228851
81500,0.033097,0.024853,0.159173
81510,0.030761,0.023113,0.139615
81520,0.002831,0.002118,0.081444
81530,0.000000,0.000000,0.000001
81540,0.024948,0.018987,0.129501
81550,0.022928,0.017201,0.120911
81560,0.020619,0.016331,0.106018
81570,0.012445,0.009300,0.070764
81580,0.022564,0.017161,0.107020
81590,0.043661,0.033101,0.168914
81600,0.027435,0.020728,0.138262
81610,0.009399,0.007070,0.085518
81620,0.019001,0.014394,0.110800
81630,0.023986,0.018113,0.132924
81640,0.021102,0.016000,0.089544
81650,0.008342,0.006406,0.096379
81660,0.022089,0.016595,0.122164
81670,0.016916,0.013064,0.104704
81680,0.006449,0.004678,0.138842
81690,0.020205,0.015167,0.116028
81700,0.002215,0.001621,0.065581
81710,0.020872,0.015825,0.102349
81720,0.010558,0.007966,0.054989
81730,0.028025,0.021409,0.129438
81740,0.014718,0.011020,0.106218
81750,0.007816,0.005746,0.090951
81760,0.023876,0.018119,0.124322
81770,0.024056,0.018052,0.136318
81780,0.028790,0.021612,0.120126
81790,0.026775,0.020398,0.126862
81800,0.016717,0.012579,0.113459
81810,0.020770,0.016098,0.116483
81820,0.019642,0.014801,0.082491
81830,0.005821,0.004366,0.034372
81840,0.033191,0.025164,0.157374
81850,0.013816,0.010220,0.092005
81860,0.041437,0.031596,0.149481
81870,0.022312,0.016825,0.120318
81880,0.044128,0.033485,0.173566
81890,0.009789,0.007220,0.100371
81900,0.011597,0.008523,0.089298
81910,0.001592,0.001064,0.068566
81920,0.029410,0.022313,0.140241
81930,0.025305,0.019119,0.126863
81940,0.030356,0.022894,0.134457
81950,0.014194,0.010879,0.099281
81960,0.048533,0.036664,0.175699
81970,0.047753,0.035982,0.178041
81980,0.019386,0.014329,0.123673
81990,0.015290,0.011692,0.074012
82000,0.014471,0.010705,0.139259
82010,0.020535,0.015460,0.107600
82020,0.023589,0.017943,0.114910
82030,0.010095,0.007513,0.100412
82040,0.011458,0.008777,0.085472
82050,0.020851,0.015561,0.123651
82060,0.018202,0.013510,0.116867
82070,0.034690,0.026670,0.142471
82080,0.003661,0.002674,0.070686
82090,0.013129,0.010054,0.060922
82100,0.023062,0.017551,0.106282
82110,0.029597,0.022751,0.140810
82120,0.020696,0.015751,0.109313
82130,0.015802,0.011878,0.067880
82140,0.021578,0.016286,0.120868
82150,0.022225,0.016906,0.116287
82160,0.032249,0.024155,0.159794
82170,0.022852,0.017125,0.122052
82180,0.038954,0.029481,0.157273
82190,0.007913,0.005583,0.148057
82200,0.032283,0.024563,0.137923
82210,0.032568,0.024710,0.141958
82220,0.028435,0.021862,0.121776
82230,0.014620,0.011060,0.098935
82240,0.030827,0.022998,0.127427
82250,0.026651,0.020247,0.134552
82260,0.013073,0.009632,0.046490
82270,0.030003,0.021841,0.155725
82280,0.011888,0.008940,0.097168
82290,0.019449,0.014783,0.116963
82300,0.011516,0.008662,0.079432
82310,0.023548,0.017743,0.115636
82320,0.027520,0.020848,0.120989
82330,0.018012,0.013680,0.129784
82340,0.031841,0.024173,0.136091
82350,0.032072,0.024183,0.147293
82360,0.026360,0.019732,0.139566
82370,0.016583,0.012513,0.088757
82380,0.005091,0.003229,0.078448
82390,0.023576,0.017691,0.114544
82400,0.023590,0.017689,0.127615
82410,0.023454,0.017616,0.128000
82420,0.007978,0.006135,0.053136
82430,0.013418,0.010174,0.122480
82440,0.011869,0.008649,0.091637
82450,0.021347,0.016098,0.123617
82460,0.042850,0.032242,0.171976
82470,0.023766,0.017758,0.119803
82480,0.029849,0.022548,0.137996
82490,0.034076,0.025828,0.148782
82500,0.025292,0.019053,0.134471
82510,0.036091,0.027169,0.151095
82520,0.014467,0.011007,0.076856
82530,0.019541,0.015070,0.109553
82540,0.019016,0.014385,0.107903
82550,0.035833,0.027073,0.145249
82560,0.021771,0.016775,0.097367
82570,0.025860,0.019762,0.127624
82580,0.008669,0.006477,0.075287
82590,0.011502,0.008770,0.096666
82600,0.031626,0.024184,0.144423
82610,0.034670,0.026202,0.151501
82620,0.031591,0.023940,0.147969
82630,0.041494,0.031537,0.156509
82640,0.033520,0.025431,0.137088
82650,0.029204,0.022118,0.133928
82660,0.006573,0.004886,0.061530
82670,0.009582,0.007150,0.086464
82680,0.019905,0.015121,0.086270
82690,0.019866,0.015046,0.109855
82700,0.028978,0.021930,0.140830
82710,0.020601,0.015579,0.109114
82720,0.032298,0.024565,0.135419
82730,0.024997,0.018975,0.111050
82740,0.032642,0.024618,0.150365
82750,0.026485,0.019956,0.136837
82760,0.021302,0.016182,0.089933
82770,0.017474,0.012914,0.115343
82780,0.026942,0.020317,0.131553
82790,0.023292,0.017270,0.131646
82800,0.012324,0.009276,0.090433
82810,0.028917,0.021739,0.140987
82820,0.011915,0.008947,0.077043
82830,0.023701,0.017936,0.132665
82840,0.017578,0.013015,0.109254
82850,0.019135,0.014652,0.106617
82860,0.022858,0.017538,0.132388
82870,0.030995,0.023628,0.137315
82880,0.012284,0.009464,0.086646
82890,0.020441,0.015522,0.112425
82900,0.019982,0.014762,0.117672
82910,0.023306,0.017691,0.118347
82920,0.027474,0.021592,0.136772
82930,0.045402,0.034415,0.174376
82940,0.016800,0.012554,0.113802
82950,0.001608,0.001277,0.036060
82960,0.015041,0.011117,0.108025
82970,0.036396,0.027789,0.161248
82980,0.045801,0.034705,0.161577
82990,0.029895,0.022473,0.141642
83000,0.013356,0.009924,0.113819
83010,0.006242,0.004544,0.110858
83020,0.023737,0.017700,0.114622
83030,0.012587,0.009413,0.096999
83040,0.032634,0.024870,0.146234
83050,0.008673,0.006406,0.076127
83060,0.048070,0.036229,0.181485
83070,0.022461,0.016891,0.124527
83080,0.016015,0.011868,0.119423
83090,0.030352,0.022923,0.138985
83100,0.002674,0.001837,0.022818
83110,0.035765,0.026975,0.159429
83120,0.015478,0.011586,0.105511
83130,0.039509,0.029988,0.142422
83140,0.029245,0.022186,0.143946
83150,0.023358,0.017582,0.123876
83160,0.024461,0.018449,0.099409
83170,0.021218,0.016165,0.118710
83180,0.022184,0.016737,0.112826
83190,0.036513,0.027626,0.153437
83200,0.017424,0.012878,0.111638
83210,0.015222,0.011540,0.112698
83220,0.014176,0.010541,0.096156
83230,0.007951,0.006045,0.050584
83240,0.043463,0.032813,0.174320
83250,0.033322,0.025209,0.145554
83260,0.032406,0.024617,0.143187
83270,0.012413,0.009362,0.106883
83280,0.027549,0.020905,0.137042
83290,0.018476,0.013692,0.120023
83300,0.013980,0.010643,0.077171
83310,0.034791,0.026376,0.149537
83320,0.010917,0.008062,0.091608
83330,0.028690,0.021741,0.143014
83340,0.045596,0.034491,0.180106
83350,0.022100,0.016860,0.126618
83360,0.019394,0.014489,0.112436
83370,0.028011,0.021032,0.148986
83380,0.001509,0.001116,0.139193
83390,0.036685,0.027840,0.150453
83400,0.013861,0.010152,0.108025
83410,0.013257,0.009776,0.102576
83420,0.005971,0.004171,0.078689
83430,0.025254,0.018940,0.134637
83440,0.023110,0.017337,0.112656
83450,0.005192,0.003878,0.069513
83460,0.013130,0.009786,0.120669
83470,0.012773,0.009546,0.110360
83480,0.012759,0.009463,0.107407
83490,0.023174,0.017403,0.129088
83500,0.011052,0.008485,0.060091
83510,0.037043,0.028813,0.161359
83520,0.033493,0.025248,0.143349
83530,0.012238,0.009376,0.066892
83540,0.013463,0.010064,0.087501
83550,0.026170,0.019751,0.131328
83560,0.018500,0.013881,0.132327
83570,0.030190,0.022982,0.143305
83580,0.019102,0.014371,0.117265
83590,0.014750,0.011000,0.110670
83600,0.029679,0.022375,0.132684
83610,0.024638,0.018689,0.123007
83620,0.015368,0.011473,0.077008
83630,0.003422,0.002474,0.119787
83640,0.031563,0.024127,0.140821
83650,0.028577,0.021822,0.134119
83660,0.037023,0.028036,0.156033
83670,0.018084,0.013584,0.125693
83680,0.019187,0.014490,0.129938
83690,0.037459,0.028521,0.155301
83700,0.033785,0.025505,0.139914
83710,0.011176,0.008412,0.059467
83720,0.019192,0.014483,0.107696
83730,0.016103,0.012146,0.104093
83740,0.010314,0.007856,0.062685
83750,0.009321,0.006861,0.071397
83760,0.013971,0.010684,0.095156
83770,0.022129,0.016781,0.105202
83780,0.022552,0.017346,0.126872
83790,0.028596,0.021948,0.130494
83800,0.021543,0.016022,0.119496
83810,0.000000,0.000000,0.000001
83820,0.043594,0.033102,0.173366
83830,0.029032,0.022000,0.130189
83840,0.018355,0.012965,0.126202
83850,0.023377,0.017723,0.101839
83860,0.033834,0.025527,0.134012
83870,0.004970,0.003912,0.035147
83880,0.000000,0.000000,0.000001
83890,0.028946,0.021942,0.132116
83900,0.018956,0.014180,0.132215
83910,0.041104,0.031316,0.171109
83920,0.045444,0.034320,0.160947
83930,0.006241,0.004478,0.092742
83940,0.013327,0.009821,0.105532
83950,0.020942,0.015800,0.130089
83960,0.022089,0.016856,0.114523
83970,0.022429,0.016829,0.114629
83980,0.022265,0.016530,0.107682
83990,0.033918,0.025912,0.152962
84000,0.005279,0.003809,0.089806
84010,0.024463,0.018819,0.119529
84020,0.012561,0.009256,0.098321
84030,0.014642,0.010769,0.101434
84040,0.005782,0.004406,0.073888
84050,0.013305,0.010261,0.073391
84060,0.013576,0.010083,0.103017
84070,0.017494,0.013030,0.119133
84080,0.012975,0.009746,0.070477
84090,0.014292,0.010823,0.092576
84100,0.025763,0.019388,0.121739
84110,0.024341,0.018351,0.130250
84120,0.016472,0.012459,0.101419
84130,0.036838,0.028061,0.155221
84140,0.017871,0.013282,0.129497
84150,0.023227,0.017484,0.120722
84160,0.015728,0.011909,0.112376
84170,0.020387,0.015432,0.128725
84180,0.001208,0.000814,0.024676
84190,0.012022,0.009008,0.066820
84200,0.013575,0.010060,0.099610
84210,0.022391,0.017011,0.122058
84220,0.009395,0.006930,0.082965
84230,0.016117,0.012030,0.102801
84240,0.024796,0.018625,0.125600
84250,0.031063,0.023114,0.149222
84260,0.007187,0.005777,0.136165
84270,0.014591,0.011033,0.079968
84280,0.021796,0.016310,0.117384
84290,0.030758,0.022947,0.159852
84300,0.025650,0.019312,0.124910
84310,0.000895,0.000618,0.006126
84320,0.033610,0.025403,0.146204
84330,0.012761,0.009506,0.100654
84340,0.024897,0.018915,0.117632
84350,0.025053,0.018971,0.129941
84360,0.002258,0.001789,0.102707
84370,0.046683,0.035248,0.181360
84380,0.006234,0.004445,0.113663
84390,0.014610,0.010904,0.102707
84400,0.008715,0.006430,0.092556
84410,0.013027,0.009718,0.095417
84420,0.031147,0.023483,0.142296
84430,0.012425,0.009325,0.082697
84440,0.019239,0.014409,0.112810
84450,0.006447,0.004694,0.098075
84460,0.012764,0.009585,0.097757
84470,0.028438,0.021352,0.128977
84480,0.017154,0.012640,0.101027
84490,0.022452,0.017022,0.101106
84500,0.015481,0.011766,0.095784
84510,0.025290,0.019019,0.125091
84520,0.016845,0.012381,0.101658
84530,0.008631,0.006364,0.105939
84540,0.007671,0.004921,0.106016
84550,0.031601,0.023701,0.145823
84560,0.038162,0.028878,0.165405
84570,0.005218,0.003817,0.084356
84580,0.013616,0.010179,0.091285
84590,0.017494,0.013154,0.077161
84600,0.018722,0.013729,0.134962
84610,0.018032,0.013591,0.123956
84620,0.012725,0.009848,0.088688
84630,0.025863,0.019488,0.135677
84640,0.012830,0.009544,0.092067
84650,0.027725,0.020647,0.155897
84660,0.011922,0.008987,0.093459
84670,0.017539,0.013228,0.092796
84680,0.017884,0.013322,0.113388
84690,0.044398,0.033831,0.186116
84700,0.032925,0.024732,0.148215
84710,0.016523,0.012106,0.095456
84720,0.012792,0.009532,0.091073
84730,0.053543,0.040787,0.198778
84740,0.014899,0.011237,0.068962
84750,0.032036,0.024231,0.151976
84760,0.014270,0.010413,0.092393
84770,0.021204,0.015895,0.115555
84780,0.031293,0.023828,0.134541
84790,0.012476,0.009512,0.080511
84800,0.018342,0.013890,0.103963
84810,0.016015,0.011026,0.127500
84820,0.009943,0.007606,0.051784
84830,0.031453,0.023862,0.147528
84840,0.012658,0.009369,0.097348
84850,0.010274,0.007611,0.117881
84860,0.027552,0.020863,0.126820
84870,0.036832,0.027929,0.151595
84880,0.006330,0.004723,0.086843
84890,0.015000,0.011310,0.084099
84900,0.011422,0.008531,0.104427
84910,0.020060,0.015101,0.093970
84920,0.023296,0.017627,0.104243
84930,0.010810,0.008091,0.070676
84940,0.008050,0.005797,0.102726
84950,0.011846,0.008819,0.063218
84960,0.042655,0.032672,0.172147
84970,0.018805,0.014178,0.105740
84980,0.026385,0.020115,0.118721
84990,0.024348,0.018199,0.127494
85000,0.006531,0.004702,0.078910
85010,0.025988,0.019660,0.121472
85020,0.007160,0.006281,0.089118
85030,0.033591,0.025379,0.154589
85040,0.013328,0.010085,0.073702
85050,0.028604,0.021556,0.136789
85060,0.023114,0.017340,0.116452
85070,0.015401,0.011745,0.097764
85080,0.025798,0.019391,0.134552
85090,0.023586,0.017946,0.107894
85100,0.020786,0.015790,0.112018
85110,0.017847,0.013429,0.108321
85120,0.026508,0.019807,0.131287
85130,0.010506,0.008295,0.087962
85140,0.019969,0.014881,0.107468
85150,0.024766,0.018775,0.114719
85160,0.011803,0.008898,0.104210
85170,0.029149,0.022083,0.139982
85180,0.019896,0.015497,0.106123
85190,0.026631,0.020091,0.140392
85200,0.017115,0.012853,0.101461
85210,0.017290,0.013228,0.100366
85220,0.022904,0.017390,0.110882
85230,0.018702,0.014224,0.099214
85240,0.011090,0.008226,0.098246
85250,0.029193,0.022292,0.129703
85260,0.022637,0.016993,0.136106
85270,0.013555,0.010203,0.091156
85280,0.033825,0.025431,0.152189
85290,0.019421,0.014714,0.124124
85300,0.027006,0.020864,0.156455
85310,0.030322,0.022797,0.151079
85320,0.025165,0.018703,0.139129
85330,0.038025,0.028888,0.152124
85340,0.023841,0.018191,0.123842
85350,0.024895,0.018885,0.137776
85360,0.029701,0.022404,0.133411
85370,0.012353,0.009444,0.069268
85380,0.026414,0.019749,0.129329
85390,0.019594,0.014551,0.129144
85400,0.023607,0.016736,0.124728
85410,0.041760,0.032030,0.170391
85420,0.014033,0.010488,0.093251
85430,0.016929,0.012509,0.117794
85440,0.004379,0.002954,0.095000
85450,0.004159,0.002971,0.048926
85460,0.017054,0.012889,0.074714
85470,0.031741,0.023987,0.146260
85480,0.025371,0.019098,0.122790
85490,0.024490,0.018215,0.128015
85500,0.026875,0.020511,0.131196
85510,0.010198,0.007694,0.089231
85520,0.019241,0.014539,0.100975
85530,0.026465,0.019202,0.146283
85540,0.016923,0.012672,0.111237
85550,0.033347,0.025316,0.146861
85560,0.007261,0.005604,0.102775
85570,0.026357,0.020210,0.137699
85580,0.038510,0.029113,0.150653
85590,0.032066,0.024256,0.149217
85600,0.021112,0.016196,0.123082
85610,0.021854,0.016708,0.098047
85620,0.012893,0.009617,0.111596
85630,0.005595,0.004369,0.043677
85640,0.031265,0.024165,0.134043
85650,0.019981,0.015090,0.108404
85660,0.022707,0.017290,0.120369
85670,0.039041,0.029186,0.133468
85680,0.011091,0.008410,0.065544
85690,0.013581,0.012223,0.094331
85700,0.012255,0.009349,0.063416
85710,0.015777,0.011806,0.100733
85720,0.005809,0.004247,0.085747
85730,0.031051,0.023551,0.139352
85740,0.021794,0.016761,0.118180
85750,0.035688,0.026986,0.146924
85760,0.027683,0.021018,0.130722
85770,0.005439,0.004154,0.035163
85780,0.027941,0.021342,0.141886
85790,0.025986,0.019668,0.122890
85800,0.017146,0.013366,0.088243
85810,0.031586,0.023775,0.150293
85820,0.021857,0.016612,0.109626
85830,0.009300,0.006868,0.077068
85840,0.039455,0.029199,0.163019
85850,0.034865,0.026641,0.148697
85860,0.017838,0.013531,0.110382
85870,0.034431,0.026009,0.150899
85880,0.023278,0.017873,0.098286
85890,0.007650,0.005611,0.104183
85900,0.019518,0.014613,0.107136
85910,0.038415,0.029089,0.150993
85920,0.010563,0.007664,0.091111
85930,0.000004,0.000006,0.000017
85940,0.011529,0.008642,0.092415
85950,0.035585,0.026840,0.146776
85960,0.008041,0.006484,0.113521
85970,0.006239,0.004676,0.063495
85980,0.007850,0.005927,0.047018
85990,0.024007,0.018144,0.128197
86000,0.023413,0.017522,0.120732
86010,0.009707,0.007266,0.083092
86020,0.012577,0.009391,0.087354
86030,0.006637,0.004750,0.068970
86040,0.017998,0.014002,0.119672
86050,0.022856,0.017205,0.128987
86060,0.016551,0.012119,0.128168
86070,0.018675,0.014054,0.104795
86080,0.015314,0.011434,0.104025
86090,0.030714,0.023465,0.148885
86100,0.026604,0.019916,0.138350
86110,0.023570,0.017497,0.126847
86120,0.033573,0.025692,0.142536
86130,0.024686,0.018606,0.103421
86140,0.012930,0.009477,0.103682
86150,0.029153,0.021926,0.131197
86160,0.029986,0.023228,0.149849
86170,0.001966,0.001420,0.015948
86180,0.029738,0.022878,0.125606
86190,0.017756,0.013130,0.101913
86200,0.016880,0.012666,0.104946
86210,0.016509,0.012494,0.084791
86220,0.041749,0.031788,0.157780
86230,0.009396,0.006878,0.080170
86240,0.024345,0.018420,0.111013
86250,0.013224,0.009620,0.115284
86260,0.032320,0.024586,0.133221
86270,0.034319,0.026272,0.146881
86280,0.009704,0.007419,0.072384
86290,0.025677,0.019442,0.120891
86300,0.023001,0.017179,0.100993
86310,0.017147,0.012786,0.106191
86320,0.020576,0.015232,0.115946
86330,0.019545,0.014760,0.094665
86340,0.027285,0.020534,0.133533
86350,0.022499,0.016721,0.128133
86360,0.022817,0.017009,0.130544
86370,0.022051,0.016649,0.098544
86380,0.029472,0.022313,0.127941
86390,0.019436,0.014631,0.108577
86400,0.028795,0.022026,0.128062
86410,0.034249,0.025606,0.153842
86420,0.009594,0.006957,0.084575
86430,0.010511,0.007665,0.127550
86440,0.028956,0.022137,0.125998
86450,0.009726,0.007215,0.170193
86460,0.004736,0.003455,0.071021
86470,0.041521,0.031426,0.169902
86480,0.032784,0.024766,0.144015
86490,0.013557,0.010575,0.089031
86500,0.004712,0.003427,0.065987
86510,0.015279,0.011511,0.114264
86520,0.016414,0.012210,0.068054
86530,0.031406,0.023777,0.117421
86540,0.012457,0.009344,0.065889
86550,0.024185,0.018386,0.125855
86560,0.010438,0.007620,0.099932
86570,0.021973,0.016480,0.122151
86580,0.021860,0.017062,0.113162
86590,0.033831,0.025528,0.149231
86600,0.021315,0.016194,0.113475
86610,0.003768,0.002929,0.033525
86620,0.034371,0.025891,0.153133
86630,0.029507,0.022452,0.138347
86640,0.032898,0.025071,0.144668
86650,0.025309,0.019301,0.118905
86660,0.001409,0.001100,0.013996
86670,0.022778,0.017256,0.126018
86680,0.019445,0.014055,0.124864
86690,0.032608,0.024614,0.147977
86700,0.015463,0.011369,0.103699
86710,0.013668,0.010277,0.060481
86720,0.015967,0.011815,0.117586
86730,0.029387,0.022043,0.134018
86740,0.011135,0.008406,0.090282
86750,0.025961,0.020089,0.115972
86760,0.017365,0.013136,0.100715
86770,0.022307,0.017078,0.114643
86780,0.015233,0.011434,0.113641
86790,0.038387,0.029108,0.160516
86800,0.017604,0.013202,0.111097
86810,0.011696,0.008611,0.096644
86820,0.019561,0.014744,0.091243
86830,0.031463,0.023811,0.145883
86840,0.010621,0.008116,0.093992
86850,0.024677,0.018377,0.127392
86860,0.011604,0.008607,0.096528
86870,0.040858,0.030911,0.175384
86880,0.040905,0.031174,0.164742
86890,0.027511,0.023851,0.135710
86900,0.022475,0.017097,0.084635
86910,0.002744,0.002045,0.019910
86920,0.063496,0.048450,0.225148
86930,0.032694,0.024554,0.144707
86940,0.023733,0.017939,0.122126
86950,0.018631,0.014125,0.128670
86960,0.020588,0.015573,0.115354
86970,0.010369,0.008911,0.097301
86980,0.024483,0.018366,0.133059
86990,0.020729,0.015755,0.118738
87000,0.033471,0.025283,0.143229
87010,0.012237,0.009350,0.110773
87020,0.040940,0.031231,0.166910
87030,0.011025,0.008616,0.094817
87040,0.017820,0.013311,0.078664
87050,0.023372,0.017536,0.115283
87060,0.030090,0.022892,0.142468
87070,0.028403,0.021612,0.138014
87080,0.019406,0.014422,0.086443
87090,0.023319,0.017631,0.112507
87100,0.025571,0.019264,0.133871
87110,0.019721,0.015059,0.105906
87120,0.003749,0.002742,0.078357
87130,0.003809,0.002810,0.052279
87140,0.013808,0.010255,0.104651
87150,0.021307,0.016156,0.091379
87160,0.016078,0.012261,0.092238
87170,0.018039,0.013681,0.106940
87180,0.018472,0.013816,0.123386
87190,0.043300,0.032885,0.170167
87200,0.028885,0.022311,0.127957
87210,0.032602,0.024750,0.142730
87220,0.031236,0.023530,0.135897
87230,0.049425,0.037365,0.189542
87240,0.022377,0.016683,0.115610
87250,0.019577,0.014777,0.128181
87260,0.030055,0.022508,0.136123
87270,0.000001,0.000000,0.000002
87280,0.013616,0.010286,0.068794
87290,0.014652,0.011449,0.090837
87300,0.024014,0.018239,0.125009
87310,0.045801,0.035116,0.162797
87320,0.024237,0.018232,0.127121
87330,0.026439,0.020193,0.145842
87340,0.007530,0.005507,0.081993
87350,0.029456,0.022191,0.129018
87360,0.020333,0.015189,0.106114
87370,0.011543,0.008421,0.104326
87380,0.027422,0.020692,0.131224
87390,0.013925,0.010619,0.098469
87400,0.033168,0.025009,0.144898
87410,0.025866,0.019576,0.125922
87420,0.039584,0.029540,0.170964
87430,0.030970,0.023303,0.144216
87440,0.026484,0.020106,0.129509
87450,0.017940,0.013545,0.111553
87460,0.015073,0.011512,0.101863
87470,0.023520,0.017999,0.124383
87480,0.041247,0.031094,0.167394
87490,0.027641,0.020785,0.121067
87500,0.022692,0.016999,0.132783
87510,0.003295,0.002300,0.065657
87520,0.021623,0.016153,0.125042
87530,0.015026,0.011222,0.102162
87540,0.025922,0.019431,0.135271
87550,0.036103,0.026901,0.159713
87560,0.022746,0.017277,0.121547
87570,0.002744,0.002006,0.052819
87580,0.027983,0.020859,0.133523
87590,0.022472,0.017070,0.088921
87600,0.027353,0.020493,0.116732
87610,0.020683,0.015531,0.113624
87620,0.016741,0.012658,0.109952
87630,0.014239,0.010744,0.106634
87640,0.025450,0.019157,0.133760
87650,0.004514,0.003296,0.062406
87660,0.012810,0.009605,0.059936
87670,0.011938,0.008942,0.084736
87680,0.015154,0.010980,0.106653
87690,0.011054,0.008617,0.098683
87700,0.022971,0.017207,0.123440
87710,0.027765,0.020969,0.109844
87720,0.014943,0.011198,0.114738
87730,0.045219,0.034093,0.177967
87740,0.013690,0.010467,0.102315
87750,0.022969,0.017925,0.133193
87760,0.015456,0.012352,0.077686
87770,0.025050,0.018924,0.131109
87780,0.003336,0.002509,0.024710
87790,0.041919,0.031355,0.172817
87800,0.010228,0.007495,0.118558
87810,0.019321,0.014400,0.107837
87820,0.024479,0.018530,0.129944
87830,0.018253,0.013729,0.106838
87840,0.009411,0.006856,0.098574
87850,0.013658,0.010275,0.114576
87860,0.037112,0.028593,0.160412
87870,0.013035,0.009659,0.089733
87880,0.002713,0.002134,0.141750
87890,0.022346,0.016928,0.120878
87900,0.019161,0.014658,0.127120
87910,0.041384,0.031076,0.161981
87920,0.015525,0.011826,0.123833
87930,0.041124,0.031304,0.166282
87940,0.020806,0.015686,0.120598
87950,0.024089,0.018074,0.126731
87960,0.009534,0.007092,0.089199
87970,0.023849,0.017931,0.116367
87980,0.005917,0.004461,0.092323
87990,0.018449,0.013645,0.136174
88000,0.021936,0.016681,0.095089
88010,0.018320,0.014078,0.083985
88020,0.012607,0.009591,0.105287
88030,0.010843,0.008210,0.095829
88040,0.010736,0.008122,0.083442
88050,0.001698,0.001169,0.028081
88060,0.011755,0.008746,0.085486
88070,0.012009,0.008711,0.093098
88080,0.028140,0.021143,0.141335
88090,0.029164,0.022465,0.142662
88100,0.011376,0.008536,0.079306
88110,0.007641,0.005883,0.039313
88120,0.017722,0.013480,0.118421
88130,0.016804,0.012525,0.122532
88140,0.006024,0.004365,0.084792
88150,0.037054,0.028136,0.153837
88160,0.048994,0.037067,0.193507
88170,0.029708,0.022238,0.137634
88180,0.010914,0.008148,0.058950
88190,0.018975,0.014467,0.097863
88200,0.018005,0.013643,0.077887
88210,0.010065,0.007355,0.108149
88220,0.022685,0.017143,0.111585
88230,0.022292,0.016849,0.105941
88240,0.018912,0.014290,0.104480
88250,0.010292,0.007915,0.087867
88260,0.023664,0.017716,0.127676
88270,0.024576,0.018425,0.109810
88280,0.016320,0.012308,0.104554
88290,0.022077,0.016668,0.116840
88300,0.020409,0.015344,0.116223
88310,0.028742,0.021723,0.137866
88320,0.002028,0.001362,0.080558
88330,0.015372,0.011769,0.101131
88340,0.016666,0.012509,0.097701
88350,0.040220,0.030421,0.161422
88360,0.016016,0.012635,0.104144
88370,0.015166,0.011325,0.108873
88380,0.013503,0.009955,0.099530
88390,0.022539,0.017042,0.119193
88400,0.033907,0.025908,0.137681
88410,0.007258,0.005479,0.093516
88420,0.019150,0.014519,0.083123
88430,0.010424,0.007863,0.057778
88440,0.035670,0.027172,0.146397
88450,0.010218,0.007773,0.052780
88460,0.002983,0.002027,0.071755
88470,0.027614,0.020745,0.129251
88480,0.026530,0.020030,0.140791
88490,0.012087,0.008494,0.117688
88500,0.026294,0.020169,0.127858
88510,0.005991,0.004295,0.076005
88520,0.026642,0.020240,0.134492
88530,0.003315,0.002550,0.080124
88540,0.028949,0.022157,0.147483
88550,0.017173,0.012907,0.106539
88560,0.019476,0.014307,0.132954
88570,0.013637,0.010048,0.099332
88580,0.032875,0.024327,0.146756
88590,0.027602,0.021112,0.132918
88600,0.009542,0.007029,0.119741
88610,0.034314,0.025870,0.149938
88620,0.001833,0.001293,0.013024
88630,0.014526,0.011211,0.126081
88640,0.028697,0.021569,0.132607
88650,0.014306,0.010517,0.104875
88660,0.020349,0.014760,0.126967
88670,0.014980,0.011078,0.096112
88680,0.032079,0.024263,0.146284
88690,0.018525,0.014940,0.117134
88700,0.023514,0.017755,0.129709
88710,0.008986,0.006604,0.079814
88720,0.019093,0.014324,0.098964
88730,0.028248,0.021221,0.141424
88740,0.003765,0.002853,0.032158
88750,0.025347,0.019114,0.132028
88760,0.028744,0.021883,0.135382
88770,0.018538,0.013975,0.111130
88780,0.041969,0.031656,0.169216
88790,0.010857,0.008103,0.082066
88800,0.023886,0.017798,0.125377
88810,0.056286,0.042362,0.205289
88820,0.048826,0.037163,0.182213
88830,0.003198,0.002382,0.068061
88840,0.023058,0.017485,0.098566
88850,0.017764,0.013689,0.104187
88860,0.032697,0.024508,0.153715
88870,0.018308,0.013742,0.103101
88880,0.021563,0.016442,0.099269
88890,0.001143,0.000806,0.060776
88900,0.004994,0.003533,0.117319
88910,0.013727,0.010258,0.075274
88920,0.027287,0.020878,0.126845
88930,0.007411,0.005452,0.072813
88940,0.023711,0.018319,0.109280
88950,0.018792,0.014214,0.115059
88960,0.007930,0.005555,0.102319
88970,0.034487,0.025868,0.148978
88980,0.010408,0.007948,0.113265
88990,0.029794,0.022529,0.141530
89000,0.021785,0.016413,0.130590
89010,0.024581,0.018466,0.116135
89020,0.011956,0.008949,0.094830
89030,0.025026,0.019681,0.143558
89040,0.028255,0.021449,0.144854
89050,0.000837,0.000649,0.025784
89060,0.006250,0.004736,0.082770
89070,0.020941,0.015468,0.114916
89080,0.033806,0.025583,0.153551
89090,0.032380,0.024541,0.145156
89100,0.003024,0.002295,0.023641
89110,0.019450,0.014986,0.094814
89120,0.014031,0.010360,0.104175
89130,0.002666,0.002000,0.020430
89140,0.013861,0.010499,0.103641
89150,0.023443,0.017628,0.127819
89160,0.010171,0.007726,0.053836
89170,0.033736,0.025573,0.138109
89180,0.010407,0.007982,0.088890
89190,0.034095,0.025758,0.141987
89200,0.017431,0.012996,0.117462
89210,0.031932,0.024187,0.150082
89220,0.028108,0.021220,0.137289
89230,0.028880,0.021635,0.117104
89240,0.016734,0.012489,0.109033
89250,0.015971,0.011997,0.110623
89260,0.049978,0.038159,0.169338
89270,0.036863,0.027929,0.143767
89280,0.037574,0.028877,0.162084
89290,0.008743,0.006661,0.045064
89300,0.003275,0.002364,0.079680
89310,0.031827,0.024329,0.125216
89320,0.038133,0.028668,0.177418
89330,0.014861,0.011082,0.123259
89340,0.033722,0.025411,0.151665
89350,0.000000,0.000000,0.000001
89360,0.003337,0.002452,0.075947
89370,0.026465,0.020166,0.126584
89380,0.008874,0.006531,0.080000
89390,0.013368,0.010217,0.066349
89400,0.029116,0.022084,0.137628
89410,0.013580,0.010229,0.093112
89420,0.017697,0.013348,0.105186
89430,0.014624,0.010822,0.112471
89440,0.041763,0.031764,0.163558
89450,0.032946,0.025067,0.148019
89460,0.017432,0.013075,0.111740
89470,0.009933,0.007328,0.081662
89480,0.017810,0.013440,0.101434
89490,0.030048,0.022702,0.130961
89500,0.021371,0.016240,0.120719
89510,0.013918,0.010300,0.103032
89520,0.022083,0.016390,0.107400
89530,0.020199,0.015097,0.122544
89540,0.033812,0.025784,0.145800
89550,0.025487,0.019555,0.136583
89560,0.036364,0.028106,0.142865
89570,0.029835,0.022577,0.129397
89580,0.019058,0.014442,0.087016
89590,0.014009,0.010084,0.144777
89600,0.014257,0.010802,0.119241
89610,0.040249,0.030562,0.170549
89620,0.023927,0.018129,0.112355
89630,0.016484,0.012219,0.124488
89640,0.017508,0.013253,0.097849
89650,0.024618,0.018699,0.122115
89660,0.020959,0.015570,0.104007
89670,0.011132,0.008314,0.061423
89680,0.003342,0.002610,0.115595
89690,0.046776,0.035279,0.178260
89700,0.008661,0.006523,0.054811
89710,0.009253,0.006706,0.097215
89720,0.016529,0.011835,0.088315
89730,0.010538,0.007903,0.084628
89740,0.031679,0.023554,0.127998
89750,0.023956,0.018066,0.100210
89760,0.009411,0.007018,0.075059
89770,0.016766,0.012480,0.107171
89780,0.017817,0.013535,0.107856
89790,0.020278,0.015425,0.120436
89800,0.037456,0.028557,0.148979
89810,0.023100,0.017302,0.123633
89820,0.011783,0.008616,0.085006
89830,0.018104,0.013500,0.109539
89840,0.011954,0.009024,0.096203
89850,0.011784,0.008906,0.077005
89860,0.001220,0.000884,0.104176
89870,0.025924,0.019678,0.129237
89880,0.019457,0.014680,0.083000
89890,0.013177,0.009669,0.105748
89900,0.018399,0.013952,0.102274
89910,0.023462,0.017673,0.124548
89920,0.011823,0.009374,0.111991
89930,0.017301,0.012922,0.103899
89940,0.011355,0.008606,0.108223
89950,0.037240,0.028042,0.158488
89960,0.012355,0.009302,0.086337
89970,0.014819,0.011280,0.090366
89980,0.020136,0.015033,0.103316
89990,0.017781,0.013158,0.117024
90000,0.000673,0.000489,0.066700
90010,0.030250,0.023035,0.134766
90020,0.018342,0.013706,0.107016
90030,0.007953,0.005921,0.101335
90040,0.025265,0.019056,0.121979
90050,0.022909,0.017557,0.117067
90060,0.041774,0.031625,0.167270
90070,0.015347,0.011554,0.091069
90080,0.014066,0.010444,0.094754
90090,0.025402,0.019163,0.131529
90100,0.010157,0.007156,0.098355
90110,0.009202,0.006820,0.079507
90120,0.003552,0.002531,0.101401
90130,0.012120,0.009072,0.060374
90140,0.036849,0.028065,0.153284
90150,0.014828,0.011242,0.093667
90160,0.017989,0.013624,0.112157
90170,0.043080,0.032797,0.171487
90180,0.010477,0.007659,0.061028
90190,0.035045,0.026716,0.153129
90200,0.006639,0.004825,0.060649
90210,0.037797,0.028688,0.162803
90220,0.042778,0.032339,0.150487
90230,0.011401,0.008554,0.088101
90240,0.030187,0.022881,0.145230
90250,0.032010,0.024034,0.161365
90260,0.021306,0.016028,0.117708
90270,0.017986,0.013573,0.108054
90280,0.032725,0.024759,0.158935
90290,0.029278,0.021924,0.131945
90300,0.051528,0.039198,0.195515
90310,0.017669,0.013418,0.129381
90320,0.024066,0.018270,0.131061
90330,0.016741,0.012881,0.093143
90340,0.017560,0.013519,0.105052
90350,0.013297,0.010010,0.097107
90360,0.019007,0.014189,0.101180
90370,0.020696,0.015702,0.113296
90380,0.017008,0.012774,0.096644
90390,0.024020,0.018242,0.115949
90400,0.010434,0.007634,0.097653
90410,0.017916,0.013573,0.082109
90420,0.006558,0.004759,0.095038
90430,0.011254,0.008322,0.093906
90440,0.038151,0.028880,0.160030
90450,0.039434,0.029774,0.162856
90460,0.023303,0.017257,0.134351
90470,0.029152,0.022281,0.140346
90480,0.018051,0.013671,0.106378
90490,0.039572,0.029975,0.162552
90500,0.006016,0.005549,0.050032
90510,0.039333,0.029825,0.155107
90520,0.019758,0.015010,0.124902
90530,0.011964,0.008942,0.058164
90540,0.014668,0.010856,0.112457
90550,0.018881,0.014180,0.121341
90560,0.016084,0.011906,0.080619
90570,0.030859,0.023203,0.133690
90580,0.016365,0.012382,0.079238
90590,0.020634,0.015482,0.106624
90600,0.022427,0.016899,0.130502
90610,0.037013,0.027907,0.159440
90620,0.025738,0.019387,0.133824
90630,0.031244,0.023384,0.139345
90640,0.017512,0.013248,0.099056
90650,0.012865,0.009755,0.095295
90660,0.039207,0.029374,0.171064
90670,0.008288,0.006133,0.054489
90680,0.017613,0.013308,0.104704
90690,0.021496,0.016223,0.087216
90700,0.004234,0.003299,0.034848
90710,0.032989,0.024946,0.152486
90720,0.027935,0.020897,0.127307
90730,0.017422,0.013062,0.113485
90740,0.026788,0.020174,0.131503
90750,0.011037,0.008198,0.087287
90760,0.025390,0.019180,0.123472
90770,0.018997,0.014104,0.118194
90780,0.018354,0.014865,0.122506
90790,0.029530,0.022501,0.140965
90800,0.033859,0.025521,0.163586
90810,0.036187,0.027737,0.165435
90820,0.011739,0.008787,0.103212
90830,0.018330,0.013640,0.108060
90840,0.006694,0.004827,0.104440
90850,0.016430,0.012347,0.089059
90860,0.009893,0.007363,0.077668
90870,0.032859,0.024940,0.147481
90880,0.014886,0.011340,0.079314
90890,0.019836,0.015072,0.122406
90900,0.019252,0.014094,0.118392
90910,0.034247,0.025817,0.148823
90920,0.008853,0.006510,0.073171
90930,0.044266,0.033520,0.176101
90940,0.020569,0.015627,0.113479
90950,0.009376,0.006706,0.096885
90960,0.036846,0.027665,0.162459
90970,0.031323,0.023498,0.144942
90980,0.028021,0.021214,0.129383
90990,0.023434,0.018340,0.097059
91000,0.021871,0.016428,0.114941
91010,0.023611,0.017737,0.117574
91020,0.036064,0.027701,0.146341
91030,0.028327,0.021416,0.130742
91040,0.010273,0.007331,0.118846
91050,0.020307,0.015266,0.091673
91060,0.037852,0.028552,0.153405
91070,0.035550,0.027148,0.165654
91080,0.015627,0.011486,0.108675
91090,0.027501,0.020764,0.120783
91100,0.022869,0.016830,0.107205
91110,0.027768,0.021072,0.129233
91120,0.021127,0.015947,0.097614
91130,0.014173,0.011265,0.080547
91140,0.016839,0.012629,0.110859
91150,0.024330,0.018275,0.128855
91160,0.014548,0.010999,0.089726
91170,0.020150,0.015253,0.115542
91180,0.020820,0.015452,0.122286
91190,0.023396,0.017787,0.133659
91200,0.016839,0.012853,0.108806
91210,0.008597,0.006590,0.079602
91220,0.006984,0.005025,0.101128
91230,0.015281,0.011335,0.088630
91240,0.015319,0.011347,0.119007
91250,0.007876,0.005478,0.089711
91260,0.023182,0.017442,0.124258
91270,0.006417,0.004457,0.094322
91280,0.017127,0.012850,0.080974
91290,0.018437,0.014263,0.110202
91300,0.018416,0.013766,0.103189
91310,0.024259,0.018290,0.129969
91320,0.031163,0.023626,0.138723
91330,0.023525,0.017336,0.130824
91340,0.025014,0.018887,0.120974
91350,0.016968,0.012977,0.104324
91360,0.021321,0.016208,0.100529
91370,0.019926,0.015114,0.092335
91380,0.026371,0.020018,0.127120
91390,0.032311,0.024303,0.148206
91400,0.017745,0.013200,0.099468
91410,0.022302,0.016984,0.112930
91420,0.023497,0.017649,0.128637
91430,0.008801,0.006557,0.103741
91440,0.011359,0.008938,0.097369
91450,0.012932,0.009779,0.088030
91460,0.028342,0.021385,0.122239
91470,0.016774,0.012434,0.116327
91480,0.019209,0.014329,0.102534
91490,0.000664,0.000413,0.086954
91500,0.028549,0.021676,0.128017
91510,0.023578,0.017700,0.107825
91520,0.019511,0.014563,0.120279
91530,0.022482,0.016869,0.132662
91540,0.012838,0.009472,0.101627
91550,0.013067,0.009722,0.099239
91560,0.022651,0.017236,0.092508
91570,0.002103,0.001483,0.061127
91580,0.037920,0.028786,0.159463
91590,0.013330,0.010111,0.076846
91600,0.008315,0.006315,0.077413
91610,0.010877,0.008412,0.095766
91620,0.013485,0.010015,0.074963
91630,0.009892,0.007462,0.081895
91640,0.037891,0.029035,0.146691
91650,0.025018,0.018898,0.130207
91660,0.023592,0.018227,0.118788
91670,0.014582,0.011047,0.093664
91680,0.019129,0.014371,0.109475
91690,0.035573,0.027011,0.147111
91700,0.014409,0.010910,0.091672
91710,0.035195,0.026373,0.150317
91720,0.009867,0.007367,0.081236
91730,0.025348,0.019541,0.125135
91740,0.027500,0.020911,0.128908
91750,0.055967,0.043209,0.196643
91760,0.012986,0.009713,0.098076
91770,0.044929,0.033762,0.179844
91780,0.002223,0.001680,0.083842
91790,0.028993,0.021796,0.132943
91800,0.010353,0.007878,0.063338
91810,0.031937,0.024411,0.132081
91820,0.038084,0.028970,0.165685
91830,0.020586,0.016223,0.089388
91840,0.013466,0.010096,0.096520
91850,0.009649,0.007088,0.092709
91860,0.032072,0.024697,0.149820
91870,0.017146,0.013374,0.137487
91880,0.022689,0.017083,0.118008
91890,0.027928,0.021182,0.117335
91900,0.016766,0.012623,0.110692
91910,0.012807,0.009523,0.097720
91920,0.018792,0.014147,0.103083
91930,0.031890,0.024213,0.154610
91940,0.033250,0.024980,0.159038
91950,0.007499,0.005705,0.067835
91960,0.012211,0.009016,0.130729
91970,0.014547,0.010952,0.103296
91980,0.016904,0.012687,0.069841
91990,0.022846,0.017227,0.127577
92000,0.009995,0.007495,0.082853
92010,0.048093,0.036720,0.170036
92020,0.036189,0.027434,0.158219
92030,0.009731,0.007155,0.081817
92040,0.019695,0.014995,0.118783
92050,0.014950,0.011171,0.079315
92060,0.016450,0.012327,0.111169
92070,0.030190,0.022427,0.112517
92080,0.030780,0.023213,0.138672
92090,0.022641,0.017018,0.129302
92100,0.023722,0.017750,0.126552
92110,0.000538,0.000410,0.037455
92120,0.020645,0.015883,0.100147
92130,0.038359,0.028829,0.160431
92140,0.013218,0.009755,0.105320
92150,0.010319,0.007950,0.086640
92160,0.012603,0.009395,0.109065
92170,0.015461,0.011511,0.083949
92180,0.012022,0.009295,0.062433
92190,0.019808,0.014990,0.114772
92200,0.019130,0.014346,0.111317
92210,0.027473,0.020810,0.132433
92220,0.035418,0.026549,0.146148
92230,0.020929,0.015891,0.099954
92240,0.014840,0.011324,0.086026
92250,0.018156,0.013632,0.104006
92260,0.006655,0.004746,0.069520
92270,0.025120,0.018901,0.128936
92280,0.000274,0.000263,0.003116
92290,0.016889,0.012915,0.076016
92300,0.015385,0.011556,0.094076
92310,0.015161,0.011390,0.101942
92320,0.041379,0.031239,0.167695
92330,0.031600,0.024020,0.145486
92340,0.002857,0.002041,0.044672
92350,0.000387,0.000303,0.031994
92360,0.030093,0.022378,0.139934
92370,0.031157,0.023587,0.125757
92380,0.033685,0.025371,0.146649
92390,0.006544,0.004672,0.076753
92400,0.011008,0.008187,0.109653
92410,0.030143,0.023173,0.139352
92420,0.032941,0.024693,0.140297
92430,0.009380,0.006734,0.090441
92440,0.019268,0.014778,0.110482
92450,0.000001,0.000000,0.000001
92460,0.014914,0.011316,0.087707
92470,0.007606,0.006248,0.051202
92480,0.028192,0.021186,0.116678
92490,0.026530,0.020088,0.125885
92500,0.026203,0.021685,0.111607
92510,0.033700,0.025367,0.156084
92520,0.005086,0.003655,0.049645
92530,0.022795,0.017253,0.107115
92540,0.023665,0.017837,0.122830
92550,0.011325,0.008424,0.089066
92560,0.019977,0.015169,0.113665
92570,0.038697,0.029453,0.159539
92580,0.039752,0.030544,0.154132
92590,0.014534,0.010660,0.094960
92600,0.021196,0.016033,0.108817
92610,0.003229,0.002437,0.051984
92620,0.012808,0.009618,0.071746
92630,0.022469,0.017161,0.115375
92640,0.003190,0.002144,0.112366
92650,0.037593,0.028202,0.163732
92660,0.037752,0.028596,0.149088
92670,0.034796,0.026149,0.151831
92680,0.016241,0.011774,0.123361
92690,0.018494,0.013865,0.106224
92700,0.017740,0.013213,0.108564
92710,0.030391,0.023517,0.126530
92720,0.010871,0.008106,0.080143
92730,0.021759,0.016546,0.119675
92740,0.031157,0.023882,0.139503
92750,0.011991,0.008966,0.073148
92760,0.016204,0.012580,0.109675
92770,0.028535,0.021420,0.145217
92780,0.015839,0.011869,0.107639
92790,0.024469,0.018324,0.142210
92800,0.027322,0.020685,0.135210
92810,0.026978,0.020469,0.125582
92820,0.025739,0.019527,0.124265
92830,0.005935,0.004554,0.042021
92840,0.014131,0.010527,0.106678
92850,0.020405,0.015612,0.103436
92860,0.017544,0.013359,0.094111
92870,0.012107,0.008941,0.112547
92880,0.011202,0.008149,0.090300
92890,0.019372,0.014586,0.104641
92900,0.014515,0.010372,0.107692
92910,0.028383,0.021710,0.153242
92920,0.020635,0.015616,0.109985
92930,0.016861,0.013079,0.072394
92940,0.038968,0.029329,0.158241
92950,0.032400,0.024968,0.152167
92960,0.021890,0.016440,0.111638
92970,0.016874,0.012442,0.086357
92980,0.009716,0.007018,0.085282
92990,0.026494,0.020010,0.127604
93000,0.026926,0.020324,0.138333
93010,0.028203,0.021331,0.109342
93020,0.012913,0.009813,0.090423
93030,0.021498,0.016250,0.121160
93040,0.018715,0.014478,0.104595
93050,0.003917,0.002968,0.020821
93060,0.028736,0.021931,0.131893
93070,0.012296,0.009140,0.066382
93080,0.036008,0.027363,0.135421
93090,0.021932,0.016471,0.112364
93100,0.014956,0.011115,0.095820
93110,0.017999,0.013818,0.103673
93120,0.015090,0.011355,0.070117
93130,0.021434,0.016143,0.114182
93140,0.009392,0.006962,0.098314
93150,0.029714,0.022193,0.130299
93160,0.020088,0.015007,0.125395
93170,0.011744,0.008708,0.104210
93180,0.008710,0.006656,0.071508
93190,0.030464,0.023077,0.136385
93200,0.013241,0.010206,0.094726
93210,0.023637,0.017952,0.109327
93220,0.028221,0.021446,0.135695
93230,0.021279,0.016201,0.098060
93240,0.024185,0.018338,0.103185
93250,0.009836,0.007367,0.098997
93260,0.026596,0.020077,0.133734
93270,0.015990,0.012230,0.126560
93280,0.035662,0.027154,0.152288
93290,0.027424,0.020618,0.129214
93300,0.048407,0.036533,0.185444
93310,0.004870,0.003792,0.092857
93320,0.015826,0.011897,0.102755
93330,0.032903,0.025236,0.148384
93340,0.014021,0.010598,0.097404
93350,0.016719,0.012438,0.095446
93360,0.029016,0.021745,0.133956
93370,0.031834,0.023807,0.148369
93380,0.022342,0.016906,0.105246
93390,0.009440,0.007361,0.152205
93400,0.033737,0.025786,0.137677
93410,0.017330,0.013250,0.105396
93420,0.022058,0.016753,0.106317
93430,0.039313,0.029863,0.157412
93440,0.036758,0.027858,0.163249
93450,0.024853,0.018699,0.123902
93460,0.020250,0.015237,0.125012
93470,0.018623,0.014301,0.106894
93480,0.017909,0.013437,0.111767
93490,0.032580,0.024861,0.152525
93500,0.020130,0.015178,0.113948
93510,0.016789,0.012471,0.110949
93520,0.008613,0.006586,0.073973
93530,0.016901,0.013021,0.109701
93540,0.018393,0.013730,0.104369
93550,0.017694,0.013503,0.079482
93560,0.008913,0.006643,0.072717
93570,0.013209,0.010318,0.097079
93580,0.019738,0.014801,0.120463
93590,0.033275,0.025204,0.144137
93600,0.007995,0.005565,0.157977
93610,0.014922,0.011310,0.065552
93620,0.023630,0.017765,0.111851
93630,0.000001,0.000000,0.000001
93640,0.024261,0.018287,0.135171
93650,0.034809,0.025906,0.135010
93660,0.012609,0.010995,0.089659
93670,0.016413,0.011857,0.089084
93680,0.009188,0.006717,0.081510
93690,0.008542,0.006458,0.079290
93700,0.024042,0.018283,0.125490
93710,0.016804,0.012768,0.106422
93720,0.029421,0.022373,0.139256
93730,0.043324,0.032966,0.178865
93740,0.047829,0.036375,0.177585
93750,0.044675,0.033727,0.158808
93760,0.021520,0.016040,0.112107
93770,0.013582,0.010073,0.104392
93780,0.028183,0.021310,0.120132
93790,0.003711,0.002928,0.091509
93800,0.018377,0.013921,0.128490
93810,0.030105,0.022761,0.133753
93820,0.026247,0.019741,0.127837
93830,0.012790,0.009597,0.101956
93840,0.021404,0.016239,0.120862
93850,0.022271,0.016832,0.093765
93860,0.015655,0.011793,0.102601
93870,0.029954,0.022630,0.155572
93880,0.017885,0.013563,0.106389
93890,0.026261,0.019905,0.131137
93900,0.020798,0.015936,0.103845
93910,0.042577,0.032272,0.164575
93920,0.014650,0.010970,0.076474
93930,0.014838,0.011890,0.105421
93940,0.016488,0.012456,0.107410
93950,0.021424,0.016413,0.120148
93960,0.011001,0.008354,0.073574
93970,0.024429,0.019840,0.132828
93980,0.002898,0.002082,0.085921
93990,0.009057,0.006690,0.079932
94000,0.030027,0.022704,0.139108
94010,0.018246,0.013938,0.089850
94020,0.047032,0.035735,0.182160
94030,0.027782,0.020979,0.132438
94040,0.023618,0.017741,0.134077
94050,0.011563,0.008563,0.092912
94060,0.020697,0.015112,0.106366
94070,0.017431,0.013312,0.109474
94080,0.030373,0.022945,0.135671
94090,0.013129,0.009911,0.096677
94100,0.015655,0.011791,0.100796
94110,0.023740,0.017855,0.117179
94120,0.025742,0.019724,0.125042
94130,0.025176,0.018878,0.129777
94140,0.035845,0.027002,0.132072
94150,0.007587,0.005455,0.055458
94160,0.021914,0.016706,0.096261
94170,0.031266,0.023594,0.141866
94180,0.012237,0.009087,0.092495
94190,0.016519,0.012526,0.087687
94200,0.024046,0.019090,0.132273
94210,0.026522,0.020185,0.124834
94220,0.011555,0.008448,0.093841
94230,0.015284,0.011500,0.104812
94240,0.018718,0.014076,0.072075
94250,0.012656,0.009374,0.100086
94260,0.026463,0.019793,0.107732
94270,0.015694,0.011185,0.107243
94280,0.026117,0.019525,0.114499
94290,0.028066,0.021182,0.142133
94300,0.022067,0.016490,0.118824
94310,0.003875,0.003169,0.090507
94320,0.021968,0.017003,0.123659
94330,0.029161,0.022468,0.152773
94340,0.002575,0.001670,0.041297
94350,0.021833,0.016625,0.106528
94360,0.023989,0.018484,0.124134
94370,0.031511,0.023951,0.145326
94380,0.004587,0.003000,0.070821
94390,0.030349,0.022850,0.142611
94400,0.026984,0.020316,0.132480
94410,0.027460,0.020855,0.134207
94420,0.019272,0.014534,0.116372
94430,0.029161,0.022056,0.142656
94440,0.011739,0.008902,0.093119
94450,0.017017,0.012938,0.126497
94460,0.036636,0.027829,0.162950
94470,0.015932,0.011875,0.107077
94480,0.031860,0.024232,0.148237
94490,0.023589,0.017646,0.120762
94500,0.016527,0.012402,0.088275
94510,0.034140,0.025661,0.154984
94520,0.034397,0.026111,0.149767
94530,0.024722,0.018634,0.098632
94540,0.016857,0.012286,0.078284
94550,0.030186,0.022456,0.142611
94560,0.005111,0.003724,0.099132
94570,0.026633,0.020078,0.120124
94580,0.021699,0.016269,0.130194
94590,0.014258,0.010651,0.083627
94600,0.003839,0.002664,0.100318
94610,0.009643,0.007345,0.069498
94620,0.037793,0.028656,0.167132
94630,0.039730,0.030182,0.167293
94640,0.006982,0.005289,0.068290
94650,0.013694,0.010173,0.110908
94660,0.024940,0.019060,0.134227
94670,0.024952,0.018870,0.124626
94680,0.015855,0.011936,0.098443
94690,0.020613,0.015582,0.089693
94700,0.015945,0.012035,0.113092
94710,0.010077,0.007557,0.050953
94720,0.021272,0.016088,0.117726
94730,0.026755,0.020291,0.122701
94740,0.033679,0.025877,0.109928
94750,0.018497,0.014122,0.105574
94760,0.031069,0.023597,0.144282
94770,0.031262,0.024350,0.138676
94780,0.045004,0.034101,0.177085
94790,0.012436,0.008553,0.071475
94800,0.004017,0.002843,0.084667
94810,0.020746,0.015590,0.116099
94820,0.028923,0.021939,0.133392
94830,0.029031,0.022054,0.131957
94840,0.042988,0.032570,0.171665
94850,0.004797,0.003491,0.079263
94860,0.013347,0.009939,0.089106
94870,0.000000,0.000000,0.000001
94880,0.007372,0.005397,0.084184
94890,0.011826,0.008730,0.095340
94900,0.015235,0.012115,0.087272
94910,0.026995,0.020168,0.136850
94920,0.032186,0.024371,0.141624
94930,0.006396,0.004865,0.093583
94940,0.022182,0.016869,0.131795
94950,0.018604,0.014151,0.117702
94960,0.038901,0.029329,0.144972
94970,0.008428,0.006341,0.058764
94980,0.009952,0.007380,0.085537
94990,0.008593,0.006443,0.062299
95000,0.012387,0.009363,0.068489
95010,0.023251,0.017411,0.118034
95020,0.018424,0.013626,0.118123
95030,0.006200,0.004443,0.161121
95040,0.025104,0.018922,0.125339
95050,0.037201,0.028242,0.155052
95060,0.001286,0.000974,0.015109
95070,0.010208,0.007276,0.077805
95080,0.028410,0.021325,0.112541
95090,0.030376,0.023116,0.139763
95100,0.020120,0.015070,0.097059
95110,0.021622,0.016541,0.120890
95120,0.034584,0.026169,0.160483
95130,0.019175,0.014388,0.116008
95140,0.024603,0.018693,0.126390
95150,0.023816,0.019074,0.126444
95160,0.011291,0.008447,0.089742
95170,0.022134,0.016588,0.092061
95180,0.018015,0.013582,0.106685
95190,0.004149,0.003038,0.103748
95200,0.015692,0.011622,0.110365
95210,0.035667,0.026989,0.149890
95220,0.019638,0.015067,0.092004
95230,0.030741,0.023095,0.140965
95240,0.013647,0.010117,0.099622
95250,0.028089,0.021571,0.139642
95260,0.031313,0.023820,0.141750
95270,0.035410,0.027049,0.145807
95280,0.029040,0.021970,0.147009
95290,0.034852,0.026616,0.140452
95300,0.021869,0.016771,0.118456
95310,0.022423,0.016493,0.112291
95320,0.033754,0.025316,0.151294
95330,0.028687,0.021832,0.137127
95340,0.023311,0.017617,0.127978
95350,0.001544,0.000982,0.106112
95360,0.024488,0.018140,0.134727
95370,0.032954,0.024955,0.144029
95380,0.019067,0.014305,0.103391
95390,0.029997,0.022623,0.135091
95400,0.019895,0.015212,0.099523
95410,0.020470,0.015556,0.094442
95420,0.030910,0.023414,0.135998
95430,0.017278,0.013094,0.077557
95440,0.018332,0.013629,0.108323
95450,0.053817,0.041075,0.193091
95460,0.024346,0.018590,0.131730
95470,0.020823,0.015687,0.106644
95480,0.033257,0.025195,0.148209
95490,0.032548,0.024492,0.149729
95500,0.019525,0.013901,0.105306
95510,0.014508,0.011239,0.072653
95520,0.016109,0.012349,0.101063
95530,0.012501,0.009303,0.099238
95540,0.030244,0.022937,0.140357
95550,0.031664,0.023936,0.142518
95560,0.028758,0.021756,0.141791
95570,0.003702,0.002609,0.079229
95580,0.032248,0.024339,0.153632
95590,0.010753,0.007698,0.091494
95600,0.011744,0.008385,0.058823
95610,0.016340,0.012298,0.119769
95620,0.005838,0.004197,0.063771
95630,0.012506,0.009473,0.068495
95640,0.011566,0.008603,0.094119
95650,0.004559,0.003157,0.081456
95660,0.015474,0.011497,0.112540
95670,0.037216,0.028090,0.154760
95680,0.027885,0.021164,0.134391
95690,0.026667,0.020108,0.124043
95700,0.023953,0.017907,0.115908
95710,0.011864,0.009134,0.065968
95720,0.019051,0.014472,0.089752
95730,0.017250,0.012950,0.093311
95740,0.018712,0.014003,0.116886
95750,0.053075,0.040529,0.183278
95760,0.025500,0.018966,0.124991
95770,0.021747,0.016334,0.122005
95780,0.024902,0.019126,0.105111
95790,0.020284,0.015331,0.115791
95800,0.017402,0.013175,0.087431
95810,0.035620,0.027063,0.144332
95820,0.006456,0.004704,0.081728
95830,0.026923,0.019915,0.135685
95840,0.014817,0.011303,0.092516
95850,0.011044,0.008112,0.086501
95860,0.016484,0.012200,0.112391
95870,0.017794,0.013272,0.105362
95880,0.031186,0.023860,0.139226
95890,0.034984,0.026773,0.142300
95900,0.021426,0.016196,0.114742
95910,0.031288,0.023567,0.143080
95920,0.003929,0.003039,0.032172
95930,0.012402,0.009257,0.098251
95940,0.018567,0.014362,0.105120
95950,0.004565,0.003254,0.091681
95960,0.027224,0.020328,0.130055
95970,0.014283,0.010454,0.097725
95980,0.019593,0.014406,0.115231
95990,0.013692,0.010734,0.100467
96000,0.015467,0.011706,0.077106
96010,0.011087,0.008263,0.097677
96020,0.017278,0.013071,0.096691
96030,0.017827,0.013265,0.113436
96040,0.040504,0.031533,0.176699
96050,0.025076,0.018464,0.133869
96060,0.018266,0.013749,0.101175
96070,0.025011,0.018788,0.118207
96080,0.004916,0.003588,0.118707
96090,0.027572,0.020946,0.138658
96100,0.017649,0.012917,0.102862
96110,0.033751,0.025565,0.142656
96120,0.015010,0.010874,0.105000
96130,0.032553,0.024951,0.124176
96140,0.016469,0.012597,0.094311
96150,0.004864,0.003828,0.033581
96160,0.029283,0.022383,0.129300
96170,0.039277,0.029760,0.163916
96180,0.028006,0.021281,0.127774
96190,0.011195,0.007925,0.110055
96200,0.034104,0.025837,0.147380
96210,0.016521,0.012350,0.108335
96220,0.012779,0.008981,0.175177
96230,0.044243,0.033337,0.172709
96240,0.008816,0.006412,0.091764
96250,0.023202,0.017492,0.123006
96260,0.021718,0.016484,0.117814
96270,0.005385,0.003856,0.081433
96280,0.027944,0.020855,0.143971
96290,0.022669,0.016979,0.119238
96300,0.020058,0.014936,0.120441
96310,0.023358,0.017676,0.122730
96320,0.021134,0.016061,0.120394
96330,0.001261,0.001010,0.043151
96340,0.024214,0.018278,0.102792
96350,0.039434,0.029735,0.162256
96360,0.020671,0.015326,0.106994
96370,0.018627,0.013877,0.115815
96380,0.029142,0.022329,0.125327
96390,0.015681,0.011870,0.080292
96400,0.023931,0.018381,0.126823
96410,0.031409,0.023830,0.129013
96420,0.026503,0.020104,0.131828
96430,0.020835,0.015438,0.135555
96440,0.014917,0.011045,0.112072
96450,0.024851,0.018607,0.107668
96460,0.029739,0.022360,0.124231
96470,0.020937,0.016119,0.129422
96480,0.002866,0.002141,0.023012
96490,0.035020,0.025944,0.139054
96500,0.024862,0.018717,0.127288
96510,0.027189,0.020209,0.150298
96520,0.025540,0.019455,0.123786
96530,0.035190,0.026533,0.139289
96540,0.017537,0.013135,0.086244
96550,0.015033,0.011429,0.108505
96560,0.003726,0.002755,0.052637
96570,0.022597,0.017191,0.097017
96580,0.022920,0.017695,0.114140
96590,0.012415,0.008756,0.119232
96600,0.022344,0.017116,0.114602
96610,0.021329,0.016086,0.122662
96620,0.008934,0.006873,0.055070
96630,0.031611,0.024071,0.142128
96640,0.014886,0.011376,0.075635
96650,0.020698,0.015593,0.123375
96660,0.026778,0.020275,0.125595
96670,0.015196,0.011453,0.114015
96680,0.016351,0.013171,0.119993
96690,0.033004,0.025043,0.142288
96700,0.008730,0.006359,0.049308
96710,0.032277,0.024196,0.133775
96720,0.029072,0.022385,0.106746
96730,0.033215,0.025053,0.150591
96740,0.014759,0.010871,0.114354
96750,0.013615,0.009945,0.102725
96760,0.020308,0.015289,0.112025
96770,0.037546,0.028364,0.161726
96780,0.024894,0.018417,0.128756
96790,0.015295,0.011544,0.091366
96800,0.025817,0.019670,0.129294
96810,0.024376,0.018616,0.113131
96820,0.024988,0.018960,0.113726
96830,0.013128,0.009894,0.073195
96840,0.017316,0.013051,0.102603
96850,0.014056,0.010368,0.108475
96860,0.028407,0.021434,0.132995
96870,0.003401,0.003802,0.099396
96880,0.023616,0.017473,0.130686
96890,0.013210,0.009814,0.080835
96900,0.024529,0.018827,0.113874
96910,0.006057,0.004551,0.072722
96920,0.023380,0.017725,0.117213
96930,0.038207,0.028854,0.155571
96940,0.026272,0.019985,0.127382
96950,0.001828,0.001358,0.118480
96960,0.009027,0.006602,0.047417
96970,0.034519,0.025847,0.164091
96980,0.029043,0.022022,0.144473
96990,0.016714,0.012264,0.111783
97000,0.018467,0.013956,0.105194
97010,0.027184,0.020727,0.134608
97020,0.015495,0.011419,0.070105
97030,0.031531,0.024315,0.143176
97040,0.023160,0.017204,0.112426
97050,0.021272,0.015948,0.111816
97060,0.017860,0.013196,0.111454
97070,0.022192,0.016668,0.121106
97080,0.017471,0.013051,0.102708
97090,0.042490,0.032297,0.174707
97100,0.031229,0.023669,0.150686
97110,0.026229,0.020018,0.133834
97120,0.049030,0.036716,0.184968
97130,0.037342,0.028155,0.161345
97140,0.021756,0.016492,0.124618
97150,0.025623,0.019410,0.106481
97160,0.020180,0.015203,0.108845
97170,0.034046,0.025871,0.138324
97180,0.025277,0.019117,0.118713
97190,0.008111,0.006122,0.064433
97200,0.028326,0.021425,0.118696
97210,0.024046,0.018041,0.135603
97220,0.005241,0.004045,0.038467
97230,0.018439,0.013930,0.088629
97240,0.020179,0.014929,0.119442
97250,0.024051,0.018246,0.131076
97260,0.028180,0.020402,0.106997
97270,0.033892,0.025668,0.149755
97280,0.013712,0.010303,0.062360
97290,0.000848,0.000652,0.066486
97300,0.026763,0.020352,0.126151
97310,0.023415,0.017660,0.128498
97320,0.017660,0.013132,0.078518
97330,0.029430,0.022489,0.140585
97340,0.022931,0.017347,0.120549
97350,0.019598,0.013948,0.111119
97360,0.026972,0.020650,0.132412
97370,0.045939,0.034842,0.179949
97380,0.019264,0.014666,0.093964
97390,0.034303,0.026318,0.139564
97400,0.045230,0.034184,0.172596
97410,0.021292,0.015992,0.130917
97420,0.022802,0.017168,0.119039
97430,0.024496,0.018456,0.128126
97440,0.038484,0.033204,0.191657
97450,0.023049,0.017260,0.104493
97460,0.019755,0.015053,0.107090
97470,0.040809,0.030893,0.164905
97480,0.021063,0.015587,0.110987
97490,0.011859,0.008846,0.091238
97500,0.022781,0.017128,0.121060
97510,0.018092,0.013390,0.098291
97520,0.018964,0.014011,0.129955
97530,0.012706,0.009644,0.086612
97540,0.027768,0.020920,0.137448
97550,0.022193,0.016625,0.124643
97560,0.026206,0.020107,0.125818
97570,0.010692,0.008003,0.094808
97580,0.010528,0.007795,0.092675
97590,0.022680,0.017117,0.133732
97600,0.015081,0.011228,0.102932
97610,0.021428,0.016218,0.115783
97620,0.015208,0.011326,0.078084
97630,0.018517,0.013981,0.078589
97640,0.023848,0.018030,0.110823
97650,0.020730,0.015819,0.111902
97660,0.028502,0.021500,0.130182
97670,0.007893,0.005805,0.053070
97680,0.013924,0.010591,0.062595
97690,0.011153,0.008217,0.071914
97700,0.034126,0.025938,0.152310
97710,0.012270,0.009156,0.095853
97720,0.010588,0.008135,0.081507
97730,0.015977,0.011752,0.109862
97740,0.024234,0.018312,0.105775
97750,0.018395,0.013874,0.110119
97760,0.047317,0.036159,0.178264
97770,0.033862,0.025734,0.156638
97780,0.010880,0.008122,0.086570
97790,0.029992,0.022717,0.134624
97800,0.018835,0.014435,0.110153
97810,0.030277,0.022826,0.141956
97820,0.015440,0.011423,0.103629
97830,0.007240,0.005265,0.076383
97840,0.000961,0.000713,0.092523
97850,0.022655,0.017017,0.105354
97860,0.008538,0.006200,0.089151
97870,0.022077,0.017000,0.097500
97880,0.025377,0.019307,0.109373
97890,0.022809,0.017233,0.107217
97900,0.021475,0.016288,0.098680
97910,0.021161,0.015979,0.118362
97920,0.022078,0.016666,0.120903
97930,0.020520,0.015321,0.128921
97940,0.021339,0.016152,0.095234
97950,0.027254,0.020520,0.132640
97960,0.018210,0.013949,0.093380
97970,0.001011,0.000694,0.054706
97980,0.023996,0.018170,0.130077
97990,0.021106,0.015965,0.098691
98000,0.002737,0.001977,0.087458
98010,0.036400,0.027540,0.156155
98020,0.038623,0.029132,0.157078
98030,0.033585,0.025400,0.148287
98040,0.041339,0.031235,0.162981
98050,0.020326,0.015297,0.107488
98060,0.019699,0.014937,0.108469
98070,0.027440,0.020794,0.138470
98080,0.020873,0.015883,0.088158
98090,0.034695,0.026064,0.148101
98100,0.025767,0.019338,0.132353
98110,0.027323,0.020717,0.132269
98120,0.018691,0.013936,0.115799
98130,0.033699,0.025646,0.147125
98140,0.029954,0.022873,0.122782
98150,0.035285,0.026849,0.148272
98160,0.015879,0.011956,0.090981
98170,0.022263,0.016666,0.128829
98180,0.025467,0.019131,0.145725
98190,0.025538,0.019203,0.108933
98200,0.015891,0.010288,0.110376
98210,0.022976,0.017178,0.117265
98220,0.009596,0.007230,0.063324
98230,0.009741,0.007484,0.119392
98240,0.041004,0.031104,0.163848
98250,0.004381,0.003481,0.073955
98260,0.033052,0.025143,0.138375
98270,0.011431,0.008515,0.059648
98280,0.023738,0.017957,0.105091
98290,0.026468,0.019998,0.139735
98300,0.017006,0.012960,0.107512
98310,0.028456,0.021680,0.135578
98320,0.022236,0.016615,0.126418
98330,0.013374,0.010031,0.097775
98340,0.033189,0.025029,0.147719
98350,0.014645,0.010904,0.100051
98360,0.014791,0.010955,0.098695
98370,0.010133,0.007558,0.094633
98380,0.009898,0.007279,0.100443
98390,0.037613,0.028397,0.156406
98400,0.047712,0.035908,0.186452
98410,0.021148,0.016110,0.112595
98420,0.023654,0.017800,0.107480
98430,0.020666,0.015660,0.119467
98440,0.032687,0.024448,0.153936
98450,0.019193,0.014485,0.120332
98460,0.035788,0.026880,0.158623
98470,0.009565,0.007319,0.073107
98480,0.023994,0.018154,0.124618
98490,0.016984,0.012670,0.119256
98500,0.026240,0.019677,0.120510
98510,0.005005,0.003769,0.110003
98520,0.012164,0.009014,0.094916
98530,0.029511,0.022042,0.140886
98540,0.019656,0.014989,0.091737
98550,0.018425,0.013835,0.103107
98560,0.009369,0.006887,0.130918
98570,0.008710,0.006699,0.089376
98580,0.016870,0.012817,0.100611
98590,0.005025,0.003722,0.058563
98600,0.027788,0.020783,0.129646
98610,0.046849,0.035033,0.186849
98620,0.026149,0.020187,0.103206
98630,0.004482,0.003270,0.069596
98640,0.025780,0.018898,0.135616
98650,0.025506,0.019348,0.130503
98660,0.020962,0.015763,0.114937
98670,0.004426,0.003153,0.083012
98680,0.022469,0.017072,0.105803
98690,0.027365,0.021081,0.138041
98700,0.013650,0.010123,0.101336
98710,0.019634,0.014988,0.095069
98720,0.000001,0.000000,0.000002
98730,0.029602,0.022879,0.137601
98740,0.018851,0.014294,0.109249
98750,0.030091,0.022638,0.127666
98760,0.008108,0.006130,0.038402
98770,0.008899,0.006644,0.078807
98780,0.016401,0.012912,0.081890
98790,0.028893,0.022032,0.124030
98800,0.028627,0.021746,0.128767
98810,0.016208,0.012005,0.100095
98820,0.007448,0.005329,0.103844
98830,0.003594,0.002516,0.073952
98840,0.025712,0.019826,0.136720
98850,0.013073,0.009785,0.102172
98860,0.017900,0.013179,0.118597
98870,0.007668,0.005776,0.046473
98880,0.007523,0.005315,0.100247
98890,0.007819,0.005736,0.044625
98900,0.034128,0.025368,0.129680
98910,0.030577,0.023044,0.145668
98920,0.016418,0.012583,0.107886
98930,0.031680,0.024124,0.144492
98940,0.014606,0.011155,0.102168
98950,0.025515,0.019364,0.128618
98960,0.025014,0.019030,0.105724
98970,0.030007,0.022849,0.111385
98980,0.011017,0.008572,0.155473
98990,0.026146,0.019699,0.125460
99000,0.034525,0.025859,0.153919
99010,0.030525,0.022748,0.126596
99020,0.021769,0.016402,0.117137
99030,0.005267,0.004370,0.038262
99040,0.010231,0.007712,0.052780
99050,0.027069,0.020528,0.119209
99060,0.015237,0.011429,0.097101
99070,0.012724,0.009910,0.078206
99080,0.010476,0.007746,0.087577
99090,0.007160,0.005350,0.082670
99100,0.018504,0.014002,0.095045
99110,0.013709,0.010148,0.080997
99120,0.019728,0.014958,0.122008
99130,0.015018,0.011435,0.079624
99140,0.021782,0.016507,0.098650
99150,0.012673,0.009296,0.089792
99160,0.027684,0.021200,0.132944
99170,0.011178,0.008459,0.095377
99180,0.031792,0.024001,0.146943
99190,0.013596,0.009785,0.112719
99200,0.030490,0.023400,0.135314
99210,0.039671,0.029789,0.165834
99220,0.028168,0.021399,0.127057
99230,0.010077,0.007541,0.077136
99240,0.032535,0.024722,0.144275
99250,0.015917,0.012186,0.104449
99260,0.022313,0.017019,0.101653
99270,0.025625,0.019521,0.120169
99280,0.021689,0.016292,0.117639
99290,0.033640,0.025205,0.148149
99300,0.019111,0.014474,0.107993
99310,0.024967,0.019001,0.127761
99320,0.006090,0.004522,0.061622
99330,0.013425,0.009916,0.090895
99340,0.007106,0.005322,0.044475
99350,0.042770,0.032284,0.167377
99360,0.025979,0.019606,0.120327
99370,0.030153,0.023414,0.141827
99380,0.028974,0.021781,0.110842
99390,0.021315,0.016087,0.118859
99400,0.014348,0.010807,0.100909
99410,0.017436,0.013179,0.087422
99420,0.018843,0.014314,0.119038
99430,0.042314,0.031915,0.172231
99440,0.024136,0.018286,0.124751
99450,0.018935,0.014163,0.114602
99460,0.031229,0.023911,0.139251
99470,0.024119,0.018036,0.122944
99480,0.017693,0.013446,0.121953
99490,0.016174,0.011926,0.114796
99500,0.031673,0.023953,0.143476
99510,0.009209,0.006915,0.074008
99520,0.000403,0.000514,0.310757
99530,0.022163,0.016867,0.125880
99540,0.035982,0.027318,0.148183
99550,0.020058,0.015236,0.127646
99560,0.013828,0.010362,0.094176
99570,0.027978,0.022146,0.147860
99580,0.013769,0.010207,0.079470
99590,0.013879,0.010386,0.083403
99600,0.017362,0.012820,0.107728
99610,0.023013,0.017407,0.122625
99620,0.025143,0.018513,0.108830
99630,0.040938,0.030914,0.153322
99640,0.011822,0.008773,0.097849
99650,0.031385,0.023593,0.136568
99660,0.011877,0.008691,0.115465
99670,0.022883,0.017348,0.129481
99680,0.013755,0.010190,0.102878
99690,0.043607,0.033166,0.168004
99700,0.024732,0.018974,0.136183
99710,0.029006,0.021495,0.165657
99720,0.017734,0.013215,0.125698
99730,0.014288,0.011143,0.069301
99740,0.010418,0.007718,0.080893
99750,0.036751,0.027913,0.152587
99760,0.014258,0.010706,0.101077
99770,0.047261,0.035540,0.188329
99780,0.007039,0.005233,0.060891
99790,0.019196,0.013780,0.101284
99800,0.025740,0.019386,0.132090
99810,0.010467,0.008680,0.093318
99820,0.013564,0.010108,0.105204
99830,0.029261,0.022156,0.133762
99840,0.015930,0.012245,0.067312
99850,0.015253,0.011472,0.094042
99860,0.017227,0.012884,0.076467
99870,0.035082,0.026594,0.145888
99880,0.032878,0.024295,0.156770
99890,0.015529,0.011600,0.100325
99900,0.020788,0.015662,0.118179
99910,0.019750,0.014886,0.109279
99920,0.020482,0.015266,0.114742
99930,0.018193,0.013161,0.122713
99940,0.042130,0.031998,0.166071
99950,0.012052,0.009072,0.055103
99960,0.016555,0.012512,0.079699
99970,0.031781,0.023634,0.151527
99980,0.002950,0.002158,0.107162
99990,0.029951,0.022582,0.134470
100000,0.016157,0.012166,0.094845
