iter,ce_loss,ds_loss,final_loss
10,0.464063,0.530931,1.717552
20,0.072079,0.086854,0.814006
30,0.299638,0.215453,1.190490
40,0.306191,0.225185,1.150626
50,0.079363,0.099271,0.754927
60,0.261451,0.194202,1.009410
70,0.753113,0.410616,1.894716
80,0.274962,0.200124,1.045195
90,0.169918,0.133994,0.775346
100,0.134888,0.111842,0.713404
110,0.154882,0.096249,0.707046
120,0.158492,0.117332,0.689776
130,0.121408,0.081715,0.584913
140,0.172927,0.112014,0.738937
150,0.102206,0.060658,0.527835
160,0.097054,0.077046,0.516935
170,0.071461,0.047823,0.648737
180,0.108788,0.076722,0.515451
190,0.080108,0.052080,0.479027
200,0.127088,0.093248,0.539738
210,0.066086,0.053930,0.444843
220,0.048046,0.031991,0.347973
230,0.191740,0.125394,0.687262
240,0.126312,0.084892,0.545552
250,0.101146,0.078349,0.476262
260,0.080671,0.053191,0.403870
270,0.114192,0.081778,0.508754
280,0.059669,0.045981,0.449844
290,0.177224,0.122533,0.655386
300,0.123286,0.077741,0.488377
310,0.051193,0.041125,0.358754
320,0.053014,0.038067,0.391731
330,0.063129,0.043557,0.379396
340,0.064259,0.055555,0.439362
350,0.069728,0.048445,0.396870
360,0.072371,0.050837,0.415277
370,0.125466,0.072796,0.620666
380,0.113806,0.085145,0.478944
390,0.160582,0.123507,0.585108
400,0.098006,0.068628,0.450952
410,0.139980,0.102136,0.525010
420,0.071909,0.050874,0.407089
430,0.109381,0.080343,0.453633
440,0.089344,0.068417,0.426231
450,0.131934,0.094238,0.538209
460,0.059782,0.049194,0.364023
470,0.103387,0.068366,0.421951
480,0.093148,0.072002,0.410633
490,0.025840,0.018311,0.203363
500,0.124588,0.075744,0.680444
510,0.067665,0.046858,0.353839
520,0.078434,0.052600,0.476382
530,0.044128,0.031201,0.289070
540,0.054112,0.042860,0.320126
550,0.054242,0.040860,0.298687
560,0.156945,0.116821,0.547139
570,0.113792,0.087350,0.451588
580,0.091429,0.064369,0.471894
590,0.056649,0.041204,0.320990
600,0.047851,0.033792,0.291167
610,0.074106,0.057512,0.395519
620,0.085065,0.061121,0.378326
630,0.100995,0.070966,0.405255
640,0.029720,0.020558,0.254636
650,0.089452,0.065079,0.380026
660,0.041829,0.029161,0.317438
670,0.036697,0.024286,0.277925
680,0.087171,0.065236,0.386276
690,0.057640,0.040697,0.462090
700,0.153041,0.119563,0.516510
710,0.072405,0.054181,0.336464
720,0.049622,0.037493,0.326312
730,0.093281,0.073011,0.366738
740,0.063316,0.045921,0.305243
750,0.087250,0.065329,0.351624
760,0.141215,0.107956,0.484122
770,0.114446,0.077890,0.466642
780,0.020006,0.016250,0.251471
790,0.025608,0.019000,0.270653
800,0.023117,0.020679,0.312490
810,0.063774,0.046512,0.328745
820,0.080779,0.052508,0.375401
830,0.050798,0.032877,0.408329
840,0.082178,0.061276,0.347279
850,0.234178,0.153558,0.738450
860,0.025601,0.022025,0.279623
870,0.113292,0.089275,0.430330
880,0.072399,0.050942,0.291596
890,0.077684,0.058887,0.349494
900,0.101704,0.076485,0.396427
910,0.050874,0.033969,0.317396
920,0.018238,0.014532,0.234686
930,0.078032,0.053688,0.331044
940,0.039663,0.027355,0.273451
950,0.023469,0.018153,0.281758
960,0.029988,0.019416,0.268322
970,0.067287,0.048649,0.318761
980,0.079060,0.057765,0.335156
990,0.121457,0.088379,0.477796
1000,0.036266,0.026837,0.256076
1010,0.083381,0.066145,0.373509
1020,0.086698,0.063044,0.372970
1030,0.113592,0.085918,0.410415
1040,0.127822,0.098873,0.465021
1050,0.064022,0.048814,0.297822
1060,0.018509,0.011765,0.276318
1070,0.021445,0.014493,0.244068
1080,0.060532,0.041843,0.285445
1090,0.103723,0.075535,0.444357
1100,0.032282,0.023378,0.380429
1110,0.046482,0.033872,0.288842
1120,0.114173,0.080565,0.496222
1130,0.036215,0.027998,0.264434
1140,0.068364,0.050400,0.330286
1150,0.025642,0.020614,0.285293
1160,0.041894,0.030229,0.335769
1170,0.032293,0.025495,0.289393
1180,0.032842,0.024296,0.308408
1190,0.071329,0.053099,0.333376
1200,0.023765,0.017501,0.197808
1210,0.039549,0.028155,0.225829
1220,0.076664,0.060448,0.350337
1230,0.068200,0.048433,0.289361
1240,0.056024,0.041725,0.307041
1250,0.063964,0.048778,0.290610
1260,0.050286,0.036814,0.261535
1270,0.015939,0.012931,0.448061
1280,0.050449,0.037020,0.261916
1290,0.054740,0.040007,0.278454
1300,0.017775,0.010869,0.211520
1310,0.036426,0.027794,0.212812
1320,0.097121,0.083410,0.411086
1330,0.062511,0.043967,0.273192
1340,0.051551,0.034781,0.295182
1350,0.060906,0.044247,0.278642
1360,0.042832,0.031611,0.266772
1370,0.044836,0.031714,0.261480
1380,0.052999,0.040181,0.284834
1390,0.082114,0.059733,0.326233
1400,0.044559,0.031891,0.251441
1410,0.098992,0.070072,0.413841
1420,0.025564,0.017364,0.239396
1430,0.020793,0.016607,0.246086
1440,0.025557,0.020763,0.394663
1450,0.052235,0.037185,0.252681
1460,0.038456,0.028866,0.202253
1470,0.018146,0.013607,0.173412
1480,0.049891,0.038433,0.225650
1490,0.056930,0.042856,0.265907
1500,0.100761,0.076821,0.371041
1510,0.070900,0.052308,0.307910
1520,0.031791,0.024014,0.226382
1530,0.056835,0.041607,0.258711
1540,0.080210,0.062467,0.342780
1550,0.130080,0.080001,0.643097
1560,0.038175,0.028445,0.213457
1570,0.060343,0.043706,0.306303
1580,0.011766,0.009225,0.203526
1590,0.013412,0.009459,0.181934
1600,0.023554,0.018529,0.263586
1610,0.030313,0.021864,0.241171
1620,0.068871,0.049792,0.309742
1630,0.042957,0.030546,0.274811
1640,0.024474,0.020259,0.276023
1650,0.110988,0.085187,0.408567
1660,0.051384,0.042545,0.227164
1670,0.056425,0.040775,0.354211
1680,0.025041,0.024540,0.276506
1690,0.053424,0.035175,0.315732
1700,0.036047,0.026262,0.222014
1710,0.063267,0.045257,0.293962
1720,0.058588,0.041607,0.266118
1730,0.124359,0.095899,0.420526
1740,0.065719,0.047061,0.250009
1750,0.069650,0.049754,0.281869
1760,0.104291,0.075604,0.351460
1770,0.038932,0.028204,0.225213
1780,0.023659,0.017702,0.263686
1790,0.045624,0.030951,0.246417
1800,0.001839,0.002020,0.005903
1810,0.053327,0.038866,0.265507
1820,0.053054,0.039641,0.284317
1830,0.052103,0.037848,0.240813
1840,0.050683,0.036423,0.265234
1850,0.059576,0.042806,0.282072
1860,0.039303,0.028655,0.214909
1870,0.053567,0.041510,0.275593
1880,0.059429,0.043367,0.276136
1890,0.052636,0.039336,0.242904
1900,0.020684,0.015560,0.186990
1910,0.030425,0.022713,0.151749
1920,0.029328,0.022186,0.159314
1930,0.042821,0.031963,0.244839
1940,0.016157,0.012795,0.209377
1950,0.070327,0.050301,0.315265
1960,0.034808,0.025858,0.173568
1970,0.058807,0.044542,0.261753
1980,0.069246,0.047953,0.296297
1990,0.035807,0.025710,0.256085
2000,0.052102,0.038946,0.258794
2010,0.044316,0.031968,0.232029
2020,0.031981,0.023293,0.212427
2030,0.117455,0.087486,0.414927
2040,0.038684,0.028238,0.247108
2050,0.018351,0.013439,0.170289
2060,0.015423,0.011081,0.193086
2070,0.069976,0.052182,0.284572
2080,0.072185,0.054304,0.312004
2090,0.037179,0.025924,0.221077
2100,0.050096,0.038812,0.228783
2110,0.085914,0.065227,0.346040
2120,0.017295,0.013802,0.219649
2130,0.044568,0.031672,0.230962
2140,0.049783,0.038183,0.267661
2150,0.056131,0.041606,0.257087
2160,0.016427,0.011498,0.116174
2170,0.094127,0.071981,0.369540
2180,0.047432,0.034653,0.234474
2190,0.030191,0.022993,0.203696
2200,0.043292,0.032678,0.235695
2210,0.085259,0.064282,0.357729
2220,0.074150,0.054593,0.308178
2230,0.023149,0.017337,0.189318
2240,0.055306,0.040360,0.242423
2250,0.079026,0.059072,0.332778
2260,0.046769,0.034955,0.230929
2270,0.028670,0.020432,0.208281
2280,0.055281,0.040761,0.259488
2290,0.072131,0.053131,0.305050
2300,0.045507,0.033752,0.225073
2310,0.036789,0.027982,0.246176
2320,0.003165,0.002988,0.206443
2330,0.073141,0.053568,0.330264
2340,0.047586,0.035862,0.240776
2350,0.049002,0.036315,0.235704
2360,0.031325,0.026334,0.343275
2370,0.011202,0.008542,0.239442
2380,0.083131,0.061778,0.320765
2390,0.040115,0.029279,0.216264
2400,0.048063,0.036567,0.268433
2410,0.059716,0.045008,0.263510
2420,0.098333,0.074673,0.341971
2430,0.024112,0.018877,0.207128
2440,0.059434,0.042537,0.283245
2450,0.081040,0.059587,0.319401
2460,0.017858,0.012831,0.180133
2470,0.054230,0.039138,0.246296
2480,0.046823,0.033390,0.253098
2490,0.023761,0.017472,0.201621
2500,0.042819,0.032821,0.231729
2510,0.042472,0.031293,0.232082
2520,0.033181,0.024806,0.207946
2530,0.063661,0.047721,0.273287
2540,0.014029,0.011307,0.071363
2550,0.073952,0.057827,0.298034
2560,0.025783,0.018257,0.182342
2570,0.081955,0.061873,0.331952
2580,0.009035,0.006207,0.196564
2590,0.071617,0.052915,0.297756
2600,0.104634,0.079405,0.374489
2610,0.059351,0.044669,0.278268
2620,0.018507,0.013535,0.158307
2630,0.046031,0.032835,0.275499
2640,0.036939,0.027346,0.248214
2650,0.071499,0.052472,0.280926
2660,0.051025,0.037563,0.258182
2670,0.105282,0.081334,0.386431
2680,0.034008,0.024394,0.204670
2690,0.054373,0.041919,0.275537
2700,0.083889,0.061335,0.309060
2710,0.033843,0.023525,0.246825
2720,0.031517,0.024167,0.208322
2730,0.042163,0.032845,0.214797
2740,0.075449,0.059382,0.291155
2750,0.053907,0.039524,0.276264
2760,0.016026,0.011496,0.107010
2770,0.021532,0.017240,0.314094
2780,0.016775,0.011193,0.458630
2790,0.068637,0.052294,0.280657
2800,0.064135,0.047359,0.274170
2810,0.056314,0.041262,0.232979
2820,0.027897,0.019573,0.220625
2830,0.040776,0.030173,0.222073
2840,0.038845,0.028125,0.221648
2850,0.074774,0.056102,0.315270
2860,0.043797,0.032151,0.225341
2870,0.056951,0.043363,0.250794
2880,0.001148,0.000872,0.002899
2890,0.023334,0.015413,0.200550
2900,0.055722,0.039341,0.274244
2910,0.062413,0.045335,0.279696
2920,0.061427,0.046405,0.259925
2930,0.052204,0.037784,0.228019
2940,0.028045,0.020279,0.192887
2950,0.096203,0.072231,0.323330
2960,0.049131,0.036420,0.234807
2970,0.056748,0.043661,0.248531
2980,0.067298,0.053085,0.301817
2990,0.057615,0.044479,0.262140
3000,0.073401,0.052803,0.336130
3010,0.028283,0.020845,0.219124
3020,0.024747,0.018131,0.201988
3030,0.007866,0.005452,0.228269
3040,0.047524,0.036709,0.231303
3050,0.073929,0.056482,0.299457
3060,0.037853,0.028184,0.184156
3070,0.090385,0.068090,0.342093
3080,0.059466,0.045331,0.256404
3090,0.047594,0.034416,0.236085
3100,0.028919,0.021403,0.181600
3110,0.036902,0.027278,0.207284
3120,0.035273,0.025978,0.209760
3130,0.046340,0.033731,0.216055
3140,0.056612,0.041953,0.282914
3150,0.079674,0.058053,0.325629
3160,0.033198,0.024780,0.211888
3170,0.051095,0.038395,0.236340
3180,0.062057,0.046532,0.264250
3190,0.044273,0.032511,0.214684
3200,0.035445,0.025911,0.209233
3210,0.043469,0.031648,0.220547
3220,0.035390,0.028393,0.222941
3230,0.028741,0.021347,0.183272
3240,0.073036,0.053485,0.328734
3250,0.053511,0.039134,0.274092
3260,0.040835,0.030401,0.229860
3270,0.058596,0.041866,0.266212
3280,0.034215,0.025794,0.197983
3290,0.022449,0.017364,0.205397
3300,0.040136,0.031787,0.214971
3310,0.068291,0.050137,0.296557
3320,0.062763,0.046280,0.228244
3330,0.015483,0.011064,0.212501
3340,0.021412,0.013820,0.215980
3350,0.056297,0.042952,0.234661
3360,0.036530,0.025890,0.195964
3370,0.035192,0.024685,0.199051
3380,0.038038,0.028004,0.235016
3390,0.029265,0.022279,0.179011
3400,0.035247,0.026325,0.175613
3410,0.004524,0.002994,0.114810
3420,0.029530,0.021104,0.220686
3430,0.028834,0.022094,0.201141
3440,0.081705,0.059984,0.318029
3450,0.013797,0.008391,0.657491
3460,0.023877,0.017543,0.130702
3470,0.035758,0.026696,0.197787
3480,0.058533,0.043610,0.268220
3490,0.074021,0.053066,0.322902
3500,0.037968,0.026871,0.224937
3510,0.084964,0.064907,0.323121
3520,0.042793,0.033513,0.210741
3530,0.034284,0.025805,0.180975
3540,0.044746,0.033393,0.257969
3550,0.063799,0.047495,0.273432
3560,0.049090,0.037919,0.239324
3570,0.073765,0.056519,0.288969
3580,0.018520,0.013311,0.152029
3590,0.044753,0.030085,0.254485
3600,0.020579,0.014924,0.113774
3610,0.020131,0.015231,0.114006
3620,0.005903,0.004946,0.133086
3630,0.030010,0.022346,0.184111
3640,0.051736,0.040388,0.261677
3650,0.079577,0.059763,0.306417
3660,0.036679,0.028040,0.205290
3670,0.002796,0.002200,0.119561
3680,0.008604,0.006236,0.143060
3690,0.055472,0.042953,0.236768
3700,0.020202,0.014828,0.168942
3710,0.039867,0.029754,0.214920
3720,0.059376,0.044699,0.283283
3730,0.079041,0.058615,0.295156
3740,0.032386,0.024273,0.185859
3750,0.031487,0.023565,0.233915
3760,0.030345,0.021602,0.183156
3770,0.012029,0.008543,0.156974
3780,0.027248,0.020089,0.181146
3790,0.075081,0.057500,0.287336
3800,0.062156,0.046584,0.267527
3810,0.034529,0.025294,0.212651
3820,0.054175,0.039623,0.265938
3830,0.052296,0.039046,0.252687
3840,0.030474,0.022966,0.177358
3850,0.038939,0.029336,0.210741
3860,0.029247,0.022169,0.193012
3870,0.042394,0.031792,0.214149
3880,0.027081,0.020165,0.151302
3890,0.023267,0.017998,0.164264
3900,0.063983,0.048386,0.272712
3910,0.019002,0.013047,0.174908
3920,0.007898,0.005576,0.215183
3930,0.070121,0.052215,0.323042
3940,0.023269,0.017057,0.168143
3950,0.047722,0.035310,0.255874
3960,0.000535,0.000608,0.001994
3970,0.047455,0.035248,0.232097
3980,0.008469,0.005736,0.186667
3990,0.047127,0.036080,0.215410
4000,0.054930,0.039110,0.278158
4010,0.078278,0.059507,0.291672
4020,0.066979,0.051224,0.260726
4030,0.037028,0.026747,0.191885
4040,0.041925,0.030835,0.218193
4050,0.027537,0.019610,0.191438
4060,0.044773,0.030672,0.263435
4070,0.043160,0.032232,0.213188
4080,0.028724,0.021006,0.203532
4090,0.049129,0.035680,0.229556
4100,0.047354,0.036249,0.233629
4110,0.023907,0.017681,0.158839
4120,0.025409,0.018657,0.189750
4130,0.035807,0.027030,0.188074
4140,0.021994,0.016287,0.190505
4150,0.068431,0.050383,0.271877
4160,0.074921,0.057411,0.300617
4170,0.022302,0.017072,0.162354
4180,0.037229,0.027422,0.209204
4190,0.014438,0.011468,0.103658
4200,0.025895,0.019006,0.167815
4210,0.053624,0.040182,0.231434
4220,0.006642,0.004847,0.215510
4230,0.035800,0.025481,0.273705
4240,0.058993,0.044139,0.272592
4250,0.054356,0.041687,0.240316
4260,0.051463,0.038659,0.220681
4270,0.066169,0.050604,0.287659
4280,0.025279,0.018991,0.180616
4290,0.056378,0.042472,0.241634
4300,0.054726,0.041269,0.226445
4310,0.056531,0.042121,0.251033
4320,0.075775,0.056898,0.305755
4330,0.055016,0.041445,0.255384
4340,0.029571,0.021791,0.165592
4350,0.033797,0.024904,0.195991
4360,0.037250,0.025512,0.213443
4370,0.064537,0.048153,0.267808
4380,0.057384,0.044368,0.265450
4390,0.081101,0.061682,0.300978
4400,0.022444,0.016293,0.156861
4410,0.031389,0.023177,0.182218
4420,0.030888,0.023251,0.197473
4430,0.077739,0.058948,0.309728
4440,0.026875,0.020841,0.152791
4450,0.048521,0.037507,0.225149
4460,0.022867,0.016493,0.143641
4470,0.041091,0.031133,0.209232
4480,0.047208,0.032188,0.258220
4490,0.023877,0.017549,0.173700
4500,0.037110,0.027385,0.198182
4510,0.079505,0.061540,0.287272
4520,0.021991,0.015617,0.182540
4530,0.047089,0.035608,0.217774
4540,0.019048,0.013671,0.118725
4550,0.051209,0.038354,0.229452
4560,0.044162,0.032855,0.228702
4570,0.010446,0.007449,0.091218
4580,0.051730,0.039020,0.215568
4590,0.028810,0.021165,0.161515
4600,0.039418,0.027973,0.222621
4610,0.044519,0.031330,0.257928
4620,0.032769,0.024757,0.153707
4630,0.021767,0.014119,0.215823
4640,0.043592,0.032008,0.254340
4650,0.040589,0.030421,0.215688
4660,0.029782,0.022044,0.193479
4670,0.051418,0.041851,0.242821
4680,0.042890,0.030488,0.243898
4690,0.046278,0.033977,0.239188
4700,0.032206,0.024273,0.179213
4710,0.036678,0.027335,0.205114
4720,0.044363,0.032770,0.207305
4730,0.060118,0.045913,0.250299
4740,0.069961,0.054989,0.272962
4750,0.047876,0.036036,0.235561
4760,0.049093,0.037095,0.236216
4770,0.031552,0.023679,0.176581
4780,0.068800,0.051990,0.259647
4790,0.054822,0.039636,0.231435
4800,0.029865,0.021691,0.208340
4810,0.081932,0.061719,0.316730
4820,0.054840,0.039978,0.250751
4830,0.014573,0.010321,0.139130
4840,0.054636,0.040180,0.232956
4850,0.036073,0.026664,0.204040
4860,0.052206,0.040999,0.243675
4870,0.049884,0.038689,0.242089
4880,0.007997,0.006155,0.069237
4890,0.058180,0.044244,0.225998
4900,0.033508,0.024289,0.161037
4910,0.021985,0.016063,0.241119
4920,0.055001,0.043023,0.339762
4930,0.028997,0.021551,0.176370
4940,0.000636,0.000609,0.001971
4950,0.086019,0.063882,0.315182
4960,0.036512,0.027316,0.205486
4970,0.023047,0.016018,0.181618
4980,0.038475,0.029741,0.209920
4990,0.031380,0.023467,0.203455
5000,0.055087,0.038849,0.251835
5010,0.028971,0.022100,0.198665
5020,0.082229,0.063057,0.302477
5030,0.025414,0.018904,0.203406
5040,0.014725,0.011033,0.161393
5050,0.080964,0.061533,0.306766
5060,0.042407,0.031729,0.203228
5070,0.002114,0.001925,0.225579
5080,0.043335,0.032123,0.215324
5090,0.051139,0.037868,0.231297
5100,0.036524,0.027707,0.208587
5110,0.035355,0.026461,0.202825
5120,0.007428,0.005485,0.135341
5130,0.017135,0.012772,0.154025
5140,0.076397,0.058902,0.293008
5150,0.045440,0.034734,0.218026
5160,0.013062,0.009725,0.173417
5170,0.034984,0.025957,0.193601
5180,0.029865,0.023564,0.152423
5190,0.076705,0.061390,0.309408
5200,0.023655,0.018041,0.109365
5210,0.035384,0.026166,0.194709
5220,0.024282,0.018764,0.182897
5230,0.026537,0.019838,0.217048
5240,0.078356,0.059055,0.285562
5250,0.055618,0.043101,0.253290
5260,0.032995,0.024092,0.191141
5270,0.066359,0.051211,0.262174
5280,0.050803,0.037387,0.222199
5290,0.082376,0.062087,0.303650
5300,0.023095,0.017251,0.171400
5310,0.036926,0.028424,0.202912
5320,0.060648,0.045040,0.270531
5330,0.017034,0.012500,0.147957
5340,0.074627,0.057493,0.286520
5350,0.040024,0.028551,0.219353
5360,0.032281,0.023688,0.145907
5370,0.041597,0.031642,0.203464
5380,0.013769,0.010839,0.086384
5390,0.064384,0.050841,0.290967
5400,0.034549,0.025578,0.186436
5410,0.023144,0.017031,0.169604
5420,0.027370,0.021228,0.177464
5430,0.039033,0.029569,0.226907
5440,0.028066,0.020922,0.173141
5450,0.024531,0.018097,0.192139
5460,0.021287,0.016274,0.117168
5470,0.034943,0.025192,0.194200
5480,0.007792,0.005870,0.172927
5490,0.043947,0.033239,0.225869
5500,0.022501,0.016868,0.162460
5510,0.037596,0.029056,0.208399
5520,0.104255,0.083470,0.398394
5530,0.065132,0.048449,0.249459
5540,0.044436,0.033879,0.215763
5550,0.050482,0.038210,0.223181
5560,0.029012,0.021463,0.195632
5570,0.026798,0.021131,0.180449
5580,0.055170,0.040740,0.245032
5590,0.040305,0.029667,0.195796
5600,0.071307,0.052793,0.268565
5610,0.038798,0.029170,0.217395
5620,0.031209,0.022718,0.194206
5630,0.015157,0.011879,0.133913
5640,0.041594,0.031491,0.209610
5650,0.034950,0.026447,0.202744
5660,0.007606,0.005608,0.120311
5670,0.044885,0.034095,0.210348
5680,0.050970,0.038094,0.228673
5690,0.067871,0.050365,0.277666
5700,0.052402,0.038496,0.260969
5710,0.053276,0.039127,0.234602
5720,0.064900,0.048654,0.294890
5730,0.062108,0.046811,0.247295
5740,0.073657,0.055683,0.282116
5750,0.031621,0.022574,0.211830
5760,0.024573,0.017566,0.176246
5770,0.041764,0.031618,0.203271
5780,0.033194,0.025201,0.190189
5790,0.048494,0.036542,0.262177
5800,0.020432,0.012886,0.590325
5810,0.049762,0.036506,0.206095
5820,0.010009,0.007111,0.468802
5830,0.059016,0.043818,0.253484
5840,0.059427,0.044386,0.254547
5850,0.054854,0.039881,0.274995
5860,0.041023,0.031830,0.209361
5870,0.071592,0.054620,0.256000
5880,0.044412,0.034541,0.237642
5890,0.012414,0.008876,0.121623
5900,0.033555,0.025925,0.149435
5910,0.034206,0.025898,0.174449
5920,0.042471,0.031525,0.228795
5930,0.031343,0.023398,0.170321
5940,0.053010,0.039745,0.205996
5950,0.030856,0.021895,0.212928
5960,0.045618,0.033133,0.209657
5970,0.010471,0.008506,0.282191
5980,0.013214,0.009608,0.134081
5990,0.048139,0.037147,0.205001
6000,0.050990,0.039280,0.216673
6010,0.041902,0.031960,0.238194
6020,0.062586,0.049064,0.273272
6030,0.024809,0.017822,0.177635
6040,0.030385,0.022538,0.184938
6050,0.097532,0.074975,0.332787
6060,0.088517,0.068877,0.330709
6070,0.031355,0.023301,0.183374
6080,0.080547,0.061757,0.296764
6090,0.058697,0.043465,0.242250
6100,0.056580,0.042850,0.259201
6110,0.041276,0.031271,0.203591
6120,0.020936,0.014699,0.283023
6130,0.076536,0.057043,0.278644
6140,0.069696,0.052048,0.262472
6150,0.046933,0.035045,0.209114
6160,0.020825,0.014785,0.156290
6170,0.060552,0.045155,0.231676
6180,0.025091,0.018356,0.187415
6190,0.053196,0.040170,0.204549
6200,0.037074,0.027802,0.210248
6210,0.056665,0.042695,0.217836
6220,0.052900,0.039709,0.216589
6230,0.051023,0.039863,0.221300
6240,0.017700,0.012925,0.152756
6250,0.035659,0.026126,0.221408
6260,0.013166,0.008766,0.162747
6270,0.039456,0.028906,0.231245
6280,0.024727,0.018085,0.170023
6290,0.056812,0.042787,0.256305
6300,0.036832,0.027061,0.183098
6310,0.056715,0.041683,0.230830
6320,0.038369,0.029154,0.193431
6330,0.054534,0.042132,0.264338
6340,0.079425,0.061212,0.289156
6350,0.042550,0.031242,0.203443
6360,0.033676,0.025552,0.203318
6370,0.075031,0.056216,0.311251
6380,0.028020,0.021115,0.194197
6390,0.078921,0.060712,0.269744
6400,0.034156,0.025402,0.156083
6410,0.020408,0.014806,0.106046
6420,0.035402,0.025886,0.200179
6430,0.036647,0.027332,0.204981
6440,0.017040,0.012497,0.154885
6450,0.028334,0.021098,0.172988
6460,0.072047,0.058523,0.277847
6470,0.040222,0.028520,0.232160
6480,0.018877,0.013532,0.150398
6490,0.083164,0.060961,0.302027
6500,0.024325,0.017622,0.145572
6510,0.010139,0.007220,0.200947
6520,0.027284,0.020379,0.164379
6530,0.026251,0.019352,0.170262
6540,0.019208,0.014206,0.135652
6550,0.016470,0.013231,0.134569
6560,0.027352,0.020277,0.176063
6570,0.035734,0.027063,0.188168
6580,0.042625,0.032444,0.209904
6590,0.004700,0.003287,0.276621
6600,0.083232,0.069172,0.296908
6610,0.034947,0.025940,0.196991
6620,0.020401,0.015385,0.175773
6630,0.054830,0.041121,0.234005
6640,0.012024,0.008980,0.144798
6650,0.029531,0.022118,0.218816
6660,0.037377,0.027737,0.197629
6670,0.050866,0.038340,0.212073
6680,0.047816,0.035122,0.220961
6690,0.000534,0.000389,0.147121
6700,0.049576,0.037060,0.222225
6710,0.032782,0.026186,0.192623
6720,0.040132,0.030895,0.216256
6730,0.035236,0.026525,0.205384
6740,0.025113,0.018383,0.167989
6750,0.051915,0.039222,0.231562
6760,0.036664,0.027879,0.195223
6770,0.046141,0.034689,0.218889
6780,0.003712,0.002675,0.104239
6790,0.013599,0.010155,0.168347
6800,0.022919,0.016501,0.137787
6810,0.037721,0.028067,0.241448
6820,0.070573,0.053945,0.264462
6830,0.061771,0.046429,0.251130
6840,0.023760,0.017899,0.174978
6850,0.026151,0.019192,0.161682
6860,0.078726,0.059919,0.292784
6870,0.060359,0.046034,0.251607
6880,0.042793,0.032435,0.183079
6890,0.066354,0.049816,0.258435
6900,0.043247,0.031734,0.200088
6910,0.054993,0.041735,0.228499
6920,0.017665,0.012499,0.255435
6930,0.048498,0.036824,0.211068
6940,0.055009,0.041248,0.241414
6950,0.045990,0.032964,0.209408
6960,0.047330,0.036252,0.234273
6970,0.045992,0.034402,0.204549
6980,0.061779,0.047017,0.254763
6990,0.016720,0.012817,0.151676
7000,0.034810,0.026179,0.199567
7010,0.016740,0.013417,0.107585
7020,0.000928,0.000731,0.076633
7030,0.027062,0.019914,0.169501
7040,0.036907,0.027558,0.189807
7050,0.002426,0.001802,0.030078
7060,0.034849,0.025766,0.222166
7070,0.002748,0.002234,0.193453
7080,0.038364,0.028899,0.204722
7090,0.014913,0.010678,0.109139
7100,0.050529,0.038247,0.211241
7110,0.049667,0.036722,0.225356
7120,0.104586,0.078781,0.343184
7130,0.058886,0.045526,0.243168
7140,0.060439,0.046034,0.233288
7150,0.017519,0.012518,0.230574
7160,0.038826,0.029253,0.204066
7170,0.048781,0.035963,0.213384
7180,0.065266,0.048441,0.262500
7190,0.031274,0.024159,0.169107
7200,0.065960,0.049293,0.268391
7210,0.034287,0.025886,0.184459
7220,0.052284,0.039074,0.221802
7230,0.104812,0.079736,0.354584
7240,0.028256,0.020063,0.184443
7250,0.070464,0.052794,0.279285
7260,0.024664,0.019227,0.181804
7270,0.030422,0.023065,0.185455
7280,0.048880,0.036314,0.216446
7290,0.050459,0.038128,0.207530
7300,0.052023,0.038624,0.213124
7310,0.012264,0.009301,0.125275
7320,0.087298,0.065723,0.303745
7330,0.013957,0.009928,0.227973
7340,0.067015,0.052438,0.270108
7350,0.027453,0.021025,0.164672
7360,0.011437,0.009747,0.470727
7370,0.018630,0.014084,0.163252
7380,0.045812,0.035135,0.215976
7390,0.052196,0.037375,0.195319
7400,0.049779,0.037162,0.214784
7410,0.039973,0.029754,0.207859
7420,0.042162,0.031358,0.200840
7430,0.012756,0.009526,0.271192
7440,0.035000,0.025074,0.187558
7450,0.032549,0.024062,0.196928
7460,0.068411,0.051489,0.275614
7470,0.038686,0.029091,0.155504
7480,0.021891,0.013080,0.172689
7490,0.032025,0.023053,0.191235
7500,0.015972,0.011714,0.146641
7510,0.010090,0.007134,0.071526
7520,0.040473,0.031351,0.191854
7530,0.027877,0.019410,0.186902
7540,0.045756,0.031308,0.334907
7550,0.021907,0.015824,0.175155
7560,0.056037,0.041913,0.240334
7570,0.033206,0.024877,0.200969
7580,0.047663,0.037559,0.238504
7590,0.013482,0.010418,0.136386
7600,0.036676,0.027654,0.179009
7610,0.016283,0.012075,0.133295
7620,0.037402,0.028530,0.202284
7630,0.049345,0.037245,0.212455
7640,0.033725,0.025348,0.180523
7650,0.075811,0.060255,0.259901
7660,0.024857,0.018792,0.126866
7670,0.026774,0.019885,0.176044
7680,0.014836,0.011287,0.127034
7690,0.020843,0.014824,0.167248
7700,0.031838,0.024092,0.182589
7710,0.073014,0.055011,0.265944
7720,0.016789,0.012550,0.152664
7730,0.038421,0.028787,0.188259
7740,0.048918,0.036171,0.216920
7750,0.020810,0.015120,0.172649
7760,0.014092,0.009637,0.113287
7770,0.052242,0.040180,0.223846
7780,0.036009,0.026569,0.193344
7790,0.083454,0.064670,0.291926
7800,0.022274,0.016013,0.107554
7810,0.015188,0.011504,0.192509
7820,0.040283,0.030834,0.174374
7830,0.018266,0.013238,0.144293
7840,0.025936,0.019563,0.134099
7850,0.023113,0.017023,0.162732
7860,0.040258,0.032333,0.174431
7870,0.026208,0.019643,0.136956
7880,0.024134,0.018996,0.158033
7890,0.044702,0.033551,0.219894
7900,0.029048,0.021657,0.176015
7910,0.017673,0.012950,0.130893
7920,0.005927,0.004648,0.206105
7930,0.037357,0.027824,0.183354
7940,0.038365,0.028261,0.210180
7950,0.037690,0.027786,0.203682
7960,0.029908,0.022109,0.181989
7970,0.046493,0.034897,0.211793
7980,0.025978,0.019418,0.158407
7990,0.000387,0.000202,0.187429
8000,0.062729,0.046338,0.255094
8010,0.042298,0.032549,0.200922
8020,0.018924,0.014128,0.138699
8030,0.036403,0.027580,0.138914
8040,0.064503,0.048014,0.255340
8050,0.008099,0.006416,0.159345
8060,0.088790,0.068809,0.319419
8070,0.031513,0.023951,0.147773
8080,0.003047,0.002286,0.122353
8090,0.036922,0.027787,0.207644
8100,0.047119,0.035233,0.221726
8110,0.039275,0.029246,0.168379
8120,0.050091,0.034607,0.241562
8130,0.035774,0.027522,0.173348
8140,0.027603,0.020451,0.161986
8150,0.057507,0.042710,0.236874
8160,0.008684,0.006152,0.122178
8170,0.060600,0.044444,0.242490
8180,0.064278,0.049059,0.254696
8190,0.023875,0.018309,0.185705
8200,0.019981,0.014783,0.167755
8210,0.041963,0.032025,0.196042
8220,0.024691,0.017939,0.162894
8230,0.051204,0.039060,0.223741
8240,0.026831,0.020322,0.164803
8250,0.053775,0.039999,0.234957
8260,0.040860,0.030244,0.182421
8270,0.002226,0.001861,0.104512
8280,0.022204,0.016293,0.147222
8290,0.050101,0.038904,0.219633
8300,0.025042,0.018937,0.163916
8310,0.040842,0.030600,0.180111
8320,0.052991,0.040529,0.235102
8330,0.059468,0.043285,0.225501
8340,0.019125,0.014273,0.146945
8350,0.023114,0.017367,0.153120
8360,0.032896,0.024362,0.216016
8370,0.012529,0.009276,0.104402
8380,0.060659,0.045408,0.245492
8390,0.016804,0.012370,0.122343
8400,0.014843,0.011048,0.093465
8410,0.026676,0.020065,0.177161
8420,0.031579,0.023909,0.175055
8430,0.058085,0.044109,0.231362
8440,0.023914,0.017614,0.169130
8450,0.058289,0.043354,0.244492
8460,0.001788,0.001273,0.269411
8470,0.027392,0.019892,0.191859
8480,0.059330,0.045474,0.234156
8490,0.021654,0.016107,0.155024
8500,0.026347,0.018842,0.163604
8510,0.081549,0.061892,0.292761
8520,0.006183,0.004276,0.048969
8530,0.014877,0.010968,0.149615
8540,0.042526,0.032822,0.223106
8550,0.011493,0.008489,0.174744
8560,0.048244,0.035681,0.214150
8570,0.042314,0.032400,0.200532
8580,0.058111,0.043359,0.248555
8590,0.040943,0.030681,0.215361
8600,0.034927,0.028608,0.161355
8610,0.010912,0.008995,0.277850
8620,0.056723,0.042647,0.227378
8630,0.051277,0.038723,0.205160
8640,0.009525,0.006667,0.170617
8650,0.033625,0.024821,0.199960
8660,0.053516,0.039699,0.236124
8670,0.048816,0.035754,0.257166
8680,0.063470,0.047288,0.243773
8690,0.053457,0.041821,0.230306
8700,0.067430,0.051143,0.263595
8710,0.032792,0.024668,0.178442
8720,0.048729,0.035852,0.209448
8730,0.025174,0.018582,0.181561
8740,0.020564,0.015035,0.162264
8750,0.037483,0.027182,0.187107
8760,0.049058,0.036887,0.215187
8770,0.034920,0.026655,0.193640
8780,0.033148,0.025783,0.149319
8790,0.057764,0.046112,0.244583
8800,0.054653,0.041359,0.222685
8810,0.020415,0.014575,0.159388
8820,0.054670,0.041461,0.229197
8830,0.049665,0.038010,0.211569
8840,0.061196,0.045480,0.246418
8850,0.003462,0.002705,0.159408
8860,0.043307,0.033167,0.176571
8870,0.054575,0.040149,0.258099
8880,0.023639,0.017524,0.164392
8890,0.040219,0.029876,0.166690
8900,0.006191,0.004386,0.132189
8910,0.046558,0.035191,0.220571
8920,0.039351,0.030941,0.210780
8930,0.057621,0.043641,0.239755
8940,0.065815,0.049092,0.261543
8950,0.023651,0.017768,0.156374
8960,0.032670,0.024056,0.193368
8970,0.027228,0.019460,0.181903
8980,0.056502,0.036873,0.296034
8990,0.019194,0.014261,0.135164
9000,0.033357,0.024578,0.187194
9010,0.039713,0.028533,0.239138
9020,0.037493,0.028957,0.169106
9030,0.053492,0.040392,0.204793
9040,0.002057,0.001589,0.083515
9050,0.018032,0.013114,0.140703
9060,0.011097,0.008158,0.067073
9070,0.051377,0.039321,0.232088
9080,0.009981,0.007708,0.132310
9090,0.043598,0.033352,0.209810
9100,0.050781,0.038492,0.221046
9110,0.017312,0.012994,0.132250
9120,0.055140,0.041829,0.246294
9130,0.059575,0.046033,0.249748
9140,0.057457,0.043196,0.252321
9150,0.013764,0.009945,0.186798
9160,0.009556,0.006646,0.181851
9170,0.007122,0.005130,0.039785
9180,0.014720,0.011037,0.134042
9190,0.031671,0.024381,0.178240
9200,0.040511,0.031059,0.196564
9210,0.023057,0.017626,0.195044
9220,0.002161,0.001654,0.212503
9230,0.029868,0.022567,0.200584
9240,0.058954,0.044629,0.235090
9250,0.022718,0.016936,0.157756
9260,0.021723,0.016451,0.113033
9270,0.046809,0.036165,0.209969
9280,0.017840,0.012972,0.165505
9290,0.007863,0.005619,0.137009
9300,0.033346,0.025758,0.190279
9310,0.030120,0.023193,0.131591
9320,0.017321,0.013369,0.190907
9330,0.027704,0.021024,0.173884
9340,0.022667,0.015822,0.164560
9350,0.032266,0.024050,0.180466
9360,0.017538,0.012577,0.101646
9370,0.028943,0.021289,0.166184
9380,0.062065,0.045389,0.246154
9390,0.026060,0.018758,0.174193
9400,0.060575,0.044524,0.244571
9410,0.038975,0.028949,0.187619
9420,0.031556,0.023763,0.181129
9430,0.030766,0.022332,0.165838
9440,0.034340,0.025727,0.171557
9450,0.037763,0.028770,0.165943
9460,0.030253,0.021908,0.150322
9470,0.019152,0.014051,0.168653
9480,0.049664,0.037999,0.215209
9490,0.048617,0.036541,0.204275
9500,0.027396,0.020769,0.168091
9510,0.030369,0.023416,0.182786
9520,0.008429,0.006971,0.171531
9530,0.013767,0.010271,0.314262
9540,0.007042,0.005449,0.425625
9550,0.041818,0.031895,0.184026
9560,0.059986,0.044636,0.242706
9570,0.047032,0.036600,0.262495
9580,0.071664,0.053796,0.265293
9590,0.021088,0.015088,0.320826
9600,0.042252,0.030804,0.191035
9610,0.015291,0.011023,0.138054
9620,0.033855,0.024761,0.208857
9630,0.026486,0.019664,0.129190
9640,0.021655,0.015704,0.173020
9650,0.036518,0.026554,0.190243
9660,0.027152,0.020509,0.118680
9670,0.023858,0.017892,0.169955
9680,0.002364,0.001793,0.240146
9690,0.035044,0.026615,0.212903
9700,0.060953,0.045697,0.236600
9710,0.037585,0.027859,0.193252
9720,0.036649,0.027626,0.179212
9730,0.033115,0.024530,0.184876
9740,0.044876,0.033850,0.239235
9750,0.040808,0.030406,0.184416
9760,0.034083,0.025522,0.148519
9770,0.029063,0.021147,0.157337
9780,0.042993,0.032598,0.196680
9790,0.011760,0.009772,0.171167
9800,0.065923,0.050318,0.255966
9810,0.059810,0.044459,0.225179
9820,0.059867,0.045380,0.240174
9830,0.063789,0.048140,0.263725
9840,0.046039,0.033531,0.224352
9850,0.056524,0.045609,0.244954
9860,0.033807,0.025085,0.175702
9870,0.034537,0.025785,0.163121
9880,0.051714,0.039177,0.215287
9890,0.044464,0.032846,0.209644
9900,0.062388,0.047058,0.244606
9910,0.027537,0.020741,0.170730
9920,0.038303,0.028726,0.211622
9930,0.058755,0.044218,0.247646
9940,0.034575,0.026144,0.171088
9950,0.050619,0.037782,0.213790
9960,0.002274,0.001847,0.127047
9970,0.016224,0.011831,0.181539
9980,0.016557,0.012111,0.143436
9990,0.037378,0.028415,0.180692
10000,0.023175,0.017460,0.162395
10010,0.047684,0.035802,0.210416
10020,0.015183,0.011314,0.264539
10030,0.022428,0.016524,0.173942
10040,0.035380,0.026532,0.149851
10050,0.055262,0.041445,0.240840
10060,0.034799,0.025862,0.183431
10070,0.050882,0.037499,0.222209
10080,0.023742,0.017462,0.163781
10090,0.033120,0.024698,0.192726
10100,0.032978,0.024636,0.176273
10110,0.076277,0.056356,0.276601
10120,0.028274,0.020118,0.189138
10130,0.016079,0.011964,0.137885
10140,0.031812,0.024159,0.158767
10150,0.021492,0.016838,0.155818
10160,0.026473,0.019010,0.159230
10170,0.047090,0.035462,0.180336
10180,0.039804,0.030782,0.186201
10190,0.043402,0.027094,0.246478
10200,0.031835,0.023435,0.187847
10210,0.033582,0.024509,0.172198
10220,0.009828,0.007623,0.181543
10230,0.042896,0.031746,0.266809
10240,0.034414,0.025628,0.183232
10250,0.017017,0.012634,0.153383
10260,0.058819,0.044618,0.249461
10270,0.031520,0.023392,0.180130
10280,0.047962,0.036285,0.205141
10290,0.058358,0.043705,0.243850
10300,0.055856,0.042251,0.227730
10310,0.029243,0.021914,0.161523
10320,0.027400,0.020207,0.180368
10330,0.067636,0.052231,0.274729
10340,0.030712,0.022754,0.176149
10350,0.004770,0.003297,0.144804
10360,0.026946,0.020591,0.447872
10370,0.018585,0.013645,0.154873
10380,0.020682,0.015842,0.163978
10390,0.068412,0.051778,0.252267
10400,0.026300,0.019758,0.165014
10410,0.049032,0.037508,0.209606
10420,0.022524,0.016534,0.140357
10430,0.036185,0.026731,0.199202
10440,0.080261,0.061324,0.286060
10450,0.028339,0.020053,0.194377
10460,0.053393,0.040027,0.223847
10470,0.033950,0.026310,0.146276
10480,0.040374,0.030870,0.207374
10490,0.005900,0.004175,0.120904
10500,0.038643,0.029235,0.156323
10510,0.038921,0.029112,0.178105
10520,0.069850,0.054196,0.259686
10530,0.047627,0.036515,0.230595
10540,0.039232,0.027920,0.194030
10550,0.058680,0.044392,0.238628
10560,0.065662,0.049926,0.265152
10570,0.045546,0.034262,0.204949
10580,0.039453,0.029569,0.230017
10590,0.029466,0.022041,0.172644
10600,0.037099,0.026933,0.206494
10610,0.038896,0.028559,0.206526
10620,0.011279,0.008657,0.146613
10630,0.057770,0.044163,0.234907
10640,0.019683,0.014541,0.149456
10650,0.029049,0.022178,0.168745
10660,0.054497,0.041392,0.223078
10670,0.039698,0.029541,0.194439
10680,0.038498,0.028802,0.186081
10690,0.009661,0.006684,0.150752
10700,0.051774,0.039511,0.228504
10710,0.050485,0.038000,0.216438
10720,0.059011,0.044840,0.258625
10730,0.022800,0.016942,0.139754
10740,0.050098,0.037708,0.226018
10750,0.067857,0.051568,0.257311
10760,0.050622,0.038135,0.224238
10770,0.030512,0.023897,0.162332
10780,0.053742,0.040692,0.207328
10790,0.049435,0.037109,0.228391
10800,0.033926,0.023727,0.187807
10810,0.019457,0.013928,0.169187
10820,0.040509,0.030402,0.201560
10830,0.021818,0.016009,0.112373
10840,0.040735,0.031179,0.184925
10850,0.029488,0.021899,0.150951
10860,0.019836,0.013514,0.268250
10870,0.063149,0.044225,0.266072
10880,0.011848,0.008498,0.137652
10890,0.058282,0.044180,0.238640
10900,0.030201,0.022169,0.178610
10910,0.066319,0.053178,0.231591
10920,0.055815,0.042380,0.227437
10930,0.041290,0.031472,0.212066
10940,0.048273,0.036151,0.207128
10950,0.037840,0.028883,0.200554
10960,0.060973,0.045185,0.235671
10970,0.025342,0.019143,0.150724
10980,0.035029,0.026029,0.179790
10990,0.052654,0.039801,0.226713
11000,0.049471,0.036359,0.207209
11010,0.020548,0.015209,0.160284
11020,0.042325,0.031905,0.209202
11030,0.026041,0.019080,0.157942
11040,0.028781,0.022221,0.136413
11050,0.039327,0.029340,0.197266
11060,0.039352,0.030167,0.182516
11070,0.000060,0.000052,0.000196
11080,0.008995,0.006806,0.170190
11090,0.017007,0.013592,0.150280
11100,0.051237,0.038822,0.205574
11110,0.027171,0.020384,0.167159
11120,0.041156,0.030808,0.193532
11130,0.052111,0.039693,0.199781
11140,0.019924,0.014751,0.122508
11150,0.056779,0.045200,0.301321
11160,0.039577,0.029890,0.171368
11170,0.043185,0.033011,0.179049
11180,0.078930,0.059329,0.284993
11190,0.030342,0.022351,0.165501
11200,0.006885,0.005231,0.124923
11210,0.016609,0.012614,0.158714
11220,0.026557,0.019487,0.182157
11230,0.025358,0.019680,0.157816
11240,0.023097,0.017021,0.165223
11250,0.044021,0.033456,0.219127
11260,0.017085,0.013049,0.157284
11270,0.041331,0.030623,0.200774
11280,0.036469,0.027610,0.180925
11290,0.033257,0.025472,0.136718
11300,0.031782,0.023701,0.174860
11310,0.012481,0.009492,0.221903
11320,0.016489,0.011867,0.109233
11330,0.014070,0.010247,0.123826
11340,0.052948,0.040081,0.228993
11350,0.036512,0.027551,0.191760
11360,0.028318,0.020757,0.184317
11370,0.038182,0.028465,0.192058
11380,0.044118,0.033107,0.206612
11390,0.041661,0.032117,0.193584
11400,0.030491,0.022715,0.154844
11410,0.007118,0.005809,0.104543
11420,0.025725,0.019290,0.155549
11430,0.020298,0.014938,0.151045
11440,0.007693,0.005856,0.300093
11450,0.058809,0.044486,0.251972
11460,0.027260,0.020326,0.159590
11470,0.035622,0.027196,0.181333
11480,0.038126,0.028397,0.165549
11490,0.037703,0.028575,0.182393
11500,0.020339,0.015188,0.133302
11510,0.025622,0.019499,0.148732
11520,0.007910,0.005803,0.188287
11530,0.028521,0.021265,0.169521
11540,0.022878,0.017140,0.178501
11550,0.023783,0.017896,0.185509
11560,0.029982,0.022865,0.151819
11570,0.024866,0.018041,0.160853
11580,0.061648,0.046463,0.252716
11590,0.063949,0.047620,0.248428
11600,0.035573,0.026621,0.165446
11610,0.062907,0.047980,0.257388
11620,0.030861,0.023651,0.182247
11630,0.038102,0.029040,0.180526
11640,0.039185,0.029631,0.189311
11650,0.006493,0.004722,0.116931
11660,0.024346,0.018701,0.155110
11670,0.042018,0.031066,0.186735
11680,0.066477,0.050906,0.262776
11690,0.018441,0.013808,0.138670
11700,0.021586,0.015827,0.177032
11710,0.044016,0.034927,0.180674
11720,0.024519,0.017962,0.127180
11730,0.091705,0.070456,0.296228
11740,0.081018,0.061571,0.293455
11750,0.039416,0.031447,0.201533
11760,0.035483,0.026490,0.196600
11770,0.066270,0.051368,0.250319
11780,0.013097,0.009630,0.118661
11790,0.039594,0.030642,0.185989
11800,0.050611,0.038659,0.218794
11810,0.017989,0.012173,0.209345
11820,0.050160,0.038908,0.210914
11830,0.042232,0.030529,0.201654
11840,0.022699,0.017137,0.152055
11850,0.040520,0.030066,0.195301
11860,0.060069,0.044524,0.254993
11870,0.066458,0.051288,0.254094
11880,0.027621,0.020660,0.161115
11890,0.031151,0.023660,0.162870
11900,0.015765,0.011619,0.116207
11910,0.028713,0.021088,0.177733
11920,0.040423,0.030202,0.173297
11930,0.014922,0.010562,0.131698
11940,0.019801,0.014179,0.152304
11950,0.019549,0.014609,0.132214
11960,0.015217,0.010596,0.152761
11970,0.014107,0.009810,0.151675
11980,0.024257,0.017928,0.156500
11990,0.013865,0.010015,0.159033
12000,0.027080,0.020004,0.161729
12010,0.031242,0.023491,0.156372
12020,0.009489,0.006763,0.078170
12030,0.040564,0.031131,0.196937
12040,0.036142,0.028003,0.191697
12050,0.037693,0.027545,0.188021
12060,0.031658,0.022841,0.177680
12070,0.007914,0.006504,0.152861
12080,0.031627,0.023651,0.175070
12090,0.028515,0.021174,0.183641
12100,0.030072,0.023259,0.198150
12110,0.029394,0.022117,0.169356
12120,0.018844,0.014004,0.195357
12130,0.006266,0.004851,0.125594
12140,0.020815,0.015670,0.116881
12150,0.029146,0.021776,0.160471
12160,0.043163,0.032709,0.200074
12170,0.023783,0.017189,0.165076
12180,0.029942,0.022490,0.156374
12190,0.038771,0.029250,0.187941
12200,0.040731,0.030420,0.181349
12210,0.054384,0.040864,0.228623
12220,0.037937,0.027722,0.193019
12230,0.030451,0.022475,0.164283
12240,0.028165,0.021013,0.144221
12250,0.019271,0.014145,0.112017
12260,0.036401,0.026459,0.181834
12270,0.033053,0.025112,0.170876
12280,0.037293,0.027979,0.167105
12290,0.042300,0.031740,0.197439
12300,0.038539,0.028100,0.161884
12310,0.048783,0.037357,0.198400
12320,0.042701,0.031684,0.180425
12330,0.020662,0.014784,0.154025
12340,0.061852,0.047113,0.256691
12350,0.017828,0.013267,0.146885
12360,0.031332,0.023551,0.161758
12370,0.028553,0.020972,0.180128
12380,0.038069,0.028311,0.192269
12390,0.018864,0.014157,0.143818
12400,0.040909,0.030960,0.200174
12410,0.035581,0.025749,0.223507
12420,0.027828,0.021121,0.144623
12430,0.046579,0.035105,0.192363
12440,0.034541,0.025872,0.168803
12450,0.046617,0.035028,0.203460
12460,0.011740,0.008571,0.115064
12470,0.026269,0.019565,0.129499
12480,0.035318,0.026313,0.183129
12490,0.029263,0.021950,0.168223
12500,0.025241,0.018191,0.111990
12510,0.018797,0.013888,0.155660
12520,0.031141,0.022959,0.170044
12530,0.061007,0.046286,0.237854
12540,0.007795,0.005959,0.247776
12550,0.050932,0.037729,0.214002
12560,0.013033,0.009770,0.125403
12570,0.029875,0.021944,0.182342
12580,0.064845,0.048800,0.262569
12590,0.030854,0.022836,0.162426
12600,0.058055,0.044257,0.229292
12610,0.071789,0.052783,0.269880
12620,0.030034,0.022857,0.168505
12630,0.026714,0.019423,0.139155
12640,0.034948,0.027382,0.187880
12650,0.031318,0.023790,0.173778
12660,0.017583,0.013340,0.086661
12670,0.013123,0.009617,0.144425
12680,0.026568,0.019849,0.161818
12690,0.022448,0.015917,0.172467
12700,0.016812,0.012349,0.125428
12710,0.040724,0.030376,0.166046
12720,0.028695,0.021008,0.172419
12730,0.030702,0.022615,0.171204
12740,0.032084,0.024518,0.140566
12750,0.048906,0.036684,0.198735
12760,0.044897,0.034176,0.171480
12770,0.038485,0.029158,0.170391
12780,0.058987,0.044874,0.244187
12790,0.065430,0.049530,0.246795
12800,0.020609,0.015336,0.145563
12810,0.052574,0.039930,0.208854
12820,0.042380,0.031398,0.157812
12830,0.037894,0.028781,0.197275
12840,0.020419,0.014970,0.150528
12850,0.026112,0.019618,0.155962
12860,0.020302,0.015153,0.152955
12870,0.054773,0.041486,0.224475
12880,0.059638,0.044976,0.242514
12890,0.039488,0.029801,0.165946
12900,0.047292,0.035417,0.204000
12910,0.008995,0.006790,0.113001
12920,0.029359,0.022089,0.179269
12930,0.000641,0.000519,0.121331
12940,0.052922,0.039722,0.211652
12950,0.032873,0.024305,0.172948
12960,0.046819,0.035044,0.235872
12970,0.012853,0.009918,0.120399
12980,0.038761,0.027282,0.168731
12990,0.026763,0.020374,0.108247
13000,0.070460,0.052473,0.260901
13010,0.036302,0.024300,0.194505
13020,0.049691,0.037982,0.217431
13030,0.012179,0.008965,0.074188
13040,0.061879,0.046811,0.237187
13050,0.023142,0.017738,0.148428
13060,0.064532,0.049378,0.248243
13070,0.032619,0.025072,0.177343
13080,0.004299,0.003220,0.125573
13090,0.043725,0.033298,0.206803
13100,0.033440,0.024839,0.158614
13110,0.029768,0.022212,0.165515
13120,0.000195,0.000162,0.126662
13130,0.044769,0.033855,0.198125
13140,0.035482,0.026150,0.187727
13150,0.039695,0.030626,0.204591
13160,0.025174,0.018377,0.180741
13170,0.053181,0.040063,0.225702
13180,0.025226,0.018935,0.161389
13190,0.054499,0.041165,0.228249
13200,0.011458,0.008886,0.115715
13210,0.016213,0.011005,0.450466
13220,0.013480,0.010141,0.109899
13230,0.029768,0.021692,0.161983
13240,0.059757,0.045682,0.246595
13250,0.031839,0.024183,0.196425
13260,0.022806,0.016878,0.160683
13270,0.060438,0.045742,0.234973
13280,0.039186,0.029519,0.187282
13290,0.041990,0.031496,0.197618
13300,0.023737,0.017194,0.169089
13310,0.029581,0.021996,0.160960
13320,0.023591,0.017889,0.119102
13330,0.023393,0.017066,0.173292
13340,0.067752,0.050767,0.249162
13350,0.046650,0.035152,0.193718
13360,0.019190,0.014503,0.136329
13370,0.036314,0.027036,0.183827
13380,0.018714,0.013679,0.143034
13390,0.046829,0.036064,0.202419
13400,0.030680,0.023235,0.182850
13410,0.018078,0.013758,0.142607
13420,0.035024,0.026410,0.171876
13430,0.046658,0.034904,0.228680
13440,0.052466,0.039352,0.223276
13450,0.025998,0.019931,0.162226
13460,0.031745,0.023953,0.179035
13470,0.042186,0.032096,0.202066
13480,0.021524,0.015451,0.156790
13490,0.039189,0.029338,0.180417
13500,0.026880,0.020523,0.161127
13510,0.008224,0.006171,0.174034
13520,0.060264,0.046190,0.242321
13530,0.039424,0.029879,0.176497
13540,0.011824,0.008742,0.111177
13550,0.049612,0.037852,0.214006
13560,0.021817,0.015312,0.239933
13570,0.047064,0.035441,0.194644
13580,0.035598,0.026783,0.182601
13590,0.028116,0.020845,0.153917
13600,0.056238,0.042533,0.235105
13610,0.028812,0.022565,0.164628
13620,0.030988,0.022865,0.160154
13630,0.055278,0.041850,0.221258
13640,0.054889,0.041913,0.219140
13650,0.036131,0.027112,0.196407
13660,0.040004,0.030249,0.183090
13670,0.024166,0.017600,0.165541
13680,0.030484,0.022702,0.137845
13690,0.024456,0.017604,0.156569
13700,0.007063,0.005296,0.112086
13710,0.036504,0.027289,0.186220
13720,0.022597,0.016679,0.118961
13730,0.019962,0.014856,0.094201
13740,0.020247,0.015295,0.106612
13750,0.056275,0.043301,0.223842
13760,0.019922,0.014911,0.164247
13770,0.034226,0.025958,0.156055
13780,0.028140,0.021672,0.156566
13790,0.004668,0.003580,0.227391
13800,0.016288,0.011910,0.111785
13810,0.015479,0.011147,0.121582
13820,0.015514,0.011135,0.133630
13830,0.018218,0.013605,0.129080
13840,0.008930,0.006705,0.109934
13850,0.057994,0.043732,0.235732
13860,0.036673,0.027246,0.177343
13870,0.041913,0.030971,0.219366
13880,0.028597,0.021588,0.162475
13890,0.038399,0.028697,0.188226
13900,0.018870,0.013532,0.172859
13910,0.028340,0.020937,0.166130
13920,0.055986,0.042255,0.213366
13930,0.036523,0.027129,0.202793
13940,0.040975,0.030960,0.211182
13950,0.024340,0.018359,0.174827
13960,0.043957,0.033421,0.196047
13970,0.024473,0.018195,0.142612
13980,0.023747,0.018052,0.135071
13990,0.010295,0.007364,0.057018
14000,0.044556,0.033585,0.207549
14010,0.023192,0.017102,0.158256
14020,0.034051,0.025307,0.174894
14030,0.069005,0.052420,0.257472
14040,0.067006,0.051084,0.242704
14050,0.024461,0.018206,0.144031
14060,0.061770,0.045956,0.241143
14070,0.067621,0.051713,0.254622
14080,0.070160,0.053998,0.267934
14090,0.053534,0.040912,0.226407
14100,0.041495,0.032016,0.186421
14110,0.022837,0.016304,0.100238
14120,0.043806,0.033091,0.202556
14130,0.027074,0.020366,0.158240
14140,0.031130,0.023176,0.163085
14150,0.012127,0.008580,0.175172
14160,0.012518,0.009095,0.125034
14170,0.039236,0.029172,0.184516
14180,0.036910,0.027416,0.180700
14190,0.021848,0.016219,0.165746
14200,0.032974,0.025380,0.163933
14210,0.035663,0.027022,0.219044
14220,0.012776,0.010132,0.206473
14230,0.010288,0.007556,0.130123
14240,0.043910,0.033189,0.202718
14250,0.034315,0.025658,0.194162
14260,0.033046,0.023464,0.192164
14270,0.073815,0.056670,0.276313
14280,0.063265,0.049461,0.231408
14290,0.003583,0.002516,0.132646
14300,0.016934,0.012817,0.138842
14310,0.007830,0.005587,0.123861
14320,0.038781,0.029668,0.191716
14330,0.039281,0.029505,0.201620
14340,0.066861,0.050482,0.257224
14350,0.024279,0.018681,0.119325
14360,0.021970,0.016542,0.137511
14370,0.021994,0.016439,0.163741
14380,0.025108,0.019119,0.119918
14390,0.030809,0.023436,0.139614
14400,0.023158,0.016859,0.158760
14410,0.046919,0.035885,0.210266
14420,0.027065,0.020450,0.161244
14430,0.056134,0.042274,0.239417
14440,0.032927,0.024733,0.200809
14450,0.040921,0.030033,0.192816
14460,0.029088,0.021553,0.169896
14470,0.030273,0.022964,0.163017
14480,0.052012,0.039431,0.209965
14490,0.050665,0.039816,0.188142
14500,0.012317,0.009058,0.112358
14510,0.067045,0.050964,0.241190
14520,0.031882,0.023551,0.190362
14530,0.040395,0.030468,0.180604
14540,0.037184,0.026573,0.199854
14550,0.052560,0.039698,0.223250
14560,0.013884,0.010945,0.148431
14570,0.029331,0.021969,0.159293
14580,0.051111,0.038732,0.228644
14590,0.027674,0.020524,0.168823
14600,0.016039,0.011957,0.132126
14610,0.021983,0.017198,0.168134
14620,0.039702,0.030183,0.240046
14630,0.004793,0.003144,0.661080
14640,0.020771,0.015606,0.112243
14650,0.011507,0.008498,0.106333
14660,0.030735,0.022056,0.168703
14670,0.033505,0.025047,0.171011
14680,0.053902,0.040910,0.211133
14690,0.014156,0.010618,0.118220
14700,0.036162,0.027543,0.172881
14710,0.044719,0.033514,0.194177
14720,0.007535,0.005266,0.190583
14730,0.048917,0.036106,0.265358
14740,0.005521,0.004147,0.130500
14750,0.011476,0.008557,0.132662
14760,0.037039,0.027342,0.185348
14770,0.056549,0.042735,0.222965
14780,0.028378,0.020295,0.146442
14790,0.044724,0.033598,0.203572
14800,0.047557,0.036005,0.199553
14810,0.045301,0.034282,0.210897
14820,0.014959,0.011066,0.128846
14830,0.027107,0.019425,0.195109
14840,0.062242,0.047079,0.242811
14850,0.017276,0.012654,0.130539
14860,0.040239,0.031811,0.260718
14870,0.039560,0.029686,0.197287
14880,0.017669,0.013284,0.137129
14890,0.046768,0.034885,0.221086
14900,0.046426,0.034937,0.209165
14910,0.011936,0.008835,0.118266
14920,0.023024,0.017276,0.139718
14930,0.040751,0.030412,0.198974
14940,0.038229,0.029009,0.169662
14950,0.042219,0.031355,0.200571
14960,0.055037,0.041585,0.253534
14970,0.065247,0.049380,0.251706
14980,0.021905,0.016500,0.127162
14990,0.034269,0.025755,0.181235
15000,0.021979,0.016745,0.182042
15010,0.003769,0.003221,0.281342
15020,0.066414,0.050080,0.253459
15030,0.038910,0.029595,0.153590
15040,0.015884,0.011752,0.120276
15050,0.030614,0.023077,0.179629
15060,0.013461,0.009703,0.208102
15070,0.047064,0.035472,0.231414
15080,0.002809,0.002124,0.104314
15090,0.031613,0.023175,0.197314
15100,0.007606,0.005223,0.372731
15110,0.013862,0.010410,0.173797
15120,0.044323,0.033363,0.208502
15130,0.047526,0.036167,0.219371
15140,0.043125,0.033339,0.203460
15150,0.033832,0.024908,0.174925
15160,0.022123,0.016519,0.152634
15170,0.048411,0.037066,0.196793
15180,0.044476,0.033001,0.192140
15190,0.034192,0.025528,0.226511
15200,0.019123,0.014267,0.149919
15210,0.057528,0.043481,0.222500
15220,0.035999,0.026994,0.187789
15230,0.010708,0.007655,0.159752
15240,0.050776,0.038139,0.223567
15250,0.054151,0.040480,0.238567
15260,0.032598,0.023929,0.169685
15270,0.004691,0.003332,0.106700
15280,0.010173,0.007385,0.046916
15290,0.033326,0.024879,0.166875
15300,0.029516,0.021957,0.157765
15310,0.044407,0.033748,0.218261
15320,0.043151,0.033454,0.209417
15330,0.023993,0.017954,0.186964
15340,0.026777,0.019764,0.159762
15350,0.017497,0.013229,0.143461
15360,0.050825,0.038528,0.212999
15370,0.028597,0.021244,0.158891
15380,0.022580,0.016864,0.125010
15390,0.020338,0.015130,0.140675
15400,0.025753,0.018918,0.160688
15410,0.026649,0.020143,0.132951
15420,0.021013,0.015232,0.141725
15430,0.037393,0.028196,0.178879
15440,0.033805,0.025487,0.170575
15450,0.018503,0.013442,0.159538
15460,0.029005,0.022190,0.170226
15470,0.027462,0.020693,0.161409
15480,0.028476,0.021022,0.158440
15490,0.028987,0.021434,0.178306
15500,0.010834,0.007248,0.155658
15510,0.035328,0.026636,0.182160
15520,0.050212,0.037805,0.221463
15530,0.003495,0.002992,0.029780
15540,0.017000,0.012473,0.138022
15550,0.004999,0.004199,0.182744
15560,0.053785,0.040787,0.199766
15570,0.023865,0.017817,0.162874
15580,0.018199,0.013536,0.131322
15590,0.027878,0.021096,0.165909
15600,0.050455,0.039089,0.199775
15610,0.056383,0.042325,0.199484
15620,0.043084,0.032130,0.192855
15630,0.051024,0.038682,0.230252
15640,0.052842,0.039721,0.204428
15650,0.048231,0.036666,0.200607
15660,0.016764,0.012604,0.086766
15670,0.043078,0.032925,0.219049
15680,0.023979,0.017527,0.116739
15690,0.022799,0.016941,0.158166
15700,0.044794,0.033492,0.200711
15710,0.018795,0.013116,0.156981
15720,0.014133,0.010816,0.119514
15730,0.051367,0.038649,0.213567
15740,0.030050,0.023146,0.193915
15750,0.031245,0.023264,0.169215
15760,0.000054,0.000168,0.000384
15770,0.040973,0.030624,0.185991
15780,0.028388,0.021399,0.150586
15790,0.050522,0.037426,0.226214
15800,0.039779,0.029664,0.188516
15810,0.044173,0.033208,0.198975
15820,0.030600,0.022719,0.182157
15830,0.036156,0.026969,0.187002
15840,0.054064,0.043625,0.231868
15850,0.052419,0.038800,0.247253
15860,0.068898,0.052223,0.247043
15870,0.028771,0.022022,0.124627
15880,0.048747,0.035903,0.168938
15890,0.022513,0.016662,0.134718
15900,0.022269,0.016863,0.139559
15910,0.037357,0.027956,0.181678
15920,0.054941,0.041228,0.210185
15930,0.019784,0.014506,0.136612
15940,0.020839,0.015619,0.092909
15950,0.054407,0.042887,0.223440
15960,0.033352,0.024707,0.140030
15970,0.009780,0.007432,0.098442
15980,0.041183,0.030830,0.188424
15990,0.026493,0.019623,0.144558
16000,0.013031,0.008931,0.127684
16010,0.059030,0.044523,0.247301
16020,0.058582,0.043590,0.249239
16030,0.021181,0.015533,0.150619
16040,0.032348,0.023872,0.166567
16050,0.048725,0.037160,0.211507
16060,0.019266,0.014318,0.147750
16070,0.049792,0.037731,0.207244
16080,0.024630,0.018372,0.169243
16090,0.059294,0.045795,0.235883
16100,0.024438,0.017013,0.196803
16110,0.021107,0.015716,0.169204
16120,0.050756,0.038628,0.239511
16130,0.030163,0.022903,0.138651
16140,0.029864,0.022107,0.137278
16150,0.031882,0.023752,0.163184
16160,0.014461,0.009822,0.187601
16170,0.046611,0.036876,0.210460
16180,0.025018,0.019169,0.126360
16190,0.072728,0.054946,0.269198
16200,0.033165,0.024722,0.208077
16210,0.010799,0.008825,0.319665
16220,0.071572,0.054516,0.255210
16230,0.024542,0.018140,0.165776
16240,0.048625,0.036920,0.204322
16250,0.019186,0.014218,0.114210
16260,0.031869,0.023549,0.173198
16270,0.024502,0.018196,0.141252
16280,0.033992,0.025827,0.172143
16290,0.038093,0.028343,0.181926
16300,0.029757,0.021990,0.156647
16310,0.040616,0.030642,0.198911
16320,0.020745,0.015244,0.154691
16330,0.076744,0.058001,0.273690
16340,0.037291,0.027644,0.185512
16350,0.052903,0.037840,0.364086
16360,0.053707,0.040222,0.223198
16370,0.017156,0.012837,0.105182
16380,0.005883,0.004713,0.346064
16390,0.034294,0.027008,0.174545
16400,0.072368,0.055024,0.271066
16410,0.058582,0.044411,0.223214
16420,0.035587,0.026337,0.205499
16430,0.002706,0.001924,0.122370
16440,0.039372,0.030040,0.157648
16450,0.025709,0.018770,0.151150
16460,0.040992,0.030683,0.209349
16470,0.035968,0.026720,0.243556
16480,0.010796,0.007853,0.084907
16490,0.006152,0.004688,0.115476
16500,0.029686,0.022563,0.148884
16510,0.030720,0.023035,0.163931
16520,0.037304,0.027312,0.161955
16530,0.020295,0.014734,0.149298
16540,0.048660,0.036511,0.198381
16550,0.009078,0.006574,0.102933
16560,0.033870,0.025433,0.168045
16570,0.035559,0.026336,0.168228
16580,0.031409,0.023613,0.175813
16590,0.033009,0.024803,0.134343
16600,0.035098,0.026301,0.187856
16610,0.069877,0.052357,0.261651
16620,0.015107,0.010927,0.106837
16630,0.040502,0.030582,0.170811
16640,0.021593,0.016153,0.124717
16650,0.047594,0.036669,0.189027
16660,0.015076,0.010734,0.146772
16670,0.012534,0.009021,0.118574
16680,0.026166,0.019485,0.148932
16690,0.066615,0.050853,0.250325
16700,0.014659,0.010944,0.131819
16710,0.047457,0.037360,0.213351
16720,0.018705,0.013708,0.142814
16730,0.052189,0.039424,0.199460
16740,0.023859,0.017778,0.154967
16750,0.037983,0.028691,0.183213
16760,0.021115,0.016003,0.161737
16770,0.002817,0.002367,0.170652
16780,0.029636,0.021801,0.178661
16790,0.021116,0.016246,0.114780
16800,0.021085,0.016110,0.157648
16810,0.048079,0.036492,0.216066
16820,0.040023,0.030049,0.181611
16830,0.034386,0.025491,0.185871
16840,0.057209,0.043200,0.225735
16850,0.055114,0.041745,0.216723
16860,0.019655,0.014775,0.129548
16870,0.020972,0.016271,0.152354
16880,0.023213,0.017413,0.120102
16890,0.025797,0.019154,0.164456
16900,0.021644,0.015439,0.149686
16910,0.056325,0.043129,0.226731
16920,0.039753,0.029569,0.189826
16930,0.017963,0.013495,0.091826
16940,0.042268,0.031649,0.181877
16950,0.018627,0.014285,0.111979
16960,0.047679,0.038092,0.231479
16970,0.061484,0.046486,0.235185
16980,0.051384,0.038638,0.211969
16990,0.054563,0.040579,0.240564
17000,0.039773,0.029910,0.197192
17010,0.012711,0.009257,0.114195
17020,0.010196,0.007576,0.137846
17030,0.048530,0.036021,0.206260
17040,0.016861,0.012212,0.137616
17050,0.041414,0.031056,0.181498
17060,0.000009,0.000014,0.000041
17070,0.026326,0.018589,0.185842
17080,0.019411,0.014604,0.130321
17090,0.057283,0.043467,0.220180
17100,0.032023,0.023114,0.176676
17110,0.033782,0.024920,0.178632
17120,0.028139,0.020847,0.140890
17130,0.082137,0.061360,0.282713
17140,0.038924,0.029100,0.191146
17150,0.025436,0.019183,0.141538
17160,0.037847,0.027495,0.201726
17170,0.032724,0.024336,0.184133
17180,0.030416,0.022840,0.172291
17190,0.035271,0.026607,0.171235
17200,0.016470,0.010143,0.145999
17210,0.012434,0.009012,0.123952
17220,0.048465,0.037592,0.235921
17230,0.041128,0.032579,0.215050
17240,0.033336,0.025071,0.170834
17250,0.029994,0.023380,0.156784
17260,0.067784,0.051180,0.249348
17270,0.052384,0.039558,0.214712
17280,0.014243,0.010294,0.119340
17290,0.031383,0.023830,0.155296
17300,0.018668,0.013536,0.140302
17310,0.021639,0.017673,0.156134
17320,0.065247,0.049129,0.242156
17330,0.035315,0.026448,0.172098
17340,0.054809,0.041231,0.207038
17350,0.006797,0.006091,0.170806
17360,0.022004,0.015269,0.155857
17370,0.029519,0.021061,0.183120
17380,0.027353,0.020715,0.169513
17390,0.014093,0.010092,0.132111
17400,0.043632,0.032439,0.224162
17410,0.023353,0.018219,0.135263
17420,0.026880,0.020225,0.156070
17430,0.050205,0.038231,0.212711
17440,0.055417,0.041203,0.237933
17450,0.038724,0.028880,0.184479
17460,0.037189,0.028496,0.180990
17470,0.028380,0.021123,0.161507
17480,0.022058,0.015837,0.157659
17490,0.001216,0.000935,0.586745
17500,0.025326,0.019005,0.146088
17510,0.049982,0.037485,0.204981
17520,0.062802,0.046620,0.260554
17530,0.033243,0.025439,0.194694
17540,0.081984,0.061814,0.285596
17550,0.040257,0.030542,0.196531
17560,0.033788,0.025519,0.177725
17570,0.056727,0.042398,0.230243
17580,0.062253,0.047254,0.235662
17590,0.040899,0.030881,0.186061
17600,0.019386,0.014275,0.140276
17610,0.032261,0.023697,0.174893
17620,0.033080,0.024682,0.170760
17630,0.025790,0.018961,0.154923
17640,0.040778,0.029999,0.184999
17650,0.029609,0.022582,0.187189
17660,0.014079,0.010210,0.125664
17670,0.074040,0.056738,0.257450
17680,0.017790,0.013020,0.130149
17690,0.043598,0.032370,0.202263
17700,0.034632,0.025645,0.180111
17710,0.028964,0.023286,0.170485
17720,0.030859,0.022905,0.171215
17730,0.015739,0.011234,0.250334
17740,0.021770,0.016155,0.161275
17750,0.035475,0.027099,0.180458
17760,0.049685,0.037431,0.212669
17770,0.040504,0.030313,0.190882
17780,0.035060,0.026515,0.188888
17790,0.025131,0.019344,0.127459
17800,0.016941,0.012662,0.087681
17810,0.055061,0.041793,0.214251
17820,0.055931,0.042332,0.221991
17830,0.033717,0.024847,0.178000
17840,0.033575,0.025047,0.171489
17850,0.016451,0.012107,0.097462
17860,0.003356,0.002397,0.060028
17870,0.044438,0.032383,0.198621
17880,0.025308,0.018978,0.148439
17890,0.037366,0.028162,0.197830
17900,0.029677,0.022870,0.158826
17910,0.007684,0.005716,0.162467
17920,0.050778,0.037999,0.209267
17930,0.060190,0.045226,0.223035
17940,0.059231,0.044650,0.238385
17950,0.021830,0.016232,0.135450
17960,0.029717,0.021954,0.160273
17970,0.041243,0.030795,0.168996
17980,0.104571,0.076150,0.331494
17990,0.040141,0.030339,0.190549
18000,0.032162,0.023959,0.171345
18010,0.028669,0.021363,0.166165
18020,0.013679,0.010044,0.108441
18030,0.026892,0.020211,0.167954
18040,0.011806,0.008707,0.078153
18050,0.038076,0.028517,0.209101
18060,0.054155,0.040454,0.216071
18070,0.017746,0.013047,0.137044
18080,0.034237,0.025753,0.169043
18090,0.038307,0.028535,0.168375
18100,0.004206,0.002943,0.085953
18110,0.030272,0.022086,0.155566
18120,0.045991,0.035301,0.182175
18130,0.006349,0.004926,0.161548
18140,0.031589,0.024531,0.176796
18150,0.040193,0.030109,0.196060
18160,0.037146,0.027629,0.206781
18170,0.023956,0.019438,0.138560
18180,0.059110,0.044601,0.225552
18190,0.038371,0.028439,0.179185
18200,0.025025,0.019032,0.141115
18210,0.045606,0.033917,0.218441
18220,0.050238,0.038839,0.202180
18230,0.042795,0.031995,0.196754
18240,0.044208,0.033790,0.201691
18250,0.053321,0.041101,0.229151
18260,0.024787,0.018494,0.183068
18270,0.053018,0.039714,0.187590
18280,0.019772,0.013297,0.250077
18290,0.016012,0.011981,0.275737
18300,0.041630,0.030192,0.194303
18310,0.034383,0.025679,0.177441
18320,0.052368,0.039753,0.219083
18330,0.018869,0.014160,0.140061
18340,0.062595,0.047058,0.233807
18350,0.032725,0.025046,0.184581
18360,0.018378,0.013539,0.091043
18370,0.028504,0.021193,0.159365
18380,0.002105,0.001842,0.138555
18390,0.034186,0.025948,0.151281
18400,0.029824,0.023175,0.153255
18410,0.048104,0.036247,0.206578
18420,0.037096,0.027655,0.180621
18430,0.044139,0.033082,0.207238
18440,0.020672,0.015735,0.136076
18450,0.049408,0.037560,0.210080
18460,0.015067,0.010723,0.180085
18470,0.040986,0.031002,0.184425
18480,0.020904,0.015733,0.149373
18490,0.060915,0.045709,0.239071
18500,0.022343,0.016209,0.164524
18510,0.030600,0.022501,0.156176
18520,0.041024,0.030532,0.220453
18530,0.050158,0.037214,0.201093
18540,0.033011,0.024521,0.179814
18550,0.034161,0.025897,0.172331
18560,0.058248,0.043504,0.235498
18570,0.052234,0.039662,0.198809
18580,0.013161,0.009539,0.125097
18590,0.022940,0.016605,0.123682
18600,0.034899,0.026379,0.163420
18610,0.014158,0.010374,0.134109
18620,0.047090,0.035508,0.222229
18630,0.006936,0.005091,0.047993
18640,0.045953,0.034530,0.195777
18650,0.047716,0.036226,0.213117
18660,0.022085,0.016242,0.193137
18670,0.022724,0.016694,0.135730
18680,0.009662,0.007379,0.169210
18690,0.054190,0.040890,0.219427
18700,0.063882,0.048176,0.250993
18710,0.032370,0.023689,0.179925
18720,0.013796,0.010140,0.126789
18730,0.022854,0.016897,0.131636
18740,0.012223,0.009448,0.076829
18750,0.029092,0.021117,0.167291
18760,0.023756,0.017536,0.157795
18770,0.041588,0.030518,0.194176
18780,0.038454,0.028787,0.198186
18790,0.028778,0.021257,0.132466
18800,0.010182,0.008237,0.146567
18810,0.029158,0.021547,0.159538
18820,0.040233,0.030388,0.213406
18830,0.040497,0.030602,0.170757
18840,0.032060,0.024188,0.169601
18850,0.071090,0.054466,0.261731
18860,0.023131,0.016975,0.146994
18870,0.003094,0.002167,0.169535
18880,0.039953,0.030254,0.187948
18890,0.043261,0.032382,0.194711
18900,0.040125,0.030633,0.177447
18910,0.050200,0.037096,0.207257
18920,0.028656,0.021889,0.166578
18930,0.039669,0.030190,0.166074
18940,0.076495,0.058369,0.279651
18950,0.020048,0.014794,0.164231
18960,0.030267,0.022695,0.134798
18970,0.010700,0.007888,0.147118
18980,0.026079,0.019491,0.158140
18990,0.036805,0.027365,0.212926
19000,0.051457,0.038364,0.211368
19010,0.035007,0.026330,0.194127
19020,0.039872,0.030186,0.183341
19030,0.031662,0.023453,0.157946
19040,0.031344,0.023418,0.140277
19050,0.006701,0.004874,0.128837
19060,0.032129,0.023958,0.165199
19070,0.039616,0.026806,0.194562
19080,0.019492,0.014019,0.150667
19090,0.009086,0.006740,0.058976
19100,0.045923,0.033998,0.211517
19110,0.017111,0.013136,0.097937
19120,0.010144,0.007606,0.066733
19130,0.034339,0.026099,0.166475
19140,0.051321,0.038844,0.234938
19150,0.017814,0.013171,0.200663
19160,0.009739,0.007372,0.141022
19170,0.051198,0.038839,0.203443
19180,0.031714,0.023926,0.167165
19190,0.027270,0.020134,0.149068
19200,0.050933,0.039079,0.196276
19210,0.042047,0.031617,0.209256
19220,0.044326,0.032729,0.195812
19230,0.059632,0.044680,0.213660
19240,0.027831,0.021017,0.144979
19250,0.015818,0.012667,0.219966
19260,0.002803,0.002757,0.283726
19270,0.047375,0.035770,0.219879
19280,0.051421,0.039201,0.207886
19290,0.057344,0.043315,0.218655
19300,0.014897,0.010446,0.145391
19310,0.017837,0.013134,0.139586
19320,0.018792,0.014204,0.150680
19330,0.017708,0.013444,0.157097
19340,0.024570,0.018103,0.158851
19350,0.059380,0.045016,0.231266
19360,0.051847,0.038542,0.227073
19370,0.043201,0.032453,0.194081
19380,0.033923,0.025388,0.175031
19390,0.028743,0.021844,0.192984
19400,0.103979,0.075970,0.340644
19410,0.029216,0.022180,0.175115
19420,0.058996,0.044268,0.231806
19430,0.006534,0.004798,0.127220
19440,0.039234,0.029347,0.176780
19450,0.034912,0.027006,0.184592
19460,0.038197,0.028252,0.193455
19470,0.022009,0.016665,0.163974
19480,0.002808,0.002042,0.177702
19490,0.043476,0.033221,0.202109
19500,0.020356,0.014790,0.167457
19510,0.032836,0.024717,0.167613
19520,0.051246,0.038690,0.210614
19530,0.019210,0.014790,0.106885
19540,0.034494,0.026846,0.183373
19550,0.012015,0.008724,0.133305
19560,0.029411,0.022225,0.150430
19570,0.019697,0.014577,0.150986
19580,0.035914,0.027262,0.164770
19590,0.027508,0.021325,0.159270
19600,0.036338,0.027561,0.181902
19610,0.026667,0.020341,0.154065
19620,0.022025,0.016527,0.133820
19630,0.008880,0.006776,0.156338
19640,0.050777,0.038283,0.215731
19650,0.021408,0.016105,0.152945
19660,0.028185,0.020467,0.127695
19670,0.040836,0.030883,0.191765
19680,0.027439,0.020624,0.122350
19690,0.024192,0.018346,0.135345
19700,0.025627,0.019272,0.156885
19710,0.033944,0.025624,0.171336
19720,0.029166,0.021905,0.162716
19730,0.043462,0.032391,0.189849
19740,0.031352,0.023694,0.167757
19750,0.008303,0.005588,0.155897
19760,0.039120,0.029357,0.183121
19770,0.002454,0.001738,0.123232
19780,0.038976,0.029501,0.176293
19790,0.037844,0.028688,0.184218
19800,0.019833,0.014722,0.150271
19810,0.043951,0.033518,0.169794
19820,0.018721,0.013894,0.145883
19830,0.027959,0.020705,0.149497
19840,0.026250,0.019908,0.164338
19850,0.024370,0.017890,0.151908
19860,0.018238,0.013647,0.138169
19870,0.044240,0.032586,0.196697
19880,0.006750,0.005279,0.124911
19890,0.036740,0.026987,0.190716
19900,0.032675,0.024212,0.173417
19910,0.030093,0.022605,0.168535
19920,0.023681,0.017217,0.147535
19930,0.019278,0.013935,0.095390
19940,0.007741,0.005555,0.096295
19950,0.025058,0.018802,0.134477
19960,0.052554,0.039529,0.234602
19970,0.049837,0.037421,0.211015
19980,0.012987,0.009803,0.119087
19990,0.026369,0.019806,0.120895
20000,0.043540,0.033027,0.202706
20010,0.017829,0.013215,0.147473
20020,0.015699,0.011525,0.122382
20030,0.015273,0.011170,0.116858
20040,0.023975,0.018397,0.149615
20050,0.037915,0.028701,0.187576
20060,0.026308,0.019612,0.211235
20070,0.022364,0.018267,0.154822
20080,0.021564,0.016000,0.153204
20090,0.039767,0.030360,0.180107
20100,0.020188,0.015272,0.131052
20110,0.029643,0.022086,0.177315
20120,0.026957,0.020128,0.156152
20130,0.044459,0.033326,0.199984
20140,0.015849,0.011580,0.087779
20150,0.012949,0.009725,0.090699
20160,0.058763,0.044267,0.221131
20170,0.007847,0.005500,0.207880
20180,0.008648,0.006358,0.114737
20190,0.012606,0.009464,0.123582
20200,0.022455,0.016832,0.235095
20210,0.028603,0.021417,0.161745
20220,0.014462,0.011573,0.080977
20230,0.032273,0.024378,0.159826
20240,0.069896,0.052643,0.249306
20250,0.036262,0.026979,0.186999
20260,0.040975,0.030370,0.200655
20270,0.034733,0.026803,0.146126
20280,0.027514,0.020647,0.124096
20290,0.016805,0.012185,0.129126
20300,0.036783,0.027889,0.177160
20310,0.030697,0.022962,0.162740
20320,0.015635,0.012184,0.089196
20330,0.030103,0.022945,0.170944
20340,0.041438,0.031029,0.190683
20350,0.028479,0.021427,0.165774
20360,0.028528,0.021293,0.166940
20370,0.037317,0.027931,0.179618
20380,0.007700,0.005528,0.124595
20390,0.036116,0.026536,0.165558
20400,0.030033,0.022682,0.161484
20410,0.023935,0.017280,0.166883
20420,0.020372,0.015441,0.138203
20430,0.028009,0.020988,0.155175
20440,0.039650,0.029886,0.184246
20450,0.028186,0.021076,0.153553
20460,0.044191,0.034120,0.165991
20470,0.009128,0.006946,0.106355
20480,0.031868,0.024969,0.141870
20490,0.035803,0.026931,0.166220
20500,0.039326,0.029102,0.164727
20510,0.055465,0.042196,0.232425
20520,0.033723,0.025860,0.169388
20530,0.030459,0.023165,0.168975
20540,0.045045,0.034289,0.197631
20550,0.039785,0.029992,0.168838
20560,0.013969,0.010251,0.124443
20570,0.022588,0.016714,0.140646
20580,0.030463,0.023909,0.163655
20590,0.057812,0.043188,0.257537
20600,0.052984,0.040033,0.217110
20610,0.011578,0.008653,0.114863
20620,0.029267,0.022619,0.138789
20630,0.033272,0.024831,0.177827
20640,0.016227,0.012026,0.133832
20650,0.031441,0.023511,0.161085
20660,0.023682,0.017814,0.144813
20670,0.019433,0.014333,0.136229
20680,0.027924,0.020599,0.154993
20690,0.038672,0.029175,0.212068
20700,0.011728,0.008477,0.104412
20710,0.035997,0.027203,0.182198
20720,0.019095,0.014422,0.144788
20730,0.013967,0.010328,0.109217
20740,0.051315,0.038607,0.192114
20750,0.045322,0.034099,0.194956
20760,0.032042,0.024654,0.164416
20770,0.018037,0.013590,0.090982
20780,0.039388,0.029189,0.183297
20790,0.024752,0.018628,0.119612
20800,0.041659,0.030140,0.168162
20810,0.021168,0.015877,0.132176
20820,0.015307,0.011207,0.123007
20830,0.002676,0.001998,0.193156
20840,0.005064,0.003415,0.195433
20850,0.043910,0.033429,0.196875
20860,0.026103,0.019414,0.142301
20870,0.057331,0.042862,0.232390
20880,0.019181,0.014124,0.143959
20890,0.027222,0.020505,0.161208
20900,0.056704,0.043249,0.222134
20910,0.018442,0.014010,0.112200
20920,0.051206,0.038647,0.209201
20930,0.035451,0.027423,0.162194
20940,0.007830,0.005880,0.108339
20950,0.036770,0.027835,0.178215
20960,0.057851,0.043654,0.227060
20970,0.054864,0.040749,0.226841
20980,0.034369,0.025738,0.161916
20990,0.042920,0.032487,0.173376
21000,0.031128,0.023485,0.154793
21010,0.049693,0.036830,0.196483
21020,0.033479,0.024606,0.166701
21030,0.044952,0.032462,0.195238
21040,0.054871,0.041485,0.206505
21050,0.115337,0.086819,0.352412
21060,0.030739,0.023453,0.163571
21070,0.032745,0.024718,0.132636
21080,0.041760,0.031463,0.156869
21090,0.032198,0.024127,0.165354
21100,0.026155,0.019318,0.156759
21110,0.036225,0.027337,0.193111
21120,0.059777,0.045544,0.232984
21130,0.034001,0.025023,0.212921
21140,0.020406,0.015669,0.116867
21150,0.036976,0.027765,0.156815
21160,0.044813,0.033330,0.217214
21170,0.003318,0.002473,0.106537
21180,0.027752,0.021013,0.135900
21190,0.061570,0.047361,0.264878
21200,0.028947,0.021687,0.152312
21210,0.017850,0.013336,0.173829
21220,0.030687,0.023091,0.163437
21230,0.020833,0.016170,0.118300
21240,0.027394,0.021016,0.160304
21250,0.028885,0.021909,0.125658
21260,0.001327,0.000999,0.137639
21270,0.015886,0.011851,0.110722
21280,0.007531,0.005233,0.162939
21290,0.047109,0.035268,0.190711
21300,0.051696,0.039043,0.216258
21310,0.036040,0.026381,0.185794
21320,0.037837,0.028020,0.204616
21330,0.015770,0.011535,0.091691
21340,0.059487,0.045095,0.215342
21350,0.011765,0.008602,0.163813
21360,0.000384,0.000413,0.111585
21370,0.036858,0.027305,0.185399
21380,0.024826,0.018336,0.121878
21390,0.038887,0.029194,0.178770
21400,0.045509,0.034505,0.202607
21410,0.013915,0.010811,0.122015
21420,0.034355,0.025598,0.168600
21430,0.028051,0.021178,0.162312
21440,0.020435,0.015243,0.129632
21450,0.029758,0.022462,0.122268
21460,0.007066,0.005244,0.667599
21470,0.036915,0.027938,0.174287
21480,0.031807,0.024105,0.186685
21490,0.018634,0.014186,0.132490
21500,0.018141,0.013357,0.137299
21510,0.037060,0.029364,0.154385
21520,0.023566,0.017759,0.129320
21530,0.029209,0.021859,0.156436
21540,0.038457,0.028743,0.187650
21550,0.030802,0.023311,0.172129
21560,0.017367,0.013000,0.123128
21570,0.027696,0.020776,0.160523
21580,0.016861,0.012326,0.131859
21590,0.059796,0.045473,0.246973
21600,0.016391,0.012207,0.131299
21610,0.050319,0.038184,0.210267
21620,0.015319,0.011054,0.131968
21630,0.026616,0.020026,0.163298
21640,0.051161,0.039027,0.208794
21650,0.019480,0.014817,0.126502
21660,0.048675,0.036952,0.194183
21670,0.021804,0.016367,0.136070
21680,0.070261,0.053975,0.248278
21690,0.029722,0.022343,0.158117
21700,0.045212,0.034313,0.177214
21710,0.031438,0.023540,0.154495
21720,0.019126,0.014793,0.146799
21730,0.043615,0.033099,0.186983
21740,0.040926,0.030785,0.190314
21750,0.032029,0.024198,0.134771
21760,0.025170,0.018857,0.150684
21770,0.060540,0.045637,0.212772
21780,0.018768,0.013924,0.143722
21790,0.034029,0.025607,0.190600
21800,0.027025,0.020250,0.143168
21810,0.008049,0.005897,0.096410
21820,0.047424,0.038935,0.211142
21830,0.053668,0.040501,0.209100
21840,0.018872,0.013546,0.166205
21850,0.033731,0.025688,0.181859
21860,0.024860,0.018936,0.151714
21870,0.036650,0.027278,0.172183
21880,0.044434,0.033834,0.186265
21890,0.038181,0.029309,0.177247
21900,0.048663,0.036376,0.210486
21910,0.021683,0.016659,0.125513
21920,0.023800,0.018052,0.139160
21930,0.034579,0.024611,0.181762
21940,0.038512,0.029312,0.192569
21950,0.023262,0.017910,0.141697
21960,0.022143,0.016370,0.140517
21970,0.072499,0.054693,0.254185
21980,0.010224,0.007345,0.149618
21990,0.032699,0.024778,0.146645
22000,0.036913,0.027771,0.180684
22010,0.030125,0.022618,0.156977
22020,0.035591,0.026865,0.185279
22030,0.023438,0.017662,0.167829
22040,0.043877,0.032948,0.197483
22050,0.048818,0.037155,0.214550
22060,0.002190,0.001615,0.146843
22070,0.022820,0.016545,0.152357
22080,0.029546,0.022130,0.152771
22090,0.022881,0.016781,0.178142
22100,0.046443,0.035042,0.216621
22110,0.051727,0.039106,0.187824
22120,0.035759,0.027155,0.160570
22130,0.015601,0.011609,0.115439
22140,0.017668,0.012982,0.146808
22150,0.031233,0.022803,0.160104
22160,0.032455,0.024615,0.180796
22170,0.021140,0.015051,0.266939
22180,0.012578,0.009234,0.141319
22190,0.010921,0.007962,0.117783
22200,0.054841,0.041098,0.204106
22210,0.032021,0.024331,0.140421
22220,0.011794,0.008489,0.109710
22230,0.043745,0.033280,0.204692
22240,0.043988,0.034154,0.205304
22250,0.032429,0.024284,0.156793
22260,0.021520,0.016056,0.125963
22270,0.026410,0.020083,0.152293
22280,0.027727,0.020658,0.151285
22290,0.004716,0.003487,0.093698
22300,0.013770,0.010183,0.123506
22310,0.048005,0.034666,0.214268
22320,0.036803,0.027811,0.170631
22330,0.045415,0.035286,0.197137
22340,0.030229,0.022720,0.130218
22350,0.017644,0.013441,0.130830
22360,0.003945,0.003017,0.143490
22370,0.035923,0.027028,0.192332
22380,0.050475,0.038674,0.207280
22390,0.011997,0.008955,0.116531
22400,0.041254,0.030795,0.194119
22410,0.033562,0.024463,0.159976
22420,0.060532,0.045844,0.234964
22430,0.042561,0.031835,0.199705
22440,0.034599,0.026367,0.161772
22450,0.033370,0.025264,0.167076
22460,0.011490,0.009138,0.148444
22470,0.022370,0.016724,0.153122
22480,0.045707,0.035021,0.177273
22490,0.020502,0.014323,0.170595
22500,0.027140,0.020496,0.141839
22510,0.049389,0.037104,0.196805
22520,0.028931,0.021551,0.156444
22530,0.016560,0.012408,0.114011
22540,0.045777,0.034396,0.196691
22550,0.024619,0.018911,0.119782
22560,0.022834,0.017126,0.129157
22570,0.026483,0.019878,0.160113
22580,0.031064,0.023413,0.161946
22590,0.024293,0.017861,0.151958
22600,0.030131,0.022737,0.159518
22610,0.017648,0.013257,0.139497
22620,0.049810,0.037771,0.197357
22630,0.026651,0.023114,0.169590
22640,0.021220,0.016418,0.113484
22650,0.055254,0.041042,0.197179
22660,0.018107,0.013369,0.137554
22670,0.023266,0.017348,0.216801
22680,0.033036,0.024130,0.175631
22690,0.018856,0.013790,0.138234
22700,0.034695,0.025970,0.146397
22710,0.016104,0.012018,0.134479
22720,0.039372,0.029899,0.179728
22730,0.036600,0.027636,0.177849
22740,0.020007,0.015080,0.131640
22750,0.033226,0.024823,0.170135
22760,0.040855,0.031004,0.191586
22770,0.039190,0.029280,0.146261
22780,0.029596,0.021954,0.153347
22790,0.042285,0.032096,0.185738
22800,0.027080,0.020225,0.150921
22810,0.022176,0.016567,0.137131
22820,0.017206,0.012331,0.147718
22830,0.023573,0.017914,0.150491
22840,0.033140,0.024495,0.176604
22850,0.043973,0.033310,0.208820
22860,0.009371,0.007000,0.129791
22870,0.043724,0.033708,0.182629
22880,0.050907,0.039762,0.208013
22890,0.043338,0.032530,0.216110
22900,0.028174,0.020943,0.159110
22910,0.022406,0.016617,0.105662
22920,0.059608,0.045250,0.228541
22930,0.010984,0.008315,0.107532
22940,0.032255,0.024384,0.156019
22950,0.027451,0.020677,0.152251
22960,0.028810,0.021442,0.146994
22970,0.022383,0.016577,0.139676
22980,0.033807,0.025016,0.170709
22990,0.006302,0.005442,0.129354
23000,0.039460,0.030122,0.186376
23010,0.015700,0.011679,0.124654
23020,0.019356,0.014269,0.124162
23030,0.026443,0.019802,0.162049
23040,0.012194,0.009010,0.084180
23050,0.029732,0.022217,0.167546
23060,0.023659,0.017759,0.147237
23070,0.021855,0.016137,0.138668
23080,0.038776,0.029208,0.182337
23090,0.012738,0.009494,0.141398
23100,0.032992,0.024609,0.170139
23110,0.013729,0.010211,0.120012
23120,0.018980,0.014137,0.128779
23130,0.040245,0.030080,0.168864
23140,0.001506,0.001429,0.101375
23150,0.066373,0.053690,0.256585
23160,0.041202,0.030689,0.150963
23170,0.022424,0.016900,0.255728
23180,0.041700,0.030018,0.163833
23190,0.036021,0.028180,0.164137
23200,0.045186,0.034186,0.178235
23210,0.006442,0.004652,0.094522
23220,0.035988,0.027235,0.159652
23230,0.028155,0.021085,0.113727
23240,0.023290,0.017000,0.150931
23250,0.045148,0.034437,0.201784
23260,0.083326,0.061439,0.287250
23270,0.028649,0.021593,0.150832
23280,0.003584,0.002643,0.131049
23290,0.014655,0.010751,0.121553
23300,0.044419,0.032575,0.191220
23310,0.037031,0.028504,0.182117
23320,0.055570,0.042152,0.220588
23330,0.033930,0.026853,0.148688
23340,0.034244,0.025993,0.152847
23350,0.044106,0.032970,0.202912
23360,0.046781,0.033391,0.201394
23370,0.001917,0.001336,0.092462
23380,0.021348,0.016183,0.138286
23390,0.043224,0.033010,0.189061
23400,0.003294,0.002737,0.132200
23410,0.041816,0.031087,0.184926
23420,0.024486,0.018598,0.142112
23430,0.039444,0.029758,0.191048
23440,0.000757,0.000651,0.085496
23450,0.031762,0.024137,0.164211
23460,0.045276,0.034207,0.202363
23470,0.038082,0.030375,0.188099
23480,0.053444,0.040034,0.216494
23490,0.040898,0.031133,0.180252
23500,0.028650,0.021421,0.159420
23510,0.064505,0.048697,0.245725
23520,0.028375,0.021238,0.192798
23530,0.042441,0.031702,0.195964
23540,0.040981,0.030911,0.193874
23550,0.029692,0.022016,0.143743
23560,0.038307,0.028523,0.172687
23570,0.030108,0.022444,0.145074
23580,0.016507,0.012216,0.080411
23590,0.032532,0.024646,0.165702
23600,0.021453,0.016136,0.158156
23610,0.000131,0.000191,0.000523
23620,0.021139,0.015826,0.141835
23630,0.050753,0.036892,0.209200
23640,0.051305,0.039259,0.228850
23650,0.029027,0.022131,0.128424
23660,0.032660,0.024821,0.144369
23670,0.037561,0.028119,0.175932
23680,0.021930,0.016138,0.134384
23690,0.021230,0.015861,0.151003
23700,0.026498,0.019845,0.155840
23710,0.034515,0.025991,0.148556
23720,0.051041,0.037893,0.205353
23730,0.036766,0.027815,0.180136
23740,0.056990,0.041617,0.205417
23750,0.032527,0.024777,0.169172
23760,0.033787,0.025467,0.181621
23770,0.020165,0.015064,0.140244
23780,0.036205,0.027649,0.173234
23790,0.015405,0.011937,0.156815
23800,0.029947,0.022412,0.142278
23810,0.019669,0.014240,0.092050
23820,0.027207,0.020183,0.157937
23830,0.034611,0.025947,0.184661
23840,0.056437,0.042140,0.231906
23850,0.083799,0.062438,0.286031
23860,0.033934,0.025305,0.169712
23870,0.015344,0.011082,0.134453
23880,0.025794,0.019419,0.112296
23890,0.030733,0.025370,0.173983
23900,0.055276,0.042254,0.224453
23910,0.027132,0.020454,0.158552
23920,0.038514,0.028900,0.180386
23930,0.014961,0.010962,0.133651
23940,0.024627,0.018293,0.142188
23950,0.028621,0.021495,0.155812
23960,0.041290,0.030387,0.181101
23970,0.014513,0.011029,0.121326
23980,0.045280,0.025839,0.233791
23990,0.054785,0.041448,0.222579
24000,0.033449,0.024159,0.176456
24010,0.037932,0.028767,0.154363
24020,0.024239,0.017915,0.148855
24030,0.040151,0.030625,0.184671
24040,0.035057,0.026515,0.171465
24050,0.032766,0.024907,0.159272
24060,0.023758,0.017826,0.139912
24070,0.015154,0.011730,0.118448
24080,0.024142,0.018418,0.112198
24090,0.031339,0.023683,0.151469
24100,0.025751,0.018927,0.184894
24110,0.055656,0.042606,0.210597
24120,0.068028,0.051434,0.248959
24130,0.022706,0.017202,0.145244
24140,0.001922,0.001427,0.105210
24150,0.048133,0.036226,0.191412
24160,0.024134,0.018074,0.140969
24170,0.043123,0.032870,0.181243
24180,0.031291,0.023501,0.163006
24190,0.050624,0.037816,0.207175
24200,0.050241,0.037846,0.217573
24210,0.027071,0.020431,0.160383
24220,0.043347,0.033192,0.190227
24230,0.034489,0.025860,0.178967
24240,0.039928,0.030073,0.191887
24250,0.017191,0.013221,0.090068
24260,0.041387,0.031030,0.182075
24270,0.019873,0.014720,0.158525
24280,0.016604,0.012139,0.086806
24290,0.023525,0.017657,0.146358
24300,0.025649,0.019491,0.156862
24310,0.039864,0.029972,0.187672
24320,0.020957,0.016421,0.162942
24330,0.006444,0.004670,0.118173
24340,0.039526,0.029783,0.193642
24350,0.000354,0.000254,0.042288
24360,0.017152,0.012923,0.130454
24370,0.021356,0.015789,0.149537
24380,0.047902,0.036092,0.198864
24390,0.036583,0.027718,0.176526
24400,0.014565,0.010832,0.121019
24410,0.024917,0.018887,0.153291
24420,0.002565,0.001866,0.042050
24430,0.050303,0.038275,0.206164
24440,0.017600,0.015780,0.087195
24450,0.027874,0.020350,0.141641
24460,0.056417,0.042652,0.233708
24470,0.034369,0.026102,0.164633
24480,0.029923,0.022778,0.138967
24490,0.026177,0.028189,0.208493
24500,0.030685,0.022707,0.176165
24510,0.044322,0.033133,0.200189
24520,0.013987,0.009437,0.179089
24530,0.029999,0.022531,0.148386
24540,0.033413,0.025585,0.163504
24550,0.055445,0.042344,0.246734
24560,0.027676,0.020598,0.135650
24570,0.042205,0.031592,0.166399
24580,0.013710,0.010120,0.127571
24590,0.027439,0.020362,0.167918
24600,0.028623,0.021159,0.163772
24610,0.069522,0.052662,0.258532
24620,0.038683,0.029666,0.220160
24630,0.058082,0.045483,0.196191
24640,0.047377,0.035041,0.203845
24650,0.016169,0.013186,0.173112
24660,0.029946,0.022947,0.151518
24670,0.023980,0.017738,0.176098
24680,0.031002,0.023373,0.123253
24690,0.019557,0.014483,0.140785
24700,0.019860,0.014605,0.143523
24710,0.053721,0.046308,0.220863
24720,0.017411,0.013247,0.120477
24730,0.061665,0.047048,0.237820
24740,0.029494,0.022284,0.160292
24750,0.014738,0.010785,0.130550
24760,0.044947,0.033943,0.194699
24770,0.010352,0.007651,0.106910
24780,0.031935,0.023012,0.115558
24790,0.053563,0.040388,0.211321
24800,0.037482,0.028046,0.180360
24810,0.030311,0.022725,0.147571
24820,0.029387,0.022106,0.162949
24830,0.031960,0.023938,0.165671
24840,0.026744,0.020654,0.114461
24850,0.013450,0.010001,0.082423
24860,0.017335,0.012998,0.096680
24870,0.002860,0.002391,0.144239
24880,0.017404,0.012894,0.135361
24890,0.025575,0.019016,0.101516
24900,0.033127,0.025245,0.178501
24910,0.042226,0.032092,0.184861
24920,0.029597,0.022265,0.148926
24930,0.018994,0.014678,0.147590
24940,0.032582,0.024471,0.179320
24950,0.028664,0.021320,0.147207
24960,0.017687,0.012896,0.146611
24970,0.032215,0.024365,0.170206
24980,0.030311,0.022714,0.152841
24990,0.025170,0.018256,0.145077
25000,0.004368,0.003088,0.092793
25010,0.020839,0.015622,0.126779
25020,0.037118,0.027864,0.177785
25030,0.017204,0.012697,0.105114
25040,0.012585,0.009224,0.135180
25050,0.020306,0.015419,0.148495
25060,0.058942,0.044968,0.227199
25070,0.047437,0.036028,0.193846
25080,0.012772,0.009804,0.114913
25090,0.023760,0.017741,0.150423
25100,0.039116,0.029474,0.191181
25110,0.027217,0.020404,0.152035
25120,0.009609,0.006763,0.072036
25130,0.033103,0.025133,0.158314
25140,0.017856,0.013257,0.125208
25150,0.015535,0.011851,0.121367
25160,0.044157,0.033188,0.186490
25170,0.048388,0.036498,0.198813
25180,0.025545,0.019317,0.147034
25190,0.034684,0.025487,0.186390
25200,0.044935,0.033938,0.185279
25210,0.028180,0.021209,0.123780
25220,0.060329,0.044047,0.215322
25230,0.022347,0.016811,0.143740
25240,0.042451,0.032351,0.193360
25250,0.024983,0.020963,0.182035
25260,0.044318,0.033525,0.209862
25270,0.047201,0.034998,0.206282
25280,0.038757,0.029091,0.179376
25290,0.031639,0.023538,0.150039
25300,0.047782,0.036247,0.199059
25310,0.015939,0.011908,0.124494
25320,0.068654,0.052039,0.261873
25330,0.009396,0.007521,0.177790
25340,0.042025,0.031401,0.172223
25350,0.051210,0.038338,0.210409
25360,0.041766,0.031711,0.165437
25370,0.030279,0.023010,0.168376
25380,0.032458,0.023853,0.167215
25390,0.024930,0.018735,0.147042
25400,0.057537,0.043905,0.219404
25410,0.022432,0.016668,0.124492
25420,0.018127,0.013699,0.130370
25430,0.024888,0.018777,0.112569
25440,0.043820,0.033075,0.180603
25450,0.030251,0.022910,0.161979
25460,0.030912,0.022829,0.124504
25470,0.048001,0.035805,0.202744
25480,0.024490,0.018666,0.174170
25490,0.047534,0.035947,0.201460
25500,0.068389,0.053170,0.257117
25510,0.044471,0.033354,0.190220
25520,0.032022,0.022919,0.174042
25530,0.026441,0.019489,0.145048
25540,0.010418,0.008248,0.144842
25550,0.042206,0.031925,0.189658
25560,0.046590,0.035062,0.179461
25570,0.044483,0.033276,0.203277
25580,0.010750,0.007985,0.069629
25590,0.047240,0.035731,0.181021
25600,0.055245,0.042503,0.195553
25610,0.048194,0.035278,0.216321
25620,0.020175,0.014783,0.133128
25630,0.030178,0.022772,0.156451
25640,0.022920,0.017220,0.131689
25650,0.031261,0.023294,0.153516
25660,0.037447,0.028450,0.178244
25670,0.030024,0.022352,0.167846
25680,0.034327,0.025662,0.142779
25690,0.013150,0.009909,0.108636
25700,0.030247,0.022538,0.162528
25710,0.051081,0.037546,0.212356
25720,0.032985,0.025076,0.146342
25730,0.056077,0.041764,0.216537
25740,0.016072,0.011815,0.134645
25750,0.028646,0.022129,0.164596
25760,0.035423,0.026350,0.166637
25770,0.034490,0.025853,0.189253
25780,0.039877,0.030064,0.159211
25790,0.031987,0.023708,0.159819
25800,0.032771,0.024521,0.180206
25810,0.001294,0.000955,0.091638
25820,0.047038,0.035562,0.213071
25830,0.016388,0.011968,0.134660
25840,0.037153,0.028182,0.182088
25850,0.051502,0.039133,0.202445
25860,0.005193,0.005472,0.135895
25870,0.031003,0.023112,0.138850
25880,0.011602,0.008441,0.114146
25890,0.020453,0.015078,0.107781
25900,0.036083,0.027287,0.196036
25910,0.038149,0.030060,0.174867
25920,0.032188,0.024143,0.160270
25930,0.046935,0.035523,0.196280
25940,0.083311,0.062742,0.289670
25950,0.048578,0.036763,0.197058
25960,0.022285,0.016361,0.155409
25970,0.037994,0.028718,0.144926
25980,0.041172,0.030964,0.189218
25990,0.008351,0.005939,0.119402
26000,0.023416,0.017871,0.141048
26010,0.000018,0.000031,0.000084
26020,0.020157,0.015030,0.146674
26030,0.017546,0.013399,0.111226
26040,0.033823,0.025096,0.173135
26050,0.032288,0.023693,0.164241
26060,0.022578,0.017108,0.127999
26070,0.005603,0.004028,0.225020
26080,0.012045,0.008775,0.108302
26090,0.013136,0.010011,0.073025
26100,0.042746,0.032282,0.184541
26110,0.023108,0.017381,0.170718
26120,0.013819,0.010090,0.125082
26130,0.044967,0.034038,0.191170
26140,0.024873,0.018593,0.169012
26150,0.039463,0.029511,0.187030
26160,0.029448,0.021998,0.136433
26170,0.049406,0.038968,0.179296
26180,0.031575,0.023903,0.164830
26190,0.025162,0.018387,0.131347
26200,0.043066,0.032618,0.194886
26210,0.029701,0.021666,0.150874
26220,0.009231,0.006847,0.125233
26230,0.059636,0.045505,0.227150
26240,0.040627,0.030490,0.190883
26250,0.016508,0.012159,0.133678
26260,0.030694,0.023001,0.156432
26270,0.029579,0.022219,0.164764
26280,0.043442,0.032882,0.171760
26290,0.030786,0.023309,0.161355
26300,0.034524,0.026059,0.172936
26310,0.051519,0.039018,0.220432
26320,0.031579,0.023494,0.177572
26330,0.027458,0.020926,0.167490
26340,0.053131,0.040174,0.217448
26350,0.026722,0.020519,0.145416
26360,0.032447,0.024399,0.172757
26370,0.066449,0.050874,0.252499
26380,0.040380,0.030850,0.197169
26390,0.033906,0.025995,0.164339
26400,0.041728,0.031480,0.191721
26410,0.036991,0.027630,0.176350
26420,0.032196,0.024022,0.169233
26430,0.053277,0.039651,0.217054
26440,0.023853,0.018359,0.144207
26450,0.026172,0.019363,0.141030
26460,0.043078,0.032369,0.183211
26470,0.048196,0.036282,0.206768
26480,0.016029,0.011977,0.135927
26490,0.041117,0.031027,0.166239
26500,0.022427,0.017107,0.150531
26510,0.017967,0.013631,0.121782
26520,0.011069,0.008259,0.119836
26530,0.066366,0.049645,0.248647
26540,0.022697,0.017192,0.118454
26550,0.035616,0.027349,0.176560
26560,0.054980,0.041519,0.217794
26570,0.008046,0.005508,0.060164
26580,0.040127,0.029973,0.173441
26590,0.019630,0.014772,0.141061
26600,0.014162,0.011025,0.188308
26610,0.008876,0.006548,0.058649
26620,0.036923,0.028282,0.176999
26630,0.037556,0.028197,0.158877
26640,0.015371,0.011313,0.133672
26650,0.034572,0.026189,0.171975
26660,0.024961,0.018585,0.105908
26670,0.025849,0.019631,0.142855
26680,0.021340,0.015491,0.154397
26690,0.023272,0.017178,0.146956
26700,0.028895,0.021663,0.152250
26710,0.011189,0.008380,0.058668
26720,0.042091,0.031815,0.186937
26730,0.033547,0.025391,0.188647
26740,0.071321,0.053736,0.256241
26750,0.012461,0.009590,0.081547
26760,0.014517,0.010857,0.178438
26770,0.020077,0.014801,0.129004
26780,0.025093,0.018759,0.149908
26790,0.024089,0.017713,0.173290
26800,0.010746,0.007830,0.125611
26810,0.018269,0.013684,0.118908
26820,0.013672,0.010847,0.125057
26830,0.047027,0.036024,0.209464
26840,0.036935,0.027472,0.174794
26850,0.037832,0.028428,0.174546
26860,0.057135,0.041876,0.208083
26870,0.018377,0.013655,0.143110
26880,0.049406,0.037157,0.217065
26890,0.071747,0.055862,0.265527
26900,0.025854,0.019482,0.157201
26910,0.033215,0.025467,0.172726
26920,0.042414,0.031989,0.193073
26930,0.024476,0.018270,0.171623
26940,0.017065,0.012344,0.131317
26950,0.003494,0.002407,0.661758
26960,0.045658,0.034379,0.201229
26970,0.046631,0.035218,0.186103
26980,0.032012,0.024067,0.159284
26990,0.018324,0.013408,0.137428
27000,0.025103,0.018704,0.138827
27010,0.031729,0.023869,0.162946
27020,0.060671,0.046104,0.233743
27030,0.001689,0.001227,0.075162
27040,0.042147,0.032143,0.179872
27050,0.060454,0.045999,0.224621
27060,0.027860,0.020959,0.127374
27070,0.024140,0.018405,0.115391
27080,0.047488,0.035632,0.209106
27090,0.029715,0.022267,0.161300
27100,0.023081,0.017793,0.130095
27110,0.004319,0.003187,0.124879
27120,0.043437,0.032484,0.190146
27130,0.027895,0.021209,0.172254
27140,0.025968,0.019092,0.175902
27150,0.022161,0.016903,0.101870
27160,0.026432,0.019890,0.179868
27170,0.018875,0.013768,0.085293
27180,0.024483,0.018370,0.148185
27190,0.033517,0.026235,0.178979
27200,0.047380,0.035928,0.197046
27210,0.048972,0.036146,0.175435
27220,0.043661,0.032658,0.163866
27230,0.008607,0.006287,0.143001
27240,0.010987,0.008172,0.166517
27250,0.041420,0.031446,0.176561
27260,0.043953,0.033711,0.228444
27270,0.004645,0.003781,0.035486
27280,0.045960,0.034948,0.187027
27290,0.045049,0.034285,0.182497
27300,0.030124,0.022749,0.171580
27310,0.022124,0.016867,0.141934
27320,0.022877,0.017986,0.130985
27330,0.007726,0.005717,0.190523
27340,0.039735,0.030771,0.190006
27350,0.020091,0.014648,0.147136
27360,0.030092,0.022810,0.158988
27370,0.033103,0.024807,0.164618
27380,0.036883,0.027561,0.180474
27390,0.055907,0.042600,0.217983
27400,0.042156,0.031768,0.185153
27410,0.022092,0.017302,0.187630
27420,0.017001,0.012693,0.126950
27430,0.019227,0.014261,0.135093
27440,0.048724,0.036789,0.213550
27450,0.021969,0.016560,0.143650
27460,0.023674,0.017648,0.143967
27470,0.014565,0.010565,0.246734
27480,0.036276,0.027097,0.166302
27490,0.007655,0.006042,0.137843
27500,0.053169,0.039919,0.219472
27510,0.034643,0.026198,0.162519
27520,0.039021,0.029030,0.217920
27530,0.024048,0.018222,0.145034
27540,0.018915,0.014342,0.137393
27550,0.008306,0.007721,0.163082
27560,0.023127,0.017864,0.100047
27570,0.021311,0.015245,0.156027
27580,0.027915,0.020596,0.146012
27590,0.050569,0.038339,0.204338
27600,0.007091,0.005241,0.104253
27610,0.056512,0.043069,0.235189
27620,0.017501,0.013434,0.122922
27630,0.020830,0.015398,0.125084
27640,0.055593,0.041746,0.196006
27650,0.026415,0.019462,0.123187
27660,0.030005,0.023004,0.128039
27670,0.038940,0.029535,0.179108
27680,0.023377,0.017444,0.142253
27690,0.025552,0.019087,0.103052
27700,0.035601,0.026829,0.172204
27710,0.034624,0.026208,0.173090
27720,0.033201,0.026017,0.173475
27730,0.018513,0.014063,0.129639
27740,0.042596,0.033118,0.194463
27750,0.031514,0.023662,0.168052
27760,0.029392,0.020857,0.174830
27770,0.036636,0.027206,0.148857
27780,0.019617,0.014495,0.136052
27790,0.022268,0.016344,0.191322
27800,0.041389,0.031472,0.175597
27810,0.016408,0.011954,0.105160
27820,0.002555,0.001895,0.026516
27830,0.025858,0.019513,0.166497
27840,0.013426,0.010131,0.102921
27850,0.001495,0.001201,0.126788
27860,0.001558,0.001269,0.061469
27870,0.043308,0.032376,0.184626
27880,0.060055,0.045677,0.233055
27890,0.015311,0.011747,0.130719
27900,0.020977,0.015905,0.107176
27910,0.040856,0.030613,0.189565
27920,0.020584,0.014862,0.114934
27930,0.032672,0.023894,0.136576
27940,0.040894,0.030411,0.183039
27950,0.078013,0.058906,0.275027
27960,0.010419,0.007706,0.184655
27970,0.011385,0.008264,0.064868
27980,0.031661,0.023835,0.167642
27990,0.031137,0.023413,0.156743
28000,0.016623,0.012321,0.156979
28010,0.013082,0.009923,0.120845
28020,0.044279,0.033468,0.187809
28030,0.022118,0.017143,0.125590
28040,0.041141,0.031351,0.187579
28050,0.053811,0.040626,0.217060
28060,0.040078,0.030487,0.178323
28070,0.032114,0.025048,0.202469
28080,0.015160,0.011293,0.143164
28090,0.011052,0.007997,0.105605
28100,0.036174,0.028388,0.175737
28110,0.029039,0.021976,0.162448
28120,0.013725,0.009301,0.091981
28130,0.041707,0.031172,0.195847
28140,0.045472,0.034617,0.204339
28150,0.052128,0.039466,0.221311
28160,0.026905,0.020240,0.144646
28170,0.039676,0.029788,0.181901
28180,0.035229,0.026368,0.164716
28190,0.035574,0.026906,0.169529
28200,0.011789,0.008780,0.120785
28210,0.007062,0.005225,0.149986
28220,0.006234,0.004581,0.192725
28230,0.025338,0.018976,0.161577
28240,0.015834,0.011602,0.194365
28250,0.027655,0.020407,0.168077
28260,0.042495,0.032612,0.176045
28270,0.041627,0.031465,0.191357
28280,0.042122,0.032063,0.172446
28290,0.018893,0.013851,0.135072
28300,0.029532,0.022385,0.129182
28310,0.037489,0.027505,0.192894
28320,0.009890,0.007535,0.129996
28330,0.010071,0.007564,0.079714
28340,0.031014,0.023206,0.160045
28350,0.050503,0.037316,0.209999
28360,0.021346,0.015375,0.141116
28370,0.028904,0.021401,0.177973
28380,0.015257,0.011550,0.139102
28390,0.038162,0.028937,0.163815
28400,0.036137,0.026933,0.173514
28410,0.019660,0.014705,0.150463
28420,0.029056,0.021871,0.152345
28430,0.001365,0.001015,0.193335
28440,0.040965,0.031103,0.187544
28450,0.035649,0.027056,0.174295
28460,0.001334,0.001045,0.282408
28470,0.026721,0.019541,0.173075
28480,0.003294,0.002610,0.058182
28490,0.044679,0.034064,0.202968
28500,0.022305,0.016859,0.148931
28510,0.044816,0.032850,0.201328
28520,0.035992,0.027256,0.165537
28530,0.014326,0.010732,0.117925
28540,0.029694,0.022307,0.157766
28550,0.030304,0.023033,0.181414
28560,0.052922,0.040097,0.221742
28570,0.015957,0.012413,0.079721
28580,0.012038,0.008865,0.120104
28590,0.041226,0.031250,0.167829
28600,0.006067,0.004393,0.126275
28610,0.060369,0.045866,0.224884
28620,0.011751,0.008661,0.099970
28630,0.036568,0.027706,0.177415
28640,0.048092,0.035753,0.206921
28650,0.022958,0.017412,0.113114
28660,0.016920,0.012605,0.086717
28670,0.023901,0.018622,0.136554
28680,0.034996,0.026400,0.154565
28690,0.032449,0.024823,0.139713
28700,0.031599,0.024125,0.147300
28710,0.040264,0.030193,0.167173
28720,0.016601,0.012948,0.087127
28730,0.044520,0.033717,0.210957
28740,0.020279,0.015122,0.133659
28750,0.033783,0.025510,0.152684
28760,0.055419,0.041942,0.209569
28770,0.034093,0.025564,0.176234
28780,0.043277,0.032702,0.184545
28790,0.021055,0.015604,0.125221
28800,0.024186,0.018241,0.125788
28810,0.053714,0.041032,0.201915
28820,0.036707,0.027948,0.170936
28830,0.041025,0.030951,0.185070
28840,0.017972,0.013318,0.113469
28850,0.048702,0.037111,0.196737
28860,0.019129,0.014438,0.100694
28870,0.013916,0.010254,0.107497
28880,0.006724,0.005178,0.132992
28890,0.046871,0.035177,0.177074
28900,0.029319,0.023205,0.161107
28910,0.002850,0.002084,0.083245
28920,0.003640,0.002724,0.030749
28930,0.045670,0.033436,0.207458
28940,0.031017,0.023370,0.147198
28950,0.036575,0.027990,0.173203
28960,0.027519,0.019902,0.166468
28970,0.012158,0.008892,0.133302
28980,0.025179,0.018747,0.157046
28990,0.023070,0.017436,0.131990
29000,0.031166,0.023306,0.159461
29010,0.028932,0.021232,0.173594
29020,0.036027,0.026939,0.182212
29030,0.024724,0.018672,0.118200
29040,0.039909,0.029814,0.186169
29050,0.005197,0.003893,0.123201
29060,0.012700,0.009158,0.115892
29070,0.014732,0.010935,0.110059
29080,0.043604,0.033144,0.188292
29090,0.042194,0.031091,0.186573
29100,0.032566,0.024681,0.163495
29110,0.011594,0.007809,0.321620
29120,0.025133,0.020845,0.146752
29130,0.034452,0.024860,0.174191
29140,0.038857,0.029554,0.186500
29150,0.066190,0.049874,0.236287
29160,0.014731,0.011027,0.115504
29170,0.037176,0.027605,0.174204
29180,0.022399,0.016788,0.159639
29190,0.049682,0.037555,0.206011
29200,0.024457,0.017532,0.137104
29210,0.043635,0.033189,0.201273
29220,0.038820,0.029109,0.183301
29230,0.020687,0.015522,0.156186
29240,0.035530,0.026782,0.171099
29250,0.012222,0.008795,0.110041
29260,0.063353,0.047906,0.234031
29270,0.023510,0.017552,0.130575
29280,0.034169,0.025491,0.154265
29290,0.041132,0.030886,0.159168
29300,0.032093,0.024043,0.156654
29310,0.049914,0.037487,0.206644
29320,0.006029,0.004496,0.104846
29330,0.101015,0.078907,0.323028
29340,0.021461,0.016305,0.115038
29350,0.004195,0.003081,0.039358
29360,0.020502,0.014766,0.173482
29370,0.064051,0.047945,0.238459
29380,0.043538,0.033137,0.182413
29390,0.018912,0.014063,0.132334
29400,0.013923,0.010344,0.115281
29410,0.016562,0.012401,0.137392
29420,0.023731,0.017960,0.123340
29430,0.001429,0.001088,0.099426
29440,0.022055,0.017009,0.130914
29450,0.027598,0.021080,0.155911
29460,0.031261,0.023580,0.159214
29470,0.027187,0.019628,0.164270
29480,0.030299,0.022797,0.168838
29490,0.029689,0.022490,0.166602
29500,0.038991,0.029338,0.179618
29510,0.052349,0.039962,0.208792
29520,0.045330,0.034503,0.176814
29530,0.016868,0.013143,0.132240
29540,0.043292,0.033097,0.180209
29550,0.018277,0.013548,0.153266
29560,0.016782,0.012555,0.081032
29570,0.016195,0.012142,0.143661
29580,0.014593,0.010847,0.078285
29590,0.043493,0.032729,0.199104
29600,0.047167,0.035618,0.195708
29610,0.026901,0.019971,0.159108
29620,0.004912,0.002991,0.663519
29630,0.051073,0.038851,0.204305
29640,0.037841,0.028148,0.169216
29650,0.027848,0.021351,0.151147
29660,0.029149,0.021586,0.164472
29670,0.023872,0.017624,0.144694
29680,0.036241,0.027167,0.175289
29690,0.017858,0.013499,0.085247
29700,0.022481,0.016743,0.141292
29710,0.045751,0.034034,0.182483
29720,0.010596,0.007961,0.097041
29730,0.015464,0.011564,0.081198
29740,0.047498,0.035972,0.188921
29750,0.031903,0.023961,0.150495
29760,0.024594,0.018605,0.132367
29770,0.011363,0.008375,0.108980
29780,0.004625,0.003287,0.123000
29790,0.002967,0.002105,0.087391
29800,0.042167,0.031516,0.186425
29810,0.047669,0.036117,0.191538
29820,0.074029,0.055779,0.254075
29830,0.034599,0.026314,0.174505
29840,0.047965,0.037273,0.205985
29850,0.024466,0.018178,0.162529
29860,0.026722,0.019617,0.203558
29870,0.044912,0.034221,0.196877
29880,0.026651,0.020092,0.152595
29890,0.053768,0.040567,0.210685
29900,0.008171,0.005943,0.106497
29910,0.019714,0.014581,0.152354
29920,0.034634,0.025543,0.226127
29930,0.000028,0.000025,0.655244
29940,0.019812,0.015282,0.098145
29950,0.025143,0.018678,0.130980
29960,0.006460,0.004419,0.661174
29970,0.052551,0.039340,0.212068
29980,0.030140,0.022747,0.129137
29990,0.033674,0.025528,0.160717
30000,0.028361,0.021251,0.150848
30010,0.057354,0.043033,0.225792
30020,0.028337,0.021306,0.159968
30030,0.031473,0.024270,0.151962
30040,0.005119,0.004081,0.116253
30050,0.034097,0.025798,0.155765
30060,0.020543,0.015372,0.149311
30070,0.022079,0.016426,0.136209
30080,0.032330,0.024337,0.172292
30090,0.024365,0.018317,0.138555
30100,0.019986,0.014798,0.149271
30110,0.037061,0.027598,0.187182
30120,0.014639,0.011158,0.087131
30130,0.054523,0.041261,0.214172
30140,0.008536,0.006299,0.116499
30150,0.047873,0.035902,0.208122
30160,0.024838,0.017670,0.153637
30170,0.035206,0.026234,0.167346
30180,0.061762,0.046333,0.231513
30190,0.075646,0.057706,0.256697
30200,0.018211,0.013730,0.135042
30210,0.033276,0.024720,0.170564
30220,0.032232,0.024243,0.170091
30230,0.036206,0.026814,0.149074
30240,0.004147,0.003489,0.108629
30250,0.048596,0.036530,0.187118
30260,0.017411,0.013133,0.088373
30270,0.035565,0.026786,0.183068
30280,0.028001,0.021450,0.163196
30290,0.025797,0.019330,0.140367
30300,0.048801,0.036939,0.190423
30310,0.023565,0.017242,0.143691
30320,0.009702,0.007280,0.117304
30330,0.018476,0.013780,0.074846
30340,0.038927,0.029284,0.181105
30350,0.061838,0.046743,0.232353
30360,0.020107,0.014890,0.117765
30370,0.019577,0.014698,0.146709
30380,0.013873,0.010144,0.120143
30390,0.032982,0.024711,0.161759
30400,0.021078,0.016067,0.153053
30410,0.046489,0.034884,0.195102
30420,0.022690,0.016765,0.153266
30430,0.049062,0.037122,0.174743
30440,0.035206,0.026461,0.165570
30450,0.037342,0.028916,0.195235
30460,0.042573,0.032023,0.197310
30470,0.023408,0.017942,0.096510
30480,0.052845,0.040129,0.208255
30490,0.022889,0.017239,0.143766
30500,0.041058,0.031579,0.176722
30510,0.034941,0.026327,0.175260
30520,0.017932,0.013435,0.132775
30530,0.030854,0.022980,0.168485
30540,0.011712,0.009125,0.142720
30550,0.042474,0.032174,0.163982
30560,0.001800,0.001317,0.117892
30570,0.054421,0.040653,0.193824
30580,0.037665,0.027949,0.169885
30590,0.051522,0.038988,0.203834
30600,0.045292,0.034316,0.191970
30610,0.005747,0.004023,0.045842
30620,0.000004,0.000004,0.000014
30630,0.032954,0.025109,0.155689
30640,0.010993,0.009184,0.170209
30650,0.016462,0.012251,0.131678
30660,0.032483,0.024341,0.184624
30670,0.029272,0.021950,0.150279
30680,0.010713,0.007916,0.106987
30690,0.031416,0.021946,0.189314
30700,0.031074,0.022988,0.162145
30710,0.036878,0.027654,0.173350
30720,0.039611,0.030073,0.175525
30730,0.029312,0.022130,0.152472
30740,0.017680,0.012727,0.151730
30750,0.014976,0.011107,0.075389
30760,0.043388,0.033024,0.194089
30770,0.035799,0.025976,0.221166
30780,0.019759,0.014521,0.139981
30790,0.022884,0.016838,0.155773
30800,0.020165,0.015250,0.137282
30810,0.013860,0.010220,0.109141
30820,0.030974,0.023370,0.163945
30830,0.064221,0.048320,0.240814
30840,0.038565,0.029578,0.178914
30850,0.024580,0.018572,0.162852
30860,0.046804,0.034849,0.206317
30870,0.037102,0.028079,0.183383
30880,0.036626,0.027442,0.177111
30890,0.037264,0.027869,0.178998
30900,0.048892,0.037398,0.208891
30910,0.034057,0.025857,0.156692
30920,0.034912,0.026159,0.177866
30930,0.051651,0.039534,0.218306
30940,0.045777,0.035106,0.182743
30950,0.020044,0.015130,0.103265
30960,0.013613,0.009686,0.113148
30970,0.006903,0.005514,0.116321
30980,0.018309,0.013823,0.133250
30990,0.042980,0.032257,0.196169
31000,0.023042,0.017335,0.116545
31010,0.057891,0.044518,0.223038
31020,0.029973,0.022830,0.180388
31030,0.056680,0.042270,0.213884
31040,0.038987,0.029424,0.162530
31050,0.021555,0.016313,0.167382
31060,0.033936,0.025508,0.168206
31070,0.016114,0.012133,0.128674
31080,0.029618,0.022018,0.157592
31090,0.037080,0.027767,0.206357
31100,0.006781,0.004890,0.113523
31110,0.026722,0.019761,0.115389
31120,0.024643,0.018530,0.135912
31130,0.042161,0.031799,0.189631
31140,0.017457,0.013436,0.167582
31150,0.020963,0.015890,0.133378
31160,0.047593,0.036327,0.201434
31170,0.029817,0.021582,0.150564
31180,0.002727,0.001989,0.080449
31190,0.035414,0.026686,0.162025
31200,0.036237,0.027174,0.151217
31210,0.018323,0.013676,0.140729
31220,0.017268,0.013098,0.116966
31230,0.025874,0.019650,0.110583
31240,0.034610,0.025858,0.174848
31250,0.029694,0.022400,0.157809
31260,0.062336,0.046747,0.242916
31270,0.017758,0.013589,0.105753
31280,0.034453,0.025877,0.159456
31290,0.024136,0.018608,0.140103
31300,0.040579,0.030612,0.187047
31310,0.046151,0.034564,0.196217
31320,0.024957,0.019090,0.141085
31330,0.013643,0.010011,0.113552
31340,0.002636,0.001958,0.026587
31350,0.075909,0.060433,0.287519
31360,0.032462,0.024738,0.159824
31370,0.026345,0.020112,0.138339
31380,0.030410,0.022786,0.158619
31390,0.024249,0.018416,0.137852
31400,0.033774,0.025440,0.165453
31410,0.038548,0.028916,0.180883
31420,0.031602,0.023807,0.167019
31430,0.030430,0.022778,0.166339
31440,0.025231,0.019222,0.195635
31450,0.015654,0.012059,0.095123
31460,0.049179,0.036943,0.202698
31470,0.021768,0.016433,0.141530
31480,0.008532,0.006311,0.083024
31490,0.056384,0.042579,0.227279
31500,0.012681,0.009129,0.127945
31510,0.033326,0.024676,0.161644
31520,0.015813,0.011769,0.139836
31530,0.041255,0.031252,0.182249
31540,0.040276,0.030381,0.186597
31550,0.034620,0.026180,0.147922
31560,0.038166,0.028623,0.191708
31570,0.032094,0.025057,0.134847
31580,0.042727,0.031947,0.191760
31590,0.014937,0.010941,0.134649
31600,0.025790,0.019500,0.167150
31610,0.073203,0.056429,0.266203
31620,0.032214,0.024384,0.156734
31630,0.007015,0.005198,0.152897
31640,0.038157,0.028154,0.162969
31650,0.035022,0.025713,0.172527
31660,0.013918,0.010586,0.122418
31670,0.029964,0.022316,0.161899
31680,0.035523,0.025827,0.185202
31690,0.039398,0.029817,0.169457
31700,0.014550,0.010955,0.085196
31710,0.055061,0.041677,0.208562
31720,0.053718,0.038859,0.268636
31730,0.035237,0.026656,0.169647
31740,0.013543,0.010030,0.108209
31750,0.075715,0.056720,0.272999
31760,0.041091,0.030485,0.170936
31770,0.031451,0.022633,0.175525
31780,0.007869,0.005829,0.174937
31790,0.008874,0.006836,0.050469
31800,0.036801,0.027564,0.167316
31810,0.020305,0.014518,0.111592
31820,0.025606,0.019629,0.131800
31830,0.007868,0.007101,0.231796
31840,0.007565,0.005591,0.116046
31850,0.007464,0.005525,0.052892
31860,0.019939,0.014777,0.114807
31870,0.024415,0.018072,0.142568
31880,0.005620,0.004289,0.116189
31890,0.028710,0.021112,0.183264
31900,0.005759,0.004197,0.105817
31910,0.043185,0.032659,0.189647
31920,0.024704,0.018177,0.099391
31930,0.036463,0.027800,0.178293
31940,0.051190,0.039362,0.212882
31950,0.028482,0.021396,0.152099
31960,0.050123,0.037799,0.196325
31970,0.055931,0.042564,0.221236
31980,0.022723,0.016986,0.141146
31990,0.037745,0.028343,0.190054
32000,0.032521,0.024704,0.151695
32010,0.042413,0.031937,0.199013
32020,0.011609,0.008707,0.102555
32030,0.020497,0.015147,0.132184
32040,0.040745,0.031003,0.185945
32050,0.029970,0.022645,0.155668
32060,0.028968,0.022021,0.151661
32070,0.021138,0.015483,0.147758
32080,0.031954,0.024363,0.179534
32090,0.030435,0.022936,0.162561
32100,0.030532,0.021744,0.212214
32110,0.035408,0.026470,0.152824
32120,0.039749,0.029531,0.178841
32130,0.013106,0.009517,0.076249
32140,0.031778,0.024125,0.162838
32150,0.038527,0.028799,0.175678
32160,0.018248,0.013221,0.096096
32170,0.035335,0.026344,0.181444
32180,0.032770,0.024568,0.156164
32190,0.006158,0.004546,0.112479
32200,0.026750,0.020330,0.127336
32210,0.072194,0.054364,0.251681
32220,0.024773,0.018486,0.150187
32230,0.017857,0.012918,0.095973
32240,0.024729,0.019001,0.159980
32250,0.037293,0.027621,0.181746
32260,0.019960,0.014921,0.129974
32270,0.042601,0.032027,0.191066
32280,0.030451,0.022788,0.133181
32290,0.065665,0.049657,0.217221
32300,0.008625,0.006128,0.072031
32310,0.032152,0.024283,0.166407
32320,0.027134,0.019759,0.164963
32330,0.029031,0.021219,0.168210
32340,0.040531,0.030564,0.183566
32350,0.042644,0.031926,0.183304
32360,0.008481,0.005947,0.117292
32370,0.026276,0.019765,0.138996
32380,0.011834,0.008846,0.115376
32390,0.024435,0.018220,0.149886
32400,0.014594,0.010721,0.117610
32410,0.045640,0.033933,0.196674
32420,0.007831,0.007494,0.193135
32430,0.029008,0.022485,0.159239
32440,0.044845,0.033979,0.187810
32450,0.037681,0.028259,0.174861
32460,0.000573,0.000392,0.337561
32470,0.028519,0.021428,0.156768
32480,0.017440,0.013369,0.133901
32490,0.037166,0.028164,0.146105
32500,0.011711,0.008803,0.066106
32510,0.018407,0.013572,0.167445
32520,0.027206,0.020439,0.151907
32530,0.029619,0.021519,0.160645
32540,0.034811,0.026249,0.184480
32550,0.010611,0.008138,0.083809
32560,0.030346,0.022745,0.156098
32570,0.044349,0.033691,0.172149
32580,0.023607,0.018078,0.148200
32590,0.019910,0.014918,0.129272
32600,0.052168,0.039978,0.208759
32610,0.019233,0.014456,0.131896
32620,0.027108,0.020536,0.126411
32630,0.049904,0.037865,0.208572
32640,0.055838,0.042293,0.215335
32650,0.058049,0.043811,0.235904
32660,0.029562,0.022536,0.172286
32670,0.021591,0.016081,0.143685
32680,0.035516,0.027049,0.170019
32690,0.015622,0.011353,0.140632
32700,0.004223,0.003098,0.036039
32710,0.045043,0.033838,0.186044
32720,0.035559,0.026833,0.169276
32730,0.015416,0.011400,0.120999
32740,0.020663,0.015782,0.134354
32750,0.033470,0.024928,0.168482
32760,0.016302,0.012367,0.102801
32770,0.029287,0.022051,0.145760
32780,0.006276,0.004851,0.037854
32790,0.032169,0.024185,0.161259
32800,0.007077,0.005034,0.099542
32810,0.016340,0.012181,0.091141
32820,0.018673,0.013772,0.137210
32830,0.025967,0.019593,0.139550
32840,0.033297,0.025428,0.151855
32850,0.014213,0.010511,0.122519
32860,0.010908,0.008704,0.076612
32870,0.016098,0.011802,0.117748
32880,0.034294,0.026124,0.166838
32890,0.027369,0.020613,0.119795
32900,0.051009,0.038331,0.195436
32910,0.001430,0.001075,0.093159
32920,0.033891,0.026101,0.159854
32930,0.000028,0.000055,0.000143
32940,0.017474,0.012783,0.132759
32950,0.007165,0.005055,0.148593
32960,0.026387,0.019642,0.128776
32970,0.031872,0.023694,0.179100
32980,0.047816,0.036498,0.196486
32990,0.026874,0.020360,0.147145
33000,0.033892,0.025589,0.191027
33010,0.025091,0.019719,0.125111
33020,0.035121,0.028321,0.188128
33030,0.028245,0.021322,0.144211
33040,0.026457,0.019796,0.141011
33050,0.029102,0.022260,0.146700
33060,0.028221,0.021305,0.155232
33070,0.014597,0.011669,0.077041
33080,0.029759,0.022241,0.167729
33090,0.033528,0.025330,0.164901
33100,0.028500,0.021484,0.122078
33110,0.023159,0.018198,0.129670
33120,0.023921,0.017876,0.163565
33130,0.023332,0.017933,0.111509
33140,0.046051,0.034448,0.206323
33150,0.035660,0.026988,0.165659
33160,0.035421,0.025731,0.182257
33170,0.003966,0.003092,0.107726
33180,0.014129,0.010375,0.121841
33190,0.039554,0.030403,0.178599
33200,0.039662,0.030170,0.180324
33210,0.024145,0.017405,0.137684
33220,0.040127,0.030351,0.175197
33230,0.046238,0.034629,0.193031
33240,0.046881,0.035599,0.204203
33250,0.017139,0.012854,0.132789
33260,0.013520,0.010048,0.127677
33270,0.028746,0.021614,0.152519
33280,0.029624,0.022161,0.158449
33290,0.029327,0.021968,0.150194
33300,0.015678,0.011589,0.140694
33310,0.020988,0.015534,0.138575
33320,0.019170,0.014341,0.100408
33330,0.046355,0.035453,0.206506
33340,0.014436,0.010512,0.125802
33350,0.046513,0.035395,0.192676
33360,0.042592,0.032118,0.175024
33370,0.031318,0.023505,0.163635
33380,0.032844,0.024479,0.165543
33390,0.020841,0.015280,0.148251
33400,0.021807,0.015937,0.153972
33410,0.016822,0.012626,0.093776
33420,0.025348,0.019019,0.151332
33430,0.021060,0.015854,0.108150
33440,0.017650,0.013723,0.105719
33450,0.002712,0.001908,0.092999
33460,0.026729,0.019546,0.154376
33470,0.013791,0.010155,0.101559
33480,0.008220,0.005245,0.054228
33490,0.027984,0.021086,0.158965
33500,0.055801,0.042341,0.214438
33510,0.027932,0.020557,0.151754
33520,0.026671,0.020440,0.151759
33530,0.045607,0.034276,0.197758
33540,0.023816,0.017619,0.146548
33550,0.030678,0.022909,0.162358
33560,0.035428,0.026651,0.179548
33570,0.042185,0.033676,0.150968
33580,0.055475,0.041727,0.212635
33590,0.059797,0.044915,0.224229
33600,0.033398,0.024688,0.172277
33610,0.047351,0.035402,0.191957
33620,0.020717,0.015664,0.131900
33630,0.028342,0.021394,0.130078
33640,0.020585,0.014511,0.093687
33650,0.013148,0.009617,0.113480
33660,0.019690,0.014907,0.095081
33670,0.025595,0.019506,0.146141
33680,0.026595,0.020834,0.149740
33690,0.037809,0.028545,0.173005
33700,0.021365,0.015764,0.101410
33710,0.038683,0.028727,0.178897
33720,0.040552,0.030609,0.180168
33730,0.031826,0.024370,0.156964
33740,0.044769,0.033868,0.190834
33750,0.037944,0.028721,0.177313
33760,0.022272,0.016662,0.127385
33770,0.053048,0.040992,0.194397
33780,0.028408,0.021237,0.148507
33790,0.023051,0.017447,0.143449
33800,0.013438,0.009411,0.117023
33810,0.050086,0.036831,0.202246
33820,0.002663,0.001880,0.079203
33830,0.043741,0.033254,0.173939
33840,0.007577,0.005599,0.081385
33850,0.021609,0.016952,0.093016
33860,0.012416,0.009693,0.118278
33870,0.050411,0.038145,0.199342
33880,0.030233,0.022571,0.161646
33890,0.029010,0.020940,0.161518
33900,0.022607,0.016994,0.104507
33910,0.039280,0.029843,0.160027
33920,0.016341,0.012303,0.081424
33930,0.031885,0.023798,0.166630
33940,0.026633,0.019834,0.152211
33950,0.012776,0.009391,0.120395
33960,0.042664,0.031922,0.180103
33970,0.026458,0.019599,0.153972
33980,0.028633,0.021749,0.146352
33990,0.015133,0.011155,0.124020
34000,0.020663,0.015530,0.158450
34010,0.025000,0.019060,0.169349
34020,0.033975,0.025675,0.157898
34030,0.033894,0.025792,0.136909
34040,0.027811,0.020056,0.138775
34050,0.057691,0.044222,0.221262
34060,0.034748,0.026001,0.172691
34070,0.013036,0.009768,0.117020
34080,0.041684,0.031483,0.159421
34090,0.020301,0.014501,0.138190
34100,0.026631,0.020332,0.143789
34110,0.042758,0.032640,0.186483
34120,0.018522,0.014074,0.096820
34130,0.027185,0.020651,0.152547
34140,0.022789,0.016420,0.129028
34150,0.037549,0.027856,0.180419
34160,0.017668,0.012875,0.132918
34170,0.031738,0.023664,0.154389
34180,0.051443,0.038996,0.206259
34190,0.022428,0.016839,0.151170
34200,0.041669,0.032775,0.176408
34210,0.007568,0.005301,0.169789
34220,0.046304,0.035113,0.190676
34230,0.012729,0.009610,0.106963
34240,0.020159,0.015620,0.082234
34250,0.028454,0.021481,0.156905
34260,0.052713,0.039490,0.218021
34270,0.052686,0.039429,0.209661
34280,0.041441,0.031258,0.191153
34290,0.049548,0.037203,0.205526
34300,0.038317,0.030172,0.158225
34310,0.007543,0.005632,0.113191
34320,0.033571,0.025009,0.149946
34330,0.037612,0.028426,0.183951
34340,0.055713,0.042592,0.225248
34350,0.025844,0.019437,0.131432
34360,0.038390,0.028659,0.168627
34370,0.026150,0.019455,0.141277
34380,0.034712,0.026684,0.169495
34390,0.034309,0.024250,0.187027
34400,0.032966,0.024632,0.164489
34410,0.011904,0.008934,0.082869
34420,0.015805,0.011768,0.123099
34430,0.031193,0.023330,0.165303
34440,0.031002,0.023536,0.131839
34450,0.024306,0.017882,0.147480
34460,0.010880,0.008841,0.148616
34470,0.035815,0.026908,0.171302
34480,0.060498,0.046139,0.215171
34490,0.018344,0.013836,0.127871
34500,0.022832,0.017022,0.140778
34510,0.018086,0.014870,0.229338
34520,0.020599,0.015255,0.143841
34530,0.032830,0.025124,0.172801
34540,0.019492,0.014687,0.121645
34550,0.036710,0.026311,0.326055
34560,0.020343,0.015604,0.090751
34570,0.033628,0.025193,0.164525
34580,0.036910,0.027652,0.165039
34590,0.006736,0.005031,0.051800
34600,0.018739,0.013622,0.132864
34610,0.025076,0.018569,0.155544
34620,0.026145,0.019470,0.164839
34630,0.024192,0.017955,0.137397
34640,0.031078,0.023218,0.166314
34650,0.056811,0.042482,0.218295
34660,0.030723,0.023094,0.144162
34670,0.030100,0.022475,0.141844
34680,0.030652,0.022780,0.165850
34690,0.013691,0.009867,0.122215
34700,0.025309,0.018486,0.162966
34710,0.010156,0.007752,0.050921
34720,0.046597,0.035230,0.189060
34730,0.013977,0.010216,0.113104
34740,0.023182,0.017266,0.125641
34750,0.023719,0.017733,0.175558
34760,0.037415,0.028195,0.164986
34770,0.051116,0.038703,0.203553
34780,0.035698,0.027178,0.158249
34790,0.014316,0.010626,0.106281
34800,0.046929,0.035667,0.193542
34810,0.022550,0.016790,0.129336
34820,0.027729,0.021401,0.143236
34830,0.039551,0.029604,0.178710
34840,0.011426,0.008382,0.127976
34850,0.017541,0.013186,0.117467
34860,0.019791,0.015323,0.132401
34870,0.021532,0.016513,0.103830
34880,0.038412,0.028935,0.176430
34890,0.032015,0.023798,0.160893
34900,0.032198,0.024552,0.124942
34910,0.017564,0.013332,0.143339
34920,0.027193,0.020035,0.160315
34930,0.015507,0.012018,0.126911
34940,0.011931,0.008805,0.097012
34950,0.029968,0.021136,0.159685
34960,0.031887,0.023945,0.150418
34970,0.032914,0.024630,0.154500
34980,0.058819,0.044698,0.222916
34990,0.030671,0.022799,0.155285
35000,0.024786,0.017880,0.149037
35010,0.020009,0.015193,0.141743
35020,0.032970,0.024841,0.173184
35030,0.047136,0.035471,0.193564
35040,0.044720,0.033236,0.189563
35050,0.034484,0.025798,0.173609
35060,0.015217,0.011338,0.136871
35070,0.019140,0.014391,0.142146
35080,0.028686,0.021306,0.148560
35090,0.021146,0.015669,0.142481
35100,0.021003,0.015672,0.134751
35110,0.038710,0.028252,0.217984
35120,0.012586,0.009002,0.161808
35130,0.009150,0.006642,0.068631
35140,0.027266,0.020310,0.142880
35150,0.020100,0.016108,0.092904
35160,0.041332,0.031964,0.180107
35170,0.014792,0.011030,0.112244
35180,0.037915,0.028853,0.181139
35190,0.025760,0.019143,0.131377
35200,0.004548,0.003496,0.102842
35210,0.031673,0.023923,0.157368
35220,0.046465,0.034785,0.203285
35230,0.030567,0.022890,0.140604
35240,0.052518,0.039820,0.217071
35250,0.034807,0.026450,0.163519
35260,0.014010,0.010512,0.105594
35270,0.035604,0.026856,0.173575
35280,0.020702,0.015415,0.218832
35290,0.036493,0.027637,0.177388
35300,0.018488,0.013457,0.105166
35310,0.035638,0.026922,0.172570
35320,0.024809,0.018635,0.143797
35330,0.018721,0.014113,0.108332
35340,0.034898,0.026134,0.161657
35350,0.027303,0.020575,0.142657
35360,0.017516,0.013087,0.096902
35370,0.033647,0.025383,0.133854
35380,0.028555,0.021561,0.152885
35390,0.032672,0.024835,0.140675
35400,0.041487,0.031395,0.191480
35410,0.014879,0.010908,0.126525
35420,0.010782,0.007982,0.099761
35430,0.015445,0.011231,0.120076
35440,0.013553,0.010705,0.113507
35450,0.040608,0.030697,0.178649
35460,0.046634,0.035142,0.191665
35470,0.027861,0.020866,0.115735
35480,0.038302,0.029156,0.169187
35490,0.017444,0.012878,0.130805
35500,0.019627,0.014835,0.120021
35510,0.031111,0.023144,0.165940
35520,0.015893,0.011662,0.117596
35530,0.041405,0.031146,0.180556
35540,0.049610,0.037432,0.201330
35550,0.031924,0.024015,0.135570
35560,0.022113,0.016524,0.126747
35570,0.032074,0.024275,0.155201
35580,0.019731,0.014508,0.146445
35590,0.019052,0.014446,0.100826
35600,0.077067,0.057919,0.265408
35610,0.025388,0.019318,0.108105
35620,0.023765,0.018094,0.143967
35630,0.000001,0.000002,0.000006
35640,0.003702,0.002681,0.104835
35650,0.053296,0.040192,0.222695
35660,0.038505,0.029270,0.180838
35670,0.053309,0.040080,0.210947
35680,0.034713,0.027037,0.151625
35690,0.016156,0.012008,0.091234
35700,0.029906,0.022710,0.129039
35710,0.022555,0.017073,0.138342
35720,0.049115,0.037151,0.200319
35730,0.062179,0.047106,0.230210
35740,0.007004,0.004989,0.128792
35750,0.025095,0.018853,0.119351
35760,0.021120,0.016781,0.127182
35770,0.046370,0.035194,0.196853
35780,0.019847,0.014947,0.131049
35790,0.052297,0.039608,0.215078
35800,0.018185,0.013864,0.180085
35810,0.051366,0.038605,0.223939
35820,0.013295,0.010098,0.095351
35830,0.022229,0.016642,0.107607
35840,0.032243,0.023770,0.180085
35850,0.009707,0.007370,0.076144
35860,0.023891,0.017949,0.148574
35870,0.036296,0.026201,0.144925
35880,0.030440,0.023388,0.160194
35890,0.011770,0.008691,0.118549
35900,0.021543,0.015998,0.137635
35910,0.032715,0.025405,0.150271
35920,0.034652,0.027123,0.150498
35930,0.025226,0.019017,0.143642
35940,0.051933,0.039296,0.205037
35950,0.058838,0.044361,0.228782
35960,0.036365,0.028059,0.184658
35970,0.032860,0.024549,0.161820
35980,0.018406,0.013458,0.157970
35990,0.032214,0.024183,0.140517
36000,0.053653,0.040673,0.225218
36010,0.015552,0.011759,0.128933
36020,0.018666,0.014246,0.120792
36030,0.040420,0.030502,0.161236
36040,0.047230,0.035638,0.200933
36050,0.020747,0.015175,0.083762
36060,0.007550,0.005614,0.077571
36070,0.026763,0.019901,0.144963
36080,0.027176,0.019991,0.152648
36090,0.000779,0.000597,0.474070
36100,0.017188,0.012860,0.137935
36110,0.018974,0.014802,0.133398
36120,0.022045,0.016619,0.128611
36130,0.035249,0.027093,0.158362
36140,0.028077,0.021200,0.139192
36150,0.030508,0.023106,0.162752
36160,0.026845,0.020102,0.148637
36170,0.022683,0.016821,0.152148
36180,0.043373,0.032493,0.181767
36190,0.022712,0.017061,0.131527
36200,0.049048,0.036397,0.209673
36210,0.028644,0.021500,0.162507
36220,0.031030,0.023216,0.166778
36230,0.041066,0.030254,0.181773
36240,0.017042,0.012936,0.094887
36250,0.035657,0.026719,0.168726
36260,0.045668,0.034727,0.176998
36270,0.039502,0.029725,0.162875
36280,0.026731,0.020434,0.126612
36290,0.024535,0.018647,0.120064
36300,0.036907,0.027780,0.167090
36310,0.025757,0.019352,0.143169
36320,0.010468,0.007882,0.112500
36330,0.027244,0.020508,0.161406
36340,0.013630,0.009940,0.117386
36350,0.027184,0.020432,0.159645
36360,0.023172,0.017505,0.127828
36370,0.021243,0.018965,0.103926
36380,0.017498,0.012991,0.110041
36390,0.021029,0.015867,0.133912
36400,0.020889,0.015599,0.146255
36410,0.029688,0.022422,0.141762
36420,0.014827,0.010936,0.079384
36430,0.015798,0.011846,0.124363
36440,0.003083,0.002465,0.168572
36450,0.021314,0.015898,0.154926
36460,0.029969,0.022507,0.161494
36470,0.018564,0.014046,0.120751
36480,0.022452,0.016539,0.143760
36490,0.035051,0.026323,0.167264
36500,0.017628,0.013118,0.119577
36510,0.044478,0.033663,0.174404
36520,0.014461,0.011120,0.110250
36530,0.041947,0.031745,0.185209
36540,0.021411,0.016048,0.133902
36550,0.029019,0.021954,0.142612
36560,0.030607,0.022305,0.182442
36570,0.032555,0.024337,0.171083
36580,0.025560,0.019481,0.123094
36590,0.047996,0.036098,0.192422
36600,0.033285,0.025412,0.161894
36610,0.006418,0.005006,0.102540
36620,0.001914,0.001204,0.424549
36630,0.017456,0.013124,0.135048
36640,0.018216,0.013483,0.143285
36650,0.026821,0.020181,0.152221
36660,0.024505,0.018612,0.097760
36670,0.002386,0.002021,0.209432
36680,0.026790,0.020013,0.128442
36690,0.012085,0.008777,0.109388
36700,0.031483,0.023470,0.162769
36710,0.020879,0.015888,0.098362
36720,0.018934,0.014738,0.136839
36730,0.019067,0.014282,0.107642
36740,0.034874,0.026394,0.169048
36750,0.015573,0.011737,0.131393
36760,0.028582,0.021174,0.154102
36770,0.028251,0.021125,0.148578
36780,0.025290,0.017945,0.138778
36790,0.003587,0.002766,0.100230
36800,0.031187,0.023204,0.164806
36810,0.022980,0.017269,0.158682
36820,0.018359,0.013898,0.093869
36830,0.034924,0.026514,0.142208
36840,0.018299,0.014347,0.150898
36850,0.027361,0.020682,0.142910
36860,0.025201,0.018917,0.147848
36870,0.019716,0.014626,0.144165
36880,0.013598,0.010051,0.125702
36890,0.052602,0.038615,0.181378
36900,0.016179,0.011911,0.131080
36910,0.010414,0.007754,0.104428
36920,0.028385,0.021344,0.115996
36930,0.030750,0.023044,0.170384
36940,0.015902,0.011894,0.125874
36950,0.023706,0.017624,0.157973
36960,0.034333,0.025980,0.144071
36970,0.065194,0.047294,0.230636
36980,0.051872,0.039421,0.201211
36990,0.024185,0.018396,0.135844
37000,0.028070,0.021943,0.122425
37010,0.047272,0.035286,0.189341
37020,0.014391,0.010513,0.129482
37030,0.025303,0.019018,0.149444
37040,0.017127,0.012806,0.113482
37050,0.026804,0.020170,0.145222
37060,0.018589,0.013827,0.149490
37070,0.038605,0.028579,0.196890
37080,0.016506,0.012404,0.126316
37090,0.031243,0.023501,0.164228
37100,0.024230,0.018169,0.150691
37110,0.018054,0.013453,0.135601
37120,0.024183,0.017661,0.157780
37130,0.033336,0.025436,0.171115
37140,0.031672,0.023706,0.168152
37150,0.044179,0.033376,0.189070
37160,0.021762,0.016090,0.134175
37170,0.038634,0.029080,0.170279
37180,0.030326,0.023009,0.147545
37190,0.089451,0.067228,0.258123
37200,0.027551,0.020627,0.154241
37210,0.025485,0.019389,0.225495
37220,0.024283,0.018387,0.136414
37230,0.024551,0.018276,0.144705
37240,0.026195,0.019695,0.147207
37250,0.026567,0.019891,0.154567
37260,0.033151,0.025005,0.172075
37270,0.017139,0.012437,0.113961
37280,0.026400,0.019944,0.144055
37290,0.021951,0.016419,0.140038
37300,0.012359,0.009325,0.115771
37310,0.014983,0.011139,0.115180
37320,0.013779,0.010531,0.122327
37330,0.000934,0.000852,0.431532
37340,0.018998,0.014385,0.120060
37350,0.014756,0.010840,0.119687
37360,0.041612,0.031351,0.172687
37370,0.028654,0.021635,0.149975
37380,0.061255,0.046141,0.226030
37390,0.018174,0.013300,0.136662
37400,0.044607,0.033548,0.173775
37410,0.013935,0.010128,0.147354
37420,0.025849,0.019017,0.130218
37430,0.020078,0.015144,0.120419
37440,0.058661,0.044646,0.216216
37450,0.016555,0.012319,0.077915
37460,0.068254,0.051669,0.246803
37470,0.030757,0.023395,0.152838
37480,0.029427,0.022030,0.157318
37490,0.032767,0.024690,0.160767
37500,0.049214,0.037397,0.199907
37510,0.024976,0.021031,0.168704
37520,0.007975,0.005710,0.111818
37530,0.029868,0.022081,0.159256
37540,0.064657,0.049182,0.235476
37550,0.026205,0.019724,0.140673
37560,0.026403,0.019876,0.141589
37570,0.027205,0.020107,0.148217
37580,0.020281,0.015018,0.135510
37590,0.005663,0.004190,0.032133
37600,0.047537,0.035966,0.200830
37610,0.037757,0.028394,0.164069
37620,0.038208,0.028468,0.174135
37630,0.011173,0.008414,0.097628
37640,0.037331,0.028283,0.176699
37650,0.033963,0.025302,0.178801
37660,0.014385,0.010576,0.114882
37670,0.037901,0.028737,0.184457
37680,0.004545,0.003765,0.151541
37690,0.035473,0.025865,0.160256
37700,0.038233,0.028585,0.175146
37710,0.022806,0.017424,0.140637
37720,0.018914,0.014094,0.138079
37730,0.018771,0.013870,0.100058
37740,0.031123,0.022894,0.150030
37750,0.052456,0.039533,0.209727
37760,0.016950,0.012754,0.131302
37770,0.021726,0.016271,0.121687
37780,0.028983,0.021783,0.159237
37790,0.042330,0.031578,0.164319
37800,0.029774,0.022527,0.159219
37810,0.034567,0.025974,0.164082
37820,0.010717,0.008220,0.066206
37830,0.042462,0.032049,0.191961
37840,0.043516,0.033506,0.191458
37850,0.023845,0.017738,0.141040
37860,0.003355,0.002106,0.144211
37870,0.041023,0.031084,0.202123
37880,0.012728,0.009271,0.116787
37890,0.047224,0.035965,0.195622
37900,0.036235,0.027358,0.177319
37910,0.033932,0.025589,0.153711
37920,0.042951,0.032642,0.195902
37930,0.016720,0.012499,0.133497
37940,0.027432,0.020676,0.161338
37950,0.044575,0.033874,0.187483
37960,0.016501,0.011975,0.124446
37970,0.037572,0.028512,0.153617
37980,0.012603,0.009407,0.096878
37990,0.044868,0.033301,0.158429
38000,0.034369,0.025803,0.167616
38010,0.016142,0.012145,0.108411
38020,0.023821,0.017982,0.163011
38030,0.024748,0.018596,0.148850
38040,0.017329,0.013097,0.109213
38050,0.047729,0.036212,0.206544
38060,0.058828,0.045480,0.219174
38070,0.028733,0.021201,0.173059
38080,0.041983,0.032002,0.185625
38090,0.029132,0.021897,0.146007
38100,0.008749,0.006511,0.148319
38110,0.043445,0.031743,0.190913
38120,0.041160,0.031552,0.160264
38130,0.012881,0.009674,0.119463
38140,0.016306,0.012656,0.154813
38150,0.012073,0.009042,0.099571
38160,0.037671,0.028545,0.168103
38170,0.023565,0.018237,0.134689
38180,0.019529,0.014988,0.180044
38190,0.048209,0.037524,0.191135
38200,0.029810,0.022352,0.161809
38210,0.029277,0.022157,0.154405
38220,0.033561,0.025826,0.136354
38230,0.003042,0.002399,0.103195
38240,0.021008,0.016055,0.119531
38250,0.018603,0.013616,0.137914
38260,0.019323,0.014329,0.138669
38270,0.015477,0.011222,0.104598
38280,0.016940,0.012657,0.127214
38290,0.039821,0.031014,0.184545
38300,0.050928,0.037834,0.220261
38310,0.051925,0.039300,0.202172
38320,0.013852,0.010475,0.118409
38330,0.028971,0.021675,0.154114
38340,0.036312,0.028179,0.164793
38350,0.017606,0.013200,0.126808
38360,0.048234,0.036412,0.214910
38370,0.016610,0.012040,0.092510
38380,0.032465,0.024741,0.148743
38390,0.058707,0.044653,0.228444
38400,0.035526,0.027015,0.183611
38410,0.025642,0.019126,0.145554
38420,0.032871,0.024858,0.152274
38430,0.045144,0.034183,0.198176
38440,0.013451,0.010002,0.113244
38450,0.025046,0.019459,0.136000
38460,0.024400,0.018613,0.172642
38470,0.017303,0.013557,0.096907
38480,0.013208,0.009851,0.144869
38490,0.049016,0.037077,0.182446
38500,0.043485,0.033674,0.187849
38510,0.026263,0.020049,0.148502
38520,0.031690,0.023977,0.161117
38530,0.019588,0.014572,0.127466
38540,0.000147,0.000527,0.000889
38550,0.043147,0.032488,0.180242
38560,0.041955,0.031782,0.175665
38570,0.011949,0.009218,0.271845
38580,0.032501,0.024955,0.159746
38590,0.026888,0.020112,0.147253
38600,0.012262,0.009201,0.107997
38610,0.031089,0.023389,0.164971
38620,0.047156,0.035331,0.194942
38630,0.019086,0.014188,0.131251
38640,0.024371,0.017837,0.149405
38650,0.024114,0.018298,0.115034
38660,0.036901,0.026977,0.133106
38670,0.055185,0.041812,0.226208
38680,0.024195,0.017994,0.139559
38690,0.008813,0.006708,0.076370
38700,0.020407,0.015253,0.144834
38710,0.018448,0.013930,0.108226
38720,0.059349,0.044944,0.223261
38730,0.017834,0.013160,0.134405
38740,0.001341,0.001047,0.118191
38750,0.035167,0.025598,0.181541
38760,0.015378,0.011278,0.135519
38770,0.049063,0.036794,0.198747
38780,0.028997,0.022101,0.136937
38790,0.022282,0.016843,0.128467
38800,0.027652,0.019982,0.161900
38810,0.023337,0.017360,0.133970
38820,0.056227,0.042579,0.221392
38830,0.039853,0.030141,0.181834
38840,0.036771,0.027934,0.144998
38850,0.051044,0.038771,0.197843
38860,0.012057,0.008860,0.097432
38870,0.010638,0.007878,0.099885
38880,0.001019,0.000896,0.156816
38890,0.016353,0.012228,0.128242
38900,0.037820,0.028368,0.177416
38910,0.039798,0.030118,0.197576
38920,0.041404,0.030428,0.184752
38930,0.034083,0.025617,0.159553
38940,0.029108,0.021856,0.151673
38950,0.043014,0.032394,0.193087
38960,0.022572,0.016886,0.133307
38970,0.036100,0.025388,0.220059
38980,0.013863,0.010326,0.115950
38990,0.013758,0.010273,0.110818
39000,0.041679,0.031137,0.185354
39010,0.013056,0.009454,0.129838
39020,0.032747,0.024457,0.159599
39030,0.010219,0.007568,0.119790
39040,0.005208,0.003825,0.128768
39050,0.046651,0.035257,0.182938
39060,0.019294,0.014413,0.118589
39070,0.028908,0.021867,0.152438
39080,0.025295,0.018903,0.260181
39090,0.002450,0.001924,0.204309
39100,0.057494,0.043564,0.226312
39110,0.038725,0.029585,0.184093
39120,0.041060,0.030961,0.191939
39130,0.023347,0.017393,0.156885
39140,0.027887,0.021262,0.153805
39150,0.042653,0.039808,0.208595
39160,0.006049,0.004067,0.132039
39170,0.011216,0.008852,0.065725
39180,0.052831,0.039498,0.215234
39190,0.014060,0.010350,0.124962
39200,0.037114,0.027810,0.178630
39210,0.023170,0.017485,0.134434
39220,0.007686,0.005934,0.043394
39230,0.010741,0.007690,0.064110
39240,0.009333,0.006873,0.072785
39250,0.031159,0.023167,0.163026
39260,0.015366,0.011131,0.184761
39270,0.029151,0.021339,0.161935
39280,0.045771,0.034073,0.187457
39290,0.010580,0.007696,0.106694
39300,0.044101,0.034736,0.188673
39310,0.021792,0.016339,0.126628
39320,0.030665,0.023345,0.151102
39330,0.040052,0.030379,0.177755
39340,0.022448,0.016469,0.149611
39350,0.037226,0.027972,0.168681
39360,0.034202,0.025943,0.143727
39370,0.023948,0.017983,0.141304
39380,0.043105,0.032607,0.190518
39390,0.042884,0.032544,0.179923
39400,0.026347,0.019994,0.145656
39410,0.014040,0.009922,0.135362
39420,0.031764,0.024405,0.151782
39430,0.028611,0.021424,0.167981
39440,0.016049,0.011510,0.186961
39450,0.018795,0.013831,0.143464
39460,0.025574,0.018765,0.142972
39470,0.022580,0.018124,0.139642
39480,0.035608,0.026875,0.138590
39490,0.028158,0.020984,0.164285
39500,0.069043,0.052338,0.243540
39510,0.031665,0.023580,0.147580
39520,0.046474,0.035346,0.187305
39530,0.020616,0.015539,0.141241
39540,0.025151,0.018786,0.141203
39550,0.021455,0.016107,0.140506
39560,0.028752,0.021577,0.126227
39570,0.020166,0.015095,0.126857
39580,0.020191,0.014701,0.138956
39590,0.035742,0.027100,0.145377
39600,0.026724,0.020049,0.152131
39610,0.047800,0.036108,0.191093
39620,0.016096,0.011662,0.121043
39630,0.025824,0.019206,0.148838
39640,0.042437,0.031812,0.173046
39650,0.022203,0.016432,0.130808
39660,0.015387,0.011334,0.123023
39670,0.022774,0.017113,0.137919
39680,0.023342,0.017528,0.128491
39690,0.027967,0.020714,0.142818
39700,0.026403,0.019820,0.140308
39710,0.055083,0.041818,0.210855
39720,0.020645,0.015338,0.135872
39730,0.027191,0.020234,0.135966
39740,0.050572,0.038263,0.202982
39750,0.013302,0.009808,0.136780
39760,0.062409,0.047134,0.228953
39770,0.014214,0.010787,0.124058
39780,0.042272,0.032856,0.156789
39790,0.025650,0.019371,0.125663
39800,0.020602,0.015011,0.180585
39810,0.009515,0.006709,0.046136
39820,0.003462,0.002530,0.118761
39830,0.024558,0.018608,0.136422
39840,0.026569,0.019991,0.148240
39850,0.034527,0.026829,0.156522
39860,0.038629,0.029002,0.146986
39870,0.049029,0.036830,0.191109
39880,0.027848,0.021016,0.152230
39890,0.026659,0.019479,0.157182
39900,0.040075,0.030119,0.177331
39910,0.032795,0.024591,0.155357
39920,0.026310,0.019756,0.145295
39930,0.038584,0.028748,0.176199
39940,0.030259,0.022768,0.138080
39950,0.013364,0.009807,0.099893
39960,0.002329,0.001656,0.134022
39970,0.022601,0.017220,0.134452
39980,0.013658,0.010351,0.119396
39990,0.029763,0.022547,0.150096
40000,0.031841,0.024081,0.136705
40010,0.032239,0.024076,0.174818
40020,0.033230,0.024962,0.168206
40030,0.018335,0.013375,0.131773
40040,0.069928,0.052928,0.232420
40050,0.046983,0.035212,0.193196
40060,0.020729,0.015807,0.102548
40070,0.027048,0.020100,0.141856
40080,0.024605,0.018219,0.144810
40090,0.004472,0.003403,0.134699
40100,0.036339,0.027141,0.167615
40110,0.046405,0.034942,0.192086
40120,0.016432,0.012314,0.121317
40130,0.024329,0.018266,0.142625
40140,0.013566,0.010324,0.107654
40150,0.027105,0.021981,0.154960
40160,0.015168,0.011321,0.112334
40170,0.033973,0.025647,0.156560
40180,0.026075,0.019656,0.153565
40190,0.001445,0.000980,0.231428
40200,0.004812,0.003467,0.181227
40210,0.022551,0.016934,0.130650
40220,0.013604,0.009832,0.067554
40230,0.033121,0.024512,0.151935
40240,0.037706,0.028751,0.154174
40250,0.024262,0.016999,0.155802
40260,0.033259,0.025274,0.168784
40270,0.031295,0.023713,0.136794
40280,0.002582,0.002181,0.142402
40290,0.031575,0.023915,0.149733
40300,0.033272,0.024859,0.186471
40310,0.030121,0.021452,0.160130
40320,0.043825,0.032829,0.191210
40330,0.047261,0.035359,0.193801
40340,0.053956,0.040603,0.198160
40350,0.015649,0.011336,0.142335
40360,0.023863,0.018447,0.109430
40370,0.014055,0.010887,0.065228
40380,0.021782,0.016326,0.136898
40390,0.035350,0.026422,0.159702
40400,0.045900,0.034635,0.184586
40410,0.046803,0.034988,0.192213
40420,0.025241,0.018869,0.142322
40430,0.057433,0.043344,0.190862
40440,0.054840,0.041527,0.215124
40450,0.012718,0.009436,0.120300
40460,0.044779,0.033662,0.187196
40470,0.037400,0.028885,0.164335
40480,0.033499,0.025594,0.143973
40490,0.020484,0.015418,0.132283
40500,0.032720,0.024524,0.150422
40510,0.048680,0.037071,0.190678
40520,0.018316,0.014023,0.135913
40530,0.073152,0.054355,0.237010
40540,0.021596,0.015662,0.146918
40550,0.030211,0.022708,0.161594
40560,0.026341,0.019722,0.143125
40570,0.021838,0.016255,0.142913
40580,0.005369,0.003966,0.090583
40590,0.024316,0.018403,0.138959
40600,0.016514,0.013060,0.119311
40610,0.020612,0.015541,0.127202
40620,0.041254,0.030858,0.185834
40630,0.040532,0.030726,0.171134
40640,0.032929,0.024660,0.150992
40650,0.026195,0.019662,0.142264
40660,0.018778,0.013986,0.139401
40670,0.032313,0.024126,0.156811
40680,0.009824,0.007493,0.091500
40690,0.062954,0.047582,0.223558
40700,0.013111,0.010184,0.157377
40710,0.002751,0.002155,0.094518
40720,0.043478,0.032883,0.180894
40730,0.020534,0.015071,0.126383
40740,0.019205,0.014369,0.140208
40750,0.015460,0.011742,0.106932
40760,0.029703,0.021677,0.156371
40770,0.050071,0.037832,0.198662
40780,0.029996,0.022233,0.163578
40790,0.018843,0.014063,0.141770
40800,0.039150,0.029368,0.152424
40810,0.076013,0.056056,0.245217
40820,0.045333,0.034431,0.179634
40830,0.027450,0.020646,0.153133
40840,0.041323,0.030978,0.198628
40850,0.023247,0.017401,0.134822
40860,0.023544,0.017504,0.122148
40870,0.015673,0.011496,0.118823
40880,0.005164,0.003894,0.113391
40890,0.008631,0.006483,0.051214
40900,0.022714,0.017145,0.131948
40910,0.029351,0.022071,0.175281
40920,0.000089,0.000044,0.000219
40930,0.029242,0.021755,0.151739
40940,0.027821,0.020876,0.150735
40950,0.045094,0.033478,0.181828
40960,0.033428,0.025603,0.176696
40970,0.023317,0.017738,0.129849
40980,0.026379,0.019775,0.149718
40990,0.011447,0.008342,0.098987
41000,0.033335,0.025898,0.135509
41010,0.041185,0.030210,0.165193
41020,0.048049,0.036445,0.204898
41030,0.043875,0.033393,0.190184
41040,0.031338,0.023739,0.159730
41050,0.031779,0.023597,0.145430
41060,0.049496,0.037598,0.186543
41070,0.020292,0.015144,0.126818
41080,0.041430,0.030450,0.193116
41090,0.010621,0.007913,0.096916
41100,0.014363,0.010662,0.136461
41110,0.034345,0.026074,0.183612
41120,0.018797,0.013854,0.136454
41130,0.021643,0.016689,0.139958
41140,0.030883,0.023174,0.168735
41150,0.019187,0.014236,0.118702
41160,0.030635,0.023230,0.153185
41170,0.036912,0.027956,0.170460
41180,0.019390,0.014454,0.116910
41190,0.044028,0.033467,0.187250
41200,0.022454,0.016757,0.145588
41210,0.019159,0.014463,0.131446
41220,0.047166,0.035624,0.196342
41230,0.043349,0.031888,0.185530
41240,0.036354,0.027349,0.156076
41250,0.020628,0.015386,0.150655
41260,0.034592,0.026125,0.152610
41270,0.014486,0.010548,0.123524
41280,0.057678,0.043641,0.223461
41290,0.021092,0.016272,0.099723
41300,0.044408,0.033512,0.192356
41310,0.019312,0.014242,0.129342
41320,0.006593,0.004788,0.122644
41330,0.019982,0.015152,0.132696
41340,0.024556,0.018355,0.138797
41350,0.030662,0.023105,0.161019
41360,0.005371,0.003952,0.033652
41370,0.035144,0.026164,0.168270
41380,0.049635,0.036795,0.215718
41390,0.016132,0.012085,0.081055
41400,0.018387,0.014014,0.086582
41410,0.054616,0.041028,0.211533
41420,0.030228,0.022831,0.143911
41430,0.024991,0.018829,0.145616
41440,0.033721,0.025109,0.139503
41450,0.037062,0.028235,0.175100
41460,0.023731,0.017949,0.143835
41470,0.024689,0.018565,0.145690
41480,0.010832,0.008248,0.109445
41490,0.008676,0.006245,0.128900
41500,0.017396,0.013126,0.117091
41510,0.042301,0.031885,0.183438
41520,0.002848,0.002228,0.261515
41530,0.045771,0.034540,0.193480
41540,0.036340,0.027479,0.171751
41550,0.039479,0.030084,0.169598
41560,0.016585,0.012410,0.097043
41570,0.012077,0.009061,0.114994
41580,0.008742,0.006604,0.091406
41590,0.016955,0.013212,0.120689
41600,0.017048,0.012581,0.131585
41610,0.037908,0.028638,0.176125
41620,0.034970,0.026080,0.143106
41630,0.028223,0.021293,0.124923
41640,0.045761,0.034320,0.197308
41650,0.064990,0.049204,0.237093
41660,0.039705,0.029741,0.160397
41670,0.020745,0.015445,0.133692
41680,0.002066,0.001760,0.152182
41690,0.027392,0.020277,0.121593
41700,0.026947,0.022304,0.154031
41710,0.016527,0.013132,0.127624
41720,0.035504,0.026471,0.164848
41730,0.051765,0.039209,0.198207
41740,0.013507,0.009773,0.152575
41750,0.025681,0.018268,0.169035
41760,0.029704,0.022385,0.147347
41770,0.033845,0.025373,0.158594
41780,0.008362,0.006192,0.089046
41790,0.021825,0.016045,0.148301
41800,0.027996,0.020902,0.144861
41810,0.021695,0.016159,0.131229
41820,0.005198,0.003178,0.171663
41830,0.026030,0.019440,0.150357
41840,0.032111,0.024163,0.168941
41850,0.016195,0.011815,0.085040
41860,0.024244,0.018330,0.132137
41870,0.049703,0.037308,0.195179
41880,0.023750,0.017819,0.140082
41890,0.033412,0.024399,0.167698
41900,0.016885,0.012549,0.124819
41910,0.031083,0.023241,0.163868
41920,0.021008,0.015712,0.132737
41930,0.016495,0.012473,0.074372
41940,0.021269,0.015557,0.148903
41950,0.021769,0.015967,0.121051
41960,0.038775,0.029298,0.182306
41970,0.006084,0.004651,0.055872
41980,0.018057,0.013494,0.114745
41990,0.009165,0.006804,0.128072
42000,0.051248,0.038191,0.203141
42010,0.014082,0.010849,0.066226
42020,0.036907,0.027782,0.166850
42030,0.023861,0.017671,0.148913
42040,0.027462,0.020546,0.141841
42050,0.036112,0.027345,0.171625
42060,0.016054,0.012105,0.136945
42070,0.030770,0.023280,0.151960
42080,0.006962,0.004657,0.173337
42090,0.033681,0.025360,0.162873
42100,0.030303,0.022967,0.157542
42110,0.010336,0.007608,0.078917
42120,0.030366,0.022731,0.144381
42130,0.039889,0.030069,0.176817
42140,0.020900,0.015844,0.137306
42150,0.020170,0.015305,0.120721
42160,0.023202,0.017123,0.153000
42170,0.014067,0.010437,0.111015
42180,0.038236,0.028780,0.171905
42190,0.023459,0.017300,0.144513
42200,0.000002,0.000003,0.000008
42210,0.025056,0.019309,0.176321
42220,0.028142,0.021271,0.146329
42230,0.017604,0.012900,0.141257
42240,0.029148,0.021871,0.122735
42250,0.032840,0.023956,0.174410
42260,0.034446,0.026068,0.163688
42270,0.023449,0.017524,0.144651
42280,0.042470,0.032157,0.175837
42290,0.022062,0.015978,0.112589
42300,0.049580,0.037179,0.202291
42310,0.026331,0.019855,0.143935
42320,0.030742,0.023653,0.162283
42330,0.045750,0.034378,0.184796
42340,0.007998,0.005960,0.105656
42350,0.035113,0.026515,0.164537
42360,0.044920,0.034090,0.186003
42370,0.023424,0.017724,0.142980
42380,0.024752,0.018657,0.149717
42390,0.030441,0.022852,0.152016
42400,0.027142,0.020448,0.128325
42410,0.014441,0.010361,0.113146
42420,0.028074,0.020820,0.151131
42430,0.034502,0.025900,0.164930
42440,0.038502,0.028980,0.166994
42450,0.028788,0.021714,0.154436
42460,0.032123,0.024106,0.160873
42470,0.039587,0.030166,0.185209
42480,0.013957,0.010188,0.123373
42490,0.029497,0.022287,0.162998
42500,0.011789,0.008677,0.214267
42510,0.015357,0.011252,0.112854
42520,0.033981,0.025901,0.154763
42530,0.018520,0.013610,0.091948
42540,0.009374,0.006902,0.097912
42550,0.031169,0.023431,0.136143
42560,0.016510,0.012150,0.124098
42570,0.021349,0.016135,0.110562
42580,0.039563,0.030086,0.140561
42590,0.034285,0.026029,0.143056
42600,0.013433,0.009825,0.080497
42610,0.040431,0.030773,0.184862
42620,0.025238,0.018759,0.136288
42630,0.017000,0.012735,0.109176
42640,0.017234,0.012556,0.126903
42650,0.055716,0.041962,0.211698
42660,0.026961,0.020716,0.156580
42670,0.038925,0.029740,0.179095
42680,0.037527,0.028742,0.165535
42690,0.040879,0.030615,0.167414
42700,0.024439,0.018381,0.136383
42710,0.038933,0.029354,0.177905
42720,0.021536,0.016249,0.122159
42730,0.024147,0.018058,0.142792
42740,0.026470,0.020083,0.148270
42750,0.027493,0.021212,0.113628
42760,0.030756,0.024797,0.265573
42770,0.061841,0.046299,0.231083
42780,0.019306,0.014205,0.125454
42790,0.002723,0.002020,0.058440
42800,0.000629,0.000453,0.035139
42810,0.006310,0.004720,0.099350
42820,0.018632,0.014099,0.117698
42830,0.037617,0.028345,0.169663
42840,0.033791,0.025736,0.158955
42850,0.026149,0.019803,0.137759
42860,0.036019,0.027068,0.173404
42870,0.032063,0.024156,0.170220
42880,0.015272,0.011408,0.114012
42890,0.028018,0.020958,0.146918
42900,0.029062,0.021813,0.130963
42910,0.036005,0.026803,0.162097
42920,0.027954,0.021207,0.160873
42930,0.046179,0.035168,0.182595
42940,0.033319,0.025187,0.151344
42950,0.027299,0.020684,0.145121
42960,0.024484,0.018458,0.140111
42970,0.036129,0.027146,0.162336
42980,0.014440,0.010708,0.173924
42990,0.034333,0.024850,0.156742
43000,0.044541,0.033509,0.181406
43010,0.026994,0.020369,0.146249
43020,0.017806,0.013062,0.128009
43030,0.027267,0.020296,0.145289
43040,0.023104,0.017093,0.145408
43050,0.036797,0.028130,0.160075
43060,0.037706,0.028371,0.166018
43070,0.014927,0.011658,0.078067
43080,0.032511,0.024524,0.170089
43090,0.025791,0.019156,0.140275
43100,0.041003,0.031194,0.180974
43110,0.029024,0.021998,0.166834
43120,0.005422,0.003933,0.093062
43130,0.047778,0.035730,0.200177
43140,0.044590,0.033605,0.185054
43150,0.006531,0.004403,0.090310
43160,0.033593,0.024995,0.168588
43170,0.029402,0.022534,0.159402
43180,0.044340,0.033311,0.180439
43190,0.017349,0.013067,0.123291
43200,0.019010,0.013961,0.131532
43210,0.030126,0.022525,0.154504
43220,0.030938,0.023384,0.155639
43230,0.002563,0.002484,0.029846
43240,0.010766,0.008028,0.096764
43250,0.024674,0.018542,0.143028
43260,0.015087,0.011270,0.122053
43270,0.028141,0.021184,0.143470
43280,0.022745,0.016336,0.153090
43290,0.042278,0.031296,0.170458
43300,0.021368,0.015824,0.125966
43310,0.032441,0.024484,0.163720
43320,0.024076,0.017882,0.136715
43330,0.026144,0.019635,0.145806
43340,0.034964,0.026463,0.145142
43350,0.013123,0.009646,0.108262
43360,0.034370,0.026301,0.171681
43370,0.015520,0.011841,0.140894
43380,0.022160,0.016254,0.129547
43390,0.057154,0.043581,0.226750
43400,0.025194,0.019079,0.129321
43410,0.005757,0.004438,0.081868
43420,0.022720,0.017309,0.140769
43430,0.008836,0.006719,0.062015
43440,0.022293,0.016797,0.135836
43450,0.002197,0.001610,0.055130
43460,0.017889,0.013282,0.126406
43470,0.035317,0.026598,0.165714
43480,0.032111,0.024000,0.165763
43490,0.026881,0.020428,0.141733
43500,0.029617,0.021894,0.130831
43510,0.027605,0.020895,0.149496
43520,0.020505,0.015009,0.137075
43530,0.028957,0.021673,0.151646
43540,0.047501,0.035415,0.194753
43550,0.000003,0.000002,0.000009
43560,0.035667,0.026706,0.160618
43570,0.014058,0.010569,0.098434
43580,0.033339,0.025245,0.152688
43590,0.033746,0.025426,0.182319
43600,0.014131,0.010530,0.095286
43610,0.032025,0.023584,0.135275
43620,0.013840,0.010258,0.116449
43630,0.004551,0.003566,0.034611
43640,0.049889,0.037805,0.200938
43650,0.056310,0.042820,0.216970
43660,0.026717,0.020051,0.122148
43670,0.030893,0.023068,0.166443
43680,0.039693,0.029963,0.172946
43690,0.047276,0.035845,0.168780
43700,0.030187,0.022876,0.156139
43710,0.037591,0.027869,0.174915
43720,0.029074,0.021653,0.154418
43730,0.030769,0.022940,0.163560
43740,0.017035,0.012755,0.099878
43750,0.016802,0.012338,0.139827
43760,0.015986,0.012100,0.116924
43770,0.048406,0.036530,0.186918
43780,0.029099,0.022514,0.152655
43790,0.011325,0.008410,0.102630
43800,0.043964,0.033327,0.157634
43810,0.014636,0.010838,0.122035
43820,0.015779,0.011822,0.115752
43830,0.027742,0.020709,0.154698
43840,0.013256,0.009865,0.108387
43850,0.031202,0.023075,0.161962
43860,0.040037,0.029634,0.190265
43870,0.034284,0.025878,0.164567
43880,0.038244,0.029038,0.159220
43890,0.029692,0.022147,0.156211
43900,0.025954,0.019710,0.125630
43910,0.016735,0.012602,0.134365
43920,0.019387,0.014450,0.119507
43930,0.035785,0.025408,0.173144
43940,0.043347,0.032296,0.186159
43950,0.020894,0.016019,0.132895
43960,0.037589,0.028484,0.172132
43970,0.015853,0.011586,0.076302
43980,0.027192,0.020491,0.138714
43990,0.027431,0.020567,0.145048
44000,0.021658,0.016455,0.122457
44010,0.019852,0.014779,0.141255
44020,0.030551,0.022972,0.147496
44030,0.030430,0.022926,0.169180
44040,0.026908,0.020035,0.173314
44050,0.016632,0.013777,0.174037
44060,0.026538,0.020203,0.106030
44070,0.024136,0.018196,0.133200
44080,0.039234,0.029729,0.171538
44090,0.012994,0.009713,0.060035
44100,0.018555,0.013980,0.149779
44110,0.000775,0.000505,0.065027
44120,0.014328,0.010613,0.110764
44130,0.020948,0.015802,0.132420
44140,0.056709,0.042635,0.213856
44150,0.014669,0.011120,0.123536
44160,0.032591,0.024647,0.144420
44170,0.034914,0.026470,0.159611
44180,0.036842,0.028194,0.177286
44190,0.027641,0.020611,0.156245
44200,0.018926,0.014974,0.091409
44210,0.022039,0.016232,0.135795
44220,0.019043,0.014197,0.088523
44230,0.041513,0.031464,0.183391
44240,0.022051,0.016520,0.130809
44250,0.014996,0.011098,0.115771
44260,0.006861,0.005064,0.110599
44270,0.014613,0.011095,0.067254
44280,0.028986,0.021791,0.159726
44290,0.022323,0.016817,0.131582
44300,0.026650,0.020209,0.140563
44310,0.025581,0.019323,0.133633
44320,0.026921,0.020418,0.137393
44330,0.021194,0.015699,0.148931
44340,0.016707,0.012439,0.113793
44350,0.046779,0.035046,0.188846
44360,0.005679,0.004212,0.108957
44370,0.014670,0.010593,0.116047
44380,0.036631,0.027507,0.162153
44390,0.023156,0.017555,0.144419
44400,0.038747,0.029277,0.180684
44410,0.034553,0.025805,0.143809
44420,0.015705,0.012206,0.100764
44430,0.032375,0.024612,0.153281
44440,0.016584,0.012632,0.090208
44450,0.030456,0.022830,0.134911
44460,0.032172,0.023723,0.160365
44470,0.024693,0.018676,0.128956
44480,0.015954,0.012004,0.114245
44490,0.030433,0.022956,0.146533
44500,0.022713,0.016990,0.150787
44510,0.019710,0.014304,0.142871
44520,0.027908,0.021083,0.148968
44530,0.043475,0.033140,0.167231
44540,0.026445,0.020069,0.103445
44550,0.046670,0.035082,0.195789
44560,0.050215,0.037728,0.212095
44570,0.045481,0.033981,0.209969
44580,0.005318,0.004192,0.117437
44590,0.006174,0.004703,0.111484
44600,0.032169,0.024320,0.150180
44610,0.041669,0.045852,0.224797
44620,0.005767,0.004296,0.089382
44630,0.008538,0.006222,0.110971
44640,0.038024,0.029801,0.169644
44650,0.026633,0.020187,0.145014
44660,0.028446,0.021756,0.132383
44670,0.026270,0.019552,0.107126
44680,0.022796,0.017206,0.114056
44690,0.016352,0.012234,0.120720
44700,0.012440,0.009235,0.102300
44710,0.011258,0.008225,0.105027
44720,0.018939,0.014289,0.095272
44730,0.036826,0.028278,0.177017
44740,0.026840,0.020261,0.146391
44750,0.023200,0.017525,0.136527
44760,0.026453,0.019016,0.152756
44770,0.050554,0.038261,0.187590
44780,0.025674,0.019438,0.142776
44790,0.038418,0.028449,0.180907
44800,0.027513,0.020870,0.128038
44810,0.042716,0.032092,0.189739
44820,0.007741,0.005747,0.091384
44830,0.034717,0.026147,0.160141
44840,0.018472,0.013734,0.132124
44850,0.012866,0.009414,0.109744
44860,0.039705,0.029313,0.211382
44870,0.036684,0.027753,0.133854
44880,0.019172,0.014326,0.146100
44890,0.026374,0.019730,0.118962
44900,0.026501,0.020674,0.155678
44910,0.032585,0.024617,0.151412
44920,0.000012,0.000011,0.000040
44930,0.028412,0.021388,0.143934
44940,0.025136,0.018475,0.169519
44950,0.043389,0.032651,0.188529
44960,0.044009,0.033140,0.181059
44970,0.018171,0.013637,0.119379
44980,0.028670,0.021398,0.150020
44990,0.018437,0.013843,0.093672
45000,0.038533,0.029259,0.169684
45010,0.023032,0.017032,0.136647
45020,0.034507,0.026015,0.150338
45030,0.034026,0.024967,0.177802
45040,0.011654,0.008684,0.113378
45050,0.020325,0.015381,0.108040
45060,0.034569,0.025969,0.158059
45070,0.008583,0.006066,0.060641
45080,0.035846,0.026859,0.171775
45090,0.021663,0.015898,0.126510
45100,0.039751,0.030547,0.172733
45110,0.031023,0.023236,0.127529
45120,0.012793,0.009311,0.127874
45130,0.018869,0.014367,0.144603
45140,0.019979,0.016455,0.102962
45150,0.026047,0.019749,0.109077
45160,0.009652,0.007333,0.086685
45170,0.028804,0.021699,0.163127
45180,0.041412,0.031272,0.175802
45190,0.041359,0.031221,0.171728
45200,0.044954,0.033783,0.187854
45210,0.039732,0.030031,0.157145
45220,0.024324,0.018255,0.129762
45230,0.030626,0.023580,0.140519
45240,0.046330,0.034607,0.185299
45250,0.037542,0.028158,0.174905
45260,0.032526,0.024597,0.136578
45270,0.004555,0.003392,0.042317
45280,0.012815,0.009706,0.110589
45290,0.028865,0.021915,0.138411
45300,0.018067,0.013360,0.128283
45310,0.034874,0.026303,0.146434
45320,0.039350,0.028976,0.171971
45330,0.035378,0.026608,0.185811
45340,0.017861,0.012595,0.157380
45350,0.019173,0.014443,0.128968
45360,0.022532,0.016772,0.113593
45370,0.012142,0.009233,0.076142
45380,0.034315,0.026069,0.168784
45390,0.051307,0.039047,0.198357
45400,0.015084,0.010949,0.109281
45410,0.025472,0.019798,0.119780
45420,0.031721,0.023887,0.166230
45430,0.018859,0.014512,0.100881
45440,0.023546,0.017908,0.143309
45450,0.018468,0.014400,0.132488
45460,0.035622,0.026933,0.143614
45470,0.040671,0.030787,0.180767
45480,0.011429,0.008606,0.087878
45490,0.030139,0.022594,0.156444
45500,0.007040,0.005190,0.092113
45510,0.011511,0.008450,0.069340
45520,0.022652,0.016836,0.120501
45530,0.031399,0.023515,0.154368
45540,0.033481,0.025378,0.156991
45550,0.020774,0.015542,0.125881
45560,0.058265,0.044006,0.219923
45570,0.007615,0.005355,0.072835
45580,0.039523,0.029750,0.174474
45590,0.018466,0.013423,0.088452
45600,0.001050,0.000737,0.086609
45610,0.038582,0.029118,0.168217
45620,0.016071,0.011869,0.116833
45630,0.028044,0.022241,0.145816
45640,0.023693,0.017562,0.139231
45650,0.041716,0.031571,0.188747
45660,0.017380,0.012830,0.119956
45670,0.000043,0.000027,0.656257
45680,0.024722,0.018430,0.134465
45690,0.014255,0.011074,0.099006
45700,0.020820,0.016025,0.100361
45710,0.034349,0.025878,0.162025
45720,0.011274,0.007879,0.126303
45730,0.011434,0.008402,0.122822
45740,0.006442,0.004761,0.030149
45750,0.012504,0.009259,0.131266
45760,0.060104,0.044888,0.225411
45770,0.015555,0.011517,0.117661
45780,0.005385,0.003909,0.095653
45790,0.002998,0.002333,0.088734
45800,0.028932,0.022673,0.162706
45810,0.013383,0.009911,0.168587
45820,0.011596,0.008564,0.100365
45830,0.011167,0.008286,0.056594
45840,0.040100,0.029759,0.173747
45850,0.034378,0.025650,0.168162
45860,0.047383,0.035912,0.179776
45870,0.033459,0.025729,0.160424
45880,0.029051,0.021983,0.160466
45890,0.024653,0.018453,0.137678
45900,0.030067,0.022659,0.146765
45910,0.018374,0.013928,0.125430
45920,0.021868,0.016539,0.126277
45930,0.026714,0.019880,0.144986
45940,0.060475,0.045684,0.225456
45950,0.012525,0.009075,0.124721
45960,0.035601,0.026868,0.161136
45970,0.022433,0.017056,0.120670
45980,0.015113,0.011214,0.132661
45990,0.042156,0.031858,0.185465
46000,0.036711,0.027818,0.165725
46010,0.038404,0.029120,0.172901
46020,0.015408,0.011399,0.132853
46030,0.014687,0.011003,0.140172
46040,0.019742,0.014837,0.101457
46050,0.017733,0.012102,0.165138
46060,0.001291,0.001024,0.134820
46070,0.014964,0.011054,0.120052
46080,0.019864,0.015502,0.138005
46090,0.030208,0.023004,0.120400
46100,0.001624,0.001252,0.090727
46110,0.029190,0.021907,0.159376
46120,0.014797,0.011170,0.118348
46130,0.038172,0.028861,0.151898
46140,0.019427,0.014672,0.126118
46150,0.018558,0.013629,0.139065
46160,0.027075,0.020280,0.141278
46170,0.035502,0.026675,0.162305
46180,0.025198,0.019021,0.143020
46190,0.017389,0.012762,0.110710
46200,0.019944,0.014839,0.134243
46210,0.046471,0.035000,0.184458
46220,0.022174,0.016766,0.108423
46230,0.044953,0.033755,0.195164
46240,0.032165,0.023937,0.156073
46250,0.103803,0.078284,0.325975
46260,0.023928,0.017728,0.148872
46270,0.017035,0.012772,0.072872
46280,0.031024,0.023108,0.157649
46290,0.031022,0.023112,0.176729
46300,0.025978,0.019484,0.148286
46310,0.020326,0.015165,0.135326
46320,0.036966,0.027956,0.175033
46330,0.024861,0.018653,0.142648
46340,0.028935,0.021880,0.148405
46350,0.031927,0.024274,0.160655
46360,0.036317,0.026996,0.158090
46370,0.066711,0.049926,0.226744
46380,0.043045,0.032773,0.187886
46390,0.034360,0.025775,0.159588
46400,0.032719,0.024683,0.139920
46410,0.003830,0.002775,0.134722
46420,0.049193,0.037228,0.199942
46430,0.045756,0.034529,0.187623
46440,0.023325,0.018282,0.142006
46450,0.039300,0.029676,0.170172
46460,0.034393,0.025975,0.165609
46470,0.017896,0.013417,0.111563
46480,0.024221,0.018037,0.132898
46490,0.019163,0.014392,0.110396
46500,0.020983,0.015708,0.105691
46510,0.052663,0.039917,0.203416
46520,0.042751,0.032574,0.189227
46530,0.022525,0.017268,0.099000
46540,0.014126,0.010985,0.106769
46550,0.038013,0.028949,0.184124
46560,0.057551,0.044305,0.209349
46570,0.024624,0.018518,0.132710
46580,0.002660,0.001870,0.094530
46590,0.027778,0.021138,0.138385
46600,0.011489,0.008713,0.069534
46610,0.016762,0.012588,0.125544
46620,0.044416,0.033713,0.186038
46630,0.022272,0.016702,0.121901
46640,0.034835,0.026287,0.174361
46650,0.034958,0.026282,0.171201
46660,0.038714,0.029373,0.174988
46670,0.021583,0.016117,0.103546
46680,0.022868,0.017444,0.141885
46690,0.023419,0.017364,0.141590
46700,0.016027,0.011778,0.098859
46710,0.012029,0.008837,0.109851
46720,0.015983,0.011930,0.120793
46730,0.045854,0.034469,0.202243
46740,0.035455,0.026744,0.158262
46750,0.010880,0.008298,0.107733
46760,0.037032,0.027664,0.170152
46770,0.017215,0.012700,0.119518
46780,0.030715,0.023358,0.142531
46790,0.010907,0.008100,0.106280
46800,0.038087,0.028666,0.177342
46810,0.022950,0.017441,0.131820
46820,0.002089,0.001518,0.162258
46830,0.023453,0.017054,0.151460
46840,0.017114,0.012945,0.105838
46850,0.056210,0.042771,0.211693
46860,0.012316,0.009129,0.055653
46870,0.056235,0.042351,0.212320
46880,0.031557,0.024281,0.138846
46890,0.037031,0.027558,0.175198
46900,0.021015,0.015611,0.129911
46910,0.016028,0.012210,0.124208
46920,0.043192,0.032685,0.181593
46930,0.023875,0.017894,0.142586
46940,0.033736,0.025609,0.148692
46950,0.014727,0.011163,0.117482
46960,0.037480,0.028323,0.167553
46970,0.045797,0.034535,0.188786
46980,0.040850,0.031257,0.178892
46990,0.044613,0.033819,0.186014
47000,0.029604,0.021809,0.155952
47010,0.021160,0.016032,0.125807
47020,0.023107,0.017266,0.138206
47030,0.020997,0.016032,0.125356
47040,0.031302,0.023435,0.162652
47050,0.026901,0.020150,0.141262
47060,0.034610,0.025815,0.144344
47070,0.017557,0.013046,0.145543
47080,0.021794,0.016432,0.139147
47090,0.020918,0.016104,0.146737
47100,0.036037,0.027254,0.161149
47110,0.005073,0.003765,0.122037
47120,0.032637,0.024257,0.155482
47130,0.010449,0.007662,0.097793
47140,0.034647,0.026105,0.167081
47150,0.022383,0.016938,0.134866
47160,0.010166,0.007724,0.186130
47170,0.011739,0.009037,0.102477
47180,0.028318,0.020671,0.130254
47190,0.029442,0.022519,0.175647
47200,0.050734,0.038153,0.202515
47210,0.018129,0.013212,0.149571
47220,0.020275,0.015312,0.133280
47230,0.013010,0.010129,0.103084
47240,0.028246,0.021282,0.145803
47250,0.029639,0.022218,0.119111
47260,0.042855,0.032489,0.191061
47270,0.063317,0.049266,0.229199
47280,0.010948,0.008826,0.070470
47290,0.024272,0.019306,0.144190
47300,0.023740,0.017893,0.103464
47310,0.023155,0.017453,0.125607
47320,0.018663,0.014374,0.107750
47330,0.029078,0.023556,0.161023
47340,0.014963,0.010965,0.113141
47350,0.031831,0.024277,0.133861
47360,0.017121,0.012654,0.115590
47370,0.032429,0.024459,0.154341
47380,0.047218,0.035697,0.193552
47390,0.014898,0.011389,0.071976
47400,0.031283,0.023620,0.174160
47410,0.032460,0.024455,0.165304
47420,0.011469,0.009260,0.112447
47430,0.002803,0.001973,0.101950
47440,0.021697,0.015858,0.148410
47450,0.027501,0.020633,0.144382
47460,0.038902,0.030010,0.158525
47470,0.006911,0.005179,0.088524
47480,0.034414,0.026011,0.156542
47490,0.017882,0.013131,0.114334
47500,0.027421,0.020483,0.143697
47510,0.043462,0.033033,0.189835
47520,0.030596,0.023181,0.166930
47530,0.028706,0.021487,0.146987
47540,0.046376,0.034887,0.189465
47550,0.009122,0.006497,0.107135
47560,0.019132,0.014035,0.156221
47570,0.017605,0.013142,0.095980
47580,0.037546,0.028800,0.176089
47590,0.020609,0.015412,0.138272
47600,0.023682,0.017762,0.134208
47610,0.057693,0.043959,0.211481
47620,0.043534,0.032484,0.165096
47630,0.038876,0.029834,0.168987
47640,0.042248,0.032023,0.185639
47650,0.039722,0.029887,0.175986
47660,0.022868,0.016895,0.130734
47670,0.002118,0.001548,0.119944
47680,0.039406,0.029768,0.169539
47690,0.028788,0.021536,0.136956
47700,0.020284,0.015290,0.120697
47710,0.028257,0.020871,0.151786
47720,0.040938,0.030961,0.184013
47730,0.046409,0.035174,0.191577
47740,0.014140,0.010458,0.115864
47750,0.019611,0.014906,0.087517
47760,0.053130,0.040133,0.203697
47770,0.030887,0.023540,0.155681
47780,0.007856,0.005708,0.121946
47790,0.019744,0.014421,0.082871
47800,0.030984,0.023436,0.154123
47810,0.044861,0.034237,0.191498
47820,0.051321,0.038716,0.206750
47830,0.038200,0.028668,0.175299
47840,0.020089,0.015046,0.125197
47850,0.053116,0.039077,0.234072
47860,0.015733,0.011624,0.124369
47870,0.023939,0.018045,0.128903
47880,0.026667,0.019651,0.143635
47890,0.012993,0.010693,0.116885
47900,0.018700,0.014033,0.096971
47910,0.023639,0.017663,0.133710
47920,0.013218,0.009828,0.118280
47930,0.032672,0.024818,0.160924
47940,0.039145,0.028921,0.153510
47950,0.005032,0.003778,0.097603
47960,0.046160,0.035287,0.190951
47970,0.034338,0.026064,0.154980
47980,0.021711,0.016311,0.144720
47990,0.012438,0.009027,0.107894
48000,0.031984,0.024008,0.154207
48010,0.034344,0.025916,0.166155
48020,0.042955,0.032451,0.181178
48030,0.024417,0.018390,0.169751
48040,0.029425,0.022331,0.153591
48050,0.009611,0.007077,0.123276
48060,0.010115,0.007548,0.125126
48070,0.054579,0.040583,0.210047
48080,0.026443,0.019857,0.148373
48090,0.009100,0.006835,0.103154
48100,0.036453,0.027335,0.140224
48110,0.033504,0.025174,0.158491
48120,0.040984,0.030998,0.171728
48130,0.018436,0.013649,0.155213
48140,0.027275,0.020306,0.146757
48150,0.031597,0.023715,0.161124
48160,0.014619,0.010648,0.109286
48170,0.038532,0.028984,0.168979
48180,0.006539,0.004981,0.104259
48190,0.045741,0.035111,0.202197
48200,0.029697,0.022439,0.141447
48210,0.048744,0.036657,0.203433
48220,0.013260,0.009837,0.100954
48230,0.024381,0.018346,0.128882
48240,0.028033,0.021365,0.151918
48250,0.046709,0.035119,0.206168
48260,0.032675,0.024682,0.153885
48270,0.008288,0.005859,0.195179
48280,0.025776,0.019856,0.141190
48290,0.003994,0.002984,0.081785
48300,0.028166,0.021264,0.133945
48310,0.029037,0.021834,0.149295
48320,0.019021,0.014317,0.143539
48330,0.005608,0.004353,0.037043
48340,0.032635,0.024540,0.158300
48350,0.017050,0.012840,0.115510
48360,0.037412,0.028700,0.172668
48370,0.022120,0.016561,0.117088
48380,0.028144,0.021236,0.142225
48390,0.033049,0.024834,0.157375
48400,0.028712,0.021551,0.158714
48410,0.009864,0.007105,0.107231
48420,0.010858,0.008213,0.064307
48430,0.034121,0.025672,0.161012
48440,0.029952,0.022702,0.157404
48450,0.022234,0.016435,0.136385
48460,0.016611,0.012599,0.088816
48470,0.018089,0.013600,0.116791
48480,0.011055,0.008261,0.093039
48490,0.036529,0.027529,0.164687
48500,0.005187,0.003734,0.032252
48510,0.070283,0.053548,0.256367
48520,0.032329,0.024426,0.153850
48530,0.031358,0.023737,0.135010
48540,0.039067,0.029480,0.169140
48550,0.004024,0.003171,0.147679
48560,0.059488,0.045225,0.232947
48570,0.027434,0.021780,0.129704
48580,0.045240,0.034356,0.193409
48590,0.018049,0.013570,0.127513
48600,0.031084,0.023348,0.133743
48610,0.015497,0.011577,0.074917
48620,0.023236,0.017181,0.113378
48630,0.029304,0.021895,0.161865
48640,0.015705,0.011795,0.077902
48650,0.016174,0.012337,0.109820
48660,0.043391,0.032969,0.179752
48670,0.067532,0.050279,0.232512
48680,0.066150,0.050064,0.228833
48690,0.023672,0.017912,0.113311
48700,0.043087,0.032555,0.179069
48710,0.014946,0.010999,0.115089
48720,0.019484,0.014672,0.100874
48730,0.028355,0.021215,0.150759
48740,0.044066,0.033339,0.186748
48750,0.027847,0.021055,0.114481
48760,0.047980,0.036140,0.197226
48770,0.013672,0.010133,0.112356
48780,0.031247,0.023468,0.158283
48790,0.028777,0.021930,0.123220
48800,0.012758,0.011304,0.135379
48810,0.007137,0.005321,0.104492
48820,0.044463,0.033320,0.179065
48830,0.032384,0.024602,0.151929
48840,0.055900,0.042159,0.216757
48850,0.021851,0.017160,0.107224
48860,0.015887,0.011880,0.119778
48870,0.023812,0.017813,0.132296
48880,0.029073,0.021728,0.141734
48890,0.037591,0.028805,0.139569
48900,0.015092,0.011334,0.103698
48910,0.023239,0.017532,0.137694
48920,0.024806,0.018552,0.128613
48930,0.024553,0.018504,0.125655
48940,0.026655,0.019643,0.110972
48950,0.019478,0.014982,0.119332
48960,0.041551,0.031283,0.179459
48970,0.023872,0.018022,0.135359
48980,0.027532,0.020872,0.136678
48990,0.035574,0.026725,0.161069
49000,0.046579,0.035248,0.196450
49010,0.019851,0.014724,0.136859
49020,0.048442,0.036565,0.202243
49030,0.040434,0.030504,0.186008
49040,0.022026,0.016774,0.134199
49050,0.012049,0.009037,0.068101
49060,0.011988,0.008666,0.106761
49070,0.046487,0.035074,0.194983
49080,0.026870,0.020390,0.143753
49090,0.032891,0.024701,0.155831
49100,0.056802,0.042634,0.198044
49110,0.034551,0.025990,0.181515
49120,0.049656,0.037904,0.186703
49130,0.021185,0.016657,0.139857
49140,0.023688,0.017333,0.148630
49150,0.032516,0.023822,0.166238
49160,0.029106,0.023345,0.238953
49170,0.019645,0.014324,0.145914
49180,0.017950,0.013637,0.166337
49190,0.016515,0.012322,0.124330
49200,0.030491,0.023049,0.145951
49210,0.031803,0.023914,0.149780
49220,0.021479,0.016451,0.105180
49230,0.020488,0.015375,0.122298
49240,0.019864,0.015021,0.121343
49250,0.044070,0.033077,0.162675
49260,0.020229,0.014549,0.149034
49270,0.015050,0.010944,0.127653
49280,0.004592,0.003501,0.110418
49290,0.032148,0.024273,0.155023
49300,0.030067,0.022765,0.146913
49310,0.030484,0.023787,0.149935
49320,0.018825,0.014063,0.113434
49330,0.020557,0.014825,0.159519
49340,0.019727,0.014752,0.090339
49350,0.018107,0.013457,0.140673
49360,0.032560,0.024296,0.159150
49370,0.036268,0.027022,0.172766
49380,0.062670,0.047201,0.227994
49390,0.027343,0.020218,0.105151
49400,0.023857,0.017166,0.143686
49410,0.029406,0.021985,0.148995
49420,0.037357,0.028250,0.153161
49430,0.011365,0.008420,0.090701
49440,0.007042,0.005104,0.117583
49450,0.019907,0.014596,0.138478
49460,0.016194,0.011914,0.115168
49470,0.027571,0.021247,0.149875
49480,0.030498,0.023062,0.146074
49490,0.023279,0.017696,0.098581
49500,0.051782,0.038448,0.203842
49510,0.034485,0.025477,0.173049
49520,0.025999,0.019594,0.150602
49530,0.031054,0.023423,0.159583
49540,0.005910,0.003243,0.198895
49550,0.027118,0.020410,0.148919
49560,0.018510,0.013880,0.110572
49570,0.014273,0.010911,0.114736
49580,0.015617,0.011653,0.124897
49590,0.022094,0.016405,0.149069
49600,0.016876,0.012465,0.130820
49610,0.019894,0.014974,0.117606
49620,0.044184,0.033182,0.194152
49630,0.028575,0.021848,0.133867
49640,0.002512,0.001883,0.016496
49650,0.005827,0.004267,0.108557
49660,0.032310,0.024674,0.133679
49670,0.026128,0.019865,0.120999
49680,0.012278,0.009094,0.093032
49690,0.013370,0.010040,0.117543
49700,0.002413,0.001750,0.018984
49710,0.038657,0.029514,0.164839
49720,0.037289,0.028092,0.170140
49730,0.005793,0.004105,0.092350
49740,0.028831,0.021622,0.158364
49750,0.030348,0.022789,0.136320
49760,0.021015,0.015756,0.132497
49770,0.017842,0.013442,0.096152
49780,0.035189,0.026780,0.162235
49790,0.026342,0.019802,0.120355
49800,0.013459,0.010131,0.063617
49810,0.017298,0.012757,0.114409
49820,0.006813,0.005241,0.107954
49830,0.035380,0.026465,0.160815
49840,0.021994,0.016482,0.139187
49850,0.042271,0.031780,0.179943
49860,0.022099,0.016812,0.124093
49870,0.031721,0.024068,0.151793
49880,0.051159,0.040664,0.227400
49890,0.044751,0.033519,0.194593
49900,0.019522,0.014556,0.141591
49910,0.025123,0.018519,0.141995
49920,0.048500,0.036286,0.191790
49930,0.021716,0.016688,0.142519
49940,0.018315,0.013531,0.122845
49950,0.017218,0.012902,0.108460
49960,0.039645,0.030023,0.148225
49970,0.015059,0.013026,0.080459
49980,0.012840,0.009577,0.104213
49990,0.023339,0.017970,0.111132
50000,0.045445,0.034406,0.174476
50010,0.040305,0.030541,0.153735
50020,0.023130,0.017463,0.106719
50030,0.017211,0.013488,0.126563
50040,0.034376,0.025707,0.150796
50050,0.019263,0.014502,0.132242
50060,0.029816,0.022757,0.119003
50070,0.033705,0.025620,0.154744
50080,0.029289,0.021589,0.180258
50090,0.023856,0.017975,0.134532
50100,0.034393,0.025916,0.157540
50110,0.050617,0.038617,0.204271
50120,0.016073,0.012018,0.080711
50130,0.025881,0.019804,0.144385
50140,0.051207,0.038882,0.190361
50150,0.013622,0.009857,0.132797
50160,0.040253,0.030453,0.180960
50170,0.011515,0.009604,0.119808
50180,0.014269,0.010560,0.117086
50190,0.024554,0.018763,0.120153
50200,0.017352,0.012935,0.123839
50210,0.015575,0.011591,0.085364
50220,0.029444,0.020555,0.178566
50230,0.027346,0.020548,0.144017
50240,0.015091,0.011216,0.111658
50250,0.006207,0.004579,0.110193
50260,0.035386,0.026150,0.163036
50270,0.028182,0.021672,0.149767
50280,0.024697,0.018515,0.146010
50290,0.032984,0.024921,0.155527
50300,0.029553,0.021774,0.149153
50310,0.025625,0.020334,0.146346
50320,0.041075,0.031196,0.180722
50330,0.024441,0.018491,0.133175
50340,0.047620,0.036196,0.197181
50350,0.007303,0.005597,0.120585
50360,0.031514,0.023498,0.150563
50370,0.032814,0.025009,0.154966
50380,0.001947,0.001611,0.103705
50390,0.017870,0.013341,0.121952
50400,0.049041,0.036872,0.199888
50410,0.009923,0.007061,0.103162
50420,0.014912,0.011020,0.103660
50430,0.032350,0.024070,0.157571
50440,0.038003,0.028658,0.177332
50450,0.019930,0.014753,0.121537
50460,0.041809,0.031342,0.186619
50470,0.013650,0.010704,0.073222
50480,0.049188,0.037166,0.183443
50490,0.053956,0.041103,0.204275
50500,0.017110,0.012634,0.136093
50510,0.039336,0.030208,0.164567
50520,0.030332,0.022713,0.151788
50530,0.034884,0.026478,0.167590
50540,0.025023,0.018844,0.156911
50550,0.010681,0.007488,0.046282
50560,0.040327,0.030236,0.184068
50570,0.031175,0.023384,0.141824
50580,0.032206,0.024309,0.160522
50590,0.006384,0.004911,0.047188
50600,0.018861,0.013929,0.087617
50610,0.003006,0.002117,0.074229
50620,0.025911,0.019689,0.161641
50630,0.030351,0.023259,0.132563
50640,0.034762,0.026107,0.157476
50650,0.020568,0.015224,0.135392
50660,0.026919,0.020269,0.151660
50670,0.046075,0.034897,0.194425
50680,0.028184,0.021071,0.142031
50690,0.009956,0.007517,0.129194
50700,0.019810,0.014549,0.153243
50710,0.037313,0.028028,0.172033
50720,0.025116,0.018865,0.137376
50730,0.056600,0.042673,0.222199
50740,0.015261,0.011302,0.131029
50750,0.027212,0.020096,0.174489
50760,0.021587,0.016314,0.125443
50770,0.025437,0.019160,0.148804
50780,0.024314,0.018142,0.132750
50790,0.019780,0.014774,0.119681
50800,0.043053,0.032713,0.180874
50810,0.030991,0.023052,0.140097
50820,0.012716,0.009459,0.109662
50830,0.014108,0.010313,0.126607
50840,0.021540,0.016090,0.127278
50850,0.010590,0.007788,0.122849
50860,0.055571,0.042560,0.210425
50870,0.024776,0.018824,0.147984
50880,0.022436,0.016803,0.130371
50890,0.047540,0.036000,0.187463
50900,0.022863,0.016989,0.136009
50910,0.004039,0.003204,0.143950
50920,0.011709,0.008831,0.092781
50930,0.040114,0.030586,0.189072
50940,0.035633,0.026994,0.181208
50950,0.030687,0.022848,0.154074
50960,0.017610,0.012777,0.121062
50970,0.036093,0.027110,0.176383
50980,0.028940,0.022081,0.149897
50990,0.031523,0.023915,0.149739
51000,0.037566,0.031107,0.179160
51010,0.039934,0.030381,0.180734
51020,0.028119,0.021415,0.150043
51030,0.019019,0.014092,0.107239
51040,0.026681,0.020062,0.145911
51050,0.013697,0.010206,0.110023
51060,0.024659,0.018362,0.134102
51070,0.005926,0.004326,0.082163
51080,0.026896,0.019571,0.108420
51090,0.048648,0.037035,0.181805
51100,0.029301,0.021484,0.136011
51110,0.030689,0.023164,0.143995
51120,0.003856,0.003380,0.106716
51130,0.010600,0.007684,0.104300
51140,0.026820,0.019979,0.142445
51150,0.040137,0.030197,0.162647
51160,0.038662,0.029688,0.173448
51170,0.031461,0.023689,0.162148
51180,0.035680,0.027042,0.147301
51190,0.023455,0.016955,0.153813
51200,0.020380,0.015126,0.128102
51210,0.048723,0.036730,0.191115
51220,0.015503,0.011577,0.095164
51230,0.042056,0.031862,0.176568
51240,0.034405,0.025876,0.153619
51250,0.027944,0.020770,0.157226
51260,0.015894,0.012103,0.113731
51270,0.017716,0.013308,0.089198
51280,0.021138,0.016754,0.140946
51290,0.034291,0.025991,0.156588
51300,0.009186,0.006690,0.151332
51310,0.026838,0.020157,0.145074
51320,0.017597,0.014701,0.119426
51330,0.031334,0.023048,0.150266
51340,0.040194,0.030218,0.174514
51350,0.048700,0.036505,0.183935
51360,0.008979,0.007294,0.107744
51370,0.020111,0.015265,0.122159
51380,0.034284,0.024744,0.143704
51390,0.050124,0.037693,0.196900
51400,0.014349,0.010728,0.109018
51410,0.057958,0.044105,0.216888
51420,0.011708,0.009124,0.094775
51430,0.024588,0.018263,0.156618
51440,0.037308,0.027985,0.171097
51450,0.016974,0.011332,0.143227
51460,0.004815,0.003634,0.038034
51470,0.028481,0.021593,0.133458
51480,0.019090,0.014095,0.130126
51490,0.041116,0.031104,0.174360
51500,0.035617,0.026660,0.164442
51510,0.032089,0.024070,0.165421
51520,0.032244,0.024581,0.121415
51530,0.032660,0.024605,0.154044
51540,0.013467,0.010129,0.070964
51550,0.007078,0.005224,0.084636
51560,0.028282,0.021058,0.121951
51570,0.014004,0.010349,0.119110
51580,0.040728,0.030479,0.159440
51590,0.004101,0.002991,0.101562
51600,0.049228,0.036991,0.174553
51610,0.021541,0.015195,0.116313
51620,0.009724,0.007220,0.115740
51630,0.013391,0.010080,0.070209
51640,0.001377,0.001035,0.055487
51650,0.044315,0.033388,0.188391
51660,0.063411,0.045928,0.278171
51670,0.026669,0.020099,0.125075
51680,0.031313,0.023662,0.159754
51690,0.024633,0.018637,0.137330
51700,0.026704,0.020192,0.144898
51710,0.023648,0.017983,0.130583
51720,0.028501,0.021389,0.145960
51730,0.019530,0.014671,0.110516
51740,0.030949,0.022940,0.129776
51750,0.026866,0.020316,0.141257
51760,0.022414,0.017047,0.104612
51770,0.000411,0.000330,0.078385
51780,0.045143,0.032625,0.194337
51790,0.033723,0.025120,0.168950
51800,0.019078,0.013474,0.122675
51810,0.021454,0.016119,0.104609
51820,0.020222,0.014959,0.127639
51830,0.018581,0.013769,0.124845
51840,0.037477,0.027673,0.173770
51850,0.008273,0.006302,0.109855
51860,0.039664,0.030013,0.164496
51870,0.038052,0.028652,0.166583
51880,0.033076,0.025073,0.144422
51890,0.028888,0.021877,0.154911
51900,0.026492,0.019979,0.144865
51910,0.014597,0.011051,0.114240
51920,0.011881,0.009084,0.113959
51930,0.027192,0.020493,0.137301
51940,0.022297,0.016959,0.137412
51950,0.025183,0.018925,0.150431
51960,0.006873,0.005064,0.038943
51970,0.015085,0.011108,0.112221
51980,0.025068,0.019098,0.116981
51990,0.054962,0.041456,0.215797
52000,0.019031,0.014826,0.123864
52010,0.064935,0.049624,0.240429
52020,0.054566,0.041370,0.213891
52030,0.024319,0.018770,0.127995
52040,0.023683,0.017832,0.134705
52050,0.029907,0.023141,0.134001
52060,0.027501,0.020414,0.144369
52070,0.016500,0.012262,0.131987
52080,0.021807,0.015830,0.116540
52090,0.034775,0.026174,0.162237
52100,0.022579,0.016972,0.128673
52110,0.062058,0.046814,0.235745
52120,0.010292,0.007541,0.055983
52130,0.022846,0.017268,0.152414
52140,0.004405,0.003270,0.026288
52150,0.018474,0.013843,0.105645
52160,0.045368,0.033760,0.187049
52170,0.045021,0.034583,0.182811
52180,0.012480,0.009171,0.096769
52190,0.009362,0.006884,0.130563
52200,0.048154,0.036636,0.192941
52210,0.022891,0.017059,0.107512
52220,0.044466,0.033651,0.169158
52230,0.031911,0.024257,0.153169
52240,0.023199,0.017335,0.136588
52250,0.041728,0.031807,0.178413
52260,0.026703,0.019926,0.128718
52270,0.006356,0.004765,0.085623
52280,0.034595,0.026128,0.176787
52290,0.045536,0.033853,0.206340
52300,0.033975,0.025492,0.180851
52310,0.026577,0.020089,0.121851
52320,0.022806,0.017697,0.119221
52330,0.035930,0.027001,0.165404
52340,0.013853,0.010192,0.112336
52350,0.012414,0.009044,0.108383
52360,0.014190,0.010855,0.133526
52370,0.045408,0.034283,0.186225
52380,0.024485,0.018395,0.146809
52390,0.028626,0.021751,0.123494
52400,0.030155,0.022713,0.147487
52410,0.040444,0.030588,0.179994
52420,0.023554,0.018217,0.148113
52430,0.027648,0.020685,0.148566
52440,0.027187,0.020399,0.152521
52450,0.030222,0.022557,0.134130
52460,0.023137,0.017492,0.133990
52470,0.010610,0.008168,0.093432
52480,0.023512,0.017590,0.136185
52490,0.012670,0.009528,0.110099
52500,0.043608,0.032643,0.190153
52510,0.028705,0.021669,0.144223
52520,0.027093,0.020505,0.152889
52530,0.023839,0.017402,0.112966
52540,0.033099,0.024822,0.131954
52550,0.017048,0.013330,0.097720
52560,0.001539,0.001097,0.068039
52570,0.020359,0.015551,0.127719
52580,0.033988,0.025616,0.146425
52590,0.042387,0.031652,0.173370
52600,0.022261,0.016217,0.157830
52610,0.070532,0.052518,0.238649
52620,0.034537,0.025516,0.182920
52630,0.043508,0.031599,0.199225
52640,0.029716,0.022160,0.152586
52650,0.000002,0.000001,0.000004
52660,0.031840,0.024078,0.155152
52670,0.009041,0.006742,0.091168
52680,0.022979,0.017386,0.153489
52690,0.033030,0.024799,0.157640
52700,0.010069,0.007565,0.102156
52710,0.038439,0.029202,0.164637
52720,0.026154,0.019379,0.145208
52730,0.000003,0.000002,0.000009
52740,0.010730,0.008078,0.062302
52750,0.065463,0.049354,0.232800
52760,0.031717,0.023953,0.162409
52770,0.014304,0.011000,0.076109
52780,0.024945,0.018687,0.137745
52790,0.032672,0.024727,0.155878
52800,0.010693,0.007554,0.052332
52810,0.020543,0.015344,0.108118
52820,0.041819,0.031692,0.183607
52830,0.024250,0.018030,0.137179
52840,0.027955,0.020889,0.141313
52850,0.030314,0.023103,0.156242
52860,0.035018,0.026876,0.173234
52870,0.043263,0.032682,0.181574
52880,0.025472,0.019269,0.133436
52890,0.008202,0.006137,0.057586
52900,0.031760,0.023872,0.153207
52910,0.013083,0.010028,0.065448
52920,0.033444,0.025177,0.164615
52930,0.013917,0.010366,0.104312
52940,0.019054,0.014533,0.119310
52950,0.015041,0.011129,0.123749
52960,0.023294,0.017081,0.146766
52970,0.028667,0.021539,0.156058
52980,0.044717,0.033579,0.181765
52990,0.015847,0.011690,0.116291
53000,0.019006,0.014429,0.125896
53010,0.019857,0.013627,0.192611
53020,0.027698,0.021280,0.156336
53030,0.003792,0.002796,0.100502
53040,0.041732,0.031912,0.181339
53050,0.014062,0.010413,0.122131
53060,0.026600,0.029693,0.118736
53070,0.054579,0.041292,0.200034
53080,0.034720,0.026402,0.180496
53090,0.047266,0.035845,0.192649
53100,0.035478,0.026424,0.144029
53110,0.017240,0.012863,0.117606
53120,0.030486,0.023178,0.149915
53130,0.010163,0.007385,0.119767
53140,0.051920,0.039078,0.200307
53150,0.034946,0.026454,0.154883
53160,0.003452,0.002472,0.109953
53170,0.030193,0.022962,0.141592
53180,0.040965,0.030913,0.172424
53190,0.043464,0.032910,0.175182
53200,0.006538,0.004813,0.037825
53210,0.036254,0.027404,0.172317
53220,0.019213,0.014543,0.129382
53230,0.032201,0.024611,0.132350
53240,0.038122,0.028972,0.183081
53250,0.005476,0.003978,0.122745
53260,0.028050,0.021174,0.144132
53270,0.012007,0.008870,0.098568
53280,0.018858,0.013779,0.135429
53290,0.005394,0.004050,0.074277
53300,0.047497,0.035687,0.199742
53310,0.015343,0.011447,0.125431
53320,0.003210,0.002356,0.104754
53330,0.002890,0.002249,0.136431
53340,0.016248,0.012003,0.113668
53350,0.017305,0.012842,0.133177
53360,0.050760,0.038418,0.201511
53370,0.034608,0.026133,0.167348
53380,0.040942,0.030829,0.180586
53390,0.040784,0.030675,0.172457
53400,0.025513,0.018922,0.125668
53410,0.014032,0.010575,0.105315
53420,0.016921,0.012279,0.244728
53430,0.038055,0.028316,0.174744
53440,0.014074,0.010647,0.140061
53450,0.033316,0.025244,0.167040
53460,0.014493,0.010532,0.107712
53470,0.011197,0.008345,0.099167
53480,0.028640,0.021081,0.140948
53490,0.026571,0.019713,0.154331
53500,0.031045,0.023367,0.156915
53510,0.034624,0.026025,0.156989
53520,0.045630,0.034740,0.199266
53530,0.010023,0.007494,0.096228
53540,0.000005,0.000002,0.000012
53550,0.028387,0.020935,0.146571
53560,0.037051,0.028284,0.156771
53570,0.000004,0.000001,0.000009
53580,0.049451,0.036897,0.184007
53590,0.044712,0.033350,0.184753
53600,0.001223,0.000862,0.118898
53610,0.010465,0.007716,0.099230
53620,0.005615,0.004271,0.132042
53630,0.037820,0.028793,0.174590
53640,0.020806,0.015395,0.125831
53650,0.018062,0.013452,0.112385
53660,0.039457,0.029722,0.161956
53670,0.033859,0.026095,0.124548
53680,0.002788,0.002045,0.104201
53690,0.036899,0.026965,0.164490
53700,0.016876,0.012768,0.155369
53710,0.027136,0.020894,0.139422
53720,0.041301,0.031769,0.185277
53730,0.006296,0.004412,0.105051
53740,0.006891,0.005103,0.119695
53750,0.044782,0.033853,0.160939
53760,0.045799,0.034253,0.188518
53770,0.017208,0.012816,0.097244
53780,0.038241,0.028617,0.178983
53790,0.011188,0.008278,0.098857
53800,0.022080,0.016441,0.143979
53810,0.021463,0.016043,0.135173
53820,0.041307,0.031407,0.170885
53830,0.023739,0.017604,0.137164
53840,0.025623,0.019207,0.139256
53850,0.019703,0.014624,0.124196
53860,0.033954,0.025593,0.156136
53870,0.012136,0.008800,0.111036
53880,0.030520,0.023144,0.124422
53890,0.017248,0.013294,0.124915
53900,0.019648,0.014726,0.125176
53910,0.034892,0.026425,0.169687
53920,0.027089,0.020462,0.111396
53930,0.028466,0.021502,0.153925
53940,0.024732,0.018583,0.148435
53950,0.024918,0.018979,0.105197
53960,0.034167,0.025954,0.164449
53970,0.052331,0.039973,0.198484
53980,0.030506,0.023100,0.150595
53990,0.017389,0.013161,0.125004
54000,0.049307,0.037434,0.190880
54010,0.029525,0.022186,0.117947
54020,0.019210,0.014418,0.101670
54030,0.031757,0.023965,0.144685
54040,0.035252,0.026445,0.167173
54050,0.016449,0.011974,0.125043
54060,0.007366,0.005702,0.098675
54070,0.041764,0.031710,0.171449
54080,0.016201,0.012050,0.127347
54090,0.038361,0.029020,0.162192
54100,0.025305,0.019195,0.138743
54110,0.036785,0.027856,0.149902
54120,0.058990,0.044850,0.213981
54130,0.004417,0.003457,0.038540
54140,0.002866,0.002130,0.084453
54150,0.034993,0.026513,0.160410
54160,0.027280,0.019855,0.143648
54170,0.027247,0.020186,0.153243
54180,0.023812,0.017748,0.145180
54190,0.036969,0.027829,0.164395
54200,0.037152,0.028211,0.177123
54210,0.017998,0.013373,0.120517
54220,0.009126,0.006266,0.041973
54230,0.009709,0.007293,0.114288
54240,0.023058,0.017393,0.128524
54250,0.025529,0.018692,0.151488
54260,0.008986,0.006405,0.152205
54270,0.045194,0.034189,0.185184
54280,0.032090,0.024606,0.153046
54290,0.017446,0.013628,0.132948
54300,0.007103,0.005413,0.044191
54310,0.046325,0.034421,0.178767
54320,0.011593,0.008439,0.103463
54330,0.014619,0.010859,0.106432
54340,0.038829,0.029431,0.170683
54350,0.060356,0.045889,0.219330
54360,0.024997,0.018438,0.138335
54370,0.030793,0.023035,0.134019
54380,0.015431,0.011552,0.115747
54390,0.026410,0.020089,0.148272
54400,0.002040,0.001843,0.659086
54410,0.000466,0.000820,0.657704
54420,0.018156,0.013854,0.154626
54430,0.044926,0.034102,0.179762
54440,0.000691,0.000493,0.054303
54450,0.026517,0.020158,0.142065
54460,0.032826,0.024675,0.163426
54470,0.017926,0.013415,0.129970
54480,0.026264,0.019887,0.151134
54490,0.019668,0.014802,0.114875
54500,0.021161,0.015824,0.148937
54510,0.025113,0.019008,0.126908
54520,0.044331,0.033157,0.185417
54530,0.029519,0.021671,0.166044
54540,0.003973,0.003037,0.068416
54550,0.036690,0.027015,0.175732
54560,0.037130,0.027822,0.186578
54570,0.033661,0.025385,0.172298
54580,0.043542,0.033267,0.186233
54590,0.034461,0.026543,0.161500
54600,0.027429,0.020966,0.129116
54610,0.005713,0.004109,0.034887
54620,0.027066,0.019954,0.129221
54630,0.021337,0.015969,0.129164
54640,0.032851,0.024910,0.154592
54650,0.003515,0.002733,0.023516
54660,0.036660,0.027612,0.160052
54670,0.043275,0.032699,0.180592
54680,0.041238,0.031493,0.163794
54690,0.020739,0.015729,0.109888
54700,0.040638,0.030748,0.162609
54710,0.026468,0.020075,0.145682
54720,0.008003,0.006007,0.047821
54730,0.016692,0.012498,0.102239
54740,0.025713,0.019401,0.142619
54750,0.003337,0.002460,0.095635
54760,0.020933,0.015462,0.127598
54770,0.023412,0.017878,0.137348
54780,0.036930,0.028187,0.161234
54790,0.056248,0.042140,0.209157
54800,0.039889,0.030578,0.147693
54810,0.035218,0.026510,0.162009
54820,0.015161,0.012088,0.100575
54830,0.036687,0.027757,0.151500
54840,0.040389,0.030515,0.170631
54850,0.034630,0.026102,0.159012
54860,0.028979,0.021744,0.115672
54870,0.029925,0.022307,0.148702
54880,0.011576,0.008576,0.106149
54890,0.048859,0.037038,0.202360
54900,0.007272,0.005025,0.155706
54910,0.031972,0.024092,0.149019
54920,0.052178,0.038932,0.201090
54930,0.042158,0.031990,0.182364
54940,0.016082,0.012174,0.086805
54950,0.040505,0.030417,0.162315
54960,0.019456,0.014885,0.126688
54970,0.037450,0.028582,0.155249
54980,0.002677,0.002031,0.069853
54990,0.020922,0.015844,0.124964
55000,0.033085,0.024988,0.152931
55010,0.016104,0.012235,0.126265
55020,0.032451,0.023227,0.158742
55030,0.019680,0.014522,0.132863
55040,0.007103,0.005024,0.097750
55050,0.014805,0.010980,0.116838
55060,0.059560,0.045059,0.214089
55070,0.009170,0.006792,0.060698
55080,0.045311,0.045204,0.178218
55090,0.027835,0.021075,0.117259
55100,0.025519,0.019298,0.142866
55110,0.020570,0.015325,0.130594
55120,0.010480,0.007755,0.094242
55130,0.026108,0.019555,0.133491
55140,0.019771,0.014498,0.130996
55150,0.023224,0.017680,0.129328
55160,0.029115,0.021932,0.138689
55170,0.003025,0.002289,0.062580
55180,0.026173,0.019952,0.141858
55190,0.033163,0.025099,0.156307
55200,0.012156,0.009275,0.067414
55210,0.025819,0.019185,0.146337
55220,0.041644,0.031873,0.180758
55230,0.007174,0.005290,0.106175
55240,0.034936,0.026322,0.166420
55250,0.023795,0.017851,0.125850
55260,0.030716,0.023124,0.152505
55270,0.009048,0.006843,0.061953
55280,0.022793,0.017029,0.134258
55290,0.048533,0.036817,0.193996
55300,0.015085,0.011221,0.106480
55310,0.054581,0.041695,0.213854
55320,0.028933,0.021891,0.157676
55330,0.025035,0.018933,0.145106
55340,0.027181,0.020242,0.155979
55350,0.040353,0.028138,0.409458
55360,0.049409,0.037243,0.187636
55370,0.011566,0.008436,0.098254
55380,0.036586,0.027439,0.163800
55390,0.016910,0.012239,0.131091
55400,0.027241,0.020424,0.115558
55410,0.031857,0.023973,0.149533
55420,0.015701,0.011833,0.125890
55430,0.030987,0.023530,0.133039
55440,0.045461,0.034543,0.184127
55450,0.046034,0.034810,0.172542
55460,0.023674,0.017724,0.128699
55470,0.027166,0.020246,0.162746
55480,0.021174,0.015772,0.123593
55490,0.024154,0.017741,0.137854
55500,0.035544,0.026825,0.166988
55510,0.018908,0.014829,0.132257
55520,0.037572,0.028429,0.172160
55530,0.025444,0.019175,0.129164
55540,0.045599,0.034117,0.192292
55550,0.020027,0.015154,0.081437
55560,0.014226,0.010700,0.096519
55570,0.016083,0.011847,0.088775
55580,0.022423,0.016836,0.132047
55590,0.012483,0.009595,0.129861
55600,0.036537,0.027535,0.169137
55610,0.037978,0.028395,0.172475
55620,0.023994,0.018114,0.139141
55630,0.019510,0.014608,0.121040
55640,0.009501,0.007011,0.090433
55650,0.009602,0.007256,0.139114
55660,0.023505,0.017578,0.162556
55670,0.014076,0.010427,0.099095
55680,0.038174,0.028738,0.164140
55690,0.019386,0.014402,0.108430
55700,0.021870,0.016376,0.127279
55710,0.035396,0.026716,0.154442
55720,0.030041,0.023005,0.143139
55730,0.007007,0.005610,0.108724
55740,0.036628,0.027563,0.167762
55750,0.004729,0.003359,0.120504
55760,0.029216,0.022250,0.147753
55770,0.052504,0.039769,0.209315
55780,0.032092,0.023994,0.154512
55790,0.012257,0.009072,0.099210
55800,0.051418,0.039344,0.204113
55810,0.006475,0.004783,0.107904
55820,0.024121,0.018440,0.121891
55830,0.018122,0.013507,0.125664
55840,0.029992,0.022677,0.136534
55850,0.024492,0.018835,0.108581
55860,0.021229,0.015934,0.128870
55870,0.048179,0.036178,0.200866
55880,0.004155,0.003104,0.091745
55890,0.025358,0.019034,0.137906
55900,0.033131,0.025006,0.147537
55910,0.030358,0.022572,0.149132
55920,0.040031,0.030432,0.171657
55930,0.039290,0.029517,0.148544
55940,0.031400,0.023481,0.158993
55950,0.023715,0.017587,0.134645
55960,0.043736,0.033203,0.182670
55970,0.013241,0.009935,0.123413
55980,0.038310,0.028781,0.177468
55990,0.020748,0.015466,0.119231
56000,0.036813,0.028232,0.144275
56010,0.020210,0.015112,0.102887
56020,0.031129,0.023581,0.158418
56030,0.037280,0.027657,0.165860
56040,0.031761,0.023838,0.155978
56050,0.012423,0.009439,0.106808
56060,0.020109,0.014916,0.116142
56070,0.029802,0.022283,0.147458
56080,0.021848,0.016307,0.120705
56090,0.007778,0.006137,0.232888
56100,0.013896,0.010269,0.115627
56110,0.036774,0.027680,0.166254
56120,0.017311,0.012946,0.118668
56130,0.030314,0.022862,0.139506
56140,0.051287,0.038999,0.198089
56150,0.036101,0.027294,0.166651
56160,0.020758,0.015529,0.129169
56170,0.022979,0.017082,0.100021
56180,0.029493,0.022536,0.132553
56190,0.031849,0.024152,0.156131
56200,0.016347,0.012494,0.129780
56210,0.014564,0.011219,0.120462
56220,0.047861,0.036227,0.184585
56230,0.029056,0.021939,0.154537
56240,0.043757,0.033157,0.184557
56250,0.026659,0.020042,0.141756
56260,0.020843,0.015690,0.129582
56270,0.033245,0.024837,0.153192
56280,0.016831,0.012654,0.131184
56290,0.026529,0.020778,0.144067
56300,0.036790,0.027580,0.164820
56310,0.023554,0.017581,0.131241
56320,0.022792,0.017126,0.128557
56330,0.035137,0.026667,0.172738
56340,0.037714,0.028372,0.193199
56350,0.008841,0.006796,0.044003
56360,0.044942,0.033635,0.204700
56370,0.026492,0.019465,0.166164
56380,0.023405,0.017774,0.112930
56390,0.002935,0.002282,0.096183
56400,0.032680,0.024588,0.145766
56410,0.027809,0.021195,0.158926
56420,0.034385,0.026224,0.160040
56430,0.024919,0.018487,0.139604
56440,0.012136,0.008976,0.110946
56450,0.033110,0.025065,0.149511
56460,0.006170,0.004553,0.049521
56470,0.046029,0.034516,0.182982
56480,0.082385,0.062647,0.274201
56490,0.025477,0.019101,0.123247
56500,0.037302,0.028067,0.145054
56510,0.022189,0.016813,0.129095
56520,0.016079,0.011962,0.109383
56530,0.023028,0.018020,0.122216
56540,0.018198,0.014698,0.093178
56550,0.026684,0.020125,0.121725
56560,0.040867,0.030540,0.168504
56570,0.015285,0.011317,0.131575
56580,0.024099,0.018183,0.137349
56590,0.037118,0.028074,0.161713
56600,0.031898,0.022792,0.140164
56610,0.030004,0.022772,0.130497
56620,0.037103,0.028332,0.158099
56630,0.036272,0.027048,0.167355
56640,0.030724,0.023275,0.158926
56650,0.031041,0.023836,0.167012
56660,0.036533,0.027679,0.153514
56670,0.006130,0.004739,0.042163
56680,0.041331,0.031357,0.170299
56690,0.030742,0.023231,0.143202
56700,0.024849,0.018813,0.134250
56710,0.037800,0.028520,0.167142
56720,0.032117,0.024129,0.139229
56730,0.028191,0.021182,0.130895
56740,0.025908,0.019654,0.120150
56750,0.045629,0.034347,0.180900
56760,0.038783,0.030347,0.176479
56770,0.024933,0.018638,0.134792
56780,0.057220,0.043267,0.203975
56790,0.017063,0.012700,0.110095
56800,0.012153,0.009444,0.126571
56810,0.019078,0.014297,0.115834
56820,0.029103,0.021792,0.144872
56830,0.007670,0.005493,0.117119
56840,0.022784,0.016995,0.105822
56850,0.023538,0.018019,0.140470
56860,0.024318,0.018720,0.162895
56870,0.040619,0.030376,0.176248
56880,0.006879,0.004609,0.282355
56890,0.011034,0.009251,0.067197
56900,0.027452,0.020790,0.137521
56910,0.007267,0.005151,0.088321
56920,0.025823,0.019678,0.142644
56930,0.038148,0.028905,0.170993
56940,0.040750,0.030937,0.177424
56950,0.016103,0.012034,0.080241
56960,0.032106,0.024161,0.148458
56970,0.014889,0.011277,0.082889
56980,0.015872,0.011984,0.098955
56990,0.024673,0.018595,0.112329
57000,0.017860,0.013183,0.132288
57010,0.033467,0.025208,0.163518
57020,0.011112,0.008178,0.141482
57030,0.016248,0.011965,0.074568
57040,0.032937,0.024809,0.159005
57050,0.027088,0.020589,0.125432
57060,0.013254,0.009466,0.146114
57070,0.026791,0.019917,0.142551
57080,0.019427,0.014857,0.119306
57090,0.030625,0.023223,0.125049
57100,0.034130,0.026065,0.146621
57110,0.020403,0.015268,0.112741
57120,0.033327,0.025097,0.163598
57130,0.025957,0.019526,0.137019
57140,0.027241,0.020691,0.149085
57150,0.004148,0.002993,0.018138
57160,0.004900,0.004012,0.032686
57170,0.021841,0.016754,0.125639
57180,0.022879,0.017096,0.128511
57190,0.044702,0.034024,0.185087
57200,0.034661,0.026071,0.149961
57210,0.043925,0.032900,0.161266
57220,0.029336,0.021794,0.153455
57230,0.034998,0.026347,0.150568
57240,0.041011,0.031062,0.171952
57250,0.010980,0.008296,0.101988
57260,0.038783,0.029559,0.158651
57270,0.000002,0.000001,0.000006
57280,0.015495,0.011598,0.120671
57290,0.015927,0.011394,0.087678
57300,0.030147,0.022427,0.148404
57310,0.035059,0.026167,0.167925
57320,0.019217,0.014142,0.129397
57330,0.015938,0.011469,0.134073
57340,0.036421,0.027485,0.175843
57350,0.012408,0.009185,0.106177
57360,0.033404,0.025457,0.162469
57370,0.024929,0.018818,0.127459
57380,0.050876,0.038599,0.198759
57390,0.044923,0.034275,0.177757
57400,0.021082,0.015898,0.128253
57410,0.014396,0.010988,0.117128
57420,0.027088,0.020316,0.152301
57430,0.037968,0.028299,0.187065
57440,0.017052,0.012596,0.133852
57450,0.022188,0.017240,0.128495
57460,0.023428,0.017664,0.122742
57470,0.035483,0.026375,0.151889
57480,0.053920,0.041129,0.203042
57490,0.010523,0.007694,0.119251
57500,0.014635,0.011077,0.118018
57510,0.019976,0.015027,0.131447
57520,0.049066,0.036892,0.193857
57530,0.028821,0.021690,0.123445
57540,0.011114,0.008254,0.095926
57550,0.014314,0.010754,0.126508
57560,0.019570,0.014586,0.095509
57570,0.029297,0.022183,0.149194
57580,0.015335,0.011568,0.123218
57590,0.014658,0.011095,0.099411
57600,0.033068,0.025093,0.152251
57610,0.012712,0.009516,0.113626
57620,0.015327,0.011115,0.111358
57630,0.050174,0.038054,0.202573
57640,0.050786,0.038556,0.204162
57650,0.035684,0.026752,0.173062
57660,0.027313,0.020676,0.153441
57670,0.035387,0.026825,0.161350
57680,0.008245,0.006427,0.054169
57690,0.052537,0.039978,0.203842
57700,0.026706,0.019163,0.180680
57710,0.067565,0.051387,0.237619
57720,0.017240,0.012806,0.118794
57730,0.024189,0.018469,0.136531
57740,0.023918,0.017738,0.133892
57750,0.015897,0.011940,0.081836
57760,0.016955,0.012523,0.112106
57770,0.014012,0.010530,0.068816
57780,0.002378,0.001728,0.129991
57790,0.019983,0.014781,0.145007
57800,0.020052,0.015215,0.101872
57810,0.039353,0.030027,0.158256
57820,0.035684,0.026968,0.173014
57830,0.021572,0.015672,0.098829
57840,0.033039,0.023944,0.193767
57850,0.028635,0.021665,0.149806
57860,0.041890,0.031185,0.162502
57870,0.013779,0.010465,0.117911
57880,0.035246,0.026804,0.163211
57890,0.026212,0.019981,0.134982
57900,0.030983,0.023282,0.145539
57910,0.007399,0.005620,0.034792
57920,0.000350,0.000236,0.073835
57930,0.036986,0.028100,0.166201
57940,0.018955,0.013836,0.122328
57950,0.021634,0.016213,0.128253
57960,0.045620,0.034951,0.179359
57970,0.009923,0.007729,0.056164
57980,0.054439,0.041183,0.213551
57990,0.043779,0.033864,0.183764
58000,0.013549,0.010055,0.113133
58010,0.012619,0.009718,0.107188
58020,0.027888,0.021164,0.132382
58030,0.038280,0.029345,0.142033
58040,0.023419,0.017556,0.128918
58050,0.032379,0.024151,0.153925
58060,0.027431,0.021034,0.132788
58070,0.019021,0.014524,0.135968
58080,0.011473,0.008625,0.061106
58090,0.020333,0.015427,0.127634
58100,0.012959,0.009629,0.106690
58110,0.027485,0.021043,0.137532
58120,0.047043,0.035679,0.189545
58130,0.023054,0.017221,0.123750
58140,0.052704,0.040540,0.187059
58150,0.028837,0.021646,0.127978
58160,0.045555,0.034223,0.195163
58170,0.014349,0.010659,0.084012
58180,0.016320,0.012149,0.122461
58190,0.008392,0.006484,0.112998
58200,0.024199,0.018190,0.136189
58210,0.004744,0.003648,0.102433
58220,0.025123,0.019107,0.129430
58230,0.025979,0.019757,0.182279
58240,0.022419,0.017292,0.139275
58250,0.011477,0.007982,0.068940
58260,0.017599,0.013027,0.122480
58270,0.025175,0.018628,0.132637
58280,0.020433,0.015281,0.133766
58290,0.000606,0.000620,0.657293
58300,0.037727,0.028350,0.169645
58310,0.038458,0.029124,0.153497
58320,0.033163,0.024481,0.162457
58330,0.020261,0.015170,0.125347
58340,0.031719,0.024027,0.148795
58350,0.023018,0.017151,0.105176
58360,0.012955,0.009775,0.104650
58370,0.020124,0.014980,0.126257
58380,0.027605,0.020695,0.145308
58390,0.034798,0.026308,0.140643
58400,0.012275,0.009179,0.084356
58410,0.027463,0.020877,0.172543
58420,0.047863,0.036241,0.191705
58430,0.024348,0.018344,0.154326
58440,0.039053,0.029343,0.169484
58450,0.009452,0.006958,0.088377
58460,0.007940,0.005709,0.111154
58470,0.020747,0.015813,0.101480
58480,0.021613,0.016799,0.136483
58490,0.017201,0.012840,0.115222
58500,0.024079,0.018523,0.124983
58510,0.040279,0.030402,0.182872
58520,0.035747,0.027000,0.166678
58530,0.025104,0.019136,0.136983
58540,0.025868,0.019402,0.151093
58550,0.017514,0.013020,0.088251
58560,0.034302,0.024070,0.162778
58570,0.030139,0.022480,0.136777
58580,0.032040,0.024256,0.153869
58590,0.027424,0.020649,0.115361
58600,0.026208,0.019752,0.139067
58610,0.017740,0.013107,0.135837
58620,0.001181,0.000765,0.630502
58630,0.037442,0.028241,0.152696
58640,0.031529,0.023862,0.144219
58650,0.018796,0.014122,0.124720
58660,0.022760,0.017286,0.135177
58670,0.042518,0.032494,0.180839
58680,0.022304,0.016687,0.137621
58690,0.009287,0.006837,0.126172
58700,0.048489,0.036412,0.197535
58710,0.032887,0.024754,0.162228
58720,0.039547,0.029975,0.167207
58730,0.000171,0.000105,0.135468
58740,0.004971,0.003670,0.096889
58750,0.031016,0.023356,0.155239
58760,0.032988,0.024860,0.160551
58770,0.043384,0.032737,0.182185
58780,0.028187,0.021330,0.151963
58790,0.027846,0.021051,0.136522
58800,0.024657,0.018508,0.116313
58810,0.011205,0.008276,0.099923
58820,0.003090,0.002727,0.029152
58830,0.014336,0.010801,0.107595
58840,0.003506,0.002651,0.079720
58850,0.037536,0.028245,0.170901
58860,0.001124,0.000845,0.008435
58870,0.020965,0.015671,0.137187
58880,0.023153,0.017166,0.135490
58890,0.027509,0.020818,0.141118
58900,0.017777,0.013234,0.096677
58910,0.030877,0.022807,0.154296
58920,0.011633,0.008595,0.066437
58930,0.024258,0.018055,0.130501
58940,0.017918,0.013282,0.096854
58950,0.027417,0.021264,0.137296
58960,0.014931,0.011153,0.119761
58970,0.028920,0.021865,0.151008
58980,0.028343,0.021264,0.129055
58990,0.015643,0.011711,0.094199
59000,0.022342,0.016709,0.119576
59010,0.005484,0.003955,0.087847
59020,0.029723,0.022512,0.146042
59030,0.030332,0.022831,0.155916
59040,0.037401,0.027906,0.168715
59050,0.013887,0.010648,0.116133
59060,0.031151,0.023678,0.151944
59070,0.015182,0.011657,0.100206
59080,0.015623,0.011843,0.113640
59090,0.005885,0.004216,0.110275
59100,0.021307,0.016161,0.110945
59110,0.018546,0.014527,0.093471
59120,0.019398,0.014474,0.125494
59130,0.041657,0.031741,0.173013
59140,0.014537,0.010690,0.119665
59150,0.013865,0.010293,0.112433
59160,0.029784,0.031075,0.148484
59170,0.033224,0.024493,0.153581
59180,0.022975,0.017156,0.130990
59190,0.031581,0.023883,0.150453
59200,0.045066,0.033146,0.187927
59210,0.034480,0.026117,0.149683
59220,0.029230,0.021634,0.133122
59230,0.030029,0.022723,0.142170
59240,0.024043,0.017800,0.133449
59250,0.011542,0.008582,0.109727
59260,0.029547,0.021398,0.168938
59270,0.024072,0.018334,0.117145
59280,0.025372,0.019296,0.142103
59290,0.024429,0.018380,0.152344
59300,0.033301,0.025431,0.156450
59310,0.018828,0.014130,0.087384
59320,0.018545,0.013994,0.100490
59330,0.029782,0.022400,0.146988
59340,0.014066,0.010443,0.126294
59350,0.021103,0.015671,0.127017
59360,0.026035,0.019948,0.134751
59370,0.002134,0.001914,0.237267
59380,0.009256,0.007067,0.107916
59390,0.014266,0.010710,0.108046
59400,0.012862,0.009414,0.110705
59410,0.037526,0.028401,0.166643
59420,0.041858,0.032176,0.170460
59430,0.022139,0.016635,0.116565
59440,0.036283,0.027680,0.130957
59450,0.028064,0.021326,0.147879
59460,0.034638,0.027484,0.150859
59470,0.029744,0.022436,0.140121
59480,0.027874,0.020729,0.145640
59490,0.026164,0.019833,0.124611
59500,0.016714,0.012694,0.091047
59510,0.031610,0.023334,0.156550
59520,0.020105,0.014707,0.146540
59530,0.053179,0.040142,0.203803
59540,0.030242,0.022458,0.150361
59550,0.026061,0.019650,0.137513
59560,0.041809,0.031718,0.177510
59570,0.012498,0.009298,0.102258
59580,0.029555,0.022376,0.143371
59590,0.025873,0.019381,0.145791
59600,0.006033,0.004576,0.106882
59610,0.019346,0.014609,0.130700
59620,0.009957,0.007312,0.110112
59630,0.002952,0.002123,0.096951
59640,0.024117,0.018148,0.114481
59650,0.039961,0.030326,0.163807
59660,0.016124,0.012227,0.099587
59670,0.030381,0.022976,0.147020
59680,0.029238,0.022096,0.144205
59690,0.065727,0.049759,0.224612
59700,0.033214,0.025233,0.154155
59710,0.029691,0.022497,0.149874
59720,0.004264,0.003153,0.091816
59730,0.026422,0.019638,0.160376
59740,0.020451,0.015358,0.121053
59750,0.030020,0.022793,0.139331
59760,0.043957,0.033578,0.195947
59770,0.025978,0.019598,0.134851
59780,0.013230,0.010041,0.111314
59790,0.023997,0.019755,0.152926
59800,0.025980,0.019434,0.138183
59810,0.021250,0.015797,0.138801
59820,0.034794,0.025959,0.156009
59830,0.058630,0.043831,0.212000
59840,0.030350,0.024687,0.147595
59850,0.003067,0.002327,0.087337
59860,0.008543,0.007978,0.104046
59870,0.025491,0.019359,0.134986
59880,0.026171,0.020105,0.141608
59890,0.002365,0.001900,0.015172
59900,0.022078,0.016494,0.145322
59910,0.041883,0.031818,0.157730
59920,0.016442,0.012183,0.124179
59930,0.034107,0.025641,0.131198
59940,0.021317,0.016781,0.152345
59950,0.029339,0.022115,0.141358
59960,0.058681,0.044465,0.215121
59970,0.066297,0.050854,0.237674
59980,0.046343,0.034737,0.177210
59990,0.027055,0.020306,0.134003
60000,0.015759,0.011581,0.119974
60010,0.014698,0.010977,0.109066
60020,0.053004,0.040048,0.190978
60030,0.000008,0.000005,0.000022
60040,0.029695,0.022279,0.147879
60050,0.002679,0.001847,0.084172
60060,0.015285,0.011878,0.071667
60070,0.018782,0.014005,0.081462
60080,0.018786,0.014284,0.105122
60090,0.019006,0.014146,0.127375
60100,0.010284,0.007351,0.126099
60110,0.010132,0.007844,0.074345
60120,0.021019,0.015353,0.105555
60130,0.022422,0.017170,0.125168
60140,0.033498,0.025224,0.159155
60150,0.007647,0.005916,0.104199
60160,0.028204,0.021351,0.142166
60170,0.030358,0.022779,0.153039
60180,0.026078,0.019632,0.155582
60190,0.031544,0.024049,0.158313
60200,0.034755,0.026191,0.149278
60210,0.031397,0.023425,0.164897
60220,0.017092,0.012829,0.104502
60230,0.006578,0.005005,0.119680
60240,0.037878,0.027470,0.180812
60250,0.021388,0.016152,0.125181
60260,0.017393,0.012652,0.130071
60270,0.024644,0.018680,0.123556
60280,0.023300,0.017521,0.141421
60290,0.024184,0.018253,0.147782
60300,0.035632,0.026897,0.140693
60310,0.047828,0.035561,0.190734
60320,0.020777,0.015234,0.108631
60330,0.012873,0.009633,0.074035
60340,0.035829,0.026643,0.200523
60350,0.037057,0.027976,0.150832
60360,0.014757,0.010965,0.112277
60370,0.010084,0.007618,0.080724
60380,0.014105,0.010273,0.113518
60390,0.018459,0.014162,0.131445
60400,0.028399,0.021097,0.148664
60410,0.012466,0.009131,0.082408
60420,0.032447,0.024500,0.151285
60430,0.036119,0.027279,0.158071
60440,0.038185,0.029304,0.148831
60450,0.002174,0.001612,0.026239
60460,0.028909,0.022140,0.148693
60470,0.014923,0.011295,0.090982
60480,0.023248,0.017549,0.133391
60490,0.048808,0.036897,0.174297
60500,0.013930,0.010399,0.120605
60510,0.028142,0.021079,0.155139
60520,0.028809,0.021729,0.133933
60530,0.026203,0.019326,0.128525
60540,0.040346,0.030517,0.173461
60550,0.034773,0.026362,0.161160
60560,0.041977,0.031277,0.181197
60570,0.042626,0.032257,0.179249
60580,0.023049,0.017100,0.137115
60590,0.029887,0.022484,0.152407
60600,0.002812,0.002120,0.070419
60610,0.019381,0.014452,0.093338
60620,0.040255,0.030606,0.162546
60630,0.034630,0.025613,0.168851
60640,0.038264,0.028808,0.174094
60650,0.021115,0.015734,0.115932
60660,0.027219,0.020589,0.149864
60670,0.027834,0.020947,0.111120
60680,0.021114,0.015697,0.132915
60690,0.006400,0.004780,0.063023
60700,0.023156,0.017265,0.136377
60710,0.020680,0.015243,0.119813
60720,0.037848,0.027699,0.169344
60730,0.006213,0.004603,0.103448
60740,0.022791,0.017266,0.143084
60750,0.024417,0.018017,0.135544
60760,0.033697,0.025119,0.160907
60770,0.030380,0.022927,0.147851
60780,0.010539,0.007645,0.092108
60790,0.037147,0.028290,0.159731
60800,0.021996,0.017307,0.096786
60810,0.031634,0.023872,0.139171
60820,0.023581,0.017852,0.141494
60830,0.038481,0.029203,0.167789
60840,0.039230,0.029768,0.185522
60850,0.010826,0.008578,0.074384
60860,0.021227,0.016041,0.135939
60870,0.009146,0.007541,0.158514
60880,0.005936,0.004371,0.093647
60890,0.063744,0.048095,0.229951
60900,0.036985,0.028243,0.155728
60910,0.052376,0.039646,0.198503
60920,0.019267,0.014753,0.128822
60930,0.038832,0.029016,0.190753
60940,0.021663,0.016049,0.147511
60950,0.043288,0.032838,0.191544
60960,0.015890,0.012143,0.122631
60970,0.014595,0.010591,0.108799
60980,0.006277,0.005279,0.045609
60990,0.031184,0.023020,0.147498
61000,0.057365,0.043445,0.215860
61010,0.058394,0.046602,0.224830
61020,0.034610,0.026029,0.161330
61030,0.012720,0.010066,0.112453
61040,0.007025,0.004977,0.116979
61050,0.041684,0.031901,0.187667
61060,0.052270,0.038978,0.193166
61070,0.045042,0.033543,0.191415
61080,0.026812,0.020236,0.122180
61090,0.022908,0.017354,0.105480
61100,0.013452,0.010093,0.120868
61110,0.014664,0.011193,0.086184
61120,0.007103,0.004948,0.056098
61130,0.053394,0.040277,0.204867
61140,0.000210,0.000202,0.547993
61150,0.026666,0.020031,0.143117
61160,0.001884,0.001387,0.128627
61170,0.033143,0.025273,0.158930
61180,0.036273,0.027309,0.150462
61190,0.007810,0.005774,0.045054
61200,0.027022,0.020406,0.129288
61210,0.030577,0.023245,0.144394
61220,0.024678,0.018788,0.136493
61230,0.013269,0.009777,0.064919
61240,0.015830,0.011651,0.112749
61250,0.018478,0.013753,0.128717
61260,0.019936,0.014979,0.132063
61270,0.027748,0.020804,0.126298
61280,0.027132,0.020286,0.138710
61290,0.020566,0.015556,0.116667
61300,0.000198,0.000157,0.113750
61310,0.025226,0.019163,0.111475
61320,0.029092,0.021853,0.141967
61330,0.031921,0.024994,0.172360
61340,0.022489,0.016782,0.136913
61350,0.027341,0.020758,0.119498
61360,0.021209,0.015877,0.117948
61370,0.020891,0.015553,0.126283
61380,0.020247,0.015419,0.107363
61390,0.016079,0.012008,0.091410
61400,0.021477,0.016262,0.128151
61410,0.011333,0.008220,0.128112
61420,0.008965,0.006759,0.066194
61430,0.012558,0.009179,0.110965
61440,0.022928,0.017388,0.126634
61450,0.041889,0.031840,0.171298
61460,0.028032,0.021321,0.150501
61470,0.024472,0.018449,0.138304
61480,0.037515,0.028540,0.149509
61490,0.048482,0.036779,0.187695
61500,0.028395,0.021351,0.134276
61510,0.032352,0.024519,0.132242
61520,0.019924,0.014942,0.121416
61530,0.036050,0.026999,0.170760
61540,0.034424,0.025884,0.159604
61550,0.032917,0.024791,0.150227
61560,0.030840,0.024031,0.138899
61570,0.020607,0.015438,0.125870
61580,0.012216,0.009058,0.105005
61590,0.007165,0.006580,0.040121
61600,0.012514,0.009262,0.110950
61610,0.018792,0.014392,0.078442
61620,0.021680,0.016262,0.149610
61630,0.020189,0.015034,0.131533
61640,0.049801,0.037705,0.197112
61650,0.022442,0.016768,0.124843
61660,0.015382,0.011481,0.113807
61670,0.002822,0.002141,0.286484
61680,0.005988,0.004361,0.046367
61690,0.007779,0.005807,0.079819
61700,0.026332,0.019689,0.147401
61710,0.034250,0.025836,0.160038
61720,0.024379,0.018187,0.126711
61730,0.027979,0.020958,0.145969
61740,0.015109,0.011498,0.102996
61750,0.052929,0.040374,0.202070
61760,0.026482,0.019888,0.130069
61770,0.018763,0.013688,0.122935
61780,0.028046,0.021063,0.146754
61790,0.022232,0.016698,0.135192
61800,0.028032,0.021357,0.154489
61810,0.029694,0.022562,0.147051
61820,0.036156,0.027553,0.165728
61830,0.043084,0.032372,0.187672
61840,0.032097,0.023753,0.166424
61850,0.020315,0.015232,0.115154
61860,0.039020,0.029223,0.170512
61870,0.005906,0.004526,0.112818
61880,0.025982,0.019391,0.131010
61890,0.023535,0.018002,0.114479
61900,0.001277,0.000999,0.108619
61910,0.024988,0.019007,0.116539
61920,0.034893,0.026563,0.161369
61930,0.029091,0.021962,0.151112
61940,0.018561,0.013961,0.115954
61950,0.032422,0.024388,0.149016
61960,0.041314,0.031184,0.156888
61970,0.026452,0.019371,0.138105
61980,0.031865,0.024010,0.166533
61990,0.008080,0.007777,0.066931
62000,0.020357,0.015316,0.137533
62010,0.052929,0.039758,0.210388
62020,0.029463,0.022020,0.154173
62030,0.011187,0.008345,0.106230
62040,0.025925,0.019553,0.134597
62050,0.005687,0.004317,0.109686
62060,0.001260,0.000956,0.092728
62070,0.032347,0.024291,0.156810
62080,0.037155,0.028076,0.162700
62090,0.028865,0.021999,0.170133
62100,0.022209,0.016816,0.119829
62110,0.026233,0.019552,0.134659
62120,0.023542,0.017505,0.127200
62130,0.010910,0.011076,0.129004
62140,0.037209,0.028815,0.150878
62150,0.015900,0.011874,0.135965
62160,0.021062,0.015770,0.140234
62170,0.043789,0.032731,0.188854
62180,0.032455,0.024321,0.155435
62190,0.027645,0.020750,0.134517
62200,0.028375,0.021491,0.114421
62210,0.021148,0.016125,0.098281
62220,0.006244,0.002953,0.648917
62230,0.055469,0.041808,0.206930
62240,0.013432,0.009889,0.112455
62250,0.022399,0.017009,0.126052
62260,0.029248,0.021902,0.146287
62270,0.023500,0.017610,0.130068
62280,0.036979,0.027833,0.144768
62290,0.061126,0.046277,0.219111
62300,0.020588,0.015513,0.100790
62310,0.013127,0.009899,0.106751
62320,0.017764,0.013206,0.097372
62330,0.010592,0.007948,0.121307
62340,0.018439,0.013850,0.118258
62350,0.015802,0.012205,0.095074
62360,0.028660,0.020992,0.154723
62370,0.012168,0.008957,0.105845
62380,0.017293,0.013149,0.121806
62390,0.017661,0.013257,0.111969
62400,0.028554,0.021345,0.150777
62410,0.037859,0.028354,0.169858
62420,0.026904,0.020046,0.144686
62430,0.043928,0.033071,0.177857
62440,0.026481,0.019760,0.112919
62450,0.015812,0.011625,0.115687
62460,0.029350,0.021824,0.146287
62470,0.022418,0.017086,0.109097
62480,0.021040,0.015619,0.128894
62490,0.010975,0.008296,0.085153
62500,0.042633,0.032003,0.175002
62510,0.012326,0.009233,0.120529
62520,0.029828,0.022620,0.133965
62530,0.034787,0.026828,0.148809
62540,0.019619,0.014725,0.121633
62550,0.037513,0.028700,0.185047
62560,0.047704,0.034918,0.216597
62570,0.018605,0.013850,0.134631
62580,0.014359,0.011545,0.114891
62590,0.023186,0.017655,0.133546
62600,0.011507,0.008438,0.072702
62610,0.034723,0.026120,0.160980
62620,0.013447,0.010197,0.075454
62630,0.019906,0.014515,0.148827
62640,0.001868,0.001405,0.215881
62650,0.028723,0.021818,0.154327
62660,0.030815,0.023108,0.150831
62670,0.041480,0.031349,0.174364
62680,0.039065,0.029575,0.169640
62690,0.036766,0.027285,0.168399
62700,0.021906,0.016657,0.130671
62710,0.011266,0.008308,0.092515
62720,0.023348,0.017674,0.129126
62730,0.033805,0.025727,0.164411
62740,0.000276,0.000236,0.305177
62750,0.023718,0.018687,0.153429
62760,0.019751,0.015263,0.099745
62770,0.019181,0.014114,0.136124
62780,0.029768,0.022374,0.151197
62790,0.026181,0.020080,0.123466
62800,0.029489,0.022078,0.137253
62810,0.029928,0.022523,0.151884
62820,0.029844,0.024126,0.177415
62830,0.033155,0.025187,0.149787
62840,0.028343,0.021296,0.158287
62850,0.013685,0.010195,0.110828
62860,0.032501,0.024669,0.155488
62870,0.030130,0.022805,0.144877
62880,0.030038,0.021925,0.198500
62890,0.031270,0.023582,0.152042
62900,0.057541,0.055790,0.298080
62910,0.017124,0.012763,0.100823
62920,0.015898,0.011797,0.118503
62930,0.033793,0.025567,0.167799
62940,0.018435,0.013831,0.117136
62950,0.005818,0.004457,0.045292
62960,0.029921,0.022352,0.151857
62970,0.042229,0.032095,0.182894
62980,0.055465,0.042199,0.205873
62990,0.039322,0.029909,0.150144
63000,0.017052,0.012746,0.090708
63010,0.056782,0.043398,0.207781
63020,0.050597,0.038182,0.203801
63030,0.010638,0.007670,0.138351
63040,0.014886,0.011388,0.069421
63050,0.023659,0.017187,0.106842
63060,0.026934,0.020369,0.134548
63070,0.026316,0.020052,0.132184
63080,0.050602,0.038075,0.198249
63090,0.039985,0.030311,0.151991
63100,0.034988,0.026651,0.141495
63110,0.025985,0.019666,0.147097
63120,0.022460,0.016091,0.143334
63130,0.027811,0.021650,0.119712
63140,0.013281,0.009973,0.070613
63150,0.024419,0.018314,0.123873
63160,0.029671,0.022627,0.136339
63170,0.010934,0.008136,0.100877
63180,0.003782,0.002724,0.113184
63190,0.031008,0.023508,0.144280
63200,0.022224,0.016877,0.128034
63210,0.016636,0.012344,0.093251
63220,0.002333,0.001713,0.068310
63230,0.041474,0.031423,0.171386
63240,0.025618,0.018641,0.149218
63250,0.014370,0.010378,0.209979
63260,0.013589,0.009974,0.138027
63270,0.035975,0.027047,0.159762
63280,0.025541,0.019483,0.121392
63290,0.023520,0.017498,0.140419
63300,0.024637,0.018605,0.143802
63310,0.011392,0.008567,0.139972
63320,0.046919,0.035744,0.174523
63330,0.035133,0.026581,0.159597
63340,0.014463,0.010752,0.107497
63350,0.016572,0.012320,0.112254
63360,0.022959,0.017648,0.124722
63370,0.007940,0.005592,0.100940
63380,0.014809,0.011050,0.091331
63390,0.021706,0.016459,0.132267
63400,0.023210,0.017674,0.104913
63410,0.037306,0.027895,0.154459
63420,0.032689,0.024398,0.136815
63430,0.049914,0.037743,0.196102
63440,0.025256,0.019234,0.143870
63450,0.025182,0.018993,0.141415
63460,0.029952,0.022723,0.157724
63470,0.039613,0.029913,0.152951
63480,0.011598,0.008444,0.116511
63490,0.013045,0.009749,0.103631
63500,0.024959,0.018774,0.126065
63510,0.018026,0.013464,0.115957
63520,0.029905,0.022627,0.158476
63530,0.048862,0.037047,0.179261
63540,0.017984,0.013567,0.104714
63550,0.039001,0.029486,0.161683
63560,0.036167,0.026409,0.163233
63570,0.014318,0.010579,0.104182
63580,0.021836,0.016407,0.134270
63590,0.032141,0.024341,0.148058
63600,0.015803,0.011749,0.133093
63610,0.023122,0.017783,0.140333
63620,0.023139,0.016862,0.103384
63630,0.001799,0.001437,0.066311
63640,0.011574,0.008534,0.098874
63650,0.025912,0.019307,0.138823
63660,0.013434,0.010297,0.134316
63670,0.011472,0.009095,0.136973
63680,0.035537,0.026707,0.161231
63690,0.043449,0.032816,0.180333
63700,0.018453,0.013886,0.122300
63710,0.034457,0.026122,0.153504
63720,0.018060,0.013605,0.133371
63730,0.011866,0.008713,0.121381
63740,0.035320,0.026388,0.162374
63750,0.013224,0.010054,0.070780
63760,0.024231,0.018125,0.137893
63770,0.028743,0.021593,0.145542
63780,0.028534,0.021430,0.142231
63790,0.040829,0.030861,0.152714
63800,0.025404,0.018892,0.141011
63810,0.036359,0.027423,0.170515
63820,0.014651,0.010856,0.113298
63830,0.028501,0.021535,0.119292
63840,0.040765,0.030936,0.159503
63850,0.038318,0.029031,0.157785
63860,0.016106,0.011825,0.123239
63870,0.044666,0.033450,0.189087
63880,0.020851,0.015759,0.122688
63890,0.019917,0.015143,0.093447
63900,0.031455,0.023811,0.150256
63910,0.040233,0.028132,0.187209
63920,0.025923,0.019647,0.139257
63930,0.043227,0.032614,0.173388
63940,0.021261,0.015927,0.127380
63950,0.020212,0.015254,0.126811
63960,0.034398,0.026227,0.152117
63970,0.016367,0.012214,0.125518
63980,0.017463,0.013150,0.109779
63990,0.034454,0.025801,0.154431
64000,0.042256,0.031949,0.186989
64010,0.036318,0.028099,0.167746
64020,0.031513,0.023929,0.163136
64030,0.035957,0.027134,0.161369
64040,0.027263,0.020769,0.143298
64050,0.023642,0.017728,0.125051
64060,0.020513,0.015385,0.128817
64070,0.033863,0.025677,0.164370
64080,0.020274,0.015466,0.118304
64090,0.010865,0.007975,0.105746
64100,0.010889,0.008304,0.082481
64110,0.074079,0.055256,0.240227
64120,0.035420,0.027149,0.163984
64130,0.022760,0.017895,0.119219
64140,0.028398,0.021868,0.134895
64150,0.016295,0.012191,0.092185
64160,0.022969,0.017422,0.134470
64170,0.042565,0.032756,0.187569
64180,0.018412,0.013845,0.110218
64190,0.032239,0.024158,0.158219
64200,0.015546,0.011598,0.110709
64210,0.013982,0.010513,0.128550
64220,0.018360,0.013147,0.106526
64230,0.049616,0.037424,0.196630
64240,0.011293,0.008217,0.096288
64250,0.033078,0.024596,0.165045
64260,0.034079,0.025875,0.161420
64270,0.011355,0.008346,0.059931
64280,0.029799,0.022470,0.145413
64290,0.040162,0.030475,0.166355
64300,0.008487,0.006100,0.062957
64310,0.030164,0.022446,0.153287
64320,0.031942,0.024031,0.153641
64330,0.006566,0.004838,0.125194
64340,0.017974,0.013867,0.119124
64350,0.018984,0.014247,0.125892
64360,0.016074,0.012000,0.111241
64370,0.031286,0.023819,0.150383
64380,0.025049,0.018855,0.135688
64390,0.017871,0.013439,0.087289
64400,0.029553,0.022450,0.144739
64410,0.042248,0.032279,0.174249
64420,0.033805,0.025824,0.153702
64430,0.003200,0.002893,0.191606
64440,0.027886,0.020751,0.145733
64450,0.015703,0.011902,0.083949
64460,0.032432,0.025069,0.145231
64470,0.021220,0.015886,0.084771
64480,0.023553,0.017820,0.104178
64490,0.021216,0.015812,0.127561
64500,0.034317,0.025802,0.158842
64510,0.020604,0.016043,0.124964
64520,0.010820,0.008625,0.086305
64530,0.003419,0.002320,0.193880
64540,0.016195,0.012223,0.117136
64550,0.012711,0.009682,0.115749
64560,0.015467,0.011721,0.117932
64570,0.020941,0.015773,0.131351
64580,0.024539,0.017908,0.156833
64590,0.009305,0.006929,0.085643
64600,0.001542,0.001677,0.212346
64610,0.015720,0.011399,0.107063
64620,0.017695,0.013301,0.120686
64630,0.024249,0.018131,0.130958
64640,0.021644,0.016746,0.097243
64650,0.012328,0.009174,0.105890
64660,0.018135,0.014111,0.124764
64670,0.013614,0.009915,0.126253
64680,0.017462,0.012960,0.137773
64690,0.034586,0.026077,0.156543
64700,0.036142,0.027200,0.155949
64710,0.013773,0.010218,0.105036
64720,0.020096,0.014887,0.124904
64730,0.019097,0.014373,0.094098
64740,0.008322,0.005948,0.124494
64750,0.027943,0.021255,0.140235
64760,0.034653,0.026294,0.133422
64770,0.017753,0.013548,0.136027
64780,0.010337,0.007658,0.097745
64790,0.041346,0.032071,0.178588
64800,0.022792,0.017043,0.138140
64810,0.018260,0.013867,0.113518
64820,0.016697,0.012986,0.128808
64830,0.012742,0.009399,0.106040
64840,0.017085,0.012936,0.078259
64850,0.027723,0.021143,0.151841
64860,0.015317,0.011394,0.125937
64870,0.026912,0.019890,0.154183
64880,0.060810,0.045940,0.215297
64890,0.039848,0.030071,0.169923
64900,0.042160,0.032492,0.169210
64910,0.049946,0.037700,0.195954
64920,0.026471,0.019613,0.151401
64930,0.015648,0.012395,0.116940
64940,0.022958,0.017365,0.144677
64950,0.038866,0.029078,0.170137
64960,0.013665,0.010097,0.102434
64970,0.028455,0.019989,0.190396
64980,0.042251,0.031638,0.173809
64990,0.052942,0.040129,0.191665
65000,0.023230,0.018005,0.096993
65010,0.027803,0.020948,0.127393
65020,0.037006,0.029617,0.169405
65030,0.052219,0.039140,0.203861
65040,0.035761,0.027079,0.154723
65050,0.027423,0.020444,0.140514
65060,0.038430,0.029175,0.166099
65070,0.035707,0.026998,0.161380
65080,0.024811,0.018642,0.134293
65090,0.015701,0.012089,0.092300
65100,0.010269,0.007941,0.064851
65110,0.019189,0.014129,0.124593
65120,0.027817,0.021071,0.166239
65130,0.017945,0.013223,0.111966
65140,0.037421,0.028037,0.157257
65150,0.017821,0.013311,0.109038
65160,0.006138,0.004375,0.082031
65170,0.025189,0.018757,0.139049
65180,0.018602,0.013849,0.112376
65190,0.021696,0.016790,0.094222
65200,0.013253,0.009804,0.128944
65210,0.029906,0.022798,0.138088
65220,0.027850,0.020986,0.147599
65230,0.027826,0.020842,0.153714
65240,0.024495,0.018262,0.111528
65250,0.042874,0.032353,0.189591
65260,0.011612,0.008552,0.103401
65270,0.017590,0.012837,0.118723
65280,0.018947,0.014131,0.125259
65290,0.014365,0.010951,0.070493
65300,0.028318,0.021396,0.136667
65310,0.022282,0.016859,0.131067
65320,0.020937,0.016466,0.135025
65330,0.016800,0.012551,0.079502
65340,0.014645,0.010721,0.092138
65350,0.052734,0.040287,0.200571
65360,0.026026,0.019463,0.135976
65370,0.011164,0.008459,0.090845
65380,0.013648,0.010189,0.120323
65390,0.019988,0.015109,0.096521
65400,0.071885,0.054167,0.243579
65410,0.008231,0.006043,0.141609
65420,0.014651,0.011078,0.085056
65430,0.035380,0.026576,0.164926
65440,0.023281,0.017304,0.131280
65450,0.038042,0.028772,0.171892
65460,0.013923,0.010440,0.103859
65470,0.016028,0.011810,0.127430
65480,0.002108,0.002000,0.122139
65490,0.025507,0.018767,0.136607
65500,0.004628,0.003347,0.093735
65510,0.023648,0.018043,0.127532
65520,0.017243,0.013129,0.114501
65530,0.022925,0.016831,0.131236
65540,0.025490,0.019456,0.143868
65550,0.058318,0.043969,0.212277
65560,0.014517,0.010680,0.141042
65570,0.017204,0.012790,0.126075
65580,0.033596,0.025126,0.158979
65590,0.016653,0.012260,0.129901
65600,0.011188,0.008301,0.117896
65610,0.033952,0.025488,0.158039
65620,0.019925,0.015243,0.127046
65630,0.055607,0.044266,0.198874
65640,0.018090,0.013555,0.116326
65650,0.027420,0.019615,0.181526
65660,0.037935,0.028735,0.173326
65670,0.024749,0.018483,0.132693
65680,0.012293,0.009375,0.119192
65690,0.026685,0.019982,0.139688
65700,0.012224,0.009085,0.107500
65710,0.026151,0.019479,0.140297
65720,0.029877,0.022425,0.146988
65730,0.020458,0.014860,0.126654
65740,0.020265,0.014802,0.124794
65750,0.021065,0.015712,0.115941
65760,0.029035,0.022337,0.142299
65770,0.023674,0.017625,0.124232
65780,0.003073,0.002295,0.093895
65790,0.019551,0.014501,0.133359
65800,0.033627,0.025063,0.158721
65810,0.015915,0.011973,0.111516
65820,0.021638,0.016227,0.132352
65830,0.059804,0.044991,0.216634
65840,0.027175,0.019999,0.152588
65850,0.032041,0.024193,0.152471
65860,0.022333,0.016563,0.128422
65870,0.014140,0.010776,0.060584
65880,0.030672,0.023017,0.141190
65890,0.011751,0.008857,0.109517
65900,0.009823,0.007143,0.100937
65910,0.038278,0.029860,0.166847
65920,0.025698,0.019554,0.129056
65930,0.021856,0.016805,0.096476
65940,0.034306,0.026294,0.136161
65950,0.019835,0.014781,0.117783
65960,0.049944,0.038200,0.182445
65970,0.011617,0.008618,0.099997
65980,0.038656,0.028966,0.170255
65990,0.057458,0.044892,0.221272
66000,0.004340,0.003230,0.174165
66010,0.017043,0.012798,0.106701
66020,0.009307,0.006921,0.086382
66030,0.032688,0.023840,0.166912
66040,0.009747,0.007298,0.083841
66050,0.022225,0.016873,0.099885
66060,0.022574,0.016835,0.131075
66070,0.049982,0.037969,0.179320
66080,0.015055,0.011061,0.108535
66090,0.029946,0.022229,0.162047
66100,0.026613,0.020559,0.143412
66110,0.027337,0.020633,0.149205
66120,0.021845,0.016429,0.133896
66130,0.021270,0.015951,0.121319
66140,0.033479,0.025624,0.144415
66150,0.037730,0.028390,0.166715
66160,0.031543,0.025052,0.166034
66170,0.002170,0.001555,0.076037
66180,0.034978,0.026540,0.163813
66190,0.039336,0.029719,0.151502
66200,0.048741,0.037191,0.196781
66210,0.017193,0.012746,0.107133
66220,0.013629,0.010440,0.108139
66230,0.012223,0.009138,0.079327
66240,0.029313,0.022330,0.146464
66250,0.025303,0.019236,0.133299
66260,0.033129,0.024959,0.137477
66270,0.019497,0.014267,0.129954
66280,0.019711,0.014875,0.118854
66290,0.054977,0.041708,0.183959
66300,0.046043,0.034752,0.183042
66310,0.042307,0.032122,0.178541
66320,0.036209,0.027769,0.153025
66330,0.038206,0.028823,0.147193
66340,0.018096,0.013356,0.123129
66350,0.018957,0.013931,0.118327
66360,0.016308,0.012116,0.119809
66370,0.016377,0.012196,0.113392
66380,0.009906,0.007646,0.115217
66390,0.025709,0.019438,0.106327
66400,0.015516,0.011597,0.112207
66410,0.000016,0.000028,0.000072
66420,0.032301,0.024345,0.151932
66430,0.027703,0.021894,0.150975
66440,0.021309,0.016109,0.145116
66450,0.038562,0.029244,0.153190
66460,0.032040,0.024602,0.148608
66470,0.015365,0.011541,0.104390
66480,0.024437,0.018578,0.139651
66490,0.043191,0.032433,0.177696
66500,0.012955,0.009476,0.115838
66510,0.017281,0.013053,0.111373
66520,0.014293,0.010549,0.125159
66530,0.014576,0.010673,0.095178
66540,0.018933,0.014009,0.120332
66550,0.023352,0.017644,0.133944
66560,0.033824,0.025586,0.157234
66570,0.033782,0.025398,0.143806
66580,0.034699,0.026703,0.158485
66590,0.028364,0.021318,0.128161
66600,0.039686,0.030189,0.163990
66610,0.012875,0.009640,0.069917
66620,0.024997,0.018728,0.152181
66630,0.049170,0.037527,0.179840
66640,0.039869,0.030216,0.164677
66650,0.040999,0.031168,0.168401
66660,0.035190,0.026511,0.154742
66670,0.018044,0.014138,0.124837
66680,0.052035,0.039261,0.186041
66690,0.034215,0.026097,0.145332
66700,0.025774,0.019515,0.137013
66710,0.023201,0.017415,0.128202
66720,0.022977,0.017167,0.132102
66730,0.033092,0.025094,0.157508
66740,0.035975,0.027669,0.163272
66750,0.024686,0.018852,0.138492
66760,0.009286,0.007042,0.084023
66770,0.005460,0.003918,0.114005
66780,0.014693,0.010630,0.109526
66790,0.026206,0.019417,0.148362
66800,0.042446,0.032327,0.187384
66810,0.009467,0.007114,0.126264
66820,0.015925,0.011935,0.121753
66830,0.021027,0.015831,0.114329
66840,0.012642,0.009534,0.105321
66850,0.033027,0.024774,0.157348
66860,0.032298,0.024552,0.139948
66870,0.028666,0.021501,0.153986
66880,0.011621,0.008734,0.095986
66890,0.027437,0.021168,0.145707
66900,0.031630,0.024010,0.138681
66910,0.049689,0.037697,0.189364
66920,0.034065,0.026111,0.147174
66930,0.030010,0.022853,0.152784
66940,0.024602,0.018697,0.101380
66950,0.028229,0.021214,0.141957
66960,0.020975,0.015453,0.131689
66970,0.035146,0.026448,0.162541
66980,0.032193,0.023882,0.158976
66990,0.035473,0.026636,0.148020
67000,0.015595,0.011699,0.070654
67010,0.019515,0.014639,0.128372
67020,0.012324,0.009195,0.101249
67030,0.019097,0.016622,0.102974
67040,0.040044,0.030195,0.171712
67050,0.009568,0.007073,0.095214
67060,0.019657,0.014995,0.110191
67070,0.041265,0.031202,0.170201
67080,0.016362,0.012085,0.133211
67090,0.010739,0.007939,0.108451
67100,0.023653,0.018475,0.127461
67110,0.018306,0.014868,0.099929
67120,0.012312,0.008960,0.108074
67130,0.009595,0.007250,0.071808
67140,0.028689,0.021583,0.136979
67150,0.020464,0.015475,0.084422
67160,0.010184,0.007631,0.088541
67170,0.025849,0.019133,0.116808
67180,0.026003,0.019638,0.140283
67190,0.048696,0.036702,0.194016
67200,0.017860,0.013281,0.118842
67210,0.034969,0.025881,0.165183
67220,0.042358,0.031732,0.171945
67230,0.030898,0.023309,0.155868
67240,0.016522,0.012142,0.102405
67250,0.016189,0.012256,0.089266
67260,0.015325,0.011203,0.066359
67270,0.020899,0.015664,0.125763
67280,0.008855,0.006648,0.148043
67290,0.011205,0.008260,0.099005
67300,0.021316,0.016171,0.126035
67310,0.042361,0.031220,0.179817
67320,0.044628,0.033651,0.180807
67330,0.027427,0.020367,0.152305
67340,0.016625,0.012460,0.128929
67350,0.019410,0.014363,0.117125
67360,0.018114,0.013655,0.106300
67370,0.032635,0.024668,0.156212
67380,0.047663,0.036252,0.186242
67390,0.039326,0.030020,0.184980
67400,0.010190,0.007716,0.085974
67410,0.020894,0.016091,0.123194
67420,0.010180,0.007603,0.095276
67430,0.006711,0.004877,0.224986
67440,0.018737,0.014071,0.109946
67450,0.030960,0.023291,0.153056
67460,0.014591,0.011066,0.112368
67470,0.036946,0.028116,0.166738
67480,0.017537,0.013329,0.085533
67490,0.043437,0.033285,0.184618
67500,0.028641,0.021651,0.141130
67510,0.004558,0.003290,0.119850
67520,0.000260,0.001026,0.651129
67530,0.014715,0.010920,0.112205
67540,0.017428,0.013099,0.124676
67550,0.032701,0.024973,0.160530
67560,0.007132,0.005467,0.063179
67570,0.046837,0.035220,0.186018
67580,0.007609,0.005957,0.087371
67590,0.013923,0.010331,0.124455
67600,0.035776,0.026752,0.154303
67610,0.000004,0.000004,0.000014
67620,0.024426,0.018565,0.105640
67630,0.016401,0.012602,0.096092
67640,0.051834,0.039380,0.197216
67650,0.043449,0.032754,0.168972
67660,0.013453,0.010295,0.095059
67670,0.027528,0.020900,0.145246
67680,0.018365,0.013849,0.117086
67690,0.011498,0.008517,0.097320
67700,0.031135,0.022357,0.160228
67710,0.042789,0.032463,0.177752
67720,0.026451,0.019840,0.146156
67730,0.003827,0.002873,0.091913
67740,0.036161,0.027272,0.162155
67750,0.039408,0.029769,0.163168
67760,0.030219,0.022514,0.142525
67770,0.051159,0.034918,0.169234
67780,0.001031,0.000766,0.150339
67790,0.041268,0.031308,0.167282
67800,0.013046,0.009995,0.109458
67810,0.022577,0.017101,0.127310
67820,0.026736,0.020167,0.172085
67830,0.038960,0.030364,0.183603
67840,0.019000,0.014213,0.130851
67850,0.044784,0.033581,0.189684
67860,0.005845,0.004108,0.042401
67870,0.028605,0.021712,0.148520
67880,0.003896,0.002734,0.071441
67890,0.035720,0.026855,0.139329
67900,0.005356,0.005580,0.142961
67910,0.026324,0.019870,0.144382
67920,0.013362,0.009869,0.121102
67930,0.038695,0.029148,0.166942
67940,0.015340,0.011471,0.083456
67950,0.029683,0.021953,0.155597
67960,0.012013,0.009184,0.050306
67970,0.031476,0.023868,0.150627
67980,0.032655,0.024710,0.150860
67990,0.044563,0.033853,0.169035
68000,0.023491,0.018202,0.130896
68010,0.056991,0.042750,0.211932
68020,0.043280,0.032679,0.171423
68030,0.012097,0.009169,0.111221
68040,0.028647,0.021803,0.141373
68050,0.031411,0.023707,0.157347
68060,0.013727,0.010156,0.105454
68070,0.029658,0.022122,0.151662
68080,0.028031,0.021227,0.127622
68090,0.017680,0.012944,0.126015
68100,0.005047,0.003813,0.107808
68110,0.018237,0.013527,0.125406
68120,0.005572,0.004239,0.099191
68130,0.031088,0.024027,0.145945
68140,0.041397,0.031575,0.184290
68150,0.008890,0.006576,0.055117
68160,0.025838,0.019242,0.140555
68170,0.030047,0.022248,0.132874
68180,0.007772,0.005518,0.223046
68190,0.043728,0.032842,0.181205
68200,0.018952,0.013469,0.155323
68210,0.027225,0.020794,0.123729
68220,0.036487,0.027994,0.168818
68230,0.027682,0.021019,0.136965
68240,0.051833,0.040028,0.202343
68250,0.043022,0.032354,0.185775
68260,0.023864,0.017746,0.128200
68270,0.030632,0.023266,0.131879
68280,0.024236,0.018204,0.137078
68290,0.023480,0.018021,0.117589
68300,0.024674,0.018618,0.128557
68310,0.025747,0.019324,0.141342
68320,0.007853,0.005733,0.105945
68330,0.011506,0.008748,0.114177
68340,0.030815,0.023221,0.149067
68350,0.037518,0.028253,0.171911
68360,0.023369,0.017853,0.106154
68370,0.011857,0.008909,0.074856
68380,0.029985,0.022159,0.155318
68390,0.001814,0.001386,0.094205
68400,0.016640,0.012406,0.119067
68410,0.018088,0.013482,0.108128
68420,0.035879,0.026962,0.161270
68430,0.018388,0.013800,0.088689
68440,0.021080,0.015700,0.119818
68450,0.012254,0.009128,0.092924
68460,0.016795,0.012918,0.111111
68470,0.007913,0.005993,0.073531
68480,0.035349,0.027212,0.151951
68490,0.021760,0.015729,0.124872
68500,0.019264,0.014265,0.116329
68510,0.030226,0.022884,0.141291
68520,0.016341,0.012096,0.113064
68530,0.014388,0.010681,0.122198
68540,0.025384,0.018945,0.132488
68550,0.032622,0.024522,0.167691
68560,0.031318,0.023614,0.148492
68570,0.013090,0.009921,0.102492
68580,0.021557,0.016263,0.111583
68590,0.021378,0.015874,0.123551
68600,0.030494,0.023395,0.138962
68610,0.058518,0.044097,0.217816
68620,0.032704,0.024860,0.130261
68630,0.011533,0.008619,0.062251
68640,0.029110,0.021762,0.148960
68650,0.022648,0.016842,0.122008
68660,0.001862,0.001410,0.065510
68670,0.000001,0.000002,0.000006
68680,0.011179,0.008315,0.093085
68690,0.030750,0.023400,0.140397
68700,0.025342,0.019363,0.126680
68710,0.034443,0.025964,0.149722
68720,0.013947,0.010045,0.128372
68730,0.017918,0.013250,0.116438
68740,0.000981,0.000618,0.129946
68750,0.021774,0.017289,0.090915
68760,0.026799,0.020479,0.144802
68770,0.020112,0.014337,0.111033
68780,0.024623,0.018576,0.136809
68790,0.051660,0.041447,0.188477
68800,0.035755,0.027069,0.174609
68810,0.029799,0.022470,0.149885
68820,0.027415,0.018619,0.155843
68830,0.050284,0.037829,0.191756
68840,0.051732,0.038490,0.203728
68850,0.016947,0.012677,0.085467
68860,0.025536,0.018960,0.137156
68870,0.002867,0.002060,0.076710
68880,0.020203,0.015210,0.094299
68890,0.025844,0.019285,0.139215
68900,0.035743,0.026867,0.168369
68910,0.002412,0.001859,0.012445
68920,0.026701,0.020384,0.151311
68930,0.031390,0.023462,0.132128
68940,0.020195,0.015287,0.088625
68950,0.007327,0.005400,0.100434
68960,0.020395,0.015484,0.099921
68970,0.045881,0.034748,0.175411
68980,0.012154,0.009031,0.113425
68990,0.031207,0.023511,0.145426
69000,0.025228,0.018926,0.142677
69010,0.025131,0.018872,0.132635
69020,0.009039,0.006531,0.108657
69030,0.016897,0.012687,0.124469
69040,0.031886,0.024004,0.151763
69050,0.012478,0.009397,0.091874
69060,0.013098,0.009715,0.105074
69070,0.020400,0.015292,0.119537
69080,0.039166,0.029406,0.166188
69090,0.017693,0.013417,0.100880
69100,0.014499,0.010962,0.087265
69110,0.022933,0.017127,0.120898
69120,0.024319,0.018291,0.136347
69130,0.031517,0.023954,0.150759
69140,0.032077,0.024568,0.130874
69150,0.032054,0.024090,0.153772
69160,0.017872,0.013119,0.121234
69170,0.014255,0.010587,0.109258
69180,0.023931,0.017826,0.149556
69190,0.025569,0.019434,0.123144
69200,0.016164,0.012280,0.117245
69210,0.013825,0.010324,0.106207
69220,0.015198,0.011270,0.080891
69230,0.023807,0.017630,0.134556
69240,0.030320,0.022939,0.146131
69250,0.012915,0.009666,0.080110
69260,0.017789,0.013473,0.107082
69270,0.012558,0.009323,0.097614
69280,0.021109,0.015527,0.170465
69290,0.020231,0.015638,0.127816
69300,0.032613,0.024922,0.138601
69310,0.012162,0.009303,0.090364
69320,0.013180,0.009834,0.100723
69330,0.022300,0.016774,0.122209
69340,0.031397,0.024070,0.154677
69350,0.016253,0.012291,0.103573
69360,0.042352,0.032261,0.174153
69370,0.026715,0.020271,0.140463
69380,0.005875,0.004266,0.111272
69390,0.015826,0.011818,0.107370
69400,0.031875,0.024253,0.147415
69410,0.008488,0.005891,0.176407
69420,0.012545,0.009202,0.103093
69430,0.019076,0.014526,0.106868
69440,0.008390,0.006231,0.082361
69450,0.033648,0.026325,0.135456
69460,0.016734,0.012529,0.078734
69470,0.007284,0.005739,0.049379
69480,0.027207,0.020080,0.154191
69490,0.017578,0.013167,0.117073
69500,0.014265,0.010587,0.097435
69510,0.026495,0.019967,0.134721
69520,0.032788,0.024724,0.147741
69530,0.033800,0.025589,0.168603
69540,0.023491,0.017562,0.130145
69550,0.018734,0.014333,0.124551
69560,0.009409,0.007023,0.087103
69570,0.023202,0.017515,0.130540
69580,0.039039,0.029194,0.163332
69590,0.016683,0.012596,0.114990
69600,0.019290,0.014563,0.080216
69610,0.027734,0.021229,0.151979
69620,0.032606,0.024897,0.135001
69630,0.020333,0.015363,0.079902
69640,0.036120,0.027465,0.163268
69650,0.015278,0.011412,0.106068
69660,0.026814,0.020260,0.136457
69670,0.017501,0.013102,0.114874
69680,0.006701,0.004692,0.093811
69690,0.011798,0.008725,0.102884
69700,0.020750,0.015467,0.123130
69710,0.022431,0.017013,0.126050
69720,0.017733,0.013320,0.094497
69730,0.012933,0.009682,0.091377
69740,0.016903,0.012380,0.130333
69750,0.035596,0.026832,0.152779
69760,0.014844,0.012367,0.214015
69770,0.022554,0.017083,0.129462
69780,0.034180,0.025605,0.156821
69790,0.013734,0.010069,0.125697
69800,0.027783,0.020684,0.147596
69810,0.047780,0.036214,0.192098
69820,0.022380,0.016938,0.119324
69830,0.047535,0.036027,0.173666
69840,0.027574,0.021129,0.128721
69850,0.030460,0.023134,0.145549
69860,0.018741,0.014270,0.092916
69870,0.030486,0.023001,0.147683
69880,0.011354,0.008435,0.100756
69890,0.037079,0.028157,0.149968
69900,0.031305,0.023587,0.136185
69910,0.006055,0.004303,0.104167
69920,0.009887,0.007242,0.090996
69930,0.046499,0.035196,0.184469
69940,0.040059,0.030228,0.170853
69950,0.025658,0.019194,0.132862
69960,0.039873,0.030109,0.161818
69970,0.015498,0.011506,0.105337
69980,0.026493,0.019944,0.138992
69990,0.013732,0.010537,0.082428
70000,0.026872,0.020379,0.140861
70010,0.018619,0.015139,0.084308
70020,0.033485,0.025498,0.154622
70030,0.023314,0.017796,0.153451
70040,0.018104,0.013579,0.132731
70050,0.019697,0.014877,0.111518
70060,0.036751,0.027158,0.147544
70070,0.024081,0.017424,0.148627
70080,0.019548,0.014593,0.123895
70090,0.016483,0.012346,0.128498
70100,0.004906,0.003630,0.089494
70110,0.014515,0.010985,0.113044
70120,0.021553,0.016171,0.138942
70130,0.035745,0.026900,0.165720
70140,0.031076,0.023600,0.154000
70150,0.035780,0.027189,0.170931
70160,0.023579,0.017491,0.151526
70170,0.043538,0.032912,0.172273
70180,0.028852,0.021830,0.150341
70190,0.011051,0.008774,0.052577
70200,0.023534,0.018301,0.138045
70210,0.031808,0.023825,0.151927
70220,0.031726,0.024140,0.161753
70230,0.007821,0.005829,0.099074
70240,0.017361,0.012540,0.149500
70250,0.036842,0.027661,0.146557
70260,0.042905,0.033181,0.175241
70270,0.031082,0.023350,0.129245
70280,0.016181,0.012367,0.106389
70290,0.018025,0.013351,0.110940
70300,0.032861,0.024844,0.147009
70310,0.004167,0.003225,0.029635
70320,0.031110,0.023454,0.147328
70330,0.014058,0.010508,0.103286
70340,0.010170,0.007583,0.065762
70350,0.033936,0.025642,0.166620
70360,0.015600,0.011687,0.126975
70370,0.012320,0.009058,0.104823
70380,0.034811,0.026455,0.155729
70390,0.029321,0.022315,0.151438
70400,0.032508,0.024806,0.158261
70410,0.001213,0.000838,0.046091
70420,0.021757,0.016419,0.135275
70430,0.027658,0.020974,0.138013
70440,0.014067,0.010455,0.103165
70450,0.015650,0.011537,0.122750
70460,0.028500,0.021731,0.150883
70470,0.018671,0.013960,0.110764
70480,0.026975,0.020452,0.119292
70490,0.035744,0.027059,0.151620
70500,0.062327,0.047346,0.226725
70510,0.021822,0.016778,0.137757
70520,0.055270,0.041482,0.202179
70530,0.021533,0.016296,0.118687
70540,0.026971,0.020227,0.130922
70550,0.028625,0.021454,0.139038
70560,0.002734,0.002055,0.150017
70570,0.029357,0.021958,0.149204
70580,0.003455,0.002586,0.252510
70590,0.031658,0.023554,0.164050
70600,0.014695,0.010620,0.066991
70610,0.016501,0.012371,0.077382
70620,0.003050,0.002192,0.178179
70630,0.041751,0.032036,0.174150
70640,0.019586,0.014804,0.120736
70650,0.019334,0.014514,0.133635
70660,0.010602,0.007815,0.079906
70670,0.026785,0.019820,0.133940
70680,0.077607,0.057984,0.218310
70690,0.030183,0.022773,0.126258
70700,0.021727,0.016440,0.119427
70710,0.023849,0.017992,0.105128
70720,0.031126,0.023580,0.154094
70730,0.007660,0.005334,0.087976
70740,0.031913,0.024143,0.141739
70750,0.023556,0.017578,0.098869
70760,0.019792,0.014945,0.113012
70770,0.022802,0.017090,0.116279
70780,0.016415,0.012162,0.109881
70790,0.016720,0.012601,0.093053
70800,0.061152,0.046132,0.215144
70810,0.051575,0.039271,0.202281
70820,0.035341,0.027050,0.160340
70830,0.012895,0.009490,0.105497
70840,0.039794,0.029953,0.169833
70850,0.019741,0.015197,0.128677
70860,0.035968,0.027330,0.161061
70870,0.029670,0.022526,0.129587
70880,0.044098,0.032596,0.161944
70890,0.019729,0.014655,0.105835
70900,0.027652,0.020393,0.112872
70910,0.032584,0.024590,0.154226
70920,0.003441,0.005230,0.033303
70930,0.024479,0.018583,0.137943
70940,0.021558,0.016185,0.139582
70950,0.037985,0.028661,0.157640
70960,0.010461,0.007749,0.090469
70970,0.016660,0.012116,0.086452
70980,0.020873,0.015674,0.129730
70990,0.002391,0.001860,0.070627
71000,0.019477,0.014492,0.115831
71010,0.031532,0.024233,0.134425
71020,0.039810,0.029503,0.165037
71030,0.020339,0.015168,0.114678
71040,0.028171,0.021063,0.140271
71050,0.019551,0.014690,0.154926
71060,0.011964,0.009391,0.101329
71070,0.028323,0.022044,0.127564
71080,0.002577,0.001818,0.320065
71090,0.028620,0.021675,0.144111
71100,0.023322,0.017420,0.131075
71110,0.035478,0.026370,0.155175
71120,0.041220,0.031146,0.171483
71130,0.022207,0.017095,0.130943
71140,0.021084,0.015604,0.100360
71150,0.037071,0.028037,0.170003
71160,0.008368,0.006298,0.110943
71170,0.020843,0.015841,0.130036
71180,0.023512,0.017652,0.125203
71190,0.012970,0.009487,0.147295
71200,0.010806,0.007926,0.102904
71210,0.049329,0.038308,0.197139
71220,0.055451,0.041694,0.201650
71230,0.004988,0.003711,0.087449
71240,0.007715,0.005665,0.094125
71250,0.034765,0.025826,0.159418
71260,0.019419,0.014554,0.123389
71270,0.012149,0.008850,0.102742
71280,0.016852,0.012839,0.116307
71290,0.023851,0.017956,0.132900
71300,0.028482,0.021420,0.138675
71310,0.013346,0.010797,0.100143
71320,0.028026,0.021416,0.144240
71330,0.013470,0.010451,0.073647
71340,0.031882,0.024252,0.150104
71350,0.028132,0.020963,0.160956
71360,0.020587,0.014890,0.145995
71370,0.044293,0.033342,0.184004
71380,0.047336,0.035966,0.185864
71390,0.018647,0.014194,0.100905
71400,0.013398,0.009827,0.101805
71410,0.030627,0.022794,0.164730
71420,0.018153,0.013638,0.090590
71430,0.025164,0.019000,0.115463
71440,0.011931,0.008926,0.095428
71450,0.040241,0.031280,0.167807
71460,0.019829,0.014848,0.130926
71470,0.023431,0.017542,0.129520
71480,0.029567,0.022855,0.162296
71490,0.009683,0.007471,0.050938
71500,0.014487,0.010936,0.082115
71510,0.034971,0.026653,0.162620
71520,0.024909,0.018699,0.127883
71530,0.040056,0.029984,0.178769
71540,0.008692,0.005976,0.052626
71550,0.037568,0.029040,0.177485
71560,0.024651,0.018444,0.146213
71570,0.021527,0.015997,0.142835
71580,0.002339,0.002333,0.126791
71590,0.017892,0.013405,0.109751
71600,0.015452,0.012389,0.113683
71610,0.008157,0.006195,0.107033
71620,0.009471,0.007064,0.094882
71630,0.011110,0.008423,0.072192
71640,0.016330,0.012175,0.119006
71650,0.025675,0.018747,0.162730
71660,0.040687,0.030938,0.170006
71670,0.045136,0.033926,0.197812
71680,0.037428,0.028306,0.165576
71690,0.003144,0.002255,0.099230
71700,0.013982,0.010465,0.071423
71710,0.023456,0.017526,0.142539
71720,0.032593,0.024179,0.157381
71730,0.047666,0.035906,0.192899
71740,0.043033,0.032563,0.175173
71750,0.024921,0.019431,0.120014
71760,0.016049,0.011899,0.078041
71770,0.028428,0.021091,0.115825
71780,0.031662,0.023672,0.161981
71790,0.029220,0.021993,0.148831
71800,0.016747,0.012588,0.121941
71810,0.006785,0.005038,0.092676
71820,0.025576,0.019803,0.143560
71830,0.023255,0.017680,0.094725
71840,0.025386,0.018990,0.133738
71850,0.038558,0.029405,0.164736
71860,0.032602,0.024464,0.141733
71870,0.022612,0.016903,0.121463
71880,0.018505,0.014204,0.131784
71890,0.042013,0.032217,0.185017
71900,0.021988,0.016492,0.120465
71910,0.034224,0.026129,0.136064
71920,0.013697,0.010212,0.110521
71930,0.013315,0.009932,0.057504
71940,0.022130,0.016698,0.127435
71950,0.012047,0.009033,0.068355
71960,0.010279,0.007753,0.093912
71970,0.019887,0.014993,0.115545
71980,0.003236,0.002380,0.026289
71990,0.040933,0.030760,0.163758
72000,0.010153,0.007558,0.087344
72010,0.015618,0.011917,0.122059
72020,0.020914,0.015766,0.101641
72030,0.028680,0.021883,0.141858
72040,0.033813,0.025601,0.156514
72050,0.020213,0.015190,0.115928
72060,0.049731,0.037243,0.189849
72070,0.034902,0.026751,0.141846
72080,0.064247,0.049466,0.225995
72090,0.032227,0.024371,0.155855
72100,0.024727,0.018640,0.119139
72110,0.027882,0.021012,0.143929
72120,0.043079,0.032879,0.166527
72130,0.039264,0.030015,0.167856
72140,0.017036,0.012565,0.093848
72150,0.011889,0.008941,0.055864
72160,0.012055,0.009013,0.100279
72170,0.014059,0.010451,0.100042
72180,0.050366,0.038187,0.185208
72190,0.035961,0.027154,0.145057
72200,0.032808,0.024801,0.149322
72210,0.039578,0.029839,0.173543
72220,0.016769,0.012651,0.130129
72230,0.015939,0.011966,0.097449
72240,0.038182,0.028611,0.163200
72250,0.006959,0.004995,0.046670
72260,0.030315,0.022781,0.137437
72270,0.039940,0.030320,0.171214
72280,0.014965,0.011319,0.068733
72290,0.013399,0.009861,0.083195
72300,0.054175,0.040725,0.204347
72310,0.000744,0.000658,0.221141
72320,0.041705,0.031736,0.181107
72330,0.017430,0.013296,0.105267
72340,0.032615,0.024606,0.147654
72350,0.017378,0.012953,0.085129
72360,0.016729,0.012325,0.123282
72370,0.037827,0.028641,0.156719
72380,0.001350,0.001024,0.087407
72390,0.020399,0.015319,0.135338
72400,0.027125,0.020145,0.142686
72410,0.019040,0.014067,0.122444
72420,0.017060,0.013150,0.113533
72430,0.025673,0.019273,0.140189
72440,0.046902,0.035270,0.177437
72450,0.013317,0.009940,0.104053
72460,0.031785,0.023970,0.139092
72470,0.011202,0.008350,0.100659
72480,0.044455,0.033161,0.191803
72490,0.014449,0.010787,0.103799
72500,0.034845,0.026281,0.159081
72510,0.024762,0.018869,0.137724
72520,0.010204,0.007497,0.094771
72530,0.010443,0.007900,0.080431
72540,0.013007,0.009772,0.096145
72550,0.010249,0.007478,0.097615
72560,0.023536,0.017803,0.124924
72570,0.026389,0.019581,0.149836
72580,0.019143,0.014360,0.109929
72590,0.016131,0.012433,0.112164
72600,0.019668,0.015150,0.095196
72610,0.020437,0.015153,0.128059
72620,0.036373,0.027942,0.160228
72630,0.019654,0.014076,0.118913
72640,0.038309,0.029236,0.153688
72650,0.019620,0.015037,0.120422
72660,0.014724,0.010890,0.075007
72670,0.014107,0.010530,0.103217
72680,0.017881,0.013768,0.076280
72690,0.038453,0.028738,0.168990
72700,0.040613,0.030474,0.154319
72710,0.035384,0.026566,0.157551
72720,0.017510,0.013113,0.102919
72730,0.030574,0.023371,0.128268
72740,0.064510,0.048279,0.231833
72750,0.023347,0.017564,0.124131
72760,0.027265,0.020391,0.144440
72770,0.010547,0.008333,0.112483
72780,0.027563,0.020709,0.145915
72790,0.042377,0.032047,0.176441
72800,0.042741,0.032169,0.166710
72810,0.007226,0.005060,0.050038
72820,0.018138,0.013557,0.117331
72830,0.030012,0.022440,0.115902
72840,0.013319,0.010003,0.090646
72850,0.002859,0.002455,0.182213
72860,0.022192,0.015926,0.136029
72870,0.009573,0.007134,0.103948
72880,0.023881,0.018275,0.125443
72890,0.023554,0.018151,0.127660
72900,0.012034,0.008999,0.079335
72910,0.015799,0.012106,0.135041
72920,0.019330,0.014625,0.118936
72930,0.027136,0.020397,0.119385
72940,0.014619,0.010997,0.106340
72950,0.031592,0.023814,0.152200
72960,0.009866,0.007282,0.110907
72970,0.035299,0.026702,0.156509
72980,0.007527,0.005504,0.056111
72990,0.011807,0.008782,0.067553
73000,0.036630,0.027480,0.168330
73010,0.024603,0.018511,0.123215
73020,0.021593,0.016151,0.123090
73030,0.032416,0.024418,0.146850
73040,0.006224,0.004781,0.035793
73050,0.030391,0.023090,0.153757
73060,0.018053,0.013591,0.087136
73070,0.017016,0.012807,0.121053
73080,0.019947,0.015038,0.101749
73090,0.046909,0.035129,0.181893
73100,0.025790,0.019208,0.123244
73110,0.026482,0.020149,0.128905
73120,0.033215,0.025203,0.141866
73130,0.004197,0.002964,0.371221
73140,0.000002,0.000002,0.000007
73150,0.015507,0.011049,0.112067
73160,0.044320,0.033742,0.180860
73170,0.053919,0.040710,0.204774
73180,0.036633,0.027632,0.148011
73190,0.011594,0.008633,0.096600
73200,0.032614,0.024523,0.148392
73210,0.031665,0.023875,0.126850
73220,0.033758,0.025367,0.152111
73230,0.023221,0.017361,0.126046
73240,0.029201,0.022089,0.143675
73250,0.025961,0.019465,0.141616
73260,0.027389,0.020559,0.144970
73270,0.012446,0.009245,0.115916
73280,0.031184,0.023569,0.147372
73290,0.010218,0.007599,0.071409
73300,0.014507,0.011006,0.102607
73310,0.026953,0.019840,0.139911
73320,0.019792,0.014628,0.114178
73330,0.020493,0.015433,0.147337
73340,0.013315,0.009862,0.127234
73350,0.022582,0.016888,0.133374
73360,0.014063,0.010620,0.128700
73370,0.032445,0.024332,0.155741
73380,0.023859,0.018021,0.131931
73390,0.025776,0.019492,0.128226
73400,0.034047,0.025679,0.157363
73410,0.024694,0.018857,0.129543
73420,0.011102,0.009047,0.100088
73430,0.038721,0.029487,0.173480
73440,0.012925,0.009638,0.118497
73450,0.016485,0.011680,0.118107
73460,0.013727,0.009932,0.105733
73470,0.032561,0.024241,0.154944
73480,0.016168,0.012284,0.062091
73490,0.035446,0.026859,0.163932
73500,0.026542,0.019993,0.107975
73510,0.022229,0.016725,0.125362
73520,0.037123,0.028266,0.161454
73530,0.035972,0.027093,0.172141
73540,0.031675,0.023889,0.144767
73550,0.011352,0.008450,0.098647
73560,0.026471,0.020101,0.127651
73570,0.030719,0.023283,0.140914
73580,0.004585,0.003308,0.093579
73590,0.026821,0.020198,0.116862
73600,0.019642,0.014809,0.119488
73610,0.002098,0.001652,0.021705
73620,0.008589,0.006362,0.080067
73630,0.035554,0.027016,0.139095
73640,0.014523,0.010817,0.126784
73650,0.021264,0.016250,0.106412
73660,0.008022,0.005949,0.075870
73670,0.028900,0.021804,0.135818
73680,0.029789,0.022422,0.138904
73690,0.023633,0.017575,0.130785
73700,0.024892,0.018325,0.138429
73710,0.045983,0.035283,0.183938
73720,0.035724,0.027114,0.175770
73730,0.017413,0.013051,0.087213
73740,0.014559,0.010979,0.110913
73750,0.026316,0.019738,0.136830
73760,0.003717,0.002753,0.045545
73770,0.010080,0.007447,0.100469
73780,0.024674,0.018648,0.111350
73790,0.019596,0.014760,0.114167
73800,0.025571,0.019438,0.129794
73810,0.028192,0.021479,0.140005
73820,0.019374,0.014778,0.112979
73830,0.018573,0.013654,0.131595
73840,0.020709,0.015272,0.114766
73850,0.025375,0.019228,0.130177
73860,0.030075,0.022623,0.136332
73870,0.043291,0.032612,0.186953
73880,0.037120,0.028423,0.160360
73890,0.015045,0.011517,0.101007
73900,0.033153,0.025246,0.146410
73910,0.010401,0.007823,0.071644
73920,0.001673,0.001133,0.251526
73930,0.045259,0.033941,0.201448
73940,0.033874,0.025994,0.134000
73950,0.001969,0.001438,0.086797
73960,0.024091,0.018344,0.112968
73970,0.004634,0.003466,0.041017
73980,0.041482,0.031907,0.179585
73990,0.023947,0.017939,0.133946
74000,0.015683,0.011659,0.124009
74010,0.011353,0.008523,0.095235
74020,0.034786,0.026477,0.158593
74030,0.029336,0.022060,0.139636
74040,0.037464,0.028176,0.165912
74050,0.032240,0.024236,0.137633
74060,0.000005,0.000002,0.000012
74070,0.035727,0.026779,0.157311
74080,0.031660,0.024055,0.171268
74090,0.024845,0.018745,0.121360
74100,0.026060,0.019704,0.139112
74110,0.052272,0.038405,0.191001
74120,0.013742,0.010172,0.106606
74130,0.046927,0.035462,0.195840
74140,0.025868,0.019354,0.136505
74150,0.019954,0.014894,0.093058
74160,0.006380,0.005071,0.047282
74170,0.014094,0.009950,0.093599
74180,0.016369,0.012391,0.082433
74190,0.049480,0.037643,0.192056
74200,0.014932,0.010960,0.108550
74210,0.012202,0.010451,0.082295
74220,0.026609,0.019916,0.139258
74230,0.034479,0.026089,0.146311
74240,0.024227,0.018175,0.133024
74250,0.011830,0.008988,0.110912
74260,0.010318,0.007855,0.094984
74270,0.038364,0.028936,0.170351
74280,0.034790,0.026374,0.158826
74290,0.020386,0.015497,0.095386
74300,0.026515,0.020789,0.131413
74310,0.004569,0.003248,0.051073
74320,0.032101,0.023877,0.162327
74330,0.023204,0.017387,0.138273
74340,0.031802,0.023540,0.154078
74350,0.031554,0.023957,0.148818
74360,0.030180,0.022660,0.145060
74370,0.017917,0.013461,0.110719
74380,0.009755,0.007541,0.101313
74390,0.019966,0.014983,0.116312
74400,0.024254,0.018595,0.111770
74410,0.015800,0.011802,0.111490
74420,0.022807,0.017324,0.133152
74430,0.042680,0.031784,0.153825
74440,0.004904,0.003884,0.037274
74450,0.028191,0.024167,0.159940
74460,0.018355,0.021127,0.198976
74470,0.025766,0.019553,0.149874
74480,0.002947,0.002130,0.052312
74490,0.002384,0.001638,0.082300
74500,0.052144,0.039398,0.189587
74510,0.029655,0.022165,0.126520
74520,0.018369,0.014305,0.092651
74530,0.034787,0.026423,0.160126
74540,0.013168,0.009556,0.098901
74550,0.013281,0.009844,0.101634
74560,0.031996,0.024314,0.150964
74570,0.024001,0.018583,0.141513
74580,0.030405,0.023079,0.139852
74590,0.030748,0.023107,0.123835
74600,0.035717,0.027232,0.164279
74610,0.014534,0.011107,0.108654
74620,0.054848,0.041382,0.210358
74630,0.017578,0.013314,0.091198
74640,0.038154,0.029127,0.153342
74650,0.034417,0.026066,0.133946
74660,0.018349,0.013645,0.131923
74670,0.040065,0.029885,0.164464
74680,0.025003,0.018896,0.112122
74690,0.020051,0.015072,0.126588
74700,0.030971,0.023079,0.150462
74710,0.032897,0.024852,0.144009
74720,0.012028,0.008955,0.092733
74730,0.017813,0.013074,0.112060
74740,0.006532,0.005092,0.097003
74750,0.003240,0.002646,0.023619
74760,0.008375,0.006064,0.117790
74770,0.029874,0.022636,0.141300
74780,0.026904,0.020331,0.118828
74790,0.026102,0.019395,0.109133
74800,0.030814,0.023247,0.131787
74810,0.027118,0.020433,0.146399
74820,0.000837,0.000539,0.216421
74830,0.014121,0.010513,0.114494
74840,0.028206,0.021185,0.131997
74850,0.012844,0.009926,0.109486
74860,0.012270,0.009347,0.100915
74870,0.014833,0.010859,0.116858
74880,0.021070,0.015755,0.099096
74890,0.033972,0.025007,0.181144
74900,0.018638,0.014072,0.113437
74910,0.012983,0.009840,0.092747
74920,0.009661,0.007049,0.090131
74930,0.027561,0.020647,0.140221
74940,0.000006,0.000006,0.000021
74950,0.009521,0.007262,0.106023
74960,0.038147,0.028897,0.154502
74970,0.021406,0.016168,0.098592
74980,0.033257,0.025137,0.153434
74990,0.030618,0.023150,0.137847
75000,0.011838,0.008520,0.106205
75010,0.043189,0.032660,0.182998
75020,0.017774,0.012964,0.095057
75030,0.037220,0.028571,0.162210
75040,0.021109,0.015796,0.170545
75050,0.002465,0.002333,0.359249
75060,0.029182,0.022231,0.131783
75070,0.000005,0.000006,0.000019
75080,0.009558,0.007636,0.129589
75090,0.014607,0.011065,0.077496
75100,0.018770,0.014397,0.085472
75110,0.041197,0.031331,0.180428
75120,0.002113,0.001426,0.364573
75130,0.029545,0.022308,0.144234
75140,0.017882,0.013223,0.135386
75150,0.023100,0.017252,0.133851
75160,0.022586,0.016990,0.122329
75170,0.036795,0.028391,0.160578
75180,0.021693,0.015911,0.131733
75190,0.053202,0.040181,0.198153
75200,0.027694,0.020386,0.162835
75210,0.031236,0.023219,0.149342
75220,0.016152,0.012229,0.103113
75230,0.015414,0.012082,0.080156
75240,0.033022,0.024790,0.154546
75250,0.038494,0.028989,0.163470
75260,0.003528,0.002474,0.110076
75270,0.033861,0.025117,0.149294
75280,0.014855,0.011200,0.112887
75290,0.023583,0.017696,0.132383
75300,0.017125,0.012618,0.121304
75310,0.025044,0.019081,0.138301
75320,0.042351,0.031889,0.171882
75330,0.011233,0.008526,0.098499
75340,0.030608,0.023041,0.147788
75350,0.012393,0.009190,0.102512
75360,0.043470,0.032192,0.158088
75370,0.026589,0.020000,0.140254
75380,0.017540,0.013380,0.094873
75390,0.013781,0.010505,0.091574
75400,0.035941,0.027133,0.143919
75410,0.014331,0.010700,0.083987
75420,0.015941,0.012040,0.096861
75430,0.057210,0.043716,0.238628
75440,0.035737,0.026672,0.159168
75450,0.022986,0.017110,0.137174
75460,0.018985,0.014101,0.117220
75470,0.031893,0.022631,0.158552
75480,0.014354,0.010624,0.111857
75490,0.017185,0.013153,0.092302
75500,0.041771,0.032102,0.173965
75510,0.050177,0.038217,0.196674
75520,0.025626,0.019378,0.129333
75530,0.018940,0.014388,0.106455
75540,0.005376,0.004007,0.040099
75550,0.022947,0.017392,0.127768
75560,0.000615,0.000435,0.176458
75570,0.015553,0.011717,0.125245
75580,0.004769,0.003332,0.164520
75590,0.031417,0.023888,0.139302
75600,0.024968,0.018676,0.132666
75610,0.039429,0.029934,0.173261
75620,0.014904,0.011207,0.115245
75630,0.017001,0.012620,0.112599
75640,0.012361,0.009077,0.095486
75650,0.024654,0.018403,0.101469
75660,0.027800,0.020765,0.118204
75670,0.004361,0.003285,0.075498
75680,0.050282,0.038314,0.190097
75690,0.027614,0.020870,0.132769
75700,0.015288,0.011231,0.108465
75710,0.012786,0.009989,0.089499
75720,0.033721,0.024949,0.159272
75730,0.038155,0.029261,0.167994
75740,0.028946,0.021210,0.144415
75750,0.023296,0.017370,0.133773
75760,0.023799,0.019408,0.156693
75770,0.008363,0.006097,0.080040
75780,0.010876,0.008290,0.085065
75790,0.025052,0.018721,0.135474
75800,0.016893,0.012648,0.104487
75810,0.026287,0.019964,0.132311
75820,0.041244,0.031132,0.172521
75830,0.021734,0.016458,0.124715
75840,0.004721,0.003400,0.129296
75850,0.051101,0.039003,0.197693
75860,0.039474,0.029785,0.167952
75870,0.012327,0.009273,0.097981
75880,0.009980,0.007466,0.081156
75890,0.026251,0.020127,0.113402
75900,0.024503,0.018432,0.137778
75910,0.023338,0.017670,0.097105
75920,0.022936,0.017040,0.121358
75930,0.026356,0.019686,0.137563
75940,0.020098,0.015125,0.114616
75950,0.018937,0.014797,0.110430
75960,0.032071,0.024212,0.137970
75970,0.017704,0.013373,0.100543
75980,0.037834,0.028577,0.160348
75990,0.008848,0.006557,0.097072
76000,0.006471,0.005051,0.051848
76010,0.017358,0.012989,0.110990
76020,0.027430,0.020701,0.138388
76030,0.027064,0.020392,0.099987
76040,0.011448,0.008453,0.104738
76050,0.018478,0.014762,0.126365
76060,0.023902,0.022271,0.142306
76070,0.033166,0.030812,0.176264
76080,0.027991,0.021188,0.137265
76090,0.046928,0.036456,0.199685
76100,0.019997,0.015168,0.106487
76110,0.015072,0.011136,0.108811
76120,0.019378,0.014636,0.116700
76130,0.023624,0.017790,0.103509
76140,0.016796,0.012419,0.115695
76150,0.035330,0.026966,0.138991
76160,0.009214,0.007042,0.092668
76170,0.028400,0.021454,0.144755
76180,0.024920,0.018628,0.137543
76190,0.030851,0.022924,0.156229
76200,0.030472,0.022908,0.159064
76210,0.016530,0.012535,0.085723
76220,0.039576,0.029999,0.172468
76230,0.013186,0.009727,0.109742
76240,0.025703,0.019360,0.172013
76250,0.016142,0.012227,0.142843
76260,0.036915,0.027912,0.159515
76270,0.026165,0.019583,0.145114
76280,0.003553,0.002682,0.022047
76290,0.022677,0.017171,0.108946
76300,0.021196,0.015967,0.100326
76310,0.010931,0.008524,0.058429
76320,0.013496,0.009972,0.111920
76330,0.042638,0.032026,0.170430
76340,0.006167,0.004393,0.050137
76350,0.009978,0.007663,0.105957
76360,0.028080,0.021303,0.126490
76370,0.030856,0.023433,0.159029
76380,0.019665,0.014742,0.114526
76390,0.012755,0.009440,0.108209
76400,0.046187,0.035088,0.177897
76410,0.016997,0.012527,0.148227
76420,0.029932,0.022533,0.145745
76430,0.017761,0.013521,0.128516
76440,0.004171,0.003141,0.031553
76450,0.016162,0.012083,0.088022
76460,0.015914,0.011920,0.108957
76470,0.036288,0.027638,0.146486
76480,0.012244,0.009448,0.055305
76490,0.030573,0.022846,0.148388
76500,0.008587,0.007351,0.622583
76510,0.044140,0.033308,0.181992
76520,0.060560,0.045599,0.208748
76530,0.013269,0.009891,0.119911
76540,0.014758,0.010870,0.110039
76550,0.012734,0.009373,0.106068
76560,0.015957,0.011841,0.086112
76570,0.020106,0.015381,0.131461
76580,0.025599,0.019411,0.103853
76590,0.024415,0.018500,0.145675
76600,0.014246,0.010624,0.091924
76610,0.017447,0.013234,0.103755
76620,0.047512,0.035918,0.191073
76630,0.041799,0.031388,0.161280
76640,0.018963,0.014391,0.108714
76650,0.021378,0.016625,0.141580
76660,0.014907,0.011442,0.110469
76670,0.008864,0.006719,0.058600
76680,0.015082,0.011164,0.103087
76690,0.035849,0.027777,0.159360
76700,0.007812,0.006093,0.053475
76710,0.029641,0.022638,0.147515
76720,0.012299,0.009063,0.079700
76730,0.010407,0.008252,0.119337
76740,0.015290,0.011582,0.089127
76750,0.011519,0.008414,0.096495
76760,0.023962,0.018325,0.119463
76770,0.024625,0.018549,0.109486
76780,0.025194,0.019027,0.145096
76790,0.023724,0.017952,0.132966
76800,0.026870,0.020269,0.114816
76810,0.014856,0.010818,0.122578
76820,0.018991,0.013016,0.149607
76830,0.015103,0.011018,0.114515
76840,0.022467,0.016624,0.138912
76850,0.027961,0.021074,0.151026
76860,0.012778,0.009403,0.103609
76870,0.013009,0.009404,0.104286
76880,0.010492,0.007737,0.080305
76890,0.012261,0.008991,0.071175
76900,0.030296,0.022831,0.154799
76910,0.015759,0.011741,0.108886
76920,0.015202,0.011492,0.107696
76930,0.029950,0.022730,0.124460
76940,0.007208,0.005571,0.058991
76950,0.018557,0.013611,0.126922
76960,0.023618,0.017803,0.110391
76970,0.010650,0.008731,0.139988
76980,0.024470,0.018774,0.138943
76990,0.043516,0.032979,0.184021
77000,0.011105,0.008244,0.111837
77010,0.048584,0.036712,0.194707
77020,0.029252,0.021962,0.129332
77030,0.005124,0.004418,0.037448
77040,0.028673,0.021576,0.140206
77050,0.014377,0.010665,0.115191
77060,0.032075,0.024247,0.152379
77070,0.019742,0.015039,0.092015
77080,0.007791,0.006656,0.128438
77090,0.031033,0.023750,0.134391
77100,0.025402,0.019220,0.126137
77110,0.020154,0.015500,0.089684
77120,0.013265,0.009896,0.104130
77130,0.020769,0.015587,0.126367
77140,0.000001,0.000003,0.000007
77150,0.008969,0.006911,0.150531
77160,0.031027,0.023136,0.146018
77170,0.025747,0.019024,0.123494
77180,0.002369,0.001595,0.139259
77190,0.020087,0.015036,0.122561
77200,0.019101,0.014207,0.110300
77210,0.035159,0.026658,0.151845
77220,0.019510,0.014401,0.114916
77230,0.023177,0.017623,0.123774
77240,0.055507,0.040698,0.179642
77250,0.015232,0.011655,0.166949
77260,0.024209,0.018209,0.137554
77270,0.022290,0.016653,0.132148
77280,0.029198,0.022102,0.132176
77290,0.022764,0.016935,0.120527
77300,0.003728,0.002891,0.023357
77310,0.011155,0.008412,0.095915
77320,0.025697,0.019513,0.131556
77330,0.008522,0.006568,0.045488
77340,0.026337,0.020066,0.139407
77350,0.033291,0.025216,0.143633
77360,0.029908,0.022425,0.136102
77370,0.015768,0.012070,0.110929
77380,0.002590,0.001974,0.074711
77390,0.038805,0.029026,0.163776
77400,0.020566,0.014959,0.131888
77410,0.014294,0.010781,0.108016
77420,0.023511,0.017706,0.128330
77430,0.018645,0.013886,0.121186
77440,0.031924,0.023925,0.150175
77450,0.017412,0.013474,0.092650
77460,0.022421,0.017360,0.130330
77470,0.019756,0.014696,0.111822
77480,0.026510,0.020325,0.136684
77490,0.010937,0.007487,0.188542
77500,0.014421,0.010667,0.116546
77510,0.012186,0.009003,0.096249
77520,0.020102,0.015699,0.081998
77530,0.013195,0.009989,0.074452
77540,0.024868,0.018731,0.133772
77550,0.018427,0.013680,0.093598
77560,0.035926,0.027153,0.154596
77570,0.025645,0.019422,0.105177
77580,0.022484,0.016784,0.122273
77590,0.028186,0.021149,0.142203
77600,0.015335,0.011345,0.127862
77610,0.016631,0.012523,0.125381
77620,0.021821,0.016031,0.138351
77630,0.032161,0.024219,0.146790
77640,0.037571,0.028077,0.174003
77650,0.018406,0.014179,0.112673
77660,0.024977,0.018893,0.119441
77670,0.033851,0.025551,0.147792
77680,0.009065,0.006845,0.042090
77690,0.025902,0.019532,0.121947
77700,0.051344,0.039147,0.194179
77710,0.015661,0.011564,0.117919
77720,0.011312,0.008451,0.068742
77730,0.034123,0.025884,0.150241
77740,0.014256,0.010702,0.075304
77750,0.029331,0.022327,0.147733
77760,0.021954,0.016586,0.133958
77770,0.024797,0.018682,0.126900
77780,0.002283,0.001654,0.114720
77790,0.010106,0.007413,0.082828
77800,0.011058,0.007989,0.110396
77810,0.032684,0.024615,0.155029
77820,0.025695,0.019276,0.143080
77830,0.026288,0.019267,0.157064
77840,0.033076,0.024250,0.161421
77850,0.014237,0.010480,0.109542
77860,0.027182,0.020821,0.124521
77870,0.011733,0.008713,0.063928
77880,0.018129,0.013836,0.132493
77890,0.019456,0.014486,0.115862
77900,0.020705,0.015507,0.122927
77910,0.013696,0.010076,0.117661
77920,0.019263,0.014612,0.129280
77930,0.025143,0.019121,0.128369
77940,0.014980,0.011456,0.121698
77950,0.038866,0.029517,0.166162
77960,0.025667,0.019212,0.129573
77970,0.024812,0.019141,0.136034
77980,0.020145,0.015155,0.146711
77990,0.030023,0.022301,0.151424
78000,0.014749,0.010842,0.070153
78010,0.017396,0.012907,0.066287
78020,0.036951,0.027800,0.167223
78030,0.013462,0.010170,0.084670
78040,0.025148,0.018873,0.124520
78050,0.031258,0.025113,0.140955
78060,0.005626,0.004410,0.037033
78070,0.024408,0.018377,0.108624
78080,0.001322,0.001005,0.095742
78090,0.034037,0.025549,0.153468
78100,0.017518,0.013160,0.103023
78110,0.032964,0.025042,0.136821
78120,0.022826,0.017025,0.131900
78130,0.029039,0.022211,0.140083
78140,0.014308,0.010690,0.076883
78150,0.018100,0.013558,0.089287
78160,0.027180,0.020279,0.145770
78170,0.022710,0.017006,0.121790
78180,0.020392,0.015411,0.132980
78190,0.008357,0.006318,0.085507
78200,0.017357,0.012958,0.100625
78210,0.002980,0.002507,0.151549
78220,0.024687,0.018582,0.137823
78230,0.015220,0.011410,0.114015
78240,0.005765,0.004344,0.089696
78250,0.007917,0.005961,0.103840
78260,0.009805,0.007269,0.058068
78270,0.033722,0.025395,0.150866
78280,0.023750,0.018212,0.132616
78290,0.002936,0.002140,0.072510
78300,0.019181,0.014066,0.135931
78310,0.018004,0.013542,0.078575
78320,0.034274,0.026030,0.132208
78330,0.031681,0.024011,0.147705
78340,0.038653,0.029374,0.167054
78350,0.024252,0.018322,0.137596
78360,0.040091,0.031144,0.163589
78370,0.041662,0.031492,0.179205
78380,0.025609,0.019011,0.134399
78390,0.025055,0.018673,0.123333
78400,0.041906,0.031728,0.168438
78410,0.025236,0.019703,0.132091
78420,0.021807,0.016444,0.101516
78430,0.035477,0.026892,0.164571
78440,0.056110,0.042541,0.202446
78450,0.025381,0.018947,0.126439
78460,0.015507,0.011671,0.114535
78470,0.006860,0.005121,0.071971
78480,0.025052,0.018953,0.128240
78490,0.022969,0.017231,0.101983
78500,0.028156,0.020568,0.156869
78510,0.005281,0.003951,0.021565
78520,0.017376,0.012843,0.122450
78530,0.032048,0.024017,0.146259
78540,0.018297,0.013940,0.125720
78550,0.016250,0.012074,0.087074
78560,0.032202,0.024717,0.133920
78570,0.020707,0.016292,0.126693
78580,0.011586,0.008626,0.133120
78590,0.012466,0.009140,0.106539
78600,0.027668,0.020908,0.126258
78610,0.013651,0.010050,0.101009
78620,0.019774,0.015098,0.116374
78630,0.013745,0.010290,0.099252
78640,0.029535,0.022228,0.109313
78650,0.031101,0.023607,0.158051
78660,0.017360,0.012982,0.105452
78670,0.017297,0.013304,0.089636
78680,0.004153,0.003012,0.123381
78690,0.026117,0.019625,0.139454
78700,0.013354,0.010076,0.114845
78710,0.024189,0.018242,0.137342
78720,0.031966,0.024360,0.150572
78730,0.025349,0.019003,0.096180
78740,0.029645,0.022403,0.142042
78750,0.012066,0.009135,0.066086
78760,0.023685,0.018095,0.109095
78770,0.032705,0.024952,0.126261
78780,0.032796,0.024845,0.141901
78790,0.005617,0.004105,0.100320
78800,0.001095,0.000791,0.076298
78810,0.040178,0.030472,0.166241
78820,0.031626,0.024474,0.153703
78830,0.004378,0.003282,0.106354
78840,0.018215,0.013473,0.105625
78850,0.016299,0.012158,0.120284
78860,0.000433,0.000431,0.096336
78870,0.019285,0.014655,0.099874
78880,0.024844,0.018667,0.127488
78890,0.012984,0.009773,0.093211
78900,0.029721,0.022250,0.131784
78910,0.032609,0.024810,0.147608
78920,0.019114,0.014381,0.111109
78930,0.003462,0.002567,0.247085
78940,0.018979,0.014302,0.128078
78950,0.020440,0.015631,0.131401
78960,0.019314,0.014575,0.116162
78970,0.012487,0.009491,0.103113
78980,0.022641,0.017203,0.102953
78990,0.021266,0.016009,0.142024
79000,0.043202,0.032769,0.176217
79010,0.020845,0.015817,0.145625
79020,0.024691,0.018783,0.128068
79030,0.018982,0.013837,0.136673
79040,0.028295,0.021561,0.127729
79050,0.038609,0.029040,0.156373
79060,0.009730,0.006833,0.115256
79070,0.012623,0.009489,0.109146
79080,0.037262,0.028135,0.144725
79090,0.010450,0.007680,0.095600
79100,0.032123,0.024645,0.153303
79110,0.004129,0.003065,0.095628
79120,0.031834,0.024093,0.147155
79130,0.028643,0.021630,0.137951
79140,0.021045,0.015792,0.117550
79150,0.009622,0.007220,0.085175
79160,0.018965,0.014285,0.128233
79170,0.009912,0.007495,0.063801
79180,0.012703,0.009686,0.097297
79190,0.012875,0.009786,0.120202
79200,0.013496,0.010208,0.069808
79210,0.014357,0.010772,0.115060
79220,0.011558,0.008676,0.065957
79230,0.021369,0.016094,0.099315
79240,0.045049,0.033933,0.163004
79250,0.033877,0.025685,0.154949
79260,0.013784,0.010027,0.094297
79270,0.004879,0.004051,0.106046
79280,0.026143,0.019728,0.136854
79290,0.027741,0.020934,0.167681
79300,0.028321,0.021603,0.139633
79310,0.028484,0.021602,0.144081
79320,0.021406,0.016393,0.114984
79330,0.028284,0.021388,0.144444
79340,0.026241,0.019931,0.124912
79350,0.026858,0.020259,0.127432
79360,0.027241,0.020739,0.136188
79370,0.035198,0.026553,0.159156
79380,0.002789,0.002082,0.055217
79390,0.022158,0.016687,0.129893
79400,0.025297,0.019105,0.131508
79410,0.027587,0.020916,0.111763
79420,0.010524,0.007828,0.096933
79430,0.005063,0.003736,0.088734
79440,0.023464,0.017503,0.133836
79450,0.022916,0.017473,0.119831
79460,0.048706,0.038222,0.194491
79470,0.013238,0.009976,0.091581
79480,0.034522,0.026237,0.162399
79490,0.020754,0.015411,0.091849
79500,0.030242,0.022822,0.143371
79510,0.026309,0.019509,0.147202
79520,0.018128,0.013843,0.086145
79530,0.017234,0.013541,0.140679
79540,0.014232,0.010907,0.078390
79550,0.015326,0.011536,0.094851
79560,0.013443,0.009949,0.097904
79570,0.012578,0.012419,0.121024
79580,0.043169,0.032574,0.177590
79590,0.024846,0.018476,0.120978
79600,0.024401,0.018507,0.130669
79610,0.003815,0.002719,0.079426
79620,0.037652,0.028347,0.143177
79630,0.026147,0.019707,0.131708
79640,0.014151,0.010854,0.154949
79650,0.027640,0.020768,0.164610
79660,0.014783,0.011603,0.115334
79670,0.027218,0.020565,0.134656
79680,0.026242,0.019739,0.139912
79690,0.022694,0.017320,0.104966
79700,0.039763,0.029780,0.165757
79710,0.019209,0.014358,0.129363
79720,0.038293,0.029254,0.173039
79730,0.038141,0.028846,0.164008
79740,0.041996,0.031887,0.170784
79750,0.044465,0.033531,0.174739
79760,0.020634,0.015568,0.121217
79770,0.020384,0.015408,0.119630
79780,0.007115,0.005394,0.120136
79790,0.013185,0.010989,0.120220
79800,0.045015,0.033851,0.181535
79810,0.021588,0.016265,0.102369
79820,0.027466,0.021098,0.133100
79830,0.051430,0.041316,0.200779
79840,0.025512,0.019314,0.128096
79850,0.033783,0.025926,0.156121
79860,0.011193,0.008398,0.100288
79870,0.011408,0.008568,0.109121
79880,0.010993,0.008244,0.092291
79890,0.032137,0.024273,0.156168
79900,0.029162,0.021998,0.139078
79910,0.000001,0.000000,0.000002
79920,0.026060,0.019990,0.119090
79930,0.013324,0.009845,0.118231
79940,0.031370,0.023835,0.156260
79950,0.022933,0.016973,0.146257
79960,0.029246,0.021802,0.141338
79970,0.038155,0.028834,0.159601
79980,0.043427,0.033040,0.172493
79990,0.015390,0.012446,0.128475
80000,0.016890,0.012604,0.106329
80010,0.039106,0.029330,0.173565
80020,0.031209,0.023222,0.146941
80030,0.018079,0.013194,0.115157
80040,0.035160,0.026332,0.169550
80050,0.029325,0.022172,0.145881
80060,0.019955,0.014820,0.130998
80070,0.040747,0.030691,0.180870
80080,0.003077,0.002024,0.145994
80090,0.021348,0.015987,0.097388
80100,0.029129,0.021938,0.141449
80110,0.049541,0.037240,0.188675
80120,0.011156,0.008287,0.052385
80130,0.016590,0.012195,0.125998
80140,0.009451,0.007056,0.097436
80150,0.040208,0.030513,0.158536
80160,0.000611,0.000421,0.050147
80170,0.006138,0.004622,0.031386
80180,0.002963,0.002316,0.020404
80190,0.016400,0.012154,0.132243
80200,0.026218,0.019625,0.131534
80210,0.010381,0.007767,0.109299
80220,0.016288,0.012148,0.099364
80230,0.030099,0.022344,0.144718
80240,0.008017,0.006148,0.139148
80250,0.018015,0.013550,0.089616
80260,0.030867,0.023111,0.153750
80270,0.000001,0.000001,0.000004
80280,0.023785,0.017723,0.131960
80290,0.015827,0.011996,0.078760
80300,0.017583,0.013078,0.121188
80310,0.028975,0.021784,0.140346
80320,0.031494,0.023893,0.139944
80330,0.035436,0.026746,0.141359
80340,0.027646,0.020948,0.132585
80350,0.014067,0.010556,0.100794
80360,0.006958,0.005248,0.067084
80370,0.029444,0.022018,0.141394
80380,0.043733,0.033221,0.177697
80390,0.018958,0.014557,0.116012
80400,0.009382,0.007124,0.083171
80410,0.012439,0.009548,0.098982
80420,0.040066,0.030454,0.176607
80430,0.013332,0.009909,0.111284
80440,0.011324,0.008615,0.078183
80450,0.036668,0.028354,0.156051
80460,0.023908,0.016578,0.194110
80470,0.020410,0.015559,0.098437
80480,0.015530,0.011868,0.119684
80490,0.017471,0.013375,0.081461
80500,0.017193,0.012587,0.095955
80510,0.011858,0.008870,0.095256
80520,0.013799,0.010164,0.121231
80530,0.021481,0.016056,0.115196
80540,0.059542,0.045042,0.210154
80550,0.026081,0.019787,0.128774
80560,0.054278,0.041255,0.194091
80570,0.032914,0.024856,0.145624
80580,0.000004,0.000002,0.000010
80590,0.039746,0.030151,0.165441
80600,0.045988,0.034644,0.180760
80610,0.043673,0.032907,0.193962
80620,0.013780,0.009674,0.091122
80630,0.016103,0.012029,0.121149
80640,0.034699,0.026269,0.159370
80650,0.018389,0.013976,0.118786
80660,0.035897,0.027134,0.162516
80670,0.044811,0.033746,0.176339
80680,0.026935,0.020615,0.134312
80690,0.036100,0.027146,0.160647
80700,0.023022,0.017221,0.128605
80710,0.036520,0.027656,0.173579
80720,0.009264,0.006511,0.118273
80730,0.042390,0.032256,0.184907
80740,0.029234,0.022175,0.144684
80750,0.015673,0.011817,0.107423
80760,0.042558,0.031803,0.183591
80770,0.012748,0.009444,0.122540
80780,0.033528,0.025605,0.150946
80790,0.024093,0.018250,0.117966
80800,0.053357,0.050096,0.265137
80810,0.013791,0.010304,0.097079
80820,0.028615,0.021552,0.141207
80830,0.026312,0.019590,0.127082
80840,0.022140,0.016625,0.119484
80850,0.023500,0.017357,0.128916
80860,0.040334,0.030597,0.165482
80870,0.018691,0.013983,0.119246
80880,0.020925,0.015675,0.117257
80890,0.015307,0.011606,0.103069
80900,0.037717,0.029099,0.169692
80910,0.016724,0.012618,0.089335
80920,0.028136,0.021673,0.150364
80930,0.006641,0.004889,0.098037
80940,0.025263,0.019080,0.110421
80950,0.053659,0.040245,0.198480
80960,0.032364,0.024707,0.148048
80970,0.018032,0.013409,0.120489
80980,0.015685,0.012052,0.088732
80990,0.015734,0.011368,0.115307
81000,0.043042,0.032869,0.172818
81010,0.021791,0.016366,0.123717
81020,0.019801,0.014690,0.112127
81030,0.014322,0.010866,0.097754
81040,0.010791,0.007868,0.086620
81050,0.020196,0.015336,0.121283
81060,0.019453,0.014769,0.103244
81070,0.013554,0.010447,0.137842
81080,0.028386,0.021234,0.139229
81090,0.018160,0.013447,0.110649
81100,0.025668,0.019342,0.137952
81110,0.027400,0.020593,0.140690
81120,0.032286,0.024415,0.161343
81130,0.005314,0.003843,0.038312
81140,0.021041,0.015723,0.112700
81150,0.004148,0.003018,0.050414
81160,0.003281,0.002365,0.097707
81170,0.010685,0.008008,0.097354
81180,0.021830,0.016221,0.127348
81190,0.021232,0.015962,0.104302
81200,0.028422,0.021561,0.141554
81210,0.017810,0.013484,0.128640
81220,0.009677,0.007143,0.081770
81230,0.015388,0.011230,0.129559
81240,0.028043,0.021258,0.149208
81250,0.023450,0.017738,0.124608
81260,0.032585,0.024822,0.144623
81270,0.008766,0.007292,0.094384
81280,0.003694,0.002967,0.032648
81290,0.032981,0.025116,0.137845
81300,0.022066,0.018107,0.103512
81310,0.009806,0.007312,0.087433
81320,0.018430,0.013977,0.121395
81330,0.026770,0.020378,0.118284
81340,0.020280,0.015353,0.118399
81350,0.008912,0.006548,0.040419
81360,0.023743,0.018657,0.123329
81370,0.027845,0.020783,0.133238
81380,0.027961,0.020857,0.137768
81390,0.027849,0.020899,0.139252
81400,0.019188,0.014629,0.116117
81410,0.032954,0.025032,0.149913
81420,0.030341,0.023211,0.132661
81430,0.011880,0.009036,0.089668
81440,0.021962,0.016523,0.122954
81450,0.034698,0.026804,0.160782
81460,0.021370,0.016079,0.124139
81470,0.032553,0.024709,0.145796
81480,0.044141,0.033145,0.171715
81490,0.053373,0.040132,0.207675
81500,0.025995,0.019977,0.136274
81510,0.026390,0.020246,0.130386
81520,0.002562,0.001924,0.111204
81530,0.006217,0.004525,0.041477
81540,0.013791,0.010063,0.089701
81550,0.022467,0.016620,0.108079
81560,0.026673,0.019910,0.119929
81570,0.030119,0.022928,0.144254
81580,0.019533,0.014757,0.118771
81590,0.036489,0.027551,0.158510
81600,0.028725,0.021669,0.152761
81610,0.014185,0.010410,0.108195
81620,0.030915,0.023093,0.155370
81630,0.034205,0.025341,0.138889
81640,0.031925,0.023786,0.119879
81650,0.017409,0.014029,0.251206
81660,0.030136,0.023120,0.146188
81670,0.025626,0.018856,0.134547
81680,0.037168,0.029598,0.186421
81690,0.035182,0.026803,0.157004
81700,0.023599,0.018566,0.124114
81710,0.017472,0.012884,0.104178
81720,0.020115,0.015827,0.091400
81730,0.037716,0.028818,0.157133
81740,0.021489,0.015816,0.123720
81750,0.026993,0.020102,0.142962
81760,0.022502,0.016723,0.128319
81770,0.042495,0.032070,0.175502
81780,0.019942,0.015132,0.094373
81790,0.025232,0.018900,0.130082
81800,0.012612,0.009308,0.092308
81810,0.015773,0.011651,0.114840
81820,0.036398,0.027302,0.133778
81830,0.008420,0.006247,0.050054
81840,0.038722,0.029170,0.163801
81850,0.025562,0.018877,0.132015
81860,0.062488,0.046502,0.223975
81870,0.020843,0.015596,0.116949
81880,0.029642,0.022365,0.140375
81890,0.001934,0.001440,0.132788
81900,0.025764,0.019329,0.126329
81910,0.025853,0.020900,0.159975
81920,0.040599,0.030349,0.170185
81930,0.032408,0.023846,0.148530
81940,0.030863,0.023266,0.151509
81950,0.015403,0.011325,0.115685
81960,0.037585,0.028363,0.164206
81970,0.041462,0.031107,0.171244
81980,0.018911,0.013883,0.131424
81990,0.039931,0.030086,0.150067
82000,0.005882,0.004365,0.117963
82010,0.033931,0.025105,0.147625
82020,0.019864,0.015049,0.116652
82030,0.017560,0.013187,0.119893
82040,0.013360,0.009850,0.098362
82050,0.016411,0.012499,0.101929
82060,0.025097,0.018847,0.113500
82070,0.032703,0.024353,0.174793
82080,0.002531,0.001844,0.086824
82090,0.022973,0.017660,0.098948
82100,0.035031,0.026615,0.132929
82110,0.021200,0.016187,0.119993
82120,0.031592,0.023769,0.135229
82130,0.017480,0.014310,0.094083
82140,0.015790,0.011906,0.111606
82150,0.030772,0.023117,0.132663
82160,0.029577,0.021973,0.148146
82170,0.035509,0.026483,0.155893
82180,0.021672,0.016160,0.101469
82190,0.020647,0.015016,0.130355
82200,0.026309,0.020024,0.117772
82210,0.040149,0.030141,0.170757
82220,0.043326,0.032633,0.176044
82230,0.010043,0.007398,0.086451
82240,0.010162,0.007437,0.088361
82250,0.026262,0.019616,0.135777
82260,0.011750,0.009225,0.045977
82270,0.021491,0.015934,0.136233
82280,0.014300,0.010640,0.103678
82290,0.015503,0.011516,0.127374
82300,0.036087,0.027344,0.159110
82310,0.036070,0.026974,0.155875
82320,0.059889,0.045650,0.207837
82330,0.026632,0.019968,0.131238
82340,0.028459,0.021436,0.132459
82350,0.029690,0.021873,0.156836
82360,0.014707,0.011011,0.107141
82370,0.021057,0.015863,0.122618
82380,0.010189,0.006613,0.151548
82390,0.025847,0.019269,0.117589
82400,0.027616,0.021180,0.152960
82410,0.024110,0.018460,0.140069
82420,0.015426,0.011364,0.083520
82430,0.003115,0.002280,0.117649
82440,0.013224,0.009649,0.089254
82450,0.018913,0.013811,0.131100
82460,0.044503,0.033316,0.174490
82470,0.019004,0.014200,0.100674
82480,0.040209,0.030117,0.182895
82490,0.043973,0.034193,0.191762
82500,0.025251,0.018999,0.136995
82510,0.028294,0.021851,0.145176
82520,0.014380,0.010934,0.073223
82530,0.022050,0.016427,0.125025
82540,0.032936,0.024840,0.140978
82550,0.036836,0.027694,0.148778
82560,0.031659,0.023884,0.143381
82570,0.023362,0.017756,0.124841
82580,0.011288,0.009051,0.107961
82590,0.013717,0.010091,0.100718
82600,0.015928,0.011888,0.109551
82610,0.027707,0.020798,0.141339
82620,0.021555,0.015949,0.129055
82630,0.044681,0.034046,0.163604
82640,0.025768,0.019868,0.107367
82650,0.027364,0.020647,0.132396
82660,0.005433,0.003888,0.109129
82670,0.014122,0.010733,0.092208
82680,0.028460,0.021898,0.120358
82690,0.024702,0.018728,0.128904
82700,0.029259,0.021848,0.148027
82710,0.029257,0.022003,0.137681
82720,0.023776,0.017842,0.124303
82730,0.016880,0.012949,0.075004
82740,0.044821,0.033924,0.172968
82750,0.019865,0.015087,0.116145
82760,0.023183,0.017214,0.133405
82770,0.019769,0.014805,0.123810
82780,0.028951,0.021965,0.135443
82790,0.021692,0.016386,0.130668
82800,0.021604,0.016181,0.132777
82810,0.030866,0.023319,0.137688
82820,0.007434,0.005656,0.060707
82830,0.043303,0.032456,0.174119
82840,0.022840,0.017091,0.129074
82850,0.019937,0.014566,0.114588
82860,0.017773,0.013400,0.115841
82870,0.016603,0.012501,0.105503
82880,0.025404,0.019059,0.133815
82890,0.020247,0.015093,0.115210
82900,0.015315,0.011348,0.113644
82910,0.028669,0.021142,0.147005
82920,0.024146,0.018067,0.139791
82930,0.038668,0.029200,0.150226
82940,0.018202,0.013606,0.123008
82950,0.007092,0.005122,0.087619
82960,0.018476,0.013756,0.113863
82970,0.032252,0.023928,0.150411
82980,0.050758,0.038095,0.183334
82990,0.030376,0.023271,0.149932
83000,0.017381,0.013047,0.131093
83010,0.009346,0.007140,0.080305
83020,0.026687,0.019838,0.118041
83030,0.014580,0.010853,0.108466
83040,0.033899,0.025542,0.153525
83050,0.018341,0.013707,0.118881
83060,0.096546,0.072153,0.303032
83070,0.024505,0.018512,0.132301
83080,0.025498,0.019202,0.138830
83090,0.039690,0.029912,0.172580
83100,0.002862,0.002158,0.018962
83110,0.032058,0.024229,0.147517
83120,0.003678,0.003152,0.162582
83130,0.040623,0.030957,0.171217
83140,0.028707,0.021295,0.121771
83150,0.028165,0.020912,0.142876
83160,0.024161,0.018086,0.121206
83170,0.043023,0.032597,0.194497
83180,0.003932,0.003768,0.078777
83190,0.021443,0.016162,0.110142
83200,0.019332,0.013910,0.138549
83210,0.025763,0.019196,0.122391
83220,0.020856,0.015633,0.125775
83230,0.010469,0.007928,0.063668
83240,0.043499,0.032739,0.169593
83250,0.037741,0.028422,0.164927
83260,0.029092,0.021881,0.138662
83270,0.009440,0.007059,0.094374
83280,0.028257,0.021393,0.139485
83290,0.034863,0.034464,0.242853
83300,0.011545,0.008630,0.096203
83310,0.039759,0.030013,0.174289
83320,0.012673,0.009285,0.073486
83330,0.032461,0.024754,0.157206
83340,0.033312,0.025086,0.155042
83350,0.032580,0.024186,0.156948
83360,0.029194,0.021858,0.137477
83370,0.019341,0.014598,0.138005
83380,0.008939,0.006497,0.098468
83390,0.017859,0.013306,0.123826
83400,0.018535,0.014034,0.093567
83410,0.002713,0.001926,0.096174
83420,0.002159,0.001561,0.059389
83430,0.026959,0.020463,0.136775
83440,0.024375,0.018173,0.119306
83450,0.010214,0.007493,0.132643
83460,0.023077,0.017183,0.151469
83470,0.014423,0.010862,0.113972
83480,0.014791,0.011073,0.113181
83490,0.022208,0.016774,0.127276
83500,0.011125,0.008019,0.066581
83510,0.048368,0.036345,0.195674
83520,0.047165,0.036353,0.191201
83530,0.014476,0.010900,0.070995
83540,0.013499,0.009931,0.098447
83550,0.019714,0.014939,0.126193
83560,0.025886,0.019375,0.131685
83570,0.038076,0.028922,0.172321
83580,0.019428,0.014614,0.124390
83590,0.016101,0.012004,0.121479
83600,0.012986,0.009684,0.079710
83610,0.029783,0.022564,0.139893
83620,0.015536,0.011697,0.068925
83630,0.002374,0.001693,0.019772
83640,0.067585,0.051015,0.241207
83650,0.025328,0.018798,0.125316
83660,0.040459,0.030536,0.169954
83670,0.015000,0.011180,0.121005
83680,0.002145,0.001743,0.063434
83690,0.036981,0.027781,0.162739
83700,0.031044,0.023624,0.135766
83710,0.009359,0.006937,0.060150
83720,0.028397,0.021411,0.142451
83730,0.018834,0.014110,0.116854
83740,0.020235,0.014811,0.105782
83750,0.010672,0.007913,0.102091
83760,0.016386,0.012248,0.104106
83770,0.003205,0.002119,0.306210
83780,0.024714,0.018574,0.128443
83790,0.033928,0.025832,0.148843
83800,0.026245,0.019544,0.135059
83810,0.011067,0.008236,0.099176
83820,0.037178,0.027606,0.157671
83830,0.041447,0.031517,0.176279
83840,0.018725,0.013754,0.111973
83850,0.038744,0.029174,0.157380
83860,0.029690,0.022364,0.118701
83870,0.008222,0.006623,0.057326
83880,0.007679,0.005461,0.122547
83890,0.041730,0.031274,0.169971
83900,0.021907,0.016372,0.139884
83910,0.045979,0.034942,0.180761
83920,0.038997,0.029744,0.144566
83930,0.004568,0.003364,0.087616
83940,0.023157,0.017228,0.123236
83950,0.022675,0.016746,0.129424
83960,0.021794,0.016645,0.125024
83970,0.025195,0.018843,0.141053
83980,0.007574,0.005528,0.056815
83990,0.037388,0.028382,0.161346
84000,0.013987,0.010424,0.099696
84010,0.039131,0.029696,0.158613
84020,0.020044,0.014778,0.120104
84030,0.011171,0.008491,0.100041
84040,0.018617,0.014094,0.110196
84050,0.026656,0.019734,0.118029
84060,0.018403,0.013901,0.108829
84070,0.017180,0.012675,0.104936
84080,0.012637,0.009574,0.071207
84090,0.032453,0.024336,0.167031
84100,0.020609,0.015467,0.116960
84110,0.037478,0.028436,0.156415
84120,0.021189,0.016003,0.121203
84130,0.051165,0.038896,0.195426
84140,0.005401,0.003855,0.159454
84150,0.018429,0.013644,0.116116
84160,0.005264,0.003900,0.095970
84170,0.026367,0.020775,0.141643
84180,0.004480,0.003125,0.163263
84190,0.021003,0.015868,0.088615
84200,0.013940,0.010348,0.106433
84210,0.038799,0.029124,0.156954
84220,0.012500,0.009181,0.100772
84230,0.017804,0.013351,0.115486
84240,0.025814,0.019408,0.128178
84250,0.027753,0.021153,0.151910
84260,0.016983,0.012381,0.153671
84270,0.026460,0.019695,0.127975
84280,0.004805,0.003462,0.036526
84290,0.020343,0.015441,0.085090
84300,0.020811,0.015655,0.119441
84310,0.003428,0.002674,0.033368
84320,0.028592,0.021979,0.137951
84330,0.031107,0.023220,0.159679
84340,0.034578,0.026168,0.140854
84350,0.030773,0.023058,0.146455
84360,0.000660,0.000513,0.137179
84370,0.037229,0.027950,0.171370
84380,0.010348,0.007696,0.112803
84390,0.031562,0.023364,0.160481
84400,0.000001,0.000001,0.000004
84410,0.024116,0.022396,0.138845
84420,0.031753,0.023931,0.147189
84430,0.005496,0.003985,0.096555
84440,0.020953,0.016001,0.121417
84450,0.008329,0.006121,0.128356
84460,0.026185,0.019854,0.133225
84470,0.048207,0.036216,0.187812
84480,0.018797,0.014083,0.113816
84490,0.056179,0.047855,0.222596
84500,0.016607,0.012326,0.110325
84510,0.035720,0.026672,0.163976
84520,0.014133,0.010660,0.117839
84530,0.005565,0.004367,0.101229
84540,0.006231,0.004571,0.071239
84550,0.030530,0.023280,0.142498
84560,0.034265,0.025595,0.153993
84570,0.004889,0.003573,0.100783
84580,0.003398,0.002563,0.026090
84590,0.018815,0.014360,0.074354
84600,0.029463,0.022221,0.142612
84610,0.026307,0.019630,0.144559
84620,0.017346,0.012919,0.105481
84630,0.038990,0.029495,0.155074
84640,0.016750,0.012524,0.108312
84650,0.021865,0.016487,0.134080
84660,0.015171,0.011143,0.103952
84670,0.026374,0.019710,0.127376
84680,0.020519,0.015490,0.088056
84690,0.041076,0.030987,0.177911
84700,0.027271,0.020513,0.139409
84710,0.027530,0.020216,0.126846
84720,0.015339,0.011410,0.086013
84730,0.056086,0.042294,0.202395
84740,0.023925,0.018022,0.095652
84750,0.020143,0.015115,0.138052
84760,0.010949,0.008144,0.081351
84770,0.015103,0.011087,0.113016
84780,0.033478,0.026060,0.149455
84790,0.015148,0.011431,0.091027
84800,0.023170,0.017681,0.124512
84810,0.017034,0.013094,0.115306
84820,0.012077,0.009359,0.051879
84830,0.040910,0.030781,0.177331
84840,0.020570,0.015250,0.114151
84850,0.006728,0.004979,0.048230
84860,0.021188,0.015947,0.122669
84870,0.045207,0.033949,0.180275
84880,0.014765,0.011198,0.112748
84890,0.003496,0.002640,0.150095
84900,0.005317,0.003734,0.134854
84910,0.014368,0.010671,0.098301
84920,0.035623,0.027212,0.140362
84930,0.034465,0.026168,0.158052
84940,0.021388,0.015839,0.129381
84950,0.010518,0.008010,0.054670
84960,0.018378,0.013820,0.121925
84970,0.017052,0.012975,0.098970
84980,0.023442,0.017714,0.117843
84990,0.045363,0.034097,0.186073
85000,0.011022,0.008320,0.093727
85010,0.022613,0.017159,0.114976
85020,0.029064,0.023194,0.145318
85030,0.035555,0.026858,0.164663
85040,0.011807,0.008777,0.089180
85050,0.014708,0.010962,0.103210
85060,0.035049,0.026984,0.157526
85070,0.009134,0.006800,0.087415
85080,0.022531,0.017265,0.118023
85090,0.025166,0.018862,0.120448
85100,0.043804,0.033079,0.174088
85110,0.035395,0.026566,0.157216
85120,0.027479,0.020769,0.136920
85130,0.006813,0.005591,0.099482
85140,0.020500,0.016002,0.115240
85150,0.027790,0.021118,0.124014
85160,0.020044,0.015064,0.111681
85170,0.033180,0.025033,0.152075
85180,0.014403,0.011021,0.098532
85190,0.030922,0.023599,0.142681
85200,0.011943,0.009056,0.088750
85210,0.027020,0.020179,0.133701
85220,0.030674,0.023099,0.120583
85230,0.030290,0.023709,0.147380
85240,0.015919,0.012067,0.153477
85250,0.028532,0.021591,0.131345
85260,0.012889,0.009553,0.096834
85270,0.032788,0.024670,0.153868
85280,0.036642,0.027787,0.158620
85290,0.027002,0.020845,0.138326
85300,0.013691,0.009824,0.111072
85310,0.045870,0.034652,0.199230
85320,0.033392,0.024968,0.152191
85330,0.034742,0.026222,0.151643
85340,0.015697,0.011671,0.103247
85350,0.024680,0.018562,0.131104
85360,0.039751,0.029814,0.157990
85370,0.013428,0.009842,0.068647
85380,0.031648,0.023947,0.128093
85390,0.009376,0.006819,0.101444
85400,0.018328,0.013742,0.109167
85410,0.024699,0.017830,0.133447
85420,0.014773,0.010962,0.115805
85430,0.005003,0.003814,0.100971
85440,0.011869,0.008958,0.110004
85450,0.012055,0.008921,0.151706
85460,0.028762,0.021325,0.116437
85470,0.019192,0.014406,0.119017
85480,0.009489,0.006959,0.091034
85490,0.015864,0.011972,0.124646
85500,0.033757,0.025212,0.152262
85510,0.010818,0.008119,0.091268
85520,0.014647,0.010933,0.092880
85530,0.028378,0.021203,0.137239
85540,0.027035,0.020478,0.150038
85550,0.027425,0.020403,0.161275
85560,0.005214,0.003672,0.070992
85570,0.020669,0.015765,0.119536
85580,0.032159,0.024150,0.151064
85590,0.028782,0.021282,0.150185
85600,0.027961,0.021012,0.144852
85610,0.042239,0.031419,0.175565
85620,0.016386,0.012237,0.095706
85630,0.007451,0.005313,0.078499
85640,0.044842,0.034802,0.184844
85650,0.033297,0.026159,0.173929
85660,0.022591,0.017112,0.122009
85670,0.019628,0.015075,0.076015
85680,0.020432,0.015729,0.104698
85690,0.012395,0.009307,0.102323
85700,0.022431,0.016845,0.096505
85710,0.003136,0.002190,0.077684
85720,0.009465,0.007139,0.076821
85730,0.033484,0.025160,0.151735
85740,0.031362,0.023949,0.145911
85750,0.032084,0.024121,0.136047
85760,0.035792,0.027269,0.157844
85770,0.015468,0.011688,0.095047
85780,0.018135,0.013471,0.122097
85790,0.011854,0.008768,0.113912
85800,0.032383,0.024215,0.143073
85810,0.049124,0.038520,0.198715
85820,0.021650,0.016281,0.106419
85830,0.011718,0.008591,0.084733
85840,0.030875,0.023181,0.141543
85850,0.033137,0.025255,0.147889
85860,0.006447,0.004775,0.099011
85870,0.030688,0.023170,0.143204
85880,0.016011,0.012187,0.070353
85890,0.002464,0.001807,0.055664
85900,0.025531,0.018866,0.130095
85910,0.027273,0.020602,0.123104
85920,0.018459,0.013961,0.110332
85930,0.001334,0.001081,0.110370
85940,0.009193,0.006711,0.051051
85950,0.031863,0.024259,0.145597
85960,0.010715,0.008062,0.098822
85970,0.010711,0.008220,0.051696
85980,0.011523,0.008192,0.072732
85990,0.018423,0.013905,0.124752
86000,0.019739,0.014906,0.112737
86010,0.018586,0.013614,0.121313
86020,0.015978,0.013693,0.132530
86030,0.014486,0.011795,0.059886
86040,0.038300,0.028584,0.174173
86050,0.024947,0.018909,0.135495
86060,0.017393,0.012973,0.084522
86070,0.024019,0.017737,0.125721
86080,0.009833,0.007248,0.090671
86090,0.040643,0.030946,0.171430
86100,0.019204,0.014122,0.115866
86110,0.016561,0.012289,0.114330
86120,0.032950,0.024694,0.148050
86130,0.032478,0.024577,0.143521
86140,0.004996,0.003673,0.145969
86150,0.025588,0.018878,0.139039
86160,0.019101,0.014252,0.112823
86170,0.008877,0.006607,0.053909
86180,0.025133,0.019150,0.115807
86190,0.030254,0.022752,0.136104
86200,0.034491,0.025933,0.152674
86210,0.023683,0.017859,0.112741
86220,0.042639,0.032451,0.169823
86230,0.010578,0.007925,0.083524
86240,0.032039,0.024221,0.136078
86250,0.000148,0.000045,0.000267
86260,0.027101,0.020584,0.118692
86270,0.045810,0.034256,0.184696
86280,0.032754,0.024901,0.153493
86290,0.041427,0.031010,0.164628
86300,0.035375,0.023837,0.161997
86310,0.026824,0.019839,0.131729
86320,0.028372,0.021396,0.135095
86330,0.012815,0.009764,0.071641
86340,0.027644,0.020804,0.143481
86350,0.021470,0.016313,0.097853
86360,0.032409,0.024273,0.156040
86370,0.023082,0.017562,0.126106
86380,0.027430,0.020383,0.103606
86390,0.025655,0.019131,0.133481
86400,0.031253,0.023394,0.139529
86410,0.028378,0.021198,0.141051
86420,0.018818,0.014044,0.121102
86430,0.013684,0.010231,0.114042
86440,0.035065,0.026265,0.155243
86450,0.008994,0.006307,0.109491
86460,0.008051,0.005797,0.102360
86470,0.061414,0.046395,0.218951
86480,0.042592,0.032086,0.169184
86490,0.019019,0.014298,0.106933
86500,0.012484,0.009522,0.099091
86510,0.018882,0.014331,0.118029
86520,0.024140,0.018442,0.100492
86530,0.041108,0.031671,0.152385
86540,0.028735,0.021333,0.130616
86550,0.036758,0.027619,0.164747
86560,0.011328,0.008495,0.084464
86570,0.026477,0.019920,0.134870
86580,0.027236,0.020587,0.137560
86590,0.028560,0.021442,0.141997
86600,0.021352,0.015731,0.131018
86610,0.022728,0.017774,0.112994
86620,0.026792,0.020080,0.135061
86630,0.026142,0.019616,0.136649
86640,0.036652,0.028302,0.140426
86650,0.026449,0.019979,0.124398
86660,0.010166,0.007579,0.055682
86670,0.011661,0.008743,0.060837
86680,0.000008,0.000016,0.000042
86690,0.028076,0.021294,0.138220
86700,0.011190,0.009589,0.180458
86710,0.033348,0.025273,0.137814
86720,0.012230,0.009055,0.106157
86730,0.022792,0.017088,0.122457
86740,0.009228,0.007064,0.085127
86750,0.027404,0.020900,0.121176
86760,0.020992,0.015702,0.120258
86770,0.036515,0.027361,0.153624
86780,0.016668,0.012521,0.103901
86790,0.035066,0.026180,0.156162
86800,0.033837,0.025265,0.158813
86810,0.020426,0.015308,0.115445
86820,0.025425,0.019389,0.112247
86830,0.027713,0.021266,0.137637
86840,0.028497,0.021062,0.150486
86850,0.023660,0.017729,0.125270
86860,0.014164,0.010279,0.103882
86870,0.048466,0.035763,0.192499
86880,0.018287,0.013711,0.108214
86890,0.012715,0.009459,0.099465
86900,0.021413,0.016117,0.077403
86910,0.005592,0.004278,0.068198
86920,0.057069,0.042732,0.211214
86930,0.033481,0.025212,0.132702
86940,0.034121,0.025501,0.149255
86950,0.012657,0.009356,0.098304
86960,0.013434,0.009878,0.099960
86970,0.011493,0.008540,0.113849
86980,0.017158,0.012955,0.119638
86990,0.020353,0.016359,0.114791
87000,0.029579,0.022766,0.135260
87010,0.011844,0.008728,0.103378
87020,0.037102,0.027862,0.174110
87030,0.013655,0.010383,0.095044
87040,0.018266,0.013829,0.125954
87050,0.020744,0.015478,0.138749
87060,0.040671,0.030994,0.170763
87070,0.028692,0.021843,0.148844
87080,0.023313,0.017634,0.102167
87090,0.026739,0.019953,0.120803
87100,0.016953,0.012766,0.110201
87110,0.022626,0.016189,0.121817
87120,0.006232,0.004607,0.113613
87130,0.064961,0.051374,0.233993
87140,0.007518,0.005574,0.114113
87150,0.018094,0.013120,0.100956
87160,0.013064,0.009641,0.097692
87170,0.006383,0.005056,0.056043
87180,0.013812,0.010220,0.121423
87190,0.032860,0.025286,0.143797
87200,0.021399,0.016353,0.107657
87210,0.034652,0.025772,0.150359
87220,0.021642,0.016376,0.111042
87230,0.038195,0.029175,0.149412
87240,0.038686,0.028871,0.167171
87250,0.036661,0.027589,0.164451
87260,0.022512,0.016375,0.131299
87270,0.012927,0.010437,0.105682
87280,0.023653,0.017764,0.100014
87290,0.015760,0.011606,0.099107
87300,0.025928,0.019513,0.129795
87310,0.021864,0.016183,0.099820
87320,0.017476,0.013131,0.122680
87330,0.035237,0.026626,0.154700
87340,0.004798,0.003542,0.082364
87350,0.036378,0.027486,0.164791
87360,0.025648,0.019825,0.131948
87370,0.030750,0.022984,0.166923
87380,0.008772,0.006444,0.076424
87390,0.024869,0.018394,0.129915
87400,0.036074,0.027403,0.159753
87410,0.020573,0.015308,0.127426
87420,0.030106,0.022497,0.141742
87430,0.034224,0.025485,0.151823
87440,0.025619,0.019236,0.136251
87450,0.021549,0.016270,0.126830
87460,0.010747,0.007709,0.115893
87470,0.032525,0.024392,0.148442
87480,0.032465,0.024820,0.132006
87490,0.022414,0.016923,0.109452
87500,0.029257,0.021856,0.142039
87510,0.018977,0.014703,0.132833
87520,0.023218,0.017714,0.123700
87530,0.014317,0.010862,0.103388
87540,0.035905,0.027043,0.156284
87550,0.039384,0.029590,0.173375
87560,0.039323,0.029912,0.172448
87570,0.001598,0.001166,0.093424
87580,0.038205,0.029159,0.152617
87590,0.025044,0.019069,0.112468
87600,0.024555,0.018055,0.113852
87610,0.023946,0.018020,0.123302
87620,0.015209,0.011284,0.119049
87630,0.015495,0.011310,0.117569
87640,0.017535,0.013416,0.120653
87650,0.006959,0.005122,0.131448
87660,0.016226,0.012283,0.074866
87670,0.013919,0.010228,0.095725
87680,0.028968,0.021847,0.143345
87690,0.024004,0.018060,0.137727
87700,0.020226,0.015480,0.117590
87710,0.017467,0.013068,0.067468
87720,0.017692,0.013025,0.123962
87730,0.026363,0.019904,0.138624
87740,0.013995,0.010139,0.106111
87750,0.026894,0.020207,0.142435
87760,0.016470,0.012311,0.059558
87770,0.016345,0.012235,0.106788
87780,0.009388,0.006954,0.056413
87790,0.045526,0.034634,0.178194
87800,0.001340,0.000977,0.151213
87810,0.027273,0.020647,0.128385
87820,0.034338,0.026128,0.161103
87830,0.024967,0.018780,0.128411
87840,0.007542,0.005790,0.045113
87850,0.012824,0.009478,0.112916
87860,0.016089,0.012156,0.103260
87870,0.010554,0.007743,0.088138
87880,0.013358,0.009934,0.146043
87890,0.026196,0.019978,0.137005
87900,0.016577,0.012136,0.141453
87910,0.021290,0.015909,0.113120
87920,0.023489,0.017579,0.150598
87930,0.039173,0.029726,0.174987
87940,0.010932,0.008296,0.102729
87950,0.038331,0.028975,0.158487
87960,0.020707,0.015530,0.118236
87970,0.013308,0.010296,0.071361
87980,0.023990,0.017670,0.135676
87990,0.013522,0.010156,0.118187
88000,0.028145,0.021030,0.118404
88010,0.013335,0.010086,0.080012
88020,0.003753,0.002720,0.137542
88030,0.022749,0.017154,0.127460
88040,0.020334,0.015570,0.110657
88050,0.002733,0.002102,0.087844
88060,0.013382,0.010252,0.073800
88070,0.022065,0.016336,0.127364
88080,0.023836,0.017790,0.141895
88090,0.035112,0.026478,0.156515
88100,0.017067,0.012729,0.112840
88110,0.016758,0.012216,0.119070
88120,0.023397,0.017549,0.124383
88130,0.014646,0.010746,0.110126
88140,0.003101,0.002138,0.126629
88150,0.038802,0.029051,0.167808
88160,0.039026,0.029324,0.175239
88170,0.030583,0.022971,0.141627
88180,0.008867,0.006568,0.075087
88190,0.014638,0.011177,0.067461
88200,0.023011,0.017475,0.132670
88210,0.005249,0.003988,0.082643
88220,0.033343,0.025445,0.141522
88230,0.019895,0.015172,0.129917
88240,0.026459,0.020175,0.130367
88250,0.017710,0.013210,0.104856
88260,0.012100,0.008858,0.094008
88270,0.022997,0.017139,0.114126
88280,0.018842,0.014018,0.109772
88290,0.019576,0.014597,0.115062
88300,0.019891,0.014983,0.117743
88310,0.023373,0.017795,0.134904
88320,0.000001,0.000001,0.000003
88330,0.016131,0.011990,0.108961
88340,0.014462,0.010708,0.100488
88350,0.036497,0.027379,0.155329
88360,0.014531,0.010958,0.102181
88370,0.006978,0.005130,0.080179
88380,0.019245,0.014650,0.109871
88390,0.023281,0.017687,0.122297
88400,0.051546,0.039728,0.188804
88410,0.006862,0.005272,0.073810
88420,0.015581,0.012139,0.077103
88430,0.014716,0.010578,0.111611
88440,0.053463,0.040282,0.193502
88450,0.015115,0.011296,0.071487
88460,0.012282,0.008848,0.115748
88470,0.029609,0.021931,0.135656
88480,0.013007,0.009666,0.125445
88490,0.013245,0.009851,0.098848
88500,0.025026,0.018761,0.131083
88510,0.009107,0.006777,0.073643
88520,0.026733,0.020514,0.126199
88530,0.024676,0.018596,0.132526
88540,0.037055,0.028177,0.157265
88550,0.019613,0.014814,0.107221
88560,0.025644,0.019466,0.140236
88570,0.015528,0.011532,0.114856
88580,0.033796,0.025716,0.132515
88590,0.035280,0.026845,0.140171
88600,0.018522,0.013820,0.136561
88610,0.041270,0.031004,0.167040
88620,0.014224,0.010827,0.073795
88630,0.005707,0.004166,0.088041
88640,0.026713,0.020073,0.129459
88650,0.022652,0.017127,0.127757
88660,0.013170,0.010166,0.105380
88670,0.026843,0.019302,0.140286
88680,0.032249,0.024043,0.142715
88690,0.020483,0.015524,0.117952
88700,0.064477,0.045299,0.223098
88710,0.024470,0.018598,0.148256
88720,0.014830,0.011282,0.083573
88730,0.020179,0.015370,0.116433
88740,0.011556,0.008652,0.067985
88750,0.005492,0.003978,0.088471
88760,0.029059,0.021334,0.139725
88770,0.010617,0.007982,0.086097
88780,0.042857,0.032285,0.170343
88790,0.022513,0.016995,0.123340
88800,0.027814,0.020737,0.150930
88810,0.048185,0.036445,0.188675
88820,0.018925,0.014324,0.102082
88830,0.008216,0.006164,0.099128
88840,0.019601,0.014516,0.126375
88850,0.028331,0.021767,0.144473
88860,0.035435,0.026931,0.166893
88870,0.034852,0.026258,0.148985
88880,0.038149,0.029004,0.147036
88890,0.015048,0.011106,0.110420
88900,0.011952,0.008557,0.183337
88910,0.003981,0.002734,0.023545
88920,0.042747,0.032047,0.166660
88930,0.030227,0.022317,0.147396
88940,0.016304,0.012260,0.099124
88950,0.011483,0.008524,0.098418
88960,0.012726,0.009360,0.104870
88970,0.049759,0.037788,0.186933
88980,0.009476,0.007044,0.091794
88990,0.019970,0.015306,0.091848
89000,0.017894,0.013567,0.129849
89010,0.036595,0.027635,0.163878
89020,0.014976,0.011074,0.117652
89030,0.002913,0.002426,0.025448
89040,0.035556,0.026891,0.166822
89050,0.001102,0.000793,0.101463
89060,0.021002,0.015933,0.124722
89070,0.026435,0.019938,0.136181
89080,0.020291,0.015258,0.116460
89090,0.034735,0.026236,0.153188
89100,0.012707,0.009450,0.076547
89110,0.022212,0.016713,0.089778
89120,0.020345,0.015404,0.100467
89130,0.017269,0.012973,0.112830
89140,0.005794,0.004199,0.098967
89150,0.020098,0.015198,0.126110
89160,0.027239,0.020922,0.116903
89170,0.026536,0.020133,0.118010
89180,0.019352,0.014367,0.088272
89190,0.032135,0.024167,0.141304
89200,0.023369,0.017415,0.123626
89210,0.022265,0.017093,0.130737
89220,0.030843,0.023208,0.139726
89230,0.024098,0.018257,0.101590
89240,0.014246,0.010672,0.116744
89250,0.023327,0.017425,0.137021
89260,0.044089,0.033472,0.158460
89270,0.024664,0.018913,0.108179
89280,0.036588,0.028098,0.155572
89290,0.019634,0.015396,0.079149
89300,0.011012,0.007904,0.117390
89310,0.021104,0.015852,0.094209
89320,0.029389,0.022177,0.154419
89330,0.027171,0.020407,0.146425
89340,0.042146,0.031819,0.176355
89350,0.018366,0.013567,0.131369
89360,0.000808,0.000615,0.037879
89370,0.035735,0.027479,0.154568
89380,0.008920,0.006506,0.079878
89390,0.024569,0.018367,0.116200
89400,0.054998,0.041444,0.216349
89410,0.011871,0.008991,0.107138
89420,0.026954,0.020669,0.127733
89430,0.039832,0.029833,0.171642
89440,0.038104,0.028836,0.154236
89450,0.020779,0.015528,0.121909
89460,0.001631,0.001298,0.083143
89470,0.017072,0.012481,0.119676
89480,0.012875,0.009662,0.091986
89490,0.019818,0.015136,0.102035
89500,0.031374,0.023945,0.140122
89510,0.024091,0.017694,0.190871
89520,0.027605,0.020899,0.123334
89530,0.031708,0.024988,0.162852
89540,0.035370,0.026640,0.148903
89550,0.001061,0.000803,0.123040
89560,0.024103,0.018685,0.116146
89570,0.069411,0.048804,0.230722
89580,0.026628,0.020058,0.118974
89590,0.032670,0.025402,0.159343
89600,0.019091,0.014252,0.126768
89610,0.025585,0.019285,0.126318
89620,0.043355,0.032835,0.160162
89630,0.030990,0.023069,0.153160
89640,0.030415,0.022821,0.140435
89650,0.029658,0.022531,0.126114
89660,0.012448,0.009481,0.071097
89670,0.007197,0.005129,0.048211
89680,0.002075,0.001499,0.061120
89690,0.030424,0.022792,0.133815
89700,0.025819,0.019288,0.135984
89710,0.002981,0.002329,0.048566
89720,0.025731,0.019677,0.157707
89730,0.036256,0.027290,0.161907
89740,0.023625,0.017935,0.103381
89750,0.025086,0.018979,0.104685
89760,0.016473,0.012406,0.122670
89770,0.014792,0.011335,0.099646
89780,0.003253,0.002368,0.073365
89790,0.009265,0.006920,0.091606
89800,0.023824,0.018049,0.116521
89810,0.036570,0.028596,0.158096
89820,0.009972,0.007480,0.084933
89830,0.025392,0.019202,0.122398
89840,0.013437,0.010060,0.102308
89850,0.009246,0.006720,0.091474
89860,0.000752,0.000579,0.124188
89870,0.030306,0.022711,0.141699
89880,0.016231,0.012054,0.108383
89890,0.019130,0.014621,0.112946
89900,0.024411,0.018594,0.127906
89910,0.012204,0.008669,0.102941
89920,0.022845,0.017096,0.124640
89930,0.017384,0.012916,0.104633
89940,0.011404,0.008385,0.099533
89950,0.045785,0.034713,0.181698
89960,0.012665,0.009598,0.083895
89970,0.013580,0.010107,0.091054
89980,0.032018,0.024112,0.151593
89990,0.013908,0.010394,0.110052
90000,0.022166,0.017681,0.157666
90010,0.033514,0.025318,0.148610
90020,0.020700,0.015660,0.119017
90030,0.008659,0.006330,0.120120
90040,0.029233,0.022087,0.126446
90050,0.039128,0.029783,0.163385
90060,0.047260,0.035558,0.187678
90070,0.020200,0.015019,0.112139
90080,0.011161,0.008215,0.090138
90090,0.029912,0.022405,0.144469
90100,0.011489,0.008416,0.095993
90110,0.009358,0.006971,0.080452
90120,0.022611,0.016831,0.141294
90130,0.010665,0.008133,0.063994
90140,0.051601,0.039049,0.193338
90150,0.025689,0.019026,0.134263
90160,0.016632,0.012413,0.115956
90170,0.033775,0.025213,0.142294
90180,0.026708,0.019685,0.114457
90190,0.017323,0.012944,0.116747
90200,0.009044,0.006961,0.095056
90210,0.030249,0.022621,0.121780
90220,0.033900,0.025691,0.138800
90230,0.002806,0.002013,0.113057
90240,0.025686,0.019330,0.138185
90250,0.026593,0.019862,0.138114
90260,0.017379,0.013314,0.130165
90270,0.025672,0.020136,0.136030
90280,0.023517,0.017633,0.128423
90290,0.016549,0.012471,0.082919
90300,0.037091,0.028130,0.154985
90310,0.020559,0.015773,0.129564
90320,0.020501,0.015717,0.116158
90330,0.020555,0.015339,0.105016
90340,0.017262,0.013047,0.119404
90350,0.022024,0.016578,0.114304
90360,0.023304,0.017616,0.116176
90370,0.030508,0.022977,0.143749
90380,0.014683,0.010914,0.085809
90390,0.022182,0.017154,0.097745
90400,0.005938,0.004620,0.108437
90410,0.016796,0.012212,0.114413
90420,0.026562,0.020023,0.123842
90430,0.011162,0.008226,0.100221
90440,0.037573,0.028584,0.145953
90450,0.040037,0.030869,0.175792
90460,0.027123,0.020689,0.149818
90470,0.018444,0.014065,0.117898
90480,0.011529,0.008594,0.092282
90490,0.017580,0.013302,0.107028
90500,0.011321,0.008532,0.085445
90510,0.044350,0.033540,0.171289
90520,0.022939,0.017191,0.138282
90530,0.023771,0.017899,0.128420
90540,0.018322,0.013686,0.125988
90550,0.032809,0.024638,0.149040
90560,0.005528,0.003800,0.043841
90570,0.022941,0.017433,0.113838
90580,0.016196,0.012080,0.081320
90590,0.016511,0.012314,0.108207
90600,0.024464,0.018216,0.135798
90610,0.034102,0.025592,0.156669
90620,0.030146,0.022776,0.138471
90630,0.025306,0.018918,0.134844
90640,0.027175,0.020531,0.126637
90650,0.023723,0.017687,0.125776
90660,0.028380,0.021286,0.138235
90670,0.008790,0.006383,0.082996
90680,0.035782,0.039493,0.202941
90690,0.023290,0.017661,0.108308
90700,0.009620,0.007290,0.060880
90710,0.016823,0.012542,0.100987
90720,0.029435,0.022431,0.134413
90730,0.016377,0.012335,0.105263
90740,0.029315,0.022138,0.135456
90750,0.028137,0.020891,0.138736
90760,0.030929,0.023320,0.132086
90770,0.016124,0.012078,0.102192
90780,0.027627,0.021151,0.146230
90790,0.034667,0.026193,0.162966
90800,0.017500,0.013221,0.102572
90810,0.040001,0.030467,0.170874
90820,0.012225,0.009259,0.073235
90830,0.016777,0.012323,0.102035
90840,0.003174,0.002218,0.027370
90850,0.019886,0.017776,0.132776
90860,0.018845,0.014123,0.119667
90870,0.038174,0.028838,0.157487
90880,0.006506,0.004689,0.116176
90890,0.029944,0.022989,0.167780
90900,0.016079,0.012001,0.107774
90910,0.031577,0.023493,0.143875
90920,0.009118,0.006765,0.087312
90930,0.038959,0.029383,0.167698
90940,0.028974,0.021379,0.136085
90950,0.013808,0.010343,0.099660
90960,0.042867,0.032047,0.173872
90970,0.029291,0.022392,0.135881
90980,0.028592,0.021603,0.140147
90990,0.020598,0.015477,0.106702
91000,0.030430,0.022959,0.131584
91010,0.018990,0.014614,0.125676
91020,0.038337,0.029806,0.179058
91030,0.024568,0.018474,0.126807
91040,0.007179,0.005884,0.090531
91050,0.034949,0.026537,0.144293
91060,0.025732,0.019206,0.149773
91070,0.043047,0.032496,0.174183
91080,0.004036,0.002863,0.096148
91090,0.035965,0.027476,0.143748
91100,0.019937,0.015637,0.114173
91110,0.027555,0.020698,0.129175
91120,0.022047,0.016788,0.099135
91130,0.010953,0.008211,0.053161
91140,0.019742,0.014705,0.116532
91150,0.025283,0.018941,0.131214
91160,0.011301,0.008331,0.092413
91170,0.019533,0.014667,0.107114
91180,0.010808,0.008021,0.106611
91190,0.012732,0.009233,0.101222
91200,0.016825,0.012483,0.102351
91210,0.007258,0.005577,0.087783
91220,0.010895,0.007957,0.095323
91230,0.000942,0.000690,0.086806
91240,0.016694,0.012801,0.137648
91250,0.016920,0.012593,0.102549
91260,0.027868,0.020900,0.136073
91270,0.004060,0.003245,0.091429
91280,0.019830,0.014853,0.072944
91290,0.011761,0.008753,0.091040
91300,0.021940,0.016519,0.114598
91310,0.034446,0.025928,0.154907
91320,0.040799,0.030683,0.171285
91330,0.008727,0.006510,0.131011
91340,0.017500,0.013029,0.110518
91350,0.008009,0.006283,0.077953
91360,0.022186,0.018009,0.100398
91370,0.023072,0.017831,0.127664
91380,0.028001,0.021180,0.129988
91390,0.017033,0.012747,0.077204
91400,0.023379,0.018000,0.129418
91410,0.023867,0.017880,0.122051
91420,0.033117,0.024931,0.148665
91430,0.000471,0.000327,0.093181
91440,0.013654,0.010130,0.072590
91450,0.012562,0.009235,0.090759
91460,0.029716,0.022279,0.121266
91470,0.016602,0.012294,0.112915
91480,0.019494,0.014690,0.112865
91490,0.003268,0.002559,0.077539
91500,0.025658,0.019302,0.142664
91510,0.008854,0.006432,0.055900
91520,0.014280,0.010473,0.109094
91530,0.017931,0.013717,0.117170
91540,0.011522,0.008353,0.096366
91550,0.006700,0.004698,0.116505
91560,0.022350,0.017179,0.092148
91570,0.021724,0.016193,0.123482
91580,0.033161,0.024917,0.137941
91590,0.014931,0.011125,0.105962
91600,0.008307,0.006231,0.075591
91610,0.010646,0.008084,0.085363
91620,0.016569,0.013245,0.068518
91630,0.018058,0.013213,0.119937
91640,0.033473,0.025126,0.132248
91650,0.033864,0.025492,0.150271
91660,0.023215,0.017572,0.121328
91670,0.016604,0.012523,0.106820
91680,0.037117,0.027596,0.165151
91690,0.030587,0.022978,0.136805
91700,0.014449,0.010862,0.094678
91710,0.035594,0.026451,0.157184
91720,0.014657,0.011793,0.102044
91730,0.015264,0.011655,0.096840
91740,0.031001,0.023561,0.135130
91750,0.065356,0.049773,0.221699
91760,0.016330,0.011953,0.112014
91770,0.041602,0.031360,0.169009
91780,0.002604,0.002151,0.024284
91790,0.019995,0.015056,0.137293
91800,0.020054,0.015200,0.133406
91810,0.029614,0.021839,0.146448
91820,0.045286,0.034292,0.180895
91830,0.029627,0.022364,0.115776
91840,0.012883,0.009558,0.089247
91850,0.017318,0.013032,0.111983
91860,0.037723,0.028656,0.160744
91870,0.020956,0.015862,0.117834
91880,0.031010,0.023301,0.143203
91890,0.033468,0.025392,0.137806
91900,0.036545,0.027906,0.163444
91910,0.012807,0.009646,0.108924
91920,0.015656,0.011870,0.087045
91930,0.011525,0.008570,0.114339
91940,0.023872,0.017655,0.126365
91950,0.008688,0.006607,0.061095
91960,0.022840,0.017056,0.144297
91970,0.009645,0.007260,0.097275
91980,0.021097,0.015962,0.090696
91990,0.032943,0.024610,0.162662
92000,0.010580,0.007759,0.080754
92010,0.024735,0.018721,0.104263
92020,0.032376,0.024688,0.148699
92030,0.010490,0.007385,0.077880
92040,0.012708,0.009646,0.108711
92050,0.014760,0.011497,0.080477
92060,0.024167,0.018458,0.131862
92070,0.020783,0.015683,0.095899
92080,0.030896,0.023229,0.147906
92090,0.012193,0.008980,0.099286
92100,0.028051,0.021160,0.135376
92110,0.000223,0.000168,0.067608
92120,0.030064,0.022741,0.127827
92130,0.030222,0.022584,0.141595
92140,0.032258,0.026136,0.153003
92150,0.010474,0.007794,0.089566
92160,0.008263,0.006110,0.098344
92170,0.005383,0.004203,0.116132
92180,0.018459,0.013653,0.086594
92190,0.012826,0.009457,0.097573
92200,0.023157,0.017751,0.117100
92210,0.026971,0.020613,0.131614
92220,0.038670,0.029323,0.144980
92230,0.018564,0.014143,0.102666
92240,0.004328,0.003328,0.107675
92250,0.012005,0.008930,0.100255
92260,0.000370,0.000321,0.060478
92270,0.007057,0.005380,0.047419
92280,0.002073,0.001582,0.018591
92290,0.014911,0.011109,0.075343
92300,0.013505,0.010041,0.088324
92310,0.015593,0.011481,0.106969
92320,0.046329,0.035075,0.194701
92330,0.024303,0.018524,0.119970
92340,0.006296,0.004758,0.090079
92350,0.001255,0.000926,0.050261
92360,0.033244,0.025080,0.150499
92370,0.029798,0.022507,0.111115
92380,0.020581,0.015481,0.104405
92390,0.026828,0.020347,0.138823
92400,0.014732,0.011113,0.103740
92410,0.032391,0.024338,0.154760
92420,0.034898,0.026373,0.150217
92430,0.015827,0.011784,0.114080
92440,0.023682,0.017933,0.148142
92450,0.003365,0.002466,0.158470
92460,0.024816,0.018454,0.128469
92470,0.029351,0.021863,0.154995
92480,0.029820,0.022834,0.116430
92490,0.032492,0.024860,0.144992
92500,0.015336,0.011465,0.095108
92510,0.032952,0.024756,0.158667
92520,0.006291,0.004436,0.183839
92530,0.033223,0.025306,0.142718
92540,0.022225,0.016585,0.127553
92550,0.001324,0.000997,0.100986
92560,0.027241,0.020682,0.127241
92570,0.035272,0.026329,0.159978
92580,0.049574,0.037810,0.174516
92590,0.020233,0.015175,0.124125
92600,0.020450,0.015258,0.125211
92610,0.000026,0.000013,0.000067
92620,0.007759,0.005829,0.076857
92630,0.032966,0.024738,0.160795
92640,0.005579,0.004203,0.582199
92650,0.026850,0.020220,0.146818
92660,0.044044,0.033097,0.164445
92670,0.029919,0.022487,0.144827
92680,0.020865,0.015530,0.130696
92690,0.019794,0.015054,0.115212
92700,0.019722,0.014711,0.110262
92710,0.025543,0.019218,0.132250
92720,0.011627,0.008563,0.092720
92730,0.023213,0.017406,0.121245
92740,0.036380,0.027641,0.151501
92750,0.016979,0.012834,0.083433
92760,0.018151,0.013269,0.107460
92770,0.036190,0.027262,0.159558
92780,0.021972,0.016527,0.122921
92790,0.080723,0.057651,0.281867
92800,0.020973,0.015775,0.122959
92810,0.016409,0.013150,0.134525
92820,0.015109,0.010829,0.105877
92830,0.017915,0.013714,0.089152
92840,0.012394,0.009266,0.097971
92850,0.026674,0.020066,0.116572
92860,0.022831,0.017241,0.113485
92870,0.019246,0.014679,0.119453
92880,0.015606,0.011492,0.104568
92890,0.024839,0.018540,0.125588
92900,0.018244,0.013954,0.113122
92910,0.020895,0.015763,0.139733
92920,0.027362,0.020653,0.130682
92930,0.016599,0.012476,0.063903
92940,0.044563,0.033820,0.173063
92950,0.031140,0.023952,0.143783
92960,0.020377,0.015322,0.117999
92970,0.027638,0.020763,0.142962
92980,0.011583,0.008565,0.112827
92990,0.027279,0.020347,0.135178
93000,0.026807,0.020292,0.132776
93010,0.033431,0.025315,0.149884
93020,0.012489,0.009041,0.105331
93030,0.022863,0.017402,0.129237
93040,0.013775,0.010408,0.057419
93050,0.005623,0.004222,0.024196
93060,0.034092,0.025592,0.155601
93070,0.001880,0.001463,0.259727
93080,0.039739,0.030136,0.145118
93090,0.024619,0.018913,0.130510
93100,0.021346,0.016678,0.117379
93110,0.004957,0.003656,0.070520
93120,0.020630,0.015431,0.092267
93130,0.023619,0.017865,0.121994
93140,0.004007,0.002930,0.106298
93150,0.022479,0.016915,0.102143
93160,0.018786,0.013953,0.110983
93170,0.014040,0.010557,0.094304
93180,0.021569,0.016204,0.115721
93190,0.033982,0.025592,0.146597
93200,0.002275,0.001641,0.093145
93210,0.031466,0.023647,0.133745
93220,0.028778,0.021793,0.132049
93230,0.011994,0.009241,0.066389
93240,0.022224,0.016875,0.108670
93250,0.018474,0.013805,0.117012
93260,0.023264,0.017603,0.132234
93270,0.020426,0.015564,0.110645
93280,0.020014,0.015156,0.116542
93290,0.043959,0.033041,0.178117
93300,0.034998,0.026465,0.154394
93310,0.009099,0.007035,0.076316
93320,0.014663,0.010955,0.092299
93330,0.033531,0.025296,0.147472
93340,0.023896,0.018112,0.121052
93350,0.026581,0.020036,0.132769
93360,0.020869,0.016032,0.082798
93370,0.026696,0.019920,0.153045
93380,0.024744,0.018999,0.111475
93390,0.007443,0.005798,0.089055
93400,0.013655,0.010136,0.069887
93410,0.015668,0.011956,0.103375
93420,0.025779,0.019903,0.120225
93430,0.015075,0.011378,0.120165
93440,0.031594,0.023656,0.148449
93450,0.023173,0.017814,0.121317
93460,0.011208,0.008690,0.096770
93470,0.008349,0.006514,0.077590
93480,0.025704,0.019239,0.138110
93490,0.026354,0.020123,0.127819
93500,0.007142,0.005192,0.074420
93510,0.019635,0.014866,0.135390
93520,0.009042,0.006812,0.077984
93530,0.027001,0.020152,0.118749
93540,0.014489,0.011047,0.098676
93550,0.030536,0.022920,0.142409
93560,0.011019,0.008250,0.066967
93570,0.036858,0.027427,0.160876
93580,0.019295,0.014117,0.133665
93590,0.033435,0.024872,0.138791
93600,0.000222,0.000350,0.000737
93610,0.015970,0.011886,0.082472
93620,0.009474,0.007164,0.067744
93630,0.000003,0.000005,0.000014
93640,0.020465,0.015484,0.124485
93650,0.019541,0.015088,0.096184
93660,0.019424,0.014573,0.106536
93670,0.010091,0.007479,0.117921
93680,0.010396,0.007867,0.088088
93690,0.007886,0.005824,0.098858
93700,0.029040,0.020699,0.137299
93710,0.045384,0.034493,0.195149
93720,0.021607,0.016164,0.122327
93730,0.042167,0.032164,0.169254
93740,0.024247,0.018160,0.118198
93750,0.036522,0.027845,0.134383
93760,0.023634,0.017777,0.126857
93770,0.030347,0.023130,0.141586
93780,0.027216,0.020694,0.117846
93790,0.005384,0.003831,0.112029
93800,0.026793,0.020172,0.141667
93810,0.025285,0.018821,0.131960
93820,0.029252,0.022243,0.136111
93830,0.018976,0.014212,0.118060
93840,0.032728,0.024511,0.150410
93850,0.026764,0.020286,0.111652
93860,0.018899,0.014347,0.150517
93870,0.016121,0.012091,0.122440
93880,0.013980,0.010535,0.104983
93890,0.013655,0.010146,0.095769
93900,0.012998,0.009917,0.092911
93910,0.045702,0.034411,0.163193
93920,0.021711,0.016364,0.121002
93930,0.001137,0.000821,0.110594
93940,0.030409,0.022834,0.155905
93950,0.018380,0.014008,0.090672
93960,0.026617,0.020353,0.141996
93970,0.033172,0.024756,0.145867
93980,0.005321,0.003827,0.115337
93990,0.010162,0.007794,0.076742
94000,0.027050,0.020604,0.133091
94010,0.013027,0.009661,0.072308
94020,0.040395,0.030300,0.166898
94030,0.030335,0.022774,0.147491
94040,0.038311,0.028548,0.164252
94050,0.007475,0.005647,0.060361
94060,0.011404,0.008827,0.086072
94070,0.011072,0.008344,0.092957
94080,0.022871,0.017141,0.119674
94090,0.014217,0.010186,0.099632
94100,0.021590,0.016526,0.128370
94110,0.028124,0.021168,0.139623
94120,0.027024,0.020350,0.130721
94130,0.027046,0.020472,0.140849
94140,0.035111,0.026584,0.141993
94150,0.006735,0.004949,0.050131
94160,0.017787,0.013734,0.085596
94170,0.047284,0.035717,0.182838
94180,0.015142,0.011149,0.098730
94190,0.017905,0.013287,0.068681
94200,0.023729,0.018084,0.125316
94210,0.035778,0.027021,0.154495
94220,0.005342,0.003952,0.099056
94230,0.014289,0.010584,0.105692
94240,0.013118,0.010054,0.054127
94250,0.021511,0.016697,0.122981
94260,0.026971,0.020548,0.101474
94270,0.009623,0.007423,0.095442
94280,0.030534,0.023007,0.136566
94290,0.023963,0.017925,0.128033
94300,0.032382,0.024373,0.144362
94310,0.010171,0.007700,0.091551
94320,0.029066,0.021719,0.127044
94330,0.027811,0.021060,0.135697
94340,0.007518,0.005483,0.087711
94350,0.026152,0.020024,0.131624
94360,0.024284,0.018368,0.126468
94370,0.030746,0.023406,0.147236
94380,0.013293,0.009929,0.108483
94390,0.025502,0.019064,0.140110
94400,0.005477,0.003914,0.093649
94410,0.029747,0.022484,0.146032
94420,0.011911,0.009073,0.097312
94430,0.026710,0.020138,0.141510
94440,0.009394,0.007050,0.082433
94450,0.022584,0.016944,0.136535
94460,0.028052,0.021123,0.142312
94470,0.015419,0.011582,0.098661
94480,0.016265,0.011825,0.115393
94490,0.019571,0.014799,0.109028
94500,0.018498,0.013387,0.078102
94510,0.028820,0.021509,0.158472
94520,0.043861,0.033230,0.172698
94530,0.027333,0.020948,0.112921
94540,0.025211,0.019257,0.124078
94550,0.045539,0.034187,0.175112
94560,0.008785,0.006260,0.263980
94570,0.019362,0.014411,0.097975
94580,0.030996,0.025159,0.159460
94590,0.029942,0.021922,0.135644
94600,0.019042,0.014286,0.142810
94610,0.016052,0.011921,0.106352
94620,0.034598,0.025936,0.156093
94630,0.026296,0.019831,0.132951
94640,0.015123,0.011927,0.117649
94650,0.017646,0.013002,0.131311
94660,0.023209,0.017136,0.127400
94670,0.011385,0.008420,0.084940
94680,0.007515,0.005709,0.074902
94690,0.021323,0.016008,0.094584
94700,0.020646,0.015504,0.117911
94710,0.008474,0.006386,0.083343
94720,0.021784,0.016330,0.130473
94730,0.023565,0.017715,0.119714
94740,0.021442,0.016185,0.082775
94750,0.015157,0.011536,0.096880
94760,0.015895,0.011900,0.098213
94770,0.030494,0.023130,0.136197
94780,0.043082,0.032580,0.175171
94790,0.014558,0.011782,0.073125
94800,0.018472,0.013960,0.094638
94810,0.019822,0.014698,0.115838
94820,0.033221,0.025021,0.147755
94830,0.025604,0.019309,0.111114
94840,0.027557,0.020796,0.138226
94850,0.001367,0.000954,0.061950
94860,0.016807,0.012359,0.122239
94870,0.000329,0.000248,0.119536
94880,0.013562,0.009797,0.120789
94890,0.010961,0.008310,0.067547
94900,0.003754,0.002891,0.074765
94910,0.021245,0.015930,0.122754
94920,0.039727,0.029896,0.163095
94930,0.000531,0.000511,0.108249
94940,0.028817,0.021799,0.149557
94950,0.014293,0.010665,0.100869
94960,0.034600,0.026056,0.138574
94970,0.012854,0.009365,0.108997
94980,0.027554,0.020559,0.146412
94990,0.026074,0.019861,0.138097
95000,0.007359,0.005592,0.041427
95010,0.029857,0.022528,0.137337
95020,0.020661,0.015151,0.133132
95030,0.020508,0.016037,0.169354
95040,0.019241,0.014711,0.111711
95050,0.012768,0.009498,0.059473
95060,0.010312,0.007770,0.064645
95070,0.010378,0.007365,0.057938
95080,0.020979,0.015742,0.088158
95090,0.024326,0.018205,0.119692
95100,0.014580,0.010828,0.071583
95110,0.016323,0.012611,0.114064
95120,0.054926,0.042170,0.218077
95130,0.029761,0.022116,0.145113
95140,0.019340,0.014626,0.108055
95150,0.021819,0.016451,0.116705
95160,0.025482,0.019321,0.107422
95170,0.014351,0.011210,0.059176
95180,0.015348,0.011541,0.110242
95190,0.012125,0.009100,0.103913
95200,0.012379,0.009286,0.056450
95210,0.025142,0.018839,0.124722
95220,0.024554,0.018732,0.103466
95230,0.025220,0.018849,0.127193
95240,0.019581,0.014617,0.111372
95250,0.016072,0.012082,0.093815
95260,0.040589,0.030785,0.165861
95270,0.038541,0.028861,0.161557
95280,0.046966,0.035108,0.183617
95290,0.058429,0.044917,0.200896
95300,0.023476,0.017510,0.132757
95310,0.025929,0.019418,0.144111
95320,0.034123,0.026106,0.157952
95330,0.041055,0.031305,0.165675
95340,0.027016,0.020493,0.142131
95350,0.012523,0.009253,0.113602
95360,0.037752,0.028923,0.159122
95370,0.030279,0.023003,0.136410
95380,0.014651,0.010908,0.117380
95390,0.028585,0.021540,0.138468
95400,0.014230,0.010586,0.076385
95410,0.017593,0.013777,0.103413
95420,0.036806,0.028135,0.158897
95430,0.010767,0.008123,0.049175
95440,0.023140,0.017520,0.113369
95450,0.032793,0.024587,0.155405
95460,0.019687,0.015043,0.120819
95470,0.022129,0.016993,0.119178
95480,0.024939,0.018891,0.116590
95490,0.026333,0.019643,0.116104
95500,0.017745,0.013064,0.108814
95510,0.022169,0.016539,0.104508
95520,0.030093,0.022605,0.134939
95530,0.001013,0.000854,0.181903
95540,0.030795,0.022833,0.147559
95550,0.036979,0.027774,0.156966
95560,0.032838,0.025004,0.149699
95570,0.002263,0.001689,0.198490
95580,0.027736,0.020668,0.148341
95590,0.022737,0.017108,0.127802
95600,0.028730,0.021845,0.120533
95610,0.024339,0.018507,0.122626
95620,0.015386,0.011557,0.101286
95630,0.015828,0.012101,0.079356
95640,0.012493,0.009355,0.097812
95650,0.018035,0.013872,0.113874
95660,0.014978,0.010804,0.147273
95670,0.034744,0.026102,0.143763
95680,0.018724,0.013921,0.134667
95690,0.026337,0.020042,0.141654
95700,0.020093,0.015092,0.116702
95710,0.013474,0.009908,0.096293
95720,0.021284,0.016010,0.107972
95730,0.016247,0.012282,0.096605
95740,0.026937,0.018353,0.174031
95750,0.054086,0.040892,0.183140
95760,0.027749,0.020991,0.149408
95770,0.043121,0.032816,0.175316
95780,0.033056,0.025386,0.130748
95790,0.018388,0.013847,0.109286
95800,0.022285,0.016622,0.106178
95810,0.044157,0.033261,0.182010
95820,0.007904,0.006120,0.113498
95830,0.044025,0.033357,0.170998
95840,0.012126,0.009070,0.093497
95850,0.002110,0.001716,0.068660
95860,0.018709,0.013822,0.115908
95870,0.029295,0.022049,0.135233
95880,0.021639,0.016394,0.116133
95890,0.026628,0.020690,0.127051
95900,0.022440,0.016603,0.122054
95910,0.035811,0.026715,0.156877
95920,0.004890,0.003661,0.025319
95930,0.020163,0.015231,0.118213
95940,0.032402,0.024396,0.147538
95950,0.005412,0.004119,0.092665
95960,0.037528,0.028005,0.162699
95970,0.017279,0.012956,0.105176
95980,0.022121,0.016582,0.142475
95990,0.007822,0.005901,0.121857
96000,0.015917,0.014330,0.083810
96010,0.024477,0.018306,0.142517
96020,0.020381,0.015446,0.119939
96030,0.016840,0.012503,0.130337
96040,0.050716,0.038292,0.186967
96050,0.026487,0.019348,0.138566
96060,0.026897,0.020289,0.131808
96070,0.031179,0.023475,0.144505
96080,0.013508,0.010560,0.127347
96090,0.026964,0.020711,0.142016
96100,0.015881,0.011872,0.102490
96110,0.051889,0.039139,0.191151
96120,0.013032,0.009786,0.106406
96130,0.030714,0.023473,0.123490
96140,0.021607,0.016293,0.127827
96150,0.002450,0.001880,0.025937
96160,0.033812,0.025546,0.145973
96170,0.040087,0.030060,0.167347
96180,0.028541,0.023293,0.154390
96190,0.011791,0.008535,0.108932
96200,0.035073,0.026228,0.157925
96210,0.012105,0.008997,0.097241
96220,0.022903,0.017414,0.115462
96230,0.043576,0.033158,0.180068
96240,0.004615,0.003606,0.063495
96250,0.030056,0.022760,0.144953
96260,0.025482,0.018408,0.152607
96270,0.005890,0.004129,0.089622
96280,0.018614,0.013986,0.107598
96290,0.032222,0.024359,0.145842
96300,0.027727,0.021191,0.139383
96310,0.024620,0.018589,0.120446
96320,0.033461,0.025260,0.148358
96330,0.011682,0.008832,0.082551
96340,0.031325,0.023650,0.130022
96350,0.046374,0.035047,0.176273
96360,0.017360,0.013143,0.091444
96370,0.004546,0.003624,0.101942
96380,0.034490,0.026158,0.147276
96390,0.018937,0.014395,0.107117
96400,0.025247,0.019173,0.127818
96410,0.031621,0.023779,0.132607
96420,0.033790,0.025691,0.149077
96430,0.015588,0.011713,0.130727
96440,0.004595,0.003516,0.061122
96450,0.022003,0.016726,0.113388
96460,0.028548,0.021093,0.129574
96470,0.027418,0.020441,0.149741
96480,0.004293,0.003152,0.035251
96490,0.032564,0.024372,0.133551
96500,0.028257,0.021163,0.142799
96510,0.012702,0.009299,0.109348
96520,0.039279,0.029655,0.157795
96530,0.031632,0.023937,0.155747
96540,0.029925,0.022765,0.132975
96550,0.013592,0.010162,0.105047
96560,0.011899,0.008644,0.113877
96570,0.018304,0.013451,0.086513
96580,0.020990,0.016184,0.092142
96590,0.010771,0.008231,0.106928
96600,0.021708,0.016343,0.114815
96610,0.034289,0.027375,0.165407
96620,0.011609,0.008880,0.068793
96630,0.030222,0.022471,0.143460
96640,0.014173,0.010678,0.069421
96650,0.028209,0.021194,0.144480
96660,0.028082,0.021337,0.134526
96670,0.016703,0.012386,0.118584
96680,0.008600,0.006302,0.088834
96690,0.035422,0.026856,0.149382
96700,0.007531,0.005624,0.042254
96710,0.032475,0.024620,0.148943
96720,0.030406,0.022845,0.119951
96730,0.017848,0.013450,0.101456
96740,0.034750,0.026299,0.159505
96750,0.009156,0.006954,0.082832
96760,0.032825,0.024711,0.146110
96770,0.047638,0.035843,0.189424
96780,0.018893,0.013792,0.133054
96790,0.017307,0.013142,0.103614
96800,0.023943,0.018231,0.125899
96810,0.016353,0.011961,0.112536
96820,0.022687,0.017409,0.092771
96830,0.013811,0.010344,0.076266
96840,0.019224,0.014586,0.110059
96850,0.005412,0.004432,0.101297
96860,0.020880,0.015711,0.111675
96870,0.005007,0.003589,0.055539
96880,0.021845,0.016190,0.143535
96890,0.014454,0.010520,0.090868
96900,0.034047,0.025983,0.134096
96910,0.009582,0.006819,0.086816
96920,0.021272,0.015830,0.122732
96930,0.031453,0.023437,0.139535
96940,0.022059,0.016491,0.140606
96950,0.019827,0.014932,0.133578
96960,0.018575,0.013862,0.084751
96970,0.027567,0.020662,0.135779
96980,0.026196,0.019556,0.134238
96990,0.005491,0.004134,0.073637
97000,0.023561,0.018209,0.127765
97010,0.019095,0.014122,0.116913
97020,0.008347,0.006443,0.045531
97030,0.016688,0.012649,0.107302
97040,0.011857,0.008822,0.109580
97050,0.024146,0.017981,0.130412
97060,0.016284,0.011811,0.119457
97070,0.024156,0.017864,0.128858
97080,0.013520,0.009957,0.100996
97090,0.031280,0.023342,0.150290
97100,0.018575,0.014153,0.086779
97110,0.027844,0.021123,0.137455
97120,0.035088,0.026835,0.155102
97130,0.034158,0.025772,0.152904
97140,0.023797,0.017947,0.113394
97150,0.045420,0.034633,0.168772
97160,0.022521,0.016784,0.132433
97170,0.048473,0.036751,0.176570
97180,0.017302,0.012809,0.101561
97190,0.015887,0.011847,0.092772
97200,0.017677,0.013229,0.093074
97210,0.022252,0.016583,0.121501
97220,0.007537,0.005880,0.063540
97230,0.018814,0.014120,0.108084
97240,0.031166,0.023103,0.144771
97250,0.018673,0.013983,0.124748
97260,0.020979,0.015924,0.081077
97270,0.044551,0.033560,0.176681
97280,0.009385,0.007187,0.049192
97290,0.011101,0.008087,0.096153
97300,0.033256,0.025025,0.149228
97310,0.022483,0.016794,0.096592
97320,0.023336,0.017670,0.095450
97330,0.038617,0.029147,0.177487
97340,0.009723,0.007218,0.091201
97350,0.023196,0.017535,0.132352
97360,0.032249,0.024309,0.149848
97370,0.032144,0.024393,0.141539
97380,0.015535,0.011880,0.097114
97390,0.034056,0.025955,0.151795
97400,0.046961,0.035680,0.181057
97410,0.017464,0.013192,0.134554
97420,0.030582,0.023108,0.144661
97430,0.020381,0.015320,0.110728
97440,0.013492,0.010055,0.106626
97450,0.035490,0.027299,0.139837
97460,0.021910,0.016206,0.116796
97470,0.039954,0.032534,0.173892
97480,0.016627,0.012791,0.102159
97490,0.011083,0.008351,0.087521
97500,0.016686,0.012641,0.109613
97510,0.026652,0.021369,0.153341
97520,0.009175,0.006729,0.118051
97530,0.011644,0.008876,0.062364
97540,0.036208,0.027339,0.156004
97550,0.023203,0.017509,0.124232
97560,0.031384,0.023764,0.133031
97570,0.013399,0.010111,0.107063
97580,0.000001,0.000000,0.000002
97590,0.024574,0.018689,0.126391
97600,0.016661,0.012641,0.119676
97610,0.013132,0.009953,0.097170
97620,0.023482,0.017533,0.112896
97630,0.026921,0.020230,0.135173
97640,0.030358,0.023143,0.144038
97650,0.036705,0.027560,0.167465
97660,0.019718,0.014938,0.115716
97670,0.016182,0.012627,0.101446
97680,0.033441,0.025139,0.125509
97690,0.000852,0.000609,0.121442
97700,0.040550,0.030456,0.167709
97710,0.013175,0.010118,0.092398
97720,0.017883,0.013637,0.097974
97730,0.023388,0.017790,0.122566
97740,0.021907,0.016740,0.100060
97750,0.022953,0.017142,0.125327
97760,0.033980,0.025677,0.147939
97770,0.021991,0.016650,0.129294
97780,0.030685,0.023046,0.136314
97790,0.019096,0.014356,0.113199
97800,0.041106,0.031429,0.176067
97810,0.027993,0.021059,0.144096
97820,0.044571,0.033189,0.186477
97830,0.031100,0.023396,0.141056
97840,0.015428,0.011572,0.079562
97850,0.016232,0.011977,0.106559
97860,0.009505,0.007077,0.095009
97870,0.019538,0.014734,0.110007
97880,0.028160,0.021302,0.130672
97890,0.039282,0.033219,0.200330
97900,0.026697,0.020190,0.119026
97910,0.033888,0.025650,0.151088
97920,0.019714,0.014855,0.115736
97930,0.008678,0.006529,0.067903
97940,0.018198,0.013520,0.118042
97950,0.032789,0.025126,0.151729
97960,0.019821,0.014835,0.122533
97970,0.016625,0.012761,0.079630
97980,0.023368,0.017379,0.123274
97990,0.017195,0.013363,0.109531
98000,0.011052,0.008341,0.090023
98010,0.013333,0.009736,0.121680
98020,0.037724,0.028670,0.154443
98030,0.031188,0.024901,0.135864
98040,0.029882,0.022696,0.143997
98050,0.016788,0.012828,0.104513
98060,0.014925,0.011338,0.090033
98070,0.019732,0.014764,0.115517
98080,0.032407,0.024429,0.124670
98090,0.017158,0.012758,0.111098
98100,0.034551,0.026109,0.154834
98110,0.023415,0.017900,0.100282
98120,0.019657,0.015063,0.109504
98130,0.036443,0.027597,0.151736
98140,0.031342,0.022848,0.152578
98150,0.035312,0.026610,0.154395
98160,0.015712,0.011807,0.093207
98170,0.027029,0.020258,0.143811
98180,0.024674,0.018372,0.137106
98190,0.006746,0.004993,0.038774
98200,0.010222,0.007498,0.083197
98210,0.020725,0.015758,0.115254
98220,0.013005,0.009696,0.082049
98230,0.014192,0.010723,0.072607
98240,0.025435,0.019406,0.114209
98250,0.010427,0.007869,0.085151
98260,0.039472,0.029856,0.154940
98270,0.019004,0.014507,0.093256
98280,0.021978,0.016521,0.125693
98290,0.025041,0.018755,0.136447
98300,0.015981,0.012660,0.109689
98310,0.024811,0.019167,0.120398
98320,0.040205,0.028896,0.169411
98330,0.009469,0.006560,0.108091
98340,0.013362,0.009927,0.090610
98350,0.017283,0.012931,0.109809
98360,0.001834,0.001113,0.118377
98370,0.027839,0.021038,0.140201
98380,0.015007,0.010952,0.114547
98390,0.031105,0.023674,0.149725
98400,0.039661,0.030046,0.167417
98410,0.025100,0.018747,0.127902
98420,0.033328,0.025224,0.125075
98430,0.017220,0.013085,0.109402
98440,0.031684,0.024132,0.147081
98450,0.018587,0.014430,0.094422
98460,0.016756,0.012304,0.127984
98470,0.018911,0.014265,0.100177
98480,0.014132,0.010798,0.111133
98490,0.015777,0.011548,0.124683
98500,0.025042,0.018847,0.129096
98510,0.007020,0.005161,0.100942
98520,0.031244,0.023399,0.152102
98530,0.028839,0.021494,0.145896
98540,0.011627,0.008748,0.063128
98550,0.019089,0.014397,0.105049
98560,0.001458,0.001072,0.053238
98570,0.001253,0.000938,0.066601
98580,0.020943,0.015769,0.118618
98590,0.006563,0.004934,0.080176
98600,0.030147,0.022954,0.137864
98610,0.047333,0.035980,0.181151
98620,0.020730,0.015184,0.082698
98630,0.005545,0.004061,0.056853
98640,0.019758,0.014732,0.119481
98650,0.024072,0.018435,0.120837
98660,0.023315,0.017579,0.117916
98670,0.006200,0.004554,0.088650
98680,0.016496,0.012368,0.094484
98690,0.013545,0.010227,0.062816
98700,0.003787,0.002722,0.109417
98710,0.015899,0.012010,0.089596
98720,0.008728,0.006346,0.094060
98730,0.021858,0.016544,0.121237
98740,0.025285,0.019218,0.126806
98750,0.027719,0.020771,0.118262
98760,0.013080,0.009914,0.056403
98770,0.013204,0.009763,0.099452
98780,0.025628,0.019586,0.106904
98790,0.025813,0.019364,0.119168
98800,0.022850,0.017385,0.118375
98810,0.019321,0.014534,0.118905
98820,0.027767,0.020784,0.138172
98830,0.015995,0.011852,0.078116
98840,0.024662,0.018920,0.137387
98850,0.012863,0.009643,0.096863
98860,0.013116,0.009994,0.111733
98870,0.009446,0.007240,0.058326
98880,0.011612,0.008436,0.117569
98890,0.014097,0.010376,0.097739
98900,0.028802,0.021950,0.116714
98910,0.011280,0.008482,0.087657
98920,0.042919,0.032472,0.171858
98930,0.034606,0.026367,0.150400
98940,0.021605,0.016068,0.123616
98950,0.028124,0.021428,0.134674
98960,0.032773,0.024858,0.139529
98970,0.016412,0.012468,0.089212
98980,0.010563,0.008074,0.086942
98990,0.024505,0.018794,0.118898
99000,0.022783,0.017176,0.121249
99010,0.026714,0.020340,0.115849
99020,0.042181,0.031746,0.162179
99030,0.006603,0.004310,0.195227
99040,0.016175,0.012111,0.082611
99050,0.035402,0.027074,0.144616
99060,0.020890,0.015532,0.121891
99070,0.015707,0.011976,0.100441
99080,0.001072,0.000781,0.010416
99090,0.007401,0.005891,0.126967
99100,0.034393,0.026373,0.138696
99110,0.016484,0.012021,0.088321
99120,0.020856,0.015904,0.101671
99130,0.025825,0.019618,0.109085
99140,0.030992,0.023355,0.143868
99150,0.010184,0.007601,0.053231
99160,0.033439,0.025139,0.147800
99170,0.009270,0.007177,0.079223
99180,0.025083,0.018803,0.114408
99190,0.012679,0.009585,0.118159
99200,0.030152,0.022531,0.147480
99210,0.022035,0.016290,0.120085
99220,0.038125,0.028762,0.153776
99230,0.020615,0.015594,0.110844
99240,0.022853,0.017012,0.120268
99250,0.019267,0.014559,0.106636
99260,0.021286,0.016095,0.097454
99270,0.034374,0.025854,0.147043
99280,0.021047,0.015736,0.114932
99290,0.029525,0.022334,0.114690
99300,0.025438,0.019232,0.129320
99310,0.032100,0.023994,0.148539
99320,0.018020,0.013317,0.109309
99330,0.018799,0.013843,0.116180
99340,0.005935,0.004699,0.038561
99350,0.046507,0.035453,0.176935
99360,0.034897,0.026577,0.146578
99370,0.013354,0.009996,0.089158
99380,0.029730,0.022570,0.115797
99390,0.026187,0.019904,0.132863
99400,0.019878,0.014371,0.127688
99410,0.014588,0.011075,0.078007
99420,0.015645,0.011560,0.096519
99430,0.033119,0.024982,0.143267
99440,0.032753,0.024747,0.140369
99450,0.019287,0.014450,0.105550
99460,0.025566,0.019184,0.124351
99470,0.021064,0.015754,0.117053
99480,0.024588,0.018538,0.130680
99490,0.017097,0.012783,0.105090
99500,0.021694,0.016327,0.120115
99510,0.013490,0.009956,0.080461
99520,0.011854,0.008864,0.094641
99530,0.025006,0.018889,0.127841
99540,0.040955,0.030867,0.163254
99550,0.015980,0.011991,0.101421
99560,0.011489,0.008780,0.056189
99570,0.011856,0.009262,0.061381
99580,0.021786,0.016346,0.106420
99590,0.038318,0.029143,0.153917
99600,0.030311,0.022788,0.147940
99610,0.033364,0.025166,0.143261
99620,0.004244,0.003435,0.023705
99630,0.036801,0.028075,0.172268
99640,0.017886,0.013306,0.108189
99650,0.030137,0.023107,0.135623
99660,0.017534,0.012744,0.111411
99670,0.035125,0.026613,0.159004
99680,0.018710,0.014120,0.108414
99690,0.040196,0.030552,0.152414
99700,0.018688,0.014145,0.105275
99710,0.017777,0.012969,0.136275
99720,0.022083,0.017039,0.105897
99730,0.019263,0.014493,0.083775
99740,0.004234,0.003067,0.066477
99750,0.035622,0.027865,0.152733
99760,0.018368,0.013721,0.119263
99770,0.046426,0.035057,0.185181
99780,0.010672,0.007925,0.078178
99790,0.008664,0.006354,0.103015
99800,0.017487,0.012432,0.113429
99810,0.012464,0.009251,0.092444
99820,0.003982,0.002887,0.086843
99830,0.027070,0.020527,0.122440
99840,0.016028,0.012082,0.070398
99850,0.018424,0.014023,0.107752
99860,0.021674,0.016555,0.105841
99870,0.045125,0.034375,0.173896
99880,0.019365,0.014700,0.124560
99890,0.016849,0.012629,0.108254
99900,0.023466,0.017918,0.122358
99910,0.011315,0.008518,0.085579
99920,0.020758,0.014432,0.118909
99930,0.008678,0.006452,0.081432
99940,0.033339,0.025133,0.142447
99950,0.021462,0.016615,0.098877
99960,0.023398,0.017536,0.109212
99970,0.028916,0.022218,0.136049
99980,0.001656,0.001123,0.099659
99990,0.014222,0.010672,0.106770
100000,0.017012,0.012768,0.111342
