iter,ce_loss,ds_loss,final_loss
10,0.437482,0.338482,1.477732
20,0.133369,0.110902,0.740586
30,0.189413,0.156840,0.897287
40,0.112896,0.141110,0.714010
50,0.035823,0.036000,0.464175
60,0.250183,0.112655,0.733065
70,0.335384,0.213027,0.982917
80,0.086903,0.069569,0.483509
90,0.102710,0.065474,0.512922
100,0.091419,0.064409,0.437427
110,0.046713,0.035531,0.424148
120,0.075961,0.053153,0.387713
130,0.083331,0.046976,0.437571
140,0.097609,0.067075,0.444599
150,0.059573,0.048445,0.444775
160,0.032141,0.025523,0.265183
170,0.069596,0.048229,0.448114
180,0.066659,0.045621,0.316425
190,0.068631,0.050858,0.347144
200,0.096097,0.063686,0.402671
210,0.090029,0.061418,0.423520
220,0.040488,0.030514,0.274354
230,0.065005,0.047182,0.325153
240,0.046103,0.032903,0.292052
250,0.062254,0.046763,0.305641
260,0.082974,0.065121,0.346411
270,0.069405,0.050588,0.300455
280,0.048415,0.034586,0.274568
290,0.051477,0.032329,0.230151
300,0.086549,0.067988,0.356242
310,0.069370,0.054017,0.315556
320,0.047671,0.033794,0.266832
330,0.020247,0.015141,0.206366
340,0.075769,0.053006,0.320369
350,0.068681,0.053520,0.353013
360,0.026709,0.020368,0.220000
370,0.009454,0.008178,0.209958
380,0.063294,0.047280,0.280951
390,0.084348,0.063005,0.324565
400,0.109953,0.078719,0.434839
410,0.064722,0.055719,0.293136
420,0.041385,0.032604,0.272812
430,0.141706,0.106632,0.484967
440,0.045173,0.037967,0.273833
450,0.051422,0.037292,0.300036
460,0.076603,0.053975,0.347324
470,0.068455,0.049056,0.323647
480,0.067202,0.050515,0.294015
490,0.039098,0.030207,0.188466
500,0.020815,0.016630,0.204914
510,0.034802,0.028471,0.211724
520,0.038664,0.028917,0.253892
530,0.032584,0.027113,0.245896
540,0.040792,0.031586,0.196525
550,0.026797,0.027611,0.237333
560,0.082904,0.066383,0.323961
570,0.057558,0.043674,0.248957
580,0.017470,0.014966,0.187425
590,0.060368,0.041948,0.257780
600,0.028996,0.023914,0.229065
610,0.063319,0.047120,0.350339
620,0.022105,0.017454,0.206978
630,0.057727,0.044540,0.257436
640,0.014502,0.011687,0.157655
650,0.047315,0.034781,0.224671
660,0.026098,0.020431,0.199552
670,0.029672,0.017911,0.205024
680,0.049389,0.033377,0.250320
690,0.041536,0.036958,0.256934
700,0.083782,0.064975,0.318065
710,0.048512,0.035558,0.247200
720,0.050810,0.032792,0.280960
730,0.227234,0.164544,0.641279
740,0.035037,0.027922,0.197197
750,0.061706,0.044796,0.260739
760,0.082328,0.063336,0.296785
770,0.073348,0.057013,0.304643
780,0.047333,0.035825,0.235828
790,0.013333,0.010127,0.146743
800,0.033833,0.029031,0.213876
810,0.041221,0.032477,0.234980
820,0.043798,0.032025,0.220714
830,0.019146,0.013817,0.254622
840,0.080532,0.061722,0.318708
850,0.086926,0.073567,0.331768
860,0.022149,0.015811,0.205190
870,0.075873,0.060779,0.298874
880,0.037723,0.028943,0.216313
890,0.089821,0.071326,0.341458
900,0.074235,0.059011,0.288571
910,0.034744,0.024460,0.233688
920,0.024648,0.018311,0.183073
930,0.055035,0.042568,0.253837
940,0.058615,0.044390,0.285247
950,0.015308,0.011613,0.208543
960,0.019677,0.015103,0.152937
970,0.050036,0.040520,0.248284
980,0.039771,0.029706,0.225802
990,0.029222,0.021778,0.183457
1000,0.052290,0.039933,0.257722
1010,0.074331,0.057628,0.302652
1020,0.022036,0.017159,0.165626
1030,0.099118,0.074721,0.351034
1040,0.065228,0.051615,0.261869
1050,0.057851,0.044331,0.239799
1060,0.058731,0.045241,0.250703
1070,0.021373,0.015564,0.204074
1080,0.040471,0.028997,0.198636
1090,0.008484,0.007463,0.149544
1100,0.041714,0.026014,0.382074
1110,0.018348,0.013255,0.149563
1120,0.054240,0.040543,0.248245
1130,0.049630,0.037200,0.245312
1140,0.042914,0.031790,0.263184
1150,0.041084,0.031754,0.245555
1160,0.017763,0.016727,0.288256
1170,0.013870,0.010831,0.157440
1180,0.042720,0.029211,0.277974
1190,0.031740,0.026008,0.194973
1200,0.028497,0.021829,0.179740
1210,0.037602,0.026259,0.203230
1220,0.074023,0.054410,0.290341
1230,0.040779,0.030600,0.220294
1240,0.078000,0.058645,0.331354
1250,0.058305,0.042718,0.237710
1260,0.040360,0.030683,0.209927
1270,0.090620,0.064162,0.334743
1280,0.050919,0.039390,0.256680
1290,0.060316,0.045364,0.238283
1300,0.033919,0.025765,0.233846
1310,0.067414,0.052913,0.279712
1320,0.062488,0.046416,0.273088
1330,0.041653,0.031763,0.192780
1340,0.028059,0.021572,0.196428
1350,0.047837,0.036587,0.217198
1360,0.043672,0.036001,0.171549
1370,0.074943,0.058625,0.305804
1380,0.033559,0.025244,0.199187
1390,0.057542,0.037329,0.251618
1400,0.054170,0.042330,0.252461
1410,0.036235,0.026600,0.232943
1420,0.022648,0.017778,0.187962
1430,0.025801,0.018727,0.197355
1440,0.018700,0.016552,0.246161
1450,0.026950,0.021319,0.166425
1460,0.029689,0.022084,0.132417
1470,0.032310,0.027797,0.187274
1480,0.042546,0.032818,0.213940
1490,0.048118,0.036753,0.222309
1500,0.114645,0.090857,0.378478
1510,0.050064,0.036415,0.257054
1520,0.008113,0.006431,0.055353
1530,0.030123,0.022537,0.169842
1540,0.037198,0.028271,0.186653
1550,0.043944,0.033733,0.229773
1560,0.048442,0.036121,0.210727
1570,0.054230,0.036436,0.269728
1580,0.006553,0.004416,0.180106
1590,0.009248,0.006791,0.187196
1600,0.000905,0.000724,0.196948
1610,0.038553,0.029672,0.195487
1620,0.033572,0.027458,0.189998
1630,0.040036,0.032169,0.209620
1640,0.018692,0.013381,0.243615
1650,0.049000,0.039106,0.221735
1660,0.047401,0.034752,0.182605
1670,0.025257,0.019038,0.193175
1680,0.001979,0.001609,0.114640
1690,0.025384,0.018773,0.199211
1700,0.016804,0.013398,0.151143
1710,0.040298,0.029897,0.194900
1720,0.020866,0.015855,0.099785
1730,0.080387,0.061294,0.294149
1740,0.041687,0.031705,0.171071
1750,0.040442,0.029916,0.202713
1760,0.055532,0.041042,0.218616
1770,0.049899,0.038411,0.251646
1780,0.021771,0.016770,0.187160
1790,0.019993,0.015512,0.148772
1800,0.000027,0.000070,0.000171
1810,0.039799,0.030494,0.194118
1820,0.064237,0.048654,0.264157
1830,0.030660,0.023838,0.175314
1840,0.031278,0.022847,0.184340
1850,0.006204,0.004703,0.056604
1860,0.012384,0.009136,0.110444
1870,0.059940,0.045219,0.254683
1880,0.033656,0.024716,0.178129
1890,0.038702,0.029669,0.188415
1900,0.033414,0.024383,0.245956
1910,0.014839,0.011310,0.102832
1920,0.061535,0.045881,0.240104
1930,0.059034,0.044746,0.251220
1940,0.004754,0.003586,0.133085
1950,0.044251,0.035049,0.229795
1960,0.034969,0.025500,0.193487
1970,0.023622,0.017475,0.136588
1980,0.029340,0.022305,0.173249
1990,0.050919,0.038610,0.233680
2000,0.047202,0.035514,0.224141
2010,0.029685,0.021030,0.174136
2020,0.011558,0.008751,0.119082
2030,0.076250,0.056892,0.283786
2040,0.021919,0.016248,0.123227
2050,0.008652,0.006755,0.121432
2060,0.010260,0.008172,0.109004
2070,0.050674,0.039063,0.215521
2080,0.059289,0.045694,0.245175
2090,0.028863,0.022413,0.166384
2100,0.035905,0.028838,0.150138
2110,0.039055,0.029727,0.194134
2120,0.019540,0.013659,0.284572
2130,0.045457,0.034600,0.215551
2140,0.073452,0.051724,0.312876
2150,0.030575,0.022707,0.168334
2160,0.070563,0.054065,0.271183
2170,0.055862,0.044387,0.244820
2180,0.031562,0.023518,0.162485
2190,0.030986,0.022912,0.177363
2200,0.057519,0.042826,0.245486
2210,0.059762,0.046245,0.224113
2220,0.054958,0.041846,0.225734
2230,0.040770,0.029203,0.205992
2240,0.039049,0.027960,0.179555
2250,0.064440,0.050454,0.310497
2260,0.038106,0.027986,0.187994
2270,0.025224,0.018724,0.146851
2280,0.013976,0.010722,0.071616
2290,0.058585,0.045643,0.255823
2300,0.022447,0.016927,0.131890
2310,0.046561,0.037114,0.218526
2320,0.036432,0.026142,0.185271
2330,0.040081,0.030518,0.194375
2340,0.040820,0.030175,0.201909
2350,0.058745,0.045546,0.253117
2360,0.041496,0.033724,0.241291
2370,0.014126,0.010922,0.136154
2380,0.069016,0.052522,0.270110
2390,0.040014,0.031494,0.184361
2400,0.030766,0.023441,0.151816
2410,0.042994,0.033033,0.203519
2420,0.096945,0.073051,0.323754
2430,0.048219,0.032772,0.234726
2440,0.033325,0.025997,0.183195
2450,0.050351,0.036869,0.237414
2460,0.020919,0.015761,0.193147
2470,0.037038,0.027390,0.174229
2480,0.025479,0.022015,0.180488
2490,0.053346,0.039146,0.247335
2500,0.056403,0.042343,0.238595
2510,0.038208,0.028755,0.214028
2520,0.009844,0.007356,0.112531
2530,0.041273,0.031052,0.201124
2540,0.004354,0.003198,0.083137
2550,0.034965,0.026505,0.158289
2560,0.021788,0.017511,0.166585
2570,0.048801,0.037356,0.220241
2580,0.026675,0.019780,0.156577
2590,0.081713,0.063550,0.305836
2600,0.053461,0.041999,0.210059
2610,0.069156,0.051720,0.282422
2620,0.017841,0.013343,0.138779
2630,0.041409,0.031499,0.223061
2640,0.042248,0.032358,0.211079
2650,0.022318,0.018065,0.139079
2660,0.039627,0.028568,0.197311
2670,0.089886,0.070173,0.318100
2680,0.036792,0.029818,0.159469
2690,0.057649,0.042696,0.253904
2700,0.068719,0.053617,0.261918
2710,0.040266,0.030030,0.224603
2720,0.018740,0.014516,0.229165
2730,0.034461,0.025474,0.183467
2740,0.056524,0.041632,0.210431
2750,0.034769,0.025754,0.180148
2760,0.004337,0.003279,0.118861
2770,0.027031,0.020310,0.199808
2780,0.018506,0.014622,0.165342
2790,0.035545,0.028423,0.191781
2800,0.072317,0.051125,0.273119
2810,0.051331,0.040729,0.234956
2820,0.033269,0.025046,0.196346
2830,0.011959,0.009256,0.133715
2840,0.020776,0.015731,0.128370
2850,0.035194,0.024885,0.179300
2860,0.030091,0.022350,0.163347
2870,0.048679,0.037953,0.210562
2880,0.017176,0.013751,0.134446
2890,0.018574,0.015252,0.216046
2900,0.037769,0.028100,0.193983
2910,0.037622,0.028261,0.173426
2920,0.043207,0.033335,0.190148
2930,0.038299,0.028756,0.187095
2940,0.045199,0.032989,0.218259
2950,0.074118,0.056295,0.262733
2960,0.051786,0.038653,0.220907
2970,0.069840,0.054162,0.261874
2980,0.043940,0.033708,0.234343
2990,0.095909,0.076163,0.329077
3000,0.030723,0.023574,0.176157
3010,0.055679,0.043631,0.253016
3020,0.028503,0.018795,0.196459
3030,0.024612,0.016669,0.167443
3040,0.064876,0.048441,0.269114
3050,0.043993,0.033081,0.193152
3060,0.057504,0.035506,0.203969
3070,0.061975,0.047469,0.246889
3080,0.068253,0.053079,0.261011
3090,0.033059,0.023551,0.204592
3100,0.038428,0.029313,0.191630
3110,0.063368,0.048283,0.254393
3120,0.038124,0.028228,0.189093
3130,0.032388,0.024036,0.163248
3140,0.037999,0.028091,0.196359
3150,0.058897,0.043749,0.242988
3160,0.036097,0.027085,0.175764
3170,0.033634,0.025047,0.134252
3180,0.042419,0.033611,0.195156
3190,0.035432,0.029212,0.169061
3200,0.027427,0.020624,0.148363
3210,0.038307,0.028749,0.194714
3220,0.021313,0.016142,0.142300
3230,0.027607,0.020936,0.149305
3240,0.041312,0.031735,0.180633
3250,0.045193,0.034396,0.222524
3260,0.032912,0.025077,0.181278
3270,0.047158,0.036008,0.214186
3280,0.050066,0.039273,0.229587
3290,0.020559,0.015664,0.179015
3300,0.033151,0.025598,0.176818
3310,0.042907,0.035999,0.182753
3320,0.043002,0.033392,0.168603
3330,0.015610,0.010511,0.144093
3340,0.025143,0.018015,0.215531
3350,0.049820,0.037054,0.216022
3360,0.028944,0.021736,0.154652
3370,0.013211,0.010233,0.114873
3380,0.074816,0.057574,0.292004
3390,0.059243,0.043538,0.244755
3400,0.030515,0.023173,0.157994
3410,0.024101,0.017899,0.180974
3420,0.043386,0.032786,0.220134
3430,0.015908,0.011836,0.131279
3440,0.045043,0.034154,0.233303
3450,0.000701,0.000515,0.073913
3460,0.021321,0.016398,0.107702
3470,0.027695,0.021761,0.156678
3480,0.009680,0.006636,0.386412
3490,0.095702,0.072060,0.344189
3500,0.029686,0.023454,0.199952
3510,0.041516,0.031689,0.201459
3520,0.031545,0.023062,0.156630
3530,0.045409,0.035511,0.218199
3540,0.011707,0.008647,0.106597
3550,0.026931,0.020944,0.161174
3560,0.028134,0.020802,0.146969
3570,0.034105,0.026158,0.164058
3580,0.027179,0.020377,0.169909
3590,0.031502,0.023946,0.158069
3600,0.009153,0.006716,0.054641
3610,0.018724,0.015166,0.108730
3620,0.000501,0.000748,0.280336
3630,0.026191,0.019631,0.126789
3640,0.034864,0.026671,0.163080
3650,0.045914,0.035672,0.202716
3660,0.033792,0.024755,0.164221
3670,0.009225,0.006697,0.119539
3680,0.001428,0.001199,0.060869
3690,0.041785,0.030471,0.193027
3700,0.000378,0.000308,0.237252
3710,0.049438,0.036777,0.236556
3720,0.025466,0.018808,0.152668
3730,0.014196,0.011613,0.102848
3740,0.019618,0.015154,0.136995
3750,0.012821,0.009520,0.131773
3760,0.050892,0.037926,0.238362
3770,0.026862,0.020677,0.155669
3780,0.021502,0.016852,0.151099
3790,0.065973,0.050380,0.250090
3800,0.064418,0.050737,0.265085
3810,0.024505,0.018789,0.149520
3820,0.069833,0.052066,0.274879
3830,0.027676,0.021150,0.159428
3840,0.026873,0.020518,0.144389
3850,0.028594,0.021884,0.152034
3860,0.018792,0.013795,0.150607
3870,0.040508,0.031315,0.192975
3880,0.037256,0.029662,0.186480
3890,0.017606,0.013608,0.135917
3900,0.030591,0.023195,0.174557
3910,0.010319,0.007826,0.106730
3920,0.016231,0.006959,0.026093
3930,0.028495,0.022344,0.149877
3940,0.019772,0.014778,0.162253
3950,0.012466,0.009385,0.109733
3960,0.018760,0.014942,0.145146
3970,0.042267,0.031932,0.202526
3980,0.014716,0.010941,0.123014
3990,0.050868,0.039834,0.209867
4000,0.021228,0.016065,0.161402
4010,0.045810,0.035069,0.204120
4020,0.049718,0.038378,0.210720
4030,0.041065,0.031915,0.200642
4040,0.021763,0.016395,0.141984
4050,0.015315,0.012238,0.139455
4060,0.014343,0.010246,0.152066
4070,0.063535,0.047861,0.253682
4080,0.013883,0.010746,0.122155
4090,0.033095,0.025342,0.170719
4100,0.046694,0.034623,0.218744
4110,0.022287,0.016449,0.159840
4120,0.034348,0.025610,0.189671
4130,0.037489,0.028345,0.165575
4140,0.029423,0.022509,0.187340
4150,0.056504,0.045202,0.227575
4160,0.034405,0.025836,0.189142
4170,0.024058,0.018679,0.135565
4180,0.033804,0.024824,0.176164
4190,0.012839,0.010124,0.139036
4200,0.020431,0.015320,0.096045
4210,0.040425,0.030364,0.182401
4220,0.001455,0.000966,0.095928
4230,0.018044,0.013266,0.145254
4240,0.022825,0.017355,0.188868
4250,0.036799,0.028230,0.167074
4260,0.032774,0.024731,0.156856
4270,0.039897,0.030367,0.170871
4280,0.017606,0.013224,0.118710
4290,0.055263,0.043306,0.216607
4300,0.051175,0.039232,0.197337
4310,0.043119,0.032412,0.206030
4320,0.065586,0.049485,0.271891
4330,0.014941,0.010927,0.136516
4340,0.024013,0.017725,0.113515
4350,0.039158,0.029146,0.195654
4360,0.017030,0.013041,0.130885
4370,0.041032,0.031712,0.192814
4380,0.042244,0.031683,0.203495
4390,0.053141,0.040677,0.210887
4400,0.017789,0.013904,0.150615
4410,0.031416,0.023266,0.171046
4420,0.008097,0.005972,0.139600
4430,0.072581,0.055376,0.274541
4440,0.005405,0.005033,0.037292
4450,0.040773,0.031123,0.181322
4460,0.013145,0.009358,0.117437
4470,0.059159,0.048254,0.254497
4480,0.026458,0.019743,0.163947
4490,0.024993,0.019242,0.160474
4500,0.042754,0.032632,0.200103
4510,0.052066,0.039776,0.219334
4520,0.031628,0.023891,0.162169
4530,0.045148,0.034090,0.208825
4540,0.018562,0.011929,0.137530
4550,0.049595,0.037487,0.203199
4560,0.034388,0.026691,0.182583
4570,0.018918,0.014765,0.102651
4580,0.051690,0.038939,0.204986
4590,0.032064,0.024025,0.170782
4600,0.024728,0.019462,0.156973
4610,0.012337,0.009630,0.123894
4620,0.010509,0.008490,0.057356
4630,0.008317,0.005838,0.143444
4640,0.033673,0.025470,0.186854
4650,0.047631,0.035828,0.206535
4660,0.026015,0.019495,0.154038
4670,0.028792,0.021526,0.126118
4680,0.039213,0.029553,0.185406
4690,0.018113,0.014618,0.132712
4700,0.035181,0.026472,0.187154
4710,0.038805,0.029031,0.183020
4720,0.086636,0.065891,0.303683
4730,0.048394,0.035464,0.205141
4740,0.067453,0.051734,0.261808
4750,0.025061,0.018568,0.167698
4760,0.045790,0.035177,0.205212
4770,0.028275,0.021151,0.154493
4780,0.075213,0.057175,0.266734
4790,0.093471,0.069628,0.340667
4800,0.055104,0.041870,0.251249
4810,0.041405,0.030968,0.175478
4820,0.047671,0.035402,0.214689
4830,0.019948,0.014741,0.171248
4840,0.065463,0.049744,0.246129
4850,0.018100,0.013096,0.159024
4860,0.048644,0.036368,0.202989
4870,0.044666,0.034265,0.198462
4880,0.030778,0.023677,0.164008
4890,0.040531,0.028744,0.154604
4900,0.049809,0.042463,0.218684
4910,0.004829,0.004063,0.665037
4920,0.007100,0.005419,0.116414
4930,0.026440,0.019947,0.153150
4940,0.003600,0.002703,0.109169
4950,0.046723,0.035473,0.205359
4960,0.032912,0.024396,0.180967
4970,0.002338,0.001695,0.021107
4980,0.027051,0.021095,0.161290
4990,0.009063,0.006429,0.110531
5000,0.032765,0.025262,0.169538
5010,0.010010,0.006952,0.149769
5020,0.044014,0.032268,0.204542
5030,0.023093,0.017111,0.121481
5040,0.008135,0.005734,0.121744
5050,0.050041,0.037895,0.225215
5060,0.024855,0.019470,0.200015
5070,0.016663,0.009391,0.360789
5080,0.022021,0.017162,0.191364
5090,0.030279,0.022386,0.161351
5100,0.041309,0.031644,0.160357
5110,0.029406,0.022212,0.169318
5120,0.014994,0.011954,0.114040
5130,0.012857,0.010032,0.120736
5140,0.065982,0.051474,0.246347
5150,0.033543,0.024980,0.175692
5160,0.010123,0.007407,0.138926
5170,0.044989,0.031963,0.225743
5180,0.070589,0.053729,0.264515
5190,0.027649,0.021426,0.169810
5200,0.018927,0.014708,0.088075
5210,0.027752,0.021178,0.160686
5220,0.031466,0.023351,0.188121
5230,0.011410,0.008857,0.160251
5240,0.052361,0.039957,0.216402
5250,0.032588,0.024591,0.178977
5260,0.023295,0.016755,0.162444
5270,0.030456,0.024142,0.146753
5280,0.025477,0.018295,0.138152
5290,0.053236,0.038483,0.220996
5300,0.012065,0.008867,0.110091
5310,0.030929,0.023201,0.157708
5320,0.063603,0.049543,0.225033
5330,0.022367,0.016468,0.168969
5340,0.020823,0.015646,0.099562
5350,0.029133,0.021966,0.172242
5360,0.019393,0.015084,0.098335
5370,0.039157,0.030000,0.176512
5380,0.044400,0.034375,0.175391
5390,0.029145,0.022650,0.140167
5400,0.049509,0.037673,0.215649
5410,0.039961,0.029658,0.170008
5420,0.050468,0.038643,0.223549
5430,0.024457,0.018393,0.156752
5440,0.033733,0.024840,0.184193
5450,0.016990,0.013381,0.147714
5460,0.017292,0.013691,0.089968
5470,0.035125,0.027039,0.187842
5480,0.006761,0.005082,0.351079
5490,0.037094,0.029301,0.180323
5500,0.027848,0.021924,0.155891
5510,0.015833,0.011760,0.137331
5520,0.038169,0.030145,0.179962
5530,0.037028,0.027737,0.162304
5540,0.010583,0.007933,0.120033
5550,0.055953,0.042781,0.229451
5560,0.018667,0.014166,0.166569
5570,0.034112,0.025987,0.177912
5580,0.050270,0.037546,0.208610
5590,0.053149,0.039786,0.212413
5600,0.066804,0.052055,0.245622
5610,0.013038,0.009396,0.154943
5620,0.040062,0.029453,0.162968
5630,0.025200,0.019877,0.114578
5640,0.028304,0.020683,0.158054
5650,0.064636,0.040737,0.304801
5660,0.006577,0.005353,0.668291
5670,0.033054,0.025432,0.163155
5680,0.040528,0.030217,0.183282
5690,0.043172,0.032890,0.206370
5700,0.055783,0.041278,0.236104
5710,0.029135,0.022161,0.157455
5720,0.030897,0.023755,0.172540
5730,0.035777,0.027258,0.178755
5740,0.047309,0.035957,0.199008
5750,0.026871,0.020307,0.181208
5760,0.019120,0.014532,0.154229
5770,0.042676,0.032046,0.189488
5780,0.032013,0.024071,0.170125
5790,0.023623,0.017029,0.178040
5800,0.010428,0.008166,0.180690
5810,0.011149,0.008340,0.106782
5820,0.012119,0.006824,0.196585
5830,0.049100,0.037198,0.217713
5840,0.032080,0.023782,0.172797
5850,0.019927,0.015085,0.142065
5860,0.020636,0.015315,0.145703
5870,0.071799,0.054313,0.254345
5880,0.062860,0.046221,0.246688
5890,0.011981,0.008846,0.122480
5900,0.037091,0.028202,0.160659
5910,0.036171,0.027573,0.171487
5920,0.056258,0.043998,0.233896
5930,0.026216,0.020030,0.145557
5940,0.041778,0.031459,0.174913
5950,0.020541,0.015106,0.158542
5960,0.017245,0.012829,0.106170
5970,0.042694,0.032493,0.297264
5980,0.010406,0.007319,0.136729
5990,0.024296,0.018157,0.115411
6000,0.043451,0.033376,0.188243
6010,0.038246,0.028306,0.217883
6020,0.060236,0.045337,0.259861
6030,0.021942,0.017416,0.178225
6040,0.047097,0.035765,0.201856
6050,0.082213,0.062304,0.288344
6060,0.051430,0.037644,0.225437
6070,0.037096,0.028112,0.174997
6080,0.055411,0.042864,0.231615
6090,0.036619,0.027911,0.180536
6100,0.032051,0.024276,0.177136
6110,0.021817,0.016142,0.156723
6120,0.017234,0.013049,0.125926
6130,0.027164,0.020383,0.131533
6140,0.048342,0.036165,0.201640
6150,0.032660,0.025007,0.158598
6160,0.028946,0.022437,0.157881
6170,0.040011,0.032138,0.175322
6180,0.017363,0.012401,0.124193
6190,0.034180,0.026218,0.145872
6200,0.045535,0.034165,0.193216
6210,0.035427,0.026380,0.142188
6220,0.028965,0.021746,0.141848
6230,0.058468,0.044823,0.222052
6240,0.009268,0.006676,0.114551
6250,0.022420,0.017768,0.161295
6260,0.034413,0.025528,0.180248
6270,0.025991,0.019457,0.154467
6280,0.027662,0.020397,0.201373
6290,0.033018,0.025011,0.166904
6300,0.024927,0.018999,0.123986
6310,0.034978,0.026607,0.135739
6320,0.034243,0.026023,0.172657
6330,0.024247,0.018550,0.148305
6340,0.002750,0.001972,0.024631
6350,0.030948,0.022784,0.161658
6360,0.043837,0.032111,0.182114
6370,0.023464,0.017403,0.160216
6380,0.016978,0.012576,0.148679
6390,0.052431,0.039271,0.185535
6400,0.037853,0.029514,0.159564
6410,0.028379,0.021387,0.135548
6420,0.039452,0.029810,0.154288
6430,0.018299,0.013470,0.148048
6440,0.042991,0.032367,0.207041
6450,0.031457,0.023303,0.163947
6460,0.050638,0.038690,0.197952
6470,0.031258,0.023329,0.201299
6480,0.010122,0.007492,0.119221
6490,0.017823,0.013745,0.136318
6500,0.023362,0.017713,0.160632
6510,0.004266,0.003993,0.124456
6520,0.018378,0.013999,0.129444
6530,0.023139,0.018020,0.118584
6540,0.026262,0.019706,0.145741
6550,0.006922,0.005616,0.064338
6560,0.023014,0.017070,0.149928
6570,0.035014,0.026271,0.181179
6580,0.046948,0.035623,0.212549
6590,0.000068,0.000057,0.000217
6600,0.051495,0.040861,0.192326
6610,0.024419,0.018256,0.152725
6620,0.025726,0.019561,0.140028
6630,0.033942,0.025623,0.169742
6640,0.018848,0.014681,0.117822
6650,0.034537,0.024903,0.203714
6660,0.022140,0.016754,0.151885
6670,0.057787,0.042873,0.225071
6680,0.028527,0.021214,0.156639
6690,0.018775,0.013935,0.179373
6700,0.049063,0.037275,0.213501
6710,0.037989,0.027880,0.164025
6720,0.027329,0.020744,0.152741
6730,0.045599,0.034802,0.197281
6740,0.026615,0.019343,0.156350
6750,0.041238,0.031476,0.193001
6760,0.025065,0.018394,0.154819
6770,0.040343,0.029764,0.173586
6780,0.007845,0.005825,0.102858
6790,0.014093,0.010319,0.127765
6800,0.006982,0.005310,0.067091
6810,0.027507,0.020945,0.163507
6820,0.054407,0.042145,0.223952
6830,0.054603,0.041323,0.216776
6840,0.016887,0.012623,0.127899
6850,0.031519,0.023626,0.162766
6860,0.046157,0.034699,0.202896
6870,0.036742,0.027383,0.167478
6880,0.028332,0.021328,0.126690
6890,0.038680,0.029208,0.168373
6900,0.037033,0.028192,0.174859
6910,0.043615,0.033990,0.184717
6920,0.006795,0.005236,0.112939
6930,0.030759,0.023416,0.140273
6940,0.059387,0.046022,0.264063
6950,0.011042,0.008361,0.136354
6960,0.044977,0.033036,0.197688
6970,0.016286,0.012752,0.124467
6980,0.054430,0.039977,0.236008
6990,0.021263,0.015910,0.139509
7000,0.041828,0.032992,0.222246
7010,0.024383,0.019336,0.102069
7020,0.015564,0.011865,0.106085
7030,0.019652,0.015267,0.146176
7040,0.044122,0.033447,0.193446
7050,0.013598,0.011483,0.080090
7060,0.022318,0.016790,0.135337
7070,0.013751,0.010295,0.125191
7080,0.035336,0.026284,0.189649
7090,0.007969,0.005334,0.059906
7100,0.048561,0.038710,0.218247
7110,0.044002,0.033707,0.203006
7120,0.061132,0.046322,0.223108
7130,0.051296,0.039517,0.208794
7140,0.057854,0.043796,0.225986
7150,0.026811,0.019581,0.189372
7160,0.033637,0.025334,0.176158
7170,0.025321,0.018074,0.122985
7180,0.025335,0.019808,0.152803
7190,0.030492,0.023135,0.157611
7200,0.052461,0.039580,0.213774
7210,0.041852,0.031679,0.187992
7220,0.026805,0.020429,0.140561
7230,0.057934,0.043732,0.241898
7240,0.023100,0.016481,0.180434
7250,0.042195,0.032398,0.204867
7260,0.030095,0.022584,0.171723
7270,0.031318,0.022387,0.210925
7280,0.039934,0.031273,0.182347
7290,0.038158,0.030252,0.173442
7300,0.036961,0.028412,0.182487
7310,0.014721,0.011469,0.123652
7320,0.031190,0.024099,0.155424
7330,0.044961,0.034269,0.207077
7340,0.062447,0.047434,0.242513
7350,0.025282,0.019204,0.144500
7360,0.013697,0.010121,0.120424
7370,0.021101,0.016145,0.160997
7380,0.056838,0.042946,0.225609
7390,0.028515,0.021052,0.123363
7400,0.073114,0.054682,0.261515
7410,0.016048,0.012004,0.129572
7420,0.026556,0.020195,0.152385
7430,0.002223,0.001696,0.080204
7440,0.027873,0.021095,0.146176
7450,0.030637,0.023146,0.171227
7460,0.055831,0.041199,0.222956
7470,0.008990,0.006736,0.062095
7480,0.003496,0.002795,0.118095
7490,0.044126,0.033105,0.218486
7500,0.016505,0.012303,0.130134
7510,0.023844,0.015254,0.117528
7520,0.045173,0.035896,0.195446
7530,0.022831,0.017253,0.127354
7540,0.004183,0.004264,0.228929
7550,0.016303,0.012639,0.131514
7560,0.040682,0.029682,0.195788
7570,0.028857,0.021467,0.158323
7580,0.027369,0.020756,0.153891
7590,0.023223,0.017308,0.138285
7600,0.040354,0.031368,0.165647
7610,0.050777,0.039042,0.206454
7620,0.018036,0.013665,0.130581
7630,0.034768,0.026947,0.165787
7640,0.030174,0.022460,0.158551
7650,0.058319,0.044736,0.200654
7660,0.023149,0.017453,0.147267
7670,0.011819,0.008670,0.112404
7680,0.015287,0.010946,0.114401
7690,0.016592,0.012325,0.133414
7700,0.029849,0.022291,0.160063
7710,0.036920,0.027813,0.173721
7720,0.013437,0.009996,0.114790
7730,0.042378,0.032322,0.171233
7740,0.028954,0.021488,0.145158
7750,0.029493,0.022379,0.162075
7760,0.000075,0.000048,0.000214
7770,0.053311,0.040734,0.222913
7780,0.021016,0.015653,0.126621
7790,0.047186,0.036166,0.179144
7800,0.023224,0.018623,0.093325
7810,0.029497,0.022412,0.186125
7820,0.019173,0.014853,0.154420
7830,0.017504,0.013055,0.128874
7840,0.017747,0.013127,0.092978
7850,0.020490,0.015529,0.090704
7860,0.030763,0.023931,0.127421
7870,0.020379,0.015631,0.108101
7880,0.025189,0.018191,0.168491
7890,0.033496,0.025693,0.168155
7900,0.045717,0.033514,0.206285
7910,0.015610,0.011723,0.126557
7920,0.005753,0.004058,0.100015
7930,0.034935,0.026680,0.164723
7940,0.038869,0.029942,0.183003
7950,0.032551,0.024752,0.173007
7960,0.021596,0.016011,0.145281
7970,0.036143,0.028425,0.148290
7980,0.009379,0.006081,0.062559
7990,0.001718,0.001283,0.100759
8000,0.044746,0.033847,0.203676
8010,0.029556,0.022111,0.147147
8020,0.024338,0.019200,0.141684
8030,0.032797,0.024233,0.140262
8040,0.048984,0.036982,0.202770
8050,0.016907,0.013370,0.139477
8060,0.053855,0.041298,0.195127
8070,0.022980,0.017083,0.149785
8080,0.004638,0.003258,0.130443
8090,0.022936,0.017223,0.142439
8100,0.046017,0.035576,0.217232
8110,0.023163,0.017859,0.105646
8120,0.034660,0.025568,0.188771
8130,0.015203,0.011500,0.084160
8140,0.029686,0.022838,0.177288
8150,0.027744,0.021175,0.157567
8160,0.012075,0.008868,0.128944
8170,0.068822,0.051691,0.250241
8180,0.070874,0.053384,0.257005
8190,0.023044,0.016944,0.169756
8200,0.034023,0.025115,0.179465
8210,0.019115,0.014816,0.132661
8220,0.024000,0.018141,0.142400
8230,0.017833,0.013424,0.140313
8240,0.027205,0.020216,0.148961
8250,0.025686,0.019258,0.150227
8260,0.030671,0.023148,0.159625
8270,0.001238,0.000919,0.122265
8280,0.021870,0.016543,0.131604
8290,0.030884,0.023595,0.156065
8300,0.013669,0.010402,0.129462
8310,0.035123,0.026929,0.150975
8320,0.029131,0.022254,0.160628
8330,0.020126,0.015246,0.129177
8340,0.017974,0.013384,0.125981
8350,0.030629,0.023357,0.161011
8360,0.009274,0.008312,0.173544
8370,0.016931,0.012447,0.102014
8380,0.053378,0.040925,0.219753
8390,0.020074,0.015234,0.122119
8400,0.016481,0.012710,0.104962
8410,0.005847,0.002806,0.227444
8420,0.018979,0.014421,0.125751
8430,0.032403,0.024908,0.162456
8440,0.031427,0.023571,0.171046
8450,0.051460,0.038177,0.218408
8460,0.003404,0.001971,0.373368
8470,0.024705,0.018497,0.145080
8480,0.042187,0.032301,0.167075
8490,0.019293,0.014250,0.139380
8500,0.035251,0.026632,0.174616
8510,0.068007,0.052480,0.247781
8520,0.013169,0.009006,0.075275
8530,0.010759,0.007944,0.158270
8540,0.038807,0.029353,0.183188
8550,0.026032,0.018629,0.200895
8560,0.010178,0.010423,0.235960
8570,0.037935,0.028583,0.178002
8580,0.037337,0.028290,0.173141
8590,0.026293,0.019608,0.156194
8600,0.028641,0.020601,0.137091
8610,0.019011,0.011400,0.257051
8620,0.046306,0.034692,0.179895
8630,0.065429,0.050339,0.248284
8640,0.019219,0.014708,0.088192
8650,0.039136,0.029934,0.186040
8660,0.038644,0.029439,0.185353
8670,0.018299,0.013465,0.141693
8680,0.058420,0.044701,0.227221
8690,0.022348,0.016551,0.137230
8700,0.062731,0.043805,0.235508
8710,0.024040,0.018221,0.149987
8720,0.035096,0.026626,0.169724
8730,0.025136,0.018848,0.159848
8740,0.017760,0.014334,0.177098
8750,0.031161,0.023297,0.168497
8760,0.025544,0.019439,0.136892
8770,0.052979,0.040710,0.219489
8780,0.031796,0.023864,0.160672
8790,0.021342,0.016093,0.106624
8800,0.048009,0.036508,0.185530
8810,0.044938,0.034074,0.203106
8820,0.074039,0.056815,0.266534
8830,0.048916,0.036326,0.196282
8840,0.029081,0.021319,0.133833
8850,0.003895,0.002670,0.126862
8860,0.036740,0.029250,0.159661
8870,0.039719,0.027428,0.246021
8880,0.031309,0.023644,0.179474
8890,0.048687,0.037638,0.186069
8900,0.006819,0.005327,0.105350
8910,0.068809,0.051591,0.257096
8920,0.023671,0.017114,0.145521
8930,0.064695,0.048724,0.246465
8940,0.030730,0.023069,0.151490
8950,0.031392,0.023769,0.166459
8960,0.029740,0.020963,0.172117
8970,0.011754,0.009700,0.103161
8980,0.032871,0.025039,0.161945
8990,0.014905,0.011213,0.108275
9000,0.029144,0.021615,0.158647
9010,0.032123,0.026235,0.199149
9020,0.016298,0.010845,0.180985
9030,0.047659,0.035901,0.176084
9040,0.023672,0.019874,0.161562
9050,0.016212,0.012043,0.124195
9060,0.059363,0.045857,0.208181
9070,0.021144,0.016240,0.110696
9080,0.015088,0.011170,0.120867
9090,0.023430,0.018782,0.123246
9100,0.054463,0.041318,0.209176
9110,0.018634,0.014571,0.151651
9120,0.040448,0.029536,0.266702
9130,0.035160,0.026509,0.168594
9140,0.030479,0.023433,0.150578
9150,0.009557,0.007400,0.125094
9160,0.023436,0.017440,0.144951
9170,0.017141,0.012675,0.133062
9180,0.021384,0.016275,0.132847
9190,0.023604,0.017847,0.140285
9200,0.025501,0.019388,0.142402
9210,0.023562,0.017929,0.144577
9220,0.002917,0.002203,0.150667
9230,0.002020,0.001521,0.425583
9240,0.031904,0.024475,0.164217
9250,0.014005,0.010164,0.114569
9260,0.030836,0.023096,0.132519
9270,0.016585,0.012734,0.104323
9280,0.020988,0.016331,0.162672
9290,0.028211,0.021201,0.157225
9300,0.015821,0.011621,0.122094
9310,0.053643,0.053186,0.248346
9320,0.008878,0.007026,0.128819
9330,0.029247,0.020906,0.183553
9340,0.026363,0.019345,0.152224
9350,0.006150,0.004760,0.099205
9360,0.003995,0.002981,0.024572
9370,0.031559,0.023364,0.170286
9380,0.024006,0.018387,0.113362
9390,0.017941,0.014331,0.129130
9400,0.062753,0.047287,0.247761
9410,0.010216,0.007511,0.104266
9420,0.052086,0.044494,0.281805
9430,0.018961,0.014097,0.132114
9440,0.033628,0.025036,0.159389
9450,0.030743,0.023979,0.129985
9460,0.037555,0.026361,0.170312
9470,0.019496,0.014353,0.099872
9480,0.038084,0.028703,0.173744
9490,0.033061,0.025349,0.158765
9500,0.024635,0.018601,0.144170
9510,0.020303,0.015596,0.109575
9520,0.003816,0.002782,0.088568
9530,0.004619,0.003480,0.108504
9540,0.014282,0.012592,0.167270
9550,0.044299,0.033667,0.187401
9560,0.037190,0.027788,0.167071
9570,0.034708,0.027382,0.192462
9580,0.039408,0.029836,0.176633
9590,0.051442,0.038427,0.214964
9600,0.052333,0.039799,0.210219
9610,0.019228,0.013942,0.147805
9620,0.027854,0.021109,0.177268
9630,0.026669,0.020672,0.112296
9640,0.011771,0.008764,0.102148
9650,0.037524,0.028187,0.176844
9660,0.014297,0.011432,0.085258
9670,0.025981,0.019404,0.148717
9680,0.005153,0.003520,0.090012
9690,0.042360,0.034929,0.212823
9700,0.028041,0.020758,0.149993
9710,0.017282,0.013464,0.078934
9720,0.011401,0.009539,0.119206
9730,0.005266,0.004527,0.194703
9740,0.022007,0.016083,0.175743
9750,0.050721,0.038649,0.199753
9760,0.033925,0.025552,0.157096
9770,0.005400,0.004518,0.149461
9780,0.044412,0.033926,0.155918
9790,0.024171,0.017944,0.125860
9800,0.044741,0.033047,0.191270
9810,0.050453,0.037520,0.187917
9820,0.060217,0.045068,0.230556
9830,0.033384,0.025111,0.179480
9840,0.043120,0.032602,0.169626
9850,0.025009,0.019049,0.148514
9860,0.030234,0.022806,0.141340
9870,0.020718,0.015327,0.115330
9880,0.015765,0.011554,0.095846
9890,0.042565,0.031909,0.183652
9900,0.046429,0.035215,0.191274
9910,0.055048,0.041562,0.224802
9920,0.012960,0.009493,0.106136
9930,0.071003,0.052888,0.257563
9940,0.019856,0.015128,0.110550
9950,0.027362,0.020289,0.180951
9960,0.002125,0.001627,0.077509
9970,0.010752,0.008163,0.096828
9980,0.005905,0.004709,0.030210
9990,0.031330,0.024067,0.153128
10000,0.029197,0.022614,0.158285
10010,0.045067,0.033054,0.203058
10020,0.004941,0.003727,0.116731
10030,0.020956,0.015988,0.148176
10040,0.042379,0.032144,0.175220
10050,0.038895,0.029354,0.178769
10060,0.032985,0.024954,0.179937
10070,0.061531,0.046575,0.251465
10080,0.013436,0.009845,0.111558
10090,0.029581,0.022207,0.159125
10100,0.043804,0.033267,0.191250
10110,0.040117,0.030345,0.164426
10120,0.019195,0.014413,0.129038
10130,0.031648,0.023178,0.165389
10140,0.011437,0.008450,0.080779
10150,0.031909,0.026769,0.189859
10160,0.023208,0.017298,0.138666
10170,0.038559,0.028722,0.151612
10180,0.054665,0.040481,0.214268
10190,0.006328,0.004587,0.097875
10200,0.020232,0.014945,0.175202
10210,0.057542,0.044788,0.223458
10220,0.018466,0.013443,0.145369
10230,0.018731,0.014785,0.152577
10240,0.044106,0.033298,0.196862
10250,0.017947,0.013161,0.120108
10260,0.031016,0.023739,0.181757
10270,0.027443,0.019274,0.158812
10280,0.030554,0.022884,0.158198
10290,0.035507,0.026869,0.182519
10300,0.047044,0.035544,0.193252
10310,0.039339,0.030244,0.181360
10320,0.037918,0.029980,0.187964
10330,0.036105,0.026816,0.168086
10340,0.056008,0.043307,0.226022
10350,0.018542,0.013234,0.147404
10360,0.006539,0.005492,0.219281
10370,0.007064,0.004918,0.091632
10380,0.022095,0.016609,0.148002
10390,0.061281,0.045346,0.235093
10400,0.037657,0.028332,0.183327
10410,0.017258,0.013340,0.102232
10420,0.043940,0.033456,0.173172
10430,0.027433,0.020524,0.148941
10440,0.072339,0.054661,0.262639
10450,0.037049,0.027549,0.184908
10460,0.053270,0.040784,0.219373
10470,0.029757,0.022820,0.132220
10480,0.031456,0.023484,0.174088
10490,0.023033,0.015601,0.163562
10500,0.021766,0.015507,0.143383
10510,0.034366,0.025142,0.165000
10520,0.064355,0.048224,0.238521
10530,0.022231,0.016365,0.165493
10540,0.037131,0.027581,0.184817
10550,0.057443,0.044162,0.224247
10560,0.033546,0.024578,0.154712
10570,0.023673,0.017979,0.141291
10580,0.027911,0.021571,0.148369
10590,0.021822,0.015113,0.162984
10600,0.029820,0.022288,0.154865
10610,0.028476,0.020738,0.160828
10620,0.016628,0.011748,0.165651
10630,0.026755,0.020365,0.107452
10640,0.016280,0.011719,0.130203
10650,0.023597,0.017695,0.149340
10660,0.028813,0.021836,0.142105
10670,0.023014,0.017370,0.139648
10680,0.027671,0.020639,0.149814
10690,0.000878,0.000798,0.132122
10700,0.039606,0.030515,0.183507
10710,0.037874,0.028666,0.175971
10720,0.046332,0.035321,0.218906
10730,0.043342,0.031952,0.195970
10740,0.023028,0.017539,0.155620
10750,0.046453,0.035389,0.184352
10760,0.024496,0.018379,0.144805
10770,0.035076,0.024636,0.180602
10780,0.047223,0.034976,0.200349
10790,0.038017,0.027915,0.191360
10800,0.027875,0.021171,0.170724
10810,0.017444,0.012937,0.141716
10820,0.040341,0.030428,0.185557
10830,0.024019,0.018958,0.151374
10840,0.031099,0.023774,0.149198
10850,0.029350,0.022748,0.141354
10860,0.010977,0.007973,0.119743
10870,0.011463,0.008340,0.106372
10880,0.029251,0.021730,0.157103
10890,0.046809,0.034881,0.197647
10900,0.029303,0.021835,0.163468
10910,0.051170,0.038974,0.174722
10920,0.058976,0.044443,0.225051
10930,0.041717,0.030811,0.179040
10940,0.040840,0.031474,0.176997
10950,0.041197,0.030545,0.197022
10960,0.075707,0.058194,0.269459
10970,0.027439,0.020281,0.145769
10980,0.018489,0.014911,0.084803
10990,0.032458,0.024333,0.164036
11000,0.027954,0.020363,0.162149
11010,0.020558,0.015278,0.116320
11020,0.040872,0.030524,0.190540
11030,0.026535,0.019797,0.147996
11040,0.041154,0.031645,0.161403
11050,0.026342,0.019607,0.151076
11060,0.029409,0.021737,0.127324
11070,0.000089,0.000091,0.000279
11080,0.025570,0.020260,0.204555
11090,0.020953,0.015853,0.128069
11100,0.049210,0.037197,0.193680
11110,0.018402,0.014586,0.144535
11120,0.030922,0.023389,0.152541
11130,0.053255,0.041023,0.205568
11140,0.022402,0.016917,0.126925
11150,0.001636,0.001595,0.112520
11160,0.026092,0.019201,0.120757
11170,0.030102,0.022647,0.140866
11180,0.081914,0.062691,0.282632
11190,0.014846,0.010878,0.260272
11200,0.014580,0.011242,0.093409
11210,0.034934,0.027535,0.180161
11220,0.017047,0.012571,0.129530
11230,0.023210,0.016610,0.151149
11240,0.033404,0.024960,0.162060
11250,0.010122,0.007782,0.092850
11260,0.014912,0.011226,0.132932
11270,0.035787,0.026265,0.176235
11280,0.029148,0.022219,0.148034
11290,0.027633,0.021184,0.118190
11300,0.020219,0.015211,0.128774
11310,0.032207,0.024476,0.179610
11320,0.011581,0.008593,0.090062
11330,0.038926,0.029229,0.172944
11340,0.032560,0.024480,0.161611
11350,0.029196,0.021850,0.180796
11360,0.010708,0.008247,0.138761
11370,0.023119,0.017448,0.146262
11380,0.046109,0.035157,0.182553
11390,0.017313,0.013026,0.135148
11400,0.009366,0.007052,0.061456
11410,0.016638,0.012830,0.130922
11420,0.015793,0.011743,0.139509
11430,0.011637,0.008457,0.097174
11440,0.010000,0.007082,0.151000
11450,0.022634,0.017312,0.111567
11460,0.017917,0.013503,0.121827
11470,0.029434,0.022296,0.152735
11480,0.040117,0.030813,0.163028
11490,0.036302,0.027753,0.176884
11500,0.009642,0.007046,0.097042
11510,0.019279,0.013673,0.135510
11520,0.014386,0.011329,0.096971
11530,0.001315,0.001280,0.655489
11540,0.034712,0.026191,0.183458
11550,0.026683,0.019111,0.287611
11560,0.026149,0.018495,0.121911
11570,0.018683,0.013536,0.129029
11580,0.053856,0.041753,0.223794
11590,0.045874,0.035175,0.188472
11600,0.037346,0.028573,0.161935
11610,0.039617,0.030884,0.197041
11620,0.023521,0.016992,0.169075
11630,0.031402,0.024255,0.130289
11640,0.043143,0.032812,0.188831
11650,0.001014,0.000673,0.037864
11660,0.022700,0.016862,0.138133
11670,0.033440,0.025390,0.166368
11680,0.058812,0.044392,0.230243
11690,0.011938,0.008946,0.103698
11700,0.017343,0.012760,0.149790
11710,0.027143,0.020968,0.120155
11720,0.003414,0.002657,0.142896
11730,0.062497,0.047907,0.220406
11740,0.057004,0.043101,0.221569
11750,0.030124,0.022946,0.162126
11760,0.030738,0.023476,0.175647
11770,0.034062,0.026146,0.162630
11780,0.019944,0.014250,0.139744
11790,0.032859,0.025117,0.155718
11800,0.030047,0.022917,0.152357
11810,0.020752,0.015994,0.133207
11820,0.029514,0.022639,0.137367
11830,0.054357,0.041800,0.234176
11840,0.027249,0.019930,0.148597
11850,0.048929,0.037348,0.198128
11860,0.053779,0.040132,0.220273
11870,0.069242,0.050036,0.249646
11880,0.021883,0.016317,0.144552
11890,0.020673,0.015748,0.127722
11900,0.028893,0.022091,0.139778
11910,0.027937,0.021596,0.147078
11920,0.017384,0.013076,0.126178
11930,0.013164,0.009531,0.119454
11940,0.023780,0.017475,0.142307
11950,0.020205,0.015812,0.109022
11960,0.019846,0.014175,0.140105
11970,0.022888,0.016999,0.134782
11980,0.016169,0.011886,0.122353
11990,0.031118,0.022389,0.145732
12000,0.021422,0.015892,0.151705
12010,0.012767,0.009509,0.121159
12020,0.032024,0.024493,0.140446
12030,0.042782,0.031551,0.199729
12040,0.007054,0.005098,0.090062
12050,0.044538,0.035323,0.196890
12060,0.064012,0.049872,0.237854
12070,0.002097,0.001656,0.062564
12080,0.012938,0.009321,0.117359
12090,0.037268,0.027997,0.173377
12100,0.013562,0.010153,0.089132
12110,0.034305,0.026342,0.158203
12120,0.020648,0.014231,0.132525
12130,0.004277,0.003260,0.236936
12140,0.016904,0.012621,0.097099
12150,0.035625,0.027085,0.171552
12160,0.038723,0.029814,0.180367
12170,0.024195,0.018299,0.138840
12180,0.044713,0.034077,0.220907
12190,0.025023,0.018896,0.136366
12200,0.033247,0.025538,0.147198
12210,0.031351,0.023188,0.168809
12220,0.028939,0.021649,0.153907
12230,0.010676,0.007846,0.097826
12240,0.013599,0.012739,0.092577
12250,0.041399,0.030518,0.180028
12260,0.007322,0.005493,0.080997
12270,0.039578,0.029520,0.180244
12280,0.034164,0.026186,0.148053
12290,0.054360,0.040669,0.218059
12300,0.020206,0.015116,0.092561
12310,0.033325,0.025421,0.157795
12320,0.022870,0.017001,0.107929
12330,0.020529,0.015031,0.150583
12340,0.066245,0.049214,0.250589
12350,0.011996,0.009445,0.106610
12360,0.010249,0.007705,0.090044
12370,0.037595,0.028622,0.172409
12380,0.035271,0.026221,0.174246
12390,0.032436,0.024595,0.166573
12400,0.033400,0.024904,0.161679
12410,0.026799,0.019998,0.148387
12420,0.038844,0.028901,0.169645
12430,0.022673,0.016856,0.149792
12440,0.028797,0.021903,0.139135
12450,0.029149,0.021550,0.153773
12460,0.015946,0.012314,0.117524
12470,0.056236,0.042826,0.215674
12480,0.029962,0.022463,0.163853
12490,0.036550,0.028247,0.220378
12500,0.051145,0.037755,0.199009
12510,0.031870,0.024121,0.163083
12520,0.010137,0.008162,0.135884
12530,0.058379,0.045528,0.230942
12540,0.010620,0.007774,0.108993
12550,0.022886,0.017380,0.152734
12560,0.017269,0.013213,0.126104
12570,0.014771,0.010818,0.122018
12580,0.036168,0.027065,0.169338
12590,0.042383,0.032582,0.185280
12600,0.032863,0.024574,0.166274
12610,0.019541,0.014459,0.129615
12620,0.031479,0.023823,0.156877
12630,0.024281,0.018614,0.142675
12640,0.027162,0.020049,0.151350
12650,0.022158,0.016526,0.141090
12660,0.014484,0.011093,0.070903
12670,0.016423,0.012372,0.122991
12680,0.029723,0.022862,0.155183
12690,0.035735,0.027061,0.235240
12700,0.016216,0.012393,0.114321
12710,0.035125,0.027245,0.144998
12720,0.015273,0.011588,0.094244
12730,0.028167,0.021067,0.154844
12740,0.030888,0.023321,0.131637
12750,0.048792,0.037147,0.192662
12760,0.025794,0.019327,0.114326
12770,0.025705,0.019582,0.147540
12780,0.051103,0.038668,0.202765
12790,0.047632,0.036659,0.196928
12800,0.005385,0.004135,0.116770
12810,0.023218,0.016991,0.110741
12820,0.029378,0.022291,0.147563
12830,0.031468,0.023229,0.173520
12840,0.014810,0.011240,0.109542
12850,0.020442,0.015230,0.160110
12860,0.029065,0.021649,0.136669
12870,0.055057,0.041795,0.217857
12880,0.027578,0.021577,0.153182
12890,0.039617,0.030647,0.156900
12900,0.024051,0.017881,0.131814
12910,0.006857,0.005064,0.090605
12920,0.038052,0.028125,0.183838
12930,0.003487,0.002753,0.113639
12940,0.058774,0.043777,0.221956
12950,0.020806,0.015990,0.140295
12960,0.027663,0.020669,0.146751
12970,0.023612,0.017613,0.147957
12980,0.022319,0.016682,0.148735
12990,0.019955,0.015376,0.090538
13000,0.067511,0.051623,0.243173
13010,0.006541,0.004757,0.094921
13020,0.041996,0.032145,0.179625
13030,0.011487,0.008365,0.077021
13040,0.051405,0.040302,0.208201
13050,0.022739,0.017334,0.134004
13060,0.036751,0.026683,0.173014
13070,0.035146,0.026721,0.163563
13080,0.006780,0.004989,0.092581
13090,0.037940,0.029263,0.175783
13100,0.029543,0.022314,0.159811
13110,0.027681,0.021190,0.158894
13120,0.019269,0.013969,0.180470
13130,0.033214,0.024891,0.162598
13140,0.022513,0.017009,0.130087
13150,0.037916,0.028415,0.181917
13160,0.039615,0.029515,0.193007
13170,0.039856,0.031279,0.189414
13180,0.020056,0.015250,0.152420
13190,0.052395,0.039780,0.211431
13200,0.007297,0.005587,0.108167
13210,0.000421,0.000276,0.001114
13220,0.028572,0.021103,0.143729
13230,0.026043,0.019121,0.149334
13240,0.036470,0.028344,0.181113
13250,0.028810,0.021825,0.120496
13260,0.030059,0.022871,0.154663
13270,0.018756,0.014012,0.115919
13280,0.028306,0.020691,0.162206
13290,0.041468,0.031209,0.189801
13300,0.016929,0.012463,0.126160
13310,0.029625,0.022322,0.163567
13320,0.039445,0.030350,0.151683
13330,0.020635,0.015097,0.148020
13340,0.071802,0.055574,0.257363
13350,0.029216,0.022066,0.126696
13360,0.025227,0.018595,0.148125
13370,0.027482,0.020817,0.153798
13380,0.018729,0.014250,0.135154
13390,0.040482,0.030718,0.180231
13400,0.031620,0.023508,0.163985
13410,0.013035,0.009900,0.108812
13420,0.032964,0.024685,0.157277
13430,0.023237,0.017602,0.149925
13440,0.047825,0.036401,0.198146
13450,0.012431,0.008901,0.113065
13460,0.027542,0.020506,0.149245
13470,0.035724,0.026684,0.180008
13480,0.033982,0.025638,0.160842
13490,0.024435,0.018568,0.135067
13500,0.022505,0.017506,0.136803
13510,0.010950,0.008562,0.101346
13520,0.031294,0.024210,0.154102
13530,0.038010,0.028557,0.169980
13540,0.013637,0.010729,0.119604
13550,0.026039,0.020197,0.140398
13560,0.033393,0.025966,0.159821
13570,0.041750,0.031544,0.171538
13580,0.041444,0.031595,0.182671
13590,0.019294,0.014551,0.128525
13600,0.054385,0.041761,0.211495
13610,0.032419,0.024830,0.160165
13620,0.035747,0.026532,0.188552
13630,0.027990,0.020384,0.169817
13640,0.039037,0.029285,0.169820
13650,0.039518,0.029728,0.165645
13660,0.034122,0.025624,0.154061
13670,0.013441,0.009961,0.115863
13680,0.035309,0.026055,0.170338
13690,0.013853,0.010619,0.118006
13700,0.006699,0.004896,0.109461
13710,0.028787,0.020472,0.154960
13720,0.038283,0.029404,0.165554
13730,0.022807,0.017839,0.100890
13740,0.025287,0.018637,0.114550
13750,0.029636,0.022954,0.125924
13760,0.021697,0.016168,0.130839
13770,0.032846,0.024468,0.139978
13780,0.012519,0.009539,0.101183
13790,0.004319,0.003234,0.173214
13800,0.024457,0.018195,0.132319
13810,0.004239,0.003138,0.078626
13820,0.022233,0.017132,0.137322
13830,0.022356,0.016611,0.101194
13840,0.013897,0.010330,0.123895
13850,0.061453,0.046409,0.236178
13860,0.044560,0.034234,0.189675
13870,0.032159,0.023826,0.173484
13880,0.034060,0.024991,0.177311
13890,0.009135,0.006806,0.116184
13900,0.011404,0.008825,0.117880
13910,0.020586,0.015267,0.138345
13920,0.045418,0.034950,0.180267
13930,0.015646,0.011406,0.120802
13940,0.027508,0.021147,0.165483
13950,0.021507,0.015745,0.108583
13960,0.029933,0.022435,0.152409
13970,0.021092,0.015874,0.125673
13980,0.012182,0.009267,0.103478
13990,0.038301,0.030366,0.185898
14000,0.014025,0.010435,0.115583
14010,0.021349,0.015453,0.167105
14020,0.032819,0.024621,0.160710
14030,0.062948,0.048038,0.234580
14040,0.051724,0.040602,0.185064
14050,0.022068,0.016917,0.122157
14060,0.029020,0.022221,0.161406
14070,0.037694,0.028162,0.169019
14080,0.026731,0.019471,0.160435
14090,0.052006,0.040054,0.192642
14100,0.018797,0.013721,0.091780
14110,0.016792,0.012474,0.080487
14120,0.033766,0.025711,0.162958
14130,0.020614,0.015151,0.133399
14140,0.028562,0.021755,0.144411
14150,0.028470,0.021075,0.159575
14160,0.016691,0.012587,0.095686
14170,0.028846,0.021276,0.162336
14180,0.034871,0.026343,0.159241
14190,0.036772,0.027221,0.156479
14200,0.032535,0.023681,0.181354
14210,0.047702,0.036289,0.207076
14220,0.010549,0.008095,0.080779
14230,0.015818,0.011586,0.121714
14240,0.037535,0.028022,0.173671
14250,0.040283,0.030609,0.178177
14260,0.022461,0.017012,0.122104
14270,0.056113,0.042744,0.205904
14280,0.033197,0.025179,0.162600
14290,0.009080,0.007132,0.114318
14300,0.010137,0.007905,0.122238
14310,0.018313,0.015492,0.105318
14320,0.028837,0.021506,0.156482
14330,0.037301,0.027876,0.184628
14340,0.046982,0.035625,0.191888
14350,0.046280,0.034291,0.178835
14360,0.024309,0.018100,0.138015
14370,0.006536,0.004770,0.115087
14380,0.041951,0.032412,0.176538
14390,0.021137,0.015751,0.112462
14400,0.032594,0.024575,0.175822
14410,0.042204,0.031495,0.183182
14420,0.037568,0.028371,0.171691
14430,0.032495,0.024316,0.175876
14440,0.033874,0.025464,0.178924
14450,0.019977,0.014937,0.134683
14460,0.020796,0.016247,0.109904
14470,0.034077,0.025830,0.160986
14480,0.037418,0.028371,0.168543
14490,0.034311,0.025952,0.142445
14500,0.008342,0.006179,0.087473
14510,0.035871,0.027245,0.151158
14520,0.029006,0.021317,0.157848
14530,0.039848,0.029862,0.181423
14540,0.015826,0.011706,0.134480
14550,0.044906,0.033928,0.186872
14560,0.014649,0.011514,0.120017
14570,0.049244,0.037560,0.199182
14580,0.032749,0.024911,0.160784
14590,0.012651,0.009490,0.113106
14600,0.019448,0.014783,0.140151
14610,0.020335,0.015323,0.127686
14620,0.008339,0.005892,0.054596
14630,0.007193,0.005168,0.117334
14640,0.019504,0.014641,0.102608
14650,0.011880,0.008812,0.102507
14660,0.029101,0.022578,0.144316
14670,0.016987,0.012960,0.108500
14680,0.040145,0.030480,0.173823
14690,0.011531,0.008369,0.092548
14700,0.033058,0.025022,0.164340
14710,0.005887,0.004129,0.107395
14720,0.003366,0.002819,0.101202
14730,0.013456,0.009958,0.108283
14740,0.006292,0.004564,0.095539
14750,0.004009,0.002756,0.112419
14760,0.033239,0.025103,0.212855
14770,0.038633,0.028735,0.168792
14780,0.031444,0.024363,0.154202
14790,0.057226,0.043759,0.229794
14800,0.050639,0.038385,0.195325
14810,0.035989,0.027551,0.166641
14820,0.012428,0.009303,0.107327
14830,0.015734,0.011818,0.077830
14840,0.052294,0.039480,0.212888
14850,0.051236,0.038627,0.214159
14860,0.014192,0.009905,0.177617
14870,0.044561,0.033668,0.200368
14880,0.012735,0.009659,0.109936
14890,0.037606,0.028868,0.160900
14900,0.038778,0.029480,0.170007
14910,0.026875,0.020275,0.141045
14920,0.019377,0.014720,0.120479
14930,0.034239,0.025783,0.165281
14940,0.024079,0.018128,0.110101
14950,0.019464,0.014050,0.130817
14960,0.040222,0.030767,0.210812
14970,0.029797,0.022302,0.164451
14980,0.034493,0.026085,0.155235
14990,0.029475,0.022180,0.145493
15000,0.042975,0.035078,0.168147
15010,0.005959,0.004127,0.134790
15020,0.057476,0.043212,0.212809
15030,0.039247,0.029738,0.172454
15040,0.005119,0.003921,0.068264
15050,0.035178,0.026641,0.162427
15060,0.018771,0.014081,0.106457
15070,0.039902,0.029769,0.189245
15080,0.021630,0.016425,0.119550
15090,0.016346,0.012508,0.120405
15100,0.003314,0.002622,0.097696
15110,0.010563,0.007918,0.076370
15120,0.065922,0.052042,0.271945
15130,0.023215,0.017522,0.133514
15140,0.042486,0.032019,0.179947
15150,0.030111,0.021805,0.165199
15160,0.039670,0.030744,0.198206
15170,0.055934,0.037142,0.215701
15180,0.026940,0.019902,0.140263
15190,0.023451,0.017777,0.139993
15200,0.016352,0.012141,0.137682
15210,0.056277,0.042597,0.208092
15220,0.031005,0.023564,0.162714
15230,0.020691,0.015528,0.137901
15240,0.175351,0.181320,0.551901
15250,0.015241,0.011495,0.148238
15260,0.016804,0.012027,0.125633
15270,0.012894,0.009679,0.117392
15280,0.004904,0.003777,0.060390
15290,0.042874,0.032573,0.182292
15300,0.024779,0.018604,0.137519
15310,0.039735,0.030702,0.194181
15320,0.037889,0.028537,0.169409
15330,0.022181,0.016433,0.102710
15340,0.021338,0.015966,0.134696
15350,0.019410,0.014784,0.117185
15360,0.037081,0.029319,0.173144
15370,0.023005,0.017348,0.141744
15380,0.031395,0.022972,0.139187
15390,0.014253,0.010956,0.116023
15400,0.016295,0.012113,0.127343
15410,0.026961,0.020307,0.123432
15420,0.032251,0.024489,0.164010
15430,0.018788,0.014153,0.118385
15440,0.023598,0.018046,0.125917
15450,0.016984,0.011591,0.235396
15460,0.023993,0.018104,0.140599
15470,0.039752,0.032339,0.175782
15480,0.010422,0.008387,0.165711
15490,0.031893,0.025330,0.143780
15500,0.009819,0.007240,0.135693
15510,0.042151,0.031419,0.183707
15520,0.027490,0.021003,0.143564
15530,0.005460,0.004024,0.035182
15540,0.007052,0.005150,0.093693
15550,0.029668,0.021605,0.182853
15560,0.041144,0.031806,0.155448
15570,0.031685,0.024531,0.176487
15580,0.021962,0.016545,0.127824
15590,0.026738,0.020090,0.155902
15600,0.009017,0.006494,0.120442
15610,0.044934,0.034098,0.184389
15620,0.027036,0.020848,0.139968
15630,0.047608,0.036255,0.189379
15640,0.044213,0.033511,0.184108
15650,0.058955,0.043589,0.224415
15660,0.014726,0.010798,0.092325
15670,0.038933,0.029403,0.181624
15680,0.022523,0.016680,0.112163
15690,0.015192,0.011246,0.111145
15700,0.033926,0.025487,0.164646
15710,0.007686,0.005356,0.063411
15720,0.021673,0.016375,0.113146
15730,0.046691,0.034911,0.192133
15740,0.034804,0.027408,0.189976
15750,0.017362,0.013390,0.091505
15760,0.000095,0.000183,0.000469
15770,0.030650,0.023344,0.121516
15780,0.040422,0.030945,0.179047
15790,0.023256,0.017343,0.132946
15800,0.043412,0.032940,0.187565
15810,0.039490,0.029548,0.179160
15820,0.025942,0.019013,0.154559
15830,0.030748,0.023267,0.144664
15840,0.049087,0.037620,0.191285
15850,0.028166,0.020093,0.158195
15860,0.043182,0.032832,0.164065
15870,0.018995,0.014320,0.085603
15880,0.034014,0.026142,0.129964
15890,0.029770,0.022402,0.144547
15900,0.030783,0.022798,0.165187
15910,0.012072,0.009067,0.097420
15920,0.050029,0.037518,0.191187
15930,0.024110,0.018037,0.128585
15940,0.025430,0.019828,0.110074
15950,0.050657,0.038630,0.205958
15960,0.035537,0.027014,0.184363
15970,0.031199,0.023611,0.160584
15980,0.027602,0.020949,0.150717
15990,0.026526,0.019773,0.136992
16000,0.002741,0.001910,0.146414
16010,0.055949,0.042673,0.215984
16020,0.044427,0.033858,0.194096
16030,0.018769,0.014037,0.144730
16040,0.018263,0.013429,0.127886
16050,0.033656,0.025209,0.169733
16060,0.020800,0.015280,0.145105
16070,0.048556,0.036620,0.200064
16080,0.021543,0.016270,0.154718
16090,0.058644,0.044098,0.230816
16100,0.021119,0.015666,0.142351
16110,0.016152,0.012400,0.127263
16120,0.053355,0.040988,0.224369
16130,0.028064,0.020832,0.135452
16140,0.052293,0.039729,0.192845
16150,0.005206,0.003943,0.041095
16160,0.024939,0.020163,0.144770
16170,0.027272,0.020575,0.123863
16180,0.028845,0.021858,0.124212
16190,0.028674,0.021876,0.161330
16200,0.018563,0.014061,0.133895
16210,0.010396,0.007250,0.139920
16220,0.043319,0.033150,0.161913
16230,0.041823,0.031411,0.180117
16240,0.035886,0.026954,0.161056
16250,0.034606,0.025952,0.177445
16260,0.027357,0.020713,0.153331
16270,0.047919,0.036884,0.195056
16280,0.032013,0.023957,0.159196
16290,0.029904,0.022429,0.148802
16300,0.024952,0.019068,0.132514
16310,0.030900,0.024108,0.149624
16320,0.020323,0.014814,0.138107
16330,0.064397,0.048475,0.228246
16340,0.019882,0.014850,0.112047
16350,0.009009,0.006263,0.173563
16360,0.027174,0.020917,0.142647
16370,0.004482,0.003206,0.041954
16380,0.022258,0.016284,0.136637
16390,0.030392,0.023430,0.157063
16400,0.026177,0.020051,0.147569
16410,0.044820,0.034893,0.176975
16420,0.005591,0.004594,0.160282
16430,0.007264,0.005436,0.091562
16440,0.028969,0.022555,0.159988
16450,0.020097,0.015403,0.122582
16460,0.022621,0.016495,0.155837
16470,0.029984,0.022026,0.172433
16480,0.017500,0.013077,0.103098
16490,0.025582,0.017822,0.165563
16500,0.033231,0.025127,0.150936
16510,0.010002,0.007354,0.083657
16520,0.030993,0.023156,0.143680
16530,0.017595,0.013458,0.121704
16540,0.039738,0.029942,0.148500
16550,0.016351,0.012369,0.139812
16560,0.028450,0.021619,0.148398
16570,0.028804,0.021753,0.130591
16580,0.045596,0.032017,0.197900
16590,0.025769,0.020415,0.101163
16600,0.048549,0.036479,0.202000
16610,0.052226,0.039549,0.207094
16620,0.014151,0.010908,0.072576
16630,0.023558,0.018004,0.136507
16640,0.037894,0.028211,0.163231
16650,0.031406,0.023056,0.150257
16660,0.014697,0.011296,0.127379
16670,0.022684,0.016877,0.135615
16680,0.023122,0.017565,0.141036
16690,0.058795,0.045209,0.220241
16700,0.018775,0.014052,0.134567
16710,0.018837,0.014255,0.121498
16720,0.019237,0.014275,0.127974
16730,0.038333,0.028750,0.156555
16740,0.020273,0.015313,0.138970
16750,0.022865,0.017333,0.134546
16760,0.024758,0.018781,0.137201
16770,0.008112,0.004881,0.202567
16780,0.034119,0.025316,0.172404
16790,0.017446,0.013277,0.092435
16800,0.013736,0.010574,0.092303
16810,0.040824,0.031524,0.186690
16820,0.037331,0.028389,0.178808
16830,0.032409,0.025099,0.140807
16840,0.036652,0.028098,0.143340
16850,0.053913,0.040311,0.202727
16860,0.049506,0.038060,0.228137
16870,0.029455,0.023869,0.142653
16880,0.015806,0.011983,0.106843
16890,0.011762,0.008739,0.102597
16900,0.034600,0.026499,0.144398
16910,0.058358,0.044616,0.209343
16920,0.004197,0.003517,0.147689
16930,0.023921,0.017787,0.148738
16940,0.034113,0.025798,0.151019
16950,0.017327,0.013478,0.095791
16960,0.017982,0.013287,0.130396
16970,0.049887,0.037790,0.183558
16980,0.020832,0.016087,0.104083
16990,0.032652,0.025859,0.171055
17000,0.022605,0.017104,0.128208
17010,0.027682,0.020952,0.142016
17020,0.016257,0.012078,0.133648
17030,0.053505,0.040615,0.208538
17040,0.010355,0.007477,0.101124
17050,0.051253,0.038513,0.203175
17060,0.002912,0.002236,0.093174
17070,0.011052,0.008294,0.149379
17080,0.007805,0.006481,0.046856
17090,0.044355,0.034559,0.169573
17100,0.016699,0.012570,0.130966
17110,0.033607,0.025066,0.173664
17120,0.036282,0.027696,0.164200
17130,0.059482,0.045442,0.221037
17140,0.029565,0.022157,0.145199
17150,0.012678,0.009259,0.110288
17160,0.035420,0.026741,0.164431
17170,0.037918,0.027999,0.184130
17180,0.011614,0.008507,0.102812
17190,0.037551,0.027282,0.154938
17200,0.007199,0.005515,0.135896
17210,0.019604,0.014879,0.099237
17220,0.028172,0.021167,0.152297
17230,0.045374,0.034250,0.198909
17240,0.035705,0.026719,0.165221
17250,0.022542,0.016284,0.137782
17260,0.054584,0.041783,0.205105
17270,0.029874,0.022774,0.146857
17280,0.022698,0.016797,0.141235
17290,0.028420,0.021296,0.149849
17300,0.024695,0.018363,0.138229
17310,0.017885,0.013426,0.138929
17320,0.034062,0.025904,0.149067
17330,0.032240,0.024112,0.155792
17340,0.049827,0.037732,0.203791
17350,0.009741,0.007434,0.098436
17360,0.004926,0.004085,0.071590
17370,0.014134,0.010406,0.108524
17380,0.030422,0.022800,0.155927
17390,0.013700,0.010201,0.111795
17400,0.023379,0.016793,0.143021
17410,0.021700,0.017275,0.110039
17420,0.029797,0.022717,0.152303
17430,0.016990,0.012786,0.126705
17440,0.013595,0.010176,0.109873
17450,0.041327,0.031511,0.173286
17460,0.031194,0.023202,0.158759
17470,0.027671,0.020856,0.133477
17480,0.013021,0.009556,0.111807
17490,0.015832,0.011658,0.112354
17500,0.019368,0.014270,0.122880
17510,0.041866,0.031938,0.171442
17520,0.039519,0.030145,0.173526
17530,0.019140,0.012947,0.154590
17540,0.034066,0.025975,0.166586
17550,0.033566,0.025611,0.144185
17560,0.031389,0.023881,0.152464
17570,0.022661,0.016637,0.132941
17580,0.052982,0.040001,0.204713
17590,0.021943,0.016260,0.130231
17600,0.036064,0.026950,0.179572
17610,0.028841,0.021483,0.149063
17620,0.026894,0.020250,0.140185
17630,0.033851,0.025775,0.159179
17640,0.051832,0.039574,0.214488
17650,0.036716,0.027746,0.164385
17660,0.011666,0.009247,0.105118
17670,0.059845,0.045010,0.220144
17680,0.004056,0.002987,0.097075
17690,0.025891,0.020661,0.150956
17700,0.022839,0.017704,0.136954
17710,0.028555,0.021514,0.160819
17720,0.039939,0.029887,0.179417
17730,0.011698,0.008727,0.104154
17740,0.031876,0.023707,0.162768
17750,0.027942,0.020850,0.155509
17760,0.041020,0.030988,0.181585
17770,0.028158,0.021426,0.144527
17780,0.024561,0.018388,0.223151
17790,0.005444,0.004089,0.040011
17800,0.014136,0.010597,0.115767
17810,0.044682,0.033633,0.189397
17820,0.040847,0.031305,0.175514
17830,0.011848,0.008803,0.104021
17840,0.027659,0.020936,0.139653
17850,0.013042,0.009506,0.117432
17860,0.018835,0.012406,0.220185
17870,0.015197,0.011136,0.117652
17880,0.015324,0.011521,0.121508
17890,0.011570,0.010974,0.130060
17900,0.024019,0.017696,0.150766
17910,0.018605,0.013884,0.152424
17920,0.036912,0.028028,0.169166
17930,0.041337,0.031269,0.164190
17940,0.034698,0.025912,0.164372
17950,0.022156,0.016419,0.132142
17960,0.033758,0.025340,0.166303
17970,0.024006,0.018307,0.123292
17980,0.065173,0.050482,0.241541
17990,0.021434,0.015897,0.126805
18000,0.028921,0.021490,0.156290
18010,0.025677,0.019292,0.128030
18020,0.018400,0.013940,0.108741
18030,0.024182,0.018789,0.152217
18040,0.019082,0.013394,0.087426
18050,0.030833,0.022783,0.152323
18060,0.047411,0.037648,0.181717
18070,0.004471,0.004631,0.127157
18080,0.028059,0.022291,0.183355
18090,0.021089,0.016027,0.108703
18100,0.011099,0.008287,0.136272
18110,0.021978,0.015969,0.149487
18120,0.033308,0.025232,0.141740
18130,0.003798,0.003028,0.070477
18140,0.030351,0.022971,0.162670
18150,0.047572,0.035432,0.202727
18160,0.016484,0.012601,0.111915
18170,0.026077,0.019869,0.128999
18180,0.051225,0.039153,0.195900
18190,0.042439,0.032167,0.177965
18200,0.028636,0.021289,0.156491
18210,0.016712,0.012654,0.125204
18220,0.055459,0.041599,0.222880
18230,0.029252,0.021467,0.153277
18240,0.015140,0.011522,0.127351
18250,0.041139,0.031535,0.176800
18260,0.026001,0.019556,0.148829
18270,0.026280,0.019550,0.114876
18280,0.027453,0.020827,0.157275
18290,0.010359,0.006678,0.123609
18300,0.020607,0.015544,0.125038
18310,0.041064,0.031186,0.178264
18320,0.038635,0.029487,0.170740
18330,0.022265,0.016877,0.129175
18340,0.046357,0.035649,0.184319
18350,0.027406,0.020824,0.146456
18360,0.019186,0.014942,0.101122
18370,0.039186,0.029335,0.169667
18380,0.007800,0.006083,0.120939
18390,0.028605,0.021344,0.145093
18400,0.019046,0.014342,0.109621
18410,0.033754,0.025248,0.161103
18420,0.033585,0.025437,0.154955
18430,0.032632,0.024773,0.162149
18440,0.014231,0.010449,0.104727
18450,0.042689,0.032261,0.180698
18460,0.016584,0.012376,0.115576
18470,0.044954,0.034150,0.191492
18480,0.028856,0.021174,0.157554
18490,0.040424,0.031176,0.178330
18500,0.026213,0.019222,0.153342
18510,0.010179,0.007494,0.080675
18520,0.015295,0.011308,0.117406
18530,0.038941,0.029703,0.158608
18540,0.028423,0.021556,0.149582
18550,0.035636,0.026633,0.167771
18560,0.043613,0.033047,0.170359
18570,0.045415,0.034866,0.177544
18580,0.011395,0.008100,0.136393
18590,0.026290,0.019359,0.153435
18600,0.022193,0.016856,0.152215
18610,0.016510,0.012019,0.131401
18620,0.042241,0.032159,0.196438
18630,0.012492,0.009502,0.066992
18640,0.054619,0.042045,0.208502
18650,0.033019,0.025422,0.174364
18660,0.025855,0.019386,0.189820
18670,0.025800,0.019561,0.146371
18680,0.008463,0.007869,0.148460
18690,0.033172,0.024943,0.156885
18700,0.046981,0.035291,0.192937
18710,0.029425,0.021805,0.155961
18720,0.013929,0.010150,0.127320
18730,0.011717,0.009630,0.260409
18740,0.007470,0.005802,0.064318
18750,0.026944,0.020833,0.146732
18760,0.028575,0.021635,0.148165
18770,0.040833,0.031521,0.177822
18780,0.032921,0.024821,0.166624
18790,0.008980,0.006447,0.042769
18800,0.021516,0.015896,0.135791
18810,0.025583,0.019473,0.143866
18820,0.023206,0.017243,0.146188
18830,0.035095,0.026891,0.151402
18840,0.025739,0.019351,0.143516
18850,0.041242,0.031588,0.164155
18860,0.025765,0.019221,0.155325
18870,0.010748,0.007695,0.104023
18880,0.029334,0.022051,0.146609
18890,0.019201,0.014520,0.141415
18900,0.025211,0.018721,0.136971
18910,0.031744,0.023374,0.148734
18920,0.035237,0.026724,0.166987
18930,0.050128,0.038150,0.181420
18940,0.051483,0.038762,0.212470
18950,0.017829,0.014869,0.141679
18960,0.020735,0.015515,0.129200
18970,0.035372,0.026661,0.173372
18980,0.015366,0.011663,0.125251
18990,0.033545,0.024518,0.203628
19000,0.049759,0.037971,0.199370
19010,0.022136,0.017189,0.138672
19020,0.039102,0.029800,0.174140
19030,0.019942,0.015150,0.097381
19040,0.034507,0.026368,0.149135
19050,0.024167,0.017540,0.137977
19060,0.048316,0.037173,0.202959
19070,0.044116,0.033267,0.195897
19080,0.014047,0.010361,0.118615
19090,0.061962,0.048074,0.243862
19100,0.014770,0.010971,0.118367
19110,0.024395,0.018526,0.102230
19120,0.011615,0.008871,0.075241
19130,0.028021,0.022145,0.155035
19140,0.021052,0.015258,0.152459
19150,0.018090,0.013690,0.138836
19160,0.030023,0.022716,0.167197
19170,0.045336,0.034284,0.183049
19180,0.023111,0.017415,0.135472
19190,0.020269,0.015276,0.122098
19200,0.041628,0.031595,0.164784
19210,0.026919,0.019996,0.142862
19220,0.018209,0.013706,0.120317
19230,0.047736,0.036401,0.178789
19240,0.054592,0.041420,0.211298
19250,0.014405,0.010366,0.141847
19260,0.021893,0.016987,0.119523
19270,0.052185,0.039139,0.208147
19280,0.047610,0.035933,0.188798
19290,0.045222,0.034744,0.164759
19300,0.015949,0.011714,0.120030
19310,0.026078,0.019852,0.147779
19320,0.013905,0.010225,0.109375
19330,0.013609,0.010840,0.299902
19340,0.042352,0.031899,0.196482
19350,0.035499,0.027103,0.166358
19360,0.036401,0.028018,0.194867
19370,0.048246,0.036519,0.211982
19380,0.026127,0.019581,0.135847
19390,0.018909,0.014985,0.128756
19400,0.061741,0.046552,0.223329
19410,0.015148,0.011447,0.096484
19420,0.046217,0.035125,0.197365
19430,0.026382,0.019062,0.164953
19440,0.035332,0.027088,0.137749
19450,0.015356,0.012338,0.109525
19460,0.028621,0.022549,0.125820
19470,0.030661,0.022927,0.137468
19480,0.009019,0.006454,0.121178
19490,0.014686,0.011052,0.128644
19500,0.014976,0.011736,0.117657
19510,0.034009,0.026129,0.161662
19520,0.026943,0.020922,0.149465
19530,0.018007,0.013604,0.087314
19540,0.012164,0.009168,0.099830
19550,0.039399,0.029808,0.194008
19560,0.020559,0.015543,0.115725
19570,0.033107,0.024998,0.176064
19580,0.039137,0.030038,0.162212
19590,0.032887,0.024551,0.149344
19600,0.038724,0.029568,0.170562
19610,0.035935,0.027535,0.160939
19620,0.014602,0.010725,0.109323
19630,0.007949,0.006300,0.118347
19640,0.043816,0.033734,0.197063
19650,0.025129,0.018755,0.140797
19660,0.019782,0.013592,0.105923
19670,0.029433,0.022093,0.150932
19680,0.037824,0.028896,0.157652
19690,0.024802,0.018415,0.124400
19700,0.013032,0.009798,0.100046
19710,0.041351,0.031756,0.174383
19720,0.042279,0.032245,0.184934
19730,0.046256,0.034377,0.195127
19740,0.027912,0.020792,0.148464
19750,0.008084,0.007758,0.098350
19760,0.045861,0.036329,0.171810
19770,0.015524,0.011763,0.086284
19780,0.022916,0.016867,0.125279
19790,0.022981,0.017698,0.123438
19800,0.016581,0.012124,0.121921
19810,0.035429,0.027267,0.144241
19820,0.017385,0.012665,0.134977
19830,0.028200,0.020969,0.153448
19840,0.025042,0.019093,0.134863
19850,0.028939,0.021729,0.156366
19860,0.025245,0.019151,0.152422
19870,0.032541,0.024737,0.158283
19880,0.014467,0.012512,0.163038
19890,0.017379,0.012631,0.135469
19900,0.027279,0.020591,0.142257
19910,0.026532,0.019847,0.147933
19920,0.011694,0.008645,0.104574
19930,0.009465,0.007224,0.085155
19940,0.030708,0.023409,0.161019
19950,0.027414,0.020649,0.146177
19960,0.041152,0.031393,0.190591
19970,0.028919,0.022137,0.139084
19980,0.012620,0.009537,0.101702
19990,0.030102,0.022199,0.130999
20000,0.032449,0.024189,0.146831
20010,0.011353,0.007472,0.162198
20020,0.013152,0.009883,0.110470
20030,0.013341,0.010043,0.137527
20040,0.009752,0.007553,0.090504
20050,0.047897,0.036544,0.190609
20060,0.028466,0.021564,0.172248
20070,0.015542,0.011236,0.122483
20080,0.031973,0.024278,0.160270
20090,0.042698,0.032374,0.179520
20100,0.022964,0.017291,0.131023
20110,0.018657,0.013873,0.137873
20120,0.035745,0.026938,0.169347
20130,0.058663,0.044575,0.219450
20140,0.003597,0.002789,0.211956
20150,0.004146,0.003856,0.039439
20160,0.047576,0.035910,0.183114
20170,0.004610,0.003102,0.101515
20180,0.042070,0.031389,0.186343
20190,0.015289,0.011085,0.114547
20200,0.017518,0.013318,0.156369
20210,0.015223,0.011327,0.080603
20220,0.016441,0.011805,0.098142
20230,0.019922,0.014918,0.118586
20240,0.055916,0.042493,0.211883
20250,0.033915,0.025853,0.165914
20260,0.023791,0.017904,0.155757
20270,0.019298,0.014424,0.104144
20280,0.012904,0.009700,0.068911
20290,0.012630,0.008509,0.177364
20300,0.043278,0.032843,0.173184
20310,0.029054,0.021819,0.141214
20320,0.023514,0.017873,0.127451
20330,0.023155,0.017368,0.132210
20340,0.018125,0.013482,0.126734
20350,0.041202,0.030443,0.187231
20360,0.021099,0.015231,0.146908
20370,0.015880,0.011785,0.105735
20380,0.021382,0.015939,0.141582
20390,0.035582,0.027646,0.154150
20400,0.033709,0.025283,0.163034
20410,0.018439,0.013993,0.137189
20420,0.014288,0.010619,0.120331
20430,0.041335,0.031248,0.174015
20440,0.036748,0.027741,0.166745
20450,0.040580,0.030537,0.178153
20460,0.035784,0.027098,0.135970
20470,0.024239,0.018485,0.130782
20480,0.022811,0.017350,0.103307
20490,0.027802,0.021004,0.109808
20500,0.034994,0.026586,0.151907
20510,0.045493,0.034817,0.197531
20520,0.011726,0.009297,0.057579
20530,0.023392,0.017771,0.126849
20540,0.037921,0.028888,0.167204
20550,0.031008,0.024542,0.143265
20560,0.019132,0.014239,0.137915
20570,0.016819,0.012521,0.106289
20580,0.021143,0.016135,0.125289
20590,0.012848,0.009417,0.200425
20600,0.060157,0.046018,0.228733
20610,0.011404,0.008532,0.100991
20620,0.023927,0.018171,0.112586
20630,0.038916,0.029515,0.170412
20640,0.032658,0.026033,0.171756
20650,0.033704,0.025191,0.156301
20660,0.026448,0.019664,0.140310
20670,0.023071,0.017490,0.143257
20680,0.038038,0.028230,0.167856
20690,0.016823,0.014820,0.120055
20700,0.009274,0.006729,0.100006
20710,0.039145,0.030303,0.169216
20720,0.018024,0.013670,0.121603
20730,0.026441,0.019843,0.145940
20740,0.032868,0.024925,0.138613
20750,0.009033,0.006642,0.077577
20760,0.038555,0.029409,0.173016
20770,0.031294,0.023337,0.131652
20780,0.035070,0.026445,0.159884
20790,0.037846,0.028746,0.155416
20800,0.019998,0.014997,0.095445
20810,0.023180,0.017726,0.142517
20820,0.025266,0.018847,0.141704
20830,0.005911,0.005700,0.200418
20840,0.000011,0.000007,0.000032
20850,0.038516,0.029426,0.176273
20860,0.024890,0.018791,0.137878
20870,0.016107,0.012322,0.116266
20880,0.036189,0.027518,0.163301
20890,0.014488,0.010708,0.116295
20900,0.043749,0.033054,0.184108
20910,0.028611,0.021459,0.134777
20920,0.046317,0.035291,0.187517
20930,0.015641,0.011585,0.087664
20940,0.025950,0.019572,0.120860
20950,0.032958,0.025481,0.158709
20960,0.038183,0.029139,0.171553
20970,0.042915,0.032450,0.181437
20980,0.024356,0.018418,0.136519
20990,0.040942,0.031248,0.177446
21000,0.038670,0.028809,0.170848
21010,0.036682,0.027879,0.171718
21020,0.029829,0.023016,0.143741
21030,0.038302,0.029367,0.155413
21040,0.046518,0.034825,0.182419
21050,0.033006,0.025541,0.141609
21060,0.007674,0.005116,0.103038
21070,0.028258,0.021372,0.103267
21080,0.023409,0.017910,0.104110
21090,0.059943,0.044520,0.225958
21100,0.023968,0.018072,0.148946
21110,0.020651,0.015406,0.140765
21120,0.031532,0.023534,0.142092
21130,0.011734,0.008310,0.139799
21140,0.042381,0.031509,0.235547
21150,0.036772,0.027775,0.148224
21160,0.033182,0.025087,0.162679
21170,0.017519,0.013103,0.125953
21180,0.039147,0.030037,0.172676
21190,0.035514,0.026369,0.167359
21200,0.020959,0.015669,0.140729
21210,0.008428,0.005654,0.295639
21220,0.014070,0.011523,0.122184
21230,0.017883,0.013800,0.098325
21240,0.016161,0.012162,0.127606
21250,0.027254,0.020672,0.112736
21260,0.019186,0.014185,0.132390
21270,0.012605,0.009038,0.121971
21280,0.006732,0.005050,0.109973
21290,0.031013,0.023312,0.136635
21300,0.043634,0.032735,0.183595
21310,0.043215,0.033540,0.189454
21320,0.015779,0.011741,0.130064
21330,0.018323,0.017202,0.101357
21340,0.033021,0.025170,0.129220
21350,0.027707,0.020575,0.169280
21360,0.004355,0.003197,0.143906
21370,0.012709,0.009592,0.105536
21380,0.025757,0.019819,0.120081
21390,0.037448,0.028173,0.165983
21400,0.034775,0.026672,0.162770
21410,0.011119,0.008098,0.092369
21420,0.052225,0.039492,0.207573
21430,0.017028,0.012691,0.128869
21440,0.016698,0.012061,0.122723
21450,0.031134,0.023138,0.124500
21460,0.002001,0.001333,0.108522
21470,0.036230,0.027367,0.165136
21480,0.024005,0.018248,0.115475
21490,0.016078,0.012590,0.135215
21500,0.019418,0.014367,0.130387
21510,0.021372,0.016508,0.093440
21520,0.051752,0.037414,0.209495
21530,0.045611,0.033343,0.199615
21540,0.038659,0.028733,0.175793
21550,0.008605,0.006264,0.098167
21560,0.027624,0.021244,0.126315
21570,0.043321,0.031838,0.185186
21580,0.014741,0.010685,0.122426
21590,0.040934,0.031046,0.186108
21600,0.020884,0.015977,0.131766
21610,0.049906,0.037595,0.197386
21620,0.036322,0.027578,0.168596
21630,0.047128,0.034442,0.193741
21640,0.042550,0.032010,0.186384
21650,0.027889,0.021490,0.150796
21660,0.028404,0.021485,0.124197
21670,0.026029,0.019549,0.135994
21680,0.052380,0.039667,0.192153
21690,0.013317,0.010257,0.103880
21700,0.034679,0.025790,0.142856
21710,0.025074,0.017351,0.159845
21720,0.022646,0.016933,0.119664
21730,0.041698,0.031596,0.172458
21740,0.030461,0.023300,0.156045
21750,0.022441,0.017235,0.141784
21760,0.022227,0.016481,0.133012
21770,0.055581,0.042387,0.194331
21780,0.006026,0.004339,0.104947
21790,0.025371,0.019252,0.141055
21800,0.034027,0.028629,0.149430
21810,0.005897,0.004180,0.112387
21820,0.012548,0.009713,0.118546
21830,0.046646,0.035291,0.182954
21840,0.015177,0.011224,0.111846
21850,0.025598,0.018882,0.141842
21860,0.026175,0.020494,0.146250
21870,0.021644,0.016224,0.136219
21880,0.037388,0.028131,0.163294
21890,0.028668,0.021392,0.128061
21900,0.047897,0.036309,0.192769
21910,0.019209,0.014640,0.129709
21920,0.024157,0.018127,0.135700
21930,0.027043,0.020394,0.134970
21940,0.055588,0.042119,0.228855
21950,0.027487,0.018651,0.153025
21960,0.013946,0.010440,0.117362
21970,0.048529,0.036944,0.187959
21980,0.011851,0.008799,0.091287
21990,0.028448,0.021903,0.126613
22000,0.011624,0.008433,0.103357
22010,0.038075,0.028260,0.172318
22020,0.022088,0.016280,0.136137
22030,0.015717,0.011921,0.127012
22040,0.013514,0.009713,0.118687
22050,0.041537,0.031734,0.181803
22060,0.003235,0.002511,0.119120
22070,0.033056,0.025462,0.161766
22080,0.033112,0.025267,0.164023
22090,0.028015,0.020672,0.170118
22100,0.037311,0.027825,0.175259
22110,0.049399,0.037412,0.175697
22120,0.021767,0.016331,0.105220
22130,0.008717,0.006345,0.082141
22140,0.012601,0.009343,0.105637
22150,0.035983,0.027165,0.166661
22160,0.021927,0.016345,0.143537
22170,0.001051,0.000879,0.039554
22180,0.010327,0.007752,0.088201
22190,0.003333,0.002778,0.022973
22200,0.056544,0.043072,0.207376
22210,0.037265,0.028064,0.147969
22220,0.014904,0.010550,0.114786
22230,0.038252,0.028181,0.169735
22240,0.035499,0.026697,0.159814
22250,0.018684,0.013766,0.105706
22260,0.014472,0.011170,0.076287
22270,0.022801,0.017376,0.132887
22280,0.018539,0.013979,0.113632
22290,0.011651,0.008107,0.065540
22300,0.030823,0.022584,0.168662
22310,0.023817,0.017850,0.129874
22320,0.010768,0.007843,0.089654
22330,0.031187,0.024049,0.153523
22340,0.021077,0.015947,0.110327
22350,0.000015,0.000043,0.000097
22360,0.023831,0.021445,0.140142
22370,0.033547,0.026035,0.170898
22380,0.097995,0.095615,0.335792
22390,0.011597,0.008623,0.095055
22400,0.029878,0.022415,0.146812
22410,0.011177,0.008437,0.082738
22420,0.057077,0.042638,0.218241
22430,0.025471,0.018956,0.143632
22440,0.033395,0.025845,0.168136
22450,0.021596,0.016336,0.125050
22460,0.018085,0.013637,0.117654
22470,0.020050,0.015060,0.124446
22480,0.014914,0.011488,0.069821
22490,0.022499,0.017799,0.140228
22500,0.034463,0.026403,0.154434
22510,0.033743,0.025497,0.147763
22520,0.030167,0.023157,0.143230
22530,0.013532,0.010366,0.100118
22540,0.012914,0.009600,0.142176
22550,0.019046,0.014199,0.126723
22560,0.020561,0.015316,0.121755
22570,0.026699,0.020163,0.134513
22580,0.016316,0.012030,0.130853
22590,0.033809,0.024419,0.175218
22600,0.020623,0.015502,0.113119
22610,0.017955,0.013267,0.115297
22620,0.039450,0.030103,0.155601
22630,0.026317,0.020121,0.139973
22640,0.011018,0.008494,0.065948
22650,0.028656,0.022007,0.112898
22660,0.033170,0.024938,0.153324
22670,0.037894,0.028781,0.183289
22680,0.019850,0.014672,0.142149
22690,0.030547,0.023074,0.145610
22700,0.023972,0.017762,0.103394
22710,0.021063,0.015802,0.128170
22720,0.039418,0.029780,0.170266
22730,0.020516,0.015203,0.119329
22740,0.019553,0.014627,0.117933
22750,0.030321,0.022616,0.156578
22760,0.027214,0.020521,0.149482
22770,0.027511,0.020809,0.146543
22780,0.031514,0.023975,0.142410
22790,0.033919,0.025998,0.162020
22800,0.030150,0.022606,0.146883
22810,0.015742,0.011479,0.131693
22820,0.002361,0.001579,0.111724
22830,0.018108,0.013628,0.118113
22840,0.034110,0.026257,0.148637
22850,0.023688,0.017579,0.154942
22860,0.022917,0.017740,0.131599
22870,0.029843,0.022748,0.144721
22880,0.026440,0.020984,0.135397
22890,0.043196,0.032182,0.192402
22900,0.012766,0.009463,0.102891
22910,0.020773,0.015389,0.096504
22920,0.055016,0.041971,0.212962
22930,0.011901,0.008794,0.104156
22940,0.037098,0.028094,0.153834
22950,0.041824,0.031847,0.172771
22960,0.037116,0.027781,0.168775
22970,0.032946,0.024668,0.167088
22980,0.021773,0.016681,0.125033
22990,0.011777,0.008883,0.101263
23000,0.024315,0.018343,0.126976
23010,0.017870,0.013349,0.127725
23020,0.019523,0.014833,0.129991
23030,0.028697,0.021872,0.150575
23040,0.004998,0.003655,0.086028
23050,0.010888,0.008136,0.105944
23060,0.023711,0.018086,0.140661
23070,0.021330,0.016246,0.125967
23080,0.029674,0.022589,0.146697
23090,0.000441,0.000279,0.038954
23100,0.032817,0.024698,0.158205
23110,0.019888,0.015441,0.130672
23120,0.031763,0.023759,0.159955
23130,0.027099,0.020355,0.121287
23140,0.008175,0.006025,0.091788
23150,0.018717,0.013840,0.131952
23160,0.039086,0.030301,0.144396
23170,0.013321,0.009353,0.147454
23180,0.035830,0.027400,0.147366
23190,0.024928,0.018565,0.120140
23200,0.017999,0.013516,0.081436
23210,0.052850,0.037536,0.216119
23220,0.048100,0.036450,0.181717
23230,0.010271,0.007760,0.050454
23240,0.030475,0.023052,0.154178
23250,0.042847,0.032173,0.180830
23260,0.056341,0.042346,0.212186
23270,0.025782,0.019243,0.115129
23280,0.010509,0.007974,0.098370
23290,0.017731,0.013269,0.114395
23300,0.046785,0.035560,0.181336
23310,0.009802,0.007179,0.086837
23320,0.048154,0.036138,0.197785
23330,0.037613,0.027993,0.172393
23340,0.041521,0.031260,0.163382
23350,0.017258,0.012965,0.124479
23360,0.059301,0.044501,0.217323
23370,0.020252,0.015191,0.126068
23380,0.020317,0.015009,0.129158
23390,0.039129,0.030165,0.176523
23400,0.011236,0.008462,0.109133
23410,0.026994,0.020574,0.126605
23420,0.027121,0.020326,0.144848
23430,0.010002,0.007542,0.105449
23440,0.009637,0.007195,0.062970
23450,0.046347,0.034877,0.198112
23460,0.025064,0.018547,0.137971
23470,0.037598,0.027321,0.181180
23480,0.043992,0.033009,0.183993
23490,0.028428,0.021566,0.140770
23500,0.028078,0.021404,0.144358
23510,0.023148,0.017190,0.123089
23520,0.021353,0.015583,0.142846
23530,0.005910,0.004365,0.161621
23540,0.029951,0.022819,0.144746
23550,0.016344,0.011918,0.118948
23560,0.027573,0.020556,0.150692
23570,0.016720,0.012104,0.087507
23580,0.016633,0.012781,0.078009
23590,0.021084,0.015702,0.133681
23600,0.016109,0.012654,0.124074
23610,0.005244,0.003728,0.110345
23620,0.018517,0.014094,0.133896
23630,0.026229,0.019792,0.131707
23640,0.021759,0.016219,0.127104
23650,0.021547,0.015146,0.127837
23660,0.031163,0.023550,0.131077
23670,0.042778,0.032946,0.179055
23680,0.017981,0.013277,0.118844
23690,0.000899,0.000665,0.152078
23700,0.022626,0.017167,0.132603
23710,0.030549,0.023150,0.148297
23720,0.024396,0.018464,0.117019
23730,0.027071,0.020527,0.145666
23740,0.048582,0.036799,0.197800
23750,0.023448,0.017536,0.137557
23760,0.031154,0.023552,0.157414
23770,0.024956,0.018569,0.134719
23780,0.021717,0.016025,0.129828
23790,0.016926,0.012588,0.122721
23800,0.012168,0.009103,0.103908
23810,0.020806,0.015520,0.096808
23820,0.027279,0.021044,0.149388
23830,0.027537,0.020717,0.146528
23840,0.053230,0.040070,0.212541
23850,0.063580,0.048678,0.235802
23860,0.011236,0.008205,0.101928
23870,0.024756,0.018690,0.132487
23880,0.015972,0.012259,0.067591
23890,0.016977,0.013682,0.087747
23900,0.033721,0.025908,0.152241
23910,0.032446,0.024637,0.153248
23920,0.024936,0.018750,0.137866
23930,0.024073,0.018484,0.122112
23940,0.020007,0.015051,0.116234
23950,0.025684,0.019171,0.135838
23960,0.040493,0.030957,0.177328
23970,0.006325,0.004660,0.118086
23980,0.021298,0.016147,0.088324
23990,0.034973,0.026814,0.160677
24000,0.059857,0.042739,0.213559
24010,0.012997,0.009792,0.062857
24020,0.020992,0.016354,0.128498
24030,0.017730,0.012591,0.117651
24040,0.026942,0.020399,0.118932
24050,0.053709,0.040414,0.205112
24060,0.019569,0.014942,0.119499
24070,0.014993,0.011131,0.113731
24080,0.024416,0.018724,0.104791
24090,0.028467,0.021301,0.129707
24100,0.008489,0.006275,0.098542
24110,0.052246,0.039411,0.183677
24120,0.042143,0.031499,0.174103
24130,0.022445,0.017050,0.131423
24140,0.000168,0.000143,0.656565
24150,0.036160,0.027368,0.154874
24160,0.017843,0.013287,0.114723
24170,0.028218,0.021799,0.137174
24180,0.025967,0.019414,0.137151
24190,0.029498,0.022389,0.140889
24200,0.038748,0.029658,0.178851
24210,0.026913,0.020043,0.147699
24220,0.019950,0.014531,0.131922
24230,0.004001,0.003504,0.662423
24240,0.018681,0.012874,0.133900
24250,0.014776,0.010969,0.070311
24260,0.031950,0.024615,0.139146
24270,0.011880,0.008668,0.120251
24280,0.021536,0.016176,0.125576
24290,0.013870,0.010449,0.110944
24300,0.020142,0.015443,0.125093
24310,0.032078,0.024658,0.158811
24320,0.017097,0.012360,0.124235
24330,0.008416,0.006169,0.095421
24340,0.029406,0.022180,0.149591
24350,0.009273,0.006473,0.104440
24360,0.014076,0.009648,0.110512
24370,0.032345,0.024024,0.166008
24380,0.042170,0.032301,0.175055
24390,0.021940,0.016676,0.102835
24400,0.019929,0.014859,0.123384
24410,0.022202,0.016779,0.136368
24420,0.001624,0.001138,0.016789
24430,0.063422,0.048199,0.229463
24440,0.003873,0.002981,0.037650
24450,0.053043,0.041682,0.198320
24460,0.044235,0.033865,0.195616
24470,0.042978,0.032653,0.175882
24480,0.016840,0.012527,0.086061
24490,0.010354,0.007059,0.040212
24500,0.025656,0.019233,0.143073
24510,0.031125,0.024189,0.139836
24520,0.000417,0.000274,0.090151
24530,0.040333,0.030300,0.172552
24540,0.029637,0.022615,0.131206
24550,0.016386,0.012149,0.126530
24560,0.026002,0.019913,0.100589
24570,0.032528,0.024515,0.134016
24580,0.004278,0.003123,0.099332
24590,0.029005,0.022619,0.156089
24600,0.022982,0.017357,0.094375
24610,0.056431,0.042666,0.215899
24620,0.034795,0.026819,0.158808
24630,0.023261,0.017177,0.145749
24640,0.034877,0.025874,0.174863
24650,0.022148,0.016994,0.114778
24660,0.023172,0.017399,0.131571
24670,0.011082,0.008125,0.107244
24680,0.037534,0.028210,0.170472
24690,0.024668,0.018616,0.136696
24700,0.003186,0.002364,0.083537
24710,0.034127,0.025719,0.154444
24720,0.043241,0.032795,0.194645
24730,0.039251,0.029713,0.169202
24740,0.021833,0.016395,0.130609
24750,0.034288,0.025817,0.155582
24760,0.024167,0.018447,0.129407
24770,0.014338,0.010858,0.103682
24780,0.024511,0.017813,0.113483
24790,0.042541,0.032240,0.173927
24800,0.026897,0.020797,0.134887
24810,0.018680,0.013968,0.115786
24820,0.037877,0.028508,0.169689
24830,0.022215,0.016339,0.126784
24840,0.012798,0.009303,0.078251
24850,0.006367,0.004844,0.037996
24860,0.031866,0.024161,0.148477
24870,0.009209,0.006689,0.165095
24880,0.019982,0.015023,0.088952
24890,0.025794,0.019397,0.100190
24900,0.016058,0.012080,0.116083
24910,0.036308,0.027466,0.164622
24920,0.021193,0.016014,0.120201
24930,0.014656,0.010867,0.132522
24940,0.009968,0.007502,0.095426
24950,0.072644,0.063356,0.261898
24960,0.023806,0.017778,0.143025
24970,0.029983,0.022537,0.147935
24980,0.024772,0.018600,0.130182
24990,0.016121,0.012165,0.083322
25000,0.019660,0.015135,0.145824
25010,0.029400,0.022167,0.150090
25020,0.031173,0.023940,0.154517
25030,0.019063,0.014492,0.096419
25040,0.010503,0.007647,0.112020
25050,0.031702,0.024077,0.164690
25060,0.036672,0.027795,0.159000
25070,0.041756,0.031229,0.178845
25080,0.024081,0.018062,0.137011
25090,0.020573,0.015086,0.121106
25100,0.031409,0.023677,0.150031
25110,0.010766,0.007933,0.099818
25120,0.007164,0.004925,0.098181
25130,0.020848,0.015374,0.128556
25140,0.021837,0.016488,0.135986
25150,0.030203,0.022721,0.152671
25160,0.030184,0.022538,0.144853
25170,0.021473,0.016270,0.127544
25180,0.032496,0.024173,0.153286
25190,0.036752,0.027918,0.167032
25200,0.017339,0.013140,0.091962
25210,0.034808,0.026428,0.135026
25220,0.039417,0.029713,0.181004
25230,0.024453,0.018342,0.145658
25240,0.026763,0.020552,0.119266
25250,0.010937,0.008442,0.112631
25260,0.043634,0.033131,0.188766
25270,0.017979,0.013240,0.125345
25280,0.033936,0.025662,0.158723
25290,0.026494,0.020095,0.136077
25300,0.043437,0.033042,0.183546
25310,0.010540,0.007893,0.080497
25320,0.059798,0.045199,0.219687
25330,0.014335,0.010463,0.106613
25340,0.028430,0.021928,0.132150
25350,0.049482,0.037275,0.191506
25360,0.054549,0.041063,0.208400
25370,0.024327,0.017614,0.135239
25380,0.048723,0.037241,0.205623
25390,0.017954,0.013465,0.119535
25400,0.035792,0.027408,0.157568
25410,0.020393,0.015478,0.110282
25420,0.029671,0.022533,0.156301
25430,0.016559,0.012457,0.086959
25440,0.044419,0.033872,0.159084
25450,0.023452,0.017394,0.133262
25460,0.024492,0.018642,0.132251
25470,0.035585,0.026623,0.154416
25480,0.009789,0.007543,0.130814
25490,0.045877,0.034873,0.182612
25500,0.045444,0.033903,0.180022
25510,0.045006,0.034245,0.184047
25520,0.025396,0.018973,0.126074
25530,0.013011,0.009739,0.099230
25540,0.007888,0.005712,0.194335
25550,0.031061,0.023447,0.148718
25560,0.022685,0.017191,0.113932
25570,0.046686,0.035079,0.192914
25580,0.008721,0.007492,0.064939
25590,0.034497,0.026200,0.148731
25600,0.023018,0.017211,0.101697
25610,0.031373,0.023554,0.159516
25620,0.004751,0.003383,0.095280
25630,0.019096,0.014442,0.117928
25640,0.022791,0.016886,0.122239
25650,0.035247,0.026546,0.160839
25660,0.043041,0.032677,0.176616
25670,0.019762,0.015018,0.131119
25680,0.028041,0.021524,0.112825
25690,0.005431,0.004140,0.097536
25700,0.038121,0.029290,0.168610
25710,0.038462,0.029409,0.170437
25720,0.023756,0.017514,0.104714
25730,0.037625,0.028575,0.159940
25740,0.022061,0.016425,0.150883
25750,0.016080,0.012240,0.131915
25760,0.032347,0.024396,0.148585
25770,0.020786,0.015390,0.176670
25780,0.034011,0.025866,0.141938
25790,0.020472,0.015239,0.126378
25800,0.010038,0.007130,0.124007
25810,0.001846,0.001182,0.131071
25820,0.031820,0.023523,0.152012
25830,0.016104,0.012932,0.151299
25840,0.043790,0.032686,0.180921
25850,0.037103,0.028302,0.147394
25860,0.007001,0.004894,0.095398
25870,0.028447,0.021549,0.129535
25880,0.013258,0.010296,0.119925
25890,0.013756,0.010036,0.079385
25900,0.044963,0.033561,0.179792
25910,0.013558,0.010235,0.081556
25920,0.028225,0.021312,0.146515
25930,0.032030,0.023696,0.149060
25940,0.053239,0.040580,0.205743
25950,0.055497,0.041931,0.203999
25960,0.022071,0.016398,0.129813
25970,0.051278,0.038126,0.177923
25980,0.023331,0.017606,0.138229
25990,0.020185,0.015186,0.127838
26000,0.017308,0.013144,0.114046
26010,0.006051,0.004194,0.086988
26020,0.006288,0.004715,0.099353
26030,0.016865,0.012523,0.113763
26040,0.019854,0.015071,0.131409
26050,0.020825,0.016176,0.110633
26060,0.016769,0.012591,0.088819
26070,0.005993,0.004521,0.089429
26080,0.013942,0.010316,0.106308
26090,0.017005,0.013101,0.094689
26100,0.037221,0.028309,0.166353
26110,0.017930,0.013309,0.127391
26120,0.015224,0.011559,0.109760
26130,0.053614,0.040644,0.204588
26140,0.026878,0.020066,0.159843
26150,0.042091,0.032001,0.180626
26160,0.041873,0.032491,0.163279
26170,0.036521,0.027409,0.150180
26180,0.023324,0.017694,0.128600
26190,0.023853,0.017919,0.114132
26200,0.032375,0.025076,0.169545
26210,0.025577,0.019225,0.124840
26220,0.005943,0.004439,0.144064
26230,0.054641,0.041468,0.207025
26240,0.057179,0.042066,0.221515
26250,0.020202,0.015024,0.142514
26260,0.032012,0.024143,0.144200
26270,0.023531,0.017752,0.132207
26280,0.033382,0.024963,0.152143
26290,0.032764,0.024406,0.150736
26300,0.033358,0.025448,0.156153
26310,0.029610,0.022171,0.155936
26320,0.021303,0.015797,0.149730
26330,0.021215,0.016088,0.134037
26340,0.058642,0.044573,0.215991
26350,0.024762,0.018788,0.127027
26360,0.036644,0.027949,0.167736
26370,0.044660,0.034098,0.186415
26380,0.036818,0.027475,0.168717
26390,0.033779,0.025418,0.157779
26400,0.028676,0.021312,0.143861
26410,0.022423,0.016764,0.124460
26420,0.024015,0.018252,0.126716
26430,0.027068,0.020002,0.141256
26440,0.039458,0.029872,0.183292
26450,0.017654,0.012881,0.112010
26460,0.038264,0.028925,0.161317
26470,0.030450,0.022945,0.142249
26480,0.015113,0.011452,0.111127
26490,0.021208,0.016163,0.101080
26500,0.019969,0.014900,0.113777
26510,0.024271,0.018766,0.127477
26520,0.004952,0.003485,0.104590
26530,0.052790,0.040383,0.207649
26540,0.019990,0.015060,0.110381
26550,0.023729,0.017559,0.132682
26560,0.025827,0.019472,0.138660
26570,0.010477,0.007928,0.056160
26580,0.020432,0.015404,0.118441
26590,0.019391,0.014735,0.117184
26600,0.035534,0.027035,0.158864
26610,0.004340,0.003003,0.097287
26620,0.024360,0.018382,0.128482
26630,0.026060,0.019786,0.125842
26640,0.023146,0.016993,0.130410
26650,0.013376,0.009866,0.106269
26660,0.024303,0.018815,0.110249
26670,0.011414,0.008558,0.093875
26680,0.024347,0.018366,0.127110
26690,0.040681,0.030425,0.194293
26700,0.026257,0.020162,0.138708
26710,0.021636,0.016298,0.110973
26720,0.032358,0.024137,0.154021
26730,0.011013,0.010139,0.125282
26740,0.039265,0.029847,0.170684
26750,0.014975,0.011335,0.093875
26760,0.014081,0.010290,0.117719
26770,0.022125,0.016564,0.124055
26780,0.016870,0.012436,0.132854
26790,0.005436,0.004167,0.089329
26800,0.012288,0.009334,0.082064
26810,0.028435,0.021462,0.122749
26820,0.007635,0.005820,0.096905
26830,0.049595,0.037254,0.179755
26840,0.012645,0.009325,0.106768
26850,0.023353,0.018544,0.144059
26860,0.025219,0.019638,0.139085
26870,0.011919,0.008696,0.107085
26880,0.044662,0.033220,0.179042
26890,0.035995,0.027755,0.156900
26900,0.034600,0.026591,0.160667
26910,0.034055,0.025489,0.163815
26920,0.026595,0.020020,0.140360
26930,0.022669,0.017184,0.137578
26940,0.023706,0.018073,0.128564
26950,0.013520,0.009910,0.127304
26960,0.030825,0.022881,0.151449
26970,0.028267,0.021369,0.120270
26980,0.032503,0.024532,0.165229
26990,0.011066,0.007935,0.098269
27000,0.024698,0.018717,0.133765
27010,0.019675,0.014874,0.139155
27020,0.042402,0.032205,0.178521
27030,0.007498,0.005785,0.106129
27040,0.027827,0.020667,0.142159
27050,0.051575,0.038858,0.192892
27060,0.023828,0.017648,0.138229
27070,0.031537,0.023741,0.134238
27080,0.020877,0.015260,0.138858
27090,0.021226,0.015935,0.099865
27100,0.022287,0.016153,0.084888
27110,0.001348,0.000926,0.085925
27120,0.024616,0.018469,0.141686
27130,0.026910,0.020135,0.141665
27140,0.023007,0.016691,0.143445
27150,0.011562,0.008589,0.071155
27160,0.014479,0.010630,0.120241
27170,0.018623,0.014236,0.132698
27180,0.024352,0.018547,0.141133
27190,0.027234,0.020337,0.148853
27200,0.032316,0.024797,0.147592
27210,0.038897,0.029887,0.138773
27220,0.037403,0.028585,0.170252
27230,0.013028,0.010330,0.119357
27240,0.003869,0.002719,0.089823
27250,0.036777,0.027917,0.149202
27260,0.026446,0.019930,0.146623
27270,0.001770,0.001421,0.013144
27280,0.035446,0.026787,0.159742
27290,0.033964,0.025881,0.146755
27300,0.024593,0.018446,0.128318
27310,0.020977,0.015838,0.119659
27320,0.016719,0.012296,0.116688
27330,0.012290,0.009260,0.140446
27340,0.021416,0.016037,0.126181
27350,0.006750,0.005305,0.092558
27360,0.030576,0.022822,0.144812
27370,0.029991,0.022634,0.145899
27380,0.059392,0.043420,0.250043
27390,0.028171,0.021358,0.128190
27400,0.029102,0.022105,0.132080
27410,0.020082,0.014844,0.093631
27420,0.025351,0.019241,0.127470
27430,0.002173,0.001465,0.092397
27440,0.048311,0.036797,0.198648
27450,0.023059,0.017308,0.123900
27460,0.022449,0.017039,0.123393
27470,0.030049,0.022531,0.140738
27480,0.041365,0.031653,0.171359
27490,0.004848,0.003157,0.293544
27500,0.043401,0.032507,0.183730
27510,0.042573,0.031959,0.177376
27520,0.030550,0.023588,0.169563
27530,0.011136,0.008239,0.089322
27540,0.053337,0.048104,0.215453
27550,0.001498,0.001295,0.089691
27560,0.013857,0.010576,0.058654
27570,0.029923,0.022333,0.156451
27580,0.010919,0.008329,0.088739
27590,0.038850,0.029746,0.164223
27600,0.017788,0.013346,0.112578
27610,0.041160,0.031282,0.174883
27620,0.036135,0.026282,0.205860
27630,0.024848,0.018156,0.129823
27640,0.060579,0.044131,0.200518
27650,0.021135,0.016070,0.124808
27660,0.034837,0.027194,0.141215
27670,0.050589,0.038899,0.192086
27680,0.032040,0.024329,0.150343
27690,0.026538,0.020991,0.122130
27700,0.033173,0.025206,0.156421
27710,0.036168,0.027774,0.166522
27720,0.015404,0.011893,0.079003
27730,0.016899,0.012566,0.110307
27740,0.021225,0.015890,0.131462
27750,0.029294,0.022031,0.144558
27760,0.056950,0.039887,0.255641
27770,0.034708,0.026522,0.129476
27780,0.029503,0.022221,0.150912
27790,0.012511,0.008898,0.167303
27800,0.032632,0.025087,0.163942
27810,0.014331,0.010583,0.099824
27820,0.013907,0.010322,0.070886
27830,0.038940,0.029256,0.157421
27840,0.019332,0.014330,0.116817
27850,0.003519,0.002969,0.112403
27860,0.001530,0.001197,0.074929
27870,0.043590,0.032850,0.170041
27880,0.046070,0.034924,0.187659
27890,0.015658,0.011781,0.108303
27900,0.017232,0.012986,0.077868
27910,0.025416,0.019093,0.134683
27920,0.023267,0.017865,0.136214
27930,0.014298,0.010671,0.110933
27940,0.045164,0.034594,0.183940
27950,0.067215,0.050899,0.237321
27960,0.008419,0.006148,0.215955
27970,0.012606,0.009453,0.075958
27980,0.029011,0.021700,0.147995
27990,0.021494,0.016059,0.142132
28000,0.013379,0.009753,0.114170
28010,0.028082,0.021597,0.151906
28020,0.041602,0.031611,0.174746
28030,0.013302,0.010003,0.072064
28040,0.021631,0.016433,0.124092
28050,0.061074,0.046912,0.223298
28060,0.032269,0.024589,0.145591
28070,0.015375,0.011300,0.111632
28080,0.013987,0.010367,0.122182
28090,0.021908,0.016100,0.123655
28100,0.031497,0.023780,0.152358
28110,0.019933,0.015214,0.139455
28120,0.006802,0.004859,0.101776
28130,0.047850,0.036655,0.188631
28140,0.037510,0.028397,0.172352
28150,0.026381,0.020516,0.119302
28160,0.016081,0.012030,0.098109
28170,0.030721,0.023353,0.130627
28180,0.030847,0.023227,0.142553
28190,0.028018,0.021074,0.132928
28200,0.009996,0.007270,0.101685
28210,0.020317,0.014000,0.172241
28220,0.013551,0.010246,0.100656
28230,0.017134,0.012972,0.090567
28240,0.006215,0.004791,0.100674
28250,0.026824,0.019845,0.140936
28260,0.029702,0.022344,0.149247
28270,0.039381,0.029718,0.173731
28280,0.038553,0.029049,0.145947
28290,0.016581,0.012596,0.104829
28300,0.020844,0.015759,0.091489
28310,0.025749,0.019509,0.145595
28320,0.020828,0.015397,0.130354
28330,0.017331,0.013081,0.089815
28340,0.030501,0.022972,0.147934
28350,0.047189,0.035654,0.197613
28360,0.019283,0.014020,0.122225
28370,0.019904,0.014918,0.117415
28380,0.017161,0.012727,0.127726
28390,0.033068,0.025332,0.155311
28400,0.031003,0.023230,0.159363
28410,0.017351,0.013046,0.125032
28420,0.035479,0.027154,0.159938
28430,0.017230,0.012369,0.136845
28440,0.029184,0.022094,0.139469
28450,0.030016,0.022980,0.156426
28460,0.003112,0.001917,0.155332
28470,0.023444,0.017595,0.130419
28480,0.017514,0.012934,0.134885
28490,0.049778,0.037515,0.197868
28500,0.021275,0.016830,0.148855
28510,0.027955,0.021294,0.133102
28520,0.036674,0.027655,0.153658
28530,0.014561,0.010850,0.098736
28540,0.012292,0.009028,0.132106
28550,0.007524,0.006221,0.084289
28560,0.029710,0.022161,0.143956
28570,0.015718,0.011717,0.066290
28580,0.016670,0.012049,0.118321
28590,0.029104,0.028603,0.153945
28600,0.018522,0.015057,0.140484
28610,0.042030,0.031959,0.170679
28620,0.018944,0.014078,0.120581
28630,0.023029,0.017457,0.129225
28640,0.035188,0.027019,0.155904
28650,0.028607,0.022045,0.129898
28660,0.030020,0.022490,0.155311
28670,0.022525,0.017449,0.103688
28680,0.033137,0.025166,0.132264
28690,0.022639,0.017244,0.096598
28700,0.023139,0.017523,0.154764
28710,0.026918,0.021271,0.120987
28720,0.004554,0.003379,0.110871
28730,0.023691,0.017872,0.132362
28740,0.017099,0.012925,0.117371
28750,0.035109,0.026194,0.160006
28760,0.051666,0.039980,0.191355
28770,0.023281,0.017311,0.132781
28780,0.038945,0.029218,0.162096
28790,0.021659,0.015069,0.144508
28800,0.027769,0.020653,0.148668
28810,0.034025,0.025550,0.119304
28820,0.028726,0.021418,0.145959
28830,0.040546,0.031042,0.173238
28840,0.012057,0.008606,0.105716
28850,0.030331,0.023051,0.115840
28860,0.023751,0.017751,0.116668
28870,0.023652,0.017663,0.121706
28880,0.006745,0.005291,0.115600
28890,0.018478,0.013806,0.094544
28900,0.022003,0.016515,0.145753
28910,0.000005,0.000003,0.000014
28920,0.024340,0.016971,0.087909
28930,0.006987,0.005395,0.055751
28940,0.022807,0.017270,0.120576
28950,0.048020,0.037161,0.187576
28960,0.000004,0.000009,0.000021
28970,0.002425,0.001663,0.091968
28980,0.032944,0.024902,0.172605
28990,0.018903,0.014261,0.114484
29000,0.019189,0.014076,0.119215
29010,0.000937,0.000701,0.162070
29020,0.039551,0.029661,0.179373
29030,0.024445,0.018218,0.115475
29040,0.028061,0.020752,0.142694
29050,0.009660,0.006687,0.424144
29060,0.028731,0.021784,0.138195
29070,0.014712,0.011096,0.109349
29080,0.025686,0.019492,0.141120
29090,0.032648,0.024362,0.152763
29100,0.030709,0.023410,0.151079
29110,0.022198,0.016565,0.128229
29120,0.016065,0.011905,0.118553
29130,0.005592,0.004407,0.045619
29140,0.013613,0.010125,0.134632
29150,0.051477,0.039550,0.200968
29160,0.017892,0.013722,0.113985
29170,0.027831,0.020968,0.140974
29180,0.020183,0.015249,0.119709
29190,0.042174,0.030886,0.177690
29200,0.011559,0.008607,0.083309
29210,0.020600,0.015630,0.121813
29220,0.040427,0.030611,0.179678
29230,0.001566,0.000971,0.095844
29240,0.029544,0.022565,0.134100
29250,0.007204,0.005066,0.140569
29260,0.068614,0.051980,0.238703
29270,0.026586,0.020228,0.123847
29280,0.033689,0.025507,0.161616
29290,0.039757,0.030282,0.156898
29300,0.045733,0.034430,0.181716
29310,0.024447,0.018202,0.130434
29320,0.006053,0.004541,0.096062
29330,0.032780,0.025326,0.132653
29340,0.041323,0.031441,0.161312
29350,0.014539,0.010805,0.101946
29360,0.016706,0.011867,0.120796
29370,0.040044,0.030323,0.174672
29380,0.037549,0.028452,0.165393
29390,0.027329,0.020858,0.147518
29400,0.020698,0.017216,0.143771
29410,0.014538,0.010938,0.116775
29420,0.026344,0.020706,0.123482
29430,0.006080,0.004423,0.103797
29440,0.023501,0.017764,0.119634
29450,0.023283,0.017407,0.100149
29460,0.026813,0.019970,0.144064
29470,0.005185,0.003688,0.118829
29480,0.044560,0.033787,0.175183
29490,0.027214,0.020572,0.150508
29500,0.029480,0.022199,0.143717
29510,0.051268,0.038750,0.196851
29520,0.034901,0.026729,0.141740
29530,0.024228,0.017984,0.138198
29540,0.036946,0.028149,0.164618
29550,0.017877,0.013260,0.107990
29560,0.018124,0.013443,0.095802
29570,0.019481,0.014258,0.125257
29580,0.019848,0.015012,0.119063
29590,0.021646,0.016891,0.138795
29600,0.036236,0.027331,0.160795
29610,0.022725,0.016957,0.131468
29620,0.007387,0.005187,0.115862
29630,0.026801,0.020372,0.144011
29640,0.028768,0.022041,0.154592
29650,0.027480,0.020452,0.138362
29660,0.017710,0.013407,0.120987
29670,0.000002,0.000001,0.000005
29680,0.026156,0.019646,0.147692
29690,0.005769,0.004079,0.076977
29700,0.015529,0.011258,0.112976
29710,0.024564,0.018761,0.105500
29720,0.018127,0.013824,0.103249
29730,0.021518,0.015992,0.093972
29740,0.046665,0.035269,0.177976
29750,0.029022,0.021743,0.151761
29760,0.021646,0.016625,0.111632
29770,0.000453,0.000312,0.093298
29780,0.006333,0.004133,0.194465
29790,0.003355,0.002686,0.247821
29800,0.027024,0.020394,0.133138
29810,0.047242,0.035884,0.184331
29820,0.031237,0.023772,0.143454
29830,0.024855,0.019099,0.144013
29840,0.036982,0.027779,0.164444
29850,0.020805,0.015275,0.122474
29860,0.021270,0.015978,0.110957
29870,0.026056,0.019358,0.127933
29880,0.035876,0.027319,0.163297
29890,0.039350,0.029625,0.172299
29900,0.016149,0.011726,0.101956
29910,0.026409,0.020256,0.160667
29920,0.018819,0.014305,0.121201
29930,0.003909,0.002797,0.044243
29940,0.015032,0.011356,0.106550
29950,0.016692,0.012828,0.093815
29960,0.001877,0.001569,0.612129
29970,0.037562,0.028283,0.167564
29980,0.033728,0.025226,0.141717
29990,0.029259,0.022150,0.149570
30000,0.020457,0.015052,0.132671
30010,0.041147,0.031061,0.162581
30020,0.011150,0.008355,0.105476
30030,0.016757,0.012347,0.113386
30040,0.001280,0.000940,0.091565
30050,0.025449,0.019106,0.137250
30060,0.018045,0.013466,0.121152
30070,0.027203,0.020925,0.138835
30080,0.012852,0.009745,0.104974
30090,0.017782,0.013330,0.106221
30100,0.016462,0.012289,0.124574
30110,0.014003,0.010316,0.106088
30120,0.026966,0.021475,0.130068
30130,0.030281,0.023195,0.145355
30140,0.029734,0.028483,0.288491
30150,0.037134,0.027994,0.159695
30160,0.032220,0.024249,0.147074
30170,0.051442,0.039098,0.198395
30180,0.049305,0.037012,0.188361
30190,0.062240,0.047220,0.219390
30200,0.005468,0.003825,0.124399
30210,0.028008,0.021209,0.155087
30220,0.013667,0.010331,0.075100
30230,0.027114,0.020349,0.147700
30240,0.004482,0.003209,0.101120
30250,0.037945,0.028732,0.162812
30260,0.013900,0.010509,0.063834
30270,0.017061,0.012549,0.123485
30280,0.019495,0.014624,0.103721
30290,0.045898,0.034457,0.189403
30300,0.026098,0.020829,0.132212
30310,0.020056,0.015381,0.132723
30320,0.013608,0.009887,0.109292
30330,0.009040,0.006873,0.041741
30340,0.015440,0.011811,0.110809
30350,0.057339,0.043655,0.213556
30360,0.054753,0.043164,0.250173
30370,0.025610,0.019496,0.137506
30380,0.027965,0.020909,0.156682
30390,0.043138,0.032781,0.178779
30400,0.025854,0.019583,0.129642
30410,0.048376,0.036448,0.197636
30420,0.016753,0.012009,0.123289
30430,0.049845,0.037842,0.171662
30440,0.029265,0.022107,0.146208
30450,0.024348,0.018262,0.132530
30460,0.024913,0.019027,0.133015
30470,0.012285,0.009741,0.055327
30480,0.026165,0.019408,0.137787
30490,0.024667,0.018485,0.138670
30500,0.040958,0.031026,0.178288
30510,0.030676,0.023589,0.140279
30520,0.017964,0.013616,0.107460
30530,0.006584,0.004761,0.112205
30540,0.017938,0.013225,0.126482
30550,0.031538,0.026113,0.136527
30560,0.005788,0.003599,0.144097
30570,0.029344,0.022512,0.124034
30580,0.025947,0.020198,0.140044
30590,0.029072,0.021771,0.148681
30600,0.032965,0.024468,0.158169
30610,0.011573,0.008218,0.121421
30620,0.007634,0.005435,0.110783
30630,0.042490,0.032254,0.175478
30640,0.002921,0.002180,0.089993
30650,0.013980,0.010670,0.107620
30660,0.025591,0.019277,0.138980
30670,0.017649,0.013583,0.109425
30680,0.011051,0.008067,0.095224
30690,0.003340,0.002538,0.066546
30700,0.015247,0.011625,0.079302
30710,0.039068,0.029210,0.167080
30720,0.025204,0.019341,0.129679
30730,0.027413,0.020640,0.145523
30740,0.021770,0.015531,0.145003
30750,0.013372,0.010456,0.061087
30760,0.017880,0.013069,0.150178
30770,0.021753,0.016386,0.136571
30780,0.014087,0.010628,0.108082
30790,0.018487,0.013827,0.126004
30800,0.027140,0.019667,0.147238
30810,0.021635,0.016276,0.115613
30820,0.027887,0.020963,0.140155
30830,0.021541,0.016373,0.127713
30840,0.038514,0.029260,0.159045
30850,0.027035,0.020207,0.139681
30860,0.024431,0.018553,0.133643
30870,0.033944,0.025622,0.164623
30880,0.023936,0.018084,0.128913
30890,0.025698,0.019343,0.130521
30900,0.030732,0.022997,0.143079
30910,0.023811,0.018043,0.123046
30920,0.054625,0.041359,0.214302
30930,0.038303,0.028620,0.170786
30940,0.038415,0.028674,0.150955
30950,0.012107,0.009340,0.097808
30960,0.013646,0.010336,0.107935
30970,0.001860,0.001609,0.290266
30980,0.020602,0.015485,0.124660
30990,0.049502,0.037592,0.200087
31000,0.020144,0.015185,0.108659
31010,0.033428,0.025536,0.151559
31020,0.015867,0.012070,0.105479
31030,0.018786,0.014319,0.118902
31040,0.030075,0.023019,0.125877
31050,0.017248,0.013051,0.111245
31060,0.018502,0.013852,0.130793
31070,0.012553,0.010140,0.103625
31080,0.036991,0.027964,0.159275
31090,0.025049,0.018966,0.149222
31100,0.016969,0.012893,0.097364
31110,0.035603,0.026986,0.139467
31120,0.026836,0.020117,0.131704
31130,0.032440,0.024434,0.151410
31140,0.020290,0.015435,0.144146
31150,0.024964,0.018772,0.130858
31160,0.004037,0.002797,0.117667
31170,0.019423,0.014359,0.129663
31180,0.011050,0.007906,0.111526
31190,0.019072,0.014653,0.120568
31200,0.040035,0.030652,0.183160
31210,0.015135,0.011167,0.107207
31220,0.017426,0.013334,0.106341
31230,0.020319,0.015274,0.086073
31240,0.022975,0.017462,0.117290
31250,0.013569,0.010400,0.104519
31260,0.059280,0.044830,0.214342
31270,0.027608,0.020775,0.141031
31280,0.028866,0.021713,0.139739
31290,0.012103,0.009459,0.105273
31300,0.035303,0.027228,0.157623
31310,0.032612,0.024992,0.152549
31320,0.029962,0.022664,0.151231
31330,0.014276,0.010346,0.106155
31340,0.001925,0.001383,0.033037
31350,0.036603,0.027482,0.169971
31360,0.033341,0.025615,0.153013
31370,0.021124,0.015864,0.119659
31380,0.025763,0.019483,0.133012
31390,0.021863,0.016527,0.120890
31400,0.023444,0.017224,0.132217
31410,0.031373,0.023684,0.150805
31420,0.020950,0.015954,0.124863
31430,0.011133,0.008671,0.078816
31440,0.012994,0.009523,0.101037
31450,0.016225,0.012202,0.125495
31460,0.024899,0.018801,0.129309
31470,0.017369,0.012938,0.123951
31480,0.007375,0.005550,0.074202
31490,0.026872,0.021334,0.137184
31500,0.028768,0.021551,0.149183
31510,0.020752,0.015348,0.123361
31520,0.018126,0.013221,0.070795
31530,0.033664,0.025360,0.152807
31540,0.038026,0.028999,0.164265
31550,0.031584,0.024001,0.123433
31560,0.041691,0.031057,0.187379
31570,0.011180,0.008413,0.062369
31580,0.026307,0.019983,0.137237
31590,0.001685,0.001147,0.087412
31600,0.013752,0.010206,0.108889
31610,0.020573,0.015467,0.112506
31620,0.022814,0.017406,0.098396
31630,0.002037,0.001476,0.096867
31640,0.026175,0.019970,0.124376
31650,0.029547,0.022190,0.140034
31660,0.014055,0.010502,0.106277
31670,0.015412,0.011702,0.109996
31680,0.021428,0.015949,0.126183
31690,0.024650,0.018724,0.124025
31700,0.007995,0.006070,0.041789
31710,0.016227,0.011985,0.113571
31720,0.026225,0.019565,0.104968
31730,0.026090,0.019367,0.140689
31740,0.016374,0.011858,0.122405
31750,0.055686,0.042637,0.214748
31760,0.014657,0.011015,0.120000
31770,0.020326,0.015560,0.119796
31780,0.017024,0.011927,0.165433
31790,0.003106,0.002337,0.021910
31800,0.044279,0.033316,0.171240
31810,0.024372,0.019421,0.098027
31820,0.023871,0.018033,0.116914
31830,0.007494,0.005496,0.121063
31840,0.005820,0.004028,0.130260
31850,0.007427,0.005680,0.048148
31860,0.029331,0.022648,0.136277
31870,0.013509,0.010173,0.104387
31880,0.014718,0.011554,0.124069
31890,0.004913,0.003426,0.112977
31900,0.012589,0.009270,0.104520
31910,0.037008,0.028012,0.162608
31920,0.018281,0.013842,0.097916
31930,0.012849,0.010211,0.121818
31940,0.035185,0.026390,0.159299
31950,0.024578,0.018901,0.132992
31960,0.041489,0.031487,0.164708
31970,0.044430,0.033276,0.189689
31980,0.022547,0.017682,0.134652
31990,0.019835,0.014985,0.125783
32000,0.046117,0.034863,0.187972
32010,0.022633,0.017095,0.135021
32020,0.013422,0.010154,0.095097
32030,0.006776,0.005201,0.087679
32040,0.025385,0.019286,0.129677
32050,0.034521,0.026058,0.154368
32060,0.004188,0.003027,0.081177
32070,0.013760,0.010508,0.106321
32080,0.018820,0.013616,0.138297
32090,0.028396,0.021466,0.144431
32100,0.008932,0.006631,0.088738
32110,0.029699,0.022614,0.126605
32120,0.047940,0.036041,0.184956
32130,0.031976,0.030527,0.130766
32140,0.011813,0.008604,0.105283
32150,0.030662,0.023102,0.141919
32160,0.040910,0.030770,0.172767
32170,0.020250,0.014527,0.142004
32180,0.019341,0.014533,0.111269
32190,0.009574,0.007232,0.060038
32200,0.014363,0.010757,0.101791
32210,0.061006,0.046525,0.217556
32220,0.026128,0.019567,0.133919
32230,0.013000,0.009886,0.077110
32240,0.015309,0.011303,0.127472
32250,0.021172,0.015943,0.125589
32260,0.004177,0.002972,0.083500
32270,0.041607,0.031483,0.177104
32280,0.021312,0.016017,0.106069
32290,0.054216,0.041249,0.187240
32300,0.017255,0.012857,0.084165
32310,0.017031,0.013074,0.116982
32320,0.019884,0.015161,0.128992
32330,0.008108,0.005924,0.119213
32340,0.013679,0.010351,0.108967
32350,0.039936,0.030482,0.166567
32360,0.001661,0.001221,0.378980
32370,0.019775,0.014696,0.110808
32380,0.009754,0.007212,0.091635
32390,0.035985,0.027147,0.161629
32400,0.000613,0.000460,0.073550
32410,0.038179,0.029934,0.165094
32420,0.010991,0.008395,0.081725
32430,0.041170,0.031340,0.173654
32440,0.044760,0.033838,0.182829
32450,0.051058,0.038753,0.192820
32460,0.011524,0.008586,0.094159
32470,0.029550,0.022615,0.146859
32480,0.051102,0.039077,0.197872
32490,0.040784,0.032467,0.161153
32500,0.004156,0.003201,0.028313
32510,0.017293,0.013064,0.091277
32520,0.025644,0.019404,0.136480
32530,0.010563,0.007544,0.097107
32540,0.014327,0.010643,0.123897
32550,0.005784,0.004454,0.043231
32560,0.027096,0.020048,0.137132
32570,0.032141,0.024355,0.153759
32580,0.017087,0.012694,0.121988
32590,0.012628,0.009579,0.102578
32600,0.030192,0.023722,0.146667
32610,0.026858,0.019369,0.136348
32620,0.016475,0.012277,0.090130
32630,0.036496,0.027942,0.176831
32640,0.044988,0.034120,0.186047
32650,0.033104,0.024982,0.152334
32660,0.028028,0.021149,0.148402
32670,0.023093,0.017655,0.134221
32680,0.025419,0.019151,0.135787
32690,0.013459,0.010159,0.119959
32700,0.007121,0.005205,0.044008
32710,0.040473,0.030664,0.170711
32720,0.020175,0.015585,0.134450
32730,0.032699,0.024604,0.142633
32740,0.026485,0.019864,0.120759
32750,0.029439,0.022138,0.151668
32760,0.027972,0.020096,0.180243
32770,0.019385,0.014492,0.120926
32780,0.006695,0.005021,0.031193
32790,0.019390,0.014659,0.128689
32800,0.010620,0.007778,0.104401
32810,0.038101,0.028938,0.157599
32820,0.012880,0.009768,0.101804
32830,0.022075,0.016739,0.106864
32840,0.030640,0.023234,0.122779
32850,0.012275,0.009177,0.102665
32860,0.009083,0.006771,0.092628
32870,0.011665,0.008540,0.091871
32880,0.034532,0.026284,0.164137
32890,0.028609,0.021830,0.113255
32900,0.040657,0.030887,0.168550
32910,0.007197,0.005438,0.112734
32920,0.030147,0.023066,0.143008
32930,0.002455,0.001731,0.112585
32940,0.019632,0.015257,0.138445
32950,0.007792,0.005673,0.120164
32960,0.026740,0.020327,0.112899
32970,0.015620,0.010777,0.161290
32980,0.044449,0.032948,0.179621
32990,0.025960,0.019839,0.126281
33000,0.015360,0.011233,0.141110
33010,0.030256,0.022609,0.141952
33020,0.037663,0.028770,0.158776
33030,0.022186,0.016639,0.097600
33040,0.024859,0.018845,0.128437
33050,0.012597,0.009154,0.101763
33060,0.045579,0.034879,0.195042
33070,0.009839,0.007120,0.051517
33080,0.029667,0.022497,0.146463
33090,0.038741,0.029042,0.171640
33100,0.025283,0.019597,0.107234
33110,0.014860,0.011299,0.108456
33120,0.015473,0.011538,0.120993
33130,0.024672,0.018692,0.112797
33140,0.025561,0.019518,0.142334
33150,0.022037,0.016658,0.129398
33160,0.026743,0.019683,0.149350
33170,0.019715,0.014563,0.138392
33180,0.023270,0.017681,0.121475
33190,0.025547,0.019920,0.121213
33200,0.048599,0.036610,0.194792
33210,0.024732,0.018622,0.134689
33220,0.037949,0.028859,0.167095
33230,0.027544,0.021120,0.137389
33240,0.031909,0.023836,0.146643
33250,0.011720,0.008641,0.105830
33260,0.016461,0.011944,0.117878
33270,0.019222,0.014430,0.118378
33280,0.027593,0.021684,0.149509
33290,0.023495,0.017540,0.124939
33300,0.033544,0.026052,0.179733
33310,0.035555,0.026458,0.168608
33320,0.014600,0.010856,0.084944
33330,0.031338,0.024033,0.157891
33340,0.007272,0.005022,0.122760
33350,0.036900,0.027810,0.153601
33360,0.030521,0.025480,0.125515
33370,0.024950,0.018943,0.130086
33380,0.029711,0.022258,0.151909
33390,0.023420,0.018171,0.139783
33400,0.018954,0.014209,0.122967
33410,0.013927,0.011048,0.076703
33420,0.021276,0.015897,0.122509
33430,0.018866,0.014316,0.099198
33440,0.012248,0.009104,0.109877
33450,0.010753,0.008129,0.082858
33460,0.021568,0.016203,0.120302
33470,0.013465,0.010164,0.118512
33480,0.001939,0.001494,0.013500
33490,0.027248,0.020687,0.147275
33500,0.046433,0.035338,0.180187
33510,0.013640,0.010080,0.116186
33520,0.018797,0.014277,0.122365
33530,0.036887,0.027440,0.159795
33540,0.034526,0.026105,0.157837
33550,0.010140,0.007857,0.109555
33560,0.017847,0.013197,0.093382
33570,0.035125,0.026682,0.132228
33580,0.049000,0.037273,0.181043
33590,0.061895,0.046685,0.221124
33600,0.019729,0.014425,0.134420
33610,0.038937,0.029139,0.162886
33620,0.023206,0.017388,0.120470
33630,0.032724,0.025183,0.131851
33640,0.014237,0.010734,0.095665
33650,0.023838,0.017888,0.136827
33660,0.038201,0.028750,0.150056
33670,0.023691,0.017825,0.123522
33680,0.022894,0.017086,0.093676
33690,0.023032,0.017848,0.124137
33700,0.017235,0.013577,0.072477
33710,0.030735,0.023250,0.149753
33720,0.045387,0.034342,0.183388
33730,0.025837,0.021198,0.134643
33740,0.034036,0.025785,0.155763
33750,0.038886,0.029570,0.164252
33760,0.008453,0.006196,0.081133
33770,0.048056,0.036341,0.182508
33780,0.035372,0.026817,0.152212
33790,0.011659,0.008526,0.098456
33800,0.011065,0.008106,0.106524
33810,0.021750,0.016524,0.115819
33820,0.013547,0.010154,0.105461
33830,0.024959,0.018994,0.142068
33840,0.003240,0.002204,0.099701
33850,0.019526,0.014716,0.121244
33860,0.006030,0.004131,0.033568
33870,0.052659,0.039806,0.193230
33880,0.022995,0.017490,0.125595
33890,0.026225,0.020939,0.129886
33900,0.010799,0.008337,0.059799
33910,0.032116,0.024508,0.141171
33920,0.021177,0.016006,0.087395
33930,0.042892,0.031898,0.183812
33940,0.032180,0.024517,0.151627
33950,0.013513,0.009912,0.102932
33960,0.047452,0.035800,0.185558
33970,0.018947,0.014127,0.131274
33980,0.028943,0.022014,0.137385
33990,0.018283,0.013706,0.120365
34000,0.020213,0.015229,0.124025
34010,0.005871,0.004312,0.100984
34020,0.031595,0.024263,0.147036
34030,0.027805,0.020700,0.112182
34040,0.027841,0.020933,0.123253
34050,0.058993,0.045247,0.213147
34060,0.029492,0.022603,0.155120
34070,0.013963,0.010025,0.104521
34080,0.032904,0.024884,0.156988
34090,0.004783,0.003366,0.107700
34100,0.026847,0.020098,0.111720
34110,0.033487,0.025212,0.155951
34120,0.011967,0.008810,0.103722
34130,0.032088,0.024149,0.141087
34140,0.022217,0.016742,0.109790
34150,0.033311,0.024943,0.153112
34160,0.015985,0.012073,0.115341
34170,0.018521,0.014099,0.078403
34180,0.039509,0.030191,0.158271
34190,0.017989,0.013719,0.127084
34200,0.018847,0.014233,0.087289
34210,0.008580,0.006544,0.098838
34220,0.039751,0.030168,0.159848
34230,0.014388,0.010617,0.107183
34240,0.017120,0.013182,0.064181
34250,0.017584,0.013451,0.125473
34260,0.028453,0.021939,0.145530
34270,0.038784,0.030001,0.161064
34280,0.045283,0.034059,0.168156
34290,0.034888,0.026011,0.159378
34300,0.035305,0.026535,0.171922
34310,0.013538,0.009964,0.114359
34320,0.038098,0.028347,0.157485
34330,0.037150,0.028118,0.160964
34340,0.054316,0.041625,0.209232
34350,0.047284,0.036720,0.209252
34360,0.016152,0.012074,0.081028
34370,0.012024,0.008847,0.092136
34380,0.022235,0.016674,0.127863
34390,0.026140,0.019384,0.146188
34400,0.039119,0.028767,0.175103
34410,0.016977,0.012942,0.095851
34420,0.031918,0.024866,0.149224
34430,0.021522,0.016036,0.138316
34440,0.021665,0.016301,0.101892
34450,0.022236,0.016645,0.127097
34460,0.016183,0.012306,0.080371
34470,0.026273,0.019885,0.138322
34480,0.021531,0.016315,0.111281
34490,0.032701,0.024646,0.161477
34500,0.014186,0.010698,0.102809
34510,0.012787,0.009235,0.104107
34520,0.016238,0.011890,0.120141
34530,0.037308,0.028406,0.166473
34540,0.008706,0.006233,0.091328
34550,0.001482,0.001020,0.056093
34560,0.018815,0.013969,0.115144
34570,0.030658,0.023227,0.147986
34580,0.042210,0.031848,0.177610
34590,0.001527,0.001361,0.365560
34600,0.019453,0.014716,0.111481
34610,0.012619,0.009510,0.098009
34620,0.031174,0.023659,0.161836
34630,0.027815,0.021121,0.131938
34640,0.025128,0.018956,0.135012
34650,0.032890,0.024871,0.149181
34660,0.023372,0.017565,0.118756
34670,0.031025,0.023357,0.132414
34680,0.025138,0.018956,0.133050
34690,0.004776,0.003425,0.092362
34700,0.026111,0.019808,0.138602
34710,0.023245,0.017846,0.107959
34720,0.023154,0.017472,0.123360
34730,0.013085,0.009946,0.103354
34740,0.022601,0.017043,0.116007
34750,0.012284,0.009224,0.104963
34760,0.031942,0.024060,0.146110
34770,0.055835,0.042240,0.206962
34780,0.029935,0.022631,0.136597
34790,0.011899,0.008906,0.057662
34800,0.012371,0.009341,0.068999
34810,0.018720,0.014078,0.123057
34820,0.014635,0.010854,0.125742
34830,0.033916,0.025606,0.150355
34840,0.012516,0.009321,0.106369
34850,0.017873,0.013455,0.104269
34860,0.017362,0.013205,0.103377
34870,0.053664,0.040491,0.210991
34880,0.028129,0.021022,0.132214
34890,0.023404,0.017720,0.124554
34900,0.031049,0.023584,0.117567
34910,0.024939,0.018525,0.139883
34920,0.018469,0.013789,0.116524
34930,0.027450,0.020439,0.153827
34940,0.018113,0.013559,0.099748
34950,0.030259,0.023191,0.145026
34960,0.026071,0.020031,0.123934
34970,0.019188,0.014351,0.112747
34980,0.044415,0.033805,0.179675
34990,0.021475,0.016107,0.130687
35000,0.019308,0.013073,0.123580
35010,0.022407,0.016832,0.122729
35020,0.036458,0.027666,0.165962
35030,0.038824,0.029583,0.167151
35040,0.021980,0.016737,0.124231
35050,0.022951,0.017347,0.136038
35060,0.029544,0.022325,0.150470
35070,0.037856,0.028260,0.151082
35080,0.035441,0.027071,0.154394
35090,0.015252,0.011293,0.088230
35100,0.019998,0.014823,0.123412
35110,0.031644,0.024342,0.145914
35120,0.030231,0.023056,0.159366
35130,0.004816,0.003649,0.042174
35140,0.010597,0.007666,0.099977
35150,0.020434,0.015346,0.117869
35160,0.033859,0.025778,0.152064
35170,0.022720,0.017119,0.127123
35180,0.021899,0.016433,0.128447
35190,0.004034,0.003074,0.083741
35200,0.013311,0.011914,0.176176
35210,0.034047,0.025767,0.151061
35220,0.034892,0.026471,0.155251
35230,0.012293,0.009216,0.065932
35240,0.021462,0.016368,0.130226
35250,0.023613,0.018152,0.114775
35260,0.039234,0.029236,0.162008
35270,0.030903,0.023337,0.146921
35280,0.039170,0.035978,0.179539
35290,0.017259,0.012524,0.113093
35300,0.016697,0.011994,0.157949
35310,0.024590,0.018414,0.128347
35320,0.014884,0.011519,0.111149
35330,0.022416,0.016923,0.210390
35340,0.029916,0.022603,0.141675
35350,0.033885,0.025611,0.155555
35360,0.015502,0.011809,0.090333
35370,0.008417,0.006260,0.044160
35380,0.026284,0.019968,0.125734
35390,0.022372,0.016621,0.106722
35400,0.023437,0.017399,0.135507
35410,0.018039,0.013146,0.128302
35420,0.011197,0.008551,0.057654
35430,0.020204,0.015790,0.107062
35440,0.031015,0.023711,0.151555
35450,0.023256,0.017275,0.132344
35460,0.033537,0.025134,0.144323
35470,0.041069,0.030979,0.167589
35480,0.039504,0.030411,0.166930
35490,0.004936,0.003801,0.077838
35500,0.008901,0.006814,0.069937
35510,0.021790,0.016608,0.139045
35520,0.019649,0.015177,0.110278
35530,0.018382,0.013758,0.098986
35540,0.034466,0.025993,0.151758
35550,0.021665,0.016564,0.098721
35560,0.019727,0.014525,0.109830
35570,0.033480,0.024844,0.157058
35580,0.001795,0.003941,0.127108
35590,0.019181,0.014810,0.101453
35600,0.046531,0.035137,0.182238
35610,0.026726,0.020093,0.117656
35620,0.028726,0.021824,0.134830
35630,0.011965,0.008971,0.082983
35640,0.015744,0.012066,0.123661
35650,0.030505,0.023354,0.151933
35660,0.026636,0.019971,0.135575
35670,0.030180,0.022819,0.149216
35680,0.027428,0.020456,0.131126
35690,0.034894,0.026663,0.156029
35700,0.022420,0.016541,0.128377
35710,0.021315,0.015355,0.120467
35720,0.030401,0.023039,0.144516
35730,0.053043,0.040545,0.197772
35740,0.009066,0.005893,0.098048
35750,0.026355,0.019921,0.106781
35760,0.033522,0.025460,0.161319
35770,0.034147,0.025431,0.153991
35780,0.016749,0.012195,0.127033
35790,0.037767,0.028594,0.161874
35800,0.039751,0.030407,0.173311
35810,0.036834,0.027635,0.168499
35820,0.012781,0.009602,0.104688
35830,0.018136,0.013552,0.110393
35840,0.016527,0.012395,0.127046
35850,0.001624,0.001299,0.116026
35860,0.023451,0.017539,0.126689
35870,0.029651,0.022904,0.131806
35880,0.023024,0.017416,0.125084
35890,0.014581,0.010967,0.110282
35900,0.011641,0.008928,0.100705
35910,0.014702,0.010767,0.115441
35920,0.035152,0.026418,0.143533
35930,0.015672,0.011793,0.111728
35940,0.019881,0.014503,0.083553
35950,0.042972,0.032716,0.177911
35960,0.019479,0.014834,0.149627
35970,0.023364,0.017624,0.136158
35980,0.009293,0.006936,0.114931
35990,0.031166,0.023712,0.135306
36000,0.029353,0.022059,0.152710
36010,0.013842,0.010097,0.109955
36020,0.025779,0.018693,0.134585
36030,0.024886,0.018422,0.144700
36040,0.041454,0.031261,0.169222
36050,0.022223,0.017418,0.104503
36060,0.017635,0.013144,0.112287
36070,0.025320,0.019127,0.128789
36080,0.015997,0.011974,0.110068
36090,0.010371,0.007597,0.106676
36100,0.008204,0.005857,0.100533
36110,0.013391,0.009731,0.100068
36120,0.035634,0.026906,0.161436
36130,0.022525,0.016967,0.134586
36140,0.020334,0.014824,0.113310
36150,0.034971,0.027309,0.165595
36160,0.011606,0.008773,0.106414
36170,0.011250,0.008330,0.097502
36180,0.035943,0.027290,0.137316
36190,0.010651,0.008028,0.095549
36200,0.035716,0.027431,0.156937
36210,0.027510,0.020919,0.130955
36220,0.026537,0.019930,0.132433
36230,0.050777,0.037940,0.181494
36240,0.019476,0.014976,0.101515
36250,0.018908,0.014357,0.086774
36260,0.046579,0.035067,0.178635
36270,0.019730,0.016243,0.130829
36280,0.036195,0.027519,0.134474
36290,0.051369,0.037670,0.194851
36300,0.034190,0.025875,0.156044
36310,0.024549,0.018388,0.132514
36320,0.016583,0.012391,0.123622
36330,0.025388,0.019295,0.146833
36340,0.011321,0.008211,0.092172
36350,0.012902,0.009302,0.103278
36360,0.024150,0.018292,0.128378
36370,0.028027,0.021332,0.136880
36380,0.009592,0.006983,0.083841
36390,0.017296,0.013520,0.098231
36400,0.014591,0.010964,0.106500
36410,0.038870,0.029363,0.163018
36420,0.013513,0.010004,0.109092
36430,0.018973,0.015281,0.117283
36440,0.024978,0.018950,0.160987
36450,0.014052,0.010339,0.126206
36460,0.025252,0.018725,0.141034
36470,0.010335,0.007703,0.096280
36480,0.032523,0.024397,0.149618
36490,0.015204,0.011941,0.100103
36500,0.021013,0.015561,0.126970
36510,0.037568,0.028770,0.150274
36520,0.014535,0.011041,0.085410
36530,0.024804,0.018692,0.132469
36540,0.028564,0.021803,0.138643
36550,0.027023,0.020692,0.128735
36560,0.021383,0.015750,0.125712
36570,0.026598,0.020149,0.136502
36580,0.005685,0.004049,0.095924
36590,0.036121,0.027420,0.157911
36600,0.026714,0.020603,0.124645
36610,0.011105,0.008320,0.093666
36620,0.015659,0.011427,0.109231
36630,0.009616,0.007146,0.117206
36640,0.016686,0.012569,0.113016
36650,0.028557,0.021581,0.137157
36660,0.022181,0.015747,0.098422
36670,0.006868,0.004868,0.037093
36680,0.013348,0.009812,0.075563
36690,0.021132,0.016059,0.118646
36700,0.004488,0.002977,0.062818
36710,0.021208,0.016126,0.097730
36720,0.016770,0.012600,0.088296
36730,0.006207,0.004438,0.096229
36740,0.023295,0.017518,0.132719
36750,0.010608,0.007989,0.114506
36760,0.038172,0.028720,0.166655
36770,0.012268,0.009382,0.087816
36780,0.014156,0.010382,0.083857
36790,0.005265,0.003839,0.114068
36800,0.000001,0.000000,0.000002
36810,0.018607,0.013995,0.122625
36820,0.016076,0.012272,0.083128
36830,0.025029,0.018912,0.098800
36840,0.007990,0.005826,0.053298
36850,0.008453,0.006218,0.075099
36860,0.013740,0.010048,0.100509
36870,0.018038,0.013741,0.106327
36880,0.008722,0.006301,0.109533
36890,0.045287,0.035395,0.170487
36900,0.017541,0.012919,0.122174
36910,0.013199,0.010005,0.118100
36920,0.024391,0.018628,0.097826
36930,0.024445,0.018447,0.110185
36940,0.014006,0.010709,0.108285
36950,0.022935,0.017263,0.128819
36960,0.046300,0.035248,0.186222
36970,0.030208,0.022865,0.136613
36980,0.040916,0.030704,0.165219
36990,0.017696,0.013422,0.103687
37000,0.026937,0.020533,0.119094
37010,0.021467,0.016122,0.093040
37020,0.014371,0.010768,0.111063
37030,0.023560,0.017847,0.137806
37040,0.010477,0.007407,0.096137
37050,0.025768,0.019249,0.132531
37060,0.014662,0.010937,0.094391
37070,0.015793,0.011875,0.109916
37080,0.016049,0.012173,0.125011
37090,0.036783,0.028009,0.156518
37100,0.021274,0.015906,0.133140
37110,0.025681,0.019517,0.124476
37120,0.029297,0.022310,0.150762
37130,0.029336,0.022277,0.139971
37140,0.015524,0.011307,0.142674
37150,0.030108,0.023644,0.147515
37160,0.014263,0.010852,0.120120
37170,0.028670,0.021427,0.136361
37180,0.032231,0.024691,0.141438
37190,0.042302,0.031992,0.161411
37200,0.033665,0.025553,0.152299
37210,0.021458,0.016144,0.105963
37220,0.021430,0.016262,0.113358
37230,0.033026,0.025222,0.149958
37240,0.039351,0.029533,0.170207
37250,0.022151,0.017049,0.118928
37260,0.031153,0.023670,0.144682
37270,0.014013,0.010451,0.102480
37280,0.020955,0.015812,0.111262
37290,0.019455,0.014725,0.122767
37300,0.016679,0.012414,0.115552
37310,0.017192,0.012659,0.123417
37320,0.017002,0.013670,0.105474
37330,0.003205,0.002264,0.056848
37340,0.014224,0.010618,0.102448
37350,0.013057,0.009580,0.103198
37360,0.034653,0.026308,0.140545
37370,0.022136,0.016581,0.133312
37380,0.036109,0.027476,0.142075
37390,0.000274,0.000309,0.644504
37400,0.026322,0.019916,0.116802
37410,0.022475,0.016913,0.118362
37420,0.017352,0.013216,0.104287
37430,0.030172,0.023119,0.140148
37440,0.054114,0.041405,0.197599
37450,0.012855,0.009817,0.062241
37460,0.056664,0.042622,0.203868
37470,0.012144,0.009497,0.085859
37480,0.027841,0.020782,0.139085
37490,0.025912,0.019384,0.139005
37500,0.049034,0.037088,0.187931
37510,0.015652,0.011799,0.099524
37520,0.012399,0.009172,0.114303
37530,0.017955,0.013411,0.121077
37540,0.048946,0.037082,0.186530
37550,0.013816,0.010241,0.106299
37560,0.033801,0.025735,0.152964
37570,0.012359,0.009622,0.093711
37580,0.035887,0.027069,0.155538
37590,0.012709,0.010460,0.056059
37600,0.013031,0.010021,0.102487
37610,0.026756,0.020219,0.127443
37620,0.028937,0.021883,0.148845
37630,0.026087,0.019484,0.130422
37640,0.024941,0.018712,0.129713
37650,0.022337,0.016760,0.110448
37660,0.017465,0.013001,0.122901
37670,0.017492,0.013216,0.103298
37680,0.004093,0.003062,0.113121
37690,0.016652,0.012593,0.083049
37700,0.049917,0.037953,0.191295
37710,0.022214,0.016749,0.124851
37720,0.022127,0.016743,0.126877
37730,0.019931,0.015088,0.096742
37740,0.030293,0.023041,0.136390
37750,0.042929,0.032632,0.164488
37760,0.002641,0.001802,0.101799
37770,0.019131,0.014372,0.115164
37780,0.033757,0.025369,0.151955
37790,0.026014,0.020047,0.115401
37800,0.037674,0.029729,0.147650
37810,0.033198,0.025119,0.160310
37820,0.018346,0.013742,0.088123
37830,0.027674,0.020558,0.143550
37840,0.035315,0.026770,0.155237
37850,0.020426,0.015161,0.131617
37860,0.010157,0.007385,0.094692
37870,0.047097,0.034859,0.191970
37880,0.008798,0.006649,0.084466
37890,0.026325,0.019739,0.123033
37900,0.016725,0.012457,0.116183
37910,0.032639,0.024778,0.138793
37920,0.003275,0.002418,0.086038
37930,0.021635,0.016481,0.124602
37940,0.013114,0.009478,0.107889
37950,0.041877,0.032243,0.175244
37960,0.000001,0.000001,0.000004
37970,0.036782,0.027639,0.160933
37980,0.010612,0.008168,0.070766
37990,0.021108,0.016493,0.091360
38000,0.021182,0.015961,0.119351
38010,0.015635,0.011132,0.111830
38020,0.018229,0.013722,0.124595
38030,0.029703,0.022220,0.146765
38040,0.019200,0.014935,0.116631
38050,0.020951,0.015983,0.125030
38060,0.027893,0.021027,0.108729
38070,0.022834,0.017381,0.136303
38080,0.033005,0.025479,0.138773
38090,0.024933,0.018737,0.129121
38100,0.012362,0.009195,0.072449
38110,0.037042,0.027885,0.164089
38120,0.038028,0.029139,0.150484
38130,0.011490,0.008455,0.092029
38140,0.014451,0.010755,0.110677
38150,0.013594,0.010227,0.103724
38160,0.030412,0.023106,0.136978
38170,0.015266,0.011695,0.084726
38180,0.011051,0.008119,0.082951
38190,0.044466,0.033902,0.174112
38200,0.018639,0.014052,0.116891
38210,0.022571,0.017217,0.122100
38220,0.026945,0.020445,0.111766
38230,0.000001,0.000000,0.000002
38240,0.007937,0.005764,0.087406
38250,0.018621,0.013656,0.102723
38260,0.022290,0.016970,0.130611
38270,0.017246,0.016496,0.105061
38280,0.010784,0.008374,0.096817
38290,0.026360,0.019931,0.137501
38300,0.028521,0.021417,0.146732
38310,0.031586,0.023934,0.148396
38320,0.027383,0.020246,0.132990
38330,0.023768,0.017785,0.134506
38340,0.029946,0.022693,0.130553
38350,0.015290,0.011279,0.103805
38360,0.028965,0.021600,0.134035
38370,0.025857,0.020754,0.110637
38380,0.019253,0.014436,0.111127
38390,0.042701,0.032652,0.173342
38400,0.022842,0.017321,0.134397
38410,0.033802,0.025836,0.163225
38420,0.030459,0.023010,0.147498
38430,0.027171,0.020735,0.134652
38440,0.015639,0.011565,0.086352
38450,0.018553,0.014271,0.110680
38460,0.016984,0.012301,0.130142
38470,0.025514,0.019774,0.107187
38480,0.008988,0.006867,0.119667
38490,0.042129,0.031983,0.162316
38500,0.021757,0.016519,0.135479
38510,0.011507,0.008599,0.100633
38520,0.037437,0.028621,0.161947
38530,0.016276,0.012539,0.111972
38540,0.014380,0.010872,0.078616
38550,0.039517,0.029568,0.165013
38560,0.025708,0.019315,0.112781
38570,0.009139,0.006585,0.161872
38580,0.023814,0.018263,0.118991
38590,0.027452,0.020736,0.138664
38600,0.014066,0.010501,0.090021
38610,0.015533,0.011534,0.113013
38620,0.025782,0.019635,0.109772
38630,0.025482,0.019138,0.144088
38640,0.005150,0.003688,0.096133
38650,0.015039,0.012118,0.067705
38660,0.020807,0.015957,0.102124
38670,0.038968,0.029255,0.147595
38680,0.018038,0.013399,0.111145
38690,0.006875,0.004849,0.110930
38700,0.033788,0.026311,0.163084
38710,0.016835,0.012515,0.120381
38720,0.052809,0.040045,0.194706
38730,0.040208,0.030251,0.175333
38740,0.015696,0.011590,0.122154
38750,0.024652,0.018598,0.129232
38760,0.024116,0.018034,0.131109
38770,0.055696,0.042072,0.209603
38780,0.024819,0.018579,0.119374
38790,0.018682,0.014223,0.120512
38800,0.025401,0.018925,0.147598
38810,0.009659,0.007265,0.060528
38820,0.038783,0.029340,0.169134
38830,0.041420,0.031942,0.174153
38840,0.016650,0.012026,0.085340
38850,0.037564,0.028699,0.155690
38860,0.017169,0.012889,0.111059
38870,0.025136,0.019302,0.140004
38880,0.006738,0.005067,0.105776
38890,0.019713,0.014976,0.095067
38900,0.030462,0.023381,0.144806
38910,0.018954,0.014416,0.115331
38920,0.026029,0.020001,0.134152
38930,0.035156,0.026578,0.161063
38940,0.020340,0.015274,0.119959
38950,0.040080,0.030302,0.182083
38960,0.022262,0.016802,0.117669
38970,0.001097,0.001001,0.149982
38980,0.004831,0.003536,0.046782
38990,0.012499,0.009224,0.092892
39000,0.033498,0.024637,0.150183
39010,0.019536,0.014276,0.138966
39020,0.020590,0.015689,0.112001
39030,0.005645,0.004071,0.084960
39040,0.003361,0.002297,0.093927
39050,0.032059,0.024478,0.145891
39060,0.012914,0.009343,0.141607
39070,0.054170,0.040669,0.201054
39080,0.011040,0.008329,0.102049
39090,0.004419,0.004499,0.178036
39100,0.047080,0.035722,0.186303
39110,0.031127,0.023739,0.147759
39120,0.023537,0.017570,0.126541
39130,0.015762,0.011970,0.109222
39140,0.034449,0.026134,0.154677
39150,0.037513,0.028521,0.153024
39160,0.007236,0.006144,0.098214
39170,0.010823,0.008150,0.054019
39180,0.039365,0.029835,0.162468
39190,0.010858,0.008020,0.115115
39200,0.030392,0.022956,0.147162
39210,0.011140,0.008271,0.080616
39220,0.013201,0.009805,0.061952
39230,0.002151,0.001601,0.015376
39240,0.019131,0.014600,0.097147
39250,0.039637,0.030025,0.161823
39260,0.024301,0.018053,0.132765
39270,0.026868,0.020785,0.141493
39280,0.037715,0.028379,0.161215
39290,0.010040,0.007435,0.098699
39300,0.038255,0.029057,0.153328
39310,0.021276,0.016282,0.120784
39320,0.037465,0.028535,0.158321
39330,0.034081,0.025935,0.147067
39340,0.024411,0.018470,0.140000
39350,0.029072,0.021996,0.136544
39360,0.032091,0.024157,0.144010
39370,0.002778,0.002124,0.062858
39380,0.025389,0.019060,0.133631
39390,0.017914,0.013268,0.104782
39400,0.024772,0.018801,0.134039
39410,0.014301,0.010806,0.096051
39420,0.019031,0.014228,0.105191
39430,0.003122,0.002230,0.086659
39440,0.024982,0.018699,0.135371
39450,0.014490,0.010673,0.118713
39460,0.020824,0.016099,0.113302
39470,0.009440,0.007239,0.074211
39480,0.017056,0.013515,0.078546
39490,0.031631,0.024528,0.148817
39500,0.055738,0.042659,0.207162
39510,0.024117,0.018129,0.127293
39520,0.018178,0.013632,0.095159
39530,0.018575,0.013886,0.128657
39540,0.013183,0.009485,0.102795
39550,0.025642,0.019483,0.137814
39560,0.023337,0.017544,0.124373
39570,0.027670,0.020739,0.133309
39580,0.016123,0.012135,0.111004
39590,0.038768,0.029441,0.170307
39600,0.026465,0.021043,0.142026
39610,0.039573,0.029931,0.162855
39620,0.012941,0.009552,0.091832
39630,0.026359,0.019824,0.139638
39640,0.028297,0.021525,0.135616
39650,0.019757,0.014885,0.135664
39660,0.015517,0.011558,0.108168
39670,0.011846,0.009194,0.099476
39680,0.023077,0.017364,0.123552
39690,0.027653,0.020803,0.135351
39700,0.032860,0.024719,0.153471
39710,0.040744,0.030792,0.165331
39720,0.025046,0.019078,0.102110
39730,0.013724,0.010337,0.076518
39740,0.030464,0.023105,0.145364
39750,0.008611,0.006146,0.109147
39760,0.033422,0.025292,0.145463
39770,0.012530,0.009306,0.092328
39780,0.024924,0.018996,0.100526
39790,0.025410,0.019226,0.136001
39800,0.004372,0.003154,0.090409
39810,0.005342,0.003982,0.027634
39820,0.014223,0.013525,0.092877
39830,0.028956,0.021989,0.133642
39840,0.020677,0.015272,0.114520
39850,0.029652,0.022479,0.133515
39860,0.034759,0.026455,0.142028
39870,0.038911,0.029276,0.152483
39880,0.035317,0.027684,0.169538
39890,0.020129,0.014946,0.099507
39900,0.018485,0.013835,0.104923
39910,0.019124,0.014426,0.109101
39920,0.038262,0.028791,0.169189
39930,0.025269,0.018976,0.124753
39940,0.025178,0.019303,0.122968
39950,0.021907,0.016668,0.119323
39960,0.003394,0.002440,0.074147
39970,0.025495,0.019257,0.129804
39980,0.013924,0.010299,0.107405
39990,0.031238,0.024089,0.152245
40000,0.022112,0.017032,0.125697
40010,0.012921,0.009590,0.103070
40020,0.001244,0.000811,0.010550
40030,0.012712,0.009522,0.102844
40040,0.059001,0.046127,0.196203
40050,0.038049,0.028898,0.158928
40060,0.007317,0.005403,0.043740
40070,0.025275,0.019138,0.128799
40080,0.018695,0.014056,0.123713
40090,0.021865,0.017247,0.115768
40100,0.029047,0.022019,0.137972
40110,0.023847,0.017904,0.122587
40120,0.017029,0.012920,0.100578
40130,0.024174,0.018260,0.135061
40140,0.026679,0.019814,0.142144
40150,0.005633,0.004207,0.070841
40160,0.009827,0.007397,0.089799
40170,0.032453,0.024502,0.154044
40180,0.040449,0.030158,0.167802
40190,0.000301,0.000223,0.074134
40200,0.004538,0.003243,0.104225
40210,0.017867,0.013673,0.100528
40220,0.012630,0.009492,0.074687
40230,0.036461,0.027877,0.147739
40240,0.027901,0.021619,0.120383
40250,0.020098,0.015250,0.116810
40260,0.037257,0.028344,0.166272
40270,0.023071,0.016756,0.103690
40280,0.004686,0.004481,0.139180
40290,0.011275,0.008358,0.056636
40300,0.037875,0.028448,0.161974
40310,0.012427,0.009086,0.102445
40320,0.023438,0.017604,0.132064
40330,0.025216,0.019093,0.117860
40340,0.048140,0.036658,0.174785
40350,0.026016,0.019455,0.149255
40360,0.015042,0.011957,0.085882
40370,0.013536,0.010647,0.070923
40380,0.014536,0.010669,0.109945
40390,0.028550,0.021713,0.136544
40400,0.017046,0.013378,0.107891
40410,0.042377,0.032331,0.172341
40420,0.030563,0.022962,0.145429
40430,0.014379,0.012787,0.137546
40440,0.053546,0.040567,0.201337
40450,0.015119,0.010664,0.112845
40460,0.033319,0.025145,0.150883
40470,0.031982,0.024147,0.130315
40480,0.042231,0.032308,0.165144
40490,0.024731,0.018575,0.133708
40500,0.025064,0.018980,0.104348
40510,0.038980,0.029714,0.154470
40520,0.018913,0.014318,0.106888
40530,0.035241,0.027101,0.142547
40540,0.016688,0.012394,0.136133
40550,0.016994,0.013001,0.088369
40560,0.022105,0.016662,0.124941
40570,0.011155,0.008557,0.087174
40580,0.002467,0.001791,0.066133
40590,0.035123,0.026437,0.155943
40600,0.014309,0.010584,0.107120
40610,0.009031,0.007062,0.087463
40620,0.029071,0.022084,0.140655
40630,0.036421,0.027545,0.149794
40640,0.020881,0.015830,0.116985
40650,0.018963,0.014274,0.091859
40660,0.016828,0.011297,0.129867
40670,0.018538,0.014163,0.120619
40680,0.013474,0.010187,0.087814
40690,0.042360,0.031928,0.164070
40700,0.012604,0.010007,0.135085
40710,0.009742,0.007384,0.096812
40720,0.032715,0.024934,0.147738
40730,0.014621,0.010972,0.106243
40740,0.015575,0.011405,0.114487
40750,0.008893,0.006422,0.079576
40760,0.015546,0.011840,0.114688
40770,0.021069,0.015959,0.115729
40780,0.027105,0.020385,0.140038
40790,0.026860,0.020444,0.136709
40800,0.034415,0.025848,0.131894
40810,0.032424,0.024525,0.144354
40820,0.022153,0.016787,0.102464
40830,0.024229,0.017806,0.141879
40840,0.026752,0.019909,0.153603
40850,0.020325,0.015238,0.108184
40860,0.023201,0.017618,0.104412
40870,0.011336,0.008316,0.086050
40880,0.013991,0.010343,0.107852
40890,0.019725,0.015151,0.090642
40900,0.003191,0.002325,0.026893
40910,0.027384,0.020501,0.145854
40920,0.002349,0.001666,0.023204
40930,0.040034,0.030293,0.165715
40940,0.014132,0.010263,0.111335
40950,0.022921,0.016878,0.127369
40960,0.028801,0.021995,0.155589
40970,0.013454,0.010096,0.093307
40980,0.025017,0.018587,0.134907
40990,0.016002,0.012251,0.101404
41000,0.031507,0.024772,0.142961
41010,0.036498,0.027412,0.165886
41020,0.039077,0.029322,0.175995
41030,0.036458,0.027709,0.152950
41040,0.031388,0.023836,0.152811
41050,0.035379,0.026990,0.146829
41060,0.046797,0.035236,0.182691
41070,0.023835,0.018118,0.125203
41080,0.027358,0.020915,0.131672
41090,0.027296,0.020659,0.141138
41100,0.021046,0.016123,0.123036
41110,0.019594,0.014504,0.109470
41120,0.027957,0.021112,0.132135
41130,0.018048,0.013407,0.121903
41140,0.025313,0.018787,0.131234
41150,0.018028,0.013710,0.100719
41160,0.020210,0.014409,0.117071
41170,0.028823,0.021857,0.132361
41180,0.016027,0.012052,0.107298
41190,0.034397,0.025932,0.150510
41200,0.012963,0.009720,0.109519
41210,0.010552,0.006456,0.176169
41220,0.052787,0.040195,0.198261
41230,0.018384,0.013951,0.117597
41240,0.026982,0.020510,0.125753
41250,0.007750,0.005441,0.154610
41260,0.018422,0.014016,0.096283
41270,0.009353,0.006795,0.076949
41280,0.036579,0.027838,0.173166
41290,0.016046,0.012149,0.075257
41300,0.024813,0.019078,0.125604
41310,0.024195,0.018340,0.131788
41320,0.009986,0.007378,0.084812
41330,0.016368,0.012353,0.105072
41340,0.028636,0.022073,0.139595
41350,0.025615,0.019413,0.131278
41360,0.008767,0.006149,0.045337
41370,0.030802,0.023334,0.152099
41380,0.018194,0.013588,0.117287
41390,0.021666,0.016053,0.166596
41400,0.018138,0.013877,0.078965
41410,0.031630,0.024080,0.122937
41420,0.029258,0.022434,0.135164
41430,0.017646,0.013359,0.122558
41440,0.024243,0.018563,0.098042
41450,0.028290,0.021802,0.143018
41460,0.016910,0.012607,0.115826
41470,0.019668,0.014602,0.116261
41480,0.006138,0.004413,0.098057
41490,0.009129,0.006844,0.111818
41500,0.014446,0.011013,0.084669
41510,0.043196,0.033022,0.168544
41520,0.013868,0.010393,0.098597
41530,0.045016,0.033996,0.177231
41540,0.040131,0.030812,0.172324
41550,0.039579,0.030085,0.158365
41560,0.013262,0.009676,0.109054
41570,0.012272,0.008972,0.097241
41580,0.000648,0.000620,0.090821
41590,0.011248,0.008164,0.092401
41600,0.022242,0.016378,0.117199
41610,0.052345,0.040005,0.208509
41620,0.038780,0.035658,0.154281
41630,0.020239,0.015329,0.098675
41640,0.028339,0.021372,0.143169
41650,0.033270,0.025030,0.135070
41660,0.037607,0.028605,0.154170
41670,0.023400,0.017249,0.143398
41680,0.018850,0.013531,0.128047
41690,0.022712,0.017802,0.099657
41700,0.009558,0.007150,0.092114
41710,0.010390,0.007865,0.082459
41720,0.021035,0.015813,0.113701
41730,0.032591,0.024945,0.124659
41740,0.026068,0.020578,0.138879
41750,0.001630,0.001152,0.081521
41760,0.027207,0.020321,0.137066
41770,0.028871,0.022185,0.139471
41780,0.023824,0.018117,0.118578
41790,0.010971,0.008035,0.093816
41800,0.018519,0.013973,0.107870
41810,0.017790,0.013396,0.114014
41820,0.001588,0.001112,0.143065
41830,0.022217,0.016850,0.129563
41840,0.036044,0.027641,0.174987
41850,0.005700,0.003858,0.088343
41860,0.020945,0.015730,0.112784
41870,0.032981,0.024913,0.148692
41880,0.028343,0.020527,0.152686
41890,0.026160,0.019834,0.119332
41900,0.021092,0.015925,0.115488
41910,0.022907,0.017152,0.121718
41920,0.019920,0.015154,0.126438
41930,0.015505,0.011753,0.081482
41940,0.025064,0.018843,0.129740
41950,0.014194,0.010971,0.086805
41960,0.035711,0.027371,0.155342
41970,0.000156,0.000126,0.046649
41980,0.017641,0.013373,0.107693
41990,0.029520,0.022641,0.147193
42000,0.045829,0.034427,0.176490
42010,0.009436,0.006766,0.049484
42020,0.048271,0.035838,0.186800
42030,0.018862,0.014231,0.128418
42040,0.024195,0.018054,0.101973
42050,0.023778,0.017799,0.133354
42060,0.014599,0.010986,0.116549
42070,0.015753,0.011564,0.095693
42080,0.001416,0.000805,0.174337
42090,0.029967,0.022876,0.138118
42100,0.017474,0.013233,0.102356
42110,0.004672,0.003276,0.041176
42120,0.021999,0.016404,0.121176
42130,0.028235,0.021753,0.124148
42140,0.021242,0.015960,0.120593
42150,0.019087,0.014420,0.103663
42160,0.015775,0.011637,0.109188
42170,0.015304,0.011843,0.102773
42180,0.028351,0.021010,0.157438
42190,0.004054,0.003091,0.031888
42200,0.002749,0.001776,0.093047
42210,0.015007,0.011226,0.105159
42220,0.030906,0.023523,0.141762
42230,0.004749,0.003404,0.099010
42240,0.025529,0.019504,0.105246
42250,0.017870,0.013410,0.102859
42260,0.048005,0.036027,0.181241
42270,0.033156,0.024410,0.154475
42280,0.031074,0.023309,0.143922
42290,0.006128,0.004751,0.041746
42300,0.025914,0.019471,0.123574
42310,0.016269,0.012019,0.126753
42320,0.038495,0.029148,0.153254
42330,0.016822,0.012739,0.083679
42340,0.009381,0.007064,0.086236
42350,0.018761,0.014581,0.101911
42360,0.038495,0.029208,0.161606
42370,0.019464,0.014428,0.114466
42380,0.016743,0.012620,0.100385
42390,0.023199,0.017828,0.122283
42400,0.022014,0.016632,0.128796
42410,0.004303,0.002948,0.112617
42420,0.018479,0.014193,0.115614
42430,0.030920,0.023636,0.144988
42440,0.041645,0.031573,0.170792
42450,0.013796,0.010205,0.110389
42460,0.020828,0.015606,0.122565
42470,0.020296,0.015265,0.120257
42480,0.012236,0.008724,0.096808
42490,0.017959,0.013430,0.117467
42500,0.002003,0.001358,0.111183
42510,0.016395,0.012252,0.107441
42520,0.010401,0.007810,0.092999
42530,0.004405,0.003295,0.093262
42540,0.011302,0.008426,0.096999
42550,0.037206,0.028212,0.144681
42560,0.014847,0.011147,0.105439
42570,0.017492,0.013263,0.085901
42580,0.014281,0.010807,0.082389
42590,0.034546,0.026197,0.149844
42600,0.012874,0.009586,0.071642
42610,0.036451,0.028008,0.153876
42620,0.019790,0.015262,0.090231
42630,0.012703,0.009417,0.094034
42640,0.014428,0.010541,0.097403
42650,0.038253,0.031429,0.184916
42660,0.025327,0.019016,0.123405
42670,0.034901,0.026928,0.151236
42680,0.023833,0.018005,0.121427
42690,0.033828,0.025457,0.141357
42700,0.011109,0.008002,0.099926
42710,0.029008,0.022728,0.141287
42720,0.032891,0.024837,0.145746
42730,0.021293,0.016156,0.116569
42740,0.024841,0.018707,0.130012
42750,0.021416,0.016488,0.090246
42760,0.007855,0.005841,0.088141
42770,0.046022,0.034448,0.181767
42780,0.026529,0.019634,0.135510
42790,0.006113,0.004567,0.066266
42800,0.004002,0.002846,0.078816
42810,0.021950,0.016271,0.146249
42820,0.018811,0.014087,0.110410
42830,0.018309,0.013646,0.102255
42840,0.010287,0.007584,0.078997
42850,0.029107,0.022192,0.118829
42860,0.035486,0.026868,0.154121
42870,0.023546,0.017255,0.146713
42880,0.012742,0.009614,0.107823
42890,0.016854,0.012723,0.107319
42900,0.024887,0.019017,0.111222
42910,0.025132,0.019105,0.129944
42920,0.020623,0.015064,0.115622
42930,0.046762,0.035682,0.185214
42940,0.026177,0.020093,0.118044
42950,0.017749,0.013254,0.109776
42960,0.018017,0.013312,0.125069
42970,0.030886,0.023423,0.142650
42980,0.009815,0.009618,0.089922
42990,0.035346,0.026662,0.140675
43000,0.020181,0.015113,0.114245
43010,0.016659,0.012635,0.105209
43020,0.026671,0.019989,0.127765
43030,0.024417,0.018968,0.137436
43040,0.009764,0.008316,0.107593
43050,0.036308,0.027853,0.158762
43060,0.039224,0.030074,0.158516
43070,0.019439,0.014758,0.090261
43080,0.029044,0.021953,0.139286
43090,0.038604,0.029616,0.160576
43100,0.038067,0.029014,0.164252
43110,0.033605,0.025103,0.161033
43120,0.007820,0.005608,0.075711
43130,0.030435,0.023056,0.142206
43140,0.036985,0.027981,0.155524
43150,0.000188,0.000173,0.098584
43160,0.027513,0.020683,0.130997
43170,0.006500,0.004739,0.122642
43180,0.027980,0.021314,0.139193
43190,0.015789,0.011576,0.109352
43200,0.023174,0.017417,0.128535
43210,0.037789,0.028972,0.161340
43220,0.021396,0.016111,0.097683
43230,0.004041,0.003191,0.028676
43240,0.011792,0.009253,0.093457
43250,0.011801,0.008684,0.098892
43260,0.017169,0.012890,0.093843
43270,0.016669,0.012481,0.126783
43280,0.018677,0.013775,0.127623
43290,0.032411,0.023813,0.139396
43300,0.025511,0.018948,0.137727
43310,0.019668,0.014746,0.116207
43320,0.019789,0.014963,0.106000
43330,0.013879,0.010115,0.118531
43340,0.018318,0.013766,0.094000
43350,0.006214,0.004409,0.173534
43360,0.020732,0.016221,0.120754
43370,0.009081,0.007259,0.102073
43380,0.010717,0.007900,0.057891
43390,0.049525,0.037683,0.186560
43400,0.009691,0.007298,0.069038
43410,0.031141,0.023176,0.159217
43420,0.030056,0.023121,0.132210
43430,0.019959,0.015079,0.093682
43440,0.015953,0.011957,0.111713
43450,0.001802,0.001377,0.009498
43460,0.044067,0.031830,0.192287
43470,0.027011,0.020868,0.135115
43480,0.028361,0.021623,0.148151
43490,0.030116,0.022993,0.144492
43500,0.031834,0.024258,0.145090
43510,0.038235,0.029176,0.155438
43520,0.018068,0.013309,0.124466
43530,0.034040,0.026796,0.151234
43540,0.032331,0.024465,0.150230
43550,0.003709,0.002469,0.077441
43560,0.019553,0.014446,0.111465
43570,0.021326,0.016081,0.116881
43580,0.023713,0.018315,0.114809
43590,0.015316,0.011495,0.109877
43600,0.017502,0.013222,0.106905
43610,0.006691,0.005030,0.041097
43620,0.009366,0.007091,0.041587
43630,0.004139,0.003104,0.033302
43640,0.033600,0.025292,0.147860
43650,0.040914,0.031165,0.172629
43660,0.018005,0.013338,0.093483
43670,0.039446,0.029888,0.166390
43680,0.036723,0.027960,0.154424
43690,0.032844,0.024820,0.145263
43700,0.018643,0.014473,0.102200
43710,0.022872,0.017206,0.130296
43720,0.019252,0.014515,0.116387
43730,0.025605,0.019367,0.133080
43740,0.026470,0.020186,0.120676
43750,0.019198,0.014235,0.106891
43760,0.010949,0.008156,0.100550
43770,0.039682,0.030599,0.165065
43780,0.026314,0.019935,0.134453
43790,0.006443,0.004662,0.145313
43800,0.022380,0.017106,0.097071
43810,0.008324,0.005832,0.095116
43820,0.022543,0.016976,0.118957
43830,0.022514,0.016893,0.132763
43840,0.007026,0.005179,0.099564
43850,0.020430,0.015441,0.115424
43860,0.025528,0.019373,0.115672
43870,0.017271,0.012933,0.125452
43880,0.028512,0.021612,0.125768
43890,0.022936,0.017711,0.129381
43900,0.023401,0.017713,0.106533
43910,0.022503,0.016750,0.114822
43920,0.017504,0.012902,0.106350
43930,0.044489,0.033672,0.182645
43940,0.028470,0.021421,0.125816
43950,0.015507,0.011747,0.097885
43960,0.027194,0.020752,0.139022
43970,0.008852,0.007600,0.045174
43980,0.025151,0.019247,0.121260
43990,0.027454,0.020753,0.131018
44000,0.019591,0.014535,0.132259
44010,0.014832,0.010768,0.112316
44020,0.020971,0.015774,0.116013
44030,0.022894,0.017365,0.126018
44040,0.027970,0.021229,0.128927
44050,0.000138,0.000315,0.656369
44060,0.027156,0.021085,0.113841
44070,0.019171,0.014628,0.118477
44080,0.039754,0.030807,0.174702
44090,0.011838,0.008935,0.066511
44100,0.008497,0.006252,0.086995
44110,0.000344,0.000216,0.056860
44120,0.015257,0.011310,0.099919
44130,0.012809,0.009259,0.091762
44140,0.040789,0.030771,0.168792
44150,0.027994,0.021046,0.141138
44160,0.034625,0.025969,0.138529
44170,0.022024,0.016510,0.121919
44180,0.026452,0.020253,0.128249
44190,0.013326,0.009965,0.102261
44200,0.002252,0.001687,0.019691
44210,0.028400,0.021940,0.139005
44220,0.017642,0.013278,0.092619
44230,0.023068,0.017359,0.127645
44240,0.006060,0.004916,0.071184
44250,0.015704,0.011538,0.122509
44260,0.016704,0.012387,0.115630
44270,0.016274,0.012362,0.071448
44280,0.038563,0.029540,0.160928
44290,0.025301,0.019140,0.126269
44300,0.022969,0.017462,0.124338
44310,0.013852,0.010364,0.100648
44320,0.031914,0.024046,0.164643
44330,0.021779,0.016510,0.110253
44340,0.023913,0.018144,0.131059
44350,0.044561,0.033898,0.163129
44360,0.000584,0.000385,0.044291
44370,0.009965,0.007424,0.088157
44380,0.042688,0.032512,0.168556
44390,0.014086,0.010342,0.104973
44400,0.034084,0.026058,0.161719
44410,0.025579,0.019255,0.107624
44420,0.019986,0.015329,0.089320
44430,0.008166,0.006064,0.074603
44440,0.006683,0.005212,0.030665
44450,0.026263,0.020340,0.109507
44460,0.009511,0.007178,0.081443
44470,0.021845,0.016559,0.094435
44480,0.009231,0.006721,0.086948
44490,0.026323,0.020012,0.122126
44500,0.017654,0.013256,0.121016
44510,0.011890,0.008966,0.092850
44520,0.009494,0.007163,0.071359
44530,0.024888,0.018769,0.127310
44540,0.028145,0.021361,0.130720
44550,0.036887,0.028370,0.162809
44560,0.039952,0.030284,0.172525
44570,0.038152,0.029129,0.163392
44580,0.008274,0.006704,0.116136
44590,0.009271,0.006673,0.114205
44600,0.029738,0.022544,0.132043
44610,0.023624,0.017601,0.115998
44620,0.010416,0.007304,0.097800
44630,0.003152,0.002166,0.072258
44640,0.025106,0.018701,0.136873
44650,0.035839,0.026249,0.159467
44660,0.021698,0.017466,0.114634
44670,0.013167,0.010312,0.060455
44680,0.019648,0.014786,0.115481
44690,0.010901,0.007923,0.089354
44700,0.013433,0.010607,0.086323
44710,0.011620,0.008663,0.086772
44720,0.015570,0.011841,0.077231
44730,0.024054,0.018197,0.133942
44740,0.014292,0.010526,0.104376
44750,0.024297,0.018388,0.126794
44760,0.010679,0.008063,0.114282
44770,0.033213,0.025199,0.127620
44780,0.024109,0.018344,0.122288
44790,0.027498,0.020971,0.139320
44800,0.018635,0.014228,0.092213
44810,0.038761,0.029499,0.172150
44820,0.011746,0.008628,0.094585
44830,0.015464,0.011431,0.114531
44840,0.014706,0.009784,0.124202
44850,0.022677,0.017224,0.122060
44860,0.032483,0.024591,0.152784
44870,0.022951,0.017517,0.099951
44880,0.004758,0.003412,0.098316
44890,0.020377,0.015493,0.094766
44900,0.015622,0.011982,0.114258
44910,0.021623,0.016250,0.122301
44920,0.004232,0.002891,0.142295
44930,0.016039,0.011615,0.098905
44940,0.033256,0.024716,0.157066
44950,0.030345,0.022638,0.147630
44960,0.046135,0.035207,0.175350
44970,0.005592,0.004280,0.079100
44980,0.025258,0.019171,0.130217
44990,0.027845,0.021198,0.145937
45000,0.042318,0.032237,0.171418
45010,0.026897,0.020404,0.140913
45020,0.028365,0.021453,0.128684
45030,0.012144,0.008905,0.098428
45040,0.010257,0.007203,0.116295
45050,0.016687,0.012582,0.081704
45060,0.030873,0.022905,0.132426
45070,0.008054,0.006277,0.061747
45080,0.035217,0.026612,0.159290
45090,0.015302,0.011578,0.085848
45100,0.030265,0.022617,0.127890
45110,0.019169,0.014499,0.084608
45120,0.006563,0.004828,0.091294
45130,0.011838,0.008745,0.099324
45140,0.023072,0.017732,0.099804
45150,0.013019,0.009738,0.057940
45160,0.006028,0.004620,0.044014
45170,0.010416,0.007467,0.101855
45180,0.021039,0.016015,0.097179
45190,0.035222,0.026833,0.148447
45200,0.033278,0.025231,0.143254
45210,0.036958,0.028015,0.139578
45220,0.018278,0.013786,0.104566
45230,0.025805,0.019787,0.106510
45240,0.026171,0.019878,0.112286
45250,0.031225,0.023753,0.128634
45260,0.018768,0.013958,0.099278
45270,0.004623,0.003349,0.082881
45280,0.013001,0.009843,0.094476
45290,0.027567,0.020593,0.112948
45300,0.009999,0.007791,0.082533
45310,0.023968,0.017856,0.109332
45320,0.026243,0.019942,0.127397
45330,0.011245,0.008262,0.113613
45340,0.024565,0.018708,0.130653
45350,0.008658,0.006413,0.108562
45360,0.022884,0.017845,0.110260
45370,0.006728,0.005336,0.044616
45380,0.039943,0.030681,0.163721
45390,0.040351,0.030780,0.155132
45400,0.007049,0.004906,0.093015
45410,0.013609,0.010303,0.069324
45420,0.017429,0.013107,0.114020
45430,0.010955,0.008112,0.087237
45440,0.031863,0.023803,0.149125
45450,0.009823,0.007303,0.083331
45460,0.019544,0.014880,0.107875
45470,0.016513,0.012633,0.081782
45480,0.012103,0.009179,0.068263
45490,0.009426,0.006750,0.092306
45500,0.002860,0.002685,0.023203
45510,0.007622,0.005858,0.049339
45520,0.025393,0.019178,0.125666
45530,0.023806,0.018063,0.119857
45540,0.027611,0.020817,0.134174
45550,0.024195,0.018321,0.117114
45560,0.036097,0.027272,0.144897
45570,0.015193,0.011549,0.081174
45580,0.030476,0.023191,0.148789
45590,0.010415,0.007790,0.056843
45600,0.007181,0.005155,0.080411
45610,0.035457,0.027016,0.146479
45620,0.024183,0.018408,0.106576
45630,0.020088,0.015278,0.119495
45640,0.012589,0.009407,0.090115
45650,0.025912,0.019695,0.128658
45660,0.024440,0.018945,0.130033
45670,0.003530,0.002371,0.103963
45680,0.033062,0.024687,0.145423
45690,0.005527,0.003929,0.082259
45700,0.024229,0.018221,0.124709
45710,0.019531,0.014653,0.111539
45720,0.021030,0.015816,0.118494
45730,0.010101,0.007570,0.361775
45740,0.006358,0.004669,0.041304
45750,0.013167,0.009616,0.123689
45760,0.029367,0.022294,0.136916
45770,0.022673,0.017304,0.113049
45780,0.000183,0.000207,0.647892
45790,0.002034,0.001721,0.147467
45800,0.029381,0.022190,0.138104
45810,0.004541,0.002781,0.148475
45820,0.008892,0.006679,0.079226
45830,0.024651,0.018939,0.118135
45840,0.029039,0.021980,0.137874
45850,0.026470,0.019999,0.135530
45860,0.024687,0.018610,0.098549
45870,0.021397,0.016086,0.102216
45880,0.032575,0.024739,0.152092
45890,0.015563,0.011782,0.103447
45900,0.032699,0.024781,0.135264
45910,0.010161,0.007903,0.093681
45920,0.013374,0.011274,0.106331
45930,0.011702,0.008987,0.058188
45940,0.036224,0.027474,0.157114
45950,0.012067,0.008935,0.103323
45960,0.035476,0.026905,0.151630
45970,0.027181,0.020867,0.129721
45980,0.012425,0.009254,0.105131
45990,0.040498,0.030703,0.164433
46000,0.027982,0.021693,0.130361
46010,0.021214,0.016337,0.121424
46020,0.006021,0.004234,0.103604
46030,0.002749,0.002028,0.070037
46040,0.025421,0.019110,0.126852
46050,0.010672,0.008029,0.093285
46060,0.009138,0.006770,0.076872
46070,0.018013,0.013422,0.111402
46080,0.025117,0.018713,0.129929
46090,0.015260,0.011447,0.063623
46100,0.015224,0.011545,0.109306
46110,0.026955,0.019978,0.140520
46120,0.013359,0.010256,0.109288
46130,0.029914,0.023137,0.125881
46140,0.023840,0.017909,0.126399
46150,0.014013,0.010371,0.094515
46160,0.022680,0.017287,0.120980
46170,0.024599,0.018647,0.110329
46180,0.029980,0.022559,0.143609
46190,0.027428,0.020342,0.132955
46200,0.014316,0.010909,0.117712
46210,0.039467,0.030034,0.162953
46220,0.031069,0.023635,0.132487
46230,0.028047,0.021038,0.130967
46240,0.027403,0.020520,0.133003
46250,0.054191,0.041582,0.184613
46260,0.020637,0.015648,0.113434
46270,0.016319,0.012173,0.106963
46280,0.023955,0.017862,0.136375
46290,0.016821,0.011990,0.122956
46300,0.015818,0.012073,0.115876
46310,0.030774,0.023029,0.150675
46320,0.027580,0.020604,0.141675
46330,0.030672,0.023143,0.149548
46340,0.032565,0.024688,0.144116
46350,0.026332,0.019899,0.132725
46360,0.017134,0.012754,0.100435
46370,0.054787,0.041550,0.197336
46380,0.026958,0.020386,0.132770
46390,0.033711,0.025308,0.151247
46400,0.029208,0.021634,0.122259
46410,0.004644,0.003375,0.074938
46420,0.024698,0.019652,0.124664
46430,0.032963,0.025000,0.133370
46440,0.022348,0.016779,0.119547
46450,0.029743,0.022357,0.129364
46460,0.020975,0.015926,0.117173
46470,0.012338,0.009258,0.070789
46480,0.016176,0.011849,0.110233
46490,0.011414,0.008755,0.058810
46500,0.016868,0.012884,0.096341
46510,0.047465,0.035859,0.184063
46520,0.020896,0.015706,0.111883
46530,0.030848,0.023864,0.133253
46540,0.009305,0.006812,0.084167
46550,0.012039,0.008867,0.096715
46560,0.035943,0.027601,0.144068
46570,0.025599,0.019226,0.122881
46580,0.006851,0.004797,0.084680
46590,0.024501,0.018563,0.119145
46600,0.003679,0.002750,0.024833
46610,0.013081,0.009790,0.102215
46620,0.039156,0.029899,0.157506
46630,0.027698,0.021033,0.128875
46640,0.036964,0.027664,0.159165
46650,0.029527,0.022266,0.145411
46660,0.014394,0.010805,0.094550
46670,0.019764,0.015072,0.091710
46680,0.018570,0.014101,0.115895
46690,0.011079,0.007876,0.055920
46700,0.028805,0.022148,0.142253
46710,0.010673,0.007969,0.093465
46720,0.010010,0.007381,0.081541
46730,0.018666,0.014115,0.103549
46740,0.014392,0.010960,0.098849
46750,0.006631,0.005000,0.086918
46760,0.021406,0.016339,0.128579
46770,0.011210,0.008316,0.089124
46780,0.020719,0.015779,0.101262
46790,0.010580,0.007875,0.097286
46800,0.058733,0.045570,0.209699
46810,0.025426,0.019423,0.126315
46820,0.009793,0.007471,0.084718
46830,0.025120,0.019358,0.117227
46840,0.013020,0.010105,0.091651
46850,0.037538,0.028531,0.157074
46860,0.021021,0.018264,0.074188
46870,0.037604,0.028327,0.162735
46880,0.020830,0.015686,0.106796
46890,0.024168,0.017994,0.125765
46900,0.032597,0.025013,0.156085
46910,0.007695,0.005642,0.074481
46920,0.034945,0.026282,0.144127
46930,0.032285,0.023097,0.155870
46940,0.027986,0.020972,0.127579
46950,0.009975,0.007410,0.082505
46960,0.034794,0.026262,0.159752
46970,0.033618,0.025500,0.140301
46980,0.037188,0.027845,0.157643
46990,0.025419,0.018551,0.131489
47000,0.030539,0.023498,0.141907
47010,0.016900,0.012819,0.090015
47020,0.022883,0.017088,0.125275
47030,0.034167,0.026049,0.150171
47040,0.025855,0.019644,0.137065
47050,0.025963,0.019484,0.127265
47060,0.020233,0.016162,0.100491
47070,0.004860,0.003786,0.091161
47080,0.010199,0.007786,0.101778
47090,0.013083,0.009731,0.115889
47100,0.021971,0.016609,0.106108
47110,0.007876,0.005764,0.089323
47120,0.013837,0.010257,0.113874
47130,0.023273,0.017732,0.130729
47140,0.048327,0.036563,0.180856
47150,0.032827,0.025035,0.144928
47160,0.008966,0.006961,0.099377
47170,0.010720,0.007912,0.094036
47180,0.010661,0.008203,0.063413
47190,0.029920,0.022764,0.150151
47200,0.042830,0.032432,0.181564
47210,0.006021,0.004307,0.102136
47220,0.015334,0.011317,0.097252
47230,0.014945,0.011257,0.095443
47240,0.015931,0.012017,0.098531
47250,0.034212,0.026141,0.132589
47260,0.032624,0.024320,0.133788
47270,0.032008,0.024174,0.136067
47280,0.018812,0.014268,0.091892
47290,0.022412,0.016708,0.117697
47300,0.006051,0.004791,0.035911
47310,0.014639,0.013432,0.103785
47320,0.023249,0.017560,0.110479
47330,0.010576,0.008024,0.103481
47340,0.013696,0.010216,0.097102
47350,0.031462,0.024268,0.124777
47360,0.010085,0.007605,0.092742
47370,0.030303,0.022950,0.144956
47380,0.036709,0.027900,0.156533
47390,0.011293,0.008559,0.055738
47400,0.019901,0.015029,0.111528
47410,0.029967,0.022982,0.149137
47420,0.008870,0.006147,0.135497
47430,0.005061,0.003556,0.108339
47440,0.011103,0.008141,0.095352
47450,0.012801,0.009403,0.105057
47460,0.027097,0.020758,0.107520
47470,0.019048,0.014581,0.184105
47480,0.041733,0.031613,0.165176
47490,0.014931,0.010873,0.103153
47500,0.034975,0.026501,0.162138
47510,0.024947,0.019453,0.148047
47520,0.024787,0.019039,0.134563
47530,0.025499,0.019405,0.131353
47540,0.035028,0.026527,0.146500
47550,0.015220,0.011637,0.098355
47560,0.006961,0.005413,0.077741
47570,0.015339,0.011659,0.090950
47580,0.024504,0.018442,0.136535
47590,0.029258,0.022302,0.137397
47600,0.017273,0.013184,0.102194
47610,0.035799,0.027345,0.143888
47620,0.020659,0.015745,0.085371
47630,0.047177,0.036129,0.186238
47640,0.019106,0.014351,0.119866
47650,0.040387,0.031030,0.168496
47660,0.005875,0.005034,0.152014
47670,0.008271,0.006102,0.099951
47680,0.020337,0.015336,0.117419
47690,0.027692,0.021414,0.124323
47700,0.013105,0.010055,0.057161
47710,0.020127,0.015273,0.121916
47720,0.026563,0.020149,0.132265
47730,0.033308,0.025612,0.148363
47740,0.021673,0.016299,0.124123
47750,0.019857,0.014997,0.086034
47760,0.039215,0.029721,0.160520
47770,0.019040,0.014386,0.109832
47780,0.014189,0.010292,0.110892
47790,0.022396,0.016802,0.124463
47800,0.025443,0.019145,0.137028
47810,0.021686,0.016369,0.133680
47820,0.032403,0.024395,0.148967
47830,0.027129,0.020380,0.135897
47840,0.010423,0.007712,0.090597
47850,0.005754,0.004314,0.066891
47860,0.020632,0.015539,0.125170
47870,0.019345,0.014567,0.102736
47880,0.024885,0.019131,0.123887
47890,0.015132,0.011192,0.091207
47900,0.010581,0.007785,0.076387
47910,0.032135,0.024443,0.143854
47920,0.033427,0.027125,0.148282
47930,0.039251,0.029878,0.158182
47940,0.033286,0.025206,0.147483
47950,0.001984,0.001373,0.052096
47960,0.013777,0.010198,0.114061
47970,0.021113,0.016057,0.108654
47980,0.006781,0.004947,0.097880
47990,0.014345,0.010518,0.098989
48000,0.020060,0.015031,0.120229
48010,0.018457,0.013620,0.125951
48020,0.016286,0.012223,0.097077
48030,0.024132,0.018004,0.122532
48040,0.031009,0.023603,0.137763
48050,0.024021,0.017049,0.135963
48060,0.011486,0.008473,0.061070
48070,0.032696,0.024611,0.135234
48080,0.017008,0.012558,0.110716
48090,0.018634,0.014196,0.113040
48100,0.026700,0.020450,0.107644
48110,0.042177,0.031627,0.167291
48120,0.023027,0.017459,0.115967
48130,0.012022,0.008602,0.096531
48140,0.028320,0.021540,0.133722
48150,0.028544,0.021577,0.135845
48160,0.011733,0.008804,0.091104
48170,0.024573,0.018447,0.123393
48180,0.006769,0.005047,0.081133
48190,0.042153,0.032386,0.173659
48200,0.042362,0.032124,0.172374
48210,0.018205,0.013383,0.109312
48220,0.014375,0.010944,0.090552
48230,0.016036,0.011831,0.110439
48240,0.011710,0.008561,0.094850
48250,0.031550,0.023977,0.151831
48260,0.021409,0.016254,0.108444
48270,0.018228,0.013653,0.126774
48280,0.023181,0.017532,0.121345
48290,0.007157,0.005062,0.086038
48300,0.010244,0.007553,0.052897
48310,0.003000,0.002047,0.076151
48320,0.013781,0.009976,0.128621
48330,0.000660,0.000421,0.175375
48340,0.009077,0.006550,0.079729
48350,0.018673,0.014175,0.093450
48360,0.028129,0.021161,0.141009
48370,0.014207,0.010592,0.108574
48380,0.023014,0.017607,0.110914
48390,0.033399,0.025723,0.155975
48400,0.025791,0.019761,0.141554
48410,0.012776,0.009716,0.068475
48420,0.010936,0.008188,0.060501
48430,0.039640,0.029979,0.161132
48440,0.015837,0.012179,0.070606
48450,0.027368,0.020097,0.147201
48460,0.017882,0.013276,0.088184
48470,0.025154,0.018898,0.116989
48480,0.020475,0.015576,0.127842
48490,0.028264,0.021485,0.128235
48500,0.014077,0.010082,0.115008
48510,0.051840,0.039927,0.200089
48520,0.020745,0.015700,0.115655
48530,0.031715,0.024103,0.132905
48540,0.028363,0.021665,0.131516
48550,0.012004,0.008833,0.092016
48560,0.040228,0.030836,0.172163
48570,0.014205,0.011382,0.071474
48580,0.032152,0.024631,0.144183
48590,0.034717,0.026437,0.155318
48600,0.017654,0.013477,0.086794
48610,0.020192,0.015382,0.126733
48620,0.022479,0.016809,0.100985
48630,0.017061,0.012847,0.106993
48640,0.002746,0.002119,0.020273
48650,0.015516,0.011638,0.100639
48660,0.037404,0.027698,0.136958
48670,0.070867,0.056647,0.239266
48680,0.028995,0.021879,0.141355
48690,0.031627,0.024110,0.126949
48700,0.034791,0.026300,0.158492
48710,0.016678,0.012217,0.109117
48720,0.015513,0.011583,0.080004
48730,0.029698,0.022913,0.142961
48740,0.024667,0.018428,0.127427
48750,0.027860,0.021207,0.123536
48760,0.045845,0.035480,0.181167
48770,0.024834,0.018646,0.131114
48780,0.029189,0.022348,0.123029
48790,0.030277,0.023237,0.121247
48800,0.013665,0.010049,0.073812
48810,0.019401,0.014951,0.082012
48820,0.029334,0.021824,0.123785
48830,0.028747,0.021742,0.138148
48840,0.032647,0.024862,0.146713
48850,0.015804,0.011905,0.082853
48860,0.010458,0.007777,0.085740
48870,0.036302,0.027512,0.158520
48880,0.028519,0.020651,0.129976
48890,0.022425,0.016915,0.088779
48900,0.009971,0.007429,0.055976
48910,0.034801,0.026261,0.142040
48920,0.017985,0.013671,0.102336
48930,0.031739,0.024083,0.136737
48940,0.010176,0.008106,0.062868
48950,0.012528,0.009050,0.100335
48960,0.044312,0.033363,0.176167
48970,0.018977,0.014058,0.108975
48980,0.023027,0.016802,0.136212
48990,0.028476,0.021577,0.127468
49000,0.028544,0.021655,0.134903
49010,0.017643,0.013251,0.106905
49020,0.043043,0.032503,0.169599
49030,0.022668,0.017619,0.125243
49040,0.027957,0.021041,0.121047
49050,0.012957,0.009855,0.058790
49060,0.009622,0.007411,0.076941
49070,0.044546,0.033838,0.182348
49080,0.011813,0.009127,0.086002
49090,0.018981,0.014504,0.107913
49100,0.042895,0.032486,0.161590
49110,0.018455,0.013408,0.113271
49120,0.027698,0.021388,0.112418
49130,0.011058,0.008208,0.082413
49140,0.022189,0.016720,0.122451
49150,0.020472,0.015186,0.110775
49160,0.018204,0.013642,0.105220
49170,0.024413,0.018500,0.131352
49180,0.021959,0.016494,0.123597
49190,0.019876,0.014934,0.107667
49200,0.021548,0.016450,0.112071
49210,0.008062,0.006157,0.105732
49220,0.020189,0.015633,0.090113
49230,0.013675,0.010198,0.102019
49240,0.020479,0.015439,0.105941
49250,0.037567,0.028335,0.147057
49260,0.000002,0.000001,0.000004
49270,0.018605,0.014363,0.118259
49280,0.000001,0.000001,0.000003
49290,0.032769,0.024827,0.144628
49300,0.030621,0.022818,0.150129
49310,0.022922,0.017274,0.122633
49320,0.008756,0.006490,0.076104
49330,0.017853,0.012459,0.146605
49340,0.019346,0.014277,0.107138
49350,0.017025,0.013377,0.128343
49360,0.017357,0.013081,0.122735
49370,0.022001,0.016978,0.129009
49380,0.036286,0.027396,0.142037
49390,0.026654,0.020334,0.113579
49400,0.010316,0.007663,0.089081
49410,0.039006,0.030540,0.167697
49420,0.032264,0.024586,0.151834
49430,0.008426,0.006395,0.092299
49440,0.012368,0.009488,0.089468
49450,0.022746,0.017289,0.106802
49460,0.012134,0.009059,0.102527
49470,0.017721,0.013175,0.103997
49480,0.036916,0.027915,0.148473
49490,0.021514,0.016606,0.091251
49500,0.054894,0.041376,0.196586
49510,0.027702,0.021026,0.132563
49520,0.022156,0.016877,0.123313
49530,0.031350,0.024546,0.149378
49540,0.004737,0.003704,0.068283
49550,0.031201,0.023593,0.146014
49560,0.019236,0.014277,0.110548
49570,0.011582,0.008550,0.105253
49580,0.010371,0.007728,0.099358
49590,0.009997,0.007513,0.097225
49600,0.005856,0.004249,0.081015
49610,0.020239,0.015390,0.091102
49620,0.047556,0.036820,0.179034
49630,0.012639,0.009215,0.112413
49640,0.018993,0.014385,0.088766
49650,0.002460,0.001683,0.066172
49660,0.016666,0.012759,0.080657
49670,0.018409,0.013765,0.086252
49680,0.018329,0.013600,0.100264
49690,0.028616,0.021649,0.147795
49700,0.009755,0.007370,0.052124
49710,0.032247,0.024481,0.133107
49720,0.041649,0.031456,0.168030
49730,0.002766,0.002020,0.081901
49740,0.032245,0.024394,0.150870
49750,0.013492,0.010257,0.089577
49760,0.020594,0.015593,0.109145
49770,0.015315,0.011170,0.093103
49780,0.055112,0.042817,0.201396
49790,0.010724,0.008138,0.064826
49800,0.010829,0.008126,0.059175
49810,0.015206,0.011401,0.096101
49820,0.010430,0.007718,0.090855
49830,0.025632,0.019493,0.126712
49840,0.002356,0.001706,0.070999
49850,0.026127,0.019916,0.131076
49860,0.018889,0.013397,0.110972
49870,0.040189,0.030325,0.159436
49880,0.022730,0.017396,0.142167
49890,0.013411,0.009960,0.101037
49900,0.015062,0.011620,0.107605
49910,0.018597,0.014126,0.109086
49920,0.030664,0.023320,0.139596
49930,0.024833,0.018978,0.126572
49940,0.014484,0.010812,0.095123
49950,0.021865,0.016467,0.105722
49960,0.025286,0.018957,0.103314
49970,0.007583,0.005583,0.041258
49980,0.024967,0.018840,0.126284
49990,0.015220,0.011398,0.081797
50000,0.033621,0.025671,0.134276
50010,0.033202,0.025465,0.127998
50020,0.027113,0.023752,0.111298
50030,0.017350,0.012985,0.105959
50040,0.019173,0.014515,0.097481
50050,0.022139,0.016589,0.125222
50060,0.025774,0.019760,0.124016
50070,0.023893,0.018177,0.119069
50080,0.001416,0.000967,0.063757
50090,0.019612,0.014777,0.107071
50100,0.028685,0.021900,0.131629
50110,0.047005,0.036274,0.186531
50120,0.009292,0.007189,0.053397
50130,0.018392,0.013115,0.121453
50140,0.043214,0.032616,0.162330
50150,0.020841,0.015490,0.116678
50160,0.025209,0.018969,0.132799
50170,0.009494,0.006828,0.096604
50180,0.020668,0.015853,0.116005
50190,0.015788,0.011771,0.086758
50200,0.015275,0.011650,0.094992
50210,0.020159,0.015296,0.090480
50220,0.018503,0.015005,0.122284
50230,0.017849,0.013518,0.107200
50240,0.013496,0.010071,0.107769
50250,0.006647,0.004872,0.079630
50260,0.030279,0.023471,0.144512
50270,0.025050,0.018518,0.129442
50280,0.033334,0.025428,0.141233
50290,0.019774,0.014608,0.121934
50300,0.021267,0.016263,0.098693
50310,0.023901,0.019089,0.128186
50320,0.016141,0.012228,0.103443
50330,0.024999,0.018866,0.123057
50340,0.019768,0.014714,0.096104
50350,0.017640,0.013187,0.112464
50360,0.017546,0.013175,0.102495
50370,0.016969,0.012795,0.101986
50380,0.002827,0.001729,0.135983
50390,0.023527,0.017787,0.119539
50400,0.053315,0.040227,0.193724
50410,0.015501,0.012300,0.113826
50420,0.027833,0.021304,0.129464
50430,0.028617,0.021717,0.138357
50440,0.032633,0.024856,0.150990
50450,0.003663,0.002653,0.065260
50460,0.031447,0.024032,0.147927
50470,0.009280,0.006936,0.074290
50480,0.049181,0.036694,0.174111
50490,0.038050,0.028952,0.140859
50500,0.036719,0.028239,0.159254
50510,0.038869,0.029542,0.150032
50520,0.016102,0.012189,0.107602
50530,0.026700,0.020242,0.129908
50540,0.013083,0.009563,0.105632
50550,0.009703,0.007550,0.041232
50560,0.015445,0.011692,0.121097
50570,0.049279,0.037351,0.187299
50580,0.029734,0.022442,0.141154
50590,0.010331,0.007789,0.061245
50600,0.029515,0.022577,0.114561
50610,0.006365,0.004265,0.077544
50620,0.020257,0.015060,0.123152
50630,0.020980,0.015181,0.096028
50640,0.035662,0.027003,0.160054
50650,0.027453,0.020798,0.130682
50660,0.018913,0.015117,0.117305
50670,0.035428,0.026847,0.141810
50680,0.019122,0.014743,0.111858
50690,0.007667,0.005598,0.094809
50700,0.016883,0.012511,0.108526
50710,0.027657,0.022913,0.140872
50720,0.019135,0.014586,0.107580
50730,0.042207,0.032175,0.168082
50740,0.012960,0.009496,0.109837
50750,0.020739,0.015261,0.125805
50760,0.017550,0.013535,0.085807
50770,0.021794,0.016645,0.129791
50780,0.025821,0.019653,0.135183
50790,0.031186,0.023833,0.144489
50800,0.033780,0.025607,0.157880
50810,0.019874,0.015252,0.095193
50820,0.020849,0.015598,0.147361
50830,0.008909,0.006267,0.097692
50840,0.021547,0.016396,0.115877
50850,0.000226,0.000143,0.047305
50860,0.031518,0.023748,0.142521
50870,0.012915,0.009862,0.096804
50880,0.015258,0.011142,0.115146
50890,0.018200,0.013810,0.098853
50900,0.033629,0.026296,0.151247
50910,0.002843,0.001836,0.084228
50920,0.017106,0.012885,0.106033
50930,0.025240,0.018769,0.139774
50940,0.029500,0.022578,0.139657
50950,0.038134,0.028594,0.161591
50960,0.014563,0.010984,0.100766
50970,0.027360,0.020664,0.135600
50980,0.009648,0.006999,0.063812
50990,0.026957,0.020301,0.128097
51000,0.010781,0.007846,0.096430
51010,0.040501,0.030809,0.165292
51020,0.034329,0.025948,0.146613
51030,0.026917,0.020274,0.103160
51040,0.022576,0.017193,0.133006
51050,0.010423,0.007861,0.082848
51060,0.028270,0.021572,0.137034
51070,0.013875,0.009517,0.121691
51080,0.015570,0.012422,0.078433
51090,0.037877,0.038310,0.168215
51100,0.033160,0.025138,0.133722
51110,0.021096,0.015858,0.111844
51120,0.008176,0.005893,0.119021
51130,0.021639,0.016613,0.119312
51140,0.009987,0.007451,0.080911
51150,0.043638,0.033477,0.158626
51160,0.043249,0.032880,0.170660
51170,0.025709,0.019350,0.127415
51180,0.028354,0.021592,0.118986
51190,0.027045,0.020607,0.138927
51200,0.021015,0.016121,0.102517
51210,0.024403,0.018613,0.125446
51220,0.009860,0.007794,0.080103
51230,0.040422,0.030502,0.163399
51240,0.021088,0.015812,0.092425
51250,0.025819,0.019420,0.135340
51260,0.014420,0.010794,0.094271
51270,0.016131,0.012423,0.081715
51280,0.020306,0.014951,0.137536
51290,0.033544,0.025458,0.137546
51300,0.006191,0.004562,0.109407
51310,0.036422,0.027666,0.152047
51320,0.009607,0.006990,0.083712
51330,0.018927,0.014407,0.105818
51340,0.037078,0.028141,0.159276
51350,0.032423,0.024357,0.128340
51360,0.017199,0.012917,0.112258
51370,0.016108,0.011906,0.112781
51380,0.025569,0.019486,0.110179
51390,0.036695,0.027161,0.146487
51400,0.012780,0.009672,0.091530
51410,0.058700,0.044460,0.205470
51420,0.014035,0.010395,0.097620
51430,0.014314,0.010802,0.089582
51440,0.035233,0.026733,0.151241
51450,0.010933,0.008161,0.091903
51460,0.005302,0.003946,0.032295
51470,0.012003,0.008805,0.084438
51480,0.019632,0.014844,0.112797
51490,0.038216,0.028874,0.163263
51500,0.012432,0.009298,0.091345
51510,0.033547,0.025654,0.151422
51520,0.024319,0.018470,0.118674
51530,0.012684,0.009482,0.087477
51540,0.016620,0.012749,0.077027
51550,0.006689,0.004825,0.080053
51560,0.005981,0.004532,0.094692
51570,0.008981,0.006518,0.079065
51580,0.035237,0.026290,0.138219
51590,0.000001,0.000000,0.000001
51600,0.037561,0.028306,0.137694
51610,0.019220,0.014638,0.094426
51620,0.011627,0.008759,0.083843
51630,0.025492,0.019267,0.107359
51640,0.013207,0.009404,0.111374
51650,0.054596,0.042034,0.201360
51660,0.012223,0.009406,0.060859
51670,0.022648,0.017363,0.119176
51680,0.028766,0.021833,0.142311
51690,0.034717,0.026308,0.137635
51700,0.022758,0.017084,0.103330
51710,0.012940,0.009917,0.072901
51720,0.027764,0.021139,0.125597
51730,0.015016,0.011240,0.087030
51740,0.022242,0.017010,0.101688
51750,0.028842,0.021841,0.138290
51760,0.014284,0.010920,0.071092
51770,0.004646,0.003141,0.147313
51780,0.019654,0.015000,0.104728
51790,0.023694,0.017750,0.140009
51800,0.021449,0.015969,0.103271
51810,0.014180,0.010803,0.074415
51820,0.013481,0.009893,0.107890
51830,0.017762,0.013418,0.101668
51840,0.036068,0.027613,0.151136
51850,0.008675,0.006307,0.091000
51860,0.031725,0.023631,0.139542
51870,0.020913,0.015458,0.110875
51880,0.017116,0.012793,0.106547
51890,0.010393,0.008063,0.112320
51900,0.014511,0.010690,0.115346
51910,0.010208,0.007929,0.078742
51920,0.012489,0.009175,0.097418
51930,0.022874,0.017508,0.114665
51940,0.017999,0.014856,0.126457
51950,0.015278,0.011555,0.081641
51960,0.003131,0.002060,0.020539
51970,0.013405,0.010215,0.102253
51980,0.014252,0.010494,0.085495
51990,0.042739,0.032500,0.169499
52000,0.015304,0.011336,0.112134
52010,0.051528,0.039556,0.191242
52020,0.051360,0.039005,0.189919
52030,0.012994,0.010105,0.075860
52040,0.017441,0.013048,0.102342
52050,0.022900,0.017438,0.105945
52060,0.030700,0.023060,0.124140
52070,0.013518,0.010083,0.087364
52080,0.019860,0.015225,0.119430
52090,0.030238,0.023055,0.130316
52100,0.020924,0.015802,0.104854
52110,0.031041,0.023786,0.145414
52120,0.016262,0.012169,0.086376
52130,0.020906,0.016195,0.142210
52140,0.005335,0.003957,0.028756
52150,0.017907,0.013416,0.084593
52160,0.035592,0.027245,0.154618
52170,0.028885,0.021654,0.132775
52180,0.016448,0.011562,0.089860
52190,0.005099,0.003878,0.113470
52200,0.033102,0.025225,0.143816
52210,0.015255,0.011660,0.078338
52220,0.028259,0.021061,0.134922
52230,0.032016,0.024421,0.132442
52240,0.011954,0.009079,0.092104
52250,0.028990,0.021842,0.130009
52260,0.025240,0.019186,0.114371
52270,0.016135,0.012209,0.116294
52280,0.013561,0.010160,0.092110
52290,0.038907,0.029867,0.168717
52300,0.022558,0.017113,0.124511
52310,0.004312,0.003079,0.115563
52320,0.031477,0.023984,0.144907
52330,0.022393,0.017150,0.128259
52340,0.018173,0.013657,0.111132
52350,0.011207,0.008182,0.096863
52360,0.004806,0.003497,0.122227
52370,0.047994,0.036835,0.180423
52380,0.001314,0.000895,0.075632
52390,0.023856,0.018561,0.124818
52400,0.022262,0.016945,0.120063
52410,0.018303,0.013839,0.104519
52420,0.027105,0.020437,0.118320
52430,0.020216,0.015147,0.123036
52440,0.012649,0.009629,0.084881
52450,0.018081,0.013175,0.103223
52460,0.014273,0.010902,0.098194
52470,0.005862,0.005045,0.189145
52480,0.019025,0.014092,0.112691
52490,0.011408,0.008955,0.095665
52500,0.038687,0.029359,0.160408
52510,0.030095,0.022929,0.135391
52520,0.022090,0.016596,0.120524
52530,0.004333,0.003275,0.031915
52540,0.029037,0.022047,0.136282
52550,0.005977,0.004471,0.040640
52560,0.000001,0.000001,0.000004
52570,0.011161,0.008046,0.093802
52580,0.032514,0.024400,0.138850
52590,0.034482,0.026533,0.142413
52600,0.011151,0.008789,0.083715
52610,0.025584,0.019366,0.136013
52620,0.009869,0.007272,0.087728
52630,0.028356,0.021926,0.134526
52640,0.023736,0.018192,0.126167
52650,0.002547,0.001985,0.068980
52660,0.015954,0.011930,0.089006
52670,0.018579,0.015737,0.116458
52680,0.013591,0.010301,0.090512
52690,0.027216,0.020492,0.124988
52700,0.023673,0.017773,0.119979
52710,0.019276,0.014516,0.102225
52720,0.022409,0.017132,0.103755
52730,0.014917,0.011371,0.111061
52740,0.025410,0.019307,0.112296
52750,0.038412,0.028892,0.158436
52760,0.026302,0.019966,0.136787
52770,0.004525,0.003228,0.030800
52780,0.025088,0.018823,0.105649
52790,0.025585,0.019302,0.133966
52800,0.006094,0.004538,0.121411
52810,0.021210,0.016058,0.105413
52820,0.042461,0.032314,0.176558
52830,0.022910,0.017391,0.122475
52840,0.039298,0.029830,0.163651
52850,0.024787,0.018405,0.130461
52860,0.038259,0.029205,0.164273
52870,0.031397,0.024035,0.149760
52880,0.026119,0.019523,0.109268
52890,0.006797,0.004708,0.078469
52900,0.030742,0.023232,0.139085
52910,0.015327,0.011440,0.066465
52920,0.013607,0.010241,0.100355
52930,0.009243,0.006661,0.080792
52940,0.015899,0.011471,0.122794
52950,0.014008,0.010392,0.094292
52960,0.023116,0.017316,0.105833
52970,0.025403,0.019211,0.128807
52980,0.035461,0.026808,0.143393
52990,0.026258,0.019869,0.129732
53000,0.015372,0.011822,0.100637
53010,0.006254,0.007327,0.050347
53020,0.029278,0.022179,0.113399
53030,0.001316,0.001083,0.189741
53040,0.032365,0.024271,0.137474
53050,0.011150,0.008218,0.092186
53060,0.009961,0.007546,0.089381
53070,0.033237,0.025245,0.139033
53080,0.019284,0.014910,0.109358
53090,0.041098,0.031723,0.163446
53100,0.029542,0.022452,0.118693
53110,0.019935,0.015201,0.119102
53120,0.004939,0.003752,0.083492
53130,0.020574,0.015438,0.116501
53140,0.028145,0.021235,0.135097
53150,0.026929,0.020341,0.132515
53160,0.030360,0.022742,0.163424
53170,0.011366,0.008485,0.077411
53180,0.036744,0.027552,0.148554
53190,0.036633,0.027376,0.153087
53200,0.011430,0.008397,0.058281
53210,0.022927,0.017091,0.116738
53220,0.022000,0.016728,0.119259
53230,0.022140,0.016954,0.113458
53240,0.022755,0.016957,0.128693
53250,0.002012,0.001324,0.093821
53260,0.028207,0.021319,0.135583
53270,0.003825,0.002546,0.092565
53280,0.012887,0.009317,0.111237
53290,0.015417,0.010905,0.115134
53300,0.048612,0.036429,0.192847
53310,0.013068,0.009886,0.089307
53320,0.017038,0.012844,0.106298
53330,0.010976,0.007938,0.102648
53340,0.021531,0.016052,0.125416
53350,0.027804,0.021232,0.136830
53360,0.036122,0.027368,0.157093
53370,0.019480,0.014980,0.113462
53380,0.016299,0.012332,0.109735
53390,0.022530,0.017085,0.091262
53400,0.018750,0.014135,0.090398
53410,0.023966,0.018410,0.127192
53420,0.009009,0.006824,0.118333
53430,0.024822,0.019223,0.123609
53440,0.014755,0.011324,0.106053
53450,0.018838,0.014338,0.110109
53460,0.019506,0.014819,0.109316
53470,0.013475,0.009939,0.103987
53480,0.019612,0.014534,0.101339
53490,0.019121,0.014287,0.114165
53500,0.021243,0.015721,0.126073
53510,0.025663,0.019749,0.098387
53520,0.033093,0.025251,0.153484
53530,0.015381,0.011709,0.099422
53540,0.000001,0.000000,0.000002
53550,0.022721,0.017166,0.117658
53560,0.041600,0.031765,0.153163
53570,0.011148,0.008013,0.088662
53580,0.018415,0.014656,0.093532
53590,0.030588,0.023029,0.131382
53600,0.010420,0.007740,0.084425
53610,0.009510,0.007049,0.077478
53620,0.013184,0.010094,0.064716
53630,0.019319,0.014624,0.105485
53640,0.023369,0.017640,0.119314
53650,0.015269,0.011588,0.077037
53660,0.022604,0.017125,0.100580
53670,0.026109,0.020555,0.118709
53680,0.010020,0.007344,0.085336
53690,0.035756,0.026822,0.151186
53700,0.001731,0.001242,0.054543
53710,0.018643,0.014092,0.127345
53720,0.025184,0.019148,0.123136
53730,0.009110,0.006907,0.080348
53740,0.006033,0.004321,0.046430
53750,0.022745,0.017561,0.087960
53760,0.036388,0.027305,0.157471
53770,0.022019,0.016864,0.101268
53780,0.025189,0.019091,0.128587
53790,0.021188,0.016486,0.122620
53800,0.021569,0.016339,0.124951
53810,0.028946,0.021564,0.135400
53820,0.030087,0.022968,0.134260
53830,0.014033,0.010263,0.097341
53840,0.019578,0.014791,0.111072
53850,0.033887,0.025565,0.150237
53860,0.017731,0.013415,0.110037
53870,0.020950,0.015830,0.116514
53880,0.018902,0.014323,0.080864
53890,0.023206,0.018101,0.129727
53900,0.008823,0.005932,0.131908
53910,0.022422,0.017346,0.127932
53920,0.013594,0.010339,0.068360
53930,0.013605,0.009735,0.099029
53940,0.012155,0.009149,0.090248
53950,0.020111,0.015219,0.097673
53960,0.017226,0.013050,0.100473
53970,0.036535,0.027354,0.151407
53980,0.012501,0.009197,0.090912
53990,0.018470,0.014046,0.110240
54000,0.015789,0.012253,0.075427
54010,0.031487,0.023946,0.120056
54020,0.006598,0.004794,0.066113
54030,0.022520,0.017173,0.109793
54040,0.016502,0.012465,0.100467
54050,0.012874,0.010463,0.150175
54060,0.013605,0.010200,0.098995
54070,0.036594,0.027955,0.149927
54080,0.012597,0.009547,0.078373
54090,0.029816,0.022627,0.129124
54100,0.023130,0.017518,0.109764
54110,0.029403,0.022530,0.116482
54120,0.035542,0.027016,0.152098
54130,0.009159,0.006635,0.076674
54140,0.006186,0.004559,0.076249
54150,0.025999,0.019730,0.128215
54160,0.016562,0.012319,0.121384
54170,0.037416,0.028657,0.165405
54180,0.016465,0.011598,0.131465
54190,0.011390,0.008748,0.063254
54200,0.020324,0.015498,0.122102
54210,0.011226,0.008359,0.090169
54220,0.011593,0.008759,0.057941
54230,0.002731,0.001718,0.162192
54240,0.021156,0.016042,0.113289
54250,0.011526,0.008564,0.095304
54260,0.011188,0.008537,0.110928
54270,0.040700,0.031058,0.160300
54280,0.026172,0.020145,0.118008
54290,0.014463,0.010746,0.103289
54300,0.013022,0.009510,0.065455
54310,0.029699,0.022773,0.122015
54320,0.016507,0.012388,0.108347
54330,0.020233,0.015106,0.111341
54340,0.028892,0.022059,0.135419
54350,0.053192,0.040261,0.190590
54360,0.023089,0.017296,0.139008
54370,0.011807,0.008712,0.092970
54380,0.018823,0.014092,0.111102
54390,0.032458,0.024435,0.142320
54400,0.014870,0.010933,0.128384
54410,0.013519,0.009860,0.119081
54420,0.000165,0.000110,0.077009
54430,0.031313,0.023779,0.134197
54440,0.015869,0.011595,0.100101
54450,0.015814,0.012001,0.095424
54460,0.035933,0.027339,0.148454
54470,0.019440,0.014644,0.113254
54480,0.016647,0.012576,0.120042
54490,0.018192,0.014573,0.112548
54500,0.016159,0.012234,0.132188
54510,0.022020,0.016630,0.100253
54520,0.009213,0.007007,0.077555
54530,0.017936,0.013531,0.104961
54540,0.001507,0.001140,0.066712
54550,0.037124,0.028221,0.158710
54560,0.004114,0.003231,0.025305
54570,0.011170,0.008467,0.090363
54580,0.033055,0.024769,0.145572
54590,0.020757,0.015947,0.114073
54600,0.024575,0.018414,0.115556
54610,0.003771,0.002620,0.050598
54620,0.017917,0.013696,0.096589
54630,0.021639,0.016125,0.127232
54640,0.036623,0.028012,0.151384
54650,0.007916,0.005875,0.082774
54660,0.024156,0.018097,0.126439
54670,0.029708,0.022622,0.132733
54680,0.042476,0.031775,0.152633
54690,0.013196,0.010461,0.060058
54700,0.023599,0.018078,0.121756
54710,0.025907,0.019552,0.131155
54720,0.019185,0.014548,0.088973
54730,0.010816,0.008355,0.053070
54740,0.025243,0.019216,0.121895
54750,0.006642,0.004753,0.099265
54760,0.012837,0.009405,0.092464
54770,0.015811,0.011755,0.106902
54780,0.048827,0.036798,0.182565
54790,0.038564,0.029269,0.162116
54800,0.020211,0.015497,0.083192
54810,0.023381,0.017558,0.118645
54820,0.017961,0.013723,0.119651
54830,0.017325,0.013021,0.077823
54840,0.029038,0.021967,0.138043
54850,0.019355,0.015057,0.111063
54860,0.027488,0.020941,0.105956
54870,0.015789,0.011883,0.114675
54880,0.014660,0.010920,0.107718
54890,0.029905,0.023472,0.133556
54900,0.010667,0.008041,0.092086
54910,0.012349,0.009254,0.087401
54920,0.021253,0.015843,0.102998
54930,0.026061,0.019788,0.126296
54940,0.022641,0.017177,0.100787
54950,0.031384,0.024124,0.139450
54960,0.013376,0.009804,0.093627
54970,0.024710,0.018577,0.115072
54980,0.006328,0.004609,0.047314
54990,0.014844,0.011378,0.122477
55000,0.041234,0.031118,0.161537
55010,0.011241,0.008357,0.092994
55020,0.028761,0.021893,0.129951
55030,0.015348,0.011126,0.106959
55040,0.009542,0.006521,0.100896
55050,0.026718,0.020239,0.145163
55060,0.043227,0.033339,0.172146
55070,0.013838,0.010294,0.086268
55080,0.016764,0.012416,0.113981
55090,0.016603,0.012763,0.091404
55100,0.023589,0.018327,0.128221
55110,0.024988,0.018966,0.126982
55120,0.001227,0.000761,0.217121
55130,0.017852,0.013281,0.107080
55140,0.018021,0.013902,0.111134
55150,0.010074,0.007602,0.074086
55160,0.028123,0.021555,0.133136
55170,0.010480,0.007786,0.082771
55180,0.021574,0.016096,0.121612
55190,0.036174,0.027494,0.150036
55200,0.006877,0.005376,0.038285
55210,0.015106,0.011203,0.097895
55220,0.008898,0.006510,0.051990
55230,0.009918,0.007562,0.063431
55240,0.028819,0.022088,0.120613
55250,0.027183,0.020827,0.126899
55260,0.031219,0.023004,0.141586
55270,0.017981,0.013578,0.093273
55280,0.018360,0.013541,0.116518
55290,0.039617,0.030181,0.158918
55300,0.004948,0.003635,0.074492
55310,0.014795,0.011376,0.091211
55320,0.019591,0.014720,0.109503
55330,0.010832,0.008177,0.087624
55340,0.019927,0.014931,0.133326
55350,0.009287,0.006838,0.072477
55360,0.031339,0.023991,0.131311
55370,0.014207,0.010572,0.105527
55380,0.030181,0.023419,0.130212
55390,0.002333,0.001701,0.071299
55400,0.017701,0.013400,0.094519
55410,0.027093,0.020812,0.129038
55420,0.018690,0.014257,0.106622
55430,0.029244,0.021810,0.118612
55440,0.030196,0.022960,0.131620
55450,0.035668,0.027172,0.135009
55460,0.020781,0.015550,0.114120
55470,0.027358,0.021136,0.141562
55480,0.019000,0.014143,0.106895
55490,0.003347,0.002352,0.074477
55500,0.033718,0.025458,0.142226
55510,0.023393,0.017812,0.128577
55520,0.031539,0.023824,0.138862
55530,0.028607,0.021790,0.124333
55540,0.022024,0.016604,0.123691
55550,0.043499,0.033549,0.175663
55560,0.014368,0.010774,0.091979
55570,0.012765,0.009326,0.065997
55580,0.006542,0.005510,0.130367
55590,0.008170,0.006007,0.085583
55600,0.030761,0.023228,0.134981
55610,0.024108,0.018552,0.115444
55620,0.021341,0.015961,0.132193
55630,0.022955,0.017727,0.104658
55640,0.018145,0.013668,0.098310
55650,0.007345,0.005215,0.093719
55660,0.015831,0.011708,0.109471
55670,0.022768,0.016895,0.119272
55680,0.022265,0.017028,0.110822
55690,0.020388,0.015363,0.120948
55700,0.018393,0.013500,0.111867
55710,0.019085,0.014380,0.101569
55720,0.033804,0.025781,0.141526
55730,0.013482,0.010018,0.097709
55740,0.023580,0.017973,0.127089
55750,0.016527,0.012249,0.117922
55760,0.024096,0.018343,0.117215
55770,0.023104,0.017581,0.125050
55780,0.027940,0.021041,0.129125
55790,0.007086,0.005222,0.081265
55800,0.036934,0.027973,0.153735
55810,0.015699,0.011647,0.116922
55820,0.014714,0.010819,0.110843
55830,0.030255,0.023043,0.134594
55840,0.014743,0.010959,0.109441
55850,0.015727,0.012171,0.084245
55860,0.017549,0.013236,0.099279
55870,0.038431,0.029534,0.157614
55880,0.008299,0.006136,0.082344
55890,0.018178,0.013606,0.110193
55900,0.038715,0.029776,0.159693
55910,0.031656,0.023949,0.135554
55920,0.028698,0.022091,0.131088
55930,0.018646,0.014434,0.086019
55940,0.027118,0.020530,0.135755
55950,0.019238,0.014630,0.099638
55960,0.041617,0.031391,0.158554
55970,0.009781,0.007234,0.095017
55980,0.048981,0.037431,0.183333
55990,0.012094,0.009423,0.089150
56000,0.017313,0.013192,0.077064
56010,0.018510,0.014590,0.090149
56020,0.026012,0.019979,0.128158
56030,0.028899,0.021788,0.130434
56040,0.018247,0.013880,0.106680
56050,0.007513,0.005372,0.096697
56060,0.016882,0.012666,0.098557
56070,0.019459,0.014757,0.119023
56080,0.011259,0.008317,0.089433
56090,0.024168,0.018601,0.127090
56100,0.031732,0.024293,0.138439
56110,0.027367,0.020667,0.128269
56120,0.016254,0.012100,0.106029
56130,0.020457,0.015545,0.102131
56140,0.053891,0.041528,0.185469
56150,0.024770,0.018759,0.122161
56160,0.017188,0.012605,0.115463
56170,0.016895,0.012305,0.110916
56180,0.023218,0.017627,0.107242
56190,0.021421,0.016241,0.101049
56200,0.014195,0.010208,0.071009
56210,0.013437,0.009972,0.101099
56220,0.041724,0.031719,0.163913
56230,0.018620,0.014055,0.103019
56240,0.015367,0.011637,0.088605
56250,0.021820,0.016703,0.119825
56260,0.013745,0.009312,0.090994
56270,0.018774,0.014397,0.108250
56280,0.008298,0.006073,0.094226
56290,0.029291,0.022274,0.130049
56300,0.022403,0.016872,0.101820
56310,0.020763,0.014414,0.076368
56320,0.020941,0.016012,0.107976
56330,0.008733,0.006328,0.077502
56340,0.037631,0.028515,0.154528
56350,0.001096,0.000864,0.009301
56360,0.031685,0.024183,0.146121
56370,0.005465,0.003994,0.064763
56380,0.011403,0.008491,0.067895
56390,0.002918,0.002024,0.014893
56400,0.031237,0.023644,0.135351
56410,0.024741,0.018524,0.136170
56420,0.022828,0.017557,0.111048
56430,0.010772,0.007996,0.084986
56440,0.012099,0.009009,0.087788
56450,0.023761,0.017864,0.121208
56460,0.005951,0.004333,0.076448
56470,0.022652,0.017083,0.108479
56480,0.043629,0.033126,0.169948
56490,0.025479,0.018759,0.141454
56500,0.019307,0.014685,0.087556
56510,0.016372,0.012275,0.106093
56520,0.011831,0.008658,0.093849
56530,0.017105,0.013283,0.083317
56540,0.004866,0.003599,0.033238
56550,0.022011,0.016785,0.095556
56560,0.029017,0.022279,0.130126
56570,0.019374,0.014345,0.127375
56580,0.022203,0.016939,0.118178
56590,0.042416,0.032213,0.164925
56600,0.025612,0.019493,0.109843
56610,0.012597,0.009257,0.096268
56620,0.027776,0.021351,0.120851
56630,0.022877,0.017455,0.128130
56640,0.009329,0.006823,0.089543
56650,0.023806,0.018018,0.135987
56660,0.019658,0.014872,0.083952
56670,0.034687,0.026421,0.128360
56680,0.033299,0.024896,0.143738
56690,0.035701,0.026902,0.147248
56700,0.023500,0.017917,0.108671
56710,0.017415,0.013275,0.111638
56720,0.030331,0.023326,0.126023
56730,0.027620,0.021266,0.119371
56740,0.021125,0.015768,0.123843
56750,0.042604,0.032486,0.165751
56760,0.034280,0.026278,0.148572
56770,0.020184,0.015073,0.116189
56780,0.049650,0.037892,0.178561
56790,0.033562,0.025215,0.146990
56800,0.015281,0.011526,0.100670
56810,0.024174,0.018279,0.117106
56820,0.028723,0.021711,0.135381
56830,0.001525,0.001073,0.074059
56840,0.014656,0.010982,0.067072
56850,0.019511,0.014773,0.104761
56860,0.025221,0.019213,0.120127
56870,0.027988,0.021260,0.125330
56880,0.002842,0.001936,0.075937
56890,0.019430,0.014550,0.114395
56900,0.023556,0.017986,0.120172
56910,0.004058,0.002933,0.093914
56920,0.018034,0.013642,0.106416
56930,0.036509,0.027797,0.146468
56940,0.018349,0.013890,0.110460
56950,0.020392,0.015784,0.088465
56960,0.008376,0.006556,0.078649
56970,0.014912,0.011181,0.067081
56980,0.018558,0.014212,0.098659
56990,0.026575,0.018480,0.121666
57000,0.006532,0.004951,0.055268
57010,0.027281,0.020802,0.137477
57020,0.008786,0.006396,0.105352
57030,0.014081,0.010437,0.103644
57040,0.010848,0.007876,0.093335
57050,0.028702,0.021911,0.133160
57060,0.004038,0.002864,0.077941
57070,0.033873,0.025520,0.147042
57080,0.020472,0.015958,0.111317
57090,0.024741,0.018943,0.100917
57100,0.026968,0.020446,0.126447
57110,0.022782,0.016923,0.106164
57120,0.027915,0.020572,0.143207
57130,0.023509,0.017914,0.116170
57140,0.022633,0.017106,0.120082
57150,0.003413,0.002618,0.021103
57160,0.005503,0.004453,0.027689
57170,0.010883,0.009019,0.076332
57180,0.023678,0.018138,0.135205
57190,0.033919,0.025460,0.135787
57200,0.029044,0.022319,0.118190
57210,0.029348,0.022664,0.120248
57220,0.018222,0.013597,0.101425
57230,0.026853,0.020635,0.125218
57240,0.034788,0.026571,0.151604
57250,0.012701,0.009433,0.090502
57260,0.027330,0.020788,0.133425
57270,0.005314,0.003793,0.095891
57280,0.027397,0.020935,0.152052
57290,0.005751,0.004379,0.037571
57300,0.022935,0.017237,0.131490
57310,0.031148,0.023854,0.136458
57320,0.019927,0.014809,0.105897
57330,0.006149,0.004812,0.038445
57340,0.014435,0.010630,0.076138
57350,0.020434,0.015707,0.114189
57360,0.035903,0.027379,0.156363
57370,0.019067,0.014635,0.101812
57380,0.035099,0.026544,0.146395
57390,0.045530,0.034594,0.171346
57400,0.012062,0.009213,0.107692
57410,0.032251,0.024504,0.142774
57420,0.029004,0.022106,0.130089
57430,0.008867,0.006590,0.079958
57440,0.020738,0.015731,0.119178
57450,0.018253,0.013827,0.106256
57460,0.024167,0.019182,0.117759
57470,0.023286,0.017632,0.105648
57480,0.031084,0.023531,0.136057
57490,0.012881,0.009422,0.097417
57500,0.023934,0.018174,0.133154
57510,0.025092,0.019391,0.122808
57520,0.015400,0.011662,0.100420
57530,0.032714,0.024757,0.145848
57540,0.008566,0.006183,0.073878
57550,0.012919,0.009312,0.107099
57560,0.024758,0.018843,0.097594
57570,0.025821,0.019480,0.122974
57580,0.004830,0.003638,0.041391
57590,0.014554,0.010999,0.094178
57600,0.021065,0.015893,0.109190
57610,0.001939,0.001335,0.062844
57620,0.017741,0.013412,0.108159
57630,0.022929,0.017192,0.125447
57640,0.035415,0.025741,0.143376
57650,0.011857,0.008798,0.095884
57660,0.026984,0.021387,0.140293
57670,0.036396,0.027583,0.144977
57680,0.013950,0.009939,0.099557
57690,0.037428,0.028661,0.153748
57700,0.009595,0.006790,0.112545
57710,0.034169,0.025758,0.148631
57720,0.022112,0.016627,0.114314
57730,0.025041,0.019118,0.134249
57740,0.006082,0.004373,0.086487
57750,0.021000,0.015759,0.096416
57760,0.015474,0.011973,0.098063
57770,0.015982,0.011906,0.079486
57780,0.002394,0.001607,0.064728
57790,0.011433,0.008175,0.096360
57800,0.019560,0.015235,0.082741
57810,0.022736,0.017151,0.109757
57820,0.014443,0.010909,0.101520
57830,0.005216,0.003839,0.036816
57840,0.012832,0.009434,0.094251
57850,0.027790,0.021042,0.125787
57860,0.029245,0.022767,0.117558
57870,0.026721,0.020873,0.135933
57880,0.029556,0.022688,0.141764
57890,0.018038,0.013773,0.097946
57900,0.021312,0.016315,0.110391
57910,0.000394,0.000296,0.085979
57920,0.000021,0.000017,0.000062
57930,0.023686,0.017939,0.120703
57940,0.009114,0.006659,0.098761
57950,0.019453,0.014430,0.108171
57960,0.034727,0.026320,0.147740
57970,0.003804,0.003252,0.023859
57980,0.035651,0.027149,0.151604
57990,0.025584,0.019590,0.120605
58000,0.012651,0.009779,0.105252
58010,0.022590,0.017385,0.102354
58020,0.019559,0.014795,0.106356
58030,0.026074,0.019665,0.106045
58040,0.022389,0.016907,0.108760
58050,0.024395,0.018538,0.112068
58060,0.023150,0.017556,0.114526
58070,0.018472,0.013668,0.118717
58080,0.011129,0.008189,0.091389
58090,0.006372,0.005156,0.085254
58100,0.026532,0.019785,0.133557
58110,0.033752,0.026228,0.155337
58120,0.047472,0.037264,0.178255
58130,0.026565,0.020274,0.119586
58140,0.026667,0.020823,0.097081
58150,0.023733,0.018009,0.123992
58160,0.027139,0.020580,0.137816
58170,0.016314,0.012261,0.096470
58180,0.020647,0.015733,0.114199
58190,0.012119,0.008941,0.087591
58200,0.023971,0.018641,0.118084
58210,0.007766,0.005724,0.081530
58220,0.027380,0.020711,0.129118
58230,0.017050,0.013114,0.083304
58240,0.002227,0.001422,0.037033
58250,0.015850,0.011815,0.084320
58260,0.028529,0.021767,0.131673
58270,0.012901,0.009661,0.084973
58280,0.024226,0.018435,0.100628
58290,0.001738,0.001288,0.049585
58300,0.022589,0.017045,0.125599
58310,0.044798,0.033862,0.160815
58320,0.021204,0.016031,0.123052
58330,0.027179,0.020684,0.133062
58340,0.021596,0.015987,0.115861
58350,0.018276,0.014090,0.081365
58360,0.021648,0.016465,0.115278
58370,0.018028,0.013527,0.110164
58380,0.014824,0.011223,0.112443
58390,0.080705,0.065930,0.264308
58400,0.014391,0.010748,0.088252
58410,0.018193,0.013831,0.101235
58420,0.027936,0.021428,0.130609
58430,0.003201,0.002261,0.063354
58440,0.034551,0.026595,0.141492
58450,0.001002,0.000644,0.083706
58460,0.001129,0.000770,0.071794
58470,0.007245,0.005316,0.083093
58480,0.019936,0.014925,0.105959
58490,0.016711,0.012525,0.097978
58500,0.018161,0.013538,0.103978
58510,0.016517,0.012368,0.097498
58520,0.023129,0.017391,0.121735
58530,0.019708,0.014466,0.121975
58540,0.013433,0.009924,0.108945
58550,0.010714,0.007991,0.090977
58560,0.020592,0.015462,0.111356
58570,0.019915,0.015204,0.103289
58580,0.017523,0.013187,0.104361
58590,0.012700,0.009673,0.074099
58600,0.011959,0.009013,0.076244
58610,0.019534,0.014734,0.118299
58620,0.000274,0.000226,0.135769
58630,0.035391,0.027176,0.146564
58640,0.025268,0.019338,0.110675
58650,0.023035,0.017614,0.120205
58660,0.014299,0.010490,0.113478
58670,0.062491,0.047831,0.214763
58680,0.025833,0.019830,0.124047
58690,0.024507,0.018799,0.130727
58700,0.061713,0.046795,0.211150
58710,0.027946,0.021031,0.136770
58720,0.038289,0.029231,0.153131
58730,0.009224,0.006894,0.074641
58740,0.000068,0.000065,0.049980
58750,0.031245,0.023855,0.142321
58760,0.010613,0.007757,0.091217
58770,0.027580,0.021302,0.126624
58780,0.025391,0.019295,0.117664
58790,0.021751,0.016397,0.110323
58800,0.018897,0.014259,0.105571
58810,0.013361,0.010152,0.098144
58820,0.002042,0.001451,0.112935
58830,0.010622,0.007724,0.087401
58840,0.004868,0.003449,0.081362
58850,0.026676,0.020141,0.121509
58860,0.001247,0.001052,0.008856
58870,0.025741,0.019733,0.118471
58880,0.013983,0.010670,0.097452
58890,0.019149,0.014727,0.098018
58900,0.018930,0.014218,0.104429
58910,0.022256,0.016988,0.116247
58920,0.011499,0.008647,0.061570
58930,0.015695,0.011655,0.104523
58940,0.022264,0.016959,0.099256
58950,0.023567,0.017772,0.131260
58960,0.010978,0.008221,0.089335
58970,0.026336,0.020483,0.134576
58980,0.032869,0.024917,0.139189
58990,0.009790,0.007376,0.086894
59000,0.022280,0.016753,0.108034
59010,0.003578,0.002773,0.043682
59020,0.010441,0.007907,0.083829
59030,0.022131,0.016738,0.124224
59040,0.020073,0.014974,0.105388
59050,0.015495,0.011693,0.096901
59060,0.021817,0.016374,0.121410
59070,0.011551,0.008852,0.061569
59080,0.019390,0.014802,0.105908
59090,0.006217,0.004308,0.081675
59100,0.019473,0.014816,0.099915
59110,0.015338,0.011987,0.065786
59120,0.008584,0.006324,0.084584
59130,0.006888,0.005483,0.062824
59140,0.013238,0.010033,0.096171
59150,0.016146,0.012190,0.107334
59160,0.006857,0.005076,0.078386
59170,0.010714,0.007928,0.097444
59180,0.018177,0.013846,0.105200
59190,0.013844,0.010429,0.095497
59200,0.029672,0.022756,0.145541
59210,0.028673,0.021772,0.124211
59220,0.013812,0.010452,0.097676
59230,0.031608,0.024031,0.137854
59240,0.013403,0.009601,0.127947
59250,0.014909,0.011369,0.089524
59260,0.003099,0.002507,0.025397
59270,0.013070,0.009963,0.071831
59280,0.017721,0.013970,0.106828
59290,0.022046,0.016672,0.116825
59300,0.026240,0.019900,0.121079
59310,0.009584,0.007123,0.060017
59320,0.023408,0.017874,0.100042
59330,0.022637,0.017263,0.116501
59340,0.014607,0.011286,0.100102
59350,0.028216,0.021493,0.116522
59360,0.015020,0.011252,0.091467
59370,0.000368,0.000348,0.003546
59380,0.006843,0.005031,0.077271
59390,0.021152,0.015831,0.112292
59400,0.012375,0.009182,0.081607
59410,0.018688,0.013958,0.102095
59420,0.035879,0.027091,0.158804
59430,0.022205,0.016559,0.114775
59440,0.017668,0.013754,0.070937
59450,0.013735,0.010138,0.103858
59460,0.020314,0.015613,0.109716
59470,0.033672,0.025823,0.140128
59480,0.023146,0.017631,0.120696
59490,0.017351,0.012723,0.103465
59500,0.010377,0.007684,0.057129
59510,0.036002,0.027736,0.154199
59520,0.011740,0.008759,0.089714
59530,0.022971,0.017402,0.103486
59540,0.020933,0.015710,0.117805
59550,0.035565,0.027156,0.140347
59560,0.035795,0.026907,0.154471
59570,0.013579,0.010108,0.088506
59580,0.039798,0.030480,0.160685
59590,0.015596,0.011854,0.103615
59600,0.013621,0.010083,0.113904
59610,0.019971,0.015498,0.108733
59620,0.016402,0.012502,0.105802
59630,0.001139,0.001310,0.331151
59640,0.023564,0.017690,0.102081
59650,0.020590,0.015650,0.101394
59660,0.022314,0.016735,0.117532
59670,0.012521,0.008849,0.092031
59680,0.020214,0.015584,0.113548
59690,0.063905,0.049031,0.217899
59700,0.031312,0.023573,0.133440
59710,0.026121,0.019483,0.119940
59720,0.005332,0.003886,0.083352
59730,0.021545,0.016376,0.107343
59740,0.028235,0.021090,0.131405
59750,0.024018,0.018116,0.129212
59760,0.015683,0.011655,0.104157
59770,0.026713,0.020284,0.130161
59780,0.021514,0.016147,0.111589
59790,0.017689,0.013404,0.114314
59800,0.019902,0.014981,0.108870
59810,0.016981,0.012467,0.086426
59820,0.022173,0.016525,0.114152
59830,0.037380,0.028366,0.147803
59840,0.026039,0.019784,0.136985
59850,0.020146,0.014920,0.124278
59860,0.001138,0.000717,0.061656
59870,0.030591,0.023488,0.131594
59880,0.022147,0.016847,0.109992
59890,0.010253,0.007816,0.050746
59900,0.018803,0.014008,0.115248
59910,0.030161,0.023106,0.122232
59920,0.001346,0.000825,0.097828
59930,0.028597,0.021782,0.131365
59940,0.015272,0.011606,0.113461
59950,0.019983,0.015129,0.109717
59960,0.037519,0.028776,0.153626
59970,0.031709,0.024201,0.136729
59980,0.033805,0.025772,0.140053
59990,0.023856,0.018457,0.115555
60000,0.022071,0.016763,0.123114
60010,0.011007,0.007922,0.096550
60020,0.043364,0.033313,0.154474
60030,0.005992,0.004291,0.069496
60040,0.028682,0.021850,0.128354
60050,0.005097,0.003641,0.067409
60060,0.016274,0.012528,0.078932
60070,0.009346,0.007065,0.054399
60080,0.012702,0.009944,0.071507
60090,0.013130,0.009660,0.101474
60100,0.018405,0.013887,0.120371
60110,0.017713,0.013198,0.118630
60120,0.024202,0.018424,0.107323
60130,0.020685,0.015805,0.106749
60140,0.021573,0.016195,0.117072
60150,0.010873,0.008370,0.081120
60160,0.033933,0.025763,0.146863
60170,0.028752,0.022045,0.125907
60180,0.014537,0.010976,0.115392
60190,0.020984,0.016002,0.115165
60200,0.018286,0.013908,0.107819
60210,0.017859,0.013417,0.087117
60220,0.008218,0.006259,0.061694
60230,0.010526,0.007834,0.103458
60240,0.028103,0.021390,0.130202
60250,0.034272,0.025996,0.138977
60260,0.010753,0.007939,0.097853
60270,0.023672,0.018059,0.111985
60280,0.013177,0.010101,0.084397
60290,0.030114,0.022355,0.147271
60300,0.026026,0.019902,0.108561
60310,0.034284,0.026075,0.152197
60320,0.028518,0.021692,0.124087
60330,0.019999,0.015202,0.097992
60340,0.021325,0.015882,0.134393
60350,0.031761,0.024103,0.126912
60360,0.019560,0.014696,0.102737
60370,0.019794,0.015141,0.097016
60380,0.012913,0.009430,0.090472
60390,0.031928,0.024452,0.136780
60400,0.018743,0.013860,0.108251
60410,0.008317,0.006203,0.069931
60420,0.024804,0.018768,0.115747
60430,0.022544,0.017387,0.117011
60440,0.036697,0.027708,0.144625
60450,0.005611,0.004674,0.037846
60460,0.025927,0.019744,0.108936
60470,0.019664,0.014503,0.130651
60480,0.019860,0.015261,0.106447
60490,0.041506,0.031553,0.150311
60500,0.008539,0.006053,0.095322
60510,0.011093,0.008066,0.105552
60520,0.036730,0.028039,0.145885
60530,0.021230,0.015900,0.083928
60540,0.041164,0.031459,0.159218
60550,0.033727,0.025874,0.138331
60560,0.017860,0.013425,0.103398
60570,0.030280,0.022694,0.132359
60580,0.024044,0.017890,0.124984
60590,0.033009,0.025102,0.137596
60600,0.003245,0.002924,0.083832
60610,0.011072,0.008472,0.060531
60620,0.016335,0.012306,0.092169
60630,0.007226,0.005424,0.077109
60640,0.018517,0.014264,0.106915
60650,0.013424,0.010275,0.080358
60660,0.020105,0.015141,0.109788
60670,0.016721,0.012672,0.078763
60680,0.022081,0.016229,0.137589
60690,0.016897,0.012789,0.103285
60700,0.019106,0.014446,0.105248
60710,0.018044,0.013627,0.095978
60720,0.016391,0.012353,0.107208
60730,0.001319,0.000880,0.063031
60740,0.038015,0.028770,0.160036
60750,0.013551,0.010151,0.096304
60760,0.031289,0.024295,0.129462
60770,0.022181,0.016736,0.112235
60780,0.019162,0.014407,0.098818
60790,0.019171,0.014388,0.111000
60800,0.004860,0.003115,0.116585
60810,0.014016,0.010890,0.089616
60820,0.017851,0.013527,0.096488
60830,0.035939,0.027448,0.151769
60840,0.030557,0.023103,0.149009
60850,0.007881,0.005779,0.049092
60860,0.023258,0.016351,0.149943
60870,0.000427,0.000408,0.312800
60880,0.000007,0.000025,0.000053
60890,0.034618,0.026209,0.144031
60900,0.034730,0.026642,0.136387
60910,0.035145,0.026979,0.140208
60920,0.032746,0.024855,0.150194
60930,0.022438,0.016961,0.128063
60940,0.013704,0.010036,0.107042
60950,0.025277,0.019341,0.131985
60960,0.007917,0.005753,0.071577
60970,0.022160,0.016386,0.137541
60980,0.003183,0.002364,0.023593
60990,0.004616,0.003431,0.062637
61000,0.049491,0.037716,0.184293
61010,0.026792,0.020695,0.128123
61020,0.025273,0.019346,0.131648
61030,0.004386,0.003076,0.082278
61040,0.006770,0.004658,0.094740
61050,0.023181,0.017786,0.100737
61060,0.038052,0.029266,0.153718
61070,0.016900,0.012661,0.115022
61080,0.020344,0.015220,0.106159
61090,0.016033,0.012189,0.074844
61100,0.024764,0.018932,0.136059
61110,0.007960,0.006017,0.062592
61120,0.007701,0.005749,0.068600
61130,0.037797,0.028901,0.159007
61140,0.001690,0.001215,0.072238
61150,0.008538,0.006464,0.074075
61160,0.012291,0.008984,0.090850
61170,0.023939,0.018397,0.125511
61180,0.025081,0.018930,0.113974
61190,0.005237,0.004003,0.030720
61200,0.018154,0.013720,0.086598
61210,0.017241,0.013108,0.116096
61220,0.025129,0.019119,0.125181
61230,0.010890,0.008235,0.057464
61240,0.019194,0.014238,0.119008
61250,0.008199,0.006287,0.045438
61260,0.015621,0.012550,0.098559
61270,0.017172,0.013141,0.102870
61280,0.019762,0.015178,0.108392
61290,0.012852,0.009843,0.077609
61300,0.014440,0.010715,0.100363
61310,0.003217,0.002219,0.076806
61320,0.031401,0.023233,0.136768
61330,0.014458,0.010358,0.097852
61340,0.013115,0.009930,0.082057
61350,0.016142,0.012235,0.083870
61360,0.016399,0.012596,0.099069
61370,0.011403,0.008863,0.089006
61380,0.012139,0.009092,0.063298
61390,0.018165,0.013391,0.088885
61400,0.035070,0.026713,0.150711
61410,0.016169,0.012042,0.113885
61420,0.015823,0.012023,0.084411
61430,0.004428,0.003160,0.091226
61440,0.026060,0.019537,0.118151
61450,0.031098,0.023918,0.143385
61460,0.020290,0.015011,0.119356
61470,0.024845,0.018822,0.128138
61480,0.028633,0.021954,0.130735
61490,0.041975,0.031949,0.153105
61500,0.017674,0.013303,0.077966
61510,0.021638,0.016968,0.100407
61520,0.013354,0.009704,0.093928
61530,0.029650,0.022255,0.135528
61540,0.026622,0.020328,0.123035
61550,0.022197,0.016614,0.116208
61560,0.018744,0.014627,0.088317
61570,0.036102,0.027155,0.148894
61580,0.012358,0.009143,0.089654
61590,0.007207,0.005448,0.091941
61600,0.012317,0.009077,0.095701
61610,0.024251,0.018338,0.096522
61620,0.015317,0.012745,0.124976
61630,0.013096,0.009590,0.097309
61640,0.034809,0.026511,0.141230
61650,0.016667,0.012791,0.093229
61660,0.005444,0.004177,0.054033
61670,0.000001,0.000001,0.000004
61680,0.005294,0.004109,0.044351
61690,0.024445,0.018593,0.117698
61700,0.031474,0.023845,0.139871
61710,0.023057,0.017277,0.124557
61720,0.025706,0.019662,0.119055
61730,0.013749,0.010285,0.090178
61740,0.023764,0.018167,0.111295
61750,0.027982,0.021420,0.129225
61760,0.041979,0.031951,0.149988
61770,0.012553,0.009670,0.092347
61780,0.025495,0.019401,0.119777
61790,0.024883,0.019470,0.125872
61800,0.033994,0.025648,0.156989
61810,0.027448,0.021140,0.130053
61820,0.020346,0.015472,0.115393
61830,0.030816,0.023496,0.139915
61840,0.023022,0.017719,0.116922
61850,0.012265,0.009311,0.063159
61860,0.034470,0.026190,0.147906
61870,0.018484,0.013855,0.100412
61880,0.013123,0.009752,0.073288
61890,0.016299,0.012515,0.096794
61900,0.009134,0.006561,0.102704
61910,0.026096,0.019681,0.130851
61920,0.025906,0.019935,0.115562
61930,0.019874,0.014943,0.111914
61940,0.013590,0.010004,0.098094
61950,0.026678,0.020092,0.107868
61960,0.025635,0.019557,0.112582
61970,0.028844,0.021523,0.128872
61980,0.033060,0.024938,0.151567
61990,0.013528,0.009978,0.078323
62000,0.023786,0.017866,0.127758
62010,0.034622,0.026496,0.144157
62020,0.016780,0.012954,0.095237
62030,0.010859,0.008471,0.086592
62040,0.024953,0.018961,0.123028
62050,0.004441,0.003245,0.081315
62060,0.002063,0.001455,0.109936
62070,0.018501,0.013958,0.105621
62080,0.014622,0.011135,0.081358
62090,0.020686,0.016044,0.119437
62100,0.011172,0.008380,0.080468
62110,0.032446,0.024755,0.132550
62120,0.015696,0.011548,0.102629
62130,0.002365,0.001768,0.016910
62140,0.024640,0.019183,0.110510
62150,0.011143,0.008277,0.090337
62160,0.020452,0.015617,0.112015
62170,0.027473,0.020580,0.133971
62180,0.017282,0.012875,0.107635
62190,0.016446,0.012706,0.096125
62200,0.022019,0.016699,0.103530
62210,0.018765,0.014537,0.084190
62220,0.004203,0.002237,0.296858
62230,0.043245,0.033108,0.158910
62240,0.010706,0.008236,0.090449
62250,0.023970,0.018517,0.121883
62260,0.013908,0.010542,0.090535
62270,0.020132,0.015221,0.110871
62280,0.037048,0.027965,0.148542
62290,0.048332,0.036506,0.175583
62300,0.014305,0.010824,0.077003
62310,0.008936,0.006625,0.097368
62320,0.015658,0.011824,0.102650
62330,0.027000,0.020371,0.127615
62340,0.020279,0.015316,0.093499
62350,0.016116,0.012256,0.083992
62360,0.005895,0.004484,0.086574
62370,0.004073,0.002820,0.101505
62380,0.019380,0.014521,0.115302
62390,0.012733,0.009433,0.084797
62400,0.030211,0.023712,0.141880
62410,0.038360,0.029193,0.156195
62420,0.023916,0.017739,0.122361
62430,0.024591,0.018967,0.119171
62440,0.028694,0.021946,0.137285
62450,0.009235,0.007579,0.069510
62460,0.031411,0.023765,0.135974
62470,0.013260,0.009940,0.073730
62480,0.029579,0.022878,0.133947
62490,0.011510,0.008636,0.105156
62500,0.028176,0.021418,0.135342
62510,0.012498,0.009573,0.101711
62520,0.026130,0.019871,0.109378
62530,0.009645,0.007370,0.052842
62540,0.003364,0.002270,0.160709
62550,0.033265,0.025903,0.140607
62560,0.010505,0.007831,0.092842
62570,0.022158,0.016699,0.134699
62580,0.023368,0.017951,0.104099
62590,0.013912,0.010601,0.089176
62600,0.016830,0.012636,0.085991
62610,0.030610,0.023112,0.135259
62620,0.002545,0.002052,0.017256
62630,0.016831,0.012706,0.119202
62640,0.001022,0.000747,0.051627
62650,0.028571,0.021177,0.145323
62660,0.003563,0.002737,0.030441
62670,0.036608,0.028070,0.143924
62680,0.032336,0.024699,0.144560
62690,0.051027,0.038167,0.194729
62700,0.010835,0.008116,0.088393
62710,0.011054,0.008506,0.051576
62720,0.009130,0.006887,0.075669
62730,0.034999,0.026191,0.153007
62740,0.004508,0.003358,0.061258
62750,0.007811,0.005783,0.069746
62760,0.016478,0.012504,0.085157
62770,0.017464,0.012951,0.109739
62780,0.036046,0.027343,0.148863
62790,0.025218,0.019235,0.124075
62800,0.011403,0.008569,0.057616
62810,0.017468,0.013221,0.094452
62820,0.014562,0.010944,0.100127
62830,0.027014,0.020676,0.129196
62840,0.041266,0.031774,0.175111
62850,0.021035,0.016693,0.110562
62860,0.026835,0.020404,0.129844
62870,0.017154,0.013232,0.097363
62880,0.009639,0.007486,0.094221
62890,0.035781,0.027041,0.162803
62900,0.008367,0.006078,0.079667
62910,0.016167,0.012045,0.087700
62920,0.026054,0.019699,0.129272
62930,0.013457,0.010212,0.076769
62940,0.012276,0.009110,0.086856
62950,0.002984,0.002285,0.024686
62960,0.021996,0.016629,0.111879
62970,0.034635,0.026066,0.150197
62980,0.041205,0.031624,0.159569
62990,0.027765,0.021080,0.130282
63000,0.015804,0.012026,0.093410
63010,0.040279,0.030189,0.157841
63020,0.038490,0.029385,0.162361
63030,0.019375,0.014569,0.124090
63040,0.009302,0.007147,0.051296
63050,0.027272,0.020876,0.102347
63060,0.032823,0.024919,0.143241
63070,0.016073,0.012294,0.087163
63080,0.045385,0.034219,0.174441
63090,0.023537,0.018021,0.108518
63100,0.033521,0.025306,0.130145
63110,0.027091,0.020695,0.129293
63120,0.016872,0.012848,0.099600
63130,0.014519,0.011123,0.098975
63140,0.005184,0.003900,0.051932
63150,0.024212,0.018897,0.128261
63160,0.018977,0.015812,0.094837
63170,0.001848,0.001212,0.115562
63180,0.018468,0.013942,0.102473
63190,0.025404,0.019244,0.122620
63200,0.028129,0.021183,0.131096
63210,0.017864,0.013630,0.104552
63220,0.013383,0.010066,0.094723
63230,0.024322,0.018429,0.105591
63240,0.030985,0.023650,0.130491
63250,0.010010,0.007854,0.086809
63260,0.021025,0.015629,0.128135
63270,0.024466,0.018948,0.115517
63280,0.023469,0.017932,0.107083
63290,0.013253,0.010265,0.109511
63300,0.016290,0.012504,0.104414
63310,0.012901,0.009539,0.110386
63320,0.039717,0.030512,0.149360
63330,0.025494,0.019543,0.123898
63340,0.010741,0.007885,0.084653
63350,0.010361,0.007575,0.088853
63360,0.027570,0.020790,0.120622
63370,0.009441,0.007089,0.076785
63380,0.008570,0.006079,0.074707
63390,0.038715,0.029520,0.160855
63400,0.023148,0.017539,0.120159
63410,0.033151,0.025278,0.132676
63420,0.028433,0.021639,0.116532
63430,0.030278,0.023468,0.117471
63440,0.004978,0.003662,0.061019
63450,0.032099,0.024463,0.146148
63460,0.010530,0.008134,0.085386
63470,0.025539,0.019354,0.109276
63480,0.006072,0.004212,0.138937
63490,0.008661,0.006393,0.102664
63500,0.018748,0.014305,0.101689
63510,0.016137,0.012107,0.101466
63520,0.022454,0.016871,0.117283
63530,0.028186,0.021516,0.122308
63540,0.014925,0.011349,0.075358
63550,0.038661,0.029579,0.154022
63560,0.021719,0.016432,0.113589
63570,0.012789,0.009386,0.094436
63580,0.016661,0.012377,0.105645
63590,0.029673,0.021670,0.117240
63600,0.010376,0.007581,0.085194
63610,0.020649,0.015296,0.107882
63620,0.026304,0.019704,0.131563
63630,0.000477,0.000323,0.077615
63640,0.013479,0.010026,0.091086
63650,0.024556,0.018736,0.128655
63660,0.012649,0.009753,0.096767
63670,0.023151,0.017498,0.125398
63680,0.030521,0.023408,0.135182
63690,0.031241,0.023658,0.136897
63700,0.012759,0.009252,0.090056
63710,0.019868,0.015157,0.106766
63720,0.025377,0.019247,0.117208
63730,0.008704,0.006256,0.093262
63740,0.025465,0.018853,0.124625
63750,0.005520,0.004188,0.039521
63760,0.019641,0.014996,0.108962
63770,0.022663,0.017245,0.115507
63780,0.028826,0.021341,0.128652
63790,0.033762,0.025627,0.131895
63800,0.020120,0.015300,0.109177
63810,0.031241,0.023806,0.140891
63820,0.021735,0.016880,0.095830
63830,0.020016,0.015347,0.086514
63840,0.031284,0.023901,0.129289
63850,0.033166,0.025088,0.136165
63860,0.017136,0.012891,0.097999
63870,0.032994,0.025287,0.136390
63880,0.025290,0.019161,0.120998
63890,0.013354,0.010248,0.085120
63900,0.035228,0.026480,0.147236
63910,0.021102,0.015849,0.145384
63920,0.018469,0.013859,0.100396
63930,0.042126,0.032140,0.167856
63940,0.025796,0.019919,0.130574
63950,0.030642,0.023481,0.130356
63960,0.028056,0.021642,0.118530
63970,0.025771,0.019327,0.127356
63980,0.008788,0.006333,0.103512
63990,0.024742,0.018864,0.118744
64000,0.020534,0.015523,0.115951
64010,0.030248,0.023241,0.136765
64020,0.016260,0.012344,0.112205
64030,0.021529,0.016986,0.111951
64040,0.038731,0.029424,0.161989
64050,0.026234,0.019729,0.118545
64060,0.020269,0.015428,0.118640
64070,0.020691,0.015737,0.115303
64080,0.021675,0.016264,0.119699
64090,0.015027,0.011262,0.107638
64100,0.007595,0.005715,0.043588
64110,0.045015,0.034504,0.154843
64120,0.031327,0.024134,0.138408
64130,0.016505,0.012490,0.082525
64140,0.032875,0.024854,0.139107
64150,0.019815,0.015105,0.121513
64160,0.018301,0.013880,0.098724
64170,0.015337,0.012147,0.104646
64180,0.014576,0.010997,0.086997
64190,0.019093,0.014519,0.118508
64200,0.021457,0.016586,0.112225
64210,0.003843,0.002835,0.068336
64220,0.011758,0.008879,0.070886
64230,0.034098,0.026168,0.140344
64240,0.010396,0.007799,0.073060
64250,0.012349,0.009383,0.056025
64260,0.021508,0.016411,0.107761
64270,0.019003,0.014602,0.086508
64280,0.019139,0.014474,0.114629
64290,0.032558,0.024746,0.134165
64300,0.017279,0.013951,0.093172
64310,0.028197,0.021341,0.131879
64320,0.033975,0.026191,0.147361
64330,0.008564,0.005930,0.078058
64340,0.008564,0.006349,0.084668
64350,0.025949,0.019884,0.122307
64360,0.010929,0.008705,0.062608
64370,0.034093,0.026190,0.146097
64380,0.018117,0.013828,0.098531
64390,0.009376,0.006898,0.047902
64400,0.022912,0.017251,0.121661
64410,0.015585,0.012333,0.069100
64420,0.016752,0.013172,0.077477
64430,0.002383,0.001738,0.074910
64440,0.009530,0.007301,0.078854
64450,0.013639,0.010314,0.073673
64460,0.024334,0.019154,0.107704
64470,0.029628,0.022925,0.116255
64480,0.010326,0.007998,0.057429
64490,0.009060,0.006573,0.087986
64500,0.038173,0.029193,0.159960
64510,0.013563,0.010085,0.113345
64520,0.017682,0.013291,0.106947
64530,0.008433,0.006315,0.084799
64540,0.024713,0.018983,0.120284
64550,0.015934,0.011872,0.117673
64560,0.014139,0.010731,0.099663
64570,0.021699,0.016668,0.119430
64580,0.030245,0.022699,0.147093
64590,0.012296,0.009115,0.084572
64600,0.001229,0.000790,0.078760
64610,0.008968,0.006775,0.056350
64620,0.022549,0.017021,0.115118
64630,0.019835,0.014388,0.093106
64640,0.009650,0.007496,0.046192
64650,0.010983,0.007865,0.088020
64660,0.018524,0.013533,0.109742
64670,0.003964,0.002735,0.081341
64680,0.003725,0.002968,0.059290
64690,0.033054,0.025054,0.139915
64700,0.029025,0.021981,0.128401
64710,0.013644,0.010039,0.096873
64720,0.016385,0.012208,0.109719
64730,0.013850,0.010662,0.090383
64740,0.011197,0.008324,0.088842
64750,0.029549,0.022427,0.129019
64760,0.035288,0.026899,0.134322
64770,0.019108,0.014070,0.115722
64780,0.011719,0.008771,0.086041
64790,0.019048,0.014650,0.102119
64800,0.014393,0.010944,0.078498
64810,0.018242,0.013993,0.106001
64820,0.011104,0.008164,0.087882
64830,0.018491,0.013917,0.104618
64840,0.045130,0.035133,0.141461
64850,0.026228,0.019794,0.123104
64860,0.006125,0.004725,0.061383
64870,0.011922,0.008808,0.098719
64880,0.042355,0.032063,0.161767
64890,0.028590,0.021588,0.138125
64900,0.018458,0.013726,0.076511
64910,0.034007,0.026117,0.142315
64920,0.019576,0.014597,0.134573
64930,0.011372,0.008457,0.096752
64940,0.023115,0.017807,0.112124
64950,0.036440,0.028032,0.148391
64960,0.021474,0.016216,0.111413
64970,0.005949,0.004341,0.066971
64980,0.039818,0.031295,0.153233
64990,0.037632,0.028915,0.150567
65000,0.015211,0.011425,0.099007
65010,0.028778,0.022367,0.140044
65020,0.024014,0.018381,0.117719
65030,0.064509,0.048610,0.214410
65040,0.024752,0.018701,0.114993
65050,0.031792,0.024010,0.141246
65060,0.022511,0.017165,0.109309
65070,0.029148,0.022165,0.124455
65080,0.020986,0.015829,0.114621
65090,0.009755,0.007279,0.082136
65100,0.025970,0.019076,0.133515
65110,0.015503,0.011294,0.104864
65120,0.019135,0.014637,0.123726
65130,0.017422,0.013420,0.097586
65140,0.025591,0.019990,0.113485
65150,0.010503,0.007791,0.078038
65160,0.013605,0.010389,0.103619
65170,0.019655,0.014833,0.113443
65180,0.022280,0.016352,0.120197
65190,0.029512,0.022397,0.103286
65200,0.020566,0.015402,0.124907
65210,0.038640,0.032417,0.171046
65220,0.014898,0.011350,0.099690
65230,0.022761,0.017548,0.123265
65240,0.028560,0.022030,0.116873
65250,0.027086,0.020576,0.133092
65260,0.018955,0.014369,0.116423
65270,0.014220,0.011073,0.098676
65280,0.020019,0.014692,0.101774
65290,0.014197,0.010825,0.071702
65300,0.020171,0.015390,0.109169
65310,0.020651,0.015768,0.113347
65320,0.024757,0.019197,0.122534
65330,0.005514,0.004754,0.078155
65340,0.003057,0.002218,0.020229
65350,0.015796,0.012395,0.077198
65360,0.036954,0.027930,0.149418
65370,0.007333,0.005395,0.070899
65380,0.019588,0.015114,0.115863
65390,0.028360,0.020631,0.143237
65400,0.041159,0.031315,0.160420
65410,0.012994,0.009567,0.091709
65420,0.018165,0.014021,0.093422
65430,0.035522,0.026950,0.152762
65440,0.024383,0.018619,0.116148
65450,0.020522,0.015212,0.112946
65460,0.005970,0.004186,0.108510
65470,0.011683,0.008979,0.089353
65480,0.014967,0.011016,0.110437
65490,0.014175,0.010428,0.083489
65500,0.008830,0.006580,0.074785
65510,0.023683,0.018181,0.121123
65520,0.016265,0.012689,0.094656
65530,0.017732,0.013505,0.097879
65540,0.028458,0.021518,0.130507
65550,0.043717,0.033375,0.158038
65560,0.003568,0.002830,0.031241
65570,0.020396,0.015522,0.110287
65580,0.013735,0.009976,0.102948
65590,0.014286,0.010523,0.094712
65600,0.013946,0.010685,0.113176
65610,0.028997,0.021893,0.130106
65620,0.016826,0.012682,0.104243
65630,0.029289,0.022388,0.111596
65640,0.017903,0.013346,0.108692
65650,0.011768,0.008648,0.097889
65660,0.032025,0.024354,0.147673
65670,0.016130,0.011955,0.112148
65680,0.005838,0.004105,0.089124
65690,0.014226,0.010939,0.083501
65700,0.010032,0.007615,0.084850
65710,0.038217,0.028903,0.153693
65720,0.026636,0.020282,0.135741
65730,0.008662,0.006534,0.065001
65740,0.013111,0.009865,0.089990
65750,0.017892,0.013613,0.097149
65760,0.030183,0.022725,0.130821
65770,0.016096,0.012155,0.078681
65780,0.002716,0.001971,0.052529
65790,0.013581,0.010161,0.097577
65800,0.025930,0.019211,0.133405
65810,0.016161,0.012607,0.087441
65820,0.012851,0.009682,0.086284
65830,0.050525,0.038416,0.179676
65840,0.015312,0.011629,0.109916
65850,0.034704,0.026114,0.148391
65860,0.011734,0.009138,0.077169
65870,0.011605,0.008525,0.055471
65880,0.020398,0.015632,0.094366
65890,0.003016,0.002265,0.024591
65900,0.002870,0.002016,0.074775
65910,0.031910,0.024304,0.143538
65920,0.026646,0.020047,0.119509
65930,0.042745,0.032943,0.163691
65940,0.015352,0.011750,0.062064
65950,0.014368,0.010831,0.095485
65960,0.036741,0.028120,0.138503
65970,0.012526,0.009628,0.067022
65980,0.025532,0.019341,0.117962
65990,0.045278,0.034525,0.171287
66000,0.002584,0.001766,0.083490
66010,0.013754,0.010478,0.077743
66020,0.009450,0.007136,0.055148
66030,0.010069,0.007573,0.081421
66040,0.005487,0.004389,0.113141
66050,0.023494,0.017710,0.104658
66060,0.012855,0.009628,0.095856
66070,0.033344,0.025369,0.125050
66080,0.007418,0.005428,0.064837
66090,0.019076,0.014506,0.100118
66100,0.023517,0.017762,0.115088
66110,0.010384,0.007802,0.079801
66120,0.022689,0.017865,0.118215
66130,0.021508,0.016219,0.108504
66140,0.020599,0.015689,0.097343
66150,0.008843,0.006642,0.075217
66160,0.033109,0.025383,0.145121
66170,0.000776,0.000561,0.054109
66180,0.029142,0.021733,0.138995
66190,0.032855,0.025189,0.125707
66200,0.041309,0.031484,0.170328
66210,0.013216,0.009759,0.065405
66220,0.023876,0.018236,0.116152
66230,0.009731,0.007228,0.093163
66240,0.022516,0.016907,0.113571
66250,0.016901,0.012764,0.097315
66260,0.020522,0.015444,0.111922
66270,0.012846,0.009588,0.102933
66280,0.017671,0.013338,0.095907
66290,0.036892,0.028391,0.133567
66300,0.029391,0.022783,0.129474
66310,0.029632,0.022479,0.126050
66320,0.017807,0.013680,0.083124
66330,0.015903,0.012113,0.081898
66340,0.013021,0.009771,0.101407
66350,0.016059,0.012338,0.083861
66360,0.010928,0.008056,0.073203
66370,0.008401,0.006234,0.082213
66380,0.009730,0.007524,0.101620
66390,0.022483,0.017194,0.097222
66400,0.015571,0.011789,0.096070
66410,0.001426,0.001017,0.041335
66420,0.023794,0.018030,0.126452
66430,0.012515,0.009519,0.073022
66440,0.010335,0.007632,0.088003
66450,0.021920,0.016707,0.097691
66460,0.023516,0.018073,0.113422
66470,0.012295,0.009406,0.086177
66480,0.012241,0.009077,0.085165
66490,0.031452,0.023890,0.136604
66500,0.030770,0.023309,0.133171
66510,0.012338,0.009248,0.088416
66520,0.009016,0.006692,0.113466
66530,0.001696,0.001239,0.050043
66540,0.006600,0.004618,0.074991
66550,0.016192,0.012597,0.087273
66560,0.022736,0.017810,0.117586
66570,0.029978,0.022611,0.137963
66580,0.029754,0.023195,0.132972
66590,0.016465,0.012699,0.062768
66600,0.045653,0.034417,0.171297
66610,0.045143,0.033642,0.196059
66620,0.026679,0.020102,0.136290
66630,0.031833,0.024375,0.128671
66640,0.042348,0.032667,0.172645
66650,0.042068,0.031596,0.164313
66660,0.031771,0.023728,0.137922
66670,0.015144,0.011306,0.085224
66680,0.026291,0.020233,0.107747
66690,0.029123,0.022066,0.117006
66700,0.019986,0.015017,0.104596
66710,0.021891,0.016829,0.109535
66720,0.017465,0.013137,0.109942
66730,0.021292,0.016493,0.109022
66740,0.029369,0.022302,0.134338
66750,0.029702,0.022472,0.146625
66760,0.011269,0.008342,0.071630
66770,0.012671,0.009387,0.087175
66780,0.015353,0.011460,0.109232
66790,0.013244,0.010085,0.101628
66800,0.032217,0.024042,0.145551
66810,0.009341,0.007021,0.079781
66820,0.018331,0.013940,0.102054
66830,0.021222,0.015600,0.121479
66840,0.013291,0.009867,0.091196
66850,0.023440,0.017827,0.126447
66860,0.027406,0.020882,0.115939
66870,0.012273,0.009097,0.102272
66880,0.014075,0.010395,0.088039
66890,0.019749,0.014934,0.112983
66900,0.029311,0.022347,0.133528
66910,0.053542,0.040349,0.186523
66920,0.019627,0.014594,0.087132
66930,0.021959,0.016585,0.123854
66940,0.017239,0.013460,0.068351
66950,0.019842,0.014956,0.106787
66960,0.024129,0.018409,0.115123
66970,0.025993,0.019539,0.134349
66980,0.025838,0.019807,0.116159
66990,0.015119,0.011362,0.080096
67000,0.017013,0.012675,0.093998
67010,0.013101,0.009791,0.097657
67020,0.017168,0.012667,0.105910
67030,0.010886,0.008003,0.084842
67040,0.037631,0.025168,0.151119
67050,0.017125,0.013193,0.105817
67060,0.017246,0.013016,0.079522
67070,0.032926,0.025317,0.131010
67080,0.011754,0.008648,0.098190
67090,0.016469,0.012507,0.100878
67100,0.012370,0.009377,0.083426
67110,0.019262,0.014681,0.082488
67120,0.013797,0.010333,0.101215
67130,0.019893,0.015514,0.115740
67140,0.026773,0.020283,0.117303
67150,0.021145,0.016081,0.090115
67160,0.008921,0.006475,0.074982
67170,0.022513,0.017227,0.102578
67180,0.020621,0.015854,0.108541
67190,0.019989,0.015015,0.112604
67200,0.005891,0.005136,0.078710
67210,0.020013,0.015129,0.114454
67220,0.038028,0.029729,0.149786
67230,0.029062,0.022039,0.140252
67240,0.034910,0.026443,0.144834
67250,0.022477,0.017209,0.098784
67260,0.010471,0.007947,0.046100
67270,0.008980,0.006648,0.075056
67280,0.018555,0.014444,0.100599
67290,0.010291,0.007599,0.080111
67300,0.023090,0.017651,0.109176
67310,0.027993,0.021281,0.126527
67320,0.041554,0.032833,0.171733
67330,0.006432,0.004729,0.056693
67340,0.014511,0.011500,0.081530
67350,0.013623,0.010044,0.087793
67360,0.009118,0.006698,0.081791
67370,0.027453,0.020948,0.126464
67380,0.031567,0.024771,0.143168
67390,0.033374,0.025177,0.145019
67400,0.012041,0.008976,0.078066
67410,0.023927,0.018240,0.111034
67420,0.022903,0.017382,0.117882
67430,0.001100,0.000774,0.049804
67440,0.013090,0.009460,0.102409
67450,0.017741,0.013274,0.103989
67460,0.003278,0.002218,0.058723
67470,0.033142,0.025217,0.149846
67480,0.023330,0.017699,0.095397
67490,0.018836,0.014367,0.109340
67500,0.016607,0.012574,0.099652
67510,0.012842,0.009431,0.109393
67520,0.011060,0.008103,0.093508
67530,0.011316,0.008353,0.092871
67540,0.015780,0.012031,0.104776
67550,0.018090,0.013782,0.110409
67560,0.008665,0.006577,0.059312
67570,0.061156,0.045456,0.202426
67580,0.002330,0.001663,0.054092
67590,0.015088,0.011264,0.090971
67600,0.023002,0.017179,0.120320
67610,0.004528,0.003555,0.087354
67620,0.025212,0.019617,0.121332
67630,0.023192,0.017480,0.121758
67640,0.028604,0.021891,0.134987
67650,0.031952,0.024318,0.137234
67660,0.009614,0.007674,0.088834
67670,0.024599,0.018696,0.121132
67680,0.019479,0.014531,0.113185
67690,0.018279,0.013949,0.102683
67700,0.011987,0.008841,0.105189
67710,0.023735,0.017820,0.125269
67720,0.014655,0.011309,0.090489
67730,0.002474,0.001605,0.069216
67740,0.030118,0.022814,0.136272
67750,0.035911,0.027721,0.139217
67760,0.021710,0.016771,0.095417
67770,0.011309,0.009009,0.069585
67780,0.020958,0.016217,0.108535
67790,0.027399,0.020904,0.124894
67800,0.016266,0.012411,0.093462
67810,0.021368,0.016326,0.116731
67820,0.028253,0.020373,0.133583
67830,0.027645,0.021206,0.127910
67840,0.016015,0.012252,0.102711
67850,0.035275,0.026670,0.157106
67860,0.007536,0.005658,0.082656
67870,0.022203,0.016694,0.115967
67880,0.013155,0.010034,0.070530
67890,0.020917,0.015788,0.114240
67900,0.020557,0.015240,0.138027
67910,0.009440,0.007067,0.075080
67920,0.017841,0.013303,0.107415
67930,0.026471,0.019917,0.119129
67940,0.015118,0.013284,0.080436
67950,0.019050,0.014483,0.103366
67960,0.011658,0.008681,0.056443
67970,0.034171,0.025927,0.142446
67980,0.030000,0.022014,0.124652
67990,0.030402,0.023080,0.126630
68000,0.020626,0.015335,0.106916
68010,0.036356,0.027862,0.141484
68020,0.035029,0.026476,0.140494
68030,0.028472,0.021377,0.135333
68040,0.020545,0.015694,0.103118
68050,0.029172,0.022042,0.134368
68060,0.008164,0.006089,0.077409
68070,0.024521,0.018846,0.119919
68080,0.023674,0.018304,0.118211
68090,0.007030,0.005177,0.071577
68100,0.014525,0.011138,0.095267
68110,0.037489,0.028795,0.156149
68120,0.012146,0.008571,0.109419
68130,0.017167,0.013015,0.103204
68140,0.019710,0.014976,0.093741
68150,0.012181,0.008999,0.068105
68160,0.004802,0.003651,0.078673
68170,0.016626,0.012451,0.097412
68180,0.005163,0.003659,0.050567
68190,0.037842,0.028796,0.152577
68200,0.010501,0.007939,0.102772
68210,0.018530,0.014030,0.102678
68220,0.026825,0.020587,0.123125
68230,0.025702,0.019633,0.140993
68240,0.026545,0.020502,0.131421
68250,0.036042,0.027378,0.153466
68260,0.014816,0.011108,0.096036
68270,0.020350,0.015520,0.088567
68280,0.022862,0.017317,0.116935
68290,0.016284,0.012258,0.100659
68300,0.033512,0.025342,0.137546
68310,0.011530,0.008774,0.091448
68320,0.023097,0.017574,0.120705
68330,0.030543,0.023504,0.151755
68340,0.026860,0.020252,0.127411
68350,0.024357,0.018743,0.117691
68360,0.002607,0.001940,0.022417
68370,0.014677,0.011040,0.074914
68380,0.024344,0.018023,0.113502
68390,0.005308,0.003816,0.067834
68400,0.001843,0.001257,0.039325
68410,0.006168,0.004427,0.070038
68420,0.025692,0.019710,0.128142
68430,0.014002,0.010930,0.057600
68440,0.019363,0.014623,0.104050
68450,0.002524,0.001802,0.056808
68460,0.011266,0.008237,0.093050
68470,0.010335,0.008193,0.086798
68480,0.029658,0.022966,0.124572
68490,0.014771,0.011425,0.088851
68500,0.021815,0.017492,0.113139
68510,0.018044,0.013791,0.100910
68520,0.009981,0.007520,0.085580
68530,0.012893,0.009854,0.103157
68540,0.023575,0.017808,0.118739
68550,0.017864,0.014089,0.131771
68560,0.027973,0.021197,0.123979
68570,0.010033,0.007479,0.078799
68580,0.022821,0.017401,0.122944
68590,0.011872,0.009071,0.082752
68600,0.025415,0.019031,0.122487
68610,0.037081,0.028155,0.150470
68620,0.027170,0.020807,0.105656
68630,0.007827,0.005800,0.058059
68640,0.020792,0.016069,0.116593
68650,0.019022,0.014725,0.100692
68660,0.010182,0.007466,0.084241
68670,0.005034,0.003999,0.085248
68680,0.022063,0.016565,0.117954
68690,0.020642,0.015886,0.101588
68700,0.012786,0.009528,0.082126
68710,0.010697,0.007894,0.046925
68720,0.003744,0.002572,0.107895
68730,0.018796,0.014209,0.117933
68740,0.000179,0.000162,0.656603
68750,0.015751,0.012035,0.075744
68760,0.019807,0.014958,0.105632
68770,0.017235,0.013056,0.096903
68780,0.032070,0.023739,0.151787
68790,0.038280,0.028943,0.140959
68800,0.028339,0.021559,0.132882
68810,0.031755,0.024214,0.145168
68820,0.030952,0.023602,0.137189
68830,0.032645,0.025066,0.145044
68840,0.037788,0.028742,0.153336
68850,0.022473,0.017189,0.098438
68860,0.017861,0.013278,0.097101
68870,0.007361,0.005420,0.114225
68880,0.010818,0.007838,0.088606
68890,0.011659,0.008870,0.082384
68900,0.020186,0.015464,0.115146
68910,0.010589,0.008532,0.057212
68920,0.014459,0.010785,0.100722
68930,0.020073,0.015363,0.089176
68940,0.014422,0.011045,0.068304
68950,0.000217,0.000173,0.339398
68960,0.018656,0.013384,0.091962
68970,0.040588,0.030795,0.154863
68980,0.022225,0.017020,0.108659
68990,0.020306,0.015493,0.108439
69000,0.019164,0.014606,0.107185
69010,0.014865,0.010924,0.097196
69020,0.011482,0.009004,0.092948
69030,0.012872,0.009443,0.091337
69040,0.033758,0.025637,0.147132
69050,0.015459,0.011363,0.096188
69060,0.010323,0.007648,0.097045
69070,0.016292,0.012736,0.073948
69080,0.017817,0.013348,0.091565
69090,0.015421,0.011411,0.080394
69100,0.012572,0.009394,0.074455
69110,0.024888,0.018904,0.121485
69120,0.019311,0.014579,0.106704
69130,0.022235,0.017099,0.117416
69140,0.024931,0.019302,0.103986
69150,0.050319,0.038373,0.181236
69160,0.023688,0.018101,0.122421
69170,0.010211,0.007618,0.093808
69180,0.016012,0.012451,0.096626
69190,0.011616,0.008585,0.088261
69200,0.016002,0.011984,0.106130
69210,0.014730,0.011001,0.103173
69220,0.014432,0.011110,0.071082
69230,0.019993,0.015155,0.117830
69240,0.016037,0.012299,0.096458
69250,0.010438,0.007772,0.072008
69260,0.012321,0.010101,0.076106
69270,0.022778,0.017399,0.108182
69280,0.005848,0.004299,0.104964
69290,0.009757,0.007058,0.079844
69300,0.022550,0.017154,0.108534
69310,0.021657,0.015305,0.119583
69320,0.013460,0.009884,0.097880
69330,0.011909,0.008952,0.081689
69340,0.036298,0.027762,0.150368
69350,0.011649,0.008666,0.084496
69360,0.031482,0.023927,0.131473
69370,0.014508,0.010895,0.096665
69380,0.008808,0.006492,0.055379
69390,0.000812,0.000602,0.056953
69400,0.021306,0.016361,0.107719
69410,0.004984,0.003522,0.078396
69420,0.009542,0.006890,0.100797
69430,0.015574,0.011736,0.093496
69440,0.017158,0.013231,0.095727
69450,0.021619,0.016594,0.114185
69460,0.013434,0.010113,0.068121
69470,0.014554,0.011207,0.092050
69480,0.013705,0.010101,0.090646
69490,0.021106,0.015419,0.111345
69500,0.024914,0.019107,0.117727
69510,0.018556,0.014075,0.106996
69520,0.025255,0.018768,0.130943
69530,0.020714,0.015800,0.112010
69540,0.025686,0.019502,0.104904
69550,0.017730,0.013430,0.093190
69560,0.001325,0.000701,0.054206
69570,0.020979,0.015964,0.118330
69580,0.020857,0.015617,0.108197
69590,0.012795,0.009508,0.081363
69600,0.012449,0.009328,0.078752
69610,0.021322,0.016096,0.120057
69620,0.029881,0.022966,0.122750
69630,0.018712,0.014224,0.086506
69640,0.030945,0.023747,0.131848
69650,0.011022,0.008315,0.094636
69660,0.007074,0.005279,0.078732
69670,0.022479,0.017028,0.119646
69680,0.009583,0.007287,0.071759
69690,0.008987,0.006617,0.076218
69700,0.009081,0.006760,0.076655
69710,0.022979,0.017530,0.115088
69720,0.010447,0.007745,0.063626
69730,0.010441,0.007931,0.078774
69740,0.019760,0.014632,0.125565
69750,0.051619,0.039620,0.184416
69760,0.029241,0.022576,0.123654
69770,0.016437,0.012579,0.097995
69780,0.035105,0.026963,0.142542
69790,0.003937,0.002766,0.058229
69800,0.026691,0.020522,0.138267
69810,0.029660,0.022585,0.137479
69820,0.015672,0.011935,0.085776
69830,0.027968,0.021362,0.114172
69840,0.048218,0.036569,0.166529
69850,0.017563,0.013320,0.106311
69860,0.019969,0.015423,0.107491
69870,0.023519,0.017831,0.113198
69880,0.010699,0.007967,0.058933
69890,0.039123,0.030236,0.151484
69900,0.020873,0.015729,0.107701
69910,0.018504,0.014001,0.109964
69920,0.013085,0.011217,0.099447
69930,0.035056,0.026875,0.139470
69940,0.019916,0.015070,0.104852
69950,0.021908,0.016678,0.111367
69960,0.051896,0.039411,0.192160
69970,0.025290,0.019644,0.118371
69980,0.031546,0.023926,0.124139
69990,0.006195,0.004865,0.032159
70000,0.019239,0.014869,0.106162
70010,0.008365,0.006653,0.035943
70020,0.031460,0.024168,0.138600
70030,0.023529,0.017797,0.131149
70040,0.027957,0.021130,0.132468
70050,0.016785,0.012613,0.096628
70060,0.018380,0.014058,0.079272
70070,0.011762,0.008925,0.095213
70080,0.018740,0.014141,0.105568
70090,0.035913,0.027533,0.153724
70100,0.013078,0.009818,0.104440
70110,0.012571,0.009357,0.094590
70120,0.024093,0.018384,0.127467
70130,0.021375,0.016161,0.110398
70140,0.028812,0.022512,0.133527
70150,0.013532,0.010134,0.108805
70160,0.027418,0.020906,0.126009
70170,0.033163,0.024968,0.128325
70180,0.024848,0.018588,0.122945
70190,0.008695,0.006504,0.044462
70200,0.012125,0.009215,0.091529
70210,0.022407,0.017035,0.110669
70220,0.043530,0.032898,0.173965
70230,0.017925,0.013642,0.102854
70240,0.006400,0.004463,0.097123
70250,0.023809,0.018389,0.125843
70260,0.036229,0.027546,0.135701
70270,0.025761,0.019766,0.103792
70280,0.013878,0.010524,0.058600
70290,0.008944,0.006705,0.070830
70300,0.029835,0.022561,0.129759
70310,0.014462,0.011191,0.085022
70320,0.023129,0.017508,0.130527
70330,0.020552,0.016325,0.119927
70340,0.002508,0.001907,0.020173
70350,0.019108,0.014438,0.116312
70360,0.013477,0.009949,0.097086
70370,0.007280,0.005521,0.067375
70380,0.023480,0.018255,0.113493
70390,0.021747,0.016449,0.114142
70400,0.020806,0.015449,0.117409
70410,0.003979,0.002796,0.070084
70420,0.019449,0.014657,0.118074
70430,0.014544,0.011151,0.093158
70440,0.024556,0.018406,0.124150
70450,0.019905,0.015306,0.111036
70460,0.016197,0.012353,0.106249
70470,0.025162,0.019118,0.121150
70480,0.019253,0.014816,0.104755
70490,0.032860,0.025482,0.133050
70500,0.035604,0.027188,0.147064
70510,0.000948,0.000649,0.060681
70520,0.042123,0.032536,0.150658
70530,0.021750,0.016845,0.107780
70540,0.027090,0.020919,0.122959
70550,0.028239,0.021610,0.124856
70560,0.001632,0.001216,0.076714
70570,0.036652,0.027773,0.153182
70580,0.004067,0.002545,0.140937
70590,0.026181,0.020078,0.127690
70600,0.008770,0.006792,0.047244
70610,0.015907,0.011760,0.109781
70620,0.009224,0.006670,0.079688
70630,0.013074,0.010443,0.063232
70640,0.031260,0.024099,0.132523
70650,0.018548,0.013772,0.112314
70660,0.004498,0.003436,0.034156
70670,0.021227,0.016147,0.116459
70680,0.020730,0.015826,0.103917
70690,0.028344,0.021672,0.121059
70700,0.015304,0.011275,0.095308
70710,0.023156,0.017565,0.097045
70720,0.017086,0.012983,0.117555
70730,0.005728,0.004757,0.069065
70740,0.028119,0.021295,0.135529
70750,0.021538,0.016849,0.113988
70760,0.016890,0.012988,0.095291
70770,0.021381,0.016308,0.112486
70780,0.013358,0.009766,0.092850
70790,0.022511,0.017166,0.101213
70800,0.030918,0.023761,0.134173
70810,0.044587,0.033802,0.170324
70820,0.027137,0.020933,0.127787
70830,0.004168,0.002902,0.081985
70840,0.023673,0.018135,0.109893
70850,0.011169,0.008328,0.090841
70860,0.021599,0.016755,0.123976
70870,0.022016,0.016709,0.105007
70880,0.028559,0.021869,0.119315
70890,0.010371,0.007685,0.071457
70900,0.023351,0.017309,0.099702
70910,0.031139,0.024032,0.128925
70920,0.011371,0.008603,0.060870
70930,0.013939,0.010708,0.087230
70940,0.018065,0.013707,0.112528
70950,0.031211,0.023941,0.134759
70960,0.017970,0.013269,0.108770
70970,0.009959,0.007205,0.079047
70980,0.013306,0.010048,0.093768
70990,0.007021,0.004641,0.082995
71000,0.024726,0.018955,0.123208
71010,0.026054,0.020038,0.121537
71020,0.028000,0.021297,0.138155
71030,0.032289,0.024492,0.134061
71040,0.019147,0.014407,0.106545
71050,0.024163,0.018409,0.135800
71060,0.010270,0.007818,0.082597
71070,0.015620,0.011983,0.071557
71080,0.010850,0.008112,0.092599
71090,0.024135,0.018428,0.116332
71100,0.008999,0.006969,0.074102
71110,0.010289,0.007693,0.083324
71120,0.024808,0.019220,0.110835
71130,0.024841,0.018960,0.115984
71140,0.021587,0.016586,0.091702
71150,0.018084,0.013871,0.095635
71160,0.000229,0.000179,0.069156
71170,0.012847,0.010090,0.091802
71180,0.026158,0.020596,0.119519
71190,0.010419,0.007610,0.083495
71200,0.025338,0.018582,0.128893
71210,0.024358,0.018485,0.117956
71220,0.047085,0.035920,0.175961
71230,0.006265,0.004606,0.078447
71240,0.014278,0.010449,0.106128
71250,0.021250,0.015801,0.124193
71260,0.022263,0.016798,0.111708
71270,0.010759,0.008157,0.080033
71280,0.017515,0.013395,0.101740
71290,0.023215,0.017362,0.125222
71300,0.018305,0.013764,0.095986
71310,0.010052,0.007424,0.068541
71320,0.032481,0.024694,0.150092
71330,0.023280,0.017577,0.100242
71340,0.036767,0.028664,0.159560
71350,0.009391,0.006774,0.112342
71360,0.014562,0.010820,0.098511
71370,0.034912,0.026907,0.131358
71380,0.043966,0.033423,0.167734
71390,0.013574,0.010257,0.074238
71400,0.004319,0.002916,0.074712
71410,0.014993,0.011199,0.104337
71420,0.020861,0.018715,0.082159
71430,0.012118,0.009015,0.062170
71440,0.013234,0.010013,0.093331
71450,0.029391,0.022300,0.133696
71460,0.014109,0.010851,0.093136
71470,0.025397,0.019416,0.148968
71480,0.029864,0.022629,0.139061
71490,0.017284,0.013354,0.084282
71500,0.011599,0.008675,0.068883
71510,0.032299,0.024511,0.136206
71520,0.024454,0.018460,0.113725
71530,0.030356,0.023914,0.139554
71540,0.003206,0.002217,0.045871
71550,0.003666,0.002631,0.052724
71560,0.032283,0.024706,0.145868
71570,0.005550,0.004106,0.075344
71580,0.001251,0.000830,0.116796
71590,0.015094,0.011479,0.085082
71600,0.014398,0.011028,0.073693
71610,0.017212,0.013043,0.099970
71620,0.009000,0.006618,0.082399
71630,0.010997,0.008200,0.072031
71640,0.015349,0.011308,0.101497
71650,0.021265,0.016545,0.120828
71660,0.026417,0.020286,0.117068
71670,0.021999,0.016680,0.126445
71680,0.037686,0.028719,0.155105
71690,0.009022,0.006466,0.109544
71700,0.018888,0.014349,0.088256
71710,0.022721,0.017320,0.120701
71720,0.023914,0.017378,0.122393
71730,0.027300,0.021038,0.127567
71740,0.024113,0.018396,0.118464
71750,0.015518,0.011883,0.081438
71760,0.002449,0.001803,0.014493
71770,0.016845,0.013025,0.085768
71780,0.020731,0.015542,0.123231
71790,0.026252,0.020064,0.119414
71800,0.021166,0.015880,0.113194
71810,0.008054,0.006094,0.078327
71820,0.006571,0.005288,0.091686
71830,0.018099,0.013747,0.102683
71840,0.030568,0.023593,0.140170
71850,0.024224,0.018655,0.112980
71860,0.013424,0.010338,0.071103
71870,0.023270,0.017657,0.111057
71880,0.016906,0.012625,0.114153
71890,0.025883,0.019857,0.124768
71900,0.022970,0.017321,0.117319
71910,0.021049,0.016002,0.098619
71920,0.010978,0.008245,0.084279
71930,0.005570,0.004510,0.026917
71940,0.021069,0.016195,0.114019
71950,0.026140,0.019743,0.129070
71960,0.010984,0.008176,0.078251
71970,0.019242,0.014817,0.102145
71980,0.017163,0.012996,0.093177
71990,0.023637,0.018144,0.100148
72000,0.031753,0.024297,0.139628
72010,0.014320,0.010388,0.111188
72020,0.007262,0.006128,0.046633
72030,0.019866,0.014889,0.115932
72040,0.028763,0.021854,0.127793
72050,0.018401,0.013861,0.103395
72060,0.034316,0.026317,0.144591
72070,0.026312,0.020241,0.109729
72080,0.046600,0.035613,0.170364
72090,0.014200,0.010513,0.096895
72100,0.019399,0.014629,0.094739
72110,0.012215,0.009070,0.095621
72120,0.027895,0.022126,0.120511
72130,0.031733,0.024967,0.138016
72140,0.022153,0.016579,0.142294
72150,0.010522,0.008070,0.050428
72160,0.017756,0.013313,0.109565
72170,0.015480,0.011398,0.111827
72180,0.038369,0.029632,0.142785
72190,0.034173,0.026482,0.132372
72200,0.026242,0.020056,0.124147
72210,0.033417,0.025347,0.139753
72220,0.011892,0.008844,0.093938
72230,0.026432,0.019934,0.118252
72240,0.025096,0.018928,0.130559
72250,0.003724,0.002691,0.087051
72260,0.023350,0.017662,0.119597
72270,0.026848,0.020491,0.122987
72280,0.005681,0.004463,0.030674
72290,0.001038,0.000805,0.007224
72300,0.047522,0.035899,0.178673
72310,0.012228,0.009415,0.090962
72320,0.015928,0.012083,0.091325
72330,0.010159,0.007710,0.074598
72340,0.030466,0.023099,0.132918
72350,0.014747,0.011112,0.098309
72360,0.024664,0.018753,0.119003
72370,0.017611,0.013438,0.096977
72380,0.008548,0.005970,0.098587
72390,0.013474,0.010067,0.103639
72400,0.021251,0.015794,0.117555
72410,0.008466,0.006687,0.063745
72420,0.011959,0.009084,0.084220
72430,0.017608,0.013227,0.097360
72440,0.032268,0.024489,0.123321
72450,0.015923,0.012037,0.088866
72460,0.021039,0.016232,0.110964
72470,0.010859,0.008176,0.069550
72480,0.037407,0.028511,0.153195
72490,0.010119,0.007456,0.074047
72500,0.024064,0.018499,0.124419
72510,0.018076,0.013797,0.103530
72520,0.007716,0.005814,0.061578
72530,0.017397,0.013063,0.098502
72540,0.018689,0.014421,0.091721
72550,0.010616,0.007870,0.089250
72560,0.014709,0.011075,0.092718
72570,0.019497,0.015002,0.110537
72580,0.013670,0.010634,0.081501
72590,0.018921,0.014287,0.102518
72600,0.010347,0.007746,0.055183
72610,0.011943,0.009157,0.086795
72620,0.023008,0.017190,0.118689
72630,0.006127,0.004459,0.068825
72640,0.019769,0.015017,0.099447
72650,0.018510,0.014263,0.104926
72660,0.028950,0.022106,0.139152
72670,0.005679,0.003947,0.069256
72680,0.034634,0.026959,0.128941
72690,0.033916,0.025770,0.145242
72700,0.033263,0.025539,0.127998
72710,0.029971,0.023055,0.130525
72720,0.017518,0.013049,0.098363
72730,0.014380,0.011054,0.077264
72740,0.037305,0.028487,0.148184
72750,0.019414,0.014735,0.108810
72760,0.010392,0.007783,0.097520
72770,0.019951,0.014858,0.110012
72780,0.025443,0.019618,0.118895
72790,0.035077,0.026681,0.145573
72800,0.021327,0.016413,0.110681
72810,0.009154,0.006892,0.056038
72820,0.015421,0.011859,0.073162
72830,0.044391,0.034098,0.159282
72840,0.009615,0.006800,0.101830
72850,0.018596,0.013989,0.109026
72860,0.013479,0.010093,0.091940
72870,0.017530,0.013542,0.104707
72880,0.020756,0.015775,0.106161
72890,0.014948,0.010848,0.099108
72900,0.023256,0.017843,0.106937
72910,0.013347,0.010233,0.090591
72920,0.018206,0.014094,0.103290
72930,0.021478,0.016351,0.107221
72940,0.018620,0.013842,0.109599
72950,0.028159,0.021475,0.128063
72960,0.024486,0.018471,0.134961
72970,0.020126,0.015494,0.089186
72980,0.018670,0.014413,0.093122
72990,0.017568,0.013280,0.106894
73000,0.014257,0.010462,0.109578
73010,0.012106,0.009979,0.065040
73020,0.030928,0.023600,0.131121
73030,0.032024,0.024401,0.136192
73040,0.001452,0.000990,0.007600
73050,0.022376,0.017234,0.118504
73060,0.029553,0.022481,0.118433
73070,0.015250,0.011608,0.107075
73080,0.030791,0.023474,0.137299
73090,0.029493,0.022717,0.122436
73100,0.014520,0.011273,0.074278
73110,0.027008,0.020697,0.124406
73120,0.007871,0.005969,0.043886
73130,0.004764,0.003603,0.031837
73140,0.000551,0.000587,0.228007
73150,0.020443,0.015420,0.114102
73160,0.029231,0.022480,0.127123
73170,0.035662,0.027407,0.149186
73180,0.035819,0.027404,0.147118
73190,0.009000,0.007088,0.066782
73200,0.012526,0.009449,0.077654
73210,0.016517,0.012621,0.077225
73220,0.030681,0.023245,0.133178
73230,0.022080,0.016829,0.112863
73240,0.016068,0.012214,0.094648
73250,0.022159,0.016786,0.118945
73260,0.026085,0.019262,0.125545
73270,0.009996,0.007632,0.070792
73280,0.029617,0.023015,0.125914
73290,0.005709,0.004515,0.041611
73300,0.018468,0.014062,0.113249
73310,0.017963,0.013638,0.109527
73320,0.024872,0.019071,0.127607
73330,0.008137,0.005959,0.049730
73340,0.011271,0.008660,0.068032
73350,0.023788,0.017989,0.130567
73360,0.010802,0.008113,0.083584
73370,0.025073,0.018645,0.117857
73380,0.030279,0.023254,0.136303
73390,0.012661,0.009620,0.090967
73400,0.035945,0.027507,0.152131
73410,0.013098,0.009935,0.089617
73420,0.020926,0.016024,0.099319
73430,0.041523,0.031476,0.166134
73440,0.024793,0.018912,0.118674
73450,0.018255,0.013944,0.103805
73460,0.010830,0.008086,0.065228
73470,0.024754,0.019326,0.105938
73480,0.010509,0.008261,0.045273
73490,0.023873,0.017821,0.115118
73500,0.014881,0.011352,0.072210
73510,0.023326,0.017598,0.114251
73520,0.035366,0.026932,0.141562
73530,0.017444,0.013047,0.103232
73540,0.017783,0.013516,0.094146
73550,0.017335,0.013172,0.105323
73560,0.018809,0.014441,0.103170
73570,0.014944,0.011384,0.088719
73580,0.001807,0.001286,0.058045
73590,0.012401,0.009318,0.072620
73600,0.018944,0.014378,0.112309
73610,0.001498,0.001032,0.014809
73620,0.012805,0.009798,0.084225
73630,0.030441,0.023428,0.126645
73640,0.015313,0.011584,0.095812
73650,0.025091,0.019105,0.106574
73660,0.008578,0.006476,0.071340
73670,0.016550,0.012473,0.099867
73680,0.011958,0.009026,0.085189
73690,0.015748,0.011720,0.107794
73700,0.020730,0.016068,0.107482
73710,0.025375,0.019651,0.110643
73720,0.025957,0.020123,0.132794
73730,0.024689,0.018424,0.129818
73740,0.019932,0.015381,0.109391
73750,0.020874,0.015833,0.108148
73760,0.014562,0.011008,0.112820
73770,0.007406,0.005849,0.109653
73780,0.026821,0.020415,0.106991
73790,0.027001,0.020686,0.124742
73800,0.015471,0.011772,0.091596
73810,0.020982,0.015960,0.106056
73820,0.021049,0.015993,0.094358
73830,0.017860,0.013528,0.098175
73840,0.019672,0.015123,0.100058
73850,0.028741,0.022184,0.135330
73860,0.020885,0.015925,0.095647
73870,0.019137,0.014568,0.098219
73880,0.033425,0.025578,0.138185
73890,0.012608,0.009224,0.084762
73900,0.021274,0.016076,0.106679
73910,0.008217,0.005798,0.053875
73920,0.000557,0.000368,0.103953
73930,0.016477,0.012700,0.094665
73940,0.013463,0.010288,0.084416
73950,0.012112,0.009100,0.066113
73960,0.003960,0.003094,0.028386
73970,0.002305,0.002016,0.019995
73980,0.030119,0.022506,0.131230
73990,0.024835,0.018938,0.115239
74000,0.000806,0.000609,0.088914
74010,0.022235,0.016643,0.113901
74020,0.028990,0.022094,0.110177
74030,0.028807,0.022143,0.129435
74040,0.018137,0.014075,0.097218
74050,0.023136,0.017347,0.123569
74060,0.000001,0.000001,0.000002
74070,0.030172,0.023155,0.130722
74080,0.022419,0.017465,0.125127
74090,0.019056,0.014477,0.094381
74100,0.026017,0.019676,0.131112
74110,0.036237,0.027743,0.137830
74120,0.005479,0.004024,0.059611
74130,0.036721,0.028324,0.148630
74140,0.027754,0.021142,0.128911
74150,0.011727,0.008978,0.060262
74160,0.013296,0.009836,0.097516
74170,0.008990,0.007260,0.071616
74180,0.012205,0.009260,0.065205
74190,0.040803,0.030735,0.161377
74200,0.008838,0.006382,0.083822
74210,0.014540,0.011275,0.069379
74220,0.020048,0.015308,0.103207
74230,0.024385,0.018713,0.128825
74240,0.017478,0.013580,0.101082
74250,0.014249,0.010982,0.086726
74260,0.004253,0.003002,0.059574
74270,0.026546,0.020538,0.120782
74280,0.020661,0.015790,0.104487
74290,0.023885,0.017981,0.132117
74300,0.016957,0.012723,0.106005
74310,0.012710,0.009522,0.104564
74320,0.005982,0.004540,0.037572
74330,0.017105,0.013040,0.094573
74340,0.014496,0.010673,0.089842
74350,0.033512,0.025592,0.142623
74360,0.017167,0.013176,0.087745
74370,0.020286,0.015414,0.111554
74380,0.004648,0.003300,0.068315
74390,0.014159,0.010958,0.084776
74400,0.014409,0.011014,0.082639
74410,0.011504,0.008648,0.088944
74420,0.019356,0.014638,0.116968
74430,0.026395,0.020294,0.106087
74440,0.013519,0.010258,0.074576
74450,0.025552,0.019502,0.135727
74460,0.017671,0.013355,0.092993
74470,0.026866,0.020790,0.128435
74480,0.005804,0.004239,0.063105
74490,0.007136,0.005515,0.073466
74500,0.040656,0.031143,0.157575
74510,0.031061,0.023949,0.131937
74520,0.014266,0.010790,0.075037
74530,0.028848,0.022018,0.128701
74540,0.023677,0.017371,0.116754
74550,0.012577,0.009364,0.091276
74560,0.031496,0.024195,0.145417
74570,0.016424,0.012842,0.114155
74580,0.013445,0.010100,0.093732
74590,0.018268,0.013668,0.107025
74600,0.025795,0.019233,0.124932
74610,0.013731,0.011351,0.096190
74620,0.020697,0.015948,0.099051
74630,0.013928,0.010598,0.076380
74640,0.039762,0.030396,0.146252
74650,0.024758,0.019072,0.098651
74660,0.006447,0.004508,0.103485
74670,0.036264,0.027946,0.147816
74680,0.016771,0.013049,0.084148
74690,0.016927,0.012462,0.101349
74700,0.029441,0.022526,0.130122
74710,0.027693,0.021359,0.115130
74720,0.008748,0.006440,0.073507
74730,0.010835,0.008347,0.101180
74740,0.000000,0.000000,0.000001
74750,0.000865,0.000657,0.006480
74760,0.015100,0.011043,0.060165
74770,0.025864,0.019818,0.125220
74780,0.023981,0.018514,0.104345
74790,0.012974,0.009994,0.061434
74800,0.030462,0.023384,0.123494
74810,0.026734,0.020758,0.133665
74820,0.006848,0.004859,0.076183
74830,0.016377,0.012416,0.099560
74840,0.030105,0.022871,0.117436
74850,0.001124,0.000905,0.011768
74860,0.009291,0.007152,0.084691
74870,0.010719,0.007527,0.092791
74880,0.026058,0.019904,0.107250
74890,0.000057,0.000076,0.655255
74900,0.004413,0.003277,0.067525
74910,0.012759,0.009987,0.082401
74920,0.009055,0.006846,0.074608
74930,0.015521,0.011833,0.096632
74940,0.003587,0.002961,0.296839
74950,0.016836,0.012695,0.117719
74960,0.028424,0.021928,0.121682
74970,0.018174,0.013778,0.076012
74980,0.028011,0.021294,0.128969
74990,0.014000,0.010592,0.097787
75000,0.015209,0.011381,0.094640
75010,0.015347,0.011590,0.089760
75020,0.011544,0.009046,0.077702
75030,0.021630,0.016274,0.106975
75040,0.002619,0.002334,0.092983
75050,0.012470,0.009479,0.093090
75060,0.024716,0.018999,0.107072
75070,0.006946,0.006347,0.090632
75080,0.006464,0.004672,0.061433
75090,0.011162,0.008547,0.059985
75100,0.014797,0.011468,0.064058
75110,0.021199,0.015982,0.110997
75120,0.003459,0.002329,0.074060
75130,0.017518,0.013063,0.098284
75140,0.013452,0.009813,0.108309
75150,0.005856,0.004194,0.072250
75160,0.012436,0.009321,0.078954
75170,0.023185,0.017741,0.108998
75180,0.009343,0.007051,0.084031
75190,0.028067,0.021651,0.124589
75200,0.013491,0.010376,0.066122
75210,0.024968,0.019168,0.120304
75220,0.013068,0.009841,0.102774
75230,0.026960,0.020276,0.107604
75240,0.020875,0.015943,0.115930
75250,0.024733,0.018997,0.104513
75260,0.018413,0.014133,0.092435
75270,0.021831,0.016830,0.108476
75280,0.013767,0.010188,0.102206
75290,0.016453,0.012547,0.119524
75300,0.020127,0.015069,0.099838
75310,0.032823,0.024958,0.146669
75320,0.032952,0.024258,0.132388
75330,0.017244,0.013012,0.099909
75340,0.035982,0.027165,0.146487
75350,0.013087,0.009323,0.097122
75360,0.033923,0.026057,0.127640
75370,0.027713,0.020864,0.120816
75380,0.013499,0.010277,0.069896
75390,0.011789,0.009255,0.070644
75400,0.021443,0.016226,0.110217
75410,0.015722,0.011454,0.113763
75420,0.011298,0.008508,0.072103
75430,0.011079,0.008001,0.081426
75440,0.010276,0.007730,0.088833
75450,0.011925,0.009025,0.093416
75460,0.012835,0.009386,0.088055
75470,0.011438,0.008434,0.081266
75480,0.023647,0.017859,0.131409
75490,0.007386,0.005687,0.059615
75500,0.036752,0.028207,0.148794
75510,0.024996,0.019162,0.124895
75520,0.027791,0.021600,0.127497
75530,0.014333,0.011003,0.087711
75540,0.004318,0.003322,0.027743
75550,0.012643,0.009495,0.094618
75560,0.000022,0.000045,0.000109
75570,0.015584,0.011739,0.094658
75580,0.003884,0.002894,0.095982
75590,0.026378,0.020243,0.121566
75600,0.021394,0.016326,0.111515
75610,0.035694,0.027228,0.151090
75620,0.011434,0.008608,0.086810
75630,0.011675,0.009055,0.082607
75640,0.014375,0.010748,0.091087
75650,0.022461,0.017087,0.093673
75660,0.013789,0.010479,0.100064
75670,0.004230,0.003261,0.061816
75680,0.027736,0.021276,0.122643
75690,0.017333,0.013487,0.087664
75700,0.023976,0.018550,0.127436
75710,0.009045,0.007002,0.070086
75720,0.024960,0.019185,0.122564
75730,0.030279,0.023092,0.140822
75740,0.031123,0.024299,0.140429
75750,0.024838,0.018986,0.124265
75760,0.023949,0.018294,0.112077
75770,0.029654,0.022709,0.137372
75780,0.015726,0.012126,0.084011
75790,0.022059,0.017004,0.111184
75800,0.023786,0.018259,0.128377
75810,0.025363,0.019020,0.118754
75820,0.031567,0.023852,0.138025
75830,0.023806,0.018059,0.114942
75840,0.013362,0.010306,0.101427
75850,0.030037,0.023037,0.126876
75860,0.023946,0.018163,0.121325
75870,0.009955,0.007424,0.075908
75880,0.013075,0.009484,0.093082
75890,0.013620,0.010221,0.071762
75900,0.018627,0.014201,0.111492
75910,0.021161,0.016337,0.092879
75920,0.016571,0.012585,0.076499
75930,0.028311,0.021807,0.128458
75940,0.022806,0.017305,0.112665
75950,0.013434,0.010392,0.066087
75960,0.021454,0.016428,0.104785
75970,0.018658,0.014358,0.095947
75980,0.031342,0.023926,0.132280
75990,0.013592,0.010267,0.097139
76000,0.011964,0.008990,0.084302
76010,0.014884,0.011279,0.104857
76020,0.016684,0.012529,0.110676
76030,0.021246,0.016265,0.080745
76040,0.017806,0.013153,0.124013
76050,0.018469,0.013843,0.111859
76060,0.029596,0.022548,0.136806
76070,0.010300,0.007842,0.090632
76080,0.018851,0.014442,0.100164
76090,0.035257,0.027239,0.153800
76100,0.010172,0.007811,0.071887
76110,0.012751,0.009759,0.090241
76120,0.016318,0.012313,0.091723
76130,0.013245,0.010069,0.067133
76140,0.014923,0.011379,0.094178
76150,0.027768,0.021326,0.112353
76160,0.018321,0.013819,0.113853
76170,0.015455,0.012017,0.091313
76180,0.024658,0.018863,0.120607
76190,0.005691,0.004318,0.061014
76200,0.017507,0.013414,0.106273
76210,0.011055,0.008094,0.061588
76220,0.021416,0.016247,0.108931
76230,0.018799,0.013741,0.106090
76240,0.009342,0.007015,0.075259
76250,0.007753,0.005476,0.105724
76260,0.034578,0.026227,0.141163
76270,0.011117,0.008268,0.090779
76280,0.019406,0.014807,0.084802
76290,0.018454,0.014172,0.087238
76300,0.013369,0.010154,0.072697
76310,0.020942,0.015770,0.091900
76320,0.007490,0.005592,0.075628
76330,0.035391,0.026818,0.139316
76340,0.004067,0.002836,0.078264
76350,0.005068,0.003528,0.075868
76360,0.019840,0.015078,0.100668
76370,0.018003,0.013510,0.121670
76380,0.016642,0.012389,0.097349
76390,0.004516,0.003212,0.072308
76400,0.012998,0.009848,0.067682
76410,0.025233,0.018672,0.125580
76420,0.028600,0.021567,0.131819
76430,0.021029,0.015606,0.112675
76440,0.005557,0.004029,0.030217
76450,0.003291,0.002584,0.024689
76460,0.015039,0.011272,0.096134
76470,0.027199,0.020957,0.118411
76480,0.007955,0.006513,0.034381
76490,0.026701,0.020320,0.123271
76500,0.007010,0.005163,0.067865
76510,0.026482,0.020198,0.125870
76520,0.036213,0.027588,0.137947
76530,0.031715,0.023941,0.143412
76540,0.014671,0.011001,0.104593
76550,0.006919,0.004938,0.132842
76560,0.012092,0.009253,0.068391
76570,0.010398,0.007795,0.077421
76580,0.014418,0.010850,0.061297
76590,0.004101,0.003074,0.098626
76600,0.003758,0.002898,0.020147
76610,0.010676,0.007889,0.068637
76620,0.017719,0.013316,0.074476
76630,0.030976,0.023557,0.123415
76640,0.025667,0.019836,0.130646
76650,0.020531,0.015792,0.121146
76660,0.021117,0.016178,0.113673
76670,0.009845,0.007389,0.052496
76680,0.011165,0.008230,0.066398
76690,0.021972,0.016765,0.110732
76700,0.002441,0.001651,0.036509
76710,0.026680,0.020693,0.128694
76720,0.016372,0.012670,0.075692
76730,0.014069,0.010484,0.085626
76740,0.014050,0.010903,0.081667
76750,0.015261,0.011522,0.095759
76760,0.022196,0.017241,0.103932
76770,0.019343,0.015058,0.102847
76780,0.015820,0.011381,0.103531
76790,0.010656,0.007954,0.084500
76800,0.018003,0.013980,0.081753
76810,0.014011,0.009881,0.116195
76820,0.010174,0.007752,0.075710
76830,0.014038,0.010414,0.082264
76840,0.017658,0.013456,0.110700
76850,0.010889,0.008046,0.088144
76860,0.022207,0.016704,0.119754
76870,0.002787,0.001921,0.075569
76880,0.010710,0.008150,0.062615
76890,0.008798,0.006654,0.057882
76900,0.025238,0.019642,0.126765
76910,0.038894,0.029839,0.155898
76920,0.011193,0.008277,0.081005
76930,0.015180,0.011459,0.074231
76940,0.003802,0.003234,0.025145
76950,0.010459,0.007970,0.072760
76960,0.016049,0.012433,0.099340
76970,0.003744,0.002599,0.066293
76980,0.022072,0.016950,0.119113
76990,0.028622,0.021647,0.137003
77000,0.023253,0.017981,0.124769
77010,0.031139,0.023824,0.122314
77020,0.023586,0.018188,0.116411
77030,0.019917,0.014762,0.116064
77040,0.025593,0.019868,0.119383
77050,0.003267,0.002334,0.046569
77060,0.026269,0.020092,0.119985
77070,0.000816,0.000708,0.008626
77080,0.002294,0.001703,0.012974
77090,0.018057,0.013705,0.099883
77100,0.021892,0.017280,0.104426
77110,0.018207,0.014046,0.077459
77120,0.008994,0.006624,0.071941
77130,0.010118,0.007812,0.101953
77140,0.004509,0.003242,0.111820
77150,0.007162,0.005029,0.089320
77160,0.016439,0.012186,0.106149
77170,0.008963,0.007014,0.053157
77180,0.000731,0.000614,0.142196
77190,0.004459,0.003444,0.030571
77200,0.016245,0.012397,0.096188
77210,0.024245,0.018439,0.108752
77220,0.033299,0.025716,0.148305
77230,0.013169,0.009578,0.109509
77240,0.019117,0.014698,0.082548
77250,0.014555,0.010930,0.101263
77260,0.009144,0.006791,0.041386
77270,0.017838,0.012840,0.111085
77280,0.015168,0.011541,0.086548
77290,0.021608,0.016670,0.107760
77300,0.003543,0.002695,0.018166
77310,0.007943,0.005757,0.072376
77320,0.047416,0.036344,0.170266
77330,0.002128,0.001536,0.009277
77340,0.022972,0.017344,0.111950
77350,0.026061,0.019835,0.118459
77360,0.014762,0.010922,0.096465
77370,0.004279,0.002938,0.066284
77380,0.000399,0.000377,0.200925
77390,0.017921,0.013387,0.090081
77400,0.007315,0.005129,0.088867
77410,0.017243,0.013237,0.104318
77420,0.008738,0.006738,0.070535
77430,0.018510,0.014059,0.103643
77440,0.028559,0.021652,0.127786
77450,0.015890,0.012235,0.075951
77460,0.021547,0.016416,0.109455
77470,0.018927,0.014184,0.101005
77480,0.020379,0.015634,0.112050
77490,0.001484,0.001017,0.060280
77500,0.013779,0.010418,0.096010
77510,0.015028,0.011314,0.106072
77520,0.011813,0.009125,0.075612
77530,0.017397,0.013348,0.083350
77540,0.028845,0.023235,0.143832
77550,0.015233,0.011948,0.070640
77560,0.029869,0.022908,0.134610
77570,0.024113,0.018547,0.093760
77580,0.016753,0.012269,0.097029
77590,0.024514,0.019157,0.123005
77600,0.023039,0.015338,0.131566
77610,0.007857,0.005477,0.069930
77620,0.017828,0.013307,0.117480
77630,0.020735,0.015967,0.105977
77640,0.019037,0.014115,0.109292
77650,0.020195,0.015753,0.103901
77660,0.025482,0.019622,0.101597
77670,0.025023,0.019231,0.116824
77680,0.023031,0.017472,0.115629
77690,0.004326,0.003340,0.040003
77700,0.046979,0.035918,0.175638
77710,0.015695,0.011439,0.116138
77720,0.005108,0.003429,0.089297
77730,0.017261,0.013270,0.106786
77740,0.008633,0.006639,0.068593
77750,0.022475,0.016852,0.109576
77760,0.011629,0.008450,0.087375
77770,0.020748,0.015749,0.107660
77780,0.009749,0.007205,0.087566
77790,0.019758,0.015162,0.104133
77800,0.012039,0.008612,0.092446
77810,0.022080,0.017081,0.108300
77820,0.009280,0.006939,0.065447
77830,0.012630,0.009654,0.089282
77840,0.032935,0.025041,0.148681
77850,0.009762,0.007586,0.075761
77860,0.034557,0.026227,0.139599
77870,0.011122,0.008078,0.098437
77880,0.013603,0.010395,0.094565
77890,0.015843,0.012089,0.099390
77900,0.012671,0.009768,0.086056
77910,0.000576,0.000519,0.061434
77920,0.013977,0.010249,0.094137
77930,0.032250,0.024411,0.136016
77940,0.010200,0.007679,0.084877
77950,0.024087,0.018882,0.112614
77960,0.017527,0.013468,0.098907
77970,0.010891,0.008385,0.059409
77980,0.015272,0.011483,0.104777
77990,0.030836,0.023641,0.139347
78000,0.010419,0.007676,0.083965
78010,0.023091,0.018492,0.084029
78020,0.028352,0.021479,0.131243
78030,0.010872,0.007499,0.065425
78040,0.020534,0.015599,0.099695
78050,0.021270,0.016314,0.089211
78060,0.001317,0.000983,0.010287
78070,0.014414,0.010999,0.070425
78080,0.004409,0.003107,0.075792
78090,0.028302,0.021921,0.124257
78100,0.010436,0.007462,0.075328
78110,0.036571,0.027479,0.145621
78120,0.016555,0.012656,0.090817
78130,0.040323,0.030933,0.159160
78140,0.027169,0.020555,0.111224
78150,0.020452,0.015574,0.101771
78160,0.036585,0.027901,0.154167
78170,0.019247,0.014163,0.103498
78180,0.020276,0.015076,0.114421
78190,0.016007,0.011931,0.111334
78200,0.008507,0.006316,0.073911
78210,0.002811,0.002056,0.068474
78220,0.016938,0.012428,0.096361
78230,0.013178,0.010088,0.077227
78240,0.003364,0.002513,0.058788
78250,0.014461,0.010911,0.090362
78260,0.006041,0.004549,0.032477
78270,0.025667,0.019980,0.117784
78280,0.015730,0.011414,0.106825
78290,0.015655,0.011166,0.126225
78300,0.015266,0.011047,0.110684
78310,0.017219,0.013422,0.078994
78320,0.021118,0.016281,0.096678
78330,0.019395,0.014621,0.108095
78340,0.031343,0.023952,0.130282
78350,0.024184,0.018490,0.130115
78360,0.028368,0.022223,0.127410
78370,0.028183,0.021308,0.137245
78380,0.013853,0.010490,0.086002
78390,0.020309,0.015605,0.097947
78400,0.031638,0.024208,0.133494
78410,0.014430,0.011242,0.085492
78420,0.021299,0.016307,0.089859
78430,0.030543,0.023370,0.138703
78440,0.044547,0.034092,0.164265
78450,0.013757,0.010371,0.071641
78460,0.015224,0.011449,0.095091
78470,0.024963,0.018636,0.122385
78480,0.014223,0.010911,0.083559
78490,0.012664,0.009401,0.083309
78500,0.021433,0.016254,0.111122
78510,0.010849,0.008393,0.051030
78520,0.003589,0.002429,0.082924
78530,0.017475,0.013267,0.104753
78540,0.010828,0.008163,0.074278
78550,0.005411,0.003837,0.039478
78560,0.015969,0.011858,0.099675
78570,0.013761,0.010251,0.089979
78580,0.016162,0.012087,0.102343
78590,0.012667,0.009479,0.088864
78600,0.025973,0.019972,0.121252
78610,0.012838,0.009558,0.094282
78620,0.017457,0.012990,0.094317
78630,0.008314,0.006065,0.063017
78640,0.020671,0.015752,0.084225
78650,0.016379,0.012129,0.111025
78660,0.014725,0.011027,0.088853
78670,0.027542,0.021180,0.106530
78680,0.009927,0.006182,0.155430
78690,0.013816,0.010573,0.089061
78700,0.017022,0.012787,0.098832
78710,0.014565,0.010903,0.106905
78720,0.021391,0.016011,0.102328
78730,0.023298,0.017834,0.088228
78740,0.028852,0.021987,0.130760
78750,0.012378,0.009503,0.065518
78760,0.019152,0.014382,0.091199
78770,0.022555,0.017420,0.097836
78780,0.033593,0.025801,0.134976
78790,0.003474,0.002371,0.123500
78800,0.003827,0.002703,0.057931
78810,0.035326,0.026890,0.144687
78820,0.034476,0.027178,0.144952
78830,0.013854,0.010501,0.074888
78840,0.004249,0.003071,0.083306
78850,0.012551,0.009368,0.084035
78860,0.003786,0.002921,0.082917
78870,0.017869,0.014022,0.083248
78880,0.009211,0.007081,0.066627
78890,0.014342,0.011001,0.093647
78900,0.022237,0.016709,0.105513
78910,0.030653,0.023203,0.135027
78920,0.023298,0.018157,0.114808
78930,0.019654,0.015225,0.103959
78940,0.023011,0.017430,0.113606
78950,0.025661,0.019274,0.144546
78960,0.014068,0.010883,0.096040
78970,0.009480,0.006865,0.082098
78980,0.015035,0.011435,0.073755
78990,0.008361,0.006538,0.050361
79000,0.029497,0.022509,0.130151
79010,0.021105,0.016053,0.119755
79020,0.016409,0.012489,0.095219
79030,0.013274,0.009855,0.098870
79040,0.025614,0.019513,0.102158
79050,0.030967,0.024074,0.131855
79060,0.009407,0.007186,0.086057
79070,0.013347,0.009599,0.098802
79080,0.026760,0.020431,0.110970
79090,0.009753,0.007273,0.083878
79100,0.023856,0.017959,0.115949
79110,0.001189,0.000748,0.044961
79120,0.015812,0.012324,0.100210
79130,0.024021,0.018402,0.111427
79140,0.018764,0.013933,0.101025
79150,0.010797,0.007902,0.082768
79160,0.018940,0.014436,0.098293
79170,0.003823,0.002786,0.058364
79180,0.014768,0.011054,0.088718
79190,0.007881,0.005753,0.090905
79200,0.017367,0.013579,0.086064
79210,0.005109,0.003728,0.071993
79220,0.013268,0.009830,0.099531
79230,0.018594,0.014456,0.085963
79240,0.034277,0.026093,0.138953
79250,0.034315,0.026126,0.141730
79260,0.011290,0.008538,0.086723
79270,0.009302,0.006985,0.081568
79280,0.019963,0.015300,0.104939
79290,0.019206,0.014658,0.105797
79300,0.021808,0.016393,0.109077
79310,0.011550,0.008959,0.083145
79320,0.020702,0.015508,0.109287
79330,0.026242,0.020468,0.127522
79340,0.021303,0.016076,0.105930
79350,0.019527,0.014773,0.124855
79360,0.010130,0.007577,0.082197
79370,0.028950,0.022601,0.134265
79380,0.008769,0.005745,0.079632
79390,0.019174,0.014584,0.109239
79400,0.017706,0.013473,0.106955
79410,0.022344,0.016973,0.082665
79420,0.015819,0.012165,0.071160
79430,0.021503,0.018749,0.104135
79440,0.015366,0.011687,0.066838
79450,0.018390,0.014252,0.100756
79460,0.019875,0.014933,0.088241
79470,0.013830,0.010343,0.089074
79480,0.021340,0.016325,0.110273
79490,0.014794,0.011263,0.064631
79500,0.020278,0.015371,0.119913
79510,0.024318,0.017445,0.141914
79520,0.015729,0.012008,0.092540
79530,0.007653,0.005249,0.097464
79540,0.021862,0.016669,0.129879
79550,0.019042,0.014765,0.102806
79560,0.021996,0.016977,0.117555
79570,0.000445,0.000430,0.068580
79580,0.013497,0.010307,0.092449
79590,0.025769,0.019583,0.116650
79600,0.023451,0.018620,0.133361
79610,0.015286,0.011196,0.102647
79620,0.015380,0.011524,0.084715
79630,0.015715,0.012080,0.069306
79640,0.006653,0.005290,0.064891
79650,0.011148,0.008146,0.089453
79660,0.024367,0.018934,0.122984
79670,0.013821,0.010791,0.065371
79680,0.016551,0.012193,0.103885
79690,0.017953,0.013798,0.086449
79700,0.022395,0.017190,0.110855
79710,0.011885,0.009021,0.089577
79720,0.037748,0.028682,0.159607
79730,0.028498,0.021706,0.115371
79740,0.032906,0.025307,0.141757
79750,0.018969,0.014311,0.109537
79760,0.015082,0.011377,0.087673
79770,0.005945,0.003436,0.128420
79780,0.014962,0.011289,0.097926
79790,0.007832,0.005757,0.090325
79800,0.034293,0.026195,0.125206
79810,0.014176,0.010547,0.071273
79820,0.031286,0.023879,0.127769
79830,0.023836,0.018138,0.099233
79840,0.021315,0.016756,0.097689
79850,0.010656,0.007997,0.082017
79860,0.024881,0.018903,0.121005
79870,0.010376,0.007631,0.088371
79880,0.010250,0.007836,0.077741
79890,0.038999,0.030113,0.163504
79900,0.021949,0.016775,0.108202
79910,0.000026,0.000023,0.656300
79920,0.019048,0.015310,0.113995
79930,0.014646,0.011292,0.088504
79940,0.018749,0.014429,0.101812
79950,0.011886,0.009232,0.095047
79960,0.016332,0.012442,0.105989
79970,0.022378,0.017372,0.114479
79980,0.029565,0.022576,0.118214
79990,0.008894,0.006440,0.096945
80000,0.007604,0.005598,0.081322
80010,0.021515,0.016457,0.122158
80020,0.021127,0.016131,0.107496
80030,0.008752,0.006748,0.083621
80040,0.018644,0.014364,0.101688
80050,0.027959,0.021489,0.128207
80060,0.001626,0.001584,0.105491
80070,0.028066,0.021623,0.140227
80080,0.000337,0.000262,0.038774
80090,0.019175,0.014802,0.082565
80100,0.015604,0.011984,0.091993
80110,0.035937,0.027733,0.144750
80120,0.006879,0.005078,0.079704
80130,0.008844,0.006465,0.067665
80140,0.004299,0.002962,0.110892
80150,0.013530,0.010258,0.081673
80160,0.000219,0.000183,0.107834
80170,0.008942,0.006941,0.046807
80180,0.010838,0.008381,0.057614
80190,0.018435,0.014192,0.094058
80200,0.019445,0.014687,0.106035
80210,0.021983,0.016996,0.116650
80220,0.009266,0.006887,0.065635
80230,0.026653,0.020106,0.125965
80240,0.020879,0.015638,0.106800
80250,0.021645,0.016549,0.094680
80260,0.014115,0.010358,0.098988
80270,0.010966,0.007990,0.081528
80280,0.016912,0.013023,0.094640
80290,0.011156,0.008414,0.064680
80300,0.033273,0.025646,0.147353
80310,0.019939,0.014667,0.113996
80320,0.026915,0.021489,0.121183
80330,0.025510,0.019180,0.103065
80340,0.020454,0.015868,0.100319
80350,0.025964,0.020147,0.122257
80360,0.007350,0.005562,0.044492
80370,0.021420,0.016499,0.111440
80380,0.020743,0.015998,0.101888
80390,0.008987,0.006457,0.078915
80400,0.007973,0.006223,0.067432
80410,0.012528,0.009423,0.081340
80420,0.030795,0.023896,0.140561
80430,0.025414,0.019264,0.114103
80440,0.004969,0.003474,0.066090
80450,0.018841,0.014469,0.082167
80460,0.013718,0.010479,0.079409
80470,0.026153,0.020010,0.128590
80480,0.003198,0.002210,0.070685
80490,0.025209,0.018748,0.091922
80500,0.019038,0.014467,0.134706
80510,0.008112,0.005953,0.070889
80520,0.021380,0.016115,0.112521
80530,0.021793,0.016518,0.112839
80540,0.030839,0.024098,0.134681
80550,0.027358,0.021033,0.124293
80560,0.031969,0.024542,0.134915
80570,0.021209,0.016150,0.111765
80580,0.023000,0.017426,0.111234
80590,0.022868,0.017689,0.096485
80600,0.045984,0.035208,0.166437
80610,0.027148,0.020280,0.129631
80620,0.006403,0.005091,0.048958
80630,0.008938,0.006613,0.081206
80640,0.021922,0.016561,0.111111
80650,0.009137,0.006603,0.080189
80660,0.030044,0.022922,0.133498
80670,0.029879,0.022968,0.125948
80680,0.016651,0.012908,0.097038
80690,0.022420,0.017103,0.106348
80700,0.011070,0.008254,0.098559
80710,0.014602,0.011146,0.092555
80720,0.018078,0.013605,0.108981
80730,0.015236,0.011659,0.109393
80740,0.021628,0.016530,0.108819
80750,0.014102,0.010930,0.093086
80760,0.022439,0.017264,0.116751
80770,0.015732,0.011398,0.118020
80780,0.019266,0.014368,0.106543
80790,0.020207,0.015530,0.095062
80800,0.019172,0.014920,0.103399
80810,0.014085,0.010889,0.074310
80820,0.020592,0.015854,0.108774
80830,0.017737,0.013664,0.101045
80840,0.018578,0.014539,0.101032
80850,0.008013,0.006118,0.069784
80860,0.036221,0.027834,0.153731
80870,0.018844,0.014449,0.097885
80880,0.007686,0.005563,0.087873
80890,0.018842,0.014589,0.105618
80900,0.024608,0.019308,0.120984
80910,0.024056,0.017295,0.127722
80920,0.016183,0.012314,0.106626
80930,0.006835,0.005032,0.080101
80940,0.024049,0.018908,0.111951
80950,0.042303,0.032606,0.162354
80960,0.022060,0.016755,0.114445
80970,0.017846,0.013446,0.086915
80980,0.005013,0.003941,0.034414
80990,0.016335,0.012341,0.109718
81000,0.030287,0.023134,0.127733
81010,0.021381,0.016811,0.110822
81020,0.014084,0.010629,0.084373
81030,0.011398,0.008623,0.078663
81040,0.024542,0.018920,0.125571
81050,0.020850,0.015246,0.116976
81060,0.010904,0.008479,0.081155
81070,0.014924,0.011424,0.082906
81080,0.031477,0.024288,0.132239
81090,0.010176,0.007766,0.062757
81100,0.010326,0.007754,0.096208
81110,0.023598,0.018160,0.118189
81120,0.015713,0.011715,0.110573
81130,0.005025,0.003698,0.034755
81140,0.015508,0.011595,0.090381
81150,0.004566,0.003059,0.061344
81160,0.003087,0.002132,0.055168
81170,0.009648,0.007133,0.088339
81180,0.020502,0.015741,0.116274
81190,0.015170,0.011125,0.070930
81200,0.010847,0.008095,0.087973
81210,0.012801,0.010118,0.173769
81220,0.009974,0.007835,0.073398
81230,0.019440,0.014761,0.101640
81240,0.023795,0.017990,0.123662
81250,0.029246,0.022074,0.125230
81260,0.019374,0.014868,0.098626
81270,0.017239,0.013226,0.102196
81280,0.004903,0.003554,0.040717
81290,0.025821,0.019567,0.111848
81300,0.019345,0.015111,0.084973
81310,0.020189,0.015134,0.104178
81320,0.019987,0.015190,0.113232
81330,0.011706,0.008776,0.086412
81340,0.015625,0.011915,0.094395
81350,0.003082,0.002259,0.023716
81360,0.019076,0.014484,0.107784
81370,0.009376,0.007138,0.062618
81380,0.025842,0.019807,0.119545
81390,0.021936,0.016664,0.111451
81400,0.019594,0.014967,0.101698
81410,0.020191,0.015733,0.097618
81420,0.019105,0.014477,0.085911
81430,0.012173,0.009236,0.087894
81440,0.012421,0.009128,0.089597
81450,0.015839,0.012179,0.097801
81460,0.035196,0.027342,0.157848
81470,0.026481,0.020168,0.109504
81480,0.034811,0.026538,0.139832
81490,0.047294,0.035662,0.188165
81500,0.023583,0.017768,0.121964
81510,0.027406,0.020928,0.122994
81520,0.003312,0.002325,0.083935
81530,0.000002,0.000003,0.000008
81540,0.020810,0.015862,0.109263
81550,0.018451,0.014306,0.101476
81560,0.016233,0.012618,0.087242
81570,0.011124,0.008414,0.063209
81580,0.019662,0.015175,0.093011
81590,0.036810,0.028614,0.144829
81600,0.023795,0.017938,0.121366
81610,0.008512,0.006398,0.076480
81620,0.016883,0.012957,0.096718
81630,0.020685,0.015775,0.118141
81640,0.018080,0.013809,0.076816
81650,0.008042,0.005775,0.087863
81660,0.018800,0.014182,0.103826
81670,0.016500,0.012579,0.095882
81680,0.005811,0.004072,0.127701
81690,0.019730,0.014748,0.109329
81700,0.001504,0.001066,0.046456
81710,0.017768,0.013387,0.085097
81720,0.007887,0.005892,0.041843
81730,0.024846,0.019351,0.118047
81740,0.011893,0.008896,0.088037
81750,0.007301,0.005664,0.084625
81760,0.019688,0.015118,0.103550
81770,0.021464,0.016220,0.120139
81780,0.026404,0.020224,0.109230
81790,0.023267,0.017825,0.111448
81800,0.015747,0.011650,0.103481
81810,0.019086,0.014511,0.104191
81820,0.016250,0.012330,0.070733
81830,0.004988,0.003743,0.029458
81840,0.027742,0.021406,0.131742
81850,0.014558,0.010793,0.091412
81860,0.036102,0.028103,0.133130
81870,0.019382,0.014563,0.103648
81880,0.038503,0.029626,0.152430
81890,0.008921,0.006734,0.090982
81900,0.010751,0.007876,0.076413
81910,0.001307,0.000895,0.055522
81920,0.026601,0.020405,0.125032
81930,0.021176,0.016411,0.108204
81940,0.026777,0.020332,0.118896
81950,0.011182,0.008404,0.084551
81960,0.043292,0.033538,0.157923
81970,0.041197,0.031327,0.156779
81980,0.018086,0.013356,0.113265
81990,0.012486,0.009544,0.060884
82000,0.011753,0.008389,0.109349
82010,0.018536,0.014061,0.094760
82020,0.020355,0.015702,0.099695
82030,0.009414,0.006944,0.090633
82040,0.010243,0.007864,0.073101
82050,0.016925,0.013050,0.104257
82060,0.017420,0.013219,0.109646
82070,0.030250,0.023572,0.123872
82080,0.002681,0.002230,0.056859
82090,0.012675,0.009928,0.057292
82100,0.019028,0.014485,0.088231
82110,0.030071,0.022886,0.133916
82120,0.019044,0.014537,0.098157
82130,0.013919,0.010855,0.060183
82140,0.019771,0.014990,0.107648
82150,0.018865,0.014734,0.098414
82160,0.030449,0.022722,0.146432
82170,0.021684,0.016396,0.112060
82180,0.035967,0.027152,0.140584
82190,0.007812,0.005486,0.138242
82200,0.027042,0.020482,0.115095
82210,0.028990,0.022092,0.126890
82220,0.024593,0.018799,0.109352
82230,0.011147,0.008732,0.083369
82240,0.025811,0.020047,0.108761
82250,0.023604,0.017945,0.119323
82260,0.007457,0.006026,0.030884
82270,0.021380,0.016499,0.127329
82280,0.008736,0.006683,0.078173
82290,0.017978,0.013812,0.107506
82300,0.009599,0.007385,0.069317
82310,0.019133,0.014725,0.094380
82320,0.021117,0.016373,0.097160
82330,0.017008,0.012441,0.119090
82340,0.028151,0.021675,0.119560
82350,0.030862,0.023115,0.138166
82360,0.022282,0.016532,0.123137
82370,0.014916,0.011345,0.078361
82380,0.003782,0.002767,0.063203
82390,0.021480,0.016502,0.105180
82400,0.022858,0.017227,0.118364
82410,0.018718,0.014314,0.103977
82420,0.006421,0.004638,0.043697
82430,0.012125,0.009179,0.105986
82440,0.009511,0.006897,0.076590
82450,0.017488,0.013124,0.103714
82460,0.036267,0.027729,0.148284
82470,0.018961,0.014348,0.101608
82480,0.026586,0.020215,0.121746
82490,0.028743,0.021986,0.127306
82500,0.023279,0.017355,0.120669
82510,0.030371,0.022897,0.128480
82520,0.012077,0.009378,0.064793
82530,0.017190,0.013123,0.098134
82540,0.016526,0.012440,0.093817
82550,0.031133,0.023759,0.128996
82560,0.017581,0.013440,0.079430
82570,0.022323,0.017273,0.110745
82580,0.008455,0.006184,0.068210
82590,0.009991,0.007638,0.083728
82600,0.027559,0.021103,0.125395
82610,0.027396,0.020920,0.124299
82620,0.027227,0.020617,0.126167
82630,0.034599,0.026369,0.132447
82640,0.030254,0.023348,0.123955
82650,0.024808,0.019046,0.114524
82660,0.005201,0.003980,0.050745
82670,0.008447,0.006269,0.073603
82680,0.015812,0.012146,0.071776
82690,0.017523,0.013354,0.098199
82700,0.025846,0.019793,0.124723
82710,0.017310,0.013670,0.093473
82720,0.027888,0.021176,0.116152
82730,0.022382,0.016983,0.099030
82740,0.027426,0.020892,0.128091
82750,0.021180,0.016237,0.114531
82760,0.018834,0.014604,0.078695
82770,0.014076,0.010706,0.098068
82780,0.024358,0.018804,0.118065
82790,0.022744,0.017316,0.119692
82800,0.009065,0.006975,0.070065
82810,0.024217,0.018585,0.118247
82820,0.011322,0.008456,0.069042
82830,0.019776,0.015117,0.114866
82840,0.015462,0.011204,0.093881
82850,0.015848,0.011867,0.088236
82860,0.017778,0.013282,0.110506
82870,0.026924,0.020540,0.120068
82880,0.009752,0.007236,0.073699
82890,0.016991,0.012886,0.095726
82900,0.015649,0.011887,0.098149
82910,0.018109,0.013806,0.094546
82920,0.025661,0.019140,0.123504
82930,0.042377,0.032441,0.159343
82940,0.014817,0.011217,0.101614
82950,0.000734,0.000574,0.023133
82960,0.013353,0.009766,0.096218
82970,0.029328,0.022989,0.137741
82980,0.039508,0.030386,0.142533
82990,0.026827,0.020373,0.127000
83000,0.011996,0.008430,0.098034
83010,0.004812,0.003342,0.097953
83020,0.019943,0.015378,0.102161
83030,0.011049,0.008430,0.088873
83040,0.028420,0.021814,0.129192
83050,0.008344,0.006134,0.068531
83060,0.043166,0.032998,0.163012
83070,0.019621,0.014712,0.109267
83080,0.012202,0.009224,0.098828
83090,0.026505,0.020268,0.122185
83100,0.002332,0.001700,0.020590
83110,0.031914,0.024568,0.142033
83120,0.014104,0.010569,0.097129
83130,0.033498,0.025783,0.124598
83140,0.026620,0.020387,0.130776
83150,0.022077,0.016738,0.113958
83160,0.018064,0.013883,0.076407
83170,0.019477,0.015172,0.105961
83180,0.018717,0.014315,0.096391
83190,0.033835,0.025556,0.137570
83200,0.014775,0.011045,0.095024
83210,0.014526,0.010757,0.105007
83220,0.011440,0.008482,0.076533
83230,0.007472,0.005596,0.045082
83240,0.035955,0.027512,0.146772
83250,0.032528,0.024686,0.139409
83260,0.024456,0.018618,0.112429
83270,0.011058,0.008194,0.092729
83280,0.025839,0.019657,0.125218
83290,0.017941,0.013368,0.113388
83300,0.011587,0.009022,0.065688
83310,0.029742,0.022564,0.127991
83320,0.008297,0.006217,0.074111
83330,0.024644,0.018964,0.122387
83340,0.039107,0.030181,0.158063
83350,0.018046,0.013484,0.104869
83360,0.015583,0.011973,0.091563
83370,0.025619,0.019269,0.134810
83380,0.001170,0.000863,0.109311
83390,0.030260,0.022981,0.125357
83400,0.010505,0.007914,0.086668
83410,0.009393,0.006896,0.080452
83420,0.005063,0.003529,0.065628
83430,0.021890,0.016662,0.118036
83440,0.019734,0.014763,0.098712
83450,0.004621,0.003207,0.061402
83460,0.012302,0.009123,0.113004
83470,0.011986,0.008857,0.100991
83480,0.010260,0.007431,0.087631
83490,0.020227,0.015117,0.114448
83500,0.008793,0.006668,0.049742
83510,0.031016,0.023829,0.137071
83520,0.030450,0.023330,0.128138
83530,0.010228,0.007919,0.057348
83540,0.012386,0.009290,0.078779
83550,0.019711,0.015194,0.106665
83560,0.015903,0.011889,0.113147
83570,0.027472,0.020956,0.128382
83580,0.017240,0.012991,0.104473
83590,0.011291,0.008413,0.093045
83600,0.024286,0.019329,0.112634
83610,0.021495,0.016577,0.107704
83620,0.012868,0.009963,0.065181
83630,0.003555,0.002301,0.100084
83640,0.028057,0.021463,0.123813
83650,0.025850,0.019968,0.119154
83660,0.035495,0.026931,0.146505
83670,0.016671,0.012481,0.111910
83680,0.014814,0.011184,0.107764
83690,0.034720,0.026813,0.141937
83700,0.029353,0.023706,0.124352
83710,0.008438,0.006928,0.048825
83720,0.015499,0.011805,0.090389
83730,0.015864,0.011958,0.099042
83740,0.009361,0.007023,0.055448
83750,0.007652,0.005804,0.059570
83760,0.011807,0.008657,0.084336
83770,0.016941,0.013135,0.083388
83780,0.020637,0.015939,0.113037
83790,0.023374,0.018001,0.109533
83800,0.019486,0.014783,0.110766
83810,0.000000,0.000000,0.000001
83820,0.040045,0.030321,0.157993
83830,0.025918,0.020039,0.115176
83840,0.012084,0.009293,0.098912
83850,0.019372,0.014747,0.085279
83860,0.029302,0.022145,0.117094
83870,0.003640,0.002786,0.027241
83880,0.000000,0.000000,0.000000
83890,0.025281,0.019506,0.114889
83900,0.017659,0.013432,0.124076
83910,0.034816,0.026471,0.145489
83920,0.038050,0.028903,0.135401
83930,0.004282,0.003196,0.071096
83940,0.010410,0.007669,0.087072
83950,0.017714,0.013058,0.112556
83960,0.018998,0.014228,0.101182
83970,0.019041,0.014550,0.099206
83980,0.016674,0.012848,0.085024
83990,0.029363,0.022660,0.132797
84000,0.004345,0.003090,0.073016
84010,0.020251,0.015519,0.099333
84020,0.009367,0.006810,0.080354
84030,0.012811,0.009551,0.084793
84040,0.005222,0.003933,0.066053
84050,0.011355,0.008532,0.060932
84060,0.012511,0.009248,0.092164
84070,0.017017,0.012688,0.109887
84080,0.011292,0.008613,0.061437
84090,0.013779,0.010600,0.086526
84100,0.021057,0.016238,0.102682
84110,0.021489,0.016271,0.117420
84120,0.014760,0.011300,0.090447
84130,0.030695,0.023386,0.130022
84140,0.017151,0.012594,0.121295
84150,0.019685,0.014888,0.103925
84160,0.013471,0.010289,0.096187
84170,0.019454,0.014219,0.115920
84180,0.000359,0.000200,0.010148
84190,0.009522,0.007309,0.053203
84200,0.011089,0.008174,0.081252
84210,0.019995,0.015451,0.110670
84220,0.008333,0.006143,0.071946
84230,0.013868,0.010238,0.090999
84240,0.021141,0.016110,0.107743
84250,0.027877,0.021151,0.132236
84260,0.002227,0.001675,0.072366
84270,0.012314,0.009425,0.066633
84280,0.018095,0.013536,0.100081
84290,0.025137,0.019201,0.136605
84300,0.022185,0.017021,0.110823
84310,0.000741,0.000568,0.005131
84320,0.029430,0.022333,0.127407
84330,0.009936,0.007678,0.085744
84340,0.021812,0.016834,0.102142
84350,0.023475,0.017834,0.117530
84360,0.001572,0.001254,0.087524
84370,0.041252,0.031833,0.163533
84380,0.004421,0.003048,0.083165
84390,0.012793,0.009691,0.089690
84400,0.008846,0.006503,0.088193
84410,0.010662,0.008395,0.082573
84420,0.026632,0.020617,0.123798
84430,0.010810,0.008075,0.073033
84440,0.016909,0.012722,0.099648
84450,0.005381,0.003782,0.082843
84460,0.011175,0.008310,0.084492
84470,0.021620,0.016585,0.101492
84480,0.013580,0.010199,0.082515
84490,0.016810,0.013206,0.081134
84500,0.013442,0.010362,0.081588
84510,0.020997,0.016023,0.106683
84520,0.013113,0.009813,0.080937
84530,0.006646,0.004717,0.086465
84540,0.006226,0.004274,0.089007
84550,0.025925,0.020091,0.122744
84560,0.036559,0.027730,0.153902
84570,0.003863,0.002824,0.066031
84580,0.011873,0.008868,0.077110
84590,0.014226,0.010848,0.064255
84600,0.016624,0.012432,0.117008
84610,0.016165,0.011764,0.108508
84620,0.011223,0.008563,0.076761
84630,0.023772,0.018221,0.123230
84640,0.010698,0.008106,0.078047
84650,0.024608,0.019016,0.137230
84660,0.010283,0.007783,0.079409
84670,0.016065,0.012358,0.084253
84680,0.016081,0.012302,0.100669
84690,0.037731,0.029223,0.163338
84700,0.027748,0.021168,0.129280
84710,0.013111,0.010269,0.082257
84720,0.010994,0.008476,0.078755
84730,0.047051,0.035954,0.176082
84740,0.013415,0.010231,0.061589
84750,0.029033,0.021999,0.138634
84760,0.011486,0.008713,0.081062
84770,0.020129,0.015089,0.105966
84780,0.026499,0.020361,0.113684
84790,0.010579,0.008357,0.068017
84800,0.015182,0.011585,0.086039
84810,0.015939,0.010670,0.130209
84820,0.007684,0.006034,0.041915
84830,0.029529,0.022261,0.133687
84840,0.010932,0.008159,0.083090
84850,0.008369,0.006059,0.094036
84860,0.025968,0.020031,0.116651
84870,0.030829,0.023724,0.126541
84880,0.006610,0.004869,0.086136
84890,0.014301,0.010798,0.077615
84900,0.009695,0.007492,0.090324
84910,0.017764,0.013528,0.082092
84920,0.020718,0.016006,0.093954
84930,0.010153,0.007692,0.065278
84940,0.007836,0.005668,0.094486
84950,0.010676,0.008146,0.056517
84960,0.035431,0.027480,0.145925
84970,0.017627,0.013157,0.095237
84980,0.022093,0.016880,0.101056
84990,0.020853,0.015711,0.111482
85000,0.006306,0.004446,0.071002
85010,0.022744,0.017431,0.106482
85020,0.006981,0.005000,0.076817
85030,0.030278,0.022928,0.138605
85040,0.013144,0.009896,0.069934
85050,0.024523,0.018614,0.116177
85060,0.019117,0.014878,0.099663
85070,0.014060,0.010659,0.087439
85080,0.023223,0.017757,0.121094
85090,0.019357,0.014789,0.088839
85100,0.018515,0.014280,0.100662
85110,0.015776,0.012022,0.095333
85120,0.023438,0.017920,0.117140
85130,0.009640,0.007011,0.074782
85140,0.018624,0.013837,0.096836
85150,0.022226,0.017079,0.100419
85160,0.010118,0.007552,0.091048
85170,0.024825,0.018977,0.120245
85180,0.017372,0.013503,0.092700
85190,0.024367,0.018530,0.126630
85200,0.014775,0.011319,0.088152
85210,0.016514,0.012585,0.092259
85220,0.019032,0.014775,0.092487
85230,0.016155,0.012362,0.086711
85240,0.009318,0.007160,0.085876
85250,0.024825,0.019106,0.113289
85260,0.028099,0.020010,0.146735
85270,0.011457,0.008690,0.082216
85280,0.030660,0.023438,0.137235
85290,0.014606,0.010855,0.102543
85300,0.022107,0.016738,0.129418
85310,0.025484,0.019598,0.128115
85320,0.022777,0.017042,0.124505
85330,0.031084,0.024149,0.123598
85340,0.020498,0.015581,0.106872
85350,0.022991,0.017097,0.124608
85360,0.026164,0.020324,0.116073
85370,0.009773,0.007617,0.057185
85380,0.023455,0.018102,0.116038
85390,0.017143,0.013121,0.113834
85400,0.015449,0.011651,0.097597
85410,0.034589,0.027044,0.146074
85420,0.009851,0.007610,0.072622
85430,0.015854,0.011676,0.105102
85440,0.002841,0.002142,0.071061
85450,0.003735,0.002680,0.040850
85460,0.013788,0.010717,0.060574
85470,0.028003,0.021474,0.129504
85480,0.023071,0.016317,0.105053
85490,0.022199,0.016906,0.117211
85500,0.024329,0.018329,0.117290
85510,0.009653,0.007099,0.080808
85520,0.015208,0.011675,0.082382
85530,0.022700,0.016754,0.135852
85540,0.014558,0.010963,0.096702
85550,0.028164,0.021649,0.127411
85560,0.006011,0.004749,0.091875
85570,0.023759,0.018068,0.121230
85580,0.031885,0.024431,0.127410
85590,0.030612,0.023442,0.137573
85600,0.017785,0.013853,0.104745
85610,0.017628,0.013595,0.081435
85620,0.012076,0.009084,0.104653
85630,0.005075,0.003818,0.038796
85640,0.025576,0.020028,0.110048
85650,0.018609,0.013945,0.098794
85660,0.020848,0.015837,0.105312
85670,0.031341,0.024032,0.108632
85680,0.010382,0.007922,0.062476
85690,0.011875,0.009357,0.081409
85700,0.010613,0.008030,0.055161
85710,0.016004,0.011830,0.093678
85720,0.008124,0.005140,0.104142
85730,0.024776,0.019027,0.115505
85740,0.017454,0.013665,0.098383
85750,0.030960,0.024270,0.126412
85760,0.022823,0.017378,0.110855
85770,0.005729,0.004278,0.033279
85780,0.024243,0.018839,0.123053
85790,0.022923,0.017776,0.108256
85800,0.016066,0.012593,0.079336
85810,0.028464,0.021805,0.135937
85820,0.019982,0.015230,0.098074
85830,0.007306,0.005495,0.063195
85840,0.034575,0.026310,0.144702
85850,0.028068,0.021225,0.124578
85860,0.014666,0.011160,0.093070
85870,0.028501,0.021645,0.126802
85880,0.017770,0.013691,0.082140
85890,0.005468,0.003789,0.078059
85900,0.016114,0.012530,0.090103
85910,0.030740,0.023540,0.123992
85920,0.009968,0.007524,0.083019
85930,0.000028,0.000026,0.000091
85940,0.009903,0.007387,0.080035
85950,0.031597,0.024264,0.130786
85960,0.006007,0.004371,0.093766
85970,0.005965,0.004160,0.058774
85980,0.005272,0.003960,0.033071
85990,0.020620,0.015744,0.112277
86000,0.019368,0.015252,0.104972
86010,0.009635,0.007178,0.075974
86020,0.010714,0.008278,0.075168
86030,0.007117,0.004941,0.061639
86040,0.015651,0.012587,0.096747
86050,0.019109,0.014607,0.110638
86060,0.013311,0.009435,0.108595
86070,0.017015,0.012872,0.093623
86080,0.013169,0.009936,0.091170
86090,0.028494,0.021635,0.135556
86100,0.023247,0.017634,0.121898
86110,0.020973,0.015779,0.115795
86120,0.029585,0.022930,0.124862
86130,0.018674,0.014287,0.081977
86140,0.010080,0.007751,0.085860
86150,0.025364,0.018961,0.113247
86160,0.025963,0.019751,0.131575
86170,0.001262,0.001066,0.011693
86180,0.024066,0.018312,0.102822
86190,0.019998,0.014719,0.100310
86200,0.015850,0.011998,0.097891
86210,0.016232,0.012348,0.079722
86220,0.033999,0.026174,0.131001
86230,0.006915,0.005390,0.064498
86240,0.022102,0.016858,0.099045
86250,0.011124,0.007990,0.100118
86260,0.029258,0.022437,0.117871
86270,0.030493,0.023588,0.131878
86280,0.008270,0.006490,0.059265
86290,0.022730,0.017414,0.107385
86300,0.020393,0.015642,0.090657
86310,0.016505,0.012497,0.096467
86320,0.016171,0.011983,0.093382
86330,0.016793,0.012780,0.081289
86340,0.023141,0.017773,0.115943
86350,0.021224,0.015908,0.119195
86360,0.019119,0.014517,0.113384
86370,0.020179,0.015290,0.089064
86380,0.026010,0.019988,0.112934
86390,0.017284,0.012761,0.095746
86400,0.026092,0.019764,0.113315
86410,0.028348,0.021823,0.129982
86420,0.008399,0.006031,0.072801
86430,0.009517,0.006951,0.118667
86440,0.025108,0.019673,0.108454
86450,0.008260,0.006086,0.148733
86460,0.005351,0.003753,0.068025
86470,0.035595,0.027466,0.147563
86480,0.026495,0.020131,0.120262
86490,0.008543,0.006406,0.070272
86500,0.003917,0.002688,0.053449
86510,0.015454,0.011580,0.111408
86520,0.015055,0.011297,0.058712
86530,0.023698,0.018703,0.092196
86540,0.009704,0.007327,0.053661
86550,0.021141,0.015879,0.109068
86560,0.008985,0.006620,0.090017
86570,0.020154,0.015407,0.107856
86580,0.020453,0.015213,0.102195
86590,0.029931,0.022801,0.133189
86600,0.019183,0.014710,0.100650
86610,0.003004,0.002267,0.027799
86620,0.029202,0.022136,0.130628
86630,0.031171,0.023663,0.137706
86640,0.026931,0.021023,0.120709
86650,0.022713,0.017373,0.105393
86660,0.001460,0.001056,0.013053
86670,0.018454,0.013926,0.106669
86680,0.018721,0.013686,0.113624
86690,0.029575,0.022531,0.132421
86700,0.011239,0.008547,0.079281
86710,0.010875,0.008308,0.047855
86720,0.013376,0.010034,0.102120
86730,0.027714,0.020995,0.120760
86740,0.010360,0.007711,0.079546
86750,0.023069,0.017962,0.104316
86760,0.016044,0.012253,0.091430
86770,0.018894,0.014638,0.097213
86780,0.011304,0.008540,0.094978
86790,0.035283,0.027029,0.146665
86800,0.016805,0.012711,0.105683
86810,0.010758,0.007835,0.087953
86820,0.016908,0.012995,0.079117
86830,0.024986,0.019430,0.120425
86840,0.009172,0.006629,0.080390
86850,0.019514,0.014549,0.103224
86860,0.009762,0.007257,0.083335
86870,0.036597,0.028506,0.157291
86880,0.034517,0.026092,0.141383
86890,0.018730,0.014206,0.105268
86900,0.018287,0.014361,0.070683
86910,0.001612,0.001309,0.016855
86920,0.055440,0.042374,0.198304
86930,0.028706,0.021639,0.123624
86940,0.019099,0.014629,0.101066
86950,0.015061,0.011565,0.105918
86960,0.018659,0.014343,0.101911
86970,0.008133,0.006957,0.082156
86980,0.019564,0.014851,0.108515
86990,0.020875,0.015726,0.109508
87000,0.028387,0.021888,0.121031
87010,0.010424,0.007697,0.097514
87020,0.034675,0.026958,0.144537
87030,0.009948,0.007104,0.078969
87040,0.016170,0.012075,0.071320
87050,0.019121,0.014606,0.097664
87060,0.026907,0.020831,0.127892
87070,0.023857,0.018280,0.115022
87080,0.018109,0.013763,0.078519
87090,0.020847,0.015862,0.099072
87100,0.021200,0.016055,0.115458
87110,0.016834,0.012666,0.091276
87120,0.004161,0.002880,0.073479
87130,0.003812,0.002682,0.047987
87140,0.012139,0.009246,0.092638
87150,0.019721,0.015169,0.080479
87160,0.014206,0.010994,0.079998
87170,0.017060,0.012700,0.095751
87180,0.016561,0.012639,0.109979
87190,0.038825,0.029465,0.151343
87200,0.024027,0.018417,0.108464
87210,0.027946,0.021336,0.123547
87220,0.024437,0.018779,0.109576
87230,0.038352,0.029549,0.153294
87240,0.019225,0.014645,0.099202
87250,0.017303,0.012554,0.111138
87260,0.025112,0.019209,0.115437
87270,0.000000,0.000001,0.000001
87280,0.011150,0.008652,0.056841
87290,0.012267,0.009081,0.078593
87300,0.022316,0.016753,0.111767
87310,0.034424,0.027120,0.129731
87320,0.020019,0.015048,0.107416
87330,0.023711,0.017950,0.132436
87340,0.005812,0.004449,0.072042
87350,0.027316,0.020972,0.118397
87360,0.015921,0.012126,0.086146
87370,0.009098,0.006738,0.083523
87380,0.024405,0.018877,0.118693
87390,0.011126,0.008369,0.079789
87400,0.031974,0.024384,0.134922
87410,0.023884,0.018032,0.112980
87420,0.031526,0.023918,0.142775
87430,0.025094,0.019392,0.120600
87440,0.024069,0.018557,0.117296
87450,0.015765,0.012183,0.097479
87460,0.011569,0.009100,0.083385
87470,0.018940,0.014566,0.103048
87480,0.035376,0.026953,0.145594
87490,0.021878,0.016773,0.099403
87500,0.019871,0.014945,0.117382
87510,0.002524,0.001671,0.049186
87520,0.018043,0.013714,0.105910
87530,0.014956,0.011175,0.094166
87540,0.020771,0.015739,0.112231
87550,0.032548,0.024641,0.143887
87560,0.018707,0.014469,0.101687
87570,0.003249,0.002326,0.055341
87580,0.022299,0.017017,0.111647
87590,0.019837,0.015364,0.078712
87600,0.020993,0.016499,0.092513
87610,0.017171,0.013112,0.092731
87620,0.017626,0.013064,0.106373
87630,0.013960,0.010270,0.098917
87640,0.021849,0.016550,0.114120
87650,0.004010,0.002811,0.053683
87660,0.010793,0.008338,0.051816
87670,0.010947,0.008331,0.076504
87680,0.011497,0.008824,0.082764
87690,0.011077,0.009288,0.093486
87700,0.018493,0.014193,0.103482
87710,0.020983,0.016513,0.086821
87720,0.011974,0.008910,0.095700
87730,0.038296,0.029043,0.153826
87740,0.012361,0.009642,0.090147
87750,0.020642,0.015325,0.119208
87760,0.011729,0.009439,0.059366
87770,0.023653,0.018052,0.120405
87780,0.002109,0.001779,0.016729
87790,0.028335,0.020559,0.127459
87800,0.008719,0.006376,0.103176
87810,0.016369,0.012344,0.091348
87820,0.021662,0.016395,0.114413
87830,0.015439,0.011630,0.090150
87840,0.009173,0.006152,0.085660
87850,0.012138,0.009106,0.104698
87860,0.030343,0.023236,0.133619
87870,0.012859,0.009581,0.086689
87880,0.002466,0.001415,0.107137
87890,0.020597,0.015650,0.113170
87900,0.015006,0.011500,0.106112
87910,0.028891,0.023392,0.123637
87920,0.013617,0.010340,0.108393
87930,0.036599,0.027782,0.145885
87940,0.017628,0.013367,0.105070
87950,0.025033,0.019435,0.123613
87960,0.008714,0.006477,0.077949
87970,0.019555,0.015002,0.099956
87980,0.004332,0.003121,0.075922
87990,0.015589,0.011475,0.117139
88000,0.018459,0.014212,0.081042
88010,0.016248,0.012538,0.073080
88020,0.009503,0.007165,0.087577
88030,0.010154,0.007423,0.084848
88040,0.009741,0.007465,0.072562
88050,0.001962,0.001266,0.028607
88060,0.009782,0.007588,0.072176
88070,0.009878,0.007370,0.076343
88080,0.023516,0.017653,0.119222
88090,0.026346,0.020237,0.128102
88100,0.009820,0.007362,0.069785
88110,0.004437,0.003386,0.027380
88120,0.016493,0.012498,0.108962
88130,0.015671,0.011743,0.110434
88140,0.005191,0.003860,0.070268
88150,0.033947,0.026249,0.137781
88160,0.041214,0.031479,0.165031
88170,0.027343,0.020532,0.124376
88180,0.009584,0.007330,0.053638
88190,0.016680,0.012704,0.086235
88200,0.015482,0.011938,0.068523
88210,0.006886,0.005358,0.089789
88220,0.019247,0.014851,0.096197
88230,0.020000,0.015098,0.091748
88240,0.014642,0.011311,0.082136
88250,0.008927,0.006776,0.073504
88260,0.019582,0.014635,0.106478
88270,0.021959,0.016692,0.096637
88280,0.013939,0.010519,0.090098
88290,0.018683,0.014049,0.101632
88300,0.019913,0.014953,0.110228
88310,0.023363,0.017650,0.113407
88320,0.002723,0.001669,0.090868
88330,0.013261,0.010122,0.088101
88340,0.015849,0.011868,0.089366
88350,0.035306,0.026880,0.141361
88360,0.016021,0.012159,0.090241
88370,0.012562,0.009602,0.093129
88380,0.012847,0.009469,0.090480
88390,0.017916,0.013570,0.097291
88400,0.028573,0.022226,0.117807
88410,0.008397,0.006111,0.098803
88420,0.014237,0.010799,0.063811
88430,0.009004,0.006911,0.049835
88440,0.032470,0.024895,0.131933
88450,0.009483,0.007382,0.047834
88460,0.004158,0.002665,0.086275
88470,0.025099,0.019481,0.116202
88480,0.022826,0.017815,0.122011
88490,0.007617,0.005825,0.085147
88500,0.021564,0.016521,0.105676
88510,0.003125,0.002356,0.051811
88520,0.023075,0.017918,0.114958
88530,0.002705,0.001936,0.062589
88540,0.026020,0.019804,0.131388
88550,0.015430,0.011673,0.095272
88560,0.019581,0.014704,0.123278
88570,0.011310,0.008399,0.091444
88580,0.028262,0.021325,0.128327
88590,0.023583,0.018272,0.112702
88600,0.008144,0.005803,0.105742
88610,0.027992,0.021530,0.124648
88620,0.001665,0.001185,0.011237
88630,0.011018,0.008502,0.101395
88640,0.025467,0.019375,0.117999
88650,0.010940,0.007974,0.084400
88660,0.017381,0.012914,0.110084
88670,0.011936,0.008877,0.080322
88680,0.030881,0.023165,0.136777
88690,0.016025,0.012696,0.105931
88700,0.021314,0.016460,0.120645
88710,0.008053,0.005864,0.071878
88720,0.016395,0.012671,0.080746
88730,0.025996,0.019695,0.126683
88740,0.003227,0.002351,0.026201
88750,0.022260,0.016801,0.115941
88760,0.026777,0.020331,0.122443
88770,0.015245,0.011833,0.095255
88780,0.035445,0.027008,0.147029
88790,0.008222,0.006382,0.065143
88800,0.025303,0.019221,0.126752
88810,0.049365,0.037397,0.182381
88820,0.042064,0.032245,0.157147
88830,0.003528,0.002505,0.072062
88840,0.021765,0.016878,0.089361
88850,0.016818,0.012689,0.095031
88860,0.025465,0.019331,0.123950
88870,0.017811,0.013359,0.096075
88880,0.018361,0.014376,0.085924
88890,0.001033,0.000691,0.047209
88900,0.005154,0.003486,0.118267
88910,0.012840,0.009401,0.068967
88920,0.025123,0.019062,0.113283
88930,0.006688,0.004938,0.064522
88940,0.020361,0.015584,0.092598
88950,0.016634,0.012782,0.101775
88960,0.004330,0.003238,0.071313
88970,0.028848,0.021986,0.125564
88980,0.010783,0.007626,0.103601
88990,0.025789,0.019678,0.124442
89000,0.019170,0.014303,0.114457
89010,0.020582,0.015658,0.098597
89020,0.010106,0.007641,0.083445
89030,0.022608,0.017794,0.127221
89040,0.023892,0.018564,0.122312
89050,0.001198,0.000983,0.030023
89060,0.007729,0.005565,0.082637
89070,0.017431,0.013190,0.096855
89080,0.027364,0.020999,0.127788
89090,0.027024,0.020567,0.123738
89100,0.004327,0.003434,0.026213
89110,0.015368,0.011867,0.077171
89120,0.012314,0.009079,0.092160
89130,0.001957,0.001500,0.015449
89140,0.011240,0.008441,0.083358
89150,0.022202,0.016744,0.120368
89160,0.008072,0.006218,0.044239
89170,0.031345,0.023936,0.125370
89180,0.008716,0.006707,0.076330
89190,0.032769,0.024915,0.133016
89200,0.014409,0.010951,0.100949
89210,0.028366,0.021741,0.131845
89220,0.023458,0.017793,0.118105
89230,0.024285,0.018574,0.100088
89240,0.012952,0.009549,0.087901
89250,0.013552,0.010110,0.098124
89260,0.042195,0.032553,0.146154
89270,0.030455,0.023225,0.119695
89280,0.036672,0.028807,0.157100
89290,0.007595,0.005840,0.038308
89300,0.002974,0.002114,0.073625
89310,0.028862,0.022173,0.111706
89320,0.034486,0.026165,0.156519
89330,0.013628,0.010081,0.111201
89340,0.029091,0.022456,0.132843
89350,0.000001,0.000000,0.000001
89360,0.002702,0.001817,0.061991
89370,0.022079,0.017064,0.106845
89380,0.007934,0.006052,0.069845
89390,0.011480,0.008852,0.056445
89400,0.023335,0.017712,0.111615
89410,0.011889,0.009118,0.079387
89420,0.016158,0.012439,0.093424
89430,0.012148,0.009141,0.096255
89440,0.037163,0.028743,0.142389
89450,0.028821,0.021985,0.129766
89460,0.015399,0.011466,0.098528
89470,0.007143,0.005291,0.062308
89480,0.018090,0.013561,0.096549
89490,0.026517,0.020375,0.116712
89500,0.018253,0.014162,0.105184
89510,0.012613,0.009534,0.091818
89520,0.019414,0.014913,0.095721
89530,0.017305,0.013208,0.106064
89540,0.030336,0.023122,0.127543
89550,0.019435,0.014844,0.111520
89560,0.031854,0.025022,0.125671
89570,0.024203,0.018678,0.108785
89580,0.016213,0.012602,0.074461
89590,0.011225,0.008263,0.123116
89600,0.013406,0.009898,0.111045
89610,0.034106,0.026284,0.146385
89620,0.021427,0.016294,0.098640
89630,0.012792,0.009515,0.102202
89640,0.014650,0.011372,0.084558
89650,0.020766,0.016480,0.105342
89660,0.018347,0.014524,0.091295
89670,0.010307,0.008233,0.057491
89680,0.002458,0.001717,0.081105
89690,0.039614,0.030179,0.153964
89700,0.009028,0.006704,0.050844
89710,0.007971,0.005865,0.082650
89720,0.015334,0.012038,0.078827
89730,0.008946,0.006674,0.072255
89740,0.027927,0.021191,0.113909
89750,0.019222,0.014686,0.083369
89760,0.008740,0.006516,0.065957
89770,0.013657,0.010361,0.089191
89780,0.015214,0.011470,0.091601
89790,0.017366,0.013218,0.104855
89800,0.029199,0.022551,0.122481
89810,0.020164,0.015179,0.108604
89820,0.008956,0.006748,0.068050
89830,0.020234,0.018432,0.103913
89840,0.010067,0.007666,0.082008
89850,0.009883,0.007554,0.066407
89860,0.001677,0.001117,0.102367
89870,0.022334,0.017294,0.113676
89880,0.015387,0.011837,0.069030
89890,0.011931,0.008973,0.097801
89900,0.015109,0.011462,0.084615
89910,0.020690,0.015743,0.109430
89920,0.010121,0.007487,0.091465
89930,0.016096,0.012376,0.097006
89940,0.010313,0.007690,0.098858
89950,0.031401,0.024038,0.132901
89960,0.010039,0.007748,0.069480
89970,0.011787,0.009112,0.073146
89980,0.018416,0.014084,0.091514
89990,0.016212,0.012001,0.104643
90000,0.000571,0.000511,0.060876
90010,0.024423,0.018751,0.112894
90020,0.015758,0.012086,0.093561
90030,0.005429,0.004037,0.075015
90040,0.022366,0.016847,0.105127
90050,0.018811,0.014324,0.098211
90060,0.036002,0.027718,0.145937
90070,0.011166,0.008469,0.068864
90080,0.011286,0.008555,0.080117
90090,0.019638,0.014895,0.103883
90100,0.007989,0.005735,0.089352
90110,0.007481,0.005630,0.068546
90120,0.004009,0.003067,0.098556
90130,0.009139,0.006922,0.047814
90140,0.031178,0.023614,0.130492
90150,0.012968,0.009922,0.083172
90160,0.015607,0.011759,0.096172
90170,0.038283,0.029328,0.150684
90180,0.008048,0.006172,0.049499
90190,0.031766,0.024509,0.138973
90200,0.005995,0.004605,0.056470
90210,0.033509,0.025822,0.146836
90220,0.035316,0.026960,0.127476
90230,0.010070,0.007691,0.077435
90240,0.027479,0.020991,0.130726
90250,0.027166,0.020989,0.144583
90260,0.018438,0.013988,0.104661
90270,0.014753,0.011314,0.091774
90280,0.029264,0.022381,0.141436
90290,0.028050,0.021311,0.123860
90300,0.047060,0.036286,0.176289
90310,0.016404,0.012305,0.119147
90320,0.021945,0.016509,0.117500
90330,0.015748,0.011608,0.081250
90340,0.014816,0.011178,0.088218
90350,0.010203,0.007834,0.078263
90360,0.016334,0.012567,0.087785
90370,0.017310,0.013156,0.097914
90380,0.015302,0.011608,0.085675
90390,0.016520,0.012954,0.088555
90400,0.007290,0.005419,0.076195
90410,0.016877,0.012653,0.073271
90420,0.006567,0.004541,0.089449
90430,0.012358,0.009016,0.092072
90440,0.031693,0.024393,0.133856
90450,0.035187,0.027172,0.145240
90460,0.019979,0.015009,0.119498
90470,0.027022,0.020355,0.128261
90480,0.016477,0.012467,0.095748
90490,0.034408,0.026289,0.140771
90500,0.004325,0.003751,0.036733
90510,0.031099,0.023603,0.126075
90520,0.019058,0.014125,0.116293
90530,0.009683,0.007457,0.047860
90540,0.011418,0.008571,0.090126
90550,0.015901,0.011861,0.103513
90560,0.012877,0.009494,0.065968
90570,0.026188,0.020106,0.115013
90580,0.014419,0.011217,0.068550
90590,0.018038,0.013420,0.090302
90600,0.018177,0.013971,0.108357
90610,0.033425,0.025526,0.143470
90620,0.023022,0.017580,0.118242
90630,0.027382,0.020947,0.122251
90640,0.015416,0.011866,0.086297
90650,0.011415,0.008893,0.082683
90660,0.035475,0.027040,0.153762
90670,0.007042,0.005093,0.046950
90680,0.015912,0.011885,0.093612
90690,0.016817,0.013076,0.071893
90700,0.002587,0.002033,0.024954
90710,0.029384,0.022858,0.135195
90720,0.025517,0.019417,0.115512
90730,0.014905,0.011098,0.098199
90740,0.024213,0.018417,0.117002
90750,0.009499,0.006894,0.074447
90760,0.026400,0.019245,0.119449
90770,0.014875,0.011205,0.093290
90780,0.013804,0.010372,0.096977
90790,0.026949,0.020578,0.126611
90800,0.031294,0.023903,0.151041
90810,0.037051,0.032468,0.161928
90820,0.008962,0.006707,0.082030
90830,0.019699,0.014443,0.106004
90840,0.006529,0.004661,0.092745
90850,0.014011,0.010835,0.078615
90860,0.008685,0.006321,0.067062
90870,0.027629,0.021140,0.124803
90880,0.012523,0.009528,0.067140
90890,0.017010,0.013092,0.105261
90900,0.015742,0.011887,0.101376
90910,0.030141,0.023024,0.131039
90920,0.008692,0.006422,0.067393
90930,0.039069,0.029650,0.156191
90940,0.018266,0.014109,0.102569
90950,0.007964,0.005755,0.083571
90960,0.034734,0.026553,0.149930
90970,0.027854,0.021157,0.128332
90980,0.024385,0.018539,0.110237
90990,0.019640,0.015868,0.082350
91000,0.018624,0.014446,0.098612
91010,0.021575,0.016445,0.106680
91020,0.030620,0.023428,0.126860
91030,0.025117,0.019021,0.114092
91040,0.008863,0.006634,0.102828
91050,0.016330,0.012819,0.078204
91060,0.033509,0.025763,0.135085
91070,0.028800,0.022090,0.140425
91080,0.011910,0.009495,0.087344
91090,0.025201,0.019284,0.108969
91100,0.016767,0.012931,0.082317
91110,0.023813,0.018175,0.110959
91120,0.018947,0.014781,0.087343
91130,0.013155,0.009970,0.069985
91140,0.015627,0.011916,0.101323
91150,0.019930,0.015168,0.107858
91160,0.011057,0.008421,0.071359
91170,0.018014,0.013890,0.103374
91180,0.017839,0.013585,0.107859
91190,0.021239,0.016097,0.122114
91200,0.015128,0.011720,0.091848
91210,0.007651,0.005887,0.068149
91220,0.005581,0.003988,0.086652
91230,0.012603,0.009409,0.073408
91240,0.013429,0.010028,0.108967
91250,0.006038,0.004153,0.069495
91260,0.020414,0.015771,0.110277
91270,0.005007,0.003581,0.080255
91280,0.013887,0.010334,0.066555
91290,0.016826,0.012916,0.097839
91300,0.017226,0.013142,0.095025
91310,0.021527,0.016236,0.112056
91320,0.026796,0.020486,0.121414
91330,0.021384,0.015431,0.116754
91340,0.021049,0.016085,0.102669
91350,0.014726,0.011377,0.091525
91360,0.016854,0.012872,0.082746
91370,0.015483,0.012083,0.074579
91380,0.023977,0.018371,0.111568
91390,0.028647,0.021876,0.133112
91400,0.017370,0.013065,0.090343
91410,0.019467,0.014693,0.097754
91420,0.021141,0.016240,0.114591
91430,0.009647,0.007022,0.103832
91440,0.009369,0.007031,0.081129
91450,0.010852,0.008029,0.072234
91460,0.025125,0.019197,0.107813
91470,0.014483,0.010693,0.100899
91480,0.016951,0.012927,0.089839
91490,0.000384,0.000236,0.061481
91500,0.024798,0.018893,0.110717
91510,0.021281,0.016480,0.096562
91520,0.016429,0.012182,0.103357
91530,0.017578,0.013487,0.107564
91540,0.013686,0.009948,0.097192
91550,0.010181,0.007624,0.079975
91560,0.017685,0.013618,0.073986
91570,0.002084,0.001390,0.055640
91580,0.033978,0.026128,0.141069
91590,0.010515,0.008271,0.060819
91600,0.007329,0.005500,0.067553
91610,0.010304,0.007413,0.087581
91620,0.011245,0.008504,0.062926
91630,0.008008,0.005967,0.068635
91640,0.034109,0.026314,0.128487
91650,0.022153,0.016738,0.114593
91660,0.021129,0.016823,0.107138
91670,0.012750,0.009400,0.082095
91680,0.016305,0.012405,0.092656
91690,0.028250,0.021702,0.121564
91700,0.012130,0.009390,0.079805
91710,0.029846,0.023382,0.130710
91720,0.008586,0.006307,0.067915
91730,0.023089,0.017590,0.110921
91740,0.021767,0.016658,0.102852
91750,0.045459,0.035158,0.164388
91760,0.011059,0.008195,0.082769
91770,0.040454,0.030625,0.162117
91780,0.001525,0.001523,0.067242
91790,0.024693,0.018856,0.113411
91800,0.009210,0.007026,0.055853
91810,0.025195,0.018894,0.105697
91820,0.032834,0.024925,0.145174
91830,0.015290,0.011904,0.066798
91840,0.011722,0.009008,0.086578
91850,0.008585,0.006514,0.082021
91860,0.029475,0.022174,0.134612
91870,0.016879,0.012161,0.126225
91880,0.021193,0.015932,0.105129
91890,0.024143,0.018395,0.099868
91900,0.014415,0.010929,0.096864
91910,0.012073,0.008979,0.093055
91920,0.015634,0.011749,0.088484
91930,0.026331,0.020286,0.130322
91940,0.029356,0.022060,0.142206
91950,0.007515,0.005154,0.061743
91960,0.010396,0.008151,0.118145
91970,0.013062,0.009713,0.087715
91980,0.013353,0.009978,0.057796
91990,0.020231,0.015404,0.114952
92000,0.008610,0.006596,0.071256
92010,0.038979,0.030016,0.141704
92020,0.032340,0.024405,0.141814
92030,0.008616,0.006761,0.071904
92040,0.020245,0.015184,0.114113
92050,0.009932,0.007513,0.056132
92060,0.016776,0.012361,0.105039
92070,0.022741,0.017701,0.090844
92080,0.024586,0.018928,0.114886
92090,0.019219,0.014422,0.107364
92100,0.020859,0.015830,0.111099
92110,0.000722,0.000510,0.040368
92120,0.016605,0.012862,0.083047
92130,0.033706,0.025812,0.140972
92140,0.012161,0.009061,0.092713
92150,0.008257,0.006545,0.072029
92160,0.011385,0.008498,0.096792
92170,0.013476,0.009997,0.071666
92180,0.010885,0.008263,0.056472
92190,0.016769,0.012939,0.099748
92200,0.016929,0.012942,0.097435
92210,0.022838,0.017559,0.111656
92220,0.028826,0.023117,0.125824
92230,0.017715,0.013446,0.083733
92240,0.010683,0.008443,0.068007
92250,0.015575,0.011846,0.089915
92260,0.005132,0.003712,0.056476
92270,0.022023,0.016999,0.114605
92280,0.000381,0.000327,0.003833
92290,0.015781,0.012170,0.069423
92300,0.013279,0.010115,0.083857
92310,0.013032,0.010017,0.085189
92320,0.035881,0.027759,0.147127
92330,0.028805,0.022556,0.134115
92340,0.002979,0.002177,0.044315
92350,0.000358,0.000272,0.028262
92360,0.025538,0.019426,0.119975
92370,0.028575,0.021410,0.114032
92380,0.028889,0.022167,0.125910
92390,0.005056,0.003718,0.065468
92400,0.011298,0.008137,0.099624
92410,0.025850,0.019887,0.117889
92420,0.029830,0.022615,0.125269
92430,0.008722,0.006249,0.080858
92440,0.015510,0.012177,0.092789
92450,0.000000,0.000000,0.000001
92460,0.013399,0.010206,0.077697
92470,0.006034,0.004880,0.038561
92480,0.023233,0.017972,0.098926
92490,0.022862,0.017627,0.109489
92500,0.022908,0.020807,0.099119
92510,0.029439,0.022821,0.137347
92520,0.004179,0.003131,0.041298
92530,0.020892,0.015744,0.097594
92540,0.019852,0.015131,0.104888
92550,0.009666,0.007361,0.076530
92560,0.018452,0.014167,0.104213
92570,0.034287,0.026189,0.142744
92580,0.034111,0.025911,0.131650
92590,0.012839,0.009693,0.081557
92600,0.017083,0.012915,0.088309
92610,0.002709,0.002022,0.042139
92620,0.011009,0.008370,0.062335
92630,0.019308,0.014411,0.100554
92640,0.002469,0.001757,0.088878
92650,0.035121,0.027361,0.150608
92660,0.032312,0.024732,0.126791
92670,0.030603,0.023342,0.134351
92680,0.014288,0.010740,0.110189
92690,0.016028,0.012241,0.094480
92700,0.016285,0.012407,0.094513
92710,0.025893,0.019734,0.107048
92720,0.007715,0.005873,0.062557
92730,0.021207,0.016239,0.112073
92740,0.027976,0.021697,0.126507
92750,0.010763,0.008054,0.065205
92760,0.013770,0.010319,0.094748
92770,0.026008,0.019390,0.129716
92780,0.013753,0.010447,0.095507
92790,0.022678,0.017403,0.132461
92800,0.024264,0.018667,0.119579
92810,0.023110,0.017802,0.108258
92820,0.021184,0.015992,0.104036
92830,0.005446,0.004069,0.037853
92840,0.011374,0.008355,0.090287
92850,0.015489,0.011977,0.081159
92860,0.013241,0.010247,0.073061
92870,0.011060,0.008153,0.102264
92880,0.010240,0.007244,0.080250
92890,0.016107,0.012218,0.088631
92900,0.013889,0.010429,0.097578
92910,0.029849,0.022498,0.146777
92920,0.017855,0.013792,0.095930
92930,0.013086,0.010478,0.059176
92940,0.032389,0.024687,0.132665
92950,0.029243,0.022440,0.135070
92960,0.017966,0.013776,0.093105
92970,0.013549,0.010627,0.074226
92980,0.008547,0.006431,0.078362
92990,0.022045,0.016811,0.108831
93000,0.024941,0.018477,0.119987
93010,0.021870,0.016744,0.085499
93020,0.011998,0.009149,0.082746
93030,0.020303,0.015336,0.109886
93040,0.016699,0.012608,0.090330
93050,0.003050,0.002291,0.016555
93060,0.023938,0.018916,0.111629
93070,0.011332,0.008461,0.060624
93080,0.030078,0.022865,0.114722
93090,0.017593,0.013621,0.091304
93100,0.015624,0.012933,0.092087
93110,0.015576,0.011722,0.088408
93120,0.013777,0.010446,0.062893
93130,0.016945,0.012993,0.093599
93140,0.008888,0.006446,0.087204
93150,0.024322,0.018886,0.110331
93160,0.015191,0.011724,0.102027
93170,0.009178,0.006773,0.086191
93180,0.007579,0.005719,0.063414
93190,0.027658,0.021093,0.124278
93200,0.010226,0.007856,0.078632
93210,0.019923,0.015527,0.095185
93220,0.024749,0.019041,0.117530
93230,0.020747,0.015787,0.091554
93240,0.019469,0.015182,0.085955
93250,0.009435,0.006973,0.094372
93260,0.025059,0.018985,0.123904
93270,0.013951,0.010430,0.107391
93280,0.030890,0.023775,0.133814
93290,0.025594,0.018382,0.116703
93300,0.043364,0.033311,0.164785
93310,0.002667,0.001943,0.068187
93320,0.014093,0.010667,0.090205
93330,0.024896,0.019664,0.117801
93340,0.012181,0.009334,0.083156
93350,0.013216,0.009971,0.076459
93360,0.024532,0.018969,0.115098
93370,0.027320,0.021383,0.129262
93380,0.019573,0.014741,0.090741
93390,0.007785,0.006003,0.127943
93400,0.028785,0.022187,0.118696
93410,0.015297,0.011450,0.093288
93420,0.020437,0.015722,0.096820
93430,0.033749,0.026481,0.137191
93440,0.030240,0.023383,0.138711
93450,0.022420,0.017197,0.111896
93460,0.017921,0.013884,0.108830
93470,0.016166,0.012386,0.090712
93480,0.016767,0.012613,0.101578
93490,0.028504,0.021792,0.134523
93500,0.018274,0.013856,0.101535
93510,0.015077,0.011604,0.101403
93520,0.006565,0.004851,0.057530
93530,0.016131,0.012639,0.102111
93540,0.014916,0.011487,0.086787
93550,0.016358,0.012766,0.071992
93560,0.007581,0.006087,0.064445
93570,0.010874,0.008610,0.084361
93580,0.018147,0.013518,0.108521
93590,0.029797,0.022908,0.127884
93600,0.003126,0.002162,0.092523
93610,0.012914,0.009744,0.054442
93620,0.018747,0.014284,0.088950
93630,0.000000,0.000000,0.000001
93640,0.020420,0.016040,0.116379
93650,0.030455,0.022987,0.116460
93660,0.009039,0.007376,0.072039
93670,0.015237,0.012457,0.083146
93680,0.009122,0.006498,0.075594
93690,0.007177,0.005579,0.068398
93700,0.020164,0.015514,0.103578
93710,0.015120,0.011454,0.095750
93720,0.025331,0.019507,0.120817
93730,0.038095,0.029165,0.156952
93740,0.042333,0.032315,0.157761
93750,0.039250,0.029895,0.142385
93760,0.018757,0.013985,0.098956
93770,0.011926,0.008626,0.093789
93780,0.023176,0.017840,0.103691
93790,0.004327,0.003517,0.089926
93800,0.014005,0.010856,0.105295
93810,0.026297,0.019791,0.118638
93820,0.021764,0.016548,0.107207
93830,0.010383,0.007814,0.085089
93840,0.016777,0.012683,0.104776
93850,0.019516,0.014824,0.082084
93860,0.014331,0.010737,0.093965
93870,0.025668,0.019682,0.136316
93880,0.017054,0.012826,0.096452
93890,0.023055,0.017549,0.116187
93900,0.017913,0.013643,0.086927
93910,0.035534,0.027523,0.138793
93920,0.012247,0.009036,0.063121
93930,0.012713,0.009830,0.087897
93940,0.015841,0.011872,0.097527
93950,0.020307,0.015323,0.109856
93960,0.008733,0.006519,0.061299
93970,0.021603,0.016920,0.114550
93980,0.002621,0.001845,0.077283
93990,0.008725,0.006391,0.073304
94000,0.025372,0.019376,0.117986
94010,0.015942,0.012111,0.078156
94020,0.041461,0.031381,0.162834
94030,0.025817,0.019791,0.121269
94040,0.020829,0.015653,0.120998
94050,0.009971,0.007512,0.079030
94060,0.015350,0.011647,0.080060
94070,0.019799,0.014278,0.105691
94080,0.025814,0.019509,0.115287
94090,0.012704,0.009431,0.090099
94100,0.013110,0.010046,0.087158
94110,0.020043,0.015453,0.099586
94120,0.022186,0.017099,0.108356
94130,0.020211,0.015433,0.107240
94140,0.032148,0.024703,0.119340
94150,0.006074,0.004414,0.046888
94160,0.017992,0.014081,0.080072
94170,0.026012,0.019801,0.118564
94180,0.009769,0.007354,0.075584
94190,0.014558,0.011100,0.075918
94200,0.030269,0.022407,0.139582
94210,0.023829,0.018590,0.110219
94220,0.009545,0.007283,0.082485
94230,0.012696,0.009601,0.089360
94240,0.014881,0.011284,0.058204
94250,0.009835,0.007396,0.085359
94260,0.021816,0.016876,0.090486
94270,0.014882,0.011390,0.100535
94280,0.024748,0.018837,0.105330
94290,0.023485,0.017901,0.121466
94300,0.019458,0.014757,0.106174
94310,0.005941,0.004035,0.098650
94320,0.018851,0.014384,0.104217
94330,0.024132,0.018118,0.127573
94340,0.002132,0.001424,0.033466
94350,0.018593,0.014032,0.088854
94360,0.022746,0.017661,0.113965
94370,0.028985,0.022284,0.133374
94380,0.003417,0.002551,0.052777
94390,0.027071,0.020744,0.128750
94400,0.028143,0.021077,0.128128
94410,0.024469,0.018847,0.120548
94420,0.017453,0.013348,0.106583
94430,0.027738,0.021216,0.130625
94440,0.010398,0.007840,0.080272
94450,0.015121,0.011626,0.108089
94460,0.032660,0.025179,0.145622
94470,0.019106,0.015309,0.112257
94480,0.030081,0.023185,0.134199
94490,0.019785,0.014989,0.102898
94500,0.012688,0.009632,0.069376
94510,0.030828,0.023562,0.141505
94520,0.028405,0.021977,0.126782
94530,0.020727,0.016055,0.083249
94540,0.011855,0.008945,0.058199
94550,0.027801,0.020895,0.127398
94560,0.004721,0.003202,0.089827
94570,0.021419,0.016471,0.098060
94580,0.018801,0.014458,0.111145
94590,0.014042,0.010603,0.078466
94600,0.003922,0.002782,0.090749
94610,0.008436,0.006370,0.059113
94620,0.033116,0.025739,0.148914
94630,0.035950,0.027338,0.150772
94640,0.008146,0.005723,0.065622
94650,0.011746,0.008781,0.099254
94660,0.021403,0.016222,0.112901
94670,0.021990,0.016863,0.108777
94680,0.013041,0.009874,0.082895
94690,0.017207,0.013181,0.075523
94700,0.012313,0.009309,0.097449
94710,0.008849,0.006875,0.045510
94720,0.018203,0.013892,0.100135
94730,0.022497,0.017460,0.106385
94740,0.015847,0.011687,0.060303
94750,0.016088,0.012413,0.090958
94760,0.024400,0.018719,0.117987
94770,0.024139,0.019440,0.113073
94780,0.038424,0.029659,0.155800
94790,0.005267,0.003931,0.036195
94800,0.002914,0.002100,0.067373
94810,0.018429,0.014071,0.103260
94820,0.025085,0.019287,0.116458
94830,0.027490,0.021117,0.121879
94840,0.036600,0.027576,0.147008
94850,0.004819,0.003494,0.071044
94860,0.010967,0.008085,0.073631
94870,0.000000,0.000000,0.000001
94880,0.005056,0.003818,0.065038
94890,0.010407,0.007628,0.084683
94900,0.012725,0.010025,0.073457
94910,0.021892,0.016667,0.115027
94920,0.029962,0.022704,0.129312
94930,0.005563,0.004105,0.079962
94940,0.020777,0.015849,0.123108
94950,0.016746,0.012703,0.104577
94960,0.032874,0.024899,0.123854
94970,0.006724,0.005226,0.046706
94980,0.008128,0.006125,0.071728
94990,0.009138,0.006788,0.059149
95000,0.011580,0.008772,0.061300
95010,0.019272,0.014712,0.100946
95020,0.016991,0.012931,0.109746
95030,0.006423,0.004280,0.153098
95040,0.019695,0.015008,0.100985
95050,0.029471,0.022657,0.128044
95060,0.001194,0.000904,0.012759
95070,0.007380,0.005442,0.061245
95080,0.022819,0.017458,0.094252
95090,0.026500,0.019896,0.122774
95100,0.018402,0.013395,0.088801
95110,0.017791,0.013654,0.101434
95120,0.029898,0.022779,0.138690
95130,0.016821,0.012866,0.102487
95140,0.021297,0.016442,0.111936
95150,0.023079,0.017424,0.115403
95160,0.009590,0.007299,0.076613
95170,0.018883,0.014178,0.079650
95180,0.016923,0.012702,0.095248
95190,0.003431,0.002289,0.087838
95200,0.012901,0.009866,0.095004
95210,0.030405,0.023229,0.128686
95220,0.017741,0.013921,0.081624
95230,0.020896,0.016161,0.104775
95240,0.010889,0.008283,0.083826
95250,0.022138,0.017725,0.115262
95260,0.025994,0.020441,0.122009
95270,0.029584,0.022871,0.123293
95280,0.026138,0.019723,0.134262
95290,0.030897,0.023817,0.123273
95300,0.019141,0.014900,0.102922
95310,0.017119,0.012717,0.089948
95320,0.025831,0.020016,0.120553
95330,0.026571,0.020396,0.123722
95340,0.019938,0.015256,0.111004
95350,0.001417,0.000928,0.082162
95360,0.021829,0.016353,0.122365
95370,0.029390,0.022229,0.126044
95380,0.016805,0.012842,0.091689
95390,0.024555,0.018893,0.113962
95400,0.016076,0.012769,0.083786
95410,0.021109,0.016025,0.092150
95420,0.025592,0.019953,0.114965
95430,0.014529,0.011092,0.064971
95440,0.016988,0.012982,0.096630
95450,0.047466,0.036199,0.171283
95460,0.021614,0.016430,0.120096
95470,0.018613,0.014448,0.094568
95480,0.027554,0.021575,0.124259
95490,0.029522,0.022554,0.137172
95500,0.016381,0.012477,0.091564
95510,0.011613,0.008848,0.060170
95520,0.013795,0.010679,0.087567
95530,0.009963,0.007475,0.082871
95540,0.026630,0.020325,0.122657
95550,0.028665,0.021695,0.128346
95560,0.026735,0.020251,0.131553
95570,0.003240,0.002124,0.066376
95580,0.028895,0.022207,0.137949
95590,0.009243,0.006971,0.078463
95600,0.006160,0.004795,0.038122
95610,0.013642,0.010418,0.105463
95620,0.004968,0.003405,0.056407
95630,0.010742,0.008151,0.058647
95640,0.009186,0.007312,0.075794
95650,0.003206,0.002365,0.070418
95660,0.013171,0.009811,0.097173
95670,0.033380,0.025191,0.139921
95680,0.023884,0.018306,0.113616
95690,0.021681,0.016351,0.102841
95700,0.019401,0.014492,0.095106
95710,0.010188,0.007899,0.055192
95720,0.014821,0.011119,0.072492
95730,0.015558,0.011738,0.080868
95740,0.016320,0.011973,0.101808
95750,0.048649,0.037222,0.166321
95760,0.021046,0.016533,0.106299
95770,0.018750,0.014337,0.105028
95780,0.021049,0.015976,0.089090
95790,0.018050,0.013748,0.102544
95800,0.014773,0.011284,0.074507
95810,0.030837,0.023657,0.126084
95820,0.005878,0.004356,0.073680
95830,0.021721,0.016748,0.116604
95840,0.014516,0.010857,0.086902
95850,0.009952,0.007420,0.076561
95860,0.013294,0.009962,0.094279
95870,0.015063,0.011430,0.088769
95880,0.026471,0.020590,0.119654
95890,0.029519,0.022422,0.122048
95900,0.018023,0.013798,0.097044
95910,0.026841,0.020735,0.123892
95920,0.002417,0.001795,0.021277
95930,0.012026,0.008779,0.091306
95940,0.017107,0.012971,0.092843
95950,0.003992,0.002762,0.082872
95960,0.022868,0.017265,0.110146
95970,0.010783,0.008362,0.080009
95980,0.017516,0.013046,0.105467
95990,0.010859,0.008361,0.083788
96000,0.013675,0.010624,0.066496
96010,0.008706,0.006638,0.081441
96020,0.016053,0.012106,0.085376
96030,0.015989,0.011889,0.104097
96040,0.034817,0.026929,0.151428
96050,0.019257,0.014525,0.107469
96060,0.016563,0.012538,0.090872
96070,0.021310,0.016282,0.100434
96080,0.004663,0.003249,0.102653
96090,0.024147,0.018502,0.123935
96100,0.012852,0.009961,0.080171
96110,0.027941,0.021515,0.120166
96120,0.012528,0.009175,0.090975
96130,0.028064,0.021723,0.107608
96140,0.014911,0.011169,0.081739
96150,0.004327,0.003667,0.029420
96160,0.025484,0.019402,0.112885
96170,0.033844,0.025346,0.141474
96180,0.024283,0.018474,0.113073
96190,0.008724,0.006308,0.095108
96200,0.030807,0.023696,0.131410
96210,0.013291,0.010068,0.092062
96220,0.009671,0.006862,0.144447
96230,0.039721,0.030106,0.153044
96240,0.007073,0.005092,0.077923
96250,0.021268,0.016106,0.112795
96260,0.020651,0.015475,0.107571
96270,0.004611,0.003143,0.071172
96280,0.023624,0.017716,0.124131
96290,0.022421,0.016817,0.110228
96300,0.016651,0.012651,0.102708
96310,0.019157,0.014482,0.100945
96320,0.020304,0.015551,0.110076
96330,0.001055,0.000694,0.038553
96340,0.020411,0.015722,0.087699
96350,0.034443,0.026745,0.142235
96360,0.017067,0.013046,0.087009
96370,0.014929,0.011449,0.093614
96380,0.024487,0.018381,0.104929
96390,0.014626,0.011084,0.072132
96400,0.021987,0.016773,0.110702
96410,0.026678,0.020377,0.109902
96420,0.023728,0.017920,0.112105
96430,0.017372,0.013015,0.119189
96440,0.011379,0.008474,0.099787
96450,0.021089,0.016305,0.091885
96460,0.025931,0.020532,0.107976
96470,0.018941,0.014601,0.116846
96480,0.002005,0.001529,0.017215
96490,0.027378,0.020867,0.112266
96500,0.020942,0.016064,0.108689
96510,0.022908,0.017392,0.129482
96520,0.021391,0.016334,0.105080
96530,0.030337,0.022936,0.123773
96540,0.015865,0.012098,0.077430
96550,0.013291,0.009890,0.091977
96560,0.003383,0.002578,0.047803
96570,0.019921,0.015165,0.084306
96580,0.017717,0.013599,0.090246
96590,0.008808,0.006685,0.099851
96600,0.019015,0.014559,0.094515
96610,0.017152,0.013109,0.101842
96620,0.007324,0.006011,0.046941
96630,0.025429,0.019480,0.118024
96640,0.013716,0.010309,0.067979
96650,0.018447,0.013968,0.106648
96660,0.023620,0.018068,0.110311
96670,0.014765,0.010857,0.106804
96680,0.009860,0.007261,0.085042
96690,0.028652,0.021863,0.121307
96700,0.007309,0.005358,0.041396
96710,0.028110,0.021548,0.116065
96720,0.023250,0.017814,0.087623
96730,0.029609,0.022562,0.133610
96740,0.013869,0.010215,0.109009
96750,0.012423,0.009225,0.090100
96760,0.018432,0.013786,0.098955
96770,0.033368,0.025247,0.143443
96780,0.022730,0.016977,0.114191
96790,0.014543,0.011001,0.081494
96800,0.024181,0.018504,0.117894
96810,0.017655,0.015112,0.089573
96820,0.020324,0.015901,0.094759
96830,0.010142,0.007722,0.058870
96840,0.014196,0.010835,0.085180
96850,0.012512,0.010012,0.104777
96860,0.021294,0.016466,0.105446
96870,0.001496,0.001053,0.043327
96880,0.015039,0.011173,0.094870
96890,0.012234,0.009701,0.073177
96900,0.020510,0.015511,0.096157
96910,0.005276,0.003817,0.063019
96920,0.020093,0.015186,0.099444
96930,0.032758,0.024912,0.134986
96940,0.026462,0.020395,0.118042
96950,0.001415,0.001268,0.115492
96960,0.007260,0.005500,0.039745
96970,0.032046,0.024281,0.151030
96980,0.027264,0.020966,0.132794
96990,0.013588,0.010081,0.094392
97000,0.015794,0.012057,0.088428
97010,0.024225,0.018618,0.116440
97020,0.013498,0.010198,0.057537
97030,0.025628,0.019834,0.119301
97040,0.018006,0.013006,0.090745
97050,0.018787,0.014091,0.096955
97060,0.016318,0.012241,0.098151
97070,0.020116,0.015213,0.107394
97080,0.015378,0.011491,0.087310
97090,0.037112,0.028662,0.152278
97100,0.026968,0.020294,0.129769
97110,0.020945,0.016306,0.111519
97120,0.043730,0.033332,0.164861
97130,0.034389,0.026194,0.148271
97140,0.022261,0.016660,0.119157
97150,0.022507,0.017289,0.093054
97160,0.017501,0.013309,0.093690
97170,0.029369,0.022608,0.119652
97180,0.021640,0.016422,0.100305
97190,0.007927,0.005720,0.057381
97200,0.025550,0.019541,0.105708
97210,0.024450,0.018427,0.129621
97220,0.003883,0.002776,0.029652
97230,0.017507,0.013437,0.080475
97240,0.018343,0.013718,0.109294
97250,0.019178,0.014508,0.108075
97260,0.020171,0.015916,0.084491
97270,0.029732,0.023000,0.132615
97280,0.010942,0.008321,0.051393
97290,0.000753,0.000495,0.050403
97300,0.022193,0.016982,0.105677
97310,0.020051,0.015078,0.110360
97320,0.014624,0.011357,0.066343
97330,0.026557,0.020391,0.126521
97340,0.019475,0.014781,0.102572
97350,0.019912,0.016276,0.109814
97360,0.022979,0.017479,0.112123
97370,0.039737,0.030451,0.157804
97380,0.015352,0.012272,0.078988
97390,0.029594,0.022451,0.119522
97400,0.038291,0.029242,0.146995
97410,0.017740,0.013980,0.112708
97420,0.019414,0.014550,0.102234
97430,0.020459,0.015719,0.107501
97440,0.012737,0.009266,0.101508
97450,0.019645,0.015003,0.090524
97460,0.017721,0.013437,0.095454
97470,0.033840,0.025941,0.141547
97480,0.015385,0.011733,0.085643
97490,0.012531,0.008990,0.086902
97500,0.019977,0.015221,0.105741
97510,0.016703,0.013141,0.086089
97520,0.016304,0.012928,0.116348
97530,0.009796,0.007390,0.070425
97540,0.023430,0.017739,0.116448
97550,0.019736,0.015154,0.112200
97560,0.021987,0.016728,0.104724
97570,0.008678,0.006364,0.081279
97580,0.009458,0.007032,0.081643
97590,0.020364,0.015911,0.117901
97600,0.012116,0.008770,0.085220
97610,0.020487,0.015644,0.106102
97620,0.013708,0.010177,0.068780
97630,0.015902,0.012248,0.067697
97640,0.021014,0.016023,0.098961
97650,0.019664,0.015164,0.104091
97660,0.024947,0.019236,0.115624
97670,0.005712,0.004285,0.038883
97680,0.013848,0.010792,0.058548
97690,0.008436,0.006416,0.056352
97700,0.029977,0.022706,0.132059
97710,0.009626,0.007269,0.080982
97720,0.006206,0.004994,0.051935
97730,0.011864,0.009144,0.087535
97740,0.021025,0.015807,0.091341
97750,0.015656,0.011802,0.095338
97760,0.041123,0.031846,0.156902
97770,0.031430,0.024059,0.143396
97780,0.010472,0.007912,0.079503
97790,0.024961,0.019191,0.114772
97800,0.018481,0.013666,0.101466
97810,0.028703,0.022075,0.130919
97820,0.015426,0.011243,0.095071
97830,0.006176,0.004412,0.066645
97840,0.000514,0.000537,0.090024
97850,0.020108,0.015258,0.092983
97860,0.007292,0.005458,0.077674
97870,0.018270,0.014050,0.081460
97880,0.022863,0.017700,0.097043
97890,0.020860,0.015808,0.096890
97900,0.021046,0.016101,0.093620
97910,0.018613,0.014201,0.103464
97920,0.019648,0.015145,0.109195
97930,0.015927,0.012482,0.111774
97940,0.019271,0.014738,0.085143
97950,0.022179,0.016961,0.107933
97960,0.016465,0.012770,0.085746
97970,0.000791,0.000613,0.048321
97980,0.021554,0.016560,0.115726
97990,0.018065,0.013952,0.084663
98000,0.002788,0.001935,0.075186
98010,0.023075,0.017843,0.112847
98020,0.031956,0.024319,0.132406
98030,0.029501,0.022508,0.130736
98040,0.032442,0.025358,0.134532
98050,0.019322,0.014439,0.098474
98060,0.015179,0.011532,0.087308
98070,0.023258,0.017592,0.120183
98080,0.018339,0.014046,0.077473
98090,0.030513,0.023177,0.130605
98100,0.021759,0.016914,0.113004
98110,0.023907,0.018387,0.113739
98120,0.016379,0.011950,0.101602
98130,0.030563,0.023382,0.131456
98140,0.025679,0.019726,0.107215
98150,0.031732,0.024297,0.132326
98160,0.015244,0.011549,0.084136
98170,0.018259,0.013773,0.109993
98180,0.023756,0.018161,0.133298
98190,0.022335,0.016993,0.095564
98200,0.016559,0.011876,0.110211
98210,0.019307,0.014738,0.101636
98220,0.008272,0.006345,0.053667
98230,0.007073,0.005135,0.098710
98240,0.036097,0.027599,0.142979
98250,0.004406,0.003483,0.063749
98260,0.029841,0.023034,0.125698
98270,0.008940,0.006834,0.048803
98280,0.021583,0.016331,0.094523
98290,0.023886,0.017945,0.120782
98300,0.016395,0.012272,0.094279
98310,0.023694,0.018143,0.112274
98320,0.017053,0.012981,0.102380
98330,0.013044,0.009746,0.092000
98340,0.028372,0.021670,0.127920
98350,0.010775,0.008035,0.079913
98360,0.012673,0.009574,0.082793
98370,0.008561,0.006582,0.076020
98380,0.008685,0.006458,0.091464
98390,0.032293,0.025003,0.134005
98400,0.042335,0.032361,0.166975
98410,0.017849,0.013695,0.100297
98420,0.019866,0.015132,0.091088
98430,0.018844,0.014169,0.107633
98440,0.031342,0.023671,0.141892
98450,0.017837,0.013291,0.110313
98460,0.033901,0.025633,0.149499
98470,0.008679,0.006305,0.063204
98480,0.021595,0.016313,0.109927
98490,0.014158,0.010597,0.101946
98500,0.020852,0.016218,0.101207
98510,0.005490,0.003884,0.103196
98520,0.010341,0.007845,0.082711
98530,0.025556,0.019291,0.122061
98540,0.017224,0.013141,0.078730
98550,0.014272,0.010962,0.082434
98560,0.005207,0.004006,0.098928
98570,0.006281,0.004536,0.072358
98580,0.015496,0.011939,0.090890
98590,0.003083,0.002248,0.039335
98600,0.022113,0.016870,0.106902
98610,0.038766,0.029326,0.157409
98620,0.021287,0.016293,0.085105
98630,0.003423,0.002674,0.056758
98640,0.021032,0.015566,0.112711
98650,0.022491,0.017070,0.115322
98660,0.017959,0.013618,0.097000
98670,0.004610,0.003142,0.074448
98680,0.019621,0.015008,0.092241
98690,0.022123,0.016956,0.110312
98700,0.011011,0.008130,0.087111
98710,0.014573,0.010998,0.072610
98720,0.000000,0.000000,0.000001
98730,0.024634,0.019234,0.118459
98740,0.016690,0.012602,0.095670
98750,0.027718,0.021058,0.116797
98760,0.007785,0.005772,0.035614
98770,0.008246,0.006124,0.069740
98780,0.014346,0.010672,0.068399
98790,0.024892,0.019024,0.107939
98800,0.024471,0.018780,0.110367
98810,0.013722,0.010597,0.088130
98820,0.006892,0.004778,0.094088
98830,0.003294,0.002331,0.065886
98840,0.021204,0.016702,0.116575
98850,0.011536,0.009016,0.089567
98860,0.015553,0.011782,0.106455
98870,0.006239,0.004803,0.038797
98880,0.006962,0.004910,0.094135
98890,0.006831,0.005109,0.040840
98900,0.028763,0.022260,0.112129
98910,0.026304,0.019971,0.126045
98920,0.013657,0.009891,0.091840
98930,0.028970,0.022030,0.130802
98940,0.013199,0.009861,0.090906
98950,0.022611,0.017497,0.115605
98960,0.021602,0.016506,0.090893
98970,0.025240,0.019607,0.096432
98980,0.013830,0.009360,0.158423
98990,0.021904,0.016799,0.103694
99000,0.031615,0.024006,0.139095
99010,0.027106,0.020511,0.112869
99020,0.020408,0.015262,0.105993
99030,0.004306,0.003001,0.028711
99040,0.008695,0.006661,0.046572
99050,0.023121,0.018225,0.101960
99060,0.014707,0.011099,0.090226
99070,0.009948,0.007777,0.063941
99080,0.009162,0.006924,0.077826
99090,0.009515,0.006711,0.083039
99100,0.015195,0.011723,0.077965
99110,0.012402,0.009326,0.073039
99120,0.014889,0.011645,0.103340
99130,0.013229,0.010127,0.069271
99140,0.018246,0.013945,0.082450
99150,0.011294,0.008194,0.076580
99160,0.024320,0.018622,0.116180
99170,0.010428,0.007625,0.083903
99180,0.026237,0.020362,0.124803
99190,0.011772,0.008630,0.098813
99200,0.023502,0.018437,0.111931
99210,0.036021,0.028698,0.151227
99220,0.025661,0.019792,0.113192
99230,0.008113,0.006136,0.062778
99240,0.028716,0.021787,0.126006
99250,0.015869,0.011974,0.099176
99260,0.018620,0.014748,0.086512
99270,0.020806,0.015884,0.100119
99280,0.019544,0.014622,0.104251
99290,0.027779,0.021618,0.126653
99300,0.018094,0.013640,0.096766
99310,0.022634,0.017009,0.117723
99320,0.005446,0.003939,0.052713
99330,0.011955,0.008646,0.081251
99340,0.005046,0.003829,0.032841
99350,0.037287,0.028894,0.147294
99360,0.022322,0.016957,0.103942
99370,0.027157,0.022017,0.126383
99380,0.022867,0.017532,0.091147
99390,0.017584,0.013355,0.098616
99400,0.012724,0.009658,0.088669
99410,0.014762,0.011469,0.075105
99420,0.015760,0.011865,0.099250
99430,0.035965,0.027655,0.150640
99440,0.021675,0.016669,0.111039
99450,0.014981,0.011507,0.093578
99460,0.028088,0.021703,0.124417
99470,0.018864,0.014415,0.102087
99480,0.016055,0.012685,0.112742
99490,0.015444,0.011361,0.105348
99500,0.027836,0.021384,0.125717
99510,0.007688,0.005618,0.061970
99520,0.000633,0.000708,0.331279
99530,0.019871,0.015260,0.113777
99540,0.032498,0.024748,0.131645
99550,0.018481,0.014005,0.116526
99560,0.012478,0.009469,0.082112
99570,0.022470,0.017140,0.116248
99580,0.011632,0.009017,0.068434
99590,0.011321,0.008489,0.069181
99600,0.014529,0.010924,0.091245
99610,0.020023,0.015334,0.105477
99620,0.017032,0.013396,0.076383
99630,0.033787,0.025957,0.130646
99640,0.010073,0.007573,0.085966
99650,0.030360,0.023038,0.122234
99660,0.010230,0.007509,0.103563
99670,0.019995,0.015220,0.113139
99680,0.010253,0.007582,0.084634
99690,0.040379,0.030792,0.152642
99700,0.023098,0.017790,0.122465
99710,0.022362,0.016518,0.130499
99720,0.015931,0.011844,0.115346
99730,0.011566,0.009050,0.056991
99740,0.009631,0.007025,0.070832
99750,0.032944,0.025314,0.135953
99760,0.010960,0.008243,0.082865
99770,0.042255,0.031927,0.168404
99780,0.005353,0.004016,0.049815
99790,0.009946,0.007910,0.067377
99800,0.022051,0.017080,0.114985
99810,0.007285,0.005417,0.063660
99820,0.012128,0.008993,0.092589
99830,0.025954,0.019747,0.118636
99840,0.013255,0.010177,0.055725
99850,0.015467,0.011626,0.089147
99860,0.015665,0.011933,0.067761
99870,0.032175,0.024715,0.131137
99880,0.027617,0.020683,0.137190
99890,0.012903,0.009768,0.083184
99900,0.018144,0.013796,0.103521
99910,0.016705,0.012830,0.094642
99920,0.017719,0.013607,0.101165
99930,0.015002,0.011988,0.101805
99940,0.035907,0.027578,0.139888
99950,0.011729,0.008879,0.051347
99960,0.012750,0.009785,0.065004
99970,0.029884,0.022010,0.138499
99980,0.002844,0.002295,0.096753
99990,0.026537,0.020587,0.118281
100000,0.014610,0.011131,0.083655
