iter,ce_loss,ds_loss,final_loss
10,0.649745,0.426581,1.801638
20,0.047407,0.120640,0.806462
30,0.403094,0.234156,1.343190
40,0.351695,0.254123,1.256011
50,0.111226,0.069323,0.809716
60,0.275694,0.226932,1.136749
70,0.781422,0.449095,1.975155
80,0.290079,0.234792,1.154071
90,0.164980,0.159128,0.803765
100,0.169780,0.146828,0.853655
110,0.128453,0.108287,0.706878
120,0.214265,0.190166,0.920409
130,0.142172,0.125397,0.743605
140,0.183382,0.144053,0.819974
150,0.106230,0.119164,0.645743
160,0.126200,0.127197,0.696699
170,0.068465,0.064227,0.674053
180,0.123819,0.123585,0.640148
190,0.071640,0.072056,0.493729
200,0.176269,0.135491,0.707012
210,0.083698,0.091319,0.538901
220,0.051340,0.061417,0.445231
230,0.208846,0.155801,0.840600
240,0.139850,0.119512,0.646423
250,0.135514,0.119991,0.620067
260,0.089615,0.074253,0.484625
270,0.126627,0.116820,0.595851
280,0.080254,0.058245,0.536209
290,0.172356,0.150213,0.752409
300,0.130253,0.091606,0.567162
310,0.064616,0.052841,0.459606
320,0.068607,0.050398,0.487789
330,0.082566,0.059325,0.480647
340,0.112564,0.067644,0.569985
350,0.081847,0.059076,0.469788
360,0.079465,0.060871,0.461237
370,0.136197,0.081456,0.663184
380,0.128443,0.088497,0.523294
390,0.253337,0.174276,0.831839
400,0.120646,0.080384,0.523339
410,0.196418,0.136760,0.699948
420,0.077911,0.052040,0.416384
430,0.118616,0.087456,0.516485
440,0.101820,0.073501,0.466100
450,0.154844,0.100497,0.626561
460,0.070073,0.053203,0.398255
470,0.096796,0.070632,0.439691
480,0.122639,0.086054,0.490094
490,0.052548,0.034614,0.341748
500,0.114276,0.062735,0.653144
510,0.061499,0.043480,0.348877
520,0.095754,0.072915,0.577664
530,0.060177,0.047489,0.382106
540,0.077266,0.051892,0.381160
550,0.064610,0.046441,0.338810
560,0.217733,0.156062,0.720824
570,0.138699,0.102815,0.536429
580,0.092744,0.064731,0.466060
590,0.065482,0.046880,0.368918
600,0.053156,0.038193,0.346591
610,0.083985,0.053531,0.436115
620,0.114072,0.074265,0.465962
630,0.116011,0.085186,0.470235
640,0.052551,0.047721,0.409243
650,0.100402,0.069288,0.420575
660,0.056495,0.038241,0.387335
670,0.032534,0.026434,0.286320
680,0.097094,0.072794,0.429405
690,0.091080,0.064105,0.563729
700,0.215409,0.168508,0.693136
710,0.088976,0.064249,0.395723
720,0.058449,0.042229,0.377301
730,0.128242,0.104448,0.489413
740,0.070182,0.052682,0.334487
750,0.119026,0.089811,0.449377
760,0.159194,0.128609,0.553519
770,0.122952,0.083923,0.494458
780,0.028780,0.025243,0.324114
790,0.034049,0.025835,0.328008
800,0.032612,0.025480,0.401664
810,0.069980,0.052228,0.363160
820,0.084081,0.058815,0.418842
830,0.043541,0.030768,0.397447
840,0.089377,0.067082,0.377611
850,0.198155,0.138801,0.696507
860,0.039026,0.028330,0.336810
870,0.139131,0.105838,0.504302
880,0.079303,0.055417,0.318339
890,0.089419,0.067510,0.391832
900,0.129606,0.106351,0.506952
910,0.047170,0.032931,0.301917
920,0.021203,0.015949,0.269430
930,0.084516,0.066421,0.375864
940,0.041867,0.029680,0.292295
950,0.062191,0.039552,0.475140
960,0.027226,0.021829,0.277746
970,0.074509,0.051122,0.338528
980,0.091231,0.066250,0.382037
990,0.141725,0.098868,0.539097
1000,0.046799,0.031575,0.297689
1010,0.094791,0.072298,0.410566
1020,0.099578,0.076091,0.401970
1030,0.127117,0.103761,0.468123
1040,0.141844,0.107687,0.501682
1050,0.065960,0.051691,0.315803
1060,0.016261,0.013882,0.302007
1070,0.029435,0.017632,0.327366
1080,0.055403,0.042830,0.273794
1090,0.076077,0.054266,0.375699
1100,0.027651,0.021424,0.346502
1110,0.037713,0.029692,0.273962
1120,0.104976,0.071075,0.472492
1130,0.032394,0.027173,0.242728
1140,0.082284,0.054627,0.361877
1150,0.031834,0.026263,0.314672
1160,0.040651,0.024234,0.313797
1170,0.039224,0.031206,0.318462
1180,0.029683,0.022843,0.299967
1190,0.092428,0.063184,0.394988
1200,0.027807,0.019953,0.226730
1210,0.045147,0.031830,0.252932
1220,0.083125,0.066474,0.369427
1230,0.073360,0.053476,0.318189
1240,0.053214,0.040374,0.294783
1250,0.076526,0.056058,0.322828
1260,0.061269,0.043834,0.298208
1270,0.018590,0.017530,0.464607
1280,0.049852,0.037060,0.270404
1290,0.061450,0.044174,0.291081
1300,0.016323,0.013970,0.235731
1310,0.040411,0.033496,0.238760
1320,0.119201,0.104846,0.471526
1330,0.037790,0.028763,0.211579
1340,0.045295,0.034573,0.286521
1350,0.069061,0.049337,0.303216
1360,0.044842,0.035840,0.275070
1370,0.041512,0.031520,0.257966
1380,0.050889,0.041342,0.285899
1390,0.084267,0.065424,0.343474
1400,0.051811,0.035970,0.279377
1410,0.094276,0.068177,0.396654
1420,0.022351,0.015075,0.238989
1430,0.024155,0.020189,0.274122
1440,0.034073,0.029164,0.444439
1450,0.055798,0.040140,0.264652
1460,0.043911,0.032411,0.224666
1470,0.029017,0.019826,0.220638
1480,0.051795,0.041136,0.237823
1490,0.063432,0.050438,0.286817
1500,0.110409,0.085430,0.410501
1510,0.070925,0.050320,0.313672
1520,0.037072,0.027876,0.254157
1530,0.062075,0.045995,0.278327
1540,0.097572,0.091036,0.391792
1550,0.129594,0.102789,0.669941
1560,0.043568,0.031490,0.234400
1570,0.061877,0.044467,0.316024
1580,0.012279,0.009443,0.227323
1590,0.013755,0.008996,0.182364
1600,0.026076,0.033128,0.278830
1610,0.029914,0.021476,0.242737
1620,0.069776,0.051294,0.307104
1630,0.041880,0.029354,0.272639
1640,0.031114,0.027134,0.335904
1650,0.116921,0.102217,0.443925
1660,0.053151,0.050060,0.233532
1670,0.053164,0.041226,0.347657
1680,0.032793,0.054960,0.323250
1690,0.031449,0.024292,0.250147
1700,0.037756,0.027679,0.234577
1710,0.067512,0.052537,0.309646
1720,0.057653,0.041962,0.274458
1730,0.143467,0.110178,0.484213
1740,0.066556,0.048430,0.257113
1750,0.076328,0.055431,0.303718
1760,0.108249,0.079245,0.386364
1770,0.039652,0.032563,0.226998
1780,0.028869,0.020810,0.285047
1790,0.044420,0.033746,0.255511
1800,0.002883,0.002771,0.008341
1810,0.053211,0.038318,0.271024
1820,0.063330,0.045179,0.324560
1830,0.053652,0.038788,0.252377
1840,0.052892,0.036820,0.275532
1850,0.062728,0.045942,0.293008
1860,0.039190,0.028497,0.214793
1870,0.060902,0.044964,0.305172
1880,0.055807,0.047371,0.272555
1890,0.057436,0.044001,0.261055
1900,0.025307,0.019965,0.218934
1910,0.031682,0.025111,0.158208
1920,0.039118,0.029981,0.196149
1930,0.050619,0.036423,0.271108
1940,0.016945,0.011449,0.205579
1950,0.073896,0.069864,0.350359
1960,0.036253,0.029065,0.189313
1970,0.071029,0.051549,0.289760
1980,0.066990,0.049006,0.298306
1990,0.036487,0.025372,0.259739
2000,0.058515,0.042891,0.289103
2010,0.043957,0.034291,0.237655
2020,0.032520,0.023823,0.228046
2030,0.121713,0.096928,0.432801
2040,0.037171,0.025011,0.238554
2050,0.018262,0.013533,0.172930
2060,0.018515,0.015555,0.205623
2070,0.073599,0.055358,0.300750
2080,0.075284,0.071105,0.334824
2090,0.040665,0.028471,0.232319
2100,0.058066,0.044009,0.256850
2110,0.082413,0.056752,0.335249
2120,0.018380,0.012930,0.222596
2130,0.050238,0.036905,0.254861
2140,0.056966,0.041917,0.298181
2150,0.061850,0.045081,0.276430
2160,0.024962,0.020161,0.153277
2170,0.108516,0.084620,0.405682
2180,0.044187,0.033701,0.231872
2190,0.032139,0.022820,0.213824
2200,0.043581,0.032424,0.239027
2210,0.064228,0.046136,0.275555
2220,0.072298,0.050587,0.307652
2230,0.025864,0.018912,0.198712
2240,0.058815,0.041276,0.251892
2250,0.074593,0.056373,0.333628
2260,0.050035,0.036683,0.237818
2270,0.026702,0.018040,0.196876
2280,0.054084,0.039857,0.254501
2290,0.074510,0.056496,0.318505
2300,0.049019,0.036999,0.234887
2310,0.033580,0.025348,0.232089
2320,0.002488,0.002827,0.186360
2330,0.064570,0.049359,0.302892
2340,0.044753,0.033855,0.236580
2350,0.052536,0.039802,0.251774
2360,0.066164,0.067166,0.526910
2370,0.008138,0.007867,0.195969
2380,0.089654,0.065225,0.337397
2390,0.038458,0.030069,0.212277
2400,0.048280,0.037946,0.276134
2410,0.058520,0.043499,0.259409
2420,0.105482,0.081240,0.367492
2430,0.020997,0.017363,0.199854
2440,0.058274,0.044940,0.288281
2450,0.085731,0.062217,0.334950
2460,0.018307,0.013279,0.193599
2470,0.058708,0.040691,0.259717
2480,0.056144,0.042215,0.292558
2490,0.022044,0.017610,0.191686
2500,0.035017,0.027078,0.215478
2510,0.045679,0.035037,0.253520
2520,0.035844,0.029514,0.231376
2530,0.068520,0.051379,0.295717
2540,0.018592,0.012371,0.083828
2550,0.074470,0.055824,0.298930
2560,0.024828,0.018956,0.183898
2570,0.079313,0.058730,0.324300
2580,0.009544,0.008031,0.221769
2590,0.071820,0.053721,0.304425
2600,0.109436,0.083632,0.390665
2610,0.060585,0.056900,0.296770
2620,0.019477,0.013601,0.170356
2630,0.040814,0.030523,0.271770
2640,0.046001,0.030047,0.272930
2650,0.086566,0.067371,0.323981
2660,0.048760,0.036700,0.255100
2670,0.106286,0.083397,0.391413
2680,0.023466,0.027011,0.173595
2690,0.062237,0.045617,0.311646
2700,0.079180,0.060636,0.308913
2710,0.034020,0.023144,0.243673
2720,0.032978,0.025628,0.221807
2730,0.042294,0.032292,0.214406
2740,0.072439,0.056202,0.277316
2750,0.048632,0.033965,0.264525
2760,0.020263,0.013885,0.137771
2770,0.016363,0.012225,0.241580
2780,0.013216,0.010174,0.419797
2790,0.071278,0.056779,0.292559
2800,0.071044,0.053788,0.295957
2810,0.056047,0.043562,0.242495
2820,0.028422,0.021545,0.227543
2830,0.046061,0.033921,0.241067
2840,0.042523,0.030465,0.239875
2850,0.080162,0.057184,0.322279
2860,0.051226,0.038839,0.253922
2870,0.054035,0.040711,0.248327
2880,0.000246,0.000411,0.001142
2890,0.020457,0.015746,0.215199
2900,0.057857,0.044296,0.286527
2910,0.061586,0.051637,0.294330
2920,0.065335,0.048503,0.270011
2930,0.051332,0.040774,0.236492
2940,0.028692,0.020991,0.199247
2950,0.109081,0.079995,0.363111
2960,0.045595,0.035413,0.230448
2970,0.058784,0.043055,0.254502
2980,0.054025,0.047046,0.263572
2990,0.066614,0.059377,0.289957
3000,0.077570,0.088432,0.384710
3010,0.028960,0.020320,0.223120
3020,0.024248,0.019244,0.215789
3030,0.007125,0.005120,0.235299
3040,0.056131,0.042904,0.264482
3050,0.092757,0.066108,0.338726
3060,0.042826,0.031627,0.204772
3070,0.087297,0.066670,0.344107
3080,0.063964,0.047067,0.268223
3090,0.045005,0.035259,0.242168
3100,0.030387,0.023475,0.195248
3110,0.039554,0.028705,0.219065
3120,0.037864,0.028316,0.217807
3130,0.050347,0.037474,0.238587
3140,0.061891,0.049035,0.312845
3150,0.075855,0.059637,0.328993
3160,0.026695,0.035278,0.213849
3170,0.045214,0.035124,0.226445
3180,0.062659,0.047804,0.277658
3190,0.038425,0.031867,0.197890
3200,0.040366,0.030575,0.218596
3210,0.049558,0.036586,0.240435
3220,0.050842,0.051942,0.270337
3230,0.028276,0.021191,0.182106
3240,0.075999,0.067166,0.357999
3250,0.063975,0.044701,0.307707
3260,0.039842,0.030197,0.234663
3270,0.079981,0.056210,0.331631
3280,0.037511,0.026303,0.206382
3290,0.024123,0.018047,0.216427
3300,0.041448,0.032977,0.225828
3310,0.072440,0.069099,0.330534
3320,0.067600,0.052989,0.241013
3330,0.020832,0.019912,0.276760
3340,0.020457,0.014915,0.216045
3350,0.061297,0.046952,0.250174
3360,0.033917,0.027350,0.195491
3370,0.031767,0.023726,0.193276
3380,0.038753,0.028913,0.244218
3390,0.033615,0.025593,0.194073
3400,0.034967,0.026711,0.179688
3410,0.004381,0.004338,0.136770
3420,0.027394,0.024997,0.221740
3430,0.029934,0.022100,0.199560
3440,0.081129,0.066340,0.325389
3450,0.007622,0.007262,0.541424
3460,0.023154,0.020270,0.136924
3470,0.036426,0.028682,0.201527
3480,0.055916,0.043502,0.274049
3490,0.070120,0.056781,0.313278
3500,0.036006,0.026386,0.226216
3510,0.089317,0.069191,0.337237
3520,0.047581,0.033517,0.221631
3530,0.038777,0.030530,0.197262
3540,0.031633,0.024352,0.205426
3550,0.064490,0.048752,0.276618
3560,0.044412,0.033583,0.222473
3570,0.069037,0.049976,0.268635
3580,0.018513,0.013602,0.160825
3590,0.032681,0.024204,0.219932
3600,0.021765,0.016037,0.117162
3610,0.021864,0.017197,0.128773
3620,0.005289,0.004380,0.122956
3630,0.031614,0.023436,0.187820
3640,0.042759,0.035219,0.227930
3650,0.079589,0.060939,0.305683
3660,0.039078,0.031780,0.214820
3670,0.002513,0.002019,0.114492
3680,0.009437,0.007868,0.166445
3690,0.055255,0.042344,0.239506
3700,0.020448,0.016425,0.169388
3710,0.040327,0.030259,0.231605
3720,0.065776,0.052343,0.297309
3730,0.093250,0.084211,0.336893
3740,0.038172,0.028473,0.206742
3750,0.031299,0.024222,0.236967
3760,0.028016,0.021469,0.182292
3770,0.012331,0.010158,0.162837
3780,0.026761,0.019628,0.187896
3790,0.074404,0.057021,0.288302
3800,0.071173,0.055829,0.311173
3810,0.040362,0.036828,0.251138
3820,0.059281,0.042371,0.278559
3830,0.075108,0.050803,0.307645
3840,0.030099,0.022981,0.179768
3850,0.041969,0.031711,0.218984
3860,0.028814,0.021553,0.201635
3870,0.047448,0.037037,0.230944
3880,0.026739,0.022272,0.149101
3890,0.025035,0.020256,0.175335
3900,0.062361,0.047156,0.272623
3910,0.018965,0.013063,0.183001
3920,0.007980,0.006498,0.223071
3930,0.066277,0.044739,0.295475
3940,0.025966,0.018545,0.182183
3950,0.048762,0.039736,0.277774
3960,0.000418,0.000546,0.001671
3970,0.049090,0.037259,0.241836
3980,0.008629,0.007351,0.214888
3990,0.048946,0.036375,0.214475
4000,0.060418,0.044492,0.293892
4010,0.077691,0.057738,0.290413
4020,0.070749,0.056607,0.278934
4030,0.038934,0.029813,0.201463
4040,0.041839,0.030135,0.221737
4050,0.025574,0.018780,0.201670
4060,0.037031,0.026046,0.243490
4070,0.044242,0.032381,0.217889
4080,0.032496,0.025914,0.212169
4090,0.044998,0.037787,0.232534
4100,0.051105,0.038006,0.239693
4110,0.026956,0.022114,0.174514
4120,0.025807,0.018599,0.200873
4130,0.042983,0.032140,0.214115
4140,0.021976,0.016757,0.195278
4150,0.066329,0.052176,0.268845
4160,0.072273,0.053317,0.293704
4170,0.021880,0.016421,0.156275
4180,0.035505,0.026480,0.198241
4190,0.015340,0.010903,0.113020
4200,0.026031,0.020141,0.171365
4210,0.054406,0.040946,0.235811
4220,0.004196,0.003754,0.177575
4230,0.034816,0.022815,0.260678
4240,0.052553,0.037711,0.260495
4250,0.055442,0.041614,0.240779
4260,0.049082,0.038575,0.218624
4270,0.063812,0.050503,0.277163
4280,0.029055,0.022058,0.203231
4290,0.063624,0.047406,0.266376
4300,0.050058,0.036740,0.212066
4310,0.061514,0.045610,0.262816
4320,0.077818,0.059839,0.309378
4330,0.059103,0.047207,0.271311
4340,0.023036,0.016514,0.136001
4350,0.041271,0.030361,0.226801
4360,0.021313,0.017969,0.159934
4370,0.061086,0.048865,0.267139
4380,0.056379,0.043073,0.260490
4390,0.081092,0.062667,0.304064
4400,0.023004,0.017025,0.166241
4410,0.033971,0.025600,0.195922
4420,0.033388,0.024538,0.208907
4430,0.087005,0.065128,0.338972
4440,0.030133,0.022992,0.161744
4450,0.053572,0.041488,0.244504
4460,0.022843,0.015207,0.135160
4470,0.040753,0.031158,0.213995
4480,0.035110,0.024794,0.228141
4490,0.024522,0.017855,0.182056
4500,0.037604,0.026848,0.196724
4510,0.080084,0.064892,0.294025
4520,0.021379,0.015311,0.182483
4530,0.047750,0.037278,0.224235
4540,0.024294,0.018032,0.138096
4550,0.051343,0.038506,0.229729
4560,0.045147,0.038752,0.244922
4570,0.014496,0.010345,0.104379
4580,0.049992,0.037741,0.215800
4590,0.027327,0.020264,0.154219
4600,0.038907,0.029475,0.228848
4610,0.042124,0.032332,0.257065
4620,0.035537,0.027651,0.160697
4630,0.012156,0.009282,0.152079
4640,0.036945,0.027467,0.231301
4650,0.045064,0.034786,0.234802
4660,0.029451,0.021991,0.205632
4670,0.034299,0.024811,0.157623
4680,0.026481,0.021518,0.196971
4690,0.048784,0.036397,0.254675
4700,0.031529,0.023632,0.177404
4710,0.039541,0.029961,0.215743
4720,0.047917,0.036116,0.223811
4730,0.058076,0.046675,0.247751
4740,0.075613,0.063960,0.301397
4750,0.059475,0.046528,0.275525
4760,0.049012,0.038308,0.246990
4770,0.035213,0.026582,0.189284
4780,0.072016,0.054315,0.270327
4790,0.048328,0.037804,0.214041
4800,0.029427,0.022166,0.219046
4810,0.079291,0.062943,0.317792
4820,0.053400,0.039549,0.250149
4830,0.012730,0.010163,0.134636
4840,0.053323,0.040631,0.233601
4850,0.045693,0.033681,0.244245
4860,0.054881,0.044080,0.256433
4870,0.048781,0.039305,0.238944
4880,0.011092,0.010006,0.090950
4890,0.060911,0.047001,0.235171
4900,0.029946,0.023645,0.151511
4910,0.024429,0.022377,0.253079
4920,0.041665,0.028791,0.288833
4930,0.029949,0.022907,0.186190
4940,0.000273,0.000451,0.001215
4950,0.085879,0.067521,0.326554
4960,0.038580,0.029213,0.217278
4970,0.022772,0.018669,0.193123
4980,0.037518,0.028302,0.206749
4990,0.028071,0.020982,0.197291
5000,0.044887,0.034172,0.226444
5010,0.033150,0.024187,0.212203
5020,0.082839,0.060959,0.307218
5030,0.026070,0.021601,0.213356
5040,0.013597,0.010720,0.156672
5050,0.081261,0.061709,0.311971
5060,0.052160,0.039581,0.230472
5070,0.001175,0.001701,0.126040
5080,0.048173,0.035853,0.234054
5090,0.053734,0.040318,0.249184
5100,0.034908,0.026226,0.201872
5110,0.044210,0.031864,0.229894
5120,0.007682,0.005644,0.146695
5130,0.017466,0.014787,0.159170
5140,0.084553,0.067143,0.318172
5150,0.046448,0.035185,0.229908
5160,0.013270,0.009858,0.178002
5170,0.036729,0.027132,0.201696
5180,0.030932,0.024164,0.156200
5190,0.071794,0.063125,0.310016
5200,0.024929,0.019692,0.116732
5210,0.035680,0.027888,0.202804
5220,0.024520,0.018266,0.192339
5230,0.027562,0.022333,0.235244
5240,0.079540,0.061103,0.289785
5250,0.059761,0.046801,0.275576
5260,0.034980,0.027343,0.205346
5270,0.063815,0.048721,0.256269
5280,0.049770,0.036503,0.226388
5290,0.087132,0.063691,0.324594
5300,0.023752,0.019745,0.181897
5310,0.036236,0.026916,0.201717
5320,0.065871,0.049429,0.286686
5330,0.017737,0.012382,0.149468
5340,0.046428,0.037873,0.183198
5350,0.044738,0.034168,0.248295
5360,0.036914,0.022890,0.158381
5370,0.045686,0.036491,0.220650
5380,0.016580,0.015295,0.107589
5390,0.073952,0.062725,0.326494
5400,0.035899,0.026280,0.195472
5410,0.023523,0.017478,0.170598
5420,0.027527,0.021469,0.178190
5430,0.033242,0.026732,0.215787
5440,0.027771,0.021575,0.179434
5450,0.020390,0.014946,0.171881
5460,0.022303,0.016434,0.117460
5470,0.037696,0.028705,0.215843
5480,0.007849,0.005604,0.172119
5490,0.042685,0.032883,0.218863
5500,0.023424,0.018424,0.174375
5510,0.036735,0.028531,0.210126
5520,0.106104,0.094836,0.400212
5530,0.058524,0.045084,0.236949
5540,0.043532,0.032429,0.213794
5550,0.054708,0.040348,0.234297
5560,0.027740,0.021981,0.192793
5570,0.028010,0.022540,0.190358
5580,0.052008,0.041422,0.242717
5590,0.038524,0.028914,0.191638
5600,0.072212,0.056460,0.275872
5610,0.041770,0.030608,0.228236
5620,0.032498,0.023481,0.199410
5630,0.015345,0.012178,0.132404
5640,0.042809,0.031183,0.213240
5650,0.040059,0.030226,0.214736
5660,0.007763,0.006445,0.128481
5670,0.048344,0.037817,0.221935
5680,0.047916,0.039158,0.231265
5690,0.069953,0.055249,0.294680
5700,0.049869,0.036851,0.263507
5710,0.057198,0.043900,0.252901
5720,0.066035,0.048509,0.290781
5730,0.061644,0.048129,0.254368
5740,0.079569,0.062601,0.308213
5750,0.031115,0.023032,0.211464
5760,0.025387,0.019173,0.196398
5770,0.046612,0.035661,0.222001
5780,0.039264,0.029205,0.209419
5790,0.052931,0.037395,0.276357
5800,0.008781,0.007135,0.431053
5810,0.045909,0.036396,0.197730
5820,0.010296,0.009826,0.462173
5830,0.062692,0.049093,0.265068
5840,0.061030,0.046129,0.264151
5850,0.054065,0.037756,0.286750
5860,0.043255,0.033234,0.214388
5870,0.075714,0.062379,0.273995
5880,0.048064,0.037914,0.250021
5890,0.012209,0.009476,0.122326
5900,0.036683,0.029147,0.158817
5910,0.034023,0.025611,0.174605
5920,0.037542,0.029870,0.210015
5930,0.032674,0.024421,0.176154
5940,0.052474,0.039388,0.205436
5950,0.037471,0.027117,0.229615
5960,0.042424,0.033721,0.208304
5970,0.011727,0.011659,0.345441
5980,0.012328,0.009189,0.136870
5990,0.043638,0.034966,0.202429
6000,0.053257,0.041915,0.228739
6010,0.041058,0.030841,0.227627
6020,0.063181,0.045845,0.255003
6030,0.028985,0.024220,0.191296
6040,0.027553,0.020585,0.174086
6050,0.104058,0.083538,0.354299
6060,0.094330,0.068525,0.340443
6070,0.033598,0.026395,0.202670
6080,0.075961,0.058902,0.291220
6090,0.060853,0.046745,0.246559
6100,0.042649,0.032978,0.213234
6110,0.045196,0.033706,0.218947
6120,0.014668,0.011137,0.232867
6130,0.070730,0.052423,0.263386
6140,0.068865,0.050804,0.264628
6150,0.048955,0.037008,0.218196
6160,0.022859,0.017776,0.171139
6170,0.059965,0.045070,0.235479
6180,0.025487,0.018041,0.191813
6190,0.050670,0.037373,0.198963
6200,0.038680,0.028656,0.217789
6210,0.067636,0.049432,0.252562
6220,0.055027,0.041703,0.227123
6230,0.056007,0.042171,0.231754
6240,0.017248,0.012673,0.151989
6250,0.035970,0.028863,0.223408
6260,0.015296,0.010671,0.189561
6270,0.047792,0.033266,0.262649
6280,0.028384,0.021819,0.190961
6290,0.063664,0.049684,0.256455
6300,0.038881,0.030299,0.189732
6310,0.050394,0.038825,0.216990
6320,0.038648,0.030351,0.198009
6330,0.047780,0.036864,0.241591
6340,0.082760,0.067960,0.296612
6350,0.045093,0.033259,0.213418
6360,0.035865,0.029386,0.211184
6370,0.074247,0.055928,0.313397
6380,0.032320,0.024722,0.213805
6390,0.078358,0.063345,0.277137
6400,0.034880,0.027853,0.163950
6410,0.021307,0.015877,0.112970
6420,0.043420,0.034644,0.226669
6430,0.038865,0.030065,0.220340
6440,0.014165,0.011566,0.152528
6450,0.032265,0.023083,0.183397
6460,0.067327,0.054092,0.256506
6470,0.043857,0.032036,0.246227
6480,0.018406,0.013938,0.155249
6490,0.095410,0.072148,0.343876
6500,0.023918,0.018541,0.148211
6510,0.008416,0.006464,0.191150
6520,0.029654,0.023041,0.175568
6530,0.026888,0.020489,0.179532
6540,0.023121,0.017336,0.158302
6550,0.020295,0.017597,0.146123
6560,0.028885,0.021507,0.186632
6570,0.035336,0.027693,0.189465
6580,0.047158,0.036357,0.225669
6590,0.003809,0.003093,0.203987
6600,0.061096,0.048318,0.223715
6610,0.037463,0.028547,0.208578
6620,0.020506,0.017135,0.185281
6630,0.059605,0.044335,0.251763
6640,0.010563,0.007987,0.144706
6650,0.028635,0.021660,0.218293
6660,0.042659,0.031971,0.212328
6670,0.053197,0.040241,0.221582
6680,0.050298,0.035908,0.233513
6690,0.000666,0.000644,0.168091
6700,0.051568,0.039460,0.230456
6710,0.022899,0.017829,0.138219
6720,0.040445,0.031930,0.222120
6730,0.036148,0.027070,0.209441
6740,0.026735,0.019310,0.180689
6750,0.055288,0.041617,0.242396
6760,0.040894,0.031867,0.217634
6770,0.045565,0.034995,0.222227
6780,0.003649,0.002756,0.109473
6790,0.011781,0.009406,0.158537
6800,0.022890,0.016167,0.137077
6810,0.038038,0.028360,0.254749
6820,0.072345,0.056229,0.275997
6830,0.064380,0.051346,0.264966
6840,0.029234,0.020952,0.199969
6850,0.027735,0.020269,0.172398
6860,0.085094,0.065595,0.314353
6870,0.055933,0.043969,0.236242
6880,0.044605,0.035616,0.193540
6890,0.063368,0.047236,0.258695
6900,0.047209,0.037485,0.220159
6910,0.044705,0.036160,0.202915
6920,0.020251,0.016703,0.285774
6930,0.044008,0.035467,0.201426
6940,0.056124,0.043405,0.249481
6950,0.034869,0.024595,0.177803
6960,0.044651,0.034609,0.229930
6970,0.046367,0.036279,0.209229
6980,0.063814,0.049034,0.263021
6990,0.020186,0.015891,0.167758
7000,0.033459,0.025446,0.194737
7010,0.016988,0.013266,0.105434
7020,0.002261,0.001233,0.131590
7030,0.029710,0.021410,0.181761
7040,0.039097,0.028679,0.198320
7050,0.003263,0.002376,0.035887
7060,0.032200,0.025339,0.228436
7070,0.001474,0.001786,0.146060
7080,0.040361,0.030735,0.214261
7090,0.015357,0.010118,0.116210
7100,0.052913,0.040871,0.223682
7110,0.045687,0.034908,0.221978
7120,0.096299,0.077093,0.339213
7130,0.058094,0.045271,0.245279
7140,0.063738,0.051300,0.249291
7150,0.020392,0.015080,0.257748
7160,0.035725,0.028833,0.202651
7170,0.058239,0.042855,0.243133
7180,0.070233,0.050668,0.278798
7190,0.032629,0.024778,0.175874
7200,0.068040,0.050796,0.280858
7210,0.033968,0.027188,0.185484
7220,0.052186,0.039593,0.229959
7230,0.113650,0.089733,0.375695
7240,0.024710,0.018810,0.163432
7250,0.073877,0.057139,0.289228
7260,0.031358,0.023061,0.202804
7270,0.035817,0.030388,0.218531
7280,0.048332,0.036456,0.219721
7290,0.049476,0.036542,0.202447
7300,0.054835,0.042229,0.225504
7310,0.013527,0.010014,0.130768
7320,0.078664,0.062350,0.291266
7330,0.010028,0.006896,0.198736
7340,0.066418,0.052227,0.272230
7350,0.027217,0.020810,0.165483
7360,0.006280,0.005555,0.423881
7370,0.020351,0.015837,0.169494
7380,0.044867,0.034990,0.213208
7390,0.047063,0.036704,0.186231
7400,0.051684,0.039421,0.225631
7410,0.037859,0.029864,0.209850
7420,0.047103,0.036040,0.219746
7430,0.014796,0.011557,0.278247
7440,0.034378,0.026511,0.191367
7450,0.030782,0.023568,0.195665
7460,0.063230,0.048939,0.266951
7470,0.039369,0.028618,0.151322
7480,0.019145,0.015596,0.142100
7490,0.030257,0.022667,0.191650
7500,0.019429,0.013551,0.156563
7510,0.009258,0.007745,0.066793
7520,0.038815,0.031292,0.189346
7530,0.026351,0.019731,0.186237
7540,0.065872,0.044371,0.410809
7550,0.024872,0.016121,0.180344
7560,0.055534,0.042895,0.253214
7570,0.034559,0.025783,0.205201
7580,0.051749,0.042120,0.256510
7590,0.015652,0.011168,0.148130
7600,0.044379,0.033042,0.197064
7610,0.016835,0.013451,0.140669
7620,0.037255,0.028978,0.203513
7630,0.054675,0.041290,0.230885
7640,0.035956,0.026637,0.187838
7650,0.073164,0.059261,0.256301
7660,0.026715,0.019898,0.136852
7670,0.027966,0.021543,0.191286
7680,0.015263,0.011844,0.128415
7690,0.021136,0.015895,0.175633
7700,0.032259,0.025212,0.191386
7710,0.067262,0.051693,0.256853
7720,0.017447,0.013230,0.154346
7730,0.038783,0.030908,0.196837
7740,0.047798,0.036726,0.214480
7750,0.021935,0.016771,0.181066
7760,0.019097,0.013312,0.136670
7770,0.053661,0.040964,0.231985
7780,0.042573,0.031791,0.215390
7790,0.091337,0.074774,0.322893
7800,0.019900,0.014111,0.086245
7810,0.016003,0.012402,0.210152
7820,0.046781,0.036419,0.188987
7830,0.020407,0.016521,0.162040
7840,0.026061,0.019284,0.136983
7850,0.023431,0.017778,0.167797
7860,0.032375,0.027617,0.144464
7870,0.029423,0.022894,0.152043
7880,0.034781,0.025935,0.193543
7890,0.043024,0.032585,0.220350
7900,0.028113,0.021616,0.173840
7910,0.018182,0.012611,0.132307
7920,0.004768,0.003799,0.174779
7930,0.036335,0.027601,0.182177
7940,0.034982,0.028168,0.194732
7950,0.034223,0.025858,0.199238
7960,0.029014,0.022373,0.181979
7970,0.046442,0.035618,0.214367
7980,0.025116,0.019767,0.159107
7990,0.001953,0.001380,0.544372
8000,0.064136,0.048576,0.262513
8010,0.038173,0.030602,0.192858
8020,0.020816,0.015590,0.155087
8030,0.037127,0.027997,0.140072
8040,0.058923,0.045248,0.246629
8050,0.009444,0.008604,0.188670
8060,0.058639,0.047390,0.236835
8070,0.032850,0.025565,0.154686
8080,0.003407,0.002560,0.138474
8090,0.042489,0.030303,0.221790
8100,0.046287,0.035186,0.226204
8110,0.039379,0.029799,0.174398
8120,0.022468,0.018517,0.148286
8130,0.039762,0.030892,0.186204
8140,0.029782,0.022203,0.166058
8150,0.057370,0.044604,0.240319
8160,0.008731,0.007195,0.138430
8170,0.058654,0.044207,0.242535
8180,0.064630,0.048397,0.256138
8190,0.021773,0.017448,0.170803
8200,0.019369,0.015761,0.177492
8210,0.045402,0.033322,0.207514
8220,0.024305,0.017334,0.160653
8230,0.054756,0.042172,0.234514
8240,0.027863,0.020766,0.171317
8250,0.054111,0.041193,0.241598
8260,0.040249,0.031128,0.189157
8270,0.002809,0.002138,0.123792
8280,0.023198,0.017516,0.154580
8290,0.050923,0.040517,0.222957
8300,0.024443,0.020110,0.168013
8310,0.043276,0.033914,0.184123
8320,0.041460,0.031890,0.177632
8330,0.053827,0.042324,0.215566
8340,0.020474,0.014614,0.155284
8350,0.024301,0.018383,0.161089
8360,0.042950,0.028207,0.242373
8370,0.014376,0.011037,0.116095
8380,0.061888,0.046686,0.251354
8390,0.016971,0.012997,0.126749
8400,0.014229,0.011134,0.092999
8410,0.028213,0.022286,0.187033
8420,0.031824,0.024716,0.180906
8430,0.060082,0.045946,0.242215
8440,0.023483,0.017595,0.170798
8450,0.060149,0.044687,0.250432
8460,0.001802,0.001134,0.359015
8470,0.023791,0.017929,0.183168
8480,0.063264,0.047550,0.244469
8490,0.020315,0.015128,0.149083
8500,0.024520,0.017601,0.160369
8510,0.082266,0.064300,0.301198
8520,0.006046,0.005802,0.052482
8530,0.016653,0.013220,0.156479
8540,0.043336,0.035280,0.230334
8550,0.012528,0.010040,0.190779
8560,0.049750,0.036035,0.222460
8570,0.043379,0.032612,0.203239
8580,0.053786,0.042144,0.240249
8590,0.042252,0.031832,0.225261
8600,0.033880,0.025536,0.155615
8610,0.007709,0.005961,0.236666
8620,0.059696,0.046785,0.243077
8630,0.054493,0.043457,0.221016
8640,0.005099,0.004059,0.119107
8650,0.037895,0.027022,0.221794
8660,0.056674,0.042954,0.245352
8670,0.047333,0.034320,0.255033
8680,0.065251,0.050608,0.259368
8690,0.047382,0.035320,0.217969
8700,0.068192,0.052024,0.267400
8710,0.032966,0.025339,0.184750
8720,0.048870,0.037154,0.218344
8730,0.021119,0.016097,0.173769
8740,0.018945,0.015006,0.161234
8750,0.038033,0.027712,0.192589
8760,0.059699,0.051001,0.240762
8770,0.036910,0.028481,0.200733
8780,0.035533,0.027171,0.154454
8790,0.052205,0.042700,0.228631
8800,0.056018,0.042694,0.229771
8810,0.020474,0.015250,0.166837
8820,0.056604,0.043583,0.238741
8830,0.052632,0.041393,0.228205
8840,0.033831,0.026570,0.159617
8850,0.003398,0.002598,0.155165
8860,0.043114,0.034539,0.178268
8870,0.060550,0.043312,0.284741
8880,0.025353,0.018705,0.170344
8890,0.043132,0.032384,0.174484
8900,0.004908,0.004574,0.137139
8910,0.051320,0.040056,0.238288
8920,0.047556,0.043496,0.235818
8930,0.059695,0.046319,0.247760
8940,0.075027,0.057080,0.284652
8950,0.025224,0.018923,0.160593
8960,0.029967,0.022444,0.195947
8970,0.028639,0.021973,0.190820
8980,0.044176,0.027358,0.272947
8990,0.019122,0.014550,0.137135
9000,0.032733,0.024916,0.188153
9010,0.050049,0.041466,0.274928
9020,0.025111,0.021566,0.146929
9030,0.052181,0.039336,0.202609
9040,0.002064,0.001656,0.085739
9050,0.020219,0.014835,0.149706
9060,0.007822,0.007713,0.052152
9070,0.042280,0.033698,0.195127
9080,0.009904,0.008092,0.132698
9090,0.045262,0.034564,0.216676
9100,0.054362,0.042742,0.232109
9110,0.018369,0.014450,0.138628
9120,0.058670,0.047468,0.260123
9130,0.052694,0.043346,0.235162
9140,0.056257,0.044245,0.256053
9150,0.013677,0.011453,0.185363
9160,0.008254,0.005747,0.171722
9170,0.004456,0.003713,0.028735
9180,0.014654,0.010367,0.136583
9190,0.035438,0.027768,0.194376
9200,0.038397,0.028862,0.192368
9210,0.022175,0.015529,0.199002
9220,0.002415,0.002178,0.232981
9230,0.026469,0.019583,0.195945
9240,0.061666,0.047731,0.244112
9250,0.022111,0.018037,0.161550
9260,0.023028,0.017635,0.116197
9270,0.040005,0.030940,0.184638
9280,0.021707,0.017784,0.190000
9290,0.007823,0.005821,0.139868
9300,0.031741,0.024113,0.191372
9310,0.030108,0.025790,0.130444
9320,0.017723,0.014694,0.210373
9330,0.026990,0.020256,0.175129
9340,0.020510,0.015774,0.162409
9350,0.032334,0.025361,0.189247
9360,0.017428,0.014713,0.103308
9370,0.032073,0.024008,0.179890
9380,0.059867,0.047304,0.255670
9390,0.022060,0.016716,0.165974
9400,0.060333,0.045595,0.246951
9410,0.038859,0.029156,0.191824
9420,0.028736,0.021974,0.176727
9430,0.034440,0.024860,0.180144
9440,0.035844,0.027391,0.178291
9450,0.039378,0.031397,0.176667
9460,0.027078,0.020231,0.140605
9470,0.023279,0.017521,0.193329
9480,0.049760,0.038907,0.219396
9490,0.049449,0.038603,0.211246
9500,0.029737,0.023405,0.180355
9510,0.032545,0.024559,0.188389
9520,0.008616,0.007610,0.171993
9530,0.013166,0.010333,0.319663
9540,0.004789,0.002846,0.338343
9550,0.044161,0.032965,0.185949
9560,0.063062,0.047781,0.249836
9570,0.047329,0.036426,0.258083
9580,0.069269,0.053358,0.263734
9590,0.021852,0.017082,0.316538
9600,0.043155,0.032843,0.198637
9610,0.014891,0.011242,0.144257
9620,0.027925,0.020799,0.195641
9630,0.025185,0.019964,0.125207
9640,0.022760,0.016527,0.175855
9650,0.034110,0.025935,0.183329
9660,0.028050,0.022089,0.120495
9670,0.025936,0.019685,0.180037
9680,0.002672,0.002210,0.291471
9690,0.035141,0.026439,0.219972
9700,0.060747,0.048463,0.242336
9710,0.035692,0.028423,0.201076
9720,0.037199,0.028810,0.182657
9730,0.032288,0.025047,0.184312
9740,0.045799,0.035837,0.249111
9750,0.041292,0.031494,0.189205
9760,0.032967,0.024225,0.145507
9770,0.026923,0.018991,0.145035
9780,0.037715,0.029782,0.179528
9790,0.011483,0.009482,0.171433
9800,0.074594,0.054913,0.273646
9810,0.057066,0.042974,0.225013
9820,0.058430,0.046013,0.241446
9830,0.064657,0.051487,0.273212
9840,0.066654,0.043563,0.250874
9850,0.055463,0.041958,0.233911
9860,0.033526,0.025161,0.180146
9870,0.035349,0.028275,0.170146
9880,0.054910,0.042437,0.221244
9890,0.045890,0.035473,0.221082
9900,0.062273,0.049226,0.253477
9910,0.028227,0.021834,0.173456
9920,0.045599,0.032263,0.231200
9930,0.059993,0.045735,0.253159
9940,0.032860,0.025888,0.166210
9950,0.048381,0.036976,0.210968
9960,0.002590,0.002138,0.144573
9970,0.006723,0.004876,0.107022
9980,0.016540,0.011960,0.143157
9990,0.033864,0.027107,0.172348
10000,0.027016,0.020383,0.179584
10010,0.048851,0.038011,0.219542
10020,0.009124,0.007440,0.213027
10030,0.023194,0.018312,0.181618
10040,0.032963,0.025455,0.143471
10050,0.061100,0.048740,0.263119
10060,0.036881,0.026945,0.193546
10070,0.049653,0.037928,0.226375
10080,0.024486,0.019015,0.160809
10090,0.030217,0.023120,0.188716
10100,0.031427,0.024600,0.170463
10110,0.073968,0.057028,0.275398
10120,0.023109,0.017522,0.179292
10130,0.018376,0.012224,0.148574
10140,0.029972,0.024129,0.160892
10150,0.022838,0.017252,0.167610
10160,0.026545,0.019623,0.163611
10170,0.040424,0.031853,0.168305
10180,0.039789,0.030870,0.187748
10190,0.038023,0.023249,0.236534
10200,0.035896,0.025006,0.200374
10210,0.029814,0.022419,0.166280
10220,0.007748,0.006217,0.167622
10230,0.038668,0.029387,0.267313
10240,0.035638,0.025898,0.182690
10250,0.016541,0.012126,0.149703
10260,0.062318,0.044970,0.261109
10270,0.036749,0.026929,0.192830
10280,0.050085,0.038182,0.206524
10290,0.062920,0.050379,0.261568
10300,0.054667,0.042679,0.229191
10310,0.030791,0.022986,0.170351
10320,0.030324,0.023295,0.196090
10330,0.069796,0.056134,0.293078
10340,0.029401,0.022303,0.172208
10350,0.003949,0.003171,0.137200
10360,0.028340,0.023241,0.489004
10370,0.021831,0.015164,0.175160
10380,0.021896,0.017929,0.171161
10390,0.073426,0.058204,0.275664
10400,0.025988,0.020292,0.166900
10410,0.047627,0.037324,0.210145
10420,0.023690,0.018356,0.144093
10430,0.034332,0.026096,0.197248
10440,0.077623,0.061153,0.285225
10450,0.024207,0.018449,0.184828
10460,0.057564,0.043448,0.237527
10470,0.033531,0.027596,0.150122
10480,0.039137,0.031032,0.208092
10490,0.007495,0.005710,0.133712
10500,0.039271,0.029839,0.156570
10510,0.039770,0.030896,0.184754
10520,0.070082,0.056727,0.264508
10530,0.045877,0.034510,0.221963
10540,0.037245,0.028012,0.194944
10550,0.064164,0.049459,0.255050
10560,0.056389,0.042631,0.247423
10570,0.044670,0.034504,0.209357
10580,0.037760,0.028776,0.232073
10590,0.030952,0.024406,0.184311
10600,0.031801,0.022765,0.192224
10610,0.038389,0.028248,0.207010
10620,0.014540,0.010180,0.165491
10630,0.054757,0.041790,0.230170
10640,0.020591,0.016492,0.159805
10650,0.031518,0.025661,0.183965
10660,0.053109,0.040896,0.225535
10670,0.041086,0.031471,0.200962
10680,0.041691,0.031377,0.197113
10690,0.009406,0.007050,0.143851
10700,0.050756,0.038346,0.230434
10710,0.050673,0.040351,0.223318
10720,0.060684,0.046959,0.272135
10730,0.022478,0.017555,0.139775
10740,0.050176,0.038820,0.233398
10750,0.068793,0.052554,0.260883
10760,0.052966,0.038964,0.227799
10770,0.022046,0.017491,0.128102
10780,0.053717,0.041288,0.211868
10790,0.050989,0.037097,0.227786
10800,0.038046,0.026314,0.206034
10810,0.020068,0.014196,0.179488
10820,0.041161,0.031600,0.209829
10830,0.021467,0.016637,0.112420
10840,0.042158,0.032307,0.189707
10850,0.029735,0.023227,0.152309
10860,0.021578,0.013601,0.267651
10870,0.054253,0.038552,0.248672
10880,0.023086,0.015871,0.180517
10890,0.058488,0.045138,0.242257
10900,0.032720,0.024585,0.186205
10910,0.071000,0.056032,0.248561
10920,0.057664,0.045820,0.239918
10930,0.040193,0.029095,0.221121
10940,0.046139,0.035162,0.203644
10950,0.040217,0.029088,0.207643
10960,0.062431,0.047698,0.244664
10970,0.026976,0.020523,0.156882
10980,0.036351,0.027835,0.187202
10990,0.051679,0.040603,0.227137
11000,0.043257,0.031578,0.193151
11010,0.021083,0.015871,0.164571
11020,0.040345,0.030389,0.206862
11030,0.027089,0.019860,0.162931
11040,0.030217,0.022887,0.141591
11050,0.041786,0.031089,0.206821
11060,0.039481,0.030390,0.185931
11070,0.000050,0.000085,0.000234
11080,0.007216,0.006036,0.147813
11090,0.015448,0.012010,0.145753
11100,0.054099,0.041300,0.213351
11110,0.030028,0.023126,0.181941
11120,0.042449,0.032936,0.196953
11130,0.050847,0.039167,0.197947
11140,0.020539,0.015468,0.126479
11150,0.049992,0.042248,0.297047
11160,0.014462,0.012467,0.093204
11170,0.044973,0.034917,0.186873
11180,0.073975,0.056483,0.279908
11190,0.031962,0.023877,0.174625
11200,0.007224,0.005835,0.133081
11210,0.017848,0.015558,0.177049
11220,0.023086,0.016784,0.168355
11230,0.023192,0.018714,0.153680
11240,0.018536,0.013711,0.142289
11250,0.043511,0.034900,0.225505
11260,0.016475,0.012521,0.161943
11270,0.040758,0.030292,0.201867
11280,0.035968,0.029094,0.181888
11290,0.035958,0.028383,0.142198
11300,0.030027,0.023782,0.171290
11310,0.013944,0.010006,0.213456
11320,0.015387,0.013548,0.108489
11330,0.014755,0.010282,0.129420
11340,0.052979,0.041353,0.235038
11350,0.037197,0.028834,0.197496
11360,0.032319,0.023965,0.196403
11370,0.041014,0.030955,0.198666
11380,0.040059,0.031175,0.197580
11390,0.041702,0.031933,0.195613
11400,0.030371,0.023288,0.155945
11410,0.007493,0.006098,0.115681
11420,0.015139,0.013578,0.108776
11430,0.019065,0.015274,0.154056
11440,0.006619,0.004222,0.271987
11450,0.060719,0.044863,0.264231
11460,0.026893,0.020654,0.160294
11470,0.037985,0.029307,0.190484
11480,0.038661,0.028480,0.166114
11490,0.039417,0.030554,0.189843
11500,0.022204,0.017111,0.145341
11510,0.026529,0.019612,0.150689
11520,0.003754,0.003276,0.119239
11530,0.027302,0.021259,0.171505
11540,0.025045,0.019163,0.195027
11550,0.022823,0.017302,0.188372
11560,0.032214,0.023331,0.160378
11570,0.024675,0.017525,0.160060
11580,0.082659,0.060725,0.300440
11590,0.058708,0.047279,0.241691
11600,0.035528,0.026514,0.159077
11610,0.062549,0.047666,0.262441
11620,0.034723,0.026389,0.199855
11630,0.038215,0.028727,0.179978
11640,0.035310,0.027537,0.182131
11650,0.004707,0.004222,0.107394
11660,0.026425,0.021536,0.171201
11670,0.041448,0.031296,0.189635
11680,0.071203,0.056035,0.279204
11690,0.020979,0.016183,0.143601
11700,0.022336,0.016484,0.186392
11710,0.047734,0.037281,0.186081
11720,0.026009,0.018735,0.133259
11730,0.095814,0.079410,0.319470
11740,0.082540,0.064273,0.302497
11750,0.050016,0.037640,0.230287
11760,0.034867,0.026237,0.200530
11770,0.069537,0.055495,0.260325
11780,0.014366,0.011218,0.129682
11790,0.039986,0.031336,0.192223
11800,0.051716,0.041114,0.225887
11810,0.011356,0.009391,0.172979
11820,0.054322,0.040972,0.225124
11830,0.045438,0.032591,0.214521
11840,0.020397,0.015237,0.143124
11850,0.040983,0.031576,0.200623
11860,0.061188,0.050735,0.263186
11870,0.062666,0.047733,0.242697
11880,0.030984,0.021818,0.173213
11890,0.030627,0.023868,0.164636
11900,0.016164,0.012004,0.119524
11910,0.027054,0.020310,0.174705
11920,0.038347,0.029056,0.169633
11930,0.013780,0.009903,0.131633
11940,0.020113,0.017243,0.166327
11950,0.020191,0.015214,0.138540
11960,0.014654,0.010519,0.148132
11970,0.011905,0.008165,0.138189
11980,0.023327,0.017026,0.155954
11990,0.022508,0.017673,0.194320
12000,0.028997,0.021758,0.169042
12010,0.037820,0.030141,0.178774
12020,0.008262,0.006724,0.075731
12030,0.041948,0.031310,0.197370
12040,0.039586,0.031573,0.205244
12050,0.038286,0.029219,0.197550
12060,0.031735,0.023505,0.178333
12070,0.005756,0.004167,0.122716
12080,0.032983,0.025603,0.180896
12090,0.031799,0.024556,0.195565
12100,0.037010,0.028329,0.221736
12110,0.032587,0.024857,0.183180
12120,0.013147,0.010489,0.151069
12130,0.006739,0.004531,0.118364
12140,0.024621,0.019632,0.132081
12150,0.030557,0.023295,0.166528
12160,0.047066,0.035945,0.215160
12170,0.024792,0.018273,0.174431
12180,0.024779,0.019129,0.139582
12190,0.039003,0.029883,0.191923
12200,0.039830,0.030303,0.179877
12210,0.050656,0.039248,0.223363
12220,0.033879,0.026721,0.180547
12230,0.030695,0.022459,0.166567
12240,0.028753,0.022078,0.148459
12250,0.019663,0.014201,0.111521
12260,0.037233,0.028447,0.187537
12270,0.034415,0.025338,0.176200
12280,0.041244,0.032174,0.179188
12290,0.042627,0.031994,0.198273
12300,0.038134,0.029521,0.168389
12310,0.051140,0.038666,0.206878
12320,0.041003,0.031307,0.170245
12330,0.018678,0.014083,0.150652
12340,0.062609,0.047375,0.261703
12350,0.018414,0.015201,0.153199
12360,0.034586,0.025000,0.171510
12370,0.023941,0.018453,0.163571
12380,0.036668,0.027780,0.190021
12390,0.023787,0.017036,0.167020
12400,0.039570,0.029207,0.196888
12410,0.044758,0.037730,0.247437
12420,0.026196,0.019565,0.137324
12430,0.044155,0.033179,0.184323
12440,0.034146,0.026660,0.174893
12450,0.044945,0.034439,0.197388
12460,0.011979,0.008999,0.118690
12470,0.024595,0.020051,0.130771
12480,0.036409,0.026764,0.189579
12490,0.034525,0.026541,0.187883
12500,0.019809,0.016773,0.097123
12510,0.020660,0.016058,0.176391
12520,0.034353,0.024849,0.183698
12530,0.067449,0.050865,0.256638
12540,0.008972,0.006532,0.260075
12550,0.051001,0.040540,0.218803
12560,0.014640,0.010821,0.133639
12570,0.029702,0.022092,0.186344
12580,0.068029,0.052777,0.272932
12590,0.032564,0.024015,0.170862
12600,0.055215,0.042696,0.223156
12610,0.090762,0.076118,0.333795
12620,0.031984,0.025245,0.178079
12630,0.023965,0.017667,0.132757
12640,0.032341,0.024759,0.180868
12650,0.033185,0.024593,0.178936
12660,0.019705,0.015647,0.102747
12670,0.013997,0.010137,0.152195
12680,0.026618,0.021021,0.164730
12690,0.020354,0.015280,0.170083
12700,0.019044,0.013887,0.134352
12710,0.042901,0.031585,0.176792
12720,0.030459,0.022607,0.183645
12730,0.030606,0.023030,0.167327
12740,0.035829,0.026902,0.154278
12750,0.049048,0.038198,0.202222
12760,0.048621,0.035406,0.178772
12770,0.039960,0.030331,0.178134
12780,0.067394,0.052059,0.267814
12790,0.067101,0.051417,0.253380
12800,0.022291,0.017427,0.154985
12810,0.052086,0.041325,0.215463
12820,0.039637,0.029037,0.144953
12830,0.036503,0.026921,0.194071
12840,0.022080,0.016772,0.162212
12850,0.027549,0.021005,0.165021
12860,0.025080,0.017685,0.167811
12870,0.057802,0.044653,0.236510
12880,0.063477,0.048525,0.259094
12890,0.036308,0.028297,0.156095
12900,0.050237,0.038366,0.216397
12910,0.009207,0.006927,0.111967
12920,0.031639,0.023927,0.193411
12930,0.001092,0.001145,0.182032
12940,0.055031,0.043505,0.226011
12950,0.024470,0.019859,0.158426
12960,0.035780,0.028516,0.195279
12970,0.014776,0.011286,0.129939
12980,0.024838,0.018884,0.129172
12990,0.027213,0.020481,0.110397
13000,0.069318,0.053834,0.264352
13010,0.047382,0.043524,0.233147
13020,0.053646,0.041151,0.232329
13030,0.011561,0.008468,0.072883
13040,0.068049,0.055678,0.256112
13050,0.022109,0.016566,0.144450
13060,0.064429,0.048443,0.251373
13070,0.034442,0.026361,0.188977
13080,0.004451,0.003201,0.124831
13090,0.045738,0.034588,0.211954
13100,0.031973,0.024745,0.154585
13110,0.036378,0.029155,0.189092
13120,0.000247,0.000223,0.169261
13130,0.041044,0.033014,0.195293
13140,0.034258,0.025686,0.188008
13150,0.038739,0.028951,0.197324
13160,0.026817,0.019929,0.192778
13170,0.052428,0.041004,0.227986
13180,0.025820,0.019442,0.166739
13190,0.056532,0.042414,0.235610
13200,0.013222,0.010416,0.138323
13210,0.020158,0.011627,0.478466
13220,0.015501,0.013065,0.127002
13230,0.032979,0.023519,0.170371
13240,0.062769,0.048656,0.261569
13250,0.024837,0.016623,0.174983
13260,0.021196,0.016357,0.173581
13270,0.062282,0.048247,0.245312
13280,0.039919,0.030209,0.192006
13290,0.046350,0.033808,0.210617
13300,0.019950,0.014619,0.157019
13310,0.029627,0.022202,0.161814
13320,0.019597,0.014278,0.099968
13330,0.028217,0.021090,0.183866
13340,0.066233,0.052477,0.252190
13350,0.046466,0.035922,0.193185
13360,0.018752,0.014479,0.138098
13370,0.036196,0.027969,0.190213
13380,0.018018,0.013420,0.142348
13390,0.047307,0.036636,0.206902
13400,0.032035,0.023666,0.186297
13410,0.016620,0.012944,0.136921
13420,0.035097,0.026891,0.176209
13430,0.038901,0.030401,0.206957
13440,0.052805,0.040283,0.228214
13450,0.025439,0.018885,0.157520
13460,0.030659,0.023477,0.175029
13470,0.044736,0.034759,0.214502
13480,0.020867,0.017554,0.159728
13490,0.039863,0.029742,0.186806
13500,0.032895,0.025646,0.185754
13510,0.008044,0.006998,0.182827
13520,0.063579,0.049107,0.251365
13530,0.042190,0.031742,0.184327
13540,0.012450,0.009008,0.115930
13550,0.049837,0.040875,0.221301
13560,0.020659,0.015754,0.235028
13570,0.046308,0.035072,0.192616
13580,0.035234,0.026567,0.182775
13590,0.025536,0.019376,0.149748
13600,0.052757,0.041422,0.229687
13610,0.030669,0.023588,0.171983
13620,0.032693,0.024759,0.166714
13630,0.050466,0.041297,0.209236
13640,0.056438,0.043837,0.232242
13650,0.033595,0.026222,0.192278
13660,0.041112,0.030627,0.186874
13670,0.023582,0.017331,0.168309
13680,0.030769,0.023240,0.142330
13690,0.025642,0.019017,0.163098
13700,0.007307,0.005592,0.120314
13710,0.039501,0.030207,0.195463
13720,0.022023,0.016156,0.117742
13730,0.020955,0.016744,0.099964
13740,0.022303,0.016065,0.112610
13750,0.056133,0.042956,0.223230
13760,0.015171,0.012617,0.139165
13770,0.029889,0.024388,0.155469
13780,0.029434,0.022844,0.161847
13790,0.005503,0.005262,0.244600
13800,0.015291,0.011890,0.105174
13810,0.015648,0.012002,0.121828
13820,0.015747,0.011772,0.149118
13830,0.019002,0.015148,0.139316
13840,0.008407,0.006785,0.109353
13850,0.056899,0.043704,0.235086
13860,0.039814,0.030835,0.189115
13870,0.040039,0.030639,0.211230
13880,0.029900,0.023505,0.175946
13890,0.031414,0.025829,0.175395
13900,0.020321,0.015553,0.180407
13910,0.029777,0.023426,0.175121
13920,0.058393,0.045914,0.225375
13930,0.032704,0.025256,0.198825
13940,0.043681,0.034304,0.224135
13950,0.025027,0.018643,0.177766
13960,0.042744,0.032366,0.194420
13970,0.024348,0.018009,0.144812
13980,0.034688,0.023798,0.169747
13990,0.009752,0.006886,0.057499
14000,0.040643,0.032395,0.201179
14010,0.032758,0.022837,0.194595
14020,0.036777,0.027635,0.188086
14030,0.072999,0.057131,0.272476
14040,0.062727,0.048459,0.237135
14050,0.025836,0.019657,0.151771
14060,0.067093,0.051638,0.256687
14070,0.071851,0.056366,0.271137
14080,0.068063,0.051704,0.265387
14090,0.052419,0.040117,0.220863
14100,0.041835,0.032242,0.186219
14110,0.028437,0.021294,0.118291
14120,0.043020,0.032778,0.202513
14130,0.029311,0.023748,0.176762
14140,0.032130,0.024823,0.172474
14150,0.009806,0.007170,0.168103
14160,0.013415,0.010212,0.137787
14170,0.042687,0.031764,0.192093
14180,0.036747,0.028885,0.182477
14190,0.020136,0.015228,0.164346
14200,0.032902,0.027545,0.171200
14210,0.038344,0.026863,0.218879
14220,0.013410,0.011134,0.212766
14230,0.012175,0.009090,0.142645
14240,0.042232,0.031873,0.196738
14250,0.032881,0.023741,0.193165
14260,0.042437,0.033696,0.215238
14270,0.078617,0.060487,0.286699
14280,0.058409,0.044149,0.227683
14290,0.003757,0.002555,0.142309
14300,0.015563,0.012057,0.132096
14310,0.008289,0.006493,0.129981
14320,0.039605,0.031732,0.200034
14330,0.037892,0.028319,0.198168
14340,0.070034,0.053318,0.266410
14350,0.026387,0.021235,0.127663
14360,0.022687,0.017007,0.143384
14370,0.037564,0.030426,0.221835
14380,0.025731,0.019372,0.120597
14390,0.031181,0.023417,0.143468
14400,0.022966,0.016940,0.161990
14410,0.048479,0.037364,0.212351
14420,0.026542,0.020500,0.162448
14430,0.059606,0.046363,0.251857
14440,0.028775,0.021115,0.185750
14450,0.043181,0.032026,0.203446
14460,0.039925,0.029534,0.209323
14470,0.030553,0.022863,0.167713
14480,0.056220,0.043819,0.224212
14490,0.065863,0.051161,0.220563
14500,0.013044,0.009800,0.118038
14510,0.061956,0.047805,0.233871
14520,0.033074,0.023692,0.193876
14530,0.042334,0.032572,0.192381
14540,0.038631,0.029063,0.214774
14550,0.056580,0.042336,0.233904
14560,0.012667,0.010094,0.145974
14570,0.029658,0.022966,0.163446
14580,0.059600,0.045296,0.253084
14590,0.025662,0.019681,0.164768
14600,0.015877,0.011827,0.132267
14610,0.016537,0.014494,0.154636
14620,0.021481,0.017339,0.207770
14630,0.005370,0.003850,0.664781
14640,0.022735,0.017313,0.122224
14650,0.012671,0.009867,0.116071
14660,0.018183,0.014701,0.126544
14670,0.035017,0.026071,0.178904
14680,0.056887,0.044320,0.222681
14690,0.014401,0.011032,0.120537
14700,0.040297,0.030979,0.188169
14710,0.038554,0.031545,0.183113
14720,0.013597,0.009928,0.203974
14730,0.039327,0.031986,0.236711
14740,0.005609,0.004242,0.136060
14750,0.011367,0.007995,0.133365
14760,0.034483,0.027569,0.184211
14770,0.057753,0.045242,0.232598
14780,0.028345,0.021191,0.147316
14790,0.045251,0.033985,0.203785
14800,0.050446,0.038903,0.209095
14810,0.043626,0.033267,0.208931
14820,0.015368,0.011865,0.132766
14830,0.025330,0.018820,0.183057
14840,0.060729,0.048689,0.244601
14850,0.018380,0.014079,0.139339
14860,0.052286,0.052344,0.281668
14870,0.041400,0.031283,0.201440
14880,0.018503,0.014180,0.142266
14890,0.050925,0.038613,0.236946
14900,0.042684,0.031749,0.199154
14910,0.014103,0.010726,0.128671
14920,0.023644,0.018148,0.149705
14930,0.043110,0.033026,0.210375
14940,0.034944,0.025754,0.160168
14950,0.040757,0.029875,0.196283
14960,0.037336,0.028024,0.202830
14970,0.071515,0.055410,0.272097
14980,0.025294,0.021696,0.142852
14990,0.035784,0.027774,0.188537
15000,0.022379,0.018512,0.189693
15010,0.001542,0.001705,0.201583
15020,0.067019,0.052991,0.259672
15030,0.037877,0.029009,0.152853
15040,0.020699,0.015203,0.144677
15050,0.032670,0.024668,0.188011
15060,0.010199,0.008574,0.185766
15070,0.042792,0.033150,0.224596
15080,0.003103,0.002456,0.113181
15090,0.031874,0.025366,0.199286
15100,0.004403,0.003206,0.281413
15110,0.013164,0.010639,0.165810
15120,0.044391,0.034081,0.211133
15130,0.049710,0.039639,0.232626
15140,0.045253,0.034522,0.208897
15150,0.035224,0.025624,0.181285
15160,0.022482,0.018464,0.156604
15170,0.051204,0.040047,0.206641
15180,0.046222,0.035742,0.203933
15190,0.029067,0.023835,0.206642
15200,0.020741,0.016212,0.162261
15210,0.057384,0.045535,0.229947
15220,0.037753,0.028073,0.192090
15230,0.010744,0.007862,0.167895
15240,0.044282,0.033055,0.211786
15250,0.049793,0.037881,0.229966
15260,0.032080,0.024039,0.169928
15270,0.004657,0.003424,0.105523
15280,0.015575,0.011922,0.065756
15290,0.033339,0.025953,0.169734
15300,0.028556,0.021789,0.160494
15310,0.044032,0.033317,0.220088
15320,0.044519,0.032685,0.214647
15330,0.026875,0.020131,0.194082
15340,0.023123,0.017768,0.152159
15350,0.016790,0.012859,0.140559
15360,0.052201,0.040197,0.218332
15370,0.029588,0.022057,0.164270
15380,0.023870,0.018414,0.130987
15390,0.020864,0.015722,0.145498
15400,0.026273,0.019648,0.168454
15410,0.027498,0.020830,0.139712
15420,0.020543,0.015293,0.142323
15430,0.038830,0.029262,0.187760
15440,0.034009,0.026147,0.171583
15450,0.020171,0.014718,0.168241
15460,0.030687,0.022866,0.176147
15470,0.026493,0.019385,0.159544
15480,0.027335,0.020121,0.159680
15490,0.025901,0.019553,0.172846
15500,0.006141,0.004488,0.105743
15510,0.038289,0.027485,0.189100
15520,0.046546,0.035089,0.217713
15530,0.006095,0.004135,0.043510
15540,0.017877,0.013495,0.144102
15550,0.004674,0.004050,0.151704
15560,0.052961,0.038962,0.199419
15570,0.025289,0.019837,0.173298
15580,0.019234,0.014249,0.141656
15590,0.028748,0.023012,0.177216
15600,0.050951,0.039075,0.200747
15610,0.057552,0.045130,0.202434
15620,0.042646,0.031948,0.195025
15630,0.052486,0.039564,0.240244
15640,0.054517,0.043985,0.206773
15650,0.048668,0.037729,0.203782
15660,0.019409,0.014310,0.097115
15670,0.041997,0.033253,0.213165
15680,0.023044,0.016596,0.117355
15690,0.024103,0.017118,0.160376
15700,0.047281,0.035880,0.209083
15710,0.014917,0.011114,0.142177
15720,0.014603,0.011342,0.126223
15730,0.053105,0.041864,0.227099
15740,0.028808,0.021547,0.190832
15750,0.031107,0.024575,0.170769
15760,0.000020,0.000035,0.000097
15770,0.039746,0.030553,0.184356
15780,0.029448,0.023269,0.158264
15790,0.048393,0.036183,0.226578
15800,0.043695,0.034110,0.202768
15810,0.044778,0.034211,0.205802
15820,0.025915,0.020050,0.162616
15830,0.035717,0.026196,0.186170
15840,0.051384,0.041079,0.223040
15850,0.054500,0.037225,0.250613
15860,0.066976,0.053647,0.243295
15870,0.032064,0.024130,0.133659
15880,0.042885,0.035245,0.159847
15890,0.024429,0.018295,0.141452
15900,0.024103,0.018662,0.146345
15910,0.038707,0.029036,0.190023
15920,0.052087,0.040974,0.206676
15930,0.019152,0.014509,0.135853
15940,0.020258,0.014917,0.092305
15950,0.050880,0.038549,0.215491
15960,0.037473,0.027953,0.155666
15970,0.009934,0.007369,0.101095
15980,0.040231,0.031411,0.190647
15990,0.027308,0.020107,0.151133
16000,0.012691,0.009093,0.128647
16010,0.060305,0.049174,0.253218
16020,0.061059,0.046427,0.253510
16030,0.019485,0.014678,0.148813
16040,0.030898,0.024213,0.164326
16050,0.048919,0.038548,0.212900
16060,0.020296,0.014397,0.156154
16070,0.051678,0.039750,0.213446
16080,0.023235,0.017473,0.163314
16090,0.064636,0.050714,0.250225
16100,0.028181,0.022220,0.202951
16110,0.021374,0.016484,0.168442
16120,0.050932,0.038214,0.242223
16130,0.033263,0.025400,0.152132
16140,0.035489,0.025891,0.150383
16150,0.018755,0.014822,0.111240
16160,0.009704,0.007197,0.145547
16170,0.032613,0.026041,0.163177
16180,0.028413,0.022452,0.136085
16190,0.073067,0.054532,0.272571
16200,0.033267,0.025652,0.218665
16210,0.013926,0.010058,0.363096
16220,0.070693,0.054468,0.252199
16230,0.027286,0.019508,0.171319
16240,0.046058,0.035220,0.200259
16250,0.019075,0.014732,0.115921
16260,0.035113,0.025039,0.182572
16270,0.024291,0.018554,0.143827
16280,0.036178,0.026945,0.180916
16290,0.038349,0.032513,0.191487
16300,0.024699,0.019335,0.138252
16310,0.042003,0.031160,0.201198
16320,0.020302,0.015742,0.159731
16330,0.078635,0.061114,0.285648
16340,0.036046,0.027152,0.187159
16350,0.059153,0.047153,0.391924
16360,0.055168,0.041695,0.231335
16370,0.014995,0.011474,0.103998
16380,0.005832,0.004228,0.295301
16390,0.033695,0.026046,0.173109
16400,0.088157,0.071534,0.318621
16410,0.062736,0.049094,0.236610
16420,0.030653,0.022644,0.201252
16430,0.002819,0.002341,0.135252
16440,0.037373,0.028897,0.147150
16450,0.023338,0.017916,0.137339
16460,0.042925,0.032718,0.216326
16470,0.030340,0.024242,0.227390
16480,0.010155,0.007868,0.085716
16490,0.007561,0.005247,0.135053
16500,0.029677,0.022749,0.150429
16510,0.032696,0.024941,0.175139
16520,0.038118,0.030050,0.169308
16530,0.021962,0.016723,0.160519
16540,0.046479,0.034685,0.186359
16550,0.011388,0.008916,0.131529
16560,0.035130,0.026783,0.174807
16570,0.036303,0.027992,0.171075
16580,0.029642,0.022184,0.172009
16590,0.025844,0.020471,0.110878
16600,0.035953,0.026925,0.194089
16610,0.069477,0.053301,0.266076
16620,0.012618,0.008170,0.092820
16630,0.037647,0.028789,0.162281
16640,0.021489,0.016257,0.125659
16650,0.049895,0.036833,0.191147
16660,0.014229,0.010349,0.138545
16670,0.012266,0.009154,0.117324
16680,0.025873,0.019232,0.149705
16690,0.073430,0.057454,0.269264
16700,0.015942,0.012202,0.140777
16710,0.058109,0.043341,0.237225
16720,0.018871,0.014417,0.146053
16730,0.054994,0.043233,0.210749
16740,0.021493,0.015586,0.148457
16750,0.040796,0.031040,0.192361
16760,0.022060,0.017218,0.169199
16770,0.002441,0.001968,0.143854
16780,0.024889,0.018982,0.164207
16790,0.022017,0.017099,0.117324
16800,0.029245,0.021997,0.180876
16810,0.048040,0.037140,0.217447
16820,0.040052,0.030384,0.185272
16830,0.030924,0.023027,0.177541
16840,0.060425,0.044428,0.231747
16850,0.054987,0.041429,0.217119
16860,0.019758,0.015178,0.135928
16870,0.018731,0.014884,0.146425
16880,0.022652,0.017096,0.115698
16890,0.025610,0.018437,0.162420
16900,0.017826,0.013620,0.135698
16910,0.053916,0.041259,0.220143
16920,0.041994,0.032588,0.200525
16930,0.025107,0.019575,0.110932
16940,0.043836,0.034564,0.190149
16950,0.020251,0.016150,0.121870
16960,0.031039,0.027060,0.188421
16970,0.062750,0.047908,0.241871
16980,0.051084,0.042113,0.216239
16990,0.051839,0.038569,0.236462
17000,0.031677,0.023824,0.171407
17010,0.013359,0.010072,0.128914
17020,0.010385,0.008372,0.144042
17030,0.048388,0.037374,0.211325
17040,0.017321,0.012582,0.145786
17050,0.042814,0.031976,0.186244
17060,0.000014,0.000031,0.000079
17070,0.022795,0.016853,0.177831
17080,0.019556,0.014577,0.135428
17090,0.055346,0.043906,0.221661
17100,0.030861,0.022472,0.176053
17110,0.033997,0.024859,0.178037
17120,0.024565,0.019277,0.131736
17130,0.084343,0.065899,0.292709
17140,0.039369,0.030047,0.195725
17150,0.026463,0.020266,0.146826
17160,0.041537,0.032614,0.212198
17170,0.031558,0.023441,0.181698
17180,0.026396,0.020460,0.160179
17190,0.033096,0.024758,0.163901
17200,0.010644,0.007842,0.103335
17210,0.011725,0.008397,0.124005
17220,0.040838,0.031486,0.226770
17230,0.038166,0.028950,0.198641
17240,0.032738,0.025805,0.175528
17250,0.027983,0.022520,0.155701
17260,0.066966,0.052798,0.250654
17270,0.051406,0.040473,0.215004
17280,0.014538,0.011047,0.128852
17290,0.025978,0.020735,0.148177
17300,0.018741,0.013740,0.142885
17310,0.020733,0.016346,0.156799
17320,0.064228,0.049268,0.244713
17330,0.041505,0.030244,0.190723
17340,0.055382,0.042745,0.210131
17350,0.011152,0.007549,0.251183
17360,0.017577,0.013588,0.145023
17370,0.038001,0.033963,0.208531
17380,0.027364,0.020887,0.171658
17390,0.013019,0.009622,0.131147
17400,0.039635,0.029268,0.216959
17410,0.026834,0.022511,0.147689
17420,0.027156,0.021093,0.158653
17430,0.044314,0.030965,0.198819
17440,0.053931,0.040954,0.240602
17450,0.036626,0.028315,0.176095
17460,0.038165,0.028857,0.185346
17470,0.029297,0.022022,0.166407
17480,0.020838,0.015717,0.158905
17490,0.001264,0.000779,0.631947
17500,0.025239,0.019486,0.149138
17510,0.052367,0.040088,0.213003
17520,0.068556,0.050083,0.284557
17530,0.037187,0.028104,0.212888
17540,0.076176,0.060814,0.277701
17550,0.037184,0.028895,0.190545
17560,0.032750,0.025085,0.174397
17570,0.063281,0.047012,0.245490
17580,0.065391,0.051440,0.250318
17590,0.038737,0.028608,0.184690
17600,0.022112,0.015748,0.153876
17610,0.033906,0.025548,0.181327
17620,0.032605,0.024644,0.173051
17630,0.029375,0.022057,0.170378
17640,0.038653,0.028882,0.186625
17650,0.023923,0.018703,0.170923
17660,0.015041,0.011295,0.137129
17670,0.073429,0.056773,0.259928
17680,0.017915,0.014174,0.134718
17690,0.046112,0.034945,0.212655
17700,0.035621,0.026737,0.183060
17710,0.032097,0.024749,0.181347
17720,0.035583,0.026706,0.183565
17730,0.015608,0.011547,0.269544
17740,0.025164,0.019108,0.177357
17750,0.036627,0.028117,0.186951
17760,0.053769,0.041906,0.229639
17770,0.043808,0.032037,0.200140
17780,0.036283,0.027879,0.195694
17790,0.030251,0.021675,0.147686
17800,0.018976,0.013634,0.092869
17810,0.056525,0.043080,0.219674
17820,0.053448,0.041275,0.220796
17830,0.030804,0.023536,0.175266
17840,0.039026,0.029310,0.186957
17850,0.017817,0.013521,0.103711
17860,0.003411,0.002906,0.065718
17870,0.036205,0.027728,0.185122
17880,0.025549,0.019505,0.152515
17890,0.038758,0.029909,0.208964
17900,0.030604,0.023443,0.166326
17910,0.005880,0.004716,0.149947
17920,0.053629,0.041240,0.220702
17930,0.058764,0.045871,0.222688
17940,0.053910,0.041895,0.238718
17950,0.023504,0.018177,0.143986
17960,0.029050,0.022304,0.162835
17970,0.041386,0.032085,0.171261
17980,0.058000,0.045568,0.230025
17990,0.051286,0.039219,0.223496
18000,0.032483,0.025090,0.172608
18010,0.028955,0.021655,0.167338
18020,0.013234,0.010272,0.108239
18030,0.029074,0.021813,0.175330
18040,0.011475,0.008168,0.073664
18050,0.026572,0.020139,0.165571
18060,0.053538,0.041034,0.219118
18070,0.018149,0.013389,0.141908
18080,0.036480,0.027383,0.175589
18090,0.038002,0.029245,0.170262
18100,0.003157,0.002512,0.072236
18110,0.034232,0.025862,0.169475
18120,0.049424,0.037526,0.191474
18130,0.009603,0.006201,0.207767
18140,0.029741,0.023089,0.174793
18150,0.044565,0.032413,0.212565
18160,0.055827,0.044067,0.247579
18170,0.026902,0.020598,0.146878
18180,0.060547,0.047084,0.235968
18190,0.036047,0.027284,0.179204
18200,0.026890,0.020251,0.146734
18210,0.034737,0.027599,0.178353
18220,0.048185,0.037829,0.200127
18230,0.040094,0.030776,0.189268
18240,0.039532,0.030395,0.192905
18250,0.048975,0.037534,0.221597
18260,0.021320,0.018206,0.167293
18270,0.052989,0.040602,0.189901
18280,0.017393,0.012948,0.234435
18290,0.019582,0.014478,0.328600
18300,0.038658,0.029168,0.194485
18310,0.034615,0.025766,0.179279
18320,0.054044,0.040477,0.225255
18330,0.019241,0.014892,0.144131
18340,0.062834,0.048490,0.236872
18350,0.045290,0.032106,0.223223
18360,0.019429,0.015490,0.095891
18370,0.028545,0.020509,0.163395
18380,0.001586,0.001495,0.137731
18390,0.034724,0.026363,0.154686
18400,0.024362,0.018440,0.133985
18410,0.050492,0.039026,0.215997
18420,0.036234,0.027545,0.184351
18430,0.044355,0.034596,0.210773
18440,0.020073,0.015441,0.139237
18450,0.050562,0.038271,0.215843
18460,0.010003,0.008414,0.153429
18470,0.042504,0.032648,0.189137
18480,0.021013,0.016283,0.153938
18490,0.057357,0.045270,0.232606
18500,0.025178,0.018830,0.173198
18510,0.031627,0.023818,0.166829
18520,0.046684,0.043207,0.237717
18530,0.041618,0.031990,0.178628
18540,0.034469,0.025869,0.187401
18550,0.034401,0.025879,0.177523
18560,0.056142,0.043396,0.233353
18570,0.057452,0.043809,0.212363
18580,0.013591,0.009735,0.131597
18590,0.020021,0.015309,0.124904
18600,0.035656,0.026093,0.166492
18610,0.013489,0.009787,0.135949
18620,0.048669,0.037470,0.231721
18630,0.008566,0.006164,0.057373
18640,0.044776,0.034739,0.195682
18650,0.049025,0.038476,0.224990
18660,0.023453,0.017570,0.207411
18670,0.023249,0.017153,0.145873
18680,0.005823,0.005265,0.114118
18690,0.054517,0.042566,0.224703
18700,0.062760,0.049584,0.256531
18710,0.030014,0.024367,0.176650
18720,0.014329,0.010869,0.134064
18730,0.020831,0.016888,0.131546
18740,0.012196,0.009390,0.079640
18750,0.027520,0.020676,0.164263
18760,0.017674,0.013497,0.135179
18770,0.037271,0.027496,0.181084
18780,0.037903,0.029798,0.201973
18790,0.023626,0.019951,0.114656
18800,0.009798,0.007227,0.162196
18810,0.026766,0.020751,0.153135
18820,0.039686,0.033053,0.217137
18830,0.041536,0.032867,0.180326
18840,0.033181,0.024500,0.171768
18850,0.067556,0.056235,0.262983
18860,0.021273,0.015883,0.145941
18870,0.002431,0.001929,0.161875
18880,0.041400,0.031251,0.192318
18890,0.043760,0.033098,0.197077
18900,0.037903,0.028501,0.170025
18910,0.050900,0.041166,0.215136
18920,0.034888,0.026193,0.193108
18930,0.043872,0.032972,0.175844
18940,0.080009,0.060868,0.291518
18950,0.018224,0.013505,0.164694
18960,0.029135,0.021779,0.129825
18970,0.011403,0.008457,0.151139
18980,0.026010,0.019544,0.161564
18990,0.037167,0.029550,0.217934
19000,0.049580,0.040142,0.212485
19010,0.032251,0.026603,0.188512
19020,0.040231,0.031239,0.185184
19030,0.029911,0.023112,0.148163
19040,0.039614,0.027199,0.161605
19050,0.005497,0.004264,0.116947
19060,0.031922,0.024336,0.165572
19070,0.025826,0.017762,0.131587
19080,0.016935,0.012210,0.143744
19090,0.008048,0.006092,0.055209
19100,0.044583,0.034195,0.208873
19110,0.032052,0.023320,0.152395
19120,0.014107,0.009101,0.080116
19130,0.034233,0.026523,0.171560
19140,0.051367,0.039678,0.240451
19150,0.017745,0.012654,0.210061
19160,0.008124,0.006961,0.134307
19170,0.055827,0.042344,0.219173
19180,0.032777,0.024623,0.169102
19190,0.027890,0.020710,0.153640
19200,0.038403,0.029684,0.163322
19210,0.043867,0.032376,0.212834
19220,0.043102,0.032553,0.195229
19230,0.058836,0.046706,0.217060
19240,0.025727,0.020236,0.142221
19250,0.014679,0.010714,0.211330
19260,0.003472,0.003451,0.341561
19270,0.049344,0.037484,0.232535
19280,0.051455,0.040315,0.208395
19290,0.062548,0.048644,0.231909
19300,0.012025,0.008854,0.136781
19310,0.018492,0.013260,0.143106
19320,0.018514,0.013605,0.152112
19330,0.021707,0.018033,0.176806
19340,0.026527,0.019708,0.165614
19350,0.062920,0.048413,0.243269
19360,0.047351,0.035829,0.219906
19370,0.044493,0.033764,0.201088
19380,0.030435,0.023552,0.166378
19390,0.030257,0.023188,0.203263
19400,0.119923,0.100256,0.381563
19410,0.024271,0.017239,0.148073
19420,0.061861,0.046895,0.242121
19430,0.005071,0.003593,0.118002
19440,0.042248,0.031689,0.186704
19450,0.024003,0.018212,0.150933
19460,0.030069,0.022930,0.165368
19470,0.022173,0.016947,0.168149
19480,0.004044,0.002603,0.176125
19490,0.042642,0.031905,0.200952
19500,0.012314,0.009031,0.130768
19510,0.032430,0.024758,0.168197
19520,0.052716,0.041119,0.218003
19530,0.020263,0.017059,0.104366
19540,0.035111,0.026095,0.189162
19550,0.011286,0.008323,0.136931
19560,0.030799,0.023059,0.159017
19570,0.021009,0.015099,0.155693
19580,0.039169,0.029971,0.178453
19590,0.026724,0.020165,0.152728
19600,0.034861,0.026612,0.180926
19610,0.025762,0.019204,0.155781
19620,0.022432,0.016620,0.139615
19630,0.009743,0.007328,0.153538
19640,0.049136,0.036534,0.213965
19650,0.019860,0.015201,0.154775
19660,0.024899,0.020671,0.123807
19670,0.042591,0.032917,0.197669
19680,0.027467,0.020745,0.124169
19690,0.023350,0.017798,0.136272
19700,0.025408,0.020136,0.159528
19710,0.035263,0.026035,0.176932
19720,0.031920,0.025387,0.175096
19730,0.043940,0.033869,0.195436
19740,0.029877,0.022531,0.165736
19750,0.009970,0.006965,0.169312
19760,0.041688,0.031103,0.194115
19770,0.002265,0.001723,0.124013
19780,0.040112,0.030411,0.179053
19790,0.041080,0.030756,0.192916
19800,0.017426,0.012895,0.146885
19810,0.046898,0.035333,0.178625
19820,0.018060,0.013821,0.148660
19830,0.026722,0.020296,0.150059
19840,0.026717,0.020684,0.164568
19850,0.022558,0.016514,0.146669
19860,0.020661,0.016202,0.143711
19870,0.036218,0.027566,0.178098
19880,0.007209,0.005750,0.148079
19890,0.036650,0.027407,0.194112
19900,0.035918,0.026930,0.185069
19910,0.034840,0.026316,0.179783
19920,0.023475,0.017504,0.151208
19930,0.016824,0.012670,0.086161
19940,0.008819,0.006747,0.112678
19950,0.024801,0.018848,0.139781
19960,0.046558,0.036463,0.220472
19970,0.052459,0.040103,0.220355
19980,0.013468,0.010676,0.126236
19990,0.024953,0.018201,0.120021
20000,0.047808,0.036664,0.217863
20010,0.020713,0.015349,0.165190
20020,0.016702,0.012853,0.130080
20030,0.015141,0.011221,0.117690
20040,0.024435,0.018407,0.152849
20050,0.039808,0.030725,0.194192
20060,0.025018,0.017873,0.205396
20070,0.022458,0.018479,0.166258
20080,0.021822,0.015569,0.151096
20090,0.041881,0.032183,0.188860
20100,0.020970,0.015236,0.133863
20110,0.031573,0.023564,0.189478
20120,0.028282,0.021586,0.162574
20130,0.043324,0.033370,0.201535
20140,0.015798,0.011939,0.087198
20150,0.012531,0.009285,0.085882
20160,0.058322,0.045550,0.226718
20170,0.008830,0.006221,0.232305
20180,0.009958,0.007019,0.122908
20190,0.012288,0.009297,0.122159
20200,0.022489,0.017135,0.254380
20210,0.031444,0.026648,0.182183
20220,0.015561,0.012930,0.088212
20230,0.035014,0.026246,0.173056
20240,0.072440,0.056668,0.259788
20250,0.038031,0.030032,0.199495
20260,0.041488,0.031302,0.206811
20270,0.029215,0.024552,0.130818
20280,0.027535,0.019634,0.124431
20290,0.015585,0.011690,0.128693
20300,0.037273,0.030031,0.178172
20310,0.031412,0.023386,0.169452
20320,0.018326,0.014063,0.102486
20330,0.027128,0.020522,0.165758
20340,0.037637,0.028869,0.187653
20350,0.029685,0.023924,0.170758
20360,0.028717,0.021983,0.168977
20370,0.035396,0.027799,0.171560
20380,0.006803,0.005111,0.121353
20390,0.037061,0.028025,0.172681
20400,0.033145,0.025096,0.172546
20410,0.024339,0.018796,0.175714
20420,0.022451,0.017443,0.149462
20430,0.029665,0.022427,0.160641
20440,0.040227,0.030112,0.183663
20450,0.028254,0.021176,0.154844
20460,0.041674,0.032516,0.158098
20470,0.010670,0.009348,0.127208
20480,0.038511,0.031674,0.157398
20490,0.038375,0.029414,0.174764
20500,0.035247,0.026389,0.155127
20510,0.053851,0.040330,0.226764
20520,0.033313,0.025993,0.175079
20530,0.029370,0.022952,0.168344
20540,0.047888,0.037221,0.207130
20550,0.043381,0.033951,0.180156
20560,0.013025,0.009774,0.126601
20570,0.021649,0.016995,0.143571
20580,0.029838,0.024796,0.164967
20590,0.060100,0.042757,0.260614
20600,0.051147,0.039162,0.215113
20610,0.011771,0.008597,0.116100
20620,0.030556,0.023382,0.144192
20630,0.033513,0.024572,0.178247
20640,0.016692,0.012321,0.136557
20650,0.031785,0.024669,0.165015
20660,0.026761,0.020633,0.163424
20670,0.017867,0.013333,0.135464
20680,0.028668,0.021604,0.162828
20690,0.031760,0.024021,0.180567
20700,0.011313,0.008482,0.107972
20710,0.035913,0.027895,0.188463
20720,0.020514,0.015287,0.149368
20730,0.014544,0.011110,0.115597
20740,0.053223,0.042143,0.203310
20750,0.053775,0.041669,0.213870
20760,0.033127,0.025435,0.170686
20770,0.016929,0.013323,0.090565
20780,0.037643,0.029081,0.184483
20790,0.025624,0.019301,0.124788
20800,0.043324,0.037844,0.179376
20810,0.020654,0.015575,0.131080
20820,0.015731,0.011673,0.131538
20830,0.003530,0.002001,0.254660
20840,0.005802,0.004068,0.199631
20850,0.039739,0.030641,0.185046
20860,0.026673,0.020468,0.146740
20870,0.058775,0.044844,0.240342
20880,0.020571,0.014703,0.148576
20890,0.027251,0.020669,0.163153
20900,0.055655,0.044780,0.225976
20910,0.018446,0.014072,0.114102
20920,0.054845,0.041850,0.220009
20930,0.034467,0.026415,0.160272
20940,0.007789,0.006258,0.110400
20950,0.038026,0.028750,0.185090
20960,0.054240,0.041327,0.217006
20970,0.055518,0.042254,0.233432
20980,0.036405,0.026919,0.166394
20990,0.043290,0.033327,0.175415
21000,0.032318,0.024395,0.158223
21010,0.050792,0.039375,0.202360
21020,0.033528,0.025812,0.169565
21030,0.043453,0.034109,0.196498
21040,0.056479,0.043236,0.209361
21050,0.093305,0.074259,0.319624
21060,0.032808,0.025185,0.167675
21070,0.031065,0.024958,0.132425
21080,0.043719,0.034450,0.166565
21090,0.031779,0.029695,0.178667
21100,0.026221,0.018083,0.155925
21110,0.030640,0.023318,0.172331
21120,0.053141,0.040978,0.219058
21130,0.027261,0.021583,0.193261
21140,0.027399,0.020882,0.138919
21150,0.038619,0.030309,0.163881
21160,0.043437,0.034820,0.221203
21170,0.004364,0.003396,0.125385
21180,0.028992,0.021397,0.139363
21190,0.063462,0.051181,0.274325
21200,0.028183,0.021827,0.153975
21210,0.019932,0.014169,0.185707
21220,0.029935,0.022693,0.159002
21230,0.019115,0.014661,0.107750
21240,0.028133,0.020432,0.162719
21250,0.031701,0.024158,0.134954
21260,0.001098,0.000825,0.128133
21270,0.016161,0.011792,0.112403
21280,0.003921,0.002979,0.123806
21290,0.041234,0.031836,0.170126
21300,0.053085,0.040023,0.219749
21310,0.048723,0.035405,0.223143
21320,0.039802,0.029671,0.212143
21330,0.014086,0.010697,0.086578
21340,0.060708,0.047199,0.220516
21350,0.012850,0.009178,0.182776
21360,0.001236,0.001107,0.176753
21370,0.037291,0.029276,0.188947
21380,0.024805,0.018730,0.121578
21390,0.038505,0.029257,0.182139
21400,0.046505,0.033697,0.203129
21410,0.012746,0.010212,0.114127
21420,0.035700,0.027661,0.175482
21430,0.030422,0.022416,0.169491
21440,0.021123,0.016476,0.134330
21450,0.033618,0.026303,0.134731
21460,0.008579,0.006951,0.672177
21470,0.040096,0.030769,0.188289
21480,0.033906,0.025818,0.192473
21490,0.018962,0.014824,0.138908
21500,0.023262,0.017780,0.164602
21510,0.035892,0.028591,0.156084
21520,0.027432,0.020105,0.146641
21530,0.029978,0.022785,0.163653
21540,0.037821,0.028693,0.191860
21550,0.034005,0.025876,0.183165
21560,0.016385,0.012377,0.122298
21570,0.024811,0.019271,0.154528
21580,0.017529,0.012736,0.135903
21590,0.059235,0.046266,0.251301
21600,0.017726,0.013237,0.138118
21610,0.053772,0.040915,0.224147
21620,0.015634,0.011273,0.135256
21630,0.027118,0.020737,0.168831
21640,0.054091,0.041716,0.219876
21650,0.020541,0.014996,0.129734
21660,0.048616,0.037114,0.192009
21670,0.022687,0.016714,0.138680
21680,0.061080,0.049698,0.228659
21690,0.029424,0.022846,0.160207
21700,0.047034,0.036219,0.181731
21710,0.033747,0.026333,0.164485
21720,0.021509,0.015867,0.153273
21730,0.044462,0.034235,0.190850
21740,0.041834,0.031621,0.196328
21750,0.031682,0.024454,0.135413
21760,0.026793,0.020116,0.154630
21770,0.069580,0.053541,0.235563
21780,0.013422,0.010180,0.123207
21790,0.033702,0.025005,0.193542
21800,0.026138,0.019786,0.141942
21810,0.011712,0.008369,0.128769
21820,0.040271,0.031342,0.203298
21830,0.058188,0.044867,0.226437
21840,0.017937,0.013794,0.158417
21850,0.036940,0.027551,0.190739
21860,0.026311,0.020296,0.157512
21870,0.035906,0.026883,0.175410
21880,0.046952,0.036593,0.195416
21890,0.034627,0.026401,0.164895
21900,0.048603,0.037803,0.213368
21910,0.020937,0.015996,0.126362
21920,0.023414,0.018102,0.139869
21930,0.031705,0.025732,0.187942
21940,0.042338,0.032737,0.206963
21950,0.029482,0.021454,0.168852
21960,0.021421,0.016388,0.141174
21970,0.072710,0.055434,0.259506
21980,0.009756,0.007242,0.162207
21990,0.034751,0.026281,0.151360
22000,0.038326,0.029581,0.189843
22010,0.030934,0.023839,0.162327
22020,0.034599,0.026038,0.184726
22030,0.023152,0.019941,0.168472
22040,0.044206,0.033584,0.201528
22050,0.050090,0.039363,0.214498
22060,0.002666,0.002691,0.155337
22070,0.021904,0.015940,0.150508
22080,0.030853,0.023777,0.160468
22090,0.021669,0.015316,0.174931
22100,0.048269,0.038694,0.229611
22110,0.052616,0.041460,0.192877
22120,0.037604,0.029309,0.167049
22130,0.014843,0.011270,0.115247
22140,0.016924,0.013306,0.154870
22150,0.030642,0.022616,0.160604
22160,0.032761,0.024643,0.180182
22170,0.018163,0.012418,0.238124
22180,0.011848,0.009047,0.146887
22190,0.008496,0.006473,0.105045
22200,0.056121,0.043826,0.208995
22210,0.033196,0.026222,0.145410
22220,0.011891,0.008723,0.113021
22230,0.042090,0.031989,0.201915
22240,0.047944,0.038791,0.219279
22250,0.031747,0.025158,0.159532
22260,0.021347,0.017081,0.131687
22270,0.027199,0.020292,0.157629
22280,0.029449,0.022522,0.158528
22290,0.005050,0.004906,0.105231
22300,0.014116,0.010857,0.126439
22310,0.051434,0.041330,0.230682
22320,0.037409,0.028409,0.174006
22330,0.040067,0.032178,0.190246
22340,0.031867,0.024414,0.138366
22350,0.018254,0.013826,0.139000
22360,0.005611,0.003920,0.177562
22370,0.038909,0.030015,0.205671
22380,0.050867,0.038803,0.209494
22390,0.009321,0.007442,0.115322
22400,0.045450,0.032217,0.203805
22410,0.028673,0.021700,0.142228
22420,0.058579,0.044904,0.233300
22430,0.043166,0.033235,0.204679
22440,0.032547,0.025951,0.157623
22450,0.037018,0.027580,0.173615
22460,0.013062,0.011257,0.168120
22470,0.025851,0.018770,0.166806
22480,0.045408,0.037125,0.182105
22490,0.021357,0.015855,0.185234
22500,0.026285,0.020331,0.143977
22510,0.053962,0.040860,0.211822
22520,0.028916,0.022293,0.159222
22530,0.015527,0.012619,0.115372
22540,0.049718,0.040317,0.215285
22550,0.025126,0.019753,0.122482
22560,0.023584,0.017553,0.132878
22570,0.026254,0.020551,0.164268
22580,0.032747,0.025176,0.167384
22590,0.025274,0.018527,0.157867
22600,0.033095,0.025105,0.172213
22610,0.018320,0.013899,0.145307
22620,0.051381,0.039368,0.200025
22630,0.022937,0.017807,0.158759
22640,0.022947,0.017479,0.119731
22650,0.057619,0.046380,0.210813
22660,0.018258,0.013399,0.138086
22670,0.021944,0.015588,0.205357
22680,0.032046,0.023755,0.172382
22690,0.018541,0.014314,0.142801
22700,0.031418,0.024435,0.135568
22710,0.016736,0.012747,0.136787
22720,0.040982,0.031268,0.186339
22730,0.036506,0.028402,0.182180
22740,0.019802,0.014821,0.134866
22750,0.033221,0.025035,0.175366
22760,0.039201,0.030167,0.190824
22770,0.044909,0.034193,0.159173
22780,0.028677,0.022197,0.154856
22790,0.043167,0.033944,0.189927
22800,0.026229,0.019665,0.151278
22810,0.022306,0.016526,0.137343
22820,0.017306,0.013065,0.157223
22830,0.028303,0.022190,0.169769
22840,0.031097,0.024356,0.177606
22850,0.027091,0.022228,0.170915
22860,0.009283,0.006686,0.119588
22870,0.047861,0.038509,0.195196
22880,0.051023,0.039795,0.211982
22890,0.045104,0.034657,0.228187
22900,0.031103,0.023501,0.168990
22910,0.023200,0.017214,0.115262
22920,0.055470,0.042553,0.222593
22930,0.011000,0.008180,0.109226
22940,0.025432,0.021106,0.138230
22950,0.027615,0.021151,0.153382
22960,0.029207,0.022541,0.155564
22970,0.022658,0.016687,0.142851
22980,0.032488,0.024701,0.171905
22990,0.005397,0.004737,0.114746
23000,0.039417,0.030021,0.186710
23010,0.015068,0.011216,0.121480
23020,0.018765,0.013714,0.124479
23030,0.026264,0.020143,0.161738
23040,0.013771,0.011392,0.096747
23050,0.030020,0.022883,0.171640
23060,0.023841,0.018262,0.156207
23070,0.022082,0.018538,0.146574
23080,0.040061,0.028903,0.184583
23090,0.013609,0.010622,0.152408
23100,0.030851,0.023728,0.161141
23110,0.013363,0.010109,0.120727
23120,0.020066,0.015106,0.137638
23130,0.042906,0.033365,0.176642
23140,0.001390,0.001394,0.102894
23150,0.061588,0.048023,0.247942
23160,0.043233,0.032781,0.157535
23170,0.019394,0.015157,0.231285
23180,0.040767,0.031295,0.161476
23190,0.036233,0.029329,0.165448
23200,0.046016,0.035816,0.184022
23210,0.006893,0.004867,0.099017
23220,0.038073,0.029922,0.169318
23230,0.029941,0.023193,0.116707
23240,0.022562,0.016452,0.151795
23250,0.047090,0.036343,0.208255
23260,0.075250,0.059349,0.275331
23270,0.029872,0.022525,0.156620
23280,0.003849,0.003049,0.141526
23290,0.014916,0.011400,0.127344
23300,0.049261,0.038767,0.206257
23310,0.040197,0.029904,0.192803
23320,0.056662,0.043061,0.227313
23330,0.030942,0.027027,0.146152
23340,0.038339,0.029602,0.164916
23350,0.042776,0.032756,0.203494
23360,0.037654,0.030042,0.183159
23370,0.001641,0.001298,0.095245
23380,0.021393,0.015764,0.141621
23390,0.044077,0.033511,0.193823
23400,0.002579,0.002421,0.129431
23410,0.039121,0.030626,0.178749
23420,0.025543,0.019806,0.146922
23430,0.039056,0.028365,0.187600
23440,0.000666,0.000512,0.076437
23450,0.030780,0.024015,0.167254
23460,0.047714,0.036748,0.210704
23470,0.035626,0.028488,0.185901
23480,0.052608,0.041416,0.221351
23490,0.038030,0.029150,0.174773
23500,0.030919,0.022985,0.166689
23510,0.063893,0.048908,0.245003
23520,0.030067,0.022669,0.193310
23530,0.042552,0.031750,0.197943
23540,0.038406,0.029504,0.183730
23550,0.029995,0.022467,0.148465
23560,0.036696,0.027417,0.172489
23570,0.031501,0.023375,0.152845
23580,0.019148,0.014776,0.091678
23590,0.034050,0.025709,0.169918
23600,0.018095,0.013579,0.145191
23610,0.000014,0.000033,0.000081
23620,0.021303,0.016886,0.147886
23630,0.041259,0.031949,0.184638
23640,0.059460,0.048552,0.249103
23650,0.029620,0.021460,0.129746
23660,0.031861,0.024527,0.141819
23670,0.036765,0.027269,0.172920
23680,0.019874,0.015569,0.128120
23690,0.019544,0.015006,0.146479
23700,0.027843,0.020658,0.161145
23710,0.034469,0.026239,0.151394
23720,0.043099,0.033411,0.190337
23730,0.036722,0.029045,0.184689
23740,0.065230,0.054686,0.227596
23750,0.033545,0.026481,0.174400
23760,0.035337,0.026789,0.189642
23770,0.019919,0.014305,0.137908
23780,0.036723,0.028222,0.174681
23790,0.022049,0.016751,0.187036
23800,0.024753,0.018349,0.126726
23810,0.019581,0.014261,0.095568
23820,0.025519,0.018715,0.156657
23830,0.034600,0.025814,0.185160
23840,0.058026,0.044265,0.236095
23850,0.083501,0.065241,0.294020
23860,0.035089,0.026961,0.180742
23870,0.013164,0.010314,0.128838
23880,0.029711,0.022306,0.121793
23890,0.024420,0.018486,0.147977
23900,0.053403,0.040773,0.224746
23910,0.028632,0.022038,0.166739
23920,0.041703,0.032474,0.194181
23930,0.015612,0.011177,0.139119
23940,0.024441,0.018433,0.141494
23950,0.028567,0.021957,0.160083
23960,0.039858,0.031004,0.184917
23970,0.014819,0.011543,0.128421
23980,0.082928,0.054921,0.324581
23990,0.057334,0.044629,0.230911
24000,0.028886,0.022321,0.164453
24010,0.033750,0.025529,0.146305
24020,0.025645,0.019516,0.155886
24030,0.041334,0.031441,0.191323
24040,0.036725,0.028061,0.177176
24050,0.031547,0.024547,0.157778
24060,0.024506,0.019274,0.144599
24070,0.014502,0.011389,0.119702
24080,0.025450,0.020247,0.118619
24090,0.032769,0.026289,0.162691
24100,0.025835,0.019846,0.186173
24110,0.059160,0.046279,0.219047
24120,0.066240,0.052949,0.253800
24130,0.022155,0.016322,0.145273
24140,0.002042,0.001510,0.121874
24150,0.048115,0.036451,0.192741
24160,0.026365,0.021138,0.156113
24170,0.043244,0.033433,0.185719
24180,0.032384,0.024947,0.167890
24190,0.046934,0.035691,0.199765
24200,0.052026,0.039576,0.224963
24210,0.028092,0.022831,0.166586
24220,0.043431,0.035769,0.198148
24230,0.034488,0.025170,0.182047
24240,0.040311,0.030909,0.194982
24250,0.020938,0.016017,0.095644
24260,0.042737,0.032726,0.189656
24270,0.024226,0.014159,0.185302
24280,0.015073,0.011300,0.083258
24290,0.022392,0.016963,0.143421
24300,0.033835,0.029029,0.189191
24310,0.041887,0.033008,0.199319
24320,0.012889,0.010079,0.129972
24330,0.007661,0.005835,0.141139
24340,0.038104,0.030035,0.195800
24350,0.000321,0.000275,0.043216
24360,0.018307,0.013861,0.135332
24370,0.021150,0.015538,0.153390
24380,0.049573,0.039157,0.212530
24390,0.034528,0.026267,0.171866
24400,0.016089,0.011857,0.129570
24410,0.027765,0.021107,0.164124
24420,0.002846,0.001851,0.040797
24430,0.050941,0.039055,0.208698
24440,0.018533,0.014592,0.093869
24450,0.026903,0.020725,0.150234
24460,0.055918,0.043203,0.232660
24470,0.035702,0.028115,0.173180
24480,0.030802,0.023466,0.143037
24490,0.020773,0.015599,0.154897
24500,0.015905,0.013100,0.135981
24510,0.048068,0.035740,0.209049
24520,0.012854,0.009639,0.175328
24530,0.028993,0.022672,0.147874
24540,0.033552,0.026091,0.168390
24550,0.048240,0.037569,0.219803
24560,0.029422,0.022898,0.143783
24570,0.044171,0.032930,0.174392
24580,0.012729,0.009358,0.122451
24590,0.027863,0.020709,0.170293
24600,0.029061,0.021933,0.168119
24610,0.074199,0.056967,0.268965
24620,0.038316,0.032070,0.218736
24630,0.052802,0.038004,0.190941
24640,0.049784,0.038028,0.211845
24650,0.015280,0.012855,0.177293
24660,0.033398,0.024572,0.169598
24670,0.023547,0.017224,0.186505
24680,0.031869,0.025088,0.127000
24690,0.020028,0.015624,0.146609
24700,0.023813,0.018088,0.160568
24710,0.057508,0.047404,0.228417
24720,0.018607,0.014396,0.129677
24730,0.061375,0.049330,0.247513
24740,0.033607,0.027140,0.174384
24750,0.016002,0.012167,0.140846
24760,0.044075,0.033717,0.194773
24770,0.009892,0.007668,0.106450
24780,0.027485,0.024131,0.114497
24790,0.053687,0.042133,0.214205
24800,0.041556,0.031663,0.195691
24810,0.030058,0.023173,0.146553
24820,0.029515,0.023138,0.171044
24830,0.025135,0.018004,0.138823
24840,0.020078,0.015143,0.091558
24850,0.014114,0.010752,0.087121
24860,0.017677,0.013282,0.101739
24870,0.001926,0.001888,0.123658
24880,0.017874,0.013342,0.141053
24890,0.027313,0.021572,0.105962
24900,0.035202,0.026489,0.187473
24910,0.044714,0.034697,0.194427
24920,0.030360,0.023609,0.153985
24930,0.017777,0.014161,0.146421
24940,0.035173,0.025849,0.187472
24950,0.030308,0.022786,0.155732
24960,0.017301,0.013230,0.150329
24970,0.035105,0.025756,0.175693
24980,0.030994,0.024268,0.160774
24990,0.023949,0.017746,0.143972
25000,0.004515,0.003182,0.098000
25010,0.021394,0.016717,0.133573
25020,0.036716,0.027624,0.179277
25030,0.015256,0.012153,0.100688
25040,0.012744,0.009558,0.140385
25050,0.023025,0.017449,0.156878
25060,0.059837,0.046274,0.234405
25070,0.045970,0.034757,0.193930
25080,0.010504,0.008051,0.104581
25090,0.024869,0.017834,0.158880
25100,0.045208,0.032886,0.207735
25110,0.026994,0.020578,0.153112
25120,0.008323,0.005892,0.067193
25130,0.033756,0.025987,0.163163
25140,0.020321,0.014698,0.136246
25150,0.015422,0.011500,0.122873
25160,0.047004,0.036124,0.198039
25170,0.049048,0.037801,0.203400
25180,0.024551,0.018582,0.144046
25190,0.035392,0.026725,0.197012
25200,0.045378,0.036556,0.192276
25210,0.028536,0.021397,0.124293
25220,0.060224,0.046372,0.214567
25230,0.023014,0.017233,0.148074
25240,0.041595,0.032052,0.191250
25250,0.040388,0.041616,0.222417
25260,0.045062,0.035005,0.211995
25270,0.053138,0.041452,0.223046
25280,0.040788,0.031523,0.188612
25290,0.030755,0.023345,0.149499
25300,0.046558,0.035971,0.197294
25310,0.014769,0.011334,0.125902
25320,0.066347,0.051789,0.260065
25330,0.007985,0.006142,0.145812
25340,0.039591,0.031302,0.170522
25350,0.051690,0.040654,0.213112
25360,0.041737,0.033591,0.171763
25370,0.034025,0.024670,0.182820
25380,0.033148,0.024901,0.177934
25390,0.022318,0.017277,0.143514
25400,0.060532,0.047057,0.229438
25410,0.023574,0.017772,0.129544
25420,0.015384,0.011935,0.123395
25430,0.027046,0.020143,0.120258
25440,0.044509,0.034286,0.179935
25450,0.030401,0.023515,0.159970
25460,0.026861,0.021325,0.113513
25470,0.046306,0.034998,0.201990
25480,0.028048,0.021181,0.194316
25490,0.048919,0.037281,0.210270
25500,0.062971,0.048775,0.239853
25510,0.043618,0.033421,0.193213
25520,0.031716,0.023778,0.175053
25530,0.027225,0.020506,0.151374
25540,0.010969,0.009420,0.146694
25550,0.043715,0.033110,0.198493
25560,0.045222,0.035549,0.182250
25570,0.044525,0.034416,0.205129
25580,0.011098,0.008674,0.070088
25590,0.045646,0.034475,0.182664
25600,0.058383,0.046243,0.206536
25610,0.046969,0.035459,0.216823
25620,0.018368,0.013096,0.128312
25630,0.029922,0.022665,0.159580
25640,0.024414,0.018339,0.139190
25650,0.030269,0.023271,0.152704
25660,0.037948,0.029512,0.185593
25670,0.031620,0.023168,0.173941
25680,0.037460,0.028443,0.152214
25690,0.012936,0.009837,0.113219
25700,0.033351,0.025723,0.176782
25710,0.051875,0.039963,0.218010
25720,0.028028,0.021474,0.129776
25730,0.059211,0.045812,0.227273
25740,0.016416,0.012304,0.140084
25750,0.024544,0.019827,0.147352
25760,0.037392,0.029030,0.177123
25770,0.037116,0.027411,0.199101
25780,0.040797,0.032265,0.165905
25790,0.033561,0.025339,0.166714
25800,0.034890,0.025928,0.184521
25810,0.001522,0.001214,0.104719
25820,0.048590,0.037531,0.222642
25830,0.016053,0.012063,0.137366
25840,0.037938,0.028955,0.188762
25850,0.053274,0.040837,0.209203
25860,0.004841,0.004940,0.139150
25870,0.029796,0.022987,0.138942
25880,0.013082,0.010145,0.129001
25890,0.023907,0.017039,0.117234
25900,0.041898,0.032670,0.216285
25910,0.048262,0.034590,0.207820
25920,0.034953,0.026818,0.172212
25930,0.046317,0.036081,0.199282
25940,0.087670,0.068724,0.308088
25950,0.048677,0.037931,0.201612
25960,0.021731,0.016427,0.157478
25970,0.042658,0.032318,0.156008
25980,0.040937,0.031193,0.190476
25990,0.008416,0.006022,0.128617
26000,0.023160,0.017781,0.145601
26010,0.000146,0.001711,0.002571
26020,0.021887,0.016113,0.151093
26030,0.016157,0.012301,0.106372
26040,0.034542,0.025421,0.179442
26050,0.032822,0.025326,0.168923
26060,0.028024,0.021967,0.150377
26070,0.006154,0.005296,0.244879
26080,0.011735,0.008868,0.109162
26090,0.014367,0.011346,0.081079
26100,0.043533,0.033127,0.189081
26110,0.022496,0.016276,0.171224
26120,0.014972,0.011877,0.143477
26130,0.047821,0.036025,0.202065
26140,0.027647,0.021649,0.181994
26150,0.040161,0.030004,0.190996
26160,0.030398,0.022749,0.140775
26170,0.035937,0.028063,0.134161
26180,0.034437,0.026086,0.172968
26190,0.028606,0.021195,0.147283
26200,0.047469,0.035778,0.211000
26210,0.030316,0.023091,0.158736
26220,0.008606,0.006629,0.124756
26230,0.062369,0.047881,0.237087
26240,0.042661,0.033171,0.206725
26250,0.017184,0.012688,0.137024
26260,0.030592,0.023456,0.158253
26270,0.028448,0.021795,0.163085
26280,0.043983,0.033984,0.174620
26290,0.029543,0.021901,0.156405
26300,0.034625,0.026741,0.179058
26310,0.056372,0.042032,0.232860
26320,0.035166,0.025905,0.187255
26330,0.028755,0.021505,0.176466
26340,0.050994,0.039478,0.213671
26350,0.027614,0.020863,0.152799
26360,0.033385,0.024665,0.178195
26370,0.068910,0.053291,0.260075
26380,0.039351,0.029066,0.189197
26390,0.033760,0.026158,0.168773
26400,0.043069,0.032710,0.194525
26410,0.039017,0.029113,0.184033
26420,0.035606,0.028137,0.188516
26430,0.046400,0.034274,0.202260
26440,0.022908,0.017918,0.143281
26450,0.026270,0.020910,0.143642
26460,0.042400,0.033057,0.185563
26470,0.049810,0.040265,0.217097
26480,0.015455,0.011602,0.135701
26490,0.043713,0.033306,0.170861
26500,0.023568,0.016972,0.154138
26510,0.018761,0.014275,0.125447
26520,0.011997,0.008520,0.130075
26530,0.065311,0.049927,0.250180
26540,0.023414,0.017997,0.124380
26550,0.035058,0.027155,0.173273
26560,0.057228,0.044575,0.227323
26570,0.012300,0.007531,0.070583
26580,0.041521,0.032406,0.180608
26590,0.020739,0.015880,0.145508
26600,0.010988,0.008764,0.163293
26610,0.009890,0.008857,0.066099
26620,0.038043,0.028037,0.175362
26630,0.039927,0.032253,0.172666
26640,0.015364,0.011656,0.137065
26650,0.037085,0.027933,0.179361
26660,0.023845,0.018256,0.102052
26670,0.029348,0.021567,0.154356
26680,0.014694,0.011069,0.120097
26690,0.026386,0.020012,0.159947
26700,0.028905,0.022081,0.155603
26710,0.011721,0.008844,0.061195
26720,0.041640,0.032385,0.191758
26730,0.025296,0.019205,0.164002
26740,0.070343,0.054829,0.254281
26750,0.010063,0.008550,0.072817
26760,0.010075,0.008286,0.172351
26770,0.020979,0.015897,0.135404
26780,0.021647,0.016325,0.145186
26790,0.024838,0.017944,0.182174
26800,0.007833,0.005607,0.100191
26810,0.018840,0.014385,0.121074
26820,0.020628,0.017293,0.166448
26830,0.049859,0.036997,0.214295
26840,0.038918,0.028784,0.177772
26850,0.039231,0.030302,0.179750
26860,0.048091,0.038604,0.194627
26870,0.020002,0.014772,0.149080
26880,0.049080,0.037850,0.223156
26890,0.066663,0.052515,0.252409
26900,0.025664,0.019285,0.159113
26910,0.034848,0.026696,0.180930
26920,0.042903,0.034694,0.197328
26930,0.020954,0.016373,0.161960
26940,0.015366,0.011580,0.138515
26950,0.002509,0.002157,0.635860
26960,0.047218,0.037461,0.210940
26970,0.044218,0.035393,0.186272
26980,0.033433,0.025739,0.166463
26990,0.018342,0.013029,0.141690
27000,0.029162,0.021932,0.151335
27010,0.035090,0.025942,0.174377
27020,0.059641,0.046823,0.238202
27030,0.003100,0.002935,0.141739
27040,0.047895,0.038836,0.194911
27050,0.061111,0.046175,0.228487
27060,0.028105,0.020799,0.130538
27070,0.027111,0.020566,0.124857
27080,0.045707,0.034316,0.202525
27090,0.030109,0.022322,0.162414
27100,0.024512,0.018592,0.134400
27110,0.005226,0.003964,0.143303
27120,0.046974,0.035290,0.199808
27130,0.030649,0.022482,0.181978
27140,0.026151,0.018775,0.173713
27150,0.024752,0.018627,0.108107
27160,0.029341,0.021061,0.185984
27170,0.020966,0.016328,0.093240
27180,0.025428,0.018493,0.152748
27190,0.033903,0.026294,0.184605
27200,0.050118,0.039971,0.209633
27210,0.055750,0.043847,0.199773
27220,0.045947,0.035859,0.172544
27230,0.008055,0.006231,0.151789
27240,0.011143,0.007461,0.164554
27250,0.040139,0.031048,0.176651
27260,0.049709,0.036848,0.251713
27270,0.005412,0.004574,0.038782
27280,0.046800,0.035425,0.193466
27290,0.044957,0.033487,0.185096
27300,0.030664,0.023186,0.173614
27310,0.022965,0.016947,0.148120
27320,0.021825,0.016836,0.126544
27330,0.007787,0.006584,0.200296
27340,0.040610,0.031364,0.193669
27350,0.020845,0.015289,0.155752
27360,0.028127,0.021495,0.151444
27370,0.034596,0.025855,0.166445
27380,0.037485,0.029391,0.186187
27390,0.059634,0.049488,0.229239
27400,0.043828,0.033130,0.188866
27410,0.016057,0.012536,0.152430
27420,0.017504,0.012892,0.133591
27430,0.018413,0.014397,0.135954
27440,0.050981,0.038705,0.219792
27450,0.023325,0.017522,0.149415
27460,0.026230,0.019701,0.153685
27470,0.012910,0.009786,0.226873
27480,0.035396,0.027203,0.166711
27490,0.005572,0.004864,0.135336
27500,0.053465,0.041220,0.223303
27510,0.034489,0.026608,0.164556
27520,0.036494,0.026415,0.211447
27530,0.024048,0.018633,0.149306
27540,0.022896,0.016597,0.158874
27550,0.021456,0.017856,0.245235
27560,0.023750,0.018617,0.103215
27570,0.019412,0.014070,0.154418
27580,0.027705,0.021221,0.152051
27590,0.052514,0.040597,0.212632
27600,0.008376,0.006139,0.123200
27610,0.058017,0.044575,0.236980
27620,0.018932,0.014578,0.133041
27630,0.019409,0.014607,0.119330
27640,0.062908,0.047415,0.214878
27650,0.025243,0.019199,0.119180
27660,0.032778,0.025086,0.135041
27670,0.040504,0.031648,0.189860
27680,0.026626,0.018985,0.151729
27690,0.024882,0.018967,0.103372
27700,0.035467,0.030936,0.182260
27710,0.036827,0.028125,0.183756
27720,0.032003,0.024049,0.149235
27730,0.018592,0.013826,0.130663
27740,0.043379,0.033018,0.196067
27750,0.031191,0.024626,0.170927
27760,0.027924,0.020784,0.172706
27770,0.036653,0.028283,0.152206
27780,0.019865,0.014693,0.138375
27790,0.015016,0.011199,0.159815
27800,0.042974,0.034053,0.184407
27810,0.016115,0.012067,0.110799
27820,0.003385,0.002012,0.031609
27830,0.021411,0.016736,0.144856
27840,0.013026,0.009849,0.103133
27850,0.001145,0.001008,0.126992
27860,0.001528,0.001448,0.065611
27870,0.043588,0.032977,0.189027
27880,0.055977,0.043769,0.224830
27890,0.015953,0.012722,0.140378
27900,0.021616,0.016722,0.112289
27910,0.042123,0.032120,0.194773
27920,0.022072,0.016868,0.119709
27930,0.036800,0.028924,0.149739
27940,0.041852,0.032537,0.186635
27950,0.086149,0.065632,0.301304
27960,0.007746,0.005833,0.171071
27970,0.011457,0.008434,0.065940
27980,0.033028,0.024718,0.174761
27990,0.032706,0.025377,0.166814
28000,0.018064,0.013254,0.164308
28010,0.013841,0.010811,0.127952
28020,0.043281,0.033470,0.190318
28030,0.022402,0.017822,0.130307
28040,0.043267,0.033077,0.192802
28050,0.057085,0.043752,0.225144
28060,0.040256,0.030859,0.180818
28070,0.032011,0.025482,0.196083
28080,0.017473,0.012493,0.150074
28090,0.011585,0.008821,0.111403
28100,0.034797,0.026519,0.170639
28110,0.029234,0.023076,0.169456
28120,0.011669,0.008751,0.090744
28130,0.042842,0.032476,0.198632
28140,0.044799,0.034287,0.204922
28150,0.055463,0.042158,0.233511
28160,0.028243,0.021769,0.149810
28170,0.040152,0.030239,0.186004
28180,0.036597,0.027908,0.171178
28190,0.035723,0.026707,0.172093
28200,0.011676,0.008720,0.125885
28210,0.007732,0.005805,0.168740
28220,0.004460,0.003967,0.135106
28230,0.025632,0.019426,0.168532
28240,0.014538,0.010549,0.192539
28250,0.026362,0.020285,0.175939
28260,0.041645,0.031878,0.171406
28270,0.044153,0.034128,0.200502
28280,0.042328,0.032492,0.176492
28290,0.014681,0.011216,0.117271
28300,0.028867,0.022599,0.131700
28310,0.035845,0.027420,0.191052
28320,0.010521,0.007686,0.137127
28330,0.012891,0.009947,0.096558
28340,0.029020,0.021824,0.156395
28350,0.053098,0.040733,0.217917
28360,0.020772,0.015586,0.144339
28370,0.032495,0.023085,0.189420
28380,0.015891,0.011646,0.138078
28390,0.038609,0.029895,0.170815
28400,0.037321,0.027981,0.182290
28410,0.017146,0.012970,0.145035
28420,0.030146,0.023422,0.159670
28430,0.000555,0.000469,0.125389
28440,0.042274,0.032540,0.196361
28450,0.036308,0.027580,0.178280
28460,0.002169,0.001607,0.320472
28470,0.024712,0.019903,0.166660
28480,0.003699,0.003170,0.064861
28490,0.046697,0.035357,0.209211
28500,0.019142,0.014683,0.138784
28510,0.031988,0.024833,0.163634
28520,0.042649,0.033441,0.190044
28530,0.014057,0.011071,0.122069
28540,0.031151,0.023724,0.167303
28550,0.026454,0.020423,0.179476
28560,0.053604,0.040083,0.222283
28570,0.015075,0.011081,0.069075
28580,0.014054,0.010596,0.135626
28590,0.040622,0.031654,0.168605
28600,0.005905,0.004553,0.131176
28610,0.061957,0.048113,0.235331
28620,0.012937,0.009416,0.104858
28630,0.038245,0.029154,0.182241
28640,0.045442,0.034961,0.202257
28650,0.022488,0.016928,0.109675
28660,0.017610,0.013350,0.090443
28670,0.025879,0.020953,0.140076
28680,0.031604,0.024959,0.144909
28690,0.034260,0.026046,0.145125
28700,0.036524,0.029062,0.167500
28710,0.040577,0.032371,0.178472
28720,0.017060,0.013333,0.089645
28730,0.047038,0.036180,0.223993
28740,0.020397,0.015475,0.140593
28750,0.034388,0.026657,0.156853
28760,0.060096,0.045882,0.225567
28770,0.032083,0.024424,0.175294
28780,0.043455,0.033904,0.189283
28790,0.018981,0.014501,0.120714
28800,0.022640,0.017236,0.121915
28810,0.057692,0.044502,0.214187
28820,0.037344,0.029142,0.174610
28830,0.043421,0.032411,0.192888
28840,0.017751,0.013441,0.114818
28850,0.049479,0.038154,0.203127
28860,0.021484,0.016258,0.111358
28870,0.014576,0.010928,0.113712
28880,0.007919,0.005836,0.162343
28890,0.045369,0.035629,0.178831
28900,0.026874,0.020683,0.154549
28910,0.002462,0.001742,0.078118
28920,0.005151,0.004043,0.042772
28930,0.038758,0.027581,0.195771
28940,0.034035,0.025813,0.156969
28950,0.037442,0.028707,0.178264
28960,0.026648,0.020655,0.167726
28970,0.011888,0.008483,0.129581
28980,0.024524,0.018068,0.156936
28990,0.024138,0.018089,0.142333
29000,0.031280,0.022427,0.159620
29010,0.027938,0.020006,0.166776
29020,0.036344,0.027762,0.190458
29030,0.024990,0.019322,0.115275
29040,0.041963,0.033003,0.195251
29050,0.004269,0.003721,0.127015
29060,0.013060,0.009735,0.123067
29070,0.014907,0.010976,0.111667
29080,0.044968,0.034575,0.191173
29090,0.041170,0.029971,0.186740
29100,0.032984,0.025606,0.167495
29110,0.009988,0.006984,0.267746
29120,0.024225,0.019585,0.146622
29130,0.031693,0.025136,0.171059
29140,0.039958,0.030202,0.190835
29150,0.070105,0.054390,0.248449
29160,0.014751,0.011261,0.115955
29170,0.035994,0.028601,0.176241
29180,0.024141,0.017333,0.166296
29190,0.051409,0.039140,0.213054
29200,0.015422,0.010064,0.114743
29210,0.049003,0.037514,0.218974
29220,0.042470,0.033135,0.194771
29230,0.019511,0.014635,0.161839
29240,0.034656,0.026300,0.171538
29250,0.012556,0.008791,0.115267
29260,0.066657,0.051352,0.246071
29270,0.025775,0.020210,0.141360
29280,0.031606,0.024334,0.154694
29290,0.041835,0.032825,0.167853
29300,0.031448,0.024023,0.155661
29310,0.051579,0.039272,0.209917
29320,0.006462,0.005264,0.128599
29330,0.080053,0.060203,0.274509
29340,0.021456,0.016892,0.116423
29350,0.004944,0.003695,0.043877
29360,0.015761,0.012616,0.160037
29370,0.069042,0.054734,0.255851
29380,0.045459,0.034953,0.187636
29390,0.018663,0.014207,0.133411
29400,0.012803,0.009689,0.116597
29410,0.015920,0.013133,0.142794
29420,0.022922,0.018628,0.122053
29430,0.001638,0.001508,0.114758
29440,0.025108,0.017937,0.138491
29450,0.024940,0.018989,0.149969
29460,0.032136,0.024707,0.166745
29470,0.024602,0.018098,0.160525
29480,0.029663,0.022422,0.167412
29490,0.030248,0.022064,0.166034
29500,0.042824,0.032306,0.192322
29510,0.053483,0.041185,0.212621
29520,0.040357,0.032186,0.170552
29530,0.015273,0.012115,0.133475
29540,0.042889,0.033256,0.182397
29550,0.020641,0.016344,0.172162
29560,0.016261,0.012514,0.074692
29570,0.015420,0.011354,0.136685
29580,0.014225,0.010889,0.078774
29590,0.044926,0.034170,0.204866
29600,0.048668,0.038105,0.201126
29610,0.029073,0.021404,0.166589
29620,0.003478,0.003417,0.661048
29630,0.051360,0.039623,0.210533
29640,0.036181,0.027952,0.171446
29650,0.031798,0.024813,0.165703
29660,0.028743,0.021398,0.168727
29670,0.026316,0.019344,0.151066
29680,0.033334,0.024764,0.168099
29690,0.018941,0.014831,0.088368
29700,0.021620,0.017457,0.146313
29710,0.037698,0.030605,0.167143
29720,0.011307,0.008219,0.099750
29730,0.015258,0.011622,0.083676
29740,0.050189,0.038851,0.199948
29750,0.032964,0.025063,0.157513
29760,0.016272,0.012947,0.096283
29770,0.012236,0.009185,0.118457
29780,0.004896,0.003572,0.130202
29790,0.002440,0.001743,0.086050
29800,0.042761,0.032357,0.190142
29810,0.048309,0.037256,0.193308
29820,0.074109,0.057387,0.267937
29830,0.035333,0.026755,0.182418
29840,0.049996,0.039076,0.215743
29850,0.027812,0.021125,0.172581
29860,0.017257,0.013643,0.151103
29870,0.046426,0.034827,0.204258
29880,0.027275,0.020828,0.157825
29890,0.053243,0.040099,0.211272
29900,0.009490,0.007389,0.119319
29910,0.022325,0.016613,0.165982
29920,0.029990,0.023402,0.224865
29930,0.000035,0.000027,0.654983
29940,0.019208,0.014861,0.097978
29950,0.024616,0.017972,0.133687
29960,0.002661,0.002308,0.518209
29970,0.057651,0.045096,0.229360
29980,0.031459,0.024176,0.136401
29990,0.033278,0.025550,0.165451
30000,0.027492,0.021244,0.151531
30010,0.058698,0.045343,0.236428
30020,0.028866,0.022169,0.163911
30030,0.031931,0.025024,0.155848
30040,0.005378,0.004271,0.120722
30050,0.035293,0.027505,0.162743
30060,0.020800,0.015331,0.152144
30070,0.020911,0.015251,0.136868
30080,0.034117,0.026697,0.181792
30090,0.024914,0.019277,0.143506
30100,0.020520,0.014816,0.153759
30110,0.037238,0.028840,0.189013
30120,0.015087,0.011835,0.091473
30130,0.056746,0.043701,0.222153
30140,0.008845,0.006603,0.119379
30150,0.053325,0.041164,0.225799
30160,0.025599,0.019995,0.157898
30170,0.036864,0.027962,0.174413
30180,0.062712,0.049330,0.240759
30190,0.076118,0.059916,0.261370
30200,0.017953,0.013890,0.135532
30210,0.034026,0.025657,0.175197
30220,0.031857,0.025551,0.177409
30230,0.038384,0.027801,0.156853
30240,0.004024,0.003117,0.110741
30250,0.040818,0.032333,0.164693
30260,0.016625,0.012072,0.086903
30270,0.037762,0.027533,0.189854
30280,0.029276,0.022068,0.171956
30290,0.029850,0.022086,0.157723
30300,0.050711,0.039532,0.199436
30310,0.024204,0.018286,0.150446
30320,0.010446,0.007519,0.121845
30330,0.020684,0.015711,0.081075
30340,0.040614,0.030952,0.192012
30350,0.065682,0.050488,0.243583
30360,0.018882,0.014762,0.118308
30370,0.020682,0.015250,0.150026
30380,0.014716,0.011204,0.129723
30390,0.033513,0.025247,0.164001
30400,0.024087,0.019614,0.167792
30410,0.048739,0.036623,0.200864
30420,0.023314,0.017398,0.157618
30430,0.050871,0.038238,0.177024
30440,0.038920,0.030818,0.181390
30450,0.035227,0.027815,0.188153
30460,0.045934,0.034968,0.208008
30470,0.023434,0.018427,0.099056
30480,0.051237,0.039381,0.207638
30490,0.022135,0.017416,0.146861
30500,0.043425,0.032904,0.183442
30510,0.036526,0.027818,0.181271
30520,0.019744,0.014986,0.142408
30530,0.031378,0.023263,0.171321
30540,0.008008,0.006601,0.137871
30550,0.045273,0.035056,0.172438
30560,0.001744,0.001358,0.115999
30570,0.049528,0.040789,0.193454
30580,0.037781,0.029033,0.177482
30590,0.051237,0.039101,0.209032
30600,0.047443,0.036511,0.199442
30610,0.004623,0.003305,0.042807
30620,0.000070,0.000095,0.000245
30630,0.033896,0.025938,0.162183
30640,0.013885,0.014211,0.204397
30650,0.015719,0.011677,0.130042
30660,0.034774,0.025970,0.192422
30670,0.028833,0.023129,0.155253
30680,0.010708,0.008043,0.109991
30690,0.031548,0.022840,0.190065
30700,0.033154,0.025133,0.169897
30710,0.036382,0.028490,0.173352
30720,0.040658,0.031029,0.180963
30730,0.031101,0.023745,0.162042
30740,0.016972,0.012146,0.146828
30750,0.015650,0.011486,0.078675
30760,0.044705,0.034260,0.200271
30770,0.028188,0.020873,0.197678
30780,0.021680,0.015730,0.145680
30790,0.027874,0.019795,0.171508
30800,0.021426,0.016354,0.145361
30810,0.013447,0.010266,0.108289
30820,0.030841,0.024634,0.168059
30830,0.063564,0.049418,0.241947
30840,0.039238,0.030662,0.184754
30850,0.027419,0.020987,0.173144
30860,0.052136,0.039728,0.224848
30870,0.033107,0.025524,0.173441
30880,0.037844,0.028826,0.181407
30890,0.036073,0.026754,0.176207
30900,0.052379,0.040467,0.221058
30910,0.033537,0.026222,0.159649
30920,0.038092,0.027732,0.189043
30930,0.057583,0.045516,0.242187
30940,0.046833,0.037009,0.185395
30950,0.020518,0.015945,0.107827
30960,0.008610,0.006324,0.088516
30970,0.007319,0.005176,0.116745
30980,0.018600,0.013692,0.134982
30990,0.043657,0.033118,0.201707
31000,0.022120,0.016682,0.119024
31010,0.060057,0.047013,0.231096
31020,0.023875,0.019659,0.167642
31030,0.056254,0.042199,0.218566
31040,0.039364,0.030953,0.167849
31050,0.022949,0.017239,0.173479
31060,0.034606,0.026292,0.173931
31070,0.015734,0.012017,0.129657
31080,0.029014,0.022550,0.159912
31090,0.027811,0.021561,0.171124
31100,0.006676,0.004606,0.118766
31110,0.029474,0.022169,0.126725
31120,0.023576,0.017766,0.138045
31130,0.039225,0.029183,0.180576
31140,0.014610,0.011088,0.149799
31150,0.021530,0.016132,0.138737
31160,0.048565,0.037582,0.208228
31170,0.033158,0.024688,0.162220
31180,0.003157,0.002755,0.100518
31190,0.036251,0.027145,0.168674
31200,0.038998,0.029328,0.157915
31210,0.019213,0.014566,0.146628
31220,0.018055,0.013965,0.121076
31230,0.025054,0.018722,0.108313
31240,0.037053,0.029056,0.192088
31250,0.030949,0.023936,0.166936
31260,0.062863,0.050165,0.248862
31270,0.019089,0.014568,0.111380
31280,0.035360,0.026754,0.165023
31290,0.030129,0.026817,0.170143
31300,0.044214,0.033267,0.198554
31310,0.047875,0.036649,0.201884
31320,0.025019,0.020253,0.144922
31330,0.012718,0.009130,0.112032
31340,0.002593,0.002130,0.028749
31350,0.057201,0.044289,0.236721
31360,0.033020,0.025147,0.161023
31370,0.030017,0.023311,0.155812
31380,0.030242,0.023720,0.161263
31390,0.024913,0.018651,0.142854
31400,0.035561,0.027068,0.170233
31410,0.038004,0.029422,0.181614
31420,0.032804,0.024999,0.172878
31430,0.031644,0.025034,0.172173
31440,0.028589,0.021655,0.216126
31450,0.016422,0.013289,0.101015
31460,0.053193,0.040808,0.221150
31470,0.023401,0.017445,0.148999
31480,0.008823,0.006491,0.087765
31490,0.057208,0.043923,0.241381
31500,0.013734,0.010124,0.142187
31510,0.033271,0.024823,0.161877
31520,0.016462,0.012488,0.148531
31530,0.040270,0.030270,0.182585
31540,0.038630,0.029851,0.187180
31550,0.035944,0.026263,0.145776
31560,0.039489,0.029610,0.199662
31570,0.029381,0.022323,0.132242
31580,0.042856,0.032650,0.195199
31590,0.015342,0.011403,0.141800
31600,0.027426,0.020874,0.177833
31610,0.072984,0.056780,0.267348
31620,0.032048,0.025495,0.157466
31630,0.007807,0.006522,0.184092
31640,0.034919,0.027499,0.158726
31650,0.036488,0.026946,0.176579
31660,0.016400,0.012195,0.137466
31670,0.029771,0.023059,0.162985
31680,0.033940,0.025015,0.179329
31690,0.039505,0.030522,0.172602
31700,0.015742,0.011703,0.089929
31710,0.057228,0.043654,0.219568
31720,0.041420,0.029525,0.234390
31730,0.037607,0.029205,0.180435
31740,0.013185,0.009940,0.111267
31750,0.073451,0.055759,0.270143
31760,0.046794,0.036250,0.185946
31770,0.027900,0.020634,0.170232
31780,0.010969,0.008336,0.214187
31790,0.005999,0.004724,0.040309
31800,0.036798,0.028941,0.169861
31810,0.018736,0.013325,0.103008
31820,0.025983,0.019628,0.137261
31830,0.003158,0.002590,0.136695
31840,0.008003,0.005800,0.122094
31850,0.006689,0.005198,0.050976
31860,0.020832,0.015750,0.119536
31870,0.025248,0.018949,0.150255
31880,0.005562,0.003788,0.114755
31890,0.026838,0.020551,0.184137
31900,0.004937,0.004190,0.105654
31910,0.041522,0.030779,0.185830
31920,0.026057,0.019406,0.101528
31930,0.036615,0.027906,0.179287
31940,0.052668,0.041022,0.220059
31950,0.032628,0.025731,0.167633
31960,0.050793,0.039341,0.202132
31970,0.056596,0.044254,0.228185
31980,0.023512,0.017551,0.145135
31990,0.037167,0.027679,0.192687
32000,0.034257,0.025979,0.160160
32010,0.042097,0.032922,0.201913
32020,0.010834,0.008371,0.100850
32030,0.021048,0.016025,0.132848
32040,0.042167,0.032679,0.189640
32050,0.025609,0.019434,0.142200
32060,0.031029,0.024077,0.163488
32070,0.022565,0.017010,0.157508
32080,0.028635,0.022413,0.170928
32090,0.033919,0.027192,0.178101
32100,0.018116,0.016059,0.176123
32110,0.035315,0.027397,0.155719
32120,0.041898,0.031529,0.190244
32130,0.013961,0.010027,0.081528
32140,0.035328,0.026859,0.176926
32150,0.040255,0.030634,0.185300
32160,0.020993,0.016303,0.110636
32170,0.030707,0.023052,0.173974
32180,0.032166,0.024721,0.158252
32190,0.005155,0.003748,0.104672
32200,0.025905,0.020502,0.129700
32210,0.075301,0.059798,0.267586
32220,0.024825,0.019096,0.151640
32230,0.017201,0.011583,0.097589
32240,0.022519,0.017051,0.157091
32250,0.037060,0.028165,0.181478
32260,0.021158,0.016531,0.139123
32270,0.043207,0.033081,0.197882
32280,0.031935,0.024599,0.138672
32290,0.065714,0.050019,0.219891
32300,0.007709,0.006270,0.071326
32310,0.034533,0.026066,0.173015
32320,0.028918,0.021051,0.167153
32330,0.030840,0.022800,0.170244
32340,0.041323,0.031680,0.187833
32350,0.045225,0.034891,0.194805
32360,0.007698,0.005555,0.118625
32370,0.027556,0.021024,0.144466
32380,0.012932,0.010120,0.122527
32390,0.025467,0.018607,0.149122
32400,0.016367,0.013078,0.132540
32410,0.049238,0.037371,0.210491
32420,0.012947,0.010017,0.215578
32430,0.032645,0.023005,0.161969
32440,0.047333,0.037207,0.197917
32450,0.037926,0.029483,0.181631
32460,0.000464,0.000310,0.282342
32470,0.029625,0.022706,0.162497
32480,0.018701,0.013595,0.140668
32490,0.041409,0.032723,0.154813
32500,0.013786,0.010309,0.073392
32510,0.017473,0.012319,0.170213
32520,0.027396,0.020513,0.153176
32530,0.032306,0.022954,0.177885
32540,0.035007,0.026319,0.186937
32550,0.011836,0.009279,0.091181
32560,0.029929,0.022953,0.157946
32570,0.047668,0.036529,0.182216
32580,0.021137,0.016276,0.143922
32590,0.018906,0.013959,0.131432
32600,0.052287,0.039987,0.210871
32610,0.021268,0.016002,0.143881
32620,0.025766,0.019409,0.121300
32630,0.048954,0.038003,0.204887
32640,0.058593,0.045365,0.227503
32650,0.053340,0.041727,0.225118
32660,0.034091,0.025788,0.183508
32670,0.022382,0.016539,0.148252
32680,0.036227,0.028238,0.171625
32690,0.015208,0.011600,0.141722
32700,0.004593,0.003391,0.036621
32710,0.045632,0.034257,0.192267
32720,0.037428,0.027946,0.179377
32730,0.015204,0.011422,0.123372
32740,0.020007,0.015383,0.132973
32750,0.033293,0.025455,0.166626
32760,0.015974,0.013034,0.108135
32770,0.030251,0.022665,0.151047
32780,0.006408,0.005171,0.038915
32790,0.036075,0.027281,0.176166
32800,0.009241,0.006650,0.106012
32810,0.017913,0.013414,0.096095
32820,0.021038,0.014836,0.156246
32830,0.027423,0.021141,0.152442
32840,0.033677,0.025538,0.158821
32850,0.015411,0.011443,0.128927
32860,0.011117,0.008828,0.081417
32870,0.013440,0.011569,0.114781
32880,0.037135,0.027598,0.181052
32890,0.026709,0.020783,0.122322
32900,0.053090,0.040789,0.206437
32910,0.001341,0.000947,0.095970
32920,0.034497,0.026746,0.163648
32930,0.000005,0.000018,0.000040
32940,0.015735,0.012601,0.139858
32950,0.007039,0.006294,0.171309
32960,0.028413,0.021945,0.137219
32970,0.033368,0.025233,0.185975
32980,0.050847,0.038614,0.204716
32990,0.028229,0.021395,0.155029
33000,0.029486,0.022364,0.177724
33010,0.026072,0.019380,0.122715
33020,0.032501,0.025661,0.177660
33030,0.026967,0.020648,0.142044
33040,0.028571,0.021679,0.149817
33050,0.032263,0.024682,0.158457
33060,0.028415,0.021378,0.159326
33070,0.013632,0.010669,0.075031
33080,0.030031,0.023077,0.169226
33090,0.033929,0.025981,0.168600
33100,0.027278,0.020795,0.122668
33110,0.022375,0.017700,0.130920
33120,0.022278,0.016524,0.161193
33130,0.023796,0.019003,0.113451
33140,0.044480,0.034467,0.205640
33150,0.037717,0.029011,0.173864
33160,0.031497,0.023807,0.180004
33170,0.004960,0.003491,0.121660
33180,0.013996,0.010378,0.124367
33190,0.043138,0.034366,0.190891
33200,0.040782,0.030722,0.185575
33210,0.024300,0.018230,0.140309
33220,0.041590,0.032217,0.183222
33230,0.045800,0.034399,0.195716
33240,0.046491,0.034213,0.202244
33250,0.019990,0.014745,0.146245
33260,0.013600,0.010148,0.128339
33270,0.029422,0.022481,0.158615
33280,0.027861,0.022091,0.157304
33290,0.030058,0.023076,0.155496
33300,0.017137,0.012614,0.152383
33310,0.020927,0.015307,0.138844
33320,0.018480,0.014807,0.099419
33330,0.048003,0.037208,0.213826
33340,0.017572,0.012542,0.141280
33350,0.046656,0.035745,0.196681
33360,0.040646,0.030676,0.169260
33370,0.032129,0.023834,0.172144
33380,0.034355,0.026117,0.173564
33390,0.021599,0.015340,0.151452
33400,0.022131,0.016866,0.166708
33410,0.017548,0.013203,0.096755
33420,0.024268,0.018632,0.149250
33430,0.020940,0.015852,0.109486
33440,0.021002,0.016112,0.117892
33450,0.002379,0.001739,0.093308
33460,0.032294,0.025547,0.168662
33470,0.016298,0.012411,0.119859
33480,0.012332,0.007723,0.071838
33490,0.029814,0.022799,0.171041
33500,0.059965,0.046872,0.229134
33510,0.032629,0.024369,0.169393
33520,0.029960,0.023150,0.163794
33530,0.045718,0.035187,0.200723
33540,0.027440,0.020455,0.163286
33550,0.032160,0.024247,0.165918
33560,0.040834,0.030294,0.191881
33570,0.041601,0.032918,0.148942
33580,0.057612,0.045463,0.225320
33590,0.060293,0.047155,0.230768
33600,0.034286,0.025487,0.177409
33610,0.051358,0.038527,0.204497
33620,0.024263,0.018173,0.143349
33630,0.028309,0.022244,0.135963
33640,0.016346,0.011625,0.086662
33650,0.013249,0.009550,0.118805
33660,0.022698,0.017787,0.106799
33670,0.024785,0.018526,0.142778
33680,0.027239,0.021725,0.155034
33690,0.039123,0.030025,0.179779
33700,0.022372,0.017507,0.101858
33710,0.037755,0.029352,0.181938
33720,0.041724,0.031952,0.187494
33730,0.034828,0.027411,0.162297
33740,0.047007,0.035859,0.197043
33750,0.038129,0.029690,0.182964
33760,0.022385,0.016941,0.130919
33770,0.052806,0.042124,0.200138
33780,0.028784,0.022297,0.155822
33790,0.021409,0.015813,0.138982
33800,0.017036,0.013096,0.135179
33810,0.054359,0.040435,0.216269
33820,0.002362,0.001648,0.078073
33830,0.041979,0.032990,0.175542
33840,0.008218,0.006217,0.087445
33850,0.021155,0.016203,0.089805
33860,0.011726,0.008950,0.116532
33870,0.051318,0.039892,0.204612
33880,0.031501,0.023954,0.168841
33890,0.023188,0.018915,0.146730
33900,0.024537,0.019010,0.113856
33910,0.039650,0.030064,0.160188
33920,0.016619,0.012763,0.082817
33930,0.033413,0.024940,0.174646
33940,0.027168,0.020357,0.156178
33950,0.014556,0.010921,0.127905
33960,0.044832,0.033784,0.188902
33970,0.027152,0.020483,0.153962
33980,0.030729,0.024111,0.157348
33990,0.017511,0.013684,0.140941
34000,0.023351,0.017349,0.173000
34010,0.021796,0.016788,0.158243
34020,0.036201,0.026721,0.168769
34030,0.032590,0.025548,0.135987
34040,0.027175,0.020228,0.135582
34050,0.063169,0.049402,0.239277
34060,0.035981,0.027644,0.177789
34070,0.014198,0.011258,0.125654
34080,0.043636,0.034068,0.168069
34090,0.020090,0.015770,0.142413
34100,0.026948,0.019810,0.144865
34110,0.045122,0.034463,0.198050
34120,0.020097,0.016100,0.104425
34130,0.029828,0.022680,0.162574
34140,0.026302,0.019788,0.142258
34150,0.040616,0.030606,0.190318
34160,0.018138,0.013409,0.136445
34170,0.028571,0.021368,0.136320
34180,0.053453,0.041463,0.214913
34190,0.023822,0.017378,0.155559
34200,0.038874,0.031322,0.168561
34210,0.008470,0.006340,0.163178
34220,0.050187,0.038305,0.204874
34230,0.013539,0.010602,0.113830
34240,0.018438,0.013782,0.076277
34250,0.034340,0.026852,0.180584
34260,0.051054,0.039414,0.218313
34270,0.054789,0.042043,0.220426
34280,0.040916,0.031434,0.191877
34290,0.052042,0.040046,0.214655
34300,0.039722,0.030994,0.161600
34310,0.007494,0.005529,0.114637
34320,0.039712,0.030228,0.171162
34330,0.039543,0.029903,0.189720
34340,0.057159,0.046114,0.234828
34350,0.026200,0.020347,0.136990
34360,0.038542,0.029603,0.173303
34370,0.025291,0.019273,0.139986
34380,0.034278,0.025906,0.168470
34390,0.031402,0.023451,0.176517
34400,0.031417,0.023615,0.163748
34410,0.012106,0.009411,0.089166
34420,0.015194,0.012262,0.126860
34430,0.032983,0.024435,0.172585
34440,0.033240,0.025720,0.141552
34450,0.025902,0.020116,0.153215
34460,0.009171,0.007688,0.139584
34470,0.038525,0.028826,0.179008
34480,0.061948,0.049947,0.228896
34490,0.020479,0.015051,0.136667
34500,0.024655,0.019251,0.151350
34510,0.024799,0.020013,0.271927
34520,0.021657,0.015952,0.154121
34530,0.034860,0.027142,0.179518
34540,0.018718,0.014338,0.123772
34550,0.014878,0.012784,0.231925
34560,0.020230,0.016229,0.094228
34570,0.036048,0.027283,0.174805
34580,0.037418,0.028956,0.170970
34590,0.006456,0.004913,0.052117
34600,0.020079,0.014728,0.139285
34610,0.025487,0.017954,0.162143
34620,0.025683,0.018978,0.168876
34630,0.024437,0.018767,0.139218
34640,0.032748,0.025563,0.172883
34650,0.059037,0.044375,0.227924
34660,0.030894,0.023503,0.148132
34670,0.032884,0.025079,0.150906
34680,0.030003,0.022846,0.166965
34690,0.013912,0.009670,0.127769
34700,0.019325,0.015753,0.149749
34710,0.010990,0.008835,0.056388
34720,0.045843,0.035323,0.189818
34730,0.013802,0.010253,0.112379
34740,0.023173,0.017461,0.129100
34750,0.024043,0.017636,0.179850
34760,0.037834,0.029714,0.171704
34770,0.054049,0.041685,0.214717
34780,0.038597,0.029556,0.167920
34790,0.014802,0.011277,0.113513
34800,0.052751,0.041528,0.213006
34810,0.021908,0.017029,0.133037
34820,0.029275,0.022533,0.149828
34830,0.044170,0.033913,0.194619
34840,0.011326,0.007801,0.125806
34850,0.018372,0.013335,0.118469
34860,0.020793,0.016509,0.139972
34870,0.021660,0.016291,0.106893
34880,0.040494,0.031023,0.185520
34890,0.031467,0.024269,0.159660
34900,0.034055,0.025869,0.128805
34910,0.017525,0.013090,0.148462
34920,0.026689,0.019623,0.156317
34930,0.014097,0.011326,0.128136
34940,0.012870,0.009421,0.105738
34950,0.031501,0.022962,0.167557
34960,0.033215,0.025365,0.157497
34970,0.032616,0.024388,0.154602
34980,0.061283,0.047638,0.233543
34990,0.032444,0.024919,0.163324
35000,0.023283,0.015993,0.147016
35010,0.021453,0.015910,0.144651
35020,0.033377,0.024761,0.173697
35030,0.047899,0.036995,0.199546
35040,0.047306,0.036940,0.200065
35050,0.035723,0.028330,0.179545
35060,0.017528,0.013051,0.152589
35070,0.021153,0.016239,0.153154
35080,0.028334,0.021624,0.150203
35090,0.024232,0.017387,0.155312
35100,0.021196,0.015808,0.138060
35110,0.038959,0.031326,0.227111
35120,0.011742,0.009238,0.160260
35130,0.008150,0.006397,0.069557
35140,0.033084,0.024581,0.160383
35150,0.017979,0.013677,0.088595
35160,0.039018,0.030713,0.173193
35170,0.014143,0.011117,0.115184
35180,0.038252,0.029137,0.188468
35190,0.026031,0.019662,0.134396
35200,0.004630,0.003616,0.104371
35210,0.034395,0.026103,0.167128
35220,0.046358,0.034870,0.208607
35230,0.031665,0.023243,0.149475
35240,0.054217,0.042358,0.227134
35250,0.036549,0.031545,0.179906
35260,0.014991,0.011280,0.109377
35270,0.038155,0.028614,0.181285
35280,0.025145,0.017815,0.264794
35290,0.035774,0.027066,0.183899
35300,0.017211,0.012641,0.103689
35310,0.036534,0.027994,0.177400
35320,0.026628,0.019588,0.152112
35330,0.018246,0.014098,0.105406
35340,0.037209,0.028432,0.171464
35350,0.028930,0.022091,0.151851
35360,0.017465,0.013288,0.100079
35370,0.031009,0.024641,0.131504
35380,0.030646,0.023835,0.161007
35390,0.036307,0.027682,0.149385
35400,0.042505,0.032863,0.195098
35410,0.017259,0.013078,0.147109
35420,0.012571,0.009295,0.110066
35430,0.015411,0.011795,0.125698
35440,0.013592,0.010244,0.118875
35450,0.040448,0.030894,0.184234
35460,0.046562,0.035492,0.193194
35470,0.028276,0.021654,0.119196
35480,0.038481,0.029320,0.175468
35490,0.018135,0.013058,0.133700
35500,0.029009,0.021477,0.149296
35510,0.037025,0.027442,0.182354
35520,0.015231,0.010941,0.117358
35530,0.040777,0.031470,0.183645
35540,0.052016,0.039544,0.210504
35550,0.035810,0.026447,0.148790
35560,0.023606,0.018232,0.135169
35570,0.032844,0.025379,0.160749
35580,0.025166,0.018266,0.172972
35590,0.020038,0.015413,0.105439
35600,0.080384,0.060245,0.277110
35610,0.026054,0.020740,0.113229
35620,0.024277,0.018526,0.148647
35630,0.000010,0.000010,0.000036
35640,0.004929,0.003779,0.139848
35650,0.055059,0.042952,0.228969
35660,0.038529,0.029758,0.184471
35670,0.057874,0.044647,0.225777
35680,0.037624,0.028165,0.158204
35690,0.016313,0.014634,0.091675
35700,0.033300,0.025315,0.140913
35710,0.023422,0.018057,0.140136
35720,0.051577,0.039435,0.206307
35730,0.065455,0.051941,0.242120
35740,0.009307,0.005985,0.152440
35750,0.027380,0.020992,0.126670
35760,0.024251,0.018827,0.136902
35770,0.051905,0.039954,0.216439
35780,0.020934,0.015312,0.136384
35790,0.052634,0.041439,0.217234
35800,0.015711,0.013052,0.159981
35810,0.051547,0.039267,0.225644
35820,0.015872,0.012190,0.109498
35830,0.021692,0.016388,0.108540
35840,0.030922,0.022587,0.182908
35850,0.009229,0.007508,0.078908
35860,0.025263,0.018849,0.158331
35870,0.037969,0.027951,0.147754
35880,0.031721,0.024535,0.168286
35890,0.012030,0.008579,0.123912
35900,0.020099,0.014610,0.133415
35910,0.030304,0.022875,0.144748
35920,0.036739,0.028190,0.156893
35930,0.026025,0.020399,0.151038
35940,0.050208,0.039786,0.199851
35950,0.062675,0.047706,0.239419
35960,0.041312,0.031516,0.206350
35970,0.030890,0.023388,0.159726
35980,0.018444,0.013414,0.157874
35990,0.034217,0.026873,0.149478
36000,0.048559,0.036696,0.208409
36010,0.015273,0.011421,0.130434
36020,0.017611,0.013777,0.120249
36030,0.043007,0.032798,0.170523
36040,0.051403,0.039766,0.212827
36050,0.020980,0.016368,0.087919
36060,0.007458,0.005667,0.081069
36070,0.027429,0.021040,0.149123
36080,0.026674,0.021616,0.159165
36090,0.001010,0.000734,0.558444
36100,0.016627,0.012707,0.140348
36110,0.017886,0.013800,0.127746
36120,0.022041,0.016669,0.130874
36130,0.041388,0.032343,0.180267
36140,0.029750,0.022935,0.145940
36150,0.030498,0.023471,0.167285
36160,0.026637,0.020291,0.152467
36170,0.027426,0.018989,0.168887
36180,0.046329,0.035067,0.192926
36190,0.022186,0.016769,0.129886
36200,0.045053,0.034757,0.205815
36210,0.029269,0.022979,0.169213
36220,0.031386,0.023647,0.171670
36230,0.041025,0.031360,0.179963
36240,0.017192,0.012970,0.095281
36250,0.033455,0.025334,0.160621
36260,0.048149,0.036386,0.184270
36270,0.039661,0.031031,0.169934
36280,0.027656,0.021175,0.130833
36290,0.025694,0.019567,0.123456
36300,0.036562,0.028251,0.169554
36310,0.028140,0.021065,0.152772
36320,0.010517,0.007878,0.117572
36330,0.028157,0.021690,0.167684
36340,0.013258,0.009396,0.118332
36350,0.029136,0.022438,0.167651
36360,0.024013,0.017911,0.134651
36370,0.038032,0.029378,0.154590
36380,0.018484,0.013727,0.118703
36390,0.021007,0.015842,0.134468
36400,0.025514,0.019045,0.158678
36410,0.030335,0.023336,0.143831
36420,0.013786,0.010734,0.076503
36430,0.015521,0.011913,0.129636
36440,0.003249,0.002941,0.206132
36450,0.021528,0.015648,0.156655
36460,0.035119,0.025916,0.178863
36470,0.019316,0.014492,0.128146
36480,0.022952,0.016664,0.148145
36490,0.036793,0.028028,0.175719
36500,0.016698,0.012130,0.119888
36510,0.048055,0.036893,0.187762
36520,0.012412,0.009396,0.098243
36530,0.042713,0.032701,0.189270
36540,0.022535,0.017747,0.139405
36550,0.027896,0.021625,0.142321
36560,0.034852,0.027345,0.194576
36570,0.034187,0.026530,0.177620
36580,0.028420,0.021458,0.134740
36590,0.050927,0.039468,0.200766
36600,0.038947,0.030368,0.180096
36610,0.008166,0.006471,0.119740
36620,0.001299,0.001030,0.367323
36630,0.015171,0.012067,0.124913
36640,0.016271,0.012067,0.137774
36650,0.028703,0.021302,0.160367
36660,0.030088,0.023485,0.114302
36670,0.002294,0.001959,0.212437
36680,0.025265,0.019233,0.127675
36690,0.011845,0.008658,0.112759
36700,0.032155,0.023988,0.164905
36710,0.021503,0.016084,0.101462
36720,0.018462,0.013488,0.133371
36730,0.020665,0.015443,0.115728
36740,0.035655,0.026993,0.174476
36750,0.017363,0.012806,0.139069
36760,0.029004,0.021497,0.159373
36770,0.027197,0.021895,0.147443
36780,0.027820,0.021636,0.154143
36790,0.003315,0.002799,0.109797
36800,0.028293,0.021157,0.167183
36810,0.024199,0.017815,0.166317
36820,0.018793,0.014333,0.097127
36830,0.032976,0.025843,0.134362
36840,0.029997,0.022468,0.198119
36850,0.027616,0.020936,0.148340
36860,0.026917,0.020936,0.157254
36870,0.021890,0.016522,0.156078
36880,0.013517,0.009996,0.128531
36890,0.055171,0.042630,0.192925
36900,0.017819,0.013505,0.140677
36910,0.010500,0.008077,0.111594
36920,0.030462,0.023029,0.122658
36930,0.032376,0.024712,0.187194
36940,0.017177,0.013174,0.137193
36950,0.025412,0.018309,0.166330
36960,0.034360,0.026030,0.148639
36970,0.066165,0.060637,0.248400
36980,0.049751,0.037624,0.200610
36990,0.024686,0.018800,0.144276
37000,0.028016,0.022217,0.122718
37010,0.058876,0.047326,0.228600
37020,0.018537,0.013834,0.148231
37030,0.023934,0.018355,0.148411
37040,0.017224,0.012688,0.115705
37050,0.029034,0.021227,0.152970
37060,0.018646,0.013946,0.153019
37070,0.036373,0.027978,0.201704
37080,0.017407,0.013077,0.133917
37090,0.034180,0.025527,0.177144
37100,0.024900,0.018887,0.155742
37110,0.019340,0.015069,0.141155
37120,0.023412,0.017956,0.164928
37130,0.045427,0.036072,0.201856
37140,0.035983,0.026227,0.182760
37150,0.049382,0.037657,0.205178
37160,0.026237,0.019370,0.146569
37170,0.040820,0.031045,0.180812
37180,0.029749,0.022727,0.147926
37190,0.072635,0.054545,0.223936
37200,0.030583,0.023082,0.165598
37210,0.011617,0.008618,0.165382
37220,0.027049,0.020481,0.148242
37230,0.025735,0.019633,0.151826
37240,0.026582,0.019879,0.148775
37250,0.027690,0.020641,0.162214
37260,0.031703,0.023843,0.171026
37270,0.018756,0.013667,0.125386
37280,0.026076,0.019987,0.147744
37290,0.023290,0.017441,0.145344
37300,0.012924,0.009888,0.124313
37310,0.014649,0.010781,0.116679
37320,0.013883,0.010620,0.126336
37330,0.000954,0.000798,0.438726
37340,0.018650,0.014955,0.122871
37350,0.015019,0.011335,0.123222
37360,0.045253,0.035173,0.184116
37370,0.028564,0.021245,0.150330
37380,0.064886,0.050460,0.238055
37390,0.020452,0.015243,0.146389
37400,0.041517,0.031461,0.168890
37410,0.014507,0.010429,0.151906
37420,0.027255,0.020390,0.135433
37430,0.021898,0.016649,0.128103
37440,0.059871,0.046046,0.222261
37450,0.017948,0.013807,0.084295
37460,0.069499,0.053551,0.254462
37470,0.027005,0.020556,0.150050
37480,0.029645,0.022601,0.160414
37490,0.032514,0.025209,0.160949
37500,0.052561,0.040336,0.211849
37510,0.022276,0.017059,0.160857
37520,0.008477,0.006583,0.120385
37530,0.027843,0.021360,0.155359
37540,0.061189,0.048152,0.231508
37550,0.026449,0.020042,0.144567
37560,0.026597,0.020154,0.145255
37570,0.028534,0.022060,0.156282
37580,0.021616,0.016263,0.145911
37590,0.005741,0.004756,0.033786
37600,0.046912,0.035431,0.205068
37610,0.040138,0.031332,0.176075
37620,0.038462,0.029418,0.179935
37630,0.012141,0.009333,0.104456
37640,0.041348,0.031885,0.191746
37650,0.032108,0.024055,0.181454
37660,0.015267,0.011462,0.121877
37670,0.036975,0.028682,0.185188
37680,0.011093,0.006672,0.225604
37690,0.031927,0.024391,0.157375
37700,0.041163,0.031793,0.186662
37710,0.026520,0.020984,0.156827
37720,0.018455,0.013898,0.139746
37730,0.018784,0.014261,0.102971
37740,0.031941,0.024492,0.154214
37750,0.055568,0.042942,0.220682
37760,0.016421,0.012271,0.133801
37770,0.022158,0.017269,0.129720
37780,0.029978,0.022822,0.166757
37790,0.045100,0.034536,0.176201
37800,0.031702,0.024235,0.169152
37810,0.033743,0.025868,0.163423
37820,0.011245,0.008918,0.069657
37830,0.041574,0.031976,0.192516
37840,0.048774,0.038214,0.211183
37850,0.024746,0.019689,0.152578
37860,0.004110,0.002495,0.172715
37870,0.036573,0.028010,0.183737
37880,0.012945,0.009592,0.122117
37890,0.049508,0.037278,0.202908
37900,0.038826,0.029390,0.189555
37910,0.034003,0.026124,0.160264
37920,0.041803,0.030976,0.198523
37930,0.017551,0.012337,0.135883
37940,0.026381,0.020204,0.156917
37950,0.045093,0.034086,0.193662
37960,0.016479,0.012179,0.129822
37970,0.037987,0.029172,0.156643
37980,0.010921,0.008274,0.089637
37990,0.047916,0.037679,0.166185
38000,0.034971,0.026390,0.171201
38010,0.016565,0.012953,0.115917
38020,0.028020,0.020967,0.178893
38030,0.032124,0.023910,0.166937
38040,0.019559,0.014894,0.122340
38050,0.047661,0.037600,0.215081
38060,0.059529,0.047682,0.221719
38070,0.030306,0.020405,0.178690
38080,0.048743,0.037953,0.202520
38090,0.030997,0.023411,0.154246
38100,0.009428,0.006919,0.159553
38110,0.042122,0.033859,0.190458
38120,0.051054,0.042567,0.190241
38130,0.015162,0.011239,0.129027
38140,0.016916,0.012265,0.155477
38150,0.012164,0.009503,0.103630
38160,0.041057,0.031245,0.180404
38170,0.023462,0.018350,0.136851
38180,0.015512,0.011914,0.153890
38190,0.050278,0.039613,0.203533
38200,0.030909,0.023467,0.166381
38210,0.031378,0.024048,0.164052
38220,0.031774,0.025110,0.133084
38230,0.003012,0.002792,0.117434
38240,0.020155,0.015559,0.118410
38250,0.016272,0.011978,0.137788
38260,0.023268,0.017489,0.158041
38270,0.014771,0.011472,0.105638
38280,0.020342,0.014980,0.146657
38290,0.046975,0.037043,0.199461
38300,0.051545,0.039262,0.231108
38310,0.055240,0.042883,0.218108
38320,0.012938,0.009812,0.118415
38330,0.029170,0.022028,0.159625
38340,0.033929,0.026782,0.160704
38350,0.016260,0.012484,0.127537
38360,0.045489,0.036705,0.209579
38370,0.018122,0.013795,0.100297
38380,0.031576,0.024618,0.149541
38390,0.058721,0.045987,0.234067
38400,0.038520,0.029144,0.194457
38410,0.027163,0.020588,0.151454
38420,0.035095,0.026979,0.160992
38430,0.051368,0.039626,0.219060
38440,0.014657,0.010937,0.124397
38450,0.026122,0.019279,0.136014
38460,0.025511,0.018969,0.177827
38470,0.023999,0.019903,0.118262
38480,0.012989,0.009491,0.142389
38490,0.053539,0.040527,0.197478
38500,0.045792,0.035645,0.201377
38510,0.027467,0.020444,0.151687
38520,0.032262,0.024313,0.167111
38530,0.020297,0.015402,0.131604
38540,0.000367,0.000907,0.001629
38550,0.046003,0.035118,0.188624
38560,0.044341,0.034228,0.184895
38570,0.005138,0.003563,0.170950
38580,0.032403,0.025219,0.161081
38590,0.028299,0.021717,0.155608
38600,0.014127,0.011397,0.125331
38610,0.033664,0.025223,0.175078
38620,0.047596,0.036545,0.202792
38630,0.019596,0.014741,0.134881
38640,0.024916,0.018593,0.155338
38650,0.024209,0.018712,0.118992
38660,0.033629,0.025799,0.129750
38670,0.048445,0.037928,0.208696
38680,0.024914,0.018590,0.144801
38690,0.008249,0.006278,0.074714
38700,0.022528,0.016485,0.158528
38710,0.014324,0.011023,0.091541
38720,0.061827,0.046931,0.232522
38730,0.018785,0.014014,0.138884
38740,0.002129,0.001641,0.154293
38750,0.033021,0.025423,0.179814
38760,0.015163,0.011438,0.137219
38770,0.049859,0.038230,0.204864
38780,0.031628,0.024562,0.148589
38790,0.022920,0.017301,0.131399
38800,0.026966,0.019813,0.165140
38810,0.024254,0.018804,0.142008
38820,0.058838,0.045863,0.232221
38830,0.048470,0.038566,0.202301
38840,0.036959,0.028603,0.150298
38850,0.051366,0.039950,0.206132
38860,0.013605,0.009961,0.105034
38870,0.010305,0.007929,0.103362
38880,0.000943,0.000934,0.161996
38890,0.016904,0.012974,0.136016
38900,0.043278,0.034312,0.197433
38910,0.038155,0.029698,0.191936
38920,0.041710,0.031807,0.190043
38930,0.036320,0.028397,0.168921
38940,0.032834,0.024128,0.162955
38950,0.044480,0.033936,0.202226
38960,0.023305,0.017310,0.139484
38970,0.019587,0.017945,0.178310
38980,0.014636,0.010997,0.125153
38990,0.016503,0.012430,0.124362
39000,0.044139,0.034547,0.196830
39010,0.017538,0.011925,0.157626
39020,0.033721,0.025059,0.162964
39030,0.010223,0.007623,0.123444
39040,0.004626,0.003413,0.122793
39050,0.050083,0.038722,0.195344
39060,0.020087,0.015085,0.124399
39070,0.031276,0.023401,0.161826
39080,0.021854,0.015184,0.262771
39090,0.002206,0.001364,0.186311
39100,0.059499,0.046011,0.234193
39110,0.042722,0.032121,0.195361
39120,0.043566,0.033644,0.199157
39130,0.021352,0.015529,0.146994
39140,0.028870,0.022446,0.161772
39150,0.038993,0.028416,0.195317
39160,0.008197,0.005779,0.133892
39170,0.011141,0.008908,0.067606
39180,0.053276,0.040986,0.217733
39190,0.014630,0.010703,0.132717
39200,0.039889,0.030449,0.189991
39210,0.024367,0.018822,0.142819
39220,0.008514,0.006317,0.046245
39230,0.034869,0.026220,0.156514
39240,0.011753,0.008918,0.082760
39250,0.029939,0.022617,0.168553
39260,0.013856,0.010820,0.183404
39270,0.032786,0.023763,0.175366
39280,0.048641,0.036558,0.198744
39290,0.011001,0.008185,0.113759
39300,0.049967,0.040475,0.213996
39310,0.023562,0.018187,0.135640
39320,0.034257,0.027399,0.166429
39330,0.040950,0.031122,0.182002
39340,0.023594,0.017539,0.160541
39350,0.038949,0.029614,0.173382
39360,0.035791,0.027071,0.150277
39370,0.025535,0.019857,0.146096
39380,0.042642,0.033084,0.193653
39390,0.046198,0.035919,0.191408
39400,0.029859,0.022550,0.157694
39410,0.012945,0.009471,0.136066
39420,0.031110,0.024473,0.151966
39430,0.030739,0.021656,0.168579
39440,0.013096,0.010168,0.169366
39450,0.016354,0.012166,0.141166
39460,0.023823,0.017518,0.138291
39470,0.016022,0.013450,0.128806
39480,0.037048,0.030267,0.146076
39490,0.026075,0.019971,0.159461
39500,0.073906,0.058140,0.258880
39510,0.033455,0.026984,0.162880
39520,0.046259,0.035387,0.188626
39530,0.020509,0.015860,0.145237
39540,0.024199,0.017669,0.141620
39550,0.022867,0.017698,0.147601
39560,0.032551,0.025751,0.140563
39570,0.023344,0.016764,0.136549
39580,0.021830,0.015951,0.149167
39590,0.041214,0.031985,0.164156
39600,0.025252,0.020005,0.157700
39610,0.048580,0.037055,0.198132
39620,0.015525,0.011661,0.122333
39630,0.026380,0.019670,0.154673
39640,0.043685,0.033549,0.183242
39650,0.020700,0.015812,0.131849
39660,0.015043,0.011231,0.126707
39670,0.024398,0.017891,0.145380
39680,0.025848,0.019918,0.141871
39690,0.029297,0.022127,0.152275
39700,0.027520,0.020966,0.148555
39710,0.056261,0.043789,0.217962
39720,0.016926,0.013026,0.124394
39730,0.027155,0.020897,0.140065
39740,0.052181,0.039790,0.209184
39750,0.012951,0.009102,0.137159
39760,0.064341,0.051129,0.241968
39770,0.014257,0.010929,0.127733
39780,0.043281,0.035399,0.162953
39790,0.025377,0.019109,0.127008
39800,0.025494,0.017828,0.212141
39810,0.011431,0.008313,0.054530
39820,0.003729,0.002822,0.131480
39830,0.026140,0.019313,0.141196
39840,0.027057,0.020668,0.155457
39850,0.036317,0.028259,0.161648
39860,0.041222,0.030946,0.155827
39870,0.049769,0.038726,0.195523
39880,0.028321,0.021273,0.155445
39890,0.029907,0.022139,0.174942
39900,0.043478,0.033301,0.190698
39910,0.034790,0.026642,0.160578
39920,0.031940,0.024013,0.166579
39930,0.041575,0.032501,0.184942
39940,0.030286,0.023427,0.145461
39950,0.012606,0.009440,0.102986
39960,0.002372,0.001703,0.136282
39970,0.024776,0.018908,0.145293
39980,0.014492,0.010910,0.125676
39990,0.030268,0.023215,0.155155
40000,0.033585,0.025516,0.143438
40010,0.030850,0.023205,0.172919
40020,0.033650,0.025764,0.175837
40030,0.019231,0.014277,0.138479
40040,0.074680,0.056447,0.244488
40050,0.047512,0.035749,0.198895
40060,0.020997,0.015793,0.106457
40070,0.026969,0.020220,0.145388
40080,0.024540,0.018219,0.149147
40090,0.007540,0.005414,0.177955
40100,0.038208,0.029588,0.175438
40110,0.048290,0.037289,0.199750
40120,0.018491,0.014449,0.129815
40130,0.023971,0.018042,0.143822
40140,0.012936,0.009941,0.106960
40150,0.023194,0.016450,0.146235
40160,0.016537,0.012785,0.120422
40170,0.034214,0.025973,0.160307
40180,0.029558,0.022399,0.170415
40190,0.001710,0.001505,0.294976
40200,0.005577,0.004270,0.200819
40210,0.022669,0.017557,0.132539
40220,0.006749,0.005947,0.058417
40230,0.024272,0.019493,0.128647
40240,0.039065,0.029520,0.159791
40250,0.025765,0.019132,0.160176
40260,0.034208,0.025792,0.174729
40270,0.031788,0.024452,0.141371
40280,0.003918,0.003601,0.157964
40290,0.033238,0.025085,0.158053
40300,0.038878,0.028882,0.208389
40310,0.027986,0.021143,0.159957
40320,0.043588,0.032681,0.194053
40330,0.053413,0.040073,0.205977
40340,0.056927,0.043754,0.210430
40350,0.016796,0.012486,0.156789
40360,0.025470,0.019687,0.116531
40370,0.013864,0.010091,0.062021
40380,0.026008,0.020114,0.157873
40390,0.034428,0.026019,0.160970
40400,0.048959,0.037744,0.196673
40410,0.048931,0.037252,0.202300
40420,0.028074,0.021873,0.156091
40430,0.052175,0.040774,0.188505
40440,0.057696,0.044714,0.226140
40450,0.013656,0.010068,0.134657
40460,0.045708,0.035480,0.192409
40470,0.035956,0.028688,0.161941
40480,0.033417,0.025681,0.146895
40490,0.023280,0.017388,0.145860
40500,0.032359,0.025031,0.152857
40510,0.050449,0.041462,0.202390
40520,0.015733,0.011913,0.130751
40530,0.059944,0.046360,0.213639
40540,0.023367,0.016578,0.158208
40550,0.031407,0.023353,0.166127
40560,0.027324,0.021255,0.149797
40570,0.022576,0.016981,0.155375
40580,0.005032,0.003539,0.100937
40590,0.025422,0.019626,0.147189
40600,0.017702,0.013563,0.126597
40610,0.021338,0.015680,0.134456
40620,0.042070,0.032235,0.194142
40630,0.043310,0.032891,0.181956
40640,0.034201,0.026732,0.160091
40650,0.027347,0.021338,0.148808
40660,0.020323,0.015254,0.148412
40670,0.035311,0.026422,0.167036
40680,0.009445,0.007419,0.095255
40690,0.059586,0.047634,0.218969
40700,0.010558,0.007635,0.165130
40710,0.002990,0.002178,0.094809
40720,0.044875,0.033886,0.189184
40730,0.017133,0.012939,0.117973
40740,0.022755,0.017316,0.156801
40750,0.017107,0.013083,0.115775
40760,0.029077,0.021981,0.157440
40770,0.051868,0.039863,0.206735
40780,0.032807,0.025901,0.176064
40790,0.018414,0.014039,0.149823
40800,0.041161,0.031817,0.161553
40810,0.031533,0.024203,0.148642
40820,0.052127,0.042289,0.200739
40830,0.028235,0.021270,0.158837
40840,0.045149,0.034151,0.211645
40850,0.023485,0.017511,0.137323
40860,0.022786,0.017296,0.126610
40870,0.017117,0.012493,0.125927
40880,0.004871,0.003689,0.119466
40890,0.008130,0.005872,0.051114
40900,0.021033,0.015910,0.131472
40910,0.031263,0.023710,0.181156
40920,0.000010,0.000011,0.000038
40930,0.031486,0.023548,0.160757
40940,0.029765,0.022380,0.160552
40950,0.049797,0.041451,0.201469
40960,0.034329,0.027718,0.181845
40970,0.024098,0.017899,0.136472
40980,0.027376,0.020867,0.154411
40990,0.010892,0.008138,0.100953
41000,0.035403,0.028270,0.144209
41010,0.043705,0.032672,0.174431
41020,0.049084,0.036666,0.206327
41030,0.049124,0.037602,0.206686
41040,0.033624,0.026467,0.170162
41050,0.032534,0.024429,0.153138
41060,0.049671,0.038593,0.191544
41070,0.021654,0.016856,0.137144
41080,0.040114,0.032292,0.193633
41090,0.011281,0.008310,0.101391
41100,0.017397,0.013378,0.153999
41110,0.034697,0.027760,0.189621
41120,0.019745,0.014340,0.137690
41130,0.022371,0.018350,0.145587
41140,0.029478,0.021897,0.169007
41150,0.019622,0.015129,0.126162
41160,0.031287,0.023742,0.153729
41170,0.038266,0.029114,0.178424
41180,0.019134,0.014530,0.120053
41190,0.045918,0.035202,0.196245
41200,0.023163,0.017182,0.154509
41210,0.022860,0.017245,0.146593
41220,0.047937,0.037439,0.204249
41230,0.044556,0.036140,0.194064
41240,0.035632,0.027515,0.159150
41250,0.021486,0.016464,0.155544
41260,0.037108,0.028510,0.159429
41270,0.015699,0.011847,0.138391
41280,0.058140,0.044554,0.231096
41290,0.020895,0.016023,0.096799
41300,0.047526,0.036578,0.201550
41310,0.016364,0.012510,0.124919
41320,0.006824,0.005215,0.132359
41330,0.021221,0.016333,0.137431
41340,0.025959,0.020043,0.145822
41350,0.033185,0.025353,0.170977
41360,0.005534,0.004383,0.038032
41370,0.037388,0.027808,0.176819
41380,0.048868,0.037572,0.220124
41390,0.019618,0.016139,0.095924
41400,0.020123,0.016021,0.093417
41410,0.056544,0.043553,0.220676
41420,0.030751,0.023453,0.149240
41430,0.026331,0.021007,0.155607
41440,0.031388,0.023939,0.137216
41450,0.039591,0.030126,0.180977
41460,0.026082,0.019786,0.152396
41470,0.026764,0.020167,0.153723
41480,0.010717,0.008171,0.114641
41490,0.007333,0.005673,0.125884
41500,0.017709,0.014304,0.122947
41510,0.042077,0.032231,0.187603
41520,0.002142,0.001526,0.217724
41530,0.050631,0.038580,0.209066
41540,0.038306,0.029861,0.178701
41550,0.039168,0.029919,0.168790
41560,0.016637,0.012296,0.099428
41570,0.011626,0.008815,0.112333
41580,0.009751,0.007037,0.096753
41590,0.018757,0.015708,0.125998
41600,0.017209,0.013067,0.136045
41610,0.042897,0.032461,0.190696
41620,0.034752,0.026683,0.146829
41630,0.028755,0.021690,0.127540
41640,0.047307,0.034452,0.202620
41650,0.068676,0.052419,0.246434
41660,0.037570,0.029557,0.161131
41670,0.021623,0.016840,0.145047
41680,0.001828,0.001384,0.157057
41690,0.027554,0.021063,0.125688
41700,0.025754,0.020619,0.155801
41710,0.017504,0.012048,0.130607
41720,0.032867,0.025614,0.161062
41730,0.057783,0.045738,0.213045
41740,0.012524,0.009862,0.153373
41750,0.023800,0.017227,0.157500
41760,0.031597,0.024686,0.156380
41770,0.034165,0.025812,0.163926
41780,0.008319,0.007153,0.095099
41790,0.021690,0.016046,0.152003
41800,0.027014,0.020356,0.143495
41810,0.021998,0.016590,0.137840
41820,0.002946,0.002193,0.136285
41830,0.025336,0.019604,0.152258
41840,0.034204,0.025833,0.178605
41850,0.015315,0.013139,0.086060
41860,0.027517,0.020523,0.142272
41870,0.051938,0.039611,0.206937
41880,0.022096,0.017064,0.139990
41890,0.029193,0.022074,0.154803
41900,0.018641,0.013916,0.134683
41910,0.033394,0.025077,0.177143
41920,0.022595,0.016954,0.140680
41930,0.017335,0.012759,0.076665
41940,0.023087,0.017959,0.153546
41950,0.021659,0.016196,0.121417
41960,0.043192,0.033130,0.199110
41970,0.007797,0.006507,0.070600
41980,0.019090,0.014429,0.122768
41990,0.007865,0.006060,0.128886
42000,0.061138,0.048009,0.236085
42010,0.016206,0.012599,0.075556
42020,0.038265,0.029145,0.172619
42030,0.024207,0.017520,0.150361
42040,0.028028,0.021514,0.146969
42050,0.040332,0.031414,0.186412
42060,0.016103,0.011663,0.140561
42070,0.031236,0.024289,0.159517
42080,0.007481,0.005525,0.199374
42090,0.032912,0.024707,0.164419
42100,0.029065,0.021844,0.156575
42110,0.010337,0.008124,0.081329
42120,0.030964,0.023867,0.147329
42130,0.040153,0.030915,0.182929
42140,0.023540,0.018287,0.148797
42150,0.020443,0.015897,0.125347
42160,0.024594,0.017543,0.160054
42170,0.016153,0.012223,0.121953
42180,0.034147,0.025670,0.163995
42190,0.027968,0.020982,0.156884
42200,0.000010,0.000010,0.000035
42210,0.015797,0.012382,0.148715
42220,0.030035,0.023025,0.156873
42230,0.017706,0.013313,0.145170
42240,0.030894,0.023667,0.131096
42250,0.032364,0.021081,0.171804
42260,0.034627,0.026199,0.169668
42270,0.023790,0.017663,0.149015
42280,0.042876,0.032945,0.180038
42290,0.018695,0.013607,0.107037
42300,0.052875,0.040034,0.215872
42310,0.027358,0.020984,0.154157
42320,0.031799,0.022990,0.161149
42330,0.046871,0.036077,0.195598
42340,0.009642,0.007513,0.117837
42350,0.035000,0.026174,0.168917
42360,0.048970,0.037319,0.201090
42370,0.023181,0.017529,0.147253
42380,0.027410,0.021218,0.158681
42390,0.029663,0.022502,0.151494
42400,0.028515,0.022183,0.136463
42410,0.013238,0.009697,0.117405
42420,0.027749,0.021058,0.151045
42430,0.037967,0.029180,0.175586
42440,0.039736,0.030886,0.173703
42450,0.032520,0.024336,0.166561
42460,0.035552,0.027064,0.171719
42470,0.042092,0.031812,0.196248
42480,0.014615,0.010918,0.129155
42490,0.032566,0.024555,0.175187
42500,0.012082,0.009883,0.230608
42510,0.015595,0.011370,0.117419
42520,0.034061,0.025471,0.160216
42530,0.017959,0.013905,0.091917
42540,0.011020,0.008312,0.107425
42550,0.031555,0.023664,0.140062
42560,0.016302,0.012159,0.127995
42570,0.022110,0.017215,0.114910
42580,0.042936,0.033335,0.153970
42590,0.035580,0.027361,0.151810
42600,0.014379,0.011037,0.091256
42610,0.042369,0.030509,0.190654
42620,0.027051,0.021967,0.152385
42630,0.016364,0.012197,0.109971
42640,0.015427,0.011109,0.122289
42650,0.058895,0.045116,0.221188
42660,0.029397,0.022829,0.166446
42670,0.038515,0.029938,0.181129
42680,0.039070,0.030368,0.169058
42690,0.042876,0.033261,0.179845
42700,0.024964,0.018870,0.138650
42710,0.042373,0.033445,0.189605
42720,0.022425,0.016552,0.130168
42730,0.024806,0.018966,0.151520
42740,0.029041,0.022458,0.157228
42750,0.029539,0.023538,0.121790
42760,0.032542,0.024349,0.272674
42770,0.060141,0.046083,0.232696
42780,0.022419,0.016535,0.137389
42790,0.002911,0.002132,0.062075
42800,0.000427,0.000481,0.027709
42810,0.006922,0.005111,0.112919
42820,0.020481,0.015942,0.129208
42830,0.040922,0.031591,0.186820
42840,0.034635,0.026618,0.161701
42850,0.028013,0.022756,0.146064
42860,0.035595,0.026683,0.175559
42870,0.035026,0.026305,0.183447
42880,0.014400,0.011182,0.118697
42890,0.030395,0.023375,0.160388
42900,0.029319,0.023075,0.133874
42910,0.036181,0.027698,0.166155
42920,0.029252,0.022894,0.166586
42930,0.046651,0.036696,0.186859
42940,0.035970,0.027723,0.157860
42950,0.028683,0.021276,0.149624
42960,0.025717,0.019687,0.143932
42970,0.038818,0.029652,0.174111
42980,0.009672,0.007462,0.150221
42990,0.035775,0.028166,0.167826
43000,0.045829,0.034993,0.188854
43010,0.027376,0.021324,0.152705
43020,0.017707,0.012938,0.129938
43030,0.029438,0.022893,0.155349
43040,0.021985,0.016873,0.143149
43050,0.036300,0.028302,0.158031
43060,0.039944,0.030437,0.173210
43070,0.015752,0.012348,0.081939
43080,0.031587,0.023292,0.169286
43090,0.028110,0.021100,0.150409
43100,0.042742,0.033471,0.191406
43110,0.034356,0.026849,0.187842
43120,0.006230,0.004210,0.104306
43130,0.050835,0.038993,0.212604
43140,0.045856,0.035729,0.192303
43150,0.007944,0.005569,0.097131
43160,0.033216,0.025173,0.170828
43170,0.033504,0.025532,0.175213
43180,0.047239,0.035872,0.190504
43190,0.018432,0.014287,0.134842
43200,0.018891,0.013951,0.137818
43210,0.031862,0.024139,0.163638
43220,0.039351,0.029814,0.179673
43230,0.001903,0.001977,0.022455
43240,0.010950,0.008330,0.102982
43250,0.027546,0.020506,0.155196
43260,0.018664,0.013068,0.130129
43270,0.028814,0.022292,0.151555
43280,0.022081,0.016054,0.156221
43290,0.039781,0.029127,0.173175
43300,0.022400,0.016997,0.130593
43310,0.035020,0.027032,0.172874
43320,0.024148,0.018612,0.142334
43330,0.025888,0.019055,0.150142
43340,0.036210,0.027897,0.152752
43350,0.012244,0.009656,0.111773
43360,0.036533,0.028059,0.179176
43370,0.015625,0.011019,0.151420
43380,0.024375,0.017911,0.141070
43390,0.059710,0.045877,0.237529
43400,0.025971,0.019750,0.133662
43410,0.005147,0.004140,0.083516
43420,0.025555,0.019383,0.154803
43430,0.008330,0.006178,0.060809
43440,0.025207,0.018729,0.148253
43450,0.001507,0.001178,0.042679
43460,0.018835,0.013739,0.135665
43470,0.035016,0.027122,0.167765
43480,0.033185,0.024770,0.170713
43490,0.029547,0.022693,0.154204
43500,0.032496,0.024777,0.140112
43510,0.028628,0.021464,0.157208
43520,0.019595,0.014130,0.137321
43530,0.029835,0.022061,0.157955
43540,0.050513,0.039504,0.208533
43550,0.000007,0.000025,0.000054
43560,0.036330,0.027719,0.167499
43570,0.012937,0.009784,0.100185
43580,0.037125,0.028661,0.170493
43590,0.036205,0.026907,0.187567
43600,0.014448,0.011182,0.101125
43610,0.033275,0.025758,0.140493
43620,0.014691,0.010932,0.121751
43630,0.005114,0.004050,0.038665
43640,0.053866,0.041147,0.211680
43650,0.058431,0.045271,0.226841
43660,0.027455,0.020778,0.126686
43670,0.031722,0.024187,0.171582
43680,0.044170,0.033566,0.187159
43690,0.047750,0.036710,0.171804
43700,0.027953,0.021075,0.153578
43710,0.040213,0.030161,0.185655
43720,0.032344,0.024347,0.167031
43730,0.031719,0.023936,0.174046
43740,0.016550,0.012688,0.102692
43750,0.018634,0.014296,0.155872
43760,0.016289,0.012959,0.121657
43770,0.046718,0.035954,0.189081
43780,0.030960,0.023910,0.161579
43790,0.011454,0.008497,0.107305
43800,0.041733,0.033972,0.154728
43810,0.015605,0.011571,0.126626
43820,0.016195,0.012607,0.120264
43830,0.027472,0.021175,0.162267
43840,0.013274,0.009947,0.111215
43850,0.025332,0.021279,0.155240
43860,0.040031,0.030962,0.192654
43870,0.036698,0.028859,0.174385
43880,0.042143,0.031349,0.173346
43890,0.030261,0.022789,0.161731
43900,0.026582,0.019593,0.126872
43910,0.017473,0.013420,0.141109
43920,0.021093,0.015748,0.126961
43930,0.031150,0.023714,0.163770
43940,0.041629,0.032629,0.186783
43950,0.022794,0.016861,0.142670
43960,0.038377,0.029122,0.179154
43970,0.014705,0.011145,0.074665
43980,0.029443,0.021959,0.148336
43990,0.028802,0.022367,0.153361
44000,0.021863,0.016683,0.127473
44010,0.017164,0.013083,0.128334
44020,0.033116,0.026113,0.160882
44030,0.031807,0.024239,0.174572
44040,0.027098,0.021813,0.172671
44050,0.030677,0.024332,0.220738
44060,0.026014,0.020574,0.110054
44070,0.025986,0.020222,0.143692
44080,0.042888,0.033502,0.185979
44090,0.014919,0.011653,0.072198
44100,0.021691,0.018066,0.162955
44110,0.000606,0.000381,0.068515
44120,0.014992,0.011357,0.119598
44130,0.022332,0.017247,0.142054
44140,0.057869,0.044551,0.223869
44150,0.015330,0.011984,0.131915
44160,0.035730,0.027340,0.154424
44170,0.036502,0.027811,0.169037
44180,0.039860,0.029474,0.188678
44190,0.028859,0.021438,0.159297
44200,0.018883,0.014021,0.092028
44210,0.020332,0.015454,0.135304
44220,0.022232,0.016910,0.100981
44230,0.046668,0.035663,0.199863
44240,0.022219,0.017121,0.137287
44250,0.016583,0.012531,0.126469
44260,0.006758,0.005382,0.117066
44270,0.015416,0.012452,0.074410
44280,0.031233,0.023017,0.168513
44290,0.023255,0.017463,0.140620
44300,0.029431,0.023213,0.155537
44310,0.026002,0.020444,0.143348
44320,0.031731,0.023527,0.154026
44330,0.021310,0.015179,0.156987
44340,0.017780,0.013536,0.120582
44350,0.048839,0.037222,0.198236
44360,0.004774,0.003398,0.110131
44370,0.015107,0.011043,0.121004
44380,0.038924,0.030079,0.172616
44390,0.022416,0.017337,0.142886
44400,0.041441,0.031478,0.189672
44410,0.035603,0.026615,0.149041
44420,0.016024,0.013305,0.108903
44430,0.032263,0.024279,0.157208
44440,0.018295,0.013514,0.097757
44450,0.032882,0.025351,0.143060
44460,0.037760,0.030390,0.177849
44470,0.025002,0.018123,0.130665
44480,0.015458,0.011365,0.118125
44490,0.033111,0.025134,0.156569
44500,0.022834,0.017533,0.159741
44510,0.022951,0.017107,0.157441
44520,0.029801,0.023034,0.158662
44530,0.045074,0.034924,0.176984
44540,0.027162,0.020782,0.106913
44550,0.043722,0.033215,0.190427
44560,0.049880,0.039714,0.217180
44570,0.040123,0.032686,0.205425
44580,0.008201,0.006386,0.149563
44590,0.007712,0.005381,0.133591
44600,0.032827,0.025088,0.158042
44610,0.046047,0.043542,0.232850
44620,0.005205,0.003835,0.088336
44630,0.008613,0.006400,0.110175
44640,0.033038,0.024930,0.160342
44650,0.027126,0.020752,0.153746
44660,0.031242,0.024443,0.142180
44670,0.029186,0.022093,0.115970
44680,0.025391,0.019212,0.122187
44690,0.017134,0.013284,0.130722
44700,0.013230,0.009641,0.107514
44710,0.010177,0.007656,0.103571
44720,0.020040,0.015236,0.101402
44730,0.038918,0.029645,0.186680
44740,0.029808,0.022940,0.158804
44750,0.028042,0.022172,0.159428
44760,0.026753,0.020351,0.162646
44770,0.055806,0.042023,0.201830
44780,0.027129,0.020808,0.152007
44790,0.040303,0.029373,0.191520
44800,0.029483,0.021919,0.131073
44810,0.045732,0.034569,0.200150
44820,0.007492,0.006206,0.102901
44830,0.036761,0.028343,0.172424
44840,0.017976,0.014135,0.141463
44850,0.012633,0.009302,0.111330
44860,0.042851,0.033880,0.225558
44870,0.038843,0.030013,0.142354
44880,0.019847,0.015094,0.148919
44890,0.028208,0.022767,0.127599
44900,0.024141,0.018192,0.154204
44910,0.032957,0.025725,0.157004
44920,0.000067,0.000043,0.000173
44930,0.032687,0.025916,0.162896
44940,0.024555,0.018143,0.175481
44950,0.043748,0.034055,0.193855
44960,0.047173,0.035945,0.193153
44970,0.018185,0.013714,0.125247
44980,0.031029,0.023285,0.160903
44990,0.019295,0.014684,0.097945
45000,0.041406,0.032150,0.178955
45010,0.022604,0.017140,0.139488
45020,0.037478,0.028305,0.163946
45030,0.026872,0.020240,0.160988
45040,0.013410,0.010611,0.122253
45050,0.021476,0.016664,0.115264
45060,0.034684,0.026980,0.164899
45070,0.007590,0.006585,0.066549
45080,0.036016,0.027921,0.173480
45090,0.020396,0.015395,0.126829
45100,0.041367,0.032256,0.177916
45110,0.029019,0.022295,0.127142
45120,0.012408,0.009619,0.133095
45130,0.017511,0.013470,0.145403
45140,0.017897,0.014382,0.096720
45150,0.028518,0.023549,0.116947
45160,0.011451,0.008585,0.094670
45170,0.030117,0.022757,0.168754
45180,0.039397,0.030418,0.170711
45190,0.043604,0.032429,0.178312
45200,0.048829,0.037172,0.200521
45210,0.039007,0.030351,0.157523
45220,0.025411,0.019208,0.135412
45230,0.028641,0.022142,0.131368
45240,0.039521,0.030713,0.174524
45250,0.039835,0.030529,0.183718
45260,0.030886,0.023239,0.135395
45270,0.007614,0.006328,0.055578
45280,0.014399,0.011027,0.121302
45290,0.029035,0.022205,0.144686
45300,0.020888,0.015070,0.140240
45310,0.037090,0.028417,0.156484
45320,0.043928,0.032913,0.188787
45330,0.035137,0.026494,0.192967
45340,0.017876,0.012875,0.158629
45350,0.020311,0.015128,0.136103
45360,0.022848,0.017789,0.118258
45370,0.013811,0.010326,0.082532
45380,0.034959,0.026692,0.173540
45390,0.052075,0.040726,0.204540
45400,0.014642,0.010801,0.111925
45410,0.027723,0.020951,0.126406
45420,0.032351,0.025036,0.172058
45430,0.019037,0.013973,0.103076
45440,0.025790,0.019183,0.152379
45450,0.018406,0.014059,0.133798
45460,0.039052,0.030524,0.157599
45470,0.042582,0.033357,0.192948
45480,0.013360,0.010963,0.105088
45490,0.029534,0.020692,0.157543
45500,0.006394,0.004649,0.091749
45510,0.008592,0.006931,0.061810
45520,0.021917,0.017381,0.119229
45530,0.029908,0.022156,0.157815
45540,0.035893,0.027943,0.169139
45550,0.022296,0.016640,0.135353
45560,0.058198,0.046497,0.221687
45570,0.008308,0.007360,0.090837
45580,0.040290,0.030523,0.184414
45590,0.016138,0.012091,0.081856
45600,0.001302,0.000916,0.100439
45610,0.041372,0.031683,0.180689
45620,0.016349,0.011936,0.119820
45630,0.027586,0.021373,0.146176
45640,0.026742,0.020485,0.154489
45650,0.038533,0.029447,0.183479
45660,0.019553,0.014620,0.131545
45670,0.000064,0.000053,0.656373
45680,0.025874,0.019527,0.140900
45690,0.013631,0.010474,0.097925
45700,0.020540,0.016263,0.102817
45710,0.036445,0.027733,0.172090
45720,0.010632,0.007567,0.135345
45730,0.013410,0.009971,0.136738
45740,0.006248,0.004480,0.029666
45750,0.010419,0.007571,0.123242
45760,0.048192,0.037193,0.197431
45770,0.015418,0.011564,0.119406
45780,0.005136,0.004001,0.101065
45790,0.003053,0.002550,0.092813
45800,0.043930,0.030900,0.211408
45810,0.010483,0.007830,0.135508
45820,0.011214,0.008521,0.101825
45830,0.012000,0.008899,0.061926
45840,0.036776,0.028637,0.166566
45850,0.034866,0.026758,0.176599
45860,0.047722,0.036855,0.184891
45870,0.037102,0.028641,0.172552
45880,0.030946,0.023170,0.164881
45890,0.027789,0.020848,0.153511
45900,0.030862,0.023941,0.153300
45910,0.020689,0.015179,0.134158
45920,0.023390,0.017569,0.133217
45930,0.027437,0.021223,0.157370
45940,0.061475,0.047769,0.232978
45950,0.013687,0.010333,0.142685
45960,0.037374,0.029137,0.171042
45970,0.022253,0.017415,0.125694
45980,0.016728,0.012663,0.143348
45990,0.040176,0.030725,0.184018
46000,0.037232,0.029176,0.170014
46010,0.041218,0.031916,0.182867
46020,0.015767,0.011407,0.136818
46030,0.013676,0.010250,0.131133
46040,0.018904,0.014429,0.100577
46050,0.020912,0.013857,0.174871
46060,0.001245,0.000921,0.152584
46070,0.014664,0.011129,0.122913
46080,0.020103,0.015133,0.139511
46090,0.032848,0.025855,0.132299
46100,0.001417,0.001198,0.088821
46110,0.031509,0.023486,0.167496
46120,0.017927,0.012693,0.136093
46130,0.041469,0.032169,0.162065
46140,0.020835,0.016005,0.133930
46150,0.021325,0.016086,0.164177
46160,0.028072,0.021058,0.146462
46170,0.037677,0.028943,0.173553
46180,0.025128,0.018945,0.147176
46190,0.016746,0.012782,0.108144
46200,0.021898,0.016330,0.140116
46210,0.048485,0.037783,0.194377
46220,0.023002,0.017605,0.115666
46230,0.046533,0.035544,0.205476
46240,0.032539,0.025003,0.162112
46250,0.094065,0.073004,0.313124
46260,0.026071,0.019096,0.155744
46270,0.023733,0.019192,0.092010
46280,0.032658,0.024603,0.163154
46290,0.029891,0.022735,0.174833
46300,0.023407,0.017872,0.144726
46310,0.021101,0.015584,0.141724
46320,0.038671,0.030058,0.188458
46330,0.024884,0.019447,0.149135
46340,0.031420,0.023911,0.160211
46350,0.032873,0.025622,0.166954
46360,0.034285,0.027504,0.156418
46370,0.067945,0.052771,0.236983
46380,0.043533,0.034009,0.192859
46390,0.033681,0.025776,0.162022
46400,0.035240,0.027192,0.151045
46410,0.003586,0.002760,0.137861
46420,0.052228,0.039268,0.210254
46430,0.047720,0.036799,0.197045
46440,0.026647,0.020456,0.150794
46450,0.039159,0.031078,0.173523
46460,0.029500,0.023691,0.158006
46470,0.018849,0.014186,0.119888
46480,0.024331,0.018306,0.138691
46490,0.020328,0.015622,0.117886
46500,0.020890,0.016053,0.106662
46510,0.052694,0.039811,0.205679
46520,0.045395,0.034089,0.198281
46530,0.025352,0.019570,0.108414
46540,0.017182,0.012306,0.114120
46550,0.045877,0.035564,0.205567
46560,0.055672,0.043711,0.209428
46570,0.026323,0.019817,0.142832
46580,0.002944,0.002293,0.110836
46590,0.027836,0.021245,0.140337
46600,0.013880,0.010686,0.082703
46610,0.014721,0.012190,0.130541
46620,0.047734,0.038043,0.198020
46630,0.024408,0.018424,0.131380
46640,0.034829,0.026923,0.177155
46650,0.036459,0.027074,0.177272
46660,0.037298,0.028669,0.176066
46670,0.021829,0.016337,0.106993
46680,0.023802,0.017672,0.147272
46690,0.024975,0.018663,0.151668
46700,0.015836,0.012734,0.104121
46710,0.012171,0.008959,0.118988
46720,0.016619,0.012706,0.121901
46730,0.044270,0.033853,0.196843
46740,0.038132,0.028887,0.172923
46750,0.009949,0.006970,0.103635
46760,0.037966,0.028308,0.177081
46770,0.017570,0.012870,0.127807
46780,0.031046,0.024391,0.148552
46790,0.011294,0.008289,0.117111
46800,0.041687,0.031118,0.190934
46810,0.023371,0.017910,0.138278
46820,0.002118,0.001836,0.177759
46830,0.022138,0.018042,0.155854
46840,0.021047,0.015781,0.121358
46850,0.061353,0.047349,0.231266
46860,0.013076,0.010354,0.062599
46870,0.062531,0.050251,0.235926
46880,0.034344,0.027434,0.155156
46890,0.039129,0.029023,0.181716
46900,0.021732,0.016333,0.134413
46910,0.016402,0.012688,0.129586
46920,0.042171,0.034759,0.189585
46930,0.026198,0.019672,0.154884
46940,0.035922,0.027829,0.158637
46950,0.016955,0.012462,0.129161
46960,0.037600,0.029209,0.172963
46970,0.048809,0.037738,0.198091
46980,0.040835,0.031430,0.182001
46990,0.040233,0.030854,0.182021
47000,0.031211,0.023152,0.162072
47010,0.023128,0.018202,0.136012
47020,0.024039,0.017592,0.145428
47030,0.025127,0.018791,0.141540
47040,0.033248,0.025426,0.173232
47050,0.028015,0.020891,0.146285
47060,0.037577,0.029771,0.157500
47070,0.019395,0.014744,0.152736
47080,0.024079,0.018374,0.152723
47090,0.023238,0.018035,0.155102
47100,0.037966,0.029266,0.173744
47110,0.005538,0.004191,0.135837
47120,0.033166,0.025796,0.163259
47130,0.010668,0.007952,0.100395
47140,0.034414,0.027044,0.171136
47150,0.022913,0.017424,0.141298
47160,0.008490,0.006526,0.185434
47170,0.011371,0.008367,0.100196
47180,0.020984,0.016135,0.114307
47190,0.036488,0.027576,0.201673
47200,0.054528,0.041883,0.216752
47210,0.020229,0.015619,0.158098
47220,0.020857,0.015827,0.137368
47230,0.013752,0.010754,0.108089
47240,0.030198,0.022765,0.156444
47250,0.030628,0.023282,0.124616
47260,0.043628,0.033650,0.196612
47270,0.066115,0.050710,0.238531
47280,0.009599,0.007785,0.065407
47290,0.024605,0.019581,0.153052
47300,0.023409,0.018351,0.109427
47310,0.023390,0.017775,0.133773
47320,0.023153,0.017653,0.125472
47330,0.029649,0.023725,0.166811
47340,0.015553,0.011329,0.119769
47350,0.035453,0.027168,0.145356
47360,0.018488,0.014195,0.129252
47370,0.032502,0.024631,0.158759
47380,0.044903,0.034807,0.195082
47390,0.015886,0.012000,0.077767
47400,0.033363,0.025080,0.182859
47410,0.033394,0.025892,0.172779
47420,0.009480,0.007132,0.100440
47430,0.002810,0.002135,0.106874
47440,0.020926,0.015624,0.146469
47450,0.030023,0.022557,0.154960
47460,0.039014,0.030590,0.165332
47470,0.007117,0.005220,0.092652
47480,0.034082,0.026294,0.161970
47490,0.017162,0.012728,0.115627
47500,0.024019,0.017409,0.133866
47510,0.044346,0.034237,0.198643
47520,0.033296,0.026025,0.182789
47530,0.030045,0.023340,0.151147
47540,0.048496,0.037583,0.196943
47550,0.009173,0.006641,0.115170
47560,0.017458,0.013478,0.156410
47570,0.015940,0.011791,0.094988
47580,0.042276,0.032503,0.195253
47590,0.021862,0.015834,0.142800
47600,0.024982,0.019107,0.140436
47610,0.055731,0.044403,0.212897
47620,0.031221,0.025741,0.137110
47630,0.041400,0.032047,0.182909
47640,0.048596,0.036559,0.204648
47650,0.037820,0.029118,0.176518
47660,0.023559,0.017941,0.139025
47670,0.002927,0.002041,0.148636
47680,0.035740,0.027153,0.163872
47690,0.034264,0.024374,0.155784
47700,0.019942,0.015173,0.121510
47710,0.026256,0.019990,0.149692
47720,0.041923,0.032512,0.190948
47730,0.052731,0.040590,0.211370
47740,0.015161,0.011396,0.123057
47750,0.020349,0.015832,0.095078
47760,0.055581,0.042480,0.214929
47770,0.034134,0.026173,0.169122
47780,0.009740,0.007387,0.143231
47790,0.019072,0.013119,0.082209
47800,0.033074,0.025127,0.163070
47810,0.044431,0.034255,0.194704
47820,0.051407,0.040897,0.212720
47830,0.041695,0.030146,0.183139
47840,0.020013,0.015109,0.131950
47850,0.058803,0.041084,0.242586
47860,0.017081,0.012564,0.132310
47870,0.025714,0.019474,0.135957
47880,0.034720,0.027587,0.170080
47890,0.016031,0.012600,0.135637
47900,0.019738,0.015022,0.103795
47910,0.024735,0.018969,0.141971
47920,0.014305,0.010890,0.137237
47930,0.035255,0.026354,0.166942
47940,0.035293,0.027349,0.150523
47950,0.004794,0.003696,0.093511
47960,0.032865,0.027650,0.169387
47970,0.037220,0.029048,0.169026
47980,0.022862,0.017319,0.154700
47990,0.012688,0.009279,0.115849
48000,0.033168,0.025102,0.163287
48010,0.035736,0.027203,0.171666
48020,0.045042,0.035368,0.194553
48030,0.031787,0.022411,0.196074
48040,0.031758,0.024181,0.169032
48050,0.009295,0.006886,0.127397
48060,0.009660,0.006895,0.126452
48070,0.055054,0.042520,0.216349
48080,0.028288,0.021454,0.155365
48090,0.009496,0.006859,0.108183
48100,0.037694,0.029246,0.146559
48110,0.034239,0.026503,0.165227
48120,0.046464,0.035476,0.190511
48130,0.017430,0.013147,0.158321
48140,0.027790,0.021740,0.153141
48150,0.030971,0.023888,0.164420
48160,0.015737,0.011147,0.121311
48170,0.038771,0.029566,0.175745
48180,0.006725,0.005259,0.112742
48190,0.049001,0.036688,0.210177
48200,0.036557,0.029362,0.160840
48210,0.046694,0.035136,0.199082
48220,0.012751,0.009931,0.103813
48230,0.024569,0.018560,0.134378
48240,0.030689,0.023007,0.156828
48250,0.049185,0.037816,0.214942
48260,0.035932,0.027835,0.166789
48270,0.011349,0.008165,0.213855
48280,0.027122,0.020784,0.150137
48290,0.004022,0.002737,0.083581
48300,0.029695,0.022780,0.141489
48310,0.032568,0.023895,0.162441
48320,0.018833,0.013043,0.141399
48330,0.010071,0.006142,0.051325
48340,0.038790,0.028497,0.171648
48350,0.018138,0.013941,0.124133
48360,0.038462,0.028877,0.178432
48370,0.022749,0.017246,0.121356
48380,0.029807,0.022590,0.149063
48390,0.034839,0.027534,0.167614
48400,0.029947,0.022534,0.168122
48410,0.008501,0.006670,0.104179
48420,0.011423,0.008795,0.068404
48430,0.035882,0.027702,0.168224
48440,0.035017,0.026260,0.172012
48450,0.025858,0.018927,0.150557
48460,0.017005,0.013008,0.089822
48470,0.020287,0.015288,0.130151
48480,0.013303,0.009545,0.104116
48490,0.039005,0.029366,0.175185
48500,0.005938,0.004871,0.038156
48510,0.076099,0.058194,0.275315
48520,0.036419,0.026860,0.168801
48530,0.032810,0.025481,0.142599
48540,0.041273,0.030369,0.180181
48550,0.004207,0.003105,0.158602
48560,0.063469,0.048497,0.249643
48570,0.030780,0.024386,0.144513
48580,0.037626,0.029094,0.173367
48590,0.017266,0.013226,0.132391
48600,0.031528,0.024517,0.138997
48610,0.019007,0.014058,0.086573
48620,0.024787,0.019884,0.123327
48630,0.031558,0.024407,0.170896
48640,0.017394,0.013417,0.091583
48650,0.016946,0.012780,0.113310
48660,0.039449,0.031222,0.173163
48670,0.068535,0.053583,0.240338
48680,0.065070,0.049068,0.229813
48690,0.024678,0.019169,0.117888
48700,0.035038,0.026463,0.162108
48710,0.015477,0.011574,0.125582
48720,0.019415,0.014973,0.098901
48730,0.030234,0.023229,0.158337
48740,0.040805,0.031033,0.182323
48750,0.029181,0.022330,0.120980
48760,0.052431,0.040597,0.212135
48770,0.015156,0.011089,0.125291
48780,0.032192,0.024126,0.164566
48790,0.029934,0.023489,0.129310
48800,0.026237,0.018755,0.198395
48810,0.013057,0.010060,0.132633
48820,0.048046,0.036759,0.192819
48830,0.033336,0.025840,0.156559
48840,0.061165,0.045269,0.230000
48850,0.024081,0.018546,0.112219
48860,0.016883,0.013318,0.130140
48870,0.027175,0.020144,0.148747
48880,0.030841,0.023150,0.149435
48890,0.041811,0.033030,0.151943
48900,0.020925,0.015724,0.129085
48910,0.026026,0.020265,0.152813
48920,0.024698,0.019187,0.136810
48930,0.025721,0.020031,0.137213
48940,0.029752,0.022638,0.121758
48950,0.022857,0.018014,0.130390
48960,0.040897,0.031703,0.184327
48970,0.023693,0.018185,0.141191
48980,0.028136,0.021681,0.142312
48990,0.037407,0.028864,0.169640
49000,0.046704,0.035981,0.199721
49010,0.021938,0.015803,0.150564
49020,0.048010,0.037296,0.203264
49030,0.044519,0.035175,0.202853
49040,0.021987,0.016519,0.137437
49050,0.013701,0.010657,0.077672
49060,0.014398,0.010300,0.120096
49070,0.049524,0.037614,0.205305
49080,0.027851,0.021423,0.150898
49090,0.032054,0.024646,0.157530
49100,0.057617,0.043936,0.204860
49110,0.036600,0.028398,0.192274
49120,0.049026,0.038745,0.189817
49130,0.018079,0.015202,0.134448
49140,0.021697,0.016670,0.146664
49150,0.035154,0.025511,0.176964
49160,0.027875,0.021576,0.237669
49170,0.017973,0.013547,0.143248
49180,0.015771,0.011608,0.158872
49190,0.016495,0.012470,0.128158
49200,0.029759,0.023216,0.149741
49210,0.032205,0.024544,0.151942
49220,0.022629,0.017076,0.109004
49230,0.022327,0.016621,0.132472
49240,0.021886,0.016862,0.131695
49250,0.047334,0.037360,0.176333
49260,0.020166,0.015101,0.158282
49270,0.014006,0.010518,0.131430
49280,0.003959,0.003056,0.099755
49290,0.033117,0.024996,0.161134
49300,0.031610,0.024974,0.156891
49310,0.030221,0.022583,0.153600
49320,0.018870,0.014303,0.119835
49330,0.021208,0.015175,0.165685
49340,0.022970,0.017078,0.100613
49350,0.017935,0.012830,0.142569
49360,0.035074,0.027134,0.172931
49370,0.039748,0.029165,0.190290
49380,0.060210,0.046287,0.225913
49390,0.027347,0.020943,0.108982
49400,0.023995,0.017353,0.145311
49410,0.029213,0.022005,0.154687
49420,0.038722,0.030714,0.165135
49430,0.011337,0.008457,0.097325
49440,0.006478,0.004640,0.116910
49450,0.019482,0.014640,0.142620
49460,0.019444,0.014920,0.135322
49470,0.029000,0.021338,0.154700
49480,0.033239,0.024973,0.154738
49490,0.028469,0.021893,0.119349
49500,0.047727,0.036603,0.203179
49510,0.040390,0.029611,0.195019
49520,0.028379,0.021894,0.160495
49530,0.033771,0.025862,0.172855
49540,0.004988,0.004406,0.197409
49550,0.030224,0.022387,0.156733
49560,0.019997,0.015233,0.120304
49570,0.014920,0.011247,0.118727
49580,0.016101,0.012389,0.129883
49590,0.022809,0.016576,0.155802
49600,0.018459,0.013815,0.140426
49610,0.021257,0.016024,0.125440
49620,0.047433,0.036302,0.208511
49630,0.031133,0.024574,0.148846
49640,0.003017,0.002468,0.020076
49650,0.006311,0.004313,0.115150
49660,0.034871,0.027802,0.147140
49670,0.025407,0.019652,0.122706
49680,0.015872,0.012328,0.116693
49690,0.013425,0.009796,0.118904
49700,0.002634,0.002075,0.022338
49710,0.038372,0.029517,0.166940
49720,0.037430,0.028506,0.175644
49730,0.005200,0.003784,0.094766
49740,0.032421,0.024401,0.171333
49750,0.036706,0.028002,0.159104
49760,0.023083,0.017157,0.144214
49770,0.020799,0.016009,0.108142
49780,0.036868,0.028790,0.172199
49790,0.028488,0.022076,0.127238
49800,0.013961,0.010263,0.066540
49810,0.018697,0.014510,0.123507
49820,0.007069,0.005345,0.109886
49830,0.037197,0.028426,0.167762
49840,0.024021,0.018097,0.153555
49850,0.043044,0.032929,0.186377
49860,0.022073,0.017063,0.129131
49870,0.031934,0.024690,0.157643
49880,0.046890,0.034907,0.222932
49890,0.043582,0.033511,0.193734
49900,0.021523,0.016435,0.151807
49910,0.023737,0.017798,0.137485
49920,0.054221,0.041536,0.209507
49930,0.021801,0.016431,0.144045
49940,0.019241,0.014255,0.127159
49950,0.017072,0.012847,0.111286
49960,0.042079,0.032526,0.155808
49970,0.012412,0.011129,0.080328
49980,0.014315,0.010730,0.109951
49990,0.024599,0.019389,0.116432
50000,0.047448,0.037056,0.185931
50010,0.042635,0.031968,0.160288
50020,0.025211,0.019692,0.116707
50030,0.014931,0.011182,0.119562
50040,0.034186,0.026501,0.152675
50050,0.020258,0.014812,0.141550
50060,0.032372,0.024662,0.129153
50070,0.035742,0.027592,0.163680
50080,0.028336,0.019562,0.192464
50090,0.026248,0.020380,0.145078
50100,0.038776,0.030009,0.175624
50110,0.052073,0.039902,0.211688
50120,0.015840,0.012437,0.084463
50130,0.030622,0.023608,0.163095
50140,0.051400,0.040686,0.198997
50150,0.014648,0.010216,0.143290
50160,0.043053,0.032947,0.190590
50170,0.012902,0.009820,0.134774
50180,0.016152,0.011504,0.125736
50190,0.026633,0.020298,0.124919
50200,0.017283,0.012756,0.123945
50210,0.016363,0.012911,0.088735
50220,0.030929,0.024312,0.190148
50230,0.028614,0.021324,0.151935
50240,0.016297,0.011987,0.120199
50250,0.006029,0.006580,0.116397
50260,0.034189,0.026251,0.165449
50270,0.029976,0.023830,0.165310
50280,0.025810,0.019466,0.152547
50290,0.032609,0.024810,0.156982
50300,0.029464,0.022652,0.154101
50310,0.026194,0.019319,0.148121
50320,0.045240,0.033606,0.196290
50330,0.026215,0.019563,0.139637
50340,0.050441,0.038742,0.207721
50350,0.004785,0.003206,0.108105
50360,0.030070,0.022815,0.157661
50370,0.032867,0.025697,0.162947
50380,0.000874,0.000649,0.063028
50390,0.019119,0.014760,0.130887
50400,0.050927,0.039009,0.207488
50410,0.010712,0.007754,0.121250
50420,0.015232,0.011506,0.112883
50430,0.030873,0.023369,0.156705
50440,0.040214,0.031396,0.189781
50450,0.019573,0.014475,0.126125
50460,0.045321,0.034629,0.201088
50470,0.011690,0.008801,0.066798
50480,0.051034,0.040515,0.193079
50490,0.045422,0.035330,0.182423
50500,0.019120,0.013994,0.147807
50510,0.041165,0.031962,0.170240
50520,0.031585,0.023661,0.159709
50530,0.037971,0.028030,0.178820
50540,0.032999,0.024909,0.188297
50550,0.009368,0.006711,0.043239
50560,0.040937,0.031908,0.187620
50570,0.031615,0.024346,0.149253
50580,0.033525,0.025555,0.166340
50590,0.005597,0.004464,0.046993
50600,0.019093,0.014166,0.092285
50610,0.002666,0.002101,0.077654
50620,0.027974,0.021606,0.171734
50630,0.030829,0.023612,0.135621
50640,0.035835,0.027228,0.164933
50650,0.020902,0.015506,0.140696
50660,0.028642,0.021095,0.158905
50670,0.048276,0.036807,0.201893
50680,0.029841,0.022773,0.150614
50690,0.009129,0.007053,0.128429
50700,0.019354,0.015329,0.165652
50710,0.038103,0.029329,0.181093
50720,0.025552,0.019845,0.143740
50730,0.055288,0.042211,0.218974
50740,0.015093,0.010988,0.135558
50750,0.028253,0.020194,0.183349
50760,0.022150,0.016740,0.133452
50770,0.028781,0.022420,0.161498
50780,0.024493,0.018902,0.139719
50790,0.022171,0.016619,0.130954
50800,0.046389,0.035093,0.192492
50810,0.032724,0.024015,0.147258
50820,0.014559,0.010236,0.120081
50830,0.015159,0.011108,0.133489
50840,0.022274,0.016703,0.136123
50850,0.010217,0.007120,0.126977
50860,0.054096,0.042256,0.215279
50870,0.025129,0.019498,0.153693
50880,0.023501,0.018119,0.140076
50890,0.049274,0.037902,0.198602
50900,0.022753,0.017465,0.141618
50910,0.005151,0.004112,0.185166
50920,0.012807,0.009523,0.102936
50930,0.049362,0.038933,0.217244
50940,0.038442,0.029411,0.193858
50950,0.032586,0.024944,0.165775
50960,0.018363,0.014155,0.129057
50970,0.039652,0.032346,0.195836
50980,0.034775,0.027638,0.173383
50990,0.033115,0.025225,0.160129
51000,0.030801,0.022697,0.166291
51010,0.043101,0.032933,0.192098
51020,0.027143,0.021337,0.152258
51030,0.015200,0.013300,0.103159
51040,0.028384,0.021144,0.153942
51050,0.012453,0.009290,0.108998
51060,0.025201,0.019408,0.144792
51070,0.006759,0.004903,0.092287
51080,0.030321,0.023369,0.120251
51090,0.052088,0.040660,0.195641
51100,0.028076,0.021257,0.135858
51110,0.032627,0.025342,0.154004
51120,0.004102,0.003399,0.119420
51130,0.011302,0.008343,0.110683
51140,0.027496,0.020728,0.153713
51150,0.043336,0.033824,0.177193
51160,0.042160,0.032489,0.184170
51170,0.034480,0.025192,0.174911
51180,0.039545,0.030248,0.161477
51190,0.023812,0.018088,0.149359
51200,0.021599,0.016341,0.137976
51210,0.048594,0.037463,0.196751
51220,0.017678,0.012991,0.104694
51230,0.044318,0.033571,0.187844
51240,0.033716,0.026177,0.159308
51250,0.028003,0.020816,0.159322
51260,0.019492,0.014513,0.134832
51270,0.017995,0.013705,0.090018
51280,0.023082,0.017515,0.153450
51290,0.037145,0.028716,0.165778
51300,0.008066,0.005698,0.146408
51310,0.029802,0.023713,0.158467
51320,0.019262,0.015037,0.129744
51330,0.035677,0.026916,0.163978
51340,0.041847,0.032097,0.182843
51350,0.047438,0.038198,0.190039
51360,0.012867,0.009401,0.125546
51370,0.019318,0.015074,0.124546
51380,0.025667,0.020106,0.126208
51390,0.052659,0.040116,0.208285
51400,0.013430,0.010238,0.108091
51410,0.061675,0.049161,0.233663
51420,0.012185,0.009131,0.102634
51430,0.027696,0.020728,0.162965
51440,0.037031,0.028275,0.172878
51450,0.011060,0.008648,0.116618
51460,0.003930,0.003167,0.035987
51470,0.033913,0.026075,0.156248
51480,0.020384,0.015429,0.137934
51490,0.045078,0.035006,0.188958
51500,0.036732,0.027979,0.173361
51510,0.035132,0.026635,0.176557
51520,0.032212,0.023755,0.121050
51530,0.034660,0.026650,0.161432
51540,0.013442,0.010291,0.075250
51550,0.007701,0.006540,0.099875
51560,0.026754,0.021013,0.124560
51570,0.013596,0.010704,0.126261
51580,0.042496,0.032679,0.167588
51590,0.004004,0.002521,0.104455
51600,0.055249,0.042835,0.194825
51610,0.024171,0.019785,0.127818
51620,0.008736,0.006916,0.117018
51630,0.014245,0.011045,0.077517
51640,0.001038,0.000822,0.054179
51650,0.045439,0.034933,0.195314
51660,0.040262,0.030602,0.218506
51670,0.028559,0.021890,0.131732
51680,0.033382,0.025344,0.168144
51690,0.026417,0.019996,0.149220
51700,0.028716,0.021908,0.159778
51710,0.020508,0.015582,0.111748
51720,0.030309,0.023263,0.152563
51730,0.020986,0.016331,0.119308
51740,0.029444,0.022208,0.129357
51750,0.027607,0.021351,0.147901
51760,0.026697,0.020318,0.122738
51770,0.000342,0.000305,0.066988
51780,0.041505,0.033127,0.188719
51790,0.035389,0.027233,0.176784
51800,0.014784,0.011631,0.115969
51810,0.022234,0.016954,0.109482
51820,0.023535,0.017375,0.144236
51830,0.019840,0.014141,0.132513
51840,0.041006,0.031599,0.188909
51850,0.007571,0.005363,0.115337
51860,0.042461,0.032892,0.177575
51870,0.041335,0.031798,0.181029
51880,0.035422,0.027748,0.151216
51890,0.031134,0.023598,0.167879
51900,0.030286,0.022330,0.161316
51910,0.014399,0.010920,0.116157
51920,0.015035,0.010303,0.128604
51930,0.029853,0.023664,0.146476
51940,0.022661,0.016834,0.141418
51950,0.026621,0.020105,0.158859
51960,0.004621,0.003350,0.033221
51970,0.014990,0.011116,0.113286
51980,0.026153,0.020531,0.124635
51990,0.054873,0.042236,0.221463
52000,0.021905,0.017476,0.139996
52010,0.067554,0.052958,0.252900
52020,0.061078,0.048128,0.240386
52030,0.027122,0.020713,0.141016
52040,0.025337,0.019100,0.143021
52050,0.029396,0.023125,0.129978
52060,0.029412,0.022419,0.154469
52070,0.015764,0.011731,0.132181
52080,0.023953,0.018987,0.129118
52090,0.036133,0.028436,0.170354
52100,0.025133,0.019378,0.141435
52110,0.052618,0.040352,0.224725
52120,0.014776,0.011765,0.075821
52130,0.024788,0.020235,0.166745
52140,0.004310,0.003575,0.028478
52150,0.020145,0.015182,0.114703
52160,0.048484,0.037568,0.201779
52170,0.048854,0.038610,0.198189
52180,0.013651,0.010203,0.101975
52190,0.009185,0.006832,0.130933
52200,0.054381,0.042150,0.216847
52210,0.023583,0.018200,0.111777
52220,0.043142,0.033862,0.170936
52230,0.030432,0.023719,0.152241
52240,0.023265,0.017749,0.142695
52250,0.042775,0.033146,0.184693
52260,0.025636,0.019221,0.126341
52270,0.006899,0.005040,0.096504
52280,0.038045,0.027670,0.191611
52290,0.046805,0.035537,0.212065
52300,0.037929,0.027778,0.191706
52310,0.027981,0.021617,0.130365
52320,0.023177,0.018482,0.123210
52330,0.036790,0.028526,0.171156
52340,0.015480,0.011744,0.123238
52350,0.012487,0.009335,0.115677
52360,0.017869,0.013855,0.156346
52370,0.046924,0.035939,0.196169
52380,0.026216,0.020639,0.155997
52390,0.029700,0.023305,0.130976
52400,0.032661,0.025140,0.160385
52410,0.040841,0.031208,0.184059
52420,0.025023,0.019233,0.155442
52430,0.026430,0.020568,0.152075
52440,0.026961,0.020249,0.159361
52450,0.031696,0.024616,0.146525
52460,0.026560,0.019450,0.145106
52470,0.012422,0.009682,0.108126
52480,0.023804,0.018321,0.140198
52490,0.012529,0.009258,0.112296
52500,0.046340,0.035837,0.201799
52510,0.030426,0.022680,0.151151
52520,0.028163,0.021731,0.157637
52530,0.017470,0.013478,0.098548
52540,0.038381,0.029646,0.147190
52550,0.015114,0.011808,0.096824
52560,0.001782,0.001275,0.074332
52570,0.023060,0.017540,0.144087
52580,0.034590,0.026810,0.153522
52590,0.046284,0.035917,0.188708
52600,0.028380,0.020103,0.183556
52610,0.077867,0.056890,0.259296
52620,0.036152,0.027383,0.190331
52630,0.042760,0.032752,0.200258
52640,0.033097,0.024424,0.164445
52650,0.000006,0.000011,0.000029
52660,0.034411,0.026570,0.169044
52670,0.009268,0.006571,0.100575
52680,0.027327,0.019432,0.167241
52690,0.033515,0.026001,0.163879
52700,0.010719,0.007994,0.107993
52710,0.037129,0.029055,0.166127
52720,0.025372,0.019159,0.146435
52730,0.000001,0.000003,0.000007
52740,0.012036,0.009111,0.071672
52750,0.067905,0.053074,0.250020
52760,0.033249,0.025621,0.172173
52770,0.010858,0.007554,0.066747
52780,0.026431,0.019607,0.144479
52790,0.034515,0.026085,0.165110
52800,0.008482,0.007042,0.049215
52810,0.021861,0.016519,0.114530
52820,0.041561,0.032199,0.190335
52830,0.024500,0.018334,0.146016
52840,0.029078,0.022286,0.147853
52850,0.031297,0.024718,0.161624
52860,0.042272,0.031263,0.192244
52870,0.049039,0.036984,0.198889
52880,0.028088,0.020846,0.143951
52890,0.010097,0.007932,0.068222
52900,0.032821,0.025175,0.163056
52910,0.012452,0.010007,0.064888
52920,0.033324,0.026636,0.170057
52930,0.021833,0.017677,0.143661
52940,0.021588,0.015259,0.130269
52950,0.015509,0.011494,0.128916
52960,0.023294,0.017919,0.152942
52970,0.027350,0.021434,0.159522
52980,0.046193,0.035421,0.190105
52990,0.017341,0.012041,0.122466
53000,0.022014,0.016104,0.146677
53010,0.014166,0.012544,0.176592
53020,0.029906,0.022157,0.164777
53030,0.002728,0.002354,0.101781
53040,0.043086,0.032826,0.190710
53050,0.015859,0.011506,0.130048
53060,0.015084,0.011691,0.071505
53070,0.055805,0.044505,0.212316
53080,0.040449,0.031036,0.208485
53090,0.051365,0.039703,0.210771
53100,0.042223,0.033396,0.165482
53110,0.016315,0.012127,0.118600
53120,0.030668,0.024996,0.158165
53130,0.010782,0.007476,0.118526
53140,0.055891,0.042899,0.214585
53150,0.037444,0.029486,0.164514
53160,0.003344,0.002511,0.115908
53170,0.030620,0.023437,0.147556
53180,0.042921,0.033732,0.182436
53190,0.046737,0.036901,0.193480
53200,0.006359,0.004772,0.039439
53210,0.039137,0.029777,0.183852
53220,0.019925,0.015010,0.133455
53230,0.035131,0.027508,0.145649
53240,0.036467,0.031374,0.188070
53250,0.004602,0.003399,0.110335
53260,0.027026,0.020501,0.144003
53270,0.014163,0.010695,0.111138
53280,0.020859,0.015877,0.149889
53290,0.006158,0.004819,0.085274
53300,0.048501,0.036238,0.206147
53310,0.015800,0.012070,0.134326
53320,0.002588,0.002007,0.111427
53330,0.002973,0.002400,0.126803
53340,0.016356,0.012272,0.120613
53350,0.021765,0.016217,0.160391
53360,0.056203,0.042736,0.220063
53370,0.036113,0.028112,0.175830
53380,0.043850,0.035115,0.196520
53390,0.043249,0.033067,0.185056
53400,0.025668,0.021793,0.140026
53410,0.014704,0.011219,0.112911
53420,0.030461,0.025255,0.299837
53430,0.040194,0.029093,0.183177
53440,0.012844,0.009684,0.138050
53450,0.034937,0.026694,0.175050
53460,0.014337,0.010748,0.108880
53470,0.011225,0.008612,0.104661
53480,0.029883,0.024041,0.152758
53490,0.029885,0.022743,0.168685
53500,0.034217,0.025635,0.171084
53510,0.034401,0.026734,0.161570
53520,0.051449,0.039996,0.220189
53530,0.010864,0.008333,0.100141
53540,0.000003,0.000006,0.000014
53550,0.029710,0.022992,0.157577
53560,0.039064,0.030234,0.166839
53570,0.000002,0.000004,0.000010
53580,0.053107,0.041018,0.199433
53590,0.044418,0.034562,0.194223
53600,0.001217,0.000822,0.137265
53610,0.011015,0.008060,0.102061
53620,0.005346,0.004048,0.133116
53630,0.046942,0.038168,0.201046
53640,0.022646,0.017421,0.137571
53650,0.018691,0.014586,0.116011
53660,0.043262,0.033280,0.177212
53670,0.036351,0.027888,0.133486
53680,0.003579,0.002410,0.107916
53690,0.033645,0.025919,0.158237
53700,0.015103,0.011369,0.150335
53710,0.024143,0.018180,0.135813
53720,0.043183,0.033923,0.198216
53730,0.005911,0.004693,0.108211
53740,0.006934,0.006116,0.120423
53750,0.048146,0.037727,0.175112
53760,0.047794,0.036918,0.199690
53770,0.017500,0.013520,0.102395
53780,0.039078,0.029836,0.190330
53790,0.010760,0.008466,0.102614
53800,0.022152,0.017433,0.148989
53810,0.023078,0.017558,0.145779
53820,0.043404,0.033422,0.179892
53830,0.025607,0.019006,0.146027
53840,0.029190,0.022108,0.156737
53850,0.020653,0.016061,0.136666
53860,0.034108,0.025785,0.160784
53870,0.014049,0.009805,0.120696
53880,0.031312,0.025745,0.134117
53890,0.018315,0.013809,0.132722
53900,0.019662,0.015265,0.133162
53910,0.041549,0.029697,0.194513
53920,0.027248,0.021338,0.116902
53930,0.029324,0.021757,0.158375
53940,0.027425,0.020213,0.158167
53950,0.026767,0.020133,0.109850
53960,0.038830,0.029336,0.179289
53970,0.054854,0.041799,0.211263
53980,0.031230,0.024467,0.158455
53990,0.025389,0.020791,0.158977
54000,0.050266,0.039309,0.203881
54010,0.028682,0.022953,0.122223
54020,0.020334,0.014885,0.108513
54030,0.033437,0.025495,0.152603
54040,0.041509,0.032911,0.193190
54050,0.017113,0.012540,0.133119
54060,0.008408,0.006391,0.107216
54070,0.047192,0.036092,0.190347
54080,0.016228,0.011920,0.132432
54090,0.041722,0.031447,0.177429
54100,0.024987,0.019169,0.139964
54110,0.038136,0.029086,0.156718
54120,0.062779,0.049204,0.230497
54130,0.006020,0.004727,0.050058
54140,0.004352,0.002979,0.104957
54150,0.041646,0.031966,0.184039
54160,0.028247,0.021044,0.151780
54170,0.029609,0.022028,0.157319
54180,0.023761,0.017903,0.148593
54190,0.038837,0.030269,0.178376
54200,0.040844,0.031391,0.188360
54210,0.019349,0.014860,0.137587
54220,0.009605,0.007716,0.047849
54230,0.010768,0.007487,0.123452
54240,0.022225,0.016946,0.132457
54250,0.026543,0.018882,0.153549
54260,0.007505,0.005406,0.152628
54270,0.048766,0.038332,0.201123
54280,0.032091,0.025274,0.158244
54290,0.018407,0.013957,0.137323
54300,0.009657,0.006921,0.054624
54310,0.051818,0.039714,0.196942
54320,0.012424,0.009105,0.111834
54330,0.013915,0.010325,0.110659
54340,0.040195,0.030764,0.178217
54350,0.063901,0.049085,0.230673
54360,0.024679,0.018288,0.140550
54370,0.031243,0.024221,0.139566
54380,0.015535,0.011630,0.122147
54390,0.037065,0.027990,0.178755
54400,0.002291,0.002081,0.660640
54410,0.001295,0.001093,0.658889
54420,0.018382,0.013867,0.162322
54430,0.046903,0.035127,0.189005
54440,0.000611,0.000453,0.055483
54450,0.028747,0.021790,0.153275
54460,0.035402,0.026160,0.177123
54470,0.018760,0.014109,0.139604
54480,0.028584,0.022887,0.166904
54490,0.020525,0.015745,0.122648
54500,0.023416,0.018568,0.166777
54510,0.028360,0.023020,0.145869
54520,0.044102,0.033380,0.194284
54530,0.030243,0.023038,0.174692
54540,0.003716,0.002796,0.070261
54550,0.040789,0.030854,0.187021
54560,0.028335,0.023668,0.180226
54570,0.033694,0.024953,0.175066
54580,0.047777,0.038000,0.205930
54590,0.040605,0.031841,0.179250
54600,0.032126,0.023854,0.144337
54610,0.004670,0.003962,0.035914
54620,0.026868,0.021741,0.135637
54630,0.023594,0.018500,0.140131
54640,0.035941,0.027596,0.165957
54650,0.003551,0.002591,0.025086
54660,0.040220,0.030278,0.174209
54670,0.043999,0.033369,0.185990
54680,0.045916,0.035669,0.181134
54690,0.019831,0.015687,0.111592
54700,0.043954,0.034844,0.175999
54710,0.027127,0.020614,0.149809
54720,0.009944,0.007565,0.057567
54730,0.020207,0.015054,0.121237
54740,0.026591,0.019961,0.148641
54750,0.003345,0.002505,0.104720
54760,0.023225,0.016854,0.135782
54770,0.026899,0.020254,0.148193
54780,0.038718,0.029796,0.170066
54790,0.056598,0.043801,0.215508
54800,0.041996,0.032315,0.161061
54810,0.042695,0.033180,0.187171
54820,0.015388,0.011742,0.102526
54830,0.020580,0.015603,0.088963
54840,0.042569,0.033095,0.179194
54850,0.036225,0.027856,0.171746
54860,0.030424,0.023168,0.124549
54870,0.032155,0.024514,0.160721
54880,0.012873,0.009743,0.118898
54890,0.050395,0.038538,0.213335
54900,0.006853,0.004316,0.161636
54910,0.034714,0.026568,0.160908
54920,0.048823,0.038828,0.204293
54930,0.044149,0.034063,0.198073
54940,0.016929,0.013259,0.092313
54950,0.041242,0.031901,0.168626
54960,0.022112,0.017031,0.139924
54970,0.040435,0.032586,0.166801
54980,0.003161,0.002486,0.081378
54990,0.023907,0.017934,0.136783
55000,0.035851,0.027258,0.168207
55010,0.016458,0.012199,0.132013
55020,0.035987,0.026775,0.174306
55030,0.020840,0.015328,0.140159
55040,0.006416,0.004719,0.102632
55050,0.014671,0.011025,0.120795
55060,0.062169,0.048404,0.227938
55070,0.010308,0.008005,0.069598
55080,0.047707,0.046855,0.186993
55090,0.028224,0.022600,0.126787
55100,0.024998,0.019409,0.146093
55110,0.020626,0.015611,0.137261
55120,0.009434,0.007225,0.095564
55130,0.026571,0.019378,0.139825
55140,0.021813,0.016222,0.142025
55150,0.024468,0.018617,0.137069
55160,0.029859,0.022908,0.146484
55170,0.003204,0.002580,0.065175
55180,0.027250,0.020210,0.147529
55190,0.034599,0.026307,0.163533
55200,0.013652,0.012116,0.074960
55210,0.026348,0.019116,0.152007
55220,0.044074,0.033245,0.191683
55230,0.006951,0.005041,0.111158
55240,0.036558,0.028393,0.179625
55250,0.024866,0.019184,0.133610
55260,0.031463,0.023980,0.157188
55270,0.010346,0.008364,0.069392
55280,0.024468,0.018479,0.144834
55290,0.052795,0.040726,0.209650
55300,0.014843,0.010620,0.112064
55310,0.057115,0.042304,0.223241
55320,0.030456,0.021553,0.162279
55330,0.023827,0.018295,0.145110
55340,0.029393,0.021583,0.164607
55350,0.002544,0.003859,0.187212
55360,0.052460,0.039956,0.200488
55370,0.012657,0.009690,0.110208
55380,0.038086,0.029149,0.170379
55390,0.015280,0.010888,0.130442
55400,0.027966,0.020978,0.119310
55410,0.034794,0.026782,0.161993
55420,0.017373,0.013227,0.134026
55430,0.034775,0.026057,0.147313
55440,0.049053,0.037822,0.199092
55450,0.047160,0.036389,0.182348
55460,0.025077,0.019667,0.131697
55470,0.028028,0.020627,0.171431
55480,0.024833,0.017977,0.136858
55490,0.029726,0.022795,0.169946
55500,0.035064,0.027376,0.171041
55510,0.030880,0.024328,0.170289
55520,0.040326,0.030055,0.184434
55530,0.026159,0.020394,0.135275
55540,0.049054,0.037658,0.204017
55550,0.022402,0.017205,0.089274
55560,0.015346,0.011456,0.106507
55570,0.016578,0.012986,0.096625
55580,0.023707,0.018033,0.139715
55590,0.009843,0.006946,0.112159
55600,0.037700,0.028847,0.173600
55610,0.037583,0.028498,0.174851
55620,0.025690,0.019559,0.150543
55630,0.020451,0.016477,0.134512
55640,0.009094,0.006775,0.091964
55650,0.011394,0.008842,0.168915
55660,0.044177,0.030760,0.242537
55670,0.017188,0.012315,0.111634
55680,0.036400,0.028470,0.165022
55690,0.020147,0.015399,0.115472
55700,0.022332,0.016718,0.134216
55710,0.037618,0.028500,0.164872
55720,0.041114,0.032360,0.179329
55730,0.008502,0.006542,0.124108
55740,0.038993,0.029834,0.179413
55750,0.005340,0.003870,0.127897
55760,0.030368,0.023321,0.155987
55770,0.055137,0.042966,0.226407
55780,0.034598,0.026128,0.165993
55790,0.013308,0.010030,0.109644
55800,0.052911,0.041010,0.214868
55810,0.006107,0.004526,0.108517
55820,0.026057,0.020117,0.130375
55830,0.019141,0.014282,0.134445
55840,0.032255,0.024324,0.147307
55850,0.025921,0.020585,0.119919
55860,0.022043,0.016594,0.138890
55870,0.051841,0.039952,0.216877
55880,0.004435,0.003564,0.108970
55890,0.027640,0.021344,0.149106
55900,0.034069,0.026262,0.154612
55910,0.031682,0.024313,0.160640
55920,0.045132,0.035482,0.188395
55930,0.039476,0.031303,0.152992
55940,0.034806,0.026933,0.174247
55950,0.025748,0.019220,0.148457
55960,0.048082,0.037449,0.199382
55970,0.014388,0.010689,0.136142
55980,0.041626,0.032730,0.190281
55990,0.023227,0.017669,0.135231
56000,0.039837,0.031278,0.158859
56010,0.020824,0.016170,0.113160
56020,0.033928,0.026169,0.172166
56030,0.046448,0.035560,0.195928
56040,0.033113,0.026051,0.167807
56050,0.015700,0.011171,0.124323
56060,0.031180,0.025060,0.156465
56070,0.031704,0.023714,0.156712
56080,0.024028,0.018157,0.134217
56090,0.008941,0.007029,0.238707
56100,0.014413,0.010255,0.119022
56110,0.039375,0.030280,0.175336
56120,0.017954,0.013568,0.128779
56130,0.031059,0.023386,0.148008
56140,0.053060,0.041695,0.207895
56150,0.038788,0.029669,0.176519
56160,0.022126,0.017348,0.140710
56170,0.023774,0.017985,0.109965
56180,0.031886,0.025380,0.144296
56190,0.032549,0.024956,0.166128
56200,0.018637,0.013914,0.139838
56210,0.015149,0.011490,0.128703
56220,0.051807,0.040121,0.200457
56230,0.032345,0.024354,0.167269
56240,0.048037,0.037163,0.197520
56250,0.027080,0.021092,0.148423
56260,0.021212,0.016153,0.135889
56270,0.035672,0.026885,0.160385
56280,0.016632,0.012644,0.128656
56290,0.029056,0.021782,0.151327
56300,0.036555,0.028169,0.171438
56310,0.023405,0.018212,0.131391
56320,0.025179,0.018818,0.139694
56330,0.036686,0.027956,0.182850
56340,0.038495,0.028970,0.197457
56350,0.007949,0.006241,0.043743
56360,0.047047,0.035887,0.216519
56370,0.024472,0.017956,0.167170
56380,0.022977,0.017760,0.115311
56390,0.003536,0.003046,0.127872
56400,0.034636,0.027107,0.155963
56410,0.026313,0.019829,0.156538
56420,0.037561,0.029122,0.178566
56430,0.026293,0.019560,0.150581
56440,0.015361,0.011549,0.126281
56450,0.036059,0.027731,0.161609
56460,0.005788,0.004660,0.048980
56470,0.046633,0.035624,0.189848
56480,0.081728,0.063353,0.277740
56490,0.028660,0.021521,0.135851
56500,0.044026,0.033778,0.168600
56510,0.023835,0.018139,0.138082
56520,0.019367,0.015064,0.134121
56530,0.024057,0.018703,0.130121
56540,0.021346,0.017174,0.106593
56550,0.027077,0.021436,0.126915
56560,0.043387,0.034110,0.183321
56570,0.015225,0.011301,0.125578
56580,0.025457,0.018938,0.145043
56590,0.038504,0.029719,0.168948
56600,0.027312,0.021097,0.128095
56610,0.032620,0.024705,0.141895
56620,0.040547,0.031219,0.173063
56630,0.037399,0.028113,0.175736
56640,0.030850,0.023286,0.162443
56650,0.031417,0.024417,0.166786
56660,0.037381,0.028828,0.160521
56670,0.006264,0.004936,0.043724
56680,0.042842,0.032858,0.178575
56690,0.029245,0.022248,0.144945
56700,0.024870,0.018803,0.136445
56710,0.042403,0.032381,0.183262
56720,0.036708,0.028719,0.158002
56730,0.032071,0.023971,0.140145
56740,0.030654,0.023997,0.137079
56750,0.045676,0.035042,0.188679
56760,0.040154,0.031318,0.183764
56770,0.024553,0.018712,0.138450
56780,0.062703,0.048121,0.224986
56790,0.018570,0.013816,0.123163
56800,0.011017,0.008508,0.125597
56810,0.018609,0.014238,0.118455
56820,0.032064,0.024357,0.158770
56830,0.011753,0.008364,0.150449
56840,0.025998,0.019521,0.118483
56850,0.024352,0.018638,0.149972
56860,0.022739,0.017426,0.164680
56870,0.042921,0.033120,0.187596
56880,0.004580,0.003219,0.243408
56890,0.011818,0.009170,0.071862
56900,0.029195,0.021759,0.146247
56910,0.004064,0.004222,0.098536
56920,0.028802,0.022018,0.155682
56930,0.042505,0.032620,0.188059
56940,0.044335,0.033866,0.194389
56950,0.017137,0.012435,0.087127
56960,0.034558,0.026348,0.159453
56970,0.016034,0.012345,0.089838
56980,0.014224,0.010842,0.100856
56990,0.026994,0.020370,0.124811
57000,0.019709,0.014408,0.137381
57010,0.037464,0.028686,0.176987
57020,0.010516,0.008305,0.143457
57030,0.015622,0.012357,0.079145
57040,0.037428,0.028454,0.176651
57050,0.029138,0.022858,0.136678
57060,0.013636,0.009769,0.163301
57070,0.025991,0.019220,0.143104
57080,0.021915,0.016821,0.132343
57090,0.034886,0.026583,0.139115
57100,0.035956,0.027580,0.155424
57110,0.020705,0.016214,0.120078
57120,0.056279,0.040364,0.227377
57130,0.028993,0.021851,0.150287
57140,0.029008,0.022132,0.159373
57150,0.004264,0.003891,0.021219
57160,0.004630,0.003081,0.029282
57170,0.021076,0.015826,0.133581
57180,0.025819,0.020039,0.142444
57190,0.049288,0.037762,0.200165
57200,0.035604,0.028493,0.160946
57210,0.046237,0.036058,0.175466
57220,0.035517,0.027614,0.177747
57230,0.040275,0.030424,0.170081
57240,0.042285,0.032743,0.184377
57250,0.012958,0.009416,0.112902
57260,0.039665,0.030039,0.163830
57270,0.000014,0.000015,0.000051
57280,0.017358,0.013211,0.134555
57290,0.015415,0.011745,0.089902
57300,0.031372,0.023152,0.156221
57310,0.034340,0.026171,0.170281
57320,0.019848,0.015180,0.133060
57330,0.018201,0.012312,0.145490
57340,0.039949,0.029857,0.187037
57350,0.013666,0.011057,0.115753
57360,0.033730,0.025971,0.168412
57370,0.026727,0.020902,0.138856
57380,0.055875,0.043097,0.219464
57390,0.048341,0.037462,0.191978
57400,0.022067,0.016230,0.132148
57410,0.015403,0.012089,0.124894
57420,0.029568,0.022085,0.161550
57430,0.037609,0.027860,0.187514
57440,0.017004,0.012541,0.137996
57450,0.022878,0.017424,0.135268
57460,0.023959,0.018503,0.130637
57470,0.037198,0.028560,0.158761
57480,0.059557,0.044979,0.220111
57490,0.010099,0.007736,0.122987
57500,0.032616,0.023206,0.168545
57510,0.020854,0.016883,0.141248
57520,0.052005,0.040268,0.210237
57530,0.034068,0.025715,0.137661
57540,0.013523,0.009839,0.115151
57550,0.015782,0.011490,0.135212
57560,0.020917,0.015733,0.103442
57570,0.031499,0.023929,0.160982
57580,0.016092,0.012102,0.126813
57590,0.015147,0.011770,0.108786
57600,0.033767,0.025505,0.159044
57610,0.015437,0.011868,0.135472
57620,0.014272,0.011283,0.114410
57630,0.051014,0.038953,0.208417
57640,0.056737,0.044213,0.225696
57650,0.039327,0.030308,0.190324
57660,0.029688,0.022371,0.163555
57670,0.037598,0.029273,0.173067
57680,0.007154,0.005770,0.055118
57690,0.053609,0.041904,0.212393
57700,0.025228,0.017802,0.174346
57710,0.068309,0.053659,0.244618
57720,0.018954,0.014231,0.127155
57730,0.024416,0.019031,0.143964
57740,0.026524,0.020394,0.145621
57750,0.021218,0.016762,0.102585
57760,0.017137,0.012902,0.115922
57770,0.016312,0.010854,0.079114
57780,0.001907,0.001593,0.133117
57790,0.022959,0.018064,0.157533
57800,0.022618,0.017033,0.113561
57810,0.040183,0.030591,0.167134
57820,0.036377,0.026737,0.175513
57830,0.019624,0.016429,0.101017
57840,0.030865,0.022583,0.183720
57850,0.027711,0.021165,0.149242
57860,0.043003,0.034144,0.170026
57870,0.014643,0.011254,0.123316
57880,0.039299,0.029858,0.179116
57890,0.028152,0.021852,0.145884
57900,0.034588,0.026746,0.160713
57910,0.007548,0.005966,0.037092
57920,0.000526,0.000503,0.122173
57930,0.038565,0.029826,0.175036
57940,0.021488,0.017376,0.134622
57950,0.024385,0.018005,0.142530
57960,0.045232,0.034257,0.183486
57970,0.008737,0.006874,0.054778
57980,0.055745,0.042944,0.223911
57990,0.048265,0.036842,0.200197
58000,0.015184,0.011325,0.121512
58010,0.013560,0.010395,0.114515
58020,0.029623,0.023512,0.144095
58030,0.040133,0.030987,0.149954
58040,0.024083,0.018286,0.135559
58050,0.036493,0.028764,0.174730
58060,0.029139,0.022132,0.142619
58070,0.022150,0.016497,0.151842
58080,0.012737,0.009680,0.067843
58090,0.022714,0.017931,0.139023
58100,0.015828,0.012163,0.123187
58110,0.028294,0.021882,0.145093
58120,0.050260,0.038839,0.204084
58130,0.023056,0.018527,0.135590
58140,0.058335,0.042740,0.201004
58150,0.029837,0.022811,0.134838
58160,0.046113,0.036095,0.203797
58170,0.015058,0.011642,0.090706
58180,0.019269,0.013741,0.137288
58190,0.008949,0.006927,0.115746
58200,0.025339,0.019387,0.145946
58210,0.005567,0.004184,0.121069
58220,0.028445,0.020950,0.142885
58230,0.029138,0.021478,0.201987
58240,0.025443,0.018216,0.148665
58250,0.009856,0.007708,0.066444
58260,0.020014,0.015407,0.133619
58270,0.026162,0.019893,0.140977
58280,0.020918,0.015782,0.138104
58290,0.000698,0.000476,0.657280
58300,0.042919,0.032753,0.192430
58310,0.039296,0.030022,0.158872
58320,0.034820,0.027247,0.173201
58330,0.021705,0.016731,0.135235
58340,0.034073,0.027053,0.160113
58350,0.023568,0.018164,0.110885
58360,0.013636,0.010269,0.110113
58370,0.020980,0.015722,0.131447
58380,0.031440,0.023854,0.161429
58390,0.037073,0.029041,0.153946
58400,0.012452,0.009466,0.088660
58410,0.024508,0.019759,0.171381
58420,0.055485,0.042363,0.211996
58430,0.021861,0.016063,0.145382
58440,0.039562,0.029968,0.177715
58450,0.010252,0.007390,0.096269
58460,0.009473,0.007211,0.123639
58470,0.023027,0.017261,0.110503
58480,0.023030,0.017304,0.144874
58490,0.020522,0.014700,0.134124
58500,0.024511,0.019186,0.133948
58510,0.045983,0.036203,0.205696
58520,0.038341,0.029370,0.177566
58530,0.026298,0.020139,0.145704
58540,0.030047,0.022333,0.168715
58550,0.018520,0.013674,0.093238
58560,0.033161,0.025327,0.166311
58570,0.030009,0.023499,0.144408
58580,0.034632,0.026442,0.166262
58590,0.029886,0.023465,0.128601
58600,0.027322,0.020698,0.145064
58610,0.018251,0.013907,0.144193
58620,0.001290,0.001097,0.650724
58630,0.041548,0.032112,0.166522
58640,0.031410,0.024505,0.148902
58650,0.021632,0.015619,0.136536
58660,0.022696,0.016824,0.140232
58670,0.043345,0.033660,0.187463
58680,0.021728,0.016339,0.140310
58690,0.009811,0.007063,0.135436
58700,0.053951,0.041433,0.216418
58710,0.036049,0.027431,0.176382
58720,0.042193,0.032277,0.179702
58730,0.000172,0.000119,0.140364
58740,0.005079,0.003895,0.096831
58750,0.031500,0.024196,0.163172
58760,0.037727,0.028740,0.177929
58770,0.047966,0.036964,0.197599
58780,0.029964,0.022848,0.161926
58790,0.028807,0.022373,0.145104
58800,0.027644,0.021007,0.128000
58810,0.010790,0.008203,0.102355
58820,0.003474,0.002566,0.030138
58830,0.014269,0.010544,0.111841
58840,0.004152,0.003064,0.096439
58850,0.042058,0.031698,0.186640
58860,0.001103,0.000918,0.009436
58870,0.018443,0.013868,0.134154
58880,0.024949,0.019680,0.153059
58890,0.030023,0.022429,0.148919
58900,0.019972,0.014891,0.106218
58910,0.030159,0.022902,0.158467
58920,0.011610,0.008673,0.070537
58930,0.025137,0.019227,0.136583
58940,0.018808,0.015151,0.101050
58950,0.029012,0.022301,0.147007
58960,0.016167,0.011958,0.125216
58970,0.029488,0.021980,0.157364
58980,0.029533,0.022870,0.137705
58990,0.016177,0.012673,0.102656
59000,0.021861,0.016376,0.120057
59010,0.005003,0.003886,0.090263
59020,0.033194,0.025365,0.162740
59030,0.030812,0.022871,0.165050
59040,0.038614,0.029786,0.176545
59050,0.013884,0.010743,0.120181
59060,0.033449,0.025614,0.162923
59070,0.015159,0.011299,0.106112
59080,0.016809,0.012467,0.122156
59090,0.005344,0.003666,0.125030
59100,0.023127,0.017591,0.121454
59110,0.017852,0.014588,0.095888
59120,0.020442,0.015493,0.133301
59130,0.041974,0.032319,0.180626
59140,0.016725,0.011834,0.132709
59150,0.014296,0.010910,0.120844
59160,0.041942,0.036557,0.202928
59170,0.033575,0.025608,0.157624
59180,0.026918,0.020513,0.147112
59190,0.034580,0.026573,0.163619
59200,0.045664,0.034961,0.195784
59210,0.034589,0.026781,0.157134
59220,0.032443,0.024284,0.145264
59230,0.030213,0.023211,0.149141
59240,0.024991,0.018841,0.139590
59250,0.012175,0.009154,0.115755
59260,0.027397,0.021345,0.163561
59270,0.024367,0.019014,0.123682
59280,0.027310,0.021325,0.153072
59290,0.025282,0.019534,0.159825
59300,0.038106,0.029405,0.174882
59310,0.016629,0.012974,0.084560
59320,0.019220,0.014952,0.106310
59330,0.030238,0.023596,0.155508
59340,0.014582,0.010624,0.130205
59350,0.023490,0.017738,0.139507
59360,0.030344,0.023569,0.152082
59370,0.002400,0.001334,0.239814
59380,0.009000,0.006880,0.112807
59390,0.015562,0.011811,0.120822
59400,0.012990,0.009393,0.118632
59410,0.039313,0.029393,0.176013
59420,0.040164,0.031852,0.173387
59430,0.024420,0.018837,0.129261
59440,0.039068,0.030536,0.138513
59450,0.028484,0.022195,0.153718
59460,0.031807,0.025286,0.144088
59470,0.032235,0.024559,0.150779
59480,0.027310,0.020434,0.147689
59490,0.027144,0.020789,0.129826
59500,0.017469,0.013502,0.099026
59510,0.030457,0.023485,0.159317
59520,0.019295,0.014337,0.145383
59530,0.056493,0.043705,0.218460
59540,0.031017,0.023827,0.158063
59550,0.025684,0.019481,0.140791
59560,0.042339,0.032990,0.185989
59570,0.012468,0.009784,0.109193
59580,0.031050,0.024738,0.152060
59590,0.027978,0.021216,0.157432
59600,0.005872,0.004336,0.111803
59610,0.020480,0.016542,0.137875
59620,0.010620,0.007812,0.120056
59630,0.002513,0.001908,0.099027
59640,0.025744,0.019931,0.122907
59650,0.043952,0.033319,0.178028
59660,0.018700,0.013873,0.109100
59670,0.032237,0.024759,0.156201
59680,0.030483,0.023467,0.153885
59690,0.066034,0.052303,0.237235
59700,0.035197,0.027389,0.163926
59710,0.032876,0.024744,0.163337
59720,0.004253,0.003124,0.098841
59730,0.029367,0.022138,0.176036
59740,0.020859,0.015819,0.130068
59750,0.033785,0.025779,0.155422
59760,0.034071,0.026028,0.164260
59770,0.029195,0.021975,0.148696
59780,0.015833,0.011406,0.128710
59790,0.025031,0.018445,0.158036
59800,0.026638,0.020492,0.146473
59810,0.022383,0.016357,0.142752
59820,0.036767,0.027971,0.165926
59830,0.061400,0.049198,0.225115
59840,0.032277,0.024869,0.158120
59850,0.002566,0.002142,0.080571
59860,0.010476,0.006951,0.118955
59870,0.028063,0.021704,0.147694
59880,0.027913,0.021161,0.148736
59890,0.002928,0.002671,0.018074
59900,0.024582,0.018954,0.162311
59910,0.036491,0.028627,0.149471
59920,0.022410,0.016692,0.156607
59930,0.034449,0.026517,0.137841
59940,0.028415,0.020431,0.174477
59950,0.035297,0.027034,0.158142
59960,0.059153,0.045021,0.224333
59970,0.071723,0.055650,0.255202
59980,0.045580,0.035824,0.182619
59990,0.031219,0.023839,0.150937
60000,0.015309,0.011147,0.122239
60010,0.017552,0.012996,0.124180
60020,0.057045,0.043523,0.206325
60030,0.000015,0.000013,0.000048
60040,0.033373,0.025161,0.161368
60050,0.002279,0.001549,0.095088
60060,0.014876,0.012823,0.073162
60070,0.019655,0.015148,0.088160
60080,0.020039,0.015498,0.113366
60090,0.020128,0.015290,0.136869
60100,0.010330,0.007343,0.128791
60110,0.009985,0.007668,0.080248
60120,0.022575,0.017356,0.114485
60130,0.025293,0.018479,0.137951
60140,0.031994,0.024203,0.162839
60150,0.008382,0.006269,0.119131
60160,0.030104,0.023184,0.149797
60170,0.031380,0.023893,0.160998
60180,0.026044,0.019698,0.160719
60190,0.031764,0.025039,0.165125
60200,0.037761,0.028555,0.163431
60210,0.032087,0.024095,0.173653
60220,0.016976,0.013105,0.110526
60230,0.006753,0.005298,0.117679
60240,0.031448,0.025382,0.162745
60250,0.023115,0.017844,0.137340
60260,0.017009,0.012540,0.130100
60270,0.026030,0.019941,0.135627
60280,0.024954,0.018937,0.150162
60290,0.027790,0.022060,0.168112
60300,0.035122,0.027758,0.145718
60310,0.044670,0.034185,0.193176
60320,0.025047,0.018524,0.125024
60330,0.015718,0.011821,0.084211
60340,0.033971,0.026392,0.205567
60350,0.040506,0.031119,0.165740
60360,0.017314,0.013424,0.129506
60370,0.015287,0.011616,0.114145
60380,0.015669,0.011657,0.122479
60390,0.019781,0.015374,0.140144
60400,0.030359,0.022979,0.159648
60410,0.013611,0.010096,0.093243
60420,0.036254,0.027802,0.165925
60430,0.039722,0.029742,0.169681
60440,0.040197,0.031475,0.159406
60450,0.002386,0.001865,0.028511
60460,0.030813,0.024213,0.163948
60470,0.016634,0.013052,0.102649
60480,0.025742,0.019611,0.149693
60490,0.055894,0.043204,0.195613
60500,0.015238,0.010565,0.133167
60510,0.024142,0.018549,0.145419
60520,0.031433,0.023637,0.146227
60530,0.029572,0.022325,0.143382
60540,0.039786,0.031360,0.179325
60550,0.036458,0.027845,0.171476
60560,0.043090,0.032999,0.189279
60570,0.046299,0.036196,0.193887
60580,0.024519,0.019689,0.148480
60590,0.030642,0.023114,0.157237
60600,0.002435,0.001852,0.075007
60610,0.019634,0.015213,0.099469
60620,0.039156,0.030042,0.167161
60630,0.034889,0.025746,0.175505
60640,0.042814,0.032455,0.189257
60650,0.022719,0.016947,0.124769
60660,0.037530,0.029162,0.178764
60670,0.030166,0.023558,0.120987
60680,0.023604,0.018375,0.148249
60690,0.007001,0.005281,0.068307
60700,0.022649,0.017401,0.142881
60710,0.020461,0.016343,0.128719
60720,0.036000,0.027189,0.171313
60730,0.005947,0.004564,0.103585
60740,0.026314,0.021742,0.159954
60750,0.024471,0.018978,0.143011
60760,0.037463,0.029746,0.184059
60770,0.038767,0.028724,0.175107
60780,0.010199,0.007601,0.096935
60790,0.041459,0.031831,0.176016
60800,0.026667,0.022115,0.116530
60810,0.033811,0.025990,0.152237
60820,0.026948,0.020558,0.156480
60830,0.042311,0.032679,0.182720
60840,0.042447,0.031966,0.197928
60850,0.012304,0.009940,0.080091
60860,0.022384,0.016844,0.145852
60870,0.008159,0.008358,0.181982
60880,0.005270,0.003972,0.095216
60890,0.063064,0.048607,0.236918
60900,0.040076,0.030770,0.171518
60910,0.053801,0.042331,0.209061
60920,0.023008,0.017590,0.148100
60930,0.039901,0.029428,0.196950
60940,0.023193,0.017377,0.168945
60950,0.041183,0.031374,0.193561
60960,0.017232,0.012975,0.132774
60970,0.014605,0.010742,0.116353
60980,0.006158,0.004711,0.045592
60990,0.033690,0.025564,0.155901
61000,0.064022,0.049633,0.239199
61010,0.056704,0.041657,0.227013
61020,0.035796,0.027387,0.167994
61030,0.013622,0.011360,0.127193
61040,0.006048,0.004746,0.111296
61050,0.049911,0.038916,0.217864
61060,0.053584,0.041027,0.202294
61070,0.042458,0.034372,0.188394
61080,0.028768,0.022247,0.128265
61090,0.025055,0.019250,0.116353
61100,0.013519,0.009927,0.129457
61110,0.016816,0.012603,0.094144
61120,0.006178,0.005074,0.056265
61130,0.055312,0.042856,0.216884
61140,0.000077,0.000082,0.373511
61150,0.028524,0.021013,0.151573
61160,0.001859,0.001345,0.127778
61170,0.037121,0.028182,0.175988
61180,0.038203,0.029005,0.155929
61190,0.008531,0.006667,0.049848
61200,0.029545,0.022660,0.143420
61210,0.032574,0.025038,0.156482
61220,0.026410,0.019924,0.150202
61230,0.014048,0.010529,0.068831
61240,0.017031,0.012393,0.122812
61250,0.019611,0.015132,0.140521
61260,0.022375,0.016644,0.141942
61270,0.028068,0.021725,0.130934
61280,0.027228,0.020667,0.143273
61290,0.023394,0.017522,0.129620
61300,0.000210,0.000172,0.131686
61310,0.024555,0.019262,0.114333
61320,0.034412,0.026381,0.162931
61330,0.033720,0.025460,0.180729
61340,0.021250,0.016563,0.137954
61350,0.029999,0.022759,0.129648
61360,0.022873,0.017421,0.131973
61370,0.021415,0.016317,0.133568
61380,0.021740,0.016580,0.110599
61390,0.017110,0.013035,0.098312
61400,0.024150,0.017866,0.141604
61410,0.015579,0.011729,0.162955
61420,0.009364,0.007715,0.074509
61430,0.012314,0.009179,0.111806
61440,0.024249,0.018775,0.136095
61450,0.042076,0.032593,0.177512
61460,0.033016,0.024425,0.171396
61470,0.023869,0.018248,0.140252
61480,0.041569,0.033482,0.168243
61490,0.052307,0.040670,0.203681
61500,0.031094,0.023656,0.144080
61510,0.034889,0.026803,0.143602
61520,0.022722,0.017504,0.132751
61530,0.039868,0.029557,0.185099
61540,0.037579,0.028693,0.176203
61550,0.037790,0.028701,0.168290
61560,0.035465,0.028114,0.161268
61570,0.023584,0.017960,0.141296
61580,0.013361,0.010015,0.117994
61590,0.008223,0.006614,0.045209
61600,0.012199,0.009320,0.116759
61610,0.026150,0.020069,0.100885
61620,0.024503,0.018574,0.160969
61630,0.021024,0.015326,0.141593
61640,0.052491,0.040145,0.207600
61650,0.022504,0.017617,0.132780
61660,0.014877,0.011114,0.117360
61670,0.002770,0.002025,0.284363
61680,0.005931,0.004633,0.050984
61690,0.008876,0.006651,0.091713
61700,0.027463,0.020293,0.155047
61710,0.036835,0.028382,0.171822
61720,0.025237,0.019261,0.136460
61730,0.025008,0.020164,0.146222
61740,0.016253,0.012504,0.111157
61750,0.059608,0.045381,0.228025
61760,0.029945,0.023108,0.144944
61770,0.018361,0.014181,0.125512
61780,0.031294,0.023241,0.159462
61790,0.023411,0.017748,0.142641
61800,0.028988,0.023523,0.163146
61810,0.032590,0.025191,0.163025
61820,0.040730,0.031083,0.182465
61830,0.046650,0.035742,0.203580
61840,0.032942,0.024232,0.175146
61850,0.022428,0.017229,0.128358
61860,0.045107,0.034417,0.191371
61870,0.005158,0.004167,0.105203
61880,0.025748,0.019942,0.134429
61890,0.023199,0.017986,0.116109
61900,0.002789,0.002539,0.202413
61910,0.025917,0.019896,0.123356
61920,0.037167,0.028731,0.170115
61930,0.029542,0.022317,0.159535
61940,0.018338,0.013737,0.120951
61950,0.035425,0.026988,0.162508
61960,0.044980,0.035326,0.172663
61970,0.027470,0.020175,0.146925
61980,0.033930,0.025154,0.173960
61990,0.005458,0.004271,0.052704
62000,0.021024,0.015993,0.145654
62010,0.054321,0.040922,0.218342
62020,0.033591,0.026524,0.170948
62030,0.010434,0.007960,0.108444
62040,0.030218,0.022663,0.153971
62050,0.006839,0.005985,0.131105
62060,0.001705,0.001144,0.116929
62070,0.036607,0.028368,0.180074
62080,0.037719,0.029142,0.172582
62090,0.034745,0.027064,0.191101
62100,0.022922,0.018507,0.127589
62110,0.027096,0.020670,0.144546
62120,0.023014,0.017301,0.132138
62130,0.022835,0.020189,0.171178
62140,0.035791,0.027507,0.158978
62150,0.021677,0.016492,0.161001
62160,0.024287,0.018369,0.153717
62170,0.048317,0.036181,0.204649
62180,0.034382,0.026464,0.168884
62190,0.032864,0.025842,0.154497
62200,0.031063,0.024410,0.125621
62210,0.026168,0.019318,0.113849
62220,0.001710,0.001473,0.338940
62230,0.061077,0.046818,0.229680
62240,0.014600,0.010141,0.121211
62250,0.022957,0.017154,0.132927
62260,0.032175,0.024688,0.158125
62270,0.026120,0.019534,0.144553
62280,0.037874,0.029106,0.153509
62290,0.059836,0.046737,0.225014
62300,0.023625,0.018279,0.116843
62310,0.014149,0.010543,0.116075
62320,0.016940,0.013401,0.099964
62330,0.011386,0.007896,0.128297
62340,0.019321,0.014731,0.126766
62350,0.017097,0.013216,0.103415
62360,0.027056,0.021344,0.162493
62370,0.014881,0.010153,0.122756
62380,0.016974,0.013276,0.126049
62390,0.015452,0.012048,0.109625
62400,0.030727,0.023355,0.162998
62410,0.040291,0.030365,0.185052
62420,0.027662,0.020838,0.150745
62430,0.046349,0.035716,0.189397
62440,0.028566,0.022021,0.121736
62450,0.016251,0.012212,0.120704
62460,0.029701,0.022921,0.151723
62470,0.023658,0.018608,0.116659
62480,0.022867,0.017267,0.141736
62490,0.011375,0.008924,0.089359
62500,0.045998,0.034978,0.188341
62510,0.013519,0.010079,0.133367
62520,0.030992,0.023284,0.142178
62530,0.035772,0.027321,0.155342
62540,0.024493,0.018536,0.142533
62550,0.042158,0.033305,0.207261
62560,0.038281,0.027951,0.201871
62570,0.019909,0.014519,0.142318
62580,0.013569,0.010172,0.112893
62590,0.028036,0.020330,0.151283
62600,0.012684,0.009702,0.080166
62610,0.041165,0.030603,0.184471
62620,0.014349,0.010865,0.081887
62630,0.022482,0.016366,0.163322
62640,0.001128,0.000809,0.177626
62650,0.032764,0.024363,0.168662
62660,0.031868,0.024205,0.159822
62670,0.048203,0.037765,0.198024
62680,0.039391,0.029725,0.174550
62690,0.041400,0.031376,0.186996
62700,0.022648,0.017362,0.135390
62710,0.011786,0.008632,0.101362
62720,0.023739,0.018299,0.132521
62730,0.036159,0.027713,0.177267
62740,0.000482,0.000345,0.281101
62750,0.025335,0.018799,0.162299
62760,0.020383,0.015371,0.103895
62770,0.017412,0.012444,0.136736
62780,0.030053,0.023435,0.160054
62790,0.029031,0.022319,0.138320
62800,0.034048,0.026540,0.152344
62810,0.031333,0.025151,0.166328
62820,0.027476,0.021690,0.175321
62830,0.037816,0.029180,0.170040
62840,0.032421,0.024259,0.176092
62850,0.014327,0.010529,0.118052
62860,0.035313,0.027208,0.169044
62870,0.030354,0.023676,0.152686
62880,0.030584,0.020706,0.203114
62890,0.034033,0.026260,0.167994
62900,0.060770,0.037926,0.282233
62910,0.015873,0.012289,0.102484
62920,0.016161,0.011877,0.124174
62930,0.034490,0.026646,0.177462
62940,0.018946,0.014299,0.124592
62950,0.006426,0.005045,0.047002
62960,0.031697,0.024070,0.159013
62970,0.046662,0.036265,0.200244
62980,0.061250,0.047676,0.224951
62990,0.042446,0.034021,0.168170
63000,0.018809,0.014953,0.100327
63010,0.063997,0.049332,0.228877
63020,0.053528,0.041131,0.217580
63030,0.007552,0.005589,0.113799
63040,0.017213,0.013434,0.080355
63050,0.023637,0.017914,0.108910
63060,0.029480,0.022576,0.148716
63070,0.029162,0.022503,0.144050
63080,0.055310,0.041717,0.215752
63090,0.039869,0.031564,0.159784
63100,0.038997,0.031091,0.156738
63110,0.027352,0.021087,0.155077
63120,0.023892,0.018123,0.148923
63130,0.031616,0.024428,0.134004
63140,0.015171,0.011968,0.079922
63150,0.025362,0.019150,0.130517
63160,0.030870,0.023119,0.143744
63170,0.012453,0.009425,0.111002
63180,0.003314,0.002487,0.123286
63190,0.032412,0.023841,0.155498
63200,0.021959,0.016642,0.131151
63210,0.016960,0.013073,0.097146
63220,0.002323,0.001494,0.070742
63230,0.043970,0.033956,0.184082
63240,0.024251,0.017860,0.149677
63250,0.012840,0.009348,0.192083
63260,0.012004,0.008764,0.133159
63270,0.038831,0.029430,0.172717
63280,0.027191,0.020524,0.129505
63290,0.023878,0.017904,0.147352
63300,0.025506,0.019270,0.151414
63310,0.011758,0.009238,0.142513
63320,0.050128,0.039267,0.188885
63330,0.042148,0.031809,0.185542
63340,0.013619,0.010505,0.114249
63350,0.016704,0.012610,0.115667
63360,0.025660,0.019292,0.136008
63370,0.008967,0.006393,0.116566
63380,0.016843,0.011574,0.097766
63390,0.022855,0.017026,0.139829
63400,0.026199,0.020131,0.114993
63410,0.039565,0.030078,0.163236
63420,0.033495,0.025402,0.141967
63430,0.052835,0.040181,0.208428
63440,0.025921,0.019891,0.153018
63450,0.025848,0.020207,0.148972
63460,0.035755,0.027113,0.176400
63470,0.040240,0.031996,0.159972
63480,0.010886,0.008254,0.126573
63490,0.013561,0.010395,0.112854
63500,0.026081,0.019812,0.137703
63510,0.020437,0.015824,0.130715
63520,0.031292,0.023442,0.167916
63530,0.050253,0.039608,0.189171
63540,0.019272,0.014901,0.116131
63550,0.043313,0.032948,0.178544
63560,0.042786,0.033375,0.186002
63570,0.014505,0.010914,0.110760
63580,0.020511,0.015326,0.135336
63590,0.036677,0.028128,0.167130
63600,0.016652,0.012195,0.142272
63610,0.022784,0.016886,0.148005
63620,0.025002,0.019669,0.116127
63630,0.000858,0.000678,0.056594
63640,0.010783,0.008207,0.099566
63650,0.029628,0.022407,0.156543
63660,0.011746,0.008625,0.144765
63670,0.009433,0.007123,0.119768
63680,0.039029,0.030201,0.178105
63690,0.042700,0.032523,0.183768
63700,0.017424,0.013337,0.123797
63710,0.043283,0.035153,0.185342
63720,0.016449,0.012403,0.133078
63730,0.010816,0.008061,0.118215
63740,0.036923,0.028664,0.172130
63750,0.016300,0.011161,0.082467
63760,0.022792,0.018088,0.140878
63770,0.033744,0.025793,0.167108
63780,0.028899,0.021903,0.146532
63790,0.039762,0.030549,0.156361
63800,0.026523,0.019936,0.147864
63810,0.039300,0.029819,0.187143
63820,0.017024,0.012974,0.124562
63830,0.032169,0.024738,0.135399
63840,0.048051,0.036244,0.183501
63850,0.044021,0.033717,0.178412
63860,0.018016,0.012702,0.137654
63870,0.046929,0.035276,0.199615
63880,0.021187,0.016350,0.129319
63890,0.022053,0.017066,0.104956
63900,0.032483,0.025261,0.161027
63910,0.035820,0.029019,0.187369
63920,0.029746,0.024627,0.156861
63930,0.045083,0.035049,0.185100
63940,0.022945,0.017072,0.139881
63950,0.022905,0.017201,0.140532
63960,0.037243,0.029568,0.166418
63970,0.017465,0.012956,0.138299
63980,0.020323,0.014945,0.125388
63990,0.040425,0.031463,0.178813
64000,0.045278,0.035181,0.199710
64010,0.037610,0.029767,0.182437
64020,0.036159,0.027697,0.184799
64030,0.040917,0.031398,0.182245
64040,0.031082,0.023267,0.161728
64050,0.023680,0.017891,0.130138
64060,0.020950,0.015928,0.137168
64070,0.036399,0.028215,0.180515
64080,0.019299,0.015617,0.118890
64090,0.012151,0.008650,0.115705
64100,0.006447,0.004841,0.054987
64110,0.084000,0.065240,0.270111
64120,0.035225,0.026911,0.167801
64130,0.023431,0.018190,0.122840
64140,0.029359,0.022893,0.143820
64150,0.016630,0.013120,0.099447
64160,0.023499,0.017458,0.142044
64170,0.043629,0.034140,0.198178
64180,0.019936,0.014743,0.122770
64190,0.036476,0.027694,0.177392
64200,0.016987,0.012683,0.122016
64210,0.015634,0.012203,0.144315
64220,0.018526,0.013827,0.108752
64230,0.053329,0.041019,0.210820
64240,0.010492,0.007741,0.098347
64250,0.034161,0.025988,0.175285
64260,0.037300,0.027751,0.175692
64270,0.010440,0.008137,0.060333
64280,0.031133,0.023644,0.156115
64290,0.046073,0.035404,0.189087
64300,0.007593,0.006129,0.065134
64310,0.036807,0.028266,0.181054
64320,0.033053,0.025508,0.159457
64330,0.007162,0.005443,0.146793
64340,0.017301,0.012873,0.120576
64350,0.020659,0.015715,0.139575
64360,0.014975,0.011356,0.113105
64370,0.033817,0.025866,0.161974
64380,0.028684,0.021153,0.149042
64390,0.020102,0.015515,0.093522
64400,0.031406,0.024300,0.155666
64410,0.045742,0.034820,0.185405
64420,0.035768,0.027982,0.165996
64430,0.007480,0.006176,0.202434
64440,0.033971,0.025231,0.170757
64450,0.018121,0.014093,0.094859
64460,0.035819,0.029311,0.163505
64470,0.032271,0.024992,0.114928
64480,0.028252,0.021574,0.118140
64490,0.022376,0.017037,0.137419
64500,0.038218,0.029003,0.175528
64510,0.022103,0.017619,0.140412
64520,0.014258,0.011270,0.104693
64530,0.002760,0.002129,0.202504
64540,0.016445,0.012802,0.127228
64550,0.013836,0.010515,0.127418
64560,0.017304,0.013009,0.131137
64570,0.023590,0.018321,0.144829
64580,0.024833,0.019121,0.166154
64590,0.009775,0.007516,0.095789
64600,0.002342,0.001575,0.230789
64610,0.014725,0.011283,0.112768
64620,0.021139,0.015977,0.137332
64630,0.024943,0.018854,0.136232
64640,0.024633,0.018325,0.108186
64650,0.012800,0.009390,0.110784
64660,0.018013,0.014986,0.132045
64670,0.012594,0.009056,0.127187
64680,0.017682,0.012806,0.146445
64690,0.036906,0.027907,0.167775
64700,0.040198,0.031074,0.170949
64710,0.015065,0.011253,0.113965
64720,0.020042,0.014753,0.126992
64730,0.023784,0.017723,0.111839
64740,0.010918,0.008529,0.145659
64750,0.028883,0.022565,0.148313
64760,0.035895,0.027336,0.140976
64770,0.018868,0.014163,0.141704
64780,0.011519,0.008491,0.102778
64790,0.045022,0.035318,0.199233
64800,0.025322,0.019124,0.154180
64810,0.018039,0.014435,0.119922
64820,0.016314,0.012287,0.132884
64830,0.014840,0.011153,0.118016
64840,0.020223,0.015008,0.091635
64850,0.030838,0.024233,0.166018
64860,0.016305,0.011236,0.133456
64870,0.027527,0.020961,0.161332
64880,0.067894,0.054415,0.240665
64890,0.043098,0.032908,0.180120
64900,0.046906,0.035866,0.186466
64910,0.051635,0.039841,0.206480
64920,0.026346,0.019705,0.154570
64930,0.015157,0.011731,0.123524
64940,0.024576,0.018074,0.157762
64950,0.046172,0.036038,0.195104
64960,0.014990,0.011270,0.111352
64970,0.022809,0.017754,0.174626
64980,0.044742,0.034181,0.184756
64990,0.052587,0.040955,0.198559
65000,0.023197,0.017949,0.099964
65010,0.031645,0.024369,0.142001
65020,0.039240,0.029667,0.176993
65030,0.054472,0.041602,0.216405
65040,0.039623,0.030256,0.171345
65050,0.029284,0.022315,0.152114
65060,0.039798,0.031234,0.180250
65070,0.036332,0.028043,0.168495
65080,0.027904,0.020850,0.148427
65090,0.019249,0.014308,0.108561
65100,0.013981,0.011189,0.083460
65110,0.021617,0.016176,0.141866
65120,0.026910,0.020710,0.170586
65130,0.021421,0.016162,0.136498
65140,0.038905,0.030037,0.171812
65150,0.019683,0.014862,0.120120
65160,0.006676,0.005000,0.090375
65170,0.027131,0.020086,0.150125
65180,0.018075,0.013646,0.114181
65190,0.021582,0.016271,0.095505
65200,0.015348,0.011230,0.143464
65210,0.033921,0.027018,0.159435
65220,0.028626,0.021713,0.156917
65230,0.028489,0.021697,0.160365
65240,0.024859,0.019150,0.117636
65250,0.043871,0.033865,0.203659
65260,0.012971,0.009799,0.114871
65270,0.021435,0.016432,0.139120
65280,0.016213,0.012143,0.119205
65290,0.019160,0.015351,0.092055
65300,0.030895,0.023352,0.144925
65310,0.025935,0.020199,0.150445
65320,0.020287,0.018934,0.139161
65330,0.015809,0.012590,0.079910
65340,0.016185,0.012311,0.105697
65350,0.051579,0.040492,0.202687
65360,0.029003,0.022250,0.148653
65370,0.012833,0.009666,0.100648
65380,0.015887,0.012885,0.138567
65390,0.019253,0.014854,0.101601
65400,0.062695,0.049729,0.235960
65410,0.009338,0.007589,0.164864
65420,0.016765,0.012846,0.096425
65430,0.037361,0.028548,0.175900
65440,0.023698,0.018393,0.140329
65450,0.039635,0.030455,0.181878
65460,0.013951,0.010303,0.110279
65470,0.015401,0.011934,0.133423
65480,0.002292,0.001768,0.150335
65490,0.026616,0.019548,0.144839
65500,0.004774,0.003495,0.105684
65510,0.018678,0.014628,0.119488
65520,0.019176,0.014746,0.127528
65530,0.024436,0.018376,0.142683
65540,0.028398,0.021444,0.157573
65550,0.061710,0.047837,0.231249
65560,0.018096,0.014616,0.160177
65570,0.017529,0.013555,0.134178
65580,0.035976,0.027185,0.175101
65590,0.018844,0.014078,0.143496
65600,0.011286,0.009068,0.125175
65610,0.039531,0.030636,0.176784
65620,0.022003,0.016628,0.138011
65630,0.050709,0.039702,0.187803
65640,0.022547,0.016943,0.132775
65650,0.030406,0.022939,0.202743
65660,0.040221,0.031900,0.188623
65670,0.024922,0.018479,0.137953
65680,0.011726,0.008910,0.119807
65690,0.028934,0.021935,0.152122
65700,0.012234,0.008921,0.113057
65710,0.027831,0.021298,0.155825
65720,0.033383,0.025668,0.165634
65730,0.018260,0.013824,0.125739
65740,0.020641,0.016118,0.135293
65750,0.022710,0.017022,0.127186
65760,0.031814,0.024455,0.155136
65770,0.027039,0.020436,0.138248
65780,0.002928,0.002503,0.109249
65790,0.022021,0.016537,0.142757
65800,0.035987,0.028323,0.175036
65810,0.017319,0.013889,0.125600
65820,0.022140,0.017128,0.136175
65830,0.065505,0.050708,0.235536
65840,0.027051,0.020720,0.156634
65850,0.033689,0.025975,0.161011
65860,0.024139,0.018267,0.145368
65870,0.015298,0.011875,0.068384
65880,0.028568,0.021974,0.139351
65890,0.010452,0.008477,0.106528
65900,0.011747,0.010272,0.123451
65910,0.041151,0.032597,0.182172
65920,0.030049,0.022715,0.147277
65930,0.023312,0.018215,0.104661
65940,0.036944,0.029676,0.148226
65950,0.021705,0.017121,0.134115
65960,0.053235,0.041678,0.196486
65970,0.012298,0.009189,0.107167
65980,0.046292,0.035242,0.195728
65990,0.064185,0.049513,0.239574
66000,0.003463,0.002454,0.177882
66010,0.020682,0.016262,0.122845
66020,0.008787,0.006882,0.086974
66030,0.032992,0.024890,0.169357
66040,0.006928,0.005331,0.071656
66050,0.025019,0.020288,0.116967
66060,0.024184,0.018719,0.143023
66070,0.054909,0.042519,0.195503
66080,0.017255,0.013518,0.121828
66090,0.022440,0.016928,0.142398
66100,0.028646,0.022338,0.151873
66110,0.032211,0.024553,0.163451
66120,0.026136,0.019987,0.157591
66130,0.022947,0.017442,0.133015
66140,0.038463,0.030013,0.166285
66150,0.040613,0.031215,0.180684
66160,0.032488,0.025728,0.172279
66170,0.003785,0.002325,0.108946
66180,0.038953,0.029687,0.179293
66190,0.044833,0.034485,0.171207
66200,0.056515,0.044862,0.224001
66210,0.023029,0.018337,0.136783
66220,0.015469,0.011619,0.123599
66230,0.014863,0.011156,0.091054
66240,0.031040,0.023117,0.156715
66250,0.027649,0.021653,0.146940
66260,0.037239,0.029399,0.153483
66270,0.021228,0.016120,0.149785
66280,0.021987,0.016978,0.128005
66290,0.062486,0.049139,0.211407
66300,0.048670,0.037481,0.198145
66310,0.048216,0.037100,0.194829
66320,0.039740,0.030408,0.163838
66330,0.038992,0.029333,0.154049
66340,0.020814,0.015483,0.140235
66350,0.017761,0.013773,0.118701
66360,0.019083,0.014338,0.132693
66370,0.017558,0.013238,0.121843
66380,0.011623,0.009118,0.132756
66390,0.026303,0.020469,0.111398
66400,0.017152,0.012558,0.123420
66410,0.000013,0.000026,0.000067
66420,0.036221,0.028300,0.167134
66430,0.025368,0.019911,0.148944
66440,0.021794,0.016376,0.151928
66450,0.040621,0.030615,0.163219
66460,0.036957,0.028325,0.167784
66470,0.017164,0.012537,0.120627
66480,0.025507,0.018894,0.148144
66490,0.045516,0.034883,0.189634
66500,0.013372,0.010116,0.121520
66510,0.018013,0.013354,0.114860
66520,0.017186,0.012980,0.138816
66530,0.017684,0.013019,0.112136
66540,0.021285,0.016454,0.132349
66550,0.026376,0.020441,0.148770
66560,0.037956,0.029527,0.173934
66570,0.037053,0.027895,0.162740
66580,0.043378,0.032830,0.188604
66590,0.031222,0.024148,0.142389
66600,0.041252,0.031946,0.173986
66610,0.013246,0.010370,0.075131
66620,0.026604,0.019919,0.163048
66630,0.053458,0.041891,0.199885
66640,0.040875,0.031485,0.175797
66650,0.046258,0.035146,0.185332
66660,0.040218,0.030727,0.173307
66670,0.019230,0.014396,0.132163
66680,0.053725,0.041738,0.199755
66690,0.037166,0.028633,0.161271
66700,0.028131,0.021131,0.146731
66710,0.025981,0.020158,0.141138
66720,0.024099,0.018860,0.141097
66730,0.037025,0.029869,0.177829
66740,0.041697,0.031372,0.186512
66750,0.028715,0.021922,0.154106
66760,0.014075,0.010295,0.111766
66770,0.005409,0.004303,0.120509
66780,0.013500,0.010448,0.114128
66790,0.028532,0.021248,0.166352
66800,0.047814,0.036679,0.208760
66810,0.013072,0.010428,0.175130
66820,0.016747,0.012395,0.130700
66830,0.024901,0.018537,0.132765
66840,0.015208,0.011738,0.123431
66850,0.035766,0.027201,0.176361
66860,0.034885,0.025945,0.149581
66870,0.032245,0.025416,0.176203
66880,0.012069,0.009141,0.104010
66890,0.028511,0.022636,0.156267
66900,0.034656,0.027113,0.152723
66910,0.054182,0.041433,0.205606
66920,0.035398,0.026695,0.155975
66930,0.032026,0.023960,0.162768
66940,0.027397,0.021206,0.112478
66950,0.030446,0.022994,0.154513
66960,0.019119,0.014787,0.131875
66970,0.035721,0.026910,0.171412
66980,0.034896,0.026771,0.174937
66990,0.040219,0.030208,0.165810
67000,0.020481,0.014538,0.089138
67010,0.022833,0.017185,0.145982
67020,0.011322,0.008547,0.103875
67030,0.018788,0.015292,0.104903
67040,0.043422,0.034401,0.195444
67050,0.009947,0.007527,0.102824
67060,0.024674,0.018673,0.131624
67070,0.041328,0.031543,0.177871
67080,0.019040,0.013865,0.145900
67090,0.010495,0.007657,0.107816
67100,0.026153,0.019920,0.142422
67110,0.018879,0.014349,0.100313
67120,0.012919,0.009705,0.115685
67130,0.009495,0.006788,0.077415
67140,0.028922,0.021813,0.143314
67150,0.022197,0.017797,0.094800
67160,0.010614,0.007665,0.095833
67170,0.028114,0.020619,0.124747
67180,0.026041,0.020197,0.143355
67190,0.053538,0.041710,0.210825
67200,0.022759,0.017925,0.145304
67210,0.037234,0.027836,0.177547
67220,0.044960,0.034577,0.185670
67230,0.035047,0.026699,0.173166
67240,0.015453,0.012091,0.105536
67250,0.018735,0.014551,0.104669
67260,0.016443,0.012229,0.073570
67270,0.024461,0.017959,0.140261
67280,0.008977,0.006894,0.159049
67290,0.011848,0.008679,0.107110
67300,0.023693,0.018103,0.138519
67310,0.043533,0.034531,0.190260
67320,0.045906,0.035118,0.192007
67330,0.027622,0.021532,0.158010
67340,0.018514,0.014015,0.145320
67350,0.021112,0.016330,0.123648
67360,0.020751,0.015859,0.120073
67370,0.034468,0.027029,0.169238
67380,0.048141,0.039045,0.198305
67390,0.048950,0.035587,0.216359
67400,0.010511,0.007568,0.090984
67410,0.025966,0.019941,0.141216
67420,0.010126,0.007500,0.097573
67430,0.004525,0.004239,0.242561
67440,0.021034,0.016605,0.122847
67450,0.030486,0.023017,0.155281
67460,0.017155,0.013254,0.122859
67470,0.040616,0.031031,0.179930
67480,0.018539,0.014282,0.093384
67490,0.043574,0.033111,0.187490
67500,0.032394,0.024029,0.156925
67510,0.008023,0.007348,0.180648
67520,0.001105,0.001529,0.654706
67530,0.015346,0.011382,0.119053
67540,0.024661,0.018462,0.149177
67550,0.032971,0.024362,0.166121
67560,0.008908,0.006793,0.078749
67570,0.055975,0.042972,0.215529
67580,0.008717,0.007054,0.102191
67590,0.014742,0.010698,0.133467
67600,0.038887,0.030102,0.171731
67610,0.000013,0.000007,0.000036
67620,0.027788,0.021385,0.119962
67630,0.018553,0.013937,0.104118
67640,0.055694,0.042243,0.214407
67650,0.047025,0.036902,0.184811
67660,0.016724,0.012622,0.114905
67670,0.031771,0.024094,0.163906
67680,0.022089,0.017332,0.134712
67690,0.010739,0.008640,0.103103
67700,0.025861,0.020442,0.151797
67710,0.046730,0.036007,0.195768
67720,0.027605,0.021238,0.160448
67730,0.004021,0.004775,0.109319
67740,0.037688,0.029018,0.173067
67750,0.042279,0.033238,0.179979
67760,0.034649,0.026049,0.160450
67770,0.018536,0.014772,0.098198
67780,0.000724,0.000631,0.118385
67790,0.044466,0.034529,0.184856
67800,0.013835,0.010338,0.115176
67810,0.025253,0.019215,0.142049
67820,0.030452,0.025283,0.185846
67830,0.041670,0.032543,0.191339
67840,0.020737,0.015909,0.142318
67850,0.044363,0.033258,0.198110
67860,0.006116,0.004558,0.048122
67870,0.035819,0.025770,0.167693
67880,0.003367,0.002750,0.068324
67890,0.039903,0.031302,0.153110
67900,0.005721,0.005114,0.162582
67910,0.027269,0.021643,0.156703
67920,0.016108,0.011707,0.146626
67930,0.044927,0.032785,0.185242
67940,0.017772,0.013654,0.095693
67950,0.027661,0.020892,0.157360
67960,0.012019,0.009549,0.052642
67970,0.032013,0.024895,0.156090
67980,0.034881,0.027216,0.161275
67990,0.051611,0.040437,0.194460
68000,0.026499,0.020088,0.148199
68010,0.065172,0.050151,0.238832
68020,0.047132,0.036466,0.187745
68030,0.011337,0.008889,0.118966
68040,0.030055,0.023408,0.152980
68050,0.028890,0.022379,0.160999
68060,0.015321,0.011106,0.115059
68070,0.031604,0.026733,0.161216
68080,0.031676,0.023669,0.139953
68090,0.019847,0.014737,0.136377
68100,0.005207,0.004052,0.116121
68110,0.018817,0.014240,0.134047
68120,0.004850,0.003722,0.093755
68130,0.033888,0.026168,0.159094
68140,0.038847,0.029414,0.185307
68150,0.008339,0.006004,0.053401
68160,0.024096,0.017826,0.143106
68170,0.031724,0.024377,0.141627
68180,0.003453,0.002871,0.181100
68190,0.042710,0.033739,0.185459
68200,0.018146,0.013555,0.156332
68210,0.030430,0.024116,0.141072
68220,0.039960,0.030636,0.183359
68230,0.027720,0.021260,0.145745
68240,0.052211,0.039602,0.204787
68250,0.047060,0.036348,0.203355
68260,0.026746,0.019904,0.142732
68270,0.034914,0.027070,0.147233
68280,0.026442,0.019486,0.148606
68290,0.027997,0.022273,0.136424
68300,0.029935,0.023093,0.151005
68310,0.028859,0.021393,0.155698
68320,0.008897,0.006601,0.113529
68330,0.012231,0.008553,0.126294
68340,0.033589,0.025623,0.164798
68350,0.041223,0.031644,0.188769
68360,0.022330,0.016820,0.107762
68370,0.013028,0.010513,0.082621
68380,0.029735,0.022006,0.166288
68390,0.001686,0.001201,0.103228
68400,0.015068,0.011056,0.120066
68410,0.020660,0.015206,0.121885
68420,0.040693,0.030624,0.178594
68430,0.019406,0.014505,0.092432
68440,0.021262,0.015784,0.124908
68450,0.015875,0.011871,0.115357
68460,0.017541,0.013495,0.122080
68470,0.007815,0.005858,0.076014
68480,0.035036,0.028574,0.161952
68490,0.022913,0.017597,0.132968
68500,0.022499,0.016635,0.129976
68510,0.035557,0.027388,0.164764
68520,0.015545,0.011517,0.115987
68530,0.018344,0.013767,0.146052
68540,0.027927,0.020825,0.145151
68550,0.039487,0.030386,0.193552
68560,0.039286,0.029945,0.175839
68570,0.014612,0.011197,0.112672
68580,0.026376,0.020386,0.130352
68590,0.022336,0.017172,0.130854
68600,0.034970,0.026656,0.155400
68610,0.059143,0.046226,0.227461
68620,0.035176,0.027686,0.145248
68630,0.011675,0.009288,0.068612
68640,0.032684,0.025451,0.170593
68650,0.025639,0.018822,0.136200
68660,0.002081,0.001587,0.077277
68670,0.000001,0.000002,0.000005
68680,0.011613,0.008639,0.101030
68690,0.037145,0.028218,0.164206
68700,0.028662,0.023260,0.144401
68710,0.033779,0.025666,0.150176
68720,0.015837,0.011785,0.136346
68730,0.013388,0.010101,0.104606
68740,0.000604,0.000502,0.123429
68750,0.026565,0.021836,0.107370
68760,0.030225,0.022364,0.161716
68770,0.024224,0.019468,0.127828
68780,0.026947,0.020619,0.152488
68790,0.055622,0.042574,0.203382
68800,0.038082,0.029946,0.183149
68810,0.033391,0.024764,0.166618
68820,0.025351,0.019152,0.149378
68830,0.059808,0.045340,0.219755
68840,0.054891,0.043233,0.225614
68850,0.018479,0.013779,0.093156
68860,0.026000,0.019271,0.145587
68870,0.003414,0.002722,0.097223
68880,0.021421,0.016236,0.103957
68890,0.028878,0.021262,0.153257
68900,0.041837,0.031754,0.192702
68910,0.002666,0.001956,0.014107
68920,0.030469,0.023429,0.169167
68930,0.035470,0.029279,0.155244
68940,0.025854,0.019418,0.108155
68950,0.011322,0.008024,0.127001
68960,0.023857,0.017796,0.114556
68970,0.052029,0.039790,0.196713
68980,0.012681,0.009375,0.121919
68990,0.032831,0.024988,0.158897
69000,0.027322,0.020828,0.155517
69010,0.027257,0.020679,0.143733
69020,0.010275,0.007565,0.121355
69030,0.019131,0.014632,0.139910
69040,0.034151,0.025700,0.161149
69050,0.015500,0.012152,0.108770
69060,0.014699,0.010624,0.118916
69070,0.019211,0.014465,0.121566
69080,0.041558,0.031640,0.179198
69090,0.017803,0.014567,0.105636
69100,0.015183,0.011723,0.095770
69110,0.022543,0.017555,0.129927
69120,0.031277,0.023664,0.165280
69130,0.032869,0.025652,0.161628
69140,0.040092,0.031199,0.156212
69150,0.036881,0.029130,0.173911
69160,0.018782,0.014384,0.130160
69170,0.014897,0.010973,0.116532
69180,0.023375,0.017741,0.158863
69190,0.028404,0.021041,0.138634
69200,0.020283,0.015652,0.139973
69210,0.016818,0.012862,0.125465
69220,0.018715,0.014312,0.094809
69230,0.025821,0.019207,0.148704
69240,0.035785,0.026921,0.164922
69250,0.012848,0.010007,0.083554
69260,0.018834,0.014436,0.117040
69270,0.014746,0.011409,0.116339
69280,0.015136,0.011955,0.144496
69290,0.016631,0.013005,0.122549
69300,0.037574,0.029143,0.158803
69310,0.012397,0.009128,0.094426
69320,0.015402,0.011519,0.117579
69330,0.025144,0.019113,0.137409
69340,0.034817,0.027054,0.168922
69350,0.017591,0.012957,0.114555
69360,0.049180,0.037769,0.195996
69370,0.026956,0.020918,0.149866
69380,0.005799,0.004815,0.122476
69390,0.019192,0.014476,0.122917
69400,0.034710,0.026582,0.161654
69410,0.007587,0.005245,0.181343
69420,0.014437,0.010777,0.119235
69430,0.023261,0.017187,0.121229
69440,0.008791,0.006537,0.089684
69450,0.038922,0.032186,0.153468
69460,0.019620,0.015308,0.093613
69470,0.009558,0.007231,0.059994
69480,0.025684,0.019343,0.154290
69490,0.019565,0.014958,0.131892
69500,0.015061,0.011316,0.108121
69510,0.031523,0.023198,0.156246
69520,0.037821,0.029141,0.168036
69530,0.036185,0.027409,0.180192
69540,0.025453,0.019560,0.141932
69550,0.019422,0.014928,0.132981
69560,0.010514,0.008049,0.098443
69570,0.023367,0.018732,0.138719
69580,0.043745,0.033119,0.181557
69590,0.022377,0.016968,0.136935
69600,0.022464,0.017241,0.093996
69610,0.028832,0.023565,0.163129
69620,0.035422,0.027215,0.148433
69630,0.021908,0.016768,0.090058
69640,0.036236,0.028411,0.171118
69650,0.014683,0.010792,0.095865
69660,0.029804,0.023639,0.155814
69670,0.020285,0.015340,0.127153
69680,0.008152,0.006319,0.105503
69690,0.013798,0.010174,0.125446
69700,0.022678,0.017269,0.136491
69710,0.026410,0.021464,0.147180
69720,0.018456,0.014266,0.108251
69730,0.012803,0.009811,0.095637
69740,0.020114,0.014490,0.146048
69750,0.041027,0.031368,0.173275
69760,0.027812,0.021352,0.255748
69770,0.024945,0.019258,0.141834
69780,0.032724,0.025387,0.161699
69790,0.015710,0.010583,0.142983
69800,0.029224,0.022535,0.158408
69810,0.051042,0.039087,0.208378
69820,0.026029,0.019831,0.136778
69830,0.044386,0.035180,0.179520
69840,0.029868,0.023072,0.137519
69850,0.034660,0.027886,0.168193
69860,0.020812,0.016334,0.103723
69870,0.033324,0.025577,0.162243
69880,0.012046,0.009276,0.112602
69890,0.037688,0.030324,0.159424
69900,0.034906,0.026704,0.151902
69910,0.006156,0.004657,0.111233
69920,0.012453,0.009003,0.110174
69930,0.053165,0.041467,0.211223
69940,0.044467,0.034488,0.191617
69950,0.029753,0.023736,0.157144
69960,0.049312,0.038738,0.195889
69970,0.015298,0.011664,0.114216
69980,0.028383,0.021817,0.150420
69990,0.016937,0.012596,0.098178
70000,0.030080,0.023236,0.157932
70010,0.021071,0.016054,0.096344
70020,0.038025,0.029981,0.176658
70030,0.020721,0.018110,0.153782
70040,0.019309,0.014155,0.143160
70050,0.022356,0.017648,0.126861
70060,0.035967,0.027477,0.154525
70070,0.025605,0.018441,0.158826
70080,0.022212,0.016554,0.137385
70090,0.017846,0.013434,0.137235
70100,0.005257,0.003966,0.097808
70110,0.016126,0.012500,0.126063
70120,0.021835,0.017582,0.148205
70130,0.036405,0.027948,0.172998
70140,0.036915,0.027570,0.168708
70150,0.040536,0.030454,0.185616
70160,0.026617,0.019641,0.166250
70170,0.047169,0.036137,0.189343
70180,0.031299,0.023577,0.162651
70190,0.011802,0.008949,0.056573
70200,0.029982,0.023070,0.160513
70210,0.032655,0.025167,0.162389
70220,0.037203,0.028891,0.179103
70230,0.013001,0.009823,0.132334
70240,0.021039,0.015178,0.180113
70250,0.037208,0.028605,0.153578
70260,0.047479,0.037259,0.193075
70270,0.034885,0.026345,0.143885
70280,0.018179,0.014534,0.118482
70290,0.019972,0.015040,0.121006
70300,0.034964,0.027309,0.163686
70310,0.006207,0.004701,0.040299
70320,0.032087,0.025206,0.155738
70330,0.016407,0.011979,0.114715
70340,0.012368,0.009201,0.074127
70350,0.037850,0.028190,0.181647
70360,0.019805,0.015008,0.151139
70370,0.012841,0.009148,0.113239
70380,0.036589,0.028377,0.171502
70390,0.031989,0.024886,0.167690
70400,0.034906,0.027442,0.170904
70410,0.001185,0.000895,0.049820
70420,0.019500,0.014185,0.135283
70430,0.030247,0.023054,0.152614
70440,0.016916,0.012613,0.116515
70450,0.017738,0.013480,0.132135
70460,0.031150,0.023249,0.163895
70470,0.019579,0.015033,0.121823
70480,0.030646,0.023993,0.134375
70490,0.038974,0.031290,0.167796
70500,0.068619,0.052830,0.250827
70510,0.021290,0.016786,0.144169
70520,0.059322,0.046680,0.222219
70530,0.022808,0.016767,0.126689
70540,0.029859,0.022899,0.147466
70550,0.031281,0.024181,0.152904
70560,0.002480,0.001864,0.154319
70570,0.029311,0.022421,0.155034
70580,0.005360,0.004253,0.280608
70590,0.035572,0.026940,0.178337
70600,0.017817,0.013554,0.080566
70610,0.016649,0.012734,0.083263
70620,0.002607,0.002250,0.188458
70630,0.046319,0.035118,0.194146
70640,0.021708,0.016540,0.132975
70650,0.018474,0.014033,0.141541
70660,0.012897,0.010106,0.096815
70670,0.031428,0.024532,0.154668
70680,0.058931,0.042395,0.189662
70690,0.033215,0.026230,0.141178
70700,0.020310,0.015822,0.119542
70710,0.026911,0.020828,0.122155
70720,0.033436,0.025522,0.166147
70730,0.008049,0.005740,0.106151
70740,0.036784,0.027785,0.160025
70750,0.026075,0.020478,0.113823
70760,0.021622,0.016051,0.119979
70770,0.024194,0.018646,0.126403
70780,0.019075,0.014851,0.127488
70790,0.018261,0.014197,0.103459
70800,0.067436,0.052512,0.239708
70810,0.059452,0.045949,0.224949
70820,0.038269,0.029444,0.175004
70830,0.013666,0.010556,0.118317
70840,0.043772,0.033248,0.186804
70850,0.019616,0.014835,0.132069
70860,0.037794,0.028220,0.169084
70870,0.034400,0.025982,0.146078
70880,0.034693,0.027381,0.147459
70890,0.020375,0.015682,0.116320
70900,0.026856,0.020728,0.115936
70910,0.034336,0.026649,0.162437
70920,0.003220,0.003049,0.024266
70930,0.027183,0.020824,0.150751
70940,0.023568,0.017349,0.151191
70950,0.039601,0.031387,0.170634
70960,0.011868,0.009354,0.105859
70970,0.019342,0.014553,0.100394
70980,0.024074,0.018393,0.145293
70990,0.002467,0.001984,0.073423
71000,0.020551,0.016107,0.127424
71010,0.036778,0.028350,0.154771
71020,0.040872,0.030941,0.178304
71030,0.022066,0.017018,0.127160
71040,0.029974,0.022453,0.149989
71050,0.020981,0.017039,0.170071
71060,0.012676,0.009110,0.110037
71070,0.031099,0.023885,0.141895
71080,0.002462,0.004111,0.410806
71090,0.029555,0.022557,0.154716
71100,0.024021,0.018224,0.138666
71110,0.033850,0.025966,0.157377
71120,0.043973,0.033733,0.185248
71130,0.021828,0.017280,0.137523
71140,0.023209,0.018111,0.109570
71150,0.043581,0.033187,0.193856
71160,0.008754,0.006255,0.114039
71170,0.021842,0.016540,0.135813
71180,0.025121,0.018768,0.138151
71190,0.012797,0.012275,0.152479
71200,0.011680,0.008658,0.112014
71210,0.049090,0.038237,0.200564
71220,0.058901,0.045330,0.219433
71230,0.005115,0.003897,0.091069
71240,0.007880,0.005420,0.101005
71250,0.035879,0.027526,0.171364
71260,0.021582,0.016341,0.135453
71270,0.013544,0.010036,0.113310
71280,0.018207,0.013985,0.124901
71290,0.025946,0.019631,0.146698
71300,0.031222,0.023137,0.150578
71310,0.013767,0.010624,0.104694
71320,0.032052,0.024403,0.166285
71330,0.014217,0.011200,0.079010
71340,0.033034,0.025664,0.156159
71350,0.037908,0.029684,0.198442
71360,0.022402,0.015880,0.154929
71370,0.044814,0.034635,0.189728
71380,0.053790,0.041673,0.210047
71390,0.022657,0.017742,0.121963
71400,0.013536,0.010233,0.112780
71410,0.033428,0.025679,0.178184
71420,0.018607,0.014573,0.100636
71430,0.026315,0.020640,0.125546
71440,0.014121,0.009833,0.108298
71450,0.042657,0.033054,0.182166
71460,0.021261,0.015998,0.141099
71470,0.024919,0.018795,0.139964
71480,0.030376,0.023820,0.169580
71490,0.011737,0.008900,0.060371
71500,0.016278,0.012060,0.093755
71510,0.039402,0.030311,0.184016
71520,0.025563,0.019575,0.136188
71530,0.044235,0.034306,0.197836
71540,0.008252,0.006294,0.057393
71550,0.030481,0.024951,0.161954
71560,0.029897,0.021963,0.166084
71570,0.018381,0.014069,0.138945
71580,0.003207,0.002688,0.183255
71590,0.019596,0.014722,0.124348
71600,0.015071,0.011680,0.115989
71610,0.008872,0.006976,0.116780
71620,0.011336,0.008265,0.111708
71630,0.011628,0.010551,0.080634
71640,0.015628,0.011776,0.121133
71650,0.026598,0.020322,0.173177
71660,0.045306,0.036083,0.187124
71670,0.044971,0.035335,0.207811
71680,0.040211,0.030864,0.181564
71690,0.004098,0.002790,0.125013
71700,0.015320,0.012022,0.080442
71710,0.028138,0.022221,0.160698
71720,0.035108,0.026071,0.171274
71730,0.057005,0.049497,0.229487
71740,0.048785,0.037289,0.198234
71750,0.027443,0.020276,0.131519
71760,0.015618,0.012308,0.082722
71770,0.024230,0.018163,0.109185
71780,0.031100,0.023728,0.168349
71790,0.028668,0.021949,0.152630
71800,0.019451,0.015922,0.134970
71810,0.007184,0.005437,0.103495
71820,0.028066,0.021270,0.157420
71830,0.027374,0.020946,0.111260
71840,0.027174,0.020880,0.145056
71850,0.043682,0.032808,0.183763
71860,0.036194,0.028421,0.159809
71870,0.025534,0.019167,0.134728
71880,0.019236,0.014862,0.140367
71890,0.047013,0.036537,0.206859
71900,0.024095,0.018980,0.131621
71910,0.038082,0.029378,0.151032
71920,0.016836,0.012335,0.132337
71930,0.011277,0.008371,0.059296
71940,0.027143,0.020680,0.152220
71950,0.012139,0.009411,0.073522
71960,0.011231,0.008565,0.107133
71970,0.023288,0.017531,0.134984
71980,0.003559,0.002895,0.029248
71990,0.047115,0.036291,0.190711
72000,0.011970,0.008992,0.101750
72010,0.015833,0.010643,0.144476
72020,0.023924,0.018576,0.116212
72030,0.029598,0.022317,0.150307
72040,0.036264,0.028651,0.173875
72050,0.021883,0.017200,0.127629
72060,0.055208,0.042343,0.210383
72070,0.037639,0.029886,0.155149
72080,0.066119,0.051348,0.238071
72090,0.034606,0.027052,0.169658
72100,0.028088,0.021357,0.136037
72110,0.029680,0.022901,0.158556
72120,0.050235,0.038348,0.191214
72130,0.040446,0.030747,0.179764
72140,0.017852,0.013456,0.105750
72150,0.012158,0.009843,0.062372
72160,0.012331,0.008993,0.107558
72170,0.015062,0.011034,0.112132
72180,0.053184,0.041352,0.199017
72190,0.039319,0.030511,0.160452
72200,0.037183,0.028056,0.166425
72210,0.043272,0.033267,0.185977
72220,0.019110,0.014517,0.150045
72230,0.019874,0.014810,0.113524
72240,0.043456,0.033417,0.185601
72250,0.006301,0.004648,0.047902
72260,0.032965,0.024908,0.150220
72270,0.043331,0.034019,0.188349
72280,0.015132,0.011399,0.070632
72290,0.013865,0.010386,0.093134
72300,0.055345,0.042274,0.215832
72310,0.000762,0.001089,0.422011
72320,0.046529,0.035553,0.199675
72330,0.018800,0.014173,0.114943
72340,0.036484,0.027522,0.163837
72350,0.017593,0.013548,0.088407
72360,0.015682,0.011663,0.131416
72370,0.040409,0.030997,0.170309
72380,0.001379,0.001047,0.092876
72390,0.022228,0.016390,0.148263
72400,0.029606,0.022368,0.160072
72410,0.020821,0.015635,0.134235
72420,0.019705,0.014608,0.128979
72430,0.028132,0.021107,0.153793
72440,0.049719,0.039350,0.194980
72450,0.014831,0.011033,0.116384
72460,0.038293,0.029205,0.162137
72470,0.013592,0.009614,0.116874
72480,0.049966,0.039393,0.217115
72490,0.015368,0.011360,0.112492
72500,0.042011,0.032006,0.186869
72510,0.027122,0.020946,0.154655
72520,0.011818,0.008284,0.105392
72530,0.010999,0.008624,0.090986
72540,0.013244,0.010251,0.102267
72550,0.014212,0.010853,0.120981
72560,0.028252,0.020665,0.144136
72570,0.031319,0.024028,0.173742
72580,0.021037,0.015928,0.124366
72590,0.018420,0.013810,0.125158
72600,0.021585,0.017382,0.108272
72610,0.021591,0.015825,0.135616
72620,0.043069,0.032797,0.185219
72630,0.018886,0.015513,0.124274
72640,0.038066,0.029181,0.156540
72650,0.021536,0.016233,0.128228
72660,0.017159,0.012578,0.084910
72670,0.014444,0.010802,0.110036
72680,0.019002,0.014996,0.086135
72690,0.042797,0.032839,0.188300
72700,0.045383,0.034615,0.169945
72710,0.040260,0.030644,0.179144
72720,0.019308,0.014671,0.118267
72730,0.032208,0.024511,0.137799
72740,0.072872,0.056307,0.262242
72750,0.026320,0.019525,0.138119
72760,0.030729,0.023436,0.159893
72770,0.011611,0.009943,0.129864
72780,0.033308,0.025943,0.170455
72790,0.045439,0.034845,0.194433
72800,0.049799,0.039363,0.190751
72810,0.009941,0.007529,0.059764
72820,0.019527,0.014704,0.130239
72830,0.033564,0.026757,0.132973
72840,0.015754,0.011441,0.102567
72850,0.001837,0.001522,0.132715
72860,0.021405,0.016092,0.133763
72870,0.008097,0.006078,0.099813
72880,0.028150,0.021908,0.145490
72890,0.026013,0.020144,0.141662
72900,0.013283,0.009687,0.089904
72910,0.016816,0.012758,0.142907
72920,0.027131,0.020969,0.148331
72930,0.030560,0.023859,0.134215
72940,0.015785,0.012120,0.113272
72950,0.038844,0.029002,0.176763
72960,0.009611,0.007381,0.116612
72970,0.038668,0.029387,0.174712
72980,0.010666,0.007681,0.072306
72990,0.013999,0.011146,0.078364
73000,0.045298,0.035856,0.194934
73010,0.026692,0.020475,0.137896
73020,0.022468,0.017183,0.132197
73030,0.034879,0.026549,0.158602
73040,0.006521,0.004929,0.038131
73050,0.034858,0.026727,0.175486
73060,0.020517,0.015121,0.098794
73070,0.017107,0.012893,0.124871
73080,0.022617,0.016926,0.113331
73090,0.049425,0.038510,0.197571
73100,0.027241,0.021186,0.138383
73110,0.028786,0.022707,0.147024
73120,0.033820,0.025883,0.146296
73130,0.003522,0.002288,0.375433
73140,0.000022,0.000059,0.000136
73150,0.017882,0.013508,0.136324
73160,0.048839,0.037718,0.200114
73170,0.057296,0.043692,0.218249
73180,0.044047,0.034101,0.172732
73190,0.012437,0.009672,0.107810
73200,0.031962,0.024608,0.154722
73210,0.035176,0.026739,0.139159
73220,0.035795,0.026894,0.165184
73230,0.024841,0.019059,0.139042
73240,0.032692,0.024792,0.156883
73250,0.028721,0.021860,0.153059
73260,0.031419,0.023325,0.162702
73270,0.013165,0.009727,0.125244
73280,0.033397,0.025864,0.161281
73290,0.011335,0.008919,0.083142
73300,0.016711,0.012294,0.116638
73310,0.027252,0.021025,0.149185
73320,0.019100,0.014514,0.119593
73330,0.018201,0.013710,0.150098
73340,0.014772,0.010565,0.137002
73350,0.023759,0.017945,0.142336
73360,0.012810,0.010006,0.138791
73370,0.035254,0.026532,0.168118
73380,0.027610,0.021491,0.150388
73390,0.030513,0.022671,0.149762
73400,0.037752,0.028792,0.171059
73410,0.029011,0.021851,0.150492
73420,0.011223,0.008439,0.109867
73430,0.042299,0.033257,0.188698
73440,0.015601,0.011435,0.131979
73450,0.016386,0.012879,0.122447
73460,0.014538,0.010846,0.117176
73470,0.034277,0.025976,0.166941
73480,0.014053,0.011238,0.061429
73490,0.039078,0.030084,0.180834
73500,0.031348,0.024390,0.127262
73510,0.024904,0.018670,0.138596
73520,0.039742,0.030295,0.173926
73530,0.037171,0.028375,0.184013
73540,0.034178,0.026195,0.158644
73550,0.012272,0.009220,0.109895
73560,0.029260,0.021781,0.141869
73570,0.035118,0.026542,0.159223
73580,0.005264,0.004004,0.112873
73590,0.033785,0.026849,0.145256
73600,0.023060,0.016985,0.134243
73610,0.002671,0.001963,0.027908
73620,0.008734,0.006661,0.084673
73630,0.038605,0.029710,0.154460
73640,0.015011,0.011107,0.136757
73650,0.024408,0.017999,0.122337
73660,0.009124,0.006829,0.087718
73670,0.034616,0.026272,0.155715
73680,0.032953,0.025604,0.154307
73690,0.027808,0.021382,0.153446
73700,0.027591,0.021261,0.153497
73710,0.049639,0.039997,0.201641
73720,0.040292,0.031048,0.196247
73730,0.020642,0.015739,0.096796
73740,0.021489,0.015544,0.138707
73750,0.029370,0.022159,0.152925
73760,0.003657,0.002785,0.054299
73770,0.010631,0.008121,0.109366
73780,0.032961,0.025661,0.141741
73790,0.021888,0.016753,0.128983
73800,0.027441,0.020607,0.139382
73810,0.034933,0.026394,0.167195
73820,0.023873,0.018131,0.132413
73830,0.018377,0.013807,0.138300
73840,0.020716,0.015787,0.121023
73850,0.027157,0.020718,0.140776
73860,0.034410,0.025885,0.155371
73870,0.046153,0.035956,0.204835
73880,0.042275,0.032589,0.183000
73890,0.018294,0.014576,0.117323
73900,0.038160,0.028366,0.164413
73910,0.012189,0.009260,0.083337
73920,0.001777,0.001028,0.166438
73930,0.041241,0.031921,0.210548
73940,0.036195,0.027699,0.143473
73950,0.001894,0.001270,0.088394
73960,0.029805,0.024196,0.135913
73970,0.006118,0.004639,0.049960
73980,0.043779,0.032954,0.195074
73990,0.027117,0.020535,0.147325
74000,0.017991,0.013372,0.137606
74010,0.012392,0.008959,0.098303
74020,0.038929,0.030193,0.175876
74030,0.032298,0.025662,0.156403
74040,0.045722,0.035482,0.192862
74050,0.033660,0.025881,0.146289
74060,0.000008,0.000009,0.000031
74070,0.039634,0.029811,0.177724
74080,0.036336,0.027682,0.191408
74090,0.026672,0.020566,0.132864
74100,0.029554,0.022385,0.156238
74110,0.052432,0.040601,0.200298
74120,0.015112,0.010753,0.117739
74130,0.051816,0.041067,0.219733
74140,0.029557,0.022453,0.153182
74150,0.020985,0.016010,0.100047
74160,0.007304,0.005537,0.055889
74170,0.013040,0.009200,0.094248
74180,0.018482,0.014382,0.095233
74190,0.057204,0.044141,0.219260
74200,0.020120,0.015115,0.131870
74210,0.013431,0.012748,0.096274
74220,0.032009,0.024489,0.159375
74230,0.039557,0.030459,0.166809
74240,0.024116,0.018542,0.137307
74250,0.013552,0.009747,0.120568
74260,0.012730,0.009861,0.117676
74270,0.040342,0.030598,0.181611
74280,0.037712,0.029263,0.172019
74290,0.020868,0.015888,0.101931
74300,0.028805,0.021948,0.142115
74310,0.004852,0.003633,0.059015
74320,0.034829,0.025947,0.185413
74330,0.021426,0.016246,0.136167
74340,0.038341,0.029089,0.177533
74350,0.035610,0.027865,0.169686
74360,0.033610,0.025838,0.160860
74370,0.020054,0.015457,0.126430
74380,0.016272,0.012007,0.131288
74390,0.023310,0.017797,0.138240
74400,0.025496,0.019438,0.120748
74410,0.017255,0.013293,0.127048
74420,0.027624,0.020443,0.153704
74430,0.047109,0.037339,0.174989
74440,0.004565,0.003469,0.036256
74450,0.031444,0.025689,0.179329
74460,0.017575,0.018780,0.194401
74470,0.027553,0.020658,0.159042
74480,0.003546,0.002588,0.060236
74490,0.001880,0.001402,0.081593
74500,0.056639,0.044019,0.209115
74510,0.031296,0.024529,0.138651
74520,0.020180,0.015753,0.102521
74530,0.039497,0.030600,0.175674
74540,0.012781,0.009654,0.101319
74550,0.012736,0.010014,0.106288
74560,0.035514,0.026489,0.166582
74570,0.027052,0.020043,0.155920
74580,0.032037,0.024536,0.150516
74590,0.034814,0.026794,0.142466
74600,0.034988,0.026522,0.168686
74610,0.016146,0.011825,0.121753
74620,0.055601,0.043043,0.218279
74630,0.019356,0.014671,0.100722
74640,0.043506,0.033838,0.175446
74650,0.038122,0.029111,0.147168
74660,0.018698,0.013650,0.143521
74670,0.042023,0.032761,0.177835
74680,0.026908,0.020758,0.123301
74690,0.022547,0.016942,0.140212
74700,0.033097,0.025116,0.165171
74710,0.036919,0.028674,0.161876
74720,0.014468,0.011025,0.113088
74730,0.019980,0.015973,0.125826
74740,0.007769,0.007051,0.132697
74750,0.002547,0.001908,0.020883
74760,0.008382,0.006054,0.127240
74770,0.030831,0.024137,0.152148
74780,0.031885,0.024235,0.137208
74790,0.029393,0.023342,0.126581
74800,0.033346,0.025298,0.144827
74810,0.028528,0.021948,0.157114
74820,0.003244,0.003411,0.376229
74830,0.014089,0.010574,0.117709
74840,0.031542,0.024122,0.147264
74850,0.014223,0.010555,0.119352
74860,0.015229,0.011749,0.122921
74870,0.016115,0.012525,0.130457
74880,0.024218,0.019586,0.117869
74890,0.034268,0.024113,0.195840
74900,0.020559,0.015228,0.126811
74910,0.013880,0.010771,0.100162
74920,0.010743,0.007738,0.101278
74930,0.029072,0.022286,0.150123
74940,0.000003,0.000006,0.000017
74950,0.011166,0.008402,0.118389
74960,0.043362,0.033606,0.175627
74970,0.022820,0.017950,0.106866
74980,0.036004,0.027917,0.170275
74990,0.035019,0.026502,0.156363
75000,0.015170,0.011396,0.134499
75010,0.050274,0.039098,0.207572
75020,0.012391,0.009286,0.082386
75030,0.049023,0.037191,0.201831
75040,0.024020,0.017448,0.199096
75050,0.002836,0.002101,0.378283
75060,0.032348,0.025311,0.151275
75070,0.000138,0.000068,0.000321
75080,0.009373,0.007152,0.128547
75090,0.019977,0.015324,0.097655
75100,0.022810,0.017487,0.101556
75110,0.042735,0.032524,0.192441
75120,0.003012,0.002091,0.377980
75130,0.033068,0.024523,0.156684
75140,0.018004,0.013203,0.140598
75150,0.024299,0.018263,0.144095
75160,0.024511,0.018951,0.137597
75170,0.037318,0.028788,0.167251
75180,0.020273,0.015462,0.134852
75190,0.056938,0.043827,0.216468
75200,0.035103,0.025610,0.194403
75210,0.034912,0.026522,0.164944
75220,0.017979,0.014138,0.119084
75230,0.020834,0.014805,0.097884
75240,0.034036,0.026645,0.166364
75250,0.041075,0.031419,0.178939
75260,0.003419,0.002512,0.107019
75270,0.036202,0.027959,0.164901
75280,0.018068,0.013499,0.133324
75290,0.028540,0.021883,0.153415
75300,0.018490,0.013489,0.128839
75310,0.028478,0.021700,0.154363
75320,0.045912,0.035258,0.186969
75330,0.014014,0.011838,0.123502
75340,0.032297,0.024255,0.161878
75350,0.012883,0.009708,0.111847
75360,0.045934,0.035781,0.173479
75370,0.029450,0.022559,0.156399
75380,0.019351,0.014945,0.107480
75390,0.015200,0.011301,0.103454
75400,0.036814,0.029941,0.155299
75410,0.016366,0.012142,0.094003
75420,0.014279,0.010933,0.094039
75430,0.060159,0.041929,0.253538
75440,0.041877,0.032004,0.183388
75450,0.024892,0.019051,0.151958
75460,0.018673,0.014281,0.123545
75470,0.022930,0.017995,0.140490
75480,0.015854,0.011757,0.121303
75490,0.021768,0.016497,0.113511
75500,0.047524,0.037441,0.197282
75510,0.054412,0.042483,0.214505
75520,0.027469,0.021340,0.141464
75530,0.021118,0.015900,0.120567
75540,0.005859,0.004224,0.045482
75550,0.025284,0.019221,0.139217
75560,0.000584,0.000471,0.223746
75570,0.016775,0.011715,0.135172
75580,0.004698,0.003676,0.157916
75590,0.037473,0.029406,0.163973
75600,0.025560,0.019574,0.140484
75610,0.043837,0.033904,0.195312
75620,0.018976,0.014096,0.133644
75630,0.021629,0.015610,0.135737
75640,0.016948,0.012078,0.119446
75650,0.027514,0.021728,0.115141
75660,0.030863,0.023495,0.129519
75670,0.004368,0.003305,0.079627
75680,0.054684,0.042229,0.214162
75690,0.033669,0.025864,0.157441
75700,0.018093,0.013387,0.118895
75710,0.015649,0.012431,0.107364
75720,0.032414,0.024492,0.157872
75730,0.042553,0.032602,0.188121
75740,0.030911,0.022893,0.157784
75750,0.025819,0.019732,0.148633
75760,0.027230,0.021169,0.171040
75770,0.012037,0.008616,0.103352
75780,0.012745,0.010248,0.101554
75790,0.027851,0.021114,0.150254
75800,0.018702,0.014544,0.117054
75810,0.030307,0.023054,0.150064
75820,0.046870,0.036086,0.197785
75830,0.022638,0.017668,0.137013
75840,0.005993,0.005477,0.182156
75850,0.057993,0.044359,0.223351
75860,0.044985,0.033930,0.191262
75870,0.013291,0.010242,0.105956
75880,0.009758,0.007439,0.091169
75890,0.027489,0.020961,0.121042
75900,0.029355,0.022437,0.160441
75910,0.026271,0.020214,0.112159
75920,0.026819,0.020403,0.144632
75930,0.030336,0.023603,0.156761
75940,0.020134,0.015317,0.122174
75950,0.019026,0.015116,0.119641
75960,0.036342,0.028005,0.157315
75970,0.019881,0.015102,0.116049
75980,0.037055,0.028120,0.166699
75990,0.010857,0.008016,0.113434
76000,0.004561,0.003667,0.049086
76010,0.018091,0.014344,0.123156
76020,0.030357,0.023100,0.154631
76030,0.032678,0.025689,0.119117
76040,0.015097,0.011003,0.123892
76050,0.019370,0.014472,0.136789
76060,0.026677,0.026208,0.160580
76070,0.030179,0.024624,0.166998
76080,0.032739,0.025249,0.155893
76090,0.043911,0.034018,0.194012
76100,0.022948,0.017346,0.123426
76110,0.016416,0.012029,0.120193
76120,0.022451,0.016870,0.135686
76130,0.026515,0.019897,0.113703
76140,0.017304,0.013086,0.125906
76150,0.037886,0.029113,0.152994
76160,0.010944,0.008402,0.110659
76170,0.027657,0.021528,0.146405
76180,0.027496,0.021399,0.151052
76190,0.034659,0.025850,0.172124
76200,0.035621,0.026751,0.183783
76210,0.016619,0.012833,0.089936
76220,0.044170,0.034138,0.189887
76230,0.014172,0.010555,0.118139
76240,0.031642,0.024527,0.193602
76250,0.019159,0.013865,0.162301
76260,0.036505,0.027719,0.165303
76270,0.024259,0.018510,0.147654
76280,0.004152,0.003189,0.027306
76290,0.023001,0.017446,0.116227
76300,0.023596,0.017917,0.111439
76310,0.011227,0.008781,0.064120
76320,0.014758,0.011534,0.128211
76330,0.046087,0.035218,0.188598
76340,0.006458,0.004518,0.053906
76350,0.009860,0.007951,0.113673
76360,0.030559,0.023702,0.143650
76370,0.031292,0.022915,0.169358
76380,0.023926,0.017456,0.136428
76390,0.016178,0.011397,0.124100
76400,0.054996,0.041832,0.203639
76410,0.019788,0.013850,0.165927
76420,0.032241,0.024873,0.157071
76430,0.019805,0.015714,0.141218
76440,0.005248,0.003789,0.036493
76450,0.017879,0.014093,0.097296
76460,0.017544,0.013573,0.125794
76470,0.042918,0.032615,0.175020
76480,0.014439,0.010668,0.060491
76490,0.034677,0.027406,0.168107
76500,0.002043,0.003017,0.430199
76510,0.044493,0.033858,0.193645
76520,0.062907,0.049504,0.227674
76530,0.015611,0.012233,0.139845
76540,0.015159,0.011066,0.115208
76550,0.014351,0.010537,0.119601
76560,0.019019,0.013127,0.095265
76570,0.022872,0.016706,0.151909
76580,0.027547,0.019961,0.110636
76590,0.026968,0.020273,0.159921
76600,0.014643,0.011130,0.099287
76610,0.023138,0.017534,0.131058
76620,0.050965,0.040864,0.213276
76630,0.046617,0.036196,0.180752
76640,0.020564,0.015433,0.120873
76650,0.024588,0.019444,0.157291
76660,0.017391,0.013009,0.126989
76670,0.009730,0.008706,0.070265
76680,0.016646,0.012859,0.116690
76690,0.044528,0.036687,0.191336
76700,0.010485,0.007938,0.064962
76710,0.030766,0.024261,0.158554
76720,0.014053,0.010975,0.093148
76730,0.012977,0.009888,0.140069
76740,0.016491,0.012818,0.095039
76750,0.010976,0.008406,0.099425
76760,0.027697,0.021452,0.139870
76770,0.027371,0.020315,0.123664
76780,0.028503,0.021138,0.160102
76790,0.025149,0.019045,0.142701
76800,0.028720,0.022594,0.125670
76810,0.017215,0.011349,0.138222
76820,0.015164,0.011102,0.129458
76830,0.017942,0.013192,0.131843
76840,0.025879,0.021624,0.158581
76850,0.030369,0.022631,0.160902
76860,0.013377,0.009767,0.108612
76870,0.019260,0.013868,0.134787
76880,0.013845,0.010074,0.102747
76890,0.012003,0.008953,0.074181
76900,0.032383,0.024665,0.168417
76910,0.018138,0.013623,0.125493
76920,0.014246,0.011093,0.110370
76930,0.029283,0.022718,0.130577
76940,0.009090,0.006884,0.073335
76950,0.020746,0.015252,0.140248
76960,0.027080,0.020501,0.124323
76970,0.012510,0.009613,0.149773
76980,0.026302,0.020170,0.152576
76990,0.046255,0.035153,0.199201
77000,0.012855,0.009609,0.125677
77010,0.053958,0.041150,0.210766
77020,0.033120,0.025271,0.148701
77030,0.005795,0.004183,0.038898
77040,0.033636,0.026147,0.164560
77050,0.016972,0.012672,0.134783
77060,0.034735,0.026982,0.167133
77070,0.023461,0.017672,0.105447
77080,0.004806,0.005659,0.108654
77090,0.035920,0.027856,0.156751
77100,0.029044,0.022207,0.146276
77110,0.021282,0.016428,0.096373
77120,0.013845,0.010308,0.113130
77130,0.024093,0.017744,0.143711
77140,0.000004,0.000012,0.000027
77150,0.015080,0.011334,0.199263
77160,0.033986,0.025755,0.164250
77170,0.028994,0.021809,0.139871
77180,0.002943,0.002469,0.162856
77190,0.020490,0.016020,0.133940
77200,0.019680,0.014671,0.122250
77210,0.040551,0.030779,0.174280
77220,0.021313,0.016440,0.127356
77230,0.025886,0.020243,0.142823
77240,0.037266,0.029187,0.144363
77250,0.017294,0.016121,0.190014
77260,0.026760,0.020362,0.154362
77270,0.021981,0.016377,0.138453
77280,0.032709,0.025016,0.150279
77290,0.024073,0.018188,0.132493
77300,0.005888,0.004115,0.032751
77310,0.013449,0.010236,0.117547
77320,0.025559,0.019624,0.139146
77330,0.008459,0.007091,0.049821
77340,0.027852,0.021934,0.156160
77350,0.037829,0.029211,0.163579
77360,0.033890,0.025784,0.154562
77370,0.017502,0.013289,0.121544
77380,0.004498,0.003086,0.102254
77390,0.041980,0.033144,0.183210
77400,0.022542,0.016951,0.140174
77410,0.017961,0.014628,0.132997
77420,0.028468,0.021465,0.150050
77430,0.021430,0.016539,0.137134
77440,0.035501,0.027323,0.169899
77450,0.018649,0.017876,0.107973
77460,0.022313,0.016900,0.137973
77470,0.021562,0.016415,0.127139
77480,0.027145,0.021628,0.147142
77490,0.010851,0.007747,0.198223
77500,0.013510,0.009987,0.115629
77510,0.014821,0.011325,0.113832
77520,0.020192,0.016207,0.086604
77530,0.014709,0.011213,0.083086
77540,0.026489,0.020725,0.149130
77550,0.019784,0.015122,0.101742
77560,0.041945,0.031451,0.178912
77570,0.027658,0.021323,0.116414
77580,0.024980,0.018959,0.137020
77590,0.030688,0.023859,0.158727
77600,0.017700,0.012652,0.142992
77610,0.020097,0.014843,0.140925
77620,0.022115,0.016498,0.144599
77630,0.031584,0.023268,0.153160
77640,0.041893,0.033846,0.196542
77650,0.025012,0.018529,0.133621
77660,0.025696,0.020399,0.129743
77670,0.039622,0.030007,0.172528
77680,0.010012,0.007332,0.045513
77690,0.029684,0.022172,0.138189
77700,0.059825,0.046471,0.230542
77710,0.015784,0.011670,0.125596
77720,0.012060,0.009550,0.079749
77730,0.039327,0.030387,0.171789
77740,0.016749,0.012649,0.086594
77750,0.032181,0.024746,0.160388
77760,0.021765,0.016468,0.139718
77770,0.026624,0.020247,0.141860
77780,0.001268,0.000911,0.100083
77790,0.012214,0.009176,0.100872
77800,0.013435,0.009538,0.125143
77810,0.033983,0.025858,0.166635
77820,0.026775,0.020835,0.159266
77830,0.029847,0.022932,0.179119
77840,0.035259,0.027999,0.183327
77850,0.014958,0.010835,0.119139
77860,0.028735,0.022771,0.139238
77870,0.012983,0.010232,0.073899
77880,0.020499,0.015934,0.148705
77890,0.023204,0.016677,0.135675
77900,0.020830,0.015513,0.130238
77910,0.014954,0.011316,0.128794
77920,0.018489,0.014950,0.136329
77930,0.030922,0.023322,0.149919
77940,0.016049,0.012057,0.136136
77950,0.043089,0.033029,0.187408
77960,0.026838,0.020493,0.141497
77970,0.026547,0.020178,0.153329
77980,0.018954,0.015104,0.148464
77990,0.032327,0.024621,0.164743
78000,0.013569,0.010090,0.070125
78010,0.020908,0.016368,0.078334
78020,0.040789,0.031287,0.183336
78030,0.015401,0.011807,0.100001
78040,0.024969,0.018879,0.131432
78050,0.028524,0.022379,0.124616
78060,0.005906,0.004215,0.040292
78070,0.026664,0.020316,0.119950
78080,0.001367,0.000908,0.101500
78090,0.037638,0.029370,0.171504
78100,0.019909,0.014927,0.115268
78110,0.031789,0.024823,0.143906
78120,0.025862,0.019024,0.148182
78130,0.030828,0.024399,0.150865
78140,0.015541,0.011950,0.085133
78150,0.021986,0.016884,0.109262
78160,0.028029,0.021375,0.153515
78170,0.028220,0.021083,0.141436
78180,0.017950,0.012849,0.125804
78190,0.010257,0.007619,0.101886
78200,0.017215,0.013435,0.106974
78210,0.001845,0.001267,0.107691
78220,0.029242,0.022412,0.157381
78230,0.014735,0.010773,0.120439
78240,0.005927,0.004337,0.093570
78250,0.008017,0.006077,0.109317
78260,0.011488,0.008720,0.067308
78270,0.038754,0.029608,0.172858
78280,0.023326,0.017610,0.140607
78290,0.002819,0.002094,0.075892
78300,0.020868,0.015178,0.148273
78310,0.021396,0.017091,0.093584
78320,0.039241,0.030513,0.152659
78330,0.037966,0.028508,0.168739
78340,0.042087,0.032927,0.180931
78350,0.028144,0.021105,0.158816
78360,0.047576,0.036931,0.190680
78370,0.045480,0.034970,0.197970
78380,0.031892,0.024830,0.164706
78390,0.028918,0.023232,0.144497
78400,0.045105,0.035164,0.186193
78410,0.028935,0.022121,0.151892
78420,0.023794,0.018615,0.113003
78430,0.041522,0.031412,0.187616
78440,0.063349,0.050403,0.232408
78450,0.024403,0.018797,0.137390
78460,0.018028,0.013786,0.133845
78470,0.008738,0.006614,0.089057
78480,0.029622,0.022381,0.146558
78490,0.019566,0.014816,0.099160
78500,0.028348,0.021453,0.163223
78510,0.006191,0.004845,0.025966
78520,0.019237,0.014490,0.136798
78530,0.037189,0.028775,0.165839
78540,0.022805,0.017297,0.150082
78550,0.021001,0.015678,0.108076
78560,0.040484,0.031836,0.160100
78570,0.026785,0.020677,0.162503
78580,0.012414,0.009822,0.146811
78590,0.014022,0.011115,0.119634
78600,0.028802,0.021925,0.140334
78610,0.014317,0.010555,0.112009
78620,0.024188,0.019025,0.137263
78630,0.016784,0.012566,0.116060
78640,0.030850,0.023701,0.118430
78650,0.033939,0.026696,0.176293
78660,0.025085,0.019266,0.137828
78670,0.019749,0.015221,0.101108
78680,0.003401,0.002627,0.128232
78690,0.027393,0.021504,0.151610
78700,0.015045,0.011099,0.128606
78710,0.026063,0.019767,0.147955
78720,0.038447,0.029919,0.181176
78730,0.031768,0.024645,0.118940
78740,0.033408,0.025672,0.156060
78750,0.012931,0.009838,0.072967
78760,0.025634,0.019313,0.116681
78770,0.038617,0.029973,0.150142
78780,0.037222,0.029065,0.165740
78790,0.006424,0.004821,0.113763
78800,0.001979,0.001530,0.111681
78810,0.047194,0.036073,0.189737
78820,0.030604,0.023904,0.152443
78830,0.003358,0.002316,0.097104
78840,0.019326,0.014070,0.112978
78850,0.018025,0.013867,0.135559
78860,0.001238,0.002588,0.228738
78870,0.021600,0.017032,0.114623
78880,0.026389,0.019894,0.135274
78890,0.015447,0.011893,0.110785
78900,0.030397,0.023259,0.143232
78910,0.032891,0.025765,0.153267
78920,0.021922,0.016696,0.127077
78930,0.002306,0.001754,0.225770
78940,0.021090,0.015808,0.139469
78950,0.023010,0.016875,0.147941
78960,0.022696,0.017044,0.132557
78970,0.013004,0.010124,0.112599
78980,0.024591,0.019338,0.117958
78990,0.025950,0.019875,0.170683
79000,0.048684,0.037021,0.197336
79010,0.023421,0.016456,0.153245
79020,0.027390,0.021610,0.145096
79030,0.021805,0.016345,0.158578
79040,0.032927,0.026390,0.149874
79050,0.042845,0.033023,0.181206
79060,0.008726,0.005986,0.118448
79070,0.012910,0.010107,0.117838
79080,0.039615,0.031159,0.157524
79090,0.011623,0.008681,0.110580
79100,0.034441,0.026475,0.167190
79110,0.004044,0.003367,0.103996
79120,0.034924,0.026620,0.160569
79130,0.031791,0.024365,0.153520
79140,0.019497,0.014623,0.121200
79150,0.010702,0.008257,0.102606
79160,0.023015,0.018292,0.157339
79170,0.011800,0.009952,0.080336
79180,0.014527,0.011020,0.108251
79190,0.015996,0.012298,0.144140
79200,0.016183,0.013045,0.088046
79210,0.017048,0.012813,0.134139
79220,0.012279,0.009462,0.075336
79230,0.024024,0.018213,0.110985
79240,0.048741,0.038490,0.182313
79250,0.040695,0.031133,0.180766
79260,0.014045,0.011039,0.103719
79270,0.005190,0.004154,0.111524
79280,0.028917,0.021349,0.155297
79290,0.034559,0.031536,0.199536
79300,0.034428,0.026257,0.165246
79310,0.031430,0.023838,0.157785
79320,0.024613,0.018588,0.130549
79330,0.030431,0.023891,0.159450
79340,0.025728,0.019984,0.129222
79350,0.029937,0.022662,0.144639
79360,0.029612,0.022929,0.151126
79370,0.039969,0.030648,0.176887
79380,0.002769,0.001996,0.056937
79390,0.023131,0.018138,0.143152
79400,0.028160,0.021890,0.150749
79410,0.030723,0.023477,0.123877
79420,0.011491,0.009291,0.108011
79430,0.005713,0.004567,0.100612
79440,0.026662,0.021387,0.159514
79450,0.029741,0.022845,0.145680
79460,0.066387,0.048784,0.230249
79470,0.017196,0.012690,0.117113
79480,0.037298,0.028627,0.182533
79490,0.020849,0.016426,0.095506
79500,0.031868,0.024183,0.152215
79510,0.027442,0.021229,0.159894
79520,0.019668,0.015563,0.096197
79530,0.016404,0.012259,0.145305
79540,0.016600,0.012817,0.089103
79550,0.019063,0.014440,0.113217
79560,0.015696,0.011780,0.117194
79570,0.017670,0.013161,0.144890
79580,0.041093,0.031759,0.182109
79590,0.028313,0.021613,0.136591
79600,0.025249,0.018882,0.142946
79610,0.005237,0.003869,0.101079
79620,0.035657,0.029497,0.148721
79630,0.030856,0.023700,0.153703
79640,0.015018,0.011994,0.188085
79650,0.028562,0.021918,0.162543
79660,0.018761,0.014974,0.141410
79670,0.033136,0.025629,0.159677
79680,0.033984,0.025321,0.168919
79690,0.024704,0.019171,0.115949
79700,0.045012,0.035640,0.191296
79710,0.021011,0.016132,0.147562
79720,0.041142,0.032020,0.187641
79730,0.044170,0.033720,0.189106
79740,0.046452,0.036477,0.186794
79750,0.044326,0.034515,0.182114
79760,0.023494,0.017930,0.139201
79770,0.023333,0.017565,0.136820
79780,0.007389,0.005453,0.135136
79790,0.013466,0.010891,0.127336
79800,0.047902,0.036868,0.201430
79810,0.025183,0.019280,0.123333
79820,0.032276,0.024478,0.153484
79830,0.049039,0.037281,0.199549
79840,0.031678,0.024033,0.154603
79850,0.032372,0.025398,0.157189
79860,0.012711,0.009426,0.114721
79870,0.014719,0.010829,0.127803
79880,0.012197,0.009078,0.105796
79890,0.035058,0.026492,0.171160
79900,0.030940,0.024125,0.153552
79910,0.000010,0.000028,0.000062
79920,0.029226,0.022330,0.133673
79930,0.012717,0.009647,0.123693
79940,0.031752,0.024494,0.163363
79950,0.024529,0.019366,0.160714
79960,0.037161,0.028550,0.172010
79970,0.041848,0.032598,0.176420
79980,0.047965,0.036889,0.194224
79990,0.016426,0.012584,0.137409
80000,0.018842,0.013704,0.117112
80010,0.043732,0.034163,0.190684
80020,0.034275,0.026402,0.162448
80030,0.020970,0.015772,0.137635
80040,0.044030,0.032225,0.201412
80050,0.034408,0.026843,0.169632
80060,0.020434,0.016031,0.141593
80070,0.045603,0.033833,0.202058
80080,0.001218,0.000835,0.076997
80090,0.024221,0.018650,0.113529
80100,0.034473,0.026888,0.164154
80110,0.065034,0.051638,0.237710
80120,0.011699,0.008369,0.055184
80130,0.016900,0.012691,0.132497
80140,0.008437,0.006292,0.099596
80150,0.046101,0.035750,0.180990
80160,0.000926,0.000845,0.071574
80170,0.007633,0.005906,0.038546
80180,0.003183,0.002355,0.022834
80190,0.018933,0.014206,0.146787
80200,0.025650,0.019384,0.135336
80210,0.011225,0.008188,0.124562
80220,0.016666,0.012616,0.109105
80230,0.029118,0.022137,0.150706
80240,0.009284,0.008021,0.156554
80250,0.020541,0.016288,0.104882
80260,0.030592,0.023091,0.156746
80270,0.000001,0.000002,0.000006
80280,0.026445,0.019931,0.150309
80290,0.018010,0.013859,0.089441
80300,0.019312,0.014597,0.130926
80310,0.031502,0.023522,0.154811
80320,0.034003,0.026599,0.155587
80330,0.041750,0.031721,0.164826
80340,0.032061,0.024435,0.155609
80350,0.013981,0.010329,0.110947
80360,0.009069,0.007012,0.082552
80370,0.033112,0.025943,0.163433
80380,0.046379,0.035726,0.191774
80390,0.021554,0.016597,0.136722
80400,0.012583,0.009571,0.101876
80410,0.013501,0.010253,0.111864
80420,0.049715,0.038888,0.214176
80430,0.013657,0.010111,0.122289
80440,0.012774,0.010402,0.094372
80450,0.045684,0.035186,0.189695
80460,0.025761,0.018316,0.199060
80470,0.024068,0.018250,0.111928
80480,0.017085,0.013072,0.132908
80490,0.020385,0.015793,0.092094
80500,0.017936,0.013547,0.106589
80510,0.013898,0.010646,0.109931
80520,0.016404,0.012677,0.137746
80530,0.023586,0.017903,0.131532
80540,0.064852,0.050921,0.233205
80550,0.031331,0.023619,0.150236
80560,0.062042,0.048142,0.224583
80570,0.038425,0.029005,0.170023
80580,0.000013,0.000004,0.000029
80590,0.043621,0.033212,0.181632
80600,0.049855,0.038392,0.200391
80610,0.044180,0.034232,0.205856
80620,0.014259,0.010973,0.098677
80630,0.017857,0.013327,0.134673
80640,0.041108,0.030983,0.181650
80650,0.023768,0.018171,0.142085
80660,0.037436,0.028841,0.175743
80670,0.046821,0.036035,0.190071
80680,0.028578,0.022767,0.151759
80690,0.040013,0.031079,0.181861
80700,0.026130,0.020318,0.144461
80710,0.041173,0.030300,0.195528
80720,0.010998,0.007802,0.129017
80730,0.044894,0.034986,0.201529
80740,0.034008,0.025014,0.164335
80750,0.017354,0.013124,0.117751
80760,0.045849,0.035048,0.200528
80770,0.019519,0.014123,0.158528
80780,0.037071,0.028470,0.169788
80790,0.025602,0.020086,0.133136
80800,0.074770,0.055506,0.329217
80810,0.015738,0.011850,0.109896
80820,0.031510,0.024560,0.157723
80830,0.029587,0.022960,0.147563
80840,0.023099,0.017972,0.131432
80850,0.024539,0.018960,0.141050
80860,0.045326,0.034687,0.185968
80870,0.018104,0.013737,0.128876
80880,0.024311,0.018336,0.133618
80890,0.018896,0.014948,0.122688
80900,0.042517,0.033100,0.189958
80910,0.019764,0.014500,0.106407
80920,0.032666,0.024800,0.170252
80930,0.007549,0.005401,0.111190
80940,0.030024,0.023237,0.129973
80950,0.060180,0.046260,0.223779
80960,0.037337,0.027758,0.165100
80970,0.022280,0.016514,0.137283
80980,0.016312,0.012365,0.096662
80990,0.019778,0.014180,0.136075
81000,0.048949,0.037706,0.192466
81010,0.025103,0.018729,0.135929
81020,0.020943,0.014645,0.120501
81030,0.015392,0.011865,0.107554
81040,0.013693,0.010138,0.109017
81050,0.024431,0.018254,0.140825
81060,0.027413,0.021510,0.135956
81070,0.013681,0.010581,0.140099
81080,0.030533,0.022896,0.152871
81090,0.022127,0.016484,0.132799
81100,0.029028,0.021129,0.152301
81110,0.029159,0.022233,0.155117
81120,0.034805,0.027328,0.177964
81130,0.007084,0.005527,0.049498
81140,0.025677,0.019316,0.134815
81150,0.006109,0.004837,0.070751
81160,0.005274,0.003868,0.129944
81170,0.011956,0.009168,0.109004
81180,0.023112,0.018128,0.141825
81190,0.023386,0.018012,0.117433
81200,0.031539,0.024018,0.155199
81210,0.023288,0.017239,0.163487
81220,0.012701,0.009441,0.102289
81230,0.016230,0.011712,0.145134
81240,0.034302,0.025775,0.171430
81250,0.026752,0.020537,0.140240
81260,0.039913,0.031177,0.176881
81270,0.007550,0.006210,0.097264
81280,0.002998,0.002928,0.033537
81290,0.119725,0.082231,0.327499
81300,0.023986,0.019414,0.116622
81310,0.010726,0.007990,0.099222
81320,0.021859,0.016743,0.141761
81330,0.027800,0.021435,0.132455
81340,0.024412,0.018664,0.139425
81350,0.012889,0.009944,0.063532
81360,0.027908,0.021707,0.148492
81370,0.033649,0.026381,0.155635
81380,0.029309,0.022369,0.147352
81390,0.030728,0.023697,0.153910
81400,0.021144,0.015969,0.126088
81410,0.037426,0.028636,0.170679
81420,0.034229,0.026254,0.151408
81430,0.013223,0.010195,0.101705
81440,0.022147,0.016390,0.124887
81450,0.035891,0.028105,0.169531
81460,0.025618,0.019444,0.143317
81470,0.034413,0.026665,0.157857
81480,0.050376,0.038705,0.200002
81490,0.058990,0.044824,0.234355
81500,0.031394,0.023134,0.161026
81510,0.028545,0.022315,0.146739
81520,0.003282,0.002380,0.136212
81530,0.006759,0.005786,0.052223
81540,0.015625,0.011965,0.106118
81550,0.025169,0.018973,0.130173
81560,0.029164,0.022563,0.135311
81570,0.035795,0.027562,0.168556
81580,0.024657,0.018600,0.139990
81590,0.039586,0.030134,0.172228
81600,0.029963,0.023114,0.164391
81610,0.015463,0.011693,0.120515
81620,0.038080,0.031445,0.186788
81630,0.040450,0.032318,0.162609
81640,0.033980,0.025811,0.130876
81650,0.011462,0.008598,0.240537
81660,0.035918,0.027126,0.168954
81670,0.027771,0.020748,0.149722
81680,0.030669,0.023922,0.170100
81690,0.036886,0.028595,0.168570
81700,0.027368,0.020105,0.140600
81710,0.020586,0.016222,0.117755
81720,0.024424,0.021166,0.114788
81730,0.040565,0.031230,0.175287
81740,0.021930,0.016079,0.135510
81750,0.032990,0.025206,0.169969
81760,0.024855,0.018726,0.144775
81770,0.050101,0.039111,0.204918
81780,0.023141,0.018136,0.104940
81790,0.030329,0.022975,0.156313
81800,0.012482,0.009309,0.097444
81810,0.018230,0.013526,0.130329
81820,0.040803,0.031509,0.152153
81830,0.008930,0.006756,0.054663
81840,0.044041,0.034624,0.185618
81850,0.031281,0.023683,0.152905
81860,0.069076,0.053258,0.246495
81870,0.021771,0.016687,0.130274
81880,0.033804,0.026110,0.160214
81890,0.001696,0.001281,0.152062
81900,0.027235,0.020640,0.136542
81910,0.024190,0.024800,0.169144
81920,0.046914,0.035550,0.197088
81930,0.034617,0.026448,0.161973
81940,0.032178,0.024777,0.163778
81950,0.015892,0.011874,0.120802
81960,0.049973,0.038289,0.202656
81970,0.046370,0.036177,0.192821
81980,0.020865,0.014864,0.143918
81990,0.047585,0.036615,0.178855
82000,0.006276,0.005085,0.135172
82010,0.034324,0.025964,0.155519
82020,0.024848,0.018328,0.144886
82030,0.021094,0.016208,0.146168
82040,0.012847,0.009509,0.099656
82050,0.020090,0.015196,0.125194
82060,0.027684,0.021124,0.126144
82070,0.036164,0.027180,0.187548
82080,0.002253,0.001461,0.098298
82090,0.019831,0.014895,0.093387
82100,0.037587,0.029204,0.146895
82110,0.023516,0.018115,0.137686
82120,0.033601,0.026017,0.148113
82130,0.014390,0.010743,0.081752
82140,0.015887,0.011512,0.118255
82150,0.032776,0.025941,0.144890
82160,0.029708,0.021958,0.160180
82170,0.037434,0.028743,0.166476
82180,0.022761,0.017847,0.110009
82190,0.022402,0.016463,0.149963
82200,0.034518,0.025984,0.143041
82210,0.047341,0.035887,0.196564
82220,0.045616,0.035983,0.190125
82230,0.011497,0.008905,0.101250
82240,0.009770,0.007263,0.093338
82250,0.029174,0.022367,0.154262
82260,0.011424,0.009179,0.050845
82270,0.022978,0.017178,0.151463
82280,0.015843,0.011950,0.120644
82290,0.016122,0.012262,0.136728
82300,0.038143,0.028932,0.175869
82310,0.041554,0.033038,0.183049
82320,0.056719,0.043988,0.209990
82330,0.032046,0.024616,0.154799
82340,0.029394,0.022582,0.147615
82350,0.032103,0.025067,0.170621
82360,0.019535,0.014343,0.134502
82370,0.021299,0.015872,0.129853
82380,0.008547,0.005676,0.160116
82390,0.028552,0.022582,0.132563
82400,0.034634,0.026492,0.175545
82410,0.028017,0.022017,0.164320
82420,0.018166,0.015755,0.098472
82430,0.003643,0.002771,0.131431
82440,0.014928,0.011126,0.103585
82450,0.023626,0.016921,0.154418
82460,0.051453,0.039673,0.204948
82470,0.020793,0.015875,0.115400
82480,0.039957,0.030247,0.187737
82490,0.036994,0.029924,0.178558
82500,0.029549,0.024306,0.159453
82510,0.029782,0.023015,0.153857
82520,0.016913,0.013210,0.087542
82530,0.023455,0.017922,0.137610
82540,0.038536,0.029784,0.166045
82550,0.037533,0.028784,0.155811
82560,0.036612,0.027629,0.163957
82570,0.027376,0.020359,0.140394
82580,0.012902,0.009860,0.127568
82590,0.016096,0.013106,0.119083
82600,0.024599,0.017550,0.146289
82610,0.030742,0.023359,0.152542
82620,0.023985,0.017808,0.146322
82630,0.047343,0.036102,0.177648
82640,0.027910,0.021322,0.117507
82650,0.029182,0.022539,0.145772
82660,0.004956,0.003821,0.111878
82670,0.015837,0.012173,0.109230
82680,0.027996,0.021294,0.125652
82690,0.026815,0.020453,0.140837
82700,0.034140,0.025421,0.168933
82710,0.032912,0.024337,0.150725
82720,0.025169,0.019312,0.136733
82730,0.020032,0.015119,0.086047
82740,0.048555,0.037933,0.195296
82750,0.024769,0.018601,0.141093
82760,0.022608,0.016767,0.137822
82770,0.022007,0.016174,0.137765
82780,0.030961,0.024164,0.150261
82790,0.022076,0.017006,0.141933
82800,0.023905,0.018577,0.151245
82810,0.036478,0.028024,0.159469
82820,0.008991,0.006848,0.074736
82830,0.046885,0.036289,0.195468
82840,0.024469,0.018287,0.140458
82850,0.021479,0.017195,0.130140
82860,0.020789,0.015710,0.129860
82870,0.019740,0.014923,0.124735
82880,0.027351,0.021398,0.151821
82890,0.021670,0.016530,0.126758
82900,0.016834,0.012874,0.126855
82910,0.030358,0.022908,0.160044
82920,0.023973,0.017974,0.145820
82930,0.043658,0.033137,0.167770
82940,0.021949,0.015828,0.139641
82950,0.008493,0.006103,0.111088
82960,0.018229,0.013768,0.122253
82970,0.037655,0.029119,0.178160
82980,0.058681,0.044583,0.212113
82990,0.034258,0.026997,0.177055
83000,0.020011,0.015483,0.142203
83010,0.009594,0.007343,0.085316
83020,0.030277,0.023377,0.133142
83030,0.015409,0.011395,0.118650
83040,0.040358,0.031404,0.177453
83050,0.018434,0.013746,0.127927
83060,0.064985,0.048347,0.254004
83070,0.030647,0.022925,0.157660
83080,0.027288,0.021003,0.153093
83090,0.042525,0.032985,0.187976
83100,0.002719,0.002561,0.019326
83110,0.036654,0.028038,0.167607
83120,0.001912,0.001448,0.100225
83130,0.042736,0.032790,0.183358
83140,0.034516,0.026411,0.145359
83150,0.030684,0.022732,0.156040
83160,0.028973,0.021923,0.145287
83170,0.048182,0.037727,0.219626
83180,0.003905,0.003642,0.089445
83190,0.028782,0.021477,0.137193
83200,0.021532,0.016803,0.153178
83210,0.027862,0.021570,0.136283
83220,0.022859,0.016704,0.136445
83230,0.012287,0.009447,0.070980
83240,0.047341,0.036620,0.192426
83250,0.048239,0.036952,0.202975
83260,0.031723,0.023510,0.154398
83270,0.010123,0.007750,0.107055
83280,0.034306,0.026691,0.168167
83290,0.031274,0.022256,0.246156
83300,0.014669,0.011270,0.120373
83310,0.041879,0.032379,0.190012
83320,0.014781,0.011189,0.085136
83330,0.036016,0.028069,0.176813
83340,0.037010,0.028281,0.171947
83350,0.033283,0.025378,0.169036
83360,0.033393,0.025474,0.158359
83370,0.021238,0.016189,0.147521
83380,0.011042,0.007821,0.111860
83390,0.018586,0.014064,0.134528
83400,0.020007,0.015574,0.103194
83410,0.003409,0.002369,0.114169
83420,0.002764,0.001953,0.074153
83430,0.030215,0.022873,0.150971
83440,0.025862,0.019846,0.133942
83450,0.007453,0.006015,0.134240
83460,0.022785,0.016529,0.156558
83470,0.016547,0.012572,0.127412
83480,0.016046,0.012164,0.129131
83490,0.026876,0.020217,0.148543
83500,0.011210,0.008289,0.072682
83510,0.052114,0.039851,0.216474
83520,0.058748,0.045477,0.228427
83530,0.018161,0.013807,0.086805
83540,0.014114,0.010287,0.107727
83550,0.020878,0.015658,0.140302
83560,0.028448,0.021392,0.145577
83570,0.045467,0.036395,0.206126
83580,0.019938,0.015743,0.132533
83590,0.018835,0.014422,0.141816
83600,0.016076,0.012150,0.095119
83610,0.033448,0.025580,0.159083
83620,0.016160,0.012669,0.072863
83630,0.001899,0.001463,0.020633
83640,0.057506,0.044224,0.231064
83650,0.030325,0.022769,0.147674
83660,0.046365,0.036586,0.198160
83670,0.018612,0.013347,0.144787
83680,0.002326,0.001681,0.066479
83690,0.039336,0.030321,0.176449
83700,0.036598,0.028072,0.161788
83710,0.009597,0.007195,0.063288
83720,0.032983,0.025291,0.162063
83730,0.022160,0.016292,0.137262
83740,0.021495,0.017574,0.122886
83750,0.010152,0.007792,0.106334
83760,0.015730,0.011732,0.107790
83770,0.003949,0.004116,0.378450
83780,0.028517,0.021381,0.149577
83790,0.036332,0.027609,0.161941
83800,0.029698,0.022767,0.152979
83810,0.015858,0.011783,0.128479
83820,0.036215,0.027872,0.165883
83830,0.044050,0.033878,0.192515
83840,0.021269,0.016094,0.129411
83850,0.048106,0.037198,0.190012
83860,0.035196,0.027986,0.141743
83870,0.008580,0.006156,0.064917
83880,0.010998,0.007572,0.141622
83890,0.049071,0.037498,0.197497
83900,0.021838,0.017135,0.151177
83910,0.051015,0.039114,0.202506
83920,0.041328,0.032039,0.159756
83930,0.004778,0.003269,0.090963
83940,0.027242,0.020631,0.141388
83950,0.024024,0.018381,0.147474
83960,0.023768,0.017771,0.137924
83970,0.026851,0.021671,0.156992
83980,0.008429,0.006074,0.063921
83990,0.040658,0.030667,0.180331
84000,0.016990,0.012898,0.121131
84010,0.046291,0.036034,0.184321
84020,0.022308,0.017597,0.135115
84030,0.015112,0.011061,0.129344
84040,0.021486,0.016379,0.125327
84050,0.029882,0.023329,0.135254
84060,0.019143,0.014682,0.117924
84070,0.017398,0.012915,0.114605
84080,0.014712,0.011046,0.083632
84090,0.036914,0.028034,0.192160
84100,0.021582,0.016341,0.128937
84110,0.042192,0.032484,0.175422
84120,0.026294,0.019759,0.145327
84130,0.058959,0.045068,0.220847
84140,0.005607,0.004319,0.188268
84150,0.017966,0.013431,0.122018
84160,0.004983,0.003529,0.100798
84170,0.025505,0.021201,0.144822
84180,0.003514,0.002758,0.161689
84190,0.023240,0.017715,0.098727
84200,0.014059,0.010688,0.111073
84210,0.043485,0.033302,0.180442
84220,0.013102,0.009735,0.109304
84230,0.018328,0.013875,0.125929
84240,0.030430,0.023569,0.148464
84250,0.031765,0.025491,0.173929
84260,0.013760,0.011378,0.153746
84270,0.026261,0.021879,0.130963
84280,0.007360,0.005469,0.052092
84290,0.027174,0.020324,0.108930
84300,0.021762,0.016559,0.132669
84310,0.004498,0.003256,0.039015
84320,0.031304,0.024502,0.152683
84330,0.036676,0.028122,0.185718
84340,0.038841,0.029617,0.160361
84350,0.033199,0.025605,0.167334
84360,0.003507,0.002056,0.290688
84370,0.043246,0.032525,0.195870
84380,0.008886,0.006691,0.105915
84390,0.032221,0.024354,0.171687
84400,0.000003,0.000003,0.000010
84410,0.026387,0.020637,0.152682
84420,0.036101,0.027969,0.165915
84430,0.005366,0.004017,0.110213
84440,0.022573,0.016818,0.135935
84450,0.009275,0.006312,0.138178
84460,0.031400,0.023913,0.157403
84470,0.051568,0.039302,0.204568
84480,0.020074,0.015259,0.125505
84490,0.042403,0.035331,0.176167
84500,0.018532,0.014045,0.122960
84510,0.037314,0.028784,0.176469
84520,0.016331,0.012012,0.137028
84530,0.010385,0.006976,0.147872
84540,0.008620,0.006257,0.093336
84550,0.032896,0.025312,0.158302
84560,0.036919,0.027741,0.167012
84570,0.004504,0.003505,0.105014
84580,0.004596,0.003385,0.032828
84590,0.021885,0.016999,0.088936
84600,0.030421,0.023258,0.156063
84610,0.028531,0.022267,0.158704
84620,0.020564,0.015907,0.124642
84630,0.043835,0.034338,0.180489
84640,0.019700,0.014432,0.124819
84650,0.025883,0.020431,0.161890
84660,0.017145,0.013363,0.122091
84670,0.028659,0.021506,0.146192
84680,0.024266,0.018388,0.102622
84690,0.046791,0.036598,0.205843
84700,0.030253,0.023164,0.156745
84710,0.030106,0.022632,0.142046
84720,0.021794,0.016596,0.110758
84730,0.062282,0.049106,0.230414
84740,0.031174,0.024649,0.120617
84750,0.021861,0.016771,0.149114
84760,0.013179,0.009539,0.095979
84770,0.013902,0.010181,0.118278
84780,0.040958,0.031435,0.180884
84790,0.016079,0.012649,0.100203
84800,0.027153,0.019182,0.137862
84810,0.019099,0.014462,0.131808
84820,0.016014,0.012361,0.064955
84830,0.045051,0.034252,0.195059
84840,0.019459,0.014463,0.118284
84850,0.009338,0.007440,0.071300
84860,0.024937,0.018602,0.139992
84870,0.050651,0.038253,0.202625
84880,0.017139,0.013049,0.127413
84890,0.002697,0.002312,0.153613
84900,0.006911,0.005384,0.150581
84910,0.015787,0.011744,0.115361
84920,0.039149,0.030301,0.157242
84930,0.037981,0.029426,0.179146
84940,0.023429,0.019015,0.150835
84950,0.010698,0.008265,0.058247
84960,0.023021,0.017032,0.145110
84970,0.019616,0.014943,0.115707
84980,0.028693,0.021519,0.141609
84990,0.049812,0.038805,0.207057
85000,0.011870,0.009012,0.102715
85010,0.027352,0.021049,0.139323
85020,0.032634,0.024629,0.163677
85030,0.042816,0.032672,0.190522
85040,0.012114,0.009166,0.100691
85050,0.015299,0.011428,0.112289
85060,0.036046,0.029239,0.173522
85070,0.011729,0.008565,0.109774
85080,0.024707,0.018345,0.131236
85090,0.026392,0.020968,0.132372
85100,0.048835,0.038557,0.197629
85110,0.040561,0.030434,0.180170
85120,0.032841,0.025547,0.159491
85130,0.007656,0.005714,0.105507
85140,0.022951,0.017869,0.133158
85150,0.031747,0.024490,0.142676
85160,0.024527,0.018552,0.133122
85170,0.040083,0.031575,0.180624
85180,0.015303,0.012124,0.111050
85190,0.034394,0.026320,0.161290
85200,0.015249,0.011500,0.108157
85210,0.035106,0.026684,0.164251
85220,0.035386,0.027358,0.144894
85230,0.033007,0.026000,0.165840
85240,0.016229,0.013867,0.164672
85250,0.034546,0.026648,0.156896
85260,0.015228,0.011643,0.112661
85270,0.035858,0.027811,0.171275
85280,0.041765,0.032682,0.180941
85290,0.029493,0.023206,0.155293
85300,0.015940,0.011395,0.129252
85310,0.048222,0.036116,0.211736
85320,0.039719,0.030228,0.178937
85330,0.037320,0.028840,0.165640
85340,0.016020,0.012097,0.110888
85350,0.028579,0.021616,0.149140
85360,0.045789,0.035547,0.183096
85370,0.015214,0.011111,0.081631
85380,0.035013,0.027212,0.145787
85390,0.010964,0.008072,0.121364
85400,0.019275,0.014877,0.122680
85410,0.022111,0.016666,0.137119
85420,0.017019,0.012171,0.130984
85430,0.004594,0.003534,0.097877
85440,0.013798,0.010786,0.128161
85450,0.013157,0.009918,0.162580
85460,0.035886,0.027810,0.146873
85470,0.022778,0.016613,0.145494
85480,0.010302,0.007602,0.104914
85490,0.019493,0.013798,0.146642
85500,0.040028,0.030359,0.178564
85510,0.011443,0.008887,0.104806
85520,0.017271,0.012820,0.109700
85530,0.028875,0.021977,0.148665
85540,0.030773,0.024150,0.168225
85550,0.028861,0.021359,0.167900
85560,0.005692,0.004246,0.079600
85570,0.024491,0.019052,0.143779
85580,0.040333,0.031378,0.182351
85590,0.035297,0.025810,0.168065
85600,0.031131,0.023840,0.160780
85610,0.046143,0.035518,0.195656
85620,0.018063,0.014115,0.108609
85630,0.009755,0.008300,0.097240
85640,0.052433,0.043249,0.215802
85650,0.032058,0.025919,0.184441
85660,0.024640,0.018622,0.136217
85670,0.020527,0.015804,0.080691
85680,0.019778,0.015244,0.112287
85690,0.012591,0.009765,0.110287
85700,0.024113,0.018251,0.110633
85710,0.002437,0.001812,0.075289
85720,0.012706,0.009716,0.100677
85730,0.036459,0.027228,0.166804
85740,0.036762,0.028680,0.172904
85750,0.041495,0.032907,0.168906
85760,0.041156,0.031307,0.182098
85770,0.016433,0.012519,0.108366
85780,0.022116,0.016822,0.148437
85790,0.010947,0.008310,0.112996
85800,0.035661,0.027374,0.159692
85810,0.050036,0.042468,0.219139
85820,0.028638,0.023165,0.133233
85830,0.012833,0.009823,0.100723
85840,0.035205,0.026755,0.159541
85850,0.033260,0.025609,0.152087
85860,0.006330,0.004886,0.107779
85870,0.036738,0.028635,0.170881
85880,0.017312,0.013557,0.081569
85890,0.002426,0.001875,0.062965
85900,0.028404,0.021805,0.147406
85910,0.033346,0.025148,0.144943
85920,0.021214,0.015907,0.128781
85930,0.001249,0.001021,0.108206
85940,0.010803,0.008623,0.063843
85950,0.033646,0.025520,0.156860
85960,0.012797,0.009177,0.112208
85970,0.012485,0.010224,0.060664
85980,0.011814,0.009642,0.079882
85990,0.022013,0.016420,0.142056
86000,0.022811,0.017311,0.130297
86010,0.022171,0.015848,0.147269
86020,0.015603,0.011386,0.137711
86030,0.018007,0.014668,0.077536
86040,0.034087,0.026701,0.176003
86050,0.027945,0.021492,0.152162
86060,0.019287,0.015023,0.095470
86070,0.028392,0.022280,0.148499
86080,0.013637,0.010852,0.114513
86090,0.048755,0.038124,0.201565
86100,0.023324,0.017907,0.139691
86110,0.015403,0.011281,0.116094
86120,0.038490,0.029950,0.169263
86130,0.039401,0.030004,0.169195
86140,0.003204,0.002416,0.123970
86150,0.028042,0.021500,0.157179
86160,0.021655,0.016133,0.127566
86170,0.011063,0.008798,0.068899
86180,0.030989,0.023686,0.137075
86190,0.033448,0.025549,0.155580
86200,0.038517,0.029748,0.178763
86210,0.029472,0.022390,0.134668
86220,0.052792,0.041668,0.206273
86230,0.010548,0.008211,0.086396
86240,0.034367,0.026870,0.152307
86250,0.000013,0.000005,0.000033
86260,0.031869,0.024098,0.137626
86270,0.049977,0.039017,0.211461
86280,0.038643,0.031086,0.185354
86290,0.042194,0.031170,0.177888
86300,0.034962,0.027553,0.174457
86310,0.029974,0.023020,0.149689
86320,0.034955,0.027076,0.163866
86330,0.014637,0.011421,0.085132
86340,0.034224,0.026450,0.166802
86350,0.022789,0.017933,0.108098
86360,0.034265,0.026922,0.173184
86370,0.023566,0.018225,0.135077
86380,0.028740,0.022222,0.113596
86390,0.029174,0.022014,0.147058
86400,0.040483,0.030828,0.172732
86410,0.029560,0.022722,0.156445
86420,0.021428,0.015076,0.135696
86430,0.016792,0.012481,0.133387
86440,0.035702,0.027859,0.167093
86450,0.008811,0.006846,0.126000
86460,0.007446,0.005491,0.109011
86470,0.067639,0.052297,0.240302
86480,0.056179,0.042268,0.206768
86490,0.021593,0.017221,0.127047
86500,0.014743,0.011057,0.117920
86510,0.020619,0.015673,0.128208
86520,0.031380,0.025044,0.128631
86530,0.048431,0.037533,0.181507
86540,0.031321,0.023769,0.149871
86550,0.039225,0.030642,0.180524
86560,0.013616,0.010483,0.097821
86570,0.030363,0.023761,0.156681
86580,0.030782,0.022605,0.156660
86590,0.032310,0.025652,0.166117
86600,0.024740,0.019677,0.151096
86610,0.036112,0.027904,0.147421
86620,0.033362,0.025664,0.164976
86630,0.028826,0.022171,0.151696
86640,0.042011,0.032513,0.160722
86650,0.031761,0.024873,0.149157
86660,0.015628,0.011771,0.077362
86670,0.014260,0.010206,0.071383
86680,0.000024,0.000173,0.000289
86690,0.031069,0.024496,0.154850
86700,0.014071,0.010490,0.215381
86710,0.039105,0.030637,0.159397
86720,0.016037,0.011732,0.128597
86730,0.030502,0.025388,0.151546
86740,0.010534,0.007825,0.102665
86750,0.033282,0.025875,0.145945
86760,0.022378,0.016966,0.132194
86770,0.038622,0.029440,0.169225
86780,0.020881,0.015268,0.125766
86790,0.042377,0.032493,0.181285
86800,0.035461,0.026652,0.171763
86810,0.023673,0.017838,0.131792
86820,0.027363,0.021113,0.123819
86830,0.032863,0.025891,0.162781
86840,0.035800,0.027528,0.181097
86850,0.031294,0.021566,0.152561
86860,0.013441,0.009700,0.110570
86870,0.052407,0.040483,0.211898
86880,0.021161,0.017381,0.128681
86890,0.015896,0.011770,0.123092
86900,0.029214,0.022471,0.101132
86910,0.005988,0.004368,0.082978
86920,0.065814,0.050471,0.244030
86930,0.039290,0.030052,0.157860
86940,0.042090,0.032036,0.178292
86950,0.015553,0.011361,0.117628
86960,0.014153,0.010565,0.114173
86970,0.011268,0.008282,0.116013
86980,0.022076,0.016803,0.141027
86990,0.022463,0.018011,0.129267
87000,0.037054,0.028191,0.161111
87010,0.012419,0.009332,0.117194
87020,0.042151,0.031804,0.194318
87030,0.016985,0.012461,0.117174
87040,0.017650,0.012996,0.127265
87050,0.021675,0.015946,0.149712
87060,0.044277,0.035204,0.189688
87070,0.033170,0.024969,0.168059
87080,0.026473,0.020463,0.119054
87090,0.029321,0.022714,0.138800
87100,0.020785,0.016221,0.134943
87110,0.023415,0.017792,0.133815
87120,0.019082,0.012855,0.215094
87130,0.045797,0.035574,0.204488
87140,0.007867,0.006237,0.127185
87150,0.021805,0.016906,0.124790
87160,0.014775,0.011392,0.112075
87170,0.008435,0.006356,0.067894
87180,0.014537,0.010854,0.131459
87190,0.038319,0.029763,0.164436
87200,0.027824,0.021343,0.136242
87210,0.037067,0.028722,0.166177
87220,0.025071,0.019418,0.130115
87230,0.043703,0.033678,0.171336
87240,0.041237,0.031134,0.182996
87250,0.039357,0.030247,0.181086
87260,0.025839,0.019970,0.145577
87270,0.016083,0.012796,0.123448
87280,0.028536,0.022137,0.120725
87290,0.016845,0.012678,0.112579
87300,0.029891,0.023147,0.152155
87310,0.026853,0.021523,0.127468
87320,0.017651,0.014668,0.134339
87330,0.040852,0.032187,0.180292
87340,0.005414,0.004020,0.096486
87350,0.041546,0.032107,0.185027
87360,0.027158,0.021086,0.144230
87370,0.035398,0.026248,0.189007
87380,0.008600,0.006456,0.083009
87390,0.025717,0.019927,0.139888
87400,0.040210,0.030179,0.178876
87410,0.023827,0.018915,0.151215
87420,0.034553,0.026301,0.164977
87430,0.041977,0.032064,0.181500
87440,0.028973,0.021923,0.153958
87450,0.023203,0.016970,0.139606
87460,0.011294,0.008486,0.121613
87470,0.033407,0.025269,0.161900
87480,0.032396,0.025474,0.140575
87490,0.024294,0.018729,0.123085
87500,0.032906,0.024932,0.162342
87510,0.020698,0.015908,0.145168
87520,0.026129,0.020125,0.141923
87530,0.016663,0.013057,0.123566
87540,0.041667,0.031833,0.181547
87550,0.043310,0.033526,0.192460
87560,0.045394,0.034566,0.196123
87570,0.001694,0.001104,0.106135
87580,0.040524,0.030664,0.170177
87590,0.028892,0.023351,0.134929
87600,0.024765,0.018920,0.119327
87610,0.030277,0.022668,0.150836
87620,0.013333,0.010175,0.122815
87630,0.019466,0.014512,0.140762
87640,0.019872,0.015124,0.136122
87650,0.006299,0.004848,0.125270
87660,0.020635,0.015827,0.091738
87670,0.013142,0.010050,0.100828
87680,0.031149,0.024612,0.155497
87690,0.025176,0.019681,0.152819
87700,0.024379,0.018495,0.136495
87710,0.020632,0.016307,0.080530
87720,0.017165,0.012927,0.127957
87730,0.031004,0.023566,0.160381
87740,0.015666,0.012342,0.118825
87750,0.035012,0.025807,0.175522
87760,0.018667,0.015312,0.073639
87770,0.017811,0.013852,0.123166
87780,0.008939,0.006216,0.059879
87790,0.051617,0.039886,0.200834
87800,0.002355,0.002143,0.193901
87810,0.031832,0.024269,0.152199
87820,0.035421,0.029691,0.180555
87830,0.024711,0.018666,0.135971
87840,0.008690,0.006427,0.052654
87850,0.014879,0.010933,0.131906
87860,0.017585,0.014074,0.117972
87870,0.012602,0.009331,0.105388
87880,0.013549,0.010100,0.155514
87890,0.027578,0.021113,0.151535
87900,0.022346,0.015163,0.175181
87910,0.026900,0.020569,0.142837
87920,0.024545,0.019567,0.163610
87930,0.048058,0.037467,0.208498
87940,0.012140,0.009359,0.119575
87950,0.044550,0.034427,0.185230
87960,0.021843,0.016753,0.133937
87970,0.016916,0.013161,0.088569
87980,0.025660,0.019634,0.149369
87990,0.014597,0.010612,0.127568
88000,0.032982,0.024864,0.137626
88010,0.013162,0.010149,0.085216
88020,0.005434,0.004117,0.183029
88030,0.023742,0.018462,0.140205
88040,0.022517,0.016953,0.129841
88050,0.003020,0.002509,0.111294
88060,0.015283,0.011819,0.086659
88070,0.024434,0.018734,0.143260
88080,0.026973,0.021688,0.164259
88090,0.038183,0.029695,0.171498
88100,0.026660,0.020098,0.149950
88110,0.018018,0.014041,0.144051
88120,0.024444,0.019246,0.140575
88130,0.014587,0.010690,0.120458
88140,0.002764,0.001874,0.128322
88150,0.044121,0.033564,0.188123
88160,0.044552,0.034066,0.198898
88170,0.036862,0.027208,0.169338
88180,0.009241,0.006922,0.082751
88190,0.015589,0.011886,0.078215
88200,0.032939,0.025693,0.170080
88210,0.005309,0.003903,0.083991
88220,0.034266,0.029039,0.152374
88230,0.023910,0.017987,0.152671
88240,0.031112,0.024293,0.155885
88250,0.024412,0.018266,0.137341
88260,0.012793,0.009183,0.105618
88270,0.024858,0.019209,0.126857
88280,0.023822,0.018333,0.137109
88290,0.020487,0.016045,0.125998
88300,0.024432,0.018909,0.141235
88310,0.028013,0.021558,0.159660
88320,0.000012,0.000022,0.000059
88330,0.020543,0.015744,0.137874
88340,0.017158,0.012411,0.122313
88350,0.043550,0.032895,0.184166
88360,0.015861,0.012814,0.116538
88370,0.005586,0.004548,0.088888
88380,0.021324,0.016157,0.121977
88390,0.028374,0.021828,0.146467
88400,0.056710,0.044270,0.215837
88410,0.009523,0.007187,0.103769
88420,0.018635,0.014634,0.090824
88430,0.012593,0.009525,0.113342
88440,0.061445,0.047963,0.226688
88450,0.017559,0.013683,0.085051
88460,0.010725,0.007531,0.118412
88470,0.031073,0.023225,0.149145
88480,0.015116,0.011029,0.145878
88490,0.013715,0.011035,0.109979
88500,0.029893,0.022010,0.155053
88510,0.009457,0.007374,0.084974
88520,0.030248,0.023906,0.145008
88530,0.033674,0.025658,0.169850
88540,0.044747,0.033978,0.186997
88550,0.020604,0.015864,0.118026
88560,0.029102,0.021784,0.156529
88570,0.015620,0.011643,0.121988
88580,0.039691,0.030827,0.155150
88590,0.043779,0.033653,0.171316
88600,0.021614,0.015888,0.161091
88610,0.045928,0.035258,0.190986
88620,0.014311,0.011219,0.081319
88630,0.007208,0.005571,0.108383
88640,0.032077,0.023507,0.150582
88650,0.021963,0.016372,0.134000
88660,0.013331,0.010450,0.121163
88670,0.033497,0.025666,0.163129
88680,0.035825,0.027282,0.161093
88690,0.023809,0.017633,0.137103
88700,0.068143,0.051714,0.242545
88710,0.026065,0.020005,0.172933
88720,0.019541,0.015267,0.108502
88730,0.024051,0.018275,0.137833
88740,0.011628,0.008740,0.072138
88750,0.005825,0.004721,0.103505
88760,0.033624,0.026040,0.163750
88770,0.013209,0.009974,0.104298
88780,0.046352,0.035597,0.188886
88790,0.023941,0.018238,0.136331
88800,0.032669,0.024295,0.173005
88810,0.054067,0.041341,0.212775
88820,0.023512,0.018398,0.126387
88830,0.009578,0.007435,0.117234
88840,0.021822,0.016960,0.143630
88850,0.027770,0.021306,0.154359
88860,0.039269,0.029832,0.183318
88870,0.039954,0.031072,0.173593
88880,0.041629,0.031912,0.165423
88890,0.018659,0.013648,0.138260
88900,0.010361,0.007254,0.183978
88910,0.003934,0.004015,0.026751
88920,0.049314,0.038382,0.195226
88930,0.033401,0.025359,0.169578
88940,0.019023,0.014179,0.118761
88950,0.011353,0.008503,0.107314
88960,0.014111,0.011045,0.119792
88970,0.059420,0.046714,0.223404
88980,0.009871,0.007380,0.101728
88990,0.024410,0.018951,0.111216
89000,0.017618,0.014044,0.138056
89010,0.040675,0.030866,0.180055
89020,0.015907,0.011281,0.133706
89030,0.006048,0.004638,0.043187
89040,0.043569,0.033707,0.201211
89050,0.000744,0.000555,0.096664
89060,0.024727,0.019082,0.148290
89070,0.028697,0.022121,0.152492
89080,0.020610,0.015505,0.125229
89090,0.041489,0.032348,0.179175
89100,0.013007,0.010242,0.085675
89110,0.027286,0.020909,0.110333
89120,0.025334,0.020313,0.127047
89130,0.020993,0.015834,0.136136
89140,0.005732,0.004158,0.109130
89150,0.023429,0.018105,0.144290
89160,0.033544,0.025348,0.136436
89170,0.032598,0.025555,0.141095
89180,0.020851,0.015821,0.099982
89190,0.036792,0.028222,0.164831
89200,0.027268,0.020791,0.144489
89210,0.026939,0.021359,0.154055
89220,0.032935,0.025696,0.155966
89230,0.028382,0.021299,0.122766
89240,0.016368,0.012144,0.130822
89250,0.025797,0.019098,0.154273
89260,0.046259,0.035432,0.169436
89270,0.028280,0.021785,0.126194
89280,0.044627,0.035748,0.192017
89290,0.021780,0.016991,0.093167
89300,0.010649,0.007248,0.121134
89310,0.025195,0.019644,0.114177
89320,0.032771,0.025022,0.177630
89330,0.034155,0.025294,0.174968
89340,0.045751,0.036012,0.195639
89350,0.022312,0.016531,0.148965
89360,0.000702,0.000629,0.039890
89370,0.042093,0.031776,0.179535
89380,0.010109,0.007806,0.095538
89390,0.030658,0.023484,0.138927
89400,0.061473,0.047828,0.246027
89410,0.014854,0.010774,0.128133
89420,0.031252,0.023860,0.150685
89430,0.045669,0.034142,0.195658
89440,0.039689,0.030699,0.171563
89450,0.022099,0.017088,0.131018
89460,0.002733,0.002176,0.112235
89470,0.022566,0.018372,0.158098
89480,0.013691,0.010729,0.106544
89490,0.022030,0.017161,0.115805
89500,0.036515,0.028457,0.164912
89510,0.021414,0.015097,0.196602
89520,0.031216,0.024150,0.140625
89530,0.037082,0.029643,0.187591
89540,0.041687,0.031521,0.176250
89550,0.001491,0.001013,0.166055
89560,0.027780,0.021353,0.136727
89570,0.056184,0.044853,0.213924
89580,0.028766,0.023032,0.132855
89590,0.037016,0.029002,0.178449
89600,0.021231,0.016509,0.143965
89610,0.027777,0.021035,0.143570
89620,0.048747,0.037569,0.181406
89630,0.035050,0.027129,0.177741
89640,0.034617,0.026529,0.161049
89650,0.035469,0.028592,0.155804
89660,0.014800,0.010672,0.083849
89670,0.007128,0.005453,0.054095
89680,0.002429,0.001935,0.074783
89690,0.030397,0.022988,0.142908
89700,0.029339,0.022347,0.157261
89710,0.004169,0.002985,0.062096
89720,0.024075,0.017867,0.156085
89730,0.041782,0.031447,0.184849
89740,0.024993,0.018714,0.113304
89750,0.027417,0.021426,0.120347
89760,0.018508,0.014083,0.140875
89770,0.018001,0.013760,0.118632
89780,0.003372,0.002477,0.081542
89790,0.009490,0.007389,0.104622
89800,0.030590,0.023131,0.144560
89810,0.037728,0.027462,0.169852
89820,0.012316,0.009481,0.105470
89830,0.034669,0.027933,0.158575
89840,0.014048,0.010807,0.114971
89850,0.012009,0.008556,0.108578
89860,0.000891,0.001069,0.151636
89870,0.034509,0.026185,0.162130
89880,0.018623,0.014030,0.122715
89890,0.021251,0.016369,0.126292
89900,0.030638,0.023906,0.156412
89910,0.011637,0.008745,0.109934
89920,0.027201,0.020597,0.146605
89930,0.015818,0.012462,0.111501
89940,0.012390,0.009397,0.116765
89950,0.055939,0.044390,0.218247
89960,0.015186,0.011559,0.100196
89970,0.016013,0.012184,0.111485
89980,0.036448,0.026803,0.172407
89990,0.017203,0.013078,0.131317
90000,0.013130,0.009650,0.129082
90010,0.055266,0.041919,0.209429
90020,0.025422,0.018669,0.140264
90030,0.008913,0.006577,0.116650
90040,0.035825,0.028298,0.152882
90050,0.045994,0.036653,0.192091
90060,0.056653,0.043006,0.218828
90070,0.025437,0.018801,0.141593
90080,0.012256,0.009140,0.105345
90090,0.038308,0.028771,0.180967
90100,0.011237,0.008176,0.103851
90110,0.009782,0.007272,0.088998
90120,0.023951,0.018785,0.154803
90130,0.012646,0.009451,0.075094
90140,0.060994,0.047621,0.227420
90150,0.029128,0.022099,0.160458
90160,0.019549,0.014901,0.139373
90170,0.040007,0.030595,0.169667
90180,0.032152,0.024922,0.139108
90190,0.021744,0.016102,0.140285
90200,0.011043,0.008093,0.113574
90210,0.033130,0.025926,0.138955
90220,0.040085,0.031240,0.164380
90230,0.004743,0.004892,0.224469
90240,0.030526,0.022841,0.160448
90250,0.027697,0.020806,0.147034
90260,0.023561,0.015946,0.158153
90270,0.026365,0.021149,0.148121
90280,0.030462,0.023179,0.162149
90290,0.019193,0.014235,0.095230
90300,0.041105,0.031837,0.173625
90310,0.025088,0.018826,0.154398
90320,0.024923,0.018392,0.134542
90330,0.022627,0.017896,0.118750
90340,0.020224,0.014831,0.138049
90350,0.027660,0.020819,0.138236
90360,0.025534,0.018997,0.133307
90370,0.037283,0.028759,0.173358
90380,0.018439,0.013899,0.106453
90390,0.027756,0.020918,0.117596
90400,0.007048,0.004938,0.117087
90410,0.022850,0.017867,0.144797
90420,0.028129,0.021670,0.138434
90430,0.010741,0.008024,0.106439
90440,0.048588,0.038240,0.183791
90450,0.045601,0.036298,0.204579
90460,0.031085,0.024216,0.169168
90470,0.021562,0.016633,0.136726
90480,0.014534,0.010128,0.115388
90490,0.021843,0.016750,0.133061
90500,0.013085,0.009754,0.101385
90510,0.049992,0.038200,0.194916
90520,0.026246,0.019676,0.154492
90530,0.024575,0.018738,0.139344
90540,0.020556,0.016522,0.146425
90550,0.033158,0.028059,0.167780
90560,0.005841,0.004291,0.050804
90570,0.025139,0.019790,0.128721
90580,0.017273,0.013347,0.092129
90590,0.018285,0.013760,0.120024
90600,0.027834,0.020956,0.156642
90610,0.036015,0.027614,0.170940
90620,0.035996,0.027647,0.165217
90630,0.026107,0.020223,0.146570
90640,0.033997,0.026512,0.155017
90650,0.028477,0.021967,0.150633
90660,0.029564,0.022514,0.152829
90670,0.009762,0.007543,0.098077
90680,0.012941,0.010123,0.122997
90690,0.026423,0.020240,0.126873
90700,0.012307,0.008958,0.073588
90710,0.021825,0.016272,0.122083
90720,0.036590,0.028424,0.161213
90730,0.016678,0.012883,0.119563
90740,0.034919,0.026202,0.164890
90750,0.030550,0.022754,0.153351
90760,0.036851,0.028576,0.156880
90770,0.020029,0.015218,0.123548
90780,0.034966,0.026653,0.174444
90790,0.040559,0.031191,0.184968
90800,0.019694,0.015009,0.121179
90810,0.044333,0.033679,0.195959
90820,0.014555,0.011433,0.086395
90830,0.016711,0.012929,0.109728
90840,0.002651,0.002042,0.029863
90850,0.022470,0.017135,0.140426
90860,0.021602,0.020381,0.151481
90870,0.041168,0.033303,0.178869
90880,0.010418,0.008070,0.154289
90890,0.035801,0.027018,0.195324
90900,0.022168,0.016975,0.140030
90910,0.034173,0.025445,0.157141
90920,0.011014,0.007862,0.102201
90930,0.043036,0.033329,0.186000
90940,0.027294,0.020618,0.140942
90950,0.017602,0.013501,0.126511
90960,0.048404,0.036964,0.199048
90970,0.032850,0.025564,0.157887
90980,0.034775,0.027248,0.167908
90990,0.025181,0.019467,0.129249
91000,0.033228,0.025831,0.150490
91010,0.024637,0.019118,0.156001
91020,0.037580,0.028699,0.186174
91030,0.023144,0.017554,0.128914
91040,0.008326,0.006724,0.103027
91050,0.040733,0.031220,0.168158
91060,0.029367,0.022954,0.172434
91070,0.050255,0.039135,0.203554
91080,0.006136,0.004516,0.133079
91090,0.042699,0.033185,0.173005
91100,0.022515,0.018324,0.133630
91110,0.031167,0.023751,0.147006
91120,0.023571,0.018430,0.113973
91130,0.010912,0.008859,0.056659
91140,0.021688,0.016445,0.132756
91150,0.034614,0.026307,0.162570
91160,0.011924,0.009174,0.103977
91170,0.020476,0.015796,0.121298
91180,0.014748,0.010670,0.135507
91190,0.016825,0.013224,0.126254
91200,0.020451,0.015689,0.124583
91210,0.008206,0.006357,0.099280
91220,0.013440,0.010055,0.116570
91230,0.001070,0.000789,0.090613
91240,0.017495,0.013426,0.143418
91250,0.016519,0.012459,0.111795
91260,0.029692,0.022987,0.149459
91270,0.004667,0.003424,0.106851
91280,0.038930,0.043241,0.127013
91290,0.015449,0.011098,0.116515
91300,0.023621,0.017809,0.130467
91310,0.040475,0.030670,0.183810
91320,0.047259,0.035985,0.192656
91330,0.009769,0.007309,0.149449
91340,0.023007,0.017467,0.139688
91350,0.010722,0.008943,0.103980
91360,0.018760,0.014856,0.093264
91370,0.023747,0.018102,0.141829
91380,0.031051,0.023964,0.149983
91390,0.018102,0.014010,0.083712
91400,0.027764,0.021228,0.147775
91410,0.029175,0.022154,0.144689
91420,0.038641,0.029579,0.174776
91430,0.000787,0.000844,0.181285
91440,0.014266,0.010992,0.083847
91450,0.013313,0.010027,0.104500
91460,0.035551,0.027746,0.143329
91470,0.018486,0.013948,0.128727
91480,0.021993,0.016418,0.127213
91490,0.004827,0.003639,0.089617
91500,0.027556,0.021103,0.162026
91510,0.010280,0.007887,0.070208
91520,0.014847,0.011262,0.118481
91530,0.023142,0.016825,0.145807
91540,0.013339,0.009738,0.110765
91550,0.007367,0.005182,0.137137
91560,0.028094,0.021548,0.112634
91570,0.024068,0.018283,0.143383
91580,0.038622,0.029778,0.161099
91590,0.019044,0.014164,0.128877
91600,0.010376,0.007909,0.096792
91610,0.011371,0.008809,0.095431
91620,0.028876,0.020522,0.102748
91630,0.017860,0.013249,0.134136
91640,0.039105,0.030313,0.154084
91650,0.037340,0.028634,0.167480
91660,0.034367,0.025541,0.163067
91670,0.020338,0.015495,0.131565
91680,0.035771,0.028156,0.178432
91690,0.037049,0.028817,0.165021
91700,0.017349,0.012995,0.110546
91710,0.037865,0.029111,0.168787
91720,0.017981,0.014748,0.122822
91730,0.016640,0.012248,0.113635
91740,0.037005,0.028001,0.161086
91750,0.073899,0.058292,0.255015
91760,0.019589,0.014747,0.134927
91770,0.045754,0.035431,0.188016
91780,0.003758,0.002609,0.031072
91790,0.021764,0.016403,0.148306
91800,0.020908,0.016024,0.143111
91810,0.033384,0.025148,0.164745
91820,0.049779,0.039239,0.204528
91830,0.030849,0.023811,0.132368
91840,0.015616,0.011672,0.112762
91850,0.021561,0.016177,0.138433
91860,0.043512,0.033315,0.184776
91870,0.027845,0.021397,0.145684
91880,0.034575,0.026649,0.163750
91890,0.038296,0.029073,0.159543
91900,0.030924,0.025025,0.165334
91910,0.015754,0.011496,0.130233
91920,0.019304,0.014374,0.103183
91930,0.013246,0.009977,0.129507
91940,0.028655,0.021006,0.149791
91950,0.010102,0.007632,0.074293
91960,0.024366,0.018625,0.162437
91970,0.010771,0.007792,0.108191
91980,0.025126,0.019270,0.107250
91990,0.037617,0.029003,0.186811
92000,0.011918,0.008950,0.098345
92010,0.029231,0.022554,0.125320
92020,0.034402,0.026863,0.165716
92030,0.010502,0.008191,0.085519
92040,0.016525,0.012125,0.132030
92050,0.012852,0.009859,0.081916
92060,0.027142,0.020474,0.148381
92070,0.025087,0.018952,0.113127
92080,0.033669,0.026553,0.162329
92090,0.013139,0.009843,0.111822
92100,0.033370,0.025056,0.157199
92110,0.000463,0.000328,0.094446
92120,0.031115,0.024664,0.145886
92130,0.034139,0.026332,0.163320
92140,0.039723,0.030666,0.185774
92150,0.012621,0.009160,0.109402
92160,0.010818,0.007519,0.122761
92170,0.003963,0.002985,0.114019
92180,0.022896,0.017291,0.103747
92190,0.015070,0.011039,0.113695
92200,0.026561,0.020461,0.133634
92210,0.031366,0.024218,0.154834
92220,0.046813,0.036286,0.175698
92230,0.022787,0.017741,0.124021
92240,0.006019,0.004124,0.149130
92250,0.013136,0.010443,0.113315
92260,0.000419,0.000321,0.071353
92270,0.009224,0.007911,0.061803
92280,0.003302,0.002717,0.028319
92290,0.019373,0.014787,0.095713
92300,0.013082,0.009980,0.097625
92310,0.016602,0.011932,0.118755
92320,0.054084,0.040914,0.226047
92330,0.025178,0.019245,0.132083
92340,0.005220,0.005613,0.108341
92350,0.001849,0.001689,0.067708
92360,0.038711,0.030203,0.177728
92370,0.049995,0.036875,0.166695
92380,0.025685,0.019463,0.128545
92390,0.033284,0.025804,0.165185
92400,0.017737,0.013426,0.120016
92410,0.036497,0.028172,0.172398
92420,0.040078,0.030732,0.175564
92430,0.018512,0.014260,0.136191
92440,0.024185,0.018902,0.155883
92450,0.003799,0.002573,0.170395
92460,0.027652,0.020274,0.145016
92470,0.020475,0.015107,0.127602
92480,0.035198,0.026887,0.139549
92490,0.036232,0.027380,0.165678
92500,0.017898,0.013477,0.112166
92510,0.041247,0.031330,0.194347
92520,0.005008,0.003772,0.197973
92530,0.036526,0.028686,0.163463
92540,0.026083,0.019827,0.149335
92550,0.001838,0.001831,0.124125
92560,0.031671,0.024403,0.152339
92570,0.038325,0.029827,0.178562
92580,0.052561,0.040858,0.190928
92590,0.020863,0.016260,0.136107
92600,0.022275,0.016780,0.137989
92610,0.000001,0.000002,0.000005
92620,0.006907,0.004630,0.075025
92630,0.037156,0.027826,0.177698
92640,0.016516,0.012234,0.682466
92650,0.029997,0.023036,0.160764
92660,0.051675,0.040041,0.194840
92670,0.030315,0.023058,0.157640
92680,0.024011,0.017473,0.151748
92690,0.022203,0.016713,0.128921
92700,0.023754,0.018562,0.136396
92710,0.028709,0.022579,0.154597
92720,0.013164,0.009799,0.109277
92730,0.025761,0.019139,0.137021
92740,0.041605,0.032359,0.177811
92750,0.019024,0.014840,0.095956
92760,0.020888,0.016010,0.127179
92770,0.041943,0.031491,0.188590
92780,0.026242,0.020259,0.144542
92790,0.033148,0.025964,0.173547
92800,0.027418,0.020516,0.149284
92810,0.020127,0.014631,0.152265
92820,0.015438,0.011540,0.112796
92830,0.019966,0.015024,0.102388
92840,0.014239,0.010734,0.112274
92850,0.030040,0.023699,0.137944
92860,0.029330,0.022287,0.145849
92870,0.020593,0.015822,0.132333
92880,0.016936,0.012732,0.119975
92890,0.028151,0.020650,0.148194
92900,0.019958,0.014881,0.129285
92910,0.023799,0.018271,0.155031
92920,0.029535,0.022987,0.144185
92930,0.018836,0.014482,0.074366
92940,0.049226,0.038108,0.194406
92950,0.033759,0.025574,0.160531
92960,0.024166,0.018066,0.137440
92970,0.031184,0.023519,0.165685
92980,0.012039,0.009107,0.126872
92990,0.027896,0.021141,0.144605
93000,0.032332,0.024557,0.155702
93010,0.047346,0.037205,0.198644
93020,0.013376,0.009800,0.114123
93030,0.027018,0.021328,0.149782
93040,0.019554,0.014831,0.077112
93050,0.004188,0.003355,0.022208
93060,0.040671,0.031587,0.179216
93070,0.001555,0.001522,0.278341
93080,0.050941,0.039390,0.184976
93090,0.032295,0.024874,0.162968
93100,0.025610,0.019118,0.137830
93110,0.004540,0.003494,0.073765
93120,0.025019,0.018966,0.109770
93130,0.029178,0.021646,0.145312
93140,0.005854,0.003953,0.132014
93150,0.029991,0.023094,0.133238
93160,0.020018,0.014833,0.128495
93170,0.016265,0.012120,0.109172
93180,0.025247,0.019010,0.137538
93190,0.039347,0.031622,0.173091
93200,0.003508,0.002474,0.132936
93210,0.034203,0.026586,0.148715
93220,0.034391,0.026716,0.158243
93230,0.014907,0.011343,0.079367
93240,0.023273,0.018899,0.120371
93250,0.021265,0.016281,0.136113
93260,0.025934,0.019564,0.148714
93270,0.028569,0.021483,0.152251
93280,0.024942,0.019271,0.142111
93290,0.053039,0.040725,0.215197
93300,0.047270,0.036576,0.197998
93310,0.009971,0.008218,0.087594
93320,0.014347,0.010688,0.100064
93330,0.038399,0.029636,0.173968
93340,0.027034,0.020966,0.139221
93350,0.030020,0.022892,0.148656
93360,0.024945,0.018849,0.095806
93370,0.030230,0.025053,0.186194
93380,0.026315,0.020447,0.122896
93390,0.007174,0.005540,0.093727
93400,0.016016,0.012010,0.082274
93410,0.020172,0.015556,0.131337
93420,0.031537,0.024466,0.141405
93430,0.015074,0.011676,0.132010
93440,0.036472,0.027519,0.175381
93450,0.027085,0.020882,0.141897
93460,0.013999,0.010944,0.122615
93470,0.011798,0.009053,0.102701
93480,0.029439,0.022328,0.161207
93490,0.030835,0.023410,0.149514
93500,0.006900,0.005239,0.078512
93510,0.021060,0.015678,0.152671
93520,0.010431,0.007818,0.092618
93530,0.031415,0.024699,0.143612
93540,0.017527,0.013258,0.116020
93550,0.031745,0.024237,0.157140
93560,0.012828,0.010265,0.082684
93570,0.038819,0.029797,0.178596
93580,0.022461,0.016651,0.151308
93590,0.046558,0.036889,0.181993
93600,0.000547,0.000578,0.001368
93610,0.016927,0.013188,0.096930
93620,0.012304,0.009038,0.087308
93630,0.000040,0.000227,0.000370
93640,0.023067,0.017470,0.140332
93650,0.023563,0.018766,0.116571
93660,0.021895,0.016390,0.123398
93670,0.010062,0.007298,0.129762
93680,0.012435,0.009595,0.110041
93690,0.008732,0.006824,0.118060
93700,0.031441,0.023403,0.152200
93710,0.057299,0.044100,0.231748
93720,0.023724,0.018120,0.137714
93730,0.051988,0.042986,0.209787
93740,0.029448,0.022641,0.145089
93750,0.037434,0.028963,0.143248
93760,0.026558,0.020089,0.149335
93770,0.037511,0.029351,0.171216
93780,0.031592,0.024142,0.136138
93790,0.005433,0.004232,0.130955
93800,0.029154,0.022446,0.159176
93810,0.028459,0.021356,0.151035
93820,0.038580,0.030064,0.172365
93830,0.023084,0.017334,0.144607
93840,0.036442,0.028502,0.173462
93850,0.033272,0.025389,0.138154
93860,0.019393,0.015042,0.151960
93870,0.017214,0.012600,0.127183
93880,0.017986,0.013479,0.130473
93890,0.017613,0.013138,0.124505
93900,0.015411,0.011502,0.112369
93910,0.056029,0.043970,0.201156
93920,0.025118,0.019451,0.146559
93930,0.001452,0.001169,0.136923
93940,0.036054,0.027631,0.184158
93950,0.026910,0.020099,0.118198
93960,0.025840,0.018906,0.146951
93970,0.037776,0.028472,0.168564
93980,0.007060,0.005289,0.131383
93990,0.011953,0.009002,0.089752
94000,0.028755,0.022827,0.146761
94010,0.014175,0.011207,0.087218
94020,0.052428,0.039959,0.209299
94030,0.037075,0.027710,0.172848
94040,0.045339,0.035257,0.191817
94050,0.012179,0.007731,0.085699
94060,0.013612,0.010283,0.097666
94070,0.015277,0.011503,0.117840
94080,0.025944,0.020079,0.139658
94090,0.012321,0.008823,0.103641
94100,0.027997,0.020886,0.154049
94110,0.034487,0.026472,0.166375
94120,0.029160,0.022471,0.145151
94130,0.031024,0.023701,0.161019
94140,0.037678,0.027791,0.155028
94150,0.005557,0.004213,0.046740
94160,0.022591,0.016863,0.103634
94170,0.057581,0.045436,0.224976
94180,0.015531,0.011174,0.110590
94190,0.021634,0.016533,0.083779
94200,0.027169,0.021104,0.145448
94210,0.042669,0.033824,0.187182
94220,0.006432,0.004996,0.120949
94230,0.017550,0.013109,0.124120
94240,0.017054,0.012966,0.068559
94250,0.026779,0.020504,0.147252
94260,0.030708,0.023607,0.117536
94270,0.014915,0.011480,0.132669
94280,0.033672,0.025556,0.153880
94290,0.030381,0.022955,0.156434
94300,0.032842,0.025755,0.156386
94310,0.011377,0.008558,0.099364
94320,0.033086,0.026453,0.151958
94330,0.032818,0.024585,0.161104
94340,0.009895,0.007095,0.107119
94350,0.029679,0.022754,0.150181
94360,0.027187,0.020999,0.149811
94370,0.036306,0.027956,0.170419
94380,0.016443,0.012153,0.126644
94390,0.026795,0.019872,0.150038
94400,0.005447,0.004065,0.094767
94410,0.033478,0.025697,0.163478
94420,0.013827,0.010295,0.112294
94430,0.030543,0.023529,0.164156
94440,0.011941,0.008925,0.102087
94450,0.027022,0.020197,0.158156
94460,0.033552,0.025417,0.167272
94470,0.018768,0.014154,0.118656
94480,0.019953,0.015558,0.147172
94490,0.021698,0.016686,0.122484
94500,0.017595,0.014174,0.083473
94510,0.031116,0.023010,0.168989
94520,0.051175,0.039628,0.201323
94530,0.031728,0.024223,0.130994
94540,0.029502,0.022815,0.147793
94550,0.054037,0.042545,0.208484
94560,0.010428,0.008143,0.307030
94570,0.024127,0.018500,0.121829
94580,0.034809,0.027236,0.178299
94590,0.033528,0.024950,0.156771
94600,0.020551,0.015109,0.168616
94610,0.017180,0.012827,0.119798
94620,0.038340,0.029512,0.176870
94630,0.031836,0.024291,0.159632
94640,0.018944,0.014999,0.150314
94650,0.022177,0.016563,0.166996
94660,0.025246,0.019532,0.141697
94670,0.013451,0.009842,0.106823
94680,0.008989,0.006854,0.094472
94690,0.025816,0.020208,0.117972
94700,0.026061,0.019301,0.144397
94710,0.012271,0.009183,0.110750
94720,0.021963,0.016776,0.140459
94730,0.023726,0.018374,0.134355
94740,0.026950,0.022393,0.107304
94750,0.020951,0.015899,0.123166
94760,0.019803,0.015148,0.122467
94770,0.040591,0.033658,0.174898
94780,0.048366,0.036913,0.197494
94790,0.015829,0.012006,0.081288
94800,0.022394,0.016902,0.109719
94810,0.020151,0.015227,0.125006
94820,0.040879,0.032094,0.181960
94830,0.026900,0.020703,0.123880
94840,0.029672,0.022181,0.151394
94850,0.002075,0.001496,0.084218
94860,0.019408,0.014718,0.141931
94870,0.000672,0.000544,0.220313
94880,0.012962,0.009065,0.125539
94890,0.013944,0.010947,0.086091
94900,0.004058,0.003097,0.088617
94910,0.023512,0.017980,0.137359
94920,0.045003,0.035231,0.187225
94930,0.001179,0.000889,0.191202
94940,0.031995,0.024600,0.166315
94950,0.016973,0.012841,0.117404
94960,0.040955,0.031319,0.167451
94970,0.015273,0.011353,0.127605
94980,0.030537,0.023138,0.167116
94990,0.034796,0.027858,0.175927
95000,0.008171,0.006561,0.049968
95010,0.031801,0.023857,0.153730
95020,0.023405,0.017956,0.158220
95030,0.016620,0.013322,0.168782
95040,0.020654,0.016249,0.126155
95050,0.012450,0.010044,0.067993
95060,0.012892,0.010110,0.084719
95070,0.007734,0.005647,0.075359
95080,0.024844,0.019439,0.108990
95090,0.029617,0.023096,0.146531
95100,0.016273,0.013386,0.085638
95110,0.019369,0.014772,0.132148
95120,0.069919,0.053618,0.266161
95130,0.032898,0.025013,0.162801
95140,0.020882,0.015785,0.121075
95150,0.026888,0.020987,0.144661
95160,0.027182,0.020851,0.120931
95170,0.017199,0.012886,0.070503
95180,0.016887,0.012615,0.126089
95190,0.012493,0.009612,0.114983
95200,0.014195,0.011053,0.067096
95210,0.029098,0.022371,0.145243
95220,0.031261,0.023460,0.127709
95230,0.029269,0.022194,0.151653
95240,0.023843,0.017696,0.134457
95250,0.018144,0.014264,0.111955
95260,0.044920,0.034288,0.186727
95270,0.044947,0.035037,0.189864
95280,0.051395,0.039537,0.204886
95290,0.064368,0.050544,0.231569
95300,0.027156,0.020206,0.154053
95310,0.027862,0.020717,0.156244
95320,0.035997,0.027074,0.171412
95330,0.049314,0.037786,0.198417
95340,0.027985,0.021536,0.157962
95350,0.014037,0.010553,0.128081
95360,0.044540,0.034276,0.189046
95370,0.034028,0.025615,0.152217
95380,0.015613,0.012112,0.136244
95390,0.033815,0.026013,0.164337
95400,0.017202,0.012544,0.093777
95410,0.020745,0.016856,0.125247
95420,0.044456,0.034105,0.190391
95430,0.013297,0.010501,0.062347
95440,0.029973,0.022994,0.147566
95450,0.037323,0.028273,0.180433
95460,0.023571,0.019163,0.146212
95470,0.024496,0.018918,0.138535
95480,0.030532,0.023735,0.136914
95490,0.031043,0.023694,0.134062
95500,0.023138,0.017208,0.136559
95510,0.027640,0.020846,0.127551
95520,0.040605,0.033553,0.183046
95530,0.001406,0.001028,0.259854
95540,0.035244,0.026743,0.166798
95550,0.042871,0.033758,0.180614
95560,0.035403,0.027124,0.164360
95570,0.002031,0.001406,0.191200
95580,0.033022,0.024529,0.173240
95590,0.028800,0.022137,0.151440
95600,0.034321,0.027401,0.144116
95610,0.026864,0.020516,0.135759
95620,0.017306,0.013328,0.117887
95630,0.019694,0.015954,0.102497
95640,0.013303,0.009965,0.106666
95650,0.019221,0.014258,0.127792
95660,0.017589,0.015036,0.186866
95670,0.036501,0.028417,0.160476
95680,0.022809,0.017107,0.157205
95690,0.035525,0.026670,0.182508
95700,0.024267,0.018299,0.141631
95710,0.015414,0.011560,0.114692
95720,0.027074,0.020156,0.139556
95730,0.018720,0.014261,0.117258
95740,0.021431,0.014711,0.174234
95750,0.058612,0.046440,0.207205
95760,0.023844,0.017599,0.139428
95770,0.048612,0.037082,0.199955
95780,0.039110,0.030282,0.156207
95790,0.021046,0.016185,0.126461
95800,0.023594,0.017898,0.117801
95810,0.055187,0.042391,0.219684
95820,0.008571,0.006123,0.133281
95830,0.054028,0.041687,0.209254
95840,0.014563,0.011181,0.111668
95850,0.004393,0.003438,0.116540
95860,0.023749,0.017092,0.139388
95870,0.032460,0.024429,0.155508
95880,0.022742,0.017584,0.129686
95890,0.032766,0.026007,0.154318
95900,0.026651,0.019856,0.143302
95910,0.038315,0.029223,0.177839
95920,0.005933,0.005112,0.031406
95930,0.023725,0.017638,0.135965
95940,0.036417,0.028000,0.169821
95950,0.005516,0.004119,0.108238
95960,0.041199,0.031901,0.183094
95970,0.020067,0.015334,0.123517
95980,0.025210,0.019435,0.168625
95990,0.006881,0.005134,0.127666
96000,0.019505,0.015333,0.096102
96010,0.029570,0.021651,0.168214
96020,0.023799,0.018096,0.136748
96030,0.020131,0.014645,0.144609
96040,0.060673,0.047579,0.224571
96050,0.025555,0.019543,0.146386
96060,0.029935,0.023149,0.152913
96070,0.037284,0.028255,0.170305
96080,0.012379,0.009462,0.136469
96090,0.030569,0.023262,0.160083
96100,0.015898,0.011819,0.111610
96110,0.060267,0.047286,0.225948
96120,0.020615,0.015769,0.140715
96130,0.034449,0.026814,0.142029
96140,0.023127,0.017459,0.145854
96150,0.003512,0.002595,0.034255
96160,0.040674,0.031222,0.175904
96170,0.044423,0.033616,0.186228
96180,0.026932,0.020436,0.156746
96190,0.012201,0.008831,0.123918
96200,0.040181,0.031189,0.182500
96210,0.013669,0.010227,0.117051
96220,0.025862,0.020002,0.134292
96230,0.055199,0.044019,0.225934
96240,0.006934,0.004958,0.086285
96250,0.033459,0.025703,0.162206
96260,0.029544,0.022353,0.168427
96270,0.007061,0.005014,0.112230
96280,0.025006,0.018859,0.139692
96290,0.040537,0.030510,0.179483
96300,0.028978,0.021631,0.153128
96310,0.030317,0.022991,0.145175
96320,0.037635,0.029500,0.171523
96330,0.013297,0.009891,0.097717
96340,0.033816,0.026544,0.146706
96350,0.052148,0.040909,0.200952
96360,0.018205,0.013880,0.102841
96370,0.004178,0.003219,0.112104
96380,0.043954,0.033963,0.184514
96390,0.020376,0.015152,0.118965
96400,0.032453,0.025122,0.157193
96410,0.034055,0.026538,0.151867
96420,0.038704,0.029726,0.172627
96430,0.021016,0.016021,0.163559
96440,0.006786,0.005216,0.087769
96450,0.023906,0.017944,0.127200
96460,0.033207,0.025640,0.154563
96470,0.033003,0.026145,0.179613
96480,0.004927,0.003630,0.049442
96490,0.034282,0.026625,0.145190
96500,0.037314,0.028742,0.177394
96510,0.014928,0.011900,0.132754
96520,0.044067,0.034298,0.184921
96530,0.039308,0.030031,0.188230
96540,0.039812,0.032500,0.169490
96550,0.015521,0.011664,0.122016
96560,0.014543,0.010493,0.136898
96570,0.019344,0.014266,0.095829
96580,0.026726,0.019875,0.112462
96590,0.010933,0.008692,0.117174
96600,0.025459,0.020105,0.141487
96610,0.040726,0.033512,0.193361
96620,0.015560,0.011889,0.091379
96630,0.033123,0.025598,0.162118
96640,0.016085,0.012276,0.080424
96650,0.032624,0.024383,0.167493
96660,0.032256,0.024621,0.159314
96670,0.017969,0.013044,0.135378
96680,0.010358,0.007571,0.103919
96690,0.037205,0.028547,0.168985
96700,0.007677,0.005344,0.045823
96710,0.037652,0.029130,0.170953
96720,0.035149,0.027189,0.140773
96730,0.021876,0.016761,0.124190
96740,0.048074,0.038119,0.207057
96750,0.012786,0.009930,0.110612
96760,0.038339,0.029480,0.174902
96770,0.049885,0.038585,0.206487
96780,0.025920,0.021024,0.164119
96790,0.020483,0.014801,0.122385
96800,0.029085,0.022048,0.150786
96810,0.022192,0.015890,0.141407
96820,0.029912,0.023738,0.118861
96830,0.020526,0.015215,0.100891
96840,0.024431,0.018676,0.137877
96850,0.005955,0.004261,0.112834
96860,0.027067,0.020843,0.141665
96870,0.006258,0.004245,0.065276
96880,0.026916,0.020762,0.177331
96890,0.016417,0.012688,0.108328
96900,0.039481,0.030721,0.158674
96910,0.011483,0.008497,0.105036
96920,0.023097,0.017889,0.142608
96930,0.034001,0.026023,0.155912
96940,0.025200,0.018892,0.156606
96950,0.021319,0.016699,0.152835
96960,0.019551,0.014577,0.090788
96970,0.034057,0.026464,0.165484
96980,0.029969,0.022699,0.153379
96990,0.007372,0.005862,0.104803
97000,0.030033,0.021974,0.154053
97010,0.021914,0.016656,0.139814
97020,0.012001,0.009183,0.062184
97030,0.022744,0.017030,0.136293
97040,0.011808,0.008858,0.122347
97050,0.029981,0.022462,0.155665
97060,0.019299,0.013079,0.139321
97070,0.025729,0.019399,0.142854
97080,0.020574,0.016299,0.136515
97090,0.034878,0.026826,0.175113
97100,0.021390,0.016448,0.102756
97110,0.037644,0.027888,0.179012
97120,0.045701,0.035021,0.196718
97130,0.037050,0.028653,0.170480
97140,0.024978,0.019125,0.126790
97150,0.052991,0.040683,0.197067
97160,0.024868,0.019388,0.152845
97170,0.055430,0.042821,0.205600
97180,0.021417,0.016020,0.126773
97190,0.020531,0.015711,0.120326
97200,0.020231,0.015667,0.110229
97210,0.023822,0.018326,0.131354
97220,0.007920,0.005814,0.064827
97230,0.028262,0.020452,0.140045
97240,0.034619,0.026134,0.171123
97250,0.021089,0.016347,0.138895
97260,0.023348,0.018972,0.093628
97270,0.051028,0.039427,0.205881
97280,0.011299,0.008242,0.059114
97290,0.011669,0.008641,0.107299
97300,0.038122,0.028953,0.175432
97310,0.029979,0.022756,0.121642
97320,0.024344,0.018866,0.106666
97330,0.045727,0.035036,0.202479
97340,0.011328,0.008592,0.111387
97350,0.029258,0.022652,0.163894
97360,0.036645,0.028025,0.175587
97370,0.037902,0.029196,0.164093
97380,0.017654,0.013363,0.113164
97390,0.042976,0.033504,0.187130
97400,0.062051,0.047934,0.229921
97410,0.020610,0.015845,0.155282
97420,0.036371,0.027949,0.172259
97430,0.022323,0.017191,0.126093
97440,0.014242,0.010390,0.124318
97450,0.038338,0.029567,0.152635
97460,0.024416,0.018107,0.133461
97470,0.046504,0.035085,0.196111
97480,0.020468,0.015740,0.124315
97490,0.012530,0.009473,0.109164
97500,0.021450,0.016696,0.135619
97510,0.031122,0.025222,0.174643
97520,0.011764,0.008163,0.164710
97530,0.015419,0.012064,0.077783
97540,0.043000,0.032753,0.187765
97550,0.027647,0.020702,0.147430
97560,0.038573,0.029858,0.163941
97570,0.020521,0.014939,0.149698
97580,0.000002,0.000009,0.000018
97590,0.026957,0.020655,0.145577
97600,0.022093,0.016562,0.147890
97610,0.015306,0.011304,0.112897
97620,0.027612,0.020801,0.128989
97630,0.027873,0.021261,0.147249
97640,0.034086,0.026080,0.160326
97650,0.037802,0.028258,0.181118
97660,0.025690,0.020026,0.140962
97670,0.026398,0.023652,0.150328
97680,0.040503,0.031453,0.152919
97690,0.000745,0.000780,0.141855
97700,0.048082,0.036940,0.200133
97710,0.015334,0.011237,0.108139
97720,0.023880,0.018197,0.130139
97730,0.026340,0.020235,0.143426
97740,0.025364,0.021184,0.119305
97750,0.025442,0.019050,0.141952
97760,0.040721,0.031313,0.176266
97770,0.024283,0.018326,0.141049
97780,0.035475,0.027899,0.159019
97790,0.023979,0.018898,0.144056
97800,0.049019,0.037658,0.211037
97810,0.032381,0.024383,0.167738
97820,0.057352,0.044725,0.232279
97830,0.035775,0.027875,0.165155
97840,0.015029,0.012092,0.090607
97850,0.017532,0.014006,0.124692
97860,0.011267,0.008171,0.112524
97870,0.023211,0.017947,0.130712
97880,0.030722,0.023656,0.147545
97890,0.056037,0.039506,0.257549
97900,0.031138,0.024797,0.137685
97910,0.036858,0.028392,0.167369
97920,0.020401,0.015344,0.129724
97930,0.007597,0.006576,0.070545
97940,0.019665,0.014736,0.132718
97950,0.038780,0.028374,0.175664
97960,0.025654,0.019182,0.145786
97970,0.020988,0.016719,0.100747
97980,0.024229,0.018290,0.138465
97990,0.023525,0.018103,0.139515
98000,0.014100,0.010268,0.111375
98010,0.016043,0.011205,0.146485
98020,0.045972,0.035510,0.189187
98030,0.034344,0.027072,0.152454
98040,0.036144,0.027974,0.168831
98050,0.016467,0.012854,0.111957
98060,0.018488,0.014041,0.114092
98070,0.025215,0.020391,0.145010
98080,0.034788,0.026813,0.140347
98090,0.017584,0.013155,0.120666
98100,0.038039,0.029709,0.178094
98110,0.028976,0.021650,0.123042
98120,0.026075,0.019573,0.140394
98130,0.043023,0.032950,0.181091
98140,0.047659,0.039765,0.201607
98150,0.040549,0.031104,0.179345
98160,0.017452,0.013243,0.109763
98170,0.032721,0.024868,0.164248
98180,0.025363,0.019317,0.152255
98190,0.007124,0.005657,0.044730
98200,0.012402,0.009560,0.100983
98210,0.028337,0.021210,0.146832
98220,0.012949,0.009921,0.090159
98230,0.015060,0.012206,0.087346
98240,0.033713,0.025708,0.149480
98250,0.013176,0.010152,0.105932
98260,0.044832,0.034736,0.182102
98270,0.022250,0.016975,0.111161
98280,0.024470,0.018412,0.140264
98290,0.031403,0.024126,0.169146
98300,0.017829,0.013758,0.127604
98310,0.029356,0.022311,0.140952
98320,0.042372,0.032107,0.184926
98330,0.009238,0.006898,0.119491
98340,0.014952,0.011308,0.103813
98350,0.019515,0.014530,0.126336
98360,0.002712,0.002096,0.144190
98370,0.033320,0.025555,0.165938
98380,0.014977,0.011253,0.121342
98390,0.042463,0.032691,0.191089
98400,0.046099,0.035560,0.196315
98410,0.027981,0.021220,0.146328
98420,0.041414,0.032149,0.155853
98430,0.017424,0.013692,0.122223
98440,0.035955,0.026840,0.168281
98450,0.022973,0.017828,0.113225
98460,0.018471,0.013410,0.145743
98470,0.023217,0.017698,0.123856
98480,0.018970,0.014533,0.143565
98490,0.019408,0.014848,0.142770
98500,0.028787,0.022200,0.153050
98510,0.008172,0.006088,0.120301
98520,0.035597,0.027534,0.172120
98530,0.035631,0.027313,0.179853
98540,0.014038,0.010939,0.078428
98550,0.022969,0.017026,0.129031
98560,0.001738,0.001166,0.063371
98570,0.001566,0.001166,0.088579
98580,0.023659,0.017977,0.137090
98590,0.007901,0.005752,0.091780
98600,0.037618,0.028906,0.171370
98610,0.054295,0.042619,0.213996
98620,0.020298,0.014257,0.090772
98630,0.005267,0.004241,0.072453
98640,0.024248,0.018245,0.141904
98650,0.031311,0.024022,0.154688
98660,0.026889,0.020385,0.136707
98670,0.006369,0.005097,0.105564
98680,0.020812,0.015240,0.117467
98690,0.018274,0.014447,0.085147
98700,0.006534,0.004223,0.157201
98710,0.020453,0.015659,0.116062
98720,0.009054,0.006511,0.107456
98730,0.026829,0.020834,0.147805
98740,0.032631,0.024474,0.161242
98750,0.030776,0.023675,0.134256
98760,0.016221,0.012096,0.069023
98770,0.013737,0.010185,0.113793
98780,0.034661,0.026584,0.140585
98790,0.024338,0.018347,0.123598
98800,0.029781,0.022737,0.147498
98810,0.021884,0.016758,0.138275
98820,0.036479,0.027346,0.178198
98830,0.017891,0.013844,0.093532
98840,0.028840,0.022692,0.159670
98850,0.016230,0.012742,0.121066
98860,0.016101,0.012116,0.131785
98870,0.012082,0.009738,0.076248
98880,0.012494,0.009146,0.132566
98890,0.016471,0.012431,0.116658
98900,0.033759,0.025813,0.133803
98910,0.012738,0.009165,0.100149
98920,0.047564,0.037709,0.198755
98930,0.041086,0.031431,0.178303
98940,0.023640,0.017873,0.146417
98950,0.037007,0.027637,0.167562
98960,0.041241,0.032201,0.169707
98970,0.019059,0.014416,0.104708
98980,0.010030,0.008038,0.095614
98990,0.030511,0.023678,0.147677
99000,0.027257,0.020286,0.145386
99010,0.032708,0.024302,0.140668
99020,0.047257,0.036706,0.188093
99030,0.007588,0.005101,0.282686
99040,0.015966,0.012991,0.089922
99050,0.041449,0.032152,0.170319
99060,0.025883,0.019275,0.150095
99070,0.019142,0.014871,0.122469
99080,0.000972,0.000867,0.010683
99090,0.008449,0.006552,0.152475
99100,0.043153,0.033911,0.173491
99110,0.019069,0.014282,0.107272
99120,0.024335,0.018879,0.117692
99130,0.030190,0.023559,0.128418
99140,0.034996,0.027378,0.166219
99150,0.012824,0.009741,0.068324
99160,0.041431,0.031571,0.181402
99170,0.012039,0.009326,0.101966
99180,0.030186,0.022649,0.138662
99190,0.014527,0.010531,0.133990
99200,0.037112,0.028540,0.175625
99210,0.026825,0.022693,0.144829
99220,0.043725,0.033347,0.182907
99230,0.023761,0.018213,0.135189
99240,0.027262,0.020355,0.143948
99250,0.021595,0.020278,0.131763
99260,0.026906,0.021574,0.123941
99270,0.038187,0.030157,0.171444
99280,0.025051,0.018665,0.136545
99290,0.036751,0.028224,0.139935
99300,0.032850,0.026518,0.165511
99310,0.040762,0.034754,0.187691
99320,0.024599,0.018402,0.143885
99330,0.020334,0.015518,0.130516
99340,0.007743,0.005526,0.048216
99350,0.051648,0.040122,0.200922
99360,0.042876,0.032930,0.179864
99370,0.017805,0.013812,0.116674
99380,0.032982,0.025692,0.133593
99390,0.031838,0.024662,0.159330
99400,0.022119,0.016228,0.142695
99410,0.016450,0.012928,0.091105
99420,0.017840,0.013512,0.111492
99430,0.038024,0.029671,0.170032
99440,0.040552,0.030761,0.170728
99450,0.023557,0.018079,0.133396
99460,0.029527,0.022573,0.145459
99470,0.027622,0.020997,0.145558
99480,0.029129,0.021369,0.152364
99490,0.018789,0.014087,0.123369
99500,0.028225,0.021026,0.151189
99510,0.019223,0.014711,0.109845
99520,0.012818,0.009504,0.108131
99530,0.028168,0.021203,0.145572
99540,0.052198,0.041008,0.206090
99550,0.017088,0.012708,0.112270
99560,0.016296,0.012137,0.074841
99570,0.017728,0.013628,0.085692
99580,0.029261,0.022074,0.135813
99590,0.042625,0.033237,0.177950
99600,0.034495,0.025582,0.170093
99610,0.037075,0.028566,0.164090
99620,0.006726,0.005559,0.035215
99630,0.047406,0.035958,0.211566
99640,0.020949,0.016209,0.132008
99650,0.036279,0.027817,0.166120
99660,0.024083,0.017856,0.134023
99670,0.037844,0.029547,0.183097
99680,0.023491,0.018092,0.131510
99690,0.046360,0.036443,0.180020
99700,0.023364,0.018401,0.132830
99710,0.022406,0.017375,0.176090
99720,0.018544,0.014047,0.098816
99730,0.021712,0.017058,0.099139
99740,0.004665,0.003800,0.081309
99750,0.039550,0.030487,0.176217
99760,0.022292,0.017973,0.147121
99770,0.052487,0.040057,0.209770
99780,0.013263,0.010020,0.098499
99790,0.010064,0.007457,0.118165
99800,0.020696,0.015795,0.132527
99810,0.014948,0.011058,0.112321
99820,0.004284,0.003335,0.105749
99830,0.033964,0.025748,0.149320
99840,0.017133,0.013307,0.080625
99850,0.025119,0.017720,0.139312
99860,0.025552,0.019484,0.123043
99870,0.053395,0.041393,0.206114
99880,0.017710,0.013455,0.125903
99890,0.020561,0.015762,0.129137
99900,0.026540,0.020921,0.141299
99910,0.016428,0.011846,0.119382
99920,0.016786,0.013116,0.119244
99930,0.011188,0.008423,0.110016
99940,0.040159,0.030758,0.171014
99950,0.024460,0.019365,0.131497
99960,0.024853,0.019104,0.121473
99970,0.040494,0.030997,0.174846
99980,0.001964,0.001443,0.115034
99990,0.017486,0.013448,0.124949
100000,0.018390,0.013783,0.124960
