iter,ce_loss,ds_loss,final_loss
10,0.044594,0.032584,0.737522
20,0.233547,0.245538,1.135222
30,0.067879,0.092849,0.742696
40,0.089923,0.109159,0.750079
50,0.164281,0.069820,0.579605
60,0.234589,0.122021,0.941266
70,0.316572,0.190211,1.009094
80,0.125031,0.097339,0.751935
90,0.105576,0.064657,0.591635
100,0.060041,0.046909,0.771550
110,0.010182,0.001431,0.020013
120,0.039610,0.024090,0.308988
130,0.038000,0.028807,0.262900
140,0.037561,0.027418,0.315336
150,0.036335,0.023578,0.616233
160,0.101141,0.069677,0.614524
170,0.001394,0.000970,0.004116
180,0.119734,0.099474,0.731386
190,0.011238,0.008300,0.631739
200,0.050616,0.033179,0.306516
210,0.044831,0.024946,0.335773
220,0.032214,0.020693,0.230704
230,0.030698,0.015004,0.590009
240,0.067785,0.048275,0.294554
250,0.067378,0.041931,0.365353
260,0.000202,0.000484,0.001190
270,0.033199,0.021967,0.208883
280,0.046047,0.037172,0.236036
290,0.048917,0.029274,0.253719
300,0.074976,0.044515,0.258043
310,0.000862,0.000884,0.003046
320,0.031044,0.019624,0.209854
330,0.025530,0.017200,0.182021
340,0.091580,0.074532,0.358171
350,0.039691,0.028300,0.248760
360,0.007907,0.004716,0.020930
370,0.193481,0.096867,0.803365
380,0.025404,0.020012,0.175164
390,0.018299,0.015227,0.691179
400,0.189516,0.137175,0.982813
410,0.035472,0.027695,0.197574
420,0.020844,0.016064,0.427545
430,0.009645,0.007974,0.145936
440,0.080729,0.062335,0.378546
450,0.047290,0.041427,0.178770
460,0.002183,0.001204,0.573296
470,0.035323,0.023544,0.150071
480,0.081370,0.056947,0.714153
490,0.170044,0.131887,0.490242
500,0.037142,0.025888,0.164741
510,0.005286,0.004293,0.015195
520,0.025723,0.020033,0.061449
530,0.078951,0.064373,0.385961
540,0.033730,0.021176,0.166223
550,0.019083,0.013343,0.132686
560,0.053454,0.040530,0.210381
570,0.137483,0.110680,0.457261
580,0.013360,0.008104,0.094528
590,0.013331,0.009762,0.105130
600,0.035939,0.030269,0.173418
610,0.060444,0.057507,0.297383
620,0.034026,0.029308,0.185563
630,0.002335,0.002245,0.075475
640,0.094151,0.101374,0.404249
650,0.052258,0.049246,0.229607
660,0.017578,0.013907,0.121576
670,0.011712,0.008342,0.106005
680,0.008580,0.006885,0.117931
690,0.050551,0.033799,0.152148
700,0.026261,0.019992,0.200809
710,0.007371,0.005139,0.224536
720,0.023534,0.014964,0.119228
730,0.062240,0.053170,0.280056
740,0.007162,0.003229,0.014220
750,0.000807,0.001135,0.042506
760,0.033754,0.021155,0.131573
770,0.032855,0.026096,0.223210
780,0.084555,0.063229,0.354051
790,0.005019,0.004313,0.124319
800,0.032062,0.015021,0.314990
810,0.075347,0.089436,0.356490
820,0.082635,0.063724,0.612672
830,0.090411,0.055675,0.440391
840,0.042016,0.029436,0.195164
850,0.014240,0.011702,0.100519
860,0.011433,0.009945,0.099538
870,0.002981,0.002555,0.071310
880,0.003374,0.003344,0.108821
890,0.033441,0.026300,0.534481
900,0.111833,0.096189,0.576107
910,0.037540,0.027617,0.179831
920,0.014010,0.012042,0.452171
930,0.001802,0.000984,0.143058
940,0.010601,0.007546,0.098263
950,0.020921,0.016450,0.260727
960,0.020312,0.016267,0.501194
970,0.163107,0.166941,0.618605
980,0.033869,0.032884,0.207373
990,0.004430,0.002388,0.558108
1000,0.137606,0.091053,0.394451
1010,0.031157,0.026453,0.291515
1020,0.014035,0.007389,0.072605
1030,0.038858,0.031239,0.210788
1040,0.024296,0.015249,0.116829
1050,0.017487,0.013734,0.105293
1060,0.047297,0.036593,0.750415
1070,0.012643,0.009419,0.090856
1080,0.001104,0.000657,0.141134
1090,0.011156,0.006024,0.051096
1100,0.001947,0.001675,0.050830
1110,0.222443,0.172943,0.718021
1120,0.013699,0.008396,0.120750
1130,0.018202,0.007187,0.037746
1140,0.001114,0.000942,0.132614
1150,0.052200,0.038257,0.721381
1160,0.080717,0.051722,0.289064
1170,0.033594,0.025287,0.220032
1180,0.015779,0.012873,0.131140
1190,0.091719,0.058065,0.329854
1200,0.018261,0.011833,0.165357
1210,0.039962,0.026653,0.157226
1220,0.015937,0.011167,0.582737
1230,0.032657,0.023503,0.147339
1240,0.062560,0.045785,0.431278
1250,0.011376,0.007662,0.145915
1260,0.006306,0.004685,0.071669
1270,0.041042,0.029872,0.230973
1280,0.019431,0.014849,0.115734
1290,0.007610,0.005921,0.073361
1300,0.025876,0.020413,0.119407
1310,0.037164,0.026104,0.253103
1320,0.017137,0.013103,0.120504
1330,0.401720,0.320996,1.138867
1340,0.092664,0.068083,0.432128
1350,0.010499,0.008806,0.044598
1360,0.026282,0.021176,0.192610
1370,0.016095,0.011216,0.094877
1380,0.027455,0.026004,0.714276
1390,0.001092,0.000807,0.281214
1400,0.015151,0.010778,0.122360
1410,0.014444,0.010121,0.134609
1420,0.026539,0.021883,0.203311
1430,0.002581,0.002151,0.012644
1440,0.022571,0.014781,0.044430
1450,0.003790,0.003263,0.048155
1460,0.002368,0.001516,0.660330
1470,0.004625,0.004535,0.012316
1480,0.000916,0.001556,0.004027
1490,0.000200,0.000137,0.000590
1500,0.010287,0.007177,0.116529
1510,0.031837,0.024960,0.245152
1520,0.039615,0.024762,0.192092
1530,0.005886,0.004858,0.114286
1540,0.000120,0.000052,0.000301
1550,0.004448,0.003422,0.057138
1560,0.021068,0.016114,0.123529
1570,0.034940,0.029183,0.207867
1580,0.048788,0.035545,0.232828
1590,0.074767,0.050983,0.280427
1600,0.040654,0.028860,0.087667
1610,0.020209,0.013575,0.106785
1620,0.007136,0.004836,0.298027
1630,0.034992,0.027578,0.293597
1640,0.039552,0.026445,0.171636
1650,0.013777,0.009529,0.147997
1660,0.007957,0.006671,0.027595
1670,0.021131,0.014938,0.107815
1680,0.005307,0.004102,0.025033
1690,0.001385,0.001908,0.089826
1700,0.032371,0.020388,0.197520
1710,0.001887,0.001209,0.375003
1720,0.058872,0.044460,0.247665
1730,0.025940,0.020432,0.178559
1740,0.028707,0.020476,0.111463
1750,0.007234,0.005435,0.089364
1760,0.052012,0.042295,0.181628
1770,0.037378,0.030919,0.233231
1780,0.010493,0.009211,0.100716
1790,0.024297,0.016375,0.137668
1800,0.000070,0.000061,0.000229
1810,0.017132,0.012912,0.093406
1820,0.037410,0.028668,0.138025
1830,0.037914,0.023794,0.515012
1840,0.005744,0.004417,0.150394
1850,0.022693,0.014292,0.202871
1860,0.008176,0.011272,0.308894
1870,0.008252,0.006938,0.575472
1880,0.154437,0.112151,0.932006
1890,0.041096,0.037728,0.185895
1900,0.003688,0.002854,0.048644
1910,0.012456,0.009340,0.079547
1920,0.001873,0.001713,0.176001
1930,0.175364,0.139606,0.647759
1940,0.000681,0.000624,0.657339
1950,0.021202,0.013762,0.109546
1960,0.000430,0.000370,0.248101
1970,0.029028,0.020449,0.110722
1980,0.004786,0.003511,0.051251
1990,0.000254,0.000156,0.000714
2000,0.023778,0.012486,0.044203
2010,0.109182,0.088980,0.569418
2020,0.077677,0.066617,0.292721
2030,0.027366,0.021078,0.147956
2040,0.002310,0.001983,0.412130
2050,0.025131,0.018107,0.152250
2060,0.163412,0.134468,0.966154
2070,0.021751,0.020123,0.180517
2080,0.003619,0.002197,0.140270
2090,0.008083,0.005745,0.088823
2100,0.025406,0.020448,0.255040
2110,0.012743,0.009105,0.216918
2120,0.047051,0.038513,0.203589
2130,0.014538,0.013246,0.082688
2140,0.002228,0.001638,0.006218
2150,0.038178,0.021373,0.161701
2160,0.018114,0.013039,0.099240
2170,0.008280,0.005963,0.131396
2180,0.014614,0.011472,0.083319
2190,0.045357,0.040137,0.412032
2200,0.030618,0.037915,0.093590
2210,0.000320,0.000208,0.000923
2220,0.063051,0.050930,0.245152
2230,0.036955,0.029196,0.121980
2240,0.016394,0.012113,0.682179
2250,0.031035,0.027071,0.167149
2260,0.008954,0.007256,0.097904
2270,0.012739,0.010098,0.224005
2280,0.050331,0.043752,0.230706
2290,0.091173,0.076726,0.366484
2300,0.007393,0.005939,0.233912
2310,0.011037,0.007834,0.057269
2320,0.007073,0.006814,0.171860
2330,0.005887,0.004644,0.052182
2340,0.097789,0.079243,0.329824
2350,0.020874,0.015474,0.469307
2360,0.007572,0.006335,0.064715
2370,0.019972,0.014371,0.115364
2380,0.009540,0.008073,0.292246
2390,0.005889,0.004621,0.060254
2400,0.048270,0.035542,0.742909
2410,0.020429,0.016870,0.105774
2420,0.047967,0.042508,0.196629
2430,0.000291,0.000385,0.001167
2440,0.019010,0.012055,0.229633
2450,0.015649,0.010586,0.129105
2460,0.004237,0.003938,0.128508
2470,0.016519,0.012470,0.070080
2480,0.030314,0.022036,0.199258
2490,0.018788,0.015907,0.087647
2500,0.000130,0.000059,0.000328
2510,0.032068,0.027300,0.224283
2520,0.010161,0.007248,0.079165
2530,0.025907,0.019591,0.125130
2540,0.003709,0.002819,0.034660
2550,0.013929,0.008364,0.106072
2560,0.183121,0.183842,0.628147
2570,0.049025,0.039467,0.145953
2580,0.000919,0.001093,0.542993
2590,0.175028,0.100686,0.582158
2600,0.000880,0.001007,0.258871
2610,0.006652,0.005042,0.057483
2620,0.007031,0.007284,0.087189
2630,0.003305,0.002415,0.061348
2640,0.017039,0.015699,0.685200
2650,0.017146,0.011524,0.058085
2660,0.013576,0.007939,0.422744
2670,0.113734,0.081503,0.377590
2680,0.014012,0.008300,0.080112
2690,0.000138,0.000115,0.000442
2700,0.000074,0.000050,0.000218
2710,0.000091,0.000070,0.000281
2720,0.024052,0.014899,0.124361
2730,0.003386,0.002287,0.061379
2740,0.016237,0.013276,0.075267
2750,0.010218,0.008647,0.077294
2760,0.053014,0.039011,0.373305
2770,0.000092,0.000072,0.000287
2780,0.018201,0.011975,0.569606
2790,0.030455,0.026478,0.181385
2800,0.085955,0.075194,0.510593
2810,0.034755,0.028739,0.146732
2820,0.004294,0.003971,0.101274
2830,0.014909,0.012356,0.337303
2840,0.000659,0.000982,0.002456
2850,0.002581,0.002396,0.048751
2860,0.039973,0.031256,0.324385
2870,0.002335,0.001957,0.212997
2880,0.000189,0.000056,0.000429
2890,0.009910,0.008665,0.136642
2900,0.000283,0.000328,0.000905
2910,0.008270,0.006671,0.060239
2920,0.005919,0.005865,0.077927
2930,0.006093,0.004724,0.072213
2940,0.020536,0.013889,0.114663
2950,0.021403,0.016828,0.112572
2960,0.014179,0.010282,0.141155
2970,0.025827,0.017768,0.381040
2980,0.003974,0.002437,0.074368
2990,0.008167,0.006945,0.376321
3000,0.002337,0.001920,0.013078
3010,0.091490,0.087029,0.283458
3020,0.002395,0.001875,0.038616
3030,0.012377,0.008859,0.038031
3040,0.000455,0.000175,0.001100
3050,0.000195,0.000181,0.000656
3060,0.007864,0.005683,0.056430
3070,0.011100,0.009749,0.080943
3080,0.040638,0.036544,0.187900
3090,0.019430,0.015949,0.133450
3100,0.019612,0.014504,0.555915
3110,0.007017,0.005201,0.064557
3120,0.000129,0.000148,0.000478
3130,0.048609,0.038342,0.229492
3140,0.004970,0.003141,0.050928
3150,0.003701,0.002374,0.077103
3160,0.003858,0.002601,0.080812
3170,0.001236,0.001304,0.658809
3180,0.062406,0.052310,0.267870
3190,0.004364,0.003413,0.045177
3200,0.010762,0.010592,0.210970
3210,0.020346,0.016916,0.144823
3220,0.017334,0.012888,0.102512
3230,0.027264,0.020803,0.133509
3240,0.026192,0.016301,0.239361
3250,0.013297,0.009327,0.499530
3260,0.018728,0.013269,0.147165
3270,0.036622,0.023637,0.248602
3280,0.004841,0.003601,0.065088
3290,0.034847,0.031095,0.115874
3300,0.017894,0.013008,0.067011
3310,0.002144,0.004251,0.008951
3320,0.008669,0.005844,0.073223
3330,0.002405,0.002339,0.025672
3340,0.013135,0.009345,0.089790
3350,0.029133,0.021510,0.163608
3360,0.063949,0.062703,0.237216
3370,0.018141,0.015787,0.072341
3380,0.011285,0.009242,0.026348
3390,0.006946,0.006161,0.056649
3400,0.024170,0.014625,0.044608
3410,0.000789,0.001494,0.003797
3420,0.017539,0.013619,0.191474
3430,0.007509,0.003633,0.305811
3440,0.003875,0.004466,0.098396
3450,0.023602,0.017673,0.133967
3460,0.018029,0.014531,0.341137
3470,0.093002,0.060422,0.416133
3480,0.009531,0.008325,0.046330
3490,0.669066,0.588901,1.917697
3500,0.006636,0.005166,0.054439
3510,0.022469,0.016196,0.149387
3520,0.007761,0.005690,0.069435
3530,0.039092,0.021339,0.183127
3540,0.008452,0.006622,0.070168
3550,0.000605,0.000473,0.655627
3560,0.002096,0.001375,0.005402
3570,0.055428,0.048855,0.217874
3580,0.015582,0.012581,0.156371
3590,0.014132,0.007536,0.074961
3600,0.143795,0.094097,0.597534
3610,0.015750,0.012299,0.136361
3620,0.002747,0.001912,0.051532
3630,0.009046,0.007285,0.672878
3640,0.000851,0.000647,0.002522
3650,0.021922,0.015318,0.096127
3660,0.008699,0.005319,0.081970
3670,0.000220,0.000286,0.000860
3680,0.010732,0.008994,0.075219
3690,0.000461,0.001035,0.002275
3700,0.026557,0.016712,0.161776
3710,0.018906,0.014506,0.157123
3720,0.051103,0.039108,0.282580
3730,0.018873,0.011196,0.457973
3740,0.008907,0.006514,0.177664
3750,0.018402,0.012883,0.101607
3760,0.007209,0.006733,0.077058
3770,0.022564,0.012379,0.039137
3780,0.014407,0.011071,0.099742
3790,0.036478,0.034529,0.190560
3800,0.013428,0.010436,0.121035
3810,0.014590,0.010857,0.167878
3820,0.005315,0.005084,0.034364
3830,0.004052,0.004244,0.028607
3840,0.019080,0.014629,0.107990
3850,0.021077,0.016286,0.108784
3860,0.005301,0.004187,0.045015
3870,0.037006,0.026036,0.160038
3880,0.009731,0.010587,0.063907
3890,0.037127,0.030531,0.106276
3900,0.033498,0.025818,0.415913
3910,0.010415,0.008755,0.082652
3920,0.011721,0.011258,0.072349
3930,0.006625,0.004872,0.058892
3940,0.006913,0.006091,0.134593
3950,0.019055,0.013067,0.135211
3960,0.002440,0.002402,0.037201
3970,0.009437,0.006572,0.072935
3980,0.053573,0.042063,0.290484
3990,0.002234,0.001596,0.541103
4000,0.006658,0.004186,0.193648
4010,0.023237,0.015550,0.685005
4020,0.000358,0.000522,0.001512
4030,0.012922,0.008191,0.669266
4040,0.006508,0.005354,0.053184
4050,0.001047,0.000682,0.002565
4060,0.009967,0.007458,0.351718
4070,0.018331,0.013305,0.118152
4080,0.021891,0.016505,0.114922
4090,0.017615,0.014514,0.066991
4100,0.140577,0.097147,0.492519
4110,0.010725,0.007810,0.068938
4120,0.007137,0.018138,0.320266
4130,0.000836,0.000629,0.029910
4140,0.000071,0.000028,0.000173
4150,0.008221,0.006252,0.067075
4160,0.000187,0.000471,0.001041
4170,0.062349,0.034681,0.166571
4180,0.025844,0.018376,0.700939
4190,0.013695,0.007808,0.449125
4200,0.010036,0.008370,0.044056
4210,0.007244,0.010780,0.023083
4220,0.042986,0.032713,0.198730
4230,0.016073,0.011743,0.256044
4240,0.008707,0.004564,0.309775
4250,0.001172,0.001049,0.195998
4260,0.008234,0.007286,0.102020
4270,0.013614,0.007616,0.135337
4280,0.010842,0.007280,0.123978
4290,0.006608,0.006588,0.111578
4300,0.002529,0.001839,0.146609
4310,0.100637,0.084714,0.343093
4320,0.079720,0.074187,0.275435
4330,0.043162,0.035202,0.652183
4340,0.020913,0.013840,0.605451
4350,0.000498,0.000425,0.289611
4360,0.000942,0.000760,0.159901
4370,0.094456,0.069585,0.391617
4380,0.002653,0.002379,0.073425
4390,0.001131,0.001117,0.162599
4400,0.006965,0.006589,0.160729
4410,0.010357,0.008604,0.103719
4420,0.036930,0.031132,0.142417
4430,0.020226,0.014721,0.115019
4440,0.017738,0.013288,0.111543
4450,0.007166,0.006844,0.038322
4460,0.006929,0.005999,0.073252
4470,0.007110,0.005573,0.664899
4480,0.004765,0.004144,0.097170
4490,0.005350,0.003930,0.078998
4500,0.028128,0.023760,0.154173
4510,0.016662,0.011815,0.099808
4520,0.023674,0.020417,0.113528
4530,0.011928,0.008492,0.088081
4540,0.025385,0.017824,0.220032
4550,0.000312,0.000367,0.038766
4560,0.012867,0.009991,0.106822
4570,0.005421,0.004287,0.054241
4580,0.001319,0.000948,0.049000
4590,0.014246,0.012395,0.116380
4600,0.142346,0.119253,0.523783
4610,0.009526,0.006140,0.204599
4620,0.005336,0.003528,0.123123
4630,0.006201,0.005238,0.072496
4640,0.005621,0.004371,0.087275
4650,0.014076,0.010087,0.077304
4660,0.012831,0.011165,0.088598
4670,0.047089,0.042159,0.187673
4680,0.013059,0.008783,0.092290
4690,0.011070,0.007947,0.091537
4700,0.009483,0.008377,0.076662
4710,0.004133,0.003413,0.054523
4720,0.006478,0.004654,0.064758
4730,0.009411,0.006925,0.063742
4740,0.031970,0.021194,0.434669
4750,0.033864,0.031762,0.074276
4760,0.003618,0.002238,0.027400
4770,0.000146,0.000358,0.000761
4780,0.016008,0.011394,0.098344
4790,0.002526,0.001847,0.134032
4800,0.009870,0.007456,0.059785
4810,0.000086,0.000077,0.000284
4820,0.000290,0.000281,0.656199
4830,0.033678,0.026989,0.115668
4840,0.003554,0.003254,0.047418
4850,0.005452,0.004873,0.666703
4860,0.014526,0.011537,0.145767
4870,0.072969,0.054523,0.255720
4880,0.073434,0.059437,0.215586
4890,0.001231,0.000970,0.062432
4900,0.023181,0.016634,0.315431
4910,0.053072,0.037801,0.203808
4920,0.002462,0.001900,0.023535
4930,0.001442,0.001232,0.007009
4940,0.068411,0.058052,0.247443
4950,0.011086,0.009035,0.676752
4960,0.008949,0.006313,0.062387
4970,0.032869,0.022987,0.150808
4980,0.002026,0.001113,0.004660
4990,0.016718,0.012773,0.124210
5000,0.012118,0.009326,0.097803
5010,0.016227,0.008263,0.319064
5020,0.012058,0.009835,0.087073
5030,0.015393,0.011270,0.094001
5040,0.023559,0.016448,0.103909
5050,0.001895,0.001464,0.041545
5060,0.006286,0.005141,0.065119
5070,0.029436,0.023027,0.114284
5080,0.007807,0.004153,0.014646
5090,0.002759,0.002045,0.041343
5100,0.009641,0.005892,0.269110
5110,0.004908,0.003875,0.044637
5120,0.006433,0.005061,0.051119
5130,0.008960,0.005862,0.077694
5140,0.015802,0.012079,0.100779
5150,0.000239,0.000213,0.000764
5160,0.000069,0.000038,0.000185
5170,0.001653,0.001703,0.395422
5180,0.005927,0.004316,0.051318
5190,0.061763,0.050245,0.251361
5200,0.002650,0.002249,0.047612
5210,0.039916,0.032329,0.193783
5220,0.005008,0.003575,0.054600
5230,0.024741,0.017108,0.147924
5240,0.005591,0.004247,0.063403
5250,0.023935,0.017828,0.090068
5260,0.001655,0.001136,0.028689
5270,0.005120,0.003973,0.392350
5280,0.002316,0.001044,0.004626
5290,0.021933,0.017663,0.105674
5300,0.004042,0.003806,0.055211
5310,0.038671,0.030898,0.194252
5320,0.006393,0.004693,0.072558
5330,0.006781,0.005061,0.052811
5340,0.017372,0.014885,0.100792
5350,0.019865,0.013491,0.087269
5360,0.001215,0.000956,0.029370
5370,0.046455,0.032270,0.164903
5380,0.002214,0.002081,0.014034
5390,0.000125,0.000185,0.000530
5400,0.013631,0.008882,0.086565
5410,0.008134,0.005976,0.320445
5420,0.011351,0.008653,0.071788
5430,0.026674,0.021451,0.102266
5440,0.014225,0.009922,0.152301
5450,0.005894,0.004666,0.050101
5460,0.000028,0.000013,0.000073
5470,0.008830,0.007764,0.056955
5480,0.017100,0.012823,0.093439
5490,0.012403,0.009110,0.087462
5500,0.022026,0.016361,0.080702
5510,0.032777,0.019096,0.109495
5520,0.019220,0.014299,0.131680
5530,0.012171,0.008871,0.241844
5540,0.007106,0.006165,0.101173
5550,0.011646,0.009482,0.052072
5560,0.003409,0.002351,0.265733
5570,0.006018,0.004414,0.058481
5580,0.020666,0.018177,0.091357
5590,0.003063,0.002203,0.017074
5600,0.015954,0.012354,0.080924
5610,0.049362,0.039166,0.173410
5620,0.016090,0.012411,0.113164
5630,0.027681,0.021485,0.097646
5640,0.000154,0.000146,0.000523
5650,0.000547,0.000427,0.001697
5660,0.004123,0.003422,0.042948
5670,0.013335,0.010322,0.082846
5680,0.002843,0.002923,0.275395
5690,0.010397,0.007686,0.068116
5700,0.017700,0.007434,0.554357
5710,0.030215,0.023791,0.137165
5720,0.009805,0.007461,0.066064
5730,0.001438,0.000985,0.007863
5740,0.006633,0.005751,0.060902
5750,0.001960,0.001063,0.025080
5760,0.001391,0.001061,0.023200
5770,0.000145,0.000110,0.000446
5780,0.009641,0.007321,0.157344
5790,0.005032,0.003964,0.045042
5800,0.003136,0.002412,0.026567
5810,0.002087,0.001754,0.310379
5820,0.003877,0.003529,0.009650
5830,0.064500,0.055237,0.213474
5840,0.005754,0.004632,0.081955
5850,0.006912,0.005390,0.055856
5860,0.003522,0.001503,0.306465
5870,0.008302,0.005973,0.283960
5880,0.019001,0.014138,0.090156
5890,0.001688,0.001534,0.014149
5900,0.033515,0.021707,0.225852
5910,0.004774,0.004816,0.377914
5920,0.008984,0.007092,0.071725
5930,0.000133,0.000077,0.000367
5940,0.004999,0.003401,0.139952
5950,0.002160,0.001965,0.183253
5960,0.006539,0.004285,0.354557
5970,0.001960,0.001581,0.023316
5980,0.003822,0.002961,0.050015
5990,0.006897,0.004651,0.031450
6000,0.034968,0.039967,0.227395
6010,0.006266,0.004026,0.053287
6020,0.026002,0.020781,0.345483
6030,0.002737,0.002393,0.221653
6040,0.012851,0.010046,0.049032
6050,0.006550,0.005497,0.052161
6060,0.023114,0.015711,0.209145
6070,0.000197,0.000164,0.000630
6080,0.011918,0.008187,0.101489
6090,0.026307,0.020759,0.199972
6100,0.003338,0.003272,0.037723
6110,0.006224,0.004824,0.063307
6120,0.002322,0.001718,0.024219
6130,0.028061,0.021803,0.127862
6140,0.010933,0.008930,0.048795
6150,0.004399,0.003395,0.043459
6160,0.000092,0.000035,0.000220
6170,0.021269,0.016851,0.123643
6180,0.120229,0.110136,0.722583
6190,0.007059,0.005685,0.056394
6200,0.003543,0.004212,0.081629
6210,0.000567,0.000596,0.550688
6220,0.004214,0.002518,0.231233
6230,0.043738,0.032434,0.177007
6240,0.001441,0.001123,0.041605
6250,0.000021,0.000012,0.000057
6260,0.015921,0.011701,0.147809
6270,0.000062,0.000063,0.000215
6280,0.002502,0.002080,0.094762
6290,0.010261,0.006935,0.591993
6300,0.061336,0.045038,0.168886
6310,0.000286,0.000092,0.000533
6320,0.001881,0.001679,0.154173
6330,0.004058,0.003370,0.105360
6340,0.015666,0.011961,0.081032
6350,0.017750,0.011670,0.172916
6360,0.006550,0.004364,0.665826
6370,0.009030,0.006972,0.313000
6380,0.003203,0.002170,0.066028
6390,0.000284,0.000144,0.000746
6400,0.000331,0.000254,0.295264
6410,0.001533,0.001376,0.004069
6420,0.023125,0.014682,0.112724
6430,0.001625,0.001635,0.090911
6440,0.006140,0.004456,0.051144
6450,0.000053,0.000047,0.000176
6460,0.001103,0.000944,0.074569
6470,0.098219,0.073786,0.326468
6480,0.004580,0.003364,0.052234
6490,0.008677,0.006810,0.672023
6500,0.011981,0.009097,0.075925
6510,0.015125,0.009931,0.165643
6520,0.001458,0.000953,0.037202
6530,0.019097,0.016180,0.121033
6540,0.003551,0.002769,0.019875
6550,0.012405,0.008641,0.104396
6560,0.000306,0.000212,0.000785
6570,0.005096,0.003728,0.238806
6580,0.006696,0.005885,0.062692
6590,0.008405,0.008448,0.071407
6600,0.012540,0.010716,0.126998
6610,0.012218,0.009373,0.060279
6620,0.036971,0.028934,0.443883
6630,0.000384,0.000471,0.018823
6640,0.005576,0.004547,0.013803
6650,0.000038,0.000029,0.000117
6660,0.002043,0.001614,0.057641
6670,0.003057,0.002503,0.032468
6680,0.005368,0.003673,0.659777
6690,0.002197,0.002044,0.604769
6700,0.060235,0.044323,0.176118
6710,0.039017,0.031352,0.190636
6720,0.094603,0.065817,0.313875
6730,0.049064,0.031147,0.203098
6740,0.006969,0.005053,0.050370
6750,0.000497,0.000408,0.040425
6760,0.043596,0.018763,0.254083
6770,0.008418,0.006539,0.057783
6780,0.009112,0.004730,0.104862
6790,0.012810,0.009368,0.100414
6800,0.002965,0.002165,0.117794
6810,0.002267,0.002576,0.151871
6820,0.003847,0.002974,0.059594
6830,0.000201,0.000124,0.000568
6840,0.015112,0.012086,0.075891
6850,0.010440,0.007607,0.064921
6860,0.059856,0.037158,0.607548
6870,0.026054,0.023748,0.158219
6880,0.013875,0.010620,0.108240
6890,0.006123,0.005047,0.059277
6900,0.010365,0.007226,0.056750
6910,0.065859,0.040781,0.229127
6920,0.000068,0.000059,0.000222
6930,0.003093,0.001480,0.034387
6940,0.000085,0.000026,0.000195
6950,0.037072,0.024355,0.094916
6960,0.007445,0.005874,0.052205
6970,0.007096,0.004795,0.096238
6980,0.009732,0.008681,0.053505
6990,0.022789,0.017587,0.093323
7000,0.013987,0.010930,0.058694
7010,0.203001,0.180730,0.620742
7020,0.001864,0.001795,0.024882
7030,0.002187,0.001654,0.047521
7040,0.003130,0.002354,0.044893
7050,0.003683,0.002988,0.070947
7060,0.022945,0.018149,0.115371
7070,0.046829,0.037020,0.591559
7080,0.015340,0.011446,0.072759
7090,0.005184,0.003421,0.067937
7100,0.003824,0.002878,0.020349
7110,0.008569,0.006242,0.296640
7120,0.016874,0.012119,0.089772
7130,0.002189,0.001936,0.057857
7140,0.021668,0.014996,0.081216
7150,0.001862,0.001245,0.233693
7160,0.008863,0.006727,0.042836
7170,0.020026,0.018516,0.696277
7180,0.022291,0.017542,0.143476
7190,0.018149,0.010833,0.032042
7200,0.009469,0.008115,0.077310
7210,0.032550,0.025248,0.101481
7220,0.006369,0.006174,0.669345
7230,0.003803,0.002904,0.047865
7240,0.027302,0.026957,0.147529
7250,0.011736,0.009717,0.080353
7260,0.013604,0.011894,0.477920
7270,0.005768,0.003977,0.040518
7280,0.000124,0.000109,0.000399
7290,0.005005,0.004200,0.086220
7300,0.024833,0.020106,0.100078
7310,0.005173,0.003705,0.098280
7320,0.002789,0.002410,0.064878
7330,0.009763,0.006889,0.071708
7340,0.004370,0.003466,0.050644
7350,0.024223,0.018662,0.147981
7360,0.000313,0.000270,0.068058
7370,0.000057,0.000026,0.000145
7380,0.004081,0.002458,0.030332
7390,0.004171,0.003453,0.038025
7400,0.017120,0.014107,0.076009
7410,0.018218,0.014163,0.104279
7420,0.027382,0.015180,0.198335
7430,0.070215,0.060932,0.311824
7440,0.007087,0.005064,0.052014
7450,0.004516,0.003253,0.098204
7460,0.003804,0.003002,0.048044
7470,0.059011,0.041799,0.397013
7480,0.013140,0.010422,0.049476
7490,0.004145,0.003416,0.119083
7500,0.005755,0.003935,0.252144
7510,0.000395,0.000256,0.001108
7520,0.027038,0.023615,0.096181
7530,0.008455,0.006397,0.068336
7540,0.049987,0.039877,0.212719
7550,0.040754,0.025730,0.145368
7560,0.000029,0.000095,0.000212
7570,0.009367,0.005694,0.056491
7580,0.011235,0.008187,0.137363
7590,0.009972,0.007609,0.074129
7600,0.021108,0.016246,0.154653
7610,0.002237,0.002321,0.050120
7620,0.030209,0.014549,0.387020
7630,0.015285,0.012486,0.051712
7640,0.002146,0.001586,0.012510
7650,0.010195,0.007469,0.664065
7660,0.082168,0.034138,0.140267
7670,0.015478,0.010594,0.646019
7680,0.019631,0.015036,0.090936
7690,0.000040,0.000028,0.000119
7700,0.012933,0.010801,0.067630
7710,0.020225,0.015072,0.115067
7720,0.000036,0.000018,0.000096
7730,0.000043,0.000019,0.000107
7740,0.003536,0.002764,0.043298
7750,0.055511,0.046849,0.559389
7760,0.017881,0.015933,0.104881
7770,0.001760,0.001811,0.006665
7780,0.006651,0.005226,0.058968
7790,0.014741,0.025528,0.101719
7800,0.014762,0.011181,0.098775
7810,0.008241,0.006439,0.086715
7820,0.049473,0.030907,0.154358
7830,0.006252,0.004439,0.220798
7840,0.000083,0.000031,0.000199
7850,0.020411,0.012037,0.101890
7860,0.007789,0.005139,0.168209
7870,0.006985,0.005363,0.056738
7880,0.012533,0.011169,0.067550
7890,0.002353,0.002089,0.027120
7900,0.001662,0.001434,0.618299
7910,0.001585,0.001602,0.130208
7920,0.005745,0.005352,0.080589
7930,0.006138,0.004996,0.278843
7940,0.017051,0.012263,0.111631
7950,0.011552,0.008326,0.062324
7960,0.000177,0.000184,0.000607
7970,0.007015,0.004573,0.079843
7980,0.022521,0.020964,0.076444
7990,0.009173,0.005758,0.200522
8000,0.003426,0.002694,0.040291
8010,0.000072,0.000068,0.000245
8020,0.007292,0.007342,0.088643
8030,0.016234,0.013519,0.083693
8040,0.010982,0.007192,0.222745
8050,0.001845,0.001483,0.241682
8060,0.004759,0.003632,0.038000
8070,0.024700,0.017714,0.160137
8080,0.070351,0.063645,0.234917
8090,0.007754,0.006170,0.050396
8100,0.009936,0.006597,0.259004
8110,0.000545,0.000675,0.656993
8120,0.003546,0.003294,0.165803
8130,0.000027,0.000011,0.000068
8140,0.017085,0.011647,0.105485
8150,0.003520,0.002730,0.042554
8160,0.021618,0.017932,0.098591
8170,0.012171,0.008900,0.082955
8180,0.009928,0.007107,0.072982
8190,0.007802,0.006449,0.070517
8200,0.006373,0.005155,0.102679
8210,0.007764,0.006046,0.061831
8220,0.068802,0.056572,0.246675
8230,0.020048,0.015895,0.131148
8240,0.007398,0.005734,0.058311
8250,0.005067,0.003693,0.055960
8260,0.016046,0.013123,0.090246
8270,0.002101,0.001652,0.045043
8280,0.012621,0.009553,0.071114
8290,0.003589,0.002671,0.122124
8300,0.012970,0.009222,0.073142
8310,0.007077,0.006181,0.078482
8320,0.005138,0.003621,0.059170
8330,0.010144,0.008307,0.059561
8340,0.000032,0.000034,0.000113
8350,0.007985,0.006336,0.043849
8360,0.147496,0.128736,0.523245
8370,0.006306,0.003211,0.012575
8380,0.008260,0.005527,0.095481
8390,0.002551,0.003797,0.661724
8400,0.015267,0.012627,0.684829
8410,0.003181,0.002371,0.231003
8420,0.080631,0.054313,0.305310
8430,0.000065,0.000055,0.000208
8440,0.011869,0.009142,0.038793
8450,0.002695,0.002024,0.037764
8460,0.012236,0.008204,0.076779
8470,0.049505,0.037125,0.180584
8480,0.001554,0.000834,0.013763
8490,0.002700,0.002248,0.206514
8500,0.006416,0.005879,0.038165
8510,0.008238,0.005704,0.056052
8520,0.009458,0.007254,0.060626
8530,0.007574,0.005348,0.059986
8540,0.000610,0.000497,0.043029
8550,0.015054,0.011465,0.068393
8560,0.001806,0.001310,0.092790
8570,0.000709,0.000623,0.084481
8580,0.018648,0.013233,0.607814
8590,0.011796,0.006985,0.104720
8600,0.005575,0.004270,0.052362
8610,0.013872,0.010070,0.062029
8620,0.006273,0.003537,0.334394
8630,0.000516,0.000364,0.026327
8640,0.006256,0.004503,0.062507
8650,0.011263,0.008314,0.051443
8660,0.010193,0.006873,0.073373
8670,0.000024,0.000020,0.000077
8680,0.024250,0.017643,0.088814
8690,0.000539,0.000527,0.040068
8700,0.014713,0.010828,0.079479
8710,0.002594,0.001917,0.318846
8720,0.005072,0.003901,0.061171
8730,0.000148,0.000081,0.000387
8740,0.002230,0.000990,0.258533
8750,0.022134,0.017235,0.085677
8760,0.010683,0.008274,0.063309
8770,0.022277,0.017117,0.098616
8780,0.030750,0.028019,0.717202
8790,0.000237,0.000191,0.113156
8800,0.009043,0.007081,0.130823
8810,0.003492,0.001998,0.244315
8820,0.008437,0.006197,0.069059
8830,0.001228,0.000919,0.052098
8840,0.022251,0.015818,0.073024
8850,0.000493,0.000384,0.656981
8860,0.004015,0.003185,0.058390
8870,0.011452,0.009707,0.678816
8880,0.000411,0.000500,0.001286
8890,0.016917,0.011443,0.101813
8900,0.016568,0.012367,0.082484
8910,0.084128,0.059427,0.204694
8920,0.021474,0.016883,0.093562
8930,0.000005,0.000002,0.000012
8940,0.041783,0.026902,0.176120
8950,0.004345,0.003331,0.013423
8960,0.005181,0.004176,0.046890
8970,0.009290,0.006243,0.146203
8980,0.007744,0.007633,0.053976
8990,0.010397,0.008068,0.077461
9000,0.006514,0.005439,0.072632
9010,0.009121,0.007250,0.054084
9020,0.001097,0.000642,0.108723
9030,0.000774,0.001009,0.161841
9040,0.000007,0.000004,0.000018
9050,0.001715,0.001399,0.048284
9060,0.007553,0.005088,0.037627
9070,0.007620,0.005686,0.055487
9080,0.005606,0.004022,0.038073
9090,0.007386,0.006585,0.225934
9100,0.004967,0.003417,0.050156
9110,0.005085,0.004393,0.024246
9120,0.006358,0.004271,0.068227
9130,0.013190,0.010632,0.084877
9140,0.016553,0.011663,0.102306
9150,0.030247,0.024744,0.260287
9160,0.005171,0.003878,0.074814
9170,0.004150,0.003150,0.058939
9180,0.000326,0.000514,0.052697
9190,0.002684,0.002007,0.056299
9200,0.032447,0.022986,0.163817
9210,0.000073,0.000019,0.000158
9220,0.000026,0.000011,0.000065
9230,0.029688,0.024055,0.133768
9240,0.008336,0.007721,0.412549
9250,0.035843,0.019998,0.159336
9260,0.006343,0.004681,0.085492
9270,0.002071,0.001534,0.074233
9280,0.000044,0.000013,0.000099
9290,0.030345,0.021332,0.148063
9300,0.006429,0.004926,0.055424
9310,0.004201,0.002998,0.030679
9320,0.000012,0.000011,0.000040
9330,0.002556,0.001989,0.082022
9340,0.003012,0.002260,0.038651
9350,0.002931,0.002270,0.037226
9360,0.028014,0.021657,0.126574
9370,0.009044,0.006862,0.061382
9380,0.002036,0.001427,0.046497
9390,0.009789,0.005243,0.110482
9400,0.002724,0.002509,0.014212
9410,0.027150,0.022055,0.099279
9420,0.023653,0.018887,0.099017
9430,0.010672,0.008421,0.096338
9440,0.049331,0.037439,0.161603
9450,0.011958,0.009504,0.065851
9460,0.006632,0.004628,0.056349
9470,0.012424,0.009793,0.071917
9480,0.015272,0.011971,0.058431
9490,0.006386,0.003866,0.165142
9500,0.002062,0.001606,0.012350
9510,0.017075,0.011181,0.133244
9520,0.007158,0.005453,0.056546
9530,0.007273,0.004594,0.182951
9540,0.000062,0.000678,0.001077
9550,0.042234,0.025639,0.285348
9560,0.004920,0.003563,0.044411
9570,0.000167,0.000154,0.000469
9580,0.001915,0.001681,0.149281
9590,0.005877,0.004819,0.205362
9600,0.010592,0.008124,0.104937
9610,0.001177,0.000814,0.607715
9620,0.035387,0.027557,0.122857
9630,0.000025,0.000020,0.000078
9640,0.002681,0.001537,0.052708
9650,0.000021,0.000008,0.000051
9660,0.009513,0.007029,0.080264
9670,0.008660,0.006897,0.055868
9680,0.006186,0.005001,0.047438
9690,0.018268,0.012565,0.088904
9700,0.038428,0.028999,0.726203
9710,0.000016,0.000009,0.000043
9720,0.003137,0.002327,0.075018
9730,0.030058,0.019393,0.271004
9740,0.001527,0.001242,0.088680
9750,0.003449,0.002657,0.043570
9760,0.006334,0.004905,0.115889
9770,0.023440,0.017772,0.096143
9780,0.019589,0.015039,0.108810
9790,0.000029,0.000012,0.000073
9800,0.000028,0.000007,0.000061
9810,0.006262,0.004848,0.052154
9820,0.000146,0.000094,0.000418
9830,0.005181,0.003531,0.092830
9840,0.023604,0.018186,0.082356
9850,0.002710,0.002030,0.058775
9860,0.010597,0.007657,0.076493
9870,0.001915,0.001744,0.056761
9880,0.002823,0.002628,0.016823
9890,0.000111,0.000044,0.000252
9900,0.001278,0.000778,0.043102
9910,0.003077,0.003176,0.019251
9920,0.009915,0.006747,0.073159
9930,0.000116,0.000134,0.656510
9940,0.008877,0.006793,0.046444
9950,0.010631,0.007598,0.065665
9960,0.000695,0.000526,0.656728
9970,0.001870,0.001518,0.034590
9980,0.001859,0.001414,0.034322
9990,0.007041,0.005461,0.080120
10000,0.013417,0.010443,0.058145
10010,0.000017,0.000016,0.000059
10020,0.000340,0.000290,0.099577
10030,0.017888,0.012650,0.087085
10040,0.009175,0.004844,0.438846
10050,0.016127,0.011245,0.614841
10060,0.007247,0.005576,0.056249
10070,0.001123,0.001056,0.126819
10080,0.077540,0.046228,0.352499
10090,0.002777,0.002714,0.049766
10100,0.001298,0.001435,0.115834
10110,0.020885,0.016897,0.087590
10120,0.011713,0.009210,0.069562
10130,0.008653,0.007108,0.204898
10140,0.002577,0.002644,0.055721
10150,0.043737,0.027663,0.184428
10160,0.052170,0.040625,0.214966
10170,0.005449,0.003634,0.073006
10180,0.004621,0.003927,0.031056
10190,0.006348,0.004386,0.175563
10200,0.014380,0.010746,0.071826
10210,0.007191,0.004378,0.287960
10220,0.002903,0.001979,0.081004
10230,0.026235,0.017984,0.224582
10240,0.004622,0.003259,0.052921
10250,0.014747,0.010487,0.075732
10260,0.006343,0.005254,0.036589
10270,0.019180,0.013524,0.076112
10280,0.012673,0.009133,0.078883
10290,0.023431,0.017704,0.103097
10300,0.000005,0.000002,0.000013
10310,0.011687,0.011363,0.104581
10320,0.000549,0.000380,0.026593
10330,0.043546,0.035975,0.158977
10340,0.008757,0.006927,0.068478
10350,0.005558,0.004119,0.126522
10360,0.197810,0.135873,0.507670
10370,0.013411,0.009196,0.082226
10380,0.000018,0.000011,0.000051
10390,0.000005,0.000004,0.000015
10400,0.000025,0.000065,0.000152
10410,0.006268,0.004440,0.178973
10420,0.016220,0.009174,0.030759
10430,0.000002,0.000001,0.000007
10440,0.001508,0.001333,0.659178
10450,0.001356,0.001221,0.090052
10460,0.004332,0.003602,0.041244
10470,0.000237,0.000195,0.134668
10480,0.013483,0.011121,0.065002
10490,0.022954,0.015862,0.117542
10500,0.023185,0.018050,0.123369
10510,0.004355,0.003327,0.032759
10520,0.013213,0.010234,0.089203
10530,0.017657,0.016861,0.085980
10540,0.007465,0.006585,0.030477
10550,0.004711,0.003605,0.019009
10560,0.044248,0.028549,0.651115
10570,0.010511,0.008474,0.064122
10580,0.001868,0.001407,0.041256
10590,0.014762,0.011122,0.054531
10600,0.008718,0.005876,0.039061
10610,0.011294,0.006453,0.471901
10620,0.002802,0.001901,0.100077
10630,0.006095,0.004661,0.053856
10640,0.006131,0.005582,0.045829
10650,0.006009,0.003905,0.011058
10660,0.008743,0.006544,0.060470
10670,0.003283,0.003243,0.030917
10680,0.004356,0.003116,0.047847
10690,0.015378,0.011318,0.097500
10700,0.011518,0.008647,0.069226
10710,0.009128,0.007421,0.052641
10720,0.022860,0.014432,0.135500
10730,0.003317,0.002526,0.044311
10740,0.003135,0.002390,0.036113
10750,0.001236,0.000877,0.016123
10760,0.004287,0.003614,0.058637
10770,0.016158,0.012698,0.082524
10780,0.009193,0.006645,0.061757
10790,0.003821,0.003008,0.029683
10800,0.008819,0.006040,0.080796
10810,0.010700,0.006888,0.072579
10820,0.006860,0.005418,0.055212
10830,0.000014,0.000012,0.000045
10840,0.001322,0.001127,0.073909
10850,0.009665,0.007759,0.062194
10860,0.063032,0.059200,0.394682
10870,0.012317,0.010804,0.055464
10880,0.002054,0.001714,0.038088
10890,0.014492,0.011655,0.077581
10900,0.001303,0.001070,0.007318
10910,0.012005,0.008733,0.132843
10920,0.014531,0.011406,0.085868
10930,0.013575,0.008501,0.050355
10940,0.007760,0.005795,0.055806
10950,0.031631,0.025944,0.166739
10960,0.003606,0.002861,0.038673
10970,0.000874,0.000777,0.032678
10980,0.004891,0.003479,0.027328
10990,0.003459,0.002601,0.108847
11000,0.000799,0.000556,0.052192
11010,0.000334,0.000285,0.656861
11020,0.004846,0.003552,0.047154
11030,0.018680,0.014602,0.074892
11040,0.005847,0.004840,0.030068
11050,0.015567,0.010989,0.094902
11060,0.007162,0.005073,0.046921
11070,0.046402,0.040243,0.168722
11080,0.016097,0.012935,0.081745
11090,0.000021,0.000004,0.000044
11100,0.013172,0.013309,0.081772
11110,0.010299,0.008653,0.071470
11120,0.034131,0.023011,0.165911
11130,0.034786,0.026503,0.162240
11140,0.000540,0.000458,0.094171
11150,0.015031,0.011601,0.080975
11160,0.010876,0.008393,0.067412
11170,0.012525,0.009786,0.104211
11180,0.010493,0.007851,0.040570
11190,0.074875,0.042761,0.437579
11200,0.017223,0.013243,0.081990
11210,0.001745,0.001304,0.064172
11220,0.015491,0.010103,0.076204
11230,0.001570,0.001113,0.032278
11240,0.010169,0.007799,0.068746
11250,0.000137,0.000173,0.000423
11260,0.007730,0.005943,0.052627
11270,0.016392,0.013333,0.058378
11280,0.027180,0.018705,0.105621
11290,0.009150,0.006987,0.054618
11300,0.014705,0.011151,0.092241
11310,0.000109,0.000444,0.000778
11320,0.000357,0.000201,0.000892
11330,0.001030,0.000854,0.658045
11340,0.006083,0.004066,0.059887
11350,0.005737,0.005213,0.420806
11360,0.000045,0.002281,0.002751
11370,0.019250,0.013490,0.063610
11380,0.005331,0.004398,0.039764
11390,0.045523,0.036825,0.161360
11400,0.003019,0.001562,0.454463
11410,0.006341,0.005007,0.043311
11420,0.001300,0.000997,0.086666
11430,0.022091,0.014980,0.101179
11440,0.009329,0.007023,0.088754
11450,0.016273,0.013979,0.081436
11460,0.011943,0.010619,0.077076
11470,0.002191,0.001883,0.063279
11480,0.014042,0.010087,0.089558
11490,0.007420,0.005506,0.055634
11500,0.020643,0.016701,0.119868
11510,0.007466,0.005698,0.026999
11520,0.016116,0.011472,0.082040
11530,0.016906,0.015582,0.082235
11540,0.019284,0.012939,0.074956
11550,0.000032,0.000012,0.000077
11560,0.045724,0.023860,0.178634
11570,0.006382,0.005161,0.028150
11580,0.010449,0.008004,0.065691
11590,0.003031,0.001953,0.022531
11600,0.009297,0.007334,0.651548
11610,0.005571,0.004441,0.044404
11620,0.000020,0.000007,0.000047
11630,0.067783,0.059706,0.235136
11640,0.002854,0.002066,0.038556
11650,0.011654,0.010202,0.063357
11660,0.010668,0.009229,0.141710
11670,0.001895,0.001476,0.016779
11680,0.000422,0.000341,0.082194
11690,0.058851,0.051299,0.244323
11700,0.001686,0.001369,0.016763
11710,0.012493,0.011728,0.071199
11720,0.035487,0.022064,0.237437
11730,0.005333,0.004105,0.046777
11740,0.022398,0.015631,0.099650
11750,0.019151,0.014456,0.099175
11760,0.000038,0.000043,0.000142
11770,0.027212,0.021902,0.122799
11780,0.016424,0.012613,0.066870
11790,0.017330,0.012753,0.060546
11800,0.011818,0.008778,0.052182
11810,0.007974,0.006372,0.046966
11820,0.006874,0.004775,0.063975
11830,0.003800,0.002851,0.044446
11840,0.017981,0.012613,0.059167
11850,0.000016,0.000006,0.000039
11860,0.000615,0.000555,0.028369
11870,0.007760,0.004802,0.056876
11880,0.026327,0.018941,0.106294
11890,0.000597,0.000360,0.148273
11900,0.013174,0.009401,0.103612
11910,0.006580,0.005000,0.067437
11920,0.006170,0.004580,0.070994
11930,0.001463,0.000870,0.035602
11940,0.009041,0.005584,0.111857
11950,0.009239,0.005088,0.089652
11960,0.011158,0.006657,0.406519
11970,0.020892,0.016734,0.201971
11980,0.002372,0.001849,0.219487
11990,0.001443,0.001254,0.089341
12000,0.019244,0.011164,0.492626
12010,0.040283,0.036083,0.147655
12020,0.007904,0.006397,0.056071
12030,0.007949,0.005878,0.083571
12040,0.000014,0.000005,0.000034
12050,0.008739,0.007195,0.068999
12060,0.010737,0.005573,0.118458
12070,0.000007,0.000009,0.000027
12080,0.001591,0.001293,0.015674
12090,0.004152,0.003518,0.030308
12100,0.020293,0.013587,0.109310
12110,0.006425,0.004330,0.093160
12120,0.020663,0.017621,0.112938
12130,0.003232,0.003143,0.171608
12140,0.009677,0.008141,0.038206
12150,0.008531,0.005848,0.072318
12160,0.013460,0.010109,0.081298
12170,0.002793,0.002155,0.062068
12180,0.018165,0.014355,0.074999
12190,0.008965,0.006997,0.054143
12200,0.001490,0.001160,0.009894
12210,0.013164,0.009704,0.059088
12220,0.005164,0.004283,0.054807
12230,0.014217,0.012169,0.062866
12240,0.015504,0.011206,0.072911
12250,0.002957,0.002508,0.068650
12260,0.013033,0.007733,0.092803
12270,0.000860,0.000606,0.013266
12280,0.021256,0.020492,0.699703
12290,0.005827,0.004638,0.041333
12300,0.007892,0.005357,0.232179
12310,0.006643,0.005404,0.046537
12320,0.010150,0.007914,0.060050
12330,0.008413,0.005726,0.072318
12340,0.006834,0.005238,0.055098
12350,0.013720,0.009590,0.119371
12360,0.000011,0.000005,0.000030
12370,0.001773,0.001869,0.253813
12380,0.000022,0.000010,0.000057
12390,0.008331,0.006181,0.051142
12400,0.030608,0.022637,0.146086
12410,0.009905,0.007395,0.067546
12420,0.073272,0.061120,0.273072
12430,0.004570,0.004370,0.073545
12440,0.000829,0.000651,0.021509
12450,0.014406,0.011104,0.070083
12460,0.003451,0.002110,0.011934
12470,0.000076,0.000020,0.000168
12480,0.037874,0.028002,0.123103
12490,0.048919,0.031653,0.179129
12500,0.021681,0.015316,0.200724
12510,0.181229,0.111503,0.527652
12520,0.000017,0.000023,0.000070
12530,0.005522,0.003807,0.066827
12540,0.000241,0.000215,0.122251
12550,0.000884,0.001062,0.002842
12560,0.004695,0.003529,0.041346
12570,0.003615,0.002744,0.038666
12580,0.012175,0.010612,0.087739
12590,0.005695,0.003898,0.030853
12600,0.004222,0.002864,0.085801
12610,0.006216,0.004900,0.065048
12620,0.000194,0.000155,0.243899
12630,0.035442,0.027753,0.203588
12640,0.027519,0.018804,0.123534
12650,0.000013,0.000004,0.000030
12660,0.005375,0.005008,0.062259
12670,0.012662,0.010045,0.064620
12680,0.026942,0.018628,0.226269
12690,0.000375,0.000284,0.035349
12700,0.011461,0.008933,0.056868
12710,0.015780,0.012872,0.060842
12720,0.006891,0.005340,0.056929
12730,0.016866,0.012346,0.076568
12740,0.007229,0.005582,0.067245
12750,0.033676,0.030687,0.117743
12760,0.068824,0.058087,0.238591
12770,0.007449,0.006250,0.029685
12780,0.025930,0.020228,0.093035
12790,0.004215,0.003186,0.046287
12800,0.008307,0.006221,0.053839
12810,0.019887,0.018085,0.092865
12820,0.000011,0.000007,0.000033
12830,0.030618,0.024993,0.151431
12840,0.010864,0.008252,0.086713
12850,0.003090,0.002302,0.036209
12860,0.003704,0.002572,0.646116
12870,0.024229,0.015107,0.118252
12880,0.000006,0.000003,0.000015
12890,0.005657,0.004399,0.057581
12900,0.000011,0.000006,0.000029
12910,0.006383,0.004708,0.075305
12920,0.020201,0.018947,0.068152
12930,0.029151,0.021813,0.172917
12940,0.004107,0.003089,0.040002
12950,0.017572,0.011298,0.085979
12960,0.015926,0.014379,0.183055
12970,0.000782,0.000551,0.046807
12980,0.003212,0.002339,0.079877
12990,0.005417,0.004252,0.045104
13000,0.000283,0.000248,0.085863
13010,0.014962,0.008258,0.150134
13020,0.020903,0.017829,0.101483
13030,0.001759,0.001366,0.032354
13040,0.009736,0.007692,0.042158
13050,0.000550,0.000453,0.098234
13060,0.002056,0.001688,0.045117
13070,0.012482,0.010329,0.074606
13080,0.004280,0.004168,0.037558
13090,0.001784,0.001376,0.089042
13100,0.019614,0.013948,0.100618
13110,0.001265,0.001403,0.024925
13120,0.007945,0.005687,0.157053
13130,0.007618,0.005604,0.051477
13140,0.003062,0.002682,0.024888
13150,0.004447,0.003744,0.031430
13160,0.015160,0.011384,0.069605
13170,0.011599,0.009320,0.085806
13180,0.000016,0.000019,0.000061
13190,0.016768,0.011993,0.088968
13200,0.014859,0.011225,0.080584
13210,0.004798,0.002843,0.050227
13220,0.025420,0.020248,0.119486
13230,0.004246,0.003189,0.025105
13240,0.003345,0.002222,0.048482
13250,0.044066,0.028584,0.157669
13260,0.023347,0.017017,0.109087
13270,0.009329,0.007250,0.061791
13280,0.009676,0.005621,0.210486
13290,0.000748,0.000567,0.014359
13300,0.002219,0.001309,0.224190
13310,0.020626,0.015118,0.095780
13320,0.000008,0.000011,0.000033
13330,0.002457,0.001957,0.176141
13340,0.006825,0.005411,0.065004
13350,0.018469,0.014911,0.102739
13360,0.006064,0.004461,0.047970
13370,0.007987,0.005280,0.051702
13380,0.002065,0.001449,0.074640
13390,0.002134,0.001614,0.023518
13400,0.006644,0.005363,0.054268
13410,0.007152,0.005083,0.055744
13420,0.000729,0.000769,0.073683
13430,0.005756,0.006072,0.029273
13440,0.009501,0.009270,0.035264
13450,0.003678,0.002842,0.045290
13460,0.014158,0.011056,0.116023
13470,0.014622,0.010354,0.079110
13480,0.001454,0.000731,0.042927
13490,0.004757,0.003414,0.054379
13500,0.001745,0.001656,0.072488
13510,0.005045,0.004076,0.054835
13520,0.010721,0.008590,0.060666
13530,0.005505,0.004007,0.063714
13540,0.009049,0.006803,0.081744
13550,0.000003,0.000004,0.000012
13560,0.005821,0.004051,0.031927
13570,0.002622,0.001528,0.005195
13580,0.009408,0.007085,0.114006
13590,0.004040,0.003110,0.070053
13600,0.000007,0.000005,0.000021
13610,0.008256,0.005982,0.063642
13620,0.011844,0.010745,0.071320
13630,0.032504,0.027093,0.141248
13640,0.016443,0.011562,0.170574
13650,0.000031,0.000057,0.000151
13660,0.004585,0.003725,0.045426
13670,0.008602,0.006307,0.127806
13680,0.000271,0.000512,0.001280
13690,0.002010,0.001478,0.070324
13700,0.003211,0.002514,0.042783
13710,0.000886,0.001375,0.096289
13720,0.006615,0.005564,0.036380
13730,0.020315,0.015597,0.083976
13740,0.006837,0.004925,0.066490
13750,0.024343,0.017404,0.090056
13760,0.018304,0.016410,0.099038
13770,0.003462,0.002212,0.082330
13780,0.005763,0.003809,0.037907
13790,0.031732,0.021590,0.087445
13800,0.075558,0.078871,0.211072
13810,0.023729,0.015425,0.121820
13820,0.002033,0.001390,0.087119
13830,0.012945,0.010599,0.091257
13840,0.002581,0.002412,0.016418
13850,0.015216,0.011791,0.074184
13860,0.022764,0.016024,0.112721
13870,0.023947,0.022009,0.105170
13880,0.007302,0.006616,0.029003
13890,0.001616,0.001349,0.021962
13900,0.005339,0.003852,0.037915
13910,0.011508,0.009538,0.059511
13920,0.008354,0.006339,0.052847
13930,0.009536,0.008979,0.086678
13940,0.027145,0.020737,0.210413
13950,0.000109,0.000081,0.026548
13960,0.004487,0.003341,0.039909
13970,0.001663,0.001530,0.030507
13980,0.018234,0.013391,0.077192
13990,0.007048,0.005508,0.052983
14000,0.017959,0.014277,0.086539
14010,0.004633,0.003449,0.034813
14020,0.059560,0.047042,0.232333
14030,0.001742,0.001259,0.078505
14040,0.017366,0.013457,0.082471
14050,0.001432,0.001065,0.082680
14060,0.016560,0.015184,0.101107
14070,0.005980,0.004086,0.045831
14080,0.021187,0.016950,0.096415
14090,0.001710,0.001576,0.081490
14100,0.009860,0.008324,0.042766
14110,0.008817,0.006992,0.065839
14120,0.000010,0.000005,0.000025
14130,0.006231,0.004146,0.045177
14140,0.005269,0.003667,0.054894
14150,0.003981,0.002934,0.041811
14160,0.042672,0.031976,0.144569
14170,0.007982,0.006067,0.168312
14180,0.006806,0.004909,0.069414
14190,0.009256,0.008391,0.087552
14200,0.008749,0.004759,0.108607
14210,0.007688,0.006046,0.051194
14220,0.016242,0.009646,0.070516
14230,0.007958,0.005637,0.103473
14240,0.000015,0.000004,0.000032
14250,0.018273,0.013985,0.110211
14260,0.015082,0.011192,0.073525
14270,0.009898,0.006109,0.039525
14280,0.016097,0.012508,0.096640
14290,0.027964,0.021869,0.094179
14300,0.006579,0.005121,0.058370
14310,0.005456,0.005033,0.060151
14320,0.002736,0.002858,0.014911
14330,0.002401,0.001981,0.041538
14340,0.009587,0.005324,0.431954
14350,0.009084,0.007195,0.062808
14360,0.010193,0.007777,0.065763
14370,0.105033,0.091054,0.363643
14380,0.016278,0.012128,0.685652
14390,0.007745,0.006328,0.061469
14400,0.010911,0.007178,0.068673
14410,0.016133,0.015057,0.094716
14420,0.003098,0.002341,0.014691
14430,0.056272,0.040038,0.221272
14440,0.003081,0.001947,0.085314
14450,0.012319,0.008543,0.327468
14460,0.016120,0.014196,0.452365
14470,0.017444,0.013457,0.096341
14480,0.004536,0.003375,0.061296
14490,0.000012,0.000002,0.000024
14500,0.004109,0.002928,0.034941
14510,0.002022,0.001637,0.016547
14520,0.004978,0.004102,0.277177
14530,0.005679,0.004466,0.055423
14540,0.004382,0.003875,0.083052
14550,0.010939,0.008672,0.051610
14560,0.000649,0.000723,0.136445
14570,0.014190,0.012702,0.083562
14580,0.003468,0.002503,0.041960
14590,0.011150,0.008946,0.087290
14600,0.000004,0.000003,0.000013
14610,0.007798,0.005383,0.094801
14620,0.009237,0.007254,0.044947
14630,0.000008,0.000012,0.000035
14640,0.005926,0.004677,0.023921
14650,0.001135,0.000770,0.067050
14660,0.010579,0.008308,0.125288
14670,0.001525,0.001191,0.042070
14680,0.000030,0.000028,0.000101
14690,0.003045,0.002470,0.047778
14700,0.002324,0.001797,0.034108
14710,0.008320,0.006417,0.050676
14720,0.010567,0.007742,0.083821
14730,0.010873,0.008030,0.064348
14740,0.009547,0.006593,0.059432
14750,0.007296,0.005400,0.055500
14760,0.000196,0.000154,0.066335
14770,0.023628,0.016748,0.109599
14780,0.004360,0.007391,0.069760
14790,0.011214,0.009090,0.067224
14800,0.006837,0.006145,0.036769
14810,0.009066,0.005086,0.056701
14820,0.003162,0.002489,0.039026
14830,0.000005,0.000003,0.000013
14840,0.009655,0.008699,0.156795
14850,0.016118,0.012037,0.086504
14860,0.028289,0.019378,0.127507
14870,0.013356,0.010109,0.098952
14880,0.016379,0.010434,0.100077
14890,0.015609,0.012247,0.072927
14900,0.009069,0.007087,0.075338
14910,0.012899,0.008676,0.084102
14920,0.005705,0.004535,0.040400
14930,0.004339,0.003312,0.047701
14940,0.005123,0.005201,0.029103
14950,0.150237,0.086673,0.628952
14960,0.014823,0.010415,0.028651
14970,0.007554,0.005334,0.081064
14980,0.014215,0.010028,0.184869
14990,0.002595,0.001977,0.061060
15000,0.003343,0.002599,0.040557
15010,0.002556,0.002121,0.010863
15020,0.000002,0.000000,0.000003
15030,0.032957,0.020231,0.713045
15040,0.007415,0.005725,0.050004
15050,0.007497,0.006447,0.037729
15060,0.012018,0.008605,0.079506
15070,0.013652,0.011699,0.064567
15080,0.011416,0.009229,0.058887
15090,0.004133,0.003932,0.025459
15100,0.059774,0.041126,0.178025
15110,0.002867,0.002603,0.019676
15120,0.005897,0.004558,0.061723
15130,0.008580,0.006596,0.057333
15140,0.007080,0.005677,0.029761
15150,0.008670,0.005181,0.069447
15160,0.000223,0.000194,0.014403
15170,0.018645,0.016081,0.082612
15180,0.012811,0.011012,0.051877
15190,0.007713,0.005304,0.059874
15200,0.020612,0.015102,0.094873
15210,0.004559,0.004913,0.033446
15220,0.009741,0.008560,0.038242
15230,0.000019,0.000009,0.000050
15240,0.000070,0.000182,0.000432
15250,0.007980,0.006764,0.100349
15260,0.000547,0.000528,0.656099
15270,0.003943,0.002862,0.037806
15280,0.055271,0.052978,0.213994
15290,0.007764,0.005924,0.668402
15300,0.001795,0.001159,0.044653
15310,0.017604,0.012428,0.125653
15320,0.001458,0.001159,0.053520
15330,0.034505,0.025603,0.117888
15340,0.004758,0.003456,0.041958
15350,0.010359,0.007178,0.090644
15360,0.023091,0.020798,0.096535
15370,0.010140,0.005986,0.200333
15380,0.003011,0.001822,0.126014
15390,0.008206,0.006186,0.075713
15400,0.014425,0.011068,0.138442
15410,0.000019,0.000014,0.000058
15420,0.002284,0.001681,0.110963
15430,0.008668,0.004380,0.328079
15440,0.007675,0.006154,0.059330
15450,0.010324,0.008139,0.056862
15460,0.008407,0.006350,0.047897
15470,0.013514,0.008485,0.026407
15480,0.003159,0.002265,0.040211
15490,0.009049,0.007517,0.038391
15500,0.000003,0.000009,0.000022
15510,0.011805,0.008795,0.059522
15520,0.009181,0.007120,0.055056
15530,0.008341,0.006674,0.052956
15540,0.004669,0.005468,0.024491
15550,0.007795,0.006906,0.076093
15560,0.000017,0.000154,0.000259
15570,0.009101,0.005715,0.149736
15580,0.008027,0.006152,0.048798
15590,0.016092,0.012121,0.076301
15600,0.013488,0.010782,0.067658
15610,0.004077,0.003090,0.082234
15620,0.004992,0.003906,0.047715
15630,0.003882,0.002817,0.052101
15640,0.015134,0.011418,0.072549
15650,0.001823,0.001554,0.025557
15660,0.003001,0.002314,0.045980
15670,0.001660,0.001388,0.032884
15680,0.000005,0.000002,0.000012
15690,0.008188,0.005855,0.049612
15700,0.000585,0.000704,0.024661
15710,0.004707,0.003964,0.071748
15720,0.007208,0.005459,0.062104
15730,0.002089,0.001498,0.140028
15740,0.011032,0.009169,0.058597
15750,0.012641,0.009455,0.062582
15760,0.010911,0.009240,0.066355
15770,0.009522,0.007055,0.060803
15780,0.001381,0.000911,0.066348
15790,0.006115,0.004883,0.043434
15800,0.003923,0.002849,0.045447
15810,0.011330,0.008431,0.217804
15820,0.002608,0.001687,0.013648
15830,0.003590,0.002744,0.049425
15840,0.000371,0.000213,0.000957
15850,0.015184,0.011690,0.071271
15860,0.002579,0.002206,0.026637
15870,0.000002,0.000001,0.000007
15880,0.006739,0.005155,0.055533
15890,0.025123,0.018389,0.149457
15900,0.007638,0.005928,0.056219
15910,0.009383,0.005643,0.144656
15920,0.003507,0.002822,0.051333
15930,0.015525,0.008837,0.074685
15940,0.009527,0.007403,0.065965
15950,0.001094,0.002279,0.004690
15960,0.010657,0.008181,0.063125
15970,0.003322,0.002179,0.147906
15980,0.004811,0.003514,0.029073
15990,0.006428,0.004737,0.051232
16000,0.011665,0.008717,0.070351
16010,0.006899,0.005255,0.062962
16020,0.001055,0.000500,0.038626
16030,0.001292,0.001087,0.007700
16040,0.000052,0.000066,0.656393
16050,0.009695,0.006873,0.061238
16060,0.019209,0.013292,0.091799
16070,0.000049,0.000032,0.000138
16080,0.007522,0.006671,0.076385
16090,0.000012,0.000002,0.000025
16100,0.048750,0.047823,0.215673
16110,0.003995,0.001920,0.248236
16120,0.000002,0.000000,0.000003
16130,0.013029,0.008639,0.115687
16140,0.008963,0.007267,0.059390
16150,0.011268,0.008060,0.062407
16160,0.000002,0.000001,0.000005
16170,0.001491,0.000919,0.105353
16180,0.010639,0.008490,0.056817
16190,0.018019,0.014495,0.084598
16200,0.010923,0.008439,0.072073
16210,0.000684,0.000538,0.644927
16220,0.003710,0.002816,0.052913
16230,0.003420,0.002715,0.051022
16240,0.001075,0.000885,0.022591
16250,0.000735,0.000708,0.056895
16260,0.005158,0.003958,0.046931
16270,0.006047,0.004695,0.034187
16280,0.012601,0.008752,0.082637
16290,0.006833,0.005383,0.050232
16300,0.002432,0.001768,0.088735
16310,0.001350,0.001181,0.139308
16320,0.001449,0.001178,0.254646
16330,0.004738,0.003296,0.062065
16340,0.008311,0.006711,0.058284
16350,0.001302,0.000936,0.007871
16360,0.020015,0.015980,0.086453
16370,0.013955,0.011423,0.066239
16380,0.008758,0.005895,0.035732
16390,0.011263,0.009009,0.059446
16400,0.006820,0.005061,0.062052
16410,0.008805,0.006591,0.051767
16420,0.001869,0.001269,0.075803
16430,0.007561,0.005849,0.053361
16440,0.000136,0.000164,0.000436
16450,0.008408,0.005996,0.050637
16460,0.004225,0.003072,0.045494
16470,0.000010,0.000002,0.000021
16480,0.015600,0.011031,0.079010
16490,0.011431,0.010466,0.051119
16500,0.008930,0.006833,0.080588
16510,0.021308,0.017362,0.085942
16520,0.000739,0.000440,0.088369
16530,0.000005,0.000001,0.000011
16540,0.007080,0.005114,0.064040
16550,0.011026,0.008720,0.104756
16560,0.011793,0.009076,0.064301
16570,0.004740,0.003553,0.040650
16580,0.004819,0.004887,0.076167
16590,0.000027,0.000018,0.000079
16600,0.014108,0.010040,0.271549
16610,0.005722,0.004007,0.044863
16620,0.010088,0.007245,0.061595
16630,0.020612,0.015464,0.083499
16640,0.065007,0.059761,0.251273
16650,0.001986,0.001158,0.210161
16660,0.003767,0.002841,0.037579
16670,0.007239,0.005587,0.070569
16680,0.006578,0.005218,0.052036
16690,0.002917,0.002278,0.060374
16700,0.003335,0.003436,0.160762
16710,0.001703,0.000913,0.107164
16720,0.004804,0.003237,0.052259
16730,0.008315,0.006331,0.047581
16740,0.004424,0.003668,0.071204
16750,0.000005,0.000000,0.000009
16760,0.005402,0.004251,0.048097
16770,0.009006,0.007025,0.046380
16780,0.187250,0.202163,0.544713
16790,0.001015,0.000762,0.004202
16800,0.007793,0.005849,0.052168
16810,0.002803,0.002273,0.043413
16820,0.078923,0.070023,0.222075
16830,0.011731,0.010428,0.079714
16840,0.004473,0.003441,0.049935
16850,0.004118,0.003250,0.019267
16860,0.009135,0.007588,0.130843
16870,0.012374,0.008569,0.104703
16880,0.001942,0.001509,0.041901
16890,0.000003,0.000001,0.000006
16900,0.000037,0.000104,0.000234
16910,0.000355,0.000201,0.062647
16920,0.001747,0.001452,0.059292
16930,0.007385,0.005717,0.046187
16940,0.022508,0.018635,0.069906
16950,0.006064,0.004848,0.047164
16960,0.006802,0.005362,0.042614
16970,0.004433,0.003847,0.070086
16980,0.000007,0.000004,0.000019
16990,0.000003,0.000000,0.000006
17000,0.002430,0.004899,0.034487
17010,0.013907,0.010139,0.069700
17020,0.000025,0.000115,0.000238
17030,0.000156,0.000159,0.001088
17040,0.008641,0.007163,0.055261
17050,0.017569,0.015025,0.086947
17060,0.008846,0.006479,0.039372
17070,0.007733,0.005782,0.053717
17080,0.006416,0.004218,0.124827
17090,0.002700,0.001833,0.028107
17100,0.002488,0.001687,0.039650
17110,0.011476,0.008864,0.232023
17120,0.000570,0.000364,0.037822
17130,0.001712,0.001198,0.057163
17140,0.003510,0.002841,0.029607
17150,0.015224,0.013336,0.092251
17160,0.003992,0.002897,0.055824
17170,0.000005,0.000001,0.000011
17180,0.001535,0.000799,0.385798
17190,0.004815,0.003102,0.114524
17200,0.009792,0.006581,0.064439
17210,0.003283,0.002686,0.025083
17220,0.037040,0.024772,0.148502
17230,0.002842,0.002344,0.033347
17240,0.005539,0.004137,0.048609
17250,0.019698,0.015860,0.062134
17260,0.000474,0.000323,0.004154
17270,0.008150,0.007007,0.055098
17280,0.006237,0.005919,0.058072
17290,0.006624,0.004387,0.154784
17300,0.018324,0.013768,0.090735
17310,0.001505,0.001048,0.107089
17320,0.013619,0.010855,0.068567
17330,0.002721,0.001796,0.318438
17340,0.006524,0.005044,0.042158
17350,0.005973,0.004589,0.039805
17360,0.000005,0.000004,0.000014
17370,0.013946,0.011093,0.068686
17380,0.002492,0.001944,0.028745
17390,0.012121,0.012308,0.052080
17400,0.005760,0.004443,0.042245
17410,0.002337,0.001821,0.043143
17420,0.004508,0.003441,0.038244
17430,0.008310,0.004830,0.123424
17440,0.003801,0.003034,0.032118
17450,0.009569,0.007490,0.062136
17460,0.013044,0.010339,0.061216
17470,0.036323,0.021800,0.242441
17480,0.011373,0.009428,0.039835
17490,0.011112,0.007909,0.067009
17500,0.003102,0.002229,0.035902
17510,0.000415,0.000299,0.011746
17520,0.000224,0.000160,0.000599
17530,0.010107,0.007984,0.053094
17540,0.004240,0.004283,0.023770
17550,0.011382,0.008768,0.050882
17560,0.004676,0.003697,0.040605
17570,0.036387,0.028755,0.147797
17580,0.003455,0.002664,0.034442
17590,0.027292,0.020664,0.095249
17600,0.009599,0.008241,0.078034
17610,0.001516,0.001108,0.023642
17620,0.001227,0.000888,0.034491
17630,0.015118,0.012022,0.069865
17640,0.016535,0.008077,0.163427
17650,0.000002,0.000001,0.000005
17660,0.005022,0.003774,0.025072
17670,0.020995,0.017258,0.189166
17680,0.007885,0.005986,0.049798
17690,0.006750,0.006527,0.024893
17700,0.002886,0.002590,0.661695
17710,0.011455,0.008369,0.058478
17720,0.009728,0.007306,0.054564
17730,0.005139,0.003647,0.054512
17740,0.002768,0.001907,0.034884
17750,0.000807,0.000606,0.657707
17760,0.010356,0.007243,0.062754
17770,0.016089,0.012355,0.396466
17780,0.000003,0.000001,0.000006
17790,0.010234,0.009064,0.042107
17800,0.002099,0.001525,0.029083
17810,0.000001,0.000000,0.000002
17820,0.012593,0.009645,0.046401
17830,0.000004,0.000006,0.000018
17840,0.010360,0.007758,0.069251
17850,0.004837,0.003096,0.638619
17860,0.011257,0.008995,0.061621
17870,0.013086,0.011447,0.048435
17880,0.002951,0.002162,0.036775
17890,0.013697,0.013367,0.054625
17900,0.003422,0.003330,0.060884
17910,0.005024,0.003745,0.019900
17920,0.009178,0.006452,0.069953
17930,0.000003,0.000003,0.000010
17940,0.006146,0.004830,0.048595
17950,0.006775,0.005139,0.051700
17960,0.007015,0.003128,0.011356
17970,0.013845,0.010319,0.065791
17980,0.000017,0.000007,0.000044
17990,0.003120,0.002357,0.051207
18000,0.007044,0.007194,0.036947
18010,0.010448,0.008725,0.050349
18020,0.000003,0.000004,0.000012
18030,0.014994,0.011978,0.070009
18040,0.022387,0.017507,0.094109
18050,0.018243,0.014029,0.075972
18060,0.005298,0.004052,0.052082
18070,0.003835,0.002723,0.033511
18080,0.013541,0.011287,0.075182
18090,0.013480,0.009872,0.086147
18100,0.003163,0.002568,0.092330
18110,0.000753,0.000500,0.074254
18120,0.008518,0.006511,0.042236
18130,0.000408,0.000237,0.027321
18140,0.000759,0.000668,0.014845
18150,0.008192,0.005993,0.098525
18160,0.008776,0.006992,0.065099
18170,0.001088,0.000761,0.035843
18180,0.000001,0.000001,0.000004
18190,0.000002,0.000000,0.000005
18200,0.000003,0.000002,0.000008
18210,0.004997,0.003546,0.035695
18220,0.002098,0.001696,0.079641
18230,0.005245,0.004180,0.046587
18240,0.000002,0.000002,0.000006
18250,0.002131,0.001050,0.011761
18260,0.001727,0.001290,0.021173
18270,0.000288,0.000278,0.020891
18280,0.001673,0.000928,0.055766
18290,0.000971,0.000670,0.009774
18300,0.005065,0.003729,0.478051
18310,0.003100,0.002393,0.092290
18320,0.004968,0.004199,0.092004
18330,0.009985,0.007878,0.062792
18340,0.004795,0.004405,0.056396
18350,0.031112,0.020682,0.119295
18360,0.003842,0.002881,0.041170
18370,0.000004,0.000005,0.000016
18380,0.003162,0.002370,0.033855
18390,0.002650,0.001991,0.243147
18400,0.003884,0.003073,0.047095
18410,0.004315,0.002879,0.046892
18420,0.001698,0.001148,0.033869
18430,0.006938,0.006633,0.055123
18440,0.000008,0.000019,0.000046
18450,0.007949,0.006090,0.051201
18460,0.001235,0.000776,0.105354
18470,0.006801,0.005117,0.056490
18480,0.000006,0.000002,0.000013
18490,0.000033,0.000050,0.000144
18500,0.015223,0.011903,0.104794
18510,0.006792,0.005081,0.043406
18520,0.008376,0.006786,0.064715
18530,0.008932,0.005827,0.278413
18540,0.009466,0.007453,0.038068
18550,0.001948,0.001846,0.038336
18560,0.000004,0.000004,0.000014
18570,0.012908,0.010059,0.065959
18580,0.007544,0.005661,0.051348
18590,0.000002,0.000001,0.000004
18600,0.000002,0.000001,0.000004
18610,0.009470,0.007164,0.084828
18620,0.003918,0.002936,0.086292
18630,0.001266,0.000638,0.039382
18640,0.006842,0.004876,0.034591
18650,0.004367,0.003574,0.039597
18660,0.000007,0.000010,0.000030
18670,0.005340,0.004333,0.042074
18680,0.002385,0.001614,0.021630
18690,0.001414,0.001297,0.037371
18700,0.009258,0.006949,0.050384
18710,0.005663,0.003861,0.042914
18720,0.002561,0.002082,0.022215
18730,0.010321,0.007954,0.062708
18740,0.007136,0.005752,0.054252
18750,0.000003,0.000001,0.000008
18760,0.008702,0.007468,0.033172
18770,0.000016,0.000013,0.000050
18780,0.001775,0.001361,0.034724
18790,0.016833,0.016665,0.138016
18800,0.005526,0.004411,0.044470
18810,0.001201,0.000832,0.055642
18820,0.000301,0.000248,0.002907
18830,0.001749,0.001462,0.029375
18840,0.007921,0.006024,0.060026
18850,0.000385,0.000302,0.125132
18860,0.003120,0.002325,0.044375
18870,0.012166,0.009488,0.061659
18880,0.000001,0.000001,0.000003
18890,0.004901,0.004531,0.665782
18900,0.020513,0.015055,0.104191
18910,0.009026,0.007161,0.047696
18920,0.020190,0.016637,0.218761
18930,0.000811,0.000589,0.076087
18940,0.002707,0.001896,0.030777
18950,0.004714,0.003576,0.048729
18960,0.010683,0.008416,0.081568
18970,0.000002,0.000000,0.000005
18980,0.005281,0.004000,0.048765
18990,0.013784,0.011541,0.045884
19000,0.001123,0.001842,0.170613
19010,0.031878,0.029844,0.130420
19020,0.002781,0.002144,0.041023
19030,0.003344,0.002636,0.043348
19040,0.053997,0.045124,0.320076
19050,0.013140,0.011234,0.067052
19060,0.002227,0.001654,0.039647
19070,0.003631,0.002818,0.038840
19080,0.005902,0.004916,0.048505
19090,0.003467,0.003375,0.035910
19100,0.006251,0.004667,0.059678
19110,0.005345,0.004748,0.028644
19120,0.004517,0.003306,0.041538
19130,0.003487,0.002144,0.070105
19140,0.000145,0.000149,0.114369
19150,0.000008,0.000006,0.000023
19160,0.009090,0.006869,0.106248
19170,0.007284,0.005660,0.049870
19180,0.006907,0.005341,0.061694
19190,0.013023,0.010011,0.062426
19200,0.004654,0.002972,0.071895
19210,0.006536,0.005158,0.049477
19220,0.008346,0.006374,0.038955
19230,0.002518,0.001816,0.021050
19240,0.001535,0.001855,0.084578
19250,0.003724,0.002075,0.007119
19260,0.003863,0.003158,0.041951
19270,0.008606,0.006411,0.040852
19280,0.021901,0.015387,0.103576
19290,0.004543,0.003811,0.046105
19300,0.017250,0.012016,0.082307
19310,0.024518,0.018336,0.127913
19320,0.010219,0.007446,0.059524
19330,0.009967,0.007143,0.059637
19340,0.009306,0.005973,0.092693
19350,0.009911,0.007441,0.054467
19360,0.005344,0.003903,0.046157
19370,0.003033,0.001696,0.040358
19380,0.008066,0.006487,0.042722
19390,0.019216,0.014694,0.073188
19400,0.003304,0.002096,0.117391
19410,0.010639,0.009168,0.066933
19420,0.014191,0.011827,0.076218
19430,0.006448,0.005661,0.049214
19440,0.004542,0.003418,0.027680
19450,0.006739,0.004839,0.045488
19460,0.000955,0.000818,0.033849
19470,0.005067,0.003789,0.053055
19480,0.005135,0.004091,0.039247
19490,0.000004,0.000001,0.000009
19500,0.005586,0.005158,0.097296
19510,0.003706,0.003240,0.050494
19520,0.001956,0.001458,0.034986
19530,0.003167,0.002481,0.027505
19540,0.002225,0.003238,0.028914
19550,0.011434,0.007814,0.070869
19560,0.003611,0.002726,0.033778
19570,0.008897,0.005974,0.073836
19580,0.005837,0.004271,0.057619
19590,0.003528,0.002741,0.036481
19600,0.003558,0.002744,0.043807
19610,0.003650,0.002768,0.038495
19620,0.006718,0.005421,0.055550
19630,0.000005,0.000009,0.000025
19640,0.001861,0.001344,0.045559
19650,0.000814,0.000701,0.009129
19660,0.007670,0.006021,0.050724
19670,0.011551,0.009854,0.058323
19680,0.005084,0.003732,0.033951
19690,0.013070,0.009901,0.064751
19700,0.008788,0.007732,0.038860
19710,0.001761,0.001238,0.023984
19720,0.003241,0.002159,0.014890
19730,0.017386,0.011398,0.186393
19740,0.006625,0.005088,0.044960
19750,0.005266,0.004095,0.043634
19760,0.003205,0.002088,0.135893
19770,0.000001,0.000001,0.000002
19780,0.006226,0.004704,0.024466
19790,0.003400,0.002749,0.014426
19800,0.000412,0.000299,0.097532
19810,0.001438,0.001198,0.029078
19820,0.021735,0.017694,0.093676
19830,0.008721,0.006628,0.049151
19840,0.015437,0.013189,0.070451
19850,0.003426,0.002700,0.023864
19860,0.007217,0.010282,0.052159
19870,0.002972,0.002485,0.036809
19880,0.005980,0.005314,0.061563
19890,0.015394,0.011757,0.077641
19900,0.027349,0.027478,0.123923
19910,0.000006,0.000004,0.000017
19920,0.003144,0.002505,0.041419
19930,0.010408,0.008031,0.057112
19940,0.003194,0.002361,0.053421
19950,0.008127,0.006075,0.038816
19960,0.006142,0.005224,0.052428
19970,0.003365,0.002853,0.024058
19980,0.001096,0.000689,0.027002
19990,0.013687,0.011089,0.070422
20000,0.000221,0.000162,0.614228
20010,0.001825,0.001354,0.054551
20020,0.000007,0.000002,0.000017
20030,0.011211,0.008544,0.061276
20040,0.000777,0.000506,0.029919
20050,0.008666,0.006572,0.049473
20060,0.006673,0.005255,0.045102
20070,0.010392,0.007946,0.248980
20080,0.000321,0.000423,0.093980
20090,0.002746,0.002191,0.049042
20100,0.000046,0.000053,0.000164
20110,0.006188,0.004519,0.033435
20120,0.002648,0.001917,0.009354
20130,0.002179,0.001705,0.068184
20140,0.011813,0.008075,0.064073
20150,0.005140,0.003937,0.055274
20160,0.016642,0.012829,0.110164
20170,0.018512,0.014270,0.630337
20180,0.005227,0.003796,0.035244
20190,0.003694,0.002528,0.042955
20200,0.003427,0.002412,0.028721
20210,0.001254,0.000974,0.007162
20220,0.003728,0.002554,0.034275
20230,0.016424,0.012404,0.088592
20240,0.003289,0.002527,0.048037
20250,0.004397,0.002917,0.077382
20260,0.006897,0.004829,0.044893
20270,0.000002,0.000000,0.000004
20280,0.017858,0.013360,0.119584
20290,0.000127,0.000135,0.107118
20300,0.000403,0.000257,0.065812
20310,0.037599,0.024990,0.114181
20320,0.000564,0.000429,0.123071
20330,0.014535,0.008970,0.087302
20340,0.014909,0.015216,0.687313
20350,0.006192,0.004436,0.050406
20360,0.006522,0.005470,0.062266
20370,0.001851,0.001209,0.029234
20380,0.004263,0.003381,0.047473
20390,0.010095,0.007665,0.062535
20400,0.003324,0.002738,0.021647
20410,0.000438,0.000344,0.041742
20420,0.000008,0.000007,0.000026
20430,0.006322,0.004682,0.045574
20440,0.009450,0.006708,0.072956
20450,0.005203,0.004262,0.040706
20460,0.006139,0.004780,0.042467
20470,0.010011,0.008702,0.076286
20480,0.017856,0.012723,0.072218
20490,0.000010,0.000004,0.000024
20500,0.000006,0.000002,0.000015
20510,0.017794,0.015606,0.073065
20520,0.003057,0.002362,0.033981
20530,0.005643,0.004397,0.042242
20540,0.014674,0.012130,0.070041
20550,0.004737,0.003440,0.043588
20560,0.000414,0.000252,0.000939
20570,0.006254,0.004926,0.044901
20580,0.000005,0.000002,0.000013
20590,0.009327,0.007374,0.061508
20600,0.000002,0.000001,0.000005
20610,0.007657,0.005933,0.054462
20620,0.015128,0.011687,0.065288
20630,0.000001,0.000000,0.000002
20640,0.012725,0.009141,0.144729
20650,0.005119,0.003734,0.073448
20660,0.018253,0.016192,0.102811
20670,0.005733,0.004178,0.044652
20680,0.005243,0.004580,0.015623
20690,0.000004,0.000003,0.000012
20700,0.001310,0.001325,0.061770
20710,0.015394,0.012003,0.057310
20720,0.007731,0.006335,0.055593
20730,0.000004,0.000006,0.000017
20740,0.009621,0.005834,0.095273
20750,0.003329,0.001444,0.005640
20760,0.002329,0.001829,0.028175
20770,0.028848,0.021144,0.126721
20780,0.000005,0.000014,0.000033
20790,0.006918,0.005305,0.050570
20800,0.006353,0.004806,0.045715
20810,0.004390,0.003888,0.025233
20820,0.003171,0.002162,0.039457
20830,0.009095,0.007013,0.086939
20840,0.002416,0.001945,0.035600
20850,0.000207,0.000095,0.501526
20860,0.005755,0.003879,0.122245
20870,0.002761,0.002364,0.047105
20880,0.014568,0.011886,0.199724
20890,0.029634,0.025941,0.126582
20900,0.000001,0.000127,0.000165
20910,0.007778,0.005906,0.070485
20920,0.010006,0.008480,0.057672
20930,0.007098,0.006040,0.047074
20940,0.005992,0.003771,0.063207
20950,0.107264,0.087960,0.450639
20960,0.003503,0.002747,0.021078
20970,0.000001,0.000009,0.000017
20980,0.001729,0.001323,0.033834
20990,0.003112,0.002370,0.050920
21000,0.006031,0.005321,0.059029
21010,0.007108,0.005600,0.048210
21020,0.000536,0.000310,0.648026
21030,0.020318,0.012068,0.134195
21040,0.007135,0.005538,0.078266
21050,0.002773,0.002089,0.022718
21060,0.004266,0.003324,0.042524
21070,0.014515,0.011217,0.072395
21080,0.000008,0.000005,0.000024
21090,0.009812,0.007485,0.061311
21100,0.017394,0.015054,0.063344
21110,0.000569,0.000350,0.304866
21120,0.003226,0.002899,0.014505
21130,0.005536,0.004161,0.029513
21140,0.005680,0.004567,0.036843
21150,0.006644,0.003425,0.437618
21160,0.002932,0.002053,0.032628
21170,0.000002,0.000006,0.000014
21180,0.004269,0.003554,0.023274
21190,0.026383,0.020090,0.121258
21200,0.006948,0.005639,0.039386
21210,0.000378,0.000267,0.007010
21220,0.000982,0.000691,0.149072
21230,0.005583,0.004072,0.029722
21240,0.008269,0.006692,0.047651
21250,0.001162,0.000813,0.019429
21260,0.005606,0.004234,0.043030
21270,0.003654,0.002717,0.038009
21280,0.001807,0.002111,0.233661
21290,0.001402,0.001146,0.013756
21300,0.003890,0.002713,0.067250
21310,0.003296,0.002492,0.039852
21320,0.000001,0.000000,0.000002
21330,0.079538,0.044908,0.246060
21340,0.000750,0.000787,0.026496
21350,0.003229,0.002513,0.034263
21360,0.002938,0.002326,0.020599
21370,0.001120,0.000843,0.023273
21380,0.000861,0.001131,0.047584
21390,0.008012,0.005879,0.055958
21400,0.000007,0.000013,0.000035
21410,0.004157,0.003184,0.037057
21420,0.000001,0.000000,0.000002
21430,0.003388,0.002899,0.047172
21440,0.007484,0.005187,0.099984
21450,0.004236,0.002892,0.051934
21460,0.006181,0.004693,0.033755
21470,0.004997,0.003974,0.035261
21480,0.000001,0.000000,0.000002
21490,0.008043,0.006438,0.044348
21500,0.000069,0.000075,0.000220
21510,0.003570,0.002733,0.042599
21520,0.000006,0.000030,0.000059
21530,0.009277,0.006410,0.137748
21540,0.001339,0.000895,0.044934
21550,0.006836,0.005178,0.046853
21560,0.012707,0.010649,0.068055
21570,0.003425,0.002775,0.041519
21580,0.004103,0.003123,0.042862
21590,0.001134,0.000896,0.020674
21600,0.018257,0.014217,0.066655
21610,0.010524,0.007660,0.070847
21620,0.002600,0.001900,0.112859
21630,0.000001,0.000000,0.000003
21640,0.000789,0.000729,0.131458
21650,0.003102,0.002102,0.034347
21660,0.010248,0.007671,0.080274
21670,0.001905,0.001085,0.048468
21680,0.001947,0.001742,0.030338
21690,0.008195,0.006325,0.056508
21700,0.000656,0.000566,0.051767
21710,0.006784,0.005235,0.078125
21720,0.001669,0.001717,0.036736
21730,0.021327,0.016247,0.125303
21740,0.010309,0.008035,0.232894
21750,0.000022,0.000241,0.000381
21760,0.008880,0.008004,0.065808
21770,0.007224,0.006379,0.040209
21780,0.002993,0.002608,0.033596
21790,0.006004,0.004517,0.044004
21800,0.045281,0.025104,0.075712
21810,0.006787,0.005148,0.046934
21820,0.007421,0.005269,0.049428
21830,0.012917,0.010142,0.062039
21840,0.006124,0.005060,0.026165
21850,0.001042,0.000795,0.029643
21860,0.002428,0.002018,0.088987
21870,0.001717,0.001436,0.031929
21880,0.012153,0.009226,0.061611
21890,0.005392,0.003551,0.048086
21900,0.018805,0.015108,0.079843
21910,0.009083,0.007537,0.044249
21920,0.020713,0.016653,0.096924
21930,0.016460,0.013535,0.084319
21940,0.006829,0.005399,0.029129
21950,0.004693,0.003667,0.036008
21960,0.010287,0.006577,0.168555
21970,0.005869,0.004290,0.052737
21980,0.022355,0.016720,0.092103
21990,0.005131,0.003935,0.034905
22000,0.003986,0.002917,0.045733
22010,0.005760,0.004056,0.051475
22020,0.002068,0.004489,0.037808
22030,0.014060,0.010818,0.050112
22040,0.001679,0.001435,0.006251
22050,0.003970,0.003109,0.026035
22060,0.000552,0.000444,0.065307
22070,0.001866,0.001173,0.076204
22080,0.002806,0.002040,0.034281
22090,0.000000,0.000000,0.000001
22100,0.001514,0.001392,0.040342
22110,0.016629,0.013689,0.078759
22120,0.017843,0.013861,0.073981
22130,0.012076,0.009397,0.059354
22140,0.020296,0.015369,0.077333
22150,0.012164,0.008760,0.159170
22160,0.005744,0.004916,0.058357
22170,0.009035,0.006126,0.053898
22180,0.006804,0.005443,0.049210
22190,0.002042,0.001469,0.052761
22200,0.000109,0.000095,0.057239
22210,0.003681,0.003065,0.038464
22220,0.004281,0.003408,0.035240
22230,0.011115,0.009924,0.045266
22240,0.002582,0.001995,0.054859
22250,0.009204,0.007275,0.027103
22260,0.008252,0.005987,0.047617
22270,0.011392,0.007126,0.045662
22280,0.008767,0.007239,0.047215
22290,0.001934,0.001612,0.181284
22300,0.014421,0.011087,0.058438
22310,0.003273,0.002700,0.044319
22320,0.000354,0.000248,0.080714
22330,0.003372,0.002452,0.027187
22340,0.006044,0.004264,0.031336
22350,0.008958,0.006974,0.048609
22360,0.010016,0.007697,0.054223
22370,0.017757,0.011090,0.281185
22380,0.028793,0.020632,0.130844
22390,0.008007,0.005798,0.049486
22400,0.009536,0.007716,0.056855
22410,0.005020,0.003235,0.088573
22420,0.001045,0.000511,0.002175
22430,0.001177,0.000828,0.079687
22440,0.001035,0.000790,0.061626
22450,0.003044,0.002606,0.041336
22460,0.011905,0.009559,0.057763
22470,0.012668,0.010801,0.052929
22480,0.004651,0.003985,0.035800
22490,0.000015,0.000018,0.000057
22500,0.001342,0.000899,0.033140
22510,0.011102,0.008141,0.081930
22520,0.016120,0.014006,0.103809
22530,0.006138,0.004408,0.047560
22540,0.000461,0.000282,0.055650
22550,0.000010,0.000079,0.000138
22560,0.007200,0.005990,0.041958
22570,0.007779,0.006116,0.045709
22580,0.002485,0.001780,0.059024
22590,0.004353,0.003244,0.034694
22600,0.003841,0.002715,0.013266
22610,0.002568,0.001674,0.071782
22620,0.000007,0.000008,0.000025
22630,0.006891,0.005661,0.054434
22640,0.000294,0.000281,0.044553
22650,0.009983,0.008762,0.037177
22660,0.007177,0.005421,0.058512
22670,0.015729,0.011095,0.082558
22680,0.032023,0.021523,0.118548
22690,0.009118,0.007195,0.051696
22700,0.003166,0.002436,0.021003
22710,0.000008,0.000007,0.000026
22720,0.012747,0.011258,0.083844
22730,0.004088,0.002415,0.065547
22740,0.000567,0.000482,0.048788
22750,0.003763,0.002899,0.034521
22760,0.003231,0.002338,0.024833
22770,0.015264,0.012054,0.114254
22780,0.000615,0.000485,0.067631
22790,0.000745,0.000566,0.315942
22800,0.007146,0.005572,0.031734
22810,0.007663,0.005846,0.062062
22820,0.013028,0.008349,0.063201
22830,0.003586,0.002639,0.032718
22840,0.000001,0.000001,0.000002
22850,0.002153,0.001618,0.015445
22860,0.001060,0.001137,0.285866
22870,0.004369,0.003381,0.036946
22880,0.004629,0.003694,0.045823
22890,0.003183,0.002200,0.040921
22900,0.007187,0.004673,0.088203
22910,0.011543,0.009356,0.099548
22920,0.001980,0.000937,0.130400
22930,0.005428,0.003214,0.206048
22940,0.014521,0.013798,0.065307
22950,0.014372,0.011339,0.073193
22960,0.003302,0.002592,0.035287
22970,0.006777,0.004935,0.054847
22980,0.014099,0.010749,0.149823
22990,0.005927,0.004731,0.033110
23000,0.014523,0.013090,0.684743
23010,0.010901,0.008965,0.033274
23020,0.000002,0.000003,0.000008
23030,0.004018,0.002634,0.133330
23040,0.029781,0.018127,0.190088
23050,0.009963,0.008695,0.079842
23060,0.005148,0.004452,0.044736
23070,0.017884,0.013354,0.079457
23080,0.008488,0.007186,0.034312
23090,0.015508,0.012873,0.059332
23100,0.001299,0.000930,0.102072
23110,0.011200,0.008333,0.050772
23120,0.015832,0.013667,0.083829
23130,0.002031,0.002032,0.012881
23140,0.021058,0.013933,0.089596
23150,0.002866,0.002384,0.021083
23160,0.009402,0.006918,0.061481
23170,0.000611,0.000331,0.061638
23180,0.000001,0.000005,0.000010
23190,0.005337,0.004124,0.030965
23200,0.000001,0.000001,0.000003
23210,0.000001,0.000001,0.000005
23220,0.009011,0.004900,0.072468
23230,0.018795,0.014682,0.098349
23240,0.005468,0.004162,0.043486
23250,0.000003,0.000001,0.000007
23260,0.000078,0.000391,0.000670
23270,0.003225,0.002163,0.201797
23280,0.010065,0.007407,0.060501
23290,0.007231,0.005363,0.053456
23300,0.007808,0.006490,0.040114
23310,0.000625,0.000545,0.032791
23320,0.002237,0.001570,0.043740
23330,0.005716,0.003383,0.082101
23340,0.004165,0.003171,0.050515
23350,0.008317,0.006693,0.043002
23360,0.000594,0.000442,0.041090
23370,0.000001,0.000094,0.000126
23380,0.005362,0.004147,0.045336
23390,0.019006,0.017031,0.105893
23400,0.018083,0.012902,0.072889
23410,0.009474,0.007498,0.053612
23420,0.001442,0.001229,0.042126
23430,0.005799,0.004192,0.046207
23440,0.001455,0.001006,0.023784
23450,0.008355,0.006446,0.052255
23460,0.007851,0.005388,0.104660
23470,0.009292,0.008003,0.063219
23480,0.016676,0.012821,0.074693
23490,0.011117,0.009044,0.050781
23500,0.019634,0.014086,0.077059
23510,0.000404,0.000286,0.019128
23520,0.014019,0.011797,0.073437
23530,0.005465,0.004254,0.037566
23540,0.004887,0.003809,0.046223
23550,0.000237,0.000163,0.075682
23560,0.003030,0.001984,0.026260
23570,0.003183,0.002082,0.136552
23580,0.004442,0.002872,0.061452
23590,0.001720,0.000878,0.120991
23600,0.001999,0.001293,0.052888
23610,0.004255,0.003354,0.034297
23620,0.005439,0.004431,0.035648
23630,0.009943,0.007635,0.049685
23640,0.000001,0.000000,0.000002
23650,0.002362,0.001759,0.034252
23660,0.000946,0.000601,0.004802
23670,0.002365,0.001839,0.033965
23680,0.016488,0.014257,0.080328
23690,0.004323,0.003476,0.020732
23700,0.004107,0.003245,0.032774
23710,0.001318,0.001032,0.019045
23720,0.028442,0.021986,0.135743
23730,0.004259,0.003607,0.065331
23740,0.005167,0.003598,0.048950
23750,0.001188,0.000941,0.027857
23760,0.001613,0.001393,0.340850
23770,0.002107,0.002143,0.011534
23780,0.001915,0.001695,0.092812
23790,0.006689,0.005629,0.035002
23800,0.025955,0.018542,0.139304
23810,0.000000,0.000000,0.000000
23820,0.003537,0.002676,0.030201
23830,0.006356,0.005000,0.046185
23840,0.002447,0.002143,0.052208
23850,0.004577,0.003592,0.038900
23860,0.002874,0.002210,0.032801
23870,0.005465,0.004826,0.032148
23880,0.005258,0.003788,0.060822
23890,0.000816,0.000688,0.016703
23900,0.003805,0.003182,0.014474
23910,0.000157,0.000139,0.152539
23920,0.007288,0.005996,0.045265
23930,0.001447,0.001101,0.067953
23940,0.003720,0.003146,0.046588
23950,0.015365,0.013477,0.101386
23960,0.004961,0.003616,0.036023
23970,0.000000,0.000001,0.000002
23980,0.006392,0.005104,0.039438
23990,0.003304,0.002496,0.025198
24000,0.014497,0.012431,0.113979
24010,0.000001,0.000001,0.000003
24020,0.009259,0.011680,0.677654
24030,0.001104,0.000882,0.011407
24040,0.003714,0.003056,0.018374
24050,0.001708,0.001320,0.008377
24060,0.012628,0.011295,0.072193
24070,0.000864,0.000548,0.068803
24080,0.008274,0.006654,0.048581
24090,0.002467,0.001985,0.319026
24100,0.000537,0.000473,0.008104
24110,0.005526,0.004181,0.042202
24120,0.011715,0.008162,0.068958
24130,0.004147,0.003054,0.052744
24140,0.003295,0.002509,0.024087
24150,0.000001,0.000002,0.000006
24160,0.012751,0.011213,0.067771
24170,0.006022,0.004426,0.049488
24180,0.002475,0.001697,0.038955
24190,0.001270,0.001035,0.658601
24200,0.021353,0.016591,0.083788
24210,0.000202,0.000104,0.042735
24220,0.002893,0.002086,0.040946
24230,0.005554,0.004431,0.053457
24240,0.003212,0.002587,0.062771
24250,0.007269,0.005254,0.098795
24260,0.004562,0.003100,0.043917
24270,0.012184,0.010121,0.066004
24280,0.000001,0.000000,0.000003
24290,0.008570,0.008018,0.047038
24300,0.000489,0.000361,0.002677
24310,0.010997,0.008701,0.061347
24320,0.000460,0.000302,0.002535
24330,0.002233,0.001626,0.009199
24340,0.007036,0.005756,0.039915
24350,0.014668,0.011471,0.069653
24360,0.001596,0.001030,0.133685
24370,0.005630,0.004191,0.022282
24380,0.043327,0.033045,0.132732
24390,0.004460,0.003010,0.052978
24400,0.006680,0.005196,0.044160
24410,0.000001,0.000001,0.000002
24420,0.000001,0.000000,0.000002
24430,0.000520,0.000365,0.060523
24440,0.011789,0.009040,0.063327
24450,0.017819,0.006343,0.234883
24460,0.002503,0.001932,0.044691
24470,0.004322,0.003349,0.039572
24480,0.011644,0.008223,0.056758
24490,0.004500,0.003857,0.019647
24500,0.004552,0.002995,0.062840
24510,0.019127,0.016420,0.088741
24520,0.010199,0.008121,0.062749
24530,0.008283,0.006757,0.088255
24540,0.000355,0.000283,0.656909
24550,0.000791,0.000709,0.051178
24560,0.003083,0.002203,0.046096
24570,0.006433,0.005078,0.043267
24580,0.006223,0.004744,0.036923
24590,0.000018,0.000024,0.000065
24600,0.007734,0.006350,0.043757
24610,0.008917,0.006839,0.050095
24620,0.004604,0.003885,0.042799
24630,0.033682,0.025394,0.303852
24640,0.009475,0.007153,0.047130
24650,0.001047,0.000801,0.006603
24660,0.012031,0.009274,0.064501
24670,0.007476,0.005397,0.050254
24680,0.003885,0.003151,0.047756
24690,0.000002,0.000002,0.000005
24700,0.003565,0.002330,0.050145
24710,0.001164,0.001369,0.129417
24720,0.000001,0.000019,0.000033
24730,0.012654,0.009465,0.061011
24740,0.004493,0.003851,0.026211
24750,0.004759,0.003709,0.071127
24760,0.000064,0.000043,0.000159
24770,0.007183,0.005644,0.044397
24780,0.007213,0.006164,0.035309
24790,0.003457,0.002683,0.035507
24800,0.007086,0.007723,0.022160
24810,0.006078,0.004249,0.070656
24820,0.002333,0.001276,0.160319
24830,0.002913,0.002616,0.020586
24840,0.007248,0.005132,0.051158
24850,0.000594,0.000477,0.034925
24860,0.003203,0.002539,0.077982
24870,0.005647,0.004366,0.043107
24880,0.004915,0.004046,0.053729
24890,0.002589,0.002079,0.041274
24900,0.004425,0.003312,0.038236
24910,0.005329,0.003961,0.025941
24920,0.008975,0.006815,0.073772
24930,0.010631,0.008572,0.051739
24940,0.001777,0.001232,0.062580
24950,0.006336,0.003516,0.508936
24960,0.000000,0.000000,0.000001
24970,0.003490,0.002763,0.035758
24980,0.003456,0.001940,0.222392
24990,0.001458,0.001067,0.011668
25000,0.003061,0.001688,0.131442
25010,0.007819,0.004623,0.060830
25020,0.001649,0.001348,0.027618
25030,0.005343,0.003360,0.146027
25040,0.001738,0.000966,0.065575
25050,0.007095,0.005735,0.060547
25060,0.000314,0.000264,0.011333
25070,0.004680,0.003684,0.018343
25080,0.004231,0.003117,0.038255
25090,0.002142,0.001558,0.027747
25100,0.006448,0.005269,0.025616
25110,0.000895,0.000765,0.014033
25120,0.001911,0.002179,0.033838
25130,0.001284,0.000981,0.023279
25140,0.027547,0.028630,0.106145
25150,0.007550,0.004696,0.036875
25160,0.000930,0.000742,0.005158
25170,0.000159,0.000266,0.000615
25180,0.012650,0.007646,0.087456
25190,0.001208,0.001001,0.030539
25200,0.005211,0.003633,0.052388
25210,0.000071,0.000494,0.000834
25220,0.010361,0.008269,0.039643
25230,0.001314,0.002217,0.080297
25240,0.000330,0.000243,0.032964
25250,0.013489,0.011622,0.076834
25260,0.000067,0.000063,0.000201
25270,0.000001,0.000000,0.000002
25280,0.000977,0.000770,0.011099
25290,0.000050,0.000042,0.047510
25300,0.009656,0.007943,0.051642
25310,0.008272,0.008296,0.071052
25320,0.006827,0.005424,0.037593
25330,0.001720,0.001338,0.009897
25340,0.003167,0.002568,0.015203
25350,0.009344,0.007281,0.050538
25360,0.004784,0.004005,0.022269
25370,0.003928,0.002819,0.019141
25380,0.001322,0.001077,0.048449
25390,0.019302,0.012235,0.108863
25400,0.025626,0.019254,0.094957
25410,0.001449,0.001110,0.020276
25420,0.007892,0.006112,0.050162
25430,0.030886,0.016897,0.323018
25440,0.009616,0.007435,0.058055
25450,0.003424,0.002488,0.032803
25460,0.007030,0.005622,0.029825
25470,0.007261,0.005385,0.042756
25480,0.023267,0.020237,0.167622
25490,0.014058,0.010800,0.063772
25500,0.008436,0.006266,0.042017
25510,0.009655,0.007699,0.044047
25520,0.005241,0.004076,0.039946
25530,0.005517,0.004246,0.040774
25540,0.000134,0.000119,0.000354
25550,0.000010,0.000047,0.000092
25560,0.003697,0.002666,0.042094
25570,0.000719,0.000564,0.206439
25580,0.007174,0.005734,0.043352
25590,0.003177,0.002161,0.238848
25600,0.005703,0.004259,0.045657
25610,0.005746,0.004054,0.026499
25620,0.001650,0.001194,0.025572
25630,0.008421,0.006537,0.036803
25640,0.001265,0.000921,0.033782
25650,0.011147,0.008492,0.058157
25660,0.000001,0.000001,0.000003
25670,0.001305,0.000880,0.059108
25680,0.000001,0.000000,0.000002
25690,0.004561,0.003365,0.022909
25700,0.014023,0.011724,0.056994
25710,0.000162,0.000520,0.001105
25720,0.052645,0.038251,0.388581
25730,0.005074,0.003897,0.042973
25740,0.004938,0.003411,0.078430
25750,0.045291,0.036756,0.144240
25760,0.001776,0.001364,0.017625
25770,0.015907,0.012444,0.067731
25780,0.003387,0.002356,0.046371
25790,0.006776,0.004606,0.074402
25800,0.006027,0.004467,0.040098
25810,0.004339,0.003206,0.037627
25820,0.004060,0.003523,0.017298
25830,0.011489,0.009127,0.057349
25840,0.010104,0.007489,0.087028
25850,0.001814,0.001869,0.392468
25860,0.011721,0.009274,0.063021
25870,0.001516,0.001180,0.021639
25880,0.000598,0.000494,0.038152
25890,0.002488,0.001937,0.016596
25900,0.010320,0.009533,0.069635
25910,0.003150,0.002270,0.061907
25920,0.002270,0.001669,0.029205
25930,0.022839,0.015932,0.094841
25940,0.009633,0.008340,0.056310
25950,0.002826,0.002060,0.028258
25960,0.003041,0.002382,0.053568
25970,0.000320,0.000261,0.011044
25980,0.008099,0.006531,0.048203
25990,0.000090,0.000058,0.045252
26000,0.003785,0.002838,0.046760
26010,0.000516,0.000314,0.019183
26020,0.000514,0.000357,0.011540
26030,0.012319,0.009981,0.064068
26040,0.004056,0.002473,0.043873
26050,0.013705,0.009487,0.065804
26060,0.000006,0.000008,0.000025
26070,0.008655,0.006394,0.058683
26080,0.000209,0.000218,0.000511
26090,0.006406,0.004707,0.051204
26100,0.001852,0.001411,0.042891
26110,0.014129,0.009440,0.076141
26120,0.007494,0.006189,0.049016
26130,0.003262,0.002501,0.045174
26140,0.027136,0.019384,0.127272
26150,0.004926,0.003627,0.044487
26160,0.011421,0.007673,0.067851
26170,0.004581,0.003269,0.045754
26180,0.004504,0.004546,0.035892
26190,0.001540,0.001136,0.028321
26200,0.004186,0.003394,0.026747
26210,0.013268,0.006261,0.021201
26220,0.021137,0.014836,0.106120
26230,0.000001,0.000000,0.000002
26240,0.011585,0.008948,0.082605
26250,0.004614,0.003731,0.051867
26260,0.026241,0.021314,0.101924
26270,0.007585,0.006018,0.032620
26280,0.012724,0.009527,0.063296
26290,0.001158,0.001007,0.010423
26300,0.002235,0.001872,0.043670
26310,0.003706,0.002989,0.023732
26320,0.033776,0.013742,0.589411
26330,0.005055,0.003819,0.041749
26340,0.000003,0.000001,0.000007
26350,0.001361,0.000810,0.018418
26360,0.000006,0.000016,0.000037
26370,0.002674,0.001986,0.035114
26380,0.001405,0.001459,0.077863
26390,0.003618,0.002217,0.057873
26400,0.000001,0.000003,0.000007
26410,0.005839,0.004749,0.043113
26420,0.002496,0.001690,0.028309
26430,0.002012,0.001458,0.043671
26440,0.005148,0.003906,0.037579
26450,0.000003,0.000013,0.000028
26460,0.010667,0.007757,0.080806
26470,0.089256,0.051299,0.660316
26480,0.001785,0.001680,0.086848
26490,0.004681,0.003521,0.036317
26500,0.014116,0.009939,0.057412
26510,0.001492,0.000728,0.245444
26520,0.094052,0.121491,0.308522
26530,0.014184,0.010115,0.072912
26540,0.005391,0.004266,0.041510
26550,0.000628,0.000540,0.015807
26560,0.007146,0.004318,0.012772
26570,0.001718,0.001119,0.047543
26580,0.004563,0.003176,0.040871
26590,0.002544,0.001935,0.033139
26600,0.005393,0.004007,0.066841
26610,0.004055,0.002603,0.040782
26620,0.011792,0.009280,0.055512
26630,0.015603,0.012081,0.073034
26640,0.004632,0.003591,0.045967
26650,0.001366,0.001133,0.014938
26660,0.007298,0.005677,0.116129
26670,0.013871,0.010582,0.055248
26680,0.003277,0.002272,0.043134
26690,0.004279,0.003293,0.034638
26700,0.011396,0.008927,0.049848
26710,0.010960,0.008485,0.066085
26720,0.000587,0.000473,0.068189
26730,0.006369,0.005400,0.026794
26740,0.009965,0.008386,0.060860
26750,0.003168,0.001710,0.107945
26760,0.001347,0.000779,0.108810
26770,0.001915,0.001472,0.022254
26780,0.007627,0.005444,0.059949
26790,0.003333,0.003064,0.015381
26800,0.005360,0.004537,0.027270
26810,0.003133,0.002329,0.019085
26820,0.003410,0.002590,0.039574
26830,0.001288,0.000814,0.013340
26840,0.000774,0.000403,0.001671
26850,0.070405,0.050348,0.212808
26860,0.002343,0.001848,0.010252
26870,0.008613,0.006408,0.048317
26880,0.007800,0.005978,0.041478
26890,0.003035,0.002032,0.031934
26900,0.011341,0.008833,0.056623
26910,0.006770,0.004510,0.075073
26920,0.016794,0.014380,0.072565
26930,0.006233,0.003822,0.087644
26940,0.001028,0.000882,0.301225
26950,0.005455,0.004042,0.041728
26960,0.004363,0.003832,0.030462
26970,0.016716,0.012672,0.066931
26980,0.007870,0.006334,0.055861
26990,0.013258,0.010435,0.072713
27000,0.003590,0.002933,0.039271
27010,0.002743,0.001654,0.038292
27020,0.000001,0.000000,0.000003
27030,0.009088,0.007507,0.066508
27040,0.013839,0.010903,0.077657
27050,0.000001,0.000000,0.000002
27060,0.001719,0.001397,0.024557
27070,0.015148,0.011827,0.068684
27080,0.009142,0.007266,0.061097
27090,0.008823,0.006528,0.048069
27100,0.000637,0.000420,0.010587
27110,0.008013,0.006337,0.042289
27120,0.013260,0.011244,0.055953
27130,0.000452,0.000530,0.657254
27140,0.004813,0.003770,0.029725
27150,0.007441,0.005815,0.050181
27160,0.002614,0.001627,0.089654
27170,0.000001,0.000002,0.000004
27180,0.005461,0.004312,0.038221
27190,0.000616,0.000397,0.040878
27200,0.000000,0.000001,0.000002
27210,0.003466,0.002662,0.033879
27220,0.000763,0.000564,0.046808
27230,0.014859,0.011499,0.065803
27240,0.006782,0.004937,0.040895
27250,0.011165,0.008913,0.054268
27260,0.001809,0.001305,0.024886
27270,0.008755,0.006755,0.048005
27280,0.004719,0.003974,0.021248
27290,0.002456,0.001802,0.029181
27300,0.000457,0.000250,0.067786
27310,0.015319,0.011900,0.087962
27320,0.008400,0.006913,0.053655
27330,0.000697,0.001694,0.002962
27340,0.004668,0.004139,0.167211
27350,0.004819,0.003144,0.069249
27360,0.003094,0.002114,0.094426
27370,0.000544,0.000590,0.657410
27380,0.000256,0.000219,0.056871
27390,0.003683,0.003217,0.030468
27400,0.011622,0.009490,0.064381
27410,0.001084,0.000633,0.059342
27420,0.140715,0.146336,0.382436
27430,0.000794,0.000681,0.045980
27440,0.000003,0.000001,0.000006
27450,0.008769,0.007521,0.041501
27460,0.000003,0.000003,0.000010
27470,0.008275,0.006014,0.043738
27480,0.012191,0.014070,0.057198
27490,0.006094,0.004589,0.047115
27500,0.004623,0.003520,0.036223
27510,0.011534,0.010242,0.049637
27520,0.000012,0.000050,0.000097
27530,0.028806,0.016679,0.125631
27540,0.009704,0.007589,0.055550
27550,0.013170,0.010276,0.055862
27560,0.002289,0.001641,0.065888
27570,0.003707,0.003137,0.025206
27580,0.007117,0.005844,0.025114
27590,0.005294,0.003974,0.025868
27600,0.006159,0.004990,0.047036
27610,0.004824,0.003694,0.037071
27620,0.004115,0.002845,0.046911
27630,0.009747,0.008019,0.053812
27640,0.006882,0.006104,0.069566
27650,0.007322,0.005348,0.055735
27660,0.013529,0.009998,0.057758
27670,0.002423,0.002031,0.015881
27680,0.000855,0.000836,0.107595
27690,0.002880,0.002226,0.043098
27700,0.001505,0.000993,0.052378
27710,0.009740,0.007230,0.049156
27720,0.041804,0.048244,0.194772
27730,0.004496,0.003135,0.043444
27740,0.002761,0.002337,0.029950
27750,0.001273,0.000721,0.081377
27760,0.022021,0.016484,0.243374
27770,0.012319,0.010906,0.121989
27780,0.001000,0.000642,0.022442
27790,0.002576,0.001543,0.238930
27800,0.002167,0.001972,0.039432
27810,0.005060,0.003522,0.057013
27820,0.006399,0.004719,0.060977
27830,0.010569,0.007962,0.052640
27840,0.015212,0.010554,0.054349
27850,0.003263,0.002436,0.037967
27860,0.015617,0.012823,0.072669
27870,0.000001,0.000000,0.000001
27880,0.007141,0.005278,0.042749
27890,0.001285,0.001309,0.111009
27900,0.006637,0.005238,0.047331
27910,0.008058,0.006519,0.030254
27920,0.000373,0.000260,0.188274
27930,0.009088,0.007005,0.043445
27940,0.007617,0.005711,0.048953
27950,0.002892,0.002172,0.031390
27960,0.016123,0.011530,0.086578
27970,0.001176,0.000781,0.104341
27980,0.003220,0.003883,0.033480
27990,0.002479,0.001563,0.114976
28000,0.005867,0.004430,0.039204
28010,0.001099,0.000800,0.030138
28020,0.009589,0.006842,0.057377
28030,0.000146,0.000088,0.021775
28040,0.004644,0.004093,0.042352
28050,0.006302,0.004868,0.029729
28060,0.000172,0.000128,0.116512
28070,0.008944,0.006735,0.050769
28080,0.003156,0.002386,0.030366
28090,0.017265,0.013937,0.095220
28100,0.011769,0.009057,0.062518
28110,0.015784,0.012279,0.084672
28120,0.007111,0.005810,0.035967
28130,0.000003,0.000001,0.000006
28140,0.008693,0.006995,0.051229
28150,0.008306,0.006359,0.046962
28160,0.003798,0.002918,0.060584
28170,0.005308,0.003491,0.363631
28180,0.000404,0.000321,0.048251
28190,0.008738,0.006702,0.033719
28200,0.001845,0.001323,0.619700
28210,0.003217,0.002434,0.033694
28220,0.000001,0.000001,0.000002
28230,0.012755,0.010053,0.052318
28240,0.001921,0.000976,0.087202
28250,0.005325,0.004286,0.038029
28260,0.005983,0.004071,0.056682
28270,0.009204,0.007193,0.030972
28280,0.001970,0.001471,0.027885
28290,0.005027,0.004087,0.022445
28300,0.001420,0.001058,0.018804
28310,0.002535,0.002003,0.093346
28320,0.000000,0.000000,0.000000
28330,0.000000,0.000000,0.000000
28340,0.003124,0.002224,0.026101
28350,0.002334,0.001915,0.033348
28360,0.010990,0.006869,0.066685
28370,0.017011,0.019527,0.079042
28380,0.014482,0.012606,0.069007
28390,0.000767,0.000268,0.017469
28400,0.001349,0.000765,0.027956
28410,0.002732,0.002262,0.022202
28420,0.006764,0.005273,0.042409
28430,0.001028,0.000858,0.021506
28440,0.008310,0.004263,0.367013
28450,0.000131,0.001201,0.657689
28460,0.007205,0.005591,0.043338
28470,0.008450,0.007242,0.042797
28480,0.003937,0.002584,0.054329
28490,0.005335,0.004507,0.032745
28500,0.000138,0.000225,0.001185
28510,0.007957,0.005225,0.055279
28520,0.004506,0.002827,0.202517
28530,0.007578,0.005449,0.060321
28540,0.003358,0.002519,0.029640
28550,0.000157,0.000117,0.076514
28560,0.011913,0.009064,0.063429
28570,0.000985,0.000726,0.033489
28580,0.004145,0.002377,0.028097
28590,0.008676,0.007168,0.109461
28600,0.011012,0.009324,0.058409
28610,0.000004,0.000017,0.000036
28620,0.004531,0.002955,0.084510
28630,0.002606,0.002290,0.020900
28640,0.001691,0.000929,0.134598
28650,0.002611,0.001628,0.035849
28660,0.007256,0.005709,0.056012
28670,0.001218,0.000943,0.006173
28680,0.005719,0.007737,0.090001
28690,0.015457,0.013479,0.057735
28700,0.003674,0.002933,0.033686
28710,0.003087,0.002452,0.024420
28720,0.002652,0.001812,0.088431
28730,0.000000,0.000000,0.000001
28740,0.005345,0.003843,0.022770
28750,0.003747,0.002913,0.021823
28760,0.002120,0.001582,0.018893
28770,0.002874,0.002632,0.012589
28780,0.004376,0.003364,0.040013
28790,0.010062,0.007405,0.058605
28800,0.000007,0.000003,0.000017
28810,0.000001,0.000000,0.000002
28820,0.007292,0.005641,0.043842
28830,0.002103,0.001539,0.050649
28840,0.001187,0.000802,0.085709
28850,0.004745,0.003514,0.059426
28860,0.010154,0.007968,0.038807
28870,0.000001,0.000001,0.000003
28880,0.001584,0.001106,0.086284
28890,0.002804,0.002082,0.027940
28900,0.007953,0.006109,0.044662
28910,0.014432,0.013347,0.071541
28920,0.002058,0.001454,0.024045
28930,0.004094,0.003062,0.078065
28940,0.000000,0.000000,0.000001
28950,0.012123,0.009749,0.059914
28960,0.013062,0.009371,0.057986
28970,0.000341,0.000252,0.044233
28980,0.007414,0.010408,0.055761
28990,0.005077,0.004445,0.034119
29000,0.000620,0.000396,0.058648
29010,0.003165,0.002624,0.040233
29020,0.004066,0.002592,0.075585
29030,0.003157,0.001740,0.105413
29040,0.015986,0.011304,0.075185
29050,0.000688,0.000571,0.003984
29060,0.000002,0.000000,0.000004
29070,0.014272,0.010482,0.067235
29080,0.007981,0.012675,0.677573
29090,0.001458,0.001234,0.018486
29100,0.001269,0.001142,0.012080
29110,0.002900,0.002081,0.035310
29120,0.002360,0.001557,0.376509
29130,0.003408,0.002533,0.022029
29140,0.001983,0.001852,0.010090
29150,0.016611,0.012035,0.068053
29160,0.021404,0.014622,0.095388
29170,0.005358,0.004206,0.020622
29180,0.004147,0.003492,0.051541
29190,0.011404,0.008970,0.058560
29200,0.004238,0.003406,0.028715
29210,0.006295,0.005098,0.047098
29220,0.002184,0.002043,0.047663
29230,0.000764,0.000440,0.050880
29240,0.000823,0.000691,0.024452
29250,0.007403,0.005753,0.044766
29260,0.004361,0.003268,0.043915
29270,0.007321,0.005495,0.043742
29280,0.009691,0.007374,0.058679
29290,0.004618,0.003134,0.050520
29300,0.011669,0.009201,0.053971
29310,0.000002,0.000000,0.000005
29320,0.000007,0.000001,0.000014
29330,0.011759,0.009179,0.064118
29340,0.002662,0.001949,0.036758
29350,0.000397,0.000267,0.041592
29360,0.003252,0.002638,0.018716
29370,0.003217,0.002340,0.043904
29380,0.001741,0.001379,0.066239
29390,0.007475,0.005205,0.048041
29400,0.000283,0.000262,0.098207
29410,0.000935,0.000685,0.035451
29420,0.006531,0.004689,0.044603
29430,0.002507,0.001967,0.010396
29440,0.007613,0.005805,0.030927
29450,0.005336,0.004337,0.038550
29460,0.001633,0.001125,0.017678
29470,0.004451,0.003252,0.037654
29480,0.000003,0.000001,0.000006
29490,0.009468,0.007540,0.071351
29500,0.003060,0.002201,0.037240
29510,0.002425,0.002187,0.011322
29520,0.000923,0.000635,0.061723
29530,0.000000,0.000000,0.000000
29540,0.000000,0.000000,0.000001
29550,0.000000,0.000000,0.000001
29560,0.016343,0.013830,0.074348
29570,0.000756,0.000508,0.034317
29580,0.003284,0.001767,0.005518
29590,0.001605,0.001237,0.014246
29600,0.006419,0.005029,0.043169
29610,0.005903,0.004035,0.048183
29620,0.000096,0.000115,0.403613
29630,0.002696,0.001945,0.043985
29640,0.005652,0.004544,0.040484
29650,0.001769,0.001383,0.007747
29660,0.000001,0.000000,0.000001
29670,0.001184,0.000746,0.063486
29680,0.008484,0.008262,0.039700
29690,0.002249,0.002513,0.032177
29700,0.010464,0.008545,0.071215
29710,0.000461,0.000396,0.035016
29720,0.000002,0.000008,0.000017
29730,0.004316,0.003130,0.049181
29740,0.007863,0.005875,0.049357
29750,0.006801,0.005101,0.025380
29760,0.001871,0.001367,0.017175
29770,0.000183,0.000131,0.014237
29780,0.010117,0.007449,0.057997
29790,0.006101,0.004914,0.025255
29800,0.001451,0.001078,0.084851
29810,0.010822,0.008286,0.067543
29820,0.004666,0.004269,0.035697
29830,0.000001,0.000000,0.000002
29840,0.006342,0.004669,0.043920
29850,0.007331,0.005829,0.044886
29860,0.005141,0.003854,0.039606
29870,0.002077,0.002017,0.040221
29880,0.017927,0.014211,0.072664
29890,0.007531,0.006149,0.142452
29900,0.008781,0.005539,0.035539
29910,0.001670,0.001307,0.025419
29920,0.000008,0.000001,0.000015
29930,0.005476,0.004465,0.035060
29940,0.009149,0.006513,0.061757
29950,0.006861,0.004491,0.040085
29960,0.006416,0.004385,0.044981
29970,0.000652,0.000505,0.640702
29980,0.005622,0.004580,0.030230
29990,0.004466,0.003163,0.050374
30000,0.005398,0.004120,0.038003
30010,0.011842,0.009582,0.063768
30020,0.009660,0.006744,0.058589
30030,0.000001,0.000002,0.000007
30040,0.004430,0.003902,0.019898
30050,0.006902,0.005342,0.040416
30060,0.005838,0.004446,0.027836
30070,0.008467,0.007700,0.036053
30080,0.009464,0.007288,0.062570
30090,0.002795,0.001528,0.104049
30100,0.003307,0.002835,0.017909
30110,0.000000,0.000000,0.000001
30120,0.009804,0.007664,0.037645
30130,0.000196,0.000131,0.044302
30140,0.018977,0.014262,0.079287
30150,0.004419,0.003742,0.020882
30160,0.013323,0.010733,0.062256
30170,0.005462,0.004491,0.043307
30180,0.004859,0.003577,0.036499
30190,0.000001,0.000002,0.000004
30200,0.005903,0.004330,0.045526
30210,0.009535,0.007133,0.046048
30220,0.000348,0.000213,0.039156
30230,0.003505,0.002584,0.049015
30240,0.000001,0.000001,0.000002
30250,0.000721,0.000601,0.022687
30260,0.003245,0.002078,0.236732
30270,0.000115,0.000094,0.160125
30280,0.003153,0.002129,0.132128
30290,0.013414,0.016072,0.075642
30300,0.004380,0.003862,0.040200
30310,0.000852,0.000657,0.041805
30320,0.007030,0.005359,0.049501
30330,0.001481,0.001116,0.014906
30340,0.024619,0.019264,0.093634
30350,0.003094,0.002629,0.013931
30360,0.004183,0.003144,0.042628
30370,0.003449,0.002807,0.022380
30380,0.000000,0.000000,0.000000
30390,0.000000,0.000000,0.000001
30400,0.002199,0.001457,0.048985
30410,0.004384,0.003247,0.034659
30420,0.018692,0.016236,0.083980
30430,0.003106,0.002237,0.032712
30440,0.000846,0.000646,0.042563
30450,0.000004,0.000003,0.000013
30460,0.010235,0.007703,0.041273
30470,0.007049,0.005100,0.052056
30480,0.004011,0.002843,0.042993
30490,0.002535,0.001875,0.034003
30500,0.005497,0.004124,0.041342
30510,0.000685,0.000476,0.025878
30520,0.006416,0.005048,0.036247
30530,0.009782,0.007468,0.053696
30540,0.000559,0.000393,0.098395
30550,0.012641,0.007997,0.101803
30560,0.001184,0.000874,0.006442
30570,0.009476,0.008322,0.054296
30580,0.006635,0.005322,0.047146
30590,0.014102,0.012410,0.127188
30600,0.002150,0.001595,0.077804
30610,0.000001,0.000000,0.000003
30620,0.001267,0.000952,0.026634
30630,0.005154,0.004550,0.031896
30640,0.003218,0.002491,0.013406
30650,0.009457,0.007460,0.052627
30660,0.000004,0.000074,0.000101
30670,0.011026,0.008049,0.055839
30680,0.006091,0.004542,0.048108
30690,0.005346,0.003879,0.045583
30700,0.000283,0.000193,0.056211
30710,0.003539,0.002677,0.035657
30720,0.001460,0.001153,0.058002
30730,0.000000,0.000000,0.000001
30740,0.001645,0.001162,0.050873
30750,0.015356,0.011711,0.075572
30760,0.001881,0.001253,0.053459
30770,0.006798,0.005216,0.028975
30780,0.004606,0.003484,0.039315
30790,0.010055,0.011374,0.069392
30800,0.000000,0.000000,0.000001
30810,0.001834,0.001593,0.051495
30820,0.000731,0.000516,0.081641
30830,0.009381,0.007666,0.052343
30840,0.000001,0.000001,0.000005
30850,0.000001,0.000004,0.000009
30860,0.004398,0.003094,0.034404
30870,0.000321,0.000220,0.015602
30880,0.004736,0.004408,0.028090
30890,0.003347,0.002890,0.026878
30900,0.001427,0.001133,0.015471
30910,0.004423,0.003021,0.052269
30920,0.006512,0.005112,0.033115
30930,0.005137,0.003933,0.058885
30940,0.000357,0.000260,0.055967
30950,0.004606,0.003230,0.049400
30960,0.002681,0.002006,0.027581
30970,0.003053,0.002492,0.025766
30980,0.004683,0.006327,0.074615
30990,0.009551,0.007192,0.046901
31000,0.001371,0.000984,0.034796
31010,0.000987,0.000711,0.011785
31020,0.005261,0.003878,0.051234
31030,0.002868,0.002224,0.016454
31040,0.000338,0.000299,0.057437
31050,0.006679,0.004990,0.052618
31060,0.003978,0.002600,0.048620
31070,0.000026,0.000006,0.000055
31080,0.002625,0.001780,0.038286
31090,0.001609,0.001146,0.013704
31100,0.005669,0.004052,0.047821
31110,0.006366,0.005956,0.021811
31120,0.004112,0.002986,0.049988
31130,0.000250,0.000153,0.121419
31140,0.001292,0.001022,0.038831
31150,0.007393,0.005685,0.047685
31160,0.005322,0.003983,0.030746
31170,0.005006,0.003663,0.046483
31180,0.007792,0.006431,0.050401
31190,0.000526,0.000332,0.046114
31200,0.000070,0.000054,0.023980
31210,0.001132,0.000735,0.007230
31220,0.010027,0.007951,0.054117
31230,0.000568,0.000513,0.006069
31240,0.000896,0.000583,0.024230
31250,0.011543,0.008885,0.057509
31260,0.000866,0.000586,0.064189
31270,0.006205,0.004629,0.044037
31280,0.006334,0.004867,0.043661
31290,0.003341,0.002413,0.034177
31300,0.005975,0.004388,0.040398
31310,0.004549,0.003895,0.036831
31320,0.002607,0.002036,0.027787
31330,0.006812,0.005441,0.033906
31340,0.013075,0.010117,0.056744
31350,0.008322,0.007346,0.053054
31360,0.002607,0.001795,0.039114
31370,0.005230,0.004090,0.043832
31380,0.007997,0.005943,0.049802
31390,0.002615,0.004892,0.168834
31400,0.006345,0.004991,0.039686
31410,0.000000,0.000001,0.000001
31420,0.001457,0.001027,0.185260
31430,0.002668,0.001939,0.043371
31440,0.001759,0.001434,0.032258
31450,0.007524,0.005659,0.032262
31460,0.000000,0.000000,0.000000
31470,0.000943,0.000633,0.026620
31480,0.004199,0.003396,0.029521
31490,0.000260,0.000193,0.000580
31500,0.007282,0.005614,0.046804
31510,0.006995,0.005262,0.038217
31520,0.002935,0.002214,0.032080
31530,0.000008,0.000020,0.000046
31540,0.003273,0.002476,0.031268
31550,0.001880,0.001339,0.050251
31560,0.002692,0.001982,0.032952
31570,0.000919,0.000634,0.121717
31580,0.003633,0.002749,0.042896
31590,0.006990,0.005679,0.049085
31600,0.006178,0.004500,0.041853
31610,0.007638,0.008283,0.056348
31620,0.008435,0.007175,0.040313
31630,0.001031,0.000791,0.015932
31640,0.005083,0.004000,0.038500
31650,0.000002,0.000000,0.000003
31660,0.004172,0.003141,0.038885
31670,0.009208,0.008097,0.054485
31680,0.004515,0.003660,0.018931
31690,0.007484,0.005919,0.045244
31700,0.003654,0.002627,0.032752
31710,0.006155,0.004760,0.035409
31720,0.000436,0.000371,0.006519
31730,0.009999,0.006736,0.041935
31740,0.007346,0.006063,0.027015
31750,0.005637,0.004431,0.045774
31760,0.013540,0.010911,0.089643
31770,0.000003,0.000006,0.000014
31780,0.000000,0.000000,0.000000
31790,0.001881,0.001063,0.037165
31800,0.002357,0.002567,0.035332
31810,0.001696,0.001293,0.022586
31820,0.004942,0.003499,0.047248
31830,0.005849,0.004567,0.041941
31840,0.015259,0.010925,0.070204
31850,0.000001,0.000001,0.000003
31860,0.009405,0.006841,0.053670
31870,0.000374,0.000305,0.017543
31880,0.002631,0.001851,0.053497
31890,0.014969,0.012003,0.059754
31900,0.008005,0.006332,0.041267
31910,0.007999,0.006081,0.052908
31920,0.002282,0.001406,0.043090
31930,0.003132,0.002479,0.058870
31940,0.030630,0.032444,0.116207
31950,0.009889,0.007838,0.049356
31960,0.000001,0.000006,0.000011
31970,0.000000,0.000000,0.000001
31980,0.009880,0.007772,0.054549
31990,0.005222,0.003990,0.035119
32000,0.000217,0.000131,0.016802
32010,0.002310,0.001724,0.040838
32020,0.000000,0.000000,0.000001
32030,0.028955,0.014084,0.045700
32040,0.004040,0.003181,0.037961
32050,0.001579,0.001206,0.032095
32060,0.008067,0.006223,0.058923
32070,0.005456,0.004182,0.021985
32080,0.001663,0.001076,0.018380
32090,0.010014,0.006684,0.092495
32100,0.015644,0.012707,0.060889
32110,0.003429,0.002625,0.043669
32120,0.008459,0.006880,0.042741
32130,0.001151,0.000888,0.062935
32140,0.034815,0.023248,0.211468
32150,0.000000,0.000000,0.000000
32160,0.002486,0.002046,0.077882
32170,0.003586,0.002700,0.041588
32180,0.002985,0.002808,0.017824
32190,0.014316,0.010987,0.084948
32200,0.006002,0.004771,0.043719
32210,0.001547,0.001062,0.007018
32220,0.001184,0.000953,0.011562
32230,0.001621,0.000959,0.122477
32240,0.001769,0.001513,0.022094
32250,0.003897,0.002823,0.054092
32260,0.005411,0.004309,0.034174
32270,0.008316,0.006557,0.038750
32280,0.006637,0.005077,0.039665
32290,0.002243,0.002088,0.028922
32300,0.005825,0.004601,0.022254
32310,0.010915,0.008394,0.052304
32320,0.000000,0.000000,0.000000
32330,0.010002,0.008142,0.056560
32340,0.006191,0.004577,0.049571
32350,0.000133,0.000182,0.007039
32360,0.001430,0.001055,0.025020
32370,0.004512,0.003774,0.019845
32380,0.008038,0.006134,0.047890
32390,0.000000,0.000000,0.000001
32400,0.001108,0.000802,0.013222
32410,0.000000,0.000003,0.000005
32420,0.002660,0.001955,0.027103
32430,0.001607,0.000940,0.600029
32440,0.001076,0.000624,0.097964
32450,0.001096,0.000805,0.020627
32460,0.015099,0.012893,0.069106
32470,0.009307,0.007368,0.050583
32480,0.008119,0.005961,0.064575
32490,0.003648,0.002576,0.035532
32500,0.012211,0.009820,0.063638
32510,0.011056,0.009001,0.049284
32520,0.001613,0.001070,0.031544
32530,0.001198,0.000928,0.019901
32540,0.001105,0.001069,0.173937
32550,0.000622,0.000498,0.042283
32560,0.000000,0.000001,0.000002
32570,0.022644,0.014205,0.120915
32580,0.014247,0.011987,0.056138
32590,0.004724,0.003084,0.030821
32600,0.007532,0.003303,0.108898
32610,0.001247,0.000875,0.022517
32620,0.005725,0.004544,0.025752
32630,0.000450,0.000707,0.151121
32640,0.000001,0.000004,0.000009
32650,0.021713,0.007750,0.340777
32660,0.001137,0.000593,0.130879
32670,0.002066,0.001959,0.016800
32680,0.014824,0.011109,0.072045
32690,0.001537,0.001050,0.046525
32700,0.005227,0.004322,0.028669
32710,0.006381,0.004781,0.039140
32720,0.003300,0.002333,0.058872
32730,0.000346,0.000343,0.016328
32740,0.000000,0.000002,0.000003
32750,0.000156,0.000134,0.006686
32760,0.002662,0.001989,0.033011
32770,0.000000,0.000000,0.000001
32780,0.001940,0.001454,0.027946
32790,0.003375,0.003289,0.015843
32800,0.005049,0.003999,0.022205
32810,0.017069,0.011891,0.096864
32820,0.004100,0.003628,0.027129
32830,0.010146,0.006699,0.109799
32840,0.000499,0.000297,0.044336
32850,0.000001,0.000000,0.000003
32860,0.003753,0.003512,0.112760
32870,0.004666,0.003555,0.033052
32880,0.002507,0.001929,0.029659
32890,0.000477,0.000778,0.657522
32900,0.005113,0.003894,0.044932
32910,0.000050,0.000050,0.238693
32920,0.001582,0.001063,0.052941
32930,0.000002,0.000001,0.000005
32940,0.000701,0.000425,0.113142
32950,0.000003,0.000059,0.000096
32960,0.005601,0.004186,0.050903
32970,0.001286,0.001013,0.011678
32980,0.009211,0.007136,0.054585
32990,0.005810,0.004312,0.040579
33000,0.003730,0.002582,0.082037
33010,0.002564,0.001815,0.036043
33020,0.009139,0.007396,0.038216
33030,0.002552,0.001834,0.028562
33040,0.000915,0.000694,0.018726
33050,0.003476,0.002635,0.040232
33060,0.000001,0.000001,0.000003
33070,0.000009,0.000006,0.000026
33080,0.000003,0.000002,0.000007
33090,0.004765,0.003378,0.034294
33100,0.010895,0.008436,0.047589
33110,0.006182,0.004739,0.042747
33120,0.000000,0.000000,0.000001
33130,0.006366,0.004882,0.025295
33140,0.007110,0.005500,0.046683
33150,0.004392,0.003361,0.036679
33160,0.012655,0.010922,0.053499
33170,0.000424,0.001625,0.090703
33180,0.001690,0.001334,0.023429
33190,0.002209,0.001729,0.028883
33200,0.004267,0.003255,0.179310
33210,0.004283,0.003245,0.034778
33220,0.003862,0.002701,0.041429
33230,0.000388,0.000247,0.050691
33240,0.005281,0.003743,0.091402
33250,0.007422,0.006015,0.047185
33260,0.004197,0.003383,0.031960
33270,0.005566,0.004716,0.050426
33280,0.000815,0.000647,0.051366
33290,0.002550,0.001890,0.022871
33300,0.008923,0.005116,0.215350
33310,0.000282,0.000170,0.074349
33320,0.007996,0.006458,0.054356
33330,0.009493,0.007802,0.044722
33340,0.002170,0.002580,0.018520
33350,0.000000,0.000001,0.000002
33360,0.000000,0.000005,0.000008
33370,0.000005,0.000002,0.000011
33380,0.003177,0.002898,0.134712
33390,0.002151,0.001747,0.031277
33400,0.011329,0.008922,0.049667
33410,0.002872,0.002264,0.037726
33420,0.000426,0.000304,0.023539
33430,0.000000,0.000000,0.000000
33440,0.000000,0.000000,0.000001
33450,0.002377,0.001896,0.009158
33460,0.006692,0.005555,0.029836
33470,0.004606,0.003369,0.034161
33480,0.002463,0.002064,0.032607
33490,0.005371,0.004044,0.049010
33500,0.002106,0.001624,0.028115
33510,0.015039,0.007757,0.290719
33520,0.004516,0.003409,0.035933
33530,0.007222,0.005545,0.050949
33540,0.016856,0.013618,0.062631
33550,0.004244,0.003308,0.033640
33560,0.001009,0.000724,0.046034
33570,0.000355,0.000277,0.006286
33580,0.000000,0.000000,0.000001
33590,0.001827,0.001398,0.021163
33600,0.000558,0.000324,0.047204
33610,0.000751,0.000591,0.643490
33620,0.000605,0.000593,0.026870
33630,0.005367,0.003952,0.036391
33640,0.003218,0.002196,0.060649
33650,0.003732,0.003121,0.016319
33660,0.002421,0.001963,0.011027
33670,0.000684,0.000502,0.020050
33680,0.003777,0.003012,0.031125
33690,0.000320,0.000215,0.057626
33700,0.001541,0.001089,0.056977
33710,0.008293,0.006474,0.071295
33720,0.008601,0.005578,0.052922
33730,0.004474,0.003323,0.032099
33740,0.004539,0.003507,0.040918
33750,0.002827,0.001495,0.050068
33760,0.004185,0.003145,0.037883
33770,0.007728,0.006136,0.048093
33780,0.003059,0.001833,0.023766
33790,0.006234,0.004962,0.043012
33800,0.006359,0.004383,0.049956
33810,0.006006,0.004567,0.035825
33820,0.000210,0.000134,0.172109
33830,0.003872,0.002813,0.018882
33840,0.002998,0.002207,0.028142
33850,0.005793,0.004955,0.034039
33860,0.002578,0.002016,0.016349
33870,0.018718,0.012011,0.086151
33880,0.003250,0.002604,0.023799
33890,0.000308,0.000200,0.010366
33900,0.001148,0.000964,0.048892
33910,0.010131,0.007891,0.066737
33920,0.005520,0.003917,0.033796
33930,0.001295,0.001247,0.098326
33940,0.002327,0.001346,0.004033
33950,0.005266,0.004052,0.037484
33960,0.000352,0.000462,0.657000
33970,0.019455,0.019425,0.150967
33980,0.003485,0.002543,0.035238
33990,0.001597,0.001477,0.014318
34000,0.000000,0.000000,0.000001
34010,0.004363,0.003313,0.032914
34020,0.004619,0.003938,0.025115
34030,0.001218,0.000969,0.009341
34040,0.002626,0.001942,0.041070
34050,0.001285,0.000735,0.125330
34060,0.004909,0.003464,0.064776
34070,0.008960,0.007216,0.041213
34080,0.006010,0.004672,0.045158
34090,0.000000,0.000000,0.000000
34100,0.001307,0.000940,0.049009
34110,0.005155,0.003663,0.035935
34120,0.000000,0.000000,0.000001
34130,0.001746,0.001550,0.020053
34140,0.004176,0.003514,0.031770
34150,0.004425,0.003377,0.030112
34160,0.001130,0.000768,0.049572
34170,0.002743,0.002615,0.011863
34180,0.000000,0.000000,0.000000
34190,0.004319,0.003222,0.047864
34200,0.000000,0.000000,0.000001
34210,0.000000,0.000000,0.000001
34220,0.001150,0.000814,0.014557
34230,0.003387,0.002474,0.034322
34240,0.008216,0.006013,0.079303
34250,0.013407,0.010831,0.064267
34260,0.000000,0.000000,0.000001
34270,0.004144,0.002423,0.130514
34280,0.001194,0.000837,0.114442
34290,0.002658,0.001669,0.087404
34300,0.000000,0.000000,0.000000
34310,0.008902,0.007072,0.057577
34320,0.008767,0.006939,0.044278
34330,0.005388,0.004208,0.026992
34340,0.010815,0.008423,0.061347
34350,0.003849,0.002815,0.032208
34360,0.013478,0.011104,0.064258
34370,0.000004,0.000012,0.000027
34380,0.014669,0.011770,0.065143
34390,0.001068,0.000746,0.658073
34400,0.002735,0.002116,0.020838
34410,0.016066,0.011828,0.062608
34420,0.002420,0.002018,0.030055
34430,0.008858,0.006526,0.057134
34440,0.002422,0.002179,0.044732
34450,0.001627,0.001413,0.006507
34460,0.004630,0.003448,0.034752
34470,0.001863,0.001240,0.076667
34480,0.000000,0.000000,0.000000
34490,0.000157,0.000179,0.656583
34500,0.001438,0.001279,0.012732
34510,0.003977,0.003290,0.024636
34520,0.002310,0.001750,0.022453
34530,0.014048,0.011989,0.055751
34540,0.005446,0.004117,0.040365
34550,0.005589,0.004240,0.044903
34560,0.001571,0.000987,0.036516
34570,0.004860,0.003533,0.053367
34580,0.000690,0.000490,0.048514
34590,0.003711,0.002871,0.046866
34600,0.000000,0.000001,0.000002
34610,0.004108,0.002879,0.038188
34620,0.000000,0.000000,0.000001
34630,0.003999,0.003143,0.020784
34640,0.001565,0.001190,0.032300
34650,0.002242,0.001862,0.034117
34660,0.000008,0.000151,0.000233
34670,0.009935,0.005343,0.380214
34680,0.003207,0.001994,0.080910
34690,0.003761,0.002744,0.032826
34700,0.005656,0.004601,0.039250
34710,0.007004,0.005119,0.054607
34720,0.011508,0.009055,0.048891
34730,0.001401,0.001115,0.011313
34740,0.005668,0.004337,0.039805
34750,0.002689,0.002280,0.015266
34760,0.007450,0.005720,0.036603
34770,0.007295,0.005926,0.044477
34780,0.005498,0.004529,0.042544
34790,0.004654,0.003656,0.024118
34800,0.015114,0.011231,0.093119
34810,0.004619,0.003343,0.038085
34820,0.005790,0.004390,0.040752
34830,0.000000,0.000000,0.000001
34840,0.000554,0.000347,0.020028
34850,0.004245,0.003131,0.042342
34860,0.005716,0.004165,0.040433
34870,0.000000,0.000000,0.000000
34880,0.003475,0.002571,0.032127
34890,0.003434,0.002723,0.031299
34900,0.010767,0.007163,0.113496
34910,0.008815,0.006530,0.045187
34920,0.005937,0.004305,0.046609
34930,0.000573,0.000424,0.040656
34940,0.006593,0.005899,0.040403
34950,0.006405,0.004459,0.053511
34960,0.002010,0.001572,0.024726
34970,0.000001,0.000000,0.000002
34980,0.009063,0.007654,0.055330
34990,0.001479,0.000916,0.019524
35000,0.002252,0.001867,0.041109
35010,0.003847,0.002989,0.032368
35020,0.001083,0.000757,0.031863
35030,0.009748,0.007551,0.055246
35040,0.003360,0.002454,0.033898
35050,0.015663,0.010328,0.059865
35060,0.011819,0.009054,0.059077
35070,0.003761,0.002808,0.033590
35080,0.014628,0.009849,0.073960
35090,0.007502,0.006017,0.038645
35100,0.003031,0.002416,0.031018
35110,0.002090,0.001459,0.026433
35120,0.009677,0.007415,0.060108
35130,0.007659,0.005859,0.042696
35140,0.003143,0.002400,0.034125
35150,0.010560,0.010353,0.056060
35160,0.011143,0.008770,0.042343
35170,0.016504,0.012800,0.062761
35180,0.006451,0.005152,0.029093
35190,0.005087,0.004012,0.037410
35200,0.002491,0.002249,0.010074
35210,0.009014,0.006895,0.049044
35220,0.000023,0.000046,0.656318
35230,0.018478,0.012586,0.107050
35240,0.000288,0.000192,0.039010
35250,0.007744,0.006408,0.088633
35260,0.002477,0.002432,0.030806
35270,0.000010,0.000008,0.000032
35280,0.004084,0.003030,0.030963
35290,0.008906,0.007042,0.051563
35300,0.000000,0.000000,0.000001
35310,0.008107,0.006188,0.053885
35320,0.004057,0.003252,0.037314
35330,0.010798,0.013411,0.048459
35340,0.001698,0.001290,0.069449
35350,0.001252,0.000997,0.006007
35360,0.005213,0.004368,0.023250
35370,0.002367,0.001738,0.030087
35380,0.013534,0.010373,0.058694
35390,0.000001,0.000000,0.000002
35400,0.013049,0.009602,0.065801
35410,0.005538,0.004210,0.026763
35420,0.005648,0.002770,0.051003
35430,0.001724,0.000916,0.077371
35440,0.007589,0.005680,0.045122
35450,0.002109,0.001320,0.029159
35460,0.000251,0.000281,0.656791
35470,0.000845,0.000711,0.027264
35480,0.000994,0.000802,0.004803
35490,0.006510,0.005371,0.040343
35500,0.001448,0.001142,0.010102
35510,0.005738,0.005676,0.032826
35520,0.002497,0.001820,0.025529
35530,0.002824,0.002225,0.033719
35540,0.000183,0.000134,0.056910
35550,0.002633,0.001630,0.076089
35560,0.005938,0.004763,0.047428
35570,0.012110,0.009427,0.057154
35580,0.003595,0.002320,0.043736
35590,0.003357,0.002759,0.023931
35600,0.005702,0.004286,0.020631
35610,0.000000,0.000001,0.000003
35620,0.001059,0.000680,0.019219
35630,0.011755,0.010529,0.051607
35640,0.016267,0.012270,0.096454
35650,0.003179,0.002343,0.034981
35660,0.002223,0.001542,0.032411
35670,0.000213,0.000357,0.656826
35680,0.000714,0.001324,0.004052
35690,0.000855,0.000580,0.031239
35700,0.000790,0.000481,0.022732
35710,0.010346,0.008029,0.057526
35720,0.004252,0.003441,0.023098
35730,0.001182,0.000842,0.019745
35740,0.000001,0.000000,0.000001
35750,0.001232,0.000866,0.103702
35760,0.005311,0.004352,0.028300
35770,0.005383,0.004156,0.036476
35780,0.011360,0.008685,0.055023
35790,0.005598,0.004318,0.037254
35800,0.008122,0.006302,0.039849
35810,0.004165,0.003519,0.167886
35820,0.012038,0.017272,0.052328
35830,0.000889,0.000594,0.020090
35840,0.035002,0.018572,0.124367
35850,0.000001,0.000001,0.000003
35860,0.004849,0.003725,0.035431
35870,0.000665,0.000416,0.063754
35880,0.008173,0.006638,0.045528
35890,0.006228,0.005200,0.033646
35900,0.007361,0.006487,0.167988
35910,0.006313,0.005430,0.047265
35920,0.009970,0.006360,0.053576
35930,0.004795,0.003142,0.075974
35940,0.000000,0.000000,0.000001
35950,0.004148,0.003516,0.031850
35960,0.002322,0.001913,0.009902
35970,0.014350,0.011289,0.063487
35980,0.004031,0.003092,0.037580
35990,0.008102,0.006532,0.046779
36000,0.004217,0.002899,0.043633
36010,0.003969,0.003527,0.018486
36020,0.000784,0.000655,0.012269
36030,0.005921,0.004918,0.036821
36040,0.008545,0.006829,0.040043
36050,0.010084,0.007710,0.049949
36060,0.000000,0.000000,0.000000
36070,0.003298,0.002604,0.037637
36080,0.000000,0.000000,0.000000
36090,0.006909,0.004772,0.048231
36100,0.000623,0.000539,0.657440
36110,0.006038,0.004362,0.056923
36120,0.008741,0.006922,0.045086
36130,0.012655,0.010439,0.048205
36140,0.000010,0.000013,0.000038
36150,0.002115,0.001877,0.109130
36160,0.000983,0.000677,0.026998
36170,0.001090,0.000790,0.015830
36180,0.007932,0.005959,0.045979
36190,0.003006,0.002322,0.023996
36200,0.001361,0.000761,0.016118
36210,0.010100,0.007944,0.043189
36220,0.008696,0.006840,0.043338
36230,0.009548,0.007219,0.078829
36240,0.000706,0.000549,0.004252
36250,0.001407,0.000780,0.064945
36260,0.008427,0.006094,0.073539
36270,0.004530,0.002787,0.139796
36280,0.003854,0.002868,0.035596
36290,0.018201,0.013501,0.089847
36300,0.005364,0.004133,0.043464
36310,0.000504,0.000360,0.016634
36320,0.003380,0.002629,0.028898
36330,0.003653,0.002024,0.031357
36340,0.000742,0.000522,0.045620
36350,0.000634,0.000581,0.028852
36360,0.000000,0.000000,0.000001
36370,0.002070,0.001562,0.025081
36380,0.006841,0.005353,0.039234
36390,0.010299,0.007607,0.049347
36400,0.000033,0.000034,0.040681
36410,0.006107,0.004747,0.039310
36420,0.002855,0.002198,0.109254
36430,0.000002,0.000000,0.000004
36440,0.000001,0.000000,0.000002
36450,0.000247,0.000222,0.656725
36460,0.001277,0.000687,0.143092
36470,0.006390,0.004925,0.057253
36480,0.002446,0.001672,0.025204
36490,0.000901,0.000609,0.019486
36500,0.002624,0.001952,0.018312
36510,0.000000,0.000000,0.000001
36520,0.008796,0.006812,0.037355
36530,0.006426,0.004869,0.022462
36540,0.008262,0.006366,0.027837
36550,0.011504,0.008788,0.056148
36560,0.004831,0.004129,0.039070
36570,0.003679,0.002497,0.032304
36580,0.012658,0.009701,0.064197
36590,0.001279,0.000810,0.073686
36600,0.010742,0.008335,0.046536
36610,0.001025,0.000776,0.025168
36620,0.004216,0.003360,0.022417
36630,0.002808,0.002518,0.021095
36640,0.001518,0.001357,0.005619
36650,0.007840,0.006341,0.031395
36660,0.006539,0.004966,0.043722
36670,0.001551,0.001157,0.037116
36680,0.005162,0.003962,0.044074
36690,0.000947,0.000803,0.013618
36700,0.005195,0.004083,0.067586
36710,0.001992,0.001677,0.011352
36720,0.011329,0.009204,0.052945
36730,0.007932,0.005583,0.045571
36740,0.002454,0.001810,0.029770
36750,0.006860,0.004986,0.047607
36760,0.011291,0.009034,0.057734
36770,0.002357,0.001834,0.026050
36780,0.006276,0.004812,0.032193
36790,0.003156,0.001893,0.111563
36800,0.006457,0.004724,0.044776
36810,0.015701,0.012189,0.056890
36820,0.008999,0.007299,0.060328
36830,0.006010,0.004487,0.038055
36840,0.000845,0.000724,0.006063
36850,0.008932,0.006291,0.061192
36860,0.004003,0.003026,0.040542
36870,0.000677,0.000397,0.063546
36880,0.010267,0.007165,0.060028
36890,0.001227,0.000746,0.084376
36900,0.003016,0.002180,0.043627
36910,0.001885,0.001047,0.009890
36920,0.004542,0.003847,0.021800
36930,0.009476,0.007525,0.053689
36940,0.007402,0.005637,0.048814
36950,0.002278,0.001658,0.028700
36960,0.005578,0.004405,0.040644
36970,0.005475,0.004210,0.043571
36980,0.016473,0.013242,0.067150
36990,0.009475,0.007578,0.045087
37000,0.001012,0.000735,0.036964
37010,0.001655,0.001712,0.035548
37020,0.004948,0.003819,0.037008
37030,0.001556,0.001102,0.026274
37040,0.012342,0.010628,0.048157
37050,0.007760,0.006291,0.042137
37060,0.000579,0.000406,0.024784
37070,0.005400,0.003132,0.048336
37080,0.006407,0.004291,0.037035
37090,0.001129,0.000844,0.012424
37100,0.016369,0.012709,0.066204
37110,0.005453,0.004164,0.043162
37120,0.001060,0.000674,0.056908
37130,0.003166,0.001968,0.031870
37140,0.012642,0.009744,0.057453
37150,0.007875,0.006328,0.046353
37160,0.001586,0.001060,0.033743
37170,0.000000,0.000000,0.000000
37180,0.007979,0.006071,0.026928
37190,0.003920,0.002963,0.049203
37200,0.000015,0.000018,0.000143
37210,0.000000,0.000000,0.000000
37220,0.004408,0.003101,0.025100
37230,0.001915,0.001647,0.009302
37240,0.004750,0.003173,0.057046
37250,0.003478,0.002712,0.040841
37260,0.005797,0.004160,0.044850
37270,0.003232,0.002718,0.012031
37280,0.003127,0.002441,0.029605
37290,0.007355,0.006235,0.038221
37300,0.004682,0.003143,0.081732
37310,0.007447,0.005688,0.031700
37320,0.007691,0.006490,0.064846
37330,0.003508,0.002733,0.034257
37340,0.006977,0.005421,0.044050
37350,0.014123,0.010726,0.078646
37360,0.002820,0.002881,0.050886
37370,0.150271,0.262559,1.007152
37380,0.004684,0.003737,0.021179
37390,0.000000,0.000000,0.000000
37400,0.007863,0.006028,0.046646
37410,0.005155,0.003487,0.018479
37420,0.005206,0.003922,0.036768
37430,0.001084,0.000752,0.043331
37440,0.003155,0.002733,0.047904
37450,0.000000,0.000000,0.000000
37460,0.003289,0.002493,0.031302
37470,0.001989,0.001319,0.045316
37480,0.000101,0.000088,0.174799
37490,0.002021,0.001642,0.051746
37500,0.005929,0.004344,0.046097
37510,0.002654,0.002273,0.009676
37520,0.007753,0.005354,0.050311
37530,0.006309,0.004710,0.039061
37540,0.000000,0.000000,0.000001
37550,0.009633,0.007156,0.052880
37560,0.000702,0.000457,0.056026
37570,0.001061,0.000784,0.040608
37580,0.012189,0.009486,0.063155
37590,0.005984,0.005117,0.041997
37600,0.002771,0.002079,0.027150
37610,0.000000,0.000000,0.000001
37620,0.007953,0.006802,0.033557
37630,0.000143,0.000104,0.066702
37640,0.000000,0.000000,0.000000
37650,0.004684,0.003612,0.034946
37660,0.001743,0.001496,0.015201
37670,0.004450,0.003394,0.027397
37680,0.006509,0.005167,0.038947
37690,0.006402,0.005057,0.043805
37700,0.000712,0.000509,0.021429
37710,0.002121,0.001643,0.033622
37720,0.000000,0.000000,0.000001
37730,0.001152,0.000652,0.100096
37740,0.005957,0.004947,0.030399
37750,0.020749,0.015751,0.083039
37760,0.004312,0.003445,0.043869
37770,0.006719,0.005375,0.061921
37780,0.000266,0.000181,0.108516
37790,0.002941,0.002312,0.030458
37800,0.000655,0.000455,0.019024
37810,0.011696,0.010529,0.034549
37820,0.004139,0.003189,0.033139
37830,0.000145,0.000089,0.046642
37840,0.003129,0.002450,0.045040
37850,0.004348,0.003451,0.025162
37860,0.003321,0.002606,0.048804
37870,0.000795,0.000491,0.077329
37880,0.005210,0.003888,0.039113
37890,0.003770,0.002774,0.027742
37900,0.003459,0.002541,0.034520
37910,0.002854,0.001964,0.037378
37920,0.010520,0.007763,0.050415
37930,0.005907,0.004662,0.037565
37940,0.000766,0.000472,0.108930
37950,0.005811,0.004639,0.046170
37960,0.000420,0.000305,0.014191
37970,0.000419,0.000244,0.014396
37980,0.001154,0.000932,0.019981
37990,0.001395,0.000977,0.041079
38000,0.000953,0.001049,0.658263
38010,0.007591,0.005062,0.050894
38020,0.007871,0.006039,0.049325
38030,0.008509,0.006723,0.044206
38040,0.002915,0.002191,0.030376
38050,0.006225,0.005155,0.039415
38060,0.003167,0.002075,0.063999
38070,0.006244,0.005313,0.027171
38080,0.002531,0.002352,0.609356
38090,0.003869,0.002902,0.038942
38100,0.002751,0.001862,0.028440
38110,0.005384,0.004158,0.052008
38120,0.001951,0.001613,0.028237
38130,0.006132,0.004869,0.031973
38140,0.002080,0.001545,0.008679
38150,0.002819,0.002160,0.025809
38160,0.002849,0.002419,0.023648
38170,0.003028,0.002368,0.028802
38180,0.006284,0.005017,0.029323
38190,0.004301,0.002528,0.124504
38200,0.000299,0.000211,0.021385
38210,0.003738,0.002616,0.056470
38220,0.001685,0.001307,0.021353
38230,0.007776,0.006382,0.044088
38240,0.001869,0.001345,0.026580
38250,0.013618,0.011779,0.053260
38260,0.001546,0.001214,0.021794
38270,0.000000,0.000000,0.000000
38280,0.000699,0.000523,0.021285
38290,0.000000,0.000000,0.000000
38300,0.002027,0.001634,0.013719
38310,0.005537,0.004089,0.044024
38320,0.005611,0.004399,0.028194
38330,0.000550,0.000465,0.043124
38340,0.001353,0.001045,0.022155
38350,0.005955,0.004406,0.045925
38360,0.010260,0.008687,0.041520
38370,0.001934,0.001393,0.028600
38380,0.001154,0.000802,0.063650
38390,0.006451,0.005067,0.041266
38400,0.006147,0.003604,0.038747
38410,0.001901,0.001074,0.096327
38420,0.004939,0.003690,0.036220
38430,0.002369,0.001979,0.025966
38440,0.002169,0.001619,0.039984
38450,0.010377,0.008291,0.058816
38460,0.004512,0.003634,0.021603
38470,0.001219,0.000774,0.062255
38480,0.006200,0.004687,0.042660
38490,0.005091,0.003822,0.033953
38500,0.000354,0.000239,0.039274
38510,0.005407,0.004199,0.039757
38520,0.007365,0.006725,0.050696
38530,0.004147,0.002574,0.040133
38540,0.023894,0.020426,0.087393
38550,0.006832,0.005351,0.037922
38560,0.000000,0.000000,0.000001
38570,0.003488,0.002923,0.015304
38580,0.001332,0.001074,0.015941
38590,0.009829,0.007836,0.047355
38600,0.000766,0.000542,0.111381
38610,0.005712,0.004797,0.152244
38620,0.013651,0.011164,0.048453
38630,0.000118,0.000104,0.029210
38640,0.004309,0.003691,0.022257
38650,0.009387,0.007388,0.039186
38660,0.004084,0.003177,0.032534
38670,0.001913,0.001401,0.023924
38680,0.004975,0.003845,0.036182
38690,0.000000,0.000000,0.000000
38700,0.007519,0.006451,0.032212
38710,0.001366,0.001140,0.017801
38720,0.001640,0.001227,0.016096
38730,0.000802,0.000517,0.021415
38740,0.012026,0.009738,0.051414
38750,0.004607,0.003001,0.036242
38760,0.002095,0.001768,0.019177
38770,0.001690,0.001205,0.036362
38780,0.005808,0.003472,0.045316
38790,0.007084,0.005701,0.047423
38800,0.004302,0.003144,0.035311
38810,0.005998,0.004653,0.035325
38820,0.009708,0.006761,0.052583
38830,0.007206,0.005392,0.050402
38840,0.007878,0.005820,0.029775
38850,0.004636,0.004637,0.052770
38860,0.003278,0.003464,0.050406
38870,0.001015,0.000706,0.022917
38880,0.006423,0.004785,0.039672
38890,0.001914,0.001411,0.029553
38900,0.006059,0.004868,0.046380
38910,0.002607,0.001866,0.021375
38920,0.011443,0.008759,0.055028
38930,0.008259,0.006656,0.048817
38940,0.001758,0.001330,0.047940
38950,0.015114,0.012455,0.071887
38960,0.000356,0.000336,0.062327
38970,0.005958,0.004458,0.047976
38980,0.005756,0.004295,0.038986
38990,0.004999,0.003552,0.045993
39000,0.007077,0.004554,0.037983
39010,0.000002,0.000000,0.000003
39020,0.006906,0.005476,0.041961
39030,0.006718,0.005028,0.044439
39040,0.007279,0.005600,0.051020
39050,0.003066,0.002319,0.033354
39060,0.006096,0.004532,0.045277
39070,0.001019,0.000961,0.045677
39080,0.002615,0.001992,0.037405
39090,0.000397,0.000326,0.078350
39100,0.006201,0.004597,0.039248
39110,0.002736,0.001985,0.016800
39120,0.005506,0.004222,0.049324
39130,0.003818,0.003383,0.020348
39140,0.011606,0.008596,0.056591
39150,0.001216,0.000827,0.037743
39160,0.004283,0.003497,0.038335
39170,0.006828,0.004831,0.049638
39180,0.004754,0.003924,0.018538
39190,0.001543,0.001027,0.037076
39200,0.007912,0.006303,0.044257
39210,0.000000,0.000000,0.000000
39220,0.002301,0.001845,0.013894
39230,0.006684,0.005288,0.032104
39240,0.006513,0.004970,0.041050
39250,0.001651,0.001649,0.028802
39260,0.000633,0.000490,0.129991
39270,0.003794,0.002955,0.039969
39280,0.004850,0.003171,0.087223
39290,0.003476,0.002261,0.108048
39300,0.004323,0.003258,0.032833
39310,0.009210,0.007147,0.044373
39320,0.007946,0.005836,0.053504
39330,0.003834,0.002985,0.025846
39340,0.001728,0.001275,0.027290
39350,0.004029,0.003069,0.016525
39360,0.002792,0.002017,0.056255
39370,0.000000,0.000000,0.000000
39380,0.003525,0.002230,0.032500
39390,0.003337,0.002463,0.031633
39400,0.004665,0.003633,0.036334
39410,0.003575,0.002902,0.032716
39420,0.001747,0.001303,0.011492
39430,0.000589,0.000388,0.023112
39440,0.008847,0.007480,0.039832
39450,0.000000,0.000000,0.000000
39460,0.000179,0.000156,0.005638
39470,0.003514,0.003143,0.021193
39480,0.002438,0.001830,0.030992
39490,0.003480,0.002711,0.030761
39500,0.006759,0.005705,0.040167
39510,0.001392,0.001115,0.019224
39520,0.008439,0.006802,0.048161
39530,0.001642,0.001148,0.047653
39540,0.006395,0.003928,0.044771
39550,0.001515,0.001100,0.032530
39560,0.006613,0.004277,0.057376
39570,0.005445,0.004271,0.051068
39580,0.001983,0.001640,0.019192
39590,0.003091,0.002359,0.030081
39600,0.002132,0.001415,0.004053
39610,0.000355,0.000204,0.053088
39620,0.000000,0.000000,0.000001
39630,0.004116,0.003350,0.034739
39640,0.000000,0.000000,0.000000
39650,0.001372,0.001123,0.010734
39660,0.000075,0.000052,0.032375
39670,0.001021,0.000792,0.041637
39680,0.007356,0.006285,0.049551
39690,0.004790,0.003546,0.035018
39700,0.000000,0.000000,0.000001
39710,0.005316,0.004388,0.031831
39720,0.003398,0.002539,0.029124
39730,0.012894,0.010125,0.079446
39740,0.006764,0.005170,0.039208
39750,0.002795,0.002133,0.040412
39760,0.003936,0.003023,0.032422
39770,0.003402,0.002714,0.031685
39780,0.001960,0.001390,0.024936
39790,0.000088,0.000047,0.064158
39800,0.001474,0.000715,0.106519
39810,0.008193,0.006073,0.045906
39820,0.005082,0.003741,0.034921
39830,0.006110,0.004437,0.041412
39840,0.002578,0.001851,0.026474
39850,0.010443,0.008122,0.052979
39860,0.005401,0.003423,0.045236
39870,0.003013,0.002197,0.034123
39880,0.004831,0.003703,0.028755
39890,0.004167,0.003050,0.054813
39900,0.009132,0.007288,0.051092
39910,0.004380,0.003412,0.021947
39920,0.000935,0.001078,0.067272
39930,0.003428,0.002493,0.041010
39940,0.013665,0.010555,0.058338
39950,0.001411,0.001023,0.040505
39960,0.005251,0.004111,0.036780
39970,0.000052,0.000047,0.656351
39980,0.005843,0.004247,0.055746
39990,0.000398,0.000298,0.043680
40000,0.004540,0.003564,0.038109
40010,0.003355,0.002610,0.053515
40020,0.004825,0.003806,0.037625
40030,0.004372,0.002983,0.042706
40040,0.001784,0.001611,0.059780
40050,0.007130,0.004965,0.046083
40060,0.004221,0.003533,0.027494
40070,0.009031,0.007039,0.048877
40080,0.000475,0.000302,0.051044
40090,0.007693,0.005995,0.044032
40100,0.001650,0.001125,0.019739
40110,0.006316,0.004673,0.043975
40120,0.000000,0.000000,0.000000
40130,0.003167,0.002402,0.032669
40140,0.003488,0.002293,0.055463
40150,0.000554,0.000371,0.006675
40160,0.003800,0.003179,0.021678
40170,0.003016,0.002214,0.048865
40180,0.001264,0.000927,0.031379
40190,0.000352,0.000322,0.051029
40200,0.001446,0.000907,0.048690
40210,0.009745,0.008104,0.040644
40220,0.000647,0.000557,0.030842
40230,0.008813,0.006844,0.050700
40240,0.000869,0.000542,0.048954
40250,0.000590,0.000390,0.011097
40260,0.006185,0.004822,0.025293
40270,0.004176,0.003177,0.036943
40280,0.006039,0.004745,0.039195
40290,0.009284,0.006779,0.065404
40300,0.003213,0.002976,0.016795
40310,0.000826,0.000592,0.031229
40320,0.001282,0.000983,0.022401
40330,0.008195,0.007512,0.041538
40340,0.010202,0.008249,0.038150
40350,0.010820,0.009545,0.045494
40360,0.006919,0.005787,0.033085
40370,0.003740,0.003141,0.047063
40380,0.004059,0.003280,0.035291
40390,0.002018,0.000977,0.005677
40400,0.000295,0.000212,0.051647
40410,0.001423,0.001054,0.022334
40420,0.001831,0.001455,0.016852
40430,0.002643,0.001550,0.123333
40440,0.007542,0.006046,0.028354
40450,0.007132,0.005481,0.042329
40460,0.004557,0.003515,0.038565
40470,0.000000,0.000000,0.000000
40480,0.000000,0.000000,0.000000
40490,0.001110,0.001112,0.034933
40500,0.005252,0.003931,0.034810
40510,0.000000,0.000000,0.000000
40520,0.002181,0.001497,0.019814
40530,0.003492,0.002724,0.021107
40540,0.007888,0.005937,0.040135
40550,0.011033,0.008408,0.049690
40560,0.008496,0.006036,0.049938
40570,0.005825,0.004432,0.052838
40580,0.002340,0.002244,0.040040
40590,0.003454,0.002521,0.036745
40600,0.003035,0.002512,0.012876
40610,0.006476,0.004889,0.042580
40620,0.001436,0.001046,0.026471
40630,0.002085,0.001446,0.046279
40640,0.006578,0.005483,0.032820
40650,0.003190,0.002378,0.030387
40660,0.002215,0.001547,0.056832
40670,0.003143,0.002195,0.038383
40680,0.004275,0.003418,0.017067
40690,0.006352,0.004891,0.036894
40700,0.009249,0.007154,0.045334
40710,0.000000,0.000000,0.000000
40720,0.014362,0.011649,0.064413
40730,0.001208,0.000883,0.057460
40740,0.000409,0.000286,0.037573
40750,0.009364,0.007725,0.040161
40760,0.003161,0.002316,0.032480
40770,0.005141,0.004009,0.037777
40780,0.005114,0.003913,0.037798
40790,0.007839,0.006316,0.033378
40800,0.008604,0.007038,0.060300
40810,0.000006,0.000003,0.000015
40820,0.000000,0.000000,0.000000
40830,0.000000,0.000000,0.000000
40840,0.007240,0.005586,0.050419
40850,0.001352,0.000570,0.064453
40860,0.008837,0.006953,0.104225
40870,0.000000,0.000038,0.000058
40880,0.001715,0.001365,0.027695
40890,0.000001,0.000000,0.000002
40900,0.002675,0.002273,0.012835
40910,0.000000,0.000000,0.000000
40920,0.000955,0.000758,0.099917
40930,0.003411,0.002557,0.031729
40940,0.000832,0.000525,0.052277
40950,0.000000,0.000065,0.000089
40960,0.002716,0.002366,0.012364
40970,0.004627,0.003926,0.027982
40980,0.013643,0.010721,0.063795
40990,0.006391,0.004998,0.029450
41000,0.003089,0.002015,0.028542
41010,0.003439,0.003094,0.021448
41020,0.003582,0.002931,0.033017
41030,0.007955,0.006367,0.048896
41040,0.013203,0.009805,0.065944
41050,0.003678,0.002666,0.027353
41060,0.000000,0.000003,0.000005
41070,0.000667,0.000683,0.043943
41080,0.001619,0.001087,0.014571
41090,0.001108,0.000563,0.025960
41100,0.003157,0.002295,0.032915
41110,0.002184,0.001549,0.049636
41120,0.006234,0.005015,0.051775
41130,0.000478,0.000404,0.020010
41140,0.005929,0.003997,0.109302
41150,0.006712,0.004212,0.104641
41160,0.008395,0.005842,0.046293
41170,0.001512,0.001154,0.012208
41180,0.002962,0.002240,0.022863
41190,0.000002,0.000001,0.000004
41200,0.000901,0.000565,0.039122
41210,0.000000,0.000000,0.000001
41220,0.002921,0.002229,0.022515
41230,0.000000,0.000000,0.000001
41240,0.005065,0.004643,0.056472
41250,0.004491,0.003352,0.033792
41260,0.001146,0.000862,0.006165
41270,0.007791,0.007029,0.049661
41280,0.000000,0.000000,0.000000
41290,0.002652,0.000980,0.220278
41300,0.014454,0.010321,0.064537
41310,0.002149,0.001756,0.022955
41320,0.001231,0.001204,0.012188
41330,0.000569,0.000380,0.033841
41340,0.001018,0.000720,0.016351
41350,0.003535,0.002753,0.022301
41360,0.005438,0.004077,0.043477
41370,0.002124,0.001464,0.034862
41380,0.010583,0.008011,0.054663
41390,0.000165,0.000147,0.022878
41400,0.001217,0.000894,0.042643
41410,0.000000,0.000000,0.000001
41420,0.001293,0.001200,0.051060
41430,0.000000,0.000000,0.000001
41440,0.004505,0.003416,0.029929
41450,0.004893,0.003411,0.048606
41460,0.009948,0.007629,0.049134
41470,0.000028,0.000052,0.656331
41480,0.003048,0.002286,0.027286
41490,0.009213,0.007227,0.048555
41500,0.001922,0.001408,0.031142
41510,0.006975,0.005343,0.052700
41520,0.009685,0.007193,0.050778
41530,0.002289,0.002380,0.028570
41540,0.001213,0.000824,0.006504
41550,0.005296,0.004120,0.035072
41560,0.005355,0.003571,0.057556
41570,0.002994,0.002051,0.068216
41580,0.004793,0.003424,0.041625
41590,0.000001,0.000001,0.000004
41600,0.009015,0.007800,0.051407
41610,0.000927,0.000642,0.087300
41620,0.002598,0.002027,0.028917
41630,0.007706,0.005382,0.040910
41640,0.010074,0.007419,0.051967
41650,0.003523,0.002802,0.026107
41660,0.004710,0.003457,0.036896
41670,0.000288,0.000220,0.004727
41680,0.001977,0.002034,0.014738
41690,0.007802,0.006209,0.044212
41700,0.013147,0.009615,0.054692
41710,0.001399,0.001007,0.022948
41720,0.003134,0.002347,0.028261
41730,0.005734,0.004032,0.051572
41740,0.008756,0.006844,0.059352
41750,0.009262,0.007507,0.046449
41760,0.000586,0.000498,0.004246
41770,0.003562,0.002809,0.034230
41780,0.001183,0.001088,0.007321
41790,0.000269,0.000191,0.020658
41800,0.000000,0.000000,0.000000
41810,0.013425,0.014813,0.053987
41820,0.005324,0.003979,0.042975
41830,0.005826,0.004392,0.043835
41840,0.000000,0.000000,0.000001
41850,0.000759,0.000612,0.028922
41860,0.001109,0.000865,0.007040
41870,0.003584,0.002791,0.019540
41880,0.001213,0.000893,0.031935
41890,0.002664,0.002679,0.066579
41900,0.000006,0.000001,0.000011
41910,0.008585,0.006617,0.043355
41920,0.003861,0.003083,0.034730
41930,0.008279,0.006478,0.032072
41940,0.004090,0.003031,0.035185
41950,0.001061,0.000706,0.013888
41960,0.004282,0.003414,0.034919
41970,0.000000,0.000000,0.000001
41980,0.006918,0.005270,0.039391
41990,0.004946,0.003829,0.026984
42000,0.004135,0.003171,0.029525
42010,0.006870,0.005203,0.082130
42020,0.000962,0.001234,0.657220
42030,0.008396,0.006463,0.043420
42040,0.004290,0.002859,0.066570
42050,0.001732,0.001304,0.038851
42060,0.001258,0.000981,0.018497
42070,0.009866,0.007357,0.068975
42080,0.004776,0.003528,0.051242
42090,0.002904,0.002247,0.017704
42100,0.005269,0.003817,0.043729
42110,0.006050,0.004849,0.045735
42120,0.002086,0.001208,0.156553
42130,0.001424,0.001065,0.035680
42140,0.009449,0.007290,0.053133
42150,0.003665,0.002568,0.041310
42160,0.004436,0.002962,0.054163
42170,0.002645,0.002143,0.016406
42180,0.000000,0.000000,0.000000
42190,0.000479,0.000278,0.067423
42200,0.003317,0.002464,0.029978
42210,0.003255,0.002540,0.016624
42220,0.001856,0.001371,0.053582
42230,0.002519,0.001965,0.017884
42240,0.000000,0.000003,0.000005
42250,0.000000,0.000000,0.000000
42260,0.006428,0.004875,0.041801
42270,0.003671,0.002466,0.134072
42280,0.010168,0.007182,0.051898
42290,0.004073,0.002806,0.032949
42300,0.000004,0.000003,0.000011
42310,0.005033,0.003945,0.040644
42320,0.003754,0.003005,0.019656
42330,0.006821,0.005111,0.044081
42340,0.010338,0.008154,0.046166
42350,0.000633,0.000507,0.012813
42360,0.005524,0.004510,0.025441
42370,0.000000,0.000000,0.000000
42380,0.007167,0.005702,0.048411
42390,0.004091,0.003380,0.018646
42400,0.000682,0.000529,0.008432
42410,0.005578,0.004315,0.037622
42420,0.000178,0.000149,0.031702
42430,0.000000,0.000000,0.000000
42440,0.003331,0.002455,0.041244
42450,0.003638,0.002818,0.030621
42460,0.006018,0.004483,0.040309
42470,0.012216,0.010094,0.042517
42480,0.000735,0.000526,0.004246
42490,0.002057,0.002039,0.009194
42500,0.010965,0.007442,0.049827
42510,0.006867,0.005102,0.034394
42520,0.004368,0.003922,0.046738
42530,0.006546,0.005322,0.042008
42540,0.003428,0.002214,0.074455
42550,0.000138,0.000092,0.112082
42560,0.000000,0.000000,0.000000
42570,0.004200,0.003200,0.046725
42580,0.008122,0.006413,0.044209
42590,0.001619,0.001024,0.077884
42600,0.000602,0.000391,0.032363
42610,0.006246,0.004514,0.062904
42620,0.011673,0.008733,0.057933
42630,0.004548,0.003822,0.021225
42640,0.006999,0.005953,0.031958
42650,0.008815,0.007183,0.048264
42660,0.003200,0.002328,0.037646
42670,0.010276,0.007951,0.050530
42680,0.003092,0.002211,0.030737
42690,0.001894,0.001398,0.010017
42700,0.006373,0.004779,0.045347
42710,0.002884,0.002358,0.057553
42720,0.001566,0.001233,0.011947
42730,0.000305,0.000244,0.009642
42740,0.004771,0.004014,0.039393
42750,0.000624,0.000431,0.020289
42760,0.001370,0.001114,0.012884
42770,0.003441,0.002657,0.032658
42780,0.011823,0.008469,0.062948
42790,0.003284,0.002311,0.039370
42800,0.001963,0.001408,0.048338
42810,0.000268,0.000203,0.007653
42820,0.000131,0.000090,0.043076
42830,0.002069,0.001428,0.023477
42840,0.003290,0.002490,0.037810
42850,0.002472,0.001796,0.028466
42860,0.001801,0.001382,0.018876
42870,0.017912,0.013443,0.084102
42880,0.001858,0.001287,0.029418
42890,0.003934,0.003063,0.033359
42900,0.000000,0.000000,0.000000
42910,0.008122,0.006209,0.043587
42920,0.000328,0.000289,0.007719
42930,0.002176,0.001878,0.027186
42940,0.001444,0.001084,0.049194
42950,0.003227,0.002414,0.030941
42960,0.001702,0.001365,0.017432
42970,0.000930,0.000658,0.010705
42980,0.008780,0.006680,0.045233
42990,0.000387,0.000281,0.038909
43000,0.007763,0.005598,0.046468
43010,0.007139,0.005721,0.030703
43020,0.005997,0.004837,0.041303
43030,0.005843,0.004397,0.041070
43040,0.000454,0.000298,0.054551
43050,0.005548,0.004386,0.039224
43060,0.003557,0.002449,0.045046
43070,0.005539,0.004173,0.036417
43080,0.002477,0.001789,0.025976
43090,0.004412,0.003341,0.034064
43100,0.006421,0.004916,0.043223
43110,0.001884,0.001373,0.036189
43120,0.000649,0.000679,0.009067
43130,0.003623,0.002772,0.026965
43140,0.014650,0.013620,0.056636
43150,0.000000,0.000000,0.000001
43160,0.000284,0.000217,0.030333
43170,0.003430,0.002785,0.031902
43180,0.000787,0.000530,0.032181
43190,0.008167,0.006043,0.040159
43200,0.004939,0.003867,0.033872
43210,0.002034,0.001586,0.036800
43220,0.002900,0.002185,0.037656
43230,0.007105,0.005563,0.028933
43240,0.000568,0.000400,0.026303
43250,0.003697,0.002826,0.038725
43260,0.000357,0.000265,0.047967
43270,0.005559,0.004325,0.039216
43280,0.000797,0.000525,0.146266
43290,0.000000,0.000000,0.000001
43300,0.005207,0.003946,0.034581
43310,0.002083,0.001553,0.035551
43320,0.000000,0.000000,0.000001
43330,0.003599,0.002863,0.033945
43340,0.000891,0.000685,0.008436
43350,0.005255,0.004422,0.029510
43360,0.000190,0.000182,0.089487
43370,0.002662,0.002332,0.014091
43380,0.001875,0.001350,0.025694
43390,0.001571,0.001182,0.014212
43400,0.001648,0.001527,0.009102
43410,0.006694,0.004877,0.040682
43420,0.001793,0.001355,0.014860
43430,0.003606,0.002890,0.045710
43440,0.006333,0.004598,0.039699
43450,0.003286,0.002526,0.038281
43460,0.004716,0.003952,0.019498
43470,0.008286,0.006174,0.044274
43480,0.007724,0.005970,0.023506
43490,0.004031,0.002889,0.040481
43500,0.003109,0.002282,0.041178
43510,0.003756,0.003315,0.041927
43520,0.000000,0.000001,0.000001
43530,0.000246,0.000141,0.016492
43540,0.006648,0.005295,0.037119
43550,0.000000,0.000002,0.000003
43560,0.002486,0.001830,0.023804
43570,0.002279,0.001660,0.010128
43580,0.012969,0.009896,0.063064
43590,0.002267,0.001767,0.012247
43600,0.009204,0.007203,0.032208
43610,0.002641,0.002201,0.031529
43620,0.000638,0.000381,0.099555
43630,0.007945,0.006405,0.032593
43640,0.001663,0.001278,0.011276
43650,0.005021,0.003470,0.037051
43660,0.009554,0.007336,0.049638
43670,0.001845,0.001409,0.031845
43680,0.001719,0.001337,0.011332
43690,0.015540,0.012406,0.068441
43700,0.004916,0.003906,0.027877
43710,0.000000,0.000000,0.000000
43720,0.001456,0.001192,0.044401
43730,0.000000,0.000000,0.000000
43740,0.006158,0.004878,0.038396
43750,0.002935,0.002065,0.041322
43760,0.000000,0.000000,0.000000
43770,0.004183,0.002842,0.041902
43780,0.002616,0.001929,0.038840
43790,0.005344,0.004730,0.036060
43800,0.003809,0.001969,0.120495
43810,0.000847,0.000572,0.069701
43820,0.004307,0.004008,0.033938
43830,0.001839,0.000816,0.002933
43840,0.003625,0.002792,0.026934
43850,0.006507,0.005010,0.050605
43860,0.008952,0.008041,0.119408
43870,0.007374,0.005576,0.043308
43880,0.003091,0.002337,0.034145
43890,0.002690,0.001902,0.026583
43900,0.008450,0.006170,0.047192
43910,0.009228,0.007373,0.047129
43920,0.000773,0.000628,0.051340
43930,0.001774,0.001392,0.035531
43940,0.001369,0.001162,0.030479
43950,0.000744,0.000573,0.054234
43960,0.000400,0.000342,0.002088
43970,0.007598,0.006067,0.043223
43980,0.010325,0.008273,0.056375
43990,0.009765,0.007973,0.048767
44000,0.000614,0.000383,0.026699
44010,0.000851,0.000578,0.043922
44020,0.002567,0.001964,0.027290
44030,0.007204,0.005574,0.027983
44040,0.001356,0.001019,0.021313
44050,0.009014,0.007472,0.035888
44060,0.002444,0.001897,0.029777
44070,0.004081,0.003030,0.033936
44080,0.000000,0.000000,0.000000
44090,0.007705,0.006359,0.039798
44100,0.003104,0.002264,0.031891
44110,0.007978,0.006215,0.035506
44120,0.005244,0.004332,0.039689
44130,0.002065,0.001461,0.035163
44140,0.004446,0.003344,0.030787
44150,0.000000,0.000001,0.000003
44160,0.000000,0.000000,0.000000
44170,0.003378,0.002620,0.068616
44180,0.000000,0.000000,0.000000
44190,0.003082,0.002354,0.034710
44200,0.002948,0.002223,0.028867
44210,0.000812,0.000545,0.047966
44220,0.000392,0.000266,0.029488
44230,0.005588,0.004177,0.026483
44240,0.001903,0.001478,0.021357
44250,0.000860,0.000645,0.021604
44260,0.001547,0.001341,0.014662
44270,0.000000,0.000000,0.000000
44280,0.003492,0.002701,0.030860
44290,0.004397,0.003564,0.018035
44300,0.008472,0.006577,0.043447
44310,0.006636,0.005160,0.038332
44320,0.000000,0.000000,0.000000
44330,0.000895,0.000681,0.018664
44340,0.001777,0.001393,0.043828
44350,0.003166,0.002201,0.027941
44360,0.003213,0.002309,0.030689
44370,0.003563,0.002539,0.043560
44380,0.000000,0.000000,0.000000
44390,0.002373,0.001753,0.034014
44400,0.003502,0.002777,0.020955
44410,0.000237,0.000166,0.218580
44420,0.010445,0.008151,0.051594
44430,0.001017,0.000726,0.013388
44440,0.000000,0.000000,0.000001
44450,0.012280,0.009469,0.058654
44460,0.000000,0.000000,0.000000
44470,0.001814,0.001090,0.054691
44480,0.032015,0.042048,0.130343
44490,0.002305,0.001750,0.026762
44500,0.011008,0.008457,0.046095
44510,0.004965,0.003874,0.038297
44520,0.007116,0.006120,0.025342
44530,0.001715,0.001458,0.013100
44540,0.003973,0.002859,0.040840
44550,0.001780,0.001138,0.044714
44560,0.000000,0.000000,0.000000
44570,0.000823,0.000462,0.064722
44580,0.003359,0.002094,0.043189
44590,0.009099,0.007395,0.044590
44600,0.003409,0.002786,0.023473
44610,0.000913,0.000574,0.099949
44620,0.000954,0.000725,0.159994
44630,0.003067,0.002513,0.023523
44640,0.008340,0.006234,0.040100
44650,0.014326,0.011361,0.056990
44660,0.003649,0.002683,0.030962
44670,0.004297,0.003340,0.030096
44680,0.008452,0.006491,0.051279
44690,0.000640,0.000375,0.027935
44700,0.008213,0.006478,0.040591
44710,0.000849,0.000603,0.020053
44720,0.002910,0.002351,0.023063
44730,0.005109,0.004944,0.024329
44740,0.006454,0.005318,0.027801
44750,0.000591,0.000495,0.008957
44760,0.004735,0.003807,0.037768
44770,0.010095,0.006667,0.073854
44780,0.010571,0.007845,0.040331
44790,0.000656,0.000574,0.010223
44800,0.001723,0.001874,0.008701
44810,0.000000,0.000000,0.000000
44820,0.005001,0.003823,0.045839
44830,0.000000,0.000001,0.000003
44840,0.005213,0.003941,0.032431
44850,0.009255,0.007010,0.043364
44860,0.000077,0.000047,0.026799
44870,0.002821,0.002187,0.032005
44880,0.004844,0.003631,0.037501
44890,0.001067,0.000550,0.054746
44900,0.009141,0.006321,0.071289
44910,0.002624,0.001805,0.028447
44920,0.004530,0.003992,0.030119
44930,0.003488,0.002714,0.025020
44940,0.001225,0.001014,0.024588
44950,0.005236,0.004084,0.036934
44960,0.006345,0.005096,0.035430
44970,0.001130,0.001146,0.006882
44980,0.003594,0.002663,0.027310
44990,0.006402,0.004863,0.102758
45000,0.013690,0.010421,0.053570
45010,0.006745,0.004789,0.027902
45020,0.003404,0.002422,0.037803
45030,0.001189,0.000926,0.014600
45040,0.000000,0.000000,0.000000
45050,0.000132,0.000097,0.005455
45060,0.009969,0.007871,0.045726
45070,0.002468,0.001980,0.040720
45080,0.001342,0.000951,0.022678
45090,0.000516,0.000363,0.024508
45100,0.002740,0.002152,0.010511
45110,0.000000,0.000000,0.000000
45120,0.008714,0.006337,0.055951
45130,0.003917,0.002964,0.027737
45140,0.006571,0.004911,0.038529
45150,0.006181,0.004915,0.043722
45160,0.005057,0.003912,0.032557
45170,0.005809,0.003971,0.030984
45180,0.004310,0.003624,0.022548
45190,0.006918,0.005434,0.042397
45200,0.008681,0.006787,0.047532
45210,0.010021,0.007971,0.050738
45220,0.006956,0.005263,0.042601
45230,0.009807,0.008122,0.052835
45240,0.000000,0.000000,0.000000
45250,0.007597,0.006065,0.041878
45260,0.001537,0.000953,0.101996
45270,0.009537,0.007209,0.046858
45280,0.000000,0.000000,0.000000
45290,0.005791,0.004461,0.038413
45300,0.002050,0.001919,0.012349
45310,0.012432,0.010379,0.047671
45320,0.000000,0.000000,0.000001
45330,0.004331,0.002885,0.035618
45340,0.003806,0.002809,0.039774
45350,0.001168,0.000917,0.006951
45360,0.002321,0.001862,0.022513
45370,0.010164,0.007640,0.052434
45380,0.003451,0.002782,0.019820
45390,0.000000,0.000000,0.000000
45400,0.000378,0.000243,0.016068
45410,0.005092,0.003759,0.032220
45420,0.002080,0.001518,0.029943
45430,0.002294,0.001506,0.049365
45440,0.001674,0.001195,0.024692
45450,0.008082,0.006453,0.039785
45460,0.009580,0.006947,0.046022
45470,0.011423,0.008941,0.052693
45480,0.000762,0.000548,0.016727
45490,0.008106,0.006488,0.039722
45500,0.002343,0.001793,0.022951
45510,0.000456,0.000449,0.044358
45520,0.000000,0.000000,0.000000
45530,0.001887,0.001445,0.029561
45540,0.007796,0.005819,0.046198
45550,0.000725,0.000505,0.021537
45560,0.000964,0.000945,0.031195
45570,0.008253,0.006415,0.046169
45580,0.004313,0.003543,0.021859
45590,0.001740,0.001284,0.012297
45600,0.000764,0.000480,0.035148
45610,0.007390,0.004736,0.054060
45620,0.000000,0.000000,0.000000
45630,0.007031,0.005394,0.028217
45640,0.008099,0.006147,0.043728
45650,0.011529,0.008981,0.050339
45660,0.008929,0.006754,0.048747
45670,0.003222,0.002394,0.053171
45680,0.010081,0.007514,0.050749
45690,0.000000,0.000000,0.000000
45700,0.004287,0.002828,0.042997
45710,0.000000,0.000000,0.000001
45720,0.002363,0.001805,0.029507
45730,0.008406,0.006870,0.045051
45740,0.000594,0.000446,0.009331
45750,0.007273,0.005490,0.041269
45760,0.008236,0.006783,0.033594
45770,0.002295,0.001656,0.011606
45780,0.000611,0.000422,0.040204
45790,0.006478,0.004936,0.049988
45800,0.005347,0.003935,0.037401
45810,0.025048,0.019831,0.097287
45820,0.000331,0.000451,0.657038
45830,0.007136,0.005423,0.055486
45840,0.004790,0.003607,0.030284
45850,0.001533,0.001236,0.009456
45860,0.003940,0.002894,0.033491
45870,0.000413,0.000315,0.016252
45880,0.003019,0.002449,0.031066
45890,0.005857,0.004630,0.041269
45900,0.000000,0.000000,0.000000
45910,0.000000,0.000000,0.000000
45920,0.000000,0.000000,0.000000
45930,0.006975,0.004898,0.039540
45940,0.000000,0.000000,0.000001
45950,0.005010,0.005460,0.666023
45960,0.001397,0.001094,0.033000
45970,0.002737,0.002031,0.028258
45980,0.000950,0.000638,0.007402
45990,0.004654,0.003597,0.033352
46000,0.000414,0.000212,0.109923
46010,0.001704,0.001184,0.043705
46020,0.005251,0.004088,0.028651
46030,0.004514,0.003528,0.033450
46040,0.006606,0.004972,0.041811
46050,0.006053,0.004869,0.035927
46060,0.000000,0.000000,0.000000
46070,0.013403,0.008589,0.064515
46080,0.000000,0.000000,0.000000
46090,0.000000,0.000000,0.000000
46100,0.001114,0.000836,0.011970
46110,0.001666,0.001201,0.054632
46120,0.005708,0.004508,0.040133
46130,0.011698,0.009393,0.055029
46140,0.000959,0.000781,0.004684
46150,0.002116,0.001544,0.018947
46160,0.001293,0.000898,0.023470
46170,0.000001,0.000000,0.000002
46180,0.000000,0.000000,0.000000
46190,0.000408,0.000224,0.011288
46200,0.005631,0.004339,0.046251
46210,0.005569,0.004219,0.033031
46220,0.001672,0.001272,0.014534
46230,0.001983,0.001579,0.021636
46240,0.000731,0.000531,0.055173
46250,0.007087,0.005513,0.043813
46260,0.001763,0.001227,0.016242
46270,0.004983,0.003837,0.024021
46280,0.018177,0.017979,0.460042
46290,0.003257,0.002492,0.035729
46300,0.003517,0.002889,0.033670
46310,0.002587,0.002043,0.025009
46320,0.000859,0.000612,0.007757
46330,0.004264,0.003483,0.030968
46340,0.005899,0.004357,0.035412
46350,0.006167,0.004570,0.028912
46360,0.002195,0.001693,0.034182
46370,0.010868,0.008542,0.051088
46380,0.001572,0.001151,0.027156
46390,0.004888,0.004048,0.017076
46400,0.000000,0.000000,0.000000
46410,0.001343,0.000861,0.061223
46420,0.001096,0.000883,0.009254
46430,0.001047,0.000801,0.017234
46440,0.001428,0.000853,0.032078
46450,0.001544,0.001245,0.016480
46460,0.007968,0.006286,0.035922
46470,0.000603,0.000520,0.011871
46480,0.000190,0.000115,0.038227
46490,0.004980,0.003914,0.027396
46500,0.002089,0.001331,0.083775
46510,0.002536,0.002044,0.016802
46520,0.004497,0.003272,0.038778
46530,0.059149,0.045601,0.364920
46540,0.005913,0.004873,0.022948
46550,0.009568,0.007330,0.035538
46560,0.004850,0.003341,0.054589
46570,0.013460,0.010279,0.065003
46580,0.004105,0.003664,0.035317
46590,0.004231,0.003054,0.033838
46600,0.004732,0.003615,0.036384
46610,0.000119,0.000077,0.073741
46620,0.000000,0.000000,0.000000
46630,0.001139,0.000909,0.028019
46640,0.000000,0.000000,0.000001
46650,0.001345,0.000758,0.065788
46660,0.004609,0.003480,0.021346
46670,0.000000,0.000000,0.000000
46680,0.000789,0.000577,0.022720
46690,0.000940,0.000699,0.020454
46700,0.003262,0.002453,0.047544
46710,0.007836,0.006606,0.032336
46720,0.001657,0.001175,0.026976
46730,0.002233,0.001593,0.031125
46740,0.002392,0.001639,0.032561
46750,0.001097,0.000898,0.009237
46760,0.001198,0.000881,0.018884
46770,0.002620,0.001950,0.023479
46780,0.004529,0.003641,0.036220
46790,0.000619,0.000415,0.042617
46800,0.002692,0.001619,0.081464
46810,0.000594,0.000433,0.027705
46820,0.000000,0.000000,0.000000
46830,0.001494,0.000737,0.073519
46840,0.001946,0.001520,0.051523
46850,0.000232,0.000121,0.091160
46860,0.001635,0.001094,0.030597
46870,0.004778,0.003571,0.037812
46880,0.001937,0.001492,0.026142
46890,0.000000,0.000000,0.000000
46900,0.006322,0.004855,0.026711
46910,0.000121,0.000117,0.011428
46920,0.004273,0.003293,0.035551
46930,0.003278,0.002387,0.017626
46940,0.000494,0.000339,0.003785
46950,0.006462,0.005082,0.039661
46960,0.002915,0.002077,0.064173
46970,0.000677,0.000537,0.288146
46980,0.003291,0.002367,0.021673
46990,0.029875,0.019898,0.107506
47000,0.003309,0.002554,0.019502
47010,0.000000,0.000000,0.000000
47020,0.004639,0.003518,0.033683
47030,0.005065,0.003826,0.027786
47040,0.002294,0.001654,0.027105
47050,0.001988,0.001453,0.028746
47060,0.005486,0.004266,0.039834
47070,0.003782,0.002882,0.033149
47080,0.002829,0.002403,0.017869
47090,0.000652,0.000392,0.070661
47100,0.004072,0.003616,0.052666
47110,0.005050,0.003939,0.038597
47120,0.011020,0.009906,0.053596
47130,0.002160,0.001394,0.061310
47140,0.002656,0.001902,0.025499
47150,0.002493,0.002331,0.030145
47160,0.000993,0.000727,0.010302
47170,0.002329,0.001711,0.009214
47180,0.008604,0.006671,0.042821
47190,0.000373,0.000229,0.046040
47200,0.000001,0.000001,0.000004
47210,0.003031,0.002647,0.069251
47220,0.002019,0.001431,0.051688
47230,0.000740,0.000460,0.053933
47240,0.004536,0.003126,0.036290
47250,0.003578,0.002542,0.020202
47260,0.006614,0.005119,0.039848
47270,0.002836,0.002131,0.018936
47280,0.002366,0.001726,0.037158
47290,0.012393,0.009961,0.059477
47300,0.002478,0.001982,0.010533
47310,0.000025,0.000035,0.656310
47320,0.000000,0.000000,0.000000
47330,0.002910,0.002231,0.015876
47340,0.004436,0.003487,0.035083
47350,0.003623,0.006224,0.432772
47360,0.009577,0.007349,0.046357
47370,0.002899,0.001971,0.032235
47380,0.007016,0.005661,0.047339
47390,0.010886,0.008677,0.048424
47400,0.006195,0.004726,0.034609
47410,0.001859,0.001628,0.029307
47420,0.008380,0.006988,0.042328
47430,0.001212,0.000995,0.040849
47440,0.012101,0.009259,0.073845
47450,0.000000,0.000000,0.000000
47460,0.000000,0.000000,0.000000
47470,0.004099,0.003240,0.026546
47480,0.002419,0.001781,0.027952
47490,0.007170,0.005554,0.042430
47500,0.000000,0.000000,0.000000
47510,0.008554,0.006532,0.046988
47520,0.002648,0.002084,0.025329
47530,0.001759,0.001368,0.027836
47540,0.000267,0.000203,0.008734
47550,0.009748,0.007749,0.060309
47560,0.008879,0.006812,0.048282
47570,0.001247,0.000919,0.036272
47580,0.002911,0.002388,0.019829
47590,0.000901,0.000574,0.085173
47600,0.001451,0.001078,0.093856
47610,0.000000,0.000000,0.000000
47620,0.001141,0.000785,0.020904
47630,0.007747,0.005992,0.044759
47640,0.004163,0.003322,0.036870
47650,0.001091,0.000794,0.021582
47660,0.002109,0.001481,0.019160
47670,0.000000,0.000000,0.000000
47680,0.003581,0.002882,0.026531
47690,0.001150,0.000809,0.009781
47700,0.000000,0.000000,0.000000
47710,0.001569,0.001216,0.012564
47720,0.002882,0.002191,0.027090
47730,0.004953,0.003666,0.034747
47740,0.012861,0.010015,0.058030
47750,0.001359,0.000782,0.048112
47760,0.001984,0.001779,0.010125
47770,0.004395,0.003302,0.032743
47780,0.004140,0.002992,0.034741
47790,0.000000,0.000001,0.000002
47800,0.003365,0.002749,0.034966
47810,0.004504,0.003690,0.023903
47820,0.000057,0.000049,0.000152
47830,0.000002,0.000002,0.000007
47840,0.005028,0.003797,0.037062
47850,0.002457,0.001895,0.019164
47860,0.007894,0.006178,0.044265
47870,0.005233,0.003865,0.036716
47880,0.000285,0.000128,0.119762
47890,0.000201,0.000145,0.039613
47900,0.003417,0.002625,0.073706
47910,0.005225,0.003218,0.093928
47920,0.000000,0.000000,0.000000
47930,0.006156,0.004754,0.038098
47940,0.005466,0.004472,0.032423
47950,0.003891,0.002963,0.044587
47960,0.001824,0.001321,0.015106
47970,0.006894,0.005419,0.034465
47980,0.004238,0.003525,0.028502
47990,0.001572,0.001218,0.018161
48000,0.000346,0.000247,0.052949
48010,0.002810,0.002372,0.043812
48020,0.003286,0.002455,0.026156
48030,0.000454,0.000284,0.019570
48040,0.003894,0.003139,0.027960
48050,0.003890,0.003144,0.022006
48060,0.007078,0.005855,0.036749
48070,0.001135,0.000599,0.202427
48080,0.009840,0.008003,0.052727
48090,0.000914,0.000778,0.015734
48100,0.012745,0.010081,0.049586
48110,0.009007,0.006628,0.057616
48120,0.003444,0.002836,0.028889
48130,0.005356,0.004021,0.023759
48140,0.001546,0.001122,0.018740
48150,0.000809,0.000589,0.041126
48160,0.002207,0.001644,0.030861
48170,0.000000,0.000000,0.000000
48180,0.004291,0.003185,0.036290
48190,0.001312,0.000852,0.034083
48200,0.000002,0.000171,0.000222
48210,0.000621,0.000515,0.007686
48220,0.002729,0.002042,0.025575
48230,0.004063,0.003094,0.031598
48240,0.008815,0.006915,0.043815
48250,0.000334,0.000309,0.022422
48260,0.003403,0.002877,0.040143
48270,0.005138,0.004117,0.031898
48280,0.001313,0.000972,0.027801
48290,0.000004,0.000136,0.000198
48300,0.004394,0.003787,0.016428
48310,0.000300,0.000224,0.051629
48320,0.002336,0.001772,0.025091
48330,0.001159,0.000923,0.024493
48340,0.001050,0.000858,0.007209
48350,0.002586,0.002058,0.019277
48360,0.003017,0.002200,0.032860
48370,0.007330,0.005648,0.030161
48380,0.001298,0.001224,0.038093
48390,0.000000,0.000000,0.000000
48400,0.002413,0.001627,0.041914
48410,0.003084,0.002295,0.024195
48420,0.003778,0.002904,0.032475
48430,0.004152,0.003165,0.033222
48440,0.004985,0.003714,0.038235
48450,0.000568,0.000357,0.028257
48460,0.000111,0.000081,0.024938
48470,0.003492,0.002618,0.043052
48480,0.003297,0.002369,0.023810
48490,0.009240,0.006859,0.038098
48500,0.000377,0.000262,0.002923
48510,0.003257,0.002741,0.028264
48520,0.002052,0.001237,0.044035
48530,0.000000,0.000000,0.000000
48540,0.002673,0.001986,0.036908
48550,0.001231,0.000933,0.021242
48560,0.005268,0.004395,0.024876
48570,0.003022,0.002291,0.035710
48580,0.000000,0.000000,0.000000
48590,0.000268,0.000181,0.030395
48600,0.000878,0.000684,0.006299
48610,0.000001,0.000000,0.000001
48620,0.000497,0.000364,0.016696
48630,0.001414,0.001292,0.015301
48640,0.006907,0.005674,0.024515
48650,0.000718,0.000564,0.049726
48660,0.003770,0.003025,0.021421
48670,0.000000,0.000000,0.000001
48680,0.003825,0.002577,0.033897
48690,0.006045,0.005012,0.041394
48700,0.006249,0.004874,0.034584
48710,0.002309,0.001763,0.021688
48720,0.000861,0.000640,0.083717
48730,0.004330,0.003419,0.025432
48740,0.000349,0.000294,0.003255
48750,0.001334,0.001083,0.028135
48760,0.005203,0.004019,0.039547
48770,0.004940,0.004087,0.042131
48780,0.002236,0.001704,0.025885
48790,0.005974,0.004782,0.024563
48800,0.006877,0.005240,0.027299
48810,0.001344,0.001071,0.026405
48820,0.000658,0.000561,0.008408
48830,0.000592,0.000449,0.013932
48840,0.004736,0.003496,0.040251
48850,0.002689,0.002270,0.013907
48860,0.000000,0.000000,0.000000
48870,0.002230,0.001612,0.026100
48880,0.005338,0.004047,0.038230
48890,0.003584,0.002708,0.025626
48900,0.003402,0.002692,0.041122
48910,0.003665,0.002847,0.029940
48920,0.001215,0.000893,0.048664
48930,0.001079,0.000910,0.009384
48940,0.003884,0.002900,0.033880
48950,0.004239,0.003315,0.035203
48960,0.002284,0.001524,0.036029
48970,0.003476,0.002330,0.040258
48980,0.001157,0.000621,0.035297
48990,0.004455,0.002988,0.073451
49000,0.008258,0.006424,0.047073
49010,0.000093,0.000079,0.005592
49020,0.005403,0.004159,0.037737
49030,0.002711,0.002209,0.033264
49040,0.002592,0.002199,0.023357
49050,0.001136,0.000991,0.006298
49060,0.001569,0.001118,0.022596
49070,0.001862,0.001380,0.031509
49080,0.004812,0.003703,0.027131
49090,0.007190,0.005819,0.033456
49100,0.001166,0.000883,0.031477
49110,0.000000,0.000000,0.000000
49120,0.004729,0.003022,0.072645
49130,0.009177,0.006954,0.049891
49140,0.000375,0.000224,0.081630
49150,0.001922,0.001442,0.048444
49160,0.001069,0.000812,0.032742
49170,0.010524,0.008473,0.047014
49180,0.002098,0.001674,0.051853
49190,0.006590,0.005130,0.044859
49200,0.008153,0.006525,0.040408
49210,0.000000,0.000000,0.000000
49220,0.000742,0.000578,0.016427
49230,0.000000,0.000000,0.000000
49240,0.002200,0.001636,0.033106
49250,0.000000,0.000000,0.000000
49260,0.001563,0.001058,0.049700
49270,0.006044,0.004555,0.033783
49280,0.002927,0.002301,0.059261
49290,0.006458,0.005190,0.041261
49300,0.003044,0.002378,0.019313
49310,0.004754,0.003443,0.044229
49320,0.010570,0.008671,0.057535
49330,0.005703,0.004541,0.031483
49340,0.000655,0.000378,0.040056
49350,0.001545,0.001148,0.014933
49360,0.002439,0.001594,0.059801
49370,0.001235,0.000805,0.022685
49380,0.008430,0.006651,0.043979
49390,0.002989,0.002397,0.032562
49400,0.006125,0.004779,0.025489
49410,0.004021,0.003218,0.033273
49420,0.008876,0.006863,0.049244
49430,0.004055,0.003217,0.034270
49440,0.010797,0.008454,0.040684
49450,0.001348,0.001009,0.055919
49460,0.000002,0.000066,0.000094
49470,0.001091,0.000870,0.008072
49480,0.003809,0.002914,0.024818
49490,0.000000,0.000000,0.000000
49500,0.000744,0.000540,0.028114
49510,0.000445,0.000488,0.657198
49520,0.012491,0.008781,0.062989
49530,0.002998,0.002134,0.030292
49540,0.006521,0.004889,0.042474
49550,0.001920,0.001334,0.026449
49560,0.004607,0.003479,0.031736
49570,0.000447,0.000304,0.034797
49580,0.000361,0.000226,0.030748
49590,0.000860,0.000748,0.025614
49600,0.002499,0.001943,0.013417
49610,0.001701,0.001438,0.032662
49620,0.001230,0.001030,0.034854
49630,0.000000,0.000000,0.000000
49640,0.000773,0.000631,0.014081
49650,0.000717,0.000515,0.031403
49660,0.003317,0.003002,0.015455
49670,0.003791,0.002985,0.026699
49680,0.003295,0.002619,0.027001
49690,0.004056,0.003354,0.020544
49700,0.000000,0.000000,0.000000
49710,0.004309,0.003457,0.032608
49720,0.009182,0.007451,0.044277
49730,0.004169,0.003395,0.024790
49740,0.003752,0.002765,0.041808
49750,0.004029,0.003347,0.025188
49760,0.006011,0.004622,0.045262
49770,0.003930,0.003086,0.030760
49780,0.015296,0.010711,0.081711
49790,0.002481,0.001931,0.037657
49800,0.005679,0.005095,0.086739
49810,0.001716,0.001366,0.031198
49820,0.001104,0.000772,0.030528
49830,0.000000,0.000000,0.000000
49840,0.000000,0.000000,0.000000
49850,0.006076,0.004922,0.035282
49860,0.002590,0.001851,0.028465
49870,0.005237,0.004167,0.022993
49880,0.008554,0.006656,0.046141
49890,0.000287,0.000219,0.002978
49900,0.003679,0.002332,0.010923
49910,0.001502,0.001214,0.019115
49920,0.000524,0.000318,0.014610
49930,0.000499,0.000285,0.018251
49940,0.009260,0.007138,0.050832
49950,0.006070,0.004674,0.038500
49960,0.000820,0.000608,0.012521
49970,0.000000,0.000000,0.000000
49980,0.003254,0.002225,0.068393
49990,0.006705,0.005524,0.052523
50000,0.003434,0.002484,0.037625
50010,0.005226,0.003945,0.047121
50020,0.001037,0.000830,0.015458
50030,0.002054,0.001568,0.010078
50040,0.002214,0.001699,0.013575
50050,0.004919,0.003834,0.034218
50060,0.004898,0.003892,0.027423
50070,0.002554,0.001768,0.033580
50080,0.000967,0.000843,0.005221
50090,0.000106,0.000088,0.007690
50100,0.003874,0.002879,0.032802
50110,0.000717,0.000637,0.028570
50120,0.000255,0.000191,0.019821
50130,0.007145,0.005746,0.024253
50140,0.002913,0.002111,0.023735
50150,0.012835,0.010415,0.052436
50160,0.000000,0.000000,0.000000
50170,0.009042,0.006683,0.046449
50180,0.002998,0.002285,0.039030
50190,0.004778,0.003945,0.033621
50200,0.002929,0.002092,0.036852
50210,0.006147,0.004376,0.041599
50220,0.000175,0.000166,0.007826
50230,0.000000,0.000000,0.000000
50240,0.000417,0.000286,0.016058
50250,0.005072,0.003872,0.074958
50260,0.000151,0.000123,0.032833
50270,0.003167,0.002457,0.029575
50280,0.001875,0.001536,0.014737
50290,0.001216,0.000956,0.010680
50300,0.000129,0.000087,0.021844
50310,0.004148,0.003109,0.033356
50320,0.001717,0.001208,0.035958
50330,0.001238,0.000883,0.018617
50340,0.001244,0.000930,0.018304
50350,0.001166,0.000903,0.021478
50360,0.006806,0.005353,0.039014
50370,0.005852,0.004548,0.030980
50380,0.001092,0.001058,0.074450
50390,0.000488,0.000351,0.022781
50400,0.002486,0.001952,0.011878
50410,0.000000,0.000000,0.000000
50420,0.002124,0.001545,0.018406
50430,0.000516,0.000341,0.034738
50440,0.000842,0.000569,0.021742
50450,0.001162,0.000786,0.049833
50460,0.002603,0.002077,0.015613
50470,0.007118,0.005614,0.038209
50480,0.008518,0.006667,0.045490
50490,0.003947,0.002881,0.031358
50500,0.001084,0.001004,0.019788
50510,0.007700,0.005944,0.039820
50520,0.005991,0.004794,0.036554
50530,0.000603,0.000334,0.034526
50540,0.001543,0.001029,0.041289
50550,0.000865,0.000460,0.079348
50560,0.003597,0.002563,0.025309
50570,0.002070,0.001272,0.020761
50580,0.000398,0.000215,0.656874
50590,0.006079,0.004696,0.036694
50600,0.004693,0.003588,0.018908
50610,0.000000,0.000000,0.000000
50620,0.003067,0.002371,0.032486
50630,0.000376,0.000251,0.035434
50640,0.001029,0.000989,0.024447
50650,0.002321,0.002131,0.015704
50660,0.001647,0.001128,0.025436
50670,0.007023,0.005611,0.035353
50680,0.004922,0.003624,0.039062
50690,0.003639,0.002829,0.022686
50700,0.010989,0.007912,0.060851
50710,0.003264,0.002443,0.035608
50720,0.001453,0.000979,0.046728
50730,0.000356,0.000281,0.100557
50740,0.006871,0.005390,0.037746
50750,0.005376,0.004342,0.027627
50760,0.000000,0.000000,0.000000
50770,0.005828,0.004550,0.038448
50780,0.000992,0.000719,0.071847
50790,0.001259,0.000764,0.068704
50800,0.001280,0.001041,0.014168
50810,0.000592,0.000490,0.020630
50820,0.001666,0.001194,0.025669
50830,0.001810,0.001627,0.014572
50840,0.002978,0.002252,0.028908
50850,0.001378,0.001009,0.045185
50860,0.002349,0.001923,0.011669
50870,0.004170,0.003270,0.017931
50880,0.008241,0.006440,0.040493
50890,0.004437,0.003304,0.039163
50900,0.005708,0.004351,0.035792
50910,0.001599,0.001126,0.025280
50920,0.008637,0.007926,0.047057
50930,0.001335,0.000993,0.038838
50940,0.000000,0.000000,0.000000
50950,0.002269,0.001614,0.027019
50960,0.000000,0.000025,0.000037
50970,0.002895,0.002124,0.020676
50980,0.002564,0.001837,0.027103
50990,0.001487,0.001365,0.037878
51000,0.000000,0.000000,0.000000
51010,0.013338,0.010888,0.052228
51020,0.005291,0.004191,0.036375
51030,0.002771,0.002181,0.030977
51040,0.005803,0.004521,0.034320
51050,0.001123,0.000825,0.047979
51060,0.001192,0.000945,0.007941
51070,0.003032,0.002296,0.022820
51080,0.002921,0.001883,0.093139
51090,0.000000,0.000000,0.000000
51100,0.003490,0.002380,0.029769
51110,0.002877,0.002403,0.033427
51120,0.000575,0.000325,0.048793
51130,0.001283,0.000728,0.022849
51140,0.001090,0.000792,0.015471
51150,0.002360,0.001783,0.036758
51160,0.001169,0.001333,0.004234
51170,0.002610,0.002543,0.025265
51180,0.004788,0.003643,0.032302
51190,0.007778,0.006251,0.038973
51200,0.002868,0.002226,0.044629
51210,0.000000,0.000000,0.000000
51220,0.001413,0.000957,0.071220
51230,0.004359,0.003300,0.038283
51240,0.002294,0.001846,0.008149
51250,0.001400,0.000991,0.023021
51260,0.002922,0.002141,0.034689
51270,0.001404,0.001240,0.005841
51280,0.000000,0.000000,0.000000
51290,0.002625,0.002024,0.010874
51300,0.001801,0.001325,0.034338
51310,0.006585,0.005269,0.033525
51320,0.003512,0.002680,0.033114
51330,0.007047,0.005587,0.039403
51340,0.001142,0.000858,0.009749
51350,0.000715,0.000507,0.011982
51360,0.007928,0.006228,0.038556
51370,0.006090,0.004630,0.038334
51380,0.000575,0.000423,0.657258
51390,0.000000,0.000000,0.000000
51400,0.003771,0.003081,0.105386
51410,0.000000,0.000000,0.000000
51420,0.004643,0.003755,0.029685
51430,0.000000,0.000000,0.000000
51440,0.000755,0.000580,0.032224
51450,0.001849,0.001454,0.008282
51460,0.006799,0.005596,0.031064
51470,0.002990,0.002289,0.027883
51480,0.006739,0.005330,0.043713
51490,0.003374,0.002436,0.031789
51500,0.013071,0.010171,0.062979
51510,0.003685,0.002807,0.031434
51520,0.002918,0.002146,0.026652
51530,0.002060,0.001507,0.022979
51540,0.002045,0.001675,0.016679
51550,0.003671,0.002598,0.031817
51560,0.002126,0.001576,0.021527
51570,0.001468,0.001054,0.026358
51580,0.004773,0.003634,0.033946
51590,0.004530,0.003548,0.035270
51600,0.006462,0.004878,0.034437
51610,0.002742,0.002180,0.017159
51620,0.009828,0.007799,0.052502
51630,0.001421,0.001224,0.006896
51640,0.008323,0.006738,0.042782
51650,0.001470,0.001094,0.017727
51660,0.001070,0.000706,0.013550
51670,0.000000,0.000000,0.000000
51680,0.001682,0.001260,0.008231
51690,0.004297,0.002992,0.041360
51700,0.002221,0.001776,0.021930
51710,0.002871,0.002246,0.016893
51720,0.005093,0.004002,0.031764
51730,0.000109,0.000068,0.082932
51740,0.002598,0.002081,0.018502
51750,0.002396,0.001958,0.035788
51760,0.000918,0.000761,0.009480
51770,0.002166,0.001503,0.013221
51780,0.004054,0.003055,0.023483
51790,0.004751,0.003661,0.030525
51800,0.002594,0.001493,0.068083
51810,0.003759,0.002940,0.034996
51820,0.000237,0.000200,0.076547
51830,0.000281,0.004187,0.174333
51840,0.015751,0.011857,0.063780
51850,0.003589,0.003028,0.017349
51860,0.003503,0.002655,0.033495
51870,0.000898,0.000840,0.004153
51880,0.001772,0.001434,0.009988
51890,0.003265,0.002499,0.027255
51900,0.013114,0.010248,0.057435
51910,0.000320,0.000433,0.656770
51920,0.004984,0.003591,0.038802
51930,0.000264,0.000175,0.029814
51940,0.001489,0.001935,0.029233
51950,0.005943,0.004717,0.035912
51960,0.000383,0.000293,0.051612
51970,0.000529,0.000653,0.657442
51980,0.009145,0.006295,0.094614
51990,0.000016,0.000023,0.000060
52000,0.004265,0.003253,0.038048
52010,0.001924,0.001390,0.011243
52020,0.006090,0.004421,0.033022
52030,0.004001,0.003223,0.033166
52040,0.004105,0.003185,0.028473
52050,0.001190,0.000833,0.031299
52060,0.001078,0.000846,0.025634
52070,0.000556,0.000436,0.034363
52080,0.003027,0.002069,0.029527
52090,0.001729,0.001189,0.112617
52100,0.000699,0.000536,0.007204
52110,0.001883,0.001415,0.024124
52120,0.005008,0.004140,0.020526
52130,0.000735,0.000495,0.035010
52140,0.006070,0.004627,0.021199
52150,0.004264,0.003390,0.026462
52160,0.007387,0.005794,0.038918
52170,0.009633,0.007527,0.052192
52180,0.000000,0.000000,0.000000
52190,0.009122,0.007073,0.050240
52200,0.002676,0.002037,0.018109
52210,0.006650,0.005121,0.038443
52220,0.000716,0.000582,0.011046
52230,0.002745,0.001971,0.017272
52240,0.002046,0.001492,0.043776
52250,0.008548,0.007190,0.047629
52260,0.000650,0.000758,0.657660
52270,0.003340,0.002700,0.013245
52280,0.002033,0.001606,0.031868
52290,0.001613,0.001153,0.018921
52300,0.008196,0.006694,0.050374
52310,0.000898,0.000600,0.040822
52320,0.005878,0.004569,0.033051
52330,0.004571,0.003483,0.043925
52340,0.010319,0.008086,0.047465
52350,0.007616,0.006091,0.041103
52360,0.006961,0.005609,0.054689
52370,0.009980,0.007747,0.048257
52380,0.009723,0.007722,0.044757
52390,0.000859,0.000730,0.009973
52400,0.001145,0.000783,0.051093
52410,0.011397,0.008675,0.058382
52420,0.002940,0.002179,0.028135
52430,0.006019,0.004572,0.039799
52440,0.004939,0.003572,0.042662
52450,0.001075,0.000735,0.018524
52460,0.004597,0.003449,0.026041
52470,0.000350,0.000227,0.057898
52480,0.006543,0.004568,0.051618
52490,0.002783,0.001970,0.031298
52500,0.003824,0.002913,0.030868
52510,0.003104,0.002749,0.010805
52520,0.001631,0.001296,0.008363
52530,0.001277,0.000948,0.054764
52540,0.005937,0.004849,0.040246
52550,0.001711,0.001131,0.035395
52560,0.004990,0.004272,0.025708
52570,0.005565,0.004253,0.036418
52580,0.003872,0.002993,0.034993
52590,0.000488,0.000350,0.029893
52600,0.001781,0.001317,0.021170
52610,0.000000,0.000000,0.000000
52620,0.003796,0.003095,0.036350
52630,0.010301,0.008078,0.048779
52640,0.001160,0.000960,0.012760
52650,0.003499,0.002679,0.032454
52660,0.016893,0.012881,0.062519
52670,0.015809,0.012435,0.059920
52680,0.000945,0.000846,0.009649
52690,0.012719,0.009590,0.042827
52700,0.000511,0.000350,0.100318
52710,0.004739,0.003609,0.039989
52720,0.001453,0.001104,0.008639
52730,0.005651,0.004340,0.037993
52740,0.000697,0.000522,0.012762
52750,0.000461,0.000318,0.013870
52760,0.003006,0.002500,0.015657
52770,0.002129,0.001679,0.020077
52780,0.006529,0.005101,0.041187
52790,0.001384,0.000965,0.039064
52800,0.005447,0.004204,0.026992
52810,0.000569,0.000379,0.033291
52820,0.002852,0.002151,0.024361
52830,0.000130,0.000158,0.029905
52840,0.004836,0.003481,0.028979
52850,0.000383,0.000286,0.045534
52860,0.000907,0.000592,0.005528
52870,0.000729,0.000530,0.026201
52880,0.000109,0.000044,0.064382
52890,0.002724,0.002212,0.027405
52900,0.004160,0.003114,0.035647
52910,0.001859,0.001509,0.020457
52920,0.000954,0.000733,0.005118
52930,0.004229,0.003014,0.037595
52940,0.000063,0.000143,0.048233
52950,0.002357,0.002299,0.012349
52960,0.003408,0.002633,0.030774
52970,0.002934,0.002072,0.031363
52980,0.003959,0.002900,0.044368
52990,0.002022,0.001474,0.017373
53000,0.002336,0.002117,0.010240
53010,0.002280,0.001196,0.086294
53020,0.000941,0.000523,0.045867
53030,0.000000,0.000002,0.000003
53040,0.001339,0.001244,0.008133
53050,0.001891,0.001411,0.058529
53060,0.044346,0.040343,0.136136
53070,0.001196,0.000977,0.010900
53080,0.004404,0.003566,0.032158
53090,0.001689,0.001273,0.008600
53100,0.011719,0.009349,0.044616
53110,0.005213,0.004212,0.028401
53120,0.001228,0.000906,0.018849
53130,0.006043,0.004616,0.036320
53140,0.006078,0.005141,0.022680
53150,0.005618,0.004497,0.031505
53160,0.001441,0.001151,0.006744
53170,0.003875,0.002901,0.034827
53180,0.006146,0.004780,0.033359
53190,0.003519,0.002840,0.022286
53200,0.000000,0.000000,0.000000
53210,0.001347,0.001042,0.020788
53220,0.004071,0.002815,0.037360
53230,0.004855,0.003793,0.025427
53240,0.004263,0.003696,0.042630
53250,0.004118,0.003001,0.044850
53260,0.006154,0.004877,0.101218
53270,0.003054,0.002096,0.048110
53280,0.000000,0.000000,0.000000
53290,0.006990,0.005884,0.037422
53300,0.002067,0.001646,0.014902
53310,0.001677,0.001105,0.044482
53320,0.002648,0.001982,0.085765
53330,0.014834,0.011478,0.065671
53340,0.003441,0.002705,0.030745
53350,0.001130,0.000729,0.015159
53360,0.003555,0.002603,0.031747
53370,0.000771,0.000518,0.023528
53380,0.000000,0.000000,0.000000
53390,0.000170,0.000143,0.040160
53400,0.000516,0.000320,0.062242
53410,0.009383,0.007524,0.050830
53420,0.006712,0.005217,0.039346
53430,0.008721,0.006979,0.043291
53440,0.005425,0.004691,0.027425
53450,0.010658,0.008754,0.042819
53460,0.003492,0.002631,0.026714
53470,0.002524,0.001840,0.011684
53480,0.000000,0.000000,0.000000
53490,0.001140,0.000838,0.078815
53500,0.002100,0.001760,0.027190
53510,0.004021,0.002768,0.053463
53520,0.006738,0.004951,0.049565
53530,0.004623,0.003515,0.030448
53540,0.000435,0.000292,0.045347
53550,0.002271,0.001593,0.026380
53560,0.005082,0.004034,0.032973
53570,0.007032,0.005593,0.036110
53580,0.005790,0.004740,0.028747
53590,0.000587,0.000507,0.012297
53600,0.002554,0.001867,0.033660
53610,0.000000,0.000000,0.000000
53620,0.005278,0.004043,0.026852
53630,0.001437,0.001039,0.047903
53640,0.000310,0.000316,0.010976
53650,0.001430,0.001075,0.012795
53660,0.003641,0.002333,0.045969
53670,0.005761,0.004340,0.037778
53680,0.002880,0.002218,0.032684
53690,0.003589,0.002477,0.031458
53700,0.004463,0.003795,0.020186
53710,0.005675,0.004556,0.028360
53720,0.000000,0.000000,0.000000
53730,0.001997,0.001425,0.055221
53740,0.006905,0.005349,0.041416
53750,0.007873,0.006247,0.048152
53760,0.000289,0.000217,0.065261
53770,0.003152,0.002693,0.015398
53780,0.005999,0.004696,0.032459
53790,0.001030,0.000747,0.032785
53800,0.002632,0.001928,0.026731
53810,0.001625,0.001246,0.017677
53820,0.000344,0.000268,0.026540
53830,0.003506,0.002815,0.025077
53840,0.001409,0.001035,0.028231
53850,0.004640,0.003361,0.032078
53860,0.000441,0.000265,0.029177
53870,0.000057,0.000074,0.028108
53880,0.002179,0.001503,0.043642
53890,0.003302,0.002490,0.044509
53900,0.001954,0.001778,0.056054
53910,0.004539,0.003802,0.024540
53920,0.006506,0.004933,0.029733
53930,0.009215,0.006929,0.045131
53940,0.002086,0.001611,0.010211
53950,0.002893,0.002156,0.027514
53960,0.003408,0.002535,0.022965
53970,0.004809,0.003553,0.031867
53980,0.002134,0.001557,0.008831
53990,0.003504,0.002512,0.033142
54000,0.001696,0.001356,0.009006
54010,0.004162,0.003136,0.029169
54020,0.002440,0.001768,0.025387
54030,0.000457,0.000306,0.024069
54040,0.002227,0.002246,0.011910
54050,0.007271,0.005875,0.049602
54060,0.000135,0.000135,0.088030
54070,0.005915,0.004516,0.028103
54080,0.003131,0.002300,0.022754
54090,0.004628,0.003492,0.035585
54100,0.000000,0.000000,0.000000
54110,0.003588,0.002742,0.017565
54120,0.005055,0.003904,0.035646
54130,0.010229,0.007869,0.046605
54140,0.005762,0.004379,0.040333
54150,0.000000,0.000000,0.000000
54160,0.000635,0.000430,0.031399
54170,0.006308,0.004937,0.036070
54180,0.004642,0.003369,0.033679
54190,0.003048,0.002335,0.026113
54200,0.003317,0.002504,0.024703
54210,0.003242,0.002594,0.018126
54220,0.000292,0.000292,0.055011
54230,0.009291,0.007249,0.044557
54240,0.008898,0.007461,0.036607
54250,0.001783,0.001323,0.027777
54260,0.004618,0.003702,0.022412
54270,0.001099,0.000881,0.008763
54280,0.000000,0.000000,0.000000
54290,0.000000,0.000000,0.000001
54300,0.005623,0.004673,0.033423
54310,0.002168,0.001619,0.022910
54320,0.001928,0.001468,0.023135
54330,0.007133,0.005674,0.039890
54340,0.000322,0.000216,0.207896
54350,0.002655,0.001970,0.034060
54360,0.004004,0.003165,0.023301
54370,0.005780,0.004430,0.045795
54380,0.004645,0.003414,0.030741
54390,0.006537,0.005070,0.034680
54400,0.001850,0.001407,0.010263
54410,0.002330,0.001916,0.019491
54420,0.000000,0.000000,0.000000
54430,0.002592,0.001989,0.026328
54440,0.001006,0.000756,0.037872
54450,0.000000,0.000000,0.000000
54460,0.000000,0.000000,0.000000
54470,0.004464,0.003628,0.024428
54480,0.000645,0.000384,0.039723
54490,0.001472,0.001050,0.023548
54500,0.006731,0.005056,0.039539
54510,0.000571,0.000354,0.064665
54520,0.000505,0.000396,0.062919
54530,0.004816,0.003580,0.062049
54540,0.002302,0.001802,0.031072
54550,0.006732,0.005196,0.038375
54560,0.000999,0.000691,0.011630
54570,0.000272,0.000962,0.200107
54580,0.005710,0.004193,0.043361
54590,0.006155,0.004772,0.021724
54600,0.001746,0.001388,0.028218
54610,0.000004,0.000019,0.000036
54620,0.006162,0.004676,0.043060
54630,0.001027,0.000631,0.071043
54640,0.000000,0.000000,0.000000
54650,0.003080,0.002337,0.024398
54660,0.000651,0.000423,0.029001
54670,0.002291,0.002701,0.013978
54680,0.003833,0.002933,0.024044
54690,0.002068,0.001300,0.104523
54700,0.006014,0.004625,0.040905
54710,0.001054,0.000661,0.010137
54720,0.008236,0.006440,0.043328
54730,0.003699,0.002758,0.032627
54740,0.004534,0.003435,0.027257
54750,0.000748,0.000423,0.032036
54760,0.001425,0.001081,0.010919
54770,0.002195,0.001694,0.015599
54780,0.000000,0.000001,0.000001
54790,0.000000,0.000000,0.000000
54800,0.003881,0.002933,0.020370
54810,0.000311,0.000223,0.015565
54820,0.003357,0.002518,0.029976
54830,0.001562,0.001086,0.027254
54840,0.000374,0.000241,0.018902
54850,0.001364,0.001038,0.018975
54860,0.000980,0.000740,0.006071
54870,0.002723,0.002201,0.016400
54880,0.003147,0.002248,0.018976
54890,0.000000,0.000000,0.000000
54900,0.001177,0.000844,0.043775
54910,0.006714,0.005159,0.036283
54920,0.003627,0.002737,0.033762
54930,0.000131,0.000295,0.656612
54940,0.000000,0.000000,0.000000
54950,0.008213,0.006368,0.043692
54960,0.000139,0.000160,0.656555
54970,0.001370,0.001040,0.017452
54980,0.000000,0.000000,0.000000
54990,0.001749,0.001362,0.031378
55000,0.002926,0.002214,0.030586
55010,0.001289,0.000969,0.075378
55020,0.000000,0.000000,0.000000
55030,0.005213,0.004086,0.040669
55040,0.005844,0.004546,0.034316
55050,0.003316,0.003684,0.021280
55060,0.002072,0.001529,0.026536
55070,0.001760,0.001284,0.026290
55080,0.001946,0.001470,0.013780
55090,0.002996,0.002181,0.029984
55100,0.003614,0.003078,0.019019
55110,0.004218,0.003348,0.022852
55120,0.003934,0.003062,0.016074
55130,0.000000,0.000000,0.000000
55140,0.000000,0.000000,0.000000
55150,0.001026,0.000725,0.026864
55160,0.001767,0.001329,0.020478
55170,0.003603,0.002943,0.015014
55180,0.000000,0.000000,0.000000
55190,0.002567,0.001970,0.035156
55200,0.001866,0.001360,0.043676
55210,0.000000,0.000000,0.000000
55220,0.001192,0.000984,0.017246
55230,0.002144,0.001722,0.016044
55240,0.011585,0.009392,0.046119
55250,0.002330,0.001772,0.022761
55260,0.006371,0.005190,0.046935
55270,0.004730,0.004277,0.039582
55280,0.007349,0.005477,0.046633
55290,0.005909,0.004769,0.032403
55300,0.004431,0.003858,0.027603
55310,0.000652,0.000516,0.038526
55320,0.002644,0.002057,0.010786
55330,0.006623,0.005331,0.041106
55340,0.000298,0.000217,0.040436
55350,0.002747,0.002062,0.025379
55360,0.002876,0.002119,0.025395
55370,0.000000,0.000000,0.000000
55380,0.000000,0.000000,0.000000
55390,0.006276,0.004929,0.039503
55400,0.001549,0.001175,0.009548
55410,0.003486,0.003062,0.022675
55420,0.002194,0.001781,0.020473
55430,0.002192,0.001353,0.060211
55440,0.004255,0.003233,0.038440
55450,0.007802,0.006441,0.042228
55460,0.015628,0.012162,0.063468
55470,0.002559,0.001842,0.031094
55480,0.001704,0.001562,0.032226
55490,0.000000,0.000000,0.000000
55500,0.000000,0.000000,0.000000
55510,0.003762,0.002781,0.035712
55520,0.003166,0.002574,0.024232
55530,0.003550,0.002839,0.014861
55540,0.001657,0.001045,0.031001
55550,0.001185,0.000871,0.018045
55560,0.000000,0.000000,0.000000
55570,0.005295,0.004554,0.023856
55580,0.001346,0.000945,0.018118
55590,0.001047,0.000755,0.016105
55600,0.001415,0.001091,0.007860
55610,0.000000,0.000000,0.000000
55620,0.000000,0.000000,0.000000
55630,0.002753,0.002099,0.026541
55640,0.002296,0.001302,0.057060
55650,0.000447,0.000237,0.425094
55660,0.000000,0.000000,0.000000
55670,0.001275,0.001079,0.027627
55680,0.007114,0.005389,0.034649
55690,0.002313,0.001944,0.025699
55700,0.000655,0.000433,0.023575
55710,0.003709,0.002722,0.036005
55720,0.003301,0.002534,0.026935
55730,0.002939,0.002173,0.025382
55740,0.002903,0.002249,0.025537
55750,0.000059,0.000039,0.048563
55760,0.000000,0.000000,0.000001
55770,0.006379,0.004938,0.038094
55780,0.001454,0.001211,0.025988
55790,0.010969,0.008636,0.044021
55800,0.002200,0.001548,0.025687
55810,0.000591,0.000409,0.007199
55820,0.006941,0.005102,0.039546
55830,0.002916,0.002267,0.024115
55840,0.006283,0.004947,0.038977
55850,0.003764,0.002500,0.037681
55860,0.001865,0.001409,0.014103
55870,0.005158,0.003977,0.035545
55880,0.007378,0.005681,0.040611
55890,0.002542,0.001756,0.015550
55900,0.005914,0.005152,0.029117
55910,0.002479,0.001913,0.021423
55920,0.004345,0.003280,0.034674
55930,0.010032,0.007323,0.047200
55940,0.003759,0.002746,0.031217
55950,0.008561,0.006560,0.044673
55960,0.000700,0.000481,0.029814
55970,0.006273,0.004736,0.035848
55980,0.000712,0.000501,0.057924
55990,0.007686,0.006308,0.036443
56000,0.009665,0.007475,0.043776
56010,0.004722,0.003558,0.032826
56020,0.001699,0.000988,0.025444
56030,0.009248,0.006900,0.055408
56040,0.002391,0.001895,0.029017
56050,0.005384,0.003578,0.026493
56060,0.008174,0.006193,0.045513
56070,0.000882,0.000637,0.022820
56080,0.006642,0.005922,0.030627
56090,0.003667,0.002747,0.040003
56100,0.000635,0.000461,0.032720
56110,0.003748,0.002891,0.020897
56120,0.000000,0.000000,0.000000
56130,0.000001,0.000000,0.000002
56140,0.006194,0.005603,0.029487
56150,0.002339,0.001816,0.013233
56160,0.001040,0.000816,0.013108
56170,0.002365,0.001823,0.034295
56180,0.000888,0.000679,0.011696
56190,0.011023,0.008852,0.054432
56200,0.004130,0.003113,0.033574
56210,0.001564,0.001138,0.018673
56220,0.004632,0.003685,0.026378
56230,0.007597,0.005828,0.042046
56240,0.000000,0.000000,0.000000
56250,0.004027,0.003217,0.028833
56260,0.003654,0.002852,0.029105
56270,0.001053,0.000777,0.007956
56280,0.001835,0.001518,0.011742
56290,0.003653,0.002753,0.026805
56300,0.012047,0.009217,0.054196
56310,0.000000,0.000000,0.000000
56320,0.000000,0.000000,0.000000
56330,0.003205,0.002409,0.032850
56340,0.006487,0.005115,0.029441
56350,0.001561,0.001101,0.007557
56360,0.003069,0.002204,0.034077
56370,0.000000,0.000000,0.000001
56380,0.000000,0.000000,0.000000
56390,0.003525,0.002458,0.080918
56400,0.001855,0.001336,0.017434
56410,0.000265,0.000195,0.003758
56420,0.004296,0.003170,0.047333
56430,0.007212,0.005393,0.050093
56440,0.001738,0.001046,0.032855
56450,0.000208,0.000173,0.016828
56460,0.004183,0.003363,0.027889
56470,0.001571,0.001083,0.042261
56480,0.001552,0.001209,0.021070
56490,0.003388,0.002481,0.030312
56500,0.005857,0.004320,0.043003
56510,0.006453,0.004762,0.038609
56520,0.001119,0.000805,0.047223
56530,0.003660,0.002759,0.023530
56540,0.000593,0.000372,0.061986
56550,0.001626,0.001247,0.020233
56560,0.010419,0.007874,0.052368
56570,0.002116,0.001475,0.020502
56580,0.005799,0.004476,0.031273
56590,0.004413,0.003087,0.040999
56600,0.000000,0.000000,0.000000
56610,0.011636,0.004490,0.265337
56620,0.001286,0.000997,0.007121
56630,0.002165,0.001632,0.031057
56640,0.001749,0.001283,0.021192
56650,0.000000,0.000000,0.000000
56660,0.002559,0.001999,0.030171
56670,0.005356,0.004161,0.027088
56680,0.006443,0.005008,0.043062
56690,0.004664,0.003738,0.037130
56700,0.006549,0.004535,0.024418
56710,0.007462,0.006022,0.035933
56720,0.010578,0.008437,0.046127
56730,0.001429,0.001029,0.025461
56740,0.001105,0.000935,0.010952
56750,0.003110,0.002317,0.030893
56760,0.000991,0.000698,0.023133
56770,0.002319,0.001695,0.023513
56780,0.004357,0.003769,0.026409
56790,0.000794,0.000576,0.051892
56800,0.003644,0.002712,0.034026
56810,0.001088,0.000905,0.004731
56820,0.000000,0.000000,0.000000
56830,0.005457,0.004245,0.029696
56840,0.004905,0.003675,0.037220
56850,0.000377,0.000239,0.076536
56860,0.004069,0.003347,0.017907
56870,0.003764,0.002885,0.029058
56880,0.009995,0.008161,0.041155
56890,0.010414,0.008473,0.041801
56900,0.006536,0.005214,0.025164
56910,0.003803,0.002807,0.030215
56920,0.007096,0.006086,0.026491
56930,0.002465,0.001950,0.034036
56940,0.001051,0.000598,0.025128
56950,0.002687,0.001956,0.033265
56960,0.002782,0.002053,0.037429
56970,0.003533,0.002763,0.028979
56980,0.002967,0.002297,0.033515
56990,0.002102,0.001599,0.027438
57000,0.000787,0.000457,0.099903
57010,0.000977,0.000726,0.044355
57020,0.003119,0.002521,0.023917
57030,0.007676,0.005762,0.041225
57040,0.003832,0.002818,0.031617
57050,0.003140,0.002376,0.033360
57060,0.005516,0.004276,0.035427
57070,0.000000,0.000000,0.000000
57080,0.001060,0.000903,0.021532
57090,0.000024,0.000045,0.656322
57100,0.000000,0.000000,0.000000
57110,0.002848,0.002134,0.016593
57120,0.004387,0.003224,0.029418
57130,0.003928,0.003030,0.018380
57140,0.002619,0.001661,0.025835
57150,0.003730,0.002933,0.029081
57160,0.003881,0.002937,0.022750
57170,0.005302,0.004176,0.032850
57180,0.001598,0.001223,0.070266
57190,0.000912,0.000627,0.006849
57200,0.003961,0.002880,0.030308
57210,0.001305,0.001003,0.020196
57220,0.001036,0.000891,0.008558
57230,0.000783,0.000680,0.007526
57240,0.000208,0.000140,0.078053
57250,0.000277,0.000226,0.022914
57260,0.000190,0.000114,0.038995
57270,0.000362,0.000639,0.017265
57280,0.003941,0.002966,0.030655
57290,0.000121,0.000082,0.008554
57300,0.005242,0.004365,0.030963
57310,0.001434,0.001034,0.008355
57320,0.004049,0.002969,0.028448
57330,0.000372,0.000265,0.019827
57340,0.002673,0.002011,0.024541
57350,0.002723,0.001922,0.023263
57360,0.001220,0.000920,0.021810
57370,0.000122,0.000058,0.034603
57380,0.000000,0.000000,0.000000
57390,0.001246,0.000988,0.024924
57400,0.001901,0.001349,0.007843
57410,0.010048,0.008770,0.037191
57420,0.002147,0.001559,0.012635
57430,0.002903,0.002082,0.039321
57440,0.002950,0.002582,0.015728
57450,0.000981,0.000608,0.087583
57460,0.006260,0.005046,0.033107
57470,0.001769,0.001342,0.026458
57480,0.002238,0.001726,0.018268
57490,0.002779,0.002295,0.017575
57500,0.002160,0.001698,0.026066
57510,0.001535,0.001023,0.020716
57520,0.006969,0.005857,0.042220
57530,0.002873,0.002239,0.020534
57540,0.005942,0.004591,0.041287
57550,0.013561,0.010253,0.062277
57560,0.001734,0.001238,0.026861
57570,0.007861,0.006228,0.042693
57580,0.005296,0.003985,0.030166
57590,0.003480,0.002831,0.022688
57600,0.004595,0.003591,0.028515
57610,0.004483,0.003658,0.018965
57620,0.000000,0.000000,0.000000
57630,0.004763,0.003626,0.033670
57640,0.000982,0.000743,0.010215
57650,0.007173,0.005683,0.032657
57660,0.002717,0.001834,0.039122
57670,0.014211,0.007588,0.057910
57680,0.004742,0.003659,0.028486
57690,0.001157,0.000840,0.029881
57700,0.004916,0.003934,0.019090
57710,0.002258,0.001819,0.012008
57720,0.005938,0.004545,0.034066
57730,0.000429,0.000270,0.031555
57740,0.015646,0.012656,0.065448
57750,0.004699,0.003850,0.032801
57760,0.001897,0.001511,0.016784
57770,0.013231,0.011278,0.060178
57780,0.003254,0.002519,0.036170
57790,0.001564,0.001183,0.024219
57800,0.003021,0.002316,0.022841
57810,0.004826,0.003680,0.041105
57820,0.004471,0.003377,0.031441
57830,0.004885,0.003842,0.031422
57840,0.003152,0.002610,0.031556
57850,0.002561,0.001993,0.009081
57860,0.000375,0.000246,0.012888
57870,0.003100,0.002096,0.033237
57880,0.003458,0.002856,0.030976
57890,0.003051,0.002122,0.032947
57900,0.000910,0.000640,0.083675
57910,0.002317,0.001804,0.024725
57920,0.005709,0.004297,0.034875
57930,0.002016,0.001543,0.027587
57940,0.001780,0.001273,0.020654
57950,0.000369,0.000284,0.022226
57960,0.002952,0.002206,0.026695
57970,0.002422,0.001929,0.022755
57980,0.000657,0.000442,0.026394
57990,0.000317,0.000265,0.008053
58000,0.001240,0.000991,0.118556
58010,0.005945,0.004489,0.039523
58020,0.003935,0.002846,0.037030
58030,0.002603,0.002124,0.014705
58040,0.004705,0.003634,0.038093
58050,0.004769,0.003695,0.030004
58060,0.004649,0.003733,0.026420
58070,0.002057,0.001555,0.011743
58080,0.007593,0.005620,0.040851
58090,0.000786,0.000676,0.032967
58100,0.004706,0.004003,0.016873
58110,0.001012,0.000887,0.012229
58120,0.000544,0.000595,0.002767
58130,0.003163,0.002831,0.023321
58140,0.000000,0.000000,0.000000
58150,0.002433,0.002002,0.012169
58160,0.002269,0.001674,0.023083
58170,0.000514,0.000421,0.004111
58180,0.002737,0.002163,0.017915
58190,0.002328,0.001641,0.016613
58200,0.002593,0.001894,0.025147
58210,0.010646,0.008644,0.049159
58220,0.008994,0.006782,0.044657
58230,0.000031,0.000018,0.025040
58240,0.000918,0.000677,0.037600
58250,0.000838,0.000597,0.022273
58260,0.001530,0.001236,0.021781
58270,0.000156,0.000111,0.005556
58280,0.001830,0.001373,0.014616
58290,0.001890,0.001459,0.026630
58300,0.002133,0.001672,0.033301
58310,0.000000,0.000000,0.000000
58320,0.006276,0.004984,0.037111
58330,0.000152,0.000117,0.041469
58340,0.000870,0.000590,0.033063
58350,0.003227,0.002503,0.040399
58360,0.006026,0.004299,0.042485
58370,0.000826,0.000581,0.012356
58380,0.000000,0.000000,0.000000
58390,0.000013,0.000013,0.000889
58400,0.001878,0.001260,0.016360
58410,0.003975,0.003156,0.022755
58420,0.008579,0.006829,0.041938
58430,0.006286,0.005023,0.038702
58440,0.000000,0.000000,0.000000
58450,0.000000,0.000000,0.000000
58460,0.002541,0.002137,0.017379
58470,0.002614,0.001352,0.485742
58480,0.000000,0.000000,0.000000
58490,0.001361,0.001022,0.016342
58500,0.001295,0.000739,0.121654
58510,0.011155,0.008859,0.056769
58520,0.005980,0.004758,0.030194
58530,0.003265,0.002406,0.028167
58540,0.005257,0.004424,0.023279
58550,0.000998,0.000679,0.025212
58560,0.002993,0.002367,0.013049
58570,0.002189,0.001646,0.020042
58580,0.000668,0.000543,0.003722
58590,0.002362,0.001877,0.017014
58600,0.003594,0.002819,0.028237
58610,0.003557,0.002739,0.033269
58620,0.000000,0.000000,0.000000
58630,0.005523,0.003633,0.038390
58640,0.001311,0.001067,0.018781
58650,0.006976,0.005422,0.037334
58660,0.000000,0.000000,0.000000
58670,0.000000,0.000000,0.000000
58680,0.004160,0.003216,0.029031
58690,0.002161,0.001888,0.012549
58700,0.000000,0.000000,0.000000
58710,0.002535,0.001796,0.026248
58720,0.013931,0.011318,0.055173
58730,0.001238,0.000816,0.059595
58740,0.005646,0.004496,0.029221
58750,0.000270,0.000173,0.041614
58760,0.000827,0.000695,0.010227
58770,0.000000,0.000000,0.000000
58780,0.000683,0.000599,0.003895
58790,0.002407,0.001672,0.078332
58800,0.002242,0.001781,0.013406
58810,0.004153,0.003525,0.021916
58820,0.001287,0.001039,0.016868
58830,0.000445,0.000385,0.013736
58840,0.002060,0.001668,0.010911
58850,0.003579,0.002767,0.023248
58860,0.000000,0.000000,0.000000
58870,0.006870,0.004619,0.036444
58880,0.000258,0.000228,0.001754
58890,0.005370,0.004258,0.026952
58900,0.010191,0.008216,0.046571
58910,0.000000,0.000000,0.000000
58920,0.005133,0.003877,0.038297
58930,0.005263,0.004141,0.035179
58940,0.000378,0.000249,0.023170
58950,0.003267,0.002554,0.020601
58960,0.004604,0.003510,0.029688
58970,0.000857,0.000519,0.026517
58980,0.003546,0.002645,0.027071
58990,0.003181,0.002205,0.035239
59000,0.008099,0.006522,0.039579
59010,0.003912,0.003029,0.027586
59020,0.005492,0.004224,0.032603
59030,0.001788,0.001482,0.020218
59040,0.000649,0.000480,0.014169
59050,0.000886,0.000657,0.036434
59060,0.000560,0.000361,0.029707
59070,0.001475,0.001066,0.012744
59080,0.000000,0.000000,0.000000
59090,0.006784,0.005314,0.038025
59100,0.003141,0.002593,0.031135
59110,0.003139,0.002382,0.022209
59120,0.000000,0.000000,0.000000
59130,0.001644,0.000775,0.067313
59140,0.000673,0.000536,0.035004
59150,0.003438,0.002686,0.019973
59160,0.000537,0.000385,0.022959
59170,0.001124,0.000720,0.027577
59180,0.003584,0.002769,0.033327
59190,0.000821,0.000716,0.003543
59200,0.007592,0.005873,0.040955
59210,0.003703,0.002932,0.019712
59220,0.004673,0.003721,0.028072
59230,0.001417,0.001133,0.016878
59240,0.008859,0.007199,0.042684
59250,0.003924,0.003045,0.029119
59260,0.004940,0.003902,0.031868
59270,0.000000,0.000000,0.000000
59280,0.005951,0.004677,0.040915
59290,0.003693,0.002752,0.032062
59300,0.000000,0.000000,0.000000
59310,0.000505,0.000464,0.010358
59320,0.000974,0.000784,0.021084
59330,0.001018,0.000837,0.011984
59340,0.003927,0.002919,0.029796
59350,0.000764,0.000481,0.034573
59360,0.000576,0.000335,0.067925
59370,0.009642,0.007502,0.046294
59380,0.000000,0.000000,0.000000
59390,0.000389,0.000249,0.040223
59400,0.003071,0.001650,0.093708
59410,0.003235,0.002442,0.031549
59420,0.005468,0.004515,0.030504
59430,0.002783,0.002072,0.028940
59440,0.007622,0.005949,0.043646
59450,0.001990,0.001648,0.007352
59460,0.001916,0.001545,0.007900
59470,0.001294,0.001085,0.012868
59480,0.003558,0.002576,0.033418
59490,0.001923,0.001540,0.010199
59500,0.001075,0.000812,0.004972
59510,0.003529,0.002724,0.022416
59520,0.000704,0.000518,0.015215
59530,0.001347,0.000986,0.019154
59540,0.000943,0.000689,0.017691
59550,0.001619,0.001240,0.012589
59560,0.000249,0.000159,0.029838
59570,0.003952,0.002956,0.031324
59580,0.004594,0.003818,0.029326
59590,0.000640,0.000500,0.014386
59600,0.002124,0.001617,0.018649
59610,0.002033,0.001389,0.017194
59620,0.005566,0.004369,0.034436
59630,0.003016,0.002244,0.024878
59640,0.003415,0.002654,0.027226
59650,0.003798,0.002861,0.033104
59660,0.002488,0.001906,0.023976
59670,0.000790,0.000688,0.004608
59680,0.001715,0.001393,0.018540
59690,0.002617,0.001891,0.029628
59700,0.003777,0.002931,0.031679
59710,0.004611,0.003774,0.023763
59720,0.001953,0.001403,0.013627
59730,0.001311,0.001030,0.007706
59740,0.002787,0.002013,0.020376
59750,0.010305,0.008274,0.051011
59760,0.007696,0.005853,0.031269
59770,0.000932,0.000685,0.024672
59780,0.001468,0.001290,0.011625
59790,0.003533,0.002744,0.026610
59800,0.001624,0.001122,0.136520
59810,0.000192,0.000122,0.022215
59820,0.003449,0.002682,0.021081
59830,0.001739,0.001606,0.020667
59840,0.000000,0.000000,0.000000
59850,0.000000,0.000000,0.000000
59860,0.000000,0.000000,0.000000
59870,0.003703,0.003012,0.028519
59880,0.001408,0.001092,0.008235
59890,0.000945,0.000657,0.047968
59900,0.001353,0.001192,0.007064
59910,0.005781,0.004403,0.025048
59920,0.003159,0.002303,0.030693
59930,0.004129,0.003247,0.017924
59940,0.006208,0.004822,0.035275
59950,0.003392,0.002694,0.026914
59960,0.003679,0.002710,0.019481
59970,0.007078,0.005487,0.041945
59980,0.000989,0.000708,0.042273
59990,0.000503,0.000401,0.009051
60000,0.003008,0.002448,0.024654
60010,0.001053,0.000803,0.043230
60020,0.005740,0.004426,0.040417
60030,0.004629,0.003804,0.027827
60040,0.001320,0.000933,0.035260
60050,0.002808,0.002025,0.048669
60060,0.003481,0.002842,0.023897
60070,0.005132,0.004038,0.031643
60080,0.001363,0.001027,0.018909
60090,0.003996,0.003168,0.030114
60100,0.009693,0.007559,0.042401
60110,0.002807,0.002338,0.024331
60120,0.001111,0.000804,0.013174
60130,0.001043,0.000694,0.021942
60140,0.006087,0.004754,0.033413
60150,0.002645,0.001980,0.022745
60160,0.000420,0.000269,0.029847
60170,0.000000,0.000000,0.000000
60180,0.003262,0.002330,0.029258
60190,0.000243,0.000187,0.044201
60200,0.005607,0.004354,0.035928
60210,0.002756,0.002169,0.010340
60220,0.000391,0.000263,0.016154
60230,0.001458,0.001020,0.023491
60240,0.002937,0.002146,0.028592
60250,0.001211,0.000937,0.011704
60260,0.001931,0.001384,0.021122
60270,0.000000,0.000000,0.000000
60280,0.004264,0.003211,0.030524
60290,0.002953,0.002339,0.027775
60300,0.009005,0.006891,0.043815
60310,0.001618,0.001239,0.028747
60320,0.003447,0.002819,0.014598
60330,0.008990,0.007094,0.041231
60340,0.005345,0.004370,0.027896
60350,0.000000,0.000000,0.000000
60360,0.000937,0.000806,0.018493
60370,0.002239,0.001910,0.010589
60380,0.000595,0.000494,0.013613
60390,0.003210,0.002579,0.029285
60400,0.003073,0.002663,0.016836
60410,0.008333,0.006952,0.032764
60420,0.002210,0.001607,0.011491
60430,0.002633,0.002233,0.015558
60440,0.001185,0.000913,0.013179
60450,0.000000,0.000000,0.000000
60460,0.000730,0.000457,0.036915
60470,0.000621,0.000800,0.005184
60480,0.002144,0.001822,0.010162
60490,0.004941,0.003917,0.044058
60500,0.002259,0.001859,0.035027
60510,0.004582,0.003343,0.025795
60520,0.000760,0.000540,0.021721
60530,0.000000,0.000000,0.000000
60540,0.003218,0.002411,0.029421
60550,0.005436,0.004297,0.035906
60560,0.001301,0.000467,0.106250
60570,0.006097,0.004614,0.034944
60580,0.005911,0.004468,0.042245
60590,0.011651,0.008480,0.045968
60600,0.001518,0.001452,0.008937
60610,0.001074,0.000740,0.041396
60620,0.002490,0.001977,0.023582
60630,0.007363,0.005604,0.040641
60640,0.002388,0.002027,0.011231
60650,0.003700,0.002791,0.028213
60660,0.000181,0.000144,0.008690
60670,0.002363,0.001752,0.021454
60680,0.001585,0.001293,0.009752
60690,0.000483,0.000302,0.160714
60700,0.000890,0.000609,0.009601
60710,0.002474,0.001911,0.024978
60720,0.000000,0.000000,0.000000
60730,0.001166,0.000915,0.015667
60740,0.001365,0.000930,0.032042
60750,0.009332,0.006993,0.043176
60760,0.002207,0.001597,0.023567
60770,0.000578,0.000299,0.039521
60780,0.002539,0.001832,0.031785
60790,0.000701,0.000560,0.008685
60800,0.002016,0.001488,0.026948
60810,0.013161,0.010704,0.055300
60820,0.008642,0.006814,0.042828
60830,0.005207,0.003995,0.033896
60840,0.002977,0.002075,0.028673
60850,0.002345,0.001787,0.019610
60860,0.001612,0.001141,0.027813
60870,0.000000,0.000000,0.000000
60880,0.002859,0.002142,0.025444
60890,0.002082,0.001564,0.022088
60900,0.003522,0.002824,0.028173
60910,0.001462,0.001080,0.021506
60920,0.007595,0.006190,0.041389
60930,0.002261,0.001675,0.024309
60940,0.000328,0.000203,0.006317
60950,0.002195,0.001738,0.011520
60960,0.000091,0.000048,0.307612
60970,0.004214,0.003220,0.034906
60980,0.002751,0.002247,0.022216
60990,0.001608,0.001321,0.008627
61000,0.001091,0.000902,0.012514
61010,0.000429,0.000310,0.018014
61020,0.004632,0.003597,0.031052
61030,0.001179,0.000897,0.025623
61040,0.000344,0.000219,0.015035
61050,0.006680,0.005672,0.028650
61060,0.002061,0.001622,0.019769
61070,0.002313,0.001776,0.026362
61080,0.003036,0.002323,0.015645
61090,0.001283,0.001034,0.014396
61100,0.001708,0.001215,0.020183
61110,0.003486,0.002461,0.032439
61120,0.000340,0.000258,0.021111
61130,0.000000,0.000000,0.000000
61140,0.000000,0.000000,0.000000
61150,0.000913,0.000735,0.005327
61160,0.004843,0.003833,0.031212
61170,0.004603,0.003367,0.036631
61180,0.002566,0.001699,0.067718
61190,0.002604,0.001954,0.022849
61200,0.003386,0.002567,0.026231
61210,0.002979,0.002074,0.031878
61220,0.000328,0.000343,0.089603
61230,0.000000,0.000000,0.000000
61240,0.004301,0.003589,0.021934
61250,0.006029,0.004669,0.029905
61260,0.003990,0.003164,0.034258
61270,0.001689,0.001342,0.012803
61280,0.000384,0.000229,0.035116
61290,0.000267,0.000319,0.656847
61300,0.000892,0.000728,0.005130
61310,0.000245,0.000203,0.010238
61320,0.008644,0.006701,0.037861
61330,0.000000,0.000000,0.000000
61340,0.000000,0.000000,0.000000
61350,0.003628,0.002820,0.024306
61360,0.004645,0.003513,0.018359
61370,0.010031,0.007697,0.045107
61380,0.004654,0.003692,0.042077
61390,0.003464,0.002749,0.012826
61400,0.000000,0.000000,0.000000
61410,0.003710,0.003383,0.027208
61420,0.000717,0.000894,0.047916
61430,0.002235,0.001950,0.018692
61440,0.003943,0.002779,0.029497
61450,0.001496,0.001290,0.012909
61460,0.000438,0.000311,0.012373
61470,0.001442,0.001137,0.012911
61480,0.008253,0.006447,0.041693
61490,0.006511,0.005022,0.033980
61500,0.000851,0.000708,0.024291
61510,0.003613,0.002825,0.030216
61520,0.002949,0.002402,0.021259
61530,0.001531,0.001233,0.049358
61540,0.004512,0.003421,0.032411
61550,0.000076,0.000056,0.007960
61560,0.001123,0.000910,0.009922
61570,0.004633,0.003523,0.033272
61580,0.005928,0.004131,0.033753
61590,0.001744,0.001267,0.030229
61600,0.000318,0.000191,0.046428
61610,0.000270,0.000170,0.039311
61620,0.000885,0.000787,0.024396
61630,0.010379,0.008443,0.050647
61640,0.004865,0.003575,0.036492
61650,0.000780,0.000614,0.036287
61660,0.000492,0.000320,0.017061
61670,0.000763,0.000613,0.022531
61680,0.004504,0.003758,0.030467
61690,0.000000,0.000000,0.000000
61700,0.008271,0.006559,0.031014
61710,0.001086,0.000821,0.017894
61720,0.000957,0.000807,0.004351
61730,0.000597,0.000464,0.025931
61740,0.008242,0.004996,0.070846
61750,0.011838,0.008942,0.051213
61760,0.000353,0.000233,0.366588
61770,0.004872,0.003697,0.034234
61780,0.009678,0.007527,0.043872
61790,0.008632,0.007245,0.032260
61800,0.000555,0.000403,0.011007
61810,0.002270,0.001782,0.011807
61820,0.004330,0.003374,0.027802
61830,0.003850,0.002906,0.030985
61840,0.000548,0.000435,0.024877
61850,0.002997,0.002300,0.033545
61860,0.000000,0.000000,0.000000
61870,0.008143,0.006496,0.035342
61880,0.001504,0.001155,0.005225
61890,0.006258,0.005141,0.029487
61900,0.002834,0.002148,0.023697
61910,0.002648,0.002154,0.029768
61920,0.001047,0.000698,0.052410
61930,0.004526,0.003309,0.035583
61940,0.002970,0.002159,0.037936
61950,0.000207,0.000177,0.005644
61960,0.000000,0.000004,0.000006
61970,0.002209,0.001929,0.008107
61980,0.002405,0.001676,0.037703
61990,0.004575,0.003585,0.029252
62000,0.003955,0.003017,0.026205
62010,0.005652,0.004178,0.032748
62020,0.002109,0.001516,0.020605
62030,0.002175,0.001606,0.029677
62040,0.000383,0.000278,0.017174
62050,0.002268,0.001780,0.023421
62060,0.001427,0.001122,0.019030
62070,0.003156,0.002190,0.012496
62080,0.003718,0.002770,0.021664
62090,0.000000,0.000000,0.000000
62100,0.000001,0.000000,0.000001
62110,0.003998,0.003166,0.027710
62120,0.000218,0.000191,0.001560
62130,0.000667,0.000528,0.012811
62140,0.001944,0.001685,0.024451
62150,0.002852,0.002259,0.023876
62160,0.005221,0.004121,0.032803
62170,0.002821,0.002057,0.027311
62180,0.003471,0.002575,0.028112
62190,0.001131,0.000964,0.018363
62200,0.001891,0.001502,0.015155
62210,0.008041,0.006481,0.037994
62220,0.001071,0.000786,0.021960
62230,0.000990,0.000482,0.020174
62240,0.002860,0.002249,0.035697
62250,0.000000,0.000000,0.000000
62260,0.008192,0.006621,0.035973
62270,0.008110,0.006372,0.047185
62280,0.000000,0.000000,0.000000
62290,0.000429,0.000326,0.012239
62300,0.000306,0.000253,0.001547
62310,0.000000,0.000000,0.000000
62320,0.002878,0.002376,0.013742
62330,0.001227,0.001049,0.014566
62340,0.001505,0.001268,0.006290
62350,0.000286,0.000209,0.014920
62360,0.004261,0.003339,0.035417
62370,0.000847,0.000706,0.046408
62380,0.000000,0.000000,0.000000
62390,0.003167,0.002708,0.027680
62400,0.000888,0.000660,0.010253
62410,0.001130,0.000859,0.027026
62420,0.001334,0.001084,0.009101
62430,0.001886,0.001480,0.016403
62440,0.001395,0.001020,0.012706
62450,0.012278,0.009958,0.052219
62460,0.001308,0.000997,0.014015
62470,0.003729,0.002864,0.029979
62480,0.002272,0.001662,0.017327
62490,0.005152,0.004034,0.038767
62500,0.001447,0.001453,0.043392
62510,0.005570,0.003987,0.033003
62520,0.002744,0.002067,0.031081
62530,0.001147,0.000871,0.004770
62540,0.004913,0.004147,0.036023
62550,0.003485,0.002668,0.021102
62560,0.001754,0.001298,0.029003
62570,0.003381,0.002436,0.030390
62580,0.001106,0.000931,0.017034
62590,0.000000,0.000000,0.000000
62600,0.001096,0.000747,0.031486
62610,0.003818,0.003137,0.016896
62620,0.001377,0.001021,0.029683
62630,0.001160,0.000902,0.010521
62640,0.002442,0.001838,0.026274
62650,0.002815,0.002092,0.027237
62660,0.000324,0.000281,0.009247
62670,0.002229,0.001602,0.015335
62680,0.006748,0.005114,0.028790
62690,0.000405,0.000292,0.030830
62700,0.000000,0.000001,0.000001
62710,0.000250,0.000194,0.003589
62720,0.003797,0.003025,0.029218
62730,0.002645,0.002037,0.022297
62740,0.000904,0.000736,0.014579
62750,0.004196,0.003302,0.031284
62760,0.000000,0.000000,0.000000
62770,0.001670,0.001392,0.011695
62780,0.003228,0.002405,0.027864
62790,0.002815,0.002057,0.035070
62800,0.004114,0.003151,0.031339
62810,0.003343,0.002512,0.025732
62820,0.003785,0.002966,0.027513
62830,0.000000,0.000000,0.000000
62840,0.001468,0.001182,0.015882
62850,0.000817,0.000637,0.023184
62860,0.004458,0.003504,0.035385
62870,0.001230,0.000858,0.041599
62880,0.005351,0.004068,0.035861
62890,0.000100,0.000079,0.056033
62900,0.001260,0.000974,0.017672
62910,0.006563,0.004909,0.041703
62920,0.004237,0.003231,0.028991
62930,0.000459,0.000384,0.028051
62940,0.003357,0.002572,0.028441
62950,0.007343,0.005761,0.036830
62960,0.001054,0.000739,0.031169
62970,0.007268,0.005760,0.044390
62980,0.002926,0.002458,0.020528
62990,0.000230,0.000141,0.040081
63000,0.000000,0.000000,0.000000
63010,0.004037,0.003063,0.027776
63020,0.000000,0.000000,0.000000
63030,0.003519,0.002666,0.027189
63040,0.005561,0.004208,0.037263
63050,0.002379,0.002016,0.016580
63060,0.000398,0.000266,0.008833
63070,0.000000,0.000000,0.000000
63080,0.000000,0.000001,0.000003
63090,0.006725,0.005486,0.031644
63100,0.001026,0.000691,0.008682
63110,0.003474,0.002751,0.024868
63120,0.000000,0.000000,0.000001
63130,0.000924,0.000686,0.019019
63140,0.000382,0.000332,0.003055
63150,0.003380,0.002918,0.014057
63160,0.005295,0.004345,0.028201
63170,0.000000,0.000000,0.000000
63180,0.004450,0.003493,0.030314
63190,0.000003,0.000121,0.000155
63200,0.001195,0.000908,0.007930
63210,0.001906,0.001378,0.046181
63220,0.002077,0.001646,0.011749
63230,0.000015,0.000023,0.000055
63240,0.000410,0.000329,0.018549
63250,0.003656,0.002880,0.037894
63260,0.005625,0.004419,0.026548
63270,0.001237,0.000888,0.017032
63280,0.001484,0.001156,0.008372
63290,0.008111,0.006466,0.044501
63300,0.000320,0.000205,0.226004
63310,0.003901,0.003006,0.028170
63320,0.002480,0.001768,0.023966
63330,0.000680,0.000437,0.038150
63340,0.002691,0.002032,0.027905
63350,0.000075,0.000036,0.034688
63360,0.002634,0.002139,0.010858
63370,0.009019,0.007262,0.037873
63380,0.009305,0.007212,0.044261
63390,0.001997,0.001519,0.029019
63400,0.001981,0.001639,0.013416
63410,0.007224,0.005534,0.041538
63420,0.000000,0.000000,0.000000
63430,0.003071,0.002411,0.031298
63440,0.002955,0.002204,0.031490
63450,0.001502,0.001048,0.007277
63460,0.009232,0.007381,0.044878
63470,0.001896,0.001406,0.025502
63480,0.005947,0.004574,0.037657
63490,0.003135,0.002266,0.019241
63500,0.007378,0.005802,0.030955
63510,0.001352,0.001036,0.029496
63520,0.002943,0.002212,0.030952
63530,0.006736,0.005155,0.040360
63540,0.001988,0.001642,0.022728
63550,0.000000,0.000000,0.000000
63560,0.002324,0.001536,0.032285
63570,0.002546,0.001945,0.026593
63580,0.004218,0.003565,0.019186
63590,0.002813,0.002255,0.011120
63600,0.000701,0.000460,0.007157
63610,0.000859,0.000527,0.046066
63620,0.006713,0.004986,0.039173
63630,0.008297,0.006725,0.039598
63640,0.001175,0.000756,0.045257
63650,0.009806,0.007782,0.045329
63660,0.002641,0.002154,0.022214
63670,0.005365,0.004070,0.037660
63680,0.004536,0.003778,0.026707
63690,0.003639,0.002819,0.027224
63700,0.008651,0.007052,0.037112
63710,0.003466,0.002618,0.029758
63720,0.000000,0.000000,0.000000
63730,0.002881,0.002216,0.030949
63740,0.002094,0.001584,0.026987
63750,0.000000,0.000000,0.000000
63760,0.002091,0.001472,0.024901
63770,0.004958,0.003725,0.034464
63780,0.002414,0.001893,0.025696
63790,0.006762,0.005136,0.037141
63800,0.000918,0.000797,0.008045
63810,0.002369,0.001752,0.030710
63820,0.001073,0.000863,0.006249
63830,0.000369,0.000235,0.008466
63840,0.004098,0.003042,0.030576
63850,0.002710,0.001957,0.025326
63860,0.005298,0.004458,0.029689
63870,0.000000,0.000000,0.000000
63880,0.002220,0.001673,0.013142
63890,0.000650,0.000466,0.006259
63900,0.002843,0.002296,0.024254
63910,0.001352,0.001186,0.022287
63920,0.000343,0.000217,0.043337
63930,0.000000,0.000000,0.000000
63940,0.008627,0.007016,0.040011
63950,0.009961,0.008225,0.039759
63960,0.000726,0.000498,0.023703
63970,0.004145,0.003412,0.017878
63980,0.005132,0.003466,0.079473
63990,0.001406,0.001156,0.014442
64000,0.000101,0.000106,0.656404
64010,0.002409,0.001702,0.032387
64020,0.000072,0.000050,0.110130
64030,0.002784,0.002254,0.013799
64040,0.006688,0.005476,0.039428
64050,0.001936,0.001191,0.070011
64060,0.000786,0.000707,0.004100
64070,0.000000,0.000000,0.000000
64080,0.009147,0.007156,0.038685
64090,0.003140,0.002588,0.021263
64100,0.000225,0.000179,0.001231
64110,0.000000,0.000000,0.000000
64120,0.000902,0.000868,0.003934
64130,0.007696,0.006268,0.034837
64140,0.000000,0.000000,0.000000
64150,0.001791,0.001444,0.016179
64160,0.000000,0.000000,0.000000
64170,0.009263,0.007349,0.047852
64180,0.000000,0.000000,0.000000
64190,0.004681,0.003683,0.032240
64200,0.004013,0.002947,0.035865
64210,0.009403,0.007301,0.043044
64220,0.002020,0.001720,0.018983
64230,0.009482,0.007281,0.056173
64240,0.006013,0.004737,0.026475
64250,0.001707,0.001258,0.023513
64260,0.000430,0.000241,0.095723
64270,0.006205,0.004836,0.033570
64280,0.001431,0.001028,0.020089
64290,0.002095,0.001671,0.026827
64300,0.004569,0.003599,0.031193
64310,0.000524,0.000250,0.009270
64320,0.002852,0.002212,0.024061
64330,0.001369,0.001093,0.019561
64340,0.000000,0.000000,0.000000
64350,0.002824,0.002193,0.025704
64360,0.006345,0.005040,0.029373
64370,0.003149,0.002270,0.028272
64380,0.010300,0.008018,0.048036
64390,0.000000,0.000000,0.000000
64400,0.000264,0.000210,0.656732
64410,0.001634,0.001231,0.023418
64420,0.004354,0.003309,0.017269
64430,0.004058,0.003143,0.026111
64440,0.002345,0.001743,0.019584
64450,0.003853,0.002883,0.030212
64460,0.002328,0.001876,0.019460
64470,0.001477,0.001273,0.012521
64480,0.000000,0.000000,0.000000
64490,0.001367,0.001082,0.021470
64500,0.002304,0.001724,0.030877
64510,0.000000,0.000000,0.000000
64520,0.000638,0.000555,0.003190
64530,0.001810,0.001315,0.021318
64540,0.002620,0.001996,0.029995
64550,0.001838,0.001192,0.039274
64560,0.000939,0.000831,0.024398
64570,0.003615,0.002881,0.024005
64580,0.002440,0.001855,0.025219
64590,0.001998,0.001430,0.020830
64600,0.010185,0.008416,0.047888
64610,0.001909,0.001356,0.024921
64620,0.000298,0.000259,0.014091
64630,0.004155,0.003206,0.031298
64640,0.008425,0.006080,0.051504
64650,0.001231,0.000910,0.019537
64660,0.005084,0.003702,0.038426
64670,0.003595,0.002832,0.030374
64680,0.000790,0.000884,0.013125
64690,0.001392,0.001129,0.008850
64700,0.012759,0.009842,0.058519
64710,0.003118,0.002341,0.030753
64720,0.001786,0.001184,0.034139
64730,0.001676,0.001231,0.020991
64740,0.000800,0.000755,0.004066
64750,0.002226,0.001838,0.009936
64760,0.005031,0.003865,0.038733
64770,0.001320,0.000967,0.022439
64780,0.000000,0.000000,0.000000
64790,0.005616,0.004179,0.033977
64800,0.001282,0.001079,0.006380
64810,0.003361,0.002448,0.030104
64820,0.003405,0.002447,0.011448
64830,0.000000,0.000000,0.000000
64840,0.001318,0.001114,0.013913
64850,0.001010,0.000816,0.056499
64860,0.002107,0.001117,0.128595
64870,0.013071,0.010379,0.051411
64880,0.006753,0.005175,0.041337
64890,0.003152,0.002345,0.027869
64900,0.002234,0.001783,0.010316
64910,0.004127,0.003089,0.032325
64920,0.000274,0.000208,0.013266
64930,0.009168,0.007613,0.033063
64940,0.003369,0.002623,0.031661
64950,0.000718,0.000541,0.032359
64960,0.005156,0.003872,0.031406
64970,0.000995,0.000753,0.008711
64980,0.000000,0.000000,0.000000
64990,0.004080,0.003290,0.021537
65000,0.001762,0.001563,0.023076
65010,0.002092,0.001677,0.008296
65020,0.003707,0.002881,0.019399
65030,0.006537,0.005141,0.030737
65040,0.005921,0.004619,0.033899
65050,0.003414,0.002661,0.022222
65060,0.001871,0.001455,0.014984
65070,0.003820,0.003134,0.018234
65080,0.000114,0.000127,0.656478
65090,0.001436,0.001129,0.012769
65100,0.010112,0.008255,0.041850
65110,0.000348,0.000281,0.004392
65120,0.004831,0.003849,0.032013
65130,0.001650,0.001259,0.024676
65140,0.002163,0.001717,0.016940
65150,0.000419,0.000249,0.032394
65160,0.011999,0.009341,0.043170
65170,0.005347,0.004180,0.035182
65180,0.002960,0.002552,0.027968
65190,0.002394,0.001777,0.021950
65200,0.005194,0.004254,0.039617
65210,0.007242,0.005778,0.029862
65220,0.001098,0.000865,0.005097
65230,0.006461,0.005099,0.030828
65240,0.004179,0.003173,0.034370
65250,0.003194,0.002455,0.031383
65260,0.000822,0.000590,0.010117
65270,0.003229,0.002250,0.028547
65280,0.002193,0.001717,0.023251
65290,0.003714,0.002892,0.016924
65300,0.000268,0.000180,0.006426
65310,0.000000,0.000000,0.000000
65320,0.000000,0.000000,0.000000
65330,0.005015,0.003771,0.027698
65340,0.000313,0.000196,0.084753
65350,0.002400,0.001842,0.032064
65360,0.003160,0.002289,0.037355
65370,0.002347,0.001925,0.009012
65380,0.005070,0.003857,0.048574
65390,0.000681,0.000418,0.060393
65400,0.000000,0.000000,0.000000
65410,0.000703,0.000600,0.003580
65420,0.004655,0.003538,0.094301
65430,0.000000,0.000000,0.000000
65440,0.002912,0.002189,0.027531
65450,0.003133,0.002469,0.042766
65460,0.000000,0.000000,0.000000
65470,0.001048,0.000778,0.018851
65480,0.000486,0.000321,0.020161
65490,0.003837,0.003068,0.020200
65500,0.003714,0.002819,0.032623
65510,0.004732,0.003834,0.027532
65520,0.003329,0.002464,0.026359
65530,0.002145,0.001627,0.010638
65540,0.007008,0.005447,0.037275
65550,0.004223,0.003171,0.031849
65560,0.005518,0.004477,0.024786
65570,0.001066,0.000794,0.018381
65580,0.002053,0.001700,0.012392
65590,0.000000,0.000000,0.000000
65600,0.003045,0.002339,0.027763
65610,0.001397,0.001092,0.018376
65620,0.002095,0.001694,0.008153
65630,0.001365,0.001235,0.005638
65640,0.003888,0.002935,0.029870
65650,0.003277,0.002566,0.022548
65660,0.004323,0.003515,0.028063
65670,0.004919,0.004052,0.029014
65680,0.000098,0.000060,0.033958
65690,0.000453,0.000313,0.007868
65700,0.005073,0.003767,0.027618
65710,0.002068,0.001622,0.018676
65720,0.000000,0.000000,0.000000
65730,0.002493,0.001916,0.023665
65740,0.000211,0.000171,0.414613
65750,0.001445,0.001239,0.013634
65760,0.002195,0.001660,0.023858
65770,0.002062,0.001663,0.021527
65780,0.001600,0.001116,0.021007
65790,0.000731,0.000559,0.019373
65800,0.000959,0.001142,0.004378
65810,0.001290,0.000913,0.025450
65820,0.005067,0.003913,0.032350
65830,0.007874,0.005814,0.040047
65840,0.002264,0.001654,0.028543
65850,0.002630,0.002053,0.023513
65860,0.003691,0.003026,0.027047
65870,0.003053,0.002339,0.014738
65880,0.000000,0.000000,0.000000
65890,0.001848,0.001517,0.011919
65900,0.000188,0.000138,0.022793
65910,0.005044,0.004084,0.019828
65920,0.004372,0.003027,0.047793
65930,0.005779,0.004590,0.038958
65940,0.000002,0.000343,0.000418
65950,0.000000,0.000000,0.000002
65960,0.005492,0.004508,0.028869
65970,0.002873,0.002001,0.023394
65980,0.002833,0.002297,0.023637
65990,0.000116,0.000073,0.186967
66000,0.001225,0.000914,0.011781
66010,0.001390,0.001194,0.006373
66020,0.000542,0.000483,0.005371
66030,0.001934,0.001366,0.046226
66040,0.001548,0.001229,0.007857
66050,0.000000,0.000000,0.000000
66060,0.002414,0.001728,0.023769
66070,0.004327,0.003076,0.032322
66080,0.001028,0.000858,0.014584
66090,0.001770,0.001644,0.015707
66100,0.000000,0.000000,0.000000
66110,0.001251,0.001081,0.609331
66120,0.005931,0.004996,0.026651
66130,0.001449,0.001274,0.011473
66140,0.009037,0.007426,0.032646
66150,0.003864,0.002956,0.027943
66160,0.009282,0.007279,0.044706
66170,0.000449,0.000292,0.043710
66180,0.005220,0.003945,0.031319
66190,0.005309,0.004447,0.029801
66200,0.002769,0.002118,0.027205
66210,0.001802,0.001278,0.019481
66220,0.000074,0.000071,0.068543
66230,0.003448,0.002665,0.025852
66240,0.007783,0.006093,0.035502
66250,0.006541,0.005233,0.027961
66260,0.002692,0.002079,0.016373
66270,0.004274,0.003475,0.019907
66280,0.000000,0.000000,0.000000
66290,0.000149,0.000115,0.041874
66300,0.004815,0.003428,0.035307
66310,0.000038,0.000029,0.078713
66320,0.000000,0.000231,0.000282
66330,0.002792,0.002030,0.028983
66340,0.004026,0.003343,0.018024
66350,0.005963,0.004762,0.033141
66360,0.002047,0.001746,0.044167
66370,0.004783,0.003623,0.026588
66380,0.001151,0.000931,0.006018
66390,0.001483,0.000960,0.075486
66400,0.002332,0.001830,0.016558
66410,0.003674,0.002929,0.031708
66420,0.004884,0.003617,0.043078
66430,0.001954,0.001499,0.012698
66440,0.000660,0.000506,0.020369
66450,0.003609,0.002694,0.026002
66460,0.000768,0.000592,0.019466
66470,0.003994,0.002741,0.031504
66480,0.005603,0.004283,0.037193
66490,0.001077,0.000831,0.021483
66500,0.000268,0.000208,0.005196
66510,0.001399,0.001033,0.016618
66520,0.001844,0.001354,0.025468
66530,0.000023,0.000026,0.026535
66540,0.005730,0.004747,0.031907
66550,0.000474,0.000333,0.002671
66560,0.003619,0.002902,0.018694
66570,0.000000,0.000004,0.000006
66580,0.003695,0.003035,0.017027
66590,0.003762,0.002948,0.013702
66600,0.000620,0.000452,0.027600
66610,0.003235,0.002830,0.020323
66620,0.005157,0.004105,0.032538
66630,0.000000,0.000000,0.000000
66640,0.005245,0.004027,0.029704
66650,0.000695,0.000598,0.005848
66660,0.003036,0.002315,0.030447
66670,0.005093,0.003880,0.035648
66680,0.001575,0.001201,0.030261
66690,0.001669,0.001463,0.023534
66700,0.000342,0.000248,0.051355
66710,0.003843,0.002894,0.028903
66720,0.001931,0.001632,0.006878
66730,0.000488,0.000387,0.058683
66740,0.004893,0.004018,0.026886
66750,0.004896,0.003643,0.030606
66760,0.003189,0.002567,0.027497
66770,0.000000,0.000000,0.000000
66780,0.003814,0.002937,0.019893
66790,0.002822,0.001927,0.082622
66800,0.005976,0.004649,0.033975
66810,0.001192,0.001030,0.027126
66820,0.000083,0.000091,0.188459
66830,0.000576,0.000366,0.016406
66840,0.004836,0.004270,0.021653
66850,0.000337,0.000279,0.001873
66860,0.000000,0.000000,0.000000
66870,0.003296,0.002463,0.028312
66880,0.001136,0.000885,0.020180
66890,0.002445,0.001919,0.019097
66900,0.002346,0.001701,0.020587
66910,0.005606,0.004487,0.030773
66920,0.000000,0.000000,0.000000
66930,0.002649,0.001974,0.025656
66940,0.005261,0.004076,0.030685
66950,0.000764,0.000600,0.015128
66960,0.000373,0.000287,0.010878
66970,0.005308,0.003909,0.033439
66980,0.000462,0.000292,0.045682
66990,0.003561,0.002694,0.028173
67000,0.000400,0.000248,0.009072
67010,0.005747,0.004555,0.039822
67020,0.003549,0.002791,0.027116
67030,0.000307,0.000275,0.017911
67040,0.000451,0.000271,0.058770
67050,0.000962,0.000771,0.014491
67060,0.000809,0.000551,0.014931
67070,0.004455,0.003571,0.024741
67080,0.006708,0.005141,0.035746
67090,0.005091,0.003728,0.032284
67100,0.003814,0.002879,0.031095
67110,0.004921,0.003789,0.031070
67120,0.003649,0.002627,0.028166
67130,0.000505,0.000389,0.014367
67140,0.000862,0.000470,0.046239
67150,0.006143,0.004931,0.034493
67160,0.000000,0.000000,0.000000
67170,0.007160,0.005730,0.036153
67180,0.000000,0.000000,0.000000
67190,0.002983,0.002272,0.024610
67200,0.002834,0.002296,0.016874
67210,0.000660,0.000446,0.029026
67220,0.000604,0.000377,0.009270
67230,0.002605,0.002105,0.024664
67240,0.002336,0.001789,0.014543
67250,0.000000,0.000000,0.000000
67260,0.004159,0.003140,0.029735
67270,0.000857,0.000936,0.030958
67280,0.000173,0.000104,0.016970
67290,0.000679,0.000581,0.007612
67300,0.000820,0.000659,0.037822
67310,0.009285,0.007285,0.044630
67320,0.001898,0.001640,0.006579
67330,0.001838,0.001445,0.008403
67340,0.000284,0.000167,0.070720
67350,0.004274,0.003128,0.031558
67360,0.002294,0.001870,0.024416
67370,0.000571,0.000431,0.012859
67380,0.003218,0.002519,0.011832
67390,0.000000,0.000000,0.000000
67400,0.006982,0.005140,0.042148
67410,0.002171,0.001492,0.024042
67420,0.002346,0.001889,0.012416
67430,0.000610,0.000503,0.006531
67440,0.001457,0.000653,0.028706
67450,0.007163,0.005902,0.022244
67460,0.008728,0.006792,0.042988
67470,0.002310,0.001559,0.039168
67480,0.004292,0.003385,0.033809
67490,0.003948,0.003114,0.034989
67500,0.000711,0.000659,0.056047
67510,0.000079,0.000061,0.026128
67520,0.000988,0.000655,0.047733
67530,0.002653,0.001850,0.028536
67540,0.000675,0.000518,0.018295
67550,0.000477,0.000330,0.006709
67560,0.002494,0.002129,0.016047
67570,0.000000,0.000000,0.000000
67580,0.000286,0.000182,0.058047
67590,0.003240,0.002557,0.024246
67600,0.006166,0.004815,0.027440
67610,0.011964,0.009575,0.044818
67620,0.000000,0.000000,0.000000
67630,0.001094,0.000709,0.035760
67640,0.003325,0.002401,0.014489
67650,0.004004,0.003144,0.023607
67660,0.005699,0.004470,0.028741
67670,0.005356,0.004537,0.022918
67680,0.000601,0.000431,0.006691
67690,0.001101,0.000885,0.012904
67700,0.006173,0.004811,0.032037
67710,0.000362,0.000224,0.010493
67720,0.002478,0.001852,0.023482
67730,0.001271,0.001048,0.016259
67740,0.005030,0.004083,0.027244
67750,0.002915,0.002111,0.032510
67760,0.002818,0.002457,0.014977
67770,0.000512,0.000451,0.016495
67780,0.002391,0.001841,0.028349
67790,0.001132,0.000895,0.017824
67800,0.003694,0.002754,0.032414
67810,0.000000,0.000000,0.000000
67820,0.001126,0.000842,0.016313
67830,0.005412,0.004593,0.030139
67840,0.002959,0.002197,0.027718
67850,0.007543,0.006185,0.033284
67860,0.001722,0.001402,0.013491
67870,0.002457,0.001917,0.009676
67880,0.002229,0.001659,0.015753
67890,0.000000,0.000001,0.000001
67900,0.003926,0.003637,0.061058
67910,0.000280,0.000145,0.151004
67920,0.001578,0.001329,0.010001
67930,0.000000,0.000000,0.000000
67940,0.000559,0.000419,0.020086
67950,0.000272,0.000205,0.085207
67960,0.001355,0.001000,0.026641
67970,0.002716,0.001992,0.022595
67980,0.000455,0.000340,0.021935
67990,0.005792,0.004534,0.033267
68000,0.004212,0.003217,0.037234
68010,0.004881,0.004176,0.026259
68020,0.001281,0.001058,0.006150
68030,0.002209,0.001700,0.022063
68040,0.000000,0.000000,0.000000
68050,0.000131,0.000118,0.007797
68060,0.000000,0.000000,0.000000
68070,0.005520,0.004396,0.030552
68080,0.002351,0.001780,0.011146
68090,0.000000,0.000000,0.000000
68100,0.007990,0.006240,0.031297
68110,0.004658,0.003552,0.032037
68120,0.000916,0.000712,0.012649
68130,0.003166,0.002356,0.019659
68140,0.000120,0.000092,0.271407
68150,0.000000,0.000000,0.000000
68160,0.007967,0.006283,0.038758
68170,0.002720,0.002144,0.029914
68180,0.001784,0.001370,0.011659
68190,0.001812,0.001370,0.028222
68200,0.002452,0.002075,0.016192
68210,0.002955,0.002252,0.030666
68220,0.007801,0.005824,0.032973
68230,0.001902,0.001431,0.024475
68240,0.000225,0.000158,0.026133
68250,0.000000,0.000000,0.000000
68260,0.002270,0.001732,0.014515
68270,0.000000,0.000000,0.000000
68280,0.002449,0.002072,0.011971
68290,0.000308,0.000193,0.042048
68300,0.000164,0.000120,0.021131
68310,0.006460,0.005255,0.029688
68320,0.001950,0.001214,0.072057
68330,0.003047,0.002367,0.030411
68340,0.004114,0.003193,0.026017
68350,0.010059,0.007917,0.046740
68360,0.007709,0.006338,0.029332
68370,0.001639,0.001261,0.017504
68380,0.000997,0.000723,0.025277
68390,0.005843,0.004467,0.040185
68400,0.002288,0.001768,0.013979
68410,0.001969,0.001438,0.015939
68420,0.007262,0.005836,0.025212
68430,0.001882,0.001319,0.026094
68440,0.000000,0.000000,0.000000
68450,0.001044,0.000858,0.011881
68460,0.010373,0.008557,0.044352
68470,0.008141,0.006435,0.043064
68480,0.005353,0.004109,0.035280
68490,0.000000,0.000000,0.000000
68500,0.000819,0.000562,0.028832
68510,0.000000,0.000000,0.000000
68520,0.000914,0.000820,0.041190
68530,0.002161,0.001560,0.027159
68540,0.000420,0.000461,0.004971
68550,0.000821,0.000647,0.013332
68560,0.000901,0.000656,0.007973
68570,0.000408,0.000358,0.006356
68580,0.002116,0.001589,0.043671
68590,0.004414,0.003424,0.056051
68600,0.001708,0.001309,0.017208
68610,0.002929,0.001130,0.032116
68620,0.007710,0.005778,0.047094
68630,0.001706,0.001418,0.012317
68640,0.001291,0.001059,0.026763
68650,0.002850,0.002351,0.026625
68660,0.002962,0.002234,0.019706
68670,0.000066,0.000070,0.197661
68680,0.000835,0.000601,0.032221
68690,0.000000,0.000000,0.000000
68700,0.004643,0.003422,0.039358
68710,0.003204,0.002584,0.026990
68720,0.006080,0.004934,0.029091
68730,0.002608,0.002034,0.011021
68740,0.001518,0.001056,0.014824
68750,0.002625,0.002102,0.023117
68760,0.003084,0.002430,0.018346
68770,0.001882,0.001423,0.021223
68780,0.000000,0.000000,0.000000
68790,0.007405,0.006412,0.038881
68800,0.004575,0.003611,0.023980
68810,0.000601,0.000429,0.062904
68820,0.003209,0.002445,0.036440
68830,0.004920,0.003738,0.031080
68840,0.005699,0.004355,0.036931
68850,0.007608,0.006409,0.035180
68860,0.001073,0.000891,0.006698
68870,0.002974,0.002325,0.025072
68880,0.006564,0.005518,0.040164
68890,0.000000,0.000000,0.000000
68900,0.005264,0.004169,0.031432
68910,0.009359,0.007390,0.036446
68920,0.005683,0.004595,0.027237
68930,0.000041,0.000023,0.001938
68940,0.000526,0.000497,0.004854
68950,0.000837,0.000613,0.015728
68960,0.004612,0.003447,0.025471
68970,0.002104,0.001605,0.008994
68980,0.003300,0.002581,0.026572
68990,0.000000,0.000000,0.000000
69000,0.000733,0.000598,0.011810
69010,0.000697,0.000496,0.041047
69020,0.000000,0.000000,0.000000
69030,0.001867,0.001502,0.011728
69040,0.000370,0.000250,0.071678
69050,0.002115,0.001666,0.013202
69060,0.001529,0.001174,0.016969
69070,0.001218,0.000874,0.025218
69080,0.001506,0.000981,0.044462
69090,0.000000,0.000000,0.000000
69100,0.003625,0.002632,0.027612
69110,0.000366,0.000184,0.014563
69120,0.001893,0.001172,0.029816
69130,0.000851,0.000502,0.028911
69140,0.000688,0.000541,0.003443
69150,0.000000,0.000000,0.000000
69160,0.003525,0.002774,0.027797
69170,0.004414,0.003312,0.023953
69180,0.000000,0.000000,0.000000
69190,0.005010,0.003880,0.035917
69200,0.003039,0.002319,0.022972
69210,0.006276,0.005150,0.024272
69220,0.000772,0.000704,0.014116
69230,0.003479,0.002821,0.018525
69240,0.003522,0.002933,0.030811
69250,0.001553,0.000888,0.007771
69260,0.003970,0.003146,0.015073
69270,0.003935,0.003197,0.022242
69280,0.000980,0.000684,0.020473
69290,0.002793,0.002008,0.025700
69300,0.001942,0.001479,0.019089
69310,0.004753,0.003691,0.020534
69320,0.004751,0.003841,0.024274
69330,0.001615,0.001383,0.019560
69340,0.001591,0.001247,0.017883
69350,0.000000,0.000000,0.000000
69360,0.000000,0.000000,0.000000
69370,0.000262,0.000167,0.041559
69380,0.004566,0.003625,0.028119
69390,0.000000,0.000000,0.000000
69400,0.000000,0.000000,0.000000
69410,0.000330,0.000180,0.065944
69420,0.006713,0.005056,0.045022
69430,0.009501,0.007572,0.045513
69440,0.005994,0.004702,0.031520
69450,0.004713,0.003738,0.031598
69460,0.001859,0.001456,0.012412
69470,0.000351,0.000254,0.037064
69480,0.005695,0.004467,0.034156
69490,0.005694,0.004387,0.036923
69500,0.005425,0.004128,0.024227
69510,0.003311,0.002528,0.030486
69520,0.000575,0.000535,0.036001
69530,0.000061,0.000076,0.648793
69540,0.000547,0.000299,0.042259
69550,0.000877,0.000631,0.028970
69560,0.000000,0.000000,0.000000
69570,0.001578,0.001047,0.026891
69580,0.003481,0.002564,0.026977
69590,0.002566,0.001830,0.025983
69600,0.000301,0.000238,0.030180
69610,0.004682,0.003649,0.025763
69620,0.005372,0.004263,0.031137
69630,0.000564,0.000507,0.004495
69640,0.003596,0.002690,0.031423
69650,0.000482,0.000415,0.006525
69660,0.000522,0.000368,0.007380
69670,0.002767,0.002037,0.029633
69680,0.005015,0.004064,0.022746
69690,0.001535,0.000975,0.026987
69700,0.001227,0.000928,0.023574
69710,0.002119,0.001554,0.026479
69720,0.000291,0.000210,0.009653
69730,0.002240,0.001647,0.022711
69740,0.006619,0.005314,0.029535
69750,0.000424,0.000290,0.032454
69760,0.000000,0.000000,0.000000
69770,0.000000,0.000000,0.000000
69780,0.002500,0.001942,0.025742
69790,0.002707,0.002030,0.029469
69800,0.002613,0.001785,0.033822
69810,0.003527,0.002689,0.027384
69820,0.003163,0.002471,0.021547
69830,0.001063,0.000835,0.023945
69840,0.003274,0.002475,0.024958
69850,0.000375,0.000357,0.001678
69860,0.000175,0.000142,0.312246
69870,0.000565,0.000390,0.010210
69880,0.000053,0.000058,0.000143
69890,0.001227,0.000921,0.013826
69900,0.010499,0.008091,0.052751
69910,0.000000,0.000000,0.000001
69920,0.001313,0.001024,0.006589
69930,0.006019,0.004484,0.033733
69940,0.008122,0.006305,0.042784
69950,0.004853,0.003824,0.029490
69960,0.001619,0.001286,0.022273
69970,0.001223,0.000715,0.033746
69980,0.001563,0.001163,0.016341
69990,0.000000,0.000000,0.000000
70000,0.002071,0.001510,0.010352
70010,0.000213,0.000159,0.033373
70020,0.000000,0.000000,0.000000
70030,0.000895,0.000602,0.066261
70040,0.001723,0.001261,0.009705
70050,0.000000,0.000000,0.000000
70060,0.001564,0.001143,0.028157
70070,0.000214,0.000187,0.049995
70080,0.007233,0.005528,0.039554
70090,0.004954,0.003799,0.034835
70100,0.000884,0.000738,0.007185
70110,0.000660,0.000499,0.026963
70120,0.002901,0.002163,0.024644
70130,0.006128,0.004863,0.033828
70140,0.003333,0.002433,0.028095
70150,0.002596,0.002022,0.022915
70160,0.000806,0.000608,0.015661
70170,0.009309,0.006609,0.037431
70180,0.001357,0.000894,0.017165
70190,0.005293,0.004068,0.037819
70200,0.002745,0.002235,0.018870
70210,0.001709,0.001309,0.007643
70220,0.000000,0.000000,0.000000
70230,0.004373,0.003555,0.018054
70240,0.000172,0.000121,0.656544
70250,0.001680,0.001295,0.030056
70260,0.005071,0.004334,0.018878
70270,0.001898,0.001476,0.033037
70280,0.000000,0.000000,0.000000
70290,0.001514,0.001244,0.014552
70300,0.000000,0.000000,0.000000
70310,0.007633,0.006202,0.026887
70320,0.000741,0.000598,0.002916
70330,0.003690,0.002885,0.014025
70340,0.002076,0.002171,0.010536
70350,0.003928,0.002928,0.019985
70360,0.003977,0.003114,0.032460
70370,0.003771,0.002876,0.026889
70380,0.000149,0.000165,0.656570
70390,0.001139,0.000733,0.041461
70400,0.000975,0.000759,0.011609
70410,0.000795,0.000537,0.041740
70420,0.008242,0.006430,0.041241
70430,0.004767,0.003764,0.032050
70440,0.004544,0.003798,0.025258
70450,0.002911,0.002221,0.012527
70460,0.000000,0.000000,0.000000
70470,0.001044,0.000799,0.006673
70480,0.001712,0.001264,0.039846
70490,0.005232,0.004122,0.029287
70500,0.000060,0.000049,0.027108
70510,0.000102,0.000071,0.012679
70520,0.004899,0.003815,0.032898
70530,0.004615,0.003772,0.172358
70540,0.002375,0.001523,0.042367
70550,0.004795,0.003614,0.030988
70560,0.000859,0.000725,0.006800
70570,0.003098,0.002233,0.030861
70580,0.003459,0.002753,0.028587
70590,0.001768,0.001266,0.022230
70600,0.001853,0.001694,0.009353
70610,0.003729,0.002784,0.031002
70620,0.005570,0.004430,0.038465
70630,0.001173,0.000649,0.084714
70640,0.001185,0.000798,0.041040
70650,0.001948,0.001547,0.024450
70660,0.000000,0.000000,0.000000
70670,0.001128,0.000734,0.008412
70680,0.000000,0.000000,0.000000
70690,0.001061,0.000693,0.027968
70700,0.000000,0.000000,0.000000
70710,0.006823,0.005417,0.039746
70720,0.000573,0.000420,0.009957
70730,0.000902,0.000595,0.018032
70740,0.000458,0.000337,0.016597
70750,0.001800,0.001397,0.024488
70760,0.007233,0.005819,0.032328
70770,0.001395,0.001143,0.016007
70780,0.004228,0.003284,0.026888
70790,0.000967,0.000726,0.011118
70800,0.002668,0.001930,0.030274
70810,0.000835,0.000533,0.022826
70820,0.000000,0.000000,0.000000
70830,0.000000,0.000000,0.000000
70840,0.005370,0.004218,0.031092
70850,0.001985,0.001459,0.012968
70860,0.000287,0.000233,0.016925
70870,0.003416,0.002437,0.033197
70880,0.004612,0.004048,0.020471
70890,0.000044,0.000026,0.028769
70900,0.000000,0.000000,0.000000
70910,0.007320,0.005924,0.043593
70920,0.004903,0.004147,0.029329
70930,0.010624,0.008192,0.047498
70940,0.004869,0.003942,0.021326
70950,0.004605,0.003723,0.019679
70960,0.000274,0.000197,0.037849
70970,0.000102,0.000090,0.015238
70980,0.003053,0.001966,0.034649
70990,0.000744,0.000565,0.027340
71000,0.000000,0.000000,0.000000
71010,0.000839,0.000677,0.004106
71020,0.000376,0.000271,0.023976
71030,0.007991,0.006458,0.039905
71040,0.000681,0.000434,0.033706
71050,0.000439,0.000354,0.032980
71060,0.000370,0.000366,0.012946
71070,0.004171,0.003423,0.025125
71080,0.001310,0.001091,0.009082
71090,0.001009,0.000783,0.020134
71100,0.000706,0.000514,0.005607
71110,0.000778,0.000382,0.051802
71120,0.001294,0.001345,0.032622
71130,0.000850,0.000624,0.014094
71140,0.010212,0.007894,0.044302
71150,0.002259,0.001605,0.029294
71160,0.002091,0.001507,0.030427
71170,0.003803,0.002840,0.031567
71180,0.003018,0.002176,0.028546
71190,0.000947,0.000685,0.012606
71200,0.001485,0.001117,0.016181
71210,0.002402,0.001831,0.023440
71220,0.000000,0.000000,0.000000
71230,0.004727,0.003699,0.027708
71240,0.000536,0.000455,0.010099
71250,0.001667,0.001388,0.010482
71260,0.000000,0.000000,0.000000
71270,0.000889,0.000623,0.028344
71280,0.000000,0.000000,0.000000
71290,0.004148,0.003169,0.027032
71300,0.000000,0.000000,0.000000
71310,0.000237,0.000134,0.034902
71320,0.000460,0.000349,0.008202
71330,0.004993,0.003477,0.028807
71340,0.002565,0.002066,0.012548
71350,0.001099,0.000864,0.018936
71360,0.004029,0.002968,0.026168
71370,0.000147,0.000110,0.012921
71380,0.003122,0.002397,0.024680
71390,0.001520,0.001202,0.010138
71400,0.000313,0.000257,0.007694
71410,0.001447,0.001246,0.029883
71420,0.005603,0.004501,0.022158
71430,0.003016,0.002248,0.027290
71440,0.002425,0.001583,0.038571
71450,0.001239,0.000989,0.009815
71460,0.000000,0.000000,0.000000
71470,0.002870,0.002229,0.022783
71480,0.006579,0.005325,0.040829
71490,0.000471,0.000274,0.016410
71500,0.001979,0.001786,0.018629
71510,0.002191,0.001698,0.011025
71520,0.004704,0.003542,0.026391
71530,0.003119,0.002423,0.016308
71540,0.002945,0.002263,0.027342
71550,0.000000,0.000000,0.000000
71560,0.002692,0.002046,0.017729
71570,0.001153,0.000764,0.047287
71580,0.002391,0.001870,0.024031
71590,0.005024,0.003870,0.032007
71600,0.003126,0.002453,0.028949
71610,0.005446,0.004315,0.023184
71620,0.000234,0.000127,0.007730
71630,0.000000,0.000000,0.000000
71640,0.002492,0.001844,0.025470
71650,0.000830,0.000596,0.011331
71660,0.004576,0.003676,0.033769
71670,0.000260,0.000175,0.004781
71680,0.000000,0.000000,0.000000
71690,0.006838,0.005581,0.026372
71700,0.003689,0.002732,0.021680
71710,0.006381,0.004927,0.036087
71720,0.002557,0.001864,0.024585
71730,0.000185,0.000127,0.305782
71740,0.000000,0.000000,0.000000
71750,0.000000,0.000000,0.000000
71760,0.003001,0.002461,0.012706
71770,0.002748,0.002233,0.018688
71780,0.002506,0.001853,0.027413
71790,0.001055,0.000787,0.010199
71800,0.002834,0.002360,0.025087
71810,0.000997,0.000610,0.082242
71820,0.001009,0.000756,0.020043
71830,0.010501,0.008768,0.043188
71840,0.000335,0.000204,0.071771
71850,0.002974,0.002545,0.015157
71860,0.011194,0.009330,0.038438
71870,0.000000,0.000000,0.000000
71880,0.002125,0.001521,0.031283
71890,0.004293,0.003217,0.029731
71900,0.001039,0.000849,0.020332
71910,0.000656,0.000474,0.023117
71920,0.007268,0.005624,0.038296
71930,0.000173,0.000125,0.030013
71940,0.005487,0.004186,0.035462
71950,0.000757,0.000578,0.005283
71960,0.000000,0.000000,0.000000
71970,0.003794,0.002597,0.026586
71980,0.000576,0.000476,0.038018
71990,0.002321,0.002051,0.012373
72000,0.006250,0.005144,0.025297
72010,0.000899,0.000807,0.004614
72020,0.003226,0.002544,0.022422
72030,0.000275,0.000209,0.010991
72040,0.008865,0.006893,0.041866
72050,0.008204,0.006286,0.041043
72060,0.001031,0.000931,0.007523
72070,0.003877,0.003060,0.026522
72080,0.000996,0.000649,0.034397
72090,0.003343,0.002769,0.024985
72100,0.000361,0.000302,0.014993
72110,0.000478,0.000318,0.039026
72120,0.003602,0.002995,0.015767
72130,0.000907,0.000662,0.040079
72140,0.000156,0.000104,0.011608
72150,0.006092,0.004710,0.021872
72160,0.004556,0.003674,0.016623
72170,0.005888,0.004585,0.034209
72180,0.000644,0.000561,0.005202
72190,0.004278,0.003386,0.028448
72200,0.000000,0.000000,0.000000
72210,0.003581,0.003048,0.022003
72220,0.002331,0.001875,0.011250
72230,0.000451,0.000423,0.007092
72240,0.001411,0.001076,0.023910
72250,0.002847,0.002143,0.009314
72260,0.000857,0.000630,0.021091
72270,0.000194,0.000165,0.008656
72280,0.004628,0.003360,0.039149
72290,0.001615,0.001089,0.039247
72300,0.000351,0.000229,0.019289
72310,0.001285,0.000912,0.019366
72320,0.004198,0.003158,0.030467
72330,0.004367,0.003785,0.022939
72340,0.003326,0.002569,0.025735
72350,0.000299,0.000291,0.027468
72360,0.000457,0.000386,0.003534
72370,0.002551,0.001991,0.018700
72380,0.003150,0.002473,0.026631
72390,0.000911,0.000678,0.025951
72400,0.000656,0.000586,0.027205
72410,0.000060,0.000042,0.140724
72420,0.000511,0.000416,0.026430
72430,0.000031,0.000029,0.011044
72440,0.000344,0.000236,0.040537
72450,0.001364,0.001082,0.033218
72460,0.000417,0.000226,0.023448
72470,0.006200,0.005028,0.035633
72480,0.002339,0.001513,0.046380
72490,0.004915,0.003696,0.034172
72500,0.003335,0.002479,0.029326
72510,0.000958,0.000741,0.018027
72520,0.002959,0.002382,0.026733
72530,0.000102,0.000069,0.009394
72540,0.002309,0.001897,0.011185
72550,0.002203,0.001654,0.016960
72560,0.004050,0.003291,0.029467
72570,0.002550,0.002203,0.014179
72580,0.000223,0.000172,0.024319
72590,0.002001,0.001503,0.017152
72600,0.000382,0.000248,0.025880
72610,0.000990,0.000710,0.018210
72620,0.000323,0.000214,0.047301
72630,0.000889,0.000726,0.022707
72640,0.000645,0.000549,0.006420
72650,0.000000,0.000000,0.000000
72660,0.002492,0.001820,0.042687
72670,0.002992,0.002290,0.027733
72680,0.001468,0.001164,0.021126
72690,0.003400,0.002649,0.025899
72700,0.001003,0.000757,0.034932
72710,0.002396,0.001765,0.027259
72720,0.001346,0.000956,0.026814
72730,0.000000,0.000000,0.000000
72740,0.002384,0.001769,0.022565
72750,0.000996,0.000811,0.005521
72760,0.001614,0.001215,0.026419
72770,0.006109,0.004754,0.033582
72780,0.000672,0.000561,0.026503
72790,0.004714,0.003841,0.031153
72800,0.001958,0.001645,0.015168
72810,0.004035,0.003150,0.032759
72820,0.003719,0.002776,0.029523
72830,0.003105,0.002363,0.023970
72840,0.002046,0.001540,0.023027
72850,0.000641,0.000469,0.007850
72860,0.000000,0.000000,0.000000
72870,0.000932,0.000629,0.040829
72880,0.011784,0.009456,0.048246
72890,0.004451,0.003524,0.024555
72900,0.000392,0.000225,0.035932
72910,0.002190,0.001893,0.021404
72920,0.001169,0.000836,0.012328
72930,0.001431,0.000926,0.029935
72940,0.000867,0.000638,0.037547
72950,0.000172,0.000128,0.027382
72960,0.000000,0.000001,0.000003
72970,0.000747,0.000612,0.008150
72980,0.001768,0.001346,0.022688
72990,0.006462,0.005028,0.037773
73000,0.010543,0.008517,0.048988
73010,0.003617,0.002884,0.014718
73020,0.001190,0.000969,0.008498
73030,0.000610,0.000480,0.006985
73040,0.008159,0.006806,0.040114
73050,0.004840,0.003847,0.032112
73060,0.004565,0.003384,0.031939
73070,0.006709,0.005303,0.037603
73080,0.000408,0.000355,0.003156
73090,0.006291,0.004775,0.033164
73100,0.002986,0.002450,0.014234
73110,0.003624,0.002658,0.026929
73120,0.004241,0.003239,0.027553
73130,0.000530,0.000393,0.019001
73140,0.001392,0.001142,0.018353
73150,0.000079,0.000070,0.132466
73160,0.004100,0.003240,0.026697
73170,0.001803,0.001169,0.027296
73180,0.000111,0.000084,0.017402
73190,0.001267,0.000921,0.037990
73200,0.007624,0.005993,0.036720
73210,0.003945,0.003252,0.020023
73220,0.000267,0.000158,0.495333
73230,0.001234,0.001099,0.021298
73240,0.004139,0.003175,0.019892
73250,0.000310,0.000247,0.036685
73260,0.001713,0.001443,0.020810
73270,0.003505,0.002898,0.024419
73280,0.002526,0.001838,0.027814
73290,0.005475,0.004419,0.035563
73300,0.000072,0.000048,0.161193
73310,0.004703,0.003630,0.021661
73320,0.004771,0.003754,0.029222
73330,0.008155,0.006442,0.033218
73340,0.009169,0.007172,0.039164
73350,0.000288,0.000189,0.050711
73360,0.001547,0.001002,0.016596
73370,0.001073,0.000704,0.040469
73380,0.002957,0.002269,0.025130
73390,0.000675,0.000372,0.022360
73400,0.000174,0.000122,0.014665
73410,0.008400,0.005848,0.040742
73420,0.004649,0.003456,0.033500
73430,0.004371,0.003318,0.030733
73440,0.001513,0.001094,0.017834
73450,0.000000,0.000000,0.000000
73460,0.006096,0.004688,0.030262
73470,0.005907,0.004734,0.035208
73480,0.000272,0.000219,0.006936
73490,0.000000,0.000000,0.000000
73500,0.007350,0.005953,0.035592
73510,0.003475,0.002450,0.027835
73520,0.003765,0.003156,0.036075
73530,0.010020,0.007932,0.048432
73540,0.011476,0.009074,0.046341
73550,0.001515,0.001192,0.011891
73560,0.001557,0.001130,0.019000
73570,0.000109,0.000080,0.212380
73580,0.000309,0.000234,0.011893
73590,0.000682,0.000521,0.004108
73600,0.000057,0.000054,0.290963
73610,0.003861,0.003245,0.018032
73620,0.001193,0.000893,0.015844
73630,0.004232,0.003229,0.029473
73640,0.001084,0.001001,0.010211
73650,0.003846,0.002828,0.031402
73660,0.001510,0.000990,0.047257
73670,0.001839,0.001501,0.028544
73680,0.001061,0.000794,0.017269
73690,0.000198,0.000140,0.062318
73700,0.000000,0.000000,0.000000
73710,0.001928,0.001447,0.014025
73720,0.001701,0.001427,0.012351
73730,0.006386,0.005026,0.035018
73740,0.000080,0.000084,0.656415
73750,0.002093,0.001641,0.028914
73760,0.003013,0.002383,0.021588
73770,0.005266,0.004126,0.032726
73780,0.000000,0.000000,0.000000
73790,0.004098,0.003148,0.027126
73800,0.001940,0.001419,0.020659
73810,0.000148,0.000117,0.022974
73820,0.003204,0.002592,0.015516
73830,0.000855,0.000669,0.006897
73840,0.004549,0.003497,0.024037
73850,0.000951,0.000621,0.020289
73860,0.000000,0.000000,0.000000
73870,0.002788,0.002165,0.022940
73880,0.002507,0.001854,0.025733
73890,0.002328,0.001836,0.026704
73900,0.000000,0.000000,0.000000
73910,0.001116,0.000925,0.015798
73920,0.001735,0.001401,0.022656
73930,0.002419,0.001923,0.022499
73940,0.002310,0.001483,0.029840
73950,0.004557,0.003361,0.032633
73960,0.002198,0.001843,0.013740
73970,0.000018,0.000012,0.018136
73980,0.000693,0.000421,0.036505
73990,0.000000,0.000005,0.000008
74000,0.001280,0.001000,0.009101
74010,0.000000,0.000000,0.000000
74020,0.005928,0.004537,0.037829
74030,0.003837,0.002843,0.029545
74040,0.000000,0.000000,0.000000
74050,0.000202,0.000144,0.030805
74060,0.002652,0.001928,0.026953
74070,0.005285,0.004157,0.031896
74080,0.003342,0.002626,0.017228
74090,0.000000,0.000000,0.000000
74100,0.004063,0.003237,0.030065
74110,0.003693,0.002553,0.025565
74120,0.004899,0.004134,0.025900
74130,0.000462,0.000291,0.024739
74140,0.000000,0.000000,0.000000
74150,0.004772,0.003775,0.035076
74160,0.000080,0.000055,0.027182
74170,0.001576,0.001319,0.010362
74180,0.000670,0.000578,0.019833
74190,0.001590,0.001219,0.006237
74200,0.000241,0.000142,0.033471
74210,0.000167,0.000149,0.656573
74220,0.001772,0.001521,0.011445
74230,0.005474,0.004543,0.022297
74240,0.002552,0.002255,0.010759
74250,0.006709,0.005190,0.041059
74260,0.001437,0.001097,0.007100
74270,0.004828,0.004088,0.021540
74280,0.000000,0.000000,0.000000
74290,0.003020,0.002070,0.018920
74300,0.007474,0.005967,0.036702
74310,0.002462,0.001900,0.017619
74320,0.000829,0.000712,0.005100
74330,0.001632,0.001265,0.019258
74340,0.003044,0.002310,0.023470
74350,0.004136,0.003287,0.027485
74360,0.000496,0.000361,0.016209
74370,0.000120,0.000098,0.025956
74380,0.001055,0.000740,0.016236
74390,0.002656,0.001850,0.023825
74400,0.000949,0.000613,0.027799
74410,0.004354,0.003094,0.039717
74420,0.001107,0.000848,0.042350
74430,0.001825,0.001464,0.007526
74440,0.000000,0.000000,0.000000
74450,0.002256,0.001631,0.010591
74460,0.001960,0.001513,0.027258
74470,0.002737,0.002276,0.013391
74480,0.003537,0.002746,0.016737
74490,0.003005,0.002412,0.012055
74500,0.002570,0.002061,0.020526
74510,0.002844,0.001968,0.024414
74520,0.001927,0.000993,0.065776
74530,0.002771,0.002228,0.022718
74540,0.000337,0.000253,0.015705
74550,0.000950,0.000712,0.016614
74560,0.000702,0.000522,0.011729
74570,0.008611,0.006965,0.041122
74580,0.001184,0.000862,0.076712
74590,0.002800,0.002251,0.018987
74600,0.006140,0.005410,0.039102
74610,0.001139,0.000797,0.030221
74620,0.000027,0.000011,0.006363
74630,0.005320,0.004115,0.030864
74640,0.002587,0.002107,0.023114
74650,0.000000,0.000000,0.000000
74660,0.000954,0.000491,0.023584
74670,0.000305,0.000244,0.003964
74680,0.000000,0.000000,0.000000
74690,0.004155,0.003198,0.028915
74700,0.001800,0.001349,0.023320
74710,0.001717,0.002296,0.040834
74720,0.000343,0.000277,0.008708
74730,0.003111,0.002148,0.029464
74740,0.003331,0.002639,0.030606
74750,0.001707,0.001451,0.010318
74760,0.000000,0.000000,0.000000
74770,0.001470,0.001185,0.016456
74780,0.007318,0.005712,0.039174
74790,0.005165,0.003877,0.029182
74800,0.003219,0.002526,0.028915
74810,0.004086,0.003384,0.030062
74820,0.006501,0.004899,0.037715
74830,0.001407,0.001232,0.007802
74840,0.000734,0.000405,0.031330
74850,0.000150,0.000112,0.051096
74860,0.000880,0.000571,0.030936
74870,0.001588,0.001221,0.013715
74880,0.002906,0.002195,0.028646
74890,0.001507,0.001280,0.016705
74900,0.000588,0.000447,0.004722
74910,0.008330,0.007512,0.030493
74920,0.000968,0.000646,0.026999
74930,0.000095,0.000081,0.029621
74940,0.007559,0.005978,0.043990
74950,0.003365,0.002817,0.027852
74960,0.000000,0.000000,0.000000
74970,0.000848,0.000737,0.006259
74980,0.006300,0.005183,0.036895
74990,0.001092,0.001008,0.074614
75000,0.002661,0.002010,0.013680
75010,0.000000,0.000000,0.000000
75020,0.000697,0.000445,0.022484
75030,0.000358,0.000288,0.036228
75040,0.009841,0.007920,0.042203
75050,0.000425,0.000307,0.035754
75060,0.001015,0.000773,0.016091
75070,0.002157,0.001597,0.023926
75080,0.001862,0.001513,0.019599
75090,0.010453,0.008559,0.043465
75100,0.000665,0.000575,0.009399
75110,0.000000,0.000000,0.000000
75120,0.004764,0.004044,0.029117
75130,0.000811,0.000593,0.015283
75140,0.001289,0.000766,0.030414
75150,0.001170,0.000896,0.021231
75160,0.001304,0.001116,0.022184
75170,0.003529,0.002751,0.023252
75180,0.005800,0.004677,0.030993
75190,0.001331,0.001036,0.020046
75200,0.000488,0.000379,0.006205
75210,0.000664,0.000563,0.002777
75220,0.006436,0.005043,0.033242
75230,0.003104,0.002781,0.012564
75240,0.001225,0.000845,0.043655
75250,0.002028,0.001670,0.012238
75260,0.001699,0.001283,0.015024
75270,0.004352,0.003349,0.025706
75280,0.001751,0.001457,0.015872
75290,0.003964,0.003144,0.031908
75300,0.003055,0.002134,0.019552
75310,0.001209,0.000875,0.032725
75320,0.002757,0.002101,0.026968
75330,0.002881,0.002251,0.024073
75340,0.007766,0.006197,0.029145
75350,0.007797,0.006455,0.030435
75360,0.007581,0.006070,0.038941
75370,0.003573,0.002687,0.028287
75380,0.001589,0.001136,0.019073
75390,0.010087,0.008112,0.052452
75400,0.006012,0.004696,0.028548
75410,0.004281,0.003245,0.033839
75420,0.001290,0.001001,0.038468
75430,0.006404,0.004874,0.037032
75440,0.000000,0.000000,0.000000
75450,0.001874,0.001381,0.017894
75460,0.000000,0.000000,0.000000
75470,0.001229,0.000863,0.020889
75480,0.002438,0.001853,0.040092
75490,0.000889,0.000696,0.011604
75500,0.005097,0.003884,0.037571
75510,0.001108,0.000853,0.007194
75520,0.003480,0.002649,0.028365
75530,0.004259,0.003370,0.030492
75540,0.003502,0.002774,0.024851
75550,0.000195,0.000144,0.026045
75560,0.004237,0.003514,0.025086
75570,0.001713,0.001353,0.020987
75580,0.004924,0.004046,0.026666
75590,0.000764,0.000552,0.034920
75600,0.002416,0.001773,0.013553
75610,0.004709,0.003647,0.024793
75620,0.005249,0.004072,0.034001
75630,0.003840,0.003039,0.012992
75640,0.001365,0.001120,0.012807
75650,0.000646,0.000549,0.010362
75660,0.000322,0.000279,0.203753
75670,0.002972,0.002369,0.011774
75680,0.002189,0.001732,0.026668
75690,0.005908,0.004573,0.037964
75700,0.003757,0.002917,0.026247
75710,0.004981,0.003934,0.028154
75720,0.000000,0.000000,0.000000
75730,0.004653,0.003621,0.026691
75740,0.002086,0.001612,0.020085
75750,0.001312,0.000858,0.024432
75760,0.001125,0.000853,0.031392
75770,0.000000,0.000000,0.000000
75780,0.002841,0.002315,0.027346
75790,0.000000,0.000000,0.000000
75800,0.010875,0.008645,0.049610
75810,0.003505,0.002692,0.028720
75820,0.000000,0.000000,0.000000
75830,0.003832,0.002961,0.019730
75840,0.004159,0.003354,0.015822
75850,0.003942,0.002840,0.030147
75860,0.001424,0.001055,0.017013
75870,0.004757,0.003522,0.035393
75880,0.001342,0.001080,0.010441
75890,0.002856,0.002276,0.023180
75900,0.002047,0.001698,0.023150
75910,0.000661,0.000548,0.006002
75920,0.001169,0.001132,0.045068
75930,0.001276,0.000985,0.016125
75940,0.000651,0.000502,0.046239
75950,0.003429,0.002407,0.027033
75960,0.006815,0.005377,0.034894
75970,0.003181,0.002467,0.015184
75980,0.005286,0.003998,0.032761
75990,0.000000,0.000000,0.000000
76000,0.002786,0.002295,0.022642
76010,0.000000,0.000001,0.000001
76020,0.000936,0.000729,0.004616
76030,0.000150,0.000105,0.029075
76040,0.001091,0.000919,0.011673
76050,0.000293,0.000189,0.023453
76060,0.004299,0.003299,0.026727
76070,0.001630,0.001292,0.018099
76080,0.000537,0.000356,0.050153
76090,0.001999,0.001586,0.015314
76100,0.003643,0.002777,0.017104
76110,0.002276,0.001716,0.023013
76120,0.004495,0.003453,0.056823
76130,0.000312,0.000256,0.011635
76140,0.000000,0.000000,0.000000
76150,0.003776,0.002766,0.039014
76160,0.002181,0.001703,0.019731
76170,0.001680,0.001276,0.020038
76180,0.000935,0.000734,0.016414
76190,0.001604,0.001246,0.007990
76200,0.000555,0.000412,0.007781
76210,0.001842,0.001381,0.008798
76220,0.009805,0.007814,0.046625
76230,0.002813,0.002309,0.015146
76240,0.002189,0.001793,0.018474
76250,0.000341,0.000220,0.048605
76260,0.000000,0.000000,0.000000
76270,0.008257,0.006098,0.046233
76280,0.002371,0.002090,0.008752
76290,0.005862,0.004830,0.035358
76300,0.004581,0.003609,0.031453
76310,0.002572,0.001864,0.022512
76320,0.003314,0.002299,0.040390
76330,0.000398,0.000366,0.004799
76340,0.000819,0.000600,0.008762
76350,0.000984,0.000786,0.004741
76360,0.006469,0.005027,0.032501
76370,0.000252,0.000201,0.010007
76380,0.003389,0.002594,0.031815
76390,0.002627,0.002059,0.022641
76400,0.005774,0.004295,0.031118
76410,0.000986,0.000845,0.007260
76420,0.004614,0.003238,0.043241
76430,0.002523,0.002007,0.020607
76440,0.003958,0.003288,0.027628
76450,0.000000,0.000000,0.000000
76460,0.000149,0.000147,0.026846
76470,0.000000,0.000000,0.000000
76480,0.000000,0.000000,0.000000
76490,0.005334,0.004210,0.034470
76500,0.001196,0.001089,0.007789
76510,0.000713,0.000529,0.009354
76520,0.000540,0.000277,0.032109
76530,0.000736,0.000552,0.016503
76540,0.001289,0.000939,0.022196
76550,0.001526,0.001063,0.017929
76560,0.002139,0.001740,0.014586
76570,0.002797,0.002016,0.028298
76580,0.000865,0.000731,0.005506
76590,0.008205,0.006649,0.039148
76600,0.007133,0.005778,0.033960
76610,0.001370,0.001050,0.014569
76620,0.003632,0.002744,0.026032
76630,0.000000,0.000000,0.000000
76640,0.003129,0.002458,0.025418
76650,0.007493,0.005979,0.028844
76660,0.007596,0.005987,0.036417
76670,0.001861,0.001667,0.020024
76680,0.001723,0.001435,0.014790
76690,0.004188,0.003209,0.024606
76700,0.001100,0.000714,0.025086
76710,0.000378,0.000288,0.020132
76720,0.000587,0.000351,0.051990
76730,0.007762,0.006102,0.035016
76740,0.001472,0.001147,0.017088
76750,0.006961,0.005400,0.035190
76760,0.001009,0.000790,0.035493
76770,0.004570,0.003939,0.030190
76780,0.003724,0.002905,0.029863
76790,0.000000,0.000000,0.000000
76800,0.008734,0.007034,0.041757
76810,0.001293,0.000992,0.018314
76820,0.009828,0.007809,0.042027
76830,0.008918,0.007155,0.041515
76840,0.003829,0.003047,0.030117
76850,0.000000,0.000000,0.000000
76860,0.002079,0.001529,0.026867
76870,0.002957,0.002297,0.026136
76880,0.001628,0.001164,0.020273
76890,0.000524,0.000390,0.007160
76900,0.008229,0.006548,0.037199
76910,0.003495,0.002618,0.027322
76920,0.008642,0.006987,0.039322
76930,0.002839,0.002136,0.026602
76940,0.004811,0.003991,0.020913
76950,0.004218,0.002941,0.030519
76960,0.001621,0.001259,0.010068
76970,0.002890,0.002060,0.032637
76980,0.001931,0.001522,0.009886
76990,0.001203,0.000912,0.017278
77000,0.003677,0.002704,0.034296
77010,0.002515,0.001885,0.021606
77020,0.003794,0.003291,0.025777
77030,0.004964,0.003727,0.034790
77040,0.000405,0.000220,0.037737
77050,0.000000,0.000000,0.000000
77060,0.000082,0.000063,0.023712
77070,0.006105,0.004840,0.035057
77080,0.007000,0.005602,0.030680
77090,0.000000,0.000000,0.000000
77100,0.000000,0.000000,0.000000
77110,0.003115,0.002379,0.020058
77120,0.006575,0.005322,0.035951
77130,0.001832,0.001329,0.019833
77140,0.000702,0.000469,0.002513
77150,0.000862,0.000701,0.030192
77160,0.003153,0.002658,0.019649
77170,0.001465,0.001163,0.013364
77180,0.003268,0.002311,0.028804
77190,0.005270,0.004224,0.030087
77200,0.001565,0.001259,0.022770
77210,0.002596,0.002040,0.009250
77220,0.003648,0.002948,0.018840
77230,0.000572,0.000329,0.031640
77240,0.000000,0.000000,0.000000
77250,0.002383,0.001846,0.020938
77260,0.001563,0.001345,0.013004
77270,0.000000,0.000000,0.000000
77280,0.007710,0.006424,0.028434
77290,0.000000,0.000000,0.000000
77300,0.001202,0.001586,0.024835
77310,0.002058,0.001481,0.025734
77320,0.000000,0.000000,0.000000
77330,0.000882,0.000728,0.012583
77340,0.001978,0.001661,0.010695
77350,0.000000,0.000000,0.000000
77360,0.003239,0.002548,0.029986
77370,0.000659,0.000479,0.033187
77380,0.004477,0.003688,0.021658
77390,0.001084,0.000797,0.014472
77400,0.003216,0.002483,0.026072
77410,0.003728,0.002898,0.031842
77420,0.000384,0.000302,0.013226
77430,0.000988,0.000764,0.007810
77440,0.001194,0.001005,0.004949
77450,0.001209,0.000749,0.038247
77460,0.002031,0.001949,0.008789
77470,0.003217,0.002523,0.026255
77480,0.000300,0.000277,0.004701
77490,0.005186,0.004172,0.025187
77500,0.004287,0.003574,0.022045
77510,0.006447,0.004926,0.032740
77520,0.004601,0.003560,0.025828
77530,0.000616,0.000446,0.029505
77540,0.006370,0.005075,0.025993
77550,0.006159,0.003976,0.049626
77560,0.003995,0.003134,0.027012
77570,0.001151,0.000910,0.014341
77580,0.000418,0.000313,0.003461
77590,0.000579,0.000484,0.021500
77600,0.002281,0.001760,0.014188
77610,0.003351,0.002544,0.018192
77620,0.000307,0.000240,0.656607
77630,0.003012,0.002129,0.029463
77640,0.008069,0.006584,0.034231
77650,0.001784,0.001381,0.009435
77660,0.000854,0.000569,0.029105
77670,0.001762,0.001326,0.014455
77680,0.001105,0.000749,0.008889
77690,0.002658,0.002087,0.026813
77700,0.002732,0.001899,0.025296
77710,0.001529,0.001292,0.012410
77720,0.000643,0.000537,0.020760
77730,0.002975,0.002005,0.029610
77740,0.000420,0.000286,0.076697
77750,0.002887,0.002398,0.013105
77760,0.007434,0.005582,0.037695
77770,0.003562,0.002781,0.028575
77780,0.001017,0.000778,0.021008
77790,0.001298,0.001029,0.008102
77800,0.000672,0.000482,0.030719
77810,0.002997,0.002237,0.025210
77820,0.002753,0.002037,0.023524
77830,0.002644,0.002219,0.014820
77840,0.001416,0.001184,0.010502
77850,0.005275,0.004252,0.030479
77860,0.001059,0.000736,0.022012
77870,0.001199,0.000970,0.015174
77880,0.002954,0.002376,0.018584
77890,0.001436,0.001103,0.005098
77900,0.000000,0.000000,0.000000
77910,0.000000,0.000000,0.000000
77920,0.002499,0.002052,0.016073
77930,0.004240,0.003165,0.031052
77940,0.000000,0.000000,0.000001
77950,0.003105,0.002469,0.013732
77960,0.002552,0.001972,0.023083
77970,0.000772,0.000565,0.016265
77980,0.005274,0.003995,0.033977
77990,0.001840,0.001335,0.659498
78000,0.000317,0.000235,0.035139
78010,0.002494,0.001982,0.014348
78020,0.005985,0.004730,0.037450
78030,0.001966,0.001444,0.020250
78040,0.005048,0.004025,0.029699
78050,0.002794,0.002225,0.014382
78060,0.000968,0.000696,0.027275
78070,0.006101,0.004829,0.024241
78080,0.000945,0.000668,0.012117
78090,0.001874,0.001680,0.008442
78100,0.000000,0.000000,0.000000
78110,0.004451,0.003335,0.027309
78120,0.003984,0.003237,0.017235
78130,0.000000,0.000000,0.000000
78140,0.003129,0.002410,0.023284
78150,0.000150,0.000106,0.013887
78160,0.000142,0.000106,0.019635
78170,0.005682,0.004393,0.034140
78180,0.003769,0.002837,0.030864
78190,0.000629,0.000427,0.032591
78200,0.001104,0.000819,0.039428
78210,0.003040,0.002490,0.015512
78220,0.000576,0.000430,0.008803
78230,0.000448,0.000315,0.013721
78240,0.001181,0.000865,0.009318
78250,0.000360,0.000210,0.084784
78260,0.003586,0.002754,0.029305
78270,0.002592,0.002017,0.028834
78280,0.005633,0.004196,0.040693
78290,0.005721,0.004353,0.033234
78300,0.000000,0.000000,0.000000
78310,0.006897,0.005340,0.032435
78320,0.006106,0.004528,0.032008
78330,0.010979,0.008346,0.057123
78340,0.002239,0.001727,0.038301
78350,0.001671,0.001269,0.016566
78360,0.003557,0.002607,0.027162
78370,0.000000,0.000000,0.000000
78380,0.004714,0.003990,0.030286
78390,0.000000,0.000000,0.000000
78400,0.006470,0.004916,0.032691
78410,0.001522,0.001207,0.025275
78420,0.003009,0.002353,0.013289
78430,0.000975,0.000778,0.005492
78440,0.000419,0.000365,0.021170
78450,0.000000,0.000000,0.000000
78460,0.002354,0.001827,0.018497
78470,0.000535,0.000418,0.010119
78480,0.002345,0.001977,0.030329
78490,0.000000,0.000000,0.000000
78500,0.003414,0.002722,0.028083
78510,0.003557,0.002718,0.028973
78520,0.000753,0.000554,0.020692
78530,0.002760,0.002079,0.023211
78540,0.000292,0.000231,0.042835
78550,0.003018,0.002619,0.021752
78560,0.000127,0.000074,0.128601
78570,0.000205,0.000151,0.043596
78580,0.004811,0.003900,0.028071
78590,0.001347,0.001041,0.009700
78600,0.003776,0.002781,0.034218
78610,0.000543,0.000317,0.029688
78620,0.007859,0.006297,0.033661
78630,0.001734,0.001219,0.025805
78640,0.001867,0.001484,0.010087
78650,0.000214,0.000133,0.058891
78660,0.000786,0.000502,0.025207
78670,0.001194,0.000856,0.021464
78680,0.003051,0.002260,0.028553
78690,0.003449,0.002744,0.029631
78700,0.000891,0.000671,0.025289
78710,0.000786,0.000510,0.009648
78720,0.000320,0.000245,0.034221
78730,0.003533,0.002617,0.018141
78740,0.000000,0.000000,0.000000
78750,0.001469,0.001184,0.009386
78760,0.000845,0.000607,0.037159
78770,0.002971,0.002352,0.023017
78780,0.001996,0.001410,0.038954
78790,0.000000,0.000000,0.000000
78800,0.003438,0.002739,0.029754
78810,0.005994,0.004606,0.034726
78820,0.001427,0.001059,0.012296
78830,0.001502,0.001098,0.011397
78840,0.003112,0.002298,0.028753
78850,0.000000,0.000000,0.000000
78860,0.003009,0.002553,0.017022
78870,0.006812,0.005275,0.034962
78880,0.000785,0.000697,0.017559
78890,0.004272,0.003264,0.034114
78900,0.000000,0.000000,0.000000
78910,0.000533,0.000531,0.006582
78920,0.001827,0.001452,0.030639
78930,0.000418,0.000288,0.044216
78940,0.001867,0.001619,0.007497
78950,0.001776,0.001387,0.017864
78960,0.000000,0.000000,0.000000
78970,0.006031,0.004817,0.031359
78980,0.000097,0.000103,0.209299
78990,0.002846,0.001991,0.035556
79000,0.002198,0.001695,0.022256
79010,0.004870,0.004133,0.017427
79020,0.004769,0.003718,0.029802
79030,0.003030,0.002364,0.027479
79040,0.000000,0.000000,0.000000
79050,0.001749,0.001319,0.018622
79060,0.004379,0.003284,0.028514
79070,0.001243,0.000926,0.020626
79080,0.009848,0.007510,0.048932
79090,0.000416,0.000265,0.017871
79100,0.000953,0.000745,0.004462
79110,0.000000,0.000000,0.000000
79120,0.000797,0.000541,0.003867
79130,0.004754,0.003828,0.021716
79140,0.001900,0.001272,0.045381
79150,0.001104,0.000865,0.016526
79160,0.001066,0.000796,0.006837
79170,0.000198,0.000173,0.030476
79180,0.006046,0.004781,0.036765
79190,0.003499,0.002729,0.023752
79200,0.002574,0.001920,0.019971
79210,0.000110,0.000071,0.019139
79220,0.000223,0.000116,0.051124
79230,0.000498,0.000322,0.031827
79240,0.004318,0.003431,0.030707
79250,0.000926,0.000671,0.009716
79260,0.005967,0.004583,0.026859
79270,0.000956,0.000769,0.008081
79280,0.004117,0.003583,0.022879
79290,0.001398,0.000986,0.025638
79300,0.000000,0.000000,0.000000
79310,0.001813,0.001324,0.010785
79320,0.001776,0.001455,0.017909
79330,0.000417,0.000251,0.027600
79340,0.001729,0.001319,0.023434
79350,0.000065,0.000056,0.012995
79360,0.000000,0.000000,0.000000
79370,0.000498,0.000339,0.015670
79380,0.005005,0.003885,0.028397
79390,0.003107,0.002433,0.027173
79400,0.009534,0.008296,0.047437
79410,0.003650,0.002675,0.032356
79420,0.006336,0.005077,0.026189
79430,0.000592,0.000355,0.037521
79440,0.000456,0.000350,0.003473
79450,0.005833,0.004283,0.038664
79460,0.003647,0.002917,0.021878
79470,0.002918,0.002217,0.032239
79480,0.004020,0.003075,0.029284
79490,0.000323,0.000247,0.010845
79500,0.003809,0.003176,0.028880
79510,0.000822,0.000618,0.031060
79520,0.001995,0.001557,0.007868
79530,0.000000,0.000000,0.000002
79540,0.001272,0.001087,0.007195
79550,0.002162,0.001806,0.008750
79560,0.001439,0.001079,0.018272
79570,0.003331,0.002583,0.025808
79580,0.005154,0.004170,0.032143
79590,0.001627,0.001218,0.020561
79600,0.001465,0.001077,0.033927
79610,0.000643,0.000478,0.008967
79620,0.010841,0.008550,0.047959
79630,0.000000,0.000000,0.000000
79640,0.002345,0.001842,0.015859
79650,0.005300,0.004051,0.031105
79660,0.004165,0.003262,0.026136
79670,0.003807,0.002726,0.052895
79680,0.001707,0.001324,0.022946
79690,0.007311,0.005861,0.034720
79700,0.000482,0.000305,0.017548
79710,0.002801,0.002119,0.021957
79720,0.005616,0.004626,0.024096
79730,0.000000,0.000000,0.000000
79740,0.001308,0.000944,0.022728
79750,0.002331,0.001770,0.011756
79760,0.005276,0.004011,0.032802
79770,0.001429,0.001053,0.022972
79780,0.006260,0.004797,0.031182
79790,0.001549,0.001212,0.008756
79800,0.000000,0.000000,0.000000
79810,0.000191,0.000128,0.000664
79820,0.000073,0.000049,0.005528
79830,0.000000,0.000000,0.000000
79840,0.004192,0.003354,0.027725
79850,0.001232,0.000964,0.012217
79860,0.001308,0.001009,0.018261
79870,0.008628,0.006934,0.041166
79880,0.001061,0.000771,0.013516
79890,0.003349,0.002706,0.027186
79900,0.002828,0.002468,0.012047
79910,0.000048,0.000039,0.085989
79920,0.000000,0.000000,0.000000
79930,0.000000,0.000000,0.000000
79940,0.006345,0.005177,0.032556
79950,0.000699,0.000608,0.008538
79960,0.001176,0.000760,0.070626
79970,0.001089,0.000707,0.058364
79980,0.007546,0.006094,0.037786
79990,0.001762,0.001091,0.025123
80000,0.008443,0.006330,0.041157
80010,0.006383,0.005078,0.035556
80020,0.003571,0.002655,0.028491
80030,0.007550,0.006248,0.033933
80040,0.002836,0.001999,0.030341
80050,0.000121,0.000073,0.024552
80060,0.000714,0.000521,0.010796
80070,0.002491,0.001931,0.023968
80080,0.003607,0.002732,0.025104
80090,0.000153,0.000103,0.000615
80100,0.004107,0.003167,0.028928
80110,0.008028,0.006335,0.033147
80120,0.003241,0.002495,0.016268
80130,0.003679,0.002771,0.018923
80140,0.008405,0.007010,0.041456
80150,0.007623,0.006652,0.039198
80160,0.000779,0.000530,0.027314
80170,0.001185,0.001031,0.006425
80180,0.000193,0.000120,0.132780
80190,0.004225,0.003310,0.028304
80200,0.000000,0.000000,0.000000
80210,0.000312,0.000246,0.008551
80220,0.000743,0.000523,0.021454
80230,0.003001,0.002275,0.034588
80240,0.000373,0.000287,0.006117
80250,0.001318,0.000837,0.035240
80260,0.008808,0.006970,0.038686
80270,0.004385,0.003276,0.031230
80280,0.000943,0.000774,0.004634
80290,0.000444,0.000330,0.002298
80300,0.002061,0.001622,0.042462
80310,0.006594,0.005308,0.035318
80320,0.000546,0.000338,0.041975
80330,0.002296,0.001877,0.017452
80340,0.004534,0.003766,0.028787
80350,0.002327,0.001908,0.019710
80360,0.003380,0.002516,0.032536
80370,0.007366,0.005925,0.036880
80380,0.008985,0.006612,0.055123
80390,0.004463,0.003551,0.021128
80400,0.000000,0.000000,0.000000
80410,0.006271,0.005230,0.027351
80420,0.000000,0.000000,0.000000
80430,0.002610,0.002017,0.032742
80440,0.005018,0.004077,0.030752
80450,0.006920,0.005314,0.036499
80460,0.000849,0.000625,0.015300
80470,0.001685,0.001254,0.014817
80480,0.002310,0.001722,0.019576
80490,0.003344,0.002775,0.018184
80500,0.003131,0.002487,0.020183
80510,0.001990,0.001617,0.008294
80520,0.000750,0.000458,0.028859
80530,0.006150,0.004629,0.036339
80540,0.003824,0.003155,0.016242
80550,0.004187,0.003480,0.017306
80560,0.006113,0.005472,0.028752
80570,0.001489,0.001220,0.010324
80580,0.001361,0.001029,0.015454
80590,0.008804,0.007006,0.040685
80600,0.000566,0.000413,0.026783
80610,0.000414,0.000298,0.007385
80620,0.001756,0.001263,0.014743
80630,0.000000,0.000000,0.000000
80640,0.002011,0.001548,0.025529
80650,0.006432,0.004668,0.039518
80660,0.002287,0.001999,0.010841
80670,0.001396,0.001165,0.014166
80680,0.000000,0.000000,0.000000
80690,0.002151,0.001678,0.009518
80700,0.002127,0.001624,0.013328
80710,0.004873,0.003746,0.027045
80720,0.000000,0.000000,0.000000
80730,0.001720,0.001136,0.022398
80740,0.000000,0.000000,0.000000
80750,0.000552,0.000418,0.006613
80760,0.002258,0.001840,0.012680
80770,0.002808,0.002326,0.010287
80780,0.002328,0.001728,0.026699
80790,0.001226,0.000866,0.033138
80800,0.000883,0.000760,0.040077
80810,0.000296,0.000239,0.021477
80820,0.007828,0.006304,0.044580
80830,0.002134,0.001446,0.023600
80840,0.007679,0.006113,0.038488
80850,0.000000,0.000000,0.000000
80860,0.003209,0.002397,0.027954
80870,0.005055,0.003736,0.035359
80880,0.004104,0.003299,0.025860
80890,0.000000,0.000000,0.000000
80900,0.003652,0.002666,0.026658
80910,0.001433,0.001193,0.016518
80920,0.000683,0.000521,0.038257
80930,0.001545,0.001153,0.022453
80940,0.000000,0.000000,0.000000
80950,0.003382,0.002607,0.023858
80960,0.000000,0.000000,0.000000
80970,0.007741,0.006030,0.039206
80980,0.001830,0.001276,0.027967
80990,0.002126,0.001643,0.021058
81000,0.001160,0.000898,0.034009
81010,0.003433,0.002690,0.023884
81020,0.005114,0.004129,0.021887
81030,0.000830,0.000547,0.080838
81040,0.003431,0.002551,0.026375
81050,0.001581,0.001357,0.008910
81060,0.000989,0.000765,0.025158
81070,0.004151,0.003390,0.031467
81080,0.005511,0.004043,0.043143
81090,0.000559,0.000407,0.023329
81100,0.005588,0.004489,0.032284
81110,0.000290,0.000285,0.016435
81120,0.005570,0.004390,0.041958
81130,0.000751,0.000573,0.006794
81140,0.000431,0.000250,0.052140
81150,0.001134,0.001122,0.011320
81160,0.001910,0.001493,0.020852
81170,0.000449,0.000326,0.006879
81180,0.003906,0.003161,0.025762
81190,0.001456,0.001206,0.015690
81200,0.000161,0.000121,0.005007
81210,0.008477,0.006968,0.033273
81220,0.004443,0.003359,0.022188
81230,0.000257,0.000194,0.006402
81240,0.004891,0.003306,0.025100
81250,0.003637,0.003021,0.031327
81260,0.004904,0.003932,0.022410
81270,0.003475,0.002382,0.018940
81280,0.003335,0.002287,0.033033
81290,0.000256,0.000209,0.005636
81300,0.000000,0.000000,0.000000
81310,0.001482,0.001058,0.021367
81320,0.001308,0.001051,0.008280
81330,0.001039,0.000860,0.007699
81340,0.000358,0.000276,0.004935
81350,0.003028,0.002364,0.027084
81360,0.000624,0.000390,0.060310
81370,0.003528,0.002654,0.027915
81380,0.008501,0.006822,0.039147
81390,0.000245,0.000194,0.001356
81400,0.001716,0.001328,0.019454
81410,0.002413,0.002029,0.017920
81420,0.001141,0.000819,0.039133
81430,0.003290,0.002516,0.026670
81440,0.004937,0.003861,0.035290
81450,0.003524,0.002774,0.013504
81460,0.000034,0.000029,0.115896
81470,0.003078,0.002637,0.020462
81480,0.000157,0.000115,0.018354
81490,0.009425,0.007588,0.044211
81500,0.003218,0.002620,0.021067
81510,0.004722,0.003741,0.027727
81520,0.003101,0.002503,0.023544
81530,0.000103,0.000069,0.028811
81540,0.002691,0.001987,0.022107
81550,0.001062,0.001071,0.010957
81560,0.000000,0.000000,0.000000
81570,0.000186,0.000116,0.070440
81580,0.000438,0.000373,0.002213
81590,0.003496,0.002739,0.023394
81600,0.002298,0.001758,0.010504
81610,0.006595,0.005326,0.031705
81620,0.005021,0.003928,0.025146
81630,0.002223,0.001877,0.007737
81640,0.002941,0.002253,0.026951
81650,0.005509,0.004427,0.024912
81660,0.006218,0.004853,0.027739
81670,0.000000,0.000000,0.000000
81680,0.005460,0.004385,0.034160
81690,0.000472,0.000352,0.041544
81700,0.002939,0.001960,0.035651
81710,0.000331,0.000186,0.032533
81720,0.002638,0.002300,0.023244
81730,0.001694,0.001420,0.007130
81740,0.000086,0.000064,0.024658
81750,0.004435,0.003453,0.031390
81760,0.001343,0.001033,0.021047
81770,0.003126,0.002577,0.018306
81780,0.004168,0.003347,0.015065
81790,0.001836,0.001506,0.008253
81800,0.001611,0.001408,0.008415
81810,0.000905,0.000624,0.033335
81820,0.005069,0.004224,0.022713
81830,0.006266,0.004778,0.032996
81840,0.002567,0.001973,0.026527
81850,0.000000,0.000000,0.000000
81860,0.001393,0.001019,0.005361
81870,0.002255,0.001712,0.019949
81880,0.004734,0.003743,0.027722
81890,0.001403,0.001137,0.006300
81900,0.001846,0.001224,0.011500
81910,0.000948,0.000830,0.023631
81920,0.001159,0.000685,0.041251
81930,0.000000,0.000000,0.000000
81940,0.000000,0.000000,0.000000
81950,0.000000,0.000007,0.000011
81960,0.000257,0.000196,0.003842
81970,0.003373,0.002702,0.024305
81980,0.002065,0.001542,0.009687
81990,0.000616,0.000447,0.038672
82000,0.001689,0.001348,0.022044
82010,0.006854,0.005676,0.042085
82020,0.001557,0.001310,0.012416
82030,0.000000,0.000000,0.000000
82040,0.000560,0.000423,0.013270
82050,0.003038,0.002469,0.037240
82060,0.000908,0.000645,0.007241
82070,0.002455,0.001781,0.032445
82080,0.000000,0.000000,0.000000
82090,0.001322,0.000957,0.040040
82100,0.000000,0.000000,0.000000
82110,0.006266,0.005127,0.025735
82120,0.006702,0.005384,0.048936
82130,0.000368,0.000215,0.003967
82140,0.000174,0.000070,0.024926
82150,0.007060,0.005989,0.034438
82160,0.002370,0.001677,0.021603
82170,0.000612,0.000360,0.167805
82180,0.002123,0.001678,0.019897
82190,0.003417,0.002635,0.032675
82200,0.000276,0.000157,0.015914
82210,0.003489,0.002792,0.021224
82220,0.006629,0.005108,0.041045
82230,0.003061,0.002341,0.015179
82240,0.010440,0.008765,0.047537
82250,0.000898,0.000682,0.012017
82260,0.000000,0.000000,0.000000
82270,0.003084,0.002362,0.023771
82280,0.006915,0.005586,0.036883
82290,0.001038,0.000832,0.025104
82300,0.000000,0.000000,0.000000
82310,0.001562,0.001073,0.040592
82320,0.004868,0.003471,0.038094
82330,0.000000,0.000000,0.000000
82340,0.000000,0.000000,0.000000
82350,0.002441,0.001798,0.025720
82360,0.003070,0.002382,0.043741
82370,0.001537,0.001253,0.016014
82380,0.001540,0.001311,0.023993
82390,0.001600,0.001233,0.018038
82400,0.007551,0.006200,0.031976
82410,0.000369,0.000264,0.031091
82420,0.000000,0.000000,0.000000
82430,0.000521,0.000381,0.011710
82440,0.002550,0.001946,0.022603
82450,0.000287,0.000207,0.004098
82460,0.003739,0.002920,0.021032
82470,0.003231,0.002522,0.028000
82480,0.001084,0.000825,0.018899
82490,0.002603,0.002087,0.018169
82500,0.003807,0.003083,0.018755
82510,0.000411,0.000311,0.002156
82520,0.002351,0.001842,0.030202
82530,0.005746,0.004532,0.029886
82540,0.000687,0.000435,0.007429
82550,0.000288,0.000214,0.014906
82560,0.000000,0.000000,0.000000
82570,0.000000,0.000000,0.000000
82580,0.000727,0.000565,0.012468
82590,0.000784,0.000514,0.035523
82600,0.005073,0.004130,0.026992
82610,0.001810,0.001294,0.024269
82620,0.006879,0.005230,0.035840
82630,0.000816,0.000616,0.027389
82640,0.000721,0.000568,0.010200
82650,0.001344,0.000998,0.017383
82660,0.000802,0.000342,0.066305
82670,0.000000,0.000000,0.000000
82680,0.002413,0.001888,0.021030
82690,0.000775,0.000650,0.015109
82700,0.000734,0.000631,0.010802
82710,0.000000,0.000000,0.000000
82720,0.002141,0.001655,0.022147
82730,0.000193,0.000259,0.656711
82740,0.000517,0.000401,0.043481
82750,0.002660,0.002170,0.015156
82760,0.000000,0.000000,0.000000
82770,0.003532,0.002707,0.024377
82780,0.002055,0.001534,0.021474
82790,0.000000,0.000000,0.000000
82800,0.004354,0.003709,0.020641
82810,0.006564,0.005772,0.029606
82820,0.000105,0.000065,0.031390
82830,0.002259,0.001664,0.023237
82840,0.007554,0.006012,0.038619
82850,0.002494,0.001979,0.010737
82860,0.003206,0.002366,0.027912
82870,0.005269,0.004039,0.031703
82880,0.004745,0.004156,0.022619
82890,0.002208,0.001643,0.020988
82900,0.003403,0.002081,0.035278
82910,0.000475,0.000312,0.006848
82920,0.000000,0.000000,0.000000
82930,0.000000,0.000000,0.000000
82940,0.007064,0.005278,0.047486
82950,0.000000,0.000000,0.000000
82960,0.000570,0.000446,0.021555
82970,0.001067,0.000734,0.036937
82980,0.000577,0.000488,0.003177
82990,0.001060,0.000961,0.006061
83000,0.000000,0.000000,0.000000
83010,0.000248,0.000193,0.048616
83020,0.002143,0.001579,0.016552
83030,0.001781,0.001370,0.016006
83040,0.003453,0.002683,0.019592
83050,0.006582,0.005111,0.041218
83060,0.000160,0.000125,0.001042
83070,0.001010,0.000767,0.018725
83080,0.000510,0.000359,0.019016
83090,0.000780,0.000674,0.006168
83100,0.000000,0.000000,0.000000
83110,0.001184,0.001021,0.005431
83120,0.001082,0.000694,0.058746
83130,0.000257,0.000182,0.028051
83140,0.000617,0.000473,0.022669
83150,0.006021,0.004642,0.028001
83160,0.004388,0.003436,0.030124
83170,0.001935,0.001496,0.014422
83180,0.000872,0.000841,0.005719
83190,0.005403,0.004067,0.034286
83200,0.005432,0.004322,0.034728
83210,0.000292,0.000183,0.021301
83220,0.001109,0.000862,0.012801
83230,0.006059,0.004688,0.032742
83240,0.000451,0.000292,0.018058
83250,0.002636,0.002135,0.016091
83260,0.000237,0.000211,0.004707
83270,0.003015,0.002373,0.024782
83280,0.000103,0.000072,0.170258
83290,0.004153,0.003220,0.030353
83300,0.012180,0.009488,0.058057
83310,0.003255,0.002661,0.024637
83320,0.013748,0.011911,0.041107
83330,0.001913,0.001536,0.021981
83340,0.002031,0.001555,0.009743
83350,0.002228,0.001818,0.015762
83360,0.000000,0.000000,0.000000
83370,0.008772,0.006752,0.039112
83380,0.000808,0.000666,0.007344
83390,0.004146,0.003307,0.027753
83400,0.003303,0.002538,0.024021
83410,0.002970,0.002209,0.043977
83420,0.002210,0.001811,0.019191
83430,0.001107,0.000812,0.017358
83440,0.000730,0.000543,0.035765
83450,0.001392,0.001009,0.032759
83460,0.000747,0.000545,0.028499
83470,0.000135,0.000115,0.012099
83480,0.002968,0.002266,0.024353
83490,0.000676,0.000519,0.012543
83500,0.004896,0.003533,0.032948
83510,0.000753,0.000517,0.069305
83520,0.000227,0.000157,0.013660
83530,0.004961,0.003923,0.031495
83540,0.006479,0.005457,0.030210
83550,0.000846,0.000623,0.017169
83560,0.004316,0.003308,0.025832
83570,0.008936,0.006954,0.047302
83580,0.004199,0.003314,0.027547
83590,0.000501,0.000441,0.020658
83600,0.014074,0.011234,0.046943
83610,0.000000,0.000000,0.000000
83620,0.003964,0.003185,0.026970
83630,0.002225,0.001936,0.012379
83640,0.001703,0.001118,0.007562
83650,0.001341,0.001042,0.016265
83660,0.000104,0.000076,0.042449
83670,0.003294,0.002443,0.024270
83680,0.003617,0.002464,0.036892
83690,0.000105,0.000062,0.037201
83700,0.005352,0.004455,0.031405
83710,0.002118,0.001704,0.021799
83720,0.006151,0.004845,0.031268
83730,0.000390,0.000324,0.008354
83740,0.001467,0.001087,0.022460
83750,0.001129,0.000888,0.015154
83760,0.000141,0.000069,0.058973
83770,0.005081,0.004302,0.026062
83780,0.004369,0.003581,0.028406
83790,0.001958,0.001424,0.034435
83800,0.002590,0.001896,0.023889
83810,0.000687,0.000473,0.050897
83820,0.004420,0.003512,0.029611
83830,0.000452,0.000334,0.013051
83840,0.003203,0.002756,0.016164
83850,0.000930,0.000675,0.040089
83860,0.000000,0.000000,0.000000
83870,0.006434,0.005110,0.031514
83880,0.000522,0.000399,0.002030
83890,0.000393,0.000251,0.022720
83900,0.000902,0.000720,0.013917
83910,0.001591,0.001091,0.026624
83920,0.000000,0.000000,0.000000
83930,0.006277,0.004737,0.031651
83940,0.004214,0.003258,0.025534
83950,0.001565,0.001332,0.026433
83960,0.005180,0.004165,0.019315
83970,0.000305,0.000186,0.028501
83980,0.003785,0.002991,0.024282
83990,0.002354,0.001883,0.023398
84000,0.001447,0.001181,0.031188
84010,0.005260,0.004381,0.027442
84020,0.003187,0.002536,0.014651
84030,0.004839,0.004117,0.020568
84040,0.000000,0.000000,0.000000
84050,0.003351,0.002518,0.022962
84060,0.007470,0.006023,0.037519
84070,0.002672,0.002218,0.012805
84080,0.000000,0.000000,0.000000
84090,0.004228,0.003412,0.028599
84100,0.007750,0.005917,0.038867
84110,0.000607,0.000524,0.002983
84120,0.002910,0.002276,0.028037
84130,0.001141,0.001052,0.113637
84140,0.002067,0.001715,0.028885
84150,0.002027,0.001395,0.040368
84160,0.001353,0.001076,0.017012
84170,0.000259,0.000154,0.040318
84180,0.000041,0.000066,0.656358
84190,0.003569,0.002745,0.023495
84200,0.000951,0.000744,0.010757
84210,0.002539,0.002187,0.015520
84220,0.000518,0.000440,0.009757
84230,0.000000,0.000000,0.000000
84240,0.000750,0.000509,0.019964
84250,0.000174,0.000108,0.033759
84260,0.000086,0.000062,0.006442
84270,0.002275,0.001687,0.026171
84280,0.000000,0.000000,0.000000
84290,0.000000,0.000015,0.000018
84300,0.002243,0.001618,0.026058
84310,0.000000,0.000000,0.000000
84320,0.003280,0.002644,0.021484
84330,0.006344,0.004994,0.035131
84340,0.000923,0.000848,0.018398
84350,0.003737,0.003031,0.018669
84360,0.002553,0.002000,0.019924
84370,0.006177,0.004919,0.033084
84380,0.000383,0.000249,0.018562
84390,0.004747,0.003722,0.028799
84400,0.001268,0.000924,0.021108
84410,0.000565,0.000467,0.012623
84420,0.000000,0.000000,0.000000
84430,0.000738,0.000600,0.007548
84440,0.005064,0.004178,0.021103
84450,0.003028,0.002479,0.017069
84460,0.000000,0.000000,0.000000
84470,0.004319,0.003265,0.031620
84480,0.003276,0.002528,0.027316
84490,0.002682,0.002309,0.017455
84500,0.000957,0.000709,0.017666
84510,0.001359,0.000972,0.019442
84520,0.000070,0.000050,0.141797
84530,0.012023,0.009439,0.047394
84540,0.006754,0.005497,0.038035
84550,0.000844,0.000724,0.013478
84560,0.002395,0.002044,0.014130
84570,0.004794,0.003714,0.028104
84580,0.005798,0.004548,0.032363
84590,0.005790,0.004463,0.026783
84600,0.000847,0.000800,0.007801
84610,0.001572,0.001202,0.011718
84620,0.000000,0.000000,0.000000
84630,0.005613,0.004501,0.029442
84640,0.001888,0.001442,0.020160
84650,0.004982,0.003864,0.031029
84660,0.002450,0.001865,0.024173
84670,0.000524,0.000320,0.003500
84680,0.004337,0.003385,0.025732
84690,0.000000,0.000000,0.000000
84700,0.000696,0.000591,0.018098
84710,0.004492,0.003570,0.027425
84720,0.000997,0.000871,0.006684
84730,0.000225,0.000140,0.028685
84740,0.000607,0.000504,0.007387
84750,0.003904,0.002874,0.022466
84760,0.000000,0.000000,0.000000
84770,0.000492,0.000343,0.003776
84780,0.002707,0.002000,0.025064
84790,0.001405,0.000964,0.011183
84800,0.001412,0.001024,0.020888
84810,0.003076,0.002425,0.021307
84820,0.000418,0.000309,0.017801
84830,0.004966,0.004024,0.033141
84840,0.000123,0.000098,0.004492
84850,0.004341,0.003523,0.028340
84860,0.004829,0.003840,0.030641
84870,0.006084,0.004425,0.036543
84880,0.001227,0.001043,0.009763
84890,0.003173,0.002758,0.026707
84900,0.004293,0.003011,0.030556
84910,0.003029,0.001871,0.050343
84920,0.001403,0.001261,0.015704
84930,0.002991,0.002197,0.026623
84940,0.000000,0.000000,0.000000
84950,0.000737,0.000592,0.013977
84960,0.001784,0.001439,0.018102
84970,0.000736,0.000568,0.007655
84980,0.001854,0.001636,0.015376
84990,0.002968,0.002284,0.023124
85000,0.005234,0.004088,0.034073
85010,0.000000,0.000000,0.000000
85020,0.002667,0.002267,0.023856
85030,0.002024,0.001799,0.011762
85040,0.001694,0.001272,0.018839
85050,0.000000,0.000000,0.000000
85060,0.000185,0.000108,0.062656
85070,0.000000,0.000000,0.000000
85080,0.005385,0.004362,0.030009
85090,0.000000,0.000000,0.000000
85100,0.000112,0.000085,0.018207
85110,0.006213,0.004729,0.029159
85120,0.001835,0.001553,0.008439
85130,0.002114,0.001752,0.011396
85140,0.000139,0.000109,0.018084
85150,0.003851,0.003141,0.019409
85160,0.001610,0.000986,0.081342
85170,0.000664,0.000566,0.005031
85180,0.003206,0.002625,0.014669
85190,0.000000,0.000000,0.000000
85200,0.003745,0.003091,0.022907
85210,0.005350,0.004346,0.023709
85220,0.000454,0.000354,0.027741
85230,0.001236,0.001099,0.011237
85240,0.004142,0.003064,0.032673
85250,0.003389,0.002714,0.013420
85260,0.004742,0.004133,0.017918
85270,0.000163,0.000104,0.025095
85280,0.001053,0.000796,0.016393
85290,0.001275,0.000977,0.021211
85300,0.003430,0.002742,0.021521
85310,0.000000,0.000000,0.000000
85320,0.003068,0.002376,0.023426
85330,0.000410,0.000316,0.053846
85340,0.002441,0.001828,0.022548
85350,0.003644,0.002770,0.026995
85360,0.001948,0.001440,0.028415
85370,0.000472,0.000349,0.009129
85380,0.000616,0.000489,0.004494
85390,0.001955,0.001485,0.023603
85400,0.001554,0.001259,0.005913
85410,0.004895,0.003454,0.042539
85420,0.000334,0.000273,0.021331
85430,0.000153,0.000102,0.019466
85440,0.001274,0.001008,0.022248
85450,0.000324,0.000247,0.004396
85460,0.001416,0.000816,0.059900
85470,0.000336,0.000290,0.008565
85480,0.001383,0.001199,0.007348
85490,0.000388,0.000262,0.656912
85500,0.001066,0.000674,0.036115
85510,0.004662,0.003751,0.032321
85520,0.000927,0.000854,0.019122
85530,0.006621,0.005376,0.036823
85540,0.004743,0.003685,0.029422
85550,0.000889,0.000744,0.007106
85560,0.007800,0.006464,0.041069
85570,0.004407,0.003441,0.029880
85580,0.003184,0.002588,0.016268
85590,0.000933,0.000715,0.040815
85600,0.002624,0.001999,0.013591
85610,0.000000,0.000000,0.000000
85620,0.000000,0.000000,0.000000
85630,0.000000,0.000000,0.000000
85640,0.000105,0.000068,0.189578
85650,0.003026,0.002445,0.029778
85660,0.004103,0.003038,0.027936
85670,0.000591,0.000500,0.025775
85680,0.002334,0.001718,0.036411
85690,0.000960,0.000656,0.027182
85700,0.002155,0.001554,0.014740
85710,0.000908,0.000698,0.003820
85720,0.000000,0.000002,0.000004
85730,0.003995,0.002483,0.043884
85740,0.000253,0.000217,0.009699
85750,0.000725,0.000522,0.031856
85760,0.000500,0.000362,0.010936
85770,0.003925,0.002764,0.045226
85780,0.001449,0.001023,0.017358
85790,0.001235,0.000914,0.025137
85800,0.001763,0.001430,0.026104
85810,0.007323,0.006277,0.030638
85820,0.001179,0.000815,0.015725
85830,0.001848,0.001505,0.007888
85840,0.000000,0.000000,0.000000
85850,0.001697,0.001541,0.013757
85860,0.003132,0.002530,0.024798
85870,0.001305,0.000897,0.012968
85880,0.003003,0.002321,0.014238
85890,0.003881,0.003398,0.016478
85900,0.001297,0.000916,0.017305
85910,0.007879,0.006694,0.037836
85920,0.002918,0.002245,0.024379
85930,0.006511,0.005282,0.034001
85940,0.000117,0.000116,0.656477
85950,0.002920,0.002165,0.032128
85960,0.006079,0.005031,0.027444
85970,0.007827,0.006516,0.039428
85980,0.003610,0.002952,0.021147
85990,0.000361,0.000233,0.045367
86000,0.000000,0.000000,0.000000
86010,0.006693,0.005450,0.029907
86020,0.000040,0.000034,0.014665
86030,0.003572,0.002686,0.030838
86040,0.000603,0.000491,0.011760
86050,0.001472,0.001174,0.015141
86060,0.002497,0.002026,0.018158
86070,0.001389,0.000976,0.014357
86080,0.000000,0.000000,0.000000
86090,0.000676,0.000613,0.012451
86100,0.000868,0.000665,0.015948
86110,0.007998,0.006568,0.041461
86120,0.000000,0.000000,0.000000
86130,0.000646,0.000529,0.018973
86140,0.001487,0.001203,0.010060
86150,0.001112,0.000871,0.005467
86160,0.000866,0.000699,0.054269
86170,0.000379,0.000413,0.031266
86180,0.000000,0.000000,0.000000
86190,0.000285,0.000191,0.009843
86200,0.000000,0.000000,0.000000
86210,0.003874,0.002991,0.027993
86220,0.001337,0.001170,0.021343
86230,0.004019,0.002952,0.033841
86240,0.000094,0.000082,0.011407
86250,0.000940,0.000809,0.017295
86260,0.003153,0.002169,0.037377
86270,0.000271,0.000173,0.002873
86280,0.001565,0.001275,0.021494
86290,0.003663,0.003012,0.018868
86300,0.001161,0.000920,0.014967
86310,0.000000,0.000000,0.000000
86320,0.002258,0.001885,0.018087
86330,0.001371,0.000985,0.031652
86340,0.000160,0.000178,0.006922
86350,0.001006,0.000906,0.004581
86360,0.003511,0.002687,0.026691
86370,0.001703,0.001317,0.023743
86380,0.000922,0.000685,0.020003
86390,0.001636,0.001219,0.014733
86400,0.007590,0.006337,0.032808
86410,0.002038,0.001597,0.013951
86420,0.006166,0.004870,0.030138
86430,0.000000,0.000000,0.000000
86440,0.006186,0.004838,0.033441
86450,0.001774,0.001385,0.022172
86460,0.004213,0.003269,0.024673
86470,0.000852,0.000672,0.026161
86480,0.004648,0.003776,0.019033
86490,0.002157,0.001667,0.012548
86500,0.004772,0.003829,0.028435
86510,0.000000,0.000000,0.000000
86520,0.001200,0.001059,0.005680
86530,0.000045,0.000039,0.109862
86540,0.002743,0.002081,0.025456
86550,0.001755,0.001202,0.030055
86560,0.003491,0.002718,0.015628
86570,0.004376,0.003404,0.032416
86580,0.000000,0.000000,0.000000
86590,0.000000,0.000000,0.000000
86600,0.001722,0.001274,0.015627
86610,0.002614,0.001889,0.026843
86620,0.005288,0.004105,0.034674
86630,0.000115,0.000108,0.002914
86640,0.002587,0.001954,0.022636
86650,0.007972,0.006341,0.039725
86660,0.000255,0.000153,0.030733
86670,0.018204,0.015458,0.054288
86680,0.007371,0.006062,0.029252
86690,0.005128,0.004274,0.020486
86700,0.000568,0.000411,0.036822
86710,0.005089,0.003624,0.032986
86720,0.000619,0.000469,0.007180
86730,0.000626,0.000520,0.007410
86740,0.000655,0.000561,0.028934
86750,0.008448,0.006559,0.043858
86760,0.005373,0.004103,0.033756
86770,0.000470,0.000334,0.019364
86780,0.003996,0.003270,0.022993
86790,0.000564,0.000414,0.022300
86800,0.000649,0.000376,0.023410
86810,0.000381,0.000303,0.009202
86820,0.000075,0.000054,0.161753
86830,0.000000,0.000000,0.000000
86840,0.000784,0.000550,0.032825
86850,0.004420,0.003624,0.028858
86860,0.001793,0.001436,0.013166
86870,0.000000,0.000000,0.000000
86880,0.009753,0.007985,0.036390
86890,0.001838,0.001475,0.012320
86900,0.000000,0.000000,0.000000
86910,0.003957,0.003224,0.022791
86920,0.000708,0.000472,0.029107
86930,0.001844,0.001386,0.021204
86940,0.003013,0.002281,0.022336
86950,0.004331,0.003404,0.027006
86960,0.000094,0.000108,0.656357
86970,0.003441,0.002720,0.025176
86980,0.001377,0.000990,0.020104
86990,0.001488,0.001118,0.017506
87000,0.000030,0.000026,0.022905
87010,0.000064,0.000036,0.160448
87020,0.002194,0.001716,0.013109
87030,0.001703,0.001331,0.013776
87040,0.001629,0.001131,0.011891
87050,0.004081,0.003336,0.021343
87060,0.000000,0.000000,0.000000
87070,0.001530,0.001370,0.006496
87080,0.000000,0.000000,0.000000
87090,0.000361,0.000291,0.007539
87100,0.000000,0.000000,0.000000
87110,0.000235,0.000189,0.009033
87120,0.001126,0.000848,0.010006
87130,0.001086,0.000792,0.006049
87140,0.000000,0.000000,0.000000
87150,0.001955,0.001607,0.021730
87160,0.000000,0.000000,0.000000
87170,0.000732,0.000549,0.006435
87180,0.000726,0.000516,0.004685
87190,0.005180,0.003999,0.036922
87200,0.002242,0.001752,0.021560
87210,0.004130,0.003139,0.026953
87220,0.000172,0.000123,0.004535
87230,0.000000,0.000000,0.000000
87240,0.000265,0.000277,0.015325
87250,0.000000,0.000000,0.000000
87260,0.005610,0.004502,0.028778
87270,0.006751,0.005136,0.034096
87280,0.005169,0.004029,0.034308
87290,0.004762,0.003773,0.034388
87300,0.003817,0.002936,0.025363
87310,0.003095,0.001907,0.044438
87320,0.000732,0.000624,0.017869
87330,0.001352,0.001047,0.029865
87340,0.000792,0.000610,0.018358
87350,0.004514,0.004422,0.027435
87360,0.001481,0.001105,0.029937
87370,0.000672,0.000602,0.032771
87380,0.000000,0.000000,0.000000
87390,0.001935,0.001744,0.015306
87400,0.000000,0.000000,0.000000
87410,0.000539,0.000444,0.006466
87420,0.003191,0.002684,0.020552
87430,0.000701,0.000591,0.009945
87440,0.000000,0.000000,0.000000
87450,0.000649,0.000534,0.007387
87460,0.000167,0.000126,0.021854
87470,0.001967,0.001677,0.023447
87480,0.001075,0.000728,0.020395
87490,0.001535,0.001119,0.031654
87500,0.001405,0.001070,0.018146
87510,0.002784,0.002278,0.011395
87520,0.001260,0.000972,0.005956
87530,0.002637,0.002168,0.015909
87540,0.002710,0.002323,0.013397
87550,0.003416,0.002781,0.019519
87560,0.000746,0.000564,0.004920
87570,0.000219,0.000162,0.014604
87580,0.000160,0.000131,0.004403
87590,0.000064,0.000046,0.113825
87600,0.005443,0.004365,0.029115
87610,0.004319,0.003377,0.025349
87620,0.000569,0.000486,0.012318
87630,0.000148,0.000113,0.020436
87640,0.000746,0.000582,0.005844
87650,0.002105,0.001654,0.021514
87660,0.004558,0.003694,0.025280
87670,0.001411,0.001086,0.024486
87680,0.001366,0.001080,0.031012
87690,0.000142,0.000111,0.019463
87700,0.000000,0.000000,0.000000
87710,0.000000,0.000000,0.000000
87720,0.000000,0.000000,0.000000
87730,0.002071,0.001603,0.026646
87740,0.002896,0.002250,0.022808
87750,0.003595,0.002895,0.024126
87760,0.006190,0.005022,0.026383
87770,0.002233,0.001796,0.022556
87780,0.002967,0.002150,0.029216
87790,0.003382,0.002504,0.029143
87800,0.002915,0.002526,0.017524
87810,0.000000,0.000000,0.000000
87820,0.002911,0.002255,0.014736
87830,0.000646,0.000588,0.006112
87840,0.002743,0.001998,0.033056
87850,0.006892,0.005588,0.034062
87860,0.001590,0.001155,0.015713
87870,0.001270,0.000956,0.013754
87880,0.000000,0.000000,0.000000
87890,0.000557,0.000443,0.023636
87900,0.002447,0.001809,0.024580
87910,0.000000,0.000000,0.000000
87920,0.000000,0.000000,0.000000
87930,0.002261,0.001601,0.029794
87940,0.007530,0.006079,0.033167
87950,0.000520,0.000365,0.019035
87960,0.003496,0.002828,0.019016
87970,0.003717,0.002974,0.016736
87980,0.002342,0.001738,0.022298
87990,0.001230,0.000993,0.005659
88000,0.007424,0.005843,0.035798
88010,0.000918,0.000609,0.021588
88020,0.000000,0.000000,0.000000
88030,0.002399,0.001840,0.023113
88040,0.003678,0.002918,0.018989
88050,0.002754,0.002108,0.025828
88060,0.008133,0.006639,0.036888
88070,0.000412,0.000325,0.029763
88080,0.002473,0.001902,0.024016
88090,0.003705,0.002917,0.020943
88100,0.000339,0.000243,0.030181
88110,0.001840,0.001393,0.018458
88120,0.000046,0.000037,0.032396
88130,0.000659,0.000522,0.021534
88140,0.006349,0.005174,0.026192
88150,0.002161,0.001681,0.025763
88160,0.000185,0.000061,0.443371
88170,0.000127,0.000108,0.007133
88180,0.000633,0.000480,0.028363
88190,0.000000,0.000000,0.000000
88200,0.002591,0.001915,0.035043
88210,0.008490,0.006874,0.040840
88220,0.000183,0.000148,0.008270
88230,0.003039,0.002230,0.029566
88240,0.001731,0.001386,0.020968
88250,0.007314,0.005969,0.035528
88260,0.000000,0.000000,0.000000
88270,0.000119,0.000079,0.039344
88280,0.000464,0.000289,0.042366
88290,0.001229,0.000997,0.009221
88300,0.000351,0.000273,0.028910
88310,0.000572,0.000561,0.003055
88320,0.002942,0.002266,0.040094
88330,0.005294,0.004404,0.023501
88340,0.000000,0.000000,0.000000
88350,0.004651,0.003897,0.020286
88360,0.006418,0.004751,0.028398
88370,0.007982,0.006392,0.040062
88380,0.000116,0.000096,0.002956
88390,0.002450,0.001582,0.088254
88400,0.001719,0.001277,0.035731
88410,0.000898,0.000790,0.006757
88420,0.009536,0.007748,0.040249
88430,0.003678,0.002622,0.034271
88440,0.005459,0.004367,0.033780
88450,0.003003,0.002235,0.024359
88460,0.000722,0.000491,0.017401
88470,0.000000,0.000000,0.000000
88480,0.000605,0.000458,0.003675
88490,0.000278,0.000267,0.006849
88500,0.004926,0.003993,0.026842
88510,0.005970,0.004071,0.062390
88520,0.003191,0.002449,0.013161
88530,0.001309,0.001026,0.014283
88540,0.000709,0.000474,0.084394
88550,0.005241,0.004325,0.026422
88560,0.002744,0.002242,0.021882
88570,0.001622,0.001354,0.009432
88580,0.001859,0.001177,0.063022
88590,0.003931,0.003058,0.026205
88600,0.003014,0.002451,0.015845
88610,0.002308,0.001801,0.020760
88620,0.003626,0.002583,0.033365
88630,0.001105,0.000903,0.010103
88640,0.000757,0.000564,0.041941
88650,0.002092,0.001785,0.010897
88660,0.000136,0.000102,0.035702
88670,0.006256,0.004697,0.036371
88680,0.003530,0.002566,0.039629
88690,0.000499,0.000378,0.030570
88700,0.005737,0.004800,0.028859
88710,0.001514,0.001064,0.020759
88720,0.000600,0.000425,0.015631
88730,0.003301,0.002490,0.015060
88740,0.001219,0.000904,0.035992
88750,0.001108,0.000909,0.005697
88760,0.003418,0.002387,0.026094
88770,0.001570,0.001145,0.024943
88780,0.000391,0.000234,0.026859
88790,0.000804,0.000558,0.012940
88800,0.004736,0.003749,0.032988
88810,0.003789,0.003017,0.024610
88820,0.000277,0.000226,0.075537
88830,0.002125,0.001788,0.009384
88840,0.004330,0.003458,0.028320
88850,0.000155,0.000099,0.015809
88860,0.003172,0.002611,0.025719
88870,0.000929,0.000677,0.026569
88880,0.004445,0.003668,0.030134
88890,0.000000,0.000000,0.000000
88900,0.001413,0.001247,0.007047
88910,0.000000,0.000000,0.000000
88920,0.003383,0.002709,0.027496
88930,0.003134,0.002235,0.009846
88940,0.000000,0.000000,0.000000
88950,0.006862,0.005356,0.032056
88960,0.000577,0.000408,0.006604
88970,0.000217,0.000169,0.050516
88980,0.001980,0.001485,0.032275
88990,0.000000,0.000000,0.000000
89000,0.000122,0.000123,0.024390
89010,0.000948,0.000758,0.004847
89020,0.000968,0.000742,0.015263
89030,0.000146,0.000077,0.051636
89040,0.004194,0.003300,0.028038
89050,0.002496,0.002030,0.014088
89060,0.000000,0.000000,0.000000
89070,0.000624,0.000451,0.040285
89080,0.001318,0.000982,0.012415
89090,0.001010,0.000794,0.014659
89100,0.001118,0.000859,0.010869
89110,0.001127,0.000825,0.022183
89120,0.003254,0.002608,0.026402
89130,0.002836,0.002183,0.022699
89140,0.004331,0.003761,0.033351
89150,0.000744,0.000606,0.018750
89160,0.005068,0.004188,0.031086
89170,0.004191,0.003118,0.031131
89180,0.002054,0.001576,0.030131
89190,0.002862,0.002323,0.020233
89200,0.000131,0.000084,0.013503
89210,0.007395,0.006197,0.035547
89220,0.004352,0.003531,0.025266
89230,0.002865,0.002180,0.025747
89240,0.000657,0.000512,0.021989
89250,0.002955,0.002251,0.024304
89260,0.000231,0.000275,0.030721
89270,0.000782,0.000523,0.006333
89280,0.001627,0.001357,0.017994
89290,0.002891,0.002127,0.025661
89300,0.004488,0.003578,0.021821
89310,0.005932,0.004776,0.033196
89320,0.000514,0.000350,0.040194
89330,0.007604,0.006156,0.033523
89340,0.001908,0.001681,0.010500
89350,0.000000,0.000000,0.000000
89360,0.000542,0.000416,0.013279
89370,0.005126,0.004203,0.020501
89380,0.004305,0.003364,0.026309
89390,0.001152,0.000865,0.010472
89400,0.000599,0.000484,0.011606
89410,0.000000,0.000000,0.000000
89420,0.006292,0.005128,0.033859
89430,0.003494,0.002616,0.026146
89440,0.000469,0.000346,0.008039
89450,0.005436,0.004020,0.038325
89460,0.000000,0.000000,0.000000
89470,0.002783,0.002120,0.021501
89480,0.001535,0.001267,0.012748
89490,0.000000,0.000000,0.000000
89500,0.000176,0.000126,0.012630
89510,0.006216,0.005101,0.032298
89520,0.004211,0.003167,0.032286
89530,0.000187,0.000152,0.020590
89540,0.000000,0.000000,0.000000
89550,0.000318,0.000206,0.045526
89560,0.000000,0.000000,0.000000
89570,0.004483,0.003659,0.022954
89580,0.001072,0.000629,0.073038
89590,0.001453,0.001179,0.016942
89600,0.000854,0.000660,0.008981
89610,0.000000,0.000000,0.000000
89620,0.002215,0.001490,0.028818
89630,0.000852,0.000677,0.004973
89640,0.004588,0.003577,0.019548
89650,0.000000,0.000000,0.000000
89660,0.000838,0.000632,0.014004
89670,0.000637,0.000529,0.011878
89680,0.004137,0.003191,0.028504
89690,0.000670,0.000476,0.034122
89700,0.000677,0.000547,0.010415
89710,0.000000,0.000000,0.000000
89720,0.000874,0.000627,0.042591
89730,0.005176,0.004128,0.033638
89740,0.002623,0.002217,0.021060
89750,0.001061,0.000834,0.015130
89760,0.000000,0.000000,0.000000
89770,0.002258,0.001795,0.015751
89780,0.003725,0.003069,0.027004
89790,0.003184,0.002455,0.023651
89800,0.003434,0.002797,0.023063
89810,0.000000,0.000000,0.000000
89820,0.000730,0.000488,0.002605
89830,0.003361,0.002523,0.056589
89840,0.000194,0.000126,0.041684
89850,0.000739,0.000522,0.020844
89860,0.000466,0.000347,0.011933
89870,0.000994,0.000825,0.019110
89880,0.002990,0.002435,0.017044
89890,0.000000,0.000000,0.000000
89900,0.002154,0.001657,0.022489
89910,0.000764,0.000483,0.003574
89920,0.000061,0.000063,0.645044
89930,0.000491,0.000468,0.007343
89940,0.000000,0.000000,0.000000
89950,0.003861,0.003042,0.019477
89960,0.003453,0.002633,0.023192
89970,0.002767,0.002206,0.010694
89980,0.002671,0.002093,0.023819
89990,0.002731,0.002176,0.020451
90000,0.001458,0.001029,0.022021
90010,0.003724,0.002856,0.028422
90020,0.000735,0.000663,0.003282
90030,0.003339,0.002668,0.041725
90040,0.001602,0.001260,0.013908
90050,0.005517,0.004211,0.032956
90060,0.001757,0.001313,0.024716
90070,0.004807,0.003780,0.032837
90080,0.000368,0.000270,0.012261
90090,0.004227,0.003305,0.032118
90100,0.004323,0.003504,0.027071
90110,0.000000,0.000000,0.000000
90120,0.000898,0.000731,0.006314
90130,0.003821,0.002968,0.021230
90140,0.006207,0.004954,0.033133
90150,0.000000,0.000000,0.000000
90160,0.006103,0.004879,0.039979
90170,0.001212,0.000676,0.059824
90180,0.003627,0.002812,0.026722
90190,0.000146,0.000116,0.010485
90200,0.010027,0.008241,0.045125
90210,0.005223,0.004437,0.016088
90220,0.000235,0.000190,0.030775
90230,0.000805,0.000634,0.013602
90240,0.004497,0.003530,0.034533
90250,0.000555,0.000480,0.003203
90260,0.006748,0.005443,0.037233
90270,0.003420,0.002600,0.018955
90280,0.000278,0.000183,0.040315
90290,0.001248,0.000898,0.018999
90300,0.007224,0.005865,0.035624
90310,0.000893,0.000736,0.003433
90320,0.002642,0.001920,0.024855
90330,0.000000,0.000000,0.000000
90340,0.000678,0.000409,0.037583
90350,0.000779,0.000677,0.010191
90360,0.001690,0.001208,0.009674
90370,0.007981,0.006460,0.037338
90380,0.001211,0.001046,0.007986
90390,0.002424,0.002090,0.017935
90400,0.001580,0.001176,0.020819
90410,0.001696,0.001670,0.007609
90420,0.002498,0.001920,0.025877
90430,0.003933,0.003270,0.017886
90440,0.000703,0.000657,0.012351
90450,0.012278,0.009776,0.046412
90460,0.005390,0.004335,0.031611
90470,0.000630,0.000418,0.028149
90480,0.003051,0.002364,0.028502
90490,0.002562,0.002009,0.047754
90500,0.000098,0.000083,0.650510
90510,0.000800,0.000584,0.008660
90520,0.002224,0.001634,0.020772
90530,0.002177,0.001824,0.022045
90540,0.001761,0.001411,0.009434
90550,0.002684,0.002066,0.020832
90560,0.003680,0.002931,0.026690
90570,0.004021,0.002973,0.030916
90580,0.004439,0.003391,0.029992
90590,0.000619,0.000416,0.056158
90600,0.005642,0.004265,0.037480
90610,0.001935,0.001476,0.018207
90620,0.000469,0.000373,0.014037
90630,0.000473,0.000373,0.019933
90640,0.000001,0.000000,0.000002
90650,0.000000,0.000000,0.000000
90660,0.005082,0.004109,0.028574
90670,0.000781,0.000571,0.010337
90680,0.001042,0.000736,0.021150
90690,0.007444,0.006007,0.040303
90700,0.000000,0.000000,0.000000
90710,0.002928,0.002329,0.022753
90720,0.004164,0.003193,0.029293
90730,0.000444,0.000324,0.035140
90740,0.008873,0.007124,0.040180
90750,0.001126,0.000734,0.044134
90760,0.000632,0.000497,0.006370
90770,0.001459,0.001202,0.005594
90780,0.000000,0.000000,0.000000
90790,0.002932,0.002099,0.025752
90800,0.004641,0.003946,0.027347
90810,0.001050,0.000844,0.017331
90820,0.000594,0.000463,0.004224
90830,0.006740,0.005307,0.030810
90840,0.002961,0.002414,0.027140
90850,0.004863,0.003907,0.031442
90860,0.001179,0.000991,0.005669
90870,0.006068,0.004988,0.026306
90880,0.002010,0.001562,0.021704
90890,0.002101,0.001694,0.016839
90900,0.000000,0.000000,0.000000
90910,0.000000,0.000000,0.000000
90920,0.005758,0.004536,0.036464
90930,0.002637,0.001997,0.024203
90940,0.001324,0.000939,0.025505
90950,0.001374,0.001170,0.009656
90960,0.004510,0.003720,0.028015
90970,0.000069,0.000057,0.202409
90980,0.000278,0.000202,0.032615
90990,0.000411,0.000281,0.031215
91000,0.010072,0.008064,0.041096
91010,0.005614,0.004301,0.037180
91020,0.002282,0.001742,0.021357
91030,0.000000,0.000000,0.000000
91040,0.001144,0.000834,0.029239
91050,0.001468,0.001020,0.044721
91060,0.006563,0.005052,0.034239
91070,0.000000,0.000000,0.000000
91080,0.001527,0.001303,0.009745
91090,0.006063,0.004877,0.030450
91100,0.006280,0.004951,0.032685
91110,0.008902,0.007118,0.040932
91120,0.001720,0.001418,0.009392
91130,0.002029,0.001427,0.024487
91140,0.003020,0.002512,0.018822
91150,0.001055,0.000783,0.018971
91160,0.001038,0.000845,0.009739
91170,0.000795,0.000593,0.033049
91180,0.000061,0.000049,0.105710
91190,0.000210,0.000178,0.042713
91200,0.000202,0.000150,0.005363
91210,0.002928,0.002255,0.023868
91220,0.001882,0.001501,0.020096
91230,0.001724,0.001234,0.008867
91240,0.003746,0.003007,0.027023
91250,0.000000,0.000000,0.000000
91260,0.002889,0.002316,0.026187
91270,0.001497,0.001204,0.008606
91280,0.001682,0.001273,0.017647
91290,0.001479,0.001137,0.020342
91300,0.005306,0.004182,0.023922
91310,0.001954,0.001587,0.014966
91320,0.000000,0.000000,0.000000
91330,0.000938,0.000642,0.038235
91340,0.000081,0.000111,0.656136
91350,0.009354,0.007807,0.042879
91360,0.000208,0.000129,0.020227
91370,0.002945,0.002402,0.016982
91380,0.001003,0.000753,0.013381
91390,0.001319,0.001105,0.011789
91400,0.000834,0.000630,0.015485
91410,0.000000,0.000000,0.000001
91420,0.000078,0.000061,0.117182
91430,0.006702,0.005189,0.036413
91440,0.000000,0.000000,0.000000
91450,0.008076,0.006624,0.038197
91460,0.001487,0.001198,0.008117
91470,0.000000,0.000000,0.000000
91480,0.000169,0.000136,0.016042
91490,0.001425,0.001114,0.016454
91500,0.007028,0.005704,0.038312
91510,0.000053,0.000041,0.023426
91520,0.004092,0.003198,0.035443
91530,0.000000,0.000000,0.000000
91540,0.003230,0.002545,0.019252
91550,0.001063,0.000818,0.022100
91560,0.003200,0.002606,0.019210
91570,0.004576,0.003769,0.025827
91580,0.001340,0.001040,0.015628
91590,0.001943,0.002187,0.122899
91600,0.003321,0.002608,0.025028
91610,0.004633,0.003615,0.028794
91620,0.001364,0.001070,0.019829
91630,0.007946,0.005833,0.046329
91640,0.000320,0.000244,0.013315
91650,0.001644,0.001045,0.047883
91660,0.000000,0.000000,0.000000
91670,0.000335,0.000283,0.010277
91680,0.000000,0.000000,0.000000
91690,0.002040,0.001566,0.019063
91700,0.001627,0.001174,0.016694
91710,0.000252,0.000212,0.005563
91720,0.000967,0.000726,0.009756
91730,0.002354,0.001807,0.023264
91740,0.004542,0.003486,0.027255
91750,0.003459,0.003016,0.017446
91760,0.005694,0.004462,0.034493
91770,0.004206,0.003326,0.025803
91780,0.001156,0.000931,0.011725
91790,0.000873,0.000691,0.004268
91800,0.000574,0.000436,0.010267
91810,0.000001,0.000000,0.000001
91820,0.002996,0.002273,0.028188
91830,0.000000,0.000000,0.000000
91840,0.000076,0.000040,0.011079
91850,0.000751,0.000569,0.026223
91860,0.005740,0.004251,0.036587
91870,0.007848,0.006315,0.038321
91880,0.007805,0.006447,0.036146
91890,0.002650,0.001979,0.021782
91900,0.001490,0.001168,0.015203
91910,0.004382,0.003408,0.029824
91920,0.001294,0.001166,0.006170
91930,0.005229,0.004506,0.022897
91940,0.000000,0.000000,0.000000
91950,0.000864,0.000577,0.018302
91960,0.000886,0.000723,0.009084
91970,0.000921,0.000640,0.015361
91980,0.002327,0.001796,0.023909
91990,0.001300,0.001103,0.014592
92000,0.000395,0.000204,0.015412
92010,0.000947,0.000800,0.014813
92020,0.000000,0.000000,0.000000
92030,0.004085,0.003213,0.027878
92040,0.003438,0.002756,0.026629
92050,0.000643,0.000533,0.004001
92060,0.000146,0.000116,0.013443
92070,0.000221,0.000171,0.033295
92080,0.003527,0.002657,0.029363
92090,0.000270,0.000191,0.013703
92100,0.004321,0.003591,0.026934
92110,0.004206,0.003446,0.025316
92120,0.001282,0.001067,0.015126
92130,0.001146,0.000910,0.015262
92140,0.002284,0.001967,0.009763
92150,0.002669,0.002153,0.009880
92160,0.002685,0.002213,0.018940
92170,0.000683,0.000430,0.025935
92180,0.000319,0.000267,0.010131
92190,0.006685,0.005012,0.034731
92200,0.001916,0.001589,0.013886
92210,0.004776,0.003651,0.039420
92220,0.000000,0.000000,0.000000
92230,0.002214,0.001919,0.016518
92240,0.002577,0.002406,0.016844
92250,0.000438,0.000305,0.014659
92260,0.000993,0.000718,0.004104
92270,0.000624,0.000508,0.009944
92280,0.005716,0.004591,0.034431
92290,0.000642,0.000529,0.005609
92300,0.001452,0.001264,0.012870
92310,0.001825,0.001618,0.010608
92320,0.001419,0.001182,0.022042
92330,0.004865,0.003844,0.030986
92340,0.003815,0.002967,0.023697
92350,0.000000,0.000000,0.000000
92360,0.000259,0.000149,0.017704
92370,0.004068,0.003269,0.026624
92380,0.001175,0.000785,0.033171
92390,0.001249,0.000948,0.007366
92400,0.003443,0.002769,0.017227
92410,0.001905,0.001403,0.018170
92420,0.000733,0.000627,0.019107
92430,0.001111,0.000938,0.009755
92440,0.000210,0.000195,0.008570
92450,0.006267,0.005791,0.036794
92460,0.000473,0.000337,0.022611
92470,0.007440,0.005881,0.037790
92480,0.010687,0.008762,0.047789
92490,0.000061,0.000035,0.196249
92500,0.003159,0.002754,0.014567
92510,0.004500,0.003622,0.030383
92520,0.007717,0.006161,0.033291
92530,0.000233,0.000132,0.016357
92540,0.000351,0.000166,0.031817
92550,0.002215,0.001790,0.019752
92560,0.005546,0.004574,0.031333
92570,0.001837,0.001462,0.018227
92580,0.006898,0.005403,0.037994
92590,0.003688,0.002917,0.027593
92600,0.013202,0.010837,0.049521
92610,0.002520,0.002178,0.017873
92620,0.001711,0.001420,0.008537
92630,0.000786,0.000508,0.036938
92640,0.005475,0.004517,0.027296
92650,0.005801,0.004880,0.024704
92660,0.005496,0.004091,0.034999
92670,0.000584,0.000481,0.016406
92680,0.002179,0.001741,0.009211
92690,0.000574,0.000475,0.017035
92700,0.004390,0.003400,0.026422
92710,0.002587,0.002175,0.017612
92720,0.001509,0.001237,0.022885
92730,0.000579,0.000466,0.008773
92740,0.000000,0.000000,0.000000
92750,0.004230,0.003647,0.017673
92760,0.002085,0.001891,0.009536
92770,0.005658,0.004269,0.035295
92780,0.001964,0.001478,0.021237
92790,0.000000,0.000000,0.000000
92800,0.003316,0.002751,0.025940
92810,0.000542,0.000344,0.005687
92820,0.000434,0.000327,0.003067
92830,0.005101,0.003952,0.024707
92840,0.005501,0.003767,0.026128
92850,0.000140,0.000061,0.023035
92860,0.002538,0.002011,0.011311
92870,0.000125,0.000106,0.656482
92880,0.000000,0.000000,0.000000
92890,0.006699,0.005148,0.037712
92900,0.001938,0.001647,0.009664
92910,0.000000,0.000000,0.000000
92920,0.002222,0.001679,0.015824
92930,0.003838,0.003126,0.027961
92940,0.002466,0.001874,0.022788
92950,0.001852,0.001383,0.009584
92960,0.000588,0.000470,0.005309
92970,0.001044,0.000905,0.016470
92980,0.000394,0.000254,0.019598
92990,0.000793,0.000686,0.009371
93000,0.006439,0.005199,0.033274
93010,0.000621,0.000487,0.007374
93020,0.002058,0.001670,0.019991
93030,0.006246,0.005081,0.032938
93040,0.002711,0.002098,0.024205
93050,0.006906,0.005700,0.030147
93060,0.001833,0.001502,0.013113
93070,0.001082,0.000806,0.015211
93080,0.005723,0.004427,0.037071
93090,0.003744,0.002848,0.024612
93100,0.002317,0.001778,0.022320
93110,0.008188,0.006648,0.033552
93120,0.001664,0.001330,0.007999
93130,0.002626,0.003167,0.023469
93140,0.000383,0.000321,0.007727
93150,0.000357,0.000208,0.015374
93160,0.000000,0.000000,0.000000
93170,0.003310,0.002694,0.021904
93180,0.002649,0.002113,0.018151
93190,0.004333,0.003323,0.031278
93200,0.001736,0.001400,0.020199
93210,0.003031,0.002545,0.024806
93220,0.004412,0.003533,0.028178
93230,0.003050,0.002642,0.011198
93240,0.002471,0.002001,0.022830
93250,0.001355,0.000928,0.017891
93260,0.000269,0.000267,0.014679
93270,0.002497,0.001978,0.021911
93280,0.004124,0.003302,0.026975
93290,0.000000,0.000000,0.000000
93300,0.005305,0.004365,0.031186
93310,0.000175,0.000097,0.017434
93320,0.002302,0.001639,0.024911
93330,0.004085,0.003348,0.015950
93340,0.003677,0.002912,0.024801
93350,0.003950,0.003255,0.022883
93360,0.001350,0.001041,0.019914
93370,0.002462,0.001983,0.019155
93380,0.004484,0.003705,0.023408
93390,0.000912,0.000870,0.005415
93400,0.000128,0.000057,0.010406
93410,0.000041,0.000046,0.007102
93420,0.000030,0.000024,0.016667
93430,0.002849,0.002369,0.012128
93440,0.004734,0.003803,0.023013
93450,0.000315,0.000222,0.011228
93460,0.000468,0.000338,0.017484
93470,0.001114,0.000812,0.006809
93480,0.002803,0.002258,0.023882
93490,0.000715,0.000565,0.011574
93500,0.000000,0.000000,0.000000
93510,0.004862,0.004050,0.019807
93520,0.007141,0.005583,0.043119
93530,0.000138,0.000109,0.005817
93540,0.000000,0.000000,0.000000
93550,0.000706,0.000587,0.003578
93560,0.000981,0.000753,0.016095
93570,0.000903,0.000664,0.016618
93580,0.003167,0.002611,0.017242
93590,0.002600,0.001930,0.028832
93600,0.001028,0.000745,0.014071
93610,0.000645,0.000439,0.020572
93620,0.003194,0.002433,0.026173
93630,0.000000,0.000000,0.000000
93640,0.000842,0.000663,0.005546
93650,0.000330,0.000168,0.089719
93660,0.001000,0.000852,0.005860
93670,0.006994,0.005120,0.028856
93680,0.002096,0.001788,0.010527
93690,0.001713,0.001280,0.026164
93700,0.001154,0.000869,0.029584
93710,0.000583,0.000550,0.013379
93720,0.000990,0.000594,0.035807
93730,0.008795,0.007101,0.044398
93740,0.002345,0.001844,0.016081
93750,0.001567,0.001336,0.027200
93760,0.001914,0.001379,0.033013
93770,0.001146,0.001024,0.039080
93780,0.001646,0.001415,0.013956
93790,0.003251,0.002656,0.012056
93800,0.001074,0.000941,0.007230
93810,0.000560,0.000427,0.017849
93820,0.001490,0.001069,0.062822
93830,0.000499,0.000424,0.004514
93840,0.000307,0.000269,0.014059
93850,0.004520,0.003602,0.029812
93860,0.003762,0.003038,0.031637
93870,0.003209,0.002729,0.013599
93880,0.001756,0.001339,0.034771
93890,0.001007,0.000774,0.017049
93900,0.004209,0.003469,0.023932
93910,0.000000,0.000000,0.000000
93920,0.004464,0.003456,0.029658
93930,0.000772,0.000636,0.044058
93940,0.000492,0.000353,0.020664
93950,0.000361,0.000282,0.014298
93960,0.000038,0.000033,0.085457
93970,0.003012,0.002316,0.021186
93980,0.001948,0.001570,0.021900
93990,0.002190,0.001618,0.022459
94000,0.000701,0.000597,0.009137
94010,0.002965,0.002463,0.021967
94020,0.000234,0.000145,0.016861
94030,0.000000,0.000000,0.000000
94040,0.000722,0.000480,0.019631
94050,0.003025,0.002378,0.022524
94060,0.000800,0.000586,0.035035
94070,0.004988,0.003929,0.036434
94080,0.001504,0.001091,0.017507
94090,0.001494,0.001251,0.007611
94100,0.001041,0.000767,0.019797
94110,0.004146,0.003339,0.025616
94120,0.001959,0.001421,0.026993
94130,0.003372,0.002558,0.032472
94140,0.000930,0.000766,0.004351
94150,0.002756,0.002192,0.020644
94160,0.001171,0.000865,0.042838
94170,0.003923,0.003154,0.027163
94180,0.000777,0.000536,0.041858
94190,0.000481,0.000353,0.035514
94200,0.007920,0.006204,0.037230
94210,0.005099,0.004070,0.023303
94220,0.002806,0.002011,0.028400
94230,0.000262,0.000142,0.036538
94240,0.003350,0.002782,0.014457
94250,0.007975,0.006629,0.027536
94260,0.000131,0.000112,0.000372
94270,0.002475,0.001921,0.022645
94280,0.005394,0.003914,0.037125
94290,0.000368,0.000288,0.014666
94300,0.000706,0.000515,0.006679
94310,0.000128,0.000091,0.010432
94320,0.001175,0.000855,0.030285
94330,0.000239,0.000193,0.008992
94340,0.000619,0.000381,0.021376
94350,0.000436,0.000309,0.008074
94360,0.000000,0.000000,0.000000
94370,0.000056,0.000052,0.004277
94380,0.000213,0.000166,0.046418
94390,0.004689,0.003665,0.029629
94400,0.000552,0.000473,0.005207
94410,0.003439,0.002656,0.025490
94420,0.004189,0.003353,0.019643
94430,0.005895,0.004566,0.035490
94440,0.000726,0.000888,0.007751
94450,0.002858,0.002260,0.010240
94460,0.000793,0.000574,0.034300
94470,0.003392,0.002640,0.028149
94480,0.000667,0.000511,0.006219
94490,0.006835,0.005512,0.033667
94500,0.002158,0.001637,0.024306
94510,0.000065,0.000055,0.007523
94520,0.000693,0.000560,0.010900
94530,0.002976,0.002150,0.027950
94540,0.003199,0.002457,0.025381
94550,0.000706,0.000558,0.007876
94560,0.000487,0.000398,0.021114
94570,0.000000,0.000000,0.000000
94580,0.005315,0.004229,0.034114
94590,0.000648,0.000529,0.005386
94600,0.001234,0.001028,0.008672
94610,0.005749,0.004329,0.045737
94620,0.000168,0.000122,0.379590
94630,0.000000,0.000000,0.000000
94640,0.001009,0.000778,0.017770
94650,0.000096,0.000052,0.039232
94660,0.000000,0.000000,0.000000
94670,0.003740,0.002882,0.025472
94680,0.002183,0.001720,0.011591
94690,0.001262,0.000886,0.012439
94700,0.000452,0.000402,0.004165
94710,0.000754,0.000658,0.014998
94720,0.001716,0.001371,0.017546
94730,0.001595,0.001180,0.022027
94740,0.001305,0.000976,0.021377
94750,0.001233,0.000817,0.078701
94760,0.001019,0.000949,0.023678
94770,0.004362,0.003445,0.036012
94780,0.001312,0.000931,0.024865
94790,0.000199,0.000134,0.022772
94800,0.002185,0.001806,0.019705
94810,0.000056,0.000046,0.223004
94820,0.000000,0.000000,0.000000
94830,0.006293,0.004858,0.031005
94840,0.004846,0.003538,0.030506
94850,0.000000,0.000001,0.000001
94860,0.001130,0.000790,0.020456
94870,0.001410,0.001012,0.024700
94880,0.001155,0.001073,0.004262
94890,0.001609,0.001091,0.027333
94900,0.001714,0.001303,0.019798
94910,0.005599,0.004350,0.029852
94920,0.001325,0.001165,0.013786
94930,0.001569,0.001180,0.016912
94940,0.000140,0.000105,0.017301
94950,0.000837,0.000652,0.020921
94960,0.002827,0.002116,0.049684
94970,0.001677,0.001464,0.007072
94980,0.000376,0.000284,0.037202
94990,0.000780,0.000655,0.005757
95000,0.000000,0.000000,0.000000
95010,0.003695,0.002952,0.026701
95020,0.000308,0.000213,0.001141
95030,0.000000,0.000000,0.000000
95040,0.002336,0.001850,0.017017
95050,0.002033,0.001503,0.023992
95060,0.000638,0.000444,0.032327
95070,0.006157,0.004820,0.033176
95080,0.002856,0.002284,0.020944
95090,0.002294,0.001955,0.014225
95100,0.000978,0.000745,0.014850
95110,0.004955,0.004098,0.020990
95120,0.001860,0.001466,0.017737
95130,0.001498,0.001157,0.010781
95140,0.002230,0.001637,0.016922
95150,0.003402,0.002734,0.025760
95160,0.000770,0.000545,0.008100
95170,0.002355,0.001813,0.021313
95180,0.010584,0.008407,0.043487
95190,0.002289,0.001862,0.016842
95200,0.000932,0.000684,0.016006
95210,0.005024,0.004148,0.024662
95220,0.004739,0.003949,0.026980
95230,0.001334,0.001041,0.021779
95240,0.000687,0.000587,0.013513
95250,0.006614,0.005293,0.035930
95260,0.003316,0.002573,0.028437
95270,0.001342,0.001094,0.011304
95280,0.001502,0.001284,0.010011
95290,0.001014,0.000861,0.009379
95300,0.003181,0.002630,0.017452
95310,0.005559,0.004467,0.034859
95320,0.000073,0.000050,0.019132
95330,0.001886,0.001412,0.024967
95340,0.000000,0.000000,0.000000
95350,0.000000,0.000000,0.000000
95360,0.000000,0.000000,0.000000
95370,0.003786,0.003383,0.019767
95380,0.002319,0.001780,0.027662
95390,0.002662,0.002155,0.016911
95400,0.002354,0.001710,0.018260
95410,0.002507,0.001979,0.022345
95420,0.003900,0.003159,0.017624
95430,0.000648,0.000409,0.075857
95440,0.003782,0.003021,0.024745
95450,0.003754,0.003022,0.028420
95460,0.000292,0.000194,0.016515
95470,0.004077,0.002879,0.029395
95480,0.003990,0.003117,0.019020
95490,0.003545,0.002690,0.027983
95500,0.002399,0.001923,0.011053
95510,0.003206,0.002338,0.027536
95520,0.000366,0.000282,0.002215
95530,0.001652,0.001310,0.014018
95540,0.001560,0.001207,0.024983
95550,0.009712,0.007643,0.045515
95560,0.001663,0.001232,0.017245
95570,0.002711,0.001978,0.029867
95580,0.000000,0.000000,0.000000
95590,0.000370,0.000311,0.010987
95600,0.006147,0.004856,0.025143
95610,0.001290,0.000940,0.014708
95620,0.000150,0.000142,0.656549
95630,0.005695,0.004271,0.042405
95640,0.006144,0.004719,0.038853
95650,0.000259,0.000222,0.013993
95660,0.000375,0.000247,0.108902
95670,0.001719,0.001390,0.013905
95680,0.003650,0.002904,0.016173
95690,0.004546,0.003577,0.032682
95700,0.000549,0.000442,0.004202
95710,0.002005,0.001707,0.012643
95720,0.004418,0.003608,0.024676
95730,0.000635,0.000546,0.008104
95740,0.001361,0.001001,0.030988
95750,0.002172,0.001757,0.016164
95760,0.003964,0.003159,0.023257
95770,0.000105,0.000075,0.006878
95780,0.002307,0.001922,0.010244
95790,0.001511,0.001256,0.021245
95800,0.000695,0.000556,0.004654
95810,0.000000,0.000000,0.000000
95820,0.000000,0.000000,0.000000
95830,0.000259,0.000225,0.001318
95840,0.005300,0.004197,0.029399
95850,0.001906,0.001375,0.026877
95860,0.000095,0.000076,0.023847
95870,0.001838,0.001535,0.023493
95880,0.002111,0.001694,0.023732
95890,0.000890,0.000666,0.007337
95900,0.004978,0.003890,0.025885
95910,0.000000,0.000000,0.000000
95920,0.002117,0.001593,0.021037
95930,0.000211,0.000206,0.017517
95940,0.004372,0.003242,0.032817
95950,0.006169,0.004535,0.029538
95960,0.001613,0.001172,0.009213
95970,0.000382,0.000251,0.033262
95980,0.000936,0.000718,0.021691
95990,0.005816,0.004559,0.040394
96000,0.004197,0.003390,0.021221
96010,0.007819,0.006323,0.029424
96020,0.005712,0.004479,0.025813
96030,0.002570,0.001835,0.024323
96040,0.005727,0.004489,0.031892
96050,0.006196,0.005084,0.031638
96060,0.000454,0.000428,0.006197
96070,0.002663,0.002141,0.011918
96080,0.004828,0.003650,0.030617
96090,0.002815,0.002223,0.024408
96100,0.003697,0.002793,0.029138
96110,0.002515,0.001893,0.021748
96120,0.000559,0.000420,0.016028
96130,0.000237,0.000133,0.033475
96140,0.003192,0.002546,0.022889
96150,0.000161,0.000116,0.008677
96160,0.000898,0.000603,0.080914
96170,0.001942,0.001334,0.013850
96180,0.005225,0.003996,0.031635
96190,0.010542,0.008250,0.047330
96200,0.002931,0.002252,0.011800
96210,0.000664,0.000381,0.058125
96220,0.000318,0.000233,0.035731
96230,0.003902,0.003155,0.014897
96240,0.006128,0.005025,0.028713
96250,0.002167,0.001411,0.020066
96260,0.004001,0.003114,0.026927
96270,0.004658,0.003994,0.024400
96280,0.001439,0.001141,0.017649
96290,0.005102,0.003977,0.031169
96300,0.000555,0.000433,0.037635
96310,0.003098,0.002406,0.022493
96320,0.008088,0.006559,0.043780
96330,0.002642,0.002158,0.020625
96340,0.006512,0.005469,0.047085
96350,0.004590,0.003690,0.020574
96360,0.001947,0.001557,0.018408
96370,0.004110,0.003298,0.029916
96380,0.002299,0.001875,0.013518
96390,0.001663,0.001104,0.052533
96400,0.004567,0.003617,0.023266
96410,0.003951,0.003195,0.023625
96420,0.000000,0.000000,0.000000
96430,0.001081,0.000927,0.005726
96440,0.000608,0.000501,0.013130
96450,0.005010,0.004136,0.029619
96460,0.002119,0.001652,0.027599
96470,0.002087,0.001580,0.039063
96480,0.001803,0.001223,0.030998
96490,0.000669,0.000504,0.022103
96500,0.004183,0.003125,0.027682
96510,0.003218,0.002566,0.023209
96520,0.003965,0.003141,0.026871
96530,0.003041,0.002634,0.021950
96540,0.003969,0.003169,0.026093
96550,0.001617,0.001315,0.009879
96560,0.000000,0.000000,0.000000
96570,0.000202,0.000167,0.005737
96580,0.000457,0.000710,0.011314
96590,0.000000,0.000000,0.000000
96600,0.001909,0.001566,0.017298
96610,0.003925,0.003169,0.018475
96620,0.002697,0.001900,0.025327
96630,0.001097,0.000812,0.008385
96640,0.002154,0.001693,0.009060
96650,0.000693,0.000488,0.018579
96660,0.004468,0.003500,0.033487
96670,0.001101,0.000951,0.009891
96680,0.001041,0.000676,0.024146
96690,0.001025,0.000870,0.004907
96700,0.000665,0.000381,0.016710
96710,0.006569,0.005252,0.038041
96720,0.000816,0.000550,0.046994
96730,0.002338,0.001932,0.008699
96740,0.003119,0.002253,0.023349
96750,0.000207,0.000169,0.005714
96760,0.005020,0.003926,0.026322
96770,0.002032,0.001565,0.023115
96780,0.003269,0.002683,0.021078
96790,0.000000,0.000000,0.000000
96800,0.000456,0.000420,0.005123
96810,0.001485,0.001133,0.021003
96820,0.004279,0.003180,0.030856
96830,0.000636,0.000491,0.006418
96840,0.004002,0.003074,0.026552
96850,0.004457,0.003345,0.023295
96860,0.000239,0.000152,0.057006
96870,0.008722,0.007121,0.032665
96880,0.003006,0.002451,0.024782
96890,0.001071,0.000891,0.029386
96900,0.003217,0.002640,0.020014
96910,0.001472,0.001279,0.004864
96920,0.002420,0.001774,0.028251
96930,0.000232,0.000155,0.026446
96940,0.000806,0.000693,0.007622
96950,0.000126,0.000078,0.008886
96960,0.001785,0.001186,0.021895
96970,0.006245,0.004720,0.032650
96980,0.000701,0.000398,0.048292
96990,0.002269,0.002103,0.017288
97000,0.003376,0.002698,0.026808
97010,0.001012,0.000779,0.018480
97020,0.005284,0.004134,0.030065
97030,0.000363,0.000399,0.072530
97040,0.000000,0.000000,0.000000
97050,0.003246,0.002399,0.030467
97060,0.002394,0.001744,0.018015
97070,0.000530,0.000359,0.033104
97080,0.003201,0.002359,0.029594
97090,0.000205,0.000165,0.001295
97100,0.004784,0.004039,0.020817
97110,0.000000,0.000000,0.000000
97120,0.001772,0.001381,0.016887
97130,0.002589,0.002011,0.009430
97140,0.000000,0.000000,0.000000
97150,0.004601,0.003612,0.027864
97160,0.004327,0.003434,0.025948
97170,0.000189,0.000132,0.031734
97180,0.002507,0.001759,0.032348
97190,0.003862,0.002995,0.026490
97200,0.003848,0.002874,0.028057
97210,0.002221,0.001646,0.022332
97220,0.000083,0.000071,0.039318
97230,0.010222,0.008269,0.043887
97240,0.002416,0.001889,0.021355
97250,0.003366,0.002496,0.017777
97260,0.000542,0.000390,0.012812
97270,0.003298,0.002622,0.020760
97280,0.002655,0.002418,0.011441
97290,0.006302,0.005117,0.031655
97300,0.000203,0.000147,0.034763
97310,0.001789,0.001543,0.027178
97320,0.003960,0.003184,0.024813
97330,0.000670,0.000420,0.019026
97340,0.002679,0.002075,0.016323
97350,0.001622,0.001379,0.013586
97360,0.004091,0.003240,0.028005
97370,0.004055,0.003193,0.019487
97380,0.005204,0.004211,0.029001
97390,0.000880,0.000668,0.023662
97400,0.003669,0.002858,0.025774
97410,0.002948,0.002251,0.021552
97420,0.002295,0.001888,0.014492
97430,0.000469,0.000317,0.023728
97440,0.003416,0.002641,0.021694
97450,0.002045,0.001423,0.017539
97460,0.001366,0.000973,0.016197
97470,0.000829,0.000755,0.011932
97480,0.000193,0.000138,0.018396
97490,0.003146,0.002378,0.031604
97500,0.000000,0.000000,0.000000
97510,0.000375,0.000270,0.012857
97520,0.004770,0.003740,0.028387
97530,0.001822,0.001463,0.013106
97540,0.008817,0.007362,0.041363
97550,0.003463,0.002792,0.026286
97560,0.000896,0.000562,0.040171
97570,0.002523,0.001900,0.024813
97580,0.001592,0.001100,0.027849
97590,0.001620,0.001354,0.015896
97600,0.004270,0.003531,0.021541
97610,0.000126,0.000104,0.137711
97620,0.000000,0.000000,0.000000
97630,0.000457,0.000332,0.003770
97640,0.001200,0.000803,0.033594
97650,0.002776,0.002032,0.023889
97660,0.001445,0.001076,0.028540
97670,0.004557,0.003503,0.021225
97680,0.003123,0.002336,0.021342
97690,0.000000,0.000007,0.000012
97700,0.003208,0.002693,0.012081
97710,0.002833,0.002248,0.023590
97720,0.000052,0.000051,0.273170
97730,0.003213,0.002418,0.015521
97740,0.002596,0.002249,0.011853
97750,0.000686,0.000466,0.034606
97760,0.000641,0.000476,0.009025
97770,0.001862,0.001558,0.016093
97780,0.000517,0.000360,0.023684
97790,0.002328,0.001759,0.011124
97800,0.005170,0.003857,0.033869
97810,0.006653,0.005328,0.032971
97820,0.002585,0.002160,0.010143
97830,0.000417,0.000305,0.020263
97840,0.000187,0.000181,0.007081
97850,0.000000,0.000000,0.000000
97860,0.000000,0.000000,0.000000
97870,0.002246,0.001800,0.013050
97880,0.003395,0.002843,0.020862
97890,0.000370,0.000274,0.021444
97900,0.003644,0.003066,0.019375
97910,0.001411,0.001059,0.015965
97920,0.000000,0.000000,0.000000
97930,0.001156,0.000881,0.021702
97940,0.002203,0.001696,0.016274
97950,0.001459,0.001330,0.012402
97960,0.000172,0.000124,0.046630
97970,0.006817,0.005285,0.032919
97980,0.005355,0.004054,0.037549
97990,0.000621,0.000520,0.004536
98000,0.000868,0.000659,0.026975
98010,0.005463,0.004173,0.031738
98020,0.004582,0.003793,0.027512
98030,0.003571,0.002757,0.026737
98040,0.000356,0.000362,0.005438
98050,0.000559,0.000430,0.007345
98060,0.001559,0.001344,0.012096
98070,0.005603,0.004693,0.037581
98080,0.004445,0.003723,0.015529
98090,0.002750,0.002448,0.021860
98100,0.000000,0.000000,0.000000
98110,0.002758,0.002150,0.022026
98120,0.000379,0.000266,0.017047
98130,0.000783,0.000561,0.006511
98140,0.009285,0.007364,0.039560
98150,0.001541,0.001150,0.019382
98160,0.005267,0.004299,0.022875
98170,0.006015,0.004712,0.032054
98180,0.005370,0.004386,0.032009
98190,0.000000,0.000000,0.000000
98200,0.001658,0.001241,0.013675
98210,0.000914,0.000653,0.020666
98220,0.003124,0.002479,0.015182
98230,0.000642,0.000443,0.030076
98240,0.001845,0.001427,0.021674
98250,0.000196,0.000142,0.001226
98260,0.002956,0.002235,0.025113
98270,0.004107,0.003227,0.021953
98280,0.001834,0.001363,0.026168
98290,0.002401,0.001996,0.022548
98300,0.002186,0.001690,0.022201
98310,0.004383,0.003377,0.029270
98320,0.005272,0.004295,0.018295
98330,0.004314,0.003456,0.025243
98340,0.002033,0.001670,0.011422
98350,0.000000,0.000000,0.000000
98360,0.000354,0.000360,0.009754
98370,0.001449,0.001191,0.020206
98380,0.001169,0.000882,0.009624
98390,0.000319,0.000260,0.022831
98400,0.003018,0.002374,0.022965
98410,0.004938,0.003754,0.036399
98420,0.000288,0.000230,0.084919
98430,0.002427,0.001843,0.036962
98440,0.002167,0.001654,0.020021
98450,0.006770,0.005556,0.026272
98460,0.000000,0.000000,0.000001
98470,0.000372,0.000268,0.011939
98480,0.000203,0.000145,0.022138
98490,0.002233,0.001708,0.025640
98500,0.000661,0.000413,0.020842
98510,0.003581,0.002744,0.020901
98520,0.000777,0.000506,0.046934
98530,0.000000,0.000000,0.000000
98540,0.002189,0.001554,0.026464
98550,0.001128,0.000828,0.016975
98560,0.003192,0.002524,0.021997
98570,0.001459,0.000892,0.012716
98580,0.002785,0.002067,0.027894
98590,0.005185,0.004131,0.021496
98600,0.004578,0.003446,0.030759
98610,0.000754,0.000579,0.021061
98620,0.002348,0.001964,0.009925
98630,0.008076,0.006341,0.038112
98640,0.000544,0.000442,0.006714
98650,0.000924,0.000730,0.005428
98660,0.000340,0.000239,0.009782
98670,0.000738,0.000446,0.019186
98680,0.000957,0.000634,0.034755
98690,0.001738,0.001132,0.026196
98700,0.001189,0.000924,0.011559
98710,0.000636,0.000427,0.016846
98720,0.002641,0.002231,0.015191
98730,0.005825,0.004503,0.033811
98740,0.000428,0.000292,0.030099
98750,0.004257,0.003593,0.020775
98760,0.000667,0.000556,0.013033
98770,0.000488,0.000415,0.007197
98780,0.003073,0.002246,0.026804
98790,0.000064,0.000044,0.039928
98800,0.004446,0.003554,0.027197
98810,0.001470,0.001053,0.018942
98820,0.000000,0.000000,0.000000
98830,0.001869,0.001437,0.018424
98840,0.000000,0.000000,0.000000
98850,0.000286,0.000194,0.009850
98860,0.008180,0.006834,0.031558
98870,0.000701,0.000474,0.005202
98880,0.002590,0.002097,0.010920
98890,0.000000,0.000000,0.000001
98900,0.000394,0.000208,0.123324
98910,0.002838,0.002255,0.014315
98920,0.000505,0.000382,0.014752
98930,0.001498,0.001175,0.015187
98940,0.005849,0.004678,0.034641
98950,0.006292,0.005113,0.033195
98960,0.006633,0.005769,0.030509
98970,0.000000,0.000000,0.000000
98980,0.002225,0.001590,0.043210
98990,0.005756,0.004720,0.025970
99000,0.000589,0.000458,0.009606
99010,0.003700,0.003056,0.014800
99020,0.000000,0.000000,0.000000
99030,0.002919,0.002299,0.032089
99040,0.004239,0.003676,0.025623
99050,0.002927,0.002263,0.026618
99060,0.001931,0.003180,0.011138
99070,0.003203,0.002525,0.023231
99080,0.000720,0.000600,0.009026
99090,0.007424,0.005861,0.031301
99100,0.000420,0.000304,0.027961
99110,0.000824,0.000645,0.008940
99120,0.001587,0.001235,0.021325
99130,0.000572,0.000460,0.004033
99140,0.003008,0.002229,0.024816
99150,0.002078,0.001542,0.024899
99160,0.000000,0.000000,0.000000
99170,0.000000,0.000000,0.000000
99180,0.003537,0.002693,0.023415
99190,0.000000,0.000000,0.000000
99200,0.002623,0.002014,0.019201
99210,0.000525,0.000445,0.007361
99220,0.000000,0.000000,0.000000
99230,0.000233,0.000184,0.028969
99240,0.000311,0.000242,0.004353
99250,0.003512,0.002900,0.020409
99260,0.001092,0.000836,0.022226
99270,0.001439,0.001176,0.013751
99280,0.005520,0.004535,0.024672
99290,0.000906,0.000637,0.008618
99300,0.000662,0.000523,0.013149
99310,0.005234,0.004645,0.026156
99320,0.000306,0.000220,0.032581
99330,0.001104,0.000794,0.019233
99340,0.000247,0.000191,0.035940
99350,0.002999,0.002223,0.024817
99360,0.002138,0.001581,0.028570
99370,0.000659,0.000556,0.019805
99380,0.001845,0.001552,0.019536
99390,0.000091,0.000068,0.070853
99400,0.003047,0.002242,0.023571
99410,0.003966,0.003277,0.016453
99420,0.000808,0.000650,0.009138
99430,0.001286,0.000967,0.008183
99440,0.000000,0.000000,0.000000
99450,0.000330,0.000180,0.031076
99460,0.000220,0.000140,0.038356
99470,0.002062,0.001684,0.009981
99480,0.006167,0.004771,0.033311
99490,0.000492,0.000358,0.025064
99500,0.002630,0.001886,0.026264
99510,0.003359,0.002500,0.024208
99520,0.000000,0.000000,0.000000
99530,0.001164,0.000921,0.007531
99540,0.002535,0.001985,0.011592
99550,0.000068,0.000054,0.092678
99560,0.004353,0.003600,0.027139
99570,0.001100,0.000758,0.023642
99580,0.001999,0.001430,0.014981
99590,0.000027,0.000021,0.023461
99600,0.005241,0.003783,0.043260
99610,0.001283,0.001002,0.011469
99620,0.001914,0.001427,0.024447
99630,0.001126,0.000928,0.005064
99640,0.002094,0.001523,0.026681
99650,0.000885,0.000715,0.008287
99660,0.003508,0.002847,0.024184
99670,0.005095,0.004093,0.029915
99680,0.000190,0.000155,0.023006
99690,0.000145,0.000089,0.243846
99700,0.000587,0.000382,0.041565
99710,0.000785,0.000589,0.019559
99720,0.002622,0.002035,0.018890
99730,0.000000,0.000000,0.000000
99740,0.001186,0.000981,0.015382
99750,0.000896,0.000718,0.008027
99760,0.002830,0.001913,0.037142
99770,0.001114,0.000794,0.016377
99780,0.001458,0.000995,0.033697
99790,0.005103,0.004115,0.024254
99800,0.003366,0.002588,0.023833
99810,0.004626,0.003999,0.025271
99820,0.002605,0.002297,0.016026
99830,0.003087,0.002504,0.020579
99840,0.000381,0.000189,0.039159
99850,0.001608,0.001289,0.018178
99860,0.001996,0.001523,0.016237
99870,0.005432,0.004299,0.037109
99880,0.000000,0.000000,0.000000
99890,0.003499,0.002767,0.025683
99900,0.002335,0.002047,0.010201
99910,0.001546,0.001197,0.017287
99920,0.004351,0.003035,0.049847
99930,0.002869,0.002423,0.014197
99940,0.002753,0.002165,0.015515
99950,0.000001,0.000000,0.000001
99960,0.000926,0.000610,0.027934
99970,0.004233,0.003687,0.018151
99980,0.002856,0.002085,0.031128
99990,0.002881,0.002194,0.015264
100000,0.000000,0.000000,0.000000
