iter,ce_loss,ds_loss,final_loss
10,0.462847,0.408068,1.580643
20,0.106609,0.153606,0.779348
30,0.179082,0.152574,0.889600
40,0.335963,0.155324,1.049685
50,0.044988,0.035559,0.465527
60,0.195264,0.115061,0.683823
70,0.309548,0.201226,0.924869
80,0.113907,0.072445,0.549126
90,0.094963,0.057083,0.491452
100,0.094387,0.070418,0.439960
110,0.063094,0.046384,0.504222
120,0.058085,0.042659,0.359101
130,0.057619,0.041297,0.365004
140,0.089412,0.071690,0.433483
150,0.068874,0.049938,0.473955
160,0.034006,0.029492,0.278980
170,0.051367,0.039799,0.392394
180,0.069007,0.050869,0.339796
190,0.081586,0.054979,0.380136
200,0.083504,0.059954,0.386308
210,0.076911,0.054145,0.389039
220,0.038936,0.029691,0.268749
230,0.060951,0.044456,0.304185
240,0.054338,0.034701,0.308994
250,0.067688,0.049485,0.324837
260,0.081820,0.062731,0.344269
270,0.076352,0.059497,0.332820
280,0.049044,0.035558,0.282505
290,0.054229,0.041527,0.238762
300,0.077915,0.056460,0.321486
310,0.071296,0.054919,0.329853
320,0.053490,0.038622,0.294960
330,0.023952,0.017781,0.220566
340,0.057096,0.042407,0.265685
350,0.084011,0.062920,0.395921
360,0.020315,0.015017,0.180240
370,0.012116,0.008493,0.237349
380,0.055598,0.041323,0.261668
390,0.087272,0.067859,0.337865
400,0.111837,0.085148,0.442518
410,0.065928,0.053503,0.291223
420,0.041841,0.030975,0.268572
430,0.232105,0.179494,0.663965
440,0.041620,0.034040,0.255705
450,0.055037,0.038701,0.307838
460,0.067005,0.048249,0.321863
470,0.078022,0.056325,0.351401
480,0.074241,0.057303,0.326331
490,0.032617,0.026358,0.154613
500,0.022521,0.017153,0.206221
510,0.045415,0.035269,0.254317
520,0.039900,0.030182,0.278671
530,0.030525,0.023156,0.230510
540,0.047037,0.035059,0.213758
550,0.034052,0.027974,0.255127
560,0.083898,0.070660,0.335775
570,0.056120,0.042255,0.249848
580,0.019318,0.015421,0.187168
590,0.061275,0.042404,0.261735
600,0.030333,0.024318,0.234616
610,0.042729,0.033710,0.292874
620,0.018703,0.014140,0.187092
630,0.061892,0.047398,0.270508
640,0.017350,0.014320,0.177948
650,0.034423,0.026476,0.189691
660,0.025374,0.019885,0.195805
670,0.023599,0.015738,0.181786
680,0.045080,0.032684,0.248114
690,0.040881,0.032339,0.225970
700,0.076099,0.059945,0.299134
710,0.050367,0.038116,0.255644
720,0.048804,0.035460,0.267886
730,0.057271,0.048022,0.245696
740,0.039836,0.029702,0.213309
750,0.062781,0.046511,0.264234
760,0.087236,0.066997,0.311447
770,0.081111,0.066205,0.329879
780,0.059660,0.043760,0.265512
790,0.015861,0.011730,0.164387
800,0.035700,0.029835,0.214426
810,0.048891,0.036315,0.259002
820,0.041392,0.031444,0.216980
830,0.017548,0.012033,0.240860
840,0.079708,0.061248,0.313642
850,0.103332,0.088359,0.385459
860,0.033228,0.025086,0.298027
870,0.076226,0.056975,0.292477
880,0.030303,0.023193,0.191016
890,0.100193,0.078686,0.368202
900,0.082002,0.065680,0.311073
910,0.037514,0.027682,0.238657
920,0.025316,0.018113,0.185642
930,0.054974,0.042015,0.259487
940,0.065723,0.052131,0.314768
950,0.015059,0.011428,0.217005
960,0.019166,0.014890,0.155422
970,0.047922,0.036455,0.239795
980,0.041179,0.030785,0.226301
990,0.032771,0.024666,0.199300
1000,0.055568,0.041786,0.265515
1010,0.076636,0.059681,0.313506
1020,0.023228,0.017606,0.165961
1030,0.100404,0.076859,0.353757
1040,0.065849,0.053077,0.269696
1050,0.059450,0.045305,0.245850
1060,0.067977,0.050167,0.274567
1070,0.023828,0.018333,0.229164
1080,0.046563,0.032027,0.214146
1090,0.008948,0.006807,0.147412
1100,0.037496,0.026656,0.344182
1110,0.021034,0.014712,0.155461
1120,0.048586,0.037321,0.235414
1130,0.038242,0.030936,0.210013
1140,0.053153,0.038837,0.281440
1150,0.038479,0.029360,0.235593
1160,0.018129,0.014258,0.299693
1170,0.013334,0.010345,0.153663
1180,0.041687,0.028044,0.279827
1190,0.033657,0.026757,0.199390
1200,0.027621,0.021447,0.176348
1210,0.041263,0.029116,0.207886
1220,0.062409,0.049240,0.264231
1230,0.032885,0.024640,0.189791
1240,0.079291,0.057870,0.332484
1250,0.059118,0.043235,0.238875
1260,0.041463,0.032613,0.214072
1270,0.064854,0.046580,0.255247
1280,0.029248,0.022117,0.175277
1290,0.061104,0.046029,0.242330
1300,0.037469,0.027537,0.242514
1310,0.064972,0.049617,0.274794
1320,0.062334,0.046652,0.273752
1330,0.043404,0.030178,0.194360
1340,0.028708,0.021571,0.197886
1350,0.051441,0.039494,0.226267
1360,0.106650,0.077466,0.346082
1370,0.073183,0.056207,0.307012
1380,0.035585,0.025523,0.204432
1390,0.037872,0.029591,0.199072
1400,0.059644,0.045219,0.267090
1410,0.034290,0.025189,0.221706
1420,0.023936,0.016443,0.194451
1430,0.029473,0.019957,0.213133
1440,0.021815,0.017630,0.263608
1450,0.026843,0.020597,0.164575
1460,0.029769,0.021169,0.125981
1470,0.025359,0.020427,0.162792
1480,0.046084,0.035958,0.228577
1490,0.046980,0.035906,0.220300
1500,0.108044,0.090652,0.370469
1510,0.042184,0.031231,0.228657
1520,0.007663,0.006484,0.054382
1530,0.029616,0.022637,0.170665
1540,0.037481,0.028127,0.185609
1550,0.042036,0.033738,0.225233
1560,0.048297,0.036747,0.211069
1570,0.052800,0.036732,0.271608
1580,0.012305,0.007999,0.216367
1590,0.008570,0.006755,0.188825
1600,0.001168,0.000874,0.246804
1610,0.041108,0.031159,0.204826
1620,0.034344,0.027631,0.194414
1630,0.049852,0.038887,0.240946
1640,0.025771,0.017887,0.293765
1650,0.047938,0.038084,0.219079
1660,0.039518,0.031919,0.181304
1670,0.028592,0.020367,0.205140
1680,0.002042,0.001755,0.113912
1690,0.027950,0.021011,0.215082
1700,0.017790,0.013427,0.156151
1710,0.037261,0.028757,0.189141
1720,0.022466,0.017367,0.106510
1730,0.082884,0.059237,0.293223
1740,0.041817,0.031805,0.174707
1750,0.030455,0.023264,0.171611
1760,0.082020,0.062964,0.281209
1770,0.052842,0.041014,0.264639
1780,0.021660,0.015951,0.183410
1790,0.020517,0.015609,0.152113
1800,0.000073,0.000166,0.000417
1810,0.037710,0.028702,0.185945
1820,0.063560,0.048503,0.261649
1830,0.031892,0.024558,0.179728
1840,0.028404,0.021510,0.175130
1850,0.012656,0.010308,0.090512
1860,0.012085,0.009304,0.109155
1870,0.057050,0.044539,0.250926
1880,0.035651,0.026428,0.183016
1890,0.039129,0.030043,0.193090
1900,0.028029,0.020615,0.223635
1910,0.017581,0.012839,0.112215
1920,0.055733,0.042977,0.229183
1930,0.060944,0.047609,0.257411
1940,0.004571,0.003674,0.131764
1950,0.044403,0.035013,0.230971
1960,0.032943,0.024984,0.196377
1970,0.025574,0.018457,0.142313
1980,0.032762,0.025616,0.183757
1990,0.053305,0.041281,0.249403
2000,0.047263,0.034749,0.221261
2010,0.034349,0.023437,0.184384
2020,0.012485,0.009465,0.124442
2030,0.073962,0.054744,0.275655
2040,0.016575,0.013347,0.106426
2050,0.007700,0.005718,0.108816
2060,0.009571,0.007089,0.092753
2070,0.051249,0.038549,0.216576
2080,0.064913,0.050199,0.257230
2090,0.030963,0.024420,0.175907
2100,0.037811,0.031246,0.158309
2110,0.038989,0.029667,0.196151
2120,0.016170,0.009817,0.211768
2130,0.043339,0.033148,0.213284
2140,0.075421,0.054355,0.305079
2150,0.031059,0.023798,0.171918
2160,0.075310,0.059100,0.286125
2170,0.064321,0.049524,0.270344
2180,0.032860,0.025355,0.172203
2190,0.031728,0.023787,0.179660
2200,0.056369,0.042987,0.243934
2210,0.056644,0.044208,0.217537
2220,0.055638,0.042407,0.228945
2230,0.028735,0.022645,0.173665
2240,0.033328,0.026513,0.164372
2250,0.051078,0.039340,0.274730
2260,0.037771,0.028031,0.189759
2270,0.025748,0.019791,0.149430
2280,0.013779,0.010966,0.071179
2290,0.056432,0.044710,0.252572
2300,0.024908,0.018518,0.144044
2310,0.047464,0.037373,0.225288
2320,0.034411,0.025382,0.182230
2330,0.040440,0.031090,0.197172
2340,0.041947,0.029836,0.205886
2350,0.047192,0.035139,0.224264
2360,0.044666,0.035427,0.271841
2370,0.015141,0.011122,0.137818
2380,0.070050,0.052159,0.272351
2390,0.039972,0.031239,0.185970
2400,0.031207,0.023703,0.152069
2410,0.042038,0.032223,0.203755
2420,0.092753,0.070474,0.316037
2430,0.039580,0.030331,0.215912
2440,0.033574,0.025569,0.181060
2450,0.050048,0.036126,0.235609
2460,0.023564,0.018240,0.189076
2470,0.037639,0.027696,0.174863
2480,0.031742,0.025472,0.192630
2490,0.046890,0.034969,0.225041
2500,0.054071,0.041855,0.232478
2510,0.038766,0.027837,0.219094
2520,0.010282,0.007751,0.121487
2530,0.041450,0.031105,0.204382
2540,0.004311,0.002923,0.079999
2550,0.040194,0.030356,0.176406
2560,0.025073,0.018931,0.177600
2570,0.051223,0.038068,0.223233
2580,0.026525,0.019861,0.158271
2590,0.076174,0.058574,0.288568
2600,0.053800,0.042014,0.209143
2610,0.072906,0.056959,0.292533
2620,0.016299,0.012045,0.133019
2630,0.036150,0.028326,0.205872
2640,0.042036,0.031697,0.211156
2650,0.024630,0.019481,0.148606
2660,0.037023,0.027505,0.192264
2670,0.087333,0.066236,0.310855
2680,0.042188,0.029655,0.174778
2690,0.051805,0.039704,0.249201
2700,0.070857,0.054791,0.266400
2710,0.036802,0.027134,0.213503
2720,0.018558,0.013983,0.226617
2730,0.036909,0.026854,0.191442
2740,0.062804,0.046821,0.226825
2750,0.034450,0.025867,0.180605
2760,0.004602,0.003430,0.122954
2770,0.027361,0.019491,0.208815
2780,0.018147,0.013640,0.160710
2790,0.035486,0.027425,0.186840
2800,0.060649,0.044058,0.255541
2810,0.047214,0.036730,0.217929
2820,0.035555,0.027615,0.216268
2830,0.011105,0.008463,0.126821
2840,0.021032,0.016019,0.131602
2850,0.035071,0.024765,0.180074
2860,0.030144,0.022524,0.162214
2870,0.048034,0.037383,0.209714
2880,0.025527,0.017957,0.154557
2890,0.016645,0.013358,0.197198
2900,0.035686,0.027483,0.186106
2910,0.037380,0.028972,0.176177
2920,0.042771,0.032761,0.187987
2930,0.038224,0.028187,0.183086
2940,0.044641,0.033613,0.220530
2950,0.073280,0.056774,0.263464
2960,0.051811,0.038822,0.219462
2970,0.067771,0.051332,0.256261
2980,0.041876,0.029932,0.232154
2990,0.098554,0.073987,0.332486
3000,0.031904,0.023914,0.179678
3010,0.054393,0.041259,0.248103
3020,0.023292,0.016505,0.177853
3030,0.017160,0.013000,0.148720
3040,0.062977,0.048264,0.262808
3050,0.044312,0.033779,0.192915
3060,0.075188,0.046581,0.236020
3070,0.062318,0.048112,0.247920
3080,0.066878,0.051523,0.256018
3090,0.033197,0.023285,0.207916
3100,0.037867,0.028576,0.193209
3110,0.061146,0.047917,0.249382
3120,0.038626,0.028951,0.191754
3130,0.030812,0.023593,0.166125
3140,0.040187,0.029791,0.207047
3150,0.056663,0.041883,0.236867
3160,0.036999,0.027958,0.179655
3170,0.034989,0.026730,0.140693
3180,0.042831,0.032531,0.195259
3190,0.041272,0.033264,0.182996
3200,0.027631,0.021205,0.149991
3210,0.038301,0.029182,0.195033
3220,0.024305,0.017842,0.153809
3230,0.026370,0.020410,0.149352
3240,0.044361,0.034357,0.190549
3250,0.044280,0.033050,0.218030
3260,0.036847,0.027971,0.193150
3270,0.049556,0.037339,0.221689
3280,0.047072,0.037049,0.221882
3290,0.016754,0.012498,0.167285
3300,0.033608,0.025640,0.177043
3310,0.039261,0.030870,0.170533
3320,0.044982,0.035470,0.175159
3330,0.015856,0.011119,0.145893
3340,0.013486,0.010376,0.156682
3350,0.047688,0.035764,0.208255
3360,0.028502,0.021777,0.152931
3370,0.014008,0.010693,0.118063
3380,0.073887,0.056569,0.285773
3390,0.055709,0.042063,0.237864
3400,0.031336,0.023940,0.162282
3410,0.023894,0.017357,0.184341
3420,0.040337,0.031224,0.210403
3430,0.013803,0.010300,0.119992
3440,0.043926,0.032582,0.229764
3450,0.001616,0.001029,0.142314
3460,0.020367,0.015531,0.102260
3470,0.028705,0.022135,0.159571
3480,0.012519,0.009039,0.416572
3490,0.026088,0.020968,0.145151
3500,0.030585,0.023721,0.199630
3510,0.044342,0.033696,0.209674
3520,0.024921,0.018624,0.138772
3530,0.049651,0.039677,0.232060
3540,0.012155,0.008910,0.109464
3550,0.026089,0.020350,0.159000
3560,0.030809,0.022369,0.157843
3570,0.035279,0.026045,0.167055
3580,0.028977,0.021369,0.174884
3590,0.029403,0.021827,0.150933
3600,0.008815,0.006857,0.052015
3610,0.017210,0.013896,0.103130
3620,0.000618,0.000863,0.312697
3630,0.025969,0.019311,0.125029
3640,0.038010,0.028481,0.173147
3650,0.047932,0.037303,0.208600
3660,0.033343,0.025125,0.166858
3670,0.008832,0.006188,0.116290
3680,0.001622,0.001303,0.064653
3690,0.043460,0.032489,0.200643
3700,0.000410,0.000260,0.226691
3710,0.047691,0.034550,0.231840
3720,0.025062,0.018206,0.155655
3730,0.013902,0.010724,0.099868
3740,0.024167,0.019203,0.157899
3750,0.012335,0.009088,0.131930
3760,0.054366,0.040032,0.251627
3770,0.027080,0.020292,0.155660
3780,0.026957,0.020057,0.206399
3790,0.067067,0.053059,0.255093
3800,0.063418,0.050044,0.263686
3810,0.023738,0.018001,0.147401
3820,0.070242,0.051813,0.278510
3830,0.029130,0.022828,0.169458
3840,0.026258,0.019958,0.145453
3850,0.029342,0.023098,0.153026
3860,0.018677,0.014062,0.152478
3870,0.039593,0.029892,0.190629
3880,0.037478,0.029248,0.188750
3890,0.018411,0.013963,0.140983
3900,0.032400,0.024234,0.179110
3910,0.010640,0.007908,0.112111
3920,0.000089,0.000165,0.000410
3930,0.029130,0.021838,0.143898
3940,0.020598,0.015343,0.165000
3950,0.012203,0.009069,0.105206
3960,0.017366,0.013797,0.139106
3970,0.037914,0.028357,0.188944
3980,0.014837,0.011951,0.124219
3990,0.049773,0.039722,0.209278
4000,0.023239,0.018828,0.171731
4010,0.047877,0.035394,0.208306
4020,0.048883,0.037546,0.209972
4030,0.040401,0.030892,0.200489
4040,0.022092,0.016444,0.141836
4050,0.014892,0.010985,0.132641
4060,0.010372,0.007760,0.117009
4070,0.066307,0.051523,0.262888
4080,0.014083,0.011432,0.125010
4090,0.034713,0.026651,0.175545
4100,0.045893,0.035156,0.217437
4110,0.021522,0.016420,0.159438
4120,0.037125,0.027194,0.196488
4130,0.034987,0.025993,0.156674
4140,0.031538,0.023731,0.191568
4150,0.059053,0.050049,0.236455
4160,0.035559,0.027094,0.197535
4170,0.021792,0.016335,0.128327
4180,0.031381,0.023623,0.166337
4190,0.011345,0.008285,0.123120
4200,0.020745,0.016161,0.096045
4210,0.038900,0.029078,0.179283
4220,0.001268,0.000958,0.093425
4230,0.018976,0.013802,0.147069
4240,0.023309,0.017632,0.184168
4250,0.036967,0.028190,0.168650
4260,0.034755,0.026340,0.162078
4270,0.042808,0.032091,0.179541
4280,0.017321,0.013155,0.116831
4290,0.051267,0.040120,0.205406
4300,0.051287,0.040859,0.198615
4310,0.041500,0.032076,0.199225
4320,0.059441,0.045217,0.263771
4330,0.015002,0.011182,0.135446
4340,0.027316,0.019848,0.120883
4350,0.034292,0.024494,0.178254
4360,0.018969,0.014604,0.140923
4370,0.039897,0.030314,0.189988
4380,0.042509,0.031914,0.199518
4390,0.053673,0.041062,0.215179
4400,0.021824,0.016478,0.166420
4410,0.031667,0.023598,0.170069
4420,0.008579,0.006098,0.139933
4430,0.072976,0.055094,0.271708
4440,0.005740,0.005094,0.034894
4450,0.039107,0.031330,0.175677
4460,0.013478,0.009807,0.124203
4470,0.061298,0.052378,0.265728
4480,0.027715,0.020163,0.170585
4490,0.024776,0.018784,0.162930
4500,0.041630,0.031268,0.193746
4510,0.052823,0.040564,0.221264
4520,0.032744,0.024703,0.165160
4530,0.046311,0.034279,0.206036
4540,0.014970,0.011299,0.126991
4550,0.050664,0.038678,0.209825
4560,0.033391,0.025239,0.177340
4570,0.018404,0.014130,0.098663
4580,0.053531,0.041833,0.213884
4590,0.025372,0.018955,0.150277
4600,0.023984,0.018593,0.155000
4610,0.011958,0.009180,0.120356
4620,0.010151,0.008002,0.055216
4630,0.008276,0.006216,0.142814
4640,0.038320,0.027584,0.205898
4650,0.045264,0.034778,0.201559
4660,0.026822,0.019995,0.156441
4670,0.026670,0.020875,0.122344
4680,0.040876,0.030173,0.189340
4690,0.026028,0.019509,0.170396
4700,0.031537,0.024432,0.177502
4710,0.039467,0.029624,0.186165
4720,0.167523,0.128443,0.492168
4730,0.053820,0.040587,0.226211
4740,0.063736,0.049130,0.252042
4750,0.026229,0.019149,0.169601
4760,0.045274,0.034782,0.203768
4770,0.028325,0.021696,0.157717
4780,0.074757,0.057099,0.267364
4790,0.051282,0.038887,0.220389
4800,0.055686,0.042071,0.250677
4810,0.045248,0.033374,0.184528
4820,0.041791,0.032802,0.200806
4830,0.020549,0.014991,0.169673
4840,0.066503,0.050423,0.248239
4850,0.021617,0.015811,0.186058
4860,0.046581,0.035910,0.201940
4870,0.047529,0.035350,0.206247
4880,0.033182,0.027410,0.174881
4890,0.037719,0.026415,0.144897
4900,0.036036,0.027276,0.175788
4910,0.003682,0.003045,0.658366
4920,0.008113,0.005803,0.125950
4930,0.027361,0.020260,0.158672
4940,0.004336,0.003340,0.132814
4950,0.044824,0.034684,0.202713
4960,0.034483,0.025331,0.187267
4970,0.002196,0.001670,0.018041
4980,0.026265,0.019759,0.160673
4990,0.008230,0.005948,0.102139
5000,0.033390,0.027701,0.172169
5010,0.008864,0.006130,0.138436
5020,0.044271,0.032922,0.203624
5030,0.020743,0.015678,0.117139
5040,0.006630,0.005103,0.107189
5050,0.047329,0.036443,0.219814
5060,0.031649,0.022608,0.227984
5070,0.002868,0.002632,0.132643
5080,0.024800,0.018957,0.201135
5090,0.031327,0.022721,0.165851
5100,0.037467,0.029142,0.148963
5110,0.031301,0.024478,0.181879
5120,0.051607,0.040121,0.300849
5130,0.012384,0.009655,0.117045
5140,0.066678,0.051522,0.248921
5150,0.033364,0.024779,0.174424
5160,0.010870,0.007298,0.146783
5170,0.041982,0.032717,0.223352
5180,0.072484,0.055668,0.268145
5190,0.026572,0.020349,0.170546
5200,0.021206,0.016082,0.094416
5210,0.029356,0.022657,0.167350
5220,0.024162,0.018597,0.167832
5230,0.013238,0.009790,0.168633
5240,0.050503,0.038500,0.211155
5250,0.034392,0.027013,0.187007
5260,0.025926,0.017273,0.170757
5270,0.035583,0.026540,0.161703
5280,0.028918,0.020200,0.149677
5290,0.053950,0.038081,0.221660
5300,0.012113,0.009035,0.110219
5310,0.031902,0.024949,0.163291
5320,0.067682,0.053038,0.237895
5330,0.022740,0.016998,0.174172
5340,0.020804,0.015198,0.098073
5350,0.029873,0.022643,0.177804
5360,0.020504,0.015477,0.101024
5370,0.038440,0.029739,0.178203
5380,0.045069,0.035219,0.179689
5390,0.029516,0.022987,0.137622
5400,0.050054,0.037555,0.217180
5410,0.043875,0.032475,0.180860
5420,0.047610,0.036373,0.217370
5430,0.025971,0.019609,0.165316
5440,0.033253,0.024529,0.186165
5450,0.016880,0.011960,0.141157
5460,0.017349,0.013001,0.089819
5470,0.034802,0.026718,0.190389
5480,0.004085,0.002994,0.303711
5490,0.035107,0.027559,0.174160
5500,0.024588,0.018345,0.146840
5510,0.014754,0.010080,0.129591
5520,0.039470,0.032246,0.188938
5530,0.036486,0.028058,0.162231
5540,0.010906,0.008342,0.120040
5550,0.054900,0.041635,0.224430
5560,0.019609,0.015289,0.172028
5570,0.035201,0.026459,0.178796
5580,0.049898,0.037494,0.207858
5590,0.052843,0.038898,0.211314
5600,0.068257,0.052593,0.248668
5610,0.012514,0.008888,0.156169
5620,0.038447,0.028689,0.158322
5630,0.025366,0.019476,0.112984
5640,0.028521,0.021176,0.162134
5650,0.027354,0.020780,0.168700
5660,0.006988,0.005696,0.669237
5670,0.033504,0.025771,0.165877
5680,0.038141,0.029365,0.176873
5690,0.041783,0.031764,0.202038
5700,0.056878,0.042497,0.243110
5710,0.030555,0.023796,0.164664
5720,0.029596,0.022635,0.167695
5730,0.035365,0.026973,0.175820
5740,0.048948,0.037807,0.203374
5750,0.027801,0.020405,0.182088
5760,0.020008,0.015218,0.159202
5770,0.047242,0.034731,0.205871
5780,0.030035,0.022674,0.163244
5790,0.026939,0.019161,0.188247
5800,0.011817,0.009265,0.199525
5810,0.010564,0.007850,0.106426
5820,0.016031,0.011832,0.244189
5830,0.050955,0.039231,0.225133
5840,0.030734,0.022628,0.168769
5850,0.020304,0.015577,0.145165
5860,0.023133,0.017006,0.155289
5870,0.073794,0.055474,0.259006
5880,0.058427,0.043225,0.236926
5890,0.011336,0.008713,0.121780
5900,0.036258,0.026934,0.158075
5910,0.036625,0.028279,0.173869
5920,0.057120,0.044170,0.236882
5930,0.027738,0.021184,0.148951
5940,0.041215,0.031363,0.176898
5950,0.022003,0.015953,0.159828
5960,0.018296,0.013870,0.117821
5970,0.037280,0.028527,0.279844
5980,0.009800,0.006600,0.126931
5990,0.024277,0.018527,0.118057
6000,0.044407,0.034154,0.190144
6010,0.033797,0.025443,0.200964
6020,0.056464,0.043084,0.247091
6030,0.023443,0.018399,0.178694
6040,0.048461,0.037941,0.208280
6050,0.081877,0.063288,0.288709
6060,0.050020,0.037605,0.224221
6070,0.036918,0.027607,0.175103
6080,0.057325,0.044780,0.238120
6090,0.037799,0.028738,0.183027
6100,0.032733,0.024528,0.182422
6110,0.020010,0.014644,0.150605
6120,0.018983,0.014228,0.132975
6130,0.030237,0.023059,0.142357
6140,0.055858,0.040449,0.222376
6150,0.034263,0.026340,0.163985
6160,0.028778,0.022356,0.154479
6170,0.043520,0.035237,0.182009
6180,0.020042,0.014176,0.135471
6190,0.029619,0.022941,0.134843
6200,0.045105,0.033956,0.192279
6210,0.034671,0.025242,0.137211
6220,0.028818,0.020722,0.142523
6230,0.043288,0.031874,0.183896
6240,0.010067,0.007147,0.124453
6250,0.022069,0.016529,0.153102
6260,0.039713,0.030791,0.199289
6270,0.024490,0.018488,0.152776
6280,0.029420,0.022133,0.217177
6290,0.034158,0.025009,0.162597
6300,0.027987,0.020659,0.138261
6310,0.032264,0.025770,0.133761
6320,0.035468,0.027137,0.175401
6330,0.023907,0.018586,0.148076
6340,0.003086,0.003422,0.031162
6350,0.029282,0.021930,0.159605
6360,0.041833,0.032254,0.180210
6370,0.027959,0.019586,0.185609
6380,0.018334,0.013969,0.149168
6390,0.046005,0.034642,0.171192
6400,0.042646,0.032120,0.168814
6410,0.029388,0.021676,0.137731
6420,0.039052,0.029061,0.153383
6430,0.020935,0.015260,0.154890
6440,0.044642,0.034092,0.213117
6450,0.029022,0.021907,0.150704
6460,0.048788,0.037412,0.192709
6470,0.029368,0.021144,0.193365
6480,0.009600,0.006967,0.114206
6490,0.019839,0.015565,0.146491
6500,0.024553,0.019267,0.166778
6510,0.014958,0.007674,0.241893
6520,0.018325,0.013899,0.130259
6530,0.023424,0.018012,0.119300
6540,0.026503,0.019995,0.148356
6550,0.004805,0.003820,0.054058
6560,0.021729,0.016226,0.145768
6570,0.033183,0.025007,0.171621
6580,0.043137,0.032857,0.201589
6590,0.000093,0.000121,0.000370
6600,0.061952,0.046377,0.213897
6610,0.026600,0.019744,0.161519
6620,0.026318,0.019800,0.143117
6630,0.035622,0.026518,0.172598
6640,0.020177,0.015873,0.124657
6650,0.032562,0.023445,0.201943
6660,0.019472,0.014829,0.144634
6670,0.049778,0.037265,0.210816
6680,0.029009,0.021486,0.158912
6690,0.020724,0.015835,0.194149
6700,0.050513,0.038123,0.216828
6710,0.048293,0.035762,0.189514
6720,0.027969,0.021250,0.157449
6730,0.045895,0.034617,0.198017
6740,0.025473,0.018590,0.155026
6750,0.042063,0.032032,0.194181
6760,0.024216,0.017763,0.155702
6770,0.040648,0.029505,0.174372
6780,0.007846,0.005798,0.101675
6790,0.015960,0.011185,0.129320
6800,0.010008,0.007990,0.085294
6810,0.031494,0.024589,0.183807
6820,0.054574,0.041645,0.221866
6830,0.056117,0.043903,0.223551
6840,0.017099,0.013248,0.134007
6850,0.032096,0.024298,0.166861
6860,0.046794,0.035643,0.202392
6870,0.038424,0.029306,0.173139
6880,0.026780,0.020645,0.125396
6890,0.041841,0.032154,0.180978
6900,0.039308,0.029897,0.183776
6910,0.045339,0.034961,0.188335
6920,0.006775,0.004843,0.110224
6930,0.030090,0.022606,0.140155
6940,0.046941,0.037682,0.228139
6950,0.009879,0.007258,0.119661
6960,0.041735,0.031567,0.190896
6970,0.017418,0.012909,0.125910
6980,0.053066,0.040856,0.226752
6990,0.022944,0.017640,0.143024
7000,0.043327,0.034825,0.229903
7010,0.023620,0.018907,0.099982
7020,0.016458,0.012402,0.109249
7030,0.021059,0.015817,0.151843
7040,0.044536,0.033862,0.198170
7050,0.029319,0.023081,0.138306
7060,0.023052,0.017947,0.142094
7070,0.014852,0.011692,0.133624
7080,0.035297,0.025771,0.191159
7090,0.007756,0.006505,0.063584
7100,0.048293,0.037592,0.205244
7110,0.044226,0.033552,0.205056
7120,0.061168,0.046773,0.224471
7130,0.053278,0.041228,0.213597
7140,0.059476,0.045334,0.231018
7150,0.028982,0.020984,0.198086
7160,0.031381,0.024300,0.174218
7170,0.032019,0.022597,0.142135
7180,0.025975,0.019463,0.156458
7190,0.030651,0.023427,0.160811
7200,0.053192,0.040423,0.218205
7210,0.040647,0.030916,0.188932
7220,0.028236,0.021857,0.149773
7230,0.059695,0.044743,0.245609
7240,0.029001,0.021077,0.203737
7250,0.039755,0.031533,0.199099
7260,0.031124,0.023269,0.178642
7270,0.025939,0.019063,0.193219
7280,0.036953,0.029169,0.177655
7290,0.036661,0.028398,0.167489
7300,0.036678,0.027477,0.178472
7310,0.014470,0.011080,0.127340
7320,0.030615,0.022762,0.154315
7330,0.045952,0.035739,0.210916
7340,0.058146,0.043932,0.232250
7350,0.025645,0.019314,0.146268
7360,0.015713,0.011302,0.130478
7370,0.017936,0.013313,0.145334
7380,0.058254,0.044668,0.231215
7390,0.027444,0.020770,0.121905
7400,0.074619,0.056709,0.265660
7410,0.016658,0.012420,0.131531
7420,0.028702,0.021429,0.160203
7430,0.001933,0.001487,0.074288
7440,0.028776,0.021464,0.151899
7450,0.028048,0.020834,0.157957
7460,0.053943,0.040923,0.216829
7470,0.006746,0.005300,0.052475
7480,0.004619,0.003468,0.122578
7490,0.053915,0.038538,0.239604
7500,0.015994,0.012067,0.130791
7510,0.014841,0.011300,0.084629
7520,0.038207,0.029090,0.183814
7530,0.022483,0.017146,0.127633
7540,0.009310,0.006886,0.301937
7550,0.016092,0.013049,0.133804
7560,0.037046,0.027872,0.181213
7570,0.028906,0.022088,0.157430
7580,0.027354,0.020310,0.155316
7590,0.021897,0.016520,0.136084
7600,0.035932,0.028017,0.150685
7610,0.048750,0.037251,0.201882
7620,0.018526,0.014030,0.132712
7630,0.034813,0.026437,0.164670
7640,0.029897,0.022510,0.159144
7650,0.058530,0.045146,0.203545
7660,0.022908,0.016778,0.143459
7670,0.011486,0.008573,0.111351
7680,0.015805,0.011324,0.111804
7690,0.015349,0.011337,0.129539
7700,0.028360,0.021077,0.155980
7710,0.037306,0.028311,0.174830
7720,0.012817,0.009636,0.113010
7730,0.043837,0.034052,0.178178
7740,0.030811,0.022352,0.150911
7750,0.030232,0.022845,0.168113
7760,0.000085,0.000091,0.000307
7770,0.054964,0.042158,0.226600
7780,0.023205,0.017141,0.132511
7790,0.046396,0.034685,0.174487
7800,0.024833,0.021164,0.102637
7810,0.029527,0.022952,0.184284
7820,0.016822,0.012655,0.137174
7830,0.016345,0.011978,0.124917
7840,0.018501,0.013776,0.095426
7850,0.021419,0.016040,0.093789
7860,0.032467,0.024494,0.130562
7870,0.019989,0.015726,0.107683
7880,0.030113,0.021164,0.180199
7890,0.038851,0.028887,0.181846
7900,0.046742,0.034782,0.213737
7910,0.016660,0.012532,0.135997
7920,0.006096,0.004402,0.114314
7930,0.032789,0.024852,0.159509
7940,0.041373,0.032144,0.187373
7950,0.034240,0.026495,0.177295
7960,0.021872,0.016164,0.146446
7970,0.034892,0.026763,0.145111
7980,0.008699,0.005623,0.060147
7990,0.003005,0.001963,0.152052
8000,0.042218,0.032363,0.200484
8010,0.029127,0.021639,0.149264
8020,0.023446,0.017964,0.137887
8030,0.040758,0.028973,0.159148
8040,0.048778,0.037307,0.201981
8050,0.016799,0.012181,0.138300
8060,0.056129,0.043078,0.201130
8070,0.021249,0.015767,0.145362
8080,0.004858,0.003319,0.142638
8090,0.025041,0.019144,0.149668
8100,0.042650,0.033525,0.205328
8110,0.023570,0.018509,0.106996
8120,0.033252,0.024573,0.182851
8130,0.016699,0.012982,0.089731
8140,0.030994,0.023666,0.180703
8150,0.028693,0.022262,0.160413
8160,0.012401,0.009493,0.129635
8170,0.064649,0.048818,0.240920
8180,0.072831,0.055470,0.265200
8190,0.022807,0.016890,0.167527
8200,0.031392,0.023142,0.172125
8210,0.019178,0.014244,0.133157
8220,0.026410,0.020410,0.154072
8230,0.019384,0.014775,0.143772
8240,0.029362,0.021971,0.155324
8250,0.027278,0.020146,0.156415
8260,0.032618,0.025402,0.170305
8270,0.001349,0.001082,0.138989
8280,0.020630,0.015496,0.130358
8290,0.033428,0.025374,0.164676
8300,0.015692,0.011734,0.139923
8310,0.036365,0.027431,0.153713
8320,0.029566,0.022606,0.161762
8330,0.019352,0.014820,0.128399
8340,0.017444,0.012940,0.125538
8350,0.031181,0.023853,0.164068
8360,0.015669,0.010947,0.195477
8370,0.016958,0.012798,0.107723
8380,0.056502,0.043048,0.229484
8390,0.020606,0.015474,0.123655
8400,0.014682,0.011381,0.101622
8410,0.000879,0.000743,0.084077
8420,0.019470,0.014383,0.127730
8430,0.032205,0.024584,0.161833
8440,0.031660,0.023960,0.167730
8450,0.046321,0.035721,0.204385
8460,0.011622,0.007007,0.517376
8470,0.028832,0.022059,0.160587
8480,0.040628,0.031276,0.164451
8490,0.020076,0.015025,0.144963
8500,0.035909,0.029637,0.179304
8510,0.069419,0.054220,0.254294
8520,0.010956,0.008263,0.073848
8530,0.008008,0.006545,0.137305
8540,0.042118,0.031661,0.188377
8550,0.024333,0.018735,0.191773
8560,0.010035,0.008151,0.201633
8570,0.038085,0.028639,0.178832
8580,0.038817,0.029527,0.175319
8590,0.026173,0.019745,0.159985
8600,0.026405,0.019899,0.134140
8610,0.005483,0.003796,0.114285
8620,0.054233,0.041255,0.204078
8630,0.057233,0.044315,0.226518
8640,0.018687,0.014333,0.087979
8650,0.040308,0.030323,0.189424
8660,0.042049,0.030899,0.193306
8670,0.019408,0.014301,0.145131
8680,0.061301,0.046900,0.235359
8690,0.021064,0.016227,0.135749
8700,0.055369,0.039178,0.216346
8710,0.024276,0.018203,0.150729
8720,0.034929,0.025378,0.164105
8730,0.026383,0.019815,0.165011
8740,0.015307,0.011532,0.150856
8750,0.031663,0.023885,0.172598
8760,0.031558,0.024260,0.159391
8770,0.046169,0.036578,0.203837
8780,0.030908,0.023077,0.157824
8790,0.022752,0.017041,0.110745
8800,0.048130,0.035905,0.186461
8810,0.045737,0.034874,0.206994
8820,0.077806,0.060100,0.276214
8830,0.048906,0.036054,0.198116
8840,0.027934,0.020843,0.129063
8850,0.004154,0.003033,0.138005
8860,0.037823,0.029140,0.161524
8870,0.037127,0.028035,0.211309
8880,0.029865,0.022474,0.176645
8890,0.050055,0.038423,0.188817
8900,0.006527,0.005052,0.102988
8910,0.072354,0.055057,0.268921
8920,0.021646,0.016120,0.141934
8930,0.070162,0.052633,0.258975
8940,0.030142,0.022810,0.149451
8950,0.027685,0.020703,0.159289
8960,0.028716,0.021150,0.173244
8970,0.012086,0.009253,0.106822
8980,0.032609,0.024501,0.161951
8990,0.014403,0.011260,0.110374
9000,0.024046,0.018863,0.141473
9010,0.039811,0.036182,0.218139
9020,0.013973,0.010161,0.173969
9030,0.046471,0.034858,0.174283
9040,0.020671,0.015893,0.153159
9050,0.016297,0.012138,0.126434
9060,0.050490,0.039121,0.184728
9070,0.020828,0.015984,0.107877
9080,0.015587,0.011733,0.124939
9090,0.022312,0.016936,0.117319
9100,0.054051,0.040564,0.210519
9110,0.017827,0.013425,0.147139
9120,0.042005,0.031322,0.291336
9130,0.032629,0.024563,0.162706
9140,0.030043,0.022841,0.149478
9150,0.009396,0.007518,0.122027
9160,0.023167,0.017111,0.144226
9170,0.019539,0.014575,0.141555
9180,0.021840,0.016352,0.133714
9190,0.022808,0.017339,0.137891
9200,0.023348,0.017700,0.136513
9210,0.023251,0.017638,0.145543
9220,0.004379,0.003112,0.175244
9230,0.000823,0.000674,0.260460
9240,0.034727,0.026431,0.170861
9250,0.014054,0.010030,0.115116
9260,0.033598,0.026050,0.147279
9270,0.021840,0.016205,0.131477
9280,0.022160,0.017215,0.174506
9290,0.027475,0.020490,0.154294
9300,0.016484,0.012356,0.127236
9310,0.018037,0.014841,0.099878
9320,0.008826,0.006885,0.128335
9330,0.027067,0.019626,0.174008
9340,0.025623,0.019347,0.150909
9350,0.005805,0.004653,0.095598
9360,0.003838,0.002924,0.025458
9370,0.032350,0.024155,0.174788
9380,0.024330,0.018702,0.114258
9390,0.017156,0.013319,0.123882
9400,0.055222,0.041635,0.226440
9410,0.010005,0.007579,0.100399
9420,0.054340,0.048911,0.290797
9430,0.017539,0.013119,0.126882
9440,0.033880,0.025182,0.159529
9450,0.032197,0.025216,0.135548
9460,0.035503,0.025948,0.170766
9470,0.022656,0.017193,0.112482
9480,0.037270,0.027939,0.172224
9490,0.037026,0.028480,0.173516
9500,0.024531,0.018328,0.143815
9510,0.021532,0.016398,0.114997
9520,0.004013,0.002921,0.093842
9530,0.004287,0.003404,0.102176
9540,0.012739,0.009828,0.147330
9550,0.044771,0.033717,0.188862
9560,0.035042,0.026971,0.162914
9570,0.024036,0.018262,0.157288
9580,0.039973,0.030638,0.180382
9590,0.052707,0.039693,0.215268
9600,0.051998,0.039301,0.207969
9610,0.020865,0.015166,0.154418
9620,0.027198,0.020737,0.169789
9630,0.028414,0.022094,0.119056
9640,0.012592,0.009519,0.109693
9650,0.040184,0.030604,0.183485
9660,0.013951,0.014015,0.092652
9670,0.026478,0.019888,0.154171
9680,0.004874,0.003460,0.085016
9690,0.028933,0.022400,0.181166
9700,0.029272,0.021782,0.155538
9710,0.021328,0.018424,0.099244
9720,0.011854,0.009416,0.116883
9730,0.005624,0.005929,0.183027
9740,0.023389,0.017532,0.186421
9750,0.048795,0.037360,0.198872
9760,0.034505,0.025974,0.157785
9770,0.005272,0.004330,0.133201
9780,0.046101,0.034994,0.161330
9790,0.023469,0.017111,0.122056
9800,0.048952,0.036290,0.202130
9810,0.055247,0.041118,0.196161
9820,0.060548,0.046425,0.232735
9830,0.032634,0.024385,0.177790
9840,0.043266,0.033101,0.170589
9850,0.024775,0.018761,0.148736
9860,0.031310,0.023876,0.146960
9870,0.024146,0.018718,0.123324
9880,0.015253,0.011043,0.093005
9890,0.045717,0.035061,0.194854
9900,0.046601,0.035664,0.191755
9910,0.054765,0.041525,0.226203
9920,0.012885,0.009578,0.106584
9930,0.070734,0.052291,0.256329
9940,0.019668,0.015008,0.108223
9950,0.027611,0.020365,0.186655
9960,0.002586,0.001979,0.086517
9970,0.010847,0.008061,0.100006
9980,0.006666,0.005253,0.032633
9990,0.031860,0.024637,0.154386
10000,0.029348,0.022362,0.156037
10010,0.043221,0.031995,0.200960
10020,0.004471,0.003542,0.118677
10030,0.022586,0.017027,0.154867
10040,0.040448,0.031057,0.167716
10050,0.037593,0.028448,0.175388
10060,0.025343,0.019218,0.158356
10070,0.063285,0.046849,0.255006
10080,0.013681,0.010194,0.114183
10090,0.029836,0.022451,0.162352
10100,0.044912,0.034498,0.193420
10110,0.040242,0.030230,0.163866
10120,0.018428,0.014032,0.128198
10130,0.025494,0.017865,0.154152
10140,0.008649,0.006908,0.068174
10150,0.030307,0.023505,0.182050
10160,0.022470,0.016960,0.135913
10170,0.036389,0.028145,0.146549
10180,0.058317,0.043452,0.223621
10190,0.006057,0.004487,0.098742
10200,0.017099,0.013331,0.158188
10210,0.062590,0.048644,0.237054
10220,0.017877,0.012971,0.142129
10230,0.017877,0.013788,0.145605
10240,0.049858,0.035238,0.212432
10250,0.018628,0.013889,0.122781
10260,0.031172,0.024224,0.179248
10270,0.026807,0.018420,0.161649
10280,0.029601,0.022438,0.157537
10290,0.037687,0.028707,0.189691
10300,0.048050,0.036260,0.194241
10310,0.039820,0.030446,0.181726
10320,0.034139,0.025914,0.174521
10330,0.033140,0.024733,0.158289
10340,0.055600,0.043556,0.223769
10350,0.019050,0.013555,0.149486
10360,0.005276,0.004329,0.238288
10370,0.006838,0.004520,0.089222
10380,0.021442,0.015934,0.146169
10390,0.061169,0.046151,0.232774
10400,0.033501,0.025666,0.169274
10410,0.016710,0.012727,0.099216
10420,0.043742,0.032741,0.173141
10430,0.029348,0.021798,0.156621
10440,0.073211,0.054875,0.264537
10450,0.039869,0.029261,0.192288
10460,0.053920,0.041022,0.220786
10470,0.028148,0.021212,0.127876
10480,0.030932,0.023165,0.171507
10490,0.017639,0.012841,0.148999
10500,0.022294,0.015610,0.144291
10510,0.032340,0.024110,0.158954
10520,0.063645,0.048316,0.236011
10530,0.021973,0.015690,0.166184
10540,0.038256,0.027302,0.187519
10550,0.056866,0.043964,0.222490
10560,0.030725,0.022938,0.145654
10570,0.023871,0.018623,0.145691
10580,0.028884,0.022635,0.151193
10590,0.018251,0.013401,0.143402
10600,0.027059,0.020178,0.148732
10610,0.024603,0.018843,0.145747
10620,0.011384,0.008332,0.137577
10630,0.027305,0.021524,0.108959
10640,0.013942,0.010496,0.119806
10650,0.024564,0.018314,0.151998
10660,0.028379,0.021411,0.141909
10670,0.023130,0.017580,0.138846
10680,0.027832,0.021189,0.152507
10690,0.000927,0.000809,0.128879
10700,0.038789,0.029938,0.181221
10710,0.038054,0.028576,0.176531
10720,0.050202,0.037721,0.225831
10730,0.038551,0.029107,0.183106
10740,0.025060,0.019991,0.166541
10750,0.046568,0.035636,0.187745
10760,0.024425,0.018552,0.145864
10770,0.042844,0.032527,0.199017
10780,0.047050,0.035178,0.201751
10790,0.035329,0.026488,0.186465
10800,0.025554,0.019444,0.162286
10810,0.016777,0.012894,0.140235
10820,0.041446,0.031439,0.187511
10830,0.026193,0.020523,0.155331
10840,0.030694,0.023507,0.147490
10850,0.028188,0.024798,0.147066
10860,0.010960,0.008003,0.122669
10870,0.010983,0.008148,0.105047
10880,0.028251,0.021615,0.155104
10890,0.047608,0.035698,0.199415
10900,0.030693,0.022712,0.167054
10910,0.055157,0.041930,0.185459
10920,0.057501,0.043559,0.220880
10930,0.040997,0.031064,0.178307
10940,0.036467,0.027769,0.168887
10950,0.039759,0.029779,0.195178
10960,0.080263,0.061169,0.279525
10970,0.032718,0.024350,0.173042
10980,0.017483,0.014354,0.083447
10990,0.033596,0.025042,0.168058
11000,0.033760,0.023053,0.185669
11010,0.020351,0.015287,0.115152
11020,0.039877,0.030113,0.188782
11030,0.026698,0.020090,0.149171
11040,0.039563,0.030780,0.156048
11050,0.028369,0.020996,0.157913
11060,0.030241,0.022791,0.131828
11070,0.000135,0.000226,0.000519
11080,0.023182,0.017102,0.185480
11090,0.022007,0.016347,0.136676
11100,0.048346,0.037023,0.192393
11110,0.017970,0.013659,0.139908
11120,0.031237,0.023922,0.155530
11130,0.053311,0.040802,0.203505
11140,0.023222,0.017103,0.128301
11150,0.002069,0.002904,0.143809
11160,0.027869,0.020582,0.127320
11170,0.030835,0.023174,0.145375
11180,0.080408,0.061239,0.279317
11190,0.015958,0.012121,0.268355
11200,0.015623,0.011800,0.095528
11210,0.036171,0.028405,0.184240
11220,0.016746,0.012338,0.128347
11230,0.021542,0.016050,0.150388
11240,0.032727,0.024814,0.159472
11250,0.010248,0.007986,0.093140
11260,0.014810,0.010760,0.131137
11270,0.033565,0.025761,0.174191
11280,0.028341,0.021535,0.145712
11290,0.028673,0.021996,0.121272
11300,0.020185,0.015339,0.128422
11310,0.032438,0.025812,0.190144
11320,0.012322,0.009778,0.097158
11330,0.035797,0.026601,0.164793
11340,0.030379,0.024577,0.156948
11350,0.031174,0.023253,0.188025
11360,0.009634,0.007537,0.137969
11370,0.024479,0.018432,0.152157
11380,0.043433,0.033223,0.178221
11390,0.017305,0.012784,0.133493
11400,0.010030,0.007117,0.065312
11410,0.023048,0.016547,0.151730
11420,0.012773,0.009841,0.126948
11430,0.011374,0.008330,0.096372
11440,0.005516,0.004116,0.118919
11450,0.026542,0.020204,0.122693
11460,0.019443,0.014691,0.127182
11470,0.029575,0.022326,0.153213
11480,0.037408,0.028161,0.155643
11490,0.035872,0.027622,0.175639
11500,0.010263,0.007500,0.099536
11510,0.015729,0.011434,0.118791
11520,0.014036,0.011143,0.092492
11530,0.001661,0.001476,0.659027
11540,0.033786,0.025530,0.185041
11550,0.027052,0.019429,0.286682
11560,0.024799,0.018986,0.126100
11570,0.018579,0.013957,0.126099
11580,0.053663,0.041436,0.223621
11590,0.047564,0.036271,0.194698
11600,0.035452,0.027226,0.155742
11610,0.051112,0.041412,0.227204
11620,0.018703,0.014308,0.146046
11630,0.035465,0.026143,0.140499
11640,0.042239,0.032080,0.188268
11650,0.000898,0.000564,0.033311
11660,0.023871,0.017803,0.141125
11670,0.036482,0.027765,0.179695
11680,0.057768,0.043177,0.227510
11690,0.011835,0.008946,0.105584
11700,0.017781,0.013225,0.151118
11710,0.029872,0.023445,0.128835
11720,0.003780,0.002820,0.147611
11730,0.069108,0.053719,0.234576
11740,0.055324,0.041748,0.220060
11750,0.029435,0.022043,0.157781
11760,0.030113,0.022384,0.169076
11770,0.033344,0.025621,0.160894
11780,0.019631,0.014646,0.140339
11790,0.034539,0.026319,0.159141
11800,0.029576,0.022428,0.150020
11810,0.020617,0.015396,0.130833
11820,0.028953,0.022336,0.136682
11830,0.054098,0.041814,0.231951
11840,0.024375,0.018527,0.138486
11850,0.049657,0.037423,0.201351
11860,0.045693,0.035088,0.200367
11870,0.054987,0.041894,0.217242
11880,0.022647,0.016977,0.145097
11890,0.020026,0.014940,0.125071
11900,0.030181,0.023005,0.145609
11910,0.027461,0.020861,0.147891
11920,0.016789,0.012562,0.124950
11930,0.013379,0.009554,0.121285
11940,0.024014,0.018022,0.142115
11950,0.019938,0.015297,0.107527
11960,0.020376,0.014549,0.141837
11970,0.021833,0.015853,0.132827
11980,0.016655,0.012264,0.125602
11990,0.031487,0.024116,0.148519
12000,0.020485,0.014990,0.150314
12010,0.012783,0.009374,0.117661
12020,0.031248,0.024269,0.137630
12030,0.040160,0.031106,0.199818
12040,0.006218,0.004554,0.081366
12050,0.047000,0.036615,0.206508
12060,0.060572,0.045033,0.232921
12070,0.002548,0.002003,0.074688
12080,0.012879,0.009497,0.118232
12090,0.037539,0.028536,0.174968
12100,0.013792,0.010562,0.091543
12110,0.033467,0.025608,0.153388
12120,0.018502,0.013373,0.129001
12130,0.003544,0.002560,0.226607
12140,0.017837,0.013062,0.101323
12150,0.034128,0.025832,0.167046
12160,0.037575,0.027912,0.176303
12170,0.024236,0.018414,0.139082
12180,0.051984,0.039287,0.241774
12190,0.024902,0.018800,0.136699
12200,0.029180,0.022263,0.135378
12210,0.027887,0.021200,0.155936
12220,0.029224,0.022121,0.156178
12230,0.011474,0.008734,0.103127
12240,0.013369,0.011743,0.090458
12250,0.040184,0.030400,0.178136
12260,0.007406,0.005698,0.082561
12270,0.039735,0.030036,0.184608
12280,0.040755,0.030229,0.164026
12290,0.055158,0.040961,0.222469
12300,0.021537,0.016239,0.099137
12310,0.032601,0.024319,0.154564
12320,0.025291,0.018633,0.116164
12330,0.017093,0.012604,0.130554
12340,0.063703,0.049390,0.244277
12350,0.013048,0.009869,0.109384
12360,0.009999,0.007437,0.090177
12370,0.037611,0.028808,0.170958
12380,0.036132,0.027176,0.175373
12390,0.032888,0.023745,0.164567
12400,0.034258,0.025286,0.163669
12410,0.027875,0.020900,0.151494
12420,0.035627,0.027320,0.160633
12430,0.035083,0.027928,0.193866
12440,0.028272,0.021783,0.138865
12450,0.027907,0.020704,0.150974
12460,0.016725,0.012480,0.120098
12470,0.061438,0.049207,0.238163
12480,0.029584,0.022192,0.163806
12490,0.037864,0.030240,0.226945
12500,0.036776,0.028483,0.159520
12510,0.035200,0.026104,0.173153
12520,0.007540,0.005937,0.111610
12530,0.062059,0.046296,0.236069
12540,0.010758,0.007958,0.109867
12550,0.022147,0.016625,0.148975
12560,0.016261,0.012164,0.120863
12570,0.016553,0.011984,0.129908
12580,0.040556,0.029989,0.180137
12590,0.043610,0.033406,0.190305
12600,0.029270,0.022278,0.157701
12610,0.019859,0.014892,0.131548
12620,0.032656,0.024987,0.162106
12630,0.022620,0.017081,0.137255
12640,0.028535,0.021511,0.153098
12650,0.021729,0.016219,0.142382
12660,0.013742,0.010760,0.067870
12670,0.016216,0.012082,0.124760
12680,0.031706,0.025006,0.162301
12690,0.036764,0.030139,0.261522
12700,0.016330,0.012031,0.118194
12710,0.034078,0.026177,0.144020
12720,0.014746,0.011196,0.091008
12730,0.024308,0.018369,0.143775
12740,0.032943,0.025841,0.139243
12750,0.049377,0.037974,0.194884
12760,0.026421,0.019192,0.116381
12770,0.025386,0.019175,0.147084
12780,0.051129,0.039537,0.204386
12790,0.046177,0.035541,0.193310
12800,0.007568,0.006693,0.152937
12810,0.020683,0.015714,0.103740
12820,0.029892,0.023142,0.150210
12830,0.031527,0.024553,0.178438
12840,0.014998,0.011414,0.109429
12850,0.019609,0.014465,0.157499
12860,0.028361,0.021325,0.134577
12870,0.054204,0.040828,0.216739
12880,0.029802,0.022873,0.159804
12890,0.043953,0.033319,0.171415
12900,0.024265,0.018408,0.132591
12910,0.010882,0.007101,0.122682
12920,0.037267,0.028322,0.184596
12930,0.003459,0.002464,0.114976
12940,0.065802,0.051212,0.249140
12950,0.020511,0.015581,0.138722
12960,0.026300,0.019787,0.140453
12970,0.022618,0.017402,0.143531
12980,0.023487,0.017480,0.151081
12990,0.019803,0.015027,0.088626
13000,0.064985,0.049623,0.238355
13010,0.005600,0.004345,0.093069
13020,0.043819,0.033557,0.184233
13030,0.010819,0.007933,0.073374
13040,0.047777,0.037026,0.196563
13050,0.023213,0.017724,0.138016
13060,0.033340,0.024155,0.162104
13070,0.037287,0.027802,0.170393
13080,0.006245,0.004628,0.088907
13090,0.036221,0.028215,0.171769
13100,0.033720,0.024589,0.166753
13110,0.028378,0.021133,0.159275
13120,0.020462,0.016584,0.185582
13130,0.035656,0.026757,0.167645
13140,0.023032,0.016787,0.131106
13150,0.036043,0.026831,0.177600
13160,0.034357,0.025411,0.175810
13170,0.040109,0.030268,0.189306
13180,0.027116,0.020236,0.177517
13190,0.051510,0.039141,0.212883
13200,0.008480,0.006615,0.120489
13210,0.000011,0.000010,0.000036
13220,0.020346,0.014408,0.115006
13230,0.026758,0.019881,0.148406
13240,0.037175,0.027558,0.180305
13250,0.034161,0.024130,0.133994
13260,0.032956,0.027133,0.164502
13270,0.019070,0.014132,0.118055
13280,0.028570,0.021493,0.164377
13290,0.041483,0.031414,0.189522
13300,0.016608,0.012187,0.124625
13310,0.027385,0.020795,0.156158
13320,0.040764,0.031452,0.153861
13330,0.020274,0.014445,0.144367
13340,0.073425,0.057990,0.263487
13350,0.028635,0.022166,0.125808
13360,0.023615,0.017783,0.145034
13370,0.026915,0.020230,0.153458
13380,0.019506,0.014814,0.137510
13390,0.045946,0.035869,0.193059
13400,0.031861,0.024490,0.168600
13410,0.012984,0.009774,0.109410
13420,0.033365,0.025332,0.159615
13430,0.018942,0.015493,0.134136
13440,0.048459,0.036931,0.200955
13450,0.012635,0.009234,0.115255
13460,0.027799,0.020705,0.149403
13470,0.036393,0.027781,0.183770
13480,0.034647,0.026345,0.162227
13490,0.025944,0.019856,0.137754
13500,0.022183,0.017020,0.136123
13510,0.010278,0.008154,0.094999
13520,0.031210,0.023798,0.155131
13530,0.039873,0.029679,0.172030
13540,0.012256,0.009483,0.111579
13550,0.024909,0.019436,0.134833
13560,0.034383,0.026068,0.163927
13570,0.042473,0.034452,0.177778
13580,0.041160,0.030806,0.184087
13590,0.019140,0.014525,0.128334
13600,0.054956,0.042070,0.211942
13610,0.036166,0.026993,0.173916
13620,0.029273,0.022246,0.171219
13630,0.025052,0.018569,0.160449
13640,0.039348,0.029666,0.169415
13650,0.040770,0.030556,0.169460
13660,0.034952,0.026022,0.158522
13670,0.013247,0.009937,0.116304
13680,0.036882,0.027995,0.178252
13690,0.014004,0.010645,0.120338
13700,0.007364,0.005688,0.115730
13710,0.027539,0.020243,0.155182
13720,0.045089,0.033664,0.180999
13730,0.021484,0.018548,0.096074
13740,0.028400,0.021209,0.130053
13750,0.034353,0.026544,0.141283
13760,0.022159,0.016789,0.134724
13770,0.029355,0.021210,0.125969
13780,0.010748,0.008119,0.092786
13790,0.004210,0.003493,0.202473
13800,0.025131,0.018952,0.134012
13810,0.003932,0.002975,0.076620
13820,0.021511,0.016841,0.133582
13830,0.026614,0.018659,0.115806
13840,0.012267,0.009464,0.119981
13850,0.065378,0.049592,0.247811
13860,0.045074,0.034322,0.189880
13870,0.031300,0.023767,0.171379
13880,0.032695,0.024231,0.171395
13890,0.009746,0.007269,0.119047
13900,0.010791,0.007884,0.109837
13910,0.020559,0.015816,0.137108
13920,0.046649,0.035698,0.184027
13930,0.018001,0.012981,0.133356
13940,0.027355,0.021012,0.168011
13950,0.018939,0.014419,0.106173
13960,0.032122,0.024211,0.158902
13970,0.021297,0.016093,0.126846
13980,0.012799,0.009523,0.110289
13990,0.012282,0.008788,0.071654
14000,0.015094,0.011316,0.119958
14010,0.028272,0.019790,0.188032
14020,0.033684,0.025414,0.165823
14030,0.065589,0.050343,0.239904
14040,0.054789,0.043116,0.195045
14050,0.022005,0.016391,0.123101
14060,0.033239,0.025233,0.173804
14070,0.038295,0.029278,0.172336
14080,0.028878,0.021726,0.166554
14090,0.056200,0.041971,0.205098
14100,0.015594,0.012212,0.085321
14110,0.016510,0.012785,0.080360
14120,0.034428,0.026551,0.165827
14130,0.021729,0.016048,0.138716
14140,0.029541,0.022585,0.148847
14150,0.035427,0.026244,0.190439
14160,0.020661,0.015098,0.104342
14170,0.029612,0.021960,0.166232
14180,0.034714,0.026099,0.158014
14190,0.036812,0.027594,0.159706
14200,0.036451,0.029331,0.189558
14210,0.049753,0.037911,0.213591
14220,0.006084,0.005606,0.055967
14230,0.015261,0.011279,0.117842
14240,0.037348,0.027902,0.172540
14250,0.039207,0.029608,0.172944
14260,0.023134,0.017549,0.125262
14270,0.054563,0.040618,0.199735
14280,0.033859,0.025723,0.166724
14290,0.008879,0.006865,0.113936
14300,0.012402,0.010310,0.147833
14310,0.016179,0.011138,0.090291
14320,0.028866,0.021452,0.155178
14330,0.035997,0.026832,0.182110
14340,0.048479,0.037080,0.195789
14350,0.043940,0.032398,0.171991
14360,0.024436,0.018352,0.138342
14370,0.006095,0.004522,0.109570
14380,0.048661,0.036552,0.192453
14390,0.023254,0.017902,0.119421
14400,0.033615,0.024645,0.175991
14410,0.040177,0.030626,0.178893
14420,0.036795,0.027780,0.171370
14430,0.031265,0.023994,0.172820
14440,0.040800,0.031612,0.212369
14450,0.021818,0.015627,0.135944
14460,0.023634,0.017972,0.115967
14470,0.033083,0.024684,0.157895
14480,0.036139,0.027292,0.166287
14490,0.034652,0.026263,0.144799
14500,0.008199,0.006075,0.087535
14510,0.037402,0.028308,0.154887
14520,0.027663,0.020270,0.155721
14530,0.039032,0.030197,0.179789
14540,0.017080,0.012638,0.138933
14550,0.047183,0.036324,0.192070
14560,0.014972,0.012670,0.120252
14570,0.050023,0.037578,0.203982
14580,0.035398,0.026225,0.166898
14590,0.012538,0.009239,0.111798
14600,0.019620,0.015124,0.133766
14610,0.020406,0.015741,0.130331
14620,0.006443,0.004733,0.046476
14630,0.006784,0.004741,0.116668
14640,0.020771,0.016214,0.109124
14650,0.011271,0.008438,0.100194
14660,0.028756,0.021874,0.139979
14670,0.016262,0.012366,0.107781
14680,0.039652,0.030154,0.172150
14690,0.012184,0.008942,0.094439
14700,0.030388,0.023405,0.162187
14710,0.005421,0.004030,0.103734
14720,0.004678,0.003707,0.140254
14730,0.013647,0.010015,0.112432
14740,0.005463,0.003924,0.090980
14750,0.003827,0.002769,0.118776
14760,0.021706,0.015549,0.173040
14770,0.040033,0.030217,0.174152
14780,0.029322,0.022731,0.147904
14790,0.043797,0.032955,0.198469
14800,0.050246,0.038249,0.194673
14810,0.037325,0.028302,0.168882
14820,0.014093,0.009902,0.114863
14830,0.018172,0.014128,0.092359
14840,0.050986,0.039942,0.211947
14850,0.047646,0.036505,0.201400
14860,0.012709,0.009446,0.164114
14870,0.044080,0.033058,0.199110
14880,0.013682,0.010027,0.113635
14890,0.041446,0.031673,0.168332
14900,0.040081,0.030607,0.173888
14910,0.026821,0.020184,0.140226
14920,0.020464,0.015390,0.123501
14930,0.033366,0.025057,0.161387
14940,0.021331,0.016081,0.103524
14950,0.019897,0.014511,0.132336
14960,0.035516,0.025849,0.187119
14970,0.028825,0.021950,0.164741
14980,0.034936,0.027007,0.155970
14990,0.029535,0.022451,0.147214
15000,0.044104,0.038498,0.169168
15010,0.006387,0.004517,0.136061
15020,0.051965,0.039721,0.203927
15030,0.039512,0.030006,0.172913
15040,0.005781,0.004127,0.072805
15050,0.034224,0.026384,0.163775
15060,0.019315,0.013984,0.105454
15070,0.039960,0.029733,0.192317
15080,0.020684,0.015502,0.115205
15090,0.016877,0.012703,0.121157
15100,0.003740,0.002714,0.104766
15110,0.010599,0.008261,0.075560
15120,0.067348,0.056838,0.276156
15130,0.023657,0.017647,0.135259
15140,0.043614,0.032971,0.185788
15150,0.030398,0.021399,0.163629
15160,0.042254,0.032550,0.205714
15170,0.027308,0.021000,0.139231
15180,0.026452,0.020437,0.138644
15190,0.023027,0.017812,0.137214
15200,0.017358,0.012685,0.143234
15210,0.056340,0.042704,0.209283
15220,0.031920,0.024296,0.165273
15230,0.023210,0.017708,0.143800
15240,0.022936,0.017529,0.103280
15250,0.016172,0.012296,0.159778
15260,0.016282,0.011714,0.123440
15270,0.014471,0.010215,0.121225
15280,0.006155,0.004663,0.066084
15290,0.041884,0.032149,0.179366
15300,0.024578,0.018501,0.136896
15310,0.043272,0.031899,0.199759
15320,0.038157,0.029069,0.172976
15330,0.022811,0.017072,0.110977
15340,0.021888,0.017815,0.141126
15350,0.018992,0.014305,0.117289
15360,0.038603,0.031412,0.176734
15370,0.023130,0.017271,0.142889
15380,0.029660,0.021987,0.134050
15390,0.014930,0.011384,0.120625
15400,0.016492,0.012067,0.128887
15410,0.030162,0.024135,0.134201
15420,0.036351,0.027728,0.175078
15430,0.018205,0.013540,0.117932
15440,0.022975,0.017301,0.124000
15450,0.015461,0.010594,0.241470
15460,0.026064,0.019590,0.147878
15470,0.034281,0.027746,0.161069
15480,0.004769,0.003583,0.100735
15490,0.034900,0.030113,0.150512
15500,0.012123,0.008984,0.148301
15510,0.042016,0.030708,0.185774
15520,0.028251,0.021297,0.147566
15530,0.006403,0.004711,0.037661
15540,0.007904,0.005894,0.100515
15550,0.032703,0.024189,0.194130
15560,0.043121,0.032874,0.160168
15570,0.024840,0.018021,0.156199
15580,0.021531,0.015972,0.126878
15590,0.030058,0.022457,0.167028
15600,0.008320,0.005899,0.113404
15610,0.044481,0.033932,0.183784
15620,0.026058,0.019986,0.135468
15630,0.046381,0.035772,0.185202
15640,0.045934,0.034748,0.187605
15650,0.064874,0.049366,0.237390
15660,0.015662,0.011769,0.100807
15670,0.038284,0.028986,0.180956
15680,0.026336,0.019425,0.127222
15690,0.015632,0.011672,0.113771
15700,0.032113,0.024170,0.161961
15710,0.008331,0.006100,0.061879
15720,0.022586,0.016900,0.114903
15730,0.042713,0.032858,0.182357
15740,0.031133,0.023990,0.192529
15750,0.018203,0.014309,0.095167
15760,0.002146,0.000758,0.004112
15770,0.032353,0.024937,0.127772
15780,0.041012,0.031581,0.179203
15790,0.024183,0.018144,0.138562
15800,0.042668,0.032239,0.184282
15810,0.039290,0.029819,0.183282
15820,0.027203,0.020749,0.163212
15830,0.029741,0.022700,0.141014
15840,0.049055,0.037314,0.192861
15850,0.025479,0.018421,0.153129
15860,0.045118,0.034579,0.170895
15870,0.018261,0.013958,0.082358
15880,0.036180,0.028158,0.135558
15890,0.029680,0.022664,0.143910
15900,0.035327,0.026042,0.178500
15910,0.012517,0.009358,0.100280
15920,0.050904,0.039113,0.195466
15930,0.025506,0.019041,0.132726
15940,0.025741,0.019873,0.110907
15950,0.044552,0.033683,0.192855
15960,0.033300,0.024607,0.175372
15970,0.035612,0.026980,0.173612
15980,0.026831,0.020622,0.150328
15990,0.026086,0.019521,0.139659
16000,0.001087,0.000807,0.079707
16010,0.055324,0.042105,0.216670
16020,0.045128,0.034168,0.197514
16030,0.016491,0.012506,0.132326
16040,0.019052,0.014434,0.134515
16050,0.035603,0.026421,0.176198
16060,0.020512,0.015068,0.145644
16070,0.047727,0.036031,0.200880
16080,0.021807,0.016347,0.154972
16090,0.056422,0.043904,0.225860
16100,0.020544,0.015738,0.143827
16110,0.014372,0.010806,0.116256
16120,0.055170,0.042193,0.227649
16130,0.027867,0.020879,0.135181
16140,0.042895,0.032618,0.171856
16150,0.005423,0.004087,0.043422
16160,0.022948,0.019563,0.145282
16170,0.029719,0.022341,0.132083
16180,0.029487,0.022079,0.128112
16190,0.029262,0.022017,0.161390
16200,0.017749,0.013294,0.131022
16210,0.013740,0.010199,0.150240
16220,0.043801,0.034004,0.163687
16230,0.045300,0.034005,0.189597
16240,0.035729,0.026899,0.161515
16250,0.032748,0.024603,0.172569
16260,0.030185,0.022427,0.161744
16270,0.048699,0.037264,0.197004
16280,0.032381,0.024198,0.160107
16290,0.031206,0.023004,0.151454
16300,0.021087,0.015702,0.114304
16310,0.029866,0.023115,0.144880
16320,0.019565,0.014655,0.136078
16330,0.066579,0.051311,0.235632
16340,0.020198,0.015244,0.114489
16350,0.011374,0.007773,0.185272
16360,0.028245,0.021295,0.144606
16370,0.004344,0.003366,0.040832
16380,0.021880,0.015820,0.137501
16390,0.031004,0.023466,0.159414
16400,0.025644,0.019402,0.153454
16410,0.045395,0.035168,0.178251
16420,0.004302,0.003139,0.122440
16430,0.007465,0.005496,0.093910
16440,0.029457,0.021929,0.160374
16450,0.020276,0.015039,0.122181
16460,0.022398,0.016101,0.157044
16470,0.029554,0.022216,0.174789
16480,0.017077,0.012978,0.103344
16490,0.022148,0.014013,0.145819
16500,0.035336,0.027381,0.159081
16510,0.008901,0.006675,0.079634
16520,0.031483,0.023490,0.145908
16530,0.017244,0.013415,0.119268
16540,0.040405,0.030943,0.150929
16550,0.016072,0.012031,0.141051
16560,0.029550,0.022337,0.151369
16570,0.028725,0.021989,0.131380
16580,0.037707,0.027830,0.186672
16590,0.023080,0.020491,0.099085
16600,0.047199,0.035684,0.199768
16610,0.053115,0.040632,0.211782
16620,0.014784,0.011264,0.076871
16630,0.023451,0.017311,0.134742
16640,0.032512,0.024586,0.142848
16650,0.029842,0.022430,0.145709
16660,0.022377,0.016669,0.165831
16670,0.023059,0.017332,0.136660
16680,0.021265,0.016403,0.135426
16690,0.061007,0.046584,0.226556
16700,0.019143,0.014875,0.138932
16710,0.019790,0.014703,0.125101
16720,0.021580,0.016116,0.133202
16730,0.040092,0.030423,0.161326
16740,0.021465,0.015609,0.142581
16750,0.023619,0.017763,0.138039
16760,0.024546,0.018575,0.135711
16770,0.003960,0.003147,0.117765
16780,0.035104,0.026308,0.175299
16790,0.018018,0.014126,0.096771
16800,0.018975,0.015282,0.110359
16810,0.041648,0.032386,0.188817
16820,0.037704,0.028521,0.179736
16830,0.035928,0.027865,0.151837
16840,0.037702,0.028368,0.146341
16850,0.052005,0.039593,0.201374
16860,0.036110,0.027024,0.187704
16870,0.025519,0.020513,0.128306
16880,0.017383,0.012848,0.111844
16890,0.011404,0.008433,0.104064
16900,0.037416,0.029058,0.154374
16910,0.057970,0.044405,0.209576
16920,0.004027,0.003426,0.146795
16930,0.024011,0.018100,0.151073
16940,0.034200,0.026180,0.153154
16950,0.017356,0.013263,0.095929
16960,0.017253,0.012915,0.131323
16970,0.051912,0.039044,0.190318
16980,0.019406,0.014710,0.102343
16990,0.031855,0.024015,0.167634
17000,0.023243,0.017373,0.131577
17010,0.024297,0.018457,0.127947
17020,0.015445,0.011539,0.131959
17030,0.055322,0.040942,0.210619
17040,0.009848,0.007284,0.099207
17050,0.050182,0.037960,0.200406
17060,0.003009,0.002182,0.096070
17070,0.010842,0.008308,0.146574
17080,0.020945,0.014994,0.092146
17090,0.047687,0.036983,0.182029
17100,0.019799,0.014430,0.142609
17110,0.035119,0.026001,0.178578
17120,0.034091,0.026347,0.155889
17130,0.061370,0.047630,0.231021
17140,0.030377,0.023167,0.148841
17150,0.012501,0.009122,0.109958
17160,0.039152,0.029852,0.174721
17170,0.039415,0.029907,0.191529
17180,0.010649,0.007872,0.101665
17190,0.031874,0.024278,0.141116
17200,0.006366,0.004435,0.117875
17210,0.020876,0.015811,0.101981
17220,0.028314,0.021474,0.154767
17230,0.046486,0.034989,0.202622
17240,0.035415,0.026783,0.166869
17250,0.021966,0.016577,0.136413
17260,0.054464,0.041643,0.204210
17270,0.030165,0.022805,0.146531
17280,0.025219,0.018134,0.157616
17290,0.027165,0.020574,0.145295
17300,0.024664,0.018652,0.138573
17310,0.018501,0.013612,0.134253
17320,0.034801,0.026347,0.151735
17330,0.030980,0.023382,0.152985
17340,0.049732,0.037611,0.204305
17350,0.010826,0.008199,0.111041
17360,0.004639,0.003673,0.072030
17370,0.014314,0.010642,0.107262
17380,0.030901,0.023350,0.158288
17390,0.013356,0.009935,0.111086
17400,0.038262,0.025693,0.190036
17410,0.021060,0.015760,0.107044
17420,0.030044,0.023232,0.153485
17430,0.016847,0.012658,0.125571
17440,0.014301,0.010567,0.114485
17450,0.037660,0.028537,0.165087
17460,0.033255,0.024534,0.162732
17470,0.030361,0.022685,0.142861
17480,0.013349,0.010107,0.113771
17490,0.016484,0.012221,0.115639
17500,0.019905,0.015166,0.128111
17510,0.040645,0.030726,0.168466
17520,0.039405,0.029090,0.173928
17530,0.019327,0.013586,0.157440
17540,0.036908,0.029508,0.174855
17550,0.033093,0.025356,0.143441
17560,0.031697,0.023918,0.154220
17570,0.021632,0.015800,0.131734
17580,0.052085,0.039679,0.205128
17590,0.023490,0.017914,0.135743
17600,0.037251,0.028321,0.183344
17610,0.029687,0.022215,0.153630
17620,0.026529,0.020172,0.140539
17630,0.035361,0.026831,0.163689
17640,0.048889,0.036725,0.212215
17650,0.037207,0.027721,0.166938
17660,0.010313,0.007892,0.101830
17670,0.060539,0.046253,0.222761
17680,0.005410,0.004141,0.121351
17690,0.027384,0.020575,0.153977
17700,0.025683,0.020245,0.144669
17710,0.029080,0.021931,0.163919
17720,0.039023,0.029481,0.179615
17730,0.010668,0.008211,0.104243
17740,0.030568,0.022868,0.160379
17750,0.028283,0.021207,0.156536
17760,0.043241,0.032294,0.189119
17770,0.028016,0.021761,0.146158
17780,0.019709,0.015066,0.193652
17790,0.005802,0.004340,0.043702
17800,0.014284,0.010349,0.116042
17810,0.042544,0.032361,0.184366
17820,0.038097,0.028936,0.170021
17830,0.011467,0.008731,0.103570
17840,0.026894,0.020115,0.137843
17850,0.013308,0.009685,0.119578
17860,0.014573,0.011201,0.172362
17870,0.014873,0.011826,0.122237
17880,0.016565,0.012371,0.126457
17890,0.009987,0.007428,0.116060
17900,0.028662,0.021250,0.162560
17910,0.017528,0.012939,0.143031
17920,0.039974,0.030105,0.179387
17930,0.042684,0.032180,0.170059
17940,0.033320,0.025343,0.162171
17950,0.022254,0.016093,0.134984
17960,0.033610,0.025618,0.166002
17970,0.024055,0.018279,0.123221
17980,0.072650,0.054538,0.261496
17990,0.021694,0.016136,0.129487
18000,0.027716,0.020955,0.152617
18010,0.025801,0.019610,0.129680
18020,0.018332,0.013651,0.108910
18030,0.020081,0.014963,0.135556
18040,0.018882,0.013435,0.086294
18050,0.030185,0.023103,0.151976
18060,0.046489,0.035257,0.177338
18070,0.005500,0.004190,0.128763
18080,0.029076,0.023353,0.185488
18090,0.022954,0.017656,0.114151
18100,0.010387,0.007559,0.134597
18110,0.022035,0.015472,0.152453
18120,0.033538,0.026058,0.146778
18130,0.005498,0.004548,0.084352
18140,0.029059,0.021883,0.154430
18150,0.046528,0.035670,0.201155
18160,0.017112,0.012784,0.114687
18170,0.025691,0.019857,0.128941
18180,0.050624,0.039004,0.195226
18190,0.042866,0.032634,0.180688
18200,0.027393,0.020659,0.156279
18210,0.019887,0.015275,0.133938
18220,0.050808,0.039520,0.213750
18230,0.030266,0.022484,0.160436
18240,0.016154,0.012145,0.129418
18250,0.043011,0.033260,0.183869
18260,0.025747,0.019185,0.148680
18270,0.024716,0.018803,0.113551
18280,0.028732,0.021430,0.158273
18290,0.011468,0.008326,0.126781
18300,0.022553,0.016539,0.131076
18310,0.042031,0.032017,0.183426
18320,0.039222,0.029338,0.173624
18330,0.022352,0.017153,0.130075
18340,0.049309,0.038572,0.193574
18350,0.028476,0.021738,0.149890
18360,0.017973,0.013773,0.096642
18370,0.038975,0.029432,0.172385
18380,0.007582,0.005739,0.124063
18390,0.029189,0.021912,0.150521
18400,0.022394,0.014792,0.119369
18410,0.031327,0.023270,0.155171
18420,0.033718,0.025808,0.156872
18430,0.034090,0.026451,0.168336
18440,0.014936,0.011035,0.110550
18450,0.044094,0.033287,0.184946
18460,0.017209,0.012623,0.119592
18470,0.045027,0.033588,0.192432
18480,0.024500,0.018471,0.148946
18490,0.039157,0.029743,0.176293
18500,0.028977,0.021400,0.160972
18510,0.010482,0.007435,0.080747
18520,0.015615,0.011761,0.118640
18530,0.039665,0.029900,0.160679
18540,0.028475,0.021700,0.151647
18550,0.037871,0.028604,0.173105
18560,0.049543,0.037847,0.188346
18570,0.046378,0.035586,0.180899
18580,0.010276,0.007449,0.133314
18590,0.024272,0.017845,0.144221
18600,0.023501,0.018747,0.159516
18610,0.016700,0.011938,0.131014
18620,0.041643,0.031552,0.193183
18630,0.013428,0.010113,0.066527
18640,0.049941,0.037678,0.199362
18650,0.032985,0.025531,0.174663
18660,0.025025,0.019163,0.189183
18670,0.030801,0.022934,0.162777
18680,0.004884,0.003750,0.103332
18690,0.033645,0.025489,0.157674
18700,0.047557,0.036339,0.195124
18710,0.029222,0.021451,0.155712
18720,0.016391,0.011560,0.139786
18730,0.013100,0.011241,0.265226
18740,0.006367,0.005148,0.060408
18750,0.027065,0.020350,0.148230
18760,0.028484,0.022621,0.152743
18770,0.039843,0.029803,0.176130
18780,0.033908,0.025536,0.168588
18790,0.008434,0.006485,0.040550
18800,0.020790,0.015519,0.134356
18810,0.025480,0.019390,0.142692
18820,0.023199,0.017540,0.145432
18830,0.034930,0.026770,0.147949
18840,0.026852,0.019961,0.144524
18850,0.042748,0.032888,0.170031
18860,0.025313,0.018986,0.156880
18870,0.011227,0.008189,0.110641
18880,0.031602,0.023469,0.152550
18890,0.017571,0.013345,0.135403
18900,0.024372,0.019367,0.132871
18910,0.030673,0.023177,0.145007
18920,0.040476,0.030846,0.180241
18930,0.050575,0.038636,0.184157
18940,0.055420,0.041312,0.223557
18950,0.017547,0.017190,0.148821
18960,0.022233,0.016647,0.136423
18970,0.029620,0.022254,0.157123
18980,0.014533,0.011033,0.122546
18990,0.029999,0.021813,0.185762
19000,0.046509,0.035923,0.194169
19010,0.022121,0.017406,0.137779
19020,0.039312,0.029930,0.176332
19030,0.019371,0.014462,0.097236
19040,0.034565,0.025875,0.147113
19050,0.025214,0.018217,0.142333
19060,0.048380,0.036992,0.203509
19070,0.043675,0.033234,0.196651
19080,0.013539,0.010098,0.120428
19090,0.058471,0.046018,0.241512
19100,0.015992,0.012231,0.124337
19110,0.023339,0.018015,0.100663
19120,0.006467,0.005396,0.055403
19130,0.027158,0.020866,0.152143
19140,0.021295,0.015437,0.153304
19150,0.018287,0.013590,0.142342
19160,0.031768,0.024011,0.173052
19170,0.046193,0.035887,0.188168
19180,0.023078,0.017219,0.136543
19190,0.020616,0.015905,0.126030
19200,0.041703,0.031833,0.165952
19210,0.027565,0.020583,0.145297
19220,0.018212,0.013799,0.121533
19230,0.046558,0.035344,0.175004
19240,0.062600,0.048648,0.232647
19250,0.012921,0.009060,0.136214
19260,0.021606,0.016915,0.119921
19270,0.052113,0.039540,0.209394
19280,0.049484,0.037785,0.196573
19290,0.038160,0.029103,0.152047
19300,0.016349,0.012380,0.122179
19310,0.026369,0.019699,0.149590
19320,0.014460,0.010596,0.111616
19330,0.015316,0.012206,0.297462
19340,0.034396,0.026982,0.179143
19350,0.040009,0.030068,0.178162
19360,0.034565,0.026447,0.188308
19370,0.050034,0.037038,0.217037
19380,0.026720,0.020235,0.137967
19390,0.018848,0.014702,0.128461
19400,0.062513,0.047988,0.227306
19410,0.015176,0.011261,0.096081
19420,0.047561,0.036093,0.200399
19430,0.030271,0.022724,0.174736
19440,0.035998,0.027339,0.140083
19450,0.015144,0.011576,0.104331
19460,0.032628,0.025848,0.139792
19470,0.033580,0.025480,0.152750
19480,0.009331,0.006645,0.126583
19490,0.014432,0.010715,0.129410
19500,0.014894,0.011321,0.116223
19510,0.037078,0.027724,0.167904
19520,0.026688,0.020065,0.147246
19530,0.017930,0.013563,0.085513
19540,0.011762,0.008955,0.101420
19550,0.038441,0.029053,0.192458
19560,0.024355,0.018488,0.128647
19570,0.032332,0.024127,0.172806
19580,0.039659,0.030832,0.164638
19590,0.033792,0.025360,0.154330
19600,0.039659,0.030016,0.172804
19610,0.036177,0.027820,0.162945
19620,0.014074,0.010536,0.107571
19630,0.009159,0.006754,0.118726
19640,0.035699,0.027072,0.172989
19650,0.026764,0.020256,0.143820
19660,0.014000,0.011180,0.085965
19670,0.029799,0.022161,0.152926
19680,0.036878,0.028434,0.156036
19690,0.025402,0.018989,0.127144
19700,0.013091,0.010039,0.098943
19710,0.044697,0.034562,0.185871
19720,0.040768,0.031248,0.179223
19730,0.046667,0.035108,0.197039
19740,0.027049,0.020012,0.148499
19750,0.007347,0.006192,0.093438
19760,0.043035,0.033258,0.167808
19770,0.017383,0.012885,0.090324
19780,0.023755,0.017116,0.126906
19790,0.023257,0.017234,0.123610
19800,0.016369,0.011636,0.121778
19810,0.034916,0.026726,0.142238
19820,0.016526,0.012236,0.131420
19830,0.027772,0.020675,0.149919
19840,0.033866,0.026307,0.161993
19850,0.030476,0.022916,0.160238
19860,0.025249,0.019345,0.151491
19870,0.033100,0.025022,0.157396
19880,0.015687,0.009730,0.170962
19890,0.016857,0.012406,0.133374
19900,0.028079,0.021143,0.144982
19910,0.028113,0.020843,0.151172
19920,0.011488,0.008318,0.105116
19930,0.011919,0.009522,0.098645
19940,0.031850,0.024194,0.164891
19950,0.028929,0.022322,0.149838
19960,0.039504,0.030298,0.188662
19970,0.027976,0.021331,0.137921
19980,0.013311,0.009889,0.105588
19990,0.027065,0.020697,0.125916
20000,0.031546,0.024635,0.146088
20010,0.012787,0.008371,0.168942
20020,0.013205,0.009758,0.109291
20030,0.010495,0.007950,0.118912
20040,0.011012,0.008241,0.096807
20050,0.047846,0.036289,0.190069
20060,0.024445,0.018328,0.164788
20070,0.015245,0.010943,0.120953
20080,0.029668,0.023177,0.154287
20090,0.044454,0.034072,0.184666
20100,0.022658,0.017183,0.129417
20110,0.020801,0.015515,0.148323
20120,0.034373,0.025896,0.167809
20130,0.057824,0.043771,0.219742
20140,0.000540,0.000712,0.108336
20150,0.003392,0.002949,0.033367
20160,0.048431,0.036886,0.187594
20170,0.005568,0.003943,0.126344
20180,0.043174,0.031875,0.189198
20190,0.014968,0.010718,0.113499
20200,0.022060,0.017172,0.185064
20210,0.013985,0.011080,0.079246
20220,0.014554,0.010329,0.090632
20230,0.019973,0.015234,0.120043
20240,0.055413,0.042044,0.211697
20250,0.031973,0.024365,0.160563
20260,0.024259,0.017984,0.160492
20270,0.026569,0.016421,0.118471
20280,0.016824,0.011052,0.077258
20290,0.007440,0.005682,0.137707
20300,0.044809,0.034127,0.178036
20310,0.028394,0.021587,0.140250
20320,0.022843,0.018014,0.128648
20330,0.023348,0.017484,0.136186
20340,0.018418,0.013837,0.130663
20350,0.037571,0.028295,0.175486
20360,0.021844,0.016172,0.149098
20370,0.016132,0.011739,0.108271
20380,0.021967,0.016538,0.142744
20390,0.036654,0.027861,0.158026
20400,0.036994,0.028975,0.173823
20410,0.017584,0.012851,0.134319
20420,0.013819,0.010241,0.119081
20430,0.041380,0.031211,0.175925
20440,0.038842,0.028549,0.172577
20450,0.041435,0.030994,0.180729
20460,0.034937,0.026838,0.135068
20470,0.030692,0.022575,0.154154
20480,0.024309,0.018690,0.106507
20490,0.027862,0.020919,0.110825
20500,0.033014,0.025651,0.149116
20510,0.051710,0.039878,0.218153
20520,0.014350,0.014106,0.064340
20530,0.025141,0.018598,0.132188
20540,0.037677,0.028780,0.169324
20550,0.030939,0.023930,0.144321
20560,0.021638,0.016094,0.145242
20570,0.016243,0.012046,0.104327
20580,0.022046,0.016744,0.128858
20590,0.011866,0.008480,0.214515
20600,0.057635,0.044593,0.222936
20610,0.011955,0.008948,0.103404
20620,0.025722,0.019611,0.117256
20630,0.038938,0.030037,0.172628
20640,0.028398,0.020574,0.155707
20650,0.033024,0.025062,0.155389
20660,0.026091,0.019375,0.139383
20670,0.023600,0.017911,0.147893
20680,0.038163,0.028519,0.167350
20690,0.015333,0.012062,0.113483
20700,0.008649,0.006305,0.097784
20710,0.039972,0.030452,0.170321
20720,0.018623,0.013915,0.124693
20730,0.026398,0.019467,0.145828
20740,0.033978,0.025780,0.141991
20750,0.009338,0.007555,0.084473
20760,0.038601,0.029366,0.173720
20770,0.033161,0.025125,0.134824
20780,0.034636,0.025968,0.158398
20790,0.039024,0.029313,0.159912
20800,0.020960,0.015739,0.097662
20810,0.022365,0.016961,0.138299
20820,0.024475,0.018064,0.140305
20830,0.004919,0.004600,0.159214
20840,0.000015,0.000014,0.000050
20850,0.040775,0.030909,0.181105
20860,0.024416,0.018771,0.136289
20870,0.018137,0.013800,0.125921
20880,0.037712,0.028622,0.168799
20890,0.013719,0.010287,0.115672
20900,0.042204,0.031883,0.179484
20910,0.029211,0.022046,0.134949
20920,0.047498,0.036449,0.191316
20930,0.015411,0.011642,0.088358
20940,0.025141,0.019030,0.117849
20950,0.031803,0.024561,0.155410
20960,0.037669,0.028493,0.171792
20970,0.043917,0.033196,0.186764
20980,0.026081,0.019604,0.141974
20990,0.039826,0.030558,0.176678
21000,0.036759,0.027630,0.166724
21010,0.036966,0.027948,0.171188
21020,0.030622,0.022896,0.146132
21030,0.039445,0.030564,0.160112
21040,0.045564,0.034503,0.179228
21050,0.035622,0.026478,0.148579
21060,0.006118,0.003998,0.096364
21070,0.028907,0.021984,0.106068
21080,0.024773,0.018961,0.108952
21090,0.058264,0.041999,0.219367
21100,0.023875,0.018000,0.146864
21110,0.021054,0.015428,0.141183
21120,0.029786,0.022374,0.136506
21130,0.012780,0.009694,0.145341
21140,0.030990,0.025083,0.191829
21150,0.037591,0.028602,0.153233
21160,0.035000,0.026217,0.172186
21170,0.018569,0.014363,0.138834
21180,0.038654,0.029126,0.174274
21190,0.035488,0.027553,0.169205
21200,0.020082,0.015153,0.139606
21210,0.007815,0.005888,0.274599
21220,0.012176,0.009298,0.109892
21230,0.018358,0.014265,0.103828
21240,0.018235,0.013759,0.136089
21250,0.026526,0.020176,0.112077
21260,0.019187,0.014089,0.133233
21270,0.012441,0.008931,0.122567
21280,0.006652,0.004840,0.109344
21290,0.030293,0.022488,0.133907
21300,0.044640,0.033633,0.186964
21310,0.044322,0.034510,0.194997
21320,0.017089,0.012467,0.131964
21330,0.016225,0.012440,0.091699
21340,0.031956,0.024414,0.125772
21350,0.026994,0.020173,0.167417
21360,0.003537,0.002729,0.134032
21370,0.013752,0.010302,0.114191
21380,0.028143,0.020977,0.126662
21390,0.039980,0.030064,0.174459
21400,0.035447,0.026502,0.164410
21410,0.011199,0.008179,0.096642
21420,0.053938,0.042048,0.213822
21430,0.018794,0.014106,0.137384
21440,0.016350,0.012006,0.120608
21450,0.031766,0.024013,0.127139
21460,0.001859,0.001337,0.116300
21470,0.036631,0.027803,0.168590
21480,0.024071,0.018528,0.116259
21490,0.014931,0.011461,0.127801
21500,0.019480,0.014509,0.131570
21510,0.022879,0.017645,0.098576
21520,0.048642,0.035802,0.200797
21530,0.043490,0.032109,0.197506
21540,0.036874,0.027420,0.172923
21550,0.009408,0.006839,0.103522
21560,0.026276,0.019591,0.121579
21570,0.042467,0.032312,0.184478
21580,0.017122,0.012460,0.131838
21590,0.043252,0.032629,0.192491
21600,0.022317,0.017293,0.136956
21610,0.049667,0.037947,0.199278
21620,0.035807,0.027354,0.166917
21630,0.046525,0.034977,0.194073
21640,0.043586,0.033045,0.191162
21650,0.028171,0.021419,0.152828
21660,0.026597,0.020394,0.121402
21670,0.027414,0.020783,0.139131
21680,0.054007,0.041061,0.197085
21690,0.013421,0.010077,0.103933
21700,0.034134,0.025112,0.142705
21710,0.013426,0.010290,0.113938
21720,0.020861,0.015885,0.114822
21730,0.041475,0.031669,0.171999
21740,0.033542,0.025525,0.165973
21750,0.024371,0.018954,0.150411
21760,0.022247,0.016488,0.133729
21770,0.056091,0.043323,0.199014
21780,0.005564,0.004238,0.098635
21790,0.027820,0.021179,0.148804
21800,0.030130,0.023175,0.140514
21810,0.006174,0.004364,0.117353
21820,0.013239,0.011066,0.127361
21830,0.048961,0.036949,0.188134
21840,0.016346,0.012204,0.116279
21850,0.025848,0.019108,0.144792
21860,0.027974,0.021967,0.151732
21870,0.023117,0.017427,0.138494
21880,0.037652,0.028174,0.163167
21890,0.032949,0.024204,0.136938
21900,0.050138,0.038267,0.201433
21910,0.019831,0.015338,0.133814
21920,0.024884,0.018926,0.137938
21930,0.032771,0.024397,0.155775
21940,0.052535,0.040190,0.218549
21950,0.009604,0.007193,0.085685
21960,0.013219,0.009759,0.115695
21970,0.048639,0.037114,0.190681
21980,0.012466,0.009406,0.096143
21990,0.029501,0.023241,0.131614
22000,0.011393,0.008448,0.101987
22010,0.039926,0.032176,0.180945
22020,0.022751,0.016852,0.136477
22030,0.023517,0.018690,0.157180
22040,0.014599,0.011178,0.122259
22050,0.039806,0.029778,0.177669
22060,0.003374,0.002247,0.119846
22070,0.032483,0.024987,0.160259
22080,0.034135,0.025826,0.165558
22090,0.027906,0.020858,0.171783
22100,0.039012,0.028704,0.181765
22110,0.050882,0.038279,0.179782
22120,0.023370,0.018082,0.113342
22130,0.008027,0.005918,0.079415
22140,0.011346,0.008589,0.104548
22150,0.035767,0.026866,0.167582
22160,0.022171,0.016487,0.143781
22170,0.000995,0.000895,0.043108
22180,0.009853,0.007587,0.091273
22190,0.003023,0.001993,0.023727
22200,0.061344,0.046612,0.214972
22210,0.038096,0.028750,0.150257
22220,0.014218,0.010254,0.111226
22230,0.036350,0.027135,0.162151
22240,0.035298,0.026627,0.161635
22250,0.019344,0.014355,0.110143
22260,0.016654,0.012417,0.082223
22270,0.025204,0.018520,0.140015
22280,0.018214,0.013723,0.111915
22290,0.007835,0.005571,0.052510
22300,0.031154,0.023516,0.171014
22310,0.019004,0.014180,0.114001
22320,0.011076,0.008226,0.092046
22330,0.026254,0.020036,0.145467
22340,0.019569,0.014716,0.103596
22350,0.000044,0.000060,0.000180
22360,0.021114,0.015927,0.132527
22370,0.033287,0.025285,0.165728
22380,0.079536,0.059845,0.271114
22390,0.011486,0.008558,0.096705
22400,0.032754,0.024711,0.156363
22410,0.009813,0.007584,0.077350
22420,0.052257,0.039758,0.204528
22430,0.025524,0.019147,0.143669
22440,0.037104,0.028601,0.180329
22450,0.021910,0.016760,0.127906
22460,0.018669,0.013983,0.120678
22470,0.020028,0.014983,0.126571
22480,0.014921,0.011611,0.070642
22490,0.026447,0.018623,0.152441
22500,0.035062,0.027085,0.157694
22510,0.034568,0.026094,0.150464
22520,0.032043,0.024743,0.146168
22530,0.013732,0.010638,0.102485
22540,0.017006,0.012898,0.165429
22550,0.018803,0.014190,0.126881
22560,0.020065,0.014983,0.119862
22570,0.028164,0.021203,0.138108
22580,0.018556,0.013709,0.137961
22590,0.032187,0.023189,0.166156
22600,0.028231,0.019847,0.137130
22610,0.016754,0.012330,0.111871
22620,0.040428,0.030776,0.158592
22630,0.025951,0.019612,0.143757
22640,0.024708,0.020355,0.117377
22650,0.028552,0.022280,0.115968
22660,0.032223,0.024432,0.151602
22670,0.038259,0.028663,0.185251
22680,0.023410,0.016826,0.159562
22690,0.034093,0.025689,0.154180
22700,0.024611,0.018395,0.105799
22710,0.023416,0.017796,0.135276
22720,0.040161,0.030174,0.171594
22730,0.021700,0.016351,0.126804
22740,0.021465,0.016319,0.121315
22750,0.030017,0.023285,0.156418
22760,0.026091,0.019895,0.147015
22770,0.023599,0.018564,0.132297
22780,0.031321,0.023630,0.140888
22790,0.032874,0.025581,0.163203
22800,0.030369,0.022890,0.147108
22810,0.015578,0.011394,0.132596
22820,0.001752,0.001275,0.103082
22830,0.019192,0.014471,0.120855
22840,0.034550,0.026444,0.148185
22850,0.022940,0.017366,0.152263
22860,0.020869,0.015452,0.123592
22870,0.032750,0.025051,0.157310
22880,0.027290,0.021542,0.137717
22890,0.039703,0.030278,0.185753
22900,0.011720,0.008585,0.098688
22910,0.019697,0.014997,0.092769
22920,0.058207,0.043560,0.220768
22930,0.011881,0.009160,0.105855
22940,0.040197,0.030621,0.161790
22950,0.042109,0.032049,0.175019
22960,0.039494,0.029558,0.174719
22970,0.033612,0.024979,0.169280
22980,0.020998,0.016112,0.124421
22990,0.011495,0.008541,0.099385
23000,0.025068,0.019175,0.128173
23010,0.017865,0.013263,0.127138
23020,0.019378,0.014529,0.127277
23030,0.030596,0.023226,0.157245
23040,0.004679,0.003382,0.085403
23050,0.011252,0.008444,0.108491
23060,0.026760,0.020579,0.147155
23070,0.025872,0.019707,0.141293
23080,0.030777,0.023549,0.152563
23090,0.000559,0.000407,0.049450
23100,0.031083,0.023812,0.154296
23110,0.019743,0.014901,0.133895
23120,0.031362,0.023125,0.159340
23130,0.028516,0.021297,0.124819
23140,0.007255,0.005396,0.087481
23150,0.019273,0.014365,0.133589
23160,0.039177,0.029899,0.144683
23170,0.018672,0.013807,0.189174
23180,0.035702,0.027346,0.148854
23190,0.025799,0.019415,0.123068
23200,0.018540,0.014047,0.082689
23210,0.013234,0.010053,0.109993
23220,0.048798,0.037428,0.183883
23230,0.010829,0.008000,0.052247
23240,0.029666,0.022436,0.154441
23250,0.042353,0.032387,0.181045
23260,0.055007,0.041984,0.210809
23270,0.025120,0.019035,0.114623
23280,0.010620,0.007958,0.098991
23290,0.014441,0.010835,0.104264
23300,0.046713,0.035863,0.183924
23310,0.009698,0.007037,0.086559
23320,0.045839,0.034904,0.190893
23330,0.035568,0.027253,0.170580
23340,0.042210,0.032533,0.166024
23350,0.017917,0.013229,0.126522
23360,0.082140,0.058408,0.258250
23370,0.019633,0.014705,0.125330
23380,0.020275,0.015363,0.132012
23390,0.053272,0.041157,0.210379
23400,0.011394,0.008353,0.112132
23410,0.029496,0.022484,0.133016
23420,0.025546,0.019377,0.139364
23430,0.010634,0.008042,0.111528
23440,0.009938,0.007416,0.063530
23450,0.043615,0.033463,0.194715
23460,0.024619,0.018271,0.136449
23470,0.038854,0.028913,0.183125
23480,0.043080,0.032063,0.181735
23490,0.027991,0.021441,0.139499
23500,0.027851,0.021076,0.144106
23510,0.025273,0.018785,0.131039
23520,0.020103,0.014749,0.137889
23530,0.008559,0.006135,0.185818
23540,0.032628,0.024310,0.153273
23550,0.016223,0.011936,0.119124
23560,0.027761,0.020833,0.150579
23570,0.015910,0.012034,0.087777
23580,0.017833,0.013794,0.080493
23590,0.023283,0.018022,0.140148
23600,0.015783,0.012638,0.119588
23610,0.004697,0.003365,0.106495
23620,0.021290,0.017134,0.145636
23630,0.025726,0.019443,0.129206
23640,0.021836,0.016201,0.128034
23650,0.021269,0.015966,0.135443
23660,0.034040,0.025672,0.140130
23670,0.047709,0.036514,0.192428
23680,0.018474,0.013676,0.121600
23690,0.001337,0.001100,0.188851
23700,0.022681,0.016846,0.132888
23710,0.030855,0.023279,0.148861
23720,0.026508,0.020223,0.124945
23730,0.026386,0.020053,0.142982
23740,0.050271,0.038797,0.202850
23750,0.023904,0.017780,0.138181
23760,0.031729,0.024272,0.160815
23770,0.024562,0.018830,0.132948
23780,0.020672,0.015648,0.129305
23790,0.017860,0.013480,0.125705
23800,0.014107,0.010413,0.110112
23810,0.021460,0.016343,0.097539
23820,0.027299,0.020525,0.149832
23830,0.027832,0.020871,0.149465
23840,0.051933,0.039741,0.210444
23850,0.064832,0.049042,0.236650
23860,0.010614,0.007839,0.101414
23870,0.026839,0.021152,0.136128
23880,0.021144,0.013704,0.079447
23890,0.017617,0.013295,0.087107
23900,0.032933,0.024962,0.150574
23910,0.032702,0.024663,0.155630
23920,0.024553,0.018650,0.138926
23930,0.025944,0.019552,0.124685
23940,0.020512,0.015569,0.121194
23950,0.023967,0.017563,0.131972
23960,0.041519,0.031532,0.179936
23970,0.006850,0.004868,0.118685
23980,0.023089,0.017517,0.091694
23990,0.035144,0.027057,0.162624
24000,0.059169,0.043497,0.215044
24010,0.013978,0.010546,0.065938
24020,0.021232,0.016111,0.127146
24030,0.013490,0.009844,0.104193
24040,0.027835,0.021096,0.121031
24050,0.057789,0.043756,0.216396
24060,0.021013,0.016063,0.127047
24070,0.015379,0.011408,0.118902
24080,0.027174,0.021829,0.112780
24090,0.030282,0.022485,0.135107
24100,0.008687,0.006431,0.098424
24110,0.051885,0.039405,0.183565
24120,0.039791,0.030134,0.169376
24130,0.023653,0.017812,0.135676
24140,0.000197,0.000174,0.656637
24150,0.037782,0.028395,0.158929
24160,0.019227,0.014310,0.120290
24170,0.029945,0.022788,0.142730
24180,0.026251,0.019980,0.141909
24190,0.027350,0.020674,0.130793
24200,0.046361,0.035029,0.198223
24210,0.025414,0.018937,0.143439
24220,0.017515,0.012787,0.126694
24230,0.002780,0.002376,0.645256
24240,0.017077,0.012608,0.126390
24250,0.014801,0.010604,0.069246
24260,0.032728,0.024989,0.140569
24270,0.014080,0.009383,0.131006
24280,0.021221,0.015855,0.126438
24290,0.013215,0.009810,0.110295
24300,0.023869,0.017683,0.135233
24310,0.030862,0.024333,0.157015
24320,0.018233,0.013418,0.127378
24330,0.007839,0.005726,0.094993
24340,0.029190,0.022242,0.149339
24350,0.009999,0.006568,0.117429
24360,0.012911,0.009686,0.103344
24370,0.031567,0.023745,0.165150
24380,0.041283,0.031209,0.172620
24390,0.023934,0.018125,0.111283
24400,0.020697,0.015463,0.127770
24410,0.022716,0.016938,0.138373
24420,0.002808,0.002011,0.024643
24430,0.068131,0.052396,0.244459
24440,0.004204,0.003106,0.038523
24450,0.041604,0.032295,0.174143
24460,0.047066,0.035520,0.204973
24470,0.043611,0.033313,0.178822
24480,0.022055,0.017019,0.104577
24490,0.008536,0.006085,0.038980
24500,0.025761,0.019408,0.146700
24510,0.030651,0.023348,0.140203
24520,0.000794,0.000654,0.125947
24530,0.041794,0.031670,0.178683
24540,0.033798,0.026034,0.145654
24550,0.016026,0.012123,0.126100
24560,0.027637,0.022133,0.106802
24570,0.034386,0.026732,0.143046
24580,0.005643,0.004602,0.139185
24590,0.032482,0.024980,0.168493
24600,0.023765,0.018057,0.097279
24610,0.056053,0.042479,0.215118
24620,0.035879,0.027439,0.161274
24630,0.022582,0.017324,0.144264
24640,0.030832,0.022547,0.158484
24650,0.021657,0.016743,0.111162
24660,0.023444,0.017517,0.133980
24670,0.010454,0.007841,0.101133
24680,0.036563,0.027408,0.168067
24690,0.028505,0.022101,0.149019
24700,0.006318,0.004359,0.155476
24710,0.032568,0.024502,0.152540
24720,0.041055,0.032545,0.193971
24730,0.040367,0.030220,0.172089
24740,0.023108,0.017149,0.134609
24750,0.036010,0.026952,0.160449
24760,0.024381,0.018629,0.130893
24770,0.016104,0.012020,0.110687
24780,0.021470,0.016035,0.108395
24790,0.042383,0.032241,0.173765
24800,0.028290,0.021643,0.139057
24810,0.019695,0.014603,0.117082
24820,0.036889,0.027549,0.169966
24830,0.020101,0.014775,0.119605
24840,0.013012,0.009670,0.080316
24850,0.007086,0.005358,0.040133
24860,0.031536,0.023921,0.148719
24870,0.009998,0.007642,0.151213
24880,0.018134,0.013638,0.083589
24890,0.024694,0.018521,0.097329
24900,0.015381,0.011563,0.115022
24910,0.038601,0.028826,0.169453
24920,0.021229,0.016229,0.121963
24930,0.016223,0.011929,0.136164
24940,0.010522,0.007709,0.099469
24950,0.044367,0.031609,0.198441
24960,0.023779,0.017881,0.143823
24970,0.028752,0.022079,0.147140
24980,0.026005,0.019731,0.135194
24990,0.015643,0.011970,0.081862
25000,0.022678,0.018241,0.146694
25010,0.032661,0.024825,0.160075
25020,0.028941,0.021810,0.149603
25030,0.018722,0.014083,0.094712
25040,0.011342,0.007849,0.122031
25050,0.029430,0.022170,0.161454
25060,0.038780,0.029104,0.163834
25070,0.040880,0.030957,0.179606
25080,0.023632,0.017752,0.138681
25090,0.041187,0.027475,0.180010
25100,0.031949,0.024054,0.152698
25110,0.010789,0.007909,0.101552
25120,0.006278,0.004792,0.094840
25130,0.020689,0.015466,0.131439
25140,0.023108,0.017179,0.140847
25150,0.030445,0.023316,0.152825
25160,0.030330,0.022744,0.146717
25170,0.023599,0.017835,0.135362
25180,0.032158,0.023721,0.152691
25190,0.036366,0.027340,0.165528
25200,0.018253,0.013778,0.094617
25210,0.035565,0.027149,0.138035
25220,0.037570,0.028857,0.179238
25230,0.026178,0.019507,0.151844
25240,0.024022,0.018528,0.113939
25250,0.011783,0.009024,0.116876
25260,0.045831,0.034797,0.194324
25270,0.018952,0.013484,0.127657
25280,0.035952,0.028438,0.168191
25290,0.026180,0.019995,0.136405
25300,0.043455,0.033460,0.186832
25310,0.012178,0.009533,0.094553
25320,0.060520,0.046537,0.220940
25330,0.013564,0.009974,0.102900
25340,0.027143,0.020534,0.126717
25350,0.045165,0.033827,0.182711
25360,0.056467,0.042797,0.215488
25370,0.024407,0.017602,0.133282
25380,0.050313,0.038660,0.209473
25390,0.017871,0.013655,0.115211
25400,0.036463,0.027572,0.160476
25410,0.019372,0.014538,0.109002
25420,0.030256,0.022964,0.157995
25430,0.017138,0.012760,0.089309
25440,0.043269,0.033311,0.158351
25450,0.022600,0.016922,0.131675
25460,0.024203,0.018197,0.134287
25470,0.036586,0.027695,0.158111
25480,0.010457,0.007917,0.128461
25490,0.048732,0.037405,0.190737
25500,0.046948,0.035447,0.186563
25510,0.044914,0.034092,0.184863
25520,0.025458,0.018958,0.128723
25530,0.011981,0.009052,0.094243
25540,0.008207,0.006138,0.182399
25550,0.030553,0.023047,0.144950
25560,0.023451,0.017533,0.117041
25570,0.039704,0.030900,0.181266
25580,0.009687,0.007465,0.069829
25590,0.032917,0.024820,0.145990
25600,0.022747,0.017224,0.100196
25610,0.032746,0.024724,0.165055
25620,0.004334,0.003183,0.092141
25630,0.018800,0.014175,0.118461
25640,0.024955,0.018452,0.130275
25650,0.034929,0.026565,0.159515
25660,0.042839,0.032636,0.177370
25670,0.019280,0.014539,0.131321
25680,0.028418,0.021614,0.115073
25690,0.006007,0.004566,0.105027
25700,0.037418,0.028423,0.165927
25710,0.039684,0.029916,0.174605
25720,0.026301,0.019685,0.113211
25730,0.039857,0.030191,0.166022
25740,0.017858,0.014575,0.142553
25750,0.013490,0.009980,0.132730
25760,0.032897,0.025188,0.150288
25770,0.022192,0.016435,0.178408
25780,0.035237,0.027342,0.146728
25790,0.021166,0.016218,0.133912
25800,0.009827,0.007038,0.118771
25810,0.001206,0.000885,0.104978
25820,0.034017,0.025119,0.154417
25830,0.014764,0.011701,0.142122
25840,0.038585,0.030090,0.170018
25850,0.035820,0.027363,0.144024
25860,0.006530,0.004884,0.093930
25870,0.027414,0.020801,0.128239
25880,0.012391,0.009487,0.117839
25890,0.014028,0.010301,0.080870
25900,0.042948,0.031839,0.176859
25910,0.014708,0.011613,0.088934
25920,0.027686,0.021073,0.146287
25930,0.030197,0.022847,0.145172
25940,0.053931,0.040126,0.206635
25950,0.054151,0.041144,0.202324
25960,0.022961,0.017279,0.136540
25970,0.051623,0.038974,0.181072
25980,0.024368,0.017994,0.142635
25990,0.020771,0.015614,0.132015
26000,0.019418,0.014815,0.123289
26010,0.005409,0.004040,0.085186
26020,0.006654,0.005125,0.108888
26030,0.018603,0.013347,0.125901
26040,0.018457,0.013693,0.125702
26050,0.022576,0.016905,0.116551
26060,0.017395,0.012927,0.090351
26070,0.004455,0.003281,0.075881
26080,0.014080,0.010686,0.108209
26090,0.017618,0.013289,0.097275
26100,0.036672,0.027803,0.164481
26110,0.017370,0.012958,0.124850
26120,0.011977,0.009404,0.096596
26130,0.052361,0.039764,0.201695
26140,0.024869,0.018047,0.152321
26150,0.041176,0.031196,0.177009
26160,0.042846,0.032673,0.165646
26170,0.037362,0.028259,0.152121
26180,0.024276,0.018403,0.132579
26190,0.025600,0.019024,0.118567
26200,0.039117,0.028021,0.184353
26210,0.027108,0.020321,0.133055
26220,0.006751,0.004763,0.165857
26230,0.055930,0.042429,0.212546
26240,0.051588,0.040780,0.210998
26250,0.019899,0.015227,0.147665
26260,0.033337,0.025575,0.149556
26270,0.024695,0.018605,0.139737
26280,0.032338,0.024177,0.150607
26290,0.032783,0.024721,0.151142
26300,0.028605,0.020990,0.146533
26310,0.030251,0.022755,0.158410
26320,0.019500,0.014620,0.148091
26330,0.020188,0.015012,0.128919
26340,0.058304,0.044271,0.215594
26350,0.026925,0.020574,0.133462
26360,0.037133,0.028224,0.169219
26370,0.045631,0.034693,0.190539
26380,0.037135,0.028261,0.174758
26390,0.034661,0.026411,0.160366
26400,0.024278,0.018247,0.134007
26410,0.023003,0.017134,0.128162
26420,0.024143,0.018339,0.127625
26430,0.025659,0.019597,0.138293
26440,0.042839,0.032463,0.196681
26450,0.014769,0.011060,0.101883
26460,0.037918,0.028448,0.158092
26470,0.029724,0.022705,0.140913
26480,0.015060,0.011373,0.110128
26490,0.020387,0.015445,0.098522
26500,0.019576,0.014711,0.112084
26510,0.027518,0.020791,0.134882
26520,0.004987,0.003971,0.103137
26530,0.051276,0.039475,0.204497
26540,0.020522,0.015867,0.112272
26550,0.024105,0.018071,0.135790
26560,0.026774,0.020145,0.142139
26570,0.010010,0.007873,0.055942
26580,0.018575,0.013993,0.112816
26590,0.018810,0.014027,0.119311
26600,0.040971,0.030918,0.174791
26610,0.010770,0.006156,0.143272
26620,0.024934,0.018934,0.133054
26630,0.027119,0.020290,0.127918
26640,0.020184,0.015124,0.124396
26650,0.012631,0.009581,0.103726
26660,0.029164,0.021761,0.122696
26670,0.011881,0.008791,0.095767
26680,0.024726,0.018613,0.129109
26690,0.044899,0.033453,0.205218
26700,0.026471,0.019687,0.137527
26710,0.021707,0.015845,0.110885
26720,0.030763,0.023090,0.149550
26730,0.009441,0.007599,0.123988
26740,0.038972,0.029326,0.165748
26750,0.015665,0.011795,0.097037
26760,0.015269,0.011166,0.128247
26770,0.022086,0.016522,0.123352
26780,0.018330,0.013930,0.139941
26790,0.010823,0.008088,0.105546
26800,0.011718,0.009037,0.080601
26810,0.023552,0.018468,0.111610
26820,0.008090,0.005955,0.099021
26830,0.050533,0.037732,0.182841
26840,0.015866,0.011498,0.118188
26850,0.022293,0.016978,0.140029
26860,0.024613,0.018524,0.135742
26870,0.012573,0.009199,0.112712
26880,0.047226,0.035558,0.187792
26890,0.036336,0.028015,0.157722
26900,0.034971,0.026682,0.161112
26910,0.033193,0.024869,0.163834
26920,0.027289,0.020564,0.143464
26930,0.024759,0.018570,0.146319
26940,0.022788,0.017381,0.126805
26950,0.013192,0.009874,0.131293
26960,0.032300,0.023838,0.156083
26970,0.027896,0.021200,0.119293
26980,0.031944,0.024337,0.163254
26990,0.011464,0.008141,0.104305
27000,0.025574,0.019179,0.136764
27010,0.019665,0.014790,0.139706
27020,0.042734,0.032458,0.184135
27030,0.006987,0.005570,0.101943
27040,0.027522,0.020678,0.145283
27050,0.051424,0.038609,0.193862
27060,0.022890,0.017044,0.138152
27070,0.031995,0.024170,0.135971
27080,0.019605,0.014671,0.130268
27090,0.021397,0.016089,0.101064
27100,0.022186,0.016977,0.085289
27110,0.001348,0.000981,0.091667
27120,0.023853,0.018459,0.138275
27130,0.026542,0.020318,0.141268
27140,0.022604,0.016403,0.142633
27150,0.011661,0.008742,0.071329
27160,0.014332,0.010521,0.122689
27170,0.019331,0.016675,0.132170
27180,0.024897,0.018695,0.141772
27190,0.027245,0.020835,0.151796
27200,0.031924,0.024388,0.146465
27210,0.038671,0.029516,0.138012
27220,0.037984,0.029327,0.173679
27230,0.014032,0.010712,0.120217
27240,0.004008,0.002884,0.091382
27250,0.035870,0.027800,0.147980
27260,0.028020,0.021257,0.152343
27270,0.002594,0.002305,0.016484
27280,0.036182,0.027336,0.161482
27290,0.033722,0.025613,0.144867
27300,0.024534,0.018312,0.127754
27310,0.021408,0.016112,0.121564
27320,0.016797,0.012695,0.116422
27330,0.013998,0.010345,0.140929
27340,0.022209,0.016385,0.131589
27350,0.007063,0.005411,0.096924
27360,0.031683,0.023357,0.150577
27370,0.027962,0.021241,0.142258
27380,0.048886,0.036848,0.227788
27390,0.029641,0.023172,0.132409
27400,0.029566,0.022707,0.132822
27410,0.017697,0.013305,0.088519
27420,0.026870,0.020069,0.132259
27430,0.001989,0.001536,0.091821
27440,0.047629,0.036806,0.195941
27450,0.023165,0.017501,0.124636
27460,0.021554,0.016363,0.121409
27470,0.035112,0.026074,0.150930
27480,0.040265,0.030925,0.169596
27490,0.004185,0.002359,0.252678
27500,0.045393,0.033565,0.189930
27510,0.043858,0.033686,0.183125
27520,0.032503,0.025067,0.180722
27530,0.011594,0.008325,0.091759
27540,0.030502,0.022942,0.148973
27550,0.001049,0.000847,0.075936
27560,0.016142,0.011633,0.061106
27570,0.032976,0.024100,0.163990
27580,0.010189,0.007827,0.084489
27590,0.040159,0.030723,0.167803
27600,0.018713,0.014487,0.117214
27610,0.042176,0.031912,0.178224
27620,0.032246,0.023462,0.199005
27630,0.024537,0.017983,0.129344
27640,0.044046,0.033615,0.159841
27650,0.023963,0.017757,0.132009
27660,0.035718,0.027563,0.141781
27670,0.052702,0.040420,0.198317
27680,0.038014,0.031496,0.172528
27690,0.027931,0.022522,0.128769
27700,0.036387,0.028132,0.166539
27710,0.035315,0.027347,0.163256
27720,0.015956,0.012113,0.079446
27730,0.017919,0.013488,0.116324
27740,0.020581,0.015400,0.129568
27750,0.031528,0.023492,0.151146
27760,0.038345,0.027783,0.198131
27770,0.033615,0.025911,0.128511
27780,0.030669,0.022936,0.154684
27790,0.009308,0.006664,0.140618
27800,0.032702,0.025374,0.163002
27810,0.013227,0.010169,0.094997
27820,0.012909,0.009837,0.067622
27830,0.041456,0.030706,0.166301
27840,0.018762,0.014207,0.114241
27850,0.004454,0.003266,0.112508
27860,0.001388,0.001034,0.069275
27870,0.042934,0.032709,0.169689
27880,0.047908,0.036502,0.194709
27890,0.015741,0.011928,0.109696
27900,0.016879,0.012569,0.078080
27910,0.026580,0.020098,0.137801
27920,0.021095,0.015906,0.129743
27930,0.014886,0.010988,0.116038
27940,0.044085,0.033907,0.180747
27950,0.069713,0.052782,0.244732
27960,0.003815,0.002561,0.162161
27970,0.014232,0.010904,0.080950
27980,0.030593,0.022801,0.151602
27990,0.021672,0.016177,0.144390
28000,0.012889,0.009442,0.112533
28010,0.028590,0.021648,0.152919
28020,0.043956,0.033424,0.181846
28030,0.014829,0.010956,0.076610
28040,0.022210,0.017118,0.127881
28050,0.063584,0.048927,0.230822
28060,0.035084,0.026827,0.158014
28070,0.015730,0.011706,0.115270
28080,0.013940,0.010190,0.123215
28090,0.025186,0.018940,0.137048
28100,0.031061,0.023659,0.152807
28110,0.024531,0.016019,0.160670
28120,0.008974,0.006019,0.108513
28130,0.045836,0.035337,0.182813
28140,0.040311,0.030448,0.182169
28150,0.027303,0.021427,0.123066
28160,0.017921,0.013480,0.108213
28170,0.033522,0.025724,0.139012
28180,0.032693,0.024793,0.147895
28190,0.028573,0.021773,0.136110
28200,0.013227,0.009454,0.111595
28210,0.015750,0.011533,0.153023
28220,0.013396,0.010022,0.100645
28230,0.016614,0.012820,0.087996
28240,0.005908,0.004594,0.095931
28250,0.029529,0.022293,0.151920
28260,0.030183,0.022642,0.151761
28270,0.039203,0.029958,0.174236
28280,0.040224,0.031133,0.150562
28290,0.017090,0.012969,0.106180
28300,0.020617,0.015404,0.091865
28310,0.025997,0.019975,0.148275
28320,0.020816,0.015609,0.130753
28330,0.016709,0.012397,0.087334
28340,0.032870,0.024519,0.154872
28350,0.049825,0.037126,0.203379
28360,0.020098,0.014339,0.130926
28370,0.020635,0.015600,0.120449
28380,0.016709,0.012604,0.123258
28390,0.033215,0.025440,0.159248
28400,0.030041,0.022822,0.158187
28410,0.016362,0.011858,0.118464
28420,0.036047,0.027703,0.161908
28430,0.015273,0.011421,0.127816
28440,0.029734,0.022740,0.143133
28450,0.031279,0.024057,0.158464
28460,0.003762,0.002622,0.166026
28470,0.023030,0.017308,0.130686
28480,0.017042,0.012695,0.135120
28490,0.051815,0.039163,0.204059
28500,0.021309,0.015589,0.152137
28510,0.028107,0.021312,0.133623
28520,0.036508,0.027592,0.154375
28530,0.013634,0.010471,0.096878
28540,0.010684,0.008070,0.132538
28550,0.007667,0.006211,0.082730
28560,0.029102,0.022423,0.147741
28570,0.014555,0.011965,0.066064
28580,0.016596,0.011871,0.115366
28590,0.021524,0.017284,0.123701
28600,0.017472,0.013777,0.136192
28610,0.042717,0.032619,0.173407
28620,0.018741,0.013690,0.120229
28630,0.021488,0.016350,0.127961
28640,0.034986,0.026881,0.157243
28650,0.019642,0.015589,0.105369
28660,0.031741,0.023825,0.164186
28670,0.021636,0.016479,0.101562
28680,0.032471,0.025066,0.131137
28690,0.024060,0.018726,0.100024
28700,0.027895,0.020622,0.171831
28710,0.028059,0.022451,0.128379
28720,0.004457,0.003201,0.113286
28730,0.025143,0.018543,0.138459
28740,0.017756,0.013088,0.123050
28750,0.036852,0.027989,0.165240
28760,0.052972,0.040320,0.194416
28770,0.021029,0.015858,0.126519
28780,0.038835,0.028840,0.162878
28790,0.014806,0.011346,0.112541
28800,0.028256,0.021179,0.150972
28810,0.034487,0.025847,0.120831
28820,0.029302,0.021852,0.147245
28830,0.041756,0.031869,0.178232
28840,0.012015,0.008839,0.098091
28850,0.029599,0.022687,0.117482
28860,0.021184,0.016019,0.109851
28870,0.023244,0.017512,0.119673
28880,0.007026,0.005421,0.119310
28890,0.021227,0.015302,0.102650
28900,0.023347,0.017401,0.149735
28910,0.000040,0.000011,0.000084
28920,0.005192,0.004145,0.036245
28930,0.007480,0.005762,0.056304
28940,0.025280,0.019045,0.128302
28950,0.043390,0.033293,0.179871
28960,0.000005,0.000014,0.000034
28970,0.003213,0.002213,0.112874
28980,0.034865,0.025998,0.178354
28990,0.018397,0.013825,0.111900
29000,0.019139,0.013772,0.120878
29010,0.001235,0.000841,0.179013
29020,0.037745,0.029493,0.173426
29030,0.022815,0.017767,0.113228
29040,0.027439,0.020474,0.141146
29050,0.007685,0.005019,0.406614
29060,0.028028,0.021330,0.139393
29070,0.014688,0.011177,0.113585
29080,0.028802,0.021800,0.148273
29090,0.037764,0.026883,0.165518
29100,0.031389,0.024040,0.156512
29110,0.021538,0.016127,0.126801
29120,0.015611,0.011783,0.115444
29130,0.007302,0.005740,0.055303
29140,0.014080,0.010468,0.139227
29150,0.054719,0.041259,0.211234
29160,0.017934,0.013414,0.113096
29170,0.028870,0.021268,0.148007
29180,0.019481,0.014705,0.118574
29190,0.040769,0.030918,0.173223
29200,0.011700,0.008776,0.083001
29210,0.020421,0.015362,0.121324
29220,0.039926,0.030302,0.179175
29230,0.001239,0.000922,0.082817
29240,0.029009,0.022471,0.133999
29250,0.007148,0.004973,0.150238
29260,0.070343,0.054054,0.246027
29270,0.026285,0.019905,0.123814
29280,0.033724,0.025840,0.164600
29290,0.040410,0.030932,0.159418
29300,0.045165,0.034552,0.182814
29310,0.024750,0.018458,0.132647
29320,0.007755,0.005381,0.113646
29330,0.029554,0.023196,0.126119
29340,0.040136,0.031540,0.161911
29350,0.014591,0.011007,0.105670
29360,0.018114,0.014661,0.133877
29370,0.040304,0.031029,0.179484
29380,0.039895,0.030678,0.172193
29390,0.027517,0.020447,0.149575
29400,0.021726,0.016388,0.144219
29410,0.015686,0.012043,0.125191
29420,0.023511,0.017786,0.113282
29430,0.006201,0.004703,0.109127
29440,0.024264,0.018017,0.120815
29450,0.023685,0.017949,0.102315
29460,0.023889,0.018298,0.136707
29470,0.003473,0.002502,0.095849
29480,0.046247,0.035695,0.179674
29490,0.026988,0.020365,0.150904
29500,0.029853,0.022467,0.146154
29510,0.050405,0.038039,0.196038
29520,0.033818,0.025604,0.140590
29530,0.021905,0.016623,0.134933
29540,0.038258,0.029148,0.169844
29550,0.020207,0.014045,0.120728
29560,0.016951,0.012658,0.094965
29570,0.020096,0.014902,0.129393
29580,0.021389,0.016172,0.125392
29590,0.013084,0.010354,0.111072
29600,0.038049,0.028916,0.164780
29610,0.022866,0.017132,0.130041
29620,0.005692,0.004169,0.103228
29630,0.026934,0.020372,0.145026
29640,0.029995,0.023331,0.159643
29650,0.028539,0.021908,0.142778
29660,0.020003,0.015063,0.128248
29670,0.000004,0.000001,0.000008
29680,0.027718,0.021115,0.153222
29690,0.004879,0.003684,0.074405
29700,0.015606,0.012929,0.117930
29710,0.026667,0.020134,0.112658
29720,0.019296,0.014710,0.108162
29730,0.018792,0.013995,0.085955
29740,0.047905,0.036625,0.181727
29750,0.028696,0.021645,0.156393
29760,0.023729,0.018291,0.119789
29770,0.000529,0.000649,0.131211
29780,0.010004,0.008314,0.297407
29790,0.004327,0.003569,0.261116
29800,0.028344,0.021558,0.138653
29810,0.047486,0.036555,0.187613
29820,0.031025,0.023857,0.143164
29830,0.039678,0.034594,0.191270
29840,0.037124,0.027505,0.163437
29850,0.022365,0.016430,0.128812
29860,0.020394,0.015856,0.110824
29870,0.023531,0.017774,0.122566
29880,0.037020,0.028211,0.167772
29890,0.038834,0.029273,0.169942
29900,0.014843,0.010893,0.098508
29910,0.027885,0.020561,0.160364
29920,0.018566,0.014228,0.122182
29930,0.005128,0.003915,0.053910
29940,0.014989,0.011331,0.105854
29950,0.017012,0.012732,0.095333
29960,0.001028,0.000937,0.411795
29970,0.038778,0.029122,0.175610
29980,0.034601,0.026295,0.144321
29990,0.029547,0.022327,0.152500
30000,0.015313,0.011314,0.114864
30010,0.042058,0.031885,0.168089
30020,0.011491,0.008680,0.107800
30030,0.015284,0.011123,0.109055
30040,0.001533,0.001080,0.113801
30050,0.023925,0.017886,0.131977
30060,0.016371,0.012244,0.115346
30070,0.024161,0.018446,0.127882
30080,0.012316,0.009468,0.105753
30090,0.017620,0.013252,0.107464
30100,0.027673,0.018579,0.175636
30110,0.013830,0.010366,0.107568
30120,0.029569,0.023482,0.137966
30130,0.038969,0.032634,0.171865
30140,0.029554,0.025890,0.292480
30150,0.038620,0.029112,0.165782
30160,0.032874,0.024778,0.149207
30170,0.053249,0.040434,0.202964
30180,0.052287,0.039311,0.194973
30190,0.063734,0.048142,0.220283
30200,0.004427,0.003086,0.115270
30210,0.029104,0.021648,0.156877
30220,0.013601,0.010104,0.075367
30230,0.024513,0.018677,0.138762
30240,0.003826,0.002748,0.098215
30250,0.037080,0.028251,0.163495
30260,0.012644,0.009469,0.058121
30270,0.020213,0.014722,0.135780
30280,0.019585,0.014643,0.104925
30290,0.048287,0.037366,0.198025
30300,0.026043,0.020613,0.135971
30310,0.017998,0.013304,0.127650
30320,0.013744,0.009889,0.111124
30330,0.010635,0.007965,0.046644
30340,0.015909,0.012248,0.111177
30350,0.058504,0.044659,0.218136
30360,0.046640,0.036874,0.234082
30370,0.025463,0.019166,0.135904
30380,0.027638,0.020489,0.155427
30390,0.046923,0.035434,0.190284
30400,0.025478,0.019446,0.128724
30410,0.047965,0.036255,0.196263
30420,0.017137,0.012537,0.126539
30430,0.047959,0.036180,0.168514
30440,0.029199,0.022293,0.147001
30450,0.024363,0.018393,0.134582
30460,0.023462,0.017148,0.126616
30470,0.011403,0.008735,0.052062
30480,0.025378,0.019057,0.134548
30490,0.026427,0.019471,0.147099
30500,0.038415,0.029288,0.173615
30510,0.031622,0.024406,0.142404
30520,0.018907,0.014384,0.111826
30530,0.006420,0.004627,0.113478
30540,0.017849,0.013116,0.126005
30550,0.027637,0.020982,0.125240
30560,0.005770,0.003962,0.141614
30570,0.029782,0.022672,0.126168
30580,0.029159,0.022686,0.149055
30590,0.029497,0.022376,0.150613
30600,0.034563,0.026012,0.164929
30610,0.010342,0.007409,0.115757
30620,0.007428,0.005227,0.109409
30630,0.042240,0.031987,0.174801
30640,0.002905,0.002201,0.084462
30650,0.014517,0.010792,0.110168
30660,0.027063,0.020203,0.144906
30670,0.016623,0.012765,0.105541
30680,0.010846,0.008140,0.096296
30690,0.003681,0.002913,0.073648
30700,0.014646,0.011417,0.079074
30710,0.038488,0.029335,0.165678
30720,0.025673,0.019475,0.131552
30730,0.028013,0.021112,0.146358
30740,0.017738,0.013322,0.132694
30750,0.014250,0.010484,0.062775
30760,0.016547,0.012407,0.147437
30770,0.021078,0.016056,0.134818
30780,0.013687,0.010529,0.109185
30790,0.018639,0.014226,0.128071
30800,0.031471,0.023314,0.160831
30810,0.020141,0.015118,0.110467
30820,0.027658,0.020961,0.139559
30830,0.022364,0.016915,0.131884
30840,0.038271,0.029083,0.159131
30850,0.026151,0.020021,0.139778
30860,0.024518,0.018451,0.134870
30870,0.032563,0.024643,0.161443
30880,0.023402,0.017673,0.125218
30890,0.026785,0.020485,0.137459
30900,0.032960,0.025043,0.149853
30910,0.024495,0.018480,0.125815
30920,0.056525,0.042305,0.220248
30930,0.038936,0.029238,0.174310
30940,0.038547,0.029280,0.153519
30950,0.015668,0.012270,0.118542
30960,0.013062,0.009779,0.108182
30970,0.002151,0.001527,0.247105
30980,0.020806,0.015569,0.125701
30990,0.048654,0.036895,0.201330
31000,0.018916,0.014248,0.104503
31010,0.035003,0.026176,0.156050
31020,0.016023,0.012036,0.103147
31030,0.020046,0.015157,0.122128
31040,0.031018,0.023979,0.130161
31050,0.016030,0.012343,0.108896
31060,0.018572,0.013815,0.134076
31070,0.012834,0.009925,0.105248
31080,0.036207,0.027632,0.160872
31090,0.027421,0.020829,0.156312
31100,0.017016,0.012866,0.098300
31110,0.037149,0.027906,0.143724
31120,0.028610,0.021535,0.138992
31130,0.033373,0.025360,0.152927
31140,0.020308,0.015191,0.143838
31150,0.026369,0.019426,0.136389
31160,0.004900,0.003384,0.121849
31170,0.018417,0.013053,0.115439
31180,0.008676,0.006577,0.100988
31190,0.023755,0.019496,0.139623
31200,0.043199,0.033650,0.187902
31210,0.020453,0.017781,0.130336
31220,0.018713,0.014091,0.113991
31230,0.020679,0.015655,0.085220
31240,0.023280,0.017819,0.119622
31250,0.014538,0.010904,0.108647
31260,0.059991,0.045263,0.216821
31270,0.027604,0.020666,0.140824
31280,0.028144,0.021464,0.139119
31290,0.011652,0.008952,0.104525
31300,0.035337,0.027209,0.159213
31310,0.032727,0.024906,0.153473
31320,0.030574,0.023310,0.153883
31330,0.014415,0.010484,0.108210
31340,0.002464,0.002020,0.036830
31350,0.032871,0.024959,0.159709
31360,0.035150,0.026843,0.159457
31370,0.021407,0.016242,0.119861
31380,0.026721,0.020464,0.138833
31390,0.022002,0.016486,0.122366
31400,0.023145,0.017274,0.133124
31410,0.031838,0.024166,0.153408
31420,0.021172,0.015898,0.126836
31430,0.007366,0.005583,0.059461
31440,0.013180,0.009858,0.102374
31450,0.028083,0.019620,0.165659
31460,0.025561,0.019433,0.131412
31470,0.019232,0.014600,0.135554
31480,0.007974,0.006283,0.078837
31490,0.029229,0.022916,0.144793
31500,0.027483,0.020642,0.146134
31510,0.021614,0.015891,0.126584
31520,0.016902,0.012711,0.070719
31530,0.034539,0.026317,0.156472
31540,0.039140,0.030095,0.168301
31550,0.032288,0.024307,0.125039
31560,0.042569,0.032141,0.190772
31570,0.011345,0.008726,0.064250
31580,0.027242,0.020790,0.141519
31590,0.001555,0.001132,0.086279
31600,0.012618,0.009499,0.105416
31610,0.019277,0.014419,0.111109
31620,0.023467,0.017969,0.100258
31630,0.001648,0.001242,0.089190
31640,0.024474,0.017808,0.122062
31650,0.029748,0.022743,0.141060
31660,0.016451,0.012337,0.113425
31670,0.016093,0.011915,0.113154
31680,0.022522,0.016457,0.129932
31690,0.028168,0.020740,0.138094
31700,0.008353,0.006416,0.042965
31710,0.017306,0.013114,0.117595
31720,0.024119,0.017721,0.101461
31730,0.025551,0.019085,0.141335
31740,0.014947,0.011013,0.118578
31750,0.056790,0.043969,0.220176
31760,0.016248,0.012187,0.125848
31770,0.020575,0.016648,0.122675
31780,0.012142,0.008533,0.135985
31790,0.003062,0.002349,0.022683
31800,0.045170,0.033784,0.176733
31810,0.024914,0.019181,0.100099
31820,0.025521,0.018893,0.122602
31830,0.008362,0.006496,0.132014
31840,0.008172,0.006009,0.164937
31850,0.008839,0.006570,0.056179
31860,0.031027,0.023166,0.140750
31870,0.012929,0.009577,0.104127
31880,0.017837,0.013451,0.134190
31890,0.005086,0.003556,0.117779
31900,0.013039,0.009661,0.107887
31910,0.036759,0.027885,0.160893
31920,0.021010,0.015967,0.108161
31930,0.013439,0.010640,0.125493
31940,0.031537,0.023614,0.151981
31950,0.024612,0.018677,0.136184
31960,0.041787,0.031599,0.165732
31970,0.043554,0.033007,0.186736
31980,0.023293,0.017758,0.135712
31990,0.020167,0.015033,0.125055
32000,0.046374,0.035643,0.188793
32010,0.020790,0.015508,0.129546
32020,0.013895,0.010349,0.099071
32030,0.006632,0.004537,0.087248
32040,0.026611,0.020642,0.137119
32050,0.033718,0.025667,0.152089
32060,0.004486,0.003294,0.086116
32070,0.013866,0.010595,0.105982
32080,0.018630,0.013240,0.140443
32090,0.029478,0.022377,0.146882
32100,0.009512,0.007244,0.093215
32110,0.030823,0.023422,0.130132
32120,0.047374,0.035916,0.183328
32130,0.033135,0.029118,0.133752
32140,0.011754,0.008275,0.106194
32150,0.029860,0.022681,0.139989
32160,0.041012,0.031342,0.168923
32170,0.024388,0.017190,0.161592
32180,0.019698,0.014504,0.113436
32190,0.008956,0.006973,0.056173
32200,0.014899,0.010841,0.108759
32210,0.063470,0.048201,0.224382
32220,0.026960,0.021117,0.140282
32230,0.013854,0.010849,0.079581
32240,0.014516,0.010634,0.126131
32250,0.019884,0.014895,0.123476
32260,0.004561,0.003413,0.087693
32270,0.041733,0.031867,0.178964
32280,0.022197,0.016789,0.108607
32290,0.053807,0.041151,0.187409
32300,0.017546,0.013229,0.085242
32310,0.016785,0.012762,0.116873
32320,0.021239,0.016092,0.136790
32330,0.020100,0.023294,0.250951
32340,0.013711,0.010309,0.107562
32350,0.039993,0.030415,0.166007
32360,0.001413,0.001033,0.348363
32370,0.020248,0.015587,0.113824
32380,0.009283,0.006962,0.093143
32390,0.035771,0.027255,0.162896
32400,0.001371,0.001583,0.129087
32410,0.041925,0.032539,0.176749
32420,0.012719,0.009609,0.088657
32430,0.042302,0.032248,0.177717
32440,0.045734,0.034593,0.186254
32450,0.051614,0.039858,0.196355
32460,0.013349,0.009815,0.103184
32470,0.032218,0.024308,0.156373
32480,0.052164,0.040222,0.201650
32490,0.037694,0.028600,0.151405
32500,0.003929,0.003068,0.027747
32510,0.017446,0.013559,0.091265
32520,0.023970,0.017708,0.131881
32530,0.009343,0.006733,0.088093
32540,0.015012,0.010491,0.123954
32550,0.005815,0.004375,0.043441
32560,0.028324,0.020748,0.140954
32570,0.033217,0.025195,0.158833
32580,0.016851,0.012527,0.123102
32590,0.013631,0.010030,0.106067
32600,0.027067,0.021690,0.138561
32610,0.024715,0.018880,0.129522
32620,0.017725,0.013043,0.092528
32630,0.035774,0.027208,0.176609
32640,0.044361,0.033569,0.185703
32650,0.032847,0.025056,0.152787
32660,0.034538,0.026306,0.163853
32670,0.024171,0.017871,0.135394
32680,0.024783,0.018154,0.135330
32690,0.015574,0.011256,0.131567
32700,0.006965,0.005234,0.044925
32710,0.040356,0.030269,0.172230
32720,0.018613,0.014135,0.130947
32730,0.030828,0.022678,0.139459
32740,0.026658,0.020370,0.122750
32750,0.037239,0.030368,0.177911
32760,0.027841,0.021322,0.184772
32770,0.020959,0.015809,0.132168
32780,0.007619,0.005724,0.033998
32790,0.018736,0.013841,0.125316
32800,0.006493,0.004904,0.091431
32810,0.039657,0.030662,0.160579
32820,0.012568,0.009681,0.106201
32830,0.023934,0.018377,0.115101
32840,0.031861,0.023855,0.126977
32850,0.012343,0.009221,0.103634
32860,0.010027,0.006977,0.095636
32870,0.009739,0.007483,0.090709
32880,0.033685,0.025881,0.162166
32890,0.027708,0.020557,0.110943
32900,0.041979,0.032073,0.172283
32910,0.006547,0.004499,0.105903
32920,0.029462,0.022133,0.142065
32930,0.002042,0.001515,0.106117
32940,0.019690,0.014896,0.143847
32950,0.008055,0.006078,0.124171
32960,0.027378,0.021072,0.116017
32970,0.007690,0.005958,0.113437
32980,0.043991,0.033672,0.180723
32990,0.026124,0.019986,0.128772
33000,0.015077,0.010692,0.138446
33010,0.030007,0.022459,0.142968
33020,0.038880,0.029294,0.161518
33030,0.023921,0.018059,0.103306
33040,0.024301,0.018452,0.130739
33050,0.013040,0.009551,0.103818
33060,0.048865,0.036456,0.203739
33070,0.009161,0.006758,0.050715
33080,0.029412,0.021417,0.148385
33090,0.038098,0.028755,0.170515
33100,0.026529,0.020649,0.110614
33110,0.014160,0.010664,0.107351
33120,0.016611,0.012057,0.127514
33130,0.023056,0.017732,0.109855
33140,0.024766,0.019016,0.138436
33150,0.024218,0.018746,0.139188
33160,0.027178,0.020735,0.155490
33170,0.022203,0.017563,0.160429
33180,0.023819,0.018012,0.124019
33190,0.026356,0.020328,0.124643
33200,0.047994,0.036579,0.194937
33210,0.024567,0.018461,0.136103
33220,0.037628,0.028717,0.168267
33230,0.029629,0.022612,0.145570
33240,0.030589,0.023064,0.145226
33250,0.013754,0.010286,0.115557
33260,0.016595,0.012118,0.121310
33270,0.020035,0.015019,0.120053
33280,0.027182,0.020360,0.149760
33290,0.022137,0.016663,0.124429
33300,0.030531,0.023327,0.169801
33310,0.034882,0.025410,0.165640
33320,0.012736,0.009662,0.078457
33330,0.029863,0.022875,0.156652
33340,0.030975,0.018141,0.240808
33350,0.037141,0.028229,0.155282
33360,0.033900,0.029397,0.136407
33370,0.025689,0.019540,0.131541
33380,0.029842,0.022371,0.154656
33390,0.025207,0.018991,0.145367
33400,0.019102,0.014081,0.125756
33410,0.012611,0.008893,0.070664
33420,0.022129,0.016360,0.124678
33430,0.019487,0.014700,0.102879
33440,0.011545,0.008640,0.106491
33450,0.010168,0.007618,0.083790
33460,0.023446,0.017521,0.124724
33470,0.016207,0.011852,0.121894
33480,0.001997,0.001495,0.014130
33490,0.026955,0.021204,0.147854
33500,0.050009,0.038228,0.187945
33510,0.015299,0.011408,0.119346
33520,0.018457,0.013921,0.122253
33530,0.035872,0.026941,0.158706
33540,0.034691,0.025981,0.157622
33550,0.011388,0.008051,0.116337
33560,0.018895,0.014092,0.099796
33570,0.035025,0.026308,0.131322
33580,0.049664,0.038306,0.185933
33590,0.062822,0.048124,0.226883
33600,0.019142,0.014485,0.133766
33610,0.039758,0.029977,0.167906
33620,0.023453,0.017634,0.123338
33630,0.033586,0.025725,0.134416
33640,0.014566,0.010855,0.097870
33650,0.024934,0.018643,0.139707
33660,0.039827,0.030442,0.154696
33670,0.022987,0.017361,0.122560
33680,0.019054,0.014307,0.083692
33690,0.023892,0.018416,0.127130
33700,0.018219,0.013824,0.075645
33710,0.034384,0.024836,0.160022
33720,0.046340,0.035705,0.188282
33730,0.016382,0.013002,0.108089
33740,0.037264,0.028157,0.165917
33750,0.037508,0.028843,0.161966
33760,0.009676,0.006914,0.085018
33770,0.048414,0.036800,0.184336
33780,0.036601,0.028052,0.157341
33790,0.011963,0.008778,0.100562
33800,0.012123,0.008896,0.112856
33810,0.023147,0.017471,0.122626
33820,0.013278,0.009747,0.106899
33830,0.024785,0.020341,0.144634
33840,0.003436,0.002382,0.107951
33850,0.021809,0.016470,0.130335
33860,0.005576,0.004234,0.034207
33870,0.055459,0.042235,0.203171
33880,0.023207,0.017520,0.126390
33890,0.024473,0.019033,0.122212
33900,0.010769,0.008452,0.060279
33910,0.030406,0.023282,0.134299
33920,0.021962,0.016709,0.091246
33930,0.039384,0.029828,0.174992
33940,0.031514,0.024059,0.151696
33950,0.012334,0.009180,0.099820
33960,0.050828,0.038984,0.193663
33970,0.017296,0.012913,0.124874
33980,0.026779,0.020306,0.133114
33990,0.018781,0.014029,0.126001
34000,0.020363,0.015401,0.125311
34010,0.005834,0.004192,0.099362
34020,0.031003,0.023836,0.145540
34030,0.029978,0.022575,0.118650
34040,0.027903,0.021178,0.125772
34050,0.060212,0.047302,0.220152
34060,0.030073,0.022695,0.162557
34070,0.015314,0.011294,0.109297
34080,0.034016,0.026090,0.161205
34090,0.004947,0.003460,0.111397
34100,0.025377,0.019242,0.108665
34110,0.036241,0.027015,0.163254
34120,0.011611,0.008550,0.101667
34130,0.031063,0.023979,0.142428
34140,0.022451,0.017037,0.110719
34150,0.034411,0.025965,0.156958
34160,0.016091,0.012022,0.117236
34170,0.018401,0.014944,0.080539
34180,0.040741,0.031141,0.160746
34190,0.019755,0.014224,0.140076
34200,0.021298,0.015789,0.093057
34210,0.010824,0.007966,0.110852
34220,0.040989,0.031355,0.164009
34230,0.013269,0.009867,0.104452
34240,0.019259,0.014850,0.070150
34250,0.019639,0.016453,0.140011
34260,0.031247,0.024024,0.155912
34270,0.037691,0.029083,0.161226
34280,0.040963,0.031784,0.159031
34290,0.033596,0.025412,0.155456
34300,0.033896,0.025862,0.166142
34310,0.013523,0.010137,0.115176
34320,0.038567,0.029830,0.160733
34330,0.037411,0.028547,0.163537
34340,0.053188,0.041131,0.206731
34350,0.047828,0.035332,0.202802
34360,0.016322,0.012320,0.083598
34370,0.012408,0.009593,0.098720
34380,0.021813,0.016266,0.127769
34390,0.025171,0.019041,0.142658
34400,0.038407,0.028891,0.172280
34410,0.019335,0.014483,0.103177
34420,0.031434,0.023603,0.147196
34430,0.021614,0.016426,0.139951
34440,0.022655,0.017031,0.105791
34450,0.023600,0.017458,0.133204
34460,0.016159,0.012503,0.082117
34470,0.028213,0.021456,0.144644
34480,0.022282,0.017010,0.115919
34490,0.031877,0.024204,0.160196
34500,0.013766,0.010320,0.101533
34510,0.012852,0.009522,0.106660
34520,0.017589,0.012794,0.123690
34530,0.040086,0.030863,0.175081
34540,0.009429,0.006927,0.099508
34550,0.001531,0.001084,0.057800
34560,0.017513,0.013084,0.113086
34570,0.032718,0.025034,0.160514
34580,0.041537,0.031464,0.176566
34590,0.002055,0.001829,0.430508
34600,0.021011,0.015459,0.114265
34610,0.013096,0.010077,0.100564
34620,0.031682,0.023555,0.164953
34630,0.028062,0.021551,0.133951
34640,0.026162,0.020090,0.139838
34650,0.032792,0.024736,0.148897
34660,0.024982,0.018831,0.124205
34670,0.030608,0.023456,0.131643
34680,0.026904,0.020181,0.140693
34690,0.005314,0.003944,0.097802
34700,0.028073,0.022125,0.149467
34710,0.030195,0.022550,0.127926
34720,0.024936,0.018484,0.128016
34730,0.013345,0.009744,0.103256
34740,0.023439,0.017806,0.120167
34750,0.014576,0.011230,0.116172
34760,0.032890,0.024820,0.151388
34770,0.056324,0.042827,0.208369
34780,0.028963,0.021837,0.132185
34790,0.011642,0.009272,0.058098
34800,0.013168,0.009947,0.071899
34810,0.019223,0.014676,0.124795
34820,0.014125,0.010289,0.123935
34830,0.036153,0.027165,0.159954
34840,0.013573,0.009810,0.109798
34850,0.016747,0.012689,0.100073
34860,0.018634,0.014291,0.108764
34870,0.053463,0.041122,0.214574
34880,0.028585,0.021519,0.133953
34890,0.024163,0.018307,0.128352
34900,0.031779,0.024255,0.119259
34910,0.023900,0.017900,0.136995
34920,0.018477,0.013967,0.117127
34930,0.028140,0.020945,0.156431
34940,0.017266,0.012897,0.099834
34950,0.030207,0.022880,0.143693
34960,0.027579,0.021374,0.128879
34970,0.019998,0.015290,0.117566
34980,0.048260,0.036545,0.190725
34990,0.021051,0.015776,0.128661
35000,0.021732,0.015955,0.130895
35010,0.024354,0.018437,0.128411
35020,0.036364,0.027473,0.166469
35030,0.037893,0.028813,0.165982
35040,0.022565,0.017222,0.131532
35050,0.026426,0.019676,0.147509
35060,0.029478,0.022849,0.151827
35070,0.035882,0.026921,0.148808
35080,0.036317,0.027244,0.157634
35090,0.016208,0.011766,0.092461
35100,0.019952,0.014828,0.125456
35110,0.038830,0.030601,0.170202
35120,0.029899,0.023039,0.161829
35130,0.004774,0.003660,0.040993
35140,0.010119,0.007472,0.101468
35150,0.020729,0.015476,0.119849
35160,0.036040,0.027075,0.157539
35170,0.022682,0.016995,0.127822
35180,0.023028,0.017593,0.134106
35190,0.003687,0.002794,0.082352
35200,0.015782,0.013520,0.180399
35210,0.034892,0.026602,0.154709
35220,0.034888,0.026429,0.155467
35230,0.012272,0.009419,0.066829
35240,0.022451,0.016483,0.133664
35250,0.023190,0.017340,0.113877
35260,0.037300,0.028287,0.158220
35270,0.030956,0.023410,0.146461
35280,0.043467,0.036111,0.184874
35290,0.019252,0.014372,0.123230
35300,0.020648,0.016201,0.174517
35310,0.025272,0.018761,0.129831
35320,0.014344,0.010906,0.109118
35330,0.024680,0.017525,0.199131
35340,0.029352,0.022312,0.142241
35350,0.037860,0.028814,0.168176
35360,0.015157,0.011492,0.087945
35370,0.008068,0.006147,0.044522
35380,0.025333,0.019394,0.124223
35390,0.024932,0.018189,0.115744
35400,0.024756,0.018275,0.140128
35410,0.017550,0.013031,0.128286
35420,0.011237,0.008424,0.058323
35430,0.018826,0.014890,0.104381
35440,0.033531,0.025810,0.163807
35450,0.025558,0.018413,0.142624
35460,0.035697,0.026734,0.150911
35470,0.042140,0.031971,0.172160
35480,0.041873,0.031972,0.174258
35490,0.006284,0.004943,0.087549
35500,0.009832,0.007406,0.075047
35510,0.023492,0.017439,0.149547
35520,0.021178,0.016011,0.117061
35530,0.019437,0.014745,0.105581
35540,0.033417,0.025671,0.152539
35550,0.021382,0.016739,0.100164
35560,0.019765,0.014652,0.112010
35570,0.031231,0.023426,0.150327
35580,0.021262,0.013858,0.334793
35590,0.019759,0.014902,0.106820
35600,0.049300,0.036847,0.190317
35610,0.027410,0.020861,0.120832
35620,0.030441,0.023218,0.141090
35630,0.010393,0.008028,0.076866
35640,0.015898,0.012382,0.127658
35650,0.031415,0.024253,0.156345
35660,0.026964,0.020094,0.137259
35670,0.030778,0.023973,0.152825
35680,0.035641,0.026687,0.153725
35690,0.035424,0.026907,0.160505
35700,0.023658,0.017143,0.133126
35710,0.022925,0.016904,0.125100
35720,0.031557,0.023719,0.150120
35730,0.053501,0.040686,0.200728
35740,0.013548,0.008836,0.143807
35750,0.027880,0.021228,0.114421
35760,0.033841,0.025796,0.163016
35770,0.038562,0.029014,0.166584
35780,0.015722,0.011362,0.124134
35790,0.037781,0.028630,0.161726
35800,0.040952,0.032897,0.180940
35810,0.036843,0.027796,0.169528
35820,0.012780,0.009457,0.105124
35830,0.019948,0.015067,0.117051
35840,0.017725,0.013303,0.130261
35850,0.001670,0.001295,0.112952
35860,0.020968,0.015731,0.124964
35870,0.027835,0.021232,0.129830
35880,0.024595,0.019253,0.132460
35890,0.014544,0.010810,0.108847
35900,0.012805,0.009790,0.104083
35910,0.015548,0.011159,0.120881
35920,0.034890,0.025987,0.143449
35930,0.019054,0.015515,0.125467
35940,0.019642,0.014956,0.084813
35950,0.045271,0.034523,0.185544
35960,0.018876,0.014813,0.153073
35970,0.023592,0.017772,0.136686
35980,0.008523,0.006209,0.116000
35990,0.033185,0.025831,0.141138
36000,0.028676,0.021720,0.153536
36010,0.013709,0.010303,0.111602
36020,0.021588,0.016252,0.126484
36030,0.024000,0.018431,0.140547
36040,0.043604,0.032500,0.174706
36050,0.021349,0.016983,0.104601
36060,0.018321,0.013512,0.118168
36070,0.025094,0.018917,0.127735
36080,0.017635,0.012787,0.115928
36090,0.011758,0.007901,0.110394
36100,0.008288,0.006100,0.095588
36110,0.014075,0.010032,0.104303
36120,0.035773,0.026626,0.164018
36130,0.022454,0.017078,0.138026
36140,0.017102,0.012668,0.102023
36150,0.041365,0.035218,0.183782
36160,0.012347,0.009068,0.107188
36170,0.011922,0.008666,0.100497
36180,0.037516,0.028822,0.142963
36190,0.009586,0.007338,0.089677
36200,0.037928,0.029136,0.162862
36210,0.026662,0.020294,0.129708
36220,0.027070,0.020560,0.135321
36230,0.047953,0.036737,0.177003
36240,0.019859,0.015043,0.102562
36250,0.018547,0.014010,0.086281
36260,0.048029,0.036022,0.183838
36270,0.017045,0.012685,0.121096
36280,0.034722,0.026516,0.130783
36290,0.047595,0.034142,0.187275
36300,0.034154,0.025920,0.158020
36310,0.025436,0.019109,0.133700
36320,0.014682,0.011253,0.118987
36330,0.023364,0.017220,0.145965
36340,0.011547,0.008540,0.093399
36350,0.011900,0.008805,0.100144
36360,0.024150,0.018493,0.132001
36370,0.029664,0.022737,0.139576
36380,0.010110,0.007314,0.086540
36390,0.017021,0.012902,0.097746
36400,0.016474,0.012287,0.120044
36410,0.037928,0.028672,0.160838
36420,0.023912,0.017215,0.158538
36430,0.016723,0.012538,0.108448
36440,0.024541,0.018754,0.162072
36450,0.014552,0.010954,0.130753
36460,0.026244,0.019936,0.146074
36470,0.009821,0.007470,0.095984
36480,0.033641,0.025465,0.151734
36490,0.014650,0.010917,0.096863
36500,0.022574,0.016962,0.132746
36510,0.038865,0.029492,0.156951
36520,0.015517,0.011499,0.089449
36530,0.023989,0.018326,0.132608
36540,0.031333,0.023350,0.144981
36550,0.028292,0.022023,0.135416
36560,0.019293,0.014520,0.119201
36570,0.025438,0.019434,0.133621
36580,0.005097,0.003822,0.099603
36590,0.038120,0.029365,0.164767
36600,0.028314,0.021983,0.131285
36610,0.012209,0.008942,0.097542
36620,0.015490,0.011302,0.111601
36630,0.008570,0.006331,0.117271
36640,0.016658,0.012513,0.112337
36650,0.029008,0.022102,0.138689
36660,0.018859,0.015911,0.092608
36670,0.005429,0.004249,0.035715
36680,0.013212,0.009909,0.077654
36690,0.021398,0.016187,0.118899
36700,0.002744,0.001929,0.046482
36710,0.024671,0.018783,0.108054
36720,0.015460,0.012043,0.087705
36730,0.006431,0.004925,0.100306
36740,0.025493,0.019092,0.142372
36750,0.011113,0.008124,0.117944
36760,0.039406,0.029912,0.170839
36770,0.014317,0.010418,0.096576
36780,0.014767,0.011421,0.085852
36790,0.004194,0.003094,0.102078
36800,0.000001,0.000004,0.000009
36810,0.017869,0.013697,0.122027
36820,0.017013,0.012670,0.086035
36830,0.025110,0.019345,0.100183
36840,0.008992,0.006558,0.058167
36850,0.009462,0.006868,0.081458
36860,0.012884,0.009301,0.094712
36870,0.018172,0.014032,0.108404
36880,0.010139,0.007430,0.113675
36890,0.048212,0.037047,0.177741
36900,0.017179,0.012871,0.123721
36910,0.013405,0.009850,0.118986
36920,0.024441,0.018278,0.096673
36930,0.024325,0.018791,0.111030
36940,0.013188,0.009970,0.108892
36950,0.024466,0.018381,0.135076
36960,0.046670,0.036117,0.190117
36970,0.031265,0.023394,0.139096
36980,0.041336,0.030492,0.166816
36990,0.017919,0.013203,0.105929
37000,0.028741,0.021895,0.124899
37010,0.021856,0.016549,0.093567
37020,0.015365,0.011416,0.113709
37030,0.024218,0.018286,0.144217
37040,0.010953,0.007708,0.100179
37050,0.026993,0.020526,0.138023
37060,0.014857,0.011059,0.096314
37070,0.015728,0.011689,0.110943
37080,0.014379,0.010840,0.120240
37090,0.038731,0.029462,0.163496
37100,0.022371,0.016271,0.136920
37110,0.024135,0.018192,0.120405
37120,0.031114,0.023485,0.154543
37130,0.030110,0.022969,0.142790
37140,0.017484,0.013171,0.153006
37150,0.032189,0.024808,0.154463
37160,0.016804,0.012676,0.132964
37170,0.030324,0.022969,0.142792
37180,0.032885,0.025172,0.144123
37190,0.041564,0.032265,0.160004
37200,0.035542,0.026861,0.158123
37210,0.020555,0.015043,0.104313
37220,0.021483,0.016317,0.116552
37230,0.032089,0.024581,0.148009
37240,0.040203,0.030182,0.172234
37250,0.022434,0.017355,0.120938
37260,0.031778,0.024141,0.149043
37270,0.013810,0.010318,0.101717
37280,0.021155,0.015968,0.111100
37290,0.019895,0.015232,0.127071
37300,0.016066,0.011973,0.114025
37310,0.016157,0.011838,0.117976
37320,0.014450,0.010823,0.100865
37330,0.002241,0.001531,0.039664
37340,0.017807,0.013614,0.119088
37350,0.012600,0.009314,0.103343
37360,0.036354,0.028144,0.147673
37370,0.022465,0.016828,0.131761
37380,0.036138,0.027678,0.143285
37390,0.000300,0.000257,0.653923
37400,0.029877,0.023156,0.128965
37410,0.024643,0.018330,0.127360
37420,0.016986,0.012869,0.102015
37430,0.032098,0.024646,0.149176
37440,0.055399,0.042434,0.203581
37450,0.012641,0.009709,0.063552
37460,0.057864,0.043434,0.207236
37470,0.011947,0.008954,0.084839
37480,0.027512,0.020557,0.140881
37490,0.026653,0.019875,0.143747
37500,0.049114,0.037298,0.189098
37510,0.015174,0.011444,0.096028
37520,0.012415,0.009826,0.116023
37530,0.019840,0.015117,0.128519
37540,0.049579,0.037903,0.190231
37550,0.013832,0.010300,0.107666
37560,0.032495,0.024537,0.151015
37570,0.012945,0.010108,0.098357
37580,0.037542,0.028081,0.160706
37590,0.013041,0.010327,0.057046
37600,0.012774,0.009772,0.103423
37610,0.027807,0.021097,0.131058
37620,0.028210,0.020959,0.146751
37630,0.024282,0.018533,0.128701
37640,0.024442,0.019047,0.129177
37650,0.023243,0.017980,0.115826
37660,0.017885,0.013193,0.128158
37670,0.016527,0.012887,0.105827
37680,0.003665,0.002768,0.114876
37690,0.016727,0.012952,0.083388
37700,0.051208,0.039029,0.193647
37710,0.022960,0.017520,0.128825
37720,0.021709,0.016230,0.130453
37730,0.021959,0.016744,0.103845
37740,0.030766,0.023184,0.138712
37750,0.043384,0.032700,0.166614
37760,0.002890,0.002203,0.108069
37770,0.018883,0.014253,0.115280
37780,0.033865,0.025445,0.152785
37790,0.026542,0.020192,0.114895
37800,0.036374,0.028904,0.145434
37810,0.036351,0.027565,0.167923
37820,0.018766,0.014447,0.090242
37830,0.027284,0.019998,0.145453
37840,0.033363,0.025524,0.151534
37850,0.022498,0.017072,0.140063
37860,0.010783,0.008047,0.096603
37870,0.049778,0.037266,0.199212
37880,0.009106,0.006590,0.086668
37890,0.027747,0.020853,0.127895
37900,0.017530,0.013955,0.123110
37910,0.033280,0.026083,0.143983
37920,0.007592,0.005553,0.129382
37930,0.021776,0.016345,0.123770
37940,0.014467,0.010818,0.114678
37950,0.044864,0.035116,0.183437
37960,0.000003,0.000002,0.000009
37970,0.037276,0.028098,0.166018
37980,0.010172,0.007763,0.068948
37990,0.021058,0.015704,0.091826
38000,0.020467,0.015446,0.118167
38010,0.015836,0.011566,0.115431
38020,0.017458,0.013304,0.123515
38030,0.031203,0.023217,0.151486
38040,0.019948,0.014810,0.119046
38050,0.021003,0.016266,0.129166
38060,0.028512,0.021767,0.110267
38070,0.021775,0.016572,0.132695
38080,0.033531,0.025497,0.141340
38090,0.026289,0.019499,0.133848
38100,0.007178,0.005522,0.054950
38110,0.037630,0.028539,0.167702
38120,0.062578,0.045434,0.201677
38130,0.012265,0.009002,0.099349
38140,0.015200,0.011361,0.114151
38150,0.013526,0.010177,0.102752
38160,0.029198,0.022344,0.135515
38170,0.016357,0.012475,0.089176
38180,0.011597,0.008255,0.085103
38190,0.044730,0.034754,0.175649
38200,0.019733,0.014712,0.121067
38210,0.021899,0.016608,0.122881
38220,0.027704,0.021122,0.114110
38230,0.000002,0.000000,0.000004
38240,0.008296,0.005754,0.086820
38250,0.019649,0.014728,0.109662
38260,0.022380,0.016600,0.130555
38270,0.014595,0.012227,0.096755
38280,0.014394,0.010472,0.116360
38290,0.026843,0.020301,0.141735
38300,0.030882,0.023476,0.154000
38310,0.032991,0.025240,0.150680
38320,0.026444,0.020330,0.131894
38330,0.024655,0.018607,0.140711
38340,0.029391,0.022598,0.130584
38350,0.016537,0.012291,0.109457
38360,0.027534,0.020656,0.129254
38370,0.028125,0.021848,0.116907
38380,0.018781,0.014048,0.111638
38390,0.043449,0.033119,0.177826
38400,0.022941,0.017128,0.135336
38410,0.033454,0.025447,0.161740
38420,0.032785,0.024825,0.154073
38430,0.026743,0.020121,0.134348
38440,0.015566,0.011621,0.087396
38450,0.019234,0.014710,0.114698
38460,0.014678,0.010405,0.127050
38470,0.027109,0.021185,0.112318
38480,0.009269,0.006993,0.123557
38490,0.043867,0.033169,0.166825
38500,0.024854,0.018834,0.147486
38510,0.012918,0.009460,0.105422
38520,0.037067,0.028234,0.162027
38530,0.016709,0.012690,0.110377
38540,0.016157,0.011871,0.085428
38550,0.040191,0.030471,0.167984
38560,0.024988,0.019106,0.112773
38570,0.009509,0.007194,0.165807
38580,0.023820,0.018264,0.119988
38590,0.026796,0.020537,0.138092
38600,0.016234,0.012309,0.097300
38610,0.015211,0.010849,0.113051
38620,0.025922,0.019805,0.110131
38630,0.026983,0.020048,0.148642
38640,0.005088,0.003709,0.099228
38650,0.016671,0.012661,0.070681
38660,0.021657,0.016221,0.103217
38670,0.041516,0.030892,0.156270
38680,0.019125,0.014255,0.117053
38690,0.006844,0.004894,0.115074
38700,0.040759,0.029705,0.180565
38710,0.014862,0.011586,0.117149
38720,0.053272,0.040121,0.194910
38730,0.041157,0.031043,0.177603
38740,0.015609,0.011516,0.121846
38750,0.025758,0.019511,0.133960
38760,0.026216,0.019406,0.137702
38770,0.056413,0.042228,0.211213
38780,0.024148,0.018176,0.118563
38790,0.018561,0.013914,0.121437
38800,0.019876,0.015242,0.126775
38810,0.009549,0.007288,0.062009
38820,0.041027,0.031071,0.174989
38830,0.041309,0.031692,0.170851
38840,0.016501,0.012343,0.086081
38850,0.038697,0.029926,0.159168
38860,0.018204,0.013741,0.115958
38870,0.026773,0.021099,0.149137
38880,0.004455,0.003267,0.086313
38890,0.019418,0.014542,0.093464
38900,0.030722,0.023837,0.145491
38910,0.019147,0.014479,0.116095
38920,0.028228,0.021027,0.144165
38930,0.033366,0.025206,0.156006
38940,0.021091,0.015599,0.124120
38950,0.040838,0.030938,0.185318
38960,0.021874,0.016728,0.118327
38970,0.000923,0.000895,0.161290
38980,0.004851,0.003704,0.046792
38990,0.012198,0.009120,0.092592
39000,0.032065,0.024036,0.145753
39010,0.018792,0.014125,0.135996
39020,0.021293,0.015732,0.114570
39030,0.005249,0.003773,0.080571
39040,0.003586,0.002551,0.100819
39050,0.031924,0.024511,0.145560
39060,0.008896,0.006937,0.126987
39070,0.045946,0.036554,0.187426
39080,0.011523,0.008962,0.109848
39090,0.002666,0.002387,0.131220
39100,0.048312,0.036941,0.189232
39110,0.032673,0.025240,0.152433
39120,0.024726,0.018486,0.130672
39130,0.017251,0.013524,0.117823
39140,0.037750,0.028908,0.163511
39150,0.039271,0.029579,0.155923
39160,0.009630,0.008494,0.106483
39170,0.011518,0.008511,0.055210
39180,0.039595,0.030271,0.162942
39190,0.010508,0.007583,0.112170
39200,0.029860,0.022644,0.145965
39210,0.011461,0.008734,0.084352
39220,0.012581,0.009787,0.061576
39230,0.002048,0.001600,0.015782
39240,0.018054,0.013726,0.094082
39250,0.041253,0.031818,0.166939
39260,0.021143,0.015763,0.125122
39270,0.028356,0.021755,0.146743
39280,0.037378,0.028165,0.162260
39290,0.010135,0.007498,0.098599
39300,0.038020,0.029006,0.154173
39310,0.020769,0.015707,0.116894
39320,0.039601,0.030150,0.165346
39330,0.037691,0.028616,0.157360
39340,0.025737,0.019455,0.146371
39350,0.031266,0.023955,0.145555
39360,0.033323,0.025273,0.150539
39370,0.008757,0.005978,0.102826
39380,0.024376,0.018488,0.132375
39390,0.018303,0.013743,0.108189
39400,0.023960,0.018165,0.130990
39410,0.014549,0.010766,0.097326
39420,0.018733,0.014170,0.104991
39430,0.002649,0.001936,0.078720
39440,0.024509,0.018177,0.132718
39450,0.016368,0.011949,0.126261
39460,0.020037,0.014739,0.108829
39470,0.006424,0.004836,0.059525
39480,0.016761,0.012837,0.076835
39490,0.033896,0.026009,0.157023
39500,0.058835,0.045886,0.215383
39510,0.023055,0.017554,0.124368
39520,0.021102,0.016376,0.106758
39530,0.019343,0.014407,0.130642
39540,0.011889,0.008673,0.094642
39550,0.025950,0.019632,0.140061
39560,0.023519,0.017733,0.125694
39570,0.028789,0.021832,0.136327
39580,0.016639,0.012559,0.113434
39590,0.039554,0.029872,0.174276
39600,0.026425,0.020834,0.144458
39610,0.039671,0.030603,0.163607
39620,0.012304,0.009095,0.093042
39630,0.024411,0.018551,0.134819
39640,0.029638,0.022044,0.138825
39650,0.020148,0.014956,0.137267
39660,0.014589,0.010773,0.109804
39670,0.011729,0.008630,0.097284
39680,0.022898,0.017150,0.122638
39690,0.027785,0.020968,0.136421
39700,0.031883,0.024253,0.151581
39710,0.041107,0.031575,0.167659
39720,0.024459,0.018270,0.098680
39730,0.014846,0.011835,0.082129
39740,0.028512,0.021946,0.140767
39750,0.007215,0.005433,0.107396
39760,0.032712,0.024784,0.144355
39770,0.013352,0.009838,0.096212
39780,0.026496,0.019904,0.104934
39790,0.027199,0.020188,0.139815
39800,0.003362,0.002424,0.079608
39810,0.005348,0.003941,0.028320
39820,0.017149,0.014560,0.104630
39830,0.028310,0.021585,0.131486
39840,0.020940,0.015693,0.115712
39850,0.029649,0.023121,0.136190
39860,0.036082,0.027597,0.146521
39870,0.038067,0.028526,0.150267
39880,0.032886,0.025849,0.164911
39890,0.019234,0.015003,0.097397
39900,0.017133,0.012893,0.102084
39910,0.018347,0.013928,0.109234
39920,0.037107,0.028862,0.167296
39930,0.024689,0.018652,0.125151
39940,0.024185,0.018552,0.121255
39950,0.021674,0.016888,0.117293
39960,0.003266,0.002354,0.075923
39970,0.028608,0.020889,0.141340
39980,0.014276,0.010485,0.112245
39990,0.030495,0.023585,0.149108
40000,0.023580,0.017563,0.129432
40010,0.012877,0.009530,0.105396
40020,0.001925,0.001200,0.014262
40030,0.012171,0.009025,0.102624
40040,0.060306,0.049033,0.200474
40050,0.039980,0.030420,0.164619
40060,0.006890,0.005084,0.042548
40070,0.025818,0.019375,0.129679
40080,0.019936,0.014884,0.128104
40090,0.019269,0.014974,0.108371
40100,0.031387,0.023927,0.144881
40110,0.024641,0.018827,0.124640
40120,0.016977,0.012614,0.101055
40130,0.024526,0.018477,0.137894
40140,0.027320,0.020581,0.147347
40150,0.005954,0.004398,0.073024
40160,0.010066,0.007573,0.091739
40170,0.031417,0.024255,0.151284
40180,0.043179,0.032255,0.177377
40190,0.000253,0.000202,0.069667
40200,0.003946,0.002824,0.097338
40210,0.019471,0.015159,0.108939
40220,0.012394,0.009477,0.075080
40230,0.034988,0.026691,0.142532
40240,0.028111,0.021661,0.121289
40250,0.018896,0.014559,0.116490
40260,0.037333,0.028504,0.167163
40270,0.023601,0.017643,0.105131
40280,0.001891,0.001342,0.089502
40290,0.012036,0.009182,0.060329
40300,0.039209,0.029650,0.166009
40310,0.011540,0.008645,0.098158
40320,0.024831,0.018804,0.135546
40330,0.027466,0.020792,0.124404
40340,0.048911,0.037725,0.177993
40350,0.024704,0.018578,0.148093
40360,0.016730,0.013032,0.089074
40370,0.012602,0.010154,0.068664
40380,0.012024,0.009048,0.105633
40390,0.029004,0.022274,0.139807
40400,0.016835,0.012740,0.108619
40410,0.044201,0.033648,0.178707
40420,0.030859,0.023694,0.149153
40430,0.013150,0.010246,0.111572
40440,0.056539,0.042201,0.208391
40450,0.016103,0.011334,0.117389
40460,0.033829,0.025526,0.152418
40470,0.028742,0.021604,0.120146
40480,0.040521,0.030712,0.160336
40490,0.025552,0.019336,0.139416
40500,0.024082,0.018715,0.104178
40510,0.041057,0.031841,0.163389
40520,0.019859,0.014956,0.111029
40530,0.034549,0.026117,0.142532
40540,0.017476,0.012598,0.139064
40550,0.016711,0.012519,0.086552
40560,0.021953,0.016657,0.125088
40570,0.010343,0.007737,0.081268
40580,0.002340,0.001646,0.065221
40590,0.035276,0.026810,0.156037
40600,0.014507,0.010777,0.107798
40610,0.008691,0.006605,0.089006
40620,0.028001,0.021433,0.138164
40630,0.037400,0.028378,0.153540
40640,0.019994,0.015145,0.113878
40650,0.017766,0.013684,0.089229
40660,0.016519,0.011583,0.131856
40670,0.017690,0.013138,0.115839
40680,0.015525,0.011518,0.099436
40690,0.042666,0.032680,0.164571
40700,0.014639,0.011339,0.153095
40710,0.009292,0.006887,0.094473
40720,0.033927,0.026309,0.150667
40730,0.013115,0.009634,0.099014
40740,0.014975,0.011187,0.115243
40750,0.008230,0.006225,0.081338
40760,0.015850,0.012063,0.118624
40770,0.022351,0.016490,0.121635
40780,0.026813,0.021258,0.141920
40790,0.027069,0.020529,0.136662
40800,0.035059,0.026520,0.134418
40810,0.031969,0.024097,0.143730
40820,0.023081,0.016977,0.106298
40830,0.022699,0.017193,0.136188
40840,0.028884,0.021649,0.162987
40850,0.020292,0.015347,0.108277
40860,0.024706,0.019245,0.110612
40870,0.010137,0.007482,0.084862
40880,0.013066,0.010056,0.107902
40890,0.019936,0.015452,0.092523
40900,0.003116,0.002379,0.026602
40910,0.029389,0.021208,0.150406
40920,0.001839,0.001504,0.021465
40930,0.039704,0.030517,0.165640
40940,0.013979,0.010333,0.112993
40950,0.023688,0.017258,0.131135
40960,0.025469,0.019594,0.144903
40970,0.013010,0.009898,0.092844
40980,0.023667,0.017779,0.132834
40990,0.016246,0.012205,0.102244
41000,0.029856,0.022541,0.135924
41010,0.036980,0.028523,0.169080
41020,0.037652,0.028318,0.173664
41030,0.037724,0.029050,0.157100
41040,0.030443,0.023098,0.150356
41050,0.038959,0.030786,0.158892
41060,0.045823,0.034752,0.179239
41070,0.025541,0.019373,0.131241
41080,0.028527,0.021873,0.134949
41090,0.027144,0.020787,0.143024
41100,0.022631,0.017079,0.128452
41110,0.018075,0.013543,0.103921
41120,0.030045,0.022708,0.138416
41130,0.016743,0.012267,0.117784
41140,0.024600,0.018283,0.130078
41150,0.018614,0.014075,0.104019
41160,0.018457,0.014076,0.115343
41170,0.029740,0.022608,0.137426
41180,0.017238,0.012905,0.113650
41190,0.034624,0.026523,0.153124
41200,0.013362,0.009960,0.110891
41210,0.006506,0.004432,0.134002
41220,0.052355,0.039819,0.198123
41230,0.020323,0.014975,0.123716
41240,0.028598,0.021977,0.131786
41250,0.008192,0.005771,0.144436
41260,0.018599,0.013948,0.096215
41270,0.008969,0.006540,0.074735
41280,0.034771,0.026444,0.168340
41290,0.018189,0.014113,0.084258
41300,0.026692,0.019798,0.128201
41310,0.023084,0.017690,0.130994
41320,0.009677,0.007045,0.085800
41330,0.016967,0.012713,0.105993
41340,0.029077,0.022275,0.140522
41350,0.026311,0.019826,0.134510
41360,0.009188,0.006940,0.048224
41370,0.031464,0.023971,0.155221
41380,0.016886,0.012940,0.112174
41390,0.026478,0.017906,0.178552
41400,0.016667,0.012768,0.075263
41410,0.031059,0.023365,0.122504
41420,0.029637,0.022442,0.137560
41430,0.018692,0.013825,0.127894
41440,0.022656,0.017294,0.094798
41450,0.027164,0.020475,0.138360
41460,0.015397,0.011950,0.107176
41470,0.020088,0.015040,0.117812
41480,0.006208,0.004379,0.098430
41490,0.010655,0.007775,0.119727
41500,0.014578,0.011469,0.087293
41510,0.045738,0.034821,0.174867
41520,0.013877,0.010169,0.098527
41530,0.045475,0.034959,0.179498
41540,0.037402,0.028200,0.166738
41550,0.039230,0.030254,0.160032
41560,0.012247,0.009172,0.104881
41570,0.012748,0.009576,0.098885
41580,0.001362,0.000975,0.102317
41590,0.011391,0.008747,0.092965
41600,0.021491,0.016496,0.118669
41610,0.053017,0.040612,0.208763
41620,0.031814,0.024783,0.135140
41630,0.022478,0.016714,0.106388
41640,0.028852,0.022219,0.145267
41650,0.033909,0.025616,0.138809
41660,0.038403,0.029503,0.159670
41670,0.022538,0.016844,0.137830
41680,0.019495,0.014728,0.131429
41690,0.022638,0.017337,0.098458
41700,0.009610,0.007350,0.091522
41710,0.010309,0.007610,0.084441
41720,0.020707,0.015715,0.113380
41730,0.033442,0.026003,0.130421
41740,0.024969,0.019344,0.137249
41750,0.001679,0.001147,0.079887
41760,0.027517,0.020941,0.138796
41770,0.029160,0.022651,0.141446
41780,0.024255,0.018872,0.122379
41790,0.010425,0.007901,0.095906
41800,0.016556,0.012636,0.101814
41810,0.017497,0.012994,0.114765
41820,0.000899,0.000649,0.115092
41830,0.022191,0.016908,0.129348
41840,0.031623,0.025861,0.162006
41850,0.004186,0.002984,0.080134
41860,0.021193,0.015931,0.116092
41870,0.033747,0.025870,0.149749
41880,0.027716,0.020422,0.152103
41890,0.026002,0.019661,0.120893
41900,0.020208,0.015762,0.116205
41910,0.021862,0.016364,0.120887
41920,0.021220,0.015341,0.126805
41930,0.014776,0.010923,0.081094
41940,0.025061,0.018857,0.133085
41950,0.016022,0.012202,0.093203
41960,0.035432,0.026615,0.156014
41970,0.000192,0.000157,0.065525
41980,0.018380,0.013842,0.110629
41990,0.028489,0.021546,0.145073
42000,0.047159,0.035898,0.179494
42010,0.008370,0.006590,0.046816
42020,0.049319,0.037364,0.191450
42030,0.019506,0.014057,0.131814
42040,0.026635,0.019821,0.111608
42050,0.023693,0.017385,0.136187
42060,0.015273,0.011401,0.117720
42070,0.014657,0.011010,0.091721
42080,0.000901,0.000638,0.107290
42090,0.029610,0.022585,0.138553
42100,0.018241,0.013766,0.105242
42110,0.004303,0.003263,0.039307
42120,0.021191,0.016538,0.124266
42130,0.029963,0.023135,0.129585
42140,0.021240,0.015979,0.122495
42150,0.018838,0.014320,0.105391
42160,0.016581,0.012461,0.111701
42170,0.014839,0.011622,0.100377
42180,0.028001,0.020735,0.157692
42190,0.004661,0.003591,0.034131
42200,0.002146,0.001555,0.076366
42210,0.016082,0.012779,0.115523
42220,0.031065,0.023306,0.141731
42230,0.004159,0.003072,0.093053
42240,0.027073,0.020313,0.109004
42250,0.020379,0.015064,0.114110
42260,0.049130,0.036952,0.184761
42270,0.034956,0.025606,0.157798
42280,0.031773,0.024027,0.146769
42290,0.007549,0.005478,0.045743
42300,0.028166,0.021338,0.132047
42310,0.015824,0.011395,0.123425
42320,0.042887,0.032973,0.164660
42330,0.018184,0.013740,0.089319
42340,0.009409,0.007160,0.086108
42350,0.019209,0.014119,0.101042
42360,0.040901,0.031153,0.168662
42370,0.019547,0.014709,0.112703
42380,0.019727,0.015188,0.111608
42390,0.023402,0.017838,0.124104
42400,0.021325,0.015988,0.128777
42410,0.004755,0.003319,0.119389
42420,0.017565,0.013574,0.112997
42430,0.030792,0.023550,0.146443
42440,0.040705,0.030774,0.168303
42450,0.014584,0.010675,0.113096
42460,0.020593,0.015555,0.122049
42470,0.020333,0.014935,0.119167
42480,0.011554,0.008339,0.093953
42490,0.018806,0.013924,0.120621
42500,0.001934,0.001308,0.117022
42510,0.016576,0.012584,0.110569
42520,0.010976,0.008027,0.093674
42530,0.003498,0.002771,0.074462
42540,0.013162,0.009597,0.107969
42550,0.037007,0.028089,0.146209
42560,0.015857,0.011456,0.110246
42570,0.018086,0.013638,0.087467
42580,0.015365,0.011682,0.086925
42590,0.034556,0.026266,0.150186
42600,0.014107,0.010431,0.075404
42610,0.039551,0.031489,0.165880
42620,0.019566,0.014919,0.089763
42630,0.013226,0.009544,0.097344
42640,0.015495,0.011352,0.103359
42650,0.037512,0.028669,0.177230
42660,0.027108,0.020079,0.129828
42670,0.035675,0.027582,0.154987
42680,0.024200,0.018158,0.121298
42690,0.035567,0.026931,0.147533
42700,0.010627,0.007859,0.094910
42710,0.027670,0.021165,0.137255
42720,0.033804,0.025868,0.149987
42730,0.022607,0.017567,0.121703
42740,0.024818,0.018635,0.130729
42750,0.021039,0.015680,0.087533
42760,0.007585,0.005719,0.088082
42770,0.046845,0.035315,0.186200
42780,0.028770,0.022199,0.143446
42790,0.007163,0.005212,0.074069
42800,0.003809,0.002890,0.082230
42810,0.022436,0.016119,0.147221
42820,0.019345,0.014488,0.114237
42830,0.018151,0.013990,0.103450
42840,0.009576,0.007217,0.078261
42850,0.030729,0.023604,0.124063
42860,0.034147,0.025730,0.151449
42870,0.022305,0.016521,0.143805
42880,0.012040,0.008842,0.103783
42890,0.016803,0.012573,0.107456
42900,0.027053,0.020707,0.117515
42910,0.025912,0.019852,0.134716
42920,0.017769,0.013485,0.109708
42930,0.047688,0.036959,0.191027
42940,0.027002,0.020717,0.122024
42950,0.017610,0.013359,0.108223
42960,0.018514,0.013694,0.130110
42970,0.030335,0.023017,0.143884
42980,0.006161,0.004681,0.075233
42990,0.036079,0.027658,0.143646
43000,0.020433,0.015608,0.113417
43010,0.016282,0.012401,0.105131
43020,0.029059,0.022570,0.132340
43030,0.026299,0.020390,0.142888
43040,0.008856,0.006243,0.103065
43050,0.036441,0.028230,0.160464
43060,0.038225,0.029914,0.160670
43070,0.019780,0.015214,0.091554
43080,0.028766,0.022253,0.139968
43090,0.040042,0.030981,0.166157
43100,0.038289,0.029299,0.165801
43110,0.034628,0.025804,0.167998
43120,0.008440,0.006153,0.079998
43130,0.031640,0.024263,0.148217
43140,0.039914,0.029901,0.163951
43150,0.000220,0.000175,0.101615
43160,0.027633,0.020988,0.130835
43170,0.006166,0.004582,0.119086
43180,0.028768,0.022133,0.142057
43190,0.016038,0.011957,0.112783
43200,0.023199,0.017636,0.129421
43210,0.038987,0.029215,0.165516
43220,0.022206,0.017034,0.101262
43230,0.004043,0.003188,0.028251
43240,0.013446,0.009850,0.099341
43250,0.011297,0.008557,0.097861
43260,0.016774,0.012547,0.094613
43270,0.017676,0.013227,0.131383
43280,0.017577,0.013493,0.127241
43290,0.027483,0.020270,0.125642
43300,0.026951,0.020264,0.144977
43310,0.020070,0.015552,0.120540
43320,0.020302,0.015197,0.109138
43330,0.013934,0.009996,0.119003
43340,0.016975,0.014659,0.094257
43350,0.006729,0.004637,0.163922
43360,0.020292,0.015392,0.119601
43370,0.010089,0.010810,0.108593
43380,0.010681,0.007978,0.058218
43390,0.049074,0.037441,0.187661
43400,0.009697,0.007445,0.069640
43410,0.028102,0.020826,0.148869
43420,0.032870,0.024558,0.139583
43430,0.018379,0.013976,0.090049
43440,0.016253,0.012347,0.112828
43450,0.001277,0.001261,0.008156
43460,0.033960,0.029218,0.169941
43470,0.028099,0.022210,0.137949
43480,0.028626,0.021647,0.150205
43490,0.029593,0.022070,0.144622
43500,0.031811,0.024076,0.145618
43510,0.037592,0.028588,0.153505
43520,0.016964,0.012443,0.120424
43530,0.030641,0.023167,0.141584
43540,0.031745,0.023933,0.150920
43550,0.003426,0.002573,0.080728
43560,0.020150,0.015025,0.112882
43570,0.021228,0.016151,0.115311
43580,0.022385,0.017621,0.112022
43590,0.148629,0.104798,0.387962
43600,0.018023,0.013640,0.109343
43610,0.005195,0.003417,0.037548
43620,0.008679,0.006727,0.040222
43630,0.004851,0.003718,0.037469
43640,0.034314,0.026086,0.150562
43650,0.041780,0.031702,0.175536
43660,0.019423,0.014343,0.097383
43670,0.037304,0.028638,0.162617
43680,0.039016,0.029662,0.160926
43690,0.033648,0.025971,0.150069
43700,0.018736,0.014440,0.103398
43710,0.021346,0.016007,0.125827
43720,0.019367,0.014611,0.118823
43730,0.024845,0.018765,0.131588
43740,0.027630,0.021353,0.127079
43750,0.020365,0.015218,0.111701
43760,0.012435,0.009204,0.106575
43770,0.041096,0.031611,0.167333
43780,0.026754,0.020085,0.136965
43790,0.005813,0.004370,0.141545
43800,0.023421,0.017857,0.102310
43810,0.007692,0.005641,0.096323
43820,0.023089,0.017366,0.120455
43830,0.022240,0.016995,0.132559
43840,0.007465,0.005474,0.103595
43850,0.020187,0.015387,0.117168
43860,0.026901,0.020070,0.118854
43870,0.016515,0.012182,0.126984
43880,0.029587,0.022690,0.131051
43890,0.022413,0.016887,0.128687
43900,0.022899,0.017681,0.106767
43910,0.024907,0.018740,0.121978
43920,0.018122,0.014480,0.111875
43930,0.045041,0.034289,0.184652
43940,0.029314,0.022134,0.129551
43950,0.018426,0.014011,0.106775
43960,0.028296,0.021370,0.142090
43970,0.010579,0.007376,0.053856
43980,0.026817,0.020526,0.126755
43990,0.027755,0.021269,0.133823
44000,0.019300,0.014682,0.133030
44010,0.015029,0.010893,0.115771
44020,0.021073,0.015829,0.118234
44030,0.023910,0.018423,0.130099
44040,0.027771,0.021051,0.129002
44050,0.000167,0.000159,0.656517
44060,0.025774,0.019939,0.112047
44070,0.019691,0.015045,0.121288
44080,0.040468,0.031559,0.176773
44090,0.012743,0.009525,0.071386
44100,0.008143,0.005931,0.086003
44110,0.000195,0.000160,0.046366
44120,0.017096,0.012656,0.108520
44130,0.012228,0.008831,0.090325
44140,0.041161,0.031386,0.169907
44150,0.025828,0.019266,0.137236
44160,0.034651,0.026097,0.140635
44170,0.022604,0.016743,0.125464
44180,0.028457,0.022148,0.136397
44190,0.013068,0.009777,0.102506
44200,0.002289,0.001764,0.021049
44210,0.032804,0.025725,0.156383
44220,0.017761,0.013415,0.094357
44230,0.022562,0.016653,0.124273
44240,0.006594,0.005129,0.072955
44250,0.015922,0.011731,0.124598
44260,0.017441,0.012915,0.122668
44270,0.016255,0.012219,0.072901
44280,0.038176,0.028899,0.161815
44290,0.025123,0.019049,0.126790
44300,0.021853,0.016628,0.121334
44310,0.014274,0.010594,0.104597
44320,0.035190,0.026441,0.172826
44330,0.023760,0.017861,0.116655
44340,0.023967,0.018470,0.132267
44350,0.043951,0.032753,0.162259
44360,0.000441,0.000313,0.039302
44370,0.010508,0.007812,0.088870
44380,0.041733,0.032117,0.167993
44390,0.014063,0.010260,0.106071
44400,0.036443,0.028113,0.173082
44410,0.025512,0.019418,0.110437
44420,0.020500,0.015523,0.091969
44430,0.008385,0.006403,0.078930
44440,0.006951,0.005503,0.031624
44450,0.024656,0.018921,0.107260
44460,0.010167,0.007535,0.086233
44470,0.021577,0.016351,0.093600
44480,0.009735,0.007299,0.091823
44490,0.026544,0.020153,0.126374
44500,0.019436,0.014287,0.125766
44510,0.012772,0.009214,0.094749
44520,0.010741,0.007918,0.075686
44530,0.023897,0.017926,0.126965
44540,0.028454,0.021723,0.132939
44550,0.039062,0.029529,0.170776
44560,0.040286,0.030659,0.174669
44570,0.038276,0.029259,0.163595
44580,0.008569,0.006443,0.120334
44590,0.010269,0.007353,0.119691
44600,0.029155,0.021901,0.131414
44610,0.025770,0.019391,0.124892
44620,0.009459,0.006712,0.095370
44630,0.003619,0.002569,0.080309
44640,0.025421,0.019023,0.139565
44650,0.040747,0.032463,0.174363
44660,0.017774,0.013981,0.103280
44670,0.013956,0.010997,0.063465
44680,0.017994,0.014563,0.114200
44690,0.010215,0.007829,0.089110
44700,0.014343,0.011883,0.090379
44710,0.011485,0.008827,0.088381
44720,0.015470,0.011700,0.078102
44730,0.023382,0.017330,0.130180
44740,0.014283,0.010536,0.104642
44750,0.025359,0.019359,0.132483
44760,0.011594,0.009108,0.125098
44770,0.033834,0.025870,0.128954
44780,0.023126,0.017964,0.120469
44790,0.029063,0.022733,0.143114
44800,0.018314,0.014128,0.091095
44810,0.038161,0.029175,0.173242
44820,0.014555,0.010713,0.112647
44830,0.015080,0.011120,0.113167
44840,0.013057,0.009105,0.117524
44850,0.022212,0.016932,0.122482
44860,0.035138,0.026365,0.162967
44870,0.025174,0.019299,0.107723
44880,0.004153,0.002990,0.093007
44890,0.021550,0.016399,0.097703
44900,0.014298,0.010920,0.113473
44910,0.020333,0.015437,0.116861
44920,0.003468,0.002399,0.128263
44930,0.015284,0.011527,0.097053
44940,0.034477,0.025918,0.159925
44950,0.034906,0.026141,0.163778
44960,0.048123,0.037233,0.183655
44970,0.006252,0.004663,0.083835
44980,0.028220,0.021693,0.138900
44990,0.026131,0.020090,0.139098
45000,0.046819,0.035540,0.183618
45010,0.027551,0.020717,0.143908
45020,0.029861,0.022150,0.132801
45030,0.012893,0.009337,0.103605
45040,0.009054,0.006436,0.112036
45050,0.017974,0.013566,0.086637
45060,0.032378,0.024218,0.137864
45070,0.008090,0.006185,0.062770
45080,0.035663,0.027034,0.161890
45090,0.017900,0.013297,0.094937
45100,0.031659,0.023862,0.131314
45110,0.018363,0.013681,0.083001
45120,0.007193,0.005123,0.094843
45130,0.011603,0.008401,0.099449
45140,0.024551,0.018364,0.104434
45150,0.012982,0.009719,0.058579
45160,0.006749,0.005039,0.045943
45170,0.010751,0.007573,0.100984
45180,0.022389,0.016807,0.102041
45190,0.033918,0.026046,0.148472
45200,0.032702,0.024649,0.143464
45210,0.038531,0.029493,0.144730
45220,0.020630,0.015422,0.111946
45230,0.026217,0.020049,0.108687
45240,0.026080,0.019691,0.112319
45250,0.030700,0.023686,0.127785
45260,0.014200,0.011289,0.083204
45270,0.004212,0.003015,0.079755
45280,0.013251,0.009987,0.096552
45290,0.028329,0.021620,0.116854
45300,0.011224,0.008527,0.089676
45310,0.024757,0.018821,0.113661
45320,0.025601,0.019645,0.127221
45330,0.012547,0.009106,0.120617
45340,0.030137,0.023762,0.150830
45350,0.008999,0.006863,0.105851
45360,0.024428,0.018663,0.117016
45370,0.006308,0.004826,0.040319
45380,0.037517,0.028606,0.160621
45390,0.040408,0.030956,0.157453
45400,0.006515,0.004807,0.095494
45410,0.013850,0.010555,0.072278
45420,0.018343,0.014074,0.117327
45430,0.011404,0.008542,0.090793
45440,0.031748,0.023847,0.150921
45450,0.010508,0.007797,0.088818
45460,0.020748,0.015953,0.113526
45470,0.016560,0.013112,0.083234
45480,0.013937,0.010458,0.073371
45490,0.008468,0.006093,0.088908
45500,0.005401,0.004770,0.032639
45510,0.008551,0.006534,0.052351
45520,0.025162,0.019141,0.126376
45530,0.021353,0.016175,0.112392
45540,0.028105,0.021325,0.137615
45550,0.023831,0.018282,0.118441
45560,0.035164,0.026531,0.144079
45570,0.015293,0.011659,0.081920
45580,0.029243,0.022020,0.146083
45590,0.010129,0.007430,0.056485
45600,0.007116,0.005238,0.079716
45610,0.033750,0.025857,0.143103
45620,0.025632,0.019317,0.113049
45630,0.022216,0.016724,0.126172
45640,0.014658,0.010895,0.097666
45650,0.026990,0.020667,0.131573
45660,0.025217,0.019029,0.131187
45670,0.003273,0.002052,0.098159
45680,0.032490,0.024400,0.145724
45690,0.005605,0.003973,0.082414
45700,0.022480,0.017035,0.121915
45710,0.020730,0.015838,0.116119
45720,0.022262,0.016641,0.122771
45730,0.003427,0.002559,0.212825
45740,0.007304,0.005099,0.044729
45750,0.013263,0.009436,0.126665
45760,0.029990,0.022934,0.141025
45770,0.023897,0.018410,0.118298
45780,0.000292,0.000256,0.656360
45790,0.002228,0.001704,0.158900
45800,0.028814,0.022085,0.135390
45810,0.002777,0.001921,0.122442
45820,0.009328,0.007061,0.080878
45830,0.024615,0.018908,0.117386
45840,0.030555,0.023514,0.142636
45850,0.026547,0.020263,0.138254
45860,0.025770,0.019191,0.101263
45870,0.022483,0.016974,0.107450
45880,0.033357,0.025283,0.154702
45890,0.018380,0.013534,0.111796
45900,0.032345,0.025224,0.137521
45910,0.008876,0.006752,0.094131
45920,0.012822,0.010329,0.105445
45930,0.011059,0.008634,0.058458
45940,0.036018,0.027359,0.158338
45950,0.011896,0.009060,0.102140
45960,0.039638,0.030479,0.165535
45970,0.027861,0.021280,0.132394
45980,0.012900,0.009436,0.106517
45990,0.039776,0.030059,0.164816
46000,0.027683,0.021596,0.129027
46010,0.021872,0.016757,0.125297
46020,0.006504,0.004425,0.103495
46030,0.003301,0.002352,0.077700
46040,0.025336,0.019247,0.127186
46050,0.010222,0.007598,0.093595
46060,0.009028,0.006644,0.076313
46070,0.017854,0.013366,0.112909
46080,0.023483,0.017383,0.124432
46090,0.016215,0.012294,0.065778
46100,0.016144,0.012129,0.113605
46110,0.026435,0.020070,0.134530
46120,0.013355,0.009911,0.107677
46130,0.029702,0.023812,0.127274
46140,0.021997,0.016752,0.120497
46150,0.013709,0.010257,0.096994
46160,0.024342,0.018380,0.126541
46170,0.026113,0.020202,0.114926
46180,0.030724,0.023336,0.147513
46190,0.025269,0.019089,0.125784
46200,0.014192,0.010807,0.117398
46210,0.038744,0.029356,0.162688
46220,0.032308,0.024767,0.136431
46230,0.027216,0.020484,0.127387
46240,0.027453,0.020677,0.133987
46250,0.053063,0.041866,0.184127
46260,0.021391,0.016186,0.116318
46270,0.015592,0.011354,0.104165
46280,0.026450,0.019810,0.145679
46290,0.016429,0.012683,0.120272
46300,0.015476,0.011687,0.119067
46310,0.031195,0.023630,0.151228
46320,0.029498,0.022045,0.148370
46330,0.029749,0.022593,0.149538
46340,0.032884,0.025090,0.144808
46350,0.026714,0.020245,0.134715
46360,0.018251,0.014179,0.107732
46370,0.054982,0.041959,0.198670
46380,0.027944,0.021283,0.136136
46390,0.033592,0.025603,0.152438
46400,0.031951,0.024260,0.129709
46410,0.004275,0.003108,0.073598
46420,0.026857,0.021227,0.130031
46430,0.031293,0.024164,0.130844
46440,0.022575,0.017091,0.119690
46450,0.029836,0.022871,0.131612
46460,0.020878,0.015633,0.117660
46470,0.013951,0.010733,0.078044
46480,0.014970,0.010981,0.107598
46490,0.011738,0.008956,0.059819
46500,0.017097,0.012822,0.098553
46510,0.048852,0.037287,0.188513
46520,0.021789,0.016412,0.115367
46530,0.032087,0.024508,0.136656
46540,0.009072,0.006762,0.084398
46550,0.012168,0.008931,0.097700
46560,0.035234,0.027178,0.142586
46570,0.027005,0.020363,0.128166
46580,0.006102,0.004258,0.090468
46590,0.023466,0.018116,0.113552
46600,0.003632,0.002871,0.025296
46610,0.013459,0.009954,0.107351
46620,0.038243,0.029258,0.156890
46630,0.027004,0.020611,0.128970
46640,0.037524,0.028111,0.161478
46650,0.035140,0.027228,0.165399
46660,0.015248,0.011582,0.099093
46670,0.019890,0.015416,0.092537
46680,0.022518,0.020304,0.129053
46690,0.008789,0.006753,0.047138
46700,0.029156,0.021878,0.142301
46710,0.010057,0.007477,0.092334
46720,0.009601,0.007034,0.079775
46730,0.017969,0.013945,0.102918
46740,0.014641,0.010922,0.099478
46750,0.007126,0.005097,0.086874
46760,0.023265,0.017158,0.133768
46770,0.011189,0.008633,0.091567
46780,0.019070,0.014650,0.098686
46790,0.010684,0.007972,0.099466
46800,0.058977,0.045978,0.210827
46810,0.025445,0.019272,0.127180
46820,0.009918,0.007140,0.084659
46830,0.027976,0.021535,0.125789
46840,0.012425,0.009246,0.087763
46850,0.038292,0.029114,0.161279
46860,0.021545,0.019456,0.078111
46870,0.037859,0.028800,0.165426
46880,0.020493,0.015534,0.105534
46890,0.025756,0.019341,0.130029
46900,0.035887,0.026905,0.162530
46910,0.007957,0.005766,0.077913
46920,0.034885,0.026619,0.146356
46930,0.027522,0.020551,0.140606
46940,0.028031,0.021126,0.129039
46950,0.010147,0.007411,0.086097
46960,0.034073,0.025883,0.157575
46970,0.034925,0.026791,0.142795
46980,0.038300,0.028586,0.161006
46990,0.022662,0.017037,0.125865
47000,0.029760,0.022799,0.138936
47010,0.018219,0.013998,0.094184
47020,0.020778,0.015775,0.117192
47030,0.033499,0.025448,0.148904
47040,0.030054,0.022204,0.150263
47050,0.025517,0.019149,0.128676
47060,0.021237,0.016236,0.102829
47070,0.005566,0.004095,0.098026
47080,0.011232,0.008082,0.105464
47090,0.013009,0.009868,0.115989
47100,0.023648,0.018071,0.111868
47110,0.007178,0.005406,0.088083
47120,0.012686,0.009462,0.111560
47130,0.023206,0.017665,0.130112
47140,0.048480,0.037486,0.185456
47150,0.032717,0.025090,0.146940
47160,0.007065,0.005355,0.087485
47170,0.009346,0.006965,0.086463
47180,0.011326,0.008499,0.064631
47190,0.030558,0.023586,0.153743
47200,0.043808,0.033580,0.185904
47210,0.003572,0.002578,0.088408
47220,0.014540,0.010248,0.094142
47230,0.014528,0.010986,0.095576
47240,0.014988,0.011219,0.097163
47250,0.035636,0.027131,0.135100
47260,0.031393,0.023972,0.131783
47270,0.033117,0.025438,0.140239
47280,0.019528,0.015157,0.095942
47290,0.022479,0.016954,0.117178
47300,0.006654,0.005189,0.037697
47310,0.010544,0.008223,0.082912
47320,0.023817,0.018602,0.114007
47330,0.014405,0.011374,0.120887
47340,0.014093,0.010731,0.100469
47350,0.034190,0.026244,0.132459
47360,0.012428,0.009606,0.107472
47370,0.030909,0.023316,0.145503
47380,0.035648,0.027302,0.155186
47390,0.011307,0.008474,0.056434
47400,0.020856,0.015877,0.116012
47410,0.028409,0.022507,0.145518
47420,0.009664,0.007003,0.133962
47430,0.005093,0.003661,0.104705
47440,0.010872,0.008012,0.096580
47450,0.013135,0.009926,0.106491
47460,0.026889,0.020576,0.108922
47470,0.017795,0.012379,0.175942
47480,0.043484,0.033113,0.170452
47490,0.016780,0.011657,0.110101
47500,0.034227,0.026050,0.160333
47510,0.019391,0.014872,0.129588
47520,0.024886,0.018812,0.136234
47530,0.026399,0.019789,0.132967
47540,0.037571,0.028899,0.153774
47550,0.014160,0.010903,0.098117
47560,0.008903,0.006032,0.087719
47570,0.015504,0.011804,0.091534
47580,0.025066,0.019099,0.140066
47590,0.028450,0.022104,0.136370
47600,0.019083,0.014386,0.108233
47610,0.035872,0.027612,0.144725
47620,0.021752,0.016835,0.089078
47630,0.047156,0.035966,0.187968
47640,0.019646,0.014470,0.119090
47650,0.038294,0.029359,0.161619
47660,0.002503,0.001914,0.089461
47670,0.007236,0.005266,0.091366
47680,0.022779,0.017200,0.125865
47690,0.028078,0.021815,0.126077
47700,0.012003,0.009097,0.054415
47710,0.020315,0.015278,0.123089
47720,0.026936,0.020376,0.134548
47730,0.033217,0.025504,0.152589
47740,0.023986,0.017830,0.132131
47750,0.020272,0.015424,0.086763
47760,0.038441,0.029453,0.160625
47770,0.018700,0.014123,0.107753
47780,0.013214,0.009654,0.108865
47790,0.022599,0.016783,0.126078
47800,0.027439,0.020976,0.142639
47810,0.020952,0.015803,0.135454
47820,0.033333,0.025273,0.153712
47830,0.030940,0.023772,0.146708
47840,0.010067,0.007583,0.089405
47850,0.005408,0.004075,0.064204
47860,0.019531,0.014552,0.122503
47870,0.020582,0.015978,0.108254
47880,0.025287,0.018735,0.125183
47890,0.014898,0.011042,0.094868
47900,0.010760,0.008010,0.078560
47910,0.032275,0.024690,0.145081
47920,0.028042,0.021251,0.132634
47930,0.039847,0.030533,0.158169
47940,0.035035,0.026663,0.155610
47950,0.002191,0.001516,0.061567
47960,0.013120,0.009874,0.111959
47970,0.021415,0.016301,0.109994
47980,0.006780,0.004996,0.103955
47990,0.014689,0.010972,0.102294
48000,0.020229,0.015218,0.122083
48010,0.018761,0.014821,0.126660
48020,0.016536,0.012363,0.098753
48030,0.024252,0.018136,0.122690
48040,0.030670,0.023299,0.138745
48050,0.024728,0.017606,0.144376
48060,0.011954,0.009145,0.065037
48070,0.031860,0.024734,0.135839
48080,0.018152,0.013435,0.117017
48090,0.019184,0.014453,0.116189
48100,0.030593,0.023665,0.117995
48110,0.042305,0.031010,0.169178
48120,0.026428,0.020242,0.128205
48130,0.011967,0.008975,0.101080
48140,0.030411,0.023410,0.141218
48150,0.029273,0.022585,0.139625
48160,0.011135,0.008418,0.090304
48170,0.023614,0.017764,0.122136
48180,0.007690,0.005679,0.087772
48190,0.039862,0.030785,0.168249
48200,0.041895,0.032080,0.170316
48210,0.018280,0.013579,0.108348
48220,0.014209,0.011174,0.090666
48230,0.016358,0.012091,0.113319
48240,0.012627,0.009423,0.103205
48250,0.031717,0.024462,0.153588
48260,0.021763,0.016748,0.110473
48270,0.016825,0.012780,0.117797
48280,0.022874,0.016836,0.120113
48290,0.008053,0.005623,0.094373
48300,0.008551,0.006331,0.046831
48310,0.006286,0.004147,0.135540
48320,0.012405,0.009201,0.124176
48330,0.000748,0.000580,0.182533
48340,0.008122,0.005968,0.075672
48350,0.018474,0.014359,0.092915
48360,0.029758,0.022713,0.146485
48370,0.012199,0.009048,0.098870
48380,0.022604,0.017151,0.108981
48390,0.034618,0.026082,0.161056
48400,0.027118,0.020161,0.142697
48410,0.014122,0.010577,0.074670
48420,0.011491,0.008616,0.062723
48430,0.041847,0.031555,0.168434
48440,0.017120,0.013159,0.075892
48450,0.024536,0.018727,0.137214
48460,0.020950,0.016138,0.099295
48470,0.026955,0.020613,0.121527
48480,0.020185,0.015198,0.127067
48490,0.028464,0.022132,0.130870
48500,0.012818,0.009093,0.113881
48510,0.048655,0.036748,0.190992
48520,0.019253,0.014807,0.113473
48530,0.033268,0.025593,0.136795
48540,0.030717,0.023349,0.138127
48550,0.012517,0.009337,0.096701
48560,0.041028,0.031893,0.176258
48570,0.014428,0.011426,0.071616
48580,0.035421,0.026908,0.154397
48590,0.035330,0.026822,0.157721
48600,0.018605,0.014268,0.093354
48610,0.021114,0.016022,0.129759
48620,0.023070,0.017420,0.103642
48630,0.016427,0.012210,0.107607
48640,0.003323,0.002477,0.023947
48650,0.017735,0.013151,0.107106
48660,0.038155,0.029476,0.138775
48670,0.066959,0.051810,0.227483
48680,0.027163,0.020627,0.138086
48690,0.031678,0.024407,0.127481
48700,0.033964,0.026469,0.158310
48710,0.015454,0.011550,0.105478
48720,0.015287,0.012000,0.079280
48730,0.029420,0.022119,0.142100
48740,0.024607,0.018344,0.128706
48750,0.027529,0.021183,0.122971
48760,0.046507,0.035771,0.183445
48770,0.026165,0.019777,0.136138
48780,0.029094,0.022119,0.123357
48790,0.030937,0.023661,0.124719
48800,0.013354,0.010256,0.076464
48810,0.018750,0.014455,0.081738
48820,0.029320,0.022557,0.125367
48830,0.028174,0.021770,0.135285
48840,0.030820,0.023671,0.143894
48850,0.016054,0.012154,0.085103
48860,0.011048,0.008392,0.088961
48870,0.036720,0.027798,0.159394
48880,0.029022,0.022362,0.133860
48890,0.021346,0.016268,0.086682
48900,0.010407,0.007946,0.059357
48910,0.033592,0.025806,0.140228
48920,0.017979,0.013756,0.104581
48930,0.032715,0.025269,0.140239
48940,0.011159,0.008548,0.066159
48950,0.014053,0.010340,0.105215
48960,0.044782,0.034201,0.178027
48970,0.020678,0.015286,0.116833
48980,0.022238,0.016448,0.137931
48990,0.028989,0.022265,0.128325
49000,0.027785,0.021429,0.135289
49010,0.017682,0.013568,0.111106
49020,0.043417,0.033601,0.173782
49030,0.024176,0.018741,0.128653
49040,0.028997,0.022018,0.121808
49050,0.013453,0.010290,0.060076
49060,0.009782,0.007516,0.076565
49070,0.044253,0.033967,0.183159
49080,0.010760,0.008229,0.083659
49090,0.020113,0.015182,0.111088
49100,0.045476,0.034882,0.170047
49110,0.016310,0.012134,0.107374
49120,0.030282,0.023718,0.121662
49130,0.011190,0.008088,0.082380
49140,0.022745,0.017068,0.122912
49150,0.021916,0.016603,0.116698
49160,0.018001,0.013661,0.107079
49170,0.024735,0.018724,0.134485
49180,0.021541,0.016161,0.122813
49190,0.020615,0.015506,0.112301
49200,0.021584,0.016585,0.114664
49210,0.008353,0.006648,0.104474
49220,0.019591,0.015135,0.090251
49230,0.012415,0.009305,0.096424
49240,0.020846,0.015542,0.106216
49250,0.039432,0.030097,0.152464
49260,0.000002,0.000002,0.000007
49270,0.020423,0.015273,0.125135
49280,0.000000,0.000001,0.000002
49290,0.033915,0.026216,0.148711
49300,0.029596,0.022550,0.147345
49310,0.023747,0.017881,0.124622
49320,0.009823,0.007131,0.081542
49330,0.016181,0.011064,0.131938
49340,0.020771,0.016025,0.114382
49350,0.017721,0.014790,0.130059
49360,0.017774,0.012967,0.119386
49370,0.021776,0.016400,0.127917
49380,0.037867,0.028975,0.147985
49390,0.027168,0.020881,0.115079
49400,0.010465,0.007835,0.092176
49410,0.035922,0.027210,0.158070
49420,0.033649,0.025424,0.155289
49430,0.008226,0.006101,0.087863
49440,0.011828,0.008818,0.089442
49450,0.023166,0.017630,0.108795
49460,0.010952,0.008577,0.099197
49470,0.019697,0.014891,0.108837
49480,0.038363,0.029140,0.155030
49490,0.021585,0.016464,0.092165
49500,0.055676,0.042041,0.199282
49510,0.027782,0.021372,0.134677
49520,0.022878,0.017380,0.125270
49530,0.032805,0.025751,0.153304
49540,0.005603,0.004360,0.075846
49550,0.030193,0.023945,0.147617
49560,0.018170,0.013606,0.107322
49570,0.011402,0.008313,0.104194
49580,0.011418,0.008548,0.104157
49590,0.009576,0.007265,0.095297
49600,0.006107,0.005190,0.091676
49610,0.021124,0.016255,0.095461
49620,0.045837,0.035259,0.176930
49630,0.012555,0.009137,0.113296
49640,0.019502,0.015013,0.091591
49650,0.002357,0.001568,0.064385
49660,0.017287,0.012971,0.083239
49670,0.018905,0.014400,0.089442
49680,0.018423,0.013859,0.100630
49690,0.027553,0.020947,0.147948
49700,0.009240,0.007248,0.052526
49710,0.032683,0.024345,0.133848
49720,0.042545,0.032443,0.170952
49730,0.002576,0.001909,0.075205
49740,0.032186,0.024689,0.152463
49750,0.022264,0.017366,0.119782
49760,0.019482,0.014675,0.108829
49770,0.014886,0.010974,0.092712
49780,0.054490,0.042700,0.199926
49790,0.010419,0.008004,0.065798
49800,0.011014,0.008463,0.060616
49810,0.016245,0.012246,0.098875
49820,0.010130,0.007599,0.089320
49830,0.025655,0.019865,0.128153
49840,0.002187,0.001593,0.070600
49850,0.027585,0.020672,0.134881
49860,0.017439,0.013174,0.107520
49870,0.038608,0.029526,0.156747
49880,0.025541,0.019840,0.150655
49890,0.011499,0.008388,0.097041
49900,0.015854,0.012146,0.114264
49910,0.019011,0.014453,0.111377
49920,0.032404,0.024633,0.145760
49930,0.025954,0.020127,0.130869
49940,0.013461,0.009951,0.092270
49950,0.022059,0.016821,0.108847
49960,0.027580,0.020690,0.109488
49970,0.007965,0.005814,0.043424
49980,0.024646,0.018811,0.126043
49990,0.017534,0.012973,0.087384
50000,0.033356,0.025992,0.135425
50010,0.034969,0.026531,0.132743
50020,0.025373,0.022978,0.108630
50030,0.017321,0.013248,0.106409
50040,0.020008,0.015225,0.103170
50050,0.022194,0.016707,0.126928
50060,0.026054,0.019831,0.126294
50070,0.024941,0.019724,0.125546
50080,0.001337,0.000935,0.067374
50090,0.018761,0.013887,0.106604
50100,0.028750,0.022040,0.132807
50110,0.046265,0.036385,0.185471
50120,0.009232,0.006620,0.051838
50130,0.020818,0.015279,0.131223
50140,0.043515,0.032994,0.162416
50150,0.021077,0.016208,0.117981
50160,0.025367,0.019030,0.132703
50170,0.009906,0.007232,0.101035
50180,0.020075,0.015070,0.112497
50190,0.015574,0.011665,0.086148
50200,0.018129,0.013873,0.102239
50210,0.021538,0.016362,0.094945
50220,0.023205,0.019627,0.134693
50230,0.019098,0.014216,0.110258
50240,0.012877,0.009553,0.108497
50250,0.007448,0.005367,0.083974
50260,0.032664,0.025113,0.149577
50270,0.026337,0.019967,0.136425
50280,0.033414,0.025248,0.141162
50290,0.021082,0.015686,0.126355
50300,0.021550,0.016718,0.100497
50310,0.023028,0.017986,0.127189
50320,0.015699,0.011971,0.101882
50330,0.025703,0.019729,0.126816
50340,0.019240,0.014572,0.095533
50350,0.016665,0.012527,0.108911
50360,0.018146,0.013957,0.106056
50370,0.017924,0.014050,0.107958
50380,0.003652,0.002204,0.147459
50390,0.024228,0.018504,0.121294
50400,0.052985,0.040190,0.193996
50410,0.017591,0.014151,0.120274
50420,0.027052,0.020758,0.129754
50430,0.029829,0.022670,0.143782
50440,0.033727,0.025927,0.155352
50450,0.003599,0.002641,0.066645
50460,0.031205,0.024007,0.148250
50470,0.010759,0.007849,0.083911
50480,0.048183,0.037529,0.174814
50490,0.036817,0.028133,0.139052
50500,0.036746,0.028524,0.160717
50510,0.039795,0.030586,0.155508
50520,0.016193,0.012729,0.107411
50530,0.027339,0.020486,0.131596
50540,0.012812,0.009255,0.105668
50550,0.008263,0.006679,0.038609
50560,0.015713,0.011770,0.126252
50570,0.050313,0.037968,0.190961
50580,0.029569,0.022651,0.140968
50590,0.009673,0.007385,0.059073
50600,0.032327,0.024676,0.124240
50610,0.005082,0.003643,0.076455
50620,0.020569,0.015372,0.124151
50630,0.021008,0.016343,0.096095
50640,0.035920,0.027942,0.162993
50650,0.027457,0.021114,0.130518
50660,0.016945,0.013243,0.112334
50670,0.035943,0.028250,0.144470
50680,0.020269,0.015081,0.115966
50690,0.008107,0.006072,0.101952
50700,0.017121,0.012923,0.110306
50710,0.028365,0.021692,0.140108
50720,0.019240,0.014931,0.108212
50730,0.042805,0.032598,0.171029
50740,0.013070,0.009677,0.109406
50750,0.019553,0.014684,0.121195
50760,0.017757,0.013572,0.086781
50770,0.022673,0.017482,0.134780
50780,0.023915,0.018669,0.132136
50790,0.032017,0.024754,0.148724
50800,0.034458,0.025973,0.159280
50810,0.019931,0.015037,0.093652
50820,0.016836,0.011620,0.117231
50830,0.010014,0.006907,0.109190
50840,0.021056,0.015720,0.113606
50850,0.000193,0.000137,0.041706
50860,0.031013,0.023192,0.142208
50870,0.013311,0.010135,0.099067
50880,0.014429,0.010813,0.111792
50890,0.018316,0.013988,0.100985
50900,0.028988,0.021288,0.140549
50910,0.002101,0.001507,0.078049
50920,0.017913,0.013622,0.109726
50930,0.026761,0.020393,0.147037
50940,0.029116,0.022584,0.140906
50950,0.038608,0.029393,0.165632
50960,0.014068,0.010607,0.098655
50970,0.024217,0.018379,0.131666
50980,0.010773,0.007953,0.071997
50990,0.026854,0.020492,0.129206
51000,0.010644,0.007893,0.096418
51010,0.041055,0.032061,0.169181
51020,0.035205,0.026770,0.150812
51030,0.026159,0.020419,0.103384
51040,0.023687,0.017808,0.138654
51050,0.011213,0.009008,0.089546
51060,0.028641,0.021958,0.138616
51070,0.011309,0.008363,0.112601
51080,0.014115,0.010732,0.071480
51090,0.038212,0.033716,0.162159
51100,0.032957,0.025637,0.135828
51110,0.021548,0.016093,0.113843
51120,0.008306,0.006146,0.117727
51130,0.021264,0.016174,0.120593
51140,0.010630,0.007848,0.086927
51150,0.045553,0.034952,0.164692
51160,0.046019,0.034942,0.178294
51170,0.028100,0.021329,0.135351
51180,0.029234,0.022252,0.122543
51190,0.029201,0.021936,0.147487
51200,0.021287,0.016545,0.103040
51210,0.023639,0.017893,0.123989
51220,0.010618,0.007876,0.083131
51230,0.039486,0.029865,0.161197
51240,0.021802,0.016751,0.095472
51250,0.025865,0.019431,0.137607
51260,0.016013,0.012125,0.102160
51270,0.016066,0.012345,0.082939
51280,0.018886,0.013393,0.131177
51290,0.033924,0.026150,0.142912
51300,0.006217,0.004277,0.114108
51310,0.036378,0.027689,0.152005
51320,0.009482,0.007298,0.087428
51330,0.018006,0.013708,0.102794
51340,0.038385,0.028922,0.162803
51350,0.026773,0.020464,0.115562
51360,0.016468,0.012655,0.109584
51370,0.016836,0.012597,0.118515
51380,0.023183,0.017663,0.103590
51390,0.035134,0.027151,0.146758
51400,0.012256,0.009598,0.090954
51410,0.058853,0.045481,0.209138
51420,0.015197,0.011367,0.101647
51430,0.014421,0.010866,0.091778
51440,0.036111,0.027800,0.153904
51450,0.010497,0.007977,0.091355
51460,0.005672,0.004017,0.033571
51470,0.012763,0.009514,0.089408
51480,0.017378,0.013356,0.107203
51490,0.037943,0.028825,0.163746
51500,0.012959,0.009745,0.096033
51510,0.034846,0.026513,0.156234
51520,0.024617,0.018783,0.120767
51530,0.011593,0.008866,0.083222
51540,0.016454,0.012834,0.078238
51550,0.007173,0.004993,0.083999
51560,0.006392,0.004776,0.095941
51570,0.009088,0.006612,0.084004
51580,0.033972,0.025763,0.136115
51590,0.000000,0.000000,0.000001
51600,0.037312,0.028245,0.137743
51610,0.018814,0.013900,0.092644
51620,0.012642,0.009222,0.089471
51630,0.024791,0.019038,0.107766
51640,0.014069,0.009834,0.114922
51650,0.055175,0.042265,0.201413
51660,0.012244,0.009468,0.061412
51670,0.023526,0.017609,0.120764
51680,0.028590,0.021786,0.144638
51690,0.036265,0.028210,0.141668
51700,0.021578,0.016629,0.102480
51710,0.014537,0.010630,0.078305
51720,0.028762,0.022185,0.130468
51730,0.015233,0.011636,0.088417
51740,0.021738,0.016762,0.101112
51750,0.028660,0.021846,0.136928
51760,0.015100,0.011529,0.076356
51770,0.004075,0.002342,0.143762
51780,0.019431,0.014503,0.104268
51790,0.024120,0.018516,0.142696
51800,0.020625,0.015546,0.102599
51810,0.012885,0.009495,0.071730
51820,0.014365,0.010917,0.116566
51830,0.018919,0.014085,0.106368
51840,0.035949,0.027775,0.152575
51850,0.008605,0.006117,0.089708
51860,0.030818,0.023497,0.137437
51870,0.021169,0.016284,0.114839
51880,0.016886,0.012705,0.106755
51890,0.009668,0.007255,0.101820
51900,0.013870,0.010349,0.114943
51910,0.012111,0.008971,0.085104
51920,0.012015,0.009012,0.097417
51930,0.023377,0.018566,0.119598
51940,0.019622,0.015983,0.130286
51950,0.015095,0.011672,0.082870
51960,0.003235,0.002479,0.022527
51970,0.011856,0.009215,0.099349
51980,0.013758,0.010427,0.083573
51990,0.040904,0.031421,0.167644
52000,0.016024,0.011431,0.116459
52010,0.051273,0.039170,0.192224
52020,0.055432,0.042852,0.201344
52030,0.013904,0.010218,0.080346
52040,0.017115,0.013072,0.101752
52050,0.023180,0.017566,0.107516
52060,0.032304,0.024401,0.130002
52070,0.014318,0.010783,0.092134
52080,0.017823,0.014034,0.114928
52090,0.030900,0.023547,0.133620
52100,0.020834,0.015864,0.106995
52110,0.031821,0.024384,0.149627
52120,0.018500,0.013794,0.092025
52130,0.018561,0.013814,0.131431
52140,0.005541,0.004152,0.030589
52150,0.016060,0.012368,0.078162
52160,0.037787,0.029036,0.162224
52170,0.028820,0.021382,0.133430
52180,0.013651,0.009994,0.084800
52190,0.004274,0.003451,0.099895
52200,0.033361,0.026330,0.146730
52210,0.017267,0.013485,0.084041
52220,0.028821,0.021279,0.135046
52230,0.033154,0.025378,0.136746
52240,0.012575,0.009368,0.098822
52250,0.028481,0.021765,0.130735
52260,0.025252,0.019270,0.115839
52270,0.015786,0.011735,0.116658
52280,0.013351,0.010146,0.091246
52290,0.039463,0.029462,0.170001
52300,0.021699,0.016817,0.124437
52310,0.003636,0.002734,0.107173
52320,0.031689,0.024256,0.148064
52330,0.023318,0.017786,0.132808
52340,0.018967,0.014620,0.115035
52350,0.011544,0.008636,0.097089
52360,0.005228,0.004226,0.126436
52370,0.048350,0.036913,0.181813
52380,0.000980,0.000701,0.073513
52390,0.024217,0.019043,0.126865
52400,0.021805,0.016777,0.118890
52410,0.018121,0.013635,0.107287
52420,0.027361,0.020825,0.119429
52430,0.020823,0.015834,0.125241
52440,0.013349,0.010340,0.089727
52450,0.017521,0.014047,0.103911
52460,0.014508,0.011250,0.098490
52470,0.001589,0.001302,0.088664
52480,0.019641,0.014582,0.116583
52490,0.010733,0.007787,0.091873
52500,0.037924,0.029082,0.158968
52510,0.030069,0.023417,0.136364
52520,0.021560,0.016324,0.120683
52530,0.004335,0.003212,0.032761
52540,0.031261,0.023611,0.142265
52550,0.006603,0.004710,0.043046
52560,0.000003,0.000003,0.000011
52570,0.011948,0.008874,0.096172
52580,0.031122,0.023996,0.134573
52590,0.036772,0.027976,0.150280
52600,0.013623,0.010423,0.093631
52610,0.024635,0.018589,0.133817
52620,0.010806,0.007882,0.091807
52630,0.027821,0.021867,0.134404
52640,0.023748,0.018050,0.127313
52650,0.002757,0.002146,0.076816
52660,0.015879,0.011678,0.088221
52670,0.012853,0.010022,0.100009
52680,0.016067,0.013212,0.102804
52690,0.026979,0.020794,0.127088
52700,0.023131,0.017540,0.118456
52710,0.020553,0.015760,0.106211
52720,0.019565,0.015222,0.096010
52730,0.014840,0.010755,0.111080
52740,0.029729,0.022480,0.126885
52750,0.039644,0.030404,0.163911
52760,0.026134,0.019945,0.139305
52770,0.004438,0.003406,0.031493
52780,0.023791,0.017804,0.103034
52790,0.027274,0.020490,0.139331
52800,0.007798,0.005150,0.139005
52810,0.020708,0.016001,0.105026
52820,0.041256,0.031603,0.172005
52830,0.023837,0.018009,0.124300
52840,0.039875,0.030255,0.164762
52850,0.024427,0.018253,0.131539
52860,0.039386,0.030516,0.167822
52870,0.034702,0.026507,0.162953
52880,0.026248,0.020504,0.113332
52890,0.006019,0.004369,0.072958
52900,0.029429,0.022403,0.138383
52910,0.016569,0.012365,0.071297
52920,0.015364,0.011485,0.110378
52930,0.009480,0.006982,0.084412
52940,0.015444,0.010942,0.125179
52950,0.013578,0.010303,0.094748
52960,0.024144,0.018093,0.109944
52970,0.023379,0.017920,0.124766
52980,0.036299,0.027561,0.146450
52990,0.026197,0.019962,0.132303
53000,0.016250,0.012302,0.101176
53010,0.005178,0.004964,0.049322
53020,0.031006,0.023936,0.119326
53030,0.001687,0.001556,0.264285
53040,0.031840,0.024107,0.138373
53050,0.011491,0.008269,0.096013
53060,0.011291,0.009349,0.100634
53070,0.033511,0.025744,0.140951
53080,0.020425,0.015476,0.113281
53090,0.042023,0.032562,0.165389
53100,0.030808,0.023561,0.121764
53110,0.020682,0.015867,0.124794
53120,0.006007,0.004388,0.092310
53130,0.020203,0.015458,0.117401
53140,0.028474,0.021521,0.138554
53150,0.028358,0.021384,0.140437
53160,0.025058,0.019493,0.148908
53170,0.011547,0.008776,0.080350
53180,0.036135,0.027558,0.147481
53190,0.034453,0.026508,0.150218
53200,0.011659,0.008934,0.058889
53210,0.021370,0.016207,0.114781
53220,0.022562,0.017313,0.120804
53230,0.024109,0.018707,0.119994
53240,0.020908,0.015651,0.123561
53250,0.003821,0.002884,0.153141
53260,0.029277,0.022019,0.138240
53270,0.006752,0.004454,0.128729
53280,0.012261,0.009268,0.112175
53290,0.011277,0.007854,0.099642
53300,0.046689,0.035253,0.187699
53310,0.013149,0.009941,0.089827
53320,0.018361,0.014036,0.113719
53330,0.011656,0.008435,0.107964
53340,0.022837,0.017027,0.128800
53350,0.028086,0.021616,0.139352
53360,0.036434,0.028079,0.158248
53370,0.020688,0.015018,0.117864
53380,0.015567,0.011624,0.106532
53390,0.022928,0.017301,0.093146
53400,0.018452,0.014748,0.091100
53410,0.022384,0.017146,0.122459
53420,0.008747,0.006665,0.117407
53430,0.024349,0.018477,0.121846
53440,0.016251,0.012343,0.111531
53450,0.018448,0.013945,0.110414
53460,0.019370,0.015212,0.110890
53470,0.014184,0.010659,0.108918
53480,0.020185,0.015280,0.102048
53490,0.021704,0.016692,0.125359
53500,0.020982,0.015032,0.125816
53510,0.025762,0.019797,0.098342
53520,0.033295,0.025801,0.155897
53530,0.014216,0.010989,0.098170
53540,0.000002,0.000003,0.000009
53550,0.021919,0.016795,0.119362
53560,0.042938,0.032953,0.157356
53570,0.012288,0.008925,0.090624
53580,0.019286,0.015571,0.098320
53590,0.029480,0.022468,0.131203
53600,0.010886,0.008070,0.088297
53610,0.010613,0.007779,0.083196
53620,0.013913,0.010904,0.068100
53630,0.020393,0.015456,0.110385
53640,0.023262,0.017189,0.121464
53650,0.014178,0.011371,0.074718
53660,0.023114,0.017835,0.103317
53670,0.025519,0.020678,0.116285
53680,0.009834,0.007055,0.086285
53690,0.035325,0.026575,0.149964
53700,0.002271,0.001578,0.057867
53710,0.018290,0.013521,0.124890
53720,0.025637,0.019962,0.126355
53730,0.009661,0.007377,0.087413
53740,0.005284,0.003922,0.043617
53750,0.023544,0.018294,0.091407
53760,0.035994,0.027483,0.158440
53770,0.022475,0.017237,0.102193
53780,0.028248,0.021014,0.137466
53790,0.022083,0.016904,0.125856
53800,0.021457,0.016634,0.125495
53810,0.026041,0.019884,0.127925
53820,0.028857,0.021938,0.132113
53830,0.014096,0.010202,0.100266
53840,0.020383,0.015111,0.114509
53850,0.033958,0.025963,0.151052
53860,0.018264,0.013957,0.112149
53870,0.020950,0.015744,0.119138
53880,0.020073,0.015373,0.085013
53890,0.025258,0.020049,0.135078
53900,0.009752,0.006227,0.132555
53910,0.023792,0.017794,0.131294
53920,0.014109,0.010724,0.070504
53930,0.011986,0.009025,0.094815
53940,0.011285,0.008322,0.088321
53950,0.020671,0.015775,0.099443
53960,0.016785,0.013063,0.100410
53970,0.037194,0.027650,0.152976
53980,0.011838,0.008919,0.092533
53990,0.018736,0.014196,0.110601
54000,0.016133,0.012785,0.078413
54010,0.031065,0.024008,0.120402
54020,0.006072,0.004270,0.061756
54030,0.022805,0.017511,0.111312
54040,0.018084,0.013638,0.106486
54050,0.015226,0.013165,0.194679
54060,0.013905,0.010815,0.103999
54070,0.037591,0.028835,0.152986
54080,0.014865,0.011423,0.086774
54090,0.030171,0.023012,0.131336
54100,0.022847,0.017519,0.109017
54110,0.028991,0.022332,0.115578
54120,0.036595,0.028198,0.155526
54130,0.008888,0.006345,0.071703
54140,0.006046,0.004448,0.079831
54150,0.025611,0.019478,0.125848
54160,0.016183,0.011920,0.120617
54170,0.036732,0.028091,0.166601
54180,0.011347,0.009073,0.110709
54190,0.010694,0.008242,0.059392
54200,0.021745,0.016596,0.126480
54210,0.011478,0.008770,0.093392
54220,0.014507,0.010599,0.064446
54230,0.002876,0.001741,0.150946
54240,0.022107,0.017089,0.117541
54250,0.012128,0.009032,0.097771
54260,0.012629,0.008679,0.116625
54270,0.040174,0.030536,0.158749
54280,0.026894,0.020618,0.121440
54290,0.016254,0.011840,0.108579
54300,0.011845,0.008569,0.061408
54310,0.030975,0.023908,0.126313
54320,0.014996,0.011513,0.104258
54330,0.021427,0.016146,0.115352
54340,0.029773,0.022784,0.138820
54350,0.050535,0.038964,0.186123
54360,0.021155,0.016026,0.132008
54370,0.011939,0.009409,0.094614
54380,0.019361,0.014810,0.112613
54390,0.032280,0.024279,0.143463
54400,0.013246,0.009687,0.124188
54410,0.013573,0.009721,0.117421
54420,0.000289,0.000214,0.124234
54430,0.030588,0.023237,0.133591
54440,0.014814,0.011266,0.097748
54450,0.015319,0.011768,0.095781
54460,0.033914,0.025775,0.144415
54470,0.019050,0.014286,0.112361
54480,0.017051,0.013136,0.121574
54490,0.023060,0.016971,0.121006
54500,0.015847,0.011764,0.128378
54510,0.022163,0.016988,0.103153
54520,0.009556,0.007271,0.077992
54530,0.018147,0.013510,0.106864
54540,0.002946,0.002386,0.110788
54550,0.035655,0.027149,0.155831
54560,0.003892,0.003208,0.025778
54570,0.011176,0.008595,0.090559
54580,0.035193,0.026859,0.153630
54590,0.021632,0.016551,0.116461
54600,0.026292,0.019812,0.122415
54610,0.003829,0.002889,0.052874
54620,0.019227,0.014555,0.101030
54630,0.020310,0.015166,0.125845
54640,0.036455,0.027914,0.150888
54650,0.009647,0.007024,0.090393
54660,0.022577,0.016690,0.120992
54670,0.029303,0.022444,0.134837
54680,0.039894,0.030343,0.147518
54690,0.011353,0.009056,0.055341
54700,0.022236,0.017619,0.116502
54710,0.024945,0.018900,0.129611
54720,0.018996,0.014673,0.088026
54730,0.011772,0.008868,0.055680
54740,0.027559,0.020852,0.129312
54750,0.006461,0.004654,0.099818
54760,0.014725,0.011133,0.099480
54770,0.013557,0.010287,0.100892
54780,0.046980,0.036119,0.179337
54790,0.038025,0.029152,0.161497
54800,0.021624,0.016127,0.086454
54810,0.023140,0.017594,0.119251
54820,0.015100,0.011700,0.110624
54830,0.016779,0.012357,0.076399
54840,0.030207,0.022936,0.141476
54850,0.019310,0.015748,0.110951
54860,0.028700,0.022126,0.110637
54870,0.015051,0.011211,0.111479
54880,0.014358,0.010801,0.108260
54890,0.028492,0.022200,0.131354
54900,0.011035,0.008170,0.095583
54910,0.012701,0.009491,0.089659
54920,0.019620,0.014420,0.099253
54930,0.027771,0.020840,0.132734
54940,0.022448,0.017295,0.102244
54950,0.030561,0.023728,0.136489
54960,0.014741,0.011021,0.100196
54970,0.025887,0.018985,0.118281
54980,0.005895,0.004548,0.046748
54990,0.016179,0.012514,0.126430
55000,0.042821,0.032562,0.167912
55010,0.013003,0.009293,0.099881
55020,0.026405,0.020520,0.123221
55030,0.015188,0.011084,0.106431
55040,0.008819,0.005813,0.095412
55050,0.025754,0.019373,0.143221
55060,0.042926,0.032646,0.171221
55070,0.013292,0.009966,0.085350
55080,0.016810,0.012423,0.113555
55090,0.015632,0.011766,0.087593
55100,0.025147,0.019231,0.131669
55110,0.025412,0.019338,0.129529
55120,0.004044,0.002322,0.308749
55130,0.016622,0.012598,0.104637
55140,0.017434,0.013438,0.111549
55150,0.010608,0.008273,0.077838
55160,0.028066,0.021632,0.132857
55170,0.010293,0.007526,0.081561
55180,0.020465,0.015460,0.118059
55190,0.036068,0.027631,0.149615
55200,0.006230,0.004846,0.037218
55210,0.015589,0.011290,0.100475
55220,0.008646,0.006719,0.053505
55230,0.009562,0.007191,0.063121
55240,0.027751,0.021262,0.119787
55250,0.028144,0.021053,0.127894
55260,0.028428,0.021851,0.134623
55270,0.017553,0.012898,0.092655
55280,0.019133,0.013931,0.120254
55290,0.041110,0.031421,0.163082
55300,0.005500,0.003828,0.079136
55310,0.015658,0.012007,0.095416
55320,0.018712,0.014585,0.108067
55330,0.013235,0.010087,0.096790
55340,0.021979,0.017819,0.143468
55350,0.011095,0.008155,0.077025
55360,0.030501,0.023390,0.129764
55370,0.013307,0.009798,0.103368
55380,0.034422,0.026746,0.142388
55390,0.002387,0.001653,0.070253
55400,0.018898,0.014948,0.098570
55410,0.027104,0.020735,0.129699
55420,0.021488,0.016350,0.115657
55430,0.031072,0.023607,0.125099
55440,0.030044,0.023601,0.131519
55450,0.035252,0.027375,0.133877
55460,0.021786,0.016687,0.117870
55470,0.030021,0.023362,0.150230
55480,0.020129,0.014983,0.109575
55490,0.002597,0.001731,0.065359
55500,0.033076,0.025502,0.141754
55510,0.023618,0.018194,0.129654
55520,0.031567,0.024374,0.141945
55530,0.030779,0.023334,0.130819
55540,0.020743,0.015817,0.121044
55550,0.040216,0.032588,0.169381
55560,0.014002,0.010608,0.090294
55570,0.012557,0.009403,0.067750
55580,0.006732,0.007666,0.135016
55590,0.009519,0.006336,0.091900
55600,0.031806,0.024182,0.136577
55610,0.024534,0.018832,0.117502
55620,0.021110,0.015700,0.133565
55630,0.022669,0.017478,0.105172
55640,0.016527,0.012716,0.095343
55650,0.007575,0.005517,0.094173
55660,0.016136,0.012110,0.112588
55670,0.023224,0.017992,0.121205
55680,0.022098,0.016655,0.113532
55690,0.018447,0.014365,0.114233
55700,0.017908,0.013151,0.113106
55710,0.017822,0.013631,0.098578
55720,0.034809,0.026786,0.143504
55730,0.011855,0.009372,0.092912
55740,0.024049,0.018304,0.128734
55750,0.017205,0.012235,0.121266
55760,0.024735,0.019008,0.120530
55770,0.025501,0.019549,0.135735
55780,0.027312,0.020872,0.128389
55790,0.015798,0.010916,0.129231
55800,0.033939,0.025618,0.147474
55810,0.017463,0.012939,0.125770
55820,0.014754,0.011288,0.111522
55830,0.030554,0.023382,0.136312
55840,0.015151,0.010873,0.110829
55850,0.016150,0.012500,0.085071
55860,0.017933,0.013522,0.102066
55870,0.039103,0.029859,0.160570
55880,0.008129,0.005961,0.082525
55890,0.017710,0.013290,0.107988
55900,0.039939,0.030520,0.162775
55910,0.030618,0.023347,0.133833
55920,0.030833,0.023389,0.136984
55930,0.020753,0.015740,0.094599
55940,0.027197,0.020487,0.135911
55950,0.019132,0.014827,0.098819
55960,0.042256,0.032200,0.161433
55970,0.009681,0.007206,0.092069
55980,0.052509,0.040550,0.192187
55990,0.011423,0.008463,0.088181
56000,0.018880,0.014401,0.083117
56010,0.017345,0.013499,0.086497
56020,0.026112,0.020167,0.130588
56030,0.028552,0.021616,0.129211
56040,0.019080,0.014297,0.112243
56050,0.006662,0.004839,0.087954
56060,0.017025,0.013021,0.100054
56070,0.018462,0.014055,0.119382
56080,0.010000,0.007820,0.087802
56090,0.024234,0.019060,0.128614
56100,0.032190,0.025156,0.141133
56110,0.027949,0.021499,0.132363
56120,0.018165,0.013881,0.111402
56130,0.022658,0.017281,0.109929
56140,0.055177,0.042358,0.189407
56150,0.024832,0.018952,0.124152
56160,0.017241,0.012957,0.115353
56170,0.017587,0.012928,0.113812
56180,0.022725,0.017162,0.105688
56190,0.021965,0.016381,0.103560
56200,0.014568,0.010844,0.075486
56210,0.014573,0.010806,0.109428
56220,0.043417,0.033147,0.167721
56230,0.019380,0.014634,0.104994
56240,0.016464,0.012637,0.092434
56250,0.020731,0.016351,0.117750
56260,0.009083,0.006904,0.080054
56270,0.018950,0.014975,0.109519
56280,0.008809,0.006514,0.097620
56290,0.029958,0.023288,0.134490
56300,0.023093,0.017614,0.104583
56310,0.019062,0.014453,0.073230
56320,0.021305,0.016121,0.109271
56330,0.008713,0.006352,0.077849
56340,0.034700,0.026277,0.149459
56350,0.001142,0.000779,0.009656
56360,0.031799,0.023772,0.147356
56370,0.004428,0.003145,0.058348
56380,0.010994,0.008579,0.066399
56390,0.002633,0.001972,0.014843
56400,0.030859,0.023581,0.135363
56410,0.024459,0.018608,0.133204
56420,0.022914,0.018065,0.114161
56430,0.010799,0.007959,0.083971
56440,0.012173,0.009258,0.090434
56450,0.025011,0.018850,0.122670
56460,0.006526,0.004653,0.079546
56470,0.023676,0.018005,0.113076
56480,0.043338,0.032937,0.169952
56490,0.023776,0.018218,0.138627
56500,0.019902,0.014980,0.089809
56510,0.016261,0.012498,0.109847
56520,0.011115,0.008111,0.090350
56530,0.017259,0.013440,0.086555
56540,0.005595,0.004573,0.037705
56550,0.022008,0.017059,0.096752
56560,0.028999,0.022103,0.130818
56570,0.018961,0.014109,0.125279
56580,0.023966,0.018320,0.123160
56590,0.044942,0.033954,0.172688
56600,0.025560,0.020071,0.112809
56610,0.012187,0.009275,0.095390
56620,0.029401,0.022555,0.126126
56630,0.021996,0.016918,0.125475
56640,0.010508,0.007764,0.098918
56650,0.025499,0.019122,0.142398
56660,0.019753,0.014959,0.085941
56670,0.033276,0.025424,0.125969
56680,0.033389,0.025240,0.146905
56690,0.035082,0.026985,0.147859
56700,0.025348,0.019719,0.115310
56710,0.018959,0.016152,0.117110
56720,0.030150,0.023353,0.126304
56730,0.028191,0.022189,0.121636
56740,0.021851,0.016541,0.125304
56750,0.044793,0.034195,0.171059
56760,0.035200,0.027073,0.151682
56770,0.019380,0.014547,0.113382
56780,0.050685,0.038877,0.180768
56790,0.031718,0.024042,0.142794
56800,0.017817,0.012342,0.111133
56810,0.026728,0.020404,0.125655
56820,0.028066,0.021370,0.137127
56830,0.002050,0.001385,0.102484
56840,0.015751,0.012053,0.071079
56850,0.019919,0.015462,0.107377
56860,0.025764,0.019542,0.122885
56870,0.030401,0.023166,0.131240
56880,0.002596,0.001785,0.075118
56890,0.019702,0.014955,0.115480
56900,0.025058,0.018731,0.124299
56910,0.004605,0.003282,0.099842
56920,0.018312,0.014194,0.109470
56930,0.037422,0.028848,0.151910
56940,0.018230,0.013880,0.110123
56950,0.018632,0.014855,0.084871
56960,0.008868,0.007018,0.083497
56970,0.015055,0.011065,0.068487
56980,0.018672,0.014680,0.099804
56990,0.021578,0.016335,0.112547
57000,0.007417,0.005537,0.060568
57010,0.026533,0.020250,0.136211
57020,0.008519,0.006583,0.104530
57030,0.016665,0.012006,0.112366
57040,0.011160,0.008251,0.097542
57050,0.028127,0.022008,0.132459
57060,0.003740,0.002719,0.075807
57070,0.034504,0.025955,0.148533
57080,0.019830,0.015270,0.109060
57090,0.024843,0.019136,0.101828
57100,0.027508,0.020729,0.128616
57110,0.023484,0.017780,0.108959
57120,0.025425,0.019445,0.138914
57130,0.024396,0.018885,0.120680
57140,0.022319,0.016897,0.121394
57150,0.003181,0.002490,0.020143
57160,0.004443,0.003650,0.025100
57170,0.009411,0.007639,0.072049
57180,0.022766,0.017673,0.133372
57190,0.033374,0.025948,0.135951
57200,0.030570,0.023704,0.123914
57210,0.029998,0.023093,0.123598
57220,0.019680,0.014559,0.107444
57230,0.027687,0.021039,0.125893
57240,0.036974,0.028598,0.159400
57250,0.013674,0.010294,0.096005
57260,0.026590,0.020715,0.131927
57270,0.004456,0.003091,0.089841
57280,0.029702,0.023246,0.159675
57290,0.005987,0.004630,0.037315
57300,0.022434,0.017159,0.131506
57310,0.032711,0.025099,0.140796
57320,0.020519,0.015505,0.109652
57330,0.005993,0.004770,0.037917
57340,0.016060,0.012002,0.080820
57350,0.023156,0.017958,0.124396
57360,0.036345,0.027913,0.158907
57370,0.017476,0.013271,0.098240
57380,0.035105,0.027009,0.148153
57390,0.045945,0.035078,0.173803
57400,0.012026,0.009205,0.107293
57410,0.032572,0.025174,0.146070
57420,0.030974,0.023821,0.135278
57430,0.009524,0.006764,0.082985
57440,0.022304,0.016646,0.127149
57450,0.017378,0.013449,0.106661
57460,0.023453,0.017852,0.115397
57470,0.023919,0.018548,0.109752
57480,0.032009,0.024986,0.139690
57490,0.012866,0.009533,0.097496
57500,0.023201,0.017077,0.129961
57510,0.026389,0.020281,0.126879
57520,0.014420,0.011835,0.101173
57530,0.032814,0.025108,0.147386
57540,0.007618,0.005758,0.073691
57550,0.010450,0.007730,0.094386
57560,0.024099,0.019035,0.097781
57570,0.024712,0.018556,0.120580
57580,0.004949,0.003694,0.040465
57590,0.014556,0.010997,0.096900
57600,0.020904,0.016083,0.109826
57610,0.001980,0.001375,0.067808
57620,0.017772,0.013679,0.109606
57630,0.021489,0.016624,0.122437
57640,0.048008,0.037372,0.171359
57650,0.011822,0.008839,0.099489
57660,0.024743,0.019267,0.134351
57670,0.034049,0.026642,0.140334
57680,0.013364,0.009860,0.099862
57690,0.037840,0.029081,0.156001
57700,0.011633,0.008375,0.123998
57710,0.033503,0.025545,0.146729
57720,0.023541,0.017787,0.119775
57730,0.023645,0.018414,0.132023
57740,0.005696,0.004009,0.087908
57750,0.021707,0.016826,0.099892
57760,0.014457,0.011556,0.095404
57770,0.014885,0.011310,0.077404
57780,0.001963,0.001507,0.060904
57790,0.012313,0.008932,0.103606
57800,0.020756,0.016014,0.085303
57810,0.023115,0.017588,0.111427
57820,0.015540,0.011940,0.106288
57830,0.005343,0.003926,0.038903
57840,0.012258,0.009315,0.093262
57850,0.027317,0.021046,0.125510
57860,0.032838,0.023475,0.127154
57870,0.029012,0.023167,0.144704
57880,0.034028,0.025457,0.150384
57890,0.019722,0.015215,0.104003
57900,0.022303,0.017116,0.113107
57910,0.000467,0.000312,0.093816
57920,0.000001,0.000001,0.000003
57930,0.024539,0.018749,0.129422
57940,0.009033,0.006458,0.099309
57950,0.018980,0.014102,0.107924
57960,0.034186,0.026167,0.146309
57970,0.005780,0.004894,0.029109
57980,0.037794,0.028983,0.161954
57990,0.027138,0.020745,0.125311
58000,0.013505,0.010280,0.106621
58010,0.021595,0.016817,0.100851
58020,0.021148,0.015890,0.112008
58030,0.025005,0.018972,0.104364
58040,0.022450,0.017135,0.110190
58050,0.025551,0.019498,0.116234
58060,0.023178,0.017329,0.114707
58070,0.019861,0.015010,0.123766
58080,0.011027,0.008241,0.092119
58090,0.008428,0.006640,0.103064
58100,0.024734,0.018369,0.127236
58110,0.032027,0.024105,0.149748
58120,0.050004,0.039513,0.185524
58130,0.026921,0.020521,0.121830
58140,0.026411,0.020391,0.097080
58150,0.021868,0.017198,0.120364
58160,0.027475,0.020996,0.138528
58170,0.016417,0.013031,0.097774
58180,0.019721,0.015296,0.111550
58190,0.010594,0.008212,0.085141
58200,0.022588,0.017559,0.114321
58210,0.006108,0.004551,0.067933
58220,0.028458,0.021865,0.133667
58230,0.016721,0.012985,0.082050
58240,0.002131,0.001829,0.040195
58250,0.015899,0.011950,0.083175
58260,0.030176,0.023050,0.136282
58270,0.013838,0.010298,0.090409
58280,0.024495,0.019221,0.102312
58290,0.001945,0.001351,0.050287
58300,0.023719,0.017642,0.130551
58310,0.044104,0.034257,0.161195
58320,0.022711,0.016921,0.127697
58330,0.025009,0.019327,0.128837
58340,0.019013,0.014244,0.111146
58350,0.018162,0.014199,0.081881
58360,0.019766,0.015451,0.111481
58370,0.019738,0.014770,0.118106
58380,0.015127,0.011326,0.115664
58390,0.028405,0.021288,0.128207
58400,0.018039,0.013352,0.102002
58410,0.018045,0.013749,0.103667
58420,0.027771,0.021734,0.132963
58430,0.003740,0.002504,0.066614
58440,0.036358,0.028062,0.145717
58450,0.000761,0.000499,0.068368
58460,0.000409,0.000449,0.049502
58470,0.007052,0.005168,0.080214
58480,0.019744,0.014909,0.106846
58490,0.017031,0.012988,0.101626
58500,0.018105,0.013678,0.102347
58510,0.016420,0.012429,0.097778
58520,0.023147,0.017489,0.124669
58530,0.018550,0.013506,0.119903
58540,0.014520,0.010877,0.113808
58550,0.011707,0.008578,0.093231
58560,0.020409,0.015344,0.111626
58570,0.019112,0.014594,0.102792
58580,0.018089,0.013477,0.105598
58590,0.014069,0.010780,0.080110
58600,0.012976,0.010082,0.082029
58610,0.019257,0.014568,0.117362
58620,0.000235,0.000161,0.123472
58630,0.036367,0.028088,0.150269
58640,0.024476,0.018708,0.108041
58650,0.023516,0.018036,0.121349
58660,0.012818,0.009707,0.108916
58670,0.055653,0.041236,0.199253
58680,0.026642,0.020528,0.129099
58690,0.024984,0.018658,0.131359
58700,0.060826,0.046982,0.211210
58710,0.028307,0.021426,0.138556
58720,0.038322,0.029435,0.153585
58730,0.009219,0.006936,0.076975
58740,0.000087,0.000065,0.052854
58750,0.030242,0.023610,0.141597
58760,0.010944,0.007884,0.093076
58770,0.029254,0.022547,0.131628
58780,0.026891,0.020742,0.123208
58790,0.019939,0.015323,0.105189
58800,0.020907,0.015617,0.114082
58810,0.013154,0.009911,0.096258
58820,0.001794,0.001265,0.117608
58830,0.010662,0.007525,0.090488
58840,0.005167,0.003666,0.081966
58850,0.026321,0.020165,0.122420
58860,0.001569,0.001458,0.010650
58870,0.026365,0.020240,0.120518
58880,0.013379,0.010119,0.095058
58890,0.019164,0.014605,0.098134
58900,0.019868,0.014831,0.109839
58910,0.023113,0.017593,0.119101
58920,0.011145,0.008333,0.062226
58930,0.015554,0.011639,0.104729
58940,0.020449,0.015908,0.094556
58950,0.024264,0.018532,0.134944
58960,0.012041,0.008947,0.092664
58970,0.025736,0.019597,0.133250
58980,0.032812,0.024878,0.138691
58990,0.010515,0.007786,0.091835
59000,0.022520,0.017183,0.110061
59010,0.003461,0.002529,0.040827
59020,0.011369,0.008692,0.088273
59030,0.023223,0.017716,0.129015
59040,0.020051,0.015313,0.108251
59050,0.015003,0.011430,0.098131
59060,0.023139,0.017170,0.125289
59070,0.011321,0.008634,0.060588
59080,0.021533,0.016371,0.113356
59090,0.008705,0.006292,0.100092
59100,0.020069,0.015225,0.104100
59110,0.016880,0.014115,0.073682
59120,0.008971,0.007004,0.092797
59130,0.007932,0.006190,0.068677
59140,0.013657,0.010079,0.097298
59150,0.016651,0.012648,0.109120
59160,0.006855,0.005036,0.078492
59170,0.011408,0.008264,0.099602
59180,0.017883,0.013692,0.103158
59190,0.013660,0.010383,0.093105
59200,0.029660,0.022820,0.146526
59210,0.028544,0.021799,0.125590
59220,0.015839,0.011507,0.104942
59230,0.031906,0.024696,0.139368
59240,0.011810,0.008807,0.113963
59250,0.014361,0.011018,0.088181
59260,0.003702,0.002887,0.026308
59270,0.014101,0.010441,0.076540
59280,0.018255,0.014198,0.109559
59290,0.022007,0.016898,0.117972
59300,0.028466,0.020952,0.126468
59310,0.008928,0.006564,0.056466
59320,0.022483,0.017333,0.098716
59330,0.023098,0.017896,0.119453
59340,0.015439,0.011445,0.102799
59350,0.026152,0.020497,0.113339
59360,0.014323,0.010903,0.091417
59370,0.000488,0.000321,0.004235
59380,0.008241,0.005994,0.083643
59390,0.021559,0.017069,0.112654
59400,0.010643,0.007859,0.076758
59410,0.019204,0.014321,0.103176
59420,0.037324,0.029268,0.165427
59430,0.020973,0.015636,0.110317
59440,0.017140,0.013483,0.070146
59450,0.014386,0.010651,0.107812
59460,0.024722,0.019479,0.127879
59470,0.035384,0.027235,0.145344
59480,0.024823,0.019008,0.126441
59490,0.017219,0.012840,0.104439
59500,0.009321,0.006935,0.054979
59510,0.035235,0.027510,0.153034
59520,0.012847,0.009351,0.095594
59530,0.022350,0.017119,0.101963
59540,0.021244,0.015813,0.118520
59550,0.035757,0.027265,0.142914
59560,0.032352,0.024598,0.144726
59570,0.015783,0.012638,0.100075
59580,0.040831,0.031035,0.162778
59590,0.016306,0.012536,0.109027
59600,0.014019,0.010557,0.117301
59610,0.021306,0.016468,0.115464
59620,0.016507,0.012450,0.106211
59630,0.004087,0.002393,0.543493
59640,0.022369,0.017064,0.101741
59650,0.020311,0.015508,0.099822
59660,0.023104,0.017532,0.122940
59670,0.014558,0.010347,0.103437
59680,0.021244,0.016202,0.117432
59690,0.065818,0.051608,0.224493
59700,0.031477,0.024459,0.134078
59710,0.027076,0.020671,0.126457
59720,0.005148,0.003636,0.085084
59730,0.021803,0.016467,0.110080
59740,0.028642,0.021555,0.133502
59750,0.022723,0.017330,0.125185
59760,0.017371,0.013008,0.110767
59770,0.028525,0.021504,0.134961
59780,0.022011,0.016467,0.113599
59790,0.016177,0.012612,0.110303
59800,0.018763,0.014449,0.107205
59810,0.018736,0.013653,0.093497
59820,0.021892,0.016840,0.114307
59830,0.039981,0.031055,0.155544
59840,0.025403,0.019034,0.135719
59850,0.019806,0.014895,0.125223
59860,0.000614,0.000402,0.044979
59870,0.032032,0.024875,0.137220
59880,0.022237,0.016807,0.110853
59890,0.010090,0.007955,0.051290
59900,0.018278,0.013763,0.112675
59910,0.027779,0.021787,0.117045
59920,0.001277,0.000843,0.103817
59930,0.028695,0.022434,0.134094
59940,0.015098,0.011455,0.112549
59950,0.019259,0.014791,0.107297
59960,0.037405,0.028368,0.153036
59970,0.032685,0.024870,0.139606
59980,0.035515,0.027034,0.143806
59990,0.046970,0.034439,0.179402
60000,0.022888,0.017451,0.126515
60010,0.012277,0.008728,0.099592
60020,0.042302,0.032903,0.153656
60030,0.005570,0.003905,0.067717
60040,0.029190,0.022875,0.132813
60050,0.005049,0.003597,0.067969
60060,0.017118,0.013428,0.081286
60070,0.008966,0.006871,0.052884
60080,0.012913,0.010047,0.072808
60090,0.013986,0.010186,0.103971
60100,0.017819,0.013475,0.119176
60110,0.019528,0.014557,0.127987
60120,0.025476,0.019483,0.110555
60130,0.022472,0.017618,0.112342
60140,0.021657,0.016629,0.120116
60150,0.009545,0.007522,0.080568
60160,0.033931,0.025970,0.148352
60170,0.028807,0.022489,0.128621
60180,0.014385,0.011156,0.115974
60190,0.020818,0.015831,0.114366
60200,0.018910,0.014253,0.112401
60210,0.018346,0.014034,0.090678
60220,0.007596,0.005891,0.060068
60230,0.010359,0.007649,0.100945
60240,0.027842,0.021641,0.131418
60250,0.036695,0.027811,0.145774
60260,0.010209,0.007471,0.093594
60270,0.024293,0.019081,0.115350
60280,0.012949,0.010297,0.084537
60290,0.028518,0.021622,0.141979
60300,0.027638,0.021314,0.114813
60310,0.030958,0.023551,0.145231
60320,0.029082,0.022509,0.127238
60330,0.018613,0.014277,0.096428
60340,0.020406,0.015520,0.133202
60350,0.035592,0.027376,0.138753
60360,0.018980,0.014531,0.104577
60370,0.020231,0.015515,0.097887
60380,0.014180,0.010346,0.095429
60390,0.032622,0.025140,0.139937
60400,0.019215,0.014128,0.110346
60410,0.008132,0.006060,0.068468
60420,0.024654,0.019022,0.117192
60430,0.023812,0.018409,0.121727
60440,0.036566,0.028345,0.146210
60450,0.005273,0.003698,0.034362
60460,0.026643,0.020010,0.109483
60470,0.017794,0.013453,0.124591
60480,0.020704,0.015885,0.111286
60490,0.041284,0.032533,0.151406
60500,0.008656,0.006136,0.096349
60510,0.010751,0.007984,0.103096
60520,0.037194,0.028421,0.147864
60530,0.020831,0.015699,0.084216
60540,0.041106,0.031075,0.161093
60550,0.033109,0.025398,0.138251
60560,0.019173,0.015124,0.109521
60570,0.029253,0.022746,0.130931
60580,0.024197,0.018392,0.128646
60590,0.033109,0.025209,0.138800
60600,0.002795,0.002026,0.072617
60610,0.011607,0.009318,0.062724
60620,0.016897,0.012894,0.094722
60630,0.007108,0.005146,0.074200
60640,0.019773,0.015361,0.112030
60650,0.013443,0.010514,0.082125
60660,0.019807,0.015285,0.111354
60670,0.018462,0.014262,0.084560
60680,0.019341,0.014522,0.135849
60690,0.016860,0.012486,0.101083
60700,0.019856,0.015076,0.108806
60710,0.017409,0.013481,0.095669
60720,0.016374,0.012533,0.107723
60730,0.001198,0.000867,0.065255
60740,0.039186,0.030361,0.164642
60750,0.015855,0.011390,0.100938
60760,0.031647,0.024783,0.130555
60770,0.022086,0.017010,0.112875
60780,0.019199,0.015035,0.100611
60790,0.019649,0.014536,0.114677
60800,0.004397,0.002932,0.118524
60810,0.014008,0.010744,0.086752
60820,0.018015,0.013533,0.095908
60830,0.037437,0.028792,0.157761
60840,0.030589,0.023666,0.149156
60850,0.006978,0.005149,0.045611
60860,0.021391,0.015603,0.146057
60870,0.000314,0.000278,0.265063
60880,0.000003,0.000006,0.000016
60890,0.036391,0.028401,0.151431
60900,0.035694,0.027552,0.139597
60910,0.035156,0.027074,0.139998
60920,0.032022,0.024626,0.148953
60930,0.022448,0.017235,0.130000
60940,0.013335,0.009792,0.109502
60950,0.025293,0.019350,0.133570
60960,0.008148,0.005889,0.073437
60970,0.021378,0.016117,0.133968
60980,0.002043,0.001626,0.017707
60990,0.003906,0.002962,0.057973
61000,0.049493,0.037362,0.184621
61010,0.031865,0.023697,0.149041
61020,0.028216,0.021025,0.138651
61030,0.004383,0.003224,0.087086
61040,0.006323,0.004610,0.085579
61050,0.022777,0.017797,0.101109
61060,0.039229,0.030267,0.157386
61070,0.017554,0.013008,0.116796
61080,0.020425,0.015714,0.108272
61090,0.015641,0.012044,0.075653
61100,0.024200,0.018590,0.134524
61110,0.007091,0.005713,0.057050
61120,0.008163,0.006145,0.071119
61130,0.040659,0.030821,0.165768
61140,0.001811,0.001195,0.073602
61150,0.009595,0.006946,0.081641
61160,0.011693,0.008744,0.089020
61170,0.023759,0.018423,0.126500
61180,0.023819,0.018439,0.110712
61190,0.005151,0.003846,0.030761
61200,0.017929,0.013888,0.087033
61210,0.017460,0.013138,0.115132
61220,0.025073,0.019073,0.125210
61230,0.010788,0.008372,0.057863
61240,0.021763,0.016127,0.127763
61250,0.008957,0.007069,0.049507
61260,0.014999,0.012136,0.100372
61270,0.017627,0.013353,0.106233
61280,0.019629,0.014925,0.107514
61290,0.013337,0.010079,0.079574
61300,0.015997,0.011798,0.104675
61310,0.002830,0.001975,0.074972
61320,0.029785,0.022796,0.135641
61330,0.011642,0.008649,0.089178
61340,0.013185,0.010198,0.084144
61350,0.017848,0.013346,0.088712
61360,0.015264,0.012097,0.094259
61370,0.011142,0.008277,0.090988
61380,0.013630,0.010311,0.067024
61390,0.014556,0.010686,0.078341
61400,0.033724,0.025998,0.150461
61410,0.015598,0.011706,0.112819
61420,0.018222,0.015566,0.096325
61430,0.004429,0.003036,0.095536
61440,0.026214,0.020090,0.119743
61450,0.031562,0.024111,0.143021
61460,0.019444,0.014537,0.117261
61470,0.024970,0.019075,0.130137
61480,0.030241,0.023408,0.136452
61490,0.043053,0.032771,0.157770
61500,0.018803,0.014414,0.082430
61510,0.020820,0.016033,0.097894
61520,0.013880,0.010284,0.099746
61530,0.029243,0.022874,0.137379
61540,0.027167,0.020562,0.126328
61550,0.020517,0.014968,0.113618
61560,0.018325,0.014288,0.088161
61570,0.035531,0.027426,0.148690
61580,0.012853,0.009406,0.090884
61590,0.009631,0.008806,0.116276
61600,0.011437,0.008352,0.094963
61610,0.026165,0.020207,0.103001
61620,0.018339,0.014967,0.129688
61630,0.011673,0.008646,0.093063
61640,0.036066,0.027791,0.146730
61650,0.017451,0.014178,0.097584
61660,0.006287,0.004583,0.056688
61670,0.000002,0.000001,0.000004
61680,0.005559,0.004214,0.046771
61690,0.024525,0.018544,0.120143
61700,0.031049,0.024087,0.140127
61710,0.023400,0.017558,0.127689
61720,0.026294,0.020495,0.122261
61730,0.014063,0.010532,0.091959
61740,0.023867,0.018068,0.112982
61750,0.028216,0.021477,0.130890
61760,0.042877,0.033068,0.154078
61770,0.012880,0.009832,0.094552
61780,0.025831,0.020410,0.122192
61790,0.025713,0.019817,0.129949
61800,0.032700,0.025444,0.154998
61810,0.029576,0.022424,0.135144
61820,0.021328,0.016126,0.117783
61830,0.029789,0.022573,0.138104
61840,0.023202,0.018517,0.121876
61850,0.012093,0.009242,0.063397
61860,0.032418,0.024474,0.145299
61870,0.018280,0.013711,0.101066
61880,0.013745,0.010661,0.078908
61890,0.016837,0.012507,0.097940
61900,0.009514,0.006911,0.105344
61910,0.025867,0.019480,0.130516
61920,0.025839,0.020237,0.117362
61930,0.018549,0.014289,0.108021
61940,0.013091,0.009619,0.097886
61950,0.026303,0.020096,0.107079
61960,0.024713,0.019229,0.111681
61970,0.025202,0.019087,0.120777
61980,0.034507,0.026529,0.156053
61990,0.011080,0.008596,0.073380
62000,0.022527,0.017103,0.124826
62010,0.034696,0.026643,0.146040
62020,0.014131,0.010515,0.081619
62030,0.010346,0.007828,0.082087
62040,0.025817,0.019481,0.126222
62050,0.005011,0.003674,0.086294
62060,0.001858,0.001209,0.104392
62070,0.018431,0.013978,0.106038
62080,0.016343,0.012779,0.089251
62090,0.020743,0.015773,0.119230
62100,0.010823,0.008265,0.079845
62110,0.033571,0.025912,0.136733
62120,0.014103,0.010574,0.099270
62130,0.002965,0.001915,0.018462
62140,0.024374,0.019179,0.109998
62150,0.011298,0.008361,0.089098
62160,0.019115,0.014912,0.107597
62170,0.027349,0.020754,0.135614
62180,0.017193,0.012794,0.109890
62190,0.018234,0.014479,0.103536
62200,0.023177,0.017601,0.107373
62210,0.019222,0.014819,0.087123
62220,0.002011,0.001113,0.176461
62230,0.043588,0.033361,0.161007
62240,0.011577,0.008634,0.094155
62250,0.025700,0.019630,0.127685
62260,0.014282,0.010770,0.092957
62270,0.020312,0.015631,0.113904
62280,0.038813,0.029253,0.151205
62290,0.050287,0.038179,0.182004
62300,0.014746,0.011054,0.078719
62310,0.008452,0.006511,0.098812
62320,0.015305,0.012151,0.102778
62330,0.026906,0.020920,0.129687
62340,0.019418,0.015520,0.092352
62350,0.016117,0.011967,0.084844
62360,0.005982,0.004384,0.084047
62370,0.003204,0.002386,0.096415
62380,0.018889,0.014275,0.114820
62390,0.012531,0.009437,0.083581
62400,0.033922,0.025961,0.151992
62410,0.039630,0.029858,0.160567
62420,0.024195,0.018384,0.125370
62430,0.024142,0.018720,0.118213
62440,0.029712,0.022771,0.137592
62450,0.010602,0.009103,0.077639
62460,0.032065,0.024361,0.138827
62470,0.013296,0.009730,0.075697
62480,0.029411,0.022728,0.134435
62490,0.011843,0.008972,0.107885
62500,0.028112,0.021497,0.136300
62510,0.011363,0.008610,0.098340
62520,0.025313,0.019555,0.108503
62530,0.009991,0.007674,0.053472
62540,0.003862,0.003149,0.184418
62550,0.033806,0.026638,0.143895
62560,0.010708,0.008123,0.096597
62570,0.022267,0.016692,0.137628
62580,0.023072,0.017520,0.102583
62590,0.013910,0.010951,0.087501
62600,0.017443,0.013249,0.089168
62610,0.033182,0.025108,0.145244
62620,0.002351,0.001960,0.016652
62630,0.016144,0.012660,0.117673
62640,0.001102,0.000866,0.057472
62650,0.028513,0.021365,0.144813
62660,0.003270,0.002521,0.028768
62670,0.037804,0.029289,0.147412
62680,0.030300,0.022738,0.138614
62690,0.049047,0.037007,0.188800
62700,0.011124,0.008270,0.089468
62710,0.013042,0.010032,0.058781
62720,0.009608,0.007283,0.078096
62730,0.033942,0.025917,0.151880
62740,0.005415,0.003914,0.062321
62750,0.008455,0.006143,0.077004
62760,0.017798,0.013573,0.090387
62770,0.016506,0.012726,0.107236
62780,0.037798,0.028852,0.155452
62790,0.026310,0.021051,0.130763
62800,0.011298,0.008470,0.058484
62810,0.018544,0.014237,0.098892
62820,0.014206,0.010869,0.101585
62830,0.028001,0.021078,0.132318
62840,0.043939,0.035014,0.186437
62850,0.020691,0.016311,0.111502
62860,0.026952,0.020658,0.130458
62870,0.018780,0.014744,0.103447
62880,0.011095,0.009895,0.100332
62890,0.037274,0.028353,0.167380
62900,0.007895,0.005834,0.077152
62910,0.015974,0.012069,0.087151
62920,0.026970,0.020939,0.133304
62930,0.012933,0.009971,0.075788
62940,0.012482,0.009495,0.089268
62950,0.002659,0.002003,0.023180
62960,0.021312,0.016714,0.111093
62970,0.036806,0.028498,0.158057
62980,0.041545,0.031911,0.160195
62990,0.028525,0.022036,0.133289
63000,0.014984,0.011471,0.090378
63010,0.040728,0.030857,0.160346
63020,0.037761,0.029181,0.159490
63030,0.020289,0.015348,0.128346
63040,0.010392,0.007819,0.054262
63050,0.029353,0.022501,0.107557
63060,0.032438,0.025111,0.143881
63070,0.015641,0.012109,0.087249
63080,0.045473,0.034630,0.176576
63090,0.024268,0.018946,0.111959
63100,0.034394,0.025863,0.131579
63110,0.028352,0.021885,0.133751
63120,0.017480,0.013349,0.101285
63130,0.015167,0.011675,0.101223
63140,0.004902,0.003844,0.055508
63150,0.026093,0.019159,0.133159
63160,0.018577,0.015439,0.093439
63170,0.001491,0.001002,0.097230
63180,0.017318,0.013257,0.100621
63190,0.025083,0.018942,0.123257
63200,0.028070,0.020973,0.129961
63210,0.016635,0.013031,0.101551
63220,0.013423,0.009889,0.094480
63230,0.023323,0.018054,0.105852
63240,0.031125,0.024446,0.132695
63250,0.017935,0.013607,0.117671
63260,0.022300,0.016268,0.131713
63270,0.025122,0.019657,0.119631
63280,0.023923,0.018425,0.109263
63290,0.012934,0.010055,0.105371
63300,0.015287,0.012233,0.101802
63310,0.013851,0.010258,0.114934
63320,0.040481,0.031448,0.152523
63330,0.025841,0.019882,0.124459
63340,0.009966,0.007543,0.085492
63350,0.010747,0.007940,0.090103
63360,0.026284,0.020392,0.120299
63370,0.009615,0.007549,0.080038
63380,0.007711,0.005405,0.069276
63390,0.038125,0.029204,0.160909
63400,0.023871,0.018164,0.122654
63410,0.034238,0.026201,0.136739
63420,0.029476,0.022641,0.119013
63430,0.032336,0.025004,0.123398
63440,0.005086,0.003817,0.065084
63450,0.030555,0.023543,0.143040
63460,0.011258,0.008296,0.086769
63470,0.025481,0.019792,0.109753
63480,0.004894,0.003192,0.128572
63490,0.006804,0.004998,0.086377
63500,0.018808,0.014454,0.103906
63510,0.018676,0.014249,0.110618
63520,0.022747,0.017304,0.118776
63530,0.029451,0.022859,0.127714
63540,0.015015,0.011740,0.077698
63550,0.036806,0.028573,0.150865
63560,0.021445,0.016821,0.115900
63570,0.012770,0.009552,0.095537
63580,0.012237,0.009111,0.088331
63590,0.025922,0.020007,0.110851
63600,0.011427,0.008389,0.088212
63610,0.019440,0.014875,0.105008
63620,0.026000,0.019725,0.131417
63630,0.000590,0.000405,0.094209
63640,0.013120,0.009883,0.090176
63650,0.024315,0.018494,0.128100
63660,0.013515,0.010478,0.098498
63670,0.023336,0.017830,0.127497
63680,0.031372,0.024345,0.137689
63690,0.031260,0.023882,0.136702
63700,0.013001,0.009568,0.090245
63710,0.020643,0.015229,0.109520
63720,0.025943,0.020193,0.119484
63730,0.008591,0.006054,0.090171
63740,0.026205,0.020084,0.129137
63750,0.004612,0.003733,0.035587
63760,0.020165,0.015832,0.113065
63770,0.023662,0.017940,0.118857
63780,0.027246,0.020461,0.126866
63790,0.035512,0.026961,0.136514
63800,0.021832,0.016316,0.115524
63810,0.032376,0.024817,0.145094
63820,0.020267,0.015839,0.093813
63830,0.020740,0.016166,0.089859
63840,0.031553,0.024325,0.131731
63850,0.033380,0.025702,0.137798
63860,0.017427,0.014155,0.101667
63870,0.034661,0.026874,0.142771
63880,0.023976,0.018371,0.119066
63890,0.014627,0.011081,0.090122
63900,0.036079,0.027515,0.150405
63910,0.020813,0.015357,0.142210
63920,0.017847,0.013715,0.098732
63930,0.043638,0.033155,0.173221
63940,0.023570,0.017832,0.123742
63950,0.030566,0.023761,0.130724
63960,0.028456,0.022364,0.121632
63970,0.023650,0.018421,0.124556
63980,0.007687,0.005570,0.095863
63990,0.025285,0.019314,0.120195
64000,0.020302,0.015652,0.116744
64010,0.031185,0.024044,0.139220
64020,0.017280,0.013141,0.114286
64030,0.024162,0.018391,0.119267
64040,0.039383,0.030102,0.166470
64050,0.026512,0.020692,0.120795
64060,0.020917,0.015690,0.120979
64070,0.021205,0.016360,0.117503
64080,0.021892,0.016745,0.120026
64090,0.015540,0.011513,0.108950
64100,0.008443,0.009061,0.053018
64110,0.044375,0.033730,0.153127
64120,0.032769,0.025416,0.144578
64130,0.016361,0.012506,0.083221
64140,0.033024,0.025733,0.140843
64150,0.020202,0.015215,0.123383
64160,0.018709,0.013767,0.099393
64170,0.014461,0.011166,0.103676
64180,0.015794,0.012115,0.095506
64190,0.018435,0.013693,0.113497
64200,0.019730,0.015242,0.106242
64210,0.003743,0.002693,0.068890
64220,0.012078,0.009016,0.073564
64230,0.034103,0.026487,0.142597
64240,0.011133,0.008239,0.077556
64250,0.012047,0.009313,0.056552
64260,0.021633,0.017076,0.110263
64270,0.019245,0.015048,0.089239
64280,0.016879,0.012857,0.105418
64290,0.033767,0.026152,0.140338
64300,0.018068,0.013914,0.093993
64310,0.028888,0.021974,0.133465
64320,0.036160,0.028008,0.153997
64330,0.007601,0.005419,0.069633
64340,0.008634,0.006520,0.086923
64350,0.026297,0.020370,0.125921
64360,0.010997,0.008245,0.062233
64370,0.033822,0.026660,0.146712
64380,0.019476,0.014985,0.104241
64390,0.008604,0.006397,0.045395
64400,0.021357,0.015857,0.115289
64410,0.016558,0.013001,0.071236
64420,0.016901,0.013238,0.079953
64430,0.003230,0.002085,0.083053
64440,0.009039,0.006797,0.078685
64450,0.014195,0.010831,0.076161
64460,0.027169,0.021564,0.116591
64470,0.029108,0.022926,0.117374
64480,0.009735,0.007569,0.056352
64490,0.010701,0.007544,0.094059
64500,0.039671,0.030015,0.162825
64510,0.015192,0.011055,0.115708
64520,0.016852,0.012805,0.105400
64530,0.008676,0.006506,0.087383
64540,0.026724,0.020539,0.126291
64550,0.016706,0.012265,0.120794
64560,0.014623,0.010959,0.101540
64570,0.022147,0.016984,0.123286
64580,0.027806,0.021029,0.141058
64590,0.012754,0.009432,0.087113
64600,0.001542,0.000984,0.083532
64610,0.008915,0.006767,0.056304
64620,0.021354,0.016385,0.113879
64630,0.020035,0.015163,0.095584
64640,0.010456,0.008122,0.049752
64650,0.010210,0.007578,0.085738
64660,0.019554,0.014116,0.113782
64670,0.003426,0.002378,0.073805
64680,0.003214,0.002571,0.058638
64690,0.034201,0.026204,0.145258
64700,0.029964,0.022743,0.132995
64710,0.013608,0.010004,0.096748
64720,0.016505,0.011998,0.108466
64730,0.014683,0.011015,0.094471
64740,0.011826,0.008821,0.090929
64750,0.026497,0.020975,0.123415
64760,0.035644,0.027161,0.136014
64770,0.020857,0.015464,0.120643
64780,0.013441,0.009989,0.094914
64790,0.020399,0.014947,0.106604
64800,0.014535,0.010905,0.079854
64810,0.018957,0.014230,0.106199
64820,0.010773,0.007815,0.084611
64830,0.019903,0.014858,0.109489
64840,0.037388,0.028180,0.129521
64850,0.026693,0.020168,0.122640
64860,0.007001,0.005408,0.069066
64870,0.011754,0.008599,0.100537
64880,0.042074,0.032428,0.161938
64890,0.028724,0.022006,0.138271
64900,0.017547,0.013359,0.076262
64910,0.036076,0.027958,0.148958
64920,0.020145,0.014646,0.137682
64930,0.010499,0.007449,0.097387
64940,0.023096,0.018097,0.113213
64950,0.036421,0.028391,0.150252
64960,0.021824,0.016736,0.114712
64970,0.006051,0.004356,0.070944
64980,0.036668,0.030150,0.147404
64990,0.038564,0.029828,0.154230
65000,0.014314,0.010668,0.096012
65010,0.028248,0.022309,0.138316
65020,0.024539,0.018843,0.120242
65030,0.066042,0.049929,0.220199
65040,0.026800,0.020475,0.122443
65050,0.030685,0.023470,0.139685
65060,0.022578,0.017263,0.112115
65070,0.029171,0.022449,0.125200
65080,0.019863,0.015235,0.113404
65090,0.009953,0.007565,0.085831
65100,0.024786,0.018341,0.129935
65110,0.014404,0.010562,0.101303
65120,0.019687,0.015110,0.125679
65130,0.016844,0.012993,0.095888
65140,0.026803,0.020509,0.116666
65150,0.010470,0.007775,0.080272
65160,0.012605,0.009617,0.095513
65170,0.021014,0.016215,0.118094
65180,0.019208,0.014673,0.115200
65190,0.030770,0.023717,0.106994
65200,0.020989,0.017181,0.129519
65210,0.033512,0.028278,0.158007
65220,0.015153,0.011133,0.102985
65230,0.022484,0.017423,0.124255
65240,0.028254,0.021894,0.116883
65250,0.026805,0.020210,0.132833
65260,0.018066,0.013309,0.115957
65270,0.014048,0.010934,0.098296
65280,0.017951,0.014468,0.100938
65290,0.013737,0.010374,0.071122
65300,0.019920,0.015086,0.108945
65310,0.022287,0.017258,0.118921
65320,0.025493,0.019844,0.125115
65330,0.006646,0.005181,0.081498
65340,0.002931,0.002139,0.019691
65350,0.016565,0.012636,0.078680
65360,0.038529,0.029435,0.154096
65370,0.007124,0.005135,0.070487
65380,0.021001,0.016052,0.119137
65390,0.028405,0.021261,0.144771
65400,0.040439,0.031215,0.159065
65410,0.012590,0.009429,0.089172
65420,0.018025,0.014327,0.094130
65430,0.038081,0.029425,0.161444
65440,0.024571,0.019018,0.119478
65450,0.018678,0.014064,0.106041
65460,0.005246,0.003571,0.099215
65470,0.011466,0.008864,0.090270
65480,0.013810,0.009891,0.106186
65490,0.013185,0.010055,0.081812
65500,0.009416,0.006851,0.078776
65510,0.023609,0.018312,0.121639
65520,0.017147,0.013969,0.099204
65530,0.018399,0.014308,0.101832
65540,0.026143,0.020130,0.125129
65550,0.044329,0.034250,0.161022
65560,0.004809,0.003496,0.036102
65570,0.022413,0.017365,0.118081
65580,0.012474,0.009026,0.096107
65590,0.013744,0.010083,0.093201
65600,0.015856,0.012713,0.121215
65610,0.028626,0.022259,0.131145
65620,0.016543,0.012608,0.105827
65630,0.029892,0.023423,0.113338
65640,0.018049,0.013554,0.109555
65650,0.010976,0.007937,0.092966
65660,0.032629,0.025382,0.151369
65670,0.014959,0.010963,0.106531
65680,0.005061,0.003864,0.085068
65690,0.015768,0.012106,0.090167
65700,0.009656,0.007370,0.083890
65710,0.038027,0.029452,0.155292
65720,0.027324,0.020560,0.137851
65730,0.008653,0.006415,0.065441
65740,0.013188,0.009768,0.090089
65750,0.018480,0.014018,0.100096
65760,0.030517,0.023361,0.133164
65770,0.016665,0.013302,0.082123
65780,0.003472,0.002351,0.061622
65790,0.014044,0.010979,0.098862
65800,0.026612,0.020279,0.138258
65810,0.015649,0.011942,0.086487
65820,0.013960,0.010684,0.090433
65830,0.052424,0.040010,0.187277
65840,0.015561,0.011764,0.113425
65850,0.034693,0.026576,0.150108
65860,0.012010,0.009067,0.079466
65870,0.011309,0.008757,0.056109
65880,0.019627,0.015114,0.092804
65890,0.003452,0.002738,0.027707
65900,0.002283,0.001630,0.067302
65910,0.031102,0.023978,0.142374
65920,0.025933,0.019808,0.118393
65930,0.043537,0.033512,0.166224
65940,0.015537,0.011822,0.063226
65950,0.013888,0.010551,0.095859
65960,0.036731,0.028373,0.139296
65970,0.012336,0.009276,0.066676
65980,0.025239,0.019778,0.118752
65990,0.047113,0.035971,0.177134
66000,0.002120,0.001421,0.075856
66010,0.014077,0.010909,0.079605
66020,0.009134,0.007068,0.053645
66030,0.010762,0.008204,0.087331
66040,0.003855,0.002905,0.099982
66050,0.024177,0.018634,0.108256
66060,0.013160,0.009828,0.096903
66070,0.032661,0.025112,0.123060
66080,0.007566,0.005864,0.067317
66090,0.020866,0.016074,0.107631
66100,0.023695,0.018138,0.118456
66110,0.010277,0.008052,0.081641
66120,0.022338,0.016930,0.116049
66130,0.020967,0.016364,0.107260
66140,0.021264,0.016113,0.099381
66150,0.008794,0.006892,0.077623
66160,0.033126,0.026017,0.146071
66170,0.000409,0.000313,0.040134
66180,0.026598,0.019909,0.132375
66190,0.033800,0.026389,0.128050
66200,0.042820,0.033547,0.175431
66210,0.014161,0.010028,0.069867
66220,0.025022,0.019004,0.120717
66230,0.010023,0.007413,0.095423
66240,0.023889,0.018097,0.117794
66250,0.015896,0.012168,0.095013
66260,0.022593,0.017258,0.119774
66270,0.015191,0.011452,0.110993
66280,0.017397,0.013059,0.095434
66290,0.038066,0.030176,0.138872
66300,0.029770,0.023384,0.131565
66310,0.030483,0.023508,0.129611
66320,0.018019,0.013937,0.083938
66330,0.016243,0.012505,0.085080
66340,0.013432,0.009782,0.105118
66350,0.016748,0.013031,0.088101
66360,0.011134,0.008693,0.076714
66370,0.008195,0.006192,0.081162
66380,0.010017,0.007512,0.103017
66390,0.023311,0.017950,0.099558
66400,0.016451,0.012225,0.100639
66410,0.001455,0.000972,0.043955
66420,0.022427,0.017651,0.120195
66430,0.014751,0.011287,0.080068
66440,0.010443,0.007753,0.086057
66450,0.021409,0.016658,0.097925
66460,0.023387,0.018059,0.114281
66470,0.012060,0.009334,0.087961
66480,0.012048,0.008980,0.088384
66490,0.031664,0.024385,0.139794
66500,0.031457,0.023520,0.135695
66510,0.012968,0.009526,0.091844
66520,0.009233,0.007032,0.119428
66530,0.001795,0.001292,0.048207
66540,0.007414,0.005397,0.080636
66550,0.016089,0.012482,0.087523
66560,0.021953,0.017053,0.114875
66570,0.030743,0.023518,0.140813
66580,0.030556,0.023854,0.135329
66590,0.017404,0.013425,0.065613
66600,0.045806,0.035988,0.173850
66610,0.045913,0.035969,0.194154
66620,0.026234,0.019877,0.136166
66630,0.031431,0.025631,0.130524
66640,0.041137,0.031929,0.169912
66650,0.042492,0.032699,0.167634
66660,0.029774,0.022575,0.133499
66670,0.015195,0.011436,0.086450
66680,0.025811,0.020124,0.107842
66690,0.029112,0.022255,0.117393
66700,0.019868,0.015026,0.104664
66710,0.022036,0.017199,0.110602
66720,0.016637,0.012780,0.109416
66730,0.019997,0.015669,0.106617
66740,0.031125,0.023886,0.140565
66750,0.031645,0.023900,0.154234
66760,0.010602,0.008084,0.070414
66770,0.011318,0.009254,0.083583
66780,0.017848,0.013004,0.117442
66790,0.013672,0.010504,0.101842
66800,0.031172,0.023870,0.140196
66810,0.008543,0.006554,0.076649
66820,0.018666,0.014097,0.106188
66830,0.021109,0.015502,0.121203
66840,0.014119,0.010481,0.093428
66850,0.024028,0.018526,0.130897
66860,0.026543,0.020332,0.113125
66870,0.011774,0.008631,0.100355
66880,0.015112,0.010673,0.091977
66890,0.022328,0.016888,0.121753
66900,0.029967,0.022683,0.136522
66910,0.055418,0.041542,0.190541
66920,0.020793,0.015749,0.091336
66930,0.023150,0.017204,0.126919
66940,0.022089,0.016465,0.080054
66950,0.020318,0.015539,0.109358
66960,0.025893,0.019726,0.120646
66970,0.028452,0.021072,0.141607
66980,0.027747,0.021408,0.122356
66990,0.014778,0.011314,0.082368
67000,0.017960,0.013883,0.099638
67010,0.013184,0.009729,0.098429
67020,0.016817,0.012572,0.105050
67030,0.012369,0.009090,0.091921
67040,0.036690,0.027019,0.154783
67050,0.016100,0.012716,0.101406
67060,0.016011,0.012631,0.077298
67070,0.034004,0.026229,0.135158
67080,0.012171,0.008867,0.098646
67090,0.016138,0.012312,0.100723
67100,0.011380,0.008735,0.080179
67110,0.019083,0.014813,0.083601
67120,0.014315,0.010770,0.104156
67130,0.020884,0.017530,0.120449
67140,0.026341,0.020225,0.117501
67150,0.020811,0.015882,0.089516
67160,0.009267,0.006614,0.077730
67170,0.023565,0.018647,0.107597
67180,0.020274,0.015509,0.107485
67190,0.020780,0.015927,0.117502
67200,0.004151,0.003232,0.069604
67210,0.020929,0.015790,0.118834
67220,0.037268,0.029115,0.146172
67230,0.029042,0.021885,0.141321
67240,0.032670,0.024658,0.140391
67250,0.023081,0.018031,0.101998
67260,0.010128,0.007987,0.045548
67270,0.008869,0.006781,0.075747
67280,0.019540,0.014728,0.102474
67290,0.010058,0.007142,0.077947
67300,0.023458,0.018290,0.112029
67310,0.027408,0.021284,0.126499
67320,0.041092,0.031771,0.171840
67330,0.006954,0.004871,0.059772
67340,0.014988,0.011720,0.083326
67350,0.012526,0.009765,0.085544
67360,0.008416,0.006453,0.078699
67370,0.028706,0.021673,0.130235
67380,0.029365,0.022516,0.136085
67390,0.035809,0.027207,0.150693
67400,0.013238,0.010045,0.082148
67410,0.027123,0.021744,0.122601
67420,0.022378,0.017355,0.118725
67430,0.001120,0.000847,0.054860
67440,0.014760,0.010536,0.110271
67450,0.017047,0.013193,0.100945
67460,0.003306,0.002354,0.064881
67470,0.031559,0.024674,0.149230
67480,0.023840,0.018364,0.098116
67490,0.018589,0.014275,0.108671
67500,0.018102,0.014077,0.105027
67510,0.013533,0.009846,0.116654
67520,0.011593,0.009187,0.100922
67530,0.010641,0.007768,0.093932
67540,0.017325,0.012971,0.110487
67550,0.018028,0.014313,0.113273
67560,0.008663,0.006525,0.062016
67570,0.065159,0.048928,0.212108
67580,0.002327,0.001514,0.045712
67590,0.015833,0.011976,0.094806
67600,0.023312,0.017557,0.121732
67610,0.004914,0.004042,0.084195
67620,0.026437,0.020318,0.125400
67630,0.022879,0.017214,0.120734
67640,0.028053,0.021717,0.134621
67650,0.033244,0.025294,0.141389
67660,0.015533,0.011956,0.113029
67670,0.025118,0.019314,0.124376
67680,0.018627,0.014487,0.114725
67690,0.018332,0.014173,0.105596
67700,0.013332,0.009904,0.113086
67710,0.022926,0.017239,0.125005
67720,0.014722,0.011507,0.092067
67730,0.003172,0.002172,0.081499
67740,0.032677,0.024176,0.145791
67750,0.034392,0.026521,0.137850
67760,0.021807,0.016998,0.097112
67770,0.011871,0.010341,0.074539
67780,0.021176,0.016120,0.108594
67790,0.029522,0.022445,0.130445
67800,0.016387,0.012500,0.094128
67810,0.021683,0.016766,0.118831
67820,0.025284,0.018853,0.127355
67830,0.028883,0.021923,0.131817
67840,0.017856,0.013214,0.108798
67850,0.036233,0.027649,0.162020
67860,0.006845,0.005398,0.077691
67870,0.023253,0.018004,0.123699
67880,0.012792,0.010465,0.069018
67890,0.022699,0.017526,0.119981
67900,0.019867,0.015469,0.135273
67910,0.009555,0.006877,0.077247
67920,0.019840,0.014746,0.116716
67930,0.027075,0.020464,0.123076
67940,0.015698,0.012731,0.080595
67950,0.019187,0.014744,0.104752
67960,0.012119,0.009525,0.058818
67970,0.033259,0.025722,0.141023
67980,0.030622,0.024179,0.129021
67990,0.029877,0.023400,0.126482
68000,0.020659,0.016063,0.108157
68010,0.037090,0.029029,0.145326
68020,0.035944,0.027274,0.145185
68030,0.025935,0.020023,0.130781
68040,0.021862,0.016776,0.108146
68050,0.030060,0.022828,0.136440
68060,0.008444,0.006313,0.078303
68070,0.023775,0.017907,0.119775
68080,0.023729,0.017645,0.119322
68090,0.006540,0.005042,0.071690
68100,0.014076,0.010761,0.091762
68110,0.039678,0.030352,0.160893
68120,0.013414,0.009599,0.112837
68130,0.016990,0.012896,0.106407
68140,0.022103,0.018471,0.107225
68150,0.010841,0.008009,0.060455
68160,0.006288,0.004835,0.093410
68170,0.018319,0.013986,0.104930
68180,0.006687,0.005649,0.059350
68190,0.039003,0.030240,0.157329
68200,0.010173,0.007629,0.100338
68210,0.019248,0.014541,0.108254
68220,0.027691,0.021263,0.127314
68230,0.026363,0.020390,0.142393
68240,0.027163,0.021025,0.133383
68250,0.035892,0.027604,0.154978
68260,0.015009,0.011136,0.097343
68270,0.020740,0.016155,0.090488
68280,0.022365,0.017286,0.117332
68290,0.017676,0.013250,0.107630
68300,0.034302,0.026291,0.141401
68310,0.011874,0.008963,0.095177
68320,0.023795,0.018294,0.125278
68330,0.030150,0.023137,0.152276
68340,0.027178,0.020930,0.129914
68350,0.024230,0.018660,0.119750
68360,0.002603,0.001898,0.022483
68370,0.015491,0.011573,0.077688
68380,0.023594,0.017725,0.113737
68390,0.005498,0.004126,0.071489
68400,0.002438,0.001592,0.044984
68410,0.006353,0.004496,0.072546
68420,0.027263,0.021126,0.133222
68430,0.015505,0.012778,0.061572
68440,0.018494,0.013778,0.100770
68450,0.003148,0.002096,0.065112
68460,0.011359,0.008253,0.094961
68470,0.012787,0.010624,0.099197
68480,0.030579,0.023784,0.129564
68490,0.014036,0.011366,0.086271
68500,0.020579,0.016590,0.113578
68510,0.017601,0.013683,0.100813
68520,0.010155,0.007692,0.086502
68530,0.013715,0.010745,0.107981
68540,0.023309,0.017296,0.118885
68550,0.016044,0.012092,0.122503
68560,0.027909,0.021952,0.126381
68570,0.009191,0.006875,0.074392
68580,0.022554,0.017412,0.125996
68590,0.012428,0.009744,0.086188
68600,0.025971,0.020592,0.125769
68610,0.036756,0.028152,0.151408
68620,0.027504,0.021077,0.106368
68630,0.008061,0.005898,0.059724
68640,0.020815,0.016710,0.116971
68650,0.020387,0.015975,0.106716
68660,0.010555,0.007693,0.086474
68670,0.003843,0.003166,0.071257
68680,0.020682,0.015874,0.114078
68690,0.021004,0.016378,0.104573
68700,0.013090,0.010087,0.086186
68710,0.010825,0.008154,0.048487
68720,0.004033,0.002824,0.118026
68730,0.020148,0.014603,0.121216
68740,0.000192,0.000193,0.656646
68750,0.016553,0.012676,0.078185
68760,0.020892,0.015679,0.107573
68770,0.018327,0.013817,0.100448
68780,0.030260,0.022737,0.145965
68790,0.038360,0.029725,0.143031
68800,0.030803,0.023631,0.139237
68810,0.031951,0.023821,0.146476
68820,0.032015,0.024825,0.139680
68830,0.031967,0.025338,0.146536
68840,0.038695,0.029892,0.157989
68850,0.022267,0.016772,0.098336
68860,0.016970,0.012862,0.095016
68870,0.006726,0.005097,0.113288
68880,0.010377,0.007690,0.088583
68890,0.012759,0.009677,0.082426
68900,0.019106,0.015005,0.112241
68910,0.010487,0.008015,0.057904
68920,0.016501,0.012266,0.106570
68930,0.020319,0.015655,0.089564
68940,0.014872,0.011784,0.070921
68950,0.000242,0.000157,0.332578
68960,0.015138,0.010274,0.083328
68970,0.040492,0.031190,0.154242
68980,0.023414,0.018563,0.112429
68990,0.021160,0.015828,0.110019
69000,0.018264,0.014090,0.103690
69010,0.014057,0.010364,0.096958
69020,0.011285,0.008387,0.087552
69030,0.011837,0.008973,0.091328
69040,0.031799,0.024592,0.143745
69050,0.013661,0.010374,0.093446
69060,0.010251,0.007502,0.095642
69070,0.017844,0.013621,0.078410
69080,0.019334,0.014375,0.096799
69090,0.015944,0.011831,0.082803
69100,0.013286,0.010113,0.078023
69110,0.024602,0.018789,0.121625
69120,0.018445,0.014272,0.106521
69130,0.022677,0.017409,0.121162
69140,0.027489,0.021714,0.113120
69150,0.049951,0.038115,0.181218
69160,0.022546,0.017459,0.118025
69170,0.011083,0.008317,0.098830
69180,0.017924,0.014981,0.104476
69190,0.010966,0.007956,0.085487
69200,0.011154,0.008863,0.088377
69210,0.014735,0.011169,0.103506
69220,0.014098,0.010758,0.070515
69230,0.019855,0.014887,0.118597
69240,0.016759,0.012645,0.097329
69250,0.010323,0.007640,0.071198
69260,0.013830,0.010008,0.079302
69270,0.022769,0.017883,0.110933
69280,0.005534,0.004130,0.106241
69290,0.008434,0.006261,0.076289
69300,0.023636,0.018353,0.113402
69310,0.014582,0.010859,0.099716
69320,0.013013,0.009705,0.098536
69330,0.013326,0.009892,0.087025
69340,0.033628,0.025596,0.143459
69350,0.011790,0.008958,0.085103
69360,0.032956,0.025687,0.137267
69370,0.014077,0.010761,0.098334
69380,0.008513,0.006536,0.056482
69390,0.000611,0.000472,0.050647
69400,0.020439,0.016496,0.107436
69410,0.003903,0.002905,0.074040
69420,0.007890,0.005622,0.092029
69430,0.015141,0.011708,0.093833
69440,0.016847,0.013333,0.098570
69450,0.021512,0.016573,0.116264
69460,0.013983,0.010861,0.072032
69470,0.015919,0.011612,0.096162
69480,0.012281,0.009224,0.087563
69490,0.022273,0.016523,0.117584
69500,0.025503,0.020198,0.121871
69510,0.018537,0.013792,0.105933
69520,0.024654,0.018604,0.131277
69530,0.019879,0.015708,0.112175
69540,0.027528,0.020558,0.109483
69550,0.017428,0.013296,0.092881
69560,0.000956,0.000602,0.048966
69570,0.021235,0.016047,0.119568
69580,0.022321,0.016777,0.114044
69590,0.011334,0.008594,0.076808
69600,0.012283,0.009241,0.078051
69610,0.018613,0.014012,0.113070
69620,0.031261,0.024166,0.128031
69630,0.017953,0.013923,0.084076
69640,0.032261,0.024836,0.137173
69650,0.011070,0.008892,0.096070
69660,0.007880,0.005177,0.073253
69670,0.025033,0.018765,0.126731
69680,0.008902,0.006800,0.068369
69690,0.010154,0.007352,0.081191
69700,0.009758,0.007395,0.081785
69710,0.022361,0.017059,0.113625
69720,0.013400,0.009482,0.071197
69730,0.012008,0.009088,0.082737
69740,0.020133,0.015010,0.127120
69750,0.051580,0.039497,0.185370
69760,0.028933,0.022760,0.124877
69770,0.017451,0.013463,0.102427
69780,0.036438,0.028659,0.147551
69790,0.003911,0.002876,0.058200
69800,0.026723,0.020390,0.140081
69810,0.031552,0.023906,0.142753
69820,0.015939,0.012379,0.088934
69830,0.028913,0.022222,0.118174
69840,0.053405,0.039502,0.173947
69850,0.015074,0.011451,0.097678
69860,0.017901,0.013844,0.102560
69870,0.022126,0.017016,0.109892
69880,0.011049,0.008337,0.060540
69890,0.040513,0.032098,0.157338
69900,0.021337,0.015865,0.108497
69910,0.019380,0.014990,0.111783
69920,0.013451,0.010868,0.101843
69930,0.036363,0.027663,0.142459
69940,0.020091,0.015304,0.108428
69950,0.021580,0.016676,0.112684
69960,0.048611,0.037957,0.184836
69970,0.025921,0.020189,0.121229
69980,0.031875,0.024616,0.126625
69990,0.006852,0.005158,0.034784
70000,0.019871,0.015271,0.110696
70010,0.008113,0.006441,0.036679
70020,0.032727,0.025059,0.143839
70030,0.025817,0.019572,0.137739
70040,0.028575,0.022118,0.135267
70050,0.016333,0.012531,0.095383
70060,0.017861,0.013863,0.078142
70070,0.011569,0.008066,0.093034
70080,0.020467,0.015108,0.113686
70090,0.035778,0.027644,0.153912
70100,0.013780,0.010725,0.106845
70110,0.012345,0.008989,0.093076
70120,0.024768,0.019895,0.131244
70130,0.022982,0.017190,0.117333
70140,0.030138,0.023518,0.139404
70150,0.014487,0.010602,0.112697
70160,0.028314,0.021896,0.130835
70170,0.036057,0.027495,0.137325
70180,0.024549,0.018741,0.122660
70190,0.008514,0.006307,0.044697
70200,0.012650,0.009438,0.091938
70210,0.023089,0.017789,0.114434
70220,0.041849,0.032167,0.170583
70230,0.017420,0.013094,0.100327
70240,0.005490,0.004044,0.090929
70250,0.023685,0.018673,0.126995
70260,0.037824,0.028765,0.140429
70270,0.026193,0.020447,0.105008
70280,0.012704,0.010017,0.056155
70290,0.009041,0.007025,0.074441
70300,0.028868,0.022057,0.127877
70310,0.019804,0.015358,0.102132
70320,0.024610,0.018722,0.133887
70330,0.020468,0.015912,0.119218
70340,0.002527,0.001891,0.019029
70350,0.018232,0.014208,0.114983
70360,0.014427,0.010828,0.100621
70370,0.008508,0.006430,0.073382
70380,0.024185,0.018747,0.116661
70390,0.021261,0.016255,0.114219
70400,0.019806,0.015640,0.115860
70410,0.003305,0.002312,0.067152
70420,0.020007,0.015230,0.120040
70430,0.014153,0.010868,0.091126
70440,0.021040,0.015736,0.115207
70450,0.021031,0.016579,0.114886
70460,0.017657,0.013232,0.110416
70470,0.026220,0.020557,0.127150
70480,0.019327,0.014925,0.106232
70490,0.034155,0.026837,0.136281
70500,0.034740,0.027450,0.148002
70510,0.001567,0.000943,0.079600
70520,0.044410,0.035746,0.159812
70530,0.022273,0.017020,0.109349
70540,0.028773,0.021991,0.128830
70550,0.028406,0.021812,0.127143
70560,0.002306,0.001583,0.097962
70570,0.035836,0.027480,0.152594
70580,0.003196,0.002292,0.150315
70590,0.027054,0.020530,0.131958
70600,0.009245,0.007430,0.050324
70610,0.015658,0.011598,0.110039
70620,0.009904,0.007116,0.083384
70630,0.013717,0.010655,0.065292
70640,0.032713,0.025434,0.137012
70650,0.018968,0.014351,0.115923
70660,0.004418,0.003357,0.034620
70670,0.022960,0.017390,0.121836
70680,0.020231,0.015566,0.103421
70690,0.029441,0.022462,0.124902
70700,0.015017,0.011225,0.093936
70710,0.023543,0.017802,0.098778
70720,0.016663,0.012785,0.119476
70730,0.005502,0.004201,0.069154
70740,0.028804,0.021989,0.140692
70750,0.021953,0.016969,0.113536
70760,0.018420,0.013627,0.101225
70770,0.021406,0.016553,0.111400
70780,0.013507,0.009916,0.095006
70790,0.023370,0.017662,0.104415
70800,0.031592,0.024431,0.138396
70810,0.047694,0.036741,0.179638
70820,0.027891,0.021541,0.131484
70830,0.004741,0.003144,0.085814
70840,0.024361,0.018523,0.113929
70850,0.011280,0.008687,0.091883
70860,0.019921,0.015865,0.119740
70870,0.022789,0.017252,0.106721
70880,0.028200,0.021861,0.119137
70890,0.010229,0.007790,0.071396
70900,0.023497,0.017941,0.099869
70910,0.032823,0.025145,0.132882
70920,0.010598,0.008373,0.058674
70930,0.014675,0.011355,0.089950
70940,0.018440,0.014181,0.115036
70950,0.032146,0.024841,0.138205
70960,0.017807,0.012886,0.106753
70970,0.011455,0.008198,0.085057
70980,0.014264,0.010989,0.100113
70990,0.007405,0.005206,0.088485
71000,0.024138,0.018311,0.121416
71010,0.024554,0.019279,0.119193
71020,0.030130,0.023103,0.146079
71030,0.032486,0.024959,0.136123
71040,0.018844,0.014107,0.106481
71050,0.023073,0.018258,0.132571
71060,0.010649,0.007985,0.083550
71070,0.015873,0.012300,0.073833
71080,0.010902,0.007964,0.091230
71090,0.023130,0.017813,0.114470
71100,0.009488,0.007813,0.077810
71110,0.010874,0.008160,0.084679
71120,0.024515,0.019348,0.111932
71130,0.024655,0.019009,0.116786
71140,0.021750,0.017136,0.093302
71150,0.018467,0.014418,0.098696
71160,0.000348,0.000320,0.088129
71170,0.013209,0.010304,0.093293
71180,0.026010,0.020212,0.119966
71190,0.009249,0.006766,0.078489
71200,0.023151,0.017142,0.123823
71210,0.025419,0.019387,0.123002
71220,0.046341,0.035776,0.175362
71230,0.007106,0.005004,0.083136
71240,0.014974,0.011054,0.107086
71250,0.020907,0.015872,0.123585
71260,0.022831,0.017496,0.116117
71270,0.012076,0.009339,0.087470
71280,0.017843,0.013826,0.104781
71290,0.023558,0.018004,0.128764
71300,0.018229,0.013762,0.097822
71310,0.009284,0.007341,0.067690
71320,0.032117,0.024532,0.148923
71330,0.023510,0.017830,0.102047
71340,0.037134,0.029223,0.159753
71350,0.008777,0.006428,0.109774
71360,0.016370,0.011881,0.105177
71370,0.035838,0.028126,0.136104
71380,0.045318,0.034762,0.172214
71390,0.012797,0.009880,0.072736
71400,0.003746,0.002615,0.076537
71410,0.014930,0.011713,0.106249
71420,0.020574,0.022070,0.084918
71430,0.012347,0.009404,0.065201
71440,0.012942,0.009932,0.092850
71450,0.029374,0.022123,0.132952
71460,0.014800,0.011329,0.097351
71470,0.024586,0.018527,0.141733
71480,0.030917,0.024222,0.144623
71490,0.017673,0.013572,0.085203
71500,0.010913,0.008459,0.066604
71510,0.031537,0.024521,0.137634
71520,0.025203,0.018899,0.118479
71530,0.031015,0.024415,0.142329
71540,0.003706,0.002587,0.049362
71550,0.004209,0.002896,0.057746
71560,0.028708,0.022082,0.138832
71570,0.004502,0.003410,0.069690
71580,0.000725,0.000614,0.096664
71590,0.014479,0.011466,0.084984
71600,0.013767,0.010963,0.074426
71610,0.017503,0.013534,0.102368
71620,0.009138,0.006601,0.084427
71630,0.011907,0.009130,0.075419
71640,0.015651,0.011356,0.098439
71650,0.019391,0.015162,0.115919
71660,0.027636,0.022005,0.124724
71670,0.023442,0.017385,0.132444
71680,0.038204,0.029759,0.158431
71690,0.008500,0.005967,0.107105
71700,0.018191,0.014023,0.086012
71710,0.023303,0.018182,0.124910
71720,0.023628,0.017534,0.122009
71730,0.029757,0.022882,0.134982
71740,0.023549,0.018319,0.117807
71750,0.017235,0.013180,0.088996
71760,0.002504,0.001797,0.015093
71770,0.016386,0.012581,0.084304
71780,0.020133,0.015504,0.122454
71790,0.027687,0.021284,0.124745
71800,0.021586,0.016396,0.115369
71810,0.007651,0.005663,0.077202
71820,0.006265,0.004316,0.089390
71830,0.019818,0.015154,0.111037
71840,0.029375,0.022573,0.136752
71850,0.024939,0.019576,0.117561
71860,0.014505,0.011246,0.075234
71870,0.023532,0.018084,0.112369
71880,0.016330,0.012024,0.111794
71890,0.025485,0.019787,0.125027
71900,0.023289,0.017453,0.118415
71910,0.022545,0.017592,0.103093
71920,0.011082,0.008734,0.088256
71930,0.005687,0.004455,0.027522
71940,0.022388,0.016957,0.118908
71950,0.023350,0.017988,0.126641
71960,0.011500,0.008683,0.082261
71970,0.019623,0.015080,0.105683
71980,0.018233,0.013568,0.097059
71990,0.024964,0.019098,0.105171
72000,0.033595,0.025693,0.146632
72010,0.013582,0.009763,0.107605
72020,0.010804,0.006968,0.057746
72030,0.021909,0.016578,0.124626
72040,0.029786,0.022954,0.131484
72050,0.018418,0.014034,0.103474
72060,0.034684,0.027495,0.148777
72070,0.026207,0.020445,0.110326
72080,0.046044,0.035266,0.169685
72090,0.013726,0.010341,0.097954
72100,0.019536,0.014945,0.096429
72110,0.012977,0.009681,0.101392
72120,0.030369,0.024077,0.126210
72130,0.031754,0.024210,0.136362
72140,0.020342,0.015180,0.139280
72150,0.010545,0.007780,0.051265
72160,0.018195,0.013849,0.112379
72170,0.016948,0.012388,0.121651
72180,0.040046,0.031215,0.148026
72190,0.038511,0.030028,0.143351
72200,0.031378,0.023506,0.137720
72210,0.033899,0.026262,0.143360
72220,0.012733,0.009379,0.097426
72230,0.026637,0.020711,0.119843
72240,0.026024,0.020073,0.134917
72250,0.004278,0.003277,0.097568
72260,0.024744,0.018572,0.126706
72270,0.027118,0.021005,0.126499
72280,0.005649,0.004236,0.030497
72290,0.001227,0.000901,0.008115
72300,0.048416,0.036687,0.181420
72310,0.013295,0.010109,0.094619
72320,0.015676,0.012254,0.091509
72330,0.010206,0.007630,0.075311
72340,0.029687,0.023171,0.131616
72350,0.015777,0.011790,0.104647
72360,0.024762,0.019204,0.123291
72370,0.017009,0.012922,0.095722
72380,0.008956,0.006267,0.100813
72390,0.013057,0.009925,0.103142
72400,0.020926,0.015424,0.119085
72410,0.008499,0.006341,0.062092
72420,0.010912,0.008452,0.082721
72430,0.017665,0.013847,0.097061
72440,0.032597,0.025288,0.125878
72450,0.015857,0.012572,0.092332
72460,0.022601,0.017311,0.115917
72470,0.010170,0.007667,0.068357
72480,0.037844,0.028894,0.156216
72490,0.011058,0.008413,0.079818
72500,0.024080,0.019114,0.126403
72510,0.018000,0.013989,0.105172
72520,0.007717,0.005849,0.063091
72530,0.017635,0.012993,0.097639
72540,0.020244,0.015607,0.096253
72550,0.009323,0.006864,0.084336
72560,0.015504,0.011339,0.093864
72570,0.019081,0.014507,0.109757
72580,0.015626,0.012321,0.089656
72590,0.019777,0.014998,0.106453
72600,0.010521,0.007975,0.055675
72610,0.012400,0.009290,0.088041
72620,0.023544,0.018663,0.123941
72630,0.005042,0.003823,0.067030
72640,0.018963,0.014583,0.098819
72650,0.017572,0.013914,0.103985
72660,0.028861,0.022539,0.140390
72670,0.005907,0.004047,0.069567
72680,0.034429,0.026952,0.128383
72690,0.035305,0.027192,0.150571
72700,0.032431,0.025107,0.126503
72710,0.030442,0.023318,0.133438
72720,0.018102,0.013307,0.100767
72730,0.014894,0.011379,0.077183
72740,0.038293,0.029700,0.154059
72750,0.019411,0.014477,0.109948
72760,0.010388,0.007873,0.099091
72770,0.019599,0.014542,0.110285
72780,0.026441,0.020483,0.122821
72790,0.035489,0.026956,0.147716
72800,0.021949,0.017014,0.114521
72810,0.009662,0.007149,0.059732
72820,0.014424,0.011035,0.071461
72830,0.044752,0.034219,0.160741
72840,0.009296,0.006731,0.100399
72850,0.018076,0.013740,0.107970
72860,0.014053,0.010459,0.094097
72870,0.017230,0.013516,0.106962
72880,0.019906,0.015181,0.105234
72890,0.013990,0.010607,0.094523
72900,0.024217,0.018999,0.110615
72910,0.013223,0.010064,0.091588
72920,0.018935,0.014731,0.105059
72930,0.022568,0.017181,0.110648
72940,0.017784,0.013940,0.108768
72950,0.028769,0.022391,0.130546
72960,0.022213,0.017189,0.127437
72970,0.020033,0.015427,0.089495
72980,0.019519,0.015554,0.096937
72990,0.018401,0.014085,0.111085
73000,0.014244,0.010232,0.113489
73010,0.012245,0.010047,0.066262
73020,0.031607,0.024968,0.134128
73030,0.030710,0.023630,0.134678
73040,0.001757,0.001147,0.008923
73050,0.023672,0.018186,0.122212
73060,0.028455,0.022408,0.117844
73070,0.018059,0.013048,0.118009
73080,0.031673,0.024071,0.140126
73090,0.030668,0.023498,0.125789
73100,0.014922,0.011399,0.075806
73110,0.026965,0.020859,0.125104
73120,0.008090,0.006132,0.044862
73130,0.004632,0.003690,0.032098
73140,0.001004,0.001048,0.204221
73150,0.021104,0.016167,0.115230
73160,0.028222,0.022710,0.127753
73170,0.035918,0.027756,0.152235
73180,0.032128,0.025078,0.140950
73190,0.008543,0.006451,0.064716
73200,0.013081,0.010220,0.082939
73210,0.016704,0.012748,0.077840
73220,0.031585,0.024334,0.137562
73230,0.022023,0.017383,0.114598
73240,0.017129,0.013180,0.097654
73250,0.021710,0.016711,0.119369
73260,0.025790,0.019370,0.127034
73270,0.010141,0.007914,0.071608
73280,0.030861,0.024177,0.132455
73290,0.007480,0.005418,0.050243
73300,0.018350,0.014077,0.115343
73310,0.016852,0.012712,0.108106
73320,0.025530,0.019579,0.131073
73330,0.009009,0.006559,0.053517
73340,0.011214,0.008633,0.067300
73350,0.024039,0.018480,0.128975
73360,0.010616,0.007877,0.081716
73370,0.023535,0.017768,0.117195
73380,0.031726,0.024305,0.141385
73390,0.013986,0.010764,0.098621
73400,0.034993,0.027528,0.152247
73410,0.013270,0.009785,0.092185
73420,0.024376,0.018752,0.111133
73430,0.040829,0.031760,0.167530
73440,0.024715,0.018726,0.119596
73450,0.019678,0.015229,0.110043
73460,0.011120,0.008347,0.066905
73470,0.024923,0.019835,0.106812
73480,0.010259,0.007920,0.044920
73490,0.022483,0.017373,0.113137
73500,0.015359,0.011818,0.076097
73510,0.023967,0.018268,0.115813
73520,0.038123,0.029280,0.148739
73530,0.018297,0.013761,0.108872
73540,0.019246,0.014794,0.101889
73550,0.017126,0.012970,0.103870
73560,0.018776,0.014287,0.104834
73570,0.015572,0.012242,0.091412
73580,0.002002,0.001338,0.060561
73590,0.011579,0.008995,0.067916
73600,0.018687,0.014300,0.112460
73610,0.001918,0.001415,0.017688
73620,0.012970,0.009942,0.083349
73630,0.029565,0.023189,0.125467
73640,0.016323,0.012301,0.099767
73650,0.024028,0.018722,0.105014
73660,0.008311,0.006391,0.070781
73670,0.017007,0.012507,0.102420
73680,0.011536,0.008895,0.085761
73690,0.016030,0.011946,0.108729
73700,0.022229,0.017494,0.113536
73710,0.025233,0.019997,0.113603
73720,0.026313,0.020624,0.134664
73730,0.024486,0.018181,0.130112
73740,0.019798,0.015308,0.109062
73750,0.021678,0.017059,0.112775
73760,0.015821,0.011700,0.115774
73770,0.013587,0.008934,0.128376
73780,0.025346,0.019116,0.104005
73790,0.026261,0.020415,0.123355
73800,0.015688,0.011947,0.092818
73810,0.021666,0.016370,0.107490
73820,0.021236,0.016435,0.096157
73830,0.018493,0.014134,0.102027
73840,0.019198,0.014706,0.099913
73850,0.029441,0.022951,0.137106
73860,0.019534,0.014953,0.094835
73870,0.018805,0.014348,0.098645
73880,0.035595,0.027297,0.145361
73890,0.014624,0.011441,0.092783
73900,0.021300,0.016397,0.108704
73910,0.007954,0.006119,0.054944
73920,0.000342,0.000214,0.086146
73930,0.016185,0.012390,0.092644
73940,0.013662,0.010729,0.084923
73950,0.011659,0.008969,0.066431
73960,0.003733,0.002745,0.025996
73970,0.002567,0.001991,0.020513
73980,0.029267,0.021942,0.130636
73990,0.026333,0.020414,0.121566
74000,0.000819,0.000591,0.087926
74010,0.027308,0.019905,0.125157
74020,0.030116,0.023468,0.114886
74030,0.027891,0.021574,0.129196
74040,0.019448,0.014686,0.100526
74050,0.022854,0.017222,0.121988
74060,0.000002,0.000004,0.000010
74070,0.033251,0.025403,0.137896
74080,0.023971,0.018876,0.131627
74090,0.021276,0.016132,0.103050
74100,0.025361,0.019018,0.130318
74110,0.035649,0.027841,0.136056
74120,0.005773,0.004135,0.062600
74130,0.038742,0.029812,0.152925
74140,0.029330,0.022895,0.135437
74150,0.011319,0.008653,0.058744
74160,0.013790,0.010355,0.103539
74170,0.009782,0.007672,0.075832
74180,0.012395,0.009486,0.066154
74190,0.040293,0.031372,0.163084
74200,0.007817,0.005693,0.081160
74210,0.015257,0.011626,0.071339
74220,0.019783,0.015264,0.104563
74230,0.022659,0.017255,0.128233
74240,0.015626,0.011649,0.100894
74250,0.014624,0.011380,0.090725
74260,0.004257,0.003109,0.061281
74270,0.026623,0.021000,0.122406
74280,0.019938,0.015494,0.102476
74290,0.023443,0.017578,0.131799
74300,0.017981,0.013756,0.113089
74310,0.012920,0.009538,0.105012
74320,0.005672,0.004541,0.037231
74330,0.017374,0.013266,0.097241
74340,0.014860,0.011348,0.094941
74350,0.034346,0.026817,0.149063
74360,0.017079,0.013369,0.089517
74370,0.019568,0.015068,0.110418
74380,0.004434,0.003032,0.066681
74390,0.013898,0.010549,0.084096
74400,0.013949,0.010697,0.081078
74410,0.012301,0.009227,0.093450
74420,0.021212,0.016069,0.125853
74430,0.026900,0.020961,0.107586
74440,0.013198,0.010165,0.074863
74450,0.024743,0.019275,0.135420
74460,0.018997,0.014382,0.099012
74470,0.026608,0.021490,0.129811
74480,0.006043,0.004253,0.062973
74490,0.006675,0.004673,0.066552
74500,0.041985,0.032460,0.162076
74510,0.030367,0.023837,0.132327
74520,0.015265,0.011724,0.078855
74530,0.028813,0.022609,0.129656
74540,0.022297,0.016335,0.112601
74550,0.014300,0.010073,0.099593
74560,0.029457,0.022956,0.140637
74570,0.030934,0.020290,0.143926
74580,0.013629,0.010302,0.094767
74590,0.019233,0.014738,0.109812
74600,0.027383,0.021103,0.129509
74610,0.014302,0.010723,0.099106
74620,0.020781,0.016266,0.101319
74630,0.014447,0.010796,0.078658
74640,0.040156,0.031649,0.150462
74650,0.022395,0.017381,0.093105
74660,0.006470,0.004536,0.106429
74670,0.036302,0.028692,0.149292
74680,0.017426,0.013687,0.085836
74690,0.016731,0.012430,0.102591
74700,0.029515,0.023187,0.131065
74710,0.027417,0.021123,0.115570
74720,0.008452,0.006125,0.072850
74730,0.009762,0.007574,0.094945
74740,0.000001,0.000000,0.000002
74750,0.001733,0.001061,0.010746
74760,0.015642,0.011609,0.061789
74770,0.027336,0.020745,0.128108
74780,0.023634,0.020006,0.106734
74790,0.013405,0.010320,0.063526
74800,0.029600,0.023077,0.122700
74810,0.026555,0.020548,0.133174
74820,0.006237,0.004430,0.073376
74830,0.017476,0.013482,0.104088
74840,0.029464,0.023131,0.118789
74850,0.002114,0.001117,0.017595
74860,0.009091,0.006880,0.086560
74870,0.012017,0.008092,0.098530
74880,0.029346,0.022578,0.117354
74890,0.000181,0.000176,0.656612
74900,0.004367,0.003226,0.067951
74910,0.012914,0.009995,0.082361
74920,0.007648,0.005830,0.068123
74930,0.014918,0.011340,0.093871
74940,0.001173,0.000660,0.277671
74950,0.017157,0.013103,0.120769
74960,0.028334,0.021746,0.121405
74970,0.018268,0.013922,0.077942
74980,0.028546,0.022338,0.132926
74990,0.013388,0.010582,0.094302
75000,0.015265,0.011428,0.094520
75010,0.017059,0.012932,0.097592
75020,0.010542,0.007639,0.073651
75030,0.023462,0.017832,0.112499
75040,0.003002,0.002152,0.096271
75050,0.013121,0.010009,0.095347
75060,0.024772,0.019028,0.108598
75070,0.006508,0.005412,0.088753
75080,0.006623,0.004929,0.064039
75090,0.010767,0.008160,0.058665
75100,0.014776,0.011549,0.064626
75110,0.019910,0.015299,0.108435
75120,0.003277,0.002269,0.070807
75130,0.016792,0.012313,0.096886
75140,0.013455,0.009772,0.112125
75150,0.006363,0.004340,0.074040
75160,0.012723,0.010006,0.081611
75170,0.023498,0.018390,0.110867
75180,0.008547,0.006605,0.080102
75190,0.026997,0.021198,0.122436
75200,0.013409,0.010318,0.067466
75210,0.023138,0.017508,0.112477
75220,0.014430,0.010919,0.108576
75230,0.025780,0.019803,0.104161
75240,0.021978,0.016642,0.121684
75250,0.024663,0.019121,0.106610
75260,0.020254,0.015407,0.096822
75270,0.022335,0.017274,0.111159
75280,0.014447,0.010674,0.105542
75290,0.017178,0.012781,0.119810
75300,0.020206,0.015384,0.102221
75310,0.032743,0.025339,0.147617
75320,0.031565,0.024279,0.132801
75330,0.016819,0.012908,0.099541
75340,0.036556,0.028047,0.150936
75350,0.010817,0.008381,0.092271
75360,0.035068,0.027238,0.132847
75370,0.030791,0.023294,0.131149
75380,0.012602,0.009693,0.068519
75390,0.013514,0.010549,0.078706
75400,0.021596,0.016329,0.110417
75410,0.015558,0.011362,0.113382
75420,0.010742,0.007943,0.070853
75430,0.010145,0.007437,0.079553
75440,0.009529,0.007026,0.084904
75450,0.012993,0.009750,0.099834
75460,0.011031,0.007952,0.087634
75470,0.009634,0.007295,0.077715
75480,0.024095,0.018405,0.134259
75490,0.007431,0.006138,0.062066
75500,0.036617,0.028474,0.149689
75510,0.025670,0.019888,0.128368
75520,0.028162,0.021800,0.129992
75530,0.014567,0.011500,0.090289
75540,0.004469,0.003562,0.028473
75550,0.013224,0.009933,0.097492
75560,0.000009,0.000029,0.000064
75570,0.015978,0.011973,0.097902
75580,0.004174,0.002826,0.089834
75590,0.026572,0.020789,0.123190
75600,0.022165,0.016895,0.111854
75610,0.036677,0.027995,0.153862
75620,0.012209,0.009367,0.090381
75630,0.012063,0.009327,0.086179
75640,0.014085,0.010690,0.091936
75650,0.022668,0.017790,0.096246
75660,0.013465,0.010155,0.102038
75670,0.004125,0.003323,0.062817
75680,0.028368,0.022020,0.126619
75690,0.018129,0.014186,0.091416
75700,0.025290,0.019731,0.132304
75710,0.010125,0.008147,0.078628
75720,0.024933,0.018814,0.124980
75730,0.029770,0.023017,0.141204
75740,0.030917,0.024418,0.141851
75750,0.023466,0.018140,0.122206
75760,0.027342,0.020402,0.126675
75770,0.031081,0.024422,0.143731
75780,0.017649,0.013956,0.091590
75790,0.020804,0.016246,0.109294
75800,0.023278,0.018223,0.128681
75810,0.024882,0.019867,0.119723
75820,0.032378,0.024756,0.141087
75830,0.026189,0.019925,0.122663
75840,0.012393,0.009350,0.100167
75850,0.030459,0.023813,0.129766
75860,0.024345,0.018772,0.122646
75870,0.010430,0.007810,0.078455
75880,0.012311,0.009158,0.092352
75890,0.014739,0.011478,0.077738
75900,0.018585,0.014515,0.114231
75910,0.021118,0.016419,0.092628
75920,0.017081,0.013058,0.080051
75930,0.030565,0.023625,0.135277
75940,0.024779,0.019202,0.120238
75950,0.014286,0.011197,0.071038
75960,0.022128,0.016944,0.107480
75970,0.018337,0.014045,0.097281
75980,0.034161,0.026390,0.140585
75990,0.013701,0.010278,0.096639
76000,0.012913,0.009664,0.087493
76010,0.015004,0.011337,0.103637
76020,0.016177,0.012123,0.111086
76030,0.021940,0.016878,0.083351
76040,0.017635,0.013013,0.124238
76050,0.017271,0.013527,0.110393
76060,0.028324,0.022527,0.135615
76070,0.020056,0.013842,0.121491
76080,0.018683,0.014262,0.100747
76090,0.035062,0.026705,0.153808
76100,0.011589,0.008624,0.077123
76110,0.013439,0.010165,0.094104
76120,0.016001,0.011952,0.090191
76130,0.014560,0.010955,0.070335
76140,0.014483,0.011130,0.095217
76150,0.030217,0.023357,0.119451
76160,0.019046,0.014783,0.119137
76170,0.015699,0.012404,0.092585
76180,0.025587,0.019947,0.125367
76190,0.005712,0.004421,0.061802
76200,0.018582,0.014192,0.110696
76210,0.010543,0.008296,0.062112
76220,0.021305,0.016532,0.112059
76230,0.017337,0.012581,0.101956
76240,0.008751,0.006771,0.076095
76250,0.006844,0.005160,0.102999
76260,0.034522,0.026769,0.142457
76270,0.011812,0.008767,0.093445
76280,0.017985,0.013659,0.082115
76290,0.018150,0.014205,0.087683
76300,0.012705,0.009794,0.070743
76310,0.020430,0.015426,0.090428
76320,0.007518,0.005637,0.076050
76330,0.037086,0.028525,0.145923
76340,0.003766,0.002771,0.082816
76350,0.004401,0.002971,0.073573
76360,0.019951,0.015405,0.102441
76370,0.018104,0.013927,0.124057
76380,0.017033,0.013196,0.101822
76390,0.004361,0.003131,0.073960
76400,0.014243,0.010586,0.071648
76410,0.025063,0.019044,0.126682
76420,0.028688,0.022077,0.134137
76430,0.020815,0.015720,0.111644
76440,0.005320,0.003811,0.029912
76450,0.003185,0.002651,0.025567
76460,0.015410,0.011944,0.098356
76470,0.027684,0.021564,0.120896
76480,0.005574,0.004356,0.027772
76490,0.027105,0.021191,0.126070
76500,0.008841,0.006108,0.081793
76510,0.026876,0.020553,0.128663
76520,0.039156,0.029917,0.147397
76530,0.029893,0.023484,0.142719
76540,0.014331,0.011071,0.104995
76550,0.006114,0.004336,0.117435
76560,0.012545,0.009922,0.070704
76570,0.010146,0.007469,0.075849
76580,0.014046,0.010748,0.061703
76590,0.004022,0.002821,0.097718
76600,0.003810,0.002810,0.020634
76610,0.010964,0.008128,0.070769
76620,0.017591,0.013707,0.074262
76630,0.030772,0.024098,0.125403
76640,0.025094,0.018192,0.128567
76650,0.020092,0.015996,0.121057
76660,0.022018,0.016930,0.115772
76670,0.010228,0.007692,0.053044
76680,0.011087,0.008033,0.066014
76690,0.022145,0.017258,0.110629
76700,0.004387,0.002593,0.054775
76710,0.026400,0.020324,0.130509
76720,0.016288,0.012859,0.077649
76730,0.012459,0.009486,0.080486
76740,0.014419,0.010910,0.082650
76750,0.014429,0.010889,0.094442
76760,0.021303,0.016426,0.102184
76770,0.021272,0.016493,0.108342
76780,0.014961,0.010833,0.103558
76790,0.010023,0.007695,0.083174
76800,0.016742,0.012917,0.077704
76810,0.012626,0.009300,0.110144
76820,0.010636,0.008069,0.075708
76830,0.016015,0.012140,0.088199
76840,0.018489,0.014237,0.114551
76850,0.011179,0.008211,0.091840
76860,0.021404,0.016158,0.117071
76870,0.003517,0.002332,0.083653
76880,0.012107,0.009297,0.068332
76890,0.008231,0.006402,0.058746
76900,0.026522,0.021070,0.129758
76910,0.038029,0.029707,0.155953
76920,0.011293,0.008314,0.082617
76930,0.016587,0.012255,0.077349
76940,0.004512,0.004267,0.028846
76950,0.011291,0.008617,0.076590
76960,0.017387,0.013123,0.104248
76970,0.003648,0.002482,0.064304
76980,0.022171,0.017155,0.121612
76990,0.029028,0.021948,0.139215
77000,0.024763,0.018919,0.130043
77010,0.030875,0.024074,0.122818
77020,0.022755,0.017904,0.114310
77030,0.019100,0.014807,0.113598
77040,0.025986,0.020161,0.120180
77050,0.003016,0.002156,0.045069
77060,0.025927,0.020140,0.120849
77070,0.001566,0.001355,0.012593
77080,0.002344,0.002023,0.014062
77090,0.017537,0.013331,0.099751
77100,0.022749,0.017173,0.107456
77110,0.018765,0.014768,0.080371
77120,0.010122,0.007425,0.076123
77130,0.009652,0.007409,0.102703
77140,0.003973,0.002847,0.107093
77150,0.007389,0.005072,0.089418
77160,0.016654,0.012195,0.109347
77170,0.009765,0.007501,0.056200
77180,0.000700,0.000497,0.131819
77190,0.004503,0.003336,0.031917
77200,0.015633,0.011905,0.094227
77210,0.024294,0.018690,0.110474
77220,0.034234,0.026721,0.152064
77230,0.014800,0.011282,0.119892
77240,0.020514,0.015852,0.087385
77250,0.014465,0.010922,0.101960
77260,0.010753,0.008043,0.045659
77270,0.016662,0.012184,0.107107
77280,0.015722,0.012119,0.089098
77290,0.023143,0.017946,0.112111
77300,0.003974,0.002972,0.019427
77310,0.007342,0.005194,0.073613
77320,0.047210,0.036368,0.171513
77330,0.002291,0.001816,0.009571
77340,0.024404,0.018500,0.118875
77350,0.026084,0.020059,0.119711
77360,0.014390,0.010609,0.095923
77370,0.003917,0.002722,0.063683
77380,0.000229,0.000179,0.130644
77390,0.016742,0.012641,0.086714
77400,0.006755,0.004851,0.087432
77410,0.006903,0.005552,0.062797
77420,0.010397,0.007919,0.076161
77430,0.019642,0.014781,0.107515
77440,0.028152,0.021513,0.128097
77450,0.015836,0.012174,0.076846
77460,0.022858,0.017088,0.113516
77470,0.020299,0.015377,0.106775
77480,0.020761,0.016225,0.114268
77490,0.001692,0.001196,0.066804
77500,0.012867,0.010091,0.094223
77510,0.014967,0.011049,0.107291
77520,0.012430,0.009123,0.075794
77530,0.019850,0.015211,0.092467
77540,0.028917,0.023809,0.145773
77550,0.014834,0.011662,0.070135
77560,0.028972,0.022059,0.133109
77570,0.024963,0.019024,0.096607
77580,0.015703,0.011971,0.095202
77590,0.023734,0.018159,0.118728
77600,0.012171,0.009404,0.104141
77610,0.007101,0.004939,0.068765
77620,0.016885,0.012685,0.115495
77630,0.021148,0.016544,0.108204
77640,0.019855,0.014828,0.114676
77650,0.018355,0.014462,0.099908
77660,0.024301,0.018883,0.099475
77670,0.026001,0.020219,0.121445
77680,0.025468,0.020018,0.124213
77690,0.007046,0.005061,0.047720
77700,0.048506,0.038542,0.182376
77710,0.015482,0.011224,0.114453
77720,0.004685,0.003080,0.088954
77730,0.018836,0.014304,0.111203
77740,0.008753,0.006508,0.069249
77750,0.022959,0.017590,0.112194
77760,0.011364,0.008497,0.086778
77770,0.021306,0.016261,0.110820
77780,0.010249,0.007822,0.090743
77790,0.020068,0.015949,0.106042
77800,0.010741,0.007738,0.090245
77810,0.022417,0.017227,0.110461
77820,0.010236,0.007725,0.071251
77830,0.014102,0.010743,0.094701
77840,0.032179,0.025407,0.148724
77850,0.010250,0.007658,0.077729
77860,0.034719,0.026601,0.140333
77870,0.011387,0.008171,0.099285
77880,0.013626,0.010089,0.095479
77890,0.015922,0.012013,0.098670
77900,0.014339,0.010878,0.092564
77910,0.000739,0.000634,0.069801
77920,0.013895,0.010562,0.094906
77930,0.032156,0.024984,0.135898
77940,0.011140,0.008135,0.089285
77950,0.024997,0.019220,0.114022
77960,0.018113,0.013715,0.103580
77970,0.011101,0.008686,0.060990
77980,0.015945,0.012078,0.106954
77990,0.030218,0.023381,0.138869
78000,0.010860,0.008041,0.086761
78010,0.021481,0.017077,0.081136
78020,0.029067,0.022346,0.134882
78030,0.009507,0.007210,0.058497
78040,0.022073,0.016951,0.105228
78050,0.020239,0.015593,0.086852
78060,0.001414,0.001135,0.011017
78070,0.014491,0.011040,0.070506
78080,0.005258,0.003657,0.088793
78090,0.027117,0.020835,0.121448
78100,0.012604,0.009080,0.086807
78110,0.034419,0.025742,0.142601
78120,0.017776,0.013943,0.097113
78130,0.038924,0.029936,0.156651
78140,0.025035,0.019321,0.108049
78150,0.019732,0.015458,0.100750
78160,0.037839,0.029043,0.158165
78170,0.018713,0.014135,0.102804
78180,0.024188,0.019324,0.134607
78190,0.016887,0.012999,0.115910
78200,0.008042,0.006044,0.075257
78210,0.003069,0.002123,0.072695
78220,0.016647,0.012100,0.096284
78230,0.014793,0.011276,0.084543
78240,0.002912,0.002237,0.058683
78250,0.014372,0.010892,0.092133
78260,0.006411,0.005011,0.034012
78270,0.025867,0.020225,0.119762
78280,0.013664,0.009825,0.094254
78290,0.013963,0.010564,0.120898
78300,0.016045,0.011823,0.113982
78310,0.017554,0.014138,0.080074
78320,0.020744,0.016323,0.096184
78330,0.020566,0.016270,0.113591
78340,0.031968,0.024663,0.130839
78350,0.025516,0.019311,0.136585
78360,0.031587,0.025115,0.138952
78370,0.026897,0.020693,0.134555
78380,0.014137,0.010700,0.087366
78390,0.019975,0.015832,0.097606
78400,0.031617,0.024064,0.134529
78410,0.015593,0.011842,0.089403
78420,0.021928,0.016928,0.093696
78430,0.031274,0.023708,0.140713
78440,0.044887,0.034977,0.165849
78450,0.013702,0.010656,0.072106
78460,0.015669,0.012059,0.097915
78470,0.023220,0.017890,0.119036
78480,0.015059,0.011471,0.087683
78490,0.011790,0.009166,0.080746
78500,0.021716,0.016529,0.113201
78510,0.010661,0.008695,0.052272
78520,0.003777,0.002708,0.087378
78530,0.018240,0.013744,0.106972
78540,0.011515,0.008907,0.077610
78550,0.006750,0.004961,0.044754
78560,0.015178,0.011691,0.101868
78570,0.012696,0.009841,0.087631
78580,0.017937,0.013000,0.106949
78590,0.011814,0.008496,0.086376
78600,0.025731,0.019900,0.121045
78610,0.012487,0.009367,0.089654
78620,0.018676,0.013766,0.097878
78630,0.008218,0.005936,0.063211
78640,0.021798,0.017473,0.089624
78650,0.014139,0.010675,0.102631
78660,0.014746,0.011432,0.090823
78670,0.029504,0.023063,0.112580
78680,0.006155,0.004339,0.124222
78690,0.014405,0.011036,0.092553
78700,0.017913,0.013767,0.104110
78710,0.012571,0.009930,0.101661
78720,0.021396,0.016862,0.105089
78730,0.023685,0.018023,0.089689
78740,0.028905,0.022044,0.132985
78750,0.012460,0.009624,0.066992
78760,0.019454,0.015025,0.093261
78770,0.022810,0.017605,0.100282
78780,0.033784,0.025973,0.135462
78790,0.004243,0.002714,0.138957
78800,0.003401,0.002519,0.058034
78810,0.033794,0.026135,0.142402
78820,0.033726,0.025627,0.142381
78830,0.013346,0.010527,0.075165
78840,0.003741,0.002564,0.076081
78850,0.012774,0.009488,0.087749
78860,0.003982,0.003260,0.082621
78870,0.016724,0.013352,0.080161
78880,0.009473,0.007329,0.068938
78890,0.014953,0.011703,0.098076
78900,0.022787,0.017368,0.108311
78910,0.030981,0.023730,0.138010
78920,0.023544,0.018519,0.116706
78930,0.020497,0.015308,0.107305
78940,0.023466,0.017695,0.114270
78950,0.020786,0.015790,0.129651
78960,0.013751,0.011028,0.097624
78970,0.009373,0.006962,0.083114
78980,0.015770,0.012149,0.076390
78990,0.008916,0.006960,0.053396
79000,0.031353,0.023988,0.135349
79010,0.022414,0.016616,0.124493
79020,0.017023,0.013070,0.098951
79030,0.013975,0.010347,0.100820
79040,0.024326,0.019074,0.100962
79050,0.030825,0.024111,0.132742
79060,0.010375,0.008133,0.092530
79070,0.013413,0.009819,0.101951
79080,0.027395,0.021281,0.112839
79090,0.010488,0.007735,0.088633
79100,0.023713,0.018130,0.116366
79110,0.001346,0.000912,0.051696
79120,0.014305,0.011226,0.094548
79130,0.025299,0.019370,0.117451
79140,0.018346,0.013945,0.102204
79150,0.011245,0.008403,0.082754
79160,0.019420,0.015148,0.102159
79170,0.003398,0.002438,0.057136
79180,0.014825,0.011392,0.091438
79190,0.008283,0.005986,0.095445
79200,0.017105,0.014098,0.085528
79210,0.004213,0.003066,0.066836
79220,0.013611,0.010018,0.101334
79230,0.019320,0.015064,0.088800
79240,0.034280,0.026598,0.141064
79250,0.034760,0.027478,0.143142
79260,0.010471,0.008279,0.084093
79270,0.009144,0.007057,0.082255
79280,0.019544,0.015345,0.105484
79290,0.019942,0.014882,0.107450
79300,0.020809,0.015958,0.108330
79310,0.012406,0.009709,0.087566
79320,0.021077,0.016192,0.112535
79330,0.027796,0.020900,0.132437
79340,0.020597,0.015656,0.106366
79350,0.020173,0.015363,0.127311
79360,0.010795,0.008047,0.086375
79370,0.028152,0.022297,0.133442
79380,0.009709,0.006473,0.085987
79390,0.022015,0.017183,0.114765
79400,0.017217,0.013126,0.103695
79410,0.023808,0.017730,0.087172
79420,0.016189,0.012322,0.072584
79430,0.022702,0.019639,0.106832
79440,0.015505,0.011970,0.067487
79450,0.018299,0.014537,0.102066
79460,0.020101,0.015336,0.090373
79470,0.014965,0.011433,0.096015
79480,0.022399,0.017023,0.114230
79490,0.013211,0.010098,0.060687
79500,0.024790,0.018040,0.132508
79510,0.024131,0.017809,0.140850
79520,0.016333,0.012434,0.094759
79530,0.006584,0.004409,0.097917
79540,0.022706,0.017098,0.135494
79550,0.019721,0.015419,0.106028
79560,0.021970,0.017514,0.118773
79570,0.000500,0.000474,0.076940
79580,0.013730,0.010669,0.092579
79590,0.027007,0.021019,0.121520
79600,0.023861,0.017552,0.129621
79610,0.014731,0.011046,0.102925
79620,0.016008,0.013076,0.088553
79630,0.015771,0.012207,0.070555
79640,0.006601,0.005282,0.066181
79650,0.010426,0.007645,0.085849
79660,0.026858,0.021044,0.129655
79670,0.013355,0.010506,0.064290
79680,0.017998,0.013041,0.108486
79690,0.018679,0.014126,0.088828
79700,0.023863,0.018201,0.117272
79710,0.011858,0.009135,0.090757
79720,0.040074,0.030975,0.167656
79730,0.028989,0.022378,0.118008
79740,0.032204,0.024779,0.139236
79750,0.019658,0.015534,0.113183
79760,0.016328,0.012215,0.091420
79770,0.003718,0.002757,0.089744
79780,0.014644,0.011277,0.099340
79790,0.006824,0.005176,0.081153
79800,0.035953,0.027887,0.129851
79810,0.014688,0.011313,0.073553
79820,0.030853,0.023863,0.128758
79830,0.023925,0.018710,0.102016
79840,0.021687,0.017470,0.100043
79850,0.012027,0.009064,0.086557
79860,0.024183,0.018834,0.121500
79870,0.010805,0.008354,0.093716
79880,0.010913,0.008434,0.081966
79890,0.038318,0.029172,0.161472
79900,0.022462,0.017603,0.110852
79910,0.000037,0.000030,0.656319
79920,0.018377,0.014077,0.114348
79930,0.015379,0.011670,0.090738
79940,0.018530,0.014430,0.103368
79950,0.011432,0.009017,0.095576
79960,0.015086,0.011657,0.102511
79970,0.021000,0.016667,0.111013
79980,0.029129,0.022396,0.118745
79990,0.008881,0.006524,0.097042
80000,0.007450,0.005481,0.081761
80010,0.021669,0.016755,0.125006
80020,0.022143,0.016946,0.112499
80030,0.008017,0.006263,0.083255
80040,0.018033,0.014242,0.101920
80050,0.028775,0.022274,0.132170
80060,0.001823,0.001786,0.110292
80070,0.028215,0.021237,0.139732
80080,0.000411,0.000262,0.040955
80090,0.020717,0.016175,0.088237
80100,0.014551,0.011518,0.090743
80110,0.037827,0.029735,0.150397
80120,0.006968,0.005223,0.080352
80130,0.008029,0.005978,0.065652
80140,0.003776,0.002891,0.110278
80150,0.014373,0.011155,0.086305
80160,0.000346,0.000246,0.145206
80170,0.009125,0.007284,0.048308
80180,0.010771,0.008117,0.057202
80190,0.018882,0.014792,0.097586
80200,0.018821,0.014599,0.104904
80210,0.022691,0.017359,0.119931
80220,0.010802,0.008227,0.072809
80230,0.027308,0.021288,0.129242
80240,0.020495,0.015793,0.108625
80250,0.021306,0.016692,0.095298
80260,0.013790,0.010323,0.100423
80270,0.009749,0.006974,0.077772
80280,0.018084,0.013949,0.100722
80290,0.011167,0.008584,0.065001
80300,0.034699,0.026512,0.149826
80310,0.019069,0.014439,0.111308
80320,0.025975,0.020934,0.121032
80330,0.024232,0.018590,0.100885
80340,0.021329,0.017032,0.105352
80350,0.026106,0.020225,0.124530
80360,0.007810,0.005970,0.046015
80370,0.021620,0.016293,0.111658
80380,0.021018,0.016175,0.105247
80390,0.007254,0.005074,0.068388
80400,0.008481,0.006861,0.070969
80410,0.011616,0.009039,0.079565
80420,0.030425,0.024009,0.140926
80430,0.024446,0.018998,0.112674
80440,0.004914,0.003334,0.068872
80450,0.020905,0.016659,0.087755
80460,0.015950,0.011861,0.087279
80470,0.025125,0.019679,0.126747
80480,0.002985,0.002088,0.074333
80490,0.022559,0.017583,0.087436
80500,0.019913,0.015024,0.140618
80510,0.007375,0.005796,0.068060
80520,0.021489,0.016328,0.115753
80530,0.022546,0.017343,0.115621
80540,0.031529,0.023941,0.137622
80550,0.027222,0.020880,0.124648
80560,0.034158,0.025946,0.143210
80570,0.022506,0.017249,0.114820
80580,0.024649,0.018850,0.117300
80590,0.023905,0.018410,0.099205
80600,0.044959,0.035217,0.167224
80610,0.025875,0.020034,0.127557
80620,0.007102,0.005591,0.054440
80630,0.008556,0.006296,0.078449
80640,0.022673,0.017547,0.115731
80650,0.009136,0.006562,0.080660
80660,0.030859,0.023485,0.136537
80670,0.031845,0.024487,0.131867
80680,0.017026,0.013479,0.101330
80690,0.023887,0.018164,0.111678
80700,0.011301,0.008461,0.100656
80710,0.014432,0.011094,0.094886
80720,0.018024,0.013687,0.109644
80730,0.016154,0.012387,0.112158
80740,0.021877,0.017154,0.110881
80750,0.013635,0.010759,0.092337
80760,0.021767,0.016820,0.115127
80770,0.015490,0.011206,0.118430
80780,0.018651,0.014329,0.105261
80790,0.019228,0.014335,0.092319
80800,0.018138,0.014463,0.100818
80810,0.014646,0.011142,0.075988
80820,0.020968,0.015966,0.110200
80830,0.018776,0.014873,0.105624
80840,0.019699,0.014943,0.104081
80850,0.007749,0.005720,0.071697
80860,0.036224,0.027493,0.152742
80870,0.019975,0.015469,0.102370
80880,0.009319,0.006693,0.097468
80890,0.019193,0.015141,0.107556
80900,0.024136,0.018808,0.119561
80910,0.023274,0.018091,0.121786
80920,0.017204,0.013347,0.111176
80930,0.006316,0.004951,0.078677
80940,0.023199,0.018463,0.111676
80950,0.042729,0.033613,0.165303
80960,0.021459,0.016881,0.115483
80970,0.019978,0.015008,0.093064
80980,0.005223,0.003998,0.036657
80990,0.016610,0.012532,0.113217
81000,0.029580,0.023178,0.128290
81010,0.021028,0.016233,0.111521
81020,0.014246,0.010884,0.086684
81030,0.010687,0.008056,0.075086
81040,0.025279,0.019568,0.128902
81050,0.020378,0.014907,0.118711
81060,0.011087,0.008461,0.081868
81070,0.014044,0.010485,0.082370
81080,0.031526,0.024573,0.134873
81090,0.009753,0.007441,0.062021
81100,0.010843,0.008243,0.101831
81110,0.024709,0.019042,0.121458
81120,0.015865,0.011686,0.112150
81130,0.004432,0.003314,0.032541
81140,0.016468,0.012377,0.094938
81150,0.005442,0.003848,0.071592
81160,0.002719,0.001794,0.058001
81170,0.010554,0.007749,0.092930
81180,0.021033,0.016097,0.118256
81190,0.013637,0.010508,0.067710
81200,0.011122,0.008431,0.090184
81210,0.008516,0.006649,0.148735
81220,0.010344,0.007743,0.076262
81230,0.019544,0.015093,0.102861
81240,0.022332,0.017459,0.120723
81250,0.028809,0.021984,0.126943
81260,0.019975,0.015856,0.103546
81270,0.015549,0.012136,0.097851
81280,0.005246,0.003684,0.042500
81290,0.027616,0.021176,0.118688
81300,0.019136,0.014836,0.084920
81310,0.019213,0.014990,0.101137
81320,0.021306,0.016215,0.119084
81330,0.012134,0.008874,0.089801
81340,0.016208,0.012061,0.095992
81350,0.002940,0.002200,0.022610
81360,0.018105,0.014056,0.102670
81370,0.009300,0.006934,0.062240
81380,0.026883,0.020404,0.120403
81390,0.021731,0.016554,0.113189
81400,0.019853,0.015432,0.103382
81410,0.020518,0.016336,0.098698
81420,0.019602,0.015188,0.088721
81430,0.013170,0.010177,0.092878
81440,0.012674,0.009162,0.091074
81450,0.016104,0.012566,0.098379
81460,0.035418,0.026972,0.155651
81470,0.028374,0.021676,0.115840
81480,0.035422,0.027565,0.143161
81490,0.043967,0.032644,0.179150
81500,0.022426,0.017508,0.119887
81510,0.027197,0.020803,0.123795
81520,0.003160,0.002509,0.084546
81530,0.000001,0.000001,0.000003
81540,0.021413,0.016829,0.113432
81550,0.018349,0.013984,0.099819
81560,0.017119,0.012764,0.091320
81570,0.011566,0.008837,0.065495
81580,0.020297,0.015494,0.094060
81590,0.038321,0.030217,0.149995
81600,0.023212,0.017861,0.122077
81610,0.008931,0.006764,0.079291
81620,0.016872,0.013095,0.098642
81630,0.021315,0.016252,0.119343
81640,0.017997,0.013894,0.077406
81650,0.008021,0.005898,0.087775
81660,0.017692,0.013497,0.102071
81670,0.014627,0.011089,0.091308
81680,0.005999,0.004275,0.126343
81690,0.019650,0.015085,0.111616
81700,0.001560,0.001256,0.047615
81710,0.018269,0.014148,0.088029
81720,0.007859,0.006219,0.043360
81730,0.025162,0.019692,0.119499
81740,0.013077,0.009866,0.095015
81750,0.007826,0.006538,0.088754
81760,0.020686,0.015988,0.108620
81770,0.020232,0.015265,0.115962
81780,0.025762,0.020244,0.107403
81790,0.023883,0.019422,0.116033
81800,0.016465,0.012137,0.106878
81810,0.019749,0.015778,0.109486
81820,0.015909,0.012232,0.069643
81830,0.004932,0.003949,0.029768
81840,0.026872,0.020834,0.131771
81850,0.016410,0.011756,0.094312
81860,0.036428,0.028482,0.134120
81870,0.018707,0.014581,0.105485
81880,0.039496,0.030655,0.156826
81890,0.009108,0.006607,0.091635
81900,0.009813,0.007256,0.075441
81910,0.001464,0.000954,0.069674
81920,0.026313,0.020110,0.124951
81930,0.020503,0.016387,0.108230
81940,0.027503,0.021207,0.122399
81950,0.011496,0.008899,0.086181
81960,0.044268,0.034112,0.159888
81970,0.041733,0.032238,0.159055
81980,0.018410,0.013395,0.114307
81990,0.012119,0.009297,0.059507
82000,0.010489,0.007827,0.110775
82010,0.019012,0.014322,0.097108
82020,0.019570,0.015396,0.099021
82030,0.009962,0.007323,0.095880
82040,0.010596,0.008137,0.073883
82050,0.017607,0.013549,0.108753
82060,0.016399,0.012323,0.106460
82070,0.031845,0.024628,0.128657
82080,0.003251,0.002348,0.061101
82090,0.012352,0.010062,0.057402
82100,0.019127,0.015404,0.089696
82110,0.028194,0.021537,0.131641
82120,0.019973,0.015180,0.102459
82130,0.014231,0.010992,0.061501
82140,0.020285,0.015761,0.111416
82150,0.018523,0.014398,0.097498
82160,0.030675,0.023054,0.149210
82170,0.020721,0.015727,0.109501
82180,0.034388,0.026482,0.138496
82190,0.009146,0.006805,0.152131
82200,0.026268,0.020198,0.114878
82210,0.030257,0.023425,0.129345
82220,0.025228,0.019529,0.109652
82230,0.011241,0.008415,0.081854
82240,0.026334,0.020147,0.109773
82250,0.023804,0.018095,0.119177
82260,0.007117,0.006628,0.031733
82270,0.022680,0.016950,0.128842
82280,0.009063,0.006985,0.081711
82290,0.018887,0.014446,0.109812
82300,0.010248,0.008046,0.071245
82310,0.019344,0.014728,0.094506
82320,0.022011,0.017226,0.100817
82330,0.018403,0.013700,0.122971
82340,0.029068,0.022895,0.123763
82350,0.029762,0.022834,0.137282
82360,0.022032,0.017093,0.122012
82370,0.013609,0.010536,0.075050
82380,0.003371,0.002623,0.058013
82390,0.022550,0.017906,0.109521
82400,0.023125,0.017497,0.119790
82410,0.018536,0.014779,0.104822
82420,0.006645,0.004872,0.042822
82430,0.010747,0.009003,0.101825
82440,0.011402,0.008340,0.084774
82450,0.017565,0.013738,0.105513
82460,0.037477,0.029183,0.152590
82470,0.019313,0.014959,0.102550
82480,0.027181,0.020605,0.123472
82490,0.031015,0.024156,0.134370
82500,0.023359,0.017752,0.123420
82510,0.031637,0.024261,0.132658
82520,0.010867,0.008571,0.063256
82530,0.018605,0.014033,0.103059
82540,0.016240,0.012456,0.093589
82550,0.032992,0.025076,0.134725
82560,0.017747,0.014003,0.081692
82570,0.021418,0.017274,0.110788
82580,0.008258,0.006187,0.071043
82590,0.010024,0.007390,0.084057
82600,0.027573,0.021658,0.128771
82610,0.028844,0.022137,0.128843
82620,0.027521,0.020700,0.128689
82630,0.035960,0.028073,0.138353
82640,0.030514,0.023973,0.125191
82650,0.026730,0.021258,0.121261
82660,0.005229,0.004023,0.052944
82670,0.008826,0.006371,0.076712
82680,0.016350,0.012782,0.073860
82690,0.017248,0.013345,0.098295
82700,0.027195,0.021223,0.131037
82710,0.018057,0.014305,0.096493
82720,0.028098,0.021995,0.119298
82730,0.020245,0.015776,0.094160
82740,0.028710,0.021940,0.133448
82750,0.021025,0.016204,0.114575
82760,0.017955,0.014516,0.077720
82770,0.013800,0.010748,0.099473
82780,0.024930,0.019308,0.120125
82790,0.023194,0.017591,0.123237
82800,0.010107,0.007804,0.075287
82810,0.024057,0.018829,0.119456
82820,0.010773,0.008352,0.067491
82830,0.020599,0.015929,0.118259
82840,0.015429,0.011867,0.098166
82850,0.016304,0.012438,0.091434
82860,0.016366,0.012551,0.107062
82870,0.027064,0.020822,0.121924
82880,0.009478,0.007255,0.072698
82890,0.016650,0.013063,0.094859
82900,0.015222,0.011566,0.099111
82910,0.019649,0.015094,0.101314
82920,0.025306,0.018727,0.123528
82930,0.041833,0.032263,0.160105
82940,0.015700,0.011834,0.102850
82950,0.001020,0.000618,0.025323
82960,0.012902,0.009714,0.095377
82970,0.030692,0.023803,0.142087
82980,0.040959,0.032154,0.146929
82990,0.027032,0.020799,0.130043
83000,0.011253,0.007843,0.094506
83010,0.005820,0.003988,0.098884
83020,0.020291,0.015480,0.102460
83030,0.011594,0.008306,0.090485
83040,0.029624,0.023003,0.133190
83050,0.007906,0.005829,0.068739
83060,0.042451,0.032255,0.162038
83070,0.020502,0.015581,0.111928
83080,0.012667,0.009668,0.101004
83090,0.026654,0.020706,0.123347
83100,0.002306,0.001607,0.019422
83110,0.031976,0.024654,0.143092
83120,0.013675,0.010179,0.095675
83130,0.035726,0.027525,0.129494
83140,0.025514,0.019966,0.131092
83150,0.022589,0.017306,0.117517
83160,0.018441,0.014521,0.079125
83170,0.019953,0.015894,0.108762
83180,0.020101,0.015237,0.100917
83190,0.032249,0.025020,0.137449
83200,0.014744,0.011134,0.095458
83210,0.014854,0.011013,0.105542
83220,0.012134,0.009268,0.080943
83230,0.007560,0.005673,0.045953
83240,0.037107,0.028441,0.150456
83250,0.030651,0.024016,0.135148
83260,0.026338,0.020184,0.118879
83270,0.010575,0.008357,0.095220
83280,0.025462,0.019586,0.124982
83290,0.017615,0.013088,0.114639
83300,0.011595,0.008989,0.066118
83310,0.031185,0.024166,0.133471
83320,0.009589,0.007292,0.081015
83330,0.024995,0.018869,0.125930
83340,0.038764,0.030394,0.156743
83350,0.019232,0.014374,0.112026
83360,0.016661,0.012926,0.097278
83370,0.025563,0.019174,0.135583
83380,0.001352,0.000808,0.110690
83390,0.031796,0.025575,0.133557
83400,0.010405,0.007816,0.088128
83410,0.010586,0.007965,0.087723
83420,0.004734,0.003253,0.065425
83430,0.022508,0.016876,0.118320
83440,0.020485,0.015893,0.101557
83450,0.005074,0.003411,0.065708
83460,0.013045,0.008998,0.113658
83470,0.012294,0.009060,0.103315
83480,0.010096,0.007551,0.086925
83490,0.021294,0.015985,0.118275
83500,0.009742,0.007496,0.053479
83510,0.032995,0.027129,0.145458
83520,0.031055,0.023835,0.131520
83530,0.010533,0.008515,0.059023
83540,0.012278,0.009161,0.080419
83550,0.020619,0.015625,0.109686
83560,0.017107,0.012621,0.116328
83570,0.028307,0.021468,0.131421
83580,0.017309,0.013318,0.104432
83590,0.010860,0.008081,0.091865
83600,0.023528,0.018548,0.111294
83610,0.021201,0.016389,0.106798
83620,0.012233,0.009670,0.064265
83630,0.002532,0.001680,0.092710
83640,0.027560,0.021536,0.124277
83650,0.024246,0.019080,0.115850
83660,0.034840,0.026963,0.146925
83670,0.016555,0.012599,0.110731
83680,0.016786,0.012775,0.113644
83690,0.033325,0.026325,0.140607
83700,0.028832,0.022024,0.122352
83710,0.009062,0.006597,0.047850
83720,0.016935,0.012769,0.098875
83730,0.015139,0.011622,0.097678
83740,0.009550,0.007747,0.061432
83750,0.008023,0.006175,0.061728
83760,0.011900,0.009034,0.084606
83770,0.017706,0.013590,0.086393
83780,0.019665,0.015338,0.110460
83790,0.023415,0.018534,0.111038
83800,0.019416,0.014788,0.109485
83810,0.000000,0.000000,0.000002
83820,0.040228,0.030622,0.160013
83830,0.026301,0.020274,0.117602
83840,0.012853,0.009819,0.100405
83850,0.019807,0.015416,0.087540
83860,0.030422,0.023512,0.120828
83870,0.003705,0.002897,0.027770
83880,0.000000,0.000000,0.000001
83890,0.024987,0.019258,0.115001
83900,0.017762,0.013261,0.121605
83910,0.035091,0.027264,0.149164
83920,0.038806,0.030202,0.139438
83930,0.004648,0.003517,0.072093
83940,0.012404,0.009703,0.096521
83950,0.018020,0.013787,0.115838
83960,0.019214,0.014902,0.101678
83970,0.019822,0.015460,0.102030
83980,0.018523,0.014291,0.089611
83990,0.030613,0.024716,0.136522
84000,0.004878,0.003377,0.077587
84010,0.020298,0.015889,0.101748
84020,0.009037,0.006839,0.080012
84030,0.013877,0.010559,0.091172
84040,0.005466,0.004041,0.067522
84050,0.012263,0.009646,0.066056
84060,0.012809,0.009499,0.095468
84070,0.015793,0.011742,0.106554
84080,0.011796,0.009179,0.063950
84090,0.014392,0.010800,0.088372
84100,0.022419,0.017210,0.106420
84110,0.021660,0.016663,0.118846
84120,0.015514,0.012028,0.093974
84130,0.032024,0.024827,0.135885
84140,0.017534,0.013353,0.125089
84150,0.019845,0.014906,0.105309
84160,0.013626,0.010364,0.098469
84170,0.020379,0.015361,0.120547
84180,0.000743,0.000440,0.015040
84190,0.011043,0.008340,0.058347
84200,0.011050,0.008136,0.080282
84210,0.019845,0.015295,0.110124
84220,0.008353,0.006216,0.072398
84230,0.014675,0.011103,0.091023
84240,0.021680,0.016977,0.111031
84250,0.026305,0.020299,0.128475
84260,0.003100,0.002139,0.082226
84270,0.012881,0.010341,0.070145
84280,0.017894,0.013571,0.099983
84290,0.025591,0.019888,0.137859
84300,0.022264,0.017149,0.110948
84310,0.000992,0.000748,0.006186
84320,0.028603,0.021826,0.126591
84330,0.010450,0.008085,0.089233
84340,0.022560,0.017627,0.105291
84350,0.023268,0.017345,0.117042
84360,0.001595,0.001184,0.081865
84370,0.040868,0.031923,0.163579
84380,0.005033,0.003525,0.093808
84390,0.013041,0.010093,0.092281
84400,0.010154,0.006762,0.094055
84410,0.011024,0.008255,0.082425
84420,0.026183,0.020693,0.124021
84430,0.010793,0.008139,0.073279
84440,0.017330,0.013152,0.102307
84450,0.005269,0.003729,0.084652
84460,0.012448,0.009011,0.091492
84470,0.023836,0.018855,0.110161
84480,0.013420,0.010281,0.084971
84490,0.017289,0.014164,0.082789
84500,0.014356,0.010901,0.085666
84510,0.021201,0.016170,0.109085
84520,0.013696,0.010402,0.086544
84530,0.006771,0.005142,0.089291
84540,0.008324,0.005939,0.106242
84550,0.026060,0.020419,0.124544
84560,0.034063,0.026257,0.148165
84570,0.003448,0.002477,0.065314
84580,0.011348,0.008503,0.077223
84590,0.014196,0.010903,0.064253
84600,0.014579,0.010626,0.110847
84610,0.014883,0.011300,0.105773
84620,0.011229,0.008511,0.077738
84630,0.022405,0.017341,0.120389
84640,0.010560,0.007986,0.078359
84650,0.028299,0.021841,0.146509
84660,0.009900,0.007413,0.081651
84670,0.015453,0.012048,0.084037
84680,0.016499,0.012620,0.104358
84690,0.040873,0.031773,0.172466
84700,0.030431,0.023107,0.136362
84710,0.013541,0.010376,0.083743
84720,0.011064,0.008385,0.079199
84730,0.047465,0.036519,0.178123
84740,0.012466,0.010012,0.060420
84750,0.028856,0.022470,0.141083
84760,0.010234,0.007700,0.076229
84770,0.018753,0.014322,0.102327
84780,0.027596,0.021359,0.119154
84790,0.010811,0.008086,0.068446
84800,0.015368,0.011853,0.089410
84810,0.010404,0.007006,0.116791
84820,0.008112,0.006298,0.043864
84830,0.029003,0.022508,0.134289
84840,0.010283,0.007919,0.081984
84850,0.008459,0.006530,0.093446
84860,0.025813,0.020024,0.117213
84870,0.031104,0.024156,0.129046
84880,0.006413,0.004811,0.084553
84890,0.014719,0.011131,0.079704
84900,0.009906,0.007319,0.090774
84910,0.017242,0.013374,0.083244
84920,0.020467,0.015434,0.091937
84930,0.011027,0.008532,0.069170
84940,0.007163,0.005209,0.091124
84950,0.010254,0.007828,0.054579
84960,0.035560,0.028241,0.149376
84970,0.016947,0.012937,0.095306
84980,0.021264,0.016452,0.099054
84990,0.020576,0.015686,0.110404
85000,0.006354,0.004489,0.070522
85010,0.024761,0.018924,0.114286
85020,0.006022,0.004799,0.074201
85030,0.030059,0.023140,0.139802
85040,0.012639,0.009488,0.069904
85050,0.023988,0.018474,0.116345
85060,0.018477,0.014278,0.099433
85070,0.013959,0.010549,0.086786
85080,0.023113,0.017508,0.121571
85090,0.019795,0.015373,0.092336
85100,0.019157,0.014813,0.102794
85110,0.015925,0.012259,0.096764
85120,0.024344,0.018686,0.119378
85130,0.008359,0.006339,0.071520
85140,0.018503,0.013985,0.097331
85150,0.022079,0.016863,0.101563
85160,0.010208,0.007922,0.091465
85170,0.025352,0.019489,0.121645
85180,0.017861,0.014083,0.095703
85190,0.025945,0.019923,0.131654
85200,0.014759,0.011388,0.090553
85210,0.017449,0.013404,0.095161
85220,0.019872,0.015463,0.096610
85230,0.015571,0.012442,0.085815
85240,0.008562,0.006619,0.084258
85250,0.025005,0.019228,0.114341
85260,0.019585,0.014345,0.116731
85270,0.012114,0.009217,0.085130
85280,0.030429,0.023796,0.138135
85290,0.014982,0.011151,0.103368
85300,0.023478,0.018050,0.133599
85310,0.026596,0.020497,0.133951
85320,0.022750,0.017367,0.124164
85330,0.031219,0.024557,0.127475
85340,0.020907,0.016404,0.108707
85350,0.022982,0.017246,0.124763
85360,0.026695,0.020535,0.118931
85370,0.009485,0.007372,0.056135
85380,0.023539,0.018097,0.116942
85390,0.018056,0.013446,0.116073
85400,0.016027,0.012022,0.099894
85410,0.034520,0.027126,0.145639
85420,0.010443,0.007886,0.075094
85430,0.016218,0.011807,0.108765
85440,0.002392,0.001902,0.068382
85450,0.003553,0.002546,0.039912
85460,0.014648,0.011761,0.064495
85470,0.027763,0.021429,0.128680
85480,0.023691,0.017407,0.109934
85490,0.022594,0.017415,0.118453
85500,0.024021,0.018609,0.117346
85510,0.009034,0.006754,0.079354
85520,0.015666,0.012270,0.085221
85530,0.022852,0.017213,0.133801
85540,0.015308,0.011492,0.101071
85550,0.029410,0.022429,0.132460
85560,0.006936,0.005424,0.096325
85570,0.022385,0.017710,0.117778
85580,0.033144,0.026110,0.132846
85590,0.028974,0.022255,0.135228
85600,0.017798,0.013925,0.106795
85610,0.017352,0.013506,0.081978
85620,0.011872,0.008966,0.102609
85630,0.004868,0.003691,0.037649
85640,0.025964,0.020736,0.113029
85650,0.017395,0.013232,0.096447
85660,0.019992,0.015383,0.104743
85670,0.032304,0.025618,0.113337
85680,0.010254,0.007673,0.059770
85690,0.011895,0.009301,0.082225
85700,0.010729,0.008190,0.056301
85710,0.015463,0.011611,0.094452
85720,0.007256,0.004896,0.091191
85730,0.024748,0.019166,0.115799
85740,0.018256,0.014222,0.100671
85750,0.031660,0.025050,0.129875
85760,0.023221,0.017982,0.112901
85770,0.004935,0.003757,0.030576
85780,0.024431,0.018848,0.124274
85790,0.023056,0.018280,0.110344
85800,0.016044,0.012587,0.079253
85810,0.029591,0.023237,0.141387
85820,0.020163,0.015791,0.100526
85830,0.006595,0.005006,0.061983
85840,0.035569,0.026574,0.147550
85850,0.027041,0.021303,0.123768
85860,0.015360,0.011931,0.096291
85870,0.030282,0.023609,0.133821
85880,0.017681,0.014073,0.083670
85890,0.008210,0.005999,0.105445
85900,0.015355,0.012192,0.089621
85910,0.031027,0.023724,0.125976
85920,0.009008,0.006972,0.082326
85930,0.000013,0.000071,0.000125
85940,0.010886,0.007853,0.083667
85950,0.031740,0.024816,0.133247
85960,0.006854,0.004913,0.096952
85970,0.003496,0.003010,0.044742
85980,0.005859,0.004363,0.034304
85990,0.020740,0.016155,0.113236
86000,0.019445,0.015378,0.106717
86010,0.009582,0.007253,0.076838
86020,0.009490,0.007546,0.070891
86030,0.005865,0.004043,0.063379
86040,0.015985,0.012852,0.101358
86050,0.018185,0.014537,0.110319
86060,0.014370,0.010249,0.113799
86070,0.017340,0.013060,0.094851
86080,0.014505,0.010797,0.096008
86090,0.026611,0.020481,0.129714
86100,0.023803,0.018098,0.121113
86110,0.020994,0.016305,0.117854
86120,0.028876,0.022713,0.123764
86130,0.020779,0.015900,0.087752
86140,0.011353,0.008420,0.090469
86150,0.025674,0.019628,0.115212
86160,0.029330,0.023654,0.144758
86170,0.001159,0.000908,0.011207
86180,0.024766,0.019429,0.107157
86190,0.026452,0.018095,0.108765
86200,0.015748,0.012104,0.099027
86210,0.014751,0.011616,0.078259
86220,0.035273,0.027547,0.135951
86230,0.007398,0.005594,0.067037
86240,0.021340,0.016275,0.098871
86250,0.012770,0.008964,0.107119
86260,0.029918,0.023458,0.122121
86270,0.031083,0.024063,0.134015
86280,0.008280,0.006713,0.060694
86290,0.023481,0.018103,0.110870
86300,0.019531,0.014751,0.087912
86310,0.017205,0.012943,0.100563
86320,0.017501,0.013034,0.097810
86330,0.017228,0.013082,0.083737
86340,0.023802,0.018497,0.117456
86350,0.021463,0.016215,0.122344
86360,0.021207,0.016130,0.123594
86370,0.020795,0.015745,0.090422
86380,0.027503,0.021131,0.117611
86390,0.015428,0.011743,0.090019
86400,0.027717,0.021500,0.119283
86410,0.029206,0.022307,0.132235
86420,0.008718,0.006334,0.076077
86430,0.008311,0.006033,0.110810
86440,0.025312,0.019876,0.110969
86450,0.007786,0.006210,0.138153
86460,0.003537,0.002630,0.058843
86470,0.036597,0.028446,0.150392
86480,0.026934,0.021220,0.123561
86490,0.007229,0.005617,0.068611
86500,0.003502,0.002492,0.053002
86510,0.013994,0.010964,0.106805
86520,0.015086,0.011729,0.062708
86530,0.024562,0.019205,0.095870
86540,0.009235,0.007483,0.053750
86550,0.021519,0.017019,0.112952
86560,0.008150,0.006076,0.085124
86570,0.021783,0.016790,0.114373
86580,0.019656,0.015457,0.103659
86590,0.030584,0.023619,0.137248
86600,0.020429,0.015580,0.106996
86610,0.002680,0.001999,0.026000
86620,0.029682,0.023234,0.134187
86630,0.027088,0.021351,0.128872
86640,0.028156,0.022074,0.126864
86650,0.023175,0.018168,0.108588
86660,0.001162,0.000801,0.011548
86670,0.019283,0.014451,0.106230
86680,0.017149,0.012673,0.113968
86690,0.029526,0.022652,0.134202
86700,0.011147,0.008467,0.078648
86710,0.010355,0.008169,0.048189
86720,0.012685,0.009475,0.098374
86730,0.026036,0.020503,0.116653
86740,0.009725,0.007386,0.079011
86750,0.023376,0.018420,0.104826
86760,0.015572,0.012374,0.091934
86770,0.018885,0.014593,0.100382
86780,0.011607,0.008843,0.096666
86790,0.036027,0.027954,0.150516
86800,0.017570,0.012962,0.107909
86810,0.011151,0.008160,0.089666
86820,0.017270,0.013409,0.079947
86830,0.025911,0.020385,0.125068
86840,0.008498,0.006413,0.077822
86850,0.021465,0.016814,0.111934
86860,0.011131,0.008206,0.088190
86870,0.035367,0.028281,0.154442
86880,0.036412,0.028520,0.148492
86890,0.022776,0.015247,0.119063
86900,0.017606,0.014073,0.069726
86910,0.001828,0.001541,0.017588
86920,0.055879,0.043415,0.200563
86930,0.028021,0.021399,0.123332
86940,0.019435,0.014984,0.102712
86950,0.015828,0.012253,0.109825
86960,0.017831,0.013998,0.101168
86970,0.008916,0.009172,0.084953
86980,0.018883,0.015019,0.108067
86990,0.018306,0.013888,0.105450
87000,0.029645,0.023015,0.126346
87010,0.010208,0.007518,0.096506
87020,0.035107,0.026774,0.147346
87030,0.009327,0.007017,0.078198
87040,0.016325,0.012382,0.072061
87050,0.020989,0.016198,0.103118
87060,0.028020,0.021506,0.131310
87070,0.023747,0.018548,0.117781
87080,0.018249,0.013818,0.078846
87090,0.021956,0.016638,0.102971
87100,0.021995,0.017301,0.118168
87110,0.016500,0.012705,0.092177
87120,0.003222,0.002290,0.068460
87130,0.004219,0.003144,0.054182
87140,0.012748,0.009450,0.096312
87150,0.018466,0.014612,0.079076
87160,0.015050,0.011576,0.083254
87170,0.016709,0.012657,0.095450
87180,0.015884,0.012099,0.107542
87190,0.038553,0.029976,0.151581
87200,0.024502,0.018970,0.110445
87210,0.028045,0.021837,0.124292
87220,0.026713,0.020172,0.118512
87230,0.040790,0.031004,0.159843
87240,0.019713,0.015033,0.101414
87250,0.015349,0.011802,0.107117
87260,0.026975,0.021140,0.122782
87270,0.000000,0.000000,0.000001
87280,0.012122,0.009182,0.060483
87290,0.011866,0.008790,0.076978
87300,0.022230,0.016668,0.113062
87310,0.033426,0.027101,0.129312
87320,0.020057,0.015329,0.109318
87330,0.022027,0.017097,0.128701
87340,0.006053,0.004322,0.070629
87350,0.027646,0.021409,0.120719
87360,0.017456,0.013152,0.090568
87370,0.009277,0.006948,0.086535
87380,0.024272,0.019495,0.119170
87390,0.012159,0.009251,0.085446
87400,0.030660,0.023612,0.132775
87410,0.023578,0.018233,0.112282
87420,0.031560,0.024676,0.144684
87430,0.025669,0.020176,0.123785
87440,0.024195,0.018862,0.117897
87450,0.016375,0.012541,0.100472
87460,0.010562,0.008548,0.081716
87470,0.019836,0.015481,0.107121
87480,0.036366,0.027888,0.149836
87490,0.022595,0.017293,0.101180
87500,0.020402,0.015419,0.120965
87510,0.002222,0.001488,0.050150
87520,0.019889,0.015123,0.113082
87530,0.014872,0.011005,0.094246
87540,0.024863,0.018529,0.124620
87550,0.033254,0.025379,0.145217
87560,0.019369,0.015158,0.105027
87570,0.002999,0.002135,0.053084
87580,0.023945,0.018328,0.117748
87590,0.019864,0.015421,0.079852
87600,0.023204,0.018252,0.098559
87610,0.018859,0.014320,0.100686
87620,0.016455,0.012271,0.104777
87630,0.014439,0.010846,0.101308
87640,0.021404,0.016592,0.114784
87650,0.004083,0.003047,0.054902
87660,0.011468,0.008754,0.053177
87670,0.011043,0.008431,0.078181
87680,0.011388,0.008628,0.084657
87690,0.011316,0.008485,0.092328
87700,0.018171,0.014253,0.103647
87710,0.022646,0.017887,0.091506
87720,0.012738,0.009454,0.100726
87730,0.038502,0.029675,0.155150
87740,0.013027,0.009901,0.092514
87750,0.021160,0.015676,0.121227
87760,0.013571,0.010475,0.067286
87770,0.025792,0.019515,0.125742
87780,0.002435,0.002183,0.019843
87790,0.027820,0.021297,0.125569
87800,0.008639,0.006312,0.104194
87810,0.016559,0.012560,0.092785
87820,0.023216,0.017936,0.118424
87830,0.015801,0.012263,0.093052
87840,0.008857,0.006417,0.088289
87850,0.012084,0.009203,0.105003
87860,0.027735,0.022249,0.128821
87870,0.011990,0.009148,0.084914
87880,0.001635,0.001276,0.107297
87890,0.020711,0.015797,0.111446
87900,0.015588,0.011902,0.106970
87910,0.029049,0.022980,0.125318
87920,0.013867,0.010526,0.109706
87930,0.037029,0.028506,0.149199
87940,0.018298,0.014017,0.106987
87950,0.023050,0.017578,0.117468
87960,0.008878,0.006604,0.081695
87970,0.019533,0.015022,0.100346
87980,0.004520,0.003249,0.079642
87990,0.016231,0.012013,0.123712
88000,0.018412,0.014585,0.082538
88010,0.017146,0.013200,0.077072
88020,0.009998,0.007562,0.089942
88030,0.010850,0.008041,0.091920
88040,0.009876,0.007196,0.072804
88050,0.001572,0.001058,0.027466
88060,0.010151,0.007748,0.074657
88070,0.011033,0.008432,0.083650
88080,0.025411,0.019144,0.124569
88090,0.024942,0.019411,0.125171
88100,0.009850,0.007244,0.069193
88110,0.003214,0.002496,0.022794
88120,0.017089,0.013156,0.112066
88130,0.015056,0.010981,0.108299
88140,0.004852,0.003723,0.071931
88150,0.033922,0.025922,0.140128
88160,0.043534,0.033451,0.172855
88170,0.027264,0.020956,0.125611
88180,0.010210,0.007719,0.054887
88190,0.016393,0.012978,0.088267
88200,0.016087,0.012636,0.070131
88210,0.007410,0.006084,0.095458
88220,0.019317,0.014895,0.097344
88230,0.019565,0.015073,0.092635
88240,0.016142,0.012457,0.089230
88250,0.009093,0.007322,0.078507
88260,0.021414,0.015880,0.110126
88270,0.020530,0.016070,0.093109
88280,0.014413,0.010984,0.093631
88290,0.018913,0.014869,0.102691
88300,0.018298,0.014096,0.105680
88310,0.024168,0.018752,0.117269
88320,0.001670,0.001196,0.078217
88330,0.014143,0.010907,0.094136
88340,0.015709,0.012181,0.091525
88350,0.035534,0.027455,0.143259
88360,0.014628,0.011637,0.088224
88370,0.012038,0.008990,0.090299
88380,0.012532,0.009621,0.089504
88390,0.017261,0.013464,0.097027
88400,0.030592,0.024276,0.124645
88410,0.007990,0.005803,0.094270
88420,0.013468,0.010891,0.062469
88430,0.009017,0.007101,0.049908
88440,0.033315,0.025784,0.133959
88450,0.009401,0.007307,0.047822
88460,0.002442,0.001758,0.064949
88470,0.024929,0.019303,0.116785
88480,0.024301,0.018912,0.127395
88490,0.007269,0.005358,0.082522
88500,0.023254,0.018609,0.110719
88510,0.004044,0.003132,0.058167
88520,0.022988,0.018001,0.118605
88530,0.002262,0.001561,0.054251
88540,0.026052,0.020592,0.133991
88550,0.016007,0.012524,0.098063
88560,0.016003,0.011586,0.113794
88570,0.010093,0.007851,0.085543
88580,0.031113,0.023253,0.136703
88590,0.023408,0.018634,0.114782
88600,0.007725,0.005905,0.104659
88610,0.026838,0.021249,0.124150
88620,0.001590,0.001161,0.011553
88630,0.011466,0.008676,0.101550
88640,0.024925,0.019190,0.116271
88650,0.011441,0.008536,0.087574
88660,0.015788,0.011688,0.105336
88670,0.011066,0.008258,0.079438
88680,0.031375,0.023451,0.139045
88690,0.015725,0.012280,0.104538
88700,0.021559,0.017906,0.127526
88710,0.007905,0.005830,0.069816
88720,0.015359,0.011941,0.080913
88730,0.023775,0.018494,0.121331
88740,0.002795,0.002044,0.025746
88750,0.020867,0.016292,0.114782
88760,0.026124,0.020244,0.122807
88770,0.015399,0.012190,0.095689
88780,0.036003,0.027949,0.149115
88790,0.009095,0.006672,0.069238
88800,0.025338,0.019106,0.124545
88810,0.049384,0.038404,0.184906
88820,0.046210,0.035908,0.169715
88830,0.003450,0.002450,0.066382
88840,0.021725,0.016697,0.092269
88850,0.017135,0.013117,0.097649
88860,0.023962,0.018238,0.120193
88870,0.018227,0.013752,0.097408
88880,0.018316,0.014908,0.087882
88890,0.001011,0.000703,0.050352
88900,0.006166,0.003791,0.118874
88910,0.011997,0.008993,0.067774
88920,0.026671,0.020862,0.120707
88930,0.006221,0.004674,0.062864
88940,0.020907,0.015789,0.094365
88950,0.016182,0.012504,0.099952
88960,0.004770,0.003370,0.071852
88970,0.028512,0.022189,0.127143
88980,0.010609,0.007257,0.102439
88990,0.025991,0.020418,0.125239
89000,0.018761,0.014449,0.116582
89010,0.020396,0.015514,0.098256
89020,0.010347,0.007975,0.085966
89030,0.025991,0.020110,0.142784
89040,0.024816,0.019172,0.127024
89050,0.000904,0.001011,0.027421
89060,0.006335,0.004547,0.080859
89070,0.018294,0.014086,0.101790
89080,0.027857,0.021535,0.128998
89090,0.028478,0.021942,0.128743
89100,0.003749,0.002817,0.025253
89110,0.015714,0.012241,0.079946
89120,0.012208,0.009341,0.095906
89130,0.002411,0.001713,0.017233
89140,0.012127,0.009301,0.088803
89150,0.021541,0.016607,0.119801
89160,0.008115,0.006168,0.045375
89170,0.031752,0.024632,0.128210
89180,0.009190,0.006930,0.078902
89190,0.030452,0.023455,0.127434
89200,0.015162,0.011478,0.103512
89210,0.030296,0.023094,0.139221
89220,0.023635,0.018290,0.118037
89230,0.024317,0.018898,0.101237
89240,0.012500,0.009309,0.085923
89250,0.014285,0.010657,0.099458
89260,0.041939,0.032682,0.146467
89270,0.030746,0.023792,0.122189
89280,0.036600,0.029190,0.153170
89290,0.008122,0.006443,0.041141
89300,0.002572,0.001737,0.068192
89310,0.030965,0.024608,0.119720
89320,0.033233,0.025702,0.155796
89330,0.014143,0.010768,0.116138
89340,0.030178,0.023390,0.137813
89350,0.000001,0.000003,0.000007
89360,0.002668,0.001829,0.064506
89370,0.023482,0.018703,0.111870
89380,0.007235,0.005887,0.068958
89390,0.012588,0.009752,0.060944
89400,0.024477,0.018982,0.117015
89410,0.011562,0.008793,0.079511
89420,0.016595,0.013083,0.096953
89430,0.014271,0.010324,0.105902
89440,0.036293,0.028747,0.144134
89450,0.029035,0.022817,0.132127
89460,0.014883,0.011331,0.097217
89470,0.007476,0.005399,0.063761
89480,0.017421,0.013387,0.095514
89490,0.026199,0.020402,0.117614
89500,0.018116,0.013959,0.105294
89510,0.015044,0.011533,0.103022
89520,0.022005,0.016710,0.105917
89530,0.017574,0.013570,0.107935
89540,0.031335,0.024047,0.131727
89550,0.019079,0.014915,0.111971
89560,0.033315,0.025953,0.129753
89570,0.024008,0.018951,0.110165
89580,0.016342,0.013005,0.076669
89590,0.011886,0.008676,0.131387
89600,0.013407,0.010271,0.111804
89610,0.035557,0.027493,0.151087
89620,0.021727,0.016940,0.100284
89630,0.013789,0.010600,0.108097
89640,0.015557,0.012327,0.088622
89650,0.022095,0.016930,0.109824
89660,0.017916,0.013324,0.088943
89670,0.009485,0.007167,0.052210
89680,0.002701,0.001753,0.080505
89690,0.039058,0.030150,0.154195
89700,0.008141,0.006158,0.048714
89710,0.008830,0.006206,0.086859
89720,0.012828,0.010174,0.072157
89730,0.009116,0.006774,0.073356
89740,0.028361,0.021651,0.114718
89750,0.018834,0.014562,0.082180
89760,0.009278,0.006949,0.070817
89770,0.012928,0.010134,0.087635
89780,0.015220,0.011702,0.092944
89790,0.017742,0.013588,0.108226
89800,0.032238,0.025289,0.131467
89810,0.019398,0.015026,0.107518
89820,0.010021,0.007814,0.074912
89830,0.020189,0.015929,0.103488
89840,0.010442,0.007847,0.085491
89850,0.010934,0.008409,0.072108
89860,0.001548,0.001075,0.101885
89870,0.022935,0.017877,0.115695
89880,0.015931,0.012360,0.070888
89890,0.012046,0.009043,0.100045
89900,0.015948,0.012515,0.087812
89910,0.020989,0.015904,0.109263
89920,0.009991,0.007501,0.093374
89930,0.016822,0.012506,0.097649
89940,0.009327,0.007077,0.094705
89950,0.032439,0.025535,0.138644
89960,0.009885,0.007906,0.070893
89970,0.012537,0.009792,0.077675
89980,0.016016,0.011849,0.083517
89990,0.015927,0.011920,0.103947
90000,0.001874,0.001320,0.117396
90010,0.023865,0.018982,0.112928
90020,0.016604,0.012430,0.095890
90030,0.005708,0.004336,0.082038
90040,0.022885,0.017605,0.107978
90050,0.017754,0.013874,0.096474
90060,0.035091,0.027288,0.144358
90070,0.011532,0.008986,0.071733
90080,0.011259,0.008786,0.082164
90090,0.019814,0.015213,0.107166
90100,0.007679,0.005649,0.084839
90110,0.008632,0.006228,0.073373
90120,0.003049,0.002226,0.088625
90130,0.009771,0.007219,0.049833
90140,0.030825,0.023926,0.129853
90150,0.012688,0.010010,0.081902
90160,0.017010,0.012706,0.102549
90170,0.037733,0.028919,0.149368
90180,0.009870,0.006792,0.058253
90190,0.032424,0.025166,0.141782
90200,0.005328,0.004514,0.054482
90210,0.035220,0.027517,0.150982
90220,0.036494,0.028492,0.131901
90230,0.010628,0.008010,0.078877
90240,0.026433,0.020323,0.129444
90250,0.025018,0.019904,0.139092
90260,0.017802,0.013795,0.103112
90270,0.015217,0.011556,0.094618
90280,0.030324,0.023405,0.146413
90290,0.028065,0.021191,0.123334
90300,0.046483,0.035720,0.177461
90310,0.016110,0.012286,0.118973
90320,0.020571,0.015527,0.115515
90330,0.014420,0.011189,0.078175
90340,0.014841,0.011742,0.088682
90350,0.010943,0.008629,0.084119
90360,0.016268,0.012573,0.088946
90370,0.017945,0.013483,0.100914
90380,0.015136,0.011654,0.086044
90390,0.017199,0.014294,0.093800
90400,0.008298,0.006244,0.081827
90410,0.016717,0.012820,0.075905
90420,0.011989,0.011435,0.111875
90430,0.010485,0.008055,0.085805
90440,0.031810,0.024587,0.136125
90450,0.033803,0.026700,0.144854
90460,0.020644,0.015378,0.118509
90470,0.026679,0.019975,0.126157
90480,0.017198,0.012838,0.098967
90490,0.034516,0.026923,0.144044
90500,0.003325,0.003468,0.034546
90510,0.033122,0.025649,0.133297
90520,0.017766,0.013370,0.109670
90530,0.009403,0.006826,0.045796
90540,0.011662,0.008879,0.094672
90550,0.016151,0.012184,0.106498
90560,0.013378,0.009768,0.068127
90570,0.025982,0.020151,0.115118
90580,0.014724,0.011223,0.069775
90590,0.018535,0.013861,0.094126
90600,0.019355,0.015012,0.114556
90610,0.033419,0.026254,0.145388
90620,0.022541,0.017043,0.116827
90630,0.028790,0.021872,0.127020
90640,0.016491,0.012946,0.091027
90650,0.011712,0.009120,0.085077
90660,0.035328,0.027282,0.155096
90670,0.006549,0.004813,0.045314
90680,0.014553,0.011141,0.090900
90690,0.018581,0.014511,0.077579
90700,0.003090,0.002395,0.028077
90710,0.028068,0.022162,0.134158
90720,0.025454,0.019596,0.117049
90730,0.016272,0.012236,0.102846
90740,0.024520,0.018978,0.119872
90750,0.009041,0.006690,0.074673
90760,0.022424,0.017266,0.110674
90770,0.014543,0.011350,0.094041
90780,0.013957,0.010267,0.097146
90790,0.026922,0.021079,0.127519
90800,0.031311,0.023915,0.151381
90810,0.033696,0.024865,0.149627
90820,0.010024,0.007319,0.091065
90830,0.018226,0.013537,0.101995
90840,0.006390,0.004741,0.094119
90850,0.013813,0.011083,0.078513
90860,0.008218,0.006192,0.067063
90870,0.027369,0.021008,0.125953
90880,0.012574,0.009745,0.068267
90890,0.017448,0.013478,0.105967
90900,0.014392,0.010926,0.098360
90910,0.030745,0.023979,0.134199
90920,0.008027,0.006045,0.063292
90930,0.037684,0.029353,0.154324
90940,0.017149,0.013505,0.100013
90950,0.008233,0.006215,0.086237
90960,0.033894,0.026594,0.149123
90970,0.028643,0.022222,0.131266
90980,0.023072,0.017816,0.108711
90990,0.020959,0.016937,0.086124
91000,0.017844,0.013911,0.095987
91010,0.021000,0.016181,0.105441
91020,0.031138,0.024206,0.128516
91030,0.027224,0.020918,0.122119
91040,0.008884,0.006555,0.106774
91050,0.015917,0.012972,0.077829
91060,0.035383,0.027511,0.143264
91070,0.030648,0.023968,0.146917
91080,0.011686,0.010002,0.087158
91090,0.024528,0.019036,0.108221
91100,0.016697,0.012711,0.081813
91110,0.022929,0.017887,0.109791
91120,0.019359,0.014951,0.088614
91130,0.012782,0.009862,0.068854
91140,0.015279,0.011530,0.102168
91150,0.020009,0.015226,0.108526
91160,0.011241,0.008702,0.072152
91170,0.019124,0.014612,0.106730
91180,0.018377,0.013720,0.110747
91190,0.021337,0.015842,0.121622
91200,0.016972,0.012561,0.098556
91210,0.008253,0.006217,0.073896
91220,0.006176,0.004047,0.088617
91230,0.011695,0.009105,0.071578
91240,0.013734,0.010311,0.111126
91250,0.005398,0.003830,0.068619
91260,0.020521,0.015963,0.111978
91270,0.005671,0.003703,0.083945
91280,0.013815,0.010616,0.067518
91290,0.018021,0.014060,0.104237
91300,0.016773,0.013110,0.095792
91310,0.021956,0.016380,0.115118
91320,0.026523,0.020873,0.122708
91330,0.021587,0.016379,0.121629
91340,0.021491,0.016409,0.104888
91350,0.014770,0.011535,0.091286
91360,0.016500,0.013000,0.082261
91370,0.016614,0.012617,0.077985
91380,0.023020,0.017949,0.111255
91390,0.028973,0.021970,0.132612
91400,0.018433,0.013576,0.095242
91410,0.019095,0.014633,0.097542
91420,0.022670,0.017225,0.119648
91430,0.009318,0.006686,0.104881
91440,0.008447,0.006515,0.080062
91450,0.010365,0.007915,0.071492
91460,0.025355,0.019294,0.108742
91470,0.014342,0.011072,0.102702
91480,0.016587,0.012688,0.089879
91490,0.000444,0.000275,0.071563
91500,0.024741,0.019224,0.111511
91510,0.021969,0.016635,0.098883
91520,0.017822,0.013408,0.109202
91530,0.020982,0.015651,0.119485
91540,0.010316,0.007395,0.084837
91550,0.010907,0.008062,0.085203
91560,0.018071,0.014083,0.075486
91570,0.001887,0.001214,0.050266
91580,0.034813,0.026725,0.145459
91590,0.011436,0.009464,0.067486
91600,0.007904,0.006000,0.070819
91610,0.009157,0.006764,0.083343
91620,0.011312,0.008561,0.064032
91630,0.008504,0.006555,0.070521
91640,0.034238,0.026606,0.130186
91650,0.021493,0.016567,0.112494
91660,0.021697,0.016843,0.107810
91670,0.014688,0.010980,0.087559
91680,0.017123,0.013454,0.098572
91690,0.029203,0.022718,0.124099
91700,0.012546,0.009630,0.080505
91710,0.030465,0.024057,0.133045
91720,0.008661,0.006456,0.069818
91730,0.022444,0.017543,0.110569
91740,0.024341,0.018869,0.112263
91750,0.047529,0.036787,0.170563
91760,0.011044,0.008188,0.082544
91770,0.040913,0.030939,0.163289
91780,0.001266,0.000971,0.055484
91790,0.026956,0.020453,0.121385
91800,0.009563,0.007489,0.057604
91810,0.027765,0.021184,0.115409
91820,0.034083,0.025978,0.147984
91830,0.016420,0.013186,0.072456
91840,0.011354,0.008904,0.084520
91850,0.009440,0.007387,0.086877
91860,0.030738,0.023299,0.138992
91870,0.015698,0.011587,0.118250
91880,0.021543,0.016518,0.107992
91890,0.024360,0.018740,0.102144
91900,0.014279,0.010775,0.095906
91910,0.012705,0.009208,0.095902
91920,0.015284,0.011563,0.087182
91930,0.027841,0.021719,0.136170
91940,0.028660,0.022149,0.139494
91950,0.008374,0.005874,0.066943
91960,0.010537,0.007724,0.119139
91970,0.013520,0.010020,0.091497
91980,0.013552,0.010338,0.057758
91990,0.020518,0.015564,0.115029
92000,0.008475,0.006378,0.070963
92010,0.040733,0.031886,0.148260
92020,0.031445,0.024478,0.142457
92030,0.008777,0.007169,0.074599
92040,0.018908,0.014658,0.110625
92050,0.010749,0.008132,0.060877
92060,0.018606,0.013663,0.112556
92070,0.023780,0.018957,0.093933
92080,0.025378,0.019498,0.118615
92090,0.021008,0.015246,0.113426
92100,0.020374,0.015862,0.110696
92110,0.000449,0.000337,0.032117
92120,0.016857,0.013220,0.084357
92130,0.034754,0.026914,0.146059
92140,0.013771,0.010092,0.099314
92150,0.008281,0.006991,0.075031
92160,0.011418,0.008778,0.100466
92170,0.012103,0.009069,0.068465
92180,0.011555,0.008577,0.059182
92190,0.016809,0.013276,0.100902
92200,0.016506,0.012742,0.095627
92210,0.023908,0.018692,0.115430
92220,0.026844,0.021304,0.119069
92230,0.017571,0.013559,0.084716
92240,0.014321,0.009775,0.076964
92250,0.016120,0.012347,0.092574
92260,0.006286,0.004313,0.063062
92270,0.022351,0.017473,0.118725
92280,0.000370,0.000328,0.003880
92290,0.016102,0.012502,0.071558
92300,0.013457,0.010116,0.082561
92310,0.013691,0.010579,0.090152
92320,0.036273,0.028023,0.149492
92330,0.028364,0.022448,0.133751
92340,0.002717,0.002113,0.041199
92350,0.000450,0.000319,0.034087
92360,0.025812,0.019996,0.120616
92370,0.036160,0.027278,0.138716
92380,0.030839,0.023634,0.131872
92390,0.005243,0.003792,0.066899
92400,0.009756,0.007254,0.094540
92410,0.026842,0.020402,0.121553
92420,0.030128,0.022938,0.127742
92430,0.008112,0.005654,0.078513
92440,0.016587,0.013103,0.097231
92450,0.000001,0.000013,0.000023
92460,0.012609,0.009616,0.075040
92470,0.006201,0.004826,0.041969
92480,0.023403,0.018206,0.101271
92490,0.023362,0.018157,0.112590
92500,0.019056,0.014906,0.089308
92510,0.028258,0.022205,0.134110
92520,0.004804,0.003668,0.044819
92530,0.021445,0.016291,0.099153
92540,0.018759,0.014686,0.103752
92550,0.009961,0.007824,0.079279
92560,0.018153,0.014234,0.103882
92570,0.034468,0.026710,0.143954
92580,0.034857,0.027089,0.136220
92590,0.012442,0.009927,0.084626
92600,0.017407,0.013130,0.090084
92610,0.003450,0.002577,0.047732
92620,0.010779,0.008308,0.062839
92630,0.019217,0.014696,0.098470
92640,0.002315,0.001785,0.085619
92650,0.033460,0.026037,0.147574
92660,0.032832,0.025348,0.130206
92670,0.030883,0.023627,0.136987
92680,0.014260,0.010744,0.112003
92690,0.015780,0.011948,0.093167
92700,0.016911,0.012822,0.099327
92710,0.025342,0.019738,0.107121
92720,0.007825,0.006057,0.064349
92730,0.021173,0.016299,0.110785
92740,0.027556,0.021501,0.124669
92750,0.010484,0.007871,0.065734
92760,0.013651,0.010108,0.095696
92770,0.024508,0.018563,0.126155
92780,0.013979,0.010733,0.099395
92790,0.023192,0.017744,0.133254
92800,0.024209,0.018475,0.119240
92810,0.024283,0.018192,0.113512
92820,0.021385,0.016657,0.105443
92830,0.005049,0.003893,0.036755
92840,0.009204,0.007217,0.081911
92850,0.016960,0.013248,0.086703
92860,0.014079,0.010940,0.077984
92870,0.011961,0.008771,0.110115
92880,0.007490,0.005299,0.068010
92890,0.017044,0.013090,0.093083
92900,0.018106,0.013460,0.108577
92910,0.027658,0.020986,0.143142
92920,0.018173,0.014653,0.098517
92930,0.014168,0.010773,0.064391
92940,0.031152,0.024611,0.132275
92950,0.029919,0.023153,0.140312
92960,0.019174,0.014939,0.098583
92970,0.014139,0.011098,0.078369
92980,0.008898,0.006457,0.078212
92990,0.021474,0.016362,0.107701
93000,0.024647,0.018725,0.124375
93010,0.022357,0.017617,0.088351
93020,0.012336,0.009357,0.085612
93030,0.020870,0.015943,0.112580
93040,0.016065,0.012151,0.089469
93050,0.002241,0.001811,0.012440
93060,0.023701,0.018390,0.111075
93070,0.010909,0.008385,0.061740
93080,0.029152,0.022634,0.113502
93090,0.018205,0.014053,0.094816
93100,0.013660,0.010527,0.084106
93110,0.015670,0.011718,0.087891
93120,0.015100,0.011455,0.067136
93130,0.017676,0.013842,0.098197
93140,0.008350,0.006023,0.085513
93150,0.025671,0.020230,0.115696
93160,0.014417,0.011202,0.098236
93170,0.011023,0.007609,0.093584
93180,0.007164,0.005376,0.061531
93190,0.028403,0.022170,0.127013
93200,0.010105,0.008038,0.079778
93210,0.020462,0.015935,0.098196
93220,0.024294,0.019013,0.116936
93230,0.020471,0.016148,0.091995
93240,0.020394,0.016266,0.089834
93250,0.009596,0.007013,0.093947
93260,0.023776,0.018198,0.118113
93270,0.014000,0.010708,0.109269
93280,0.031699,0.024903,0.137743
93290,0.024455,0.018636,0.115408
93300,0.042506,0.032916,0.163395
93310,0.001897,0.001558,0.067742
93320,0.015434,0.011614,0.096805
93330,0.027558,0.021683,0.123881
93340,0.011753,0.009124,0.083483
93350,0.016440,0.012701,0.090359
93360,0.025949,0.020132,0.118342
93370,0.025491,0.020132,0.125135
93380,0.020169,0.015709,0.094307
93390,0.008544,0.006450,0.134137
93400,0.030739,0.024001,0.125496
93410,0.014594,0.011156,0.091279
93420,0.019466,0.015355,0.093414
93430,0.033947,0.026649,0.138957
93440,0.029248,0.023292,0.136483
93450,0.022289,0.017412,0.112102
93460,0.017228,0.013570,0.109321
93470,0.016874,0.012809,0.093922
93480,0.016123,0.012332,0.100021
93490,0.028560,0.022115,0.136354
93500,0.018804,0.014280,0.102885
93510,0.015727,0.012218,0.105804
93520,0.006514,0.004959,0.058184
93530,0.017006,0.012781,0.105997
93540,0.014854,0.011235,0.086483
93550,0.015812,0.012388,0.072065
93560,0.009140,0.007018,0.070612
93570,0.011837,0.008941,0.089188
93580,0.017043,0.012801,0.104005
93590,0.030762,0.023334,0.130755
93600,0.002695,0.001866,0.087835
93610,0.012736,0.009747,0.055066
93620,0.019860,0.015599,0.095264
93630,0.000000,0.000000,0.000000
93640,0.020742,0.015787,0.117423
93650,0.031323,0.024020,0.118649
93660,0.008940,0.006797,0.071682
93670,0.014480,0.011886,0.082706
93680,0.008643,0.006277,0.074692
93690,0.007641,0.005732,0.070759
93700,0.020060,0.016007,0.105707
93710,0.015574,0.011755,0.096677
93720,0.025325,0.019778,0.122200
93730,0.038056,0.029797,0.159618
93740,0.038617,0.030118,0.150572
93750,0.039028,0.029952,0.142935
93760,0.016658,0.012725,0.094368
93770,0.011175,0.008496,0.091355
93780,0.022807,0.018021,0.104371
93790,0.003031,0.002139,0.072739
93800,0.014226,0.011066,0.108015
93810,0.026056,0.020188,0.119949
93820,0.021588,0.016828,0.107672
93830,0.010645,0.008152,0.088133
93840,0.014892,0.011819,0.099097
93850,0.019985,0.015334,0.083708
93860,0.014319,0.011042,0.094768
93870,0.024117,0.018910,0.130233
93880,0.016277,0.012237,0.095380
93890,0.024127,0.018760,0.120488
93900,0.019902,0.015288,0.095552
93910,0.038702,0.030302,0.149569
93920,0.012096,0.009050,0.064885
93930,0.012434,0.009331,0.088585
93940,0.014645,0.010753,0.092951
93950,0.019792,0.015345,0.110272
93960,0.012202,0.010220,0.076679
93970,0.022074,0.019022,0.117562
93980,0.002870,0.001892,0.082707
93990,0.008878,0.006447,0.075117
94000,0.025306,0.019883,0.119340
94010,0.016884,0.012934,0.081681
94020,0.041464,0.031818,0.163371
94030,0.027334,0.020769,0.123271
94040,0.020226,0.015307,0.117703
94050,0.009307,0.006993,0.077733
94060,0.016429,0.012803,0.085044
94070,0.015410,0.011817,0.095649
94080,0.025956,0.019667,0.116938
94090,0.012243,0.009106,0.088704
94100,0.013197,0.010534,0.089089
94110,0.021228,0.016408,0.103911
94120,0.021860,0.017178,0.109126
94130,0.021091,0.016015,0.111918
94140,0.033986,0.026127,0.124362
94150,0.004968,0.003922,0.042051
94160,0.017670,0.014072,0.080721
94170,0.028121,0.021496,0.124941
94180,0.009903,0.007616,0.078396
94190,0.014916,0.011189,0.078208
94200,0.020756,0.016250,0.113329
94210,0.022750,0.017792,0.108784
94220,0.010090,0.007487,0.082015
94230,0.013398,0.010529,0.093728
94240,0.014830,0.011450,0.058351
94250,0.011271,0.008580,0.091048
94260,0.022299,0.017570,0.093679
94270,0.014128,0.010932,0.098200
94280,0.025202,0.019242,0.106968
94290,0.022974,0.017700,0.120141
94300,0.019732,0.014986,0.107926
94310,0.005747,0.003748,0.097176
94320,0.017180,0.013527,0.100885
94330,0.024938,0.018803,0.127700
94340,0.001606,0.001086,0.031222
94350,0.019164,0.015060,0.093656
94360,0.020906,0.016111,0.109368
94370,0.029303,0.022700,0.133547
94380,0.004945,0.003668,0.065026
94390,0.027338,0.021141,0.131784
94400,0.028538,0.020816,0.129234
94410,0.024179,0.019098,0.121848
94420,0.017290,0.013297,0.107999
94430,0.028089,0.021337,0.131531
94440,0.010667,0.008073,0.082755
94450,0.015073,0.011560,0.111448
94460,0.032386,0.024909,0.146064
94470,0.014057,0.011484,0.095507
94480,0.029371,0.022997,0.133833
94490,0.020368,0.015522,0.106115
94500,0.013835,0.010557,0.073966
94510,0.029500,0.022930,0.139425
94520,0.030157,0.023628,0.131145
94530,0.022844,0.016544,0.089082
94540,0.011903,0.009320,0.059397
94550,0.026231,0.020131,0.125810
94560,0.004683,0.003221,0.096012
94570,0.022444,0.017289,0.102423
94580,0.018897,0.014262,0.112973
94590,0.013670,0.010212,0.076897
94600,0.003407,0.002338,0.086272
94610,0.007875,0.006037,0.058240
94620,0.030670,0.023498,0.142321
94630,0.037957,0.028963,0.158207
94640,0.007352,0.005183,0.066445
94650,0.012527,0.009477,0.103875
94660,0.022841,0.017266,0.117553
94670,0.022640,0.017426,0.111633
94680,0.013707,0.010583,0.085271
94690,0.017304,0.013558,0.077811
94700,0.013116,0.010146,0.100755
94710,0.009630,0.007601,0.047984
94720,0.017494,0.013570,0.100649
94730,0.023845,0.018599,0.111547
94740,0.016115,0.012373,0.061422
94750,0.016762,0.013428,0.094978
94760,0.026388,0.020355,0.124552
94770,0.026339,0.020595,0.118903
94780,0.038608,0.030417,0.157289
94790,0.004832,0.003627,0.032269
94800,0.002822,0.001964,0.069145
94810,0.018704,0.014739,0.106107
94820,0.024669,0.019334,0.115718
94830,0.027105,0.020542,0.120955
94840,0.037917,0.028488,0.150971
94850,0.004698,0.003362,0.075229
94860,0.011720,0.008937,0.079166
94870,0.000000,0.000000,0.000001
94880,0.006025,0.004394,0.070739
94890,0.010056,0.007466,0.085229
94900,0.013301,0.010889,0.076736
94910,0.021995,0.017084,0.117220
94920,0.031192,0.023644,0.134089
94930,0.006182,0.004497,0.088419
94940,0.020717,0.016164,0.123173
94950,0.016465,0.012829,0.103168
94960,0.032833,0.025231,0.125529
94970,0.005918,0.004416,0.043020
94980,0.008787,0.006592,0.075082
94990,0.007296,0.005470,0.051807
95000,0.012274,0.009451,0.065193
95010,0.021263,0.016130,0.107877
95020,0.016806,0.012560,0.109065
95030,0.006188,0.003970,0.153525
95040,0.020112,0.015561,0.103272
95050,0.031032,0.023955,0.133537
95060,0.001195,0.000925,0.013092
95070,0.007989,0.005672,0.064183
95080,0.023766,0.018782,0.097037
95090,0.027107,0.020633,0.125312
95100,0.017362,0.012826,0.086884
95110,0.017773,0.014282,0.101569
95120,0.031430,0.024438,0.145471
95130,0.017094,0.013086,0.103968
95140,0.021901,0.017483,0.114839
95150,0.021603,0.016184,0.110060
95160,0.011379,0.009156,0.086604
95170,0.019165,0.014686,0.080401
95180,0.014228,0.011413,0.088788
95190,0.003209,0.002051,0.085239
95200,0.013239,0.009962,0.096571
95210,0.029985,0.023425,0.129586
95220,0.017018,0.013570,0.081228
95230,0.023209,0.018129,0.112303
95240,0.011752,0.008615,0.087049
95250,0.022913,0.018683,0.120794
95260,0.026782,0.021239,0.126215
95270,0.029891,0.023624,0.126524
95280,0.026141,0.019869,0.134118
95290,0.032427,0.025087,0.127854
95300,0.020880,0.016195,0.109160
95310,0.017810,0.013121,0.092265
95320,0.028304,0.022271,0.128839
95330,0.025686,0.020280,0.123070
95340,0.021390,0.016415,0.116289
95350,0.000814,0.000551,0.066850
95360,0.022983,0.017100,0.124495
95370,0.029994,0.023293,0.130572
95380,0.016419,0.012728,0.092815
95390,0.025218,0.019377,0.117390
95400,0.015645,0.011875,0.081648
95410,0.022842,0.017139,0.096381
95420,0.026166,0.020624,0.118558
95430,0.015010,0.011583,0.067217
95440,0.015378,0.011842,0.091128
95450,0.048054,0.037605,0.174873
95460,0.023928,0.018776,0.126564
95470,0.017805,0.014094,0.094175
95480,0.030722,0.023862,0.133791
95490,0.030348,0.023406,0.140161
95500,0.014213,0.010936,0.084501
95510,0.011628,0.008788,0.059922
95520,0.015428,0.011755,0.093117
95530,0.010018,0.007886,0.085979
95540,0.026395,0.020628,0.122605
95550,0.027910,0.021459,0.128195
95560,0.028655,0.021786,0.136272
95570,0.003208,0.002078,0.067187
95580,0.029315,0.022255,0.140003
95590,0.009675,0.007390,0.080347
95600,0.008089,0.006163,0.044036
95610,0.012994,0.009919,0.100958
95620,0.004299,0.003116,0.052312
95630,0.011969,0.009114,0.065074
95640,0.010747,0.008549,0.084680
95650,0.003247,0.002286,0.068944
95660,0.013360,0.009833,0.097562
95670,0.033427,0.025477,0.139729
95680,0.024838,0.019184,0.119532
95690,0.023620,0.018120,0.109976
95700,0.020890,0.015780,0.102171
95710,0.010493,0.008622,0.057625
95720,0.015286,0.011730,0.074735
95730,0.014319,0.011290,0.077863
95740,0.015764,0.012456,0.100986
95750,0.049193,0.037752,0.169168
95760,0.022996,0.017776,0.112314
95770,0.018507,0.014589,0.106774
95780,0.020454,0.015961,0.087804
95790,0.018354,0.014106,0.104381
95800,0.015529,0.011912,0.077580
95810,0.030675,0.023937,0.125975
95820,0.005948,0.004186,0.072218
95830,0.022379,0.017180,0.118654
95840,0.012929,0.009817,0.082880
95850,0.009401,0.007413,0.076204
95860,0.013299,0.010076,0.095755
95870,0.015365,0.011544,0.091043
95880,0.027288,0.021771,0.124028
95890,0.029650,0.023181,0.124594
95900,0.018147,0.014330,0.098874
95910,0.026482,0.021090,0.125406
95920,0.002772,0.002355,0.026236
95930,0.011685,0.008738,0.090629
95940,0.016922,0.013206,0.093647
95950,0.005133,0.003539,0.090149
95960,0.025091,0.018667,0.118737
95970,0.011705,0.009120,0.083586
95980,0.017475,0.013243,0.106690
95990,0.011734,0.008919,0.088827
96000,0.013674,0.010755,0.067220
96010,0.009810,0.007227,0.087560
96020,0.014693,0.011004,0.081221
96030,0.014893,0.011246,0.100726
96040,0.034926,0.027530,0.152782
96050,0.020704,0.015788,0.112971
96060,0.015759,0.012099,0.089583
96070,0.021900,0.016982,0.104250
96080,0.004563,0.003281,0.100938
96090,0.023719,0.019502,0.126477
96100,0.012426,0.009810,0.079562
96110,0.028717,0.023210,0.124415
96120,0.012814,0.009218,0.092091
96130,0.029336,0.022449,0.110970
96140,0.014545,0.011350,0.083798
96150,0.003165,0.002278,0.021632
96160,0.025912,0.020158,0.115846
96170,0.034069,0.025830,0.144431
96180,0.025726,0.020151,0.118940
96190,0.008352,0.005986,0.092567
96200,0.031951,0.025131,0.137994
96210,0.014699,0.010883,0.096977
96220,0.010914,0.008141,0.164523
96230,0.038558,0.029839,0.152299
96240,0.007252,0.005301,0.078709
96250,0.021652,0.016506,0.114241
96260,0.018986,0.015200,0.105687
96270,0.005828,0.003668,0.078663
96280,0.024707,0.018997,0.126324
96290,0.021177,0.016036,0.109203
96300,0.016034,0.012219,0.101995
96310,0.019609,0.014990,0.104660
96320,0.018495,0.014099,0.106288
96330,0.000562,0.000381,0.025352
96340,0.019919,0.015669,0.086334
96350,0.032834,0.025723,0.138700
96360,0.018353,0.014168,0.094313
96370,0.015318,0.011826,0.094677
96380,0.026227,0.020035,0.111752
96390,0.014695,0.011084,0.071811
96400,0.019742,0.015073,0.103156
96410,0.027069,0.021116,0.111857
96420,0.023492,0.018084,0.115005
96430,0.017956,0.013815,0.118300
96440,0.011168,0.008232,0.098773
96450,0.021209,0.016238,0.093171
96460,0.022842,0.017754,0.100467
96470,0.018794,0.014423,0.116541
96480,0.002434,0.001842,0.020081
96490,0.028075,0.021794,0.116239
96500,0.021196,0.016159,0.110398
96510,0.022974,0.017012,0.131129
96520,0.021280,0.016516,0.106001
96530,0.031145,0.024069,0.125655
96540,0.014889,0.011497,0.075346
96550,0.012658,0.009647,0.092812
96560,0.003968,0.002945,0.052632
96570,0.020211,0.015866,0.086967
96580,0.018865,0.014494,0.094937
96590,0.008722,0.006428,0.101958
96600,0.018446,0.014228,0.093216
96610,0.017623,0.013774,0.103303
96620,0.007823,0.006679,0.049028
96630,0.026911,0.020645,0.122627
96640,0.013685,0.010277,0.067751
96650,0.017697,0.013569,0.106263
96660,0.022642,0.018054,0.109673
96670,0.014239,0.010251,0.103666
96680,0.009927,0.007493,0.085695
96690,0.027134,0.021178,0.120136
96700,0.006131,0.004573,0.037573
96710,0.027638,0.021270,0.115026
96720,0.024734,0.019499,0.092739
96730,0.029467,0.023065,0.136040
96740,0.014966,0.010735,0.112423
96750,0.012988,0.009762,0.093095
96760,0.019536,0.014876,0.104309
96770,0.033853,0.025953,0.146769
96780,0.023067,0.017484,0.115017
96790,0.013717,0.010495,0.080712
96800,0.024939,0.018910,0.120005
96810,0.017192,0.013190,0.088220
96820,0.020541,0.016239,0.096511
96830,0.011087,0.008201,0.063311
96840,0.015734,0.011768,0.091651
96850,0.019416,0.014004,0.126857
96860,0.021631,0.017150,0.106651
96870,0.002426,0.001755,0.059956
96880,0.015198,0.012042,0.098896
96890,0.010852,0.008599,0.068087
96900,0.019561,0.015648,0.095194
96910,0.006190,0.004432,0.070311
96920,0.020736,0.015797,0.103225
96930,0.032894,0.025293,0.138122
96940,0.025367,0.019601,0.117339
96950,0.001626,0.001317,0.102731
96960,0.007840,0.006251,0.041951
96970,0.030897,0.023021,0.150654
96980,0.026617,0.020911,0.132756
96990,0.013063,0.009739,0.092223
97000,0.016625,0.012251,0.091584
97010,0.023928,0.018531,0.115480
97020,0.013997,0.010369,0.059886
97030,0.026415,0.021005,0.124039
97040,0.020379,0.014637,0.097505
97050,0.018947,0.014271,0.098591
97060,0.017435,0.013144,0.102340
97070,0.019882,0.015619,0.108223
97080,0.013062,0.009502,0.080810
97090,0.037054,0.028679,0.153766
97100,0.025935,0.019530,0.125686
97110,0.023036,0.017990,0.119009
97120,0.044668,0.034173,0.167792
97130,0.032464,0.025484,0.145955
97140,0.020457,0.015663,0.116915
97150,0.022807,0.017870,0.095431
97160,0.017784,0.013685,0.095802
97170,0.029487,0.022800,0.121146
97180,0.022717,0.017468,0.107381
97190,0.007342,0.005361,0.056813
97200,0.025446,0.019989,0.107699
97210,0.021483,0.016421,0.123253
97220,0.004306,0.003127,0.031833
97230,0.017318,0.013500,0.080694
97240,0.017692,0.013384,0.107296
97250,0.020038,0.015457,0.111989
97260,0.020012,0.015565,0.084632
97270,0.029857,0.023418,0.133782
97280,0.011437,0.008889,0.053532
97290,0.000974,0.000576,0.068474
97300,0.022328,0.017991,0.108845
97310,0.019633,0.015401,0.111250
97320,0.015652,0.011927,0.069026
97330,0.028117,0.021566,0.130872
97340,0.020125,0.015348,0.104404
97350,0.015976,0.012437,0.096173
97360,0.023398,0.018249,0.115633
97370,0.039943,0.030543,0.157357
97380,0.017154,0.012967,0.082430
97390,0.029830,0.023022,0.122774
97400,0.038918,0.030671,0.149755
97410,0.017973,0.013587,0.109694
97420,0.019979,0.015530,0.105838
97430,0.020999,0.016184,0.110922
97440,0.013279,0.009738,0.104708
97450,0.020658,0.015848,0.094004
97460,0.017552,0.013488,0.095011
97470,0.033720,0.025798,0.141437
97480,0.016585,0.012603,0.091387
97490,0.010560,0.007840,0.078045
97500,0.019640,0.014997,0.105671
97510,0.017193,0.013162,0.086095
97520,0.016063,0.012460,0.114889
97530,0.008214,0.006529,0.063661
97540,0.023818,0.018346,0.118850
97550,0.019371,0.015023,0.111346
97560,0.023638,0.018168,0.109666
97570,0.008689,0.006515,0.082228
97580,0.009402,0.006795,0.081571
97590,0.020934,0.016128,0.120323
97600,0.013281,0.010312,0.090520
97610,0.020175,0.015487,0.104916
97620,0.014138,0.010428,0.071157
97630,0.015812,0.012269,0.069084
97640,0.021152,0.016504,0.099679
97650,0.017419,0.013644,0.097703
97660,0.025792,0.019994,0.119606
97670,0.006424,0.004747,0.044154
97680,0.013447,0.010403,0.058336
97690,0.009501,0.006932,0.060992
97700,0.029881,0.023369,0.133828
97710,0.009851,0.007394,0.082601
97720,0.007198,0.005775,0.059047
97730,0.014807,0.011076,0.098768
97740,0.020973,0.015997,0.092326
97750,0.015526,0.012053,0.096814
97760,0.043053,0.033719,0.163777
97770,0.030654,0.023788,0.142220
97780,0.010062,0.007774,0.079700
97790,0.025098,0.019599,0.115681
97800,0.016743,0.013064,0.098095
97810,0.027750,0.021344,0.128098
97820,0.014703,0.010986,0.094092
97830,0.006866,0.004752,0.070845
97840,0.000452,0.000376,0.064764
97850,0.020247,0.015711,0.095287
97860,0.007049,0.005322,0.077534
97870,0.017878,0.014016,0.081560
97880,0.020606,0.015848,0.090189
97890,0.020782,0.015937,0.097799
97900,0.021141,0.016009,0.093690
97910,0.019481,0.014935,0.105966
97920,0.019599,0.015313,0.110978
97930,0.014999,0.011480,0.104256
97940,0.019497,0.014877,0.087506
97950,0.023183,0.017847,0.113038
97960,0.016783,0.012863,0.086163
97970,0.000818,0.000573,0.049722
97980,0.021822,0.016558,0.117473
97990,0.020322,0.015559,0.090611
98000,0.002565,0.001745,0.075096
98010,0.025082,0.019055,0.120213
98020,0.033081,0.025170,0.135046
98030,0.030084,0.022721,0.132738
98040,0.034572,0.027793,0.143244
98050,0.017999,0.013763,0.095206
98060,0.016011,0.012246,0.090876
98070,0.023185,0.018166,0.121384
98080,0.018152,0.013995,0.077925
98090,0.030589,0.023682,0.131971
98100,0.023940,0.018581,0.121159
98110,0.023478,0.018228,0.114320
98120,0.015555,0.011727,0.097148
98130,0.030289,0.023125,0.131336
98140,0.027160,0.021324,0.112128
98150,0.032642,0.025468,0.137128
98160,0.014710,0.011338,0.084243
98170,0.018344,0.013718,0.109742
98180,0.023471,0.018135,0.133862
98190,0.022589,0.017367,0.097492
98200,0.009919,0.007326,0.083465
98210,0.019858,0.015179,0.102667
98220,0.008371,0.006398,0.054264
98230,0.007569,0.005435,0.101643
98240,0.034212,0.026081,0.139560
98250,0.004784,0.003594,0.067590
98260,0.030105,0.023488,0.128458
98270,0.009444,0.007138,0.049973
98280,0.021740,0.016750,0.095421
98290,0.022978,0.017866,0.120491
98300,0.015001,0.011490,0.094234
98310,0.025927,0.020022,0.120607
98320,0.016730,0.012770,0.101200
98330,0.012893,0.009823,0.093617
98340,0.028222,0.021851,0.127572
98350,0.010901,0.008223,0.080522
98360,0.012677,0.009664,0.081563
98370,0.007525,0.005699,0.072676
98380,0.008614,0.006439,0.090648
98390,0.033368,0.025857,0.138163
98400,0.041667,0.032418,0.167035
98410,0.019163,0.015750,0.105842
98420,0.021509,0.016684,0.097315
98430,0.019571,0.014864,0.111137
98440,0.030379,0.023038,0.140101
98450,0.018643,0.014064,0.114436
98460,0.032048,0.024630,0.144952
98470,0.008492,0.006656,0.064863
98480,0.021344,0.016173,0.110700
98490,0.015684,0.011463,0.109759
98500,0.021341,0.017102,0.103736
98510,0.004907,0.003677,0.104887
98520,0.010994,0.008035,0.084717
98530,0.024611,0.018600,0.119112
98540,0.016827,0.013062,0.078102
98550,0.015578,0.011953,0.088571
98560,0.004942,0.004019,0.091566
98570,0.006049,0.004378,0.070370
98580,0.015361,0.011799,0.092704
98590,0.002854,0.002154,0.037984
98600,0.023932,0.018398,0.114425
98610,0.039056,0.030185,0.160619
98620,0.021984,0.017135,0.088248
98630,0.003426,0.002636,0.057529
98640,0.018872,0.015462,0.110225
98650,0.022473,0.017206,0.116409
98660,0.018467,0.014184,0.100992
98670,0.004412,0.003336,0.075337
98680,0.019406,0.014880,0.091712
98690,0.023322,0.016896,0.115305
98700,0.011026,0.008403,0.089736
98710,0.014972,0.011724,0.076028
98720,0.000000,0.000000,0.000001
98730,0.023734,0.018720,0.117785
98740,0.017193,0.012689,0.096891
98750,0.027549,0.021646,0.117177
98760,0.008248,0.005945,0.037185
98770,0.008197,0.005953,0.068915
98780,0.014108,0.010774,0.068434
98790,0.026570,0.020603,0.113412
98800,0.024202,0.018863,0.112121
98810,0.014548,0.010547,0.090503
98820,0.006866,0.004735,0.091751
98830,0.002993,0.002110,0.064796
98840,0.021514,0.016021,0.119730
98850,0.012109,0.009145,0.091962
98860,0.016146,0.012112,0.110866
98870,0.006510,0.004970,0.039034
98880,0.006481,0.004560,0.092996
98890,0.005932,0.004639,0.038585
98900,0.029733,0.022823,0.115535
98910,0.026159,0.020008,0.125786
98920,0.012833,0.009597,0.088726
98930,0.029017,0.022504,0.133837
98940,0.014164,0.010780,0.097044
98950,0.023106,0.017748,0.115594
98960,0.021324,0.016459,0.092305
98970,0.025372,0.019741,0.097163
98980,0.011306,0.008004,0.159776
98990,0.021289,0.016327,0.104693
99000,0.030144,0.023300,0.136102
99010,0.025797,0.019478,0.109844
99020,0.019173,0.014875,0.104184
99030,0.004097,0.003033,0.031077
99040,0.008681,0.006880,0.046478
99050,0.023910,0.018396,0.105002
99060,0.013747,0.010523,0.089088
99070,0.010897,0.008635,0.069678
99080,0.009627,0.007228,0.083043
99090,0.007134,0.005150,0.075320
99100,0.017127,0.012726,0.085511
99110,0.012880,0.009830,0.076945
99120,0.016698,0.012964,0.109956
99130,0.013109,0.010005,0.070128
99140,0.019616,0.015175,0.088092
99150,0.011244,0.008066,0.077506
99160,0.025655,0.019535,0.121380
99170,0.010266,0.007717,0.084814
99180,0.026187,0.020360,0.124204
99190,0.011099,0.008111,0.096305
99200,0.025701,0.019989,0.120086
99210,0.033596,0.025961,0.142906
99220,0.026526,0.021050,0.119242
99230,0.008758,0.006537,0.066103
99240,0.030084,0.023176,0.132480
99250,0.015236,0.011162,0.095846
99260,0.018455,0.014973,0.087085
99270,0.021418,0.017050,0.103720
99280,0.019491,0.014783,0.105368
99290,0.028534,0.022057,0.129076
99300,0.018788,0.014350,0.101915
99310,0.022320,0.017122,0.118123
99320,0.005363,0.004024,0.055239
99330,0.012083,0.008634,0.082242
99340,0.006509,0.004812,0.039064
99350,0.037841,0.029229,0.149314
99360,0.022792,0.017609,0.105294
99370,0.028668,0.023379,0.130213
99380,0.022236,0.016914,0.090121
99390,0.018388,0.014466,0.105520
99400,0.012366,0.009271,0.086340
99410,0.014285,0.011347,0.074413
99420,0.016988,0.013093,0.107153
99430,0.037505,0.028836,0.155095
99440,0.022046,0.017130,0.113149
99450,0.015822,0.012154,0.096958
99460,0.027409,0.021511,0.124756
99470,0.021201,0.016835,0.109680
99480,0.015094,0.011629,0.107927
99490,0.015960,0.011793,0.106983
99500,0.028025,0.021696,0.126396
99510,0.007199,0.005602,0.061379
99520,0.001376,0.001300,0.364486
99530,0.020630,0.016126,0.115759
99540,0.030998,0.024019,0.129386
99550,0.018864,0.014291,0.118235
99560,0.012948,0.009876,0.087174
99570,0.023945,0.018197,0.121772
99580,0.011845,0.008830,0.068782
99590,0.012680,0.009830,0.075099
99600,0.014493,0.010917,0.092557
99610,0.022081,0.016661,0.112977
99620,0.019569,0.015901,0.082613
99630,0.034740,0.026422,0.133612
99640,0.010662,0.007897,0.090678
99650,0.027964,0.021723,0.119318
99660,0.010269,0.007770,0.105502
99670,0.021793,0.017050,0.120452
99680,0.011435,0.008223,0.088356
99690,0.036261,0.028024,0.144685
99700,0.023268,0.017791,0.123519
99710,0.023436,0.017412,0.135564
99720,0.016296,0.012366,0.118059
99730,0.011788,0.009440,0.057978
99740,0.009410,0.007912,0.075088
99750,0.033245,0.026073,0.138929
99760,0.011110,0.008733,0.085522
99770,0.041727,0.031988,0.168594
99780,0.005950,0.004408,0.053945
99790,0.010389,0.008248,0.069498
99800,0.022356,0.017253,0.115815
99810,0.008238,0.006293,0.070496
99820,0.011642,0.008689,0.091586
99830,0.026894,0.020570,0.122453
99840,0.012492,0.009868,0.054195
99850,0.013116,0.010025,0.082262
99860,0.013762,0.011063,0.063928
99870,0.033217,0.025857,0.135443
99880,0.029230,0.021956,0.144808
99890,0.013697,0.010276,0.086024
99900,0.017938,0.013554,0.103831
99910,0.016945,0.013260,0.096085
99920,0.018017,0.013617,0.102026
99930,0.015445,0.011531,0.104563
99940,0.036368,0.027906,0.143430
99950,0.012870,0.009783,0.054181
99960,0.012553,0.009795,0.065182
99970,0.032364,0.024032,0.146588
99980,0.002254,0.001616,0.085449
99990,0.026481,0.020250,0.118807
100000,0.014980,0.011513,0.086539
