iter,ce_loss,ds_loss,final_loss
10,0.338025,0.297626,1.268651
20,0.217338,0.100363,0.854098
30,0.194563,0.137873,0.862966
40,0.215788,0.255190,1.009483
50,0.074464,0.026985,0.576441
60,0.178430,0.120568,0.647066
70,0.311378,0.214540,0.947197
80,0.104631,0.073738,0.515753
90,0.118864,0.058565,0.540763
100,0.092162,0.064019,0.446395
110,0.046751,0.034420,0.436507
120,0.077854,0.051288,0.396238
130,0.061987,0.041698,0.375340
140,0.105891,0.074152,0.464669
150,0.086404,0.056622,0.531220
160,0.030260,0.023152,0.252047
170,0.048699,0.035489,0.396999
180,0.062626,0.044000,0.315481
190,0.066924,0.050320,0.341089
200,0.094850,0.056688,0.403150
210,0.089074,0.062507,0.445345
220,0.046813,0.031666,0.294340
230,0.058528,0.046725,0.306826
240,0.057882,0.037753,0.325969
250,0.077388,0.052725,0.364181
260,0.078930,0.059592,0.331467
270,0.084763,0.059083,0.362089
280,0.046149,0.035202,0.263560
290,0.052205,0.043026,0.238263
300,0.076256,0.058680,0.313036
310,0.073996,0.057895,0.339453
320,0.051322,0.037896,0.306189
330,0.032123,0.020407,0.249687
340,0.070605,0.053232,0.311116
350,0.078355,0.064358,0.400958
360,0.021584,0.017003,0.188649
370,0.011444,0.009746,0.242324
380,0.060175,0.043514,0.273361
390,0.083487,0.064267,0.326794
400,0.094087,0.069539,0.389089
410,0.066279,0.056862,0.299392
420,0.037482,0.028802,0.254540
430,0.300604,0.205222,0.756777
440,0.049860,0.039783,0.277658
450,0.043648,0.030741,0.265262
460,0.064673,0.048717,0.333256
470,0.082464,0.056069,0.356072
480,0.070923,0.055040,0.311575
490,0.029482,0.022507,0.139429
500,0.027243,0.019148,0.230279
510,0.037746,0.031561,0.224310
520,0.063735,0.047586,0.367106
530,0.030694,0.025297,0.231926
540,0.048783,0.034898,0.224981
550,0.034351,0.028344,0.247316
560,0.086535,0.064534,0.325908
570,0.053960,0.042008,0.247553
580,0.018223,0.015769,0.186617
590,0.057890,0.041257,0.252646
600,0.028810,0.021774,0.233533
610,0.047801,0.035337,0.310778
620,0.019275,0.013821,0.184064
630,0.063410,0.046100,0.269679
640,0.014703,0.011357,0.160340
650,0.035166,0.027177,0.189349
660,0.026885,0.021028,0.208018
670,0.026744,0.015525,0.187153
680,0.041182,0.029891,0.229717
690,0.043675,0.034885,0.259041
700,0.075009,0.056917,0.292498
710,0.045427,0.034265,0.239182
720,0.035166,0.026798,0.234108
730,0.279429,0.180721,0.759400
740,0.045279,0.037950,0.238245
750,0.064826,0.049906,0.269079
760,0.090965,0.068146,0.323071
770,0.071905,0.054351,0.293471
780,0.059888,0.050207,0.272421
790,0.015031,0.011279,0.162045
800,0.035884,0.026319,0.209004
810,0.043990,0.032255,0.243316
820,0.039921,0.030368,0.210683
830,0.022404,0.017036,0.299010
840,0.075672,0.058819,0.306476
850,0.092265,0.074751,0.341170
860,0.033770,0.024471,0.274792
870,0.075059,0.056234,0.291970
880,0.032468,0.023866,0.194365
890,0.094622,0.074828,0.349598
900,0.079191,0.063904,0.305367
910,0.043097,0.030356,0.251528
920,0.023157,0.016848,0.177038
930,0.057219,0.042290,0.260083
940,0.062422,0.046395,0.302267
950,0.014280,0.010827,0.212529
960,0.019399,0.014617,0.154909
970,0.052016,0.039298,0.243810
980,0.049961,0.034696,0.244445
990,0.029322,0.023122,0.190003
1000,0.052870,0.039357,0.254562
1010,0.074656,0.057340,0.301526
1020,0.023832,0.018263,0.170593
1030,0.097298,0.073599,0.344802
1040,0.067496,0.053576,0.271206
1050,0.060927,0.047209,0.250619
1060,0.066655,0.048081,0.266963
1070,0.022266,0.017166,0.216706
1080,0.038116,0.027357,0.195344
1090,0.009636,0.007433,0.165247
1100,0.029879,0.021982,0.318071
1110,0.018971,0.014085,0.150756
1120,0.054305,0.040305,0.244559
1130,0.061011,0.045096,0.269016
1140,0.043763,0.033821,0.269425
1150,0.037579,0.030633,0.235378
1160,0.020725,0.016595,0.297973
1170,0.011757,0.009330,0.146249
1180,0.040464,0.028123,0.271568
1190,0.032216,0.028061,0.197020
1200,0.027437,0.021869,0.178848
1210,0.042424,0.029219,0.212721
1220,0.061925,0.047452,0.264559
1230,0.034538,0.025577,0.192155
1240,0.088469,0.064467,0.352943
1250,0.055913,0.041975,0.234260
1260,0.044162,0.034374,0.222482
1270,0.055616,0.044533,0.245680
1280,0.036861,0.026326,0.211328
1290,0.070503,0.056242,0.272190
1300,0.035068,0.028125,0.248365
1310,0.080602,0.059769,0.314715
1320,0.063894,0.048899,0.273784
1330,0.047275,0.034833,0.209889
1340,0.030846,0.022515,0.204031
1350,0.048615,0.038007,0.220172
1360,0.053734,0.041738,0.189502
1370,0.067042,0.049706,0.283537
1380,0.034036,0.024626,0.201060
1390,0.080835,0.054985,0.304379
1400,0.061809,0.047921,0.280832
1410,0.032671,0.024715,0.222757
1420,0.019247,0.014398,0.159665
1430,0.023854,0.017371,0.192592
1440,0.017075,0.014783,0.233564
1450,0.026736,0.020141,0.164785
1460,0.031466,0.022524,0.133030
1470,0.031925,0.025154,0.180344
1480,0.044197,0.034235,0.223134
1490,0.045594,0.034575,0.218507
1500,0.117454,0.092668,0.386675
1510,0.056468,0.039228,0.276641
1520,0.006586,0.005648,0.047800
1530,0.029207,0.021824,0.164795
1540,0.038090,0.028702,0.187732
1550,0.044484,0.035774,0.238877
1560,0.048981,0.036778,0.212565
1570,0.054029,0.037436,0.274573
1580,0.009245,0.006431,0.205536
1590,0.010194,0.007514,0.199129
1600,0.001033,0.000687,0.234716
1610,0.035126,0.026365,0.185592
1620,0.034421,0.027352,0.189400
1630,0.056327,0.042950,0.259415
1640,0.020978,0.016956,0.267360
1650,0.046354,0.035388,0.211951
1660,0.042554,0.032587,0.189489
1670,0.027304,0.019894,0.203166
1680,0.002206,0.001682,0.114468
1690,0.029300,0.021324,0.210960
1700,0.016824,0.013254,0.151871
1710,0.038573,0.028799,0.193528
1720,0.021169,0.015944,0.101698
1730,0.080000,0.061184,0.288308
1740,0.041187,0.031267,0.170949
1750,0.037287,0.030728,0.196519
1760,0.079052,0.057050,0.263740
1770,0.048843,0.037337,0.247480
1780,0.021563,0.015932,0.179080
1790,0.020870,0.015395,0.151566
1800,0.000036,0.000043,0.000138
1810,0.036579,0.028309,0.184501
1820,0.064977,0.050644,0.272121
1830,0.030804,0.023662,0.175951
1840,0.028080,0.020877,0.170882
1850,0.007213,0.005977,0.065356
1860,0.011496,0.008928,0.105745
1870,0.058324,0.044721,0.257237
1880,0.035473,0.026424,0.183706
1890,0.040564,0.030825,0.197753
1900,0.029174,0.021240,0.231276
1910,0.017246,0.012961,0.109114
1920,0.056594,0.042059,0.225110
1930,0.057058,0.043994,0.247365
1940,0.004537,0.003464,0.133791
1950,0.042016,0.032543,0.221607
1960,0.035070,0.026079,0.197066
1970,0.026216,0.019162,0.148598
1980,0.032033,0.025146,0.180129
1990,0.050436,0.038053,0.234346
2000,0.039202,0.029562,0.203996
2010,0.031383,0.023364,0.181171
2020,0.012386,0.009422,0.124053
2030,0.073180,0.055182,0.273689
2040,0.018155,0.013966,0.109380
2050,0.007105,0.005379,0.101948
2060,0.030130,0.019946,0.228410
2070,0.054519,0.042410,0.230555
2080,0.062380,0.048221,0.251665
2090,0.029853,0.024183,0.169265
2100,0.037245,0.030397,0.153534
2110,0.038874,0.030524,0.196004
2120,0.009193,0.009095,0.177292
2130,0.045179,0.035060,0.220316
2140,0.071759,0.052367,0.293760
2150,0.030255,0.022927,0.170924
2160,0.072627,0.056211,0.277876
2170,0.087996,0.067288,0.321839
2180,0.032930,0.025316,0.168979
2190,0.030435,0.022496,0.175225
2200,0.062159,0.046685,0.258336
2210,0.056407,0.044245,0.218179
2220,0.054642,0.041009,0.226210
2230,0.034048,0.025972,0.188889
2240,0.034674,0.025731,0.167591
2250,0.054868,0.041839,0.285855
2260,0.035642,0.027169,0.183799
2270,0.026818,0.019829,0.150855
2280,0.014658,0.011965,0.076734
2290,0.056293,0.043353,0.253178
2300,0.024967,0.019883,0.145589
2310,0.044651,0.035357,0.215143
2320,0.038922,0.027157,0.195829
2330,0.046508,0.035544,0.215656
2340,0.039792,0.028778,0.201472
2350,0.047367,0.035913,0.222006
2360,0.042553,0.032557,0.249326
2370,0.014597,0.011143,0.137815
2380,0.065314,0.049976,0.262664
2390,0.042012,0.032628,0.192962
2400,0.032035,0.024147,0.154184
2410,0.042128,0.032076,0.203619
2420,0.098815,0.077531,0.328210
2430,0.043291,0.031602,0.221833
2440,0.033913,0.025570,0.186362
2450,0.049550,0.036671,0.233723
2460,0.019997,0.015314,0.187889
2470,0.036967,0.026774,0.174142
2480,0.032686,0.023849,0.191638
2490,0.044401,0.032634,0.216955
2500,0.052718,0.040679,0.231876
2510,0.035021,0.026820,0.203415
2520,0.009565,0.007295,0.114168
2530,0.043315,0.032296,0.207887
2540,0.004076,0.002818,0.079179
2550,0.036820,0.027269,0.161569
2560,0.023264,0.018113,0.173783
2570,0.047211,0.037057,0.215352
2580,0.025805,0.019408,0.152905
2590,0.080454,0.060425,0.296640
2600,0.054523,0.042064,0.209692
2610,0.071319,0.054435,0.285605
2620,0.016301,0.012392,0.135578
2630,0.043543,0.034495,0.230992
2640,0.040576,0.030739,0.207552
2650,0.020734,0.016535,0.131686
2660,0.040341,0.028576,0.200462
2670,0.086865,0.066098,0.308584
2680,0.034373,0.024546,0.155102
2690,0.054150,0.040017,0.264693
2700,0.069378,0.054821,0.264792
2710,0.042566,0.031762,0.237064
2720,0.018666,0.014496,0.235519
2730,0.034791,0.026332,0.187026
2740,0.060349,0.046903,0.219789
2750,0.035028,0.025772,0.183262
2760,0.004495,0.003489,0.120083
2770,0.022598,0.016562,0.205493
2780,0.018515,0.013785,0.165289
2790,0.037860,0.028581,0.195707
2800,0.069012,0.053338,0.278488
2810,0.049121,0.037583,0.225295
2820,0.041753,0.029882,0.228248
2830,0.011642,0.009382,0.132602
2840,0.021711,0.016737,0.136825
2850,0.034249,0.024686,0.181111
2860,0.029062,0.021867,0.161693
2870,0.048798,0.037480,0.210075
2880,0.016605,0.013774,0.132321
2890,0.021373,0.017098,0.238163
2900,0.039115,0.030066,0.195866
2910,0.038545,0.028883,0.178157
2920,0.043822,0.033589,0.191484
2930,0.039002,0.028990,0.186502
2940,0.047642,0.034816,0.229242
2950,0.075632,0.056754,0.267086
2960,0.054891,0.041065,0.229524
2970,0.062113,0.047127,0.244658
2980,0.039949,0.030521,0.228261
2990,0.106881,0.077171,0.352283
3000,0.033130,0.024651,0.182625
3010,0.054457,0.042453,0.249540
3020,0.017254,0.014049,0.154225
3030,0.016001,0.011721,0.136794
3040,0.061404,0.046827,0.263074
3050,0.043075,0.033750,0.190245
3060,0.079867,0.054867,0.250314
3070,0.059249,0.045368,0.240041
3080,0.069821,0.054740,0.266635
3090,0.029447,0.020928,0.197241
3100,0.037397,0.028658,0.190185
3110,0.063281,0.047796,0.256753
3120,0.038093,0.028608,0.190927
3130,0.027601,0.020850,0.150041
3140,0.038204,0.028760,0.197398
3150,0.058482,0.042326,0.239476
3160,0.037795,0.028523,0.179471
3170,0.033556,0.024777,0.136661
3180,0.041078,0.031731,0.191649
3190,0.035417,0.028672,0.165267
3200,0.027822,0.021323,0.148460
3210,0.037123,0.028330,0.192193
3220,0.021720,0.016491,0.144227
3230,0.027630,0.021274,0.151006
3240,0.042670,0.032587,0.185226
3250,0.046401,0.034627,0.224832
3260,0.035405,0.026659,0.191089
3270,0.044547,0.033490,0.206410
3280,0.054055,0.040594,0.239763
3290,0.019908,0.015153,0.183251
3300,0.033649,0.025883,0.178565
3310,0.039996,0.030547,0.172732
3320,0.044842,0.035062,0.174830
3330,0.020051,0.013694,0.175707
3340,0.021410,0.015840,0.204602
3350,0.046744,0.034875,0.208583
3360,0.030167,0.022186,0.157623
3370,0.014160,0.010815,0.118222
3380,0.075969,0.058414,0.292981
3390,0.057553,0.042806,0.243628
3400,0.031445,0.023975,0.160482
3410,0.024011,0.017789,0.186539
3420,0.037674,0.029068,0.203941
3430,0.015014,0.011059,0.124547
3440,0.041495,0.029900,0.219280
3450,0.001062,0.000697,0.097122
3460,0.022424,0.017191,0.109111
3470,0.029474,0.022381,0.161769
3480,0.010071,0.007475,0.419515
3490,0.033454,0.025743,0.169979
3500,0.041035,0.030130,0.225461
3510,0.044946,0.035769,0.214886
3520,0.032465,0.023570,0.161221
3530,0.052782,0.041468,0.237791
3540,0.011756,0.008903,0.107691
3550,0.027333,0.021015,0.163721
3560,0.031654,0.022889,0.158177
3570,0.036033,0.026692,0.167060
3580,0.027991,0.019899,0.173027
3590,0.027787,0.020816,0.143717
3600,0.009036,0.006731,0.052651
3610,0.019871,0.015193,0.110498
3620,0.000501,0.000637,0.274233
3630,0.024846,0.018608,0.122352
3640,0.045094,0.033198,0.188322
3650,0.045890,0.035689,0.200890
3660,0.033912,0.025593,0.166065
3670,0.008850,0.006404,0.118119
3680,0.001675,0.001325,0.065977
3690,0.043121,0.032019,0.199995
3700,0.000690,0.000600,0.371900
3710,0.053249,0.040598,0.258129
3720,0.025292,0.018919,0.157175
3730,0.018417,0.013569,0.113959
3740,0.021523,0.017320,0.147906
3750,0.011530,0.008475,0.127122
3760,0.048867,0.036858,0.237665
3770,0.027221,0.020776,0.155744
3780,0.021243,0.017349,0.154885
3790,0.067196,0.050715,0.250806
3800,0.074293,0.057349,0.283027
3810,0.024759,0.018770,0.152630
3820,0.080456,0.059138,0.299702
3830,0.028018,0.022095,0.164274
3840,0.025908,0.019632,0.142396
3850,0.029903,0.023700,0.155444
3860,0.019424,0.014419,0.154530
3870,0.039486,0.030001,0.189229
3880,0.037585,0.029188,0.187007
3890,0.018151,0.013897,0.141852
3900,0.031487,0.023623,0.176904
3910,0.010890,0.008255,0.111413
3920,0.000131,0.000284,0.000654
3930,0.031084,0.023271,0.149464
3940,0.018999,0.014588,0.163875
3950,0.011827,0.009070,0.108295
3960,0.018864,0.014641,0.145560
3970,0.041140,0.030377,0.197733
3980,0.015327,0.012507,0.127486
3990,0.048344,0.037588,0.200901
4000,0.019987,0.015299,0.152187
4010,0.047793,0.037187,0.211348
4020,0.049657,0.038680,0.212114
4030,0.039840,0.031451,0.201767
4040,0.022170,0.017329,0.145372
4050,0.015335,0.011755,0.133248
4060,0.010264,0.007631,0.118434
4070,0.063016,0.047768,0.251400
4080,0.014325,0.011165,0.124537
4090,0.034388,0.025919,0.173491
4100,0.045358,0.034248,0.215683
4110,0.022507,0.016269,0.163731
4120,0.035128,0.027180,0.197054
4130,0.035312,0.027571,0.158001
4140,0.032308,0.025186,0.198472
4150,0.055155,0.043454,0.225200
4160,0.035470,0.026834,0.195707
4170,0.023990,0.018248,0.132957
4180,0.033945,0.026313,0.176425
4190,0.013004,0.009635,0.139689
4200,0.021401,0.015971,0.097353
4210,0.039243,0.029957,0.179525
4220,0.001492,0.001032,0.093326
4230,0.020635,0.015192,0.159451
4240,0.025590,0.018800,0.191271
4250,0.038073,0.030398,0.173002
4260,0.033141,0.024872,0.156346
4270,0.039619,0.030857,0.171457
4280,0.017616,0.013199,0.115154
4290,0.049028,0.038580,0.200915
4300,0.051303,0.040765,0.199038
4310,0.046028,0.033994,0.212507
4320,0.050301,0.036915,0.230765
4330,0.014694,0.010951,0.136394
4340,0.024538,0.018433,0.114755
4350,0.032647,0.024124,0.172886
4360,0.019065,0.014510,0.139376
4370,0.039969,0.030404,0.188676
4380,0.042040,0.032123,0.198426
4390,0.053558,0.040693,0.214293
4400,0.018511,0.014452,0.156188
4410,0.032837,0.023583,0.169004
4420,0.009316,0.006886,0.145270
4430,0.069583,0.053988,0.268595
4440,0.004959,0.004219,0.031782
4450,0.043758,0.031690,0.189737
4460,0.013883,0.009234,0.120836
4470,0.050546,0.038726,0.228699
4480,0.031725,0.023216,0.184128
4490,0.025819,0.019288,0.168197
4500,0.041482,0.031648,0.196656
4510,0.054547,0.041697,0.229410
4520,0.030043,0.022868,0.157256
4530,0.046391,0.034510,0.207977
4540,0.015883,0.011726,0.133231
4550,0.051617,0.038820,0.210615
4560,0.033715,0.025457,0.179995
4570,0.020256,0.014817,0.104804
4580,0.054400,0.041491,0.213728
4590,0.026618,0.020594,0.153313
4600,0.026449,0.021455,0.166325
4610,0.011069,0.008492,0.116839
4620,0.010045,0.007427,0.056170
4630,0.008094,0.005971,0.138786
4640,0.046920,0.030249,0.227572
4650,0.046461,0.036110,0.203222
4660,0.026027,0.019572,0.154610
4670,0.031166,0.025080,0.140036
4680,0.037383,0.028384,0.182289
4690,0.022803,0.017536,0.155213
4700,0.031018,0.024570,0.176935
4710,0.038886,0.029908,0.183985
4720,0.146300,0.105449,0.437712
4730,0.049958,0.036459,0.207706
4740,0.073069,0.055747,0.275702
4750,0.026310,0.019184,0.171792
4760,0.045503,0.034595,0.204179
4770,0.027837,0.021031,0.153600
4780,0.074707,0.057129,0.268254
4790,0.050654,0.041755,0.227243
4800,0.052066,0.040175,0.244119
4810,0.042970,0.031621,0.177540
4820,0.040556,0.030760,0.196839
4830,0.019742,0.014855,0.166203
4840,0.063983,0.049782,0.242059
4850,0.018341,0.013403,0.159400
4860,0.045604,0.033893,0.195971
4870,0.046889,0.035650,0.202666
4880,0.032278,0.025793,0.171075
4890,0.036925,0.026680,0.146401
4900,0.050264,0.037479,0.221777
4910,0.003292,0.002290,0.648704
4920,0.007887,0.006008,0.126245
4930,0.026172,0.019568,0.154672
4940,0.003185,0.002391,0.098929
4950,0.045524,0.034739,0.202474
4960,0.034140,0.025376,0.186911
4970,0.002014,0.001456,0.019485
4980,0.026391,0.019963,0.161230
4990,0.007241,0.005491,0.096327
5000,0.036667,0.029519,0.179264
5010,0.008070,0.005674,0.128132
5020,0.046221,0.034230,0.211825
5030,0.018984,0.014524,0.111450
5040,0.007014,0.005072,0.108050
5050,0.051647,0.039372,0.232033
5060,0.031853,0.023518,0.220579
5070,0.002522,0.002487,0.125770
5080,0.024146,0.019156,0.201377
5090,0.030881,0.022770,0.163137
5100,0.037772,0.028614,0.147948
5110,0.030165,0.023002,0.175871
5120,0.012522,0.009441,0.100219
5130,0.011580,0.008954,0.112920
5140,0.065435,0.050827,0.244164
5150,0.033883,0.025206,0.175203
5160,0.011712,0.008294,0.150746
5170,0.050122,0.037166,0.239228
5180,0.074121,0.056189,0.273953
5190,0.026972,0.020204,0.167773
5200,0.020022,0.015841,0.091642
5210,0.030773,0.023072,0.168105
5220,0.024708,0.018650,0.167373
5230,0.011531,0.008914,0.161714
5240,0.051445,0.039163,0.213285
5250,0.035153,0.026400,0.185937
5260,0.025424,0.017543,0.170446
5270,0.031817,0.025107,0.151531
5280,0.025147,0.018716,0.141378
5290,0.058999,0.042702,0.235116
5300,0.011522,0.008603,0.109944
5310,0.033777,0.025855,0.169936
5320,0.077618,0.059433,0.259760
5330,0.021526,0.015415,0.164583
5340,0.016908,0.013097,0.089843
5350,0.027644,0.020271,0.173184
5360,0.020929,0.016376,0.103916
5370,0.037340,0.028815,0.173235
5380,0.046265,0.035632,0.181950
5390,0.046586,0.035394,0.184847
5400,0.053500,0.041100,0.226351
5410,0.039915,0.030222,0.172246
5420,0.047200,0.036476,0.215492
5430,0.023831,0.017957,0.155946
5440,0.033825,0.025238,0.186301
5450,0.015483,0.013502,0.159756
5460,0.017598,0.013151,0.091009
5470,0.035817,0.027783,0.195191
5480,0.005193,0.003507,0.319423
5490,0.041963,0.032773,0.199883
5500,0.024275,0.018287,0.145920
5510,0.019493,0.013878,0.163403
5520,0.047243,0.036953,0.207027
5530,0.036339,0.027758,0.161210
5540,0.010770,0.008596,0.124378
5550,0.056410,0.042392,0.228310
5560,0.019310,0.014740,0.173250
5570,0.035276,0.026687,0.182482
5580,0.048886,0.037181,0.205512
5590,0.055680,0.041969,0.219032
5600,0.069533,0.055074,0.254201
5610,0.014823,0.011286,0.167222
5620,0.039332,0.029615,0.161018
5630,0.025292,0.019039,0.110111
5640,0.029817,0.022061,0.165675
5650,0.029262,0.021945,0.174147
5660,0.005484,0.003993,0.662562
5670,0.032612,0.025029,0.162416
5680,0.039348,0.030041,0.182412
5690,0.049349,0.037563,0.223014
5700,0.058354,0.043122,0.243354
5710,0.030201,0.023016,0.162757
5720,0.029165,0.022294,0.165462
5730,0.038548,0.028449,0.184679
5740,0.049475,0.038268,0.208353
5750,0.031022,0.022713,0.193471
5760,0.021551,0.016869,0.169008
5770,0.051422,0.036196,0.214860
5780,0.031271,0.023427,0.168567
5790,0.024489,0.017698,0.179244
5800,0.010598,0.008162,0.187747
5810,0.010288,0.007860,0.102691
5820,0.015251,0.009299,0.223884
5830,0.052382,0.038946,0.226952
5840,0.029851,0.022575,0.166005
5850,0.020893,0.015781,0.149627
5860,0.019182,0.014569,0.139715
5870,0.071019,0.053865,0.251134
5880,0.057459,0.043506,0.233197
5890,0.011487,0.008677,0.119622
5900,0.042570,0.030191,0.167367
5910,0.036687,0.028324,0.174575
5920,0.054707,0.041876,0.229828
5930,0.026654,0.020111,0.145222
5940,0.040988,0.031435,0.175132
5950,0.018421,0.013884,0.146325
5960,0.035618,0.028353,0.193239
5970,0.037358,0.026718,0.277400
5980,0.009540,0.006645,0.126352
5990,0.024991,0.018704,0.116524
6000,0.044869,0.034458,0.190933
6010,0.035792,0.026688,0.207575
6020,0.058288,0.044525,0.256391
6030,0.022893,0.017407,0.180008
6040,0.047932,0.036193,0.204143
6050,0.086328,0.066070,0.299529
6060,0.049685,0.037722,0.222336
6070,0.037894,0.028487,0.177261
6080,0.056010,0.043598,0.234707
6090,0.035106,0.026586,0.173484
6100,0.039247,0.029363,0.198644
6110,0.021307,0.016104,0.153824
6120,0.017789,0.013343,0.127517
6130,0.028304,0.021702,0.134627
6140,0.059662,0.043832,0.231569
6150,0.033667,0.025609,0.161113
6160,0.029885,0.022837,0.160257
6170,0.040546,0.033482,0.176558
6180,0.018508,0.013638,0.130335
6190,0.029706,0.023219,0.133428
6200,0.045918,0.034876,0.195759
6210,0.034192,0.024883,0.137448
6220,0.029399,0.021818,0.144073
6230,0.048731,0.037279,0.201659
6240,0.010033,0.007110,0.120480
6250,0.022137,0.016291,0.151771
6260,0.030094,0.021882,0.165743
6270,0.025366,0.019154,0.153229
6280,0.031788,0.023334,0.223792
6290,0.040819,0.029395,0.183040
6300,0.023943,0.018883,0.120383
6310,0.031331,0.022664,0.126185
6320,0.034303,0.026225,0.173077
6330,0.023709,0.018062,0.148719
6340,0.002749,0.001918,0.023418
6350,0.029327,0.021745,0.157397
6360,0.039886,0.031393,0.175294
6370,0.026305,0.018170,0.180389
6380,0.016721,0.012187,0.144611
6390,0.051865,0.039068,0.186449
6400,0.041899,0.031142,0.166897
6410,0.027421,0.021515,0.137472
6420,0.037436,0.028320,0.149404
6430,0.022123,0.015321,0.160242
6440,0.043488,0.031688,0.206513
6450,0.030390,0.022098,0.153537
6460,0.053863,0.042281,0.210733
6470,0.030189,0.022346,0.196049
6480,0.010377,0.007716,0.120999
6490,0.019123,0.015051,0.140176
6500,0.023893,0.018280,0.169565
6510,0.004296,0.002879,0.108946
6520,0.021313,0.017201,0.149170
6530,0.023907,0.018302,0.120027
6540,0.026758,0.020398,0.150566
6550,0.003121,0.002483,0.040037
6560,0.021938,0.016282,0.145245
6570,0.033179,0.025725,0.173079
6580,0.041349,0.031416,0.196430
6590,0.001278,0.002092,0.005797
6600,0.050221,0.039597,0.190124
6610,0.025498,0.018511,0.150479
6620,0.025534,0.019526,0.140286
6630,0.036619,0.027154,0.177269
6640,0.020003,0.015693,0.125795
6650,0.034838,0.024701,0.206212
6660,0.024135,0.018705,0.162272
6670,0.058068,0.043850,0.234785
6680,0.028740,0.021779,0.159315
6690,0.020863,0.015895,0.192291
6700,0.049949,0.037789,0.215285
6710,0.039934,0.030639,0.172189
6720,0.027242,0.020616,0.153920
6730,0.046689,0.035642,0.199284
6740,0.024927,0.018251,0.150665
6750,0.041701,0.031216,0.190475
6760,0.025199,0.018607,0.158057
6770,0.040128,0.029823,0.173435
6780,0.007613,0.005445,0.100155
6790,0.016008,0.012547,0.133599
6800,0.005522,0.004709,0.062237
6810,0.032220,0.024084,0.185316
6820,0.052907,0.040191,0.216795
6830,0.055394,0.042430,0.220305
6840,0.016566,0.013002,0.133252
6850,0.033227,0.024451,0.165817
6860,0.047886,0.036077,0.205432
6870,0.036056,0.027618,0.168654
6880,0.026511,0.020603,0.125228
6890,0.031810,0.023845,0.149866
6900,0.039474,0.030119,0.178990
6910,0.045602,0.034746,0.190981
6920,0.006802,0.005004,0.108868
6930,0.031909,0.024382,0.145357
6940,0.063155,0.052215,0.266736
6950,0.008817,0.006427,0.115646
6960,0.044035,0.032805,0.196607
6970,0.017221,0.013491,0.128743
6980,0.050337,0.037722,0.217263
6990,0.023684,0.017577,0.141206
7000,0.037606,0.028278,0.201338
7010,0.022321,0.018673,0.096594
7020,0.015914,0.011983,0.109869
7030,0.019969,0.015194,0.149603
7040,0.045163,0.034117,0.197431
7050,0.024447,0.018614,0.110567
7060,0.022237,0.016761,0.137599
7070,0.014500,0.010574,0.126447
7080,0.039400,0.028737,0.200858
7090,0.007804,0.005655,0.058808
7100,0.039265,0.030212,0.186030
7110,0.043260,0.033750,0.202279
7120,0.059379,0.046067,0.219314
7130,0.053068,0.041337,0.212046
7140,0.057747,0.044554,0.227175
7150,0.025149,0.018189,0.187516
7160,0.051364,0.039541,0.238213
7170,0.028137,0.020302,0.133441
7180,0.026720,0.020325,0.158588
7190,0.029267,0.022364,0.158071
7200,0.053180,0.040360,0.219972
7210,0.037635,0.029090,0.177522
7220,0.031774,0.023986,0.165398
7230,0.060018,0.044274,0.245040
7240,0.025036,0.015181,0.170186
7250,0.036871,0.027847,0.190566
7260,0.034407,0.027690,0.191209
7270,0.024564,0.018965,0.186668
7280,0.039476,0.030563,0.181172
7290,0.037229,0.027804,0.169668
7300,0.035463,0.027191,0.176878
7310,0.014848,0.011632,0.126883
7320,0.028867,0.022420,0.150489
7330,0.043450,0.033209,0.202061
7340,0.060427,0.046736,0.239924
7350,0.024999,0.018773,0.144185
7360,0.014702,0.010879,0.127093
7370,0.018331,0.013976,0.145154
7380,0.056963,0.043009,0.227532
7390,0.027584,0.020219,0.120106
7400,0.075031,0.055936,0.264807
7410,0.013689,0.010733,0.125576
7420,0.028507,0.021649,0.159315
7430,0.002104,0.001598,0.079430
7440,0.031424,0.023650,0.157977
7450,0.028375,0.021501,0.163445
7460,0.050419,0.037394,0.206225
7470,0.007254,0.005513,0.053895
7480,0.004891,0.004005,0.125462
7490,0.051989,0.036356,0.232792
7500,0.017321,0.012815,0.135773
7510,0.016837,0.012178,0.091082
7520,0.044480,0.035233,0.196959
7530,0.022521,0.016962,0.127620
7540,0.005547,0.004724,0.237306
7550,0.015856,0.012388,0.131671
7560,0.037524,0.028619,0.182658
7570,0.027583,0.020426,0.153365
7580,0.027804,0.020961,0.155886
7590,0.022806,0.016874,0.137805
7600,0.037461,0.027302,0.160810
7610,0.050407,0.038144,0.204396
7620,0.018205,0.014108,0.133094
7630,0.034260,0.026069,0.164523
7640,0.029776,0.022306,0.158133
7650,0.059245,0.045485,0.203389
7660,0.023612,0.017759,0.146394
7670,0.012820,0.009549,0.119297
7680,0.015883,0.011965,0.114349
7690,0.016387,0.011862,0.131089
7700,0.028305,0.021309,0.158757
7710,0.039248,0.029658,0.182127
7720,0.014487,0.010504,0.119316
7730,0.045700,0.035546,0.183144
7740,0.029115,0.022000,0.144555
7750,0.031888,0.025004,0.174423
7760,0.000105,0.000090,0.000338
7770,0.055544,0.042254,0.228195
7780,0.020933,0.015578,0.128276
7790,0.045739,0.034700,0.173120
7800,0.024013,0.019234,0.094627
7810,0.027659,0.021548,0.182449
7820,0.015072,0.011268,0.131165
7830,0.016912,0.012845,0.128319
7840,0.018706,0.014379,0.097886
7850,0.021118,0.016385,0.093329
7860,0.039593,0.029208,0.152066
7870,0.020619,0.015508,0.109321
7880,0.020880,0.015716,0.148125
7890,0.036092,0.026927,0.175936
7900,0.049526,0.037279,0.218462
7910,0.016033,0.011879,0.126663
7920,0.005037,0.003772,0.096045
7930,0.033280,0.025327,0.160192
7940,0.038034,0.030079,0.177762
7950,0.033963,0.025861,0.177592
7960,0.021831,0.016094,0.147255
7970,0.036378,0.027656,0.147982
7980,0.011099,0.007345,0.073163
7990,0.003301,0.002350,0.157049
8000,0.044157,0.033523,0.204098
8010,0.030064,0.022743,0.152305
8020,0.023348,0.018016,0.137425
8030,0.032621,0.024696,0.139938
8040,0.048427,0.036517,0.199498
8050,0.014405,0.010963,0.127115
8060,0.055065,0.041534,0.196051
8070,0.021323,0.016025,0.147022
8080,0.004269,0.003075,0.127611
8090,0.025877,0.019627,0.151401
8100,0.052347,0.040124,0.236952
8110,0.023606,0.017856,0.107664
8120,0.032986,0.023973,0.179662
8130,0.016374,0.012384,0.088115
8140,0.031612,0.023057,0.185896
8150,0.027711,0.021016,0.157361
8160,0.011637,0.008853,0.126654
8170,0.066479,0.050355,0.245849
8180,0.071164,0.054371,0.260888
8190,0.024196,0.017407,0.172939
8200,0.030958,0.023178,0.170867
8210,0.017387,0.013042,0.128042
8220,0.025730,0.019540,0.150120
8230,0.018990,0.013818,0.141857
8240,0.028479,0.021471,0.152678
8250,0.026711,0.019689,0.151774
8260,0.030862,0.023465,0.163880
8270,0.001481,0.001174,0.139219
8280,0.021029,0.015818,0.129970
8290,0.032786,0.024906,0.162661
8300,0.015421,0.011257,0.138787
8310,0.036151,0.027558,0.153309
8320,0.033010,0.024474,0.174231
8330,0.020672,0.015439,0.131789
8340,0.017768,0.013305,0.131210
8350,0.032036,0.026241,0.168868
8360,0.009579,0.009310,0.212636
8370,0.015417,0.011108,0.099026
8380,0.053291,0.041021,0.221349
8390,0.019158,0.014694,0.117242
8400,0.014262,0.010545,0.097406
8410,0.000747,0.000600,0.071677
8420,0.019845,0.015024,0.129314
8430,0.032835,0.025247,0.162013
8440,0.033116,0.025066,0.172873
8450,0.047054,0.036331,0.208090
8460,0.004456,0.003008,0.440016
8470,0.026521,0.019699,0.151516
8480,0.041163,0.031255,0.165236
8490,0.019378,0.014332,0.141859
8500,0.037393,0.027514,0.181077
8510,0.071021,0.056080,0.258641
8520,0.010033,0.007424,0.065949
8530,0.011647,0.008349,0.165377
8540,0.038617,0.029100,0.183227
8550,0.025343,0.018597,0.191962
8560,0.009772,0.008102,0.217349
8570,0.037915,0.028513,0.177536
8580,0.037652,0.029111,0.173645
8590,0.026284,0.019598,0.158386
8600,0.027094,0.020514,0.134281
8610,0.003459,0.002519,0.086532
8620,0.047351,0.037539,0.187924
8630,0.061939,0.049425,0.242705
8640,0.020014,0.015468,0.093936
8650,0.039683,0.030263,0.187129
8660,0.040725,0.030143,0.191649
8670,0.018405,0.013755,0.143127
8680,0.060088,0.045896,0.232609
8690,0.022340,0.016863,0.137156
8700,0.053978,0.041656,0.217542
8710,0.024928,0.018767,0.151399
8720,0.032444,0.023968,0.157832
8730,0.028501,0.021454,0.169003
8740,0.016711,0.012805,0.161028
8750,0.031599,0.023838,0.170188
8760,0.023367,0.019082,0.133291
8770,0.046303,0.035748,0.198493
8780,0.033140,0.024339,0.161457
8790,0.020550,0.015944,0.103126
8800,0.046699,0.036021,0.180887
8810,0.044694,0.033822,0.201735
8820,0.075564,0.058390,0.271454
8830,0.050892,0.038385,0.202538
8840,0.026807,0.019668,0.126613
8850,0.004891,0.003448,0.135233
8860,0.036266,0.027161,0.155565
8870,0.035121,0.026328,0.203631
8880,0.030501,0.022739,0.179058
8890,0.049206,0.038436,0.188343
8900,0.006503,0.005081,0.098935
8910,0.071341,0.054038,0.265271
8920,0.021220,0.015519,0.140834
8930,0.060913,0.043157,0.237062
8940,0.032237,0.024586,0.155846
8950,0.028153,0.021557,0.161315
8960,0.029318,0.021125,0.170612
8970,0.012280,0.009342,0.104811
8980,0.032801,0.024775,0.163152
8990,0.011819,0.008951,0.095521
9000,0.027617,0.021401,0.157136
9010,0.033205,0.027445,0.201913
9020,0.015269,0.010366,0.171175
9030,0.047391,0.034937,0.174685
9040,0.015451,0.011322,0.133675
9050,0.016235,0.011975,0.124972
9060,0.049389,0.037829,0.184647
9070,0.026701,0.020976,0.125118
9080,0.014635,0.011023,0.117942
9090,0.023670,0.018169,0.122586
9100,0.054214,0.041380,0.208520
9110,0.018121,0.013951,0.147221
9120,0.049791,0.038487,0.307806
9130,0.033996,0.025710,0.168358
9140,0.031073,0.023350,0.151921
9150,0.009420,0.006926,0.121730
9160,0.023026,0.017139,0.146205
9170,0.018402,0.013475,0.138666
9180,0.020844,0.015685,0.131157
9190,0.023217,0.017444,0.140200
9200,0.024382,0.018375,0.140404
9210,0.021849,0.016083,0.136708
9220,0.005415,0.003922,0.175660
9230,0.001006,0.000816,0.318504
9240,0.029991,0.022899,0.160047
9250,0.013150,0.009740,0.113119
9260,0.034558,0.026941,0.146026
9270,0.016009,0.012134,0.103815
9280,0.022200,0.017955,0.166239
9290,0.027830,0.021020,0.156972
9300,0.015853,0.011836,0.124538
9310,0.012973,0.010368,0.072290
9320,0.010668,0.008381,0.147193
9330,0.025531,0.019672,0.170631
9340,0.025744,0.019501,0.150628
9350,0.005364,0.004030,0.086274
9360,0.003566,0.002600,0.023316
9370,0.032864,0.024688,0.176332
9380,0.024386,0.018817,0.114880
9390,0.016440,0.012943,0.121334
9400,0.058332,0.043043,0.234921
9410,0.010567,0.007811,0.106240
9420,0.063385,0.058111,0.307302
9430,0.017932,0.013265,0.128583
9440,0.033416,0.024916,0.160131
9450,0.031162,0.024819,0.132847
9460,0.035841,0.026412,0.169493
9470,0.023785,0.018124,0.111123
9480,0.035985,0.026982,0.166937
9490,0.033416,0.025623,0.162759
9500,0.025394,0.019038,0.146206
9510,0.021240,0.016076,0.114014
9520,0.004168,0.003118,0.094737
9530,0.003739,0.002670,0.089056
9540,0.012128,0.009024,0.146249
9550,0.044375,0.033451,0.188044
9560,0.034718,0.026129,0.160839
9570,0.033180,0.022898,0.185401
9580,0.040482,0.030628,0.178620
9590,0.057062,0.042457,0.225080
9600,0.054226,0.041029,0.214015
9610,0.019504,0.014246,0.149729
9620,0.026445,0.020436,0.171852
9630,0.031708,0.023875,0.128603
9640,0.012670,0.009222,0.106745
9650,0.045134,0.034226,0.199170
9660,0.013759,0.012911,0.089642
9670,0.027191,0.020184,0.153038
9680,0.004460,0.003290,0.085755
9690,0.030231,0.022715,0.181826
9700,0.029771,0.022455,0.155855
9710,0.020368,0.016189,0.093223
9720,0.010155,0.008044,0.103886
9730,0.009764,0.007243,0.255350
9740,0.023878,0.018062,0.184767
9750,0.047950,0.036364,0.195446
9760,0.034208,0.026079,0.158005
9770,0.005020,0.003889,0.131804
9780,0.043482,0.033817,0.154657
9790,0.022559,0.017392,0.120793
9800,0.049383,0.036212,0.201441
9810,0.042861,0.033103,0.171457
9820,0.060345,0.045892,0.233852
9830,0.033654,0.024547,0.178987
9840,0.043594,0.033204,0.171614
9850,0.024637,0.018639,0.146421
9860,0.031382,0.023442,0.145406
9870,0.022365,0.017382,0.118741
9880,0.015761,0.011500,0.096981
9890,0.042520,0.032207,0.186297
9900,0.047354,0.036359,0.193219
9910,0.057964,0.043214,0.231349
9920,0.012893,0.009783,0.106520
9930,0.070661,0.053460,0.258151
9940,0.019117,0.014679,0.106424
9950,0.026742,0.019401,0.182856
9960,0.002509,0.001885,0.082044
9970,0.010856,0.008200,0.100690
9980,0.007081,0.005188,0.032916
9990,0.031360,0.024094,0.152860
10000,0.028773,0.021916,0.152591
10010,0.041822,0.031746,0.199982
10020,0.004449,0.003285,0.103141
10030,0.021309,0.016545,0.146624
10040,0.042420,0.032014,0.174339
10050,0.038359,0.029866,0.179137
10060,0.035421,0.025230,0.190367
10070,0.061579,0.047049,0.250361
10080,0.013825,0.010245,0.113021
10090,0.027313,0.020521,0.153631
10100,0.045449,0.034311,0.193759
10110,0.039021,0.029366,0.160889
10120,0.020098,0.015186,0.133065
10130,0.029804,0.021156,0.164065
10140,0.008747,0.007131,0.072346
10150,0.033671,0.027186,0.195099
10160,0.023207,0.017686,0.139228
10170,0.037471,0.028820,0.149946
10180,0.055483,0.041831,0.220143
10190,0.006254,0.004472,0.097568
10200,0.018847,0.013943,0.166230
10210,0.060488,0.046747,0.229373
10220,0.017916,0.013350,0.147497
10230,0.020155,0.015669,0.161537
10240,0.046176,0.033919,0.201233
10250,0.019508,0.014473,0.125377
10260,0.030291,0.022428,0.175589
10270,0.030366,0.021226,0.168155
10280,0.028790,0.021595,0.155777
10290,0.035825,0.026672,0.184394
10300,0.048117,0.036113,0.193655
10310,0.040744,0.031390,0.182600
10320,0.035219,0.026715,0.176999
10330,0.034951,0.025613,0.168923
10340,0.055185,0.042354,0.220529
10350,0.018798,0.013301,0.148054
10360,0.005377,0.003900,0.211840
10370,0.007104,0.004899,0.092130
10380,0.023112,0.017283,0.153096
10390,0.059955,0.045957,0.235084
10400,0.032881,0.025300,0.165979
10410,0.018082,0.014573,0.100974
10420,0.044414,0.034061,0.177135
10430,0.030492,0.022659,0.158376
10440,0.073187,0.055318,0.266467
10450,0.037049,0.027413,0.186757
10460,0.053744,0.041047,0.219598
10470,0.033396,0.024277,0.137055
10480,0.032446,0.024280,0.174603
10490,0.017885,0.013248,0.158696
10500,0.023198,0.016341,0.146193
10510,0.031898,0.024428,0.157938
10520,0.062508,0.048119,0.236125
10530,0.019947,0.015268,0.158687
10540,0.037143,0.027742,0.184586
10550,0.056336,0.043231,0.222320
10560,0.030716,0.023065,0.144824
10570,0.024233,0.018540,0.143404
10580,0.029261,0.022843,0.152971
10590,0.020196,0.014623,0.155284
10600,0.029381,0.021776,0.155522
10610,0.027010,0.020417,0.151945
10620,0.013118,0.008986,0.144194
10630,0.024847,0.019008,0.101921
10640,0.014224,0.010748,0.123017
10650,0.025273,0.018928,0.156554
10660,0.028942,0.021820,0.143139
10670,0.024269,0.018281,0.141579
10680,0.027780,0.021131,0.153226
10690,0.001373,0.001036,0.148762
10700,0.039595,0.029581,0.181059
10710,0.038531,0.029018,0.177199
10720,0.050230,0.038168,0.228333
10730,0.040623,0.029680,0.186123
10740,0.025460,0.019215,0.163449
10750,0.048172,0.036948,0.192046
10760,0.024244,0.018313,0.145351
10770,0.035792,0.026442,0.183083
10780,0.048285,0.036325,0.203890
10790,0.035055,0.026219,0.186110
10800,0.029505,0.022114,0.175727
10810,0.016926,0.012677,0.140341
10820,0.041193,0.031346,0.186977
10830,0.024355,0.019316,0.148807
10840,0.032356,0.024246,0.151680
10850,0.021169,0.017293,0.123688
10860,0.010653,0.007648,0.120953
10870,0.012366,0.008800,0.113333
10880,0.025351,0.019962,0.148547
10890,0.047513,0.035907,0.198932
10900,0.028804,0.021251,0.160801
10910,0.050295,0.038107,0.174710
10920,0.058350,0.044465,0.225382
10930,0.041867,0.031285,0.179001
10940,0.034174,0.026157,0.161120
10950,0.039605,0.029689,0.192653
10960,0.077361,0.058897,0.270471
10970,0.030077,0.022103,0.154681
10980,0.017817,0.013937,0.081644
10990,0.033798,0.025577,0.166716
11000,0.025122,0.018922,0.156710
11010,0.020716,0.015111,0.115237
11020,0.041409,0.031952,0.195263
11030,0.026760,0.019669,0.148113
11040,0.041266,0.031860,0.163389
11050,0.027706,0.020464,0.156278
11060,0.029788,0.022784,0.131033
11070,0.000670,0.000640,0.001885
11080,0.023445,0.018003,0.189638
11090,0.020924,0.015441,0.130592
11100,0.048476,0.036791,0.190410
11110,0.017246,0.013972,0.137208
11120,0.030641,0.023266,0.152661
11130,0.052010,0.040195,0.200926
11140,0.022138,0.016679,0.126761
11150,0.001517,0.001394,0.101282
11160,0.021902,0.017039,0.108035
11170,0.030397,0.022708,0.143170
11180,0.079220,0.060019,0.275848
11190,0.007295,0.005140,0.168605
11200,0.015599,0.011873,0.093259
11210,0.035040,0.026912,0.177501
11220,0.015537,0.011470,0.127612
11230,0.022671,0.016572,0.153055
11240,0.032168,0.024152,0.157227
11250,0.011113,0.008151,0.101130
11260,0.013144,0.009825,0.126316
11270,0.034490,0.026382,0.174869
11280,0.027841,0.021167,0.147013
11290,0.028927,0.021972,0.121942
11300,0.019507,0.014757,0.126825
11310,0.030248,0.022251,0.173657
11320,0.012352,0.009267,0.091249
11330,0.041583,0.031115,0.185075
11340,0.027621,0.020934,0.146265
11350,0.027723,0.020868,0.172448
11360,0.009690,0.007297,0.133975
11370,0.026094,0.019574,0.160222
11380,0.045621,0.035333,0.183413
11390,0.016965,0.012631,0.130894
11400,0.012316,0.009069,0.072533
11410,0.021267,0.016334,0.148783
11420,0.013851,0.010523,0.134996
11430,0.011176,0.008166,0.096085
11440,0.006055,0.005004,0.125048
11450,0.022889,0.017242,0.115932
11460,0.017863,0.013421,0.122142
11470,0.029081,0.021944,0.152705
11480,0.040040,0.030556,0.162738
11490,0.038922,0.031420,0.188167
11500,0.008572,0.006363,0.092616
11510,0.016452,0.012516,0.122958
11520,0.013962,0.010822,0.092388
11530,0.001784,0.001909,0.659973
11540,0.034930,0.026329,0.184814
11550,0.025141,0.018466,0.279126
11560,0.028409,0.020098,0.133023
11570,0.018654,0.013883,0.126973
11580,0.054344,0.041659,0.223289
11590,0.046281,0.035811,0.190063
11600,0.036743,0.027930,0.159657
11610,0.049368,0.039778,0.231424
11620,0.015635,0.011754,0.130614
11630,0.032862,0.025628,0.133354
11640,0.044285,0.033810,0.190906
11650,0.000976,0.000679,0.035108
11660,0.022516,0.016886,0.139429
11670,0.031252,0.023623,0.160030
11680,0.057515,0.042826,0.227594
11690,0.011716,0.008604,0.104180
11700,0.017151,0.012286,0.146138
11710,0.026774,0.020808,0.118812
11720,0.004712,0.003726,0.187052
11730,0.063492,0.047666,0.220911
11740,0.057110,0.042209,0.221242
11750,0.031107,0.023472,0.162883
11760,0.030595,0.022636,0.172577
11770,0.032977,0.025348,0.159795
11780,0.019661,0.014390,0.139967
11790,0.033564,0.025292,0.155777
11800,0.030103,0.023090,0.153540
11810,0.022269,0.016950,0.139272
11820,0.028329,0.022076,0.137510
11830,0.051511,0.039727,0.226797
11840,0.025426,0.018956,0.143192
11850,0.049137,0.037219,0.199313
11860,0.050170,0.037759,0.212493
11870,0.058875,0.045155,0.226561
11880,0.022954,0.017131,0.148406
11890,0.020362,0.015280,0.128281
11900,0.028205,0.021522,0.139500
11910,0.029099,0.021823,0.152981
11920,0.018132,0.013593,0.129005
11930,0.014340,0.010391,0.125039
11940,0.023020,0.016931,0.138495
11950,0.020312,0.015487,0.107463
11960,0.020933,0.015795,0.149159
11970,0.022419,0.016353,0.133504
11980,0.016409,0.011901,0.123853
11990,0.029063,0.021166,0.137738
12000,0.019896,0.014765,0.146349
12010,0.012801,0.009335,0.118656
12020,0.031655,0.024662,0.139993
12030,0.036705,0.028274,0.184392
12040,0.005585,0.004267,0.079102
12050,0.046442,0.034713,0.197496
12060,0.066060,0.050816,0.239788
12070,0.002138,0.001690,0.065597
12080,0.013286,0.009716,0.119801
12090,0.036516,0.026894,0.170236
12100,0.013547,0.010293,0.088848
12110,0.032127,0.024577,0.150429
12120,0.016714,0.012126,0.122671
12130,0.003893,0.003264,0.230163
12140,0.017647,0.013378,0.101011
12150,0.033421,0.025410,0.165545
12160,0.036942,0.027759,0.176342
12170,0.024001,0.018005,0.137609
12180,0.042121,0.031208,0.212565
12190,0.025070,0.019003,0.136673
12200,0.031003,0.024349,0.143758
12210,0.030262,0.024349,0.170077
12220,0.027672,0.020803,0.150589
12230,0.011479,0.008489,0.100312
12240,0.013377,0.012277,0.090852
12250,0.044112,0.031993,0.186300
12260,0.007754,0.005762,0.084711
12270,0.038805,0.029879,0.184031
12280,0.035320,0.027193,0.149508
12290,0.054882,0.041408,0.221239
12300,0.021146,0.015585,0.094317
12310,0.031892,0.024712,0.155055
12320,0.024689,0.018279,0.113727
12330,0.016684,0.012522,0.122763
12340,0.063598,0.049109,0.243199
12350,0.013262,0.009695,0.114126
12360,0.010228,0.007797,0.093478
12370,0.036893,0.027931,0.170703
12380,0.034097,0.025657,0.168234
12390,0.032237,0.024088,0.163532
12400,0.033520,0.025125,0.162858
12410,0.027465,0.021012,0.153691
12420,0.033457,0.026068,0.151942
12430,0.021756,0.016733,0.149520
12440,0.029177,0.021995,0.139428
12450,0.028378,0.021373,0.152711
12460,0.016266,0.012308,0.126125
12470,0.061536,0.045986,0.232189
12480,0.029718,0.022458,0.164403
12490,0.033686,0.025823,0.214728
12500,0.036800,0.028252,0.159141
12510,0.033948,0.025822,0.169352
12520,0.007723,0.005718,0.109154
12530,0.062447,0.046423,0.236792
12540,0.010295,0.007582,0.105634
12550,0.022811,0.017171,0.149723
12560,0.016548,0.012318,0.121353
12570,0.015821,0.011658,0.128546
12580,0.043576,0.033739,0.187042
12590,0.042658,0.032445,0.187072
12600,0.030821,0.023310,0.161511
12610,0.019248,0.014505,0.128523
12620,0.032067,0.024285,0.158798
12630,0.023882,0.018655,0.141790
12640,0.029848,0.022012,0.160330
12650,0.022034,0.016151,0.141728
12660,0.012438,0.009655,0.065094
12670,0.015738,0.011512,0.118436
12680,0.028686,0.021689,0.153959
12690,0.030757,0.022064,0.205126
12700,0.016206,0.011951,0.116660
12710,0.032807,0.024750,0.139525
12720,0.015093,0.011436,0.094182
12730,0.029295,0.021714,0.165113
12740,0.031208,0.024063,0.134851
12750,0.050126,0.038200,0.196580
12760,0.027447,0.020185,0.118729
12770,0.025586,0.019762,0.148826
12780,0.051760,0.039581,0.205761
12790,0.054153,0.039896,0.214508
12800,0.012555,0.008892,0.170768
12810,0.021412,0.016217,0.105039
12820,0.032093,0.024421,0.160745
12830,0.029421,0.022626,0.167722
12840,0.015364,0.011500,0.110655
12850,0.020296,0.015173,0.156538
12860,0.028434,0.021242,0.135848
12870,0.053194,0.040826,0.215027
12880,0.029617,0.023807,0.162175
12890,0.041150,0.031150,0.161742
12900,0.024286,0.018333,0.133023
12910,0.007591,0.005557,0.097859
12920,0.038879,0.028994,0.187538
12930,0.003049,0.002473,0.107105
12940,0.065878,0.049970,0.242917
12950,0.020616,0.016152,0.139806
12960,0.026797,0.020193,0.141964
12970,0.023799,0.018004,0.147185
12980,0.023710,0.017540,0.154823
12990,0.020703,0.015502,0.091186
13000,0.068210,0.052660,0.245196
13010,0.004341,0.003311,0.072395
13020,0.042461,0.031938,0.183151
13030,0.011471,0.008150,0.074794
13040,0.046916,0.036618,0.195750
13050,0.023524,0.017898,0.139344
13060,0.032657,0.024605,0.161122
13070,0.034141,0.026166,0.160523
13080,0.006511,0.004860,0.089534
13090,0.036815,0.028205,0.172151
13100,0.024866,0.019152,0.147408
13110,0.029261,0.023136,0.164563
13120,0.019933,0.014777,0.189599
13130,0.034100,0.025575,0.164338
13140,0.022800,0.017354,0.130859
13150,0.037543,0.027987,0.185014
13160,0.038577,0.028800,0.191493
13170,0.039543,0.031055,0.189347
13180,0.020577,0.015661,0.157406
13190,0.051901,0.039305,0.213437
13200,0.005743,0.004749,0.090477
13210,0.000004,0.000005,0.000016
13220,0.016943,0.012827,0.104417
13230,0.025669,0.018888,0.146218
13240,0.041794,0.034154,0.191399
13250,0.031090,0.022678,0.122120
13260,0.032724,0.025695,0.166082
13270,0.019266,0.014623,0.117558
13280,0.030628,0.022844,0.171785
13290,0.041575,0.031847,0.191237
13300,0.015752,0.012129,0.123357
13310,0.028000,0.020769,0.156684
13320,0.041609,0.031657,0.156604
13330,0.018644,0.013516,0.140859
13340,0.071068,0.055090,0.250869
13350,0.028988,0.022203,0.125678
13360,0.023488,0.017856,0.142036
13370,0.027552,0.020514,0.156609
13380,0.020568,0.015551,0.142018
13390,0.046575,0.035537,0.196690
13400,0.030439,0.023623,0.161576
13410,0.012564,0.009558,0.108781
13420,0.032912,0.024685,0.158292
13430,0.018115,0.013854,0.130959
13440,0.048337,0.037188,0.199202
13450,0.013092,0.009444,0.116694
13460,0.026496,0.020120,0.146451
13470,0.035552,0.026900,0.178098
13480,0.034764,0.026599,0.163292
13490,0.025556,0.019266,0.138804
13500,0.023724,0.018259,0.142151
13510,0.013280,0.009952,0.105819
13520,0.029950,0.022677,0.149101
13530,0.038501,0.028898,0.171129
13540,0.011987,0.009113,0.110466
13550,0.026986,0.020438,0.141017
13560,0.038005,0.029334,0.171467
13570,0.041829,0.031775,0.172783
13580,0.041554,0.031252,0.184370
13590,0.018419,0.014016,0.123942
13600,0.053222,0.040713,0.208586
13610,0.034658,0.026582,0.167154
13620,0.032239,0.024004,0.176191
13630,0.027161,0.020107,0.170615
13640,0.039336,0.030166,0.170329
13650,0.041495,0.031529,0.171842
13660,0.037750,0.027635,0.168568
13670,0.013282,0.009746,0.114837
13680,0.034482,0.025845,0.169323
13690,0.013439,0.009890,0.116554
13700,0.007253,0.005240,0.112468
13710,0.025347,0.018501,0.147100
13720,0.040946,0.030821,0.168157
13730,0.025295,0.017991,0.120218
13740,0.026038,0.020121,0.120574
13750,0.029751,0.022881,0.128431
13760,0.021271,0.015809,0.131690
13770,0.037424,0.026053,0.144326
13780,0.012799,0.009621,0.101710
13790,0.004474,0.003537,0.201919
13800,0.024183,0.018097,0.135055
13810,0.004016,0.002981,0.076586
13820,0.021536,0.016315,0.132761
13830,0.017348,0.013774,0.086917
13840,0.012227,0.009192,0.116675
13850,0.061664,0.047471,0.236151
13860,0.045516,0.034781,0.191103
13870,0.033334,0.024917,0.180136
13880,0.032804,0.024515,0.171074
13890,0.011189,0.008098,0.126932
13900,0.011400,0.010179,0.120865
13910,0.019743,0.015179,0.134970
13920,0.045015,0.034530,0.180198
13930,0.014603,0.010699,0.117042
13940,0.027909,0.021171,0.168489
13950,0.022276,0.016425,0.118791
13960,0.032527,0.024549,0.159678
13970,0.021213,0.015993,0.127338
13980,0.011549,0.008691,0.104089
13990,0.011439,0.008300,0.066044
14000,0.014719,0.010967,0.117895
14010,0.024784,0.018329,0.182922
14020,0.032720,0.024542,0.160236
14030,0.063159,0.048542,0.235841
14040,0.050887,0.038528,0.178901
14050,0.022776,0.016932,0.124862
14060,0.030786,0.023794,0.168208
14070,0.038910,0.029257,0.172154
14080,0.029214,0.021897,0.169706
14090,0.051801,0.039704,0.193769
14100,0.016531,0.012392,0.084736
14110,0.017132,0.013017,0.080036
14120,0.033568,0.025358,0.163747
14130,0.021731,0.015640,0.133546
14140,0.029828,0.022873,0.149276
14150,0.027998,0.020663,0.158953
14160,0.018695,0.014110,0.100711
14170,0.029732,0.022514,0.171727
14180,0.034379,0.026047,0.158668
14190,0.035822,0.027438,0.154666
14200,0.028717,0.020969,0.170961
14210,0.049395,0.037483,0.212833
14220,0.006618,0.005941,0.059746
14230,0.016125,0.011544,0.120052
14240,0.037173,0.027850,0.172672
14250,0.041941,0.031081,0.180057
14260,0.024933,0.019228,0.130420
14270,0.053656,0.040655,0.200457
14280,0.032642,0.024829,0.164326
14290,0.008557,0.006288,0.111897
14300,0.013861,0.010923,0.159057
14310,0.014191,0.010481,0.082199
14320,0.029765,0.022162,0.158392
14330,0.034661,0.025506,0.177372
14340,0.047382,0.035766,0.193720
14350,0.044185,0.032781,0.173096
14360,0.024563,0.018305,0.137417
14370,0.006979,0.004939,0.118605
14380,0.042624,0.032468,0.178730
14390,0.021138,0.015915,0.111644
14400,0.032875,0.024777,0.176053
14410,0.041624,0.031452,0.182042
14420,0.035469,0.027160,0.165842
14430,0.030362,0.023522,0.172286
14440,0.035825,0.026789,0.185059
14450,0.020313,0.015180,0.134950
14460,0.021661,0.016541,0.106907
14470,0.035537,0.026669,0.165153
14480,0.035918,0.027213,0.164706
14490,0.034499,0.026219,0.144755
14500,0.008205,0.006099,0.085961
14510,0.038313,0.028658,0.157500
14520,0.025784,0.019603,0.148723
14530,0.036245,0.027684,0.172825
14540,0.016722,0.012431,0.137987
14550,0.044807,0.033888,0.185865
14560,0.015243,0.012051,0.128360
14570,0.049801,0.038207,0.202776
14580,0.032837,0.025181,0.160793
14590,0.012194,0.009084,0.112483
14600,0.017707,0.013302,0.128980
14610,0.019400,0.014424,0.122107
14620,0.006084,0.004305,0.043685
14630,0.006563,0.004826,0.114784
14640,0.021233,0.015753,0.111086
14650,0.011713,0.008736,0.101388
14660,0.028951,0.021901,0.141720
14670,0.016509,0.012383,0.110213
14680,0.038605,0.029215,0.170083
14690,0.011503,0.008450,0.090865
14700,0.032905,0.025661,0.168153
14710,0.004465,0.003370,0.091789
14720,0.003983,0.003068,0.109286
14730,0.014017,0.010355,0.113581
14740,0.005148,0.003826,0.089726
14750,0.003693,0.002657,0.110835
14760,0.019335,0.015073,0.160048
14770,0.040755,0.030838,0.175042
14780,0.035239,0.027045,0.162291
14790,0.048537,0.036383,0.209743
14800,0.049037,0.037150,0.189956
14810,0.035132,0.026597,0.163277
14820,0.012011,0.009140,0.105544
14830,0.016664,0.012337,0.082878
14840,0.054256,0.041789,0.218707
14850,0.048036,0.036717,0.203771
14860,0.012145,0.009160,0.172266
14870,0.042991,0.032324,0.194541
14880,0.012447,0.009398,0.108055
14890,0.040225,0.031385,0.165746
14900,0.040584,0.030860,0.174924
14910,0.026928,0.020343,0.141136
14920,0.020538,0.015552,0.123478
14930,0.032246,0.024419,0.158646
14940,0.021364,0.015988,0.103181
14950,0.020182,0.014767,0.132051
14960,0.038608,0.027975,0.197425
14970,0.028609,0.021955,0.162421
14980,0.032114,0.024606,0.150242
14990,0.028480,0.021369,0.142934
15000,0.041828,0.036163,0.166213
15010,0.005223,0.003862,0.130139
15020,0.055351,0.041694,0.209444
15030,0.040511,0.030787,0.176855
15040,0.004466,0.003611,0.064911
15050,0.037264,0.028187,0.170722
15060,0.019114,0.014574,0.104599
15070,0.036502,0.027855,0.180863
15080,0.021453,0.016213,0.117851
15090,0.015907,0.012158,0.116453
15100,0.004740,0.003554,0.116869
15110,0.011015,0.008158,0.076726
15120,0.065419,0.057046,0.273794
15130,0.023091,0.017198,0.134986
15140,0.042187,0.031902,0.180870
15150,0.033539,0.024608,0.172639
15160,0.061560,0.048137,0.250664
15170,0.026665,0.020132,0.137504
15180,0.025975,0.019424,0.134208
15190,0.022717,0.017257,0.136980
15200,0.019542,0.014217,0.158086
15210,0.056475,0.042806,0.209652
15220,0.031186,0.023882,0.162922
15230,0.022279,0.016798,0.143627
15240,0.023185,0.017918,0.104665
15250,0.018350,0.013155,0.167044
15260,0.017143,0.012546,0.129576
15270,0.013214,0.009695,0.118337
15280,0.005510,0.004125,0.064336
15290,0.041711,0.031934,0.178838
15300,0.025232,0.018824,0.138743
15310,0.042739,0.032167,0.200206
15320,0.037389,0.028496,0.171249
15330,0.020656,0.016046,0.108469
15340,0.021392,0.016188,0.135732
15350,0.019746,0.015245,0.120500
15360,0.038467,0.030521,0.175526
15370,0.023729,0.017408,0.144717
15380,0.030134,0.021903,0.136153
15390,0.016304,0.012177,0.122055
15400,0.021407,0.014649,0.155580
15410,0.026518,0.020153,0.122423
15420,0.032787,0.025034,0.166870
15430,0.017935,0.013391,0.117098
15440,0.023493,0.017838,0.124484
15450,0.015419,0.010699,0.235993
15460,0.025487,0.019860,0.146351
15470,0.044658,0.036193,0.194899
15480,0.007599,0.005656,0.138098
15490,0.034390,0.028397,0.149843
15500,0.008406,0.006221,0.126374
15510,0.041063,0.030395,0.181341
15520,0.026867,0.020375,0.142343
15530,0.006386,0.004917,0.039479
15540,0.007520,0.005748,0.100672
15550,0.027805,0.020518,0.182524
15560,0.042479,0.032591,0.160168
15570,0.025121,0.017944,0.162788
15580,0.021624,0.016126,0.127187
15590,0.030672,0.023073,0.171381
15600,0.009010,0.006770,0.116854
15610,0.042030,0.032228,0.178802
15620,0.026411,0.020641,0.137633
15630,0.045940,0.035054,0.184946
15640,0.043902,0.032987,0.179260
15650,0.063931,0.049487,0.240689
15660,0.015474,0.011291,0.098987
15670,0.040650,0.030475,0.185510
15680,0.021723,0.016781,0.107321
15690,0.014241,0.010679,0.107343
15700,0.033034,0.024927,0.162307
15710,0.003345,0.002426,0.040713
15720,0.021097,0.015823,0.109550
15730,0.045916,0.035439,0.190155
15740,0.031551,0.025363,0.181035
15750,0.017597,0.013783,0.092771
15760,0.000038,0.000074,0.000189
15770,0.033130,0.025716,0.128028
15780,0.036035,0.027010,0.166671
15790,0.024615,0.018496,0.143181
15800,0.041816,0.031846,0.183423
15810,0.039005,0.029928,0.179138
15820,0.031129,0.022699,0.171719
15830,0.029432,0.022409,0.140412
15840,0.047220,0.036227,0.188661
15850,0.023878,0.018080,0.148444
15860,0.042996,0.032454,0.163748
15870,0.018961,0.016073,0.088558
15880,0.036754,0.029285,0.140088
15890,0.029716,0.022593,0.142628
15900,0.032887,0.024638,0.170742
15910,0.012681,0.009689,0.101117
15920,0.049103,0.036973,0.188602
15930,0.023742,0.017599,0.126621
15940,0.025190,0.019233,0.107117
15950,0.045748,0.034533,0.194519
15960,0.033217,0.024629,0.178228
15970,0.034551,0.025884,0.170597
15980,0.026063,0.019843,0.147638
15990,0.026021,0.019618,0.138845
16000,0.002266,0.001521,0.116563
16010,0.056870,0.044096,0.219584
16020,0.044494,0.033683,0.194958
16030,0.017224,0.012897,0.133897
16040,0.020394,0.014861,0.132162
16050,0.034904,0.026385,0.178098
16060,0.021092,0.015381,0.146032
16070,0.047246,0.035943,0.198642
16080,0.022226,0.017354,0.158378
16090,0.054653,0.041567,0.220270
16100,0.021644,0.015925,0.148618
16110,0.014692,0.011535,0.115368
16120,0.053478,0.040322,0.223345
16130,0.027453,0.020410,0.133373
16140,0.043990,0.033052,0.173877
16150,0.005281,0.003946,0.043704
16160,0.025947,0.021922,0.150791
16170,0.033519,0.025336,0.145853
16180,0.028950,0.021757,0.126072
16190,0.029059,0.022354,0.160542
16200,0.017273,0.013100,0.130986
16210,0.012858,0.009278,0.138192
16220,0.047421,0.037377,0.174561
16230,0.042390,0.031865,0.182482
16240,0.035187,0.026595,0.159875
16250,0.033125,0.024716,0.171007
16260,0.028478,0.021423,0.155725
16270,0.048086,0.037232,0.198862
16280,0.031883,0.024158,0.159727
16290,0.030006,0.022551,0.148416
16300,0.020884,0.015598,0.113750
16310,0.030423,0.023504,0.146089
16320,0.018337,0.013818,0.135519
16330,0.062470,0.047850,0.226858
16340,0.020421,0.015284,0.114667
16350,0.010026,0.006277,0.193683
16360,0.028338,0.021513,0.144644
16370,0.003659,0.002661,0.031485
16380,0.022624,0.016646,0.139720
16390,0.032619,0.024647,0.163607
16400,0.025877,0.019784,0.151621
16410,0.044115,0.033821,0.176587
16420,0.003895,0.002709,0.118759
16430,0.009795,0.007025,0.104512
16440,0.027624,0.020688,0.155423
16450,0.021367,0.016412,0.123438
16460,0.021063,0.015501,0.151200
16470,0.029079,0.021939,0.172303
16480,0.016981,0.012304,0.101627
16490,0.026887,0.018922,0.176316
16500,0.033293,0.025056,0.151092
16510,0.008926,0.006852,0.079988
16520,0.031905,0.023992,0.148820
16530,0.019131,0.014474,0.127727
16540,0.044743,0.034464,0.161667
16550,0.016391,0.012229,0.138143
16560,0.032312,0.023695,0.157214
16570,0.029212,0.022264,0.132200
16580,0.037495,0.027415,0.187385
16590,0.023835,0.019210,0.100916
16600,0.048658,0.036450,0.202306
16610,0.052308,0.039831,0.207666
16620,0.014829,0.010000,0.078640
16630,0.022451,0.017076,0.132711
16640,0.036398,0.027368,0.151495
16650,0.029861,0.022645,0.145678
16660,0.016778,0.014663,0.141133
16670,0.023463,0.017457,0.137217
16680,0.021251,0.016127,0.136306
16690,0.059333,0.045141,0.222648
16700,0.018690,0.013983,0.133268
16710,0.019384,0.014384,0.121137
16720,0.018645,0.013951,0.126622
16730,0.037837,0.028556,0.154930
16740,0.021492,0.015920,0.143878
16750,0.024027,0.018004,0.140319
16760,0.025471,0.019323,0.140835
16770,0.003808,0.002818,0.122012
16780,0.032082,0.024023,0.168715
16790,0.018157,0.013516,0.095216
16800,0.021257,0.017081,0.116842
16810,0.038604,0.030339,0.181509
16820,0.036244,0.027793,0.174536
16830,0.033602,0.026333,0.148311
16840,0.037669,0.028240,0.145562
16850,0.052907,0.040045,0.202067
16860,0.034297,0.026717,0.183118
16870,0.028507,0.021723,0.133378
16880,0.017862,0.014228,0.115840
16890,0.011564,0.008688,0.103450
16900,0.037288,0.028815,0.152305
16910,0.057366,0.044001,0.209304
16920,0.003093,0.002414,0.118171
16930,0.024338,0.017921,0.150489
16940,0.033242,0.025055,0.148782
16950,0.017648,0.014025,0.096949
16960,0.018524,0.013765,0.132974
16970,0.052258,0.039623,0.192524
16980,0.018920,0.014232,0.099207
16990,0.031356,0.023919,0.164759
17000,0.022461,0.017172,0.128167
17010,0.023670,0.017993,0.125183
17020,0.016761,0.012277,0.140812
17030,0.053483,0.041524,0.212355
17040,0.009846,0.007298,0.098562
17050,0.050311,0.038422,0.199555
17060,0.012163,0.008832,0.204245
17070,0.013894,0.010419,0.176830
17080,0.009179,0.006639,0.047979
17090,0.045743,0.035119,0.175962
17100,0.017492,0.013287,0.131562
17110,0.033015,0.024813,0.171546
17120,0.038270,0.031375,0.172378
17130,0.058458,0.045146,0.221842
17140,0.029701,0.022252,0.147559
17150,0.013058,0.009566,0.111734
17160,0.040295,0.030130,0.176594
17170,0.040322,0.030007,0.190886
17180,0.011529,0.008664,0.104346
17190,0.037088,0.027947,0.152793
17200,0.006019,0.005174,0.125726
17210,0.020100,0.015319,0.100732
17220,0.027314,0.020589,0.150177
17230,0.044600,0.034339,0.198187
17240,0.036436,0.027913,0.169266
17250,0.021305,0.015978,0.134788
17260,0.054286,0.041345,0.203730
17270,0.031052,0.023603,0.148930
17280,0.024308,0.017801,0.156167
17290,0.026419,0.020190,0.144503
17300,0.023552,0.017792,0.135534
17310,0.017596,0.013179,0.132935
17320,0.034652,0.026233,0.149741
17330,0.031964,0.023959,0.155826
17340,0.050965,0.038957,0.208644
17350,0.011656,0.009218,0.114559
17360,0.004717,0.003623,0.069568
17370,0.014564,0.010591,0.109048
17380,0.031724,0.023680,0.160352
17390,0.015183,0.011360,0.119357
17400,0.022943,0.016776,0.143080
17410,0.024149,0.018115,0.119745
17420,0.031055,0.023442,0.155437
17430,0.017479,0.013262,0.127819
17440,0.013770,0.010399,0.111379
17450,0.039590,0.030328,0.169887
17460,0.031749,0.023681,0.159055
17470,0.027268,0.020643,0.132980
17480,0.014449,0.010902,0.115655
17490,0.015960,0.011898,0.113925
17500,0.019184,0.014575,0.123134
17510,0.042748,0.032106,0.173035
17520,0.037732,0.028416,0.170149
17530,0.019448,0.013485,0.153984
17540,0.034624,0.025676,0.167365
17550,0.033567,0.025024,0.144777
17560,0.031469,0.023636,0.153723
17570,0.020327,0.015186,0.127349
17580,0.052738,0.040157,0.206004
17590,0.023417,0.017718,0.135138
17600,0.034811,0.025787,0.178328
17610,0.029480,0.022343,0.153025
17620,0.027052,0.020286,0.143506
17630,0.033677,0.025504,0.157922
17640,0.055172,0.040808,0.219843
17650,0.038035,0.028466,0.169378
17660,0.011190,0.008473,0.104270
17670,0.064630,0.048754,0.230772
17680,0.004898,0.003599,0.104632
17690,0.025694,0.019167,0.148722
17700,0.021926,0.016420,0.129798
17710,0.029893,0.023008,0.167073
17720,0.038755,0.028776,0.177094
17730,0.011146,0.008948,0.107859
17740,0.031054,0.023220,0.160801
17750,0.029428,0.021773,0.161176
17760,0.041536,0.031408,0.183144
17770,0.026797,0.020883,0.142813
17780,0.020950,0.015547,0.191818
17790,0.004470,0.003510,0.037607
17800,0.013772,0.010258,0.113638
17810,0.042435,0.032058,0.183767
17820,0.038008,0.029018,0.170542
17830,0.010897,0.007894,0.099130
17840,0.027427,0.020693,0.137476
17850,0.012835,0.009340,0.116774
17860,0.011936,0.008492,0.152015
17870,0.013955,0.010336,0.110068
17880,0.016614,0.012582,0.128623
17890,0.046251,0.032058,0.259185
17900,0.027215,0.020781,0.157325
17910,0.017574,0.012970,0.150107
17920,0.038237,0.028935,0.173546
17930,0.041238,0.031330,0.165873
17940,0.034346,0.025869,0.163208
17950,0.021980,0.016181,0.134783
17960,0.034466,0.025983,0.170654
17970,0.024074,0.018586,0.124398
17980,0.076782,0.059359,0.268458
17990,0.023457,0.017388,0.135307
18000,0.028660,0.021229,0.157315
18010,0.024616,0.018641,0.125999
18020,0.018597,0.014372,0.109255
18030,0.029183,0.020459,0.158352
18040,0.017077,0.012282,0.080958
18050,0.031036,0.023471,0.154195
18060,0.050932,0.038244,0.189424
18070,0.005229,0.004608,0.128928
18080,0.022949,0.017209,0.166328
18090,0.022934,0.017249,0.113818
18100,0.009506,0.006972,0.128330
18110,0.020729,0.015862,0.154597
18120,0.035401,0.027407,0.151690
18130,0.004704,0.004543,0.091514
18140,0.031823,0.023730,0.158572
18150,0.047371,0.036385,0.201405
18160,0.016556,0.012541,0.113641
18170,0.026060,0.019307,0.127549
18180,0.050422,0.038863,0.194864
18190,0.043954,0.033007,0.182740
18200,0.026599,0.019516,0.150934
18210,0.016156,0.012468,0.122151
18220,0.051152,0.039231,0.210968
18230,0.028540,0.021206,0.154834
18240,0.015745,0.012153,0.129624
18250,0.041392,0.031505,0.177404
18260,0.025324,0.019046,0.146579
18270,0.025872,0.020830,0.117941
18280,0.027004,0.020069,0.151666
18290,0.010140,0.007175,0.121536
18300,0.022268,0.016834,0.132743
18310,0.041710,0.032165,0.182136
18320,0.038739,0.029198,0.170688
18330,0.022164,0.016557,0.130271
18340,0.047702,0.036011,0.185761
18350,0.027686,0.021092,0.146644
18360,0.023251,0.017472,0.114859
18370,0.040181,0.030554,0.175578
18380,0.008174,0.006216,0.127405
18390,0.029313,0.021832,0.147538
18400,0.019573,0.014442,0.109656
18410,0.031691,0.023020,0.155198
18420,0.034295,0.026028,0.157759
18430,0.033927,0.025951,0.171129
18440,0.015477,0.011412,0.111551
18450,0.042921,0.032540,0.180929
18460,0.017026,0.012667,0.119286
18470,0.045480,0.034282,0.193639
18480,0.025213,0.020173,0.152301
18490,0.041505,0.031194,0.180479
18500,0.027515,0.020937,0.156065
18510,0.009380,0.006934,0.079640
18520,0.015812,0.012165,0.118989
18530,0.041445,0.030985,0.163459
18540,0.029159,0.022375,0.152778
18550,0.034986,0.025883,0.165557
18560,0.043212,0.033070,0.172457
18570,0.046361,0.035383,0.179783
18580,0.009828,0.007200,0.134108
18590,0.024595,0.018169,0.143691
18600,0.024673,0.019919,0.161231
18610,0.017951,0.012989,0.134781
18620,0.042541,0.032326,0.196755
18630,0.013001,0.009950,0.067478
18640,0.048209,0.036800,0.194381
18650,0.033675,0.025840,0.174151
18660,0.025662,0.018951,0.188886
18670,0.027500,0.020763,0.153268
18680,0.004617,0.003609,0.114831
18690,0.033494,0.025485,0.156241
18700,0.045387,0.034515,0.187938
18710,0.029913,0.022323,0.158897
18720,0.014081,0.010483,0.131760
18730,0.010844,0.009979,0.222890
18740,0.007666,0.006026,0.062811
18750,0.026809,0.020074,0.145199
18760,0.032910,0.028562,0.174222
18770,0.045161,0.034426,0.189476
18780,0.033227,0.025028,0.167208
18790,0.008032,0.006242,0.039992
18800,0.019895,0.014847,0.129178
18810,0.025695,0.019456,0.145772
18820,0.024163,0.018283,0.151661
18830,0.036201,0.028190,0.153269
18840,0.026686,0.020095,0.146028
18850,0.041860,0.032094,0.166785
18860,0.026537,0.019739,0.161550
18870,0.010433,0.007688,0.104091
18880,0.032294,0.024267,0.156731
18890,0.017741,0.013499,0.136870
18900,0.021718,0.017294,0.128768
18910,0.031234,0.023699,0.149660
18920,0.038030,0.028679,0.173478
18930,0.051336,0.039093,0.184433
18940,0.053299,0.039617,0.215228
18950,0.019148,0.014249,0.142916
18960,0.021554,0.016187,0.134558
18970,0.029326,0.022361,0.156194
18980,0.013839,0.010389,0.117929
18990,0.035809,0.026818,0.212662
19000,0.048548,0.037020,0.197175
19010,0.018699,0.013956,0.125739
19020,0.037893,0.029015,0.172637
19030,0.019438,0.014648,0.096923
19040,0.033309,0.024954,0.142645
19050,0.026013,0.018646,0.147271
19060,0.048743,0.037047,0.203965
19070,0.046002,0.034620,0.203247
19080,0.012425,0.009251,0.115161
19090,0.026306,0.019915,0.154561
19100,0.015150,0.010913,0.119538
19110,0.024266,0.018622,0.103738
19120,0.007108,0.005453,0.053878
19130,0.022023,0.016705,0.132659
19140,0.020846,0.015293,0.153316
19150,0.018224,0.013673,0.141468
19160,0.030288,0.022591,0.169071
19170,0.046609,0.035868,0.189086
19180,0.023165,0.017237,0.134488
19190,0.021298,0.016171,0.125250
19200,0.042074,0.032445,0.167304
19210,0.027489,0.020720,0.148041
19220,0.018782,0.013576,0.121593
19230,0.045137,0.034205,0.171467
19240,0.058939,0.043774,0.222752
19250,0.012985,0.009166,0.138853
19260,0.020453,0.015739,0.115053
19270,0.051652,0.039817,0.208969
19280,0.050048,0.038288,0.198968
19290,0.044492,0.032740,0.164329
19300,0.015104,0.011200,0.118097
19310,0.030434,0.021876,0.157820
19320,0.014288,0.010487,0.110937
19330,0.017417,0.012946,0.323321
19340,0.034556,0.026727,0.178785
19350,0.038853,0.028894,0.174122
19360,0.036995,0.028366,0.198747
19370,0.045062,0.034101,0.203854
19380,0.026107,0.019674,0.134905
19390,0.019871,0.015535,0.131852
19400,0.061776,0.046906,0.222848
19410,0.015726,0.011925,0.096531
19420,0.047345,0.035696,0.199569
19430,0.026235,0.019154,0.162843
19440,0.036783,0.027818,0.142949
19450,0.015610,0.011934,0.109185
19460,0.036584,0.028317,0.148932
19470,0.031057,0.023154,0.139023
19480,0.008693,0.006184,0.122259
19490,0.014685,0.010998,0.129547
19500,0.017054,0.014134,0.129450
19510,0.034116,0.025738,0.160200
19520,0.024605,0.018574,0.141468
19530,0.018091,0.014007,0.088694
19540,0.011423,0.008699,0.101209
19550,0.045566,0.035222,0.221704
19560,0.023617,0.018877,0.121737
19570,0.033166,0.025143,0.176445
19580,0.042536,0.032837,0.169567
19590,0.033453,0.025437,0.153370
19600,0.038863,0.029163,0.170954
19610,0.036969,0.028301,0.164714
19620,0.014706,0.011123,0.108060
19630,0.007658,0.005669,0.115305
19640,0.033735,0.025196,0.164696
19650,0.026272,0.019681,0.142990
19660,0.011952,0.008610,0.073792
19670,0.030102,0.022496,0.153416
19680,0.039589,0.030079,0.165550
19690,0.024537,0.018486,0.125676
19700,0.012784,0.009882,0.097861
19710,0.045386,0.034043,0.183316
19720,0.040356,0.030570,0.178428
19730,0.044632,0.033331,0.190623
19740,0.027211,0.020321,0.148814
19750,0.008050,0.006028,0.096292
19760,0.043257,0.033653,0.168783
19770,0.015504,0.011686,0.086281
19780,0.021899,0.016481,0.123075
19790,0.023914,0.017908,0.124522
19800,0.015172,0.011201,0.116186
19810,0.035807,0.027073,0.143730
19820,0.017034,0.012687,0.134218
19830,0.027227,0.020396,0.150082
19840,0.027460,0.020654,0.143166
19850,0.027687,0.020792,0.152394
19860,0.023334,0.018046,0.147929
19870,0.031417,0.023585,0.152698
19880,0.014284,0.009599,0.176390
19890,0.018192,0.013147,0.136463
19900,0.028548,0.021110,0.145145
19910,0.026716,0.019790,0.146964
19920,0.011512,0.008512,0.103872
19930,0.013580,0.009784,0.094415
19940,0.033360,0.025469,0.168343
19950,0.027633,0.021314,0.146331
19960,0.037389,0.028434,0.180171
19970,0.027307,0.020914,0.134893
19980,0.013521,0.010019,0.106064
19990,0.031083,0.022855,0.129533
20000,0.031078,0.023645,0.140534
20010,0.013663,0.008489,0.166794
20020,0.012161,0.009135,0.107021
20030,0.010587,0.008091,0.122327
20040,0.011422,0.008573,0.097704
20050,0.051555,0.039411,0.200448
20060,0.026592,0.020324,0.172761
20070,0.014946,0.010961,0.121898
20080,0.030037,0.023859,0.155960
20090,0.042994,0.032196,0.177695
20100,0.023650,0.017454,0.132842
20110,0.020067,0.014294,0.141690
20120,0.035721,0.026693,0.170708
20130,0.058412,0.044710,0.220405
20140,0.000485,0.000468,0.089291
20150,0.004353,0.003708,0.038994
20160,0.047174,0.036026,0.182406
20170,0.003668,0.002597,0.095400
20180,0.043672,0.032816,0.192362
20190,0.013545,0.009730,0.107521
20200,0.019099,0.013949,0.162770
20210,0.014499,0.010585,0.079303
20220,0.014666,0.010686,0.088310
20230,0.019720,0.014959,0.119090
20240,0.056012,0.042632,0.213248
20250,0.036606,0.027870,0.171592
20260,0.022263,0.016478,0.151530
20270,0.019761,0.015571,0.110215
20280,0.014203,0.010044,0.075118
20290,0.008996,0.006185,0.146782
20300,0.044779,0.034692,0.178472
20310,0.028398,0.021584,0.141439
20320,0.023767,0.018108,0.128686
20330,0.024166,0.017670,0.136461
20340,0.019102,0.014002,0.131934
20350,0.036654,0.027398,0.171709
20360,0.023597,0.017300,0.153124
20370,0.016573,0.012114,0.110712
20380,0.021371,0.015851,0.140496
20390,0.038470,0.028988,0.159898
20400,0.035848,0.028282,0.171292
20410,0.017538,0.013141,0.133677
20420,0.014664,0.010687,0.128033
20430,0.039836,0.030017,0.171409
20440,0.038826,0.028841,0.172248
20450,0.038444,0.029027,0.174267
20460,0.036276,0.028036,0.137499
20470,0.035490,0.025476,0.163372
20480,0.023270,0.017650,0.104520
20490,0.027896,0.021214,0.110385
20500,0.033721,0.026131,0.151973
20510,0.056870,0.043411,0.231070
20520,0.013620,0.010651,0.061556
20530,0.025563,0.018636,0.135223
20540,0.036780,0.028085,0.165985
20550,0.032536,0.024717,0.145387
20560,0.021381,0.016358,0.147735
20570,0.015942,0.011974,0.102257
20580,0.021613,0.016273,0.125426
20590,0.018202,0.012658,0.242015
20600,0.053606,0.042174,0.214668
20610,0.011718,0.008718,0.101628
20620,0.024749,0.018612,0.113666
20630,0.038484,0.029251,0.169795
20640,0.033346,0.024723,0.172404
20650,0.032937,0.024901,0.155097
20660,0.025260,0.019146,0.135699
20670,0.025259,0.018956,0.153174
20680,0.039776,0.030026,0.172107
20690,0.016331,0.013285,0.116264
20700,0.011117,0.008041,0.107139
20710,0.040735,0.031485,0.173560
20720,0.018665,0.014006,0.125957
20730,0.026351,0.019575,0.147310
20740,0.032133,0.024292,0.137487
20750,0.008266,0.006374,0.076015
20760,0.038349,0.028638,0.173956
20770,0.032734,0.024275,0.133165
20780,0.035901,0.027088,0.160155
20790,0.038752,0.029246,0.159268
20800,0.020192,0.015636,0.096735
20810,0.022703,0.017176,0.140166
20820,0.024430,0.018292,0.140907
20830,0.003927,0.004645,0.149553
20840,0.000010,0.000008,0.000032
20850,0.041380,0.031319,0.185129
20860,0.023267,0.017691,0.133890
20870,0.018821,0.013827,0.126954
20880,0.037005,0.028260,0.167581
20890,0.013578,0.010117,0.113802
20900,0.045608,0.033868,0.187851
20910,0.027928,0.021223,0.133240
20920,0.046443,0.035309,0.188787
20930,0.013945,0.010531,0.083954
20940,0.026556,0.019683,0.121632
20950,0.032721,0.024634,0.159228
20960,0.037508,0.028126,0.170462
20970,0.043331,0.032862,0.181161
20980,0.024815,0.018719,0.138051
20990,0.041984,0.031949,0.182331
21000,0.037486,0.028738,0.168113
21010,0.037325,0.028397,0.175847
21020,0.030635,0.023054,0.143784
21030,0.037972,0.029276,0.155624
21040,0.045651,0.034226,0.179773
21050,0.037474,0.027587,0.156355
21060,0.008014,0.005657,0.107183
21070,0.033358,0.025758,0.117722
21080,0.024742,0.018958,0.107317
21090,0.048654,0.036956,0.201545
21100,0.023583,0.017518,0.145565
21110,0.021254,0.015498,0.141580
21120,0.029583,0.022238,0.136960
21130,0.017001,0.013374,0.165732
21140,0.042499,0.029460,0.222136
21150,0.036315,0.027727,0.149260
21160,0.033492,0.025152,0.166742
21170,0.017198,0.012307,0.125577
21180,0.039459,0.029836,0.173668
21190,0.034410,0.026945,0.170121
21200,0.019408,0.014229,0.135301
21210,0.010188,0.007521,0.315038
21220,0.013015,0.010276,0.112694
21230,0.018102,0.013942,0.101116
21240,0.018255,0.013617,0.138691
21250,0.027622,0.021109,0.114510
21260,0.019500,0.014582,0.133088
21270,0.012092,0.008780,0.119903
21280,0.006667,0.004822,0.105736
21290,0.031264,0.023136,0.136927
21300,0.044300,0.033678,0.186214
21310,0.044110,0.033711,0.189665
21320,0.016336,0.011958,0.130966
21330,0.015791,0.012403,0.087132
21340,0.032852,0.025142,0.129762
21350,0.026554,0.019665,0.166788
21360,0.003811,0.002799,0.142507
21370,0.013005,0.010147,0.109825
21380,0.025329,0.019498,0.119579
21390,0.039630,0.029646,0.174680
21400,0.035761,0.026776,0.165968
21410,0.011023,0.008067,0.091671
21420,0.051149,0.038296,0.204010
21430,0.018998,0.014564,0.138817
21440,0.016406,0.012208,0.123741
21450,0.030821,0.023232,0.122647
21460,0.002133,0.001493,0.123212
21470,0.037526,0.028485,0.171009
21480,0.023171,0.017884,0.114346
21490,0.015246,0.011673,0.128981
21500,0.019742,0.014798,0.132058
21510,0.023108,0.017820,0.098290
21520,0.051612,0.037377,0.212458
21530,0.039957,0.029867,0.189144
21540,0.037864,0.028315,0.176305
21550,0.008457,0.006325,0.099707
21560,0.026897,0.020287,0.123891
21570,0.042692,0.031360,0.181292
21580,0.016603,0.012342,0.130413
21590,0.042898,0.032725,0.193173
21600,0.022080,0.016953,0.138282
21610,0.049746,0.037520,0.199827
21620,0.037046,0.027634,0.171535
21630,0.044921,0.033291,0.188640
21640,0.043871,0.032787,0.191376
21650,0.026342,0.020182,0.147181
21660,0.027714,0.020658,0.126327
21670,0.026820,0.020467,0.138459
21680,0.051774,0.038839,0.191270
21690,0.013268,0.010099,0.105521
21700,0.031050,0.023118,0.132355
21710,0.015635,0.011844,0.125653
21720,0.021657,0.016431,0.116622
21730,0.041480,0.031866,0.171816
21740,0.030048,0.022792,0.153871
21750,0.020614,0.015756,0.133373
21760,0.021613,0.015838,0.128490
21770,0.056457,0.043387,0.195474
21780,0.005582,0.004266,0.098865
21790,0.025275,0.019504,0.143199
21800,0.031141,0.024224,0.143945
21810,0.005589,0.004125,0.110798
21820,0.014103,0.011132,0.126798
21830,0.048533,0.036874,0.187222
21840,0.016625,0.012380,0.117877
21850,0.025966,0.019371,0.142371
21860,0.028198,0.021218,0.152495
21870,0.023646,0.017754,0.141951
21880,0.037703,0.028338,0.164106
21890,0.022985,0.017595,0.112249
21900,0.049762,0.038215,0.199778
21910,0.021501,0.015847,0.136431
21920,0.026434,0.019362,0.140786
21930,0.029671,0.022328,0.143387
21940,0.053044,0.039485,0.224342
21950,0.010279,0.007788,0.088783
21960,0.013658,0.010249,0.117172
21970,0.049480,0.037991,0.193612
21980,0.011982,0.009014,0.091438
21990,0.029708,0.022892,0.129525
22000,0.011511,0.008695,0.102669
22010,0.037487,0.028423,0.172443
22020,0.021239,0.015908,0.132131
22030,0.015733,0.011995,0.128990
22040,0.014046,0.010328,0.121153
22050,0.040119,0.029929,0.178193
22060,0.002084,0.001456,0.112470
22070,0.032009,0.024598,0.157537
22080,0.033851,0.025673,0.165180
22090,0.024737,0.018746,0.156256
22100,0.038520,0.028119,0.179952
22110,0.049090,0.037542,0.177522
22120,0.021670,0.016351,0.105083
22130,0.008252,0.006081,0.080590
22140,0.011368,0.008451,0.104607
22150,0.038390,0.028676,0.177789
22160,0.022253,0.016429,0.142597
22170,0.000972,0.000944,0.043910
22180,0.010709,0.008127,0.090644
22190,0.007430,0.005050,0.047933
22200,0.059282,0.044946,0.213473
22210,0.037468,0.028508,0.148993
22220,0.014606,0.010416,0.114958
22230,0.037222,0.027930,0.165832
22240,0.035069,0.026417,0.162842
22250,0.020423,0.015539,0.114598
22260,0.014190,0.011306,0.075407
22270,0.022157,0.016914,0.129664
22280,0.018915,0.014275,0.115719
22290,0.009426,0.006543,0.059402
22300,0.031080,0.022751,0.168991
22310,0.024416,0.017280,0.131469
22320,0.010177,0.007534,0.088805
22330,0.027883,0.022406,0.149758
22340,0.020255,0.015337,0.107476
22350,0.000022,0.000025,0.000082
22360,0.022440,0.017165,0.137551
22370,0.033513,0.025246,0.169312
22380,0.080164,0.061141,0.270399
22390,0.011275,0.008172,0.093144
22400,0.031904,0.023945,0.154465
22410,0.011134,0.008123,0.083721
22420,0.050424,0.038196,0.199577
22430,0.025128,0.019049,0.143365
22440,0.032145,0.025035,0.159616
22450,0.021669,0.016638,0.126614
22460,0.018541,0.014071,0.121516
22470,0.019928,0.015116,0.125155
22480,0.014824,0.011400,0.069704
22490,0.021283,0.015865,0.136240
22500,0.037657,0.028913,0.163420
22510,0.032670,0.025114,0.146469
22520,0.030965,0.023961,0.142877
22530,0.012844,0.009659,0.098335
22540,0.015446,0.010860,0.157356
22550,0.019045,0.014229,0.127202
22560,0.022411,0.016687,0.125268
22570,0.027094,0.020522,0.136691
22580,0.018443,0.013787,0.136375
22590,0.032597,0.024216,0.172922
22600,0.019404,0.014820,0.110564
22610,0.017019,0.012567,0.113445
22620,0.040851,0.031372,0.159422
22630,0.025121,0.019200,0.135877
22640,0.021152,0.015098,0.105080
22650,0.026669,0.020353,0.110139
22660,0.032755,0.024490,0.152043
22670,0.031875,0.024449,0.162069
22680,0.019717,0.014378,0.146205
22690,0.030431,0.023207,0.145956
22700,0.027024,0.020194,0.110837
22710,0.021584,0.016517,0.130535
22720,0.040398,0.030210,0.171721
22730,0.021513,0.016250,0.124846
22740,0.019757,0.015142,0.118500
22750,0.031980,0.024304,0.162785
22760,0.028321,0.021110,0.152695
22770,0.018786,0.015053,0.115694
22780,0.031134,0.023770,0.142318
22790,0.030917,0.023198,0.156300
22800,0.031551,0.023734,0.149678
22810,0.017288,0.012426,0.135656
22820,0.001537,0.001201,0.092064
22830,0.019016,0.014305,0.122153
22840,0.035108,0.027038,0.152482
22850,0.022848,0.017466,0.152166
22860,0.022283,0.016640,0.129311
22870,0.028791,0.022179,0.141331
22880,0.027400,0.020655,0.142423
22890,0.039616,0.029584,0.183215
22900,0.011674,0.008700,0.099296
22910,0.020283,0.015541,0.094931
22920,0.060773,0.043962,0.222977
22930,0.011652,0.008600,0.102078
22940,0.039568,0.030284,0.160240
22950,0.040786,0.030754,0.171674
22960,0.040680,0.030115,0.175748
22970,0.033009,0.024978,0.167728
22980,0.021255,0.015952,0.122760
22990,0.011568,0.008565,0.099607
23000,0.026638,0.020317,0.134913
23010,0.018415,0.013561,0.131699
23020,0.019115,0.014465,0.127372
23030,0.031197,0.023728,0.158878
23040,0.004455,0.003418,0.082932
23050,0.012725,0.009379,0.113631
23060,0.025871,0.019370,0.148093
23070,0.021587,0.016248,0.126452
23080,0.029489,0.022264,0.146930
23090,0.000487,0.000313,0.044534
23100,0.031501,0.023853,0.155132
23110,0.019713,0.014903,0.130308
23120,0.033134,0.025677,0.165978
23130,0.029633,0.022579,0.129041
23140,0.007295,0.005387,0.090968
23150,0.020342,0.015140,0.138231
23160,0.038144,0.029117,0.141261
23170,0.021778,0.018275,0.193177
23180,0.035612,0.027077,0.147279
23190,0.028856,0.021901,0.130341
23200,0.018703,0.014373,0.084460
23210,0.012517,0.009485,0.106996
23220,0.048659,0.036438,0.182255
23230,0.010878,0.008299,0.051987
23240,0.029166,0.022003,0.152008
23250,0.042754,0.032449,0.180206
23260,0.057857,0.043672,0.218250
23270,0.025169,0.018687,0.114153
23280,0.011113,0.008246,0.099157
23290,0.017523,0.012908,0.115325
23300,0.045473,0.036293,0.180885
23310,0.009753,0.007054,0.086578
23320,0.047027,0.035596,0.193441
23330,0.036873,0.027295,0.171928
23340,0.041930,0.031739,0.165225
23350,0.016165,0.012094,0.124282
23360,0.072206,0.054266,0.243552
23370,0.019791,0.015535,0.126240
23380,0.019296,0.014285,0.128440
23390,0.035098,0.026649,0.159351
23400,0.012122,0.008885,0.112471
23410,0.028636,0.021944,0.131288
23420,0.025747,0.019565,0.141332
23430,0.012101,0.009160,0.117388
23440,0.010084,0.007552,0.064028
23450,0.048238,0.035600,0.198339
23460,0.025070,0.018567,0.138350
23470,0.036960,0.027339,0.178397
23480,0.044775,0.033640,0.187376
23490,0.027669,0.021232,0.137377
23500,0.027817,0.021209,0.146067
23510,0.020644,0.016007,0.117145
23520,0.020753,0.015187,0.137715
23530,0.010041,0.007272,0.194879
23540,0.030134,0.022746,0.146418
23550,0.015839,0.011533,0.116325
23560,0.028347,0.021369,0.153471
23570,0.014013,0.010633,0.081154
23580,0.018693,0.015944,0.087688
23590,0.020234,0.015707,0.131718
23600,0.016120,0.012760,0.122609
23610,0.006833,0.004663,0.131503
23620,0.021234,0.016479,0.147101
23630,0.025613,0.019424,0.130787
23640,0.023001,0.017064,0.133746
23650,0.020219,0.014075,0.126375
23660,0.033367,0.024995,0.137079
23670,0.047063,0.036801,0.189766
23680,0.017415,0.012742,0.118529
23690,0.001314,0.001234,0.199949
23700,0.021927,0.016611,0.130445
23710,0.030992,0.023563,0.151440
23720,0.026225,0.019505,0.123460
23730,0.027201,0.020397,0.144955
23740,0.052353,0.042879,0.213008
23750,0.023104,0.017096,0.136426
23760,0.031779,0.024360,0.160316
23770,0.024688,0.018471,0.135566
23780,0.021535,0.015916,0.130943
23790,0.017449,0.012964,0.125170
23800,0.011639,0.008938,0.102559
23810,0.021327,0.015875,0.099019
23820,0.025285,0.018994,0.144321
23830,0.027612,0.020717,0.146828
23840,0.051541,0.039407,0.206134
23850,0.058952,0.045122,0.223285
23860,0.010823,0.008073,0.100100
23870,0.027863,0.021843,0.139309
23880,0.015662,0.011687,0.065717
23890,0.019148,0.014147,0.090386
23900,0.032248,0.024869,0.148513
23910,0.032648,0.024714,0.152445
23920,0.024388,0.018539,0.137552
23930,0.026155,0.019913,0.125634
23940,0.020197,0.015510,0.119216
23950,0.025901,0.019159,0.135768
23960,0.041612,0.031456,0.179092
23970,0.006876,0.005034,0.119436
23980,0.023081,0.017218,0.092000
23990,0.036714,0.027991,0.167438
24000,0.052054,0.039366,0.203472
24010,0.012925,0.009822,0.062657
24020,0.022807,0.017453,0.133885
24030,0.014369,0.010485,0.108700
24040,0.027782,0.021002,0.120848
24050,0.052303,0.038941,0.201057
24060,0.028446,0.020048,0.150506
24070,0.014099,0.010870,0.116604
24080,0.026751,0.021198,0.111607
24090,0.029137,0.021793,0.130325
24100,0.009113,0.006703,0.101901
24110,0.052342,0.039326,0.185294
24120,0.038761,0.029147,0.165614
24130,0.023136,0.017741,0.132701
24140,0.000150,0.000126,0.656497
24150,0.037528,0.028609,0.159598
24160,0.018497,0.013665,0.119434
24170,0.029111,0.022591,0.140884
24180,0.026899,0.020283,0.142986
24190,0.029577,0.022863,0.139371
24200,0.037829,0.028995,0.174060
24210,0.025699,0.019126,0.144970
24220,0.018447,0.013554,0.131159
24230,0.004112,0.002760,0.656051
24240,0.017424,0.013131,0.128609
24250,0.014571,0.011077,0.068332
24260,0.031447,0.024306,0.137427
24270,0.011377,0.007988,0.113012
24280,0.019493,0.014622,0.116225
24290,0.013033,0.009309,0.106279
24300,0.018864,0.013979,0.118343
24310,0.030440,0.023070,0.152792
24320,0.017562,0.012722,0.126168
24330,0.009424,0.006936,0.100616
24340,0.029820,0.022355,0.153768
24350,0.010957,0.007575,0.122950
24360,0.011461,0.008563,0.097520
24370,0.030976,0.023422,0.161328
24380,0.041451,0.031589,0.174895
24390,0.023313,0.018313,0.107896
24400,0.019525,0.014641,0.123136
24410,0.022680,0.017179,0.138617
24420,0.001819,0.001364,0.019419
24430,0.068971,0.051781,0.242270
24440,0.003733,0.002777,0.034238
24450,0.040427,0.031597,0.170214
24460,0.047994,0.036250,0.209773
24470,0.043948,0.033700,0.178601
24480,0.019214,0.014315,0.094652
24490,0.004147,0.003034,0.021552
24500,0.026825,0.019892,0.147946
24510,0.031878,0.023451,0.138124
24520,0.000634,0.000436,0.113489
24530,0.042546,0.032590,0.180611
24540,0.029414,0.022490,0.131504
24550,0.015840,0.011943,0.124124
24560,0.027592,0.021984,0.106373
24570,0.035282,0.025850,0.142481
24580,0.004697,0.003282,0.106493
24590,0.021602,0.017048,0.134534
24600,0.023546,0.017821,0.094740
24610,0.057477,0.044658,0.221070
24620,0.036424,0.027291,0.162590
24630,0.023373,0.017403,0.145559
24640,0.031789,0.023679,0.161507
24650,0.021558,0.016605,0.111554
24660,0.022879,0.017045,0.130825
24670,0.010247,0.007490,0.100185
24680,0.035488,0.026951,0.166777
24690,0.031402,0.025014,0.155010
24700,0.002764,0.001947,0.080602
24710,0.031964,0.023777,0.147379
24720,0.043201,0.032524,0.195113
24730,0.038638,0.029599,0.169515
24740,0.021767,0.016017,0.129279
24750,0.035790,0.027289,0.160353
24760,0.025197,0.018985,0.134286
24770,0.016449,0.012343,0.114604
24780,0.016778,0.012910,0.091356
24790,0.042459,0.032150,0.173355
24800,0.028086,0.021895,0.137558
24810,0.020673,0.015279,0.123636
24820,0.036334,0.027358,0.167987
24830,0.021318,0.016324,0.127521
24840,0.011471,0.008564,0.076031
24850,0.006208,0.004632,0.037690
24860,0.031970,0.024187,0.149760
24870,0.015407,0.011517,0.247091
24880,0.018880,0.013483,0.085404
24890,0.025215,0.019353,0.100278
24900,0.016593,0.012464,0.117988
24910,0.037726,0.028724,0.170130
24920,0.020674,0.015811,0.119660
24930,0.015836,0.011648,0.138932
24940,0.010305,0.007599,0.098142
24950,0.055328,0.043750,0.224159
24960,0.023748,0.017954,0.143027
24970,0.029113,0.022117,0.147991
24980,0.027398,0.020736,0.137954
24990,0.014221,0.010784,0.077569
25000,0.020481,0.017209,0.138412
25010,0.031894,0.024107,0.156412
25020,0.029434,0.022537,0.151790
25030,0.018092,0.013583,0.091469
25040,0.012499,0.009395,0.128098
25050,0.033170,0.025965,0.170565
25060,0.038458,0.029514,0.164519
25070,0.041904,0.031236,0.180235
25080,0.023701,0.018111,0.135560
25090,0.021688,0.016329,0.127039
25100,0.030879,0.023266,0.148163
25110,0.010340,0.007752,0.099205
25120,0.005680,0.004184,0.089593
25130,0.022755,0.016874,0.133956
25140,0.023109,0.017290,0.142089
25150,0.031708,0.024932,0.156735
25160,0.029075,0.022048,0.141919
25170,0.022494,0.017149,0.132025
25180,0.032824,0.025075,0.156664
25190,0.038048,0.029270,0.173797
25200,0.020208,0.017146,0.102472
25210,0.037027,0.028267,0.142061
25220,0.038082,0.028733,0.176069
25230,0.026555,0.020197,0.153422
25240,0.023073,0.017524,0.109397
25250,0.011365,0.008844,0.114884
25260,0.045785,0.034768,0.192603
25270,0.018219,0.013253,0.132317
25280,0.032558,0.024656,0.155178
25290,0.025416,0.019455,0.132178
25300,0.044924,0.033926,0.187636
25310,0.012743,0.008599,0.094634
25320,0.061144,0.046621,0.221606
25330,0.014727,0.010862,0.105272
25340,0.027748,0.020910,0.127482
25350,0.044947,0.034627,0.183091
25360,0.055697,0.042574,0.211299
25370,0.025729,0.018607,0.137063
25380,0.051819,0.038951,0.213495
25390,0.017262,0.013086,0.113728
25400,0.036655,0.027701,0.159755
25410,0.019736,0.017380,0.114375
25420,0.029029,0.021813,0.154944
25430,0.017412,0.012827,0.090579
25440,0.045965,0.034363,0.161955
25450,0.024919,0.018853,0.135949
25460,0.023593,0.017600,0.130222
25470,0.036771,0.027640,0.159252
25480,0.009990,0.007283,0.124533
25490,0.046562,0.035209,0.184434
25500,0.047084,0.035981,0.184791
25510,0.045869,0.035297,0.188955
25520,0.025306,0.019191,0.126891
25530,0.014060,0.011537,0.110251
25540,0.007342,0.005652,0.179192
25550,0.029732,0.022712,0.145449
25560,0.029665,0.020353,0.134948
25570,0.045450,0.034917,0.192482
25580,0.007305,0.005924,0.058341
25590,0.034320,0.025956,0.148374
25600,0.022058,0.016872,0.096077
25610,0.032113,0.024531,0.162305
25620,0.004757,0.003316,0.093932
25630,0.019629,0.014645,0.120784
25640,0.022935,0.016924,0.124274
25650,0.034897,0.026725,0.159262
25660,0.041805,0.031965,0.173597
25670,0.018738,0.013991,0.128766
25680,0.028374,0.021643,0.113125
25690,0.006117,0.005098,0.102565
25700,0.039182,0.030364,0.171507
25710,0.041879,0.031598,0.179230
25720,0.023828,0.017808,0.107247
25730,0.038439,0.029075,0.163997
25740,0.021327,0.016878,0.153434
25750,0.015196,0.011298,0.131339
25760,0.033444,0.025305,0.150846
25770,0.022902,0.016818,0.186062
25780,0.033439,0.025524,0.140422
25790,0.021677,0.016515,0.130354
25800,0.010580,0.007421,0.123622
25810,0.001282,0.000946,0.102413
25820,0.035282,0.026485,0.160024
25830,0.016280,0.013125,0.160439
25840,0.039884,0.029982,0.174123
25850,0.036866,0.028008,0.146677
25860,0.006541,0.004782,0.095233
25870,0.028502,0.021895,0.133014
25880,0.012126,0.009205,0.111224
25890,0.016242,0.011762,0.085363
25900,0.045610,0.033925,0.179000
25910,0.014420,0.011625,0.088976
25920,0.028551,0.021663,0.147168
25930,0.031485,0.023539,0.150169
25940,0.052920,0.039809,0.204981
25950,0.055075,0.041877,0.204149
25960,0.022339,0.016554,0.129904
25970,0.052535,0.039464,0.182613
25980,0.023738,0.017874,0.140598
25990,0.021429,0.016151,0.135880
26000,0.019276,0.014549,0.120315
26010,0.006963,0.005378,0.098412
26020,0.006506,0.004724,0.103186
26030,0.015623,0.011696,0.115237
26040,0.017161,0.012821,0.122530
26050,0.023897,0.018577,0.123451
26060,0.017478,0.013133,0.090844
26070,0.004619,0.003389,0.074475
26080,0.015065,0.011240,0.111720
26090,0.019933,0.014647,0.103069
26100,0.036034,0.027085,0.163718
26110,0.019819,0.014572,0.132570
26120,0.013838,0.010317,0.103381
26130,0.053278,0.040913,0.203960
26140,0.025263,0.018719,0.157585
26150,0.038835,0.029453,0.171990
26160,0.041870,0.032463,0.161830
26170,0.035519,0.027114,0.147345
26180,0.025242,0.018919,0.134866
26190,0.033035,0.025202,0.143420
26200,0.032543,0.024622,0.166185
26210,0.025442,0.019046,0.127224
26220,0.007208,0.005708,0.163414
26230,0.056207,0.042746,0.211774
26240,0.056254,0.042822,0.221269
26250,0.018989,0.014231,0.140802
26260,0.031105,0.023874,0.143263
26270,0.022930,0.017310,0.130725
26280,0.032468,0.024541,0.151490
26290,0.033906,0.025531,0.154454
26300,0.028824,0.020874,0.149048
26310,0.029015,0.021657,0.154211
26320,0.021204,0.015427,0.148928
26330,0.021533,0.016286,0.135397
26340,0.057930,0.044057,0.214003
26350,0.025485,0.019392,0.128879
26360,0.035980,0.027258,0.165934
26370,0.045366,0.034820,0.188642
26380,0.035712,0.026731,0.165241
26390,0.035042,0.026340,0.161642
26400,0.027776,0.021089,0.142535
26410,0.022813,0.016975,0.127419
26420,0.030724,0.023393,0.153105
26430,0.027152,0.020708,0.142243
26440,0.041123,0.030805,0.188195
26450,0.015125,0.012132,0.104489
26460,0.036116,0.027240,0.154894
26470,0.029265,0.022150,0.138942
26480,0.015542,0.011885,0.113602
26490,0.020542,0.015471,0.100114
26500,0.019456,0.014643,0.111356
26510,0.024667,0.019123,0.132305
26520,0.004508,0.003284,0.098415
26530,0.051009,0.038702,0.202174
26540,0.022500,0.016953,0.118558
26550,0.026875,0.019697,0.144055
26560,0.024822,0.018920,0.134667
26570,0.010153,0.007789,0.056225
26580,0.018809,0.014334,0.116006
26590,0.020296,0.015264,0.122479
26600,0.038825,0.029083,0.170629
26610,0.005541,0.003830,0.114717
26620,0.024429,0.018441,0.129584
26630,0.025265,0.019287,0.126593
26640,0.020409,0.014940,0.123189
26650,0.014168,0.010753,0.108874
26660,0.029475,0.024371,0.127548
26670,0.012394,0.009412,0.099576
26680,0.025029,0.018786,0.130281
26690,0.039438,0.029527,0.188635
26700,0.026335,0.020483,0.139710
26710,0.023588,0.017939,0.114821
26720,0.031290,0.023586,0.150786
26730,0.011364,0.009134,0.131759
26740,0.039716,0.029965,0.170240
26750,0.014614,0.010790,0.091531
26760,0.015836,0.011175,0.123941
26770,0.021906,0.016591,0.124032
26780,0.018786,0.013922,0.144731
26790,0.008940,0.006351,0.098013
26800,0.012868,0.010254,0.084376
26810,0.027534,0.020930,0.119079
26820,0.008278,0.006265,0.106449
26830,0.050056,0.037797,0.181686
26840,0.014941,0.011157,0.118195
26850,0.020447,0.015295,0.131635
26860,0.026033,0.019271,0.141895
26870,0.012612,0.009194,0.109917
26880,0.046291,0.035583,0.184998
26890,0.041250,0.031164,0.172525
26900,0.034760,0.026509,0.161350
26910,0.034506,0.025803,0.164574
26920,0.027410,0.020587,0.144176
26930,0.024694,0.018252,0.146705
26940,0.023969,0.018064,0.128085
26950,0.013266,0.009878,0.127369
26960,0.032502,0.023859,0.153928
26970,0.028006,0.021065,0.119805
26980,0.030848,0.023360,0.162125
26990,0.010005,0.007426,0.093968
27000,0.025208,0.019067,0.133903
27010,0.018177,0.013766,0.133862
27020,0.042089,0.032050,0.179192
27030,0.007952,0.006185,0.114028
27040,0.029150,0.022093,0.151456
27050,0.051952,0.039172,0.193844
27060,0.022564,0.016840,0.135372
27070,0.032367,0.024952,0.138377
27080,0.019275,0.014364,0.130092
27090,0.021063,0.015970,0.100097
27100,0.029400,0.023005,0.102014
27110,0.002351,0.001737,0.115371
27120,0.023551,0.017960,0.135958
27130,0.027210,0.020725,0.142149
27140,0.026627,0.018715,0.156263
27150,0.011510,0.008467,0.071315
27160,0.015454,0.011354,0.125523
27170,0.018249,0.015164,0.129509
27180,0.025160,0.018481,0.142680
27190,0.027842,0.021044,0.149854
27200,0.032644,0.024610,0.147827
27210,0.040579,0.031094,0.143096
27220,0.037892,0.028783,0.172461
27230,0.012514,0.009357,0.112063
27240,0.004201,0.003147,0.098185
27250,0.037842,0.028860,0.155503
27260,0.027456,0.020936,0.152184
27270,0.001804,0.001385,0.012377
27280,0.035782,0.026949,0.159383
27290,0.033101,0.025020,0.144376
27300,0.024301,0.018388,0.129512
27310,0.020020,0.014907,0.115921
27320,0.016743,0.012735,0.116273
27330,0.012688,0.010010,0.139051
27340,0.020563,0.015480,0.125067
27350,0.012439,0.008496,0.157532
27360,0.030180,0.022622,0.146293
27370,0.028119,0.021151,0.141474
27380,0.042878,0.031176,0.210756
27390,0.027928,0.021674,0.127574
27400,0.029175,0.022596,0.133666
27410,0.018940,0.014067,0.092279
27420,0.025221,0.019322,0.127112
27430,0.002140,0.001966,0.116705
27440,0.048725,0.037511,0.199408
27450,0.024077,0.018024,0.126255
27460,0.021929,0.016852,0.122354
27470,0.034997,0.025113,0.150674
27480,0.042932,0.032751,0.175239
27490,0.002239,0.001531,0.163825
27500,0.043787,0.032955,0.186081
27510,0.041579,0.031665,0.174946
27520,0.035292,0.026526,0.184004
27530,0.011430,0.008396,0.092029
27540,0.033887,0.026334,0.160687
27550,0.001305,0.000891,0.078262
27560,0.017226,0.013678,0.065215
27570,0.031827,0.023599,0.159966
27580,0.010600,0.007963,0.088003
27590,0.040533,0.030853,0.167815
27600,0.017992,0.013567,0.115188
27610,0.041970,0.031693,0.178168
27620,0.041534,0.026763,0.228136
27630,0.021208,0.015854,0.118689
27640,0.042918,0.032717,0.157814
27650,0.022057,0.016701,0.126502
27660,0.034603,0.026803,0.137033
27670,0.051697,0.039689,0.196220
27680,0.031485,0.024188,0.149371
27690,0.027735,0.021600,0.129197
27700,0.037457,0.028484,0.166420
27710,0.034494,0.026450,0.160691
27720,0.015666,0.012104,0.078234
27730,0.017792,0.013087,0.114709
27740,0.021404,0.015873,0.130298
27750,0.031823,0.023736,0.152609
27760,0.039789,0.028925,0.198038
27770,0.032800,0.025428,0.126925
27780,0.029201,0.021964,0.149804
27790,0.012182,0.009065,0.164069
27800,0.034580,0.028392,0.171376
27810,0.013918,0.010130,0.095939
27820,0.012685,0.009304,0.067109
27830,0.042067,0.032060,0.166257
27840,0.018888,0.014339,0.114268
27850,0.004345,0.003200,0.111508
27860,0.001337,0.001029,0.074875
27870,0.043605,0.033166,0.171270
27880,0.046329,0.035206,0.188471
27890,0.016751,0.012478,0.113057
27900,0.017652,0.012810,0.081889
27910,0.026574,0.019941,0.139433
27920,0.023730,0.017828,0.136325
27930,0.015164,0.011033,0.113267
27940,0.042833,0.032829,0.176984
27950,0.068271,0.052008,0.240965
27960,0.005592,0.004947,0.186307
27970,0.013019,0.010280,0.076363
27980,0.030589,0.022891,0.152970
27990,0.020247,0.014940,0.141764
28000,0.012769,0.009315,0.111138
28010,0.029279,0.021796,0.152955
28020,0.043564,0.033281,0.181340
28030,0.012380,0.009418,0.068445
28040,0.021294,0.015978,0.125076
28050,0.060923,0.046695,0.225539
28060,0.035758,0.028714,0.164891
28070,0.016777,0.012366,0.116242
28080,0.012651,0.009236,0.111506
28090,0.023665,0.017399,0.128665
28100,0.030675,0.023549,0.151159
28110,0.018067,0.013633,0.132001
28120,0.008164,0.005669,0.107408
28130,0.046200,0.036146,0.185378
28140,0.035917,0.027293,0.170003
28150,0.025629,0.019731,0.118142
28160,0.014977,0.011041,0.098835
28170,0.034201,0.026499,0.140417
28180,0.033513,0.025182,0.149899
28190,0.028839,0.021740,0.135020
28200,0.010252,0.007392,0.101018
28210,0.016417,0.012634,0.163239
28220,0.013785,0.010144,0.100737
28230,0.016346,0.012649,0.087634
28240,0.006358,0.004776,0.101591
28250,0.028245,0.021231,0.145877
28260,0.030246,0.022494,0.149838
28270,0.040133,0.030415,0.176939
28280,0.039342,0.029838,0.148273
28290,0.017168,0.012816,0.107696
28300,0.021420,0.015917,0.094664
28310,0.031165,0.023639,0.162152
28320,0.020892,0.015649,0.130407
28330,0.017135,0.012801,0.089449
28340,0.030907,0.023291,0.148782
28350,0.047039,0.034849,0.194946
28360,0.018315,0.013461,0.122646
28370,0.021426,0.016038,0.124933
28380,0.016542,0.012190,0.123340
28390,0.033472,0.025445,0.159240
28400,0.030808,0.023355,0.161741
28410,0.017362,0.012702,0.121908
28420,0.037590,0.028467,0.166729
28430,0.016535,0.013042,0.134798
28440,0.029194,0.022455,0.141522
28450,0.028556,0.022460,0.149656
28460,0.002132,0.001351,0.121888
28470,0.022706,0.017233,0.127763
28480,0.016575,0.012426,0.132946
28490,0.050956,0.038924,0.202008
28500,0.019231,0.015432,0.142884
28510,0.028585,0.021613,0.134206
28520,0.038073,0.028945,0.158710
28530,0.015933,0.011909,0.107588
28540,0.011767,0.008885,0.136633
28550,0.006219,0.004548,0.076199
28560,0.027548,0.021008,0.139577
28570,0.014419,0.010516,0.062882
28580,0.014506,0.010441,0.106605
28590,0.020042,0.014987,0.119159
28600,0.018917,0.015308,0.144611
28610,0.043089,0.032870,0.174904
28620,0.018095,0.013306,0.119660
28630,0.020789,0.015418,0.123976
28640,0.033697,0.025633,0.152023
28650,0.019968,0.016087,0.106897
28660,0.030667,0.022839,0.156959
28670,0.021009,0.015907,0.099109
28680,0.036109,0.027515,0.142151
28690,0.024518,0.018945,0.099974
28700,0.025398,0.019264,0.166454
28710,0.027370,0.021287,0.122744
28720,0.005738,0.004008,0.126442
28730,0.024507,0.018352,0.134514
28740,0.018822,0.014047,0.125988
28750,0.034549,0.026252,0.159059
28760,0.051914,0.039974,0.191895
28770,0.021712,0.016042,0.130879
28780,0.038458,0.028818,0.163049
28790,0.014052,0.010538,0.109039
28800,0.026233,0.019879,0.143739
28810,0.034330,0.025555,0.118942
28820,0.030356,0.022460,0.149603
28830,0.043192,0.032284,0.182164
28840,0.009561,0.007522,0.089321
28850,0.029669,0.022697,0.116648
28860,0.022782,0.016843,0.114407
28870,0.022384,0.016664,0.118030
28880,0.006269,0.004783,0.121305
28890,0.017437,0.013260,0.089724
28900,0.023520,0.017868,0.150994
28910,0.000003,0.000002,0.000009
28920,0.005504,0.004597,0.037890
28930,0.007036,0.005410,0.054350
28940,0.023571,0.018179,0.122745
28950,0.045402,0.034945,0.183273
28960,0.000005,0.000005,0.000018
28970,0.003112,0.002127,0.107620
28980,0.034567,0.026004,0.177273
28990,0.018816,0.014121,0.114110
29000,0.018360,0.013469,0.114580
29010,0.001434,0.001116,0.192439
29020,0.034675,0.026333,0.164560
29030,0.025722,0.018751,0.120557
29040,0.026620,0.020385,0.139575
29050,0.003455,0.003367,0.356755
29060,0.028965,0.022062,0.138817
29070,0.014452,0.011132,0.112905
29080,0.029362,0.022545,0.151945
29090,0.031095,0.023398,0.144985
29100,0.033063,0.025160,0.156897
29110,0.024263,0.018564,0.137952
29120,0.015620,0.011884,0.116718
29130,0.006680,0.005034,0.049928
29140,0.012246,0.008950,0.128508
29150,0.055570,0.042343,0.213230
29160,0.017270,0.013188,0.111797
29170,0.027281,0.020849,0.143576
29180,0.019881,0.014856,0.117907
29190,0.040115,0.030433,0.171500
29200,0.012672,0.009209,0.085844
29210,0.020305,0.015565,0.121432
29220,0.038728,0.030094,0.176429
29230,0.001093,0.000816,0.078177
29240,0.030090,0.023063,0.136200
29250,0.005503,0.003938,0.138607
29260,0.070460,0.053921,0.244948
29270,0.026847,0.019906,0.124217
29280,0.034737,0.025792,0.167913
29290,0.038854,0.029780,0.154418
29300,0.044118,0.033453,0.180928
29310,0.023908,0.017667,0.130229
29320,0.006178,0.004638,0.096826
29330,0.030948,0.023798,0.125796
29340,0.042378,0.031725,0.164226
29350,0.014143,0.010488,0.100999
29360,0.013447,0.009994,0.106258
29370,0.039577,0.029711,0.172551
29380,0.045223,0.033959,0.184794
29390,0.027296,0.021103,0.146472
29400,0.018731,0.014486,0.133551
29410,0.016183,0.011853,0.125973
29420,0.022741,0.017419,0.110947
29430,0.005003,0.003687,0.098123
29440,0.025197,0.018853,0.124088
29450,0.024344,0.018368,0.105283
29460,0.023594,0.018165,0.134602
29470,0.003366,0.002743,0.099606
29480,0.046303,0.034821,0.178714
29490,0.027846,0.021278,0.157151
29500,0.029488,0.022038,0.143499
29510,0.049501,0.037314,0.191361
29520,0.035216,0.026620,0.143225
29530,0.021388,0.015935,0.133711
29540,0.037238,0.028445,0.167499
29550,0.018602,0.013815,0.115566
29560,0.016976,0.012798,0.095605
29570,0.019420,0.014530,0.125884
29580,0.020558,0.015551,0.122188
29590,0.011168,0.009061,0.096540
29600,0.037024,0.028208,0.163285
29610,0.022965,0.017321,0.132100
29620,0.006157,0.005063,0.115101
29630,0.026532,0.020077,0.142004
29640,0.029578,0.022767,0.158438
29650,0.026599,0.020228,0.136343
29660,0.018441,0.013499,0.123900
29670,0.000006,0.000002,0.000015
29680,0.026458,0.020090,0.148168
29690,0.005775,0.004178,0.081959
29700,0.014028,0.010502,0.107759
29710,0.024455,0.018776,0.106366
29720,0.018876,0.014297,0.104734
29730,0.019878,0.014442,0.089329
29740,0.046517,0.035590,0.175895
29750,0.032319,0.023988,0.163324
29760,0.020954,0.015936,0.110403
29770,0.000778,0.000575,0.164948
29780,0.004808,0.003377,0.151888
29790,0.001660,0.001271,0.173828
29800,0.030568,0.023139,0.144670
29810,0.048187,0.036793,0.189164
29820,0.030709,0.023052,0.142462
29830,0.025441,0.019267,0.146192
29840,0.036271,0.027252,0.161433
29850,0.025222,0.017602,0.137187
29860,0.021951,0.016542,0.112045
29870,0.025311,0.019246,0.127206
29880,0.037985,0.029091,0.169067
29890,0.038994,0.029220,0.172968
29900,0.016940,0.012002,0.105555
29910,0.023725,0.017959,0.152072
29920,0.017553,0.013047,0.118136
29930,0.005147,0.003548,0.050379
29940,0.014784,0.011161,0.106951
29950,0.017022,0.013200,0.095440
29960,0.001407,0.001056,0.451844
29970,0.040033,0.030283,0.177174
29980,0.034071,0.025532,0.143432
29990,0.029182,0.021730,0.150198
30000,0.019649,0.013615,0.130872
30010,0.042806,0.032340,0.169171
30020,0.010728,0.008039,0.104739
30030,0.016062,0.011760,0.113037
30040,0.001399,0.001051,0.099392
30050,0.025204,0.019625,0.138941
30060,0.017537,0.013064,0.117505
30070,0.027257,0.020987,0.139070
30080,0.012338,0.009145,0.102811
30090,0.017915,0.013296,0.108323
30100,0.017091,0.012635,0.130747
30110,0.014176,0.010659,0.109052
30120,0.025475,0.020693,0.124884
30130,0.036210,0.029177,0.161658
30140,0.032035,0.028293,0.303391
30150,0.039709,0.030146,0.168513
30160,0.032852,0.024810,0.147606
30170,0.050929,0.038440,0.197641
30180,0.049440,0.037621,0.189208
30190,0.065323,0.049647,0.225227
30200,0.005858,0.004116,0.124173
30210,0.029246,0.021488,0.158969
30220,0.012607,0.009570,0.072944
30230,0.025805,0.019516,0.144625
30240,0.003943,0.002782,0.100163
30250,0.038344,0.028993,0.165869
30260,0.013272,0.010114,0.060671
30270,0.020629,0.015453,0.137218
30280,0.019962,0.014867,0.106418
30290,0.047438,0.035392,0.193104
30300,0.025794,0.020018,0.130615
30310,0.020311,0.014732,0.130940
30320,0.014637,0.010555,0.115869
30330,0.010295,0.007568,0.045850
30340,0.015263,0.011617,0.108320
30350,0.057550,0.043988,0.215955
30360,0.052638,0.041573,0.246879
30370,0.025963,0.019844,0.137100
30380,0.026998,0.020559,0.154906
30390,0.042912,0.032791,0.178916
30400,0.025258,0.019410,0.128360
30410,0.047737,0.036067,0.197298
30420,0.016070,0.011654,0.122996
30430,0.047026,0.035563,0.167477
30440,0.028524,0.021437,0.144023
30450,0.024382,0.018427,0.133394
30460,0.023837,0.018002,0.128418
30470,0.011517,0.008741,0.052099
30480,0.025971,0.019392,0.135601
30490,0.025182,0.018609,0.141355
30500,0.038187,0.028982,0.172042
30510,0.030283,0.023507,0.137912
30520,0.018182,0.013764,0.106881
30530,0.006927,0.004888,0.114964
30540,0.016845,0.012642,0.122978
30550,0.026215,0.020428,0.120009
30560,0.005621,0.003934,0.152461
30570,0.035205,0.025873,0.136861
30580,0.026419,0.019698,0.139229
30590,0.029793,0.022413,0.151069
30600,0.032970,0.024837,0.159863
30610,0.013182,0.008634,0.130542
30620,0.007285,0.005053,0.107057
30630,0.041698,0.031815,0.174377
30640,0.002746,0.002149,0.085932
30650,0.014447,0.010986,0.110562
30660,0.026417,0.019927,0.142840
30670,0.015974,0.012379,0.102450
30680,0.011133,0.008219,0.098277
30690,0.003277,0.002367,0.066548
30700,0.015660,0.012032,0.080556
30710,0.037994,0.028812,0.164139
30720,0.025310,0.019179,0.128929
30730,0.027601,0.020745,0.145341
30740,0.019287,0.014319,0.139160
30750,0.014579,0.011117,0.065053
30760,0.016442,0.012533,0.145138
30770,0.023461,0.017589,0.138369
30780,0.014327,0.010392,0.110373
30790,0.017840,0.013491,0.123601
30800,0.028191,0.021094,0.150193
30810,0.020218,0.015452,0.112112
30820,0.028334,0.021116,0.140779
30830,0.022097,0.016668,0.130809
30840,0.037485,0.028585,0.157217
30850,0.027333,0.020748,0.142942
30860,0.023642,0.017793,0.130640
30870,0.033299,0.024980,0.163001
30880,0.021889,0.016397,0.119525
30890,0.026535,0.020123,0.134204
30900,0.030295,0.023002,0.142440
30910,0.024923,0.018837,0.127492
30920,0.053913,0.041628,0.215936
30930,0.038890,0.028988,0.172835
30940,0.037387,0.028337,0.151225
30950,0.011982,0.009278,0.096621
30960,0.013083,0.010213,0.106754
30970,0.001202,0.000773,0.176257
30980,0.020024,0.015092,0.121493
30990,0.048327,0.036775,0.200725
31000,0.019955,0.014835,0.107237
31010,0.036105,0.027093,0.158823
31020,0.016429,0.012521,0.106668
31030,0.019388,0.014648,0.120453
31040,0.030570,0.023215,0.127168
31050,0.017198,0.012945,0.111953
31060,0.016818,0.012774,0.128869
31070,0.016370,0.011441,0.117935
31080,0.035296,0.025954,0.157249
31090,0.025973,0.019464,0.151392
31100,0.016327,0.012326,0.096571
31110,0.037271,0.028692,0.144330
31120,0.030518,0.022760,0.143370
31130,0.032957,0.024837,0.151689
31140,0.022321,0.017261,0.151960
31150,0.024598,0.018996,0.131789
31160,0.004606,0.003426,0.131338
31170,0.022310,0.016299,0.127026
31180,0.012191,0.008680,0.117472
31190,0.021233,0.015749,0.125956
31200,0.040202,0.030764,0.181646
31210,0.014527,0.010887,0.106729
31220,0.018885,0.014109,0.110821
31230,0.021405,0.015159,0.086076
31240,0.024258,0.018401,0.122500
31250,0.013617,0.010217,0.103793
31260,0.058603,0.044506,0.213672
31270,0.026659,0.019946,0.138213
31280,0.027540,0.020836,0.136473
31290,0.012153,0.009428,0.105650
31300,0.035639,0.027380,0.159255
31310,0.032862,0.025074,0.154327
31320,0.030685,0.023193,0.153348
31330,0.014671,0.010565,0.109704
31340,0.004639,0.003435,0.054716
31350,0.033948,0.025764,0.163544
31360,0.033751,0.025291,0.154095
31370,0.021463,0.016305,0.120043
31380,0.028147,0.021196,0.142483
31390,0.022312,0.016821,0.122470
31400,0.023869,0.017700,0.134377
31410,0.031499,0.023965,0.150804
31420,0.021693,0.016441,0.128225
31430,0.008262,0.006716,0.066932
31440,0.012605,0.009379,0.100810
31450,0.016993,0.012490,0.121771
31460,0.025402,0.019372,0.132377
31470,0.016816,0.012447,0.121956
31480,0.007121,0.005263,0.074106
31490,0.027390,0.019889,0.138596
31500,0.027782,0.020740,0.146675
31510,0.021157,0.015806,0.126152
31520,0.009640,0.007450,0.052653
31530,0.033731,0.025472,0.154134
31540,0.039087,0.030267,0.169504
31550,0.031356,0.023517,0.122976
31560,0.042441,0.032042,0.190316
31570,0.011638,0.009174,0.066037
31580,0.025671,0.020059,0.136247
31590,0.001767,0.001199,0.092873
31600,0.011713,0.008684,0.100151
31610,0.019992,0.014615,0.110622
31620,0.022905,0.017322,0.097574
31630,0.001777,0.001380,0.093147
31640,0.027277,0.020883,0.128978
31650,0.029937,0.022558,0.142755
31660,0.016909,0.012315,0.115859
31670,0.016315,0.011869,0.112314
31680,0.022432,0.016644,0.129300
31690,0.025845,0.020451,0.130745
31700,0.008023,0.006067,0.043331
31710,0.018421,0.013779,0.120642
31720,0.027895,0.022394,0.110476
31730,0.025801,0.019373,0.143778
31740,0.014671,0.010967,0.116951
31750,0.057742,0.044555,0.220978
31760,0.013162,0.009962,0.112459
31770,0.020292,0.015756,0.122636
31780,0.013796,0.009364,0.148525
31790,0.003135,0.002337,0.022058
31800,0.046034,0.034987,0.177937
31810,0.024547,0.018660,0.098071
31820,0.025023,0.018583,0.120871
31830,0.008613,0.006478,0.128915
31840,0.005756,0.004153,0.133151
31850,0.007154,0.005656,0.048312
31860,0.027436,0.020962,0.131456
31870,0.012691,0.009532,0.103715
31880,0.014229,0.010801,0.114807
31890,0.005104,0.003699,0.116423
31900,0.013201,0.009885,0.107989
31910,0.035676,0.026803,0.159790
31920,0.019489,0.014808,0.103443
31930,0.010883,0.007824,0.106168
31940,0.031808,0.023891,0.152596
31950,0.023810,0.018136,0.131442
31960,0.040592,0.030501,0.161657
31970,0.043469,0.033018,0.186027
31980,0.023507,0.016780,0.134921
31990,0.021064,0.015656,0.129033
32000,0.046294,0.034889,0.184233
32010,0.021788,0.016096,0.133205
32020,0.013285,0.009902,0.096434
32030,0.012371,0.009895,0.127170
32040,0.025894,0.019902,0.133603
32050,0.032999,0.025155,0.149915
32060,0.004315,0.003124,0.083333
32070,0.013676,0.010358,0.105119
32080,0.017825,0.013268,0.133281
32090,0.029938,0.022611,0.147629
32100,0.009132,0.006655,0.088298
32110,0.030091,0.022894,0.126925
32120,0.047121,0.035771,0.182274
32130,0.029680,0.022755,0.119784
32140,0.010726,0.007911,0.101151
32150,0.031781,0.023823,0.143809
32160,0.040737,0.030537,0.165818
32170,0.019106,0.014254,0.141676
32180,0.020563,0.015405,0.114393
32190,0.008977,0.007075,0.059060
32200,0.013953,0.010345,0.102271
32210,0.061440,0.047202,0.219294
32220,0.027155,0.020612,0.137647
32230,0.012621,0.009797,0.077191
32240,0.014416,0.010922,0.125650
32250,0.021839,0.016308,0.127874
32260,0.004582,0.003300,0.086659
32270,0.041784,0.031711,0.178621
32280,0.022013,0.016460,0.107652
32290,0.055129,0.042094,0.190130
32300,0.016517,0.012418,0.080392
32310,0.016857,0.013371,0.121929
32320,0.024508,0.017922,0.142467
32330,0.008092,0.005923,0.119284
32340,0.014989,0.011354,0.115324
32350,0.038554,0.029325,0.162155
32360,0.003763,0.003200,0.514856
32370,0.020232,0.015559,0.113112
32380,0.008749,0.006640,0.088260
32390,0.035876,0.027136,0.162549
32400,0.001972,0.001273,0.156903
32410,0.038901,0.030307,0.166467
32420,0.010669,0.008501,0.082018
32430,0.043047,0.032225,0.180559
32440,0.045411,0.034314,0.184592
32450,0.050695,0.038598,0.192097
32460,0.011904,0.008906,0.096861
32470,0.032815,0.024560,0.155986
32480,0.053684,0.041684,0.203098
32490,0.037194,0.029039,0.151512
32500,0.003691,0.002659,0.025830
32510,0.019785,0.014641,0.094881
32520,0.025338,0.018883,0.133720
32530,0.010324,0.007443,0.094361
32540,0.012777,0.009548,0.118067
32550,0.007200,0.005361,0.049628
32560,0.025708,0.019524,0.133669
32570,0.032453,0.024890,0.155833
32580,0.016811,0.012466,0.124889
32590,0.012452,0.009425,0.101966
32600,0.027704,0.024255,0.142623
32610,0.025167,0.018746,0.128716
32620,0.016138,0.012287,0.088507
32630,0.040512,0.030000,0.186357
32640,0.045289,0.034146,0.187237
32650,0.032842,0.024590,0.150516
32660,0.034213,0.025705,0.159813
32670,0.021578,0.016240,0.125624
32680,0.026267,0.019851,0.140106
32690,0.014987,0.016571,0.144703
32700,0.008542,0.006163,0.050722
32710,0.041540,0.031493,0.175043
32720,0.021535,0.016706,0.144399
32730,0.028481,0.021557,0.135494
32740,0.026953,0.020430,0.122083
32750,0.030480,0.022843,0.154204
32760,0.018369,0.013799,0.136203
32770,0.018829,0.014009,0.119087
32780,0.007873,0.005805,0.035772
32790,0.018268,0.013756,0.126926
32800,0.010793,0.008271,0.113660
32810,0.038418,0.029989,0.160372
32820,0.011255,0.008545,0.098317
32830,0.021961,0.016575,0.107179
32840,0.032269,0.024531,0.128553
32850,0.012940,0.009559,0.106124
32860,0.011304,0.008562,0.109684
32870,0.010177,0.007866,0.092840
32880,0.034105,0.025966,0.163531
32890,0.027981,0.020348,0.110104
32900,0.043265,0.032570,0.174284
32910,0.008395,0.005575,0.120154
32920,0.028977,0.022042,0.140496
32930,0.002043,0.001483,0.106233
32940,0.021351,0.015826,0.150424
32950,0.006859,0.005495,0.118048
32960,0.027221,0.020833,0.114670
32970,0.007946,0.005832,0.109818
32980,0.044211,0.033887,0.180422
32990,0.024373,0.018471,0.123510
33000,0.015211,0.010501,0.141464
33010,0.030138,0.022634,0.143144
33020,0.039158,0.030042,0.165537
33030,0.023291,0.017923,0.102388
33040,0.023688,0.017775,0.127036
33050,0.012909,0.009370,0.099689
33060,0.047377,0.036287,0.201754
33070,0.009235,0.006777,0.050829
33080,0.023415,0.017748,0.129966
33090,0.036812,0.027931,0.166744
33100,0.025233,0.019367,0.106667
33110,0.013266,0.010038,0.104494
33120,0.016019,0.011862,0.124680
33130,0.023682,0.018301,0.110770
33140,0.028022,0.020660,0.146979
33150,0.022598,0.017116,0.132874
33160,0.026329,0.020072,0.150849
33170,0.017931,0.012760,0.133472
33180,0.023328,0.017889,0.123710
33190,0.026855,0.020394,0.125142
33200,0.048296,0.036322,0.193899
33210,0.023858,0.017978,0.134098
33220,0.035323,0.026983,0.160276
33230,0.025409,0.019711,0.130896
33240,0.030957,0.023306,0.144418
33250,0.011178,0.008507,0.103980
33260,0.015913,0.011823,0.117816
33270,0.019664,0.014737,0.119764
33280,0.027219,0.020320,0.146951
33290,0.022541,0.016854,0.125299
33300,0.034689,0.026919,0.184466
33310,0.035061,0.026425,0.167798
33320,0.012449,0.009320,0.075827
33330,0.031633,0.024077,0.159185
33340,0.004549,0.003132,0.106628
33350,0.036256,0.027424,0.153658
33360,0.031356,0.024093,0.125211
33370,0.027973,0.021331,0.139319
33380,0.028151,0.021185,0.148153
33390,0.024258,0.018590,0.141891
33400,0.019031,0.014120,0.124101
33410,0.013862,0.009873,0.076231
33420,0.024194,0.018230,0.136098
33430,0.019031,0.014416,0.102252
33440,0.011635,0.008576,0.105699
33450,0.010089,0.007232,0.081638
33460,0.021995,0.016662,0.120559
33470,0.013809,0.010397,0.114570
33480,0.002178,0.001635,0.015718
33490,0.024865,0.019100,0.137539
33500,0.048877,0.037068,0.187274
33510,0.013898,0.010365,0.117803
33520,0.018527,0.014134,0.121928
33530,0.037932,0.028397,0.164473
33540,0.032767,0.024921,0.155963
33550,0.011036,0.008054,0.115785
33560,0.020202,0.015044,0.102146
33570,0.034304,0.026127,0.129887
33580,0.049989,0.038193,0.185134
33590,0.062768,0.047712,0.223580
33600,0.018462,0.013599,0.130110
33610,0.037937,0.028620,0.163364
33620,0.022263,0.016867,0.119868
33630,0.033537,0.025555,0.134116
33640,0.013962,0.010423,0.093835
33650,0.024734,0.018675,0.138614
33660,0.040211,0.030790,0.155795
33670,0.021867,0.016576,0.117954
33680,0.025990,0.020599,0.099543
33690,0.023585,0.017879,0.127403
33700,0.018316,0.014125,0.075748
33710,0.031990,0.024101,0.152962
33720,0.046128,0.035315,0.186530
33730,0.019499,0.014815,0.113500
33740,0.035842,0.027117,0.162260
33750,0.037339,0.028532,0.162024
33760,0.007866,0.005856,0.077221
33770,0.048308,0.036472,0.183713
33780,0.036045,0.027343,0.155270
33790,0.010541,0.007799,0.093869
33800,0.012553,0.009064,0.113748
33810,0.020939,0.016104,0.114869
33820,0.013675,0.010395,0.108743
33830,0.024671,0.018815,0.140422
33840,0.003192,0.002261,0.103090
33850,0.021493,0.016287,0.128943
33860,0.006117,0.004746,0.035171
33870,0.052619,0.039834,0.194509
33880,0.022919,0.017242,0.125324
33890,0.022084,0.016614,0.115858
33900,0.011669,0.008990,0.060345
33910,0.029684,0.022977,0.130251
33920,0.023583,0.017742,0.094229
33930,0.035344,0.026402,0.162797
33940,0.031579,0.024352,0.151335
33950,0.011698,0.008821,0.095639
33960,0.046728,0.035199,0.183424
33970,0.018002,0.013340,0.126056
33980,0.028528,0.021586,0.137695
33990,0.018412,0.013930,0.123155
34000,0.020664,0.015573,0.124617
34010,0.007690,0.005405,0.118280
34020,0.030639,0.023957,0.144668
34030,0.029052,0.021194,0.116493
34040,0.027696,0.020856,0.123071
34050,0.055456,0.043415,0.206572
34060,0.031586,0.023722,0.162520
34070,0.014014,0.010667,0.107082
34080,0.033483,0.025759,0.156859
34090,0.004049,0.003008,0.103515
34100,0.026469,0.020338,0.111076
34110,0.035357,0.026177,0.160608
34120,0.012679,0.009214,0.105061
34130,0.032210,0.024014,0.143921
34140,0.023388,0.017459,0.114244
34150,0.033274,0.025080,0.152383
34160,0.016548,0.012369,0.118025
34170,0.019137,0.015045,0.080160
34180,0.040778,0.031135,0.162030
34190,0.017743,0.013591,0.129145
34200,0.019626,0.014858,0.088383
34210,0.009769,0.007134,0.104017
34220,0.040341,0.031057,0.162460
34230,0.012976,0.009757,0.100494
34240,0.018168,0.014197,0.068018
34250,0.017404,0.012981,0.124436
34260,0.031869,0.024448,0.155758
34270,0.037599,0.028790,0.159160
34280,0.041583,0.031918,0.160851
34290,0.034596,0.026158,0.158388
34300,0.028227,0.022151,0.149935
34310,0.013010,0.009553,0.114021
34320,0.038452,0.029198,0.159113
34330,0.038291,0.029089,0.165742
34340,0.054110,0.042256,0.209893
34350,0.049265,0.039156,0.211261
34360,0.015545,0.012102,0.082650
34370,0.012707,0.009270,0.096378
34380,0.021267,0.016025,0.125606
34390,0.024347,0.018294,0.141066
34400,0.036961,0.027944,0.169455
34410,0.019218,0.014400,0.100749
34420,0.033315,0.025154,0.151131
34430,0.023037,0.017488,0.146755
34440,0.021548,0.016394,0.102913
34450,0.023320,0.017123,0.129830
34460,0.016194,0.012350,0.081928
34470,0.028061,0.021303,0.145925
34480,0.021052,0.016038,0.110702
34490,0.032862,0.024918,0.161255
34500,0.014562,0.010900,0.105277
34510,0.013936,0.010038,0.111464
34520,0.015448,0.011449,0.117768
34530,0.035945,0.027762,0.163406
34540,0.009113,0.006593,0.094315
34550,0.001799,0.001168,0.067102
34560,0.018334,0.013772,0.113358
34570,0.031281,0.023644,0.152870
34580,0.040778,0.031158,0.174765
34590,0.004967,0.003615,0.646999
34600,0.020575,0.015611,0.112346
34610,0.012265,0.009299,0.095289
34620,0.036154,0.026379,0.176817
34630,0.027963,0.021654,0.133781
34640,0.024918,0.018759,0.134491
34650,0.032638,0.024666,0.149699
34660,0.026101,0.019221,0.126213
34670,0.030623,0.023460,0.131732
34680,0.024568,0.018496,0.133398
34690,0.004795,0.003365,0.094624
34700,0.027884,0.021242,0.145597
34710,0.025355,0.019699,0.114247
34720,0.025260,0.018680,0.129823
34730,0.012535,0.009336,0.098970
34740,0.023624,0.017952,0.120382
34750,0.014658,0.010450,0.113439
34760,0.032468,0.024781,0.149258
34770,0.056959,0.043586,0.211208
34780,0.028305,0.021349,0.130595
34790,0.011194,0.008582,0.055555
34800,0.012268,0.009535,0.068604
34810,0.020513,0.015911,0.130234
34820,0.013841,0.010160,0.123473
34830,0.033854,0.025871,0.153866
34840,0.014137,0.010314,0.110281
34850,0.014840,0.011390,0.094075
34860,0.019216,0.014571,0.109482
34870,0.055346,0.041996,0.214802
34880,0.028554,0.021472,0.132752
34890,0.023537,0.017523,0.126562
34900,0.031715,0.024163,0.119954
34910,0.024014,0.018133,0.137021
34920,0.017694,0.013185,0.114488
34930,0.025355,0.019311,0.147982
34940,0.018073,0.013698,0.101282
34950,0.029751,0.023017,0.141945
34960,0.027167,0.020640,0.127793
34970,0.021333,0.015993,0.122146
34980,0.045506,0.034792,0.182799
34990,0.019920,0.014511,0.124606
35000,0.015933,0.013252,0.120655
35010,0.023407,0.017438,0.126759
35020,0.037282,0.028218,0.169147
35030,0.037249,0.028208,0.162115
35040,0.020743,0.015727,0.120662
35050,0.024362,0.018391,0.142119
35060,0.030849,0.023499,0.154003
35070,0.033647,0.025601,0.141356
35080,0.035417,0.027083,0.154615
35090,0.016947,0.012537,0.093310
35100,0.020048,0.015058,0.127014
35110,0.028469,0.020636,0.134309
35120,0.029544,0.022316,0.159989
35130,0.005093,0.003677,0.042241
35140,0.009999,0.007539,0.101096
35150,0.019968,0.015038,0.117935
35160,0.034992,0.026270,0.153430
35170,0.022421,0.017371,0.126979
35180,0.022856,0.017326,0.133652
35190,0.004172,0.002929,0.086040
35200,0.014868,0.011273,0.172034
35210,0.034449,0.026438,0.152902
35220,0.034893,0.026450,0.155464
35230,0.011938,0.008930,0.064212
35240,0.021712,0.016234,0.133309
35250,0.022057,0.016766,0.110883
35260,0.036100,0.027733,0.154699
35270,0.031722,0.024233,0.149874
35280,0.039566,0.034534,0.178602
35290,0.019137,0.014073,0.119565
35300,0.022405,0.017512,0.179234
35310,0.024536,0.018259,0.128663
35320,0.014633,0.010920,0.112135
35330,0.030469,0.021732,0.213950
35340,0.029954,0.022757,0.142902
35350,0.036026,0.027488,0.164042
35360,0.016044,0.012071,0.091568
35370,0.008700,0.006560,0.046638
35380,0.026514,0.020425,0.126693
35390,0.023871,0.017701,0.112337
35400,0.023014,0.016906,0.135196
35410,0.017093,0.012543,0.124807
35420,0.011770,0.008729,0.059781
35430,0.021941,0.016288,0.114231
35440,0.031721,0.023976,0.154482
35450,0.023298,0.017344,0.137845
35460,0.034324,0.025898,0.146268
35470,0.040415,0.030788,0.166703
35480,0.040566,0.031002,0.168043
35490,0.006160,0.004775,0.085965
35500,0.008710,0.006629,0.070165
35510,0.021921,0.016533,0.140469
35520,0.020855,0.015576,0.114137
35530,0.019117,0.014685,0.103960
35540,0.034262,0.026796,0.155393
35550,0.020004,0.015297,0.095203
35560,0.020041,0.014829,0.111154
35570,0.029970,0.022830,0.147063
35580,0.019762,0.017771,0.340111
35590,0.018830,0.014252,0.102692
35600,0.045653,0.034594,0.181397
35610,0.028066,0.021856,0.122883
35620,0.030403,0.023343,0.141173
35630,0.011460,0.009048,0.080470
35640,0.015055,0.012054,0.120452
35650,0.030057,0.022718,0.151756
35660,0.026565,0.019924,0.135821
35670,0.031601,0.023856,0.151299
35680,0.026592,0.020531,0.131550
35690,0.035115,0.027134,0.158871
35700,0.023007,0.017213,0.131110
35710,0.029670,0.019915,0.145760
35720,0.030695,0.023395,0.145814
35730,0.052415,0.039781,0.198790
35740,0.008753,0.005740,0.093904
35750,0.026836,0.020291,0.111081
35760,0.033833,0.025962,0.163934
35770,0.037302,0.028108,0.165646
35780,0.014511,0.010640,0.121015
35790,0.038913,0.029472,0.164162
35800,0.042013,0.032277,0.183589
35810,0.036616,0.027579,0.170817
35820,0.013596,0.010323,0.107178
35830,0.020586,0.015547,0.116584
35840,0.018508,0.014096,0.131530
35850,0.001843,0.001363,0.116136
35860,0.020926,0.015972,0.122817
35870,0.029732,0.022872,0.133302
35880,0.025106,0.018988,0.133767
35890,0.015736,0.011849,0.113731
35900,0.011289,0.008594,0.096406
35910,0.015623,0.011441,0.120125
35920,0.033412,0.025325,0.138919
35930,0.019358,0.014737,0.125973
35940,0.018220,0.014036,0.082528
35950,0.044010,0.033556,0.180942
35960,0.018250,0.014257,0.144054
35970,0.023598,0.017557,0.136564
35980,0.008978,0.006493,0.113778
35990,0.032929,0.025263,0.138979
36000,0.029380,0.022151,0.152737
36010,0.014004,0.010526,0.112625
36020,0.023587,0.017428,0.131842
36030,0.025209,0.018894,0.144499
36040,0.041131,0.031176,0.169093
36050,0.032999,0.023848,0.129747
36060,0.017418,0.013093,0.112218
36070,0.023053,0.017685,0.121212
36080,0.016777,0.012529,0.112433
36090,0.010236,0.006872,0.101148
36100,0.008098,0.005612,0.097223
36110,0.014310,0.010833,0.103605
36120,0.035317,0.026472,0.162528
36130,0.026630,0.024699,0.158484
36140,0.018303,0.013327,0.106283
36150,0.036603,0.029070,0.169593
36160,0.012476,0.009173,0.107787
36170,0.012125,0.008662,0.101713
36180,0.036585,0.027745,0.139505
36190,0.013893,0.010818,0.107324
36200,0.038875,0.029566,0.164541
36210,0.025390,0.019200,0.126003
36220,0.026737,0.019645,0.135814
36230,0.048055,0.036526,0.174564
36240,0.019650,0.014591,0.100648
36250,0.018869,0.014550,0.088336
36260,0.046351,0.034855,0.179302
36270,0.017417,0.013404,0.120035
36280,0.039807,0.030141,0.143352
36290,0.039708,0.031068,0.174445
36300,0.034250,0.026169,0.157822
36310,0.024866,0.018987,0.134286
36320,0.016890,0.012565,0.125385
36330,0.023984,0.018079,0.145419
36340,0.010275,0.007800,0.088136
36350,0.011555,0.008580,0.098371
36360,0.023913,0.018093,0.129291
36370,0.027250,0.020584,0.133243
36380,0.010235,0.007744,0.086358
36390,0.017394,0.013114,0.095164
36400,0.014066,0.010657,0.108066
36410,0.038516,0.028801,0.160784
36420,0.021425,0.015656,0.155218
36430,0.018280,0.015084,0.115460
36440,0.022938,0.017921,0.156668
36450,0.014897,0.010975,0.133170
36460,0.025868,0.018930,0.140950
36470,0.011893,0.008738,0.105916
36480,0.032890,0.024614,0.150294
36490,0.014386,0.010892,0.095529
36500,0.020924,0.015843,0.126160
36510,0.037805,0.029126,0.152944
36520,0.015453,0.011645,0.089868
36530,0.024437,0.018586,0.133476
36540,0.028931,0.021955,0.139165
36550,0.027911,0.021327,0.131584
36560,0.019736,0.014707,0.119743
36570,0.026120,0.019690,0.135211
36580,0.005885,0.004055,0.105022
36590,0.037460,0.028797,0.163201
36600,0.028163,0.021160,0.130416
36610,0.011148,0.008586,0.097766
36620,0.015178,0.010992,0.112490
36630,0.009334,0.006751,0.119531
36640,0.017591,0.012734,0.117508
36650,0.029209,0.021974,0.138320
36660,0.018354,0.014672,0.086978
36670,0.005127,0.003625,0.032978
36680,0.013753,0.010078,0.077962
36690,0.021019,0.015786,0.118517
36700,0.002011,0.001756,0.040130
36710,0.022625,0.017038,0.101172
36720,0.015496,0.011938,0.084881
36730,0.005455,0.004290,0.097821
36740,0.024059,0.018146,0.136532
36750,0.009951,0.007382,0.113496
36760,0.035756,0.027176,0.161178
36770,0.012695,0.009541,0.092139
36780,0.015217,0.010770,0.084785
36790,0.005359,0.004080,0.117864
36800,0.000002,0.000001,0.000005
36810,0.017347,0.013206,0.119890
36820,0.016883,0.012571,0.086396
36830,0.024381,0.019007,0.098272
36840,0.008874,0.006745,0.056661
36850,0.009018,0.006817,0.077475
36860,0.012992,0.009181,0.098516
36870,0.018300,0.013887,0.107535
36880,0.010869,0.007813,0.118030
36890,0.049255,0.037907,0.179763
36900,0.016473,0.012144,0.116541
36910,0.013755,0.010089,0.120323
36920,0.024471,0.018366,0.097309
36930,0.025280,0.019315,0.115078
36940,0.014312,0.011116,0.112237
36950,0.023537,0.017664,0.130685
36960,0.047027,0.035769,0.188232
36970,0.031009,0.023407,0.138923
36980,0.039728,0.030191,0.163843
36990,0.017347,0.012835,0.102104
37000,0.027203,0.020853,0.119906
37010,0.020530,0.015797,0.089657
37020,0.017825,0.012910,0.124782
37030,0.022096,0.016518,0.135003
37040,0.009878,0.007046,0.097684
37050,0.026666,0.020230,0.136414
37060,0.013511,0.010182,0.091022
37070,0.015457,0.011632,0.109402
37080,0.015234,0.011214,0.123018
37090,0.039022,0.029914,0.164724
37100,0.021687,0.016396,0.135565
37110,0.022758,0.017500,0.116918
37120,0.029744,0.022444,0.152108
37130,0.030483,0.023252,0.143643
37140,0.015853,0.013124,0.149767
37150,0.031490,0.023670,0.151170
37160,0.016433,0.012432,0.131948
37170,0.027977,0.021772,0.137769
37180,0.032032,0.024577,0.140599
37190,0.039474,0.030133,0.152073
37200,0.034715,0.026405,0.156228
37210,0.020533,0.015644,0.105062
37220,0.020903,0.015729,0.112624
37230,0.031351,0.023654,0.144641
37240,0.039757,0.030465,0.169893
37250,0.020386,0.015841,0.113598
37260,0.029936,0.022717,0.143753
37270,0.013335,0.010064,0.100785
37280,0.020428,0.015253,0.108186
37290,0.019543,0.015169,0.127054
37300,0.015726,0.011644,0.111010
37310,0.017266,0.012815,0.124621
37320,0.012249,0.009237,0.094762
37330,0.002272,0.001697,0.038336
37340,0.013205,0.010258,0.099160
37350,0.012654,0.009355,0.103649
37360,0.034583,0.026362,0.140756
37370,0.022993,0.017211,0.133645
37380,0.037335,0.028703,0.146501
37390,0.000211,0.000217,0.650426
37400,0.027848,0.021306,0.122178
37410,0.022777,0.017403,0.119699
37420,0.016290,0.012288,0.099838
37430,0.039605,0.027462,0.161444
37440,0.053855,0.041513,0.200219
37450,0.013838,0.010590,0.064689
37460,0.056761,0.043066,0.203612
37470,0.010095,0.007619,0.074136
37480,0.028260,0.021071,0.140462
37490,0.027128,0.020393,0.143143
37500,0.048862,0.037378,0.189104
37510,0.016027,0.012054,0.099432
37520,0.012156,0.009095,0.112000
37530,0.020405,0.016553,0.130817
37540,0.048965,0.037149,0.187917
37550,0.013115,0.009617,0.102300
37560,0.033085,0.025055,0.152256
37570,0.012683,0.009652,0.095024
37580,0.037815,0.028687,0.162243
37590,0.013071,0.010129,0.057332
37600,0.013197,0.009942,0.102711
37610,0.026119,0.019981,0.127816
37620,0.030064,0.022036,0.151552
37630,0.027251,0.020802,0.136596
37640,0.024723,0.019323,0.129535
37650,0.022350,0.016705,0.111693
37660,0.017199,0.012814,0.123068
37670,0.016035,0.012049,0.099438
37680,0.004441,0.003270,0.125729
37690,0.017768,0.013273,0.085717
37700,0.050180,0.037997,0.193454
37710,0.021917,0.016537,0.125636
37720,0.021775,0.016184,0.128830
37730,0.021638,0.016724,0.102087
37740,0.029211,0.022211,0.134240
37750,0.044478,0.033751,0.167520
37760,0.002831,0.002127,0.110836
37770,0.018841,0.014181,0.114511
37780,0.033256,0.025489,0.151503
37790,0.026296,0.020183,0.115910
37800,0.036811,0.028658,0.143026
37810,0.032095,0.024312,0.153590
37820,0.019573,0.015347,0.091382
37830,0.028229,0.020671,0.147278
37840,0.034198,0.026495,0.153271
37850,0.019179,0.014257,0.126181
37860,0.011459,0.008520,0.099493
37870,0.048306,0.036465,0.194207
37880,0.008888,0.006645,0.084461
37890,0.026983,0.020396,0.125087
37900,0.017902,0.013469,0.121158
37910,0.034059,0.025459,0.145028
37920,0.003629,0.002581,0.086842
37930,0.021066,0.015875,0.119711
37940,0.013455,0.009860,0.110044
37950,0.044431,0.034272,0.181024
37960,0.000009,0.000027,0.000062
37970,0.036327,0.027844,0.162233
37980,0.010791,0.008084,0.070395
37990,0.020574,0.015567,0.087714
38000,0.020394,0.015632,0.118388
38010,0.016426,0.011321,0.117417
38020,0.018750,0.014418,0.126396
38030,0.033025,0.024633,0.153102
38040,0.019870,0.015096,0.117723
38050,0.021209,0.017017,0.130648
38060,0.027167,0.020368,0.106893
38070,0.021219,0.016003,0.130442
38080,0.035026,0.026564,0.143907
38090,0.025159,0.018863,0.129013
38100,0.006658,0.005022,0.051490
38110,0.035202,0.026697,0.159657
38120,0.039030,0.030166,0.152656
38130,0.010966,0.008414,0.092182
38140,0.015027,0.011170,0.110128
38150,0.013162,0.010019,0.103920
38160,0.030941,0.023580,0.138976
38170,0.015613,0.012332,0.088186
38180,0.010362,0.007340,0.080145
38190,0.044774,0.034391,0.173180
38200,0.019618,0.014809,0.121560
38210,0.021949,0.016745,0.121565
38220,0.027385,0.020853,0.112569
38230,0.000001,0.000000,0.000002
38240,0.006803,0.005176,0.079912
38250,0.018970,0.013860,0.106069
38260,0.021055,0.015874,0.125828
38270,0.014252,0.011653,0.095622
38280,0.010587,0.008355,0.098050
38290,0.027481,0.020757,0.141820
38300,0.029131,0.022019,0.147522
38310,0.032127,0.024239,0.148698
38320,0.025329,0.019183,0.127467
38330,0.022796,0.017295,0.132198
38340,0.029209,0.022146,0.129726
38350,0.016289,0.012392,0.108508
38360,0.027484,0.020758,0.129265
38370,0.025980,0.019562,0.109545
38380,0.019816,0.014406,0.114492
38390,0.042898,0.033527,0.175326
38400,0.023914,0.017979,0.136458
38410,0.032913,0.025915,0.162089
38420,0.029930,0.022957,0.147225
38430,0.028376,0.021091,0.138314
38440,0.013539,0.011257,0.083283
38450,0.018965,0.014218,0.110338
38460,0.014126,0.009885,0.125614
38470,0.023705,0.018613,0.101735
38480,0.008238,0.006222,0.114230
38490,0.042056,0.032334,0.162467
38500,0.023718,0.017861,0.140374
38510,0.011801,0.008807,0.103045
38520,0.037887,0.028867,0.162756
38530,0.015634,0.011944,0.107635
38540,0.015072,0.011463,0.083728
38550,0.039722,0.030020,0.165397
38560,0.024004,0.018271,0.109717
38570,0.008716,0.006759,0.165052
38580,0.024439,0.018788,0.121011
38590,0.028019,0.021451,0.139823
38600,0.015411,0.011821,0.096044
38610,0.015121,0.011183,0.112889
38620,0.025710,0.019658,0.109044
38630,0.026701,0.019978,0.146430
38640,0.005044,0.003753,0.096727
38650,0.016212,0.012394,0.070035
38660,0.020235,0.015571,0.100480
38670,0.040062,0.029905,0.150137
38680,0.020046,0.014775,0.115953
38690,0.006451,0.004553,0.110048
38700,0.037827,0.026879,0.172591
38710,0.016114,0.012249,0.119718
38720,0.051063,0.039406,0.191123
38730,0.042125,0.032141,0.181110
38740,0.014948,0.011162,0.119586
38750,0.026537,0.020052,0.136390
38760,0.027057,0.019356,0.140821
38770,0.055591,0.042185,0.209434
38780,0.025404,0.018996,0.123416
38790,0.019387,0.014457,0.123309
38800,0.023729,0.017925,0.141315
38810,0.010172,0.010607,0.068900
38820,0.040108,0.031116,0.176457
38830,0.042921,0.032750,0.176964
38840,0.014926,0.011112,0.080927
38850,0.040000,0.031188,0.163522
38860,0.016761,0.012667,0.111480
38870,0.027282,0.019726,0.147884
38880,0.004472,0.003682,0.095569
38890,0.018568,0.014408,0.092959
38900,0.031206,0.023701,0.145883
38910,0.019742,0.014772,0.117710
38920,0.028307,0.021315,0.141473
38930,0.032999,0.025195,0.154981
38940,0.020196,0.015120,0.117606
38950,0.041614,0.031380,0.186318
38960,0.021551,0.016184,0.118110
38970,0.000356,0.000309,0.087762
38980,0.006671,0.004220,0.058838
38990,0.012656,0.009477,0.093277
39000,0.031924,0.024163,0.144131
39010,0.019368,0.014170,0.137221
39020,0.021352,0.016016,0.115871
39030,0.005070,0.003762,0.081652
39040,0.003144,0.002262,0.094766
39050,0.033782,0.025938,0.150279
39060,0.008014,0.005801,0.120205
39070,0.026196,0.023980,0.147033
39080,0.009795,0.007377,0.097369
39090,0.006885,0.006609,0.221371
39100,0.048090,0.036531,0.189588
39110,0.032030,0.024446,0.152095
39120,0.022792,0.017418,0.123499
39130,0.016439,0.012678,0.112839
39140,0.034016,0.026663,0.152891
39150,0.037490,0.028431,0.150643
39160,0.005236,0.004872,0.084023
39170,0.011889,0.008624,0.054792
39180,0.042104,0.032321,0.166977
39190,0.009951,0.007306,0.111170
39200,0.028996,0.022205,0.144158
39210,0.013501,0.010475,0.090858
39220,0.014429,0.010626,0.064077
39230,0.002261,0.001729,0.016547
39240,0.018316,0.014138,0.096273
39250,0.039857,0.030904,0.164793
39260,0.022172,0.016674,0.126674
39270,0.024255,0.017977,0.132433
39280,0.038983,0.029716,0.165127
39290,0.010564,0.007689,0.100028
39300,0.039522,0.029410,0.156759
39310,0.021587,0.016566,0.121926
39320,0.038138,0.029325,0.160616
39330,0.037249,0.027886,0.156107
39340,0.024968,0.019014,0.141703
39350,0.030770,0.023641,0.143374
39360,0.032424,0.024682,0.146252
39370,0.003124,0.002376,0.065994
39380,0.025374,0.019577,0.133974
39390,0.018407,0.013704,0.107035
39400,0.023602,0.017819,0.130559
39410,0.013488,0.011033,0.095001
39420,0.019400,0.014470,0.106176
39430,0.004449,0.002692,0.105472
39440,0.023725,0.017849,0.129856
39450,0.014848,0.010875,0.121733
39460,0.019131,0.014667,0.106329
39470,0.006358,0.004548,0.059552
39480,0.015403,0.012302,0.073185
39490,0.030595,0.024050,0.146719
39500,0.050399,0.039136,0.195133
39510,0.023306,0.018462,0.125079
39520,0.019633,0.015045,0.101755
39530,0.020343,0.014594,0.135086
39540,0.011059,0.008088,0.091262
39550,0.025206,0.018872,0.138189
39560,0.023762,0.017870,0.126201
39570,0.027249,0.020676,0.132473
39580,0.015827,0.012004,0.110407
39590,0.040694,0.030963,0.174134
39600,0.026324,0.021143,0.143392
39610,0.040126,0.030917,0.165947
39620,0.013396,0.009724,0.095741
39630,0.024008,0.018364,0.131533
39640,0.030485,0.022632,0.140412
39650,0.020278,0.015618,0.137112
39660,0.014744,0.010766,0.105986
39670,0.011483,0.008454,0.098452
39680,0.023399,0.017646,0.122963
39690,0.027325,0.020665,0.135179
39700,0.032199,0.024420,0.152555
39710,0.040179,0.030944,0.163312
39720,0.024354,0.018195,0.098013
39730,0.014138,0.011271,0.077640
39740,0.028525,0.021790,0.140140
39750,0.007284,0.005402,0.105397
39760,0.032429,0.024575,0.143466
39770,0.013253,0.009885,0.095436
39780,0.024398,0.018873,0.099799
39790,0.026752,0.019941,0.140203
39800,0.003268,0.002489,0.081650
39810,0.004797,0.003872,0.026708
39820,0.015739,0.015619,0.099213
39830,0.027744,0.021048,0.131829
39840,0.019395,0.014391,0.111117
39850,0.029531,0.022914,0.134329
39860,0.036669,0.027789,0.146395
39870,0.038070,0.028894,0.150242
39880,0.031525,0.024860,0.161757
39890,0.035048,0.026229,0.144690
39900,0.018491,0.014094,0.105816
39910,0.018646,0.014220,0.109878
39920,0.036711,0.027665,0.164615
39930,0.025239,0.019332,0.125887
39940,0.023880,0.018509,0.119986
39950,0.020760,0.016060,0.116434
39960,0.003481,0.002470,0.076630
39970,0.025920,0.019719,0.131057
39980,0.014539,0.010675,0.111158
39990,0.032482,0.024508,0.154570
40000,0.023852,0.018134,0.129633
40010,0.013028,0.009694,0.104106
40020,0.000690,0.000501,0.007678
40030,0.012890,0.010061,0.105189
40040,0.056684,0.046610,0.191429
40050,0.038002,0.029253,0.159224
40060,0.006976,0.005176,0.042277
40070,0.027219,0.020593,0.132926
40080,0.018914,0.014272,0.126000
40090,0.019755,0.015330,0.108355
40100,0.031195,0.024194,0.143452
40110,0.024442,0.018636,0.124181
40120,0.017662,0.012966,0.102241
40130,0.024945,0.018693,0.137819
40140,0.026819,0.020326,0.144417
40150,0.005756,0.004282,0.073194
40160,0.010151,0.007598,0.091108
40170,0.032726,0.025286,0.155992
40180,0.040794,0.030938,0.171364
40190,0.000324,0.000234,0.085600
40200,0.004274,0.003144,0.103242
40210,0.018011,0.013672,0.101163
40220,0.011995,0.009189,0.072525
40230,0.035686,0.027357,0.143902
40240,0.029942,0.022712,0.126439
40250,0.018666,0.014108,0.115657
40260,0.036154,0.027678,0.162254
40270,0.022376,0.016900,0.101577
40280,0.002743,0.002604,0.126513
40290,0.011321,0.008546,0.056653
40300,0.039083,0.030142,0.166190
40310,0.011687,0.008654,0.099194
40320,0.024010,0.018078,0.132954
40330,0.026935,0.020007,0.123336
40340,0.048001,0.036784,0.174369
40350,0.026848,0.020543,0.150886
40360,0.015713,0.012419,0.086155
40370,0.013259,0.011197,0.072562
40380,0.011945,0.009307,0.102831
40390,0.028743,0.021985,0.136251
40400,0.016525,0.011979,0.104240
40410,0.042481,0.032349,0.173685
40420,0.030080,0.022678,0.145973
40430,0.012299,0.009255,0.112789
40440,0.054667,0.041450,0.201961
40450,0.016542,0.012459,0.114026
40460,0.033091,0.025069,0.149800
40470,0.030309,0.022370,0.125353
40480,0.038081,0.029165,0.154372
40490,0.025311,0.018973,0.135209
40500,0.023430,0.017930,0.101246
40510,0.039819,0.030521,0.158006
40520,0.020323,0.015363,0.112411
40530,0.033090,0.025301,0.137609
40540,0.018649,0.013374,0.144032
40550,0.016684,0.012801,0.085555
40560,0.023365,0.017427,0.129523
40570,0.010655,0.008015,0.080987
40580,0.002112,0.001568,0.063408
40590,0.035539,0.026991,0.156456
40600,0.013656,0.010481,0.105302
40610,0.008461,0.006310,0.085569
40620,0.028932,0.022047,0.139815
40630,0.035798,0.027488,0.148978
40640,0.021175,0.015835,0.117513
40650,0.019273,0.014673,0.092122
40660,0.018512,0.012660,0.137908
40670,0.016557,0.013140,0.117162
40680,0.013219,0.009980,0.088754
40690,0.042209,0.032172,0.166260
40700,0.012770,0.009645,0.134400
40710,0.008939,0.006717,0.090043
40720,0.033537,0.026131,0.149436
40730,0.013872,0.010619,0.102545
40740,0.014422,0.010439,0.110503
40750,0.008912,0.006672,0.083395
40760,0.017261,0.013121,0.123188
40770,0.022176,0.016711,0.118451
40780,0.025608,0.019691,0.137478
40790,0.026980,0.020365,0.136160
40800,0.035050,0.026251,0.134374
40810,0.031588,0.024284,0.142770
40820,0.022933,0.017114,0.104968
40830,0.024166,0.018263,0.140709
40840,0.026707,0.020444,0.155788
40850,0.020341,0.015297,0.108182
40860,0.025604,0.019511,0.111923
40870,0.010015,0.007652,0.084597
40880,0.013403,0.010115,0.106590
40890,0.020611,0.015728,0.094257
40900,0.003190,0.002434,0.026144
40910,0.026933,0.019894,0.145265
40920,0.002558,0.002099,0.024341
40930,0.038240,0.029376,0.161164
40940,0.014556,0.010800,0.113697
40950,0.025792,0.019508,0.133981
40960,0.025882,0.019870,0.145965
40970,0.013063,0.009884,0.091937
40980,0.024809,0.018799,0.135590
40990,0.015500,0.011891,0.099318
41000,0.034817,0.026432,0.148132
41010,0.036284,0.027736,0.167519
41020,0.037910,0.028585,0.174087
41030,0.037054,0.028221,0.155793
41040,0.031262,0.023842,0.154005
41050,0.036823,0.028272,0.150949
41060,0.045352,0.035187,0.178660
41070,0.026196,0.020139,0.131708
41080,0.026361,0.020161,0.127151
41090,0.024556,0.019158,0.136981
41100,0.022698,0.017330,0.128614
41110,0.018577,0.013909,0.105381
41120,0.028338,0.021838,0.132219
41130,0.016982,0.012571,0.117070
41140,0.023339,0.017704,0.127464
41150,0.017015,0.013084,0.098440
41160,0.017741,0.013665,0.112612
41170,0.029268,0.022102,0.136369
41180,0.016434,0.012567,0.108173
41190,0.034851,0.027214,0.152640
41200,0.013788,0.010221,0.112821
41210,0.020153,0.011761,0.212511
41220,0.051619,0.039039,0.195314
41230,0.018415,0.013522,0.116955
41240,0.029520,0.022961,0.134875
41250,0.006282,0.005062,0.137348
41260,0.019140,0.014534,0.100362
41270,0.013328,0.009018,0.088364
41280,0.035919,0.027308,0.171271
41290,0.016527,0.012684,0.077564
41300,0.023629,0.017998,0.122893
41310,0.023818,0.018101,0.132235
41320,0.009713,0.007294,0.084344
41330,0.017315,0.012934,0.106377
41340,0.030125,0.023038,0.142508
41350,0.027772,0.020595,0.135567
41360,0.008994,0.007002,0.046266
41370,0.031098,0.023449,0.155716
41380,0.017663,0.013695,0.115847
41390,0.021914,0.017312,0.171373
41400,0.017357,0.013321,0.077814
41410,0.031749,0.023730,0.124108
41420,0.028777,0.022070,0.134151
41430,0.019530,0.014511,0.127140
41440,0.026020,0.019971,0.103096
41450,0.027282,0.020730,0.139477
41460,0.014763,0.011729,0.102872
41470,0.019743,0.014692,0.116419
41480,0.005444,0.003862,0.093490
41490,0.010753,0.007898,0.120756
41500,0.014110,0.010800,0.084603
41510,0.040456,0.030942,0.163156
41520,0.012964,0.009640,0.093539
41530,0.044790,0.034346,0.176618
41540,0.038605,0.029363,0.168622
41550,0.041822,0.031884,0.164728
41560,0.012646,0.009207,0.108381
41570,0.011280,0.008615,0.093340
41580,0.001062,0.000878,0.088865
41590,0.011840,0.008653,0.092863
41600,0.025101,0.019581,0.126829
41610,0.054079,0.042162,0.213189
41620,0.026270,0.019469,0.114535
41630,0.020775,0.015891,0.100026
41640,0.029438,0.022113,0.145941
41650,0.034368,0.025965,0.139546
41660,0.037935,0.028854,0.154318
41670,0.024012,0.017682,0.143326
41680,0.017112,0.013121,0.121962
41690,0.023022,0.017878,0.099053
41700,0.010118,0.007564,0.095324
41710,0.010731,0.008042,0.085565
41720,0.020325,0.015161,0.109517
41730,0.033714,0.026045,0.129223
41740,0.023893,0.018403,0.133870
41750,0.000957,0.000676,0.060059
41760,0.026922,0.020124,0.135228
41770,0.028882,0.021991,0.139181
41780,0.023992,0.018225,0.119316
41790,0.010667,0.008290,0.094641
41800,0.016537,0.012498,0.099597
41810,0.017056,0.012638,0.114829
41820,0.001040,0.000674,0.116133
41830,0.022511,0.017000,0.127864
41840,0.033784,0.026735,0.165067
41850,0.004917,0.003729,0.092942
41860,0.018754,0.014412,0.108425
41870,0.034876,0.026786,0.152718
41880,0.027091,0.020082,0.149121
41890,0.025193,0.019685,0.118297
41900,0.019353,0.014878,0.111198
41910,0.022596,0.016938,0.120046
41920,0.022215,0.016390,0.130996
41930,0.014949,0.011310,0.080974
41940,0.023919,0.018149,0.128658
41950,0.016052,0.012288,0.091979
41960,0.035216,0.027293,0.154803
41970,0.000230,0.000154,0.054010
41980,0.017529,0.013318,0.107019
41990,0.028591,0.022394,0.144026
42000,0.045897,0.034843,0.175361
42010,0.009295,0.007018,0.048134
42020,0.050276,0.037680,0.191469
42030,0.019360,0.014509,0.131967
42040,0.022625,0.016910,0.099520
42050,0.022484,0.016792,0.130695
42060,0.015298,0.011289,0.116400
42070,0.014702,0.010986,0.093099
42080,0.000947,0.000549,0.107464
42090,0.029924,0.023444,0.139902
42100,0.017703,0.013268,0.102064
42110,0.005815,0.004491,0.050853
42120,0.022015,0.016375,0.121847
42130,0.029765,0.023035,0.129077
42140,0.022276,0.016780,0.126621
42150,0.018898,0.014296,0.105307
42160,0.015585,0.011384,0.109440
42170,0.014840,0.011476,0.099173
42180,0.029951,0.022005,0.160000
42190,0.003660,0.002801,0.028921
42200,0.002331,0.001738,0.078675
42210,0.013872,0.010441,0.100193
42220,0.032432,0.024737,0.145371
42230,0.005069,0.003618,0.101381
42240,0.024969,0.019033,0.104347
42250,0.020269,0.015140,0.113415
42260,0.044856,0.034119,0.174858
42270,0.033772,0.025507,0.156619
42280,0.031126,0.023320,0.144280
42290,0.006039,0.004661,0.041279
42300,0.027527,0.020732,0.129348
42310,0.015563,0.011529,0.121588
42320,0.038679,0.031005,0.156225
42330,0.017660,0.013594,0.087167
42340,0.008666,0.006782,0.082068
42350,0.017315,0.012915,0.093868
42360,0.039009,0.029803,0.164406
42370,0.019779,0.014721,0.113893
42380,0.016819,0.012931,0.099826
42390,0.023575,0.018067,0.122065
42400,0.021096,0.015741,0.127846
42410,0.003574,0.002488,0.110819
42420,0.017035,0.013102,0.109656
42430,0.030344,0.023359,0.145278
42440,0.041454,0.031357,0.169162
42450,0.013749,0.010277,0.109470
42460,0.020523,0.015257,0.121833
42470,0.019783,0.014619,0.117992
42480,0.010918,0.007744,0.090077
42490,0.017325,0.012870,0.113160
42500,0.001273,0.000945,0.088434
42510,0.015652,0.012154,0.107188
42520,0.010174,0.007614,0.090989
42530,0.004551,0.003603,0.089283
42540,0.012043,0.008857,0.102075
42550,0.037709,0.028649,0.147430
42560,0.014441,0.010731,0.103340
42570,0.018042,0.013542,0.086040
42580,0.014827,0.011214,0.083486
42590,0.033537,0.025627,0.146485
42600,0.013912,0.010577,0.074245
42610,0.036762,0.028050,0.154791
42620,0.018875,0.014545,0.087939
42630,0.012505,0.009193,0.094247
42640,0.014886,0.011090,0.098662
42650,0.039019,0.030150,0.183783
42660,0.024966,0.019410,0.124091
42670,0.036865,0.028271,0.157456
42680,0.023295,0.017519,0.118235
42690,0.033680,0.025611,0.142329
42700,0.010362,0.007552,0.096145
42710,0.026412,0.020089,0.131637
42720,0.035803,0.027139,0.155875
42730,0.023485,0.017791,0.122428
42740,0.025607,0.019615,0.132030
42750,0.020028,0.015437,0.086158
42760,0.007876,0.005767,0.086092
42770,0.044365,0.033610,0.179241
42780,0.027357,0.020797,0.136588
42790,0.007602,0.005727,0.076273
42800,0.003474,0.002631,0.079961
42810,0.022091,0.016129,0.147962
42820,0.018244,0.013724,0.109101
42830,0.018467,0.014163,0.104385
42840,0.009526,0.007173,0.078356
42850,0.029218,0.022715,0.119998
42860,0.035639,0.027061,0.155076
42870,0.023871,0.017850,0.147248
42880,0.011029,0.008161,0.097740
42890,0.016687,0.012351,0.105186
42900,0.027506,0.021074,0.116316
42910,0.024221,0.018773,0.128274
42920,0.018843,0.014174,0.114223
42930,0.043963,0.034619,0.179336
42940,0.026006,0.019922,0.117771
42950,0.018511,0.014042,0.109875
42960,0.017907,0.013432,0.124662
42970,0.030174,0.022921,0.141037
42980,0.006366,0.005118,0.073173
42990,0.034855,0.026848,0.139143
43000,0.019120,0.014502,0.109282
43010,0.016297,0.012228,0.104921
43020,0.028286,0.021704,0.134045
43030,0.025857,0.019653,0.139578
43040,0.007988,0.006096,0.099772
43050,0.036831,0.028292,0.162519
43060,0.036214,0.029456,0.154343
43070,0.018377,0.014113,0.087024
43080,0.030409,0.022902,0.143703
43090,0.039093,0.030212,0.162385
43100,0.038548,0.029576,0.166498
43110,0.032998,0.025124,0.161983
43120,0.008724,0.006468,0.081679
43130,0.030482,0.023267,0.143195
43140,0.037841,0.028630,0.158606
43150,0.000269,0.000179,0.094009
43160,0.028281,0.020986,0.132152
43170,0.005396,0.004195,0.112080
43180,0.028533,0.021729,0.141498
43190,0.015219,0.011683,0.109169
43200,0.022314,0.016562,0.123932
43210,0.037556,0.029002,0.161605
43220,0.021468,0.016667,0.100112
43230,0.004554,0.003639,0.029347
43240,0.013724,0.010457,0.101983
43250,0.011347,0.008503,0.095613
43260,0.014798,0.010982,0.088412
43270,0.015974,0.012107,0.123467
43280,0.016849,0.012913,0.120536
43290,0.030765,0.023121,0.135853
43300,0.025439,0.019046,0.139641
43310,0.020270,0.015253,0.118447
43320,0.020023,0.015206,0.107834
43330,0.014922,0.010902,0.121371
43340,0.018461,0.014440,0.094985
43350,0.008345,0.005087,0.164302
43360,0.019872,0.015004,0.118935
43370,0.008486,0.006720,0.100624
43380,0.010607,0.007854,0.058186
43390,0.050359,0.038632,0.190052
43400,0.010079,0.007668,0.070861
43410,0.032393,0.026418,0.164787
43420,0.030662,0.022712,0.131817
43430,0.018687,0.014050,0.090515
43440,0.015729,0.011948,0.110488
43450,0.001082,0.000848,0.007024
43460,0.032195,0.026440,0.161461
43470,0.026165,0.020685,0.133608
43480,0.029152,0.021959,0.149813
43490,0.029875,0.022302,0.146265
43500,0.031493,0.023924,0.144926
43510,0.038074,0.028878,0.154966
43520,0.017818,0.012713,0.121672
43530,0.031265,0.024337,0.144098
43540,0.033175,0.025055,0.153470
43550,0.004291,0.003117,0.084126
43560,0.020301,0.015033,0.111714
43570,0.021124,0.016209,0.114898
43580,0.021374,0.016603,0.107586
43590,0.028901,0.043246,0.174629
43600,0.017506,0.013115,0.104593
43610,0.005206,0.004107,0.039037
43620,0.008256,0.006538,0.038890
43630,0.004815,0.004056,0.037186
43640,0.032140,0.024496,0.143747
43650,0.042508,0.032522,0.175947
43660,0.019336,0.014411,0.096858
43670,0.036600,0.027942,0.159331
43680,0.037547,0.028892,0.156712
43690,0.033710,0.026019,0.149194
43700,0.020433,0.015674,0.108537
43710,0.020769,0.015752,0.123886
43720,0.018903,0.014359,0.116001
43730,0.025133,0.018848,0.132521
43740,0.026081,0.020021,0.119839
43750,0.019484,0.014351,0.109748
43760,0.011170,0.008474,0.101398
43770,0.045589,0.035717,0.178873
43780,0.026169,0.019882,0.135299
43790,0.004855,0.003870,0.131869
43800,0.023746,0.018033,0.102120
43810,0.006851,0.005052,0.087880
43820,0.022138,0.016868,0.117894
43830,0.022460,0.017506,0.132359
43840,0.008970,0.006316,0.111924
43850,0.019116,0.014587,0.112904
43860,0.027022,0.020636,0.119603
43870,0.015608,0.011829,0.123674
43880,0.028382,0.021352,0.126930
43890,0.022446,0.017077,0.128973
43900,0.023492,0.017708,0.107301
43910,0.022729,0.017471,0.115607
43920,0.018432,0.014363,0.114813
43930,0.045037,0.034156,0.183413
43940,0.029335,0.022520,0.130670
43950,0.016401,0.012774,0.102159
43960,0.029587,0.022641,0.145123
43970,0.006433,0.005188,0.042100
43980,0.025617,0.019718,0.122331
43990,0.027509,0.020893,0.133177
44000,0.020172,0.016547,0.136923
44010,0.014628,0.010456,0.110280
44020,0.020963,0.015831,0.117676
44030,0.024975,0.018950,0.130627
44040,0.026835,0.020482,0.126241
44050,0.000147,0.000124,0.656259
44060,0.026387,0.019724,0.110610
44070,0.019596,0.014962,0.119504
44080,0.038183,0.029386,0.171602
44090,0.011576,0.008667,0.067543
44100,0.008303,0.005970,0.085767
44110,0.000315,0.000245,0.045977
44120,0.016204,0.012006,0.104931
44130,0.011233,0.008482,0.087541
44140,0.040634,0.030744,0.167851
44150,0.029101,0.022494,0.145123
44160,0.035304,0.026311,0.139736
44170,0.022468,0.016915,0.124181
44180,0.026352,0.020489,0.129277
44190,0.012928,0.009647,0.103321
44200,0.002813,0.002209,0.023362
44210,0.030104,0.022688,0.144450
44220,0.017408,0.013155,0.093980
44230,0.022462,0.016730,0.123839
44240,0.006520,0.005018,0.073075
44250,0.014964,0.011099,0.119630
44260,0.015771,0.011754,0.112596
44270,0.016312,0.012398,0.072325
44280,0.038443,0.028797,0.159574
44290,0.023847,0.018208,0.122924
44300,0.021857,0.016692,0.120039
44310,0.014509,0.010644,0.103156
44320,0.032652,0.024623,0.167597
44330,0.022446,0.016815,0.111321
44340,0.024058,0.018204,0.131128
44350,0.044610,0.033932,0.163289
44360,0.000376,0.000263,0.033176
44370,0.010205,0.007556,0.088585
44380,0.041198,0.031666,0.166415
44390,0.013489,0.009775,0.102401
44400,0.034528,0.026591,0.166337
44410,0.024352,0.018439,0.104150
44420,0.019440,0.015150,0.088053
44430,0.007748,0.005805,0.072865
44440,0.006926,0.005834,0.031278
44450,0.025572,0.019312,0.109723
44460,0.009666,0.007415,0.083781
44470,0.021554,0.016664,0.092930
44480,0.009462,0.007047,0.089708
44490,0.024624,0.018997,0.119604
44500,0.018128,0.013427,0.122379
44510,0.011849,0.008835,0.092993
44520,0.010445,0.007845,0.075802
44530,0.024469,0.018492,0.126708
44540,0.027770,0.021169,0.130334
44550,0.037551,0.028635,0.165161
44560,0.039171,0.029419,0.169962
44570,0.039095,0.029687,0.165138
44580,0.008403,0.006929,0.115054
44590,0.010057,0.007230,0.119587
44600,0.029821,0.022595,0.133061
44610,0.022918,0.017340,0.115408
44620,0.009249,0.006557,0.092491
44630,0.004105,0.002788,0.080792
44640,0.023770,0.018102,0.133473
44650,0.036541,0.027066,0.162973
44660,0.018153,0.014337,0.104026
44670,0.013352,0.010036,0.060131
44680,0.019666,0.015400,0.117136
44690,0.010535,0.007805,0.088983
44700,0.012318,0.009184,0.084175
44710,0.010916,0.008318,0.084862
44720,0.015453,0.011710,0.076785
44730,0.023952,0.018105,0.131743
44740,0.013693,0.009984,0.102562
44750,0.025567,0.019507,0.132013
44760,0.009934,0.007269,0.109210
44770,0.035180,0.026551,0.133052
44780,0.023994,0.018477,0.122801
44790,0.031571,0.027542,0.149530
44800,0.022007,0.016784,0.101229
44810,0.036717,0.028551,0.167655
44820,0.011459,0.008341,0.094806
44830,0.014527,0.010884,0.112457
44840,0.011929,0.008727,0.107019
44850,0.021582,0.016332,0.119372
44860,0.034125,0.025715,0.159456
44870,0.025123,0.019229,0.107663
44880,0.004528,0.003186,0.099151
44890,0.020062,0.015224,0.092765
44900,0.015925,0.011583,0.114173
44910,0.020486,0.015320,0.117771
44920,0.003070,0.002388,0.120185
44930,0.016747,0.012560,0.102157
44940,0.032814,0.024967,0.155422
44950,0.032655,0.024887,0.155003
44960,0.047298,0.036540,0.180681
44970,0.006177,0.004560,0.081500
44980,0.027522,0.021053,0.136325
44990,0.026024,0.019824,0.138640
45000,0.043779,0.032943,0.176893
45010,0.028409,0.021585,0.145647
45020,0.027079,0.020717,0.124012
45030,0.012051,0.008928,0.101046
45040,0.011185,0.007647,0.123315
45050,0.016986,0.012965,0.083085
45060,0.031116,0.023367,0.133104
45070,0.008244,0.006444,0.064860
45080,0.035658,0.027354,0.160369
45090,0.015748,0.012041,0.087747
45100,0.031155,0.023594,0.130501
45110,0.018151,0.013703,0.081906
45120,0.008383,0.006072,0.104955
45130,0.012135,0.009019,0.101854
45140,0.025401,0.019021,0.106822
45150,0.013762,0.010228,0.059818
45160,0.006640,0.004986,0.046664
45170,0.010089,0.007130,0.100674
45180,0.021627,0.016624,0.099247
45190,0.035155,0.027091,0.151557
45200,0.031561,0.023797,0.138590
45210,0.036761,0.027939,0.138704
45220,0.020262,0.015221,0.108951
45230,0.025721,0.019516,0.107405
45240,0.026626,0.020038,0.113580
45250,0.032401,0.024953,0.130795
45260,0.014939,0.011367,0.084470
45270,0.004434,0.003297,0.080730
45280,0.013879,0.010357,0.100148
45290,0.028719,0.022500,0.118012
45300,0.010462,0.008010,0.085609
45310,0.024672,0.018630,0.113117
45320,0.025851,0.019585,0.126366
45330,0.011248,0.008575,0.112495
45340,0.025387,0.019559,0.134138
45350,0.009139,0.006804,0.105198
45360,0.024415,0.018800,0.116634
45370,0.005730,0.004645,0.040116
45380,0.033859,0.026451,0.150300
45390,0.040487,0.030953,0.156711
45400,0.007031,0.004973,0.098642
45410,0.014513,0.010731,0.073234
45420,0.018020,0.013624,0.114445
45430,0.010719,0.008131,0.087044
45440,0.031658,0.023797,0.150594
45450,0.009456,0.007125,0.083564
45460,0.021361,0.016411,0.114595
45470,0.016670,0.013009,0.083286
45480,0.011338,0.008617,0.065299
45490,0.010045,0.007320,0.094929
45500,0.003001,0.002245,0.021082
45510,0.007278,0.005555,0.045937
45520,0.026813,0.019985,0.127985
45530,0.021812,0.016255,0.112375
45540,0.027399,0.021028,0.133207
45550,0.023001,0.017604,0.115201
45560,0.035784,0.027174,0.143730
45570,0.015116,0.011544,0.081340
45580,0.029971,0.022614,0.145602
45590,0.011341,0.008399,0.059348
45600,0.006555,0.004893,0.079295
45610,0.034448,0.026549,0.144550
45620,0.025412,0.019207,0.110735
45630,0.022082,0.016735,0.125815
45640,0.013638,0.010304,0.092765
45650,0.027039,0.020860,0.131568
45660,0.024047,0.018543,0.127293
45670,0.003313,0.002229,0.098743
45680,0.032669,0.024823,0.145813
45690,0.004905,0.003530,0.080135
45700,0.023898,0.018038,0.122724
45710,0.021631,0.016161,0.117351
45720,0.020816,0.015872,0.120249
45730,0.001699,0.001287,0.131373
45740,0.006324,0.004461,0.040704
45750,0.013383,0.009617,0.124926
45760,0.028889,0.022118,0.135645
45770,0.022166,0.017028,0.110899
45780,0.000171,0.000161,0.625233
45790,0.002459,0.001747,0.166489
45800,0.027497,0.020988,0.131691
45810,0.002256,0.001530,0.112020
45820,0.009165,0.006930,0.080489
45830,0.024403,0.018875,0.116274
45840,0.028838,0.022389,0.136552
45850,0.025128,0.019503,0.132213
45860,0.022829,0.017470,0.093760
45870,0.021637,0.016716,0.103249
45880,0.033113,0.024869,0.153106
45890,0.016951,0.012763,0.108204
45900,0.033041,0.024969,0.137394
45910,0.008055,0.006378,0.087050
45920,0.013224,0.011351,0.107953
45930,0.010939,0.008526,0.056236
45940,0.037730,0.028940,0.162493
45950,0.011820,0.009020,0.101277
45960,0.036002,0.027676,0.154707
45970,0.027517,0.020937,0.132472
45980,0.011957,0.009032,0.102933
45990,0.039008,0.029931,0.160637
46000,0.027640,0.021584,0.128630
46010,0.020785,0.015907,0.119621
46020,0.006170,0.004400,0.103056
46030,0.002723,0.001886,0.068880
46040,0.025643,0.019488,0.126944
46050,0.010913,0.008226,0.096343
46060,0.008855,0.006456,0.077690
46070,0.017975,0.013364,0.111661
46080,0.023274,0.017256,0.126194
46090,0.015822,0.011700,0.065035
46100,0.014696,0.011093,0.108472
46110,0.024912,0.018944,0.130701
46120,0.013769,0.010677,0.109538
46130,0.028701,0.022637,0.122856
46140,0.021598,0.016320,0.118209
46150,0.014927,0.010999,0.100966
46160,0.024160,0.018169,0.124083
46170,0.026656,0.020368,0.115903
46180,0.028627,0.022004,0.141520
46190,0.025394,0.019061,0.125799
46200,0.013515,0.010103,0.116235
46210,0.035690,0.026816,0.152277
46220,0.031739,0.024218,0.135090
46230,0.027743,0.021606,0.128872
46240,0.028434,0.021168,0.137748
46250,0.053077,0.040170,0.181781
46260,0.022223,0.016698,0.116125
46270,0.014032,0.010442,0.097032
46280,0.022927,0.017082,0.131452
46290,0.014691,0.011046,0.111636
46300,0.015915,0.011843,0.120697
46310,0.030976,0.023606,0.149092
46320,0.027365,0.020522,0.140191
46330,0.030297,0.022957,0.150267
46340,0.031372,0.023693,0.140442
46350,0.026437,0.020152,0.132510
46360,0.017879,0.013715,0.106835
46370,0.055815,0.043019,0.201159
46380,0.026780,0.020320,0.133526
46390,0.032156,0.024179,0.148596
46400,0.028515,0.022183,0.119170
46410,0.003953,0.003032,0.067865
46420,0.024332,0.018708,0.121069
46430,0.032256,0.024307,0.130412
46440,0.023067,0.017505,0.122189
46450,0.027398,0.021089,0.124354
46460,0.020724,0.015709,0.116472
46470,0.013628,0.010893,0.075991
46480,0.015619,0.011763,0.109314
46490,0.011408,0.008695,0.058846
46500,0.017739,0.013248,0.098455
46510,0.047674,0.036291,0.184444
46520,0.021269,0.015808,0.114978
46530,0.031859,0.024503,0.136095
46540,0.009514,0.007172,0.086741
46550,0.012413,0.009132,0.099109
46560,0.035406,0.027090,0.142017
46570,0.029150,0.021568,0.130204
46580,0.005099,0.003875,0.084021
46590,0.024267,0.018705,0.118543
46600,0.003449,0.002478,0.023688
46610,0.012939,0.009742,0.102157
46620,0.038589,0.029503,0.155539
46630,0.026688,0.020396,0.126722
46640,0.037121,0.028174,0.160126
46650,0.034387,0.026374,0.159518
46660,0.014368,0.011015,0.096745
46670,0.021169,0.016181,0.096534
46680,0.021198,0.018643,0.123590
46690,0.010047,0.007575,0.050210
46700,0.029171,0.021810,0.141021
46710,0.010410,0.007662,0.091879
46720,0.009996,0.007233,0.080533
46730,0.017064,0.013075,0.100827
46740,0.013827,0.010467,0.096574
46750,0.006513,0.004734,0.083672
46760,0.021333,0.015965,0.126905
46770,0.010340,0.007753,0.087325
46780,0.019566,0.015017,0.101577
46790,0.010128,0.007580,0.095648
46800,0.058507,0.044671,0.208364
46810,0.024843,0.019148,0.124616
46820,0.010958,0.009783,0.093894
46830,0.027180,0.021485,0.125455
46840,0.011257,0.009132,0.083670
46850,0.038230,0.029617,0.159921
46860,0.020025,0.019355,0.072457
46870,0.034509,0.026111,0.155703
46880,0.020224,0.015551,0.105013
46890,0.024728,0.018091,0.125475
46900,0.032346,0.024827,0.154811
46910,0.008548,0.006210,0.078932
46920,0.036010,0.027846,0.147980
46930,0.027055,0.020206,0.141298
46940,0.028436,0.021147,0.126727
46950,0.010541,0.007764,0.088816
46960,0.034071,0.025883,0.158588
46970,0.034126,0.026305,0.140273
46980,0.036653,0.027779,0.156839
46990,0.023717,0.018013,0.129854
47000,0.029061,0.022470,0.137156
47010,0.016753,0.012782,0.090262
47020,0.022968,0.016915,0.123879
47030,0.034231,0.026094,0.148710
47040,0.026382,0.019849,0.141818
47050,0.025377,0.019215,0.127791
47060,0.021646,0.016587,0.104800
47070,0.005404,0.003903,0.093205
47080,0.010974,0.007951,0.105485
47090,0.012606,0.009278,0.111358
47100,0.023279,0.017648,0.110408
47110,0.007194,0.005467,0.086113
47120,0.012085,0.009114,0.105100
47130,0.022223,0.017336,0.127390
47140,0.047437,0.036581,0.181424
47150,0.031702,0.024345,0.143864
47160,0.005662,0.004209,0.076240
47170,0.008851,0.006789,0.086234
47180,0.011670,0.008629,0.065212
47190,0.028336,0.021637,0.146621
47200,0.043328,0.032862,0.184437
47210,0.004341,0.003445,0.093967
47220,0.013900,0.010328,0.092163
47230,0.016799,0.013119,0.102677
47240,0.014595,0.010966,0.096284
47250,0.035273,0.026824,0.133881
47260,0.031241,0.023488,0.129956
47270,0.032134,0.024598,0.136619
47280,0.019708,0.015014,0.096050
47290,0.023019,0.017463,0.118225
47300,0.006761,0.004951,0.036896
47310,0.010343,0.008140,0.084313
47320,0.022809,0.017617,0.110147
47330,0.009997,0.007807,0.097882
47340,0.013552,0.010172,0.096425
47350,0.033512,0.026480,0.130578
47360,0.009687,0.007420,0.092797
47370,0.031078,0.023834,0.145866
47380,0.034517,0.026472,0.151584
47390,0.010165,0.007817,0.052436
47400,0.020852,0.015888,0.114772
47410,0.026497,0.020239,0.138432
47420,0.008454,0.005833,0.133707
47430,0.004995,0.003429,0.103715
47440,0.010740,0.007809,0.094549
47450,0.011641,0.008987,0.100555
47460,0.026380,0.020201,0.106762
47470,0.015846,0.011600,0.168925
47480,0.040432,0.030784,0.160775
47490,0.016002,0.011448,0.100789
47500,0.035128,0.026531,0.161394
47510,0.020080,0.015571,0.131765
47520,0.025477,0.019009,0.137481
47530,0.025893,0.019463,0.132044
47540,0.036149,0.027900,0.151387
47550,0.014695,0.011323,0.097966
47560,0.005593,0.004333,0.065267
47570,0.015275,0.011579,0.088447
47580,0.023884,0.017967,0.134443
47590,0.027869,0.021810,0.134109
47600,0.016956,0.013092,0.100678
47610,0.036227,0.027732,0.145781
47620,0.022416,0.017137,0.089244
47630,0.049105,0.037514,0.192838
47640,0.018121,0.013764,0.114457
47650,0.041419,0.031833,0.172879
47660,0.002825,0.001890,0.091916
47670,0.008012,0.005949,0.099023
47680,0.022266,0.016970,0.124699
47690,0.027722,0.021537,0.125266
47700,0.012329,0.009396,0.054440
47710,0.020342,0.015247,0.122835
47720,0.026461,0.020031,0.134278
47730,0.031248,0.024401,0.143717
47740,0.023338,0.017399,0.129911
47750,0.020031,0.015107,0.086574
47760,0.038706,0.029346,0.159541
47770,0.018234,0.013940,0.105342
47780,0.014334,0.010223,0.110235
47790,0.025559,0.018844,0.136285
47800,0.027793,0.020556,0.144336
47810,0.019941,0.015071,0.130681
47820,0.032350,0.024305,0.149290
47830,0.027935,0.021091,0.137709
47840,0.010368,0.007677,0.091128
47850,0.005886,0.004416,0.064354
47860,0.021116,0.015690,0.126116
47870,0.018422,0.014148,0.099690
47880,0.024721,0.018778,0.124481
47890,0.015176,0.011390,0.091659
47900,0.010249,0.007361,0.075461
47910,0.033012,0.025092,0.144621
47920,0.027710,0.020759,0.130806
47930,0.038877,0.029818,0.154982
47940,0.033372,0.025259,0.149392
47950,0.001999,0.001405,0.058977
47960,0.013080,0.009782,0.111494
47970,0.020392,0.015334,0.106794
47980,0.006445,0.004726,0.097340
47990,0.014055,0.010311,0.100000
48000,0.019943,0.015032,0.121435
48010,0.020972,0.015082,0.135210
48020,0.016520,0.012638,0.098246
48030,0.022639,0.017281,0.117313
48040,0.031552,0.024334,0.141235
48050,0.022112,0.016543,0.135173
48060,0.011823,0.008934,0.063703
48070,0.031850,0.024202,0.133572
48080,0.016825,0.012736,0.112160
48090,0.018191,0.013664,0.112629
48100,0.029597,0.022449,0.114983
48110,0.036395,0.027521,0.152565
48120,0.023532,0.018083,0.117530
48130,0.012038,0.009221,0.099033
48140,0.029015,0.022140,0.136113
48150,0.029409,0.022291,0.139047
48160,0.012530,0.009662,0.097010
48170,0.023033,0.017307,0.119869
48180,0.007043,0.005080,0.084098
48190,0.042120,0.032627,0.174008
48200,0.045125,0.034600,0.179012
48210,0.017392,0.013349,0.106137
48220,0.014072,0.011112,0.089374
48230,0.015890,0.011532,0.110638
48240,0.010427,0.007808,0.090745
48250,0.030260,0.024152,0.149658
48260,0.021531,0.016513,0.109395
48270,0.019364,0.014240,0.127082
48280,0.023358,0.017820,0.120771
48290,0.007839,0.005408,0.092185
48300,0.009544,0.007228,0.049976
48310,0.002919,0.002038,0.077518
48320,0.012979,0.009480,0.122608
48330,0.000961,0.000714,0.244022
48340,0.006660,0.004879,0.068574
48350,0.017782,0.013737,0.089442
48360,0.027612,0.021010,0.139638
48370,0.013129,0.009758,0.100795
48380,0.023324,0.017751,0.110418
48390,0.033961,0.026162,0.158368
48400,0.026574,0.020099,0.141281
48410,0.012431,0.009333,0.067290
48420,0.011173,0.008530,0.061437
48430,0.040342,0.031245,0.163457
48440,0.016803,0.012753,0.074669
48450,0.027891,0.020301,0.150178
48460,0.017019,0.013264,0.087640
48470,0.025671,0.019891,0.118080
48480,0.021056,0.015874,0.130079
48490,0.029055,0.022266,0.130451
48500,0.013616,0.009436,0.114869
48510,0.050349,0.038066,0.193529
48520,0.020411,0.015491,0.115288
48530,0.032314,0.024756,0.134935
48540,0.028529,0.021690,0.131115
48550,0.011869,0.009013,0.095453
48560,0.038785,0.030054,0.168978
48570,0.013344,0.010305,0.067693
48580,0.033060,0.025001,0.146340
48590,0.031881,0.024865,0.147363
48600,0.018598,0.014232,0.091391
48610,0.021287,0.015890,0.129372
48620,0.023170,0.017828,0.104223
48630,0.015915,0.011964,0.104707
48640,0.002316,0.001876,0.018483
48650,0.016511,0.012098,0.100442
48660,0.036720,0.027963,0.136579
48670,0.065660,0.050718,0.224378
48680,0.028455,0.021376,0.138840
48690,0.030935,0.023772,0.125098
48700,0.036866,0.028005,0.162473
48710,0.014637,0.010842,0.100047
48720,0.015377,0.011815,0.080558
48730,0.029210,0.022180,0.139711
48740,0.024103,0.018405,0.127353
48750,0.026516,0.020595,0.120039
48760,0.043941,0.033984,0.175806
48770,0.024619,0.018584,0.131260
48780,0.029051,0.022122,0.123329
48790,0.031009,0.023546,0.123540
48800,0.012874,0.009950,0.072240
48810,0.019585,0.015014,0.082363
48820,0.030172,0.022581,0.127330
48830,0.025749,0.019897,0.129406
48840,0.031992,0.024634,0.144382
48850,0.015426,0.011522,0.081911
48860,0.010398,0.007749,0.084976
48870,0.037491,0.028496,0.160602
48880,0.027707,0.021172,0.129546
48890,0.022900,0.017210,0.089621
48900,0.010009,0.007690,0.058170
48910,0.033527,0.025627,0.143165
48920,0.019448,0.014841,0.105626
48930,0.031219,0.024160,0.136102
48940,0.009720,0.007845,0.061566
48950,0.013820,0.010061,0.105945
48960,0.043597,0.033277,0.173784
48970,0.019707,0.014610,0.111945
48980,0.022258,0.016311,0.135529
48990,0.028640,0.021676,0.128757
49000,0.028444,0.021613,0.136097
49010,0.017911,0.013493,0.109405
49020,0.041284,0.032033,0.167995
49030,0.023708,0.018721,0.125556
49040,0.028538,0.021745,0.121261
49050,0.013117,0.009899,0.059114
49060,0.009279,0.007115,0.073900
49070,0.045661,0.035197,0.186310
49080,0.010637,0.008344,0.081197
49090,0.019074,0.014856,0.107317
49100,0.042372,0.032053,0.159855
49110,0.019767,0.014617,0.117029
49120,0.029967,0.023943,0.122614
49130,0.010674,0.007781,0.079734
49140,0.021937,0.016668,0.121364
49150,0.019429,0.014665,0.107435
49160,0.018547,0.014088,0.108219
49170,0.024035,0.018171,0.130882
49180,0.021036,0.016225,0.120296
49190,0.021984,0.016336,0.112299
49200,0.021252,0.016038,0.111078
49210,0.009124,0.007026,0.106093
49220,0.019836,0.014788,0.089136
49230,0.012192,0.009361,0.095337
49240,0.021200,0.016030,0.108064
49250,0.041223,0.031244,0.154150
49260,0.000003,0.000004,0.000012
49270,0.017390,0.013166,0.112939
49280,0.000001,0.000005,0.000011
49290,0.032260,0.024915,0.144712
49300,0.029541,0.022626,0.146524
49310,0.023295,0.017501,0.123632
49320,0.009106,0.006748,0.079099
49330,0.021082,0.016451,0.150956
49340,0.019463,0.014713,0.106166
49350,0.014099,0.010195,0.115202
49360,0.015931,0.011411,0.112949
49370,0.021599,0.016309,0.129281
49380,0.036475,0.028138,0.143861
49390,0.026664,0.020580,0.113654
49400,0.010429,0.007735,0.090832
49410,0.035251,0.026511,0.155273
49420,0.032234,0.024607,0.151598
49430,0.007790,0.005586,0.086068
49440,0.012638,0.009207,0.088950
49450,0.022940,0.017579,0.108123
49460,0.010604,0.008265,0.097793
49470,0.022482,0.018563,0.120059
49480,0.036143,0.027554,0.148077
49490,0.019358,0.015349,0.086967
49500,0.054248,0.041411,0.195888
49510,0.028137,0.021322,0.134662
49520,0.022351,0.017131,0.123640
49530,0.030701,0.025093,0.147448
49540,0.005115,0.003845,0.069499
49550,0.032366,0.024491,0.149942
49560,0.017789,0.013790,0.106488
49570,0.011385,0.008498,0.104448
49580,0.011371,0.008610,0.101465
49590,0.010726,0.007617,0.098189
49600,0.006489,0.004636,0.085718
49610,0.020852,0.016275,0.093383
49620,0.046920,0.036198,0.179479
49630,0.013376,0.009892,0.118470
49640,0.018753,0.014298,0.088361
49650,0.002597,0.001768,0.066327
49660,0.017298,0.013248,0.081931
49670,0.019096,0.014339,0.088152
49680,0.018899,0.014281,0.101592
49690,0.027365,0.020925,0.146791
49700,0.009677,0.007328,0.053836
49710,0.030844,0.023437,0.129210
49720,0.040789,0.031376,0.166533
49730,0.002454,0.001845,0.070583
49740,0.030907,0.023494,0.150153
49750,0.013957,0.011091,0.092183
49760,0.020988,0.015613,0.109852
49770,0.014879,0.010552,0.090969
49780,0.057156,0.044598,0.205105
49790,0.010620,0.008158,0.065286
49800,0.011089,0.008375,0.060102
49810,0.016397,0.012264,0.099119
49820,0.009619,0.007581,0.087885
49830,0.025222,0.019403,0.126273
49840,0.002065,0.001563,0.062468
49850,0.026637,0.020400,0.131217
49860,0.017428,0.013069,0.108061
49870,0.037760,0.028759,0.153929
49880,0.024950,0.018538,0.146573
49890,0.012294,0.009211,0.101605
49900,0.015769,0.012758,0.112518
49910,0.019724,0.014992,0.112138
49920,0.031183,0.023637,0.140811
49930,0.027226,0.020669,0.133893
49940,0.014420,0.010670,0.094166
49950,0.023862,0.018038,0.110111
49960,0.023646,0.017836,0.099201
49970,0.008391,0.006431,0.045275
49980,0.024645,0.018688,0.124996
49990,0.016522,0.012241,0.084668
50000,0.033279,0.026062,0.136118
50010,0.035095,0.027237,0.134128
50020,0.024404,0.021959,0.105062
50030,0.019129,0.014124,0.111584
50040,0.019167,0.014670,0.100266
50050,0.021747,0.016236,0.124057
50060,0.025948,0.019895,0.125565
50070,0.024028,0.018620,0.120391
50080,0.001242,0.000907,0.066359
50090,0.018388,0.013553,0.104247
50100,0.027578,0.021229,0.129123
50110,0.045533,0.035396,0.183989
50120,0.008806,0.006628,0.049976
50130,0.018838,0.013236,0.124407
50140,0.042725,0.032712,0.161484
50150,0.019792,0.014854,0.113487
50160,0.024612,0.018539,0.128886
50170,0.009446,0.007037,0.093468
50180,0.020954,0.015535,0.114507
50190,0.014939,0.011393,0.084458
50200,0.015770,0.012282,0.097638
50210,0.019972,0.015298,0.090184
50220,0.015671,0.011591,0.106884
50230,0.018324,0.013788,0.108769
50240,0.012035,0.008808,0.103364
50250,0.006558,0.004826,0.078650
50260,0.032143,0.025116,0.148322
50270,0.025869,0.019724,0.132331
50280,0.034057,0.025597,0.142800
50290,0.020836,0.015334,0.125770
50300,0.020949,0.016117,0.099431
50310,0.023051,0.017754,0.125845
50320,0.015693,0.011860,0.101449
50330,0.025065,0.019332,0.123643
50340,0.018044,0.013683,0.091606
50350,0.015967,0.012309,0.107619
50360,0.017494,0.013333,0.102945
50370,0.017546,0.013177,0.103425
50380,0.003888,0.002301,0.145216
50390,0.023099,0.017357,0.117608
50400,0.050666,0.038604,0.187804
50410,0.020476,0.015816,0.130894
50420,0.028933,0.022017,0.132835
50430,0.029454,0.022192,0.141926
50440,0.032417,0.025181,0.152885
50450,0.005434,0.003798,0.081055
50460,0.029913,0.023174,0.144394
50470,0.010083,0.007752,0.079257
50480,0.048345,0.038087,0.174825
50490,0.037486,0.028629,0.141039
50500,0.035854,0.027528,0.156491
50510,0.038858,0.029888,0.151246
50520,0.015830,0.012104,0.106125
50530,0.026282,0.019963,0.128358
50540,0.011809,0.008661,0.103193
50550,0.009739,0.007521,0.041739
50560,0.015705,0.011852,0.123521
50570,0.051840,0.039284,0.192935
50580,0.029389,0.022652,0.142247
50590,0.011404,0.008591,0.063340
50600,0.031025,0.023658,0.117742
50610,0.004937,0.003517,0.072754
50620,0.018974,0.014231,0.118760
50630,0.019470,0.014913,0.092463
50640,0.035095,0.026394,0.159401
50650,0.024639,0.019507,0.122151
50660,0.015718,0.011886,0.106697
50670,0.034506,0.026547,0.138852
50680,0.018552,0.014183,0.108500
50690,0.007990,0.005745,0.098913
50700,0.017167,0.013238,0.107768
50710,0.028069,0.021652,0.138650
50720,0.019214,0.014823,0.107230
50730,0.043075,0.033184,0.170740
50740,0.013144,0.010166,0.112505
50750,0.017791,0.013613,0.113126
50760,0.018333,0.015160,0.090616
50770,0.020444,0.015850,0.125504
50780,0.024633,0.019082,0.131871
50790,0.031216,0.023859,0.144574
50800,0.032606,0.025052,0.154856
50810,0.020681,0.015417,0.095386
50820,0.016201,0.011604,0.117336
50830,0.011089,0.007918,0.113382
50840,0.023228,0.017237,0.119441
50850,0.000191,0.000160,0.046359
50860,0.030754,0.023295,0.139963
50870,0.014088,0.010752,0.103830
50880,0.014039,0.010513,0.112433
50890,0.016236,0.012805,0.093886
50900,0.031675,0.023871,0.149859
50910,0.002234,0.001632,0.076845
50920,0.018643,0.014134,0.109508
50930,0.025650,0.019768,0.141737
50940,0.029015,0.022729,0.139570
50950,0.035875,0.027007,0.157863
50960,0.014685,0.010896,0.099023
50970,0.025161,0.019026,0.131896
50980,0.014016,0.010065,0.083828
50990,0.025857,0.019545,0.125929
51000,0.010757,0.007884,0.096098
51010,0.039359,0.030479,0.163033
51020,0.034965,0.026325,0.147011
51030,0.026105,0.020099,0.102534
51040,0.021920,0.016701,0.130530
51050,0.010095,0.007671,0.080726
51060,0.028317,0.021638,0.136665
51070,0.013829,0.009896,0.121139
51080,0.014779,0.011071,0.073756
51090,0.039021,0.033443,0.160878
51100,0.031282,0.024223,0.130041
51110,0.020829,0.015471,0.111433
51120,0.009035,0.006314,0.120902
51130,0.023005,0.016991,0.123348
51140,0.010476,0.007745,0.086549
51150,0.042961,0.033266,0.157206
51160,0.045701,0.034609,0.175640
51170,0.026829,0.020235,0.129290
51180,0.028587,0.021819,0.120246
51190,0.029075,0.021339,0.143906
51200,0.020626,0.015835,0.101648
51210,0.023483,0.017825,0.122667
51220,0.009532,0.007223,0.078240
51230,0.035613,0.027399,0.150888
51240,0.021491,0.016552,0.095035
51250,0.026375,0.019929,0.138211
51260,0.015960,0.012200,0.101547
51270,0.015580,0.012464,0.082524
51280,0.015576,0.012908,0.121729
51290,0.033480,0.025928,0.140066
51300,0.005952,0.004264,0.109770
51310,0.034982,0.026822,0.147289
51320,0.009996,0.007619,0.089343
51330,0.018834,0.014221,0.103223
51340,0.037374,0.028394,0.159966
51350,0.031487,0.023857,0.126450
51360,0.017308,0.013025,0.111413
51370,0.015797,0.011752,0.114143
51380,0.026710,0.020832,0.115025
51390,0.033855,0.026037,0.143258
51400,0.012414,0.009825,0.093282
51410,0.058407,0.044890,0.207554
51420,0.016181,0.011975,0.105591
51430,0.014269,0.010759,0.089766
51440,0.036119,0.027667,0.153481
51450,0.010150,0.007706,0.089540
51460,0.005916,0.004452,0.034385
51470,0.012496,0.009486,0.088131
51480,0.016794,0.012948,0.105239
51490,0.037454,0.028707,0.163083
51500,0.011859,0.008818,0.088827
51510,0.033931,0.025937,0.152485
51520,0.025963,0.019574,0.122739
51530,0.012291,0.009400,0.084882
51540,0.015629,0.011961,0.073868
51550,0.006963,0.004892,0.081853
51560,0.005582,0.004423,0.095000
51570,0.008547,0.006277,0.077694
51580,0.033775,0.025534,0.134468
51590,0.000005,0.000003,0.000013
51600,0.037132,0.028500,0.136275
51610,0.019810,0.014525,0.095416
51620,0.012388,0.009504,0.088393
51630,0.025342,0.019007,0.107079
51640,0.011730,0.008466,0.105073
51650,0.052679,0.040938,0.195110
51660,0.012224,0.009575,0.060987
51670,0.023000,0.017653,0.118910
51680,0.028256,0.021404,0.141438
51690,0.034687,0.027496,0.138560
51700,0.024166,0.017874,0.107544
51710,0.013373,0.010193,0.074720
51720,0.030462,0.023188,0.132288
51730,0.013957,0.010499,0.082333
51740,0.022445,0.017211,0.103161
51750,0.027168,0.020681,0.134551
51760,0.014359,0.011220,0.073416
51770,0.006160,0.004726,0.147187
51780,0.019810,0.015236,0.105594
51790,0.024353,0.018367,0.140824
51800,0.021551,0.015965,0.103539
51810,0.013194,0.010222,0.073067
51820,0.012897,0.009378,0.104717
51830,0.018337,0.013977,0.103448
51840,0.035380,0.027122,0.151351
51850,0.008449,0.006252,0.085818
51860,0.029260,0.021741,0.131678
51870,0.018101,0.014389,0.104926
51880,0.017192,0.012841,0.107135
51890,0.009599,0.007164,0.099889
51900,0.012834,0.009915,0.110640
51910,0.011133,0.008300,0.082400
51920,0.011678,0.008707,0.095349
51930,0.023980,0.018583,0.118714
51940,0.015711,0.011853,0.112561
51950,0.015227,0.011461,0.081825
51960,0.002375,0.001904,0.018138
51970,0.012099,0.009380,0.098318
51980,0.013928,0.010203,0.084470
51990,0.041405,0.032085,0.169695
52000,0.014421,0.010673,0.106857
52010,0.051114,0.039465,0.191431
52020,0.054291,0.041806,0.197103
52030,0.014503,0.010696,0.079334
52040,0.017707,0.013686,0.102272
52050,0.023661,0.017832,0.109356
52060,0.028898,0.022123,0.120758
52070,0.013320,0.010252,0.086991
52080,0.018461,0.014092,0.115320
52090,0.031508,0.024095,0.134145
52100,0.019737,0.014750,0.101203
52110,0.031654,0.024024,0.149295
52120,0.017242,0.012622,0.087030
52130,0.016386,0.012510,0.121953
52140,0.006030,0.004386,0.031055
52150,0.015705,0.012057,0.077476
52160,0.039055,0.029522,0.163732
52170,0.028379,0.021601,0.130384
52180,0.013152,0.009806,0.082973
52190,0.005319,0.005682,0.134461
52200,0.031649,0.024836,0.139378
52210,0.015732,0.012353,0.079876
52220,0.025388,0.019366,0.123863
52230,0.032417,0.024672,0.133741
52240,0.011900,0.009257,0.095099
52250,0.027828,0.021399,0.126977
52260,0.026011,0.019610,0.116616
52270,0.015954,0.012164,0.115592
52280,0.013246,0.010032,0.090471
52290,0.038041,0.029224,0.166065
52300,0.022693,0.017101,0.125433
52310,0.003929,0.002788,0.106410
52320,0.032165,0.024716,0.150664
52330,0.023927,0.019479,0.136093
52340,0.018619,0.014032,0.112840
52350,0.011215,0.008240,0.094383
52360,0.005963,0.004450,0.139763
52370,0.047335,0.036336,0.177325
52380,0.001080,0.000766,0.078088
52390,0.026818,0.020893,0.132488
52400,0.022816,0.017420,0.120402
52410,0.017871,0.013756,0.106770
52420,0.025504,0.019576,0.114233
52430,0.020692,0.015816,0.123789
52440,0.013213,0.009914,0.088349
52450,0.018732,0.014129,0.104578
52460,0.014904,0.011332,0.098460
52470,0.001222,0.000894,0.074758
52480,0.018679,0.013861,0.110825
52490,0.011194,0.007987,0.092227
52500,0.037743,0.028673,0.158151
52510,0.029480,0.022846,0.133783
52520,0.020994,0.016113,0.118872
52530,0.004303,0.003308,0.032329
52540,0.027433,0.020683,0.131050
52550,0.006063,0.004414,0.041411
52560,0.000003,0.000005,0.000015
52570,0.012007,0.008963,0.093605
52580,0.031416,0.024162,0.137712
52590,0.035134,0.027102,0.146164
52600,0.010883,0.008310,0.083703
52610,0.024880,0.018794,0.132585
52620,0.009482,0.006934,0.083426
52630,0.026323,0.020321,0.128732
52640,0.022741,0.017405,0.124936
52650,0.002746,0.002234,0.068960
52660,0.015550,0.011642,0.087443
52670,0.012554,0.010097,0.101319
52680,0.014691,0.011779,0.096275
52690,0.025490,0.019744,0.121731
52700,0.021742,0.016594,0.113372
52710,0.018834,0.014441,0.100647
52720,0.019281,0.014979,0.094663
52730,0.016021,0.011624,0.113195
52740,0.024788,0.019090,0.111896
52750,0.036118,0.027762,0.152225
52760,0.027358,0.021220,0.142610
52770,0.004333,0.003244,0.030535
52780,0.023678,0.018036,0.102431
52790,0.025239,0.019125,0.132425
52800,0.005558,0.003924,0.125139
52810,0.020072,0.015167,0.101277
52820,0.041413,0.031613,0.172262
52830,0.021792,0.016626,0.118510
52840,0.038909,0.029913,0.162002
52850,0.024317,0.018123,0.129451
52860,0.039000,0.030471,0.166458
52870,0.030833,0.023434,0.147553
52880,0.024445,0.019279,0.108021
52890,0.006319,0.004640,0.075216
52900,0.028867,0.021911,0.133892
52910,0.015921,0.012039,0.068022
52920,0.014089,0.010609,0.103260
52930,0.009317,0.006835,0.084191
52940,0.014601,0.010545,0.118438
52950,0.013364,0.010267,0.093260
52960,0.022370,0.017525,0.104837
52970,0.022255,0.016838,0.120091
52980,0.034617,0.026365,0.141279
52990,0.026046,0.019539,0.129537
53000,0.015575,0.012286,0.100678
53010,0.002502,0.002001,0.027093
53020,0.029358,0.022623,0.114415
53030,0.001502,0.001193,0.194980
53040,0.032864,0.024942,0.138851
53050,0.010797,0.007988,0.091490
53060,0.010589,0.007798,0.093448
53070,0.033724,0.026210,0.140866
53080,0.018471,0.013795,0.106635
53090,0.039908,0.030986,0.160610
53100,0.030909,0.023609,0.121232
53110,0.020618,0.015699,0.121784
53120,0.005347,0.003925,0.085131
53130,0.019455,0.014655,0.114225
53140,0.027761,0.020789,0.134114
53150,0.028977,0.021997,0.138762
53160,0.023217,0.017952,0.138483
53170,0.010713,0.008236,0.076764
53180,0.033573,0.025728,0.139489
53190,0.040146,0.030281,0.162780
53200,0.012872,0.009830,0.062330
53210,0.021651,0.016622,0.113460
53220,0.022126,0.017138,0.119580
53230,0.023656,0.017923,0.117292
53240,0.020968,0.015936,0.124013
53250,0.006504,0.004043,0.184800
53260,0.028606,0.021659,0.135785
53270,0.003922,0.002853,0.102628
53280,0.013456,0.010016,0.116231
53290,0.009899,0.007619,0.089983
53300,0.048761,0.037129,0.191232
53310,0.012386,0.009317,0.085799
53320,0.016709,0.012675,0.107206
53330,0.010612,0.007872,0.102426
53340,0.022197,0.016786,0.126656
53350,0.028090,0.021469,0.138591
53360,0.035705,0.027516,0.155606
53370,0.020052,0.014639,0.115636
53380,0.017024,0.012551,0.111363
53390,0.023678,0.017691,0.092805
53400,0.018224,0.014196,0.088335
53410,0.021910,0.016957,0.121177
53420,0.008591,0.006112,0.122096
53430,0.023126,0.017948,0.117150
53440,0.014852,0.011280,0.106486
53450,0.017471,0.013245,0.105341
53460,0.019069,0.014787,0.109108
53470,0.013907,0.010363,0.104641
53480,0.018365,0.014370,0.097320
53490,0.019890,0.015163,0.118359
53500,0.019427,0.014277,0.119060
53510,0.024364,0.018688,0.093579
53520,0.032821,0.025572,0.153610
53530,0.014818,0.010979,0.099195
53540,0.000000,0.000002,0.000003
53550,0.021201,0.016475,0.115215
53560,0.041797,0.031861,0.152827
53570,0.011194,0.008207,0.087564
53580,0.018557,0.015248,0.095839
53590,0.029097,0.022398,0.128514
53600,0.011332,0.008434,0.089080
53610,0.009603,0.007399,0.079899
53620,0.012752,0.009949,0.063957
53630,0.019955,0.015125,0.107372
53640,0.023029,0.017114,0.118840
53650,0.017051,0.013173,0.084497
53660,0.021837,0.016741,0.099652
53670,0.025902,0.020326,0.113879
53680,0.009257,0.006731,0.083218
53690,0.036806,0.027790,0.154809
53700,0.001794,0.001301,0.052648
53710,0.016209,0.012326,0.119351
53720,0.024262,0.018871,0.121748
53730,0.012418,0.009345,0.100342
53740,0.005475,0.004201,0.043953
53750,0.022568,0.017316,0.087925
53760,0.035488,0.027334,0.156883
53770,0.021852,0.017428,0.101559
53780,0.025728,0.019250,0.128444
53790,0.021514,0.016634,0.122504
53800,0.022108,0.016490,0.124952
53810,0.026316,0.020150,0.129309
53820,0.028625,0.021716,0.130700
53830,0.013891,0.010591,0.097595
53840,0.019970,0.015115,0.111806
53850,0.032277,0.025011,0.145114
53860,0.018848,0.014667,0.114868
53870,0.021271,0.016064,0.119025
53880,0.018136,0.013951,0.079209
53890,0.023870,0.017935,0.133016
53900,0.010183,0.006187,0.141070
53910,0.021875,0.016395,0.123715
53920,0.013429,0.010071,0.067242
53930,0.012062,0.008708,0.091614
53940,0.012755,0.009205,0.093547
53950,0.020845,0.015840,0.100203
53960,0.017166,0.013025,0.101188
53970,0.037457,0.027949,0.153227
53980,0.013188,0.009690,0.093542
53990,0.018032,0.013698,0.108063
54000,0.014809,0.012079,0.074203
54010,0.030323,0.023155,0.116622
54020,0.006779,0.004853,0.065088
54030,0.022617,0.017444,0.110556
54040,0.015260,0.011775,0.096634
54050,0.009886,0.008122,0.135423
54060,0.013882,0.010464,0.102330
54070,0.036384,0.028060,0.149064
54080,0.014144,0.011464,0.084820
54090,0.029614,0.022891,0.128735
54100,0.023599,0.018119,0.111393
54110,0.027758,0.021421,0.111902
54120,0.036050,0.027238,0.153248
54130,0.008824,0.006142,0.082692
54140,0.006623,0.004808,0.079865
54150,0.025197,0.019021,0.125263
54160,0.016771,0.012025,0.121220
54170,0.037307,0.027607,0.166024
54180,0.014226,0.011488,0.124324
54190,0.011914,0.008952,0.062235
54200,0.021485,0.016517,0.126908
54210,0.010801,0.008014,0.089975
54220,0.009612,0.007483,0.050822
54230,0.001995,0.001574,0.164445
54240,0.020342,0.015698,0.112255
54250,0.011658,0.008657,0.097728
54260,0.011700,0.008482,0.110336
54270,0.040696,0.030957,0.159872
54280,0.026570,0.020249,0.119894
54290,0.015700,0.011701,0.110323
54300,0.012768,0.009168,0.062651
54310,0.030105,0.023252,0.122833
54320,0.015703,0.011914,0.107988
54330,0.020894,0.015470,0.113468
54340,0.029518,0.022528,0.137067
54350,0.048766,0.037154,0.179360
54360,0.022104,0.017010,0.134338
54370,0.011110,0.008563,0.088662
54380,0.018743,0.014116,0.110617
54390,0.030744,0.023388,0.139205
54400,0.013765,0.010039,0.127281
54410,0.013026,0.009361,0.112900
54420,0.000156,0.000109,0.077591
54430,0.030423,0.023429,0.132458
54440,0.014851,0.011137,0.095904
54450,0.015419,0.011934,0.094381
54460,0.033710,0.026358,0.144025
54470,0.019401,0.014862,0.112912
54480,0.018337,0.013820,0.127467
54490,0.025902,0.019522,0.125932
54500,0.015793,0.011483,0.124211
54510,0.023051,0.017847,0.105407
54520,0.009153,0.006905,0.077236
54530,0.018168,0.013455,0.104456
54540,0.001692,0.001438,0.079127
54550,0.035319,0.026531,0.154160
54560,0.003761,0.002667,0.023688
54570,0.011375,0.008865,0.092100
54580,0.032712,0.025280,0.143387
54590,0.021463,0.016566,0.115194
54600,0.025246,0.019471,0.117908
54610,0.003097,0.002268,0.047016
54620,0.018168,0.013584,0.097003
54630,0.023109,0.017393,0.131440
54640,0.034336,0.026468,0.144086
54650,0.008486,0.006085,0.086015
54660,0.021724,0.016299,0.117186
54670,0.030125,0.023000,0.135236
54680,0.039837,0.030502,0.146377
54690,0.012446,0.009821,0.058745
54700,0.022727,0.017535,0.117885
54710,0.025095,0.018867,0.131096
54720,0.019000,0.014434,0.086861
54730,0.011024,0.008329,0.053880
54740,0.025250,0.019171,0.121219
54750,0.007425,0.005441,0.100295
54760,0.012115,0.009042,0.089795
54770,0.014027,0.010511,0.100507
54780,0.047936,0.036769,0.182288
54790,0.036926,0.028784,0.158334
54800,0.020926,0.016099,0.085571
54810,0.023711,0.018169,0.121288
54820,0.015117,0.011489,0.108417
54830,0.017157,0.013075,0.077184
54840,0.029915,0.023051,0.138726
54850,0.020269,0.015439,0.110770
54860,0.029452,0.023021,0.113110
54870,0.013687,0.010461,0.106951
54880,0.013291,0.010043,0.105628
54890,0.028156,0.021795,0.127910
54900,0.011126,0.008223,0.093896
54910,0.012496,0.009610,0.087013
54920,0.017379,0.012976,0.093240
54930,0.027476,0.020440,0.130016
54940,0.022142,0.016934,0.100378
54950,0.029402,0.022726,0.132921
54960,0.012935,0.009756,0.092454
54970,0.027244,0.020378,0.122588
54980,0.006028,0.004579,0.046700
54990,0.015788,0.011943,0.120834
55000,0.040890,0.031301,0.162291
55010,0.013369,0.009891,0.099365
55020,0.023537,0.018730,0.116037
55030,0.014842,0.010896,0.106374
55040,0.008686,0.006112,0.095819
55050,0.026348,0.019710,0.142629
55060,0.041884,0.031917,0.168764
55070,0.013730,0.010114,0.085829
55080,0.016769,0.012349,0.113581
55090,0.016260,0.012235,0.088669
55100,0.025883,0.019934,0.133888
55110,0.024498,0.018689,0.125360
55120,0.001768,0.001246,0.252220
55130,0.017451,0.012859,0.105514
55140,0.017109,0.013136,0.110599
55150,0.010497,0.008024,0.075485
55160,0.026806,0.020727,0.130292
55170,0.010805,0.007898,0.082046
55180,0.019618,0.014503,0.115428
55190,0.036617,0.028072,0.149324
55200,0.006394,0.005041,0.036109
55210,0.015343,0.011845,0.097774
55220,0.008253,0.006206,0.049720
55230,0.009386,0.007103,0.061454
55240,0.029829,0.023267,0.124182
55250,0.026733,0.020699,0.124988
55260,0.028513,0.021701,0.133532
55270,0.016416,0.012438,0.089876
55280,0.018811,0.013864,0.118471
55290,0.039920,0.030372,0.158670
55300,0.004811,0.003400,0.073049
55310,0.015436,0.011929,0.094687
55320,0.017364,0.013728,0.103622
55330,0.011715,0.008853,0.093451
55340,0.020786,0.014967,0.134108
55350,0.009868,0.007278,0.072714
55360,0.030529,0.023600,0.129769
55370,0.013577,0.010066,0.103048
55380,0.031748,0.024492,0.135635
55390,0.001912,0.001468,0.062623
55400,0.017794,0.013725,0.093117
55410,0.027103,0.020819,0.127647
55420,0.020396,0.015601,0.111417
55430,0.031244,0.023777,0.124568
55440,0.029885,0.023237,0.130282
55450,0.034198,0.026345,0.129896
55460,0.020750,0.015828,0.114657
55470,0.028500,0.021538,0.144032
55480,0.018411,0.013915,0.102579
55490,0.002470,0.001768,0.064657
55500,0.032179,0.024822,0.139095
55510,0.021738,0.016965,0.121858
55520,0.031213,0.023935,0.139721
55530,0.029465,0.022665,0.128138
55540,0.022691,0.017023,0.124790
55550,0.033196,0.026959,0.148834
55560,0.014845,0.011106,0.093431
55570,0.012559,0.009375,0.065457
55580,0.007603,0.005941,0.138262
55590,0.007758,0.005701,0.082844
55600,0.030014,0.022916,0.131198
55610,0.024044,0.018501,0.114069
55620,0.021357,0.015779,0.134085
55630,0.022786,0.017817,0.104553
55640,0.016921,0.012921,0.094816
55650,0.007576,0.005568,0.097964
55660,0.015568,0.011732,0.110085
55670,0.022019,0.017141,0.117850
55680,0.023876,0.018022,0.118201
55690,0.020482,0.015514,0.119073
55700,0.016771,0.012573,0.106803
55710,0.019529,0.014674,0.102503
55720,0.034220,0.026066,0.141400
55730,0.011373,0.008727,0.088797
55740,0.023348,0.018148,0.125091
55750,0.015722,0.011690,0.115354
55760,0.024177,0.018718,0.119310
55770,0.024065,0.018606,0.128242
55780,0.027024,0.020557,0.127603
55790,0.008262,0.005745,0.089762
55800,0.036126,0.027365,0.153119
55810,0.016751,0.012810,0.119179
55820,0.014400,0.011010,0.110269
55830,0.030132,0.022858,0.133577
55840,0.014146,0.010553,0.106747
55850,0.016291,0.012786,0.085864
55860,0.017881,0.013488,0.101379
55870,0.038326,0.029623,0.157521
55880,0.007967,0.005882,0.080063
55890,0.017705,0.013361,0.107431
55900,0.038610,0.029648,0.158665
55910,0.029396,0.023052,0.131458
55920,0.030233,0.023089,0.135649
55930,0.020785,0.015885,0.091886
55940,0.027616,0.021246,0.137550
55950,0.019532,0.015311,0.102182
55960,0.041114,0.031595,0.158174
55970,0.008903,0.006740,0.091685
55980,0.053063,0.040985,0.194004
55990,0.011489,0.008685,0.090142
56000,0.019088,0.014546,0.083338
56010,0.017175,0.013282,0.086357
56020,0.027022,0.020816,0.133085
56030,0.026425,0.020237,0.123768
56040,0.017886,0.013772,0.106480
56050,0.007502,0.005418,0.092123
56060,0.016044,0.012237,0.098353
56070,0.018035,0.013715,0.116199
56080,0.010622,0.008010,0.088531
56090,0.024277,0.018644,0.124542
56100,0.030937,0.023860,0.136160
56110,0.028602,0.021913,0.133350
56120,0.016595,0.012573,0.105345
56130,0.019897,0.015240,0.100166
56140,0.053560,0.041504,0.185280
56150,0.026151,0.019994,0.125952
56160,0.016472,0.012496,0.112788
56170,0.016624,0.012524,0.111048
56180,0.026810,0.019951,0.115725
56190,0.020888,0.016117,0.100469
56200,0.014484,0.011224,0.073966
56210,0.013104,0.009697,0.103107
56220,0.041321,0.031814,0.162314
56230,0.018990,0.014747,0.104375
56240,0.014535,0.011008,0.084996
56250,0.021738,0.016943,0.120596
56260,0.008362,0.006595,0.073246
56270,0.017358,0.013722,0.102119
56280,0.008593,0.006321,0.092278
56290,0.029231,0.023106,0.131272
56300,0.022054,0.016828,0.102068
56310,0.017357,0.013400,0.068520
56320,0.020139,0.014986,0.103381
56330,0.011062,0.007920,0.087364
56340,0.033401,0.025712,0.145745
56350,0.001291,0.001077,0.010797
56360,0.031684,0.024441,0.144721
56370,0.004656,0.003385,0.059098
56380,0.010458,0.007840,0.065510
56390,0.003039,0.002125,0.015508
56400,0.029803,0.022557,0.131498
56410,0.023990,0.017796,0.132249
56420,0.022781,0.017628,0.112101
56430,0.010688,0.007980,0.084129
56440,0.013234,0.009744,0.092222
56450,0.024370,0.018691,0.120968
56460,0.006380,0.004578,0.079980
56470,0.023141,0.017354,0.110994
56480,0.043972,0.033834,0.171643
56490,0.023191,0.017251,0.134252
56500,0.020594,0.015459,0.091560
56510,0.014897,0.011376,0.103722
56520,0.011982,0.008948,0.093348
56530,0.017919,0.013417,0.086563
56540,0.004014,0.003165,0.030648
56550,0.021847,0.017017,0.096327
56560,0.028078,0.021350,0.127622
56570,0.018432,0.013860,0.123286
56580,0.022760,0.017354,0.119566
56590,0.043370,0.033567,0.168237
56600,0.024180,0.018677,0.107953
56610,0.011590,0.008557,0.091044
56620,0.026753,0.020594,0.118564
56630,0.023644,0.018081,0.129546
56640,0.010486,0.007685,0.097854
56650,0.024465,0.018301,0.137307
56660,0.019802,0.014901,0.084549
56670,0.033438,0.025457,0.125937
56680,0.034001,0.025625,0.146141
56690,0.033412,0.025758,0.141946
56700,0.023434,0.018509,0.109633
56710,0.022594,0.015869,0.122349
56720,0.036003,0.028046,0.140265
56730,0.025955,0.020924,0.114471
56740,0.023394,0.017575,0.127317
56750,0.044115,0.034005,0.169645
56760,0.034714,0.026657,0.149336
56770,0.019955,0.014934,0.114127
56780,0.049060,0.037748,0.177265
56790,0.031380,0.024059,0.140100
56800,0.018988,0.013871,0.113540
56810,0.025182,0.019507,0.120627
56820,0.028408,0.021326,0.135155
56830,0.001290,0.000955,0.076471
56840,0.014110,0.010888,0.066154
56850,0.019160,0.014898,0.106291
56860,0.026238,0.019967,0.122355
56870,0.028153,0.021633,0.127191
56880,0.002273,0.001660,0.071719
56890,0.018328,0.013873,0.110400
56900,0.024708,0.019095,0.122223
56910,0.004584,0.003558,0.102200
56920,0.018622,0.014396,0.110658
56930,0.037455,0.028629,0.149684
56940,0.018799,0.014378,0.111633
56950,0.021492,0.016484,0.089960
56960,0.009750,0.007788,0.084649
56970,0.015626,0.011752,0.071392
56980,0.019419,0.015206,0.102224
56990,0.021381,0.016349,0.110964
57000,0.007291,0.005399,0.059127
57010,0.025176,0.019478,0.131120
57020,0.009082,0.006763,0.110391
57030,0.013296,0.009631,0.098611
57040,0.011874,0.008998,0.098979
57050,0.027391,0.021142,0.129712
57060,0.003791,0.002760,0.075714
57070,0.034857,0.026137,0.149261
57080,0.020567,0.015696,0.109646
57090,0.025140,0.019234,0.101113
57100,0.025727,0.019610,0.124224
57110,0.022900,0.017613,0.105519
57120,0.027862,0.020619,0.141372
57130,0.022780,0.017643,0.115480
57140,0.022512,0.017078,0.121314
57150,0.003221,0.002461,0.020825
57160,0.005242,0.004428,0.025335
57170,0.008161,0.006288,0.068030
57180,0.022708,0.017266,0.132034
57190,0.033791,0.025792,0.136429
57200,0.029671,0.022655,0.120149
57210,0.029436,0.023023,0.120926
57220,0.018563,0.014375,0.103493
57230,0.025391,0.019829,0.120529
57240,0.036713,0.028031,0.155716
57250,0.011690,0.008764,0.085011
57260,0.026541,0.020429,0.130657
57270,0.004267,0.003034,0.088079
57280,0.028510,0.022209,0.157436
57290,0.006285,0.004805,0.039205
57300,0.022991,0.017614,0.131249
57310,0.032094,0.025022,0.139422
57320,0.019041,0.014154,0.104647
57330,0.005296,0.004105,0.034928
57340,0.015547,0.011367,0.078933
57350,0.019517,0.015124,0.113191
57360,0.037528,0.028441,0.160260
57370,0.017706,0.013417,0.098642
57380,0.033775,0.026037,0.142950
57390,0.046531,0.035260,0.175320
57400,0.011963,0.009041,0.105957
57410,0.032572,0.024947,0.145631
57420,0.028848,0.022015,0.128720
57430,0.008828,0.006754,0.083904
57440,0.019516,0.014669,0.114133
57450,0.017684,0.013571,0.104528
57460,0.022614,0.017116,0.108803
57470,0.023213,0.017959,0.106065
57480,0.030733,0.023830,0.135782
57490,0.015366,0.010921,0.106607
57500,0.021811,0.016498,0.129731
57510,0.029323,0.022550,0.134397
57520,0.013756,0.011141,0.098252
57530,0.032253,0.024896,0.145432
57540,0.007417,0.005367,0.071734
57550,0.010481,0.007850,0.090481
57560,0.024714,0.019153,0.097932
57570,0.024514,0.018576,0.116903
57580,0.004698,0.003424,0.038476
57590,0.014189,0.010657,0.094790
57600,0.019992,0.015458,0.106404
57610,0.002211,0.001507,0.079569
57620,0.018865,0.014127,0.110384
57630,0.022749,0.017467,0.127519
57640,0.038992,0.029900,0.154781
57650,0.012376,0.009228,0.098805
57660,0.026244,0.020538,0.136513
57670,0.034424,0.026876,0.141476
57680,0.013226,0.009946,0.099278
57690,0.038155,0.029361,0.157453
57700,0.010498,0.007331,0.119734
57710,0.034284,0.025865,0.147165
57720,0.021135,0.016276,0.114071
57730,0.024128,0.018504,0.131497
57740,0.005861,0.004241,0.087183
57750,0.021673,0.016297,0.097410
57760,0.013218,0.010424,0.089445
57770,0.015459,0.011712,0.078603
57780,0.001770,0.001388,0.056312
57790,0.010836,0.008241,0.094620
57800,0.020033,0.016080,0.085414
57810,0.021725,0.016591,0.105624
57820,0.015774,0.012289,0.107300
57830,0.005980,0.004359,0.039846
57840,0.013157,0.010168,0.097960
57850,0.026309,0.020475,0.121688
57860,0.027330,0.021794,0.114012
57870,0.028395,0.022232,0.140905
57880,0.030371,0.023076,0.141840
57890,0.018678,0.014260,0.099512
57900,0.022239,0.016867,0.112268
57910,0.000182,0.000147,0.064498
57920,0.000007,0.000006,0.000022
57930,0.022969,0.017674,0.121271
57940,0.008799,0.006291,0.099513
57950,0.017586,0.013256,0.101911
57960,0.034034,0.025999,0.144585
57970,0.004054,0.003060,0.024047
57980,0.033882,0.026027,0.149711
57990,0.026149,0.020414,0.123103
58000,0.012472,0.009590,0.107214
58010,0.022118,0.017187,0.101344
58020,0.019429,0.014681,0.106643
58030,0.025745,0.019932,0.105955
58040,0.021145,0.016155,0.105588
58050,0.023656,0.018295,0.111376
58060,0.023032,0.017816,0.115419
58070,0.019482,0.014616,0.120946
58080,0.011379,0.008533,0.094517
58090,0.007914,0.007115,0.101175
58100,0.024047,0.018095,0.125498
58110,0.034564,0.025996,0.158365
58120,0.048940,0.039152,0.181148
58130,0.025460,0.019692,0.116817
58140,0.025357,0.019887,0.093176
58150,0.021047,0.016575,0.114094
58160,0.026959,0.020417,0.137449
58170,0.016143,0.012217,0.095787
58180,0.019393,0.015014,0.111056
58190,0.010790,0.008218,0.084198
58200,0.021165,0.016109,0.110716
58210,0.007861,0.005969,0.076109
58220,0.028593,0.021620,0.131281
58230,0.016709,0.013101,0.081113
58240,0.002718,0.002408,0.044979
58250,0.016695,0.012374,0.084837
58260,0.028559,0.021762,0.131034
58270,0.012260,0.009238,0.085178
58280,0.024877,0.019164,0.102936
58290,0.002405,0.001701,0.054716
58300,0.023076,0.017387,0.127387
58310,0.043359,0.033945,0.158684
58320,0.022295,0.017130,0.127070
58330,0.024788,0.018856,0.126665
58340,0.020965,0.015853,0.115221
58350,0.018823,0.014493,0.083876
58360,0.020666,0.015861,0.111776
58370,0.018735,0.014226,0.112460
58380,0.015079,0.011494,0.113744
58390,0.031725,0.024458,0.142816
58400,0.014966,0.011349,0.092047
58410,0.018526,0.014226,0.104266
58420,0.028344,0.021933,0.134188
58430,0.003520,0.002580,0.068402
58440,0.035234,0.027485,0.142540
58450,0.000745,0.000481,0.066362
58460,0.000806,0.000820,0.066856
58470,0.006662,0.004897,0.079988
58480,0.020880,0.015840,0.109093
58490,0.015658,0.012118,0.094967
58500,0.017765,0.013225,0.102204
58510,0.015035,0.011514,0.091500
58520,0.023356,0.017528,0.124883
58530,0.019431,0.014217,0.122405
58540,0.013542,0.010410,0.108629
58550,0.010362,0.007489,0.085694
58560,0.020626,0.015546,0.110392
58570,0.017887,0.013804,0.099112
58580,0.017782,0.013310,0.104211
58590,0.014859,0.011314,0.082756
58600,0.012718,0.009842,0.079757
58610,0.020334,0.015094,0.119424
58620,0.000212,0.000135,0.104120
58630,0.035859,0.027756,0.148991
58640,0.023691,0.018328,0.106440
58650,0.023058,0.017400,0.120148
58660,0.012555,0.009305,0.107251
58670,0.060609,0.044658,0.209655
58680,0.026390,0.020217,0.126606
58690,0.024661,0.018797,0.130153
58700,0.059223,0.046071,0.206520
58710,0.027536,0.020692,0.135621
58720,0.037681,0.028909,0.151391
58730,0.010034,0.007325,0.080025
58740,0.000077,0.000059,0.051030
58750,0.030196,0.023309,0.139029
58760,0.009966,0.007581,0.091780
58770,0.028828,0.021719,0.131489
58780,0.025814,0.020367,0.120143
58790,0.020266,0.015440,0.104772
58800,0.019618,0.014954,0.109477
58810,0.012775,0.009306,0.095039
58820,0.001585,0.001192,0.107721
58830,0.010075,0.007151,0.082492
58840,0.004509,0.003406,0.081160
58850,0.026373,0.020308,0.121087
58860,0.001657,0.001434,0.010748
58870,0.024651,0.019047,0.115248
58880,0.012144,0.014795,0.098369
58890,0.018680,0.014439,0.097482
58900,0.019557,0.014991,0.107286
58910,0.021124,0.016323,0.113434
58920,0.011041,0.008248,0.060208
58930,0.015012,0.011453,0.104071
58940,0.020778,0.015950,0.094686
58950,0.024056,0.018496,0.134093
58960,0.011366,0.008464,0.089435
58970,0.025587,0.019799,0.133261
58980,0.032206,0.024426,0.138041
58990,0.010240,0.007632,0.091674
59000,0.022406,0.017090,0.108696
59010,0.003437,0.002596,0.039099
59020,0.011395,0.008692,0.087602
59030,0.023110,0.017606,0.127619
59040,0.019046,0.014550,0.103714
59050,0.015330,0.011563,0.096956
59060,0.022215,0.017060,0.120857
59070,0.011862,0.009288,0.063044
59080,0.018760,0.014028,0.104596
59090,0.006768,0.004608,0.085637
59100,0.019572,0.014691,0.100049
59110,0.015014,0.012275,0.066177
59120,0.008754,0.006428,0.088362
59130,0.008228,0.006406,0.067443
59140,0.013132,0.010062,0.095028
59150,0.017126,0.012942,0.108774
59160,0.006458,0.005195,0.077613
59170,0.011444,0.007978,0.101137
59180,0.017881,0.013708,0.102611
59190,0.013700,0.010485,0.094374
59200,0.028683,0.022573,0.141766
59210,0.028808,0.021703,0.125145
59220,0.013844,0.010223,0.097326
59230,0.032135,0.024832,0.139514
59240,0.010626,0.007927,0.102691
59250,0.014697,0.011367,0.089917
59260,0.003020,0.002256,0.023277
59270,0.014792,0.010890,0.077144
59280,0.017302,0.013378,0.104497
59290,0.022496,0.017449,0.118549
59300,0.026086,0.020179,0.120931
59310,0.009450,0.006959,0.058323
59320,0.023390,0.017752,0.099616
59330,0.023111,0.017637,0.117797
59340,0.014676,0.011229,0.100882
59350,0.026441,0.020601,0.113636
59360,0.014932,0.011347,0.092348
59370,0.000325,0.000298,0.003474
59380,0.006310,0.004813,0.072631
59390,0.019326,0.015548,0.108907
59400,0.011691,0.008694,0.079797
59410,0.018094,0.013933,0.099590
59420,0.035600,0.027739,0.158259
59430,0.019939,0.015081,0.107206
59440,0.017759,0.013845,0.070409
59450,0.016256,0.011690,0.115551
59460,0.020787,0.015836,0.111566
59470,0.032651,0.025259,0.138013
59480,0.024801,0.018849,0.125881
59490,0.015983,0.011799,0.100493
59500,0.010422,0.007927,0.057770
59510,0.032784,0.025449,0.148436
59520,0.012528,0.009060,0.092613
59530,0.021642,0.016524,0.099095
59540,0.021454,0.016155,0.118606
59550,0.035097,0.026804,0.139931
59560,0.032169,0.024655,0.143750
59570,0.013420,0.010334,0.086620
59580,0.038390,0.029606,0.156974
59590,0.015682,0.012275,0.105585
59600,0.013266,0.010032,0.112763
59610,0.020915,0.016628,0.111995
59620,0.017709,0.013102,0.108154
59630,0.001431,0.001129,0.317957
59640,0.021795,0.016748,0.098116
59650,0.021552,0.017219,0.104336
59660,0.022353,0.016851,0.119048
59670,0.012056,0.008922,0.091849
59680,0.020947,0.016098,0.115741
59690,0.063987,0.050300,0.219817
59700,0.030048,0.023373,0.131729
59710,0.027848,0.021129,0.125665
59720,0.004735,0.003436,0.081399
59730,0.021610,0.016352,0.111050
59740,0.028459,0.021442,0.133423
59750,0.023164,0.017371,0.125858
59760,0.016512,0.012096,0.105967
59770,0.027434,0.020812,0.131078
59780,0.021350,0.016070,0.112233
59790,0.017701,0.013459,0.113279
59800,0.019292,0.014779,0.106318
59810,0.017547,0.013323,0.089455
59820,0.021233,0.016201,0.109908
59830,0.039472,0.030591,0.153411
59840,0.027123,0.020360,0.140711
59850,0.020924,0.015376,0.126560
59860,0.000777,0.000577,0.053056
59870,0.030699,0.023651,0.132070
59880,0.021817,0.016856,0.109947
59890,0.010134,0.007691,0.051064
59900,0.018635,0.013926,0.114326
59910,0.028429,0.022072,0.118328
59920,0.001264,0.001044,0.116297
59930,0.028160,0.021947,0.131632
59940,0.015272,0.011647,0.113072
59950,0.019288,0.014662,0.106182
59960,0.036602,0.028283,0.151097
59970,0.032960,0.025176,0.139985
59980,0.033450,0.025872,0.138158
59990,0.022632,0.017736,0.111509
60000,0.022324,0.017126,0.124520
60010,0.011148,0.008062,0.098936
60020,0.041780,0.032482,0.151336
60030,0.005346,0.003934,0.064837
60040,0.029953,0.023299,0.134675
60050,0.005672,0.004020,0.072171
60060,0.016672,0.012649,0.080422
60070,0.009262,0.006892,0.053612
60080,0.012021,0.009404,0.069634
60090,0.014637,0.010631,0.107258
60100,0.022077,0.018359,0.134904
60110,0.016827,0.012855,0.115393
60120,0.027311,0.021320,0.116959
60130,0.021476,0.016423,0.107769
60140,0.020963,0.016286,0.116792
60150,0.010456,0.008069,0.081941
60160,0.032486,0.025293,0.143947
60170,0.027558,0.021585,0.123624
60180,0.014788,0.010920,0.116947
60190,0.021562,0.016210,0.116983
60200,0.019331,0.014649,0.111713
60210,0.017644,0.013584,0.087127
60220,0.007386,0.005958,0.058683
60230,0.010603,0.007741,0.101334
60240,0.027934,0.021380,0.129792
60250,0.034654,0.026686,0.141810
60260,0.009506,0.007075,0.089590
60270,0.024643,0.019311,0.115348
60280,0.012895,0.009913,0.082406
60290,0.031307,0.022523,0.147549
60300,0.026771,0.020585,0.110791
60310,0.030697,0.023125,0.142020
60320,0.026412,0.020618,0.119218
60330,0.019801,0.015029,0.098565
60340,0.020140,0.015466,0.131107
60350,0.032666,0.025092,0.130648
60360,0.019340,0.014649,0.103133
60370,0.019283,0.014597,0.094722
60380,0.012862,0.009316,0.092003
60390,0.031390,0.024489,0.135534
60400,0.020381,0.015121,0.111674
60410,0.009032,0.006743,0.072381
60420,0.025042,0.018963,0.117609
60430,0.022027,0.016845,0.113347
60440,0.034658,0.026634,0.141310
60450,0.005404,0.003938,0.034303
60460,0.025399,0.019149,0.106832
60470,0.017505,0.013373,0.123234
60480,0.019955,0.015335,0.106148
60490,0.040456,0.031390,0.149454
60500,0.008624,0.006072,0.098687
60510,0.009497,0.007198,0.096523
60520,0.035821,0.027576,0.142442
60530,0.020042,0.015330,0.080769
60540,0.039691,0.030737,0.155600
60550,0.032421,0.025027,0.134897
60560,0.017140,0.013280,0.098997
60570,0.028415,0.021802,0.126403
60580,0.022515,0.016992,0.122189
60590,0.031833,0.024800,0.135785
60600,0.003938,0.003191,0.091395
60610,0.011458,0.008759,0.061632
60620,0.016380,0.012585,0.092989
60630,0.007529,0.005486,0.076432
60640,0.019005,0.014684,0.107881
60650,0.012995,0.010169,0.079963
60660,0.019987,0.015398,0.110299
60670,0.016971,0.013037,0.079836
60680,0.020844,0.015494,0.140012
60690,0.018129,0.013319,0.104334
60700,0.018988,0.014792,0.106153
60710,0.017810,0.013803,0.095683
60720,0.017315,0.013086,0.109804
60730,0.001903,0.001466,0.086131
60740,0.038141,0.029165,0.161065
60750,0.016571,0.012535,0.101802
60760,0.032758,0.025344,0.131984
60770,0.021417,0.016700,0.112009
60780,0.017856,0.014072,0.095862
60790,0.018613,0.013806,0.111522
60800,0.004242,0.002995,0.108128
60810,0.015183,0.011692,0.092159
60820,0.016915,0.013374,0.092921
60830,0.036031,0.027514,0.152994
60840,0.029988,0.022836,0.146542
60850,0.009408,0.006607,0.053135
60860,0.022999,0.015903,0.144117
60870,0.000337,0.000382,0.265413
60880,0.000031,0.000034,0.000107
60890,0.035154,0.027090,0.145180
60900,0.036514,0.027929,0.140883
60910,0.034570,0.026949,0.137330
60920,0.031306,0.024418,0.146201
60930,0.022253,0.017055,0.128483
60940,0.014473,0.010723,0.109486
60950,0.025053,0.018947,0.129854
60960,0.007992,0.005744,0.070641
60970,0.021929,0.016367,0.136255
60980,0.003031,0.002247,0.021976
60990,0.004909,0.003778,0.066521
61000,0.047199,0.036191,0.179149
61010,0.027424,0.021216,0.130510
61020,0.025786,0.019755,0.133747
61030,0.004048,0.002872,0.080014
61040,0.005871,0.004687,0.085354
61050,0.023524,0.018107,0.102719
61060,0.037053,0.028457,0.151939
61070,0.016351,0.012289,0.113147
61080,0.019816,0.015582,0.104752
61090,0.014786,0.011297,0.071348
61100,0.024542,0.018579,0.132667
61110,0.007511,0.005833,0.058334
61120,0.008064,0.006137,0.070645
61130,0.040436,0.030547,0.164463
61140,0.001681,0.001236,0.081701
61150,0.009027,0.006790,0.079510
61160,0.010207,0.007566,0.081703
61170,0.024865,0.019186,0.127568
61180,0.023540,0.018492,0.109447
61190,0.005111,0.003740,0.029623
61200,0.018482,0.014111,0.088494
61210,0.016651,0.012767,0.113155
61220,0.023299,0.017904,0.121216
61230,0.011350,0.009082,0.060735
61240,0.020245,0.015196,0.120203
61250,0.009053,0.007008,0.049022
61260,0.014703,0.011804,0.097340
61270,0.017380,0.013106,0.103505
61280,0.020256,0.015276,0.108611
61290,0.013076,0.010098,0.080018
61300,0.014648,0.011015,0.099026
61310,0.003723,0.002750,0.092161
61320,0.030443,0.023211,0.134668
61330,0.014734,0.010453,0.099665
61340,0.013926,0.010612,0.084190
61350,0.015533,0.011797,0.080992
61360,0.015381,0.011978,0.092848
61370,0.012011,0.010216,0.093809
61380,0.011543,0.008872,0.061761
61390,0.014598,0.011019,0.077677
61400,0.033059,0.025113,0.147285
61410,0.016197,0.012018,0.112910
61420,0.015462,0.012025,0.083715
61430,0.003448,0.002518,0.087299
61440,0.026209,0.019781,0.118734
61450,0.030956,0.023697,0.142329
61460,0.017852,0.013241,0.109591
61470,0.025915,0.019544,0.130998
61480,0.030869,0.024575,0.140361
61490,0.041629,0.032112,0.153566
61500,0.018600,0.014087,0.081326
61510,0.021468,0.016323,0.099638
61520,0.012791,0.009498,0.094340
61530,0.029380,0.022601,0.135528
61540,0.027138,0.020620,0.124330
61550,0.020369,0.015161,0.113469
61560,0.016518,0.013065,0.081192
61570,0.036107,0.027627,0.148803
61580,0.012065,0.008976,0.087219
61590,0.008825,0.007316,0.101083
61600,0.012134,0.008856,0.097077
61610,0.027590,0.020735,0.103707
61620,0.014703,0.012089,0.122086
61630,0.011656,0.009000,0.092674
61640,0.034957,0.026878,0.142750
61650,0.016855,0.012861,0.093330
61660,0.005871,0.004436,0.056790
61670,0.000001,0.000002,0.000006
61680,0.005005,0.003870,0.043551
61690,0.024541,0.018674,0.117118
61700,0.029855,0.023225,0.136906
61710,0.021062,0.016994,0.122146
61720,0.026725,0.020772,0.122115
61730,0.013093,0.009843,0.086314
61740,0.024014,0.018200,0.112621
61750,0.028263,0.021777,0.130816
61760,0.040426,0.031575,0.147399
61770,0.012401,0.009390,0.091308
61780,0.026075,0.019983,0.121969
61790,0.025887,0.020568,0.130458
61800,0.030481,0.023749,0.148782
61810,0.029476,0.022585,0.134772
61820,0.019922,0.015192,0.113981
61830,0.029673,0.022954,0.137425
61840,0.022701,0.017699,0.118181
61850,0.011255,0.008723,0.060506
61860,0.033822,0.025753,0.147044
61870,0.016979,0.012841,0.095697
61880,0.013274,0.010254,0.075125
61890,0.016571,0.012510,0.097172
61900,0.009943,0.007389,0.102372
61910,0.026038,0.019900,0.130897
61920,0.026292,0.020429,0.117515
61930,0.018312,0.013873,0.105367
61940,0.012880,0.009396,0.094975
61950,0.025508,0.019911,0.105869
61960,0.025595,0.019581,0.112878
61970,0.024893,0.018585,0.119937
61980,0.031612,0.024143,0.146877
61990,0.011272,0.008946,0.072811
62000,0.024246,0.018150,0.127997
62010,0.035355,0.027013,0.146336
62020,0.012492,0.009793,0.078227
62030,0.011032,0.008432,0.086665
62040,0.023925,0.018391,0.119859
62050,0.003736,0.002820,0.074561
62060,0.001744,0.001243,0.100949
62070,0.016745,0.012864,0.099363
62080,0.014382,0.010982,0.081367
62090,0.019671,0.014923,0.115561
62100,0.011167,0.008553,0.080863
62110,0.030738,0.023707,0.129254
62120,0.014427,0.010719,0.098356
62130,0.002735,0.002111,0.018529
62140,0.023834,0.018771,0.107949
62150,0.011076,0.008236,0.089668
62160,0.019484,0.014983,0.109130
62170,0.028455,0.021815,0.138079
62180,0.017614,0.013379,0.109089
62190,0.017616,0.013767,0.100545
62200,0.023011,0.017691,0.106434
62210,0.018688,0.014771,0.084536
62220,0.004586,0.002606,0.307733
62230,0.042412,0.032740,0.157566
62240,0.011416,0.008584,0.094485
62250,0.025410,0.019628,0.126071
62260,0.013825,0.010816,0.090980
62270,0.019251,0.014882,0.109127
62280,0.037084,0.028253,0.147999
62290,0.048652,0.037575,0.177695
62300,0.013699,0.010609,0.076100
62310,0.008981,0.006412,0.096848
62320,0.014730,0.011422,0.100219
62330,0.028905,0.022034,0.133047
62340,0.019810,0.015840,0.093338
62350,0.014844,0.011484,0.080588
62360,0.006176,0.004619,0.081595
62370,0.003903,0.002875,0.109970
62380,0.018252,0.013787,0.111837
62390,0.011894,0.008888,0.081044
62400,0.028842,0.022482,0.137218
62410,0.038878,0.030347,0.159655
62420,0.023932,0.017972,0.124340
62430,0.025043,0.019415,0.121938
62440,0.029633,0.022553,0.138929
62450,0.009729,0.007636,0.070165
62460,0.031378,0.024329,0.136536
62470,0.012915,0.009492,0.072228
62480,0.029328,0.023110,0.134160
62490,0.011581,0.008783,0.104037
62500,0.027469,0.020905,0.131637
62510,0.011934,0.009148,0.099710
62520,0.025066,0.019205,0.107100
62530,0.009945,0.007705,0.053205
62540,0.003474,0.002375,0.168230
62550,0.033279,0.026879,0.142002
62560,0.010682,0.008319,0.096704
62570,0.023905,0.017337,0.139554
62580,0.023530,0.017809,0.102892
62590,0.012875,0.009770,0.082817
62600,0.016850,0.013234,0.087168
62610,0.029962,0.022820,0.134318
62620,0.002027,0.001484,0.014776
62630,0.017158,0.013109,0.119872
62640,0.000959,0.000711,0.051334
62650,0.027728,0.020786,0.143166
62660,0.003240,0.002418,0.027935
62670,0.034843,0.026837,0.140005
62680,0.030314,0.022854,0.138233
62690,0.050778,0.038140,0.191653
62700,0.010315,0.007822,0.086567
62710,0.011573,0.008691,0.053571
62720,0.009414,0.007046,0.077252
62730,0.033221,0.025227,0.151019
62740,0.005053,0.003676,0.061387
62750,0.008058,0.005866,0.071486
62760,0.016070,0.012492,0.083458
62770,0.017195,0.013331,0.108561
62780,0.037424,0.028939,0.154116
62790,0.029160,0.021935,0.134869
62800,0.011580,0.008659,0.059372
62810,0.019716,0.014915,0.103239
62820,0.014855,0.011395,0.100718
62830,0.026977,0.020862,0.127969
62840,0.043878,0.033991,0.183320
62850,0.017320,0.013448,0.099118
62860,0.026686,0.020677,0.128826
62870,0.018722,0.014909,0.104849
62880,0.011228,0.009117,0.095030
62890,0.037015,0.027850,0.167370
62900,0.007426,0.005727,0.074831
62910,0.014728,0.011191,0.082051
62920,0.026741,0.020515,0.129724
62930,0.013726,0.010868,0.076693
62940,0.012758,0.009309,0.088011
62950,0.002612,0.001890,0.022135
62960,0.020360,0.015736,0.107648
62970,0.035684,0.027642,0.155085
62980,0.039747,0.030724,0.155306
62990,0.027588,0.021280,0.130697
63000,0.014831,0.011419,0.089444
63010,0.040096,0.030785,0.157061
63020,0.038754,0.029638,0.162050
63030,0.019644,0.014736,0.126751
63040,0.010909,0.008170,0.056549
63050,0.026810,0.020915,0.101239
63060,0.031607,0.024316,0.139823
63070,0.014280,0.010943,0.082180
63080,0.044068,0.033748,0.172984
63090,0.023653,0.018503,0.109020
63100,0.033197,0.025547,0.129442
63110,0.028608,0.021636,0.133384
63120,0.016433,0.012558,0.096100
63130,0.014472,0.010888,0.096014
63140,0.004869,0.003818,0.050974
63150,0.024734,0.019244,0.128830
63160,0.019553,0.017836,0.096088
63170,0.001450,0.000989,0.102960
63180,0.018899,0.014199,0.104573
63190,0.026016,0.019709,0.123887
63200,0.026938,0.020574,0.126543
63210,0.019733,0.015499,0.108593
63220,0.013077,0.009859,0.093719
63230,0.023536,0.018224,0.103636
63240,0.030486,0.024049,0.132733
63250,0.010795,0.008796,0.093339
63260,0.022022,0.016576,0.128940
63270,0.024614,0.019456,0.117130
63280,0.023669,0.018123,0.106894
63290,0.012933,0.010016,0.107535
63300,0.014699,0.011410,0.097708
63310,0.013033,0.009762,0.112453
63320,0.040266,0.030974,0.149955
63330,0.025005,0.019143,0.121998
63340,0.009287,0.006962,0.078701
63350,0.011161,0.008367,0.089017
63360,0.028296,0.021525,0.123607
63370,0.009592,0.007163,0.075633
63380,0.006992,0.005145,0.066531
63390,0.038745,0.029875,0.159140
63400,0.022453,0.017346,0.118963
63410,0.032408,0.024912,0.130235
63420,0.029121,0.022342,0.118770
63430,0.029841,0.023621,0.116915
63440,0.005435,0.004091,0.064270
63450,0.030021,0.023475,0.139733
63460,0.011220,0.008369,0.085224
63470,0.025309,0.019514,0.108854
63480,0.005357,0.003481,0.128087
63490,0.006995,0.005041,0.087315
63500,0.018565,0.014207,0.101933
63510,0.017889,0.013740,0.108406
63520,0.022467,0.017178,0.117807
63530,0.028607,0.022143,0.124667
63540,0.015350,0.011958,0.078246
63550,0.037142,0.028735,0.150749
63560,0.020548,0.015741,0.111940
63570,0.012749,0.009797,0.094904
63580,0.012217,0.008990,0.087414
63590,0.031063,0.022467,0.120047
63600,0.010473,0.007713,0.085578
63610,0.018877,0.014217,0.101250
63620,0.026029,0.019849,0.131123
63630,0.000777,0.000417,0.088944
63640,0.012529,0.009449,0.086107
63650,0.024602,0.018833,0.128164
63660,0.013108,0.010001,0.096811
63670,0.023083,0.017520,0.126905
63680,0.031274,0.024036,0.136644
63690,0.031575,0.023864,0.136634
63700,0.012910,0.009565,0.087924
63710,0.019552,0.014979,0.107448
63720,0.025114,0.019331,0.116448
63730,0.007780,0.005604,0.085839
63740,0.025230,0.019292,0.124356
63750,0.004794,0.003699,0.035475
63760,0.019970,0.015505,0.111954
63770,0.021931,0.017218,0.113727
63780,0.026594,0.020213,0.124661
63790,0.034710,0.026595,0.133883
63800,0.020117,0.015333,0.109888
63810,0.031967,0.024435,0.143913
63820,0.020354,0.015735,0.092180
63830,0.019600,0.015077,0.085932
63840,0.030847,0.023851,0.128478
63850,0.033010,0.025212,0.135933
63860,0.017756,0.013475,0.100316
63870,0.033969,0.026299,0.139464
63880,0.022845,0.017544,0.113243
63890,0.013684,0.010390,0.086933
63900,0.035065,0.026517,0.146891
63910,0.022648,0.016504,0.146799
63920,0.017693,0.013474,0.098525
63930,0.043304,0.032750,0.170783
63940,0.023642,0.017877,0.123473
63950,0.030096,0.023316,0.129002
63960,0.026323,0.020620,0.115082
63970,0.023678,0.018511,0.124916
63980,0.007651,0.005719,0.094836
63990,0.025203,0.019472,0.120673
64000,0.019745,0.015246,0.114991
64010,0.029652,0.023300,0.133709
64020,0.016110,0.012712,0.111113
64030,0.022633,0.018007,0.115176
64040,0.038118,0.029221,0.161760
64050,0.025579,0.020141,0.117156
64060,0.019653,0.014841,0.116850
64070,0.020220,0.015522,0.114311
64080,0.020541,0.015758,0.116726
64090,0.014241,0.010729,0.102762
64100,0.008316,0.006481,0.047659
64110,0.044031,0.034002,0.151191
64120,0.030469,0.023830,0.137700
64130,0.016186,0.012474,0.083602
64140,0.031547,0.024342,0.136862
64150,0.018926,0.014583,0.119782
64160,0.017139,0.012977,0.095081
64170,0.014115,0.010657,0.100767
64180,0.015530,0.011576,0.090393
64190,0.017905,0.013252,0.113289
64200,0.018362,0.014540,0.104758
64210,0.005022,0.003493,0.080817
64220,0.011638,0.008593,0.070173
64230,0.032605,0.025497,0.137124
64240,0.011093,0.008344,0.077605
64250,0.012185,0.009239,0.056241
64260,0.021903,0.016958,0.107678
64270,0.018596,0.014795,0.086034
64280,0.016908,0.013172,0.107013
64290,0.031222,0.024349,0.131206
64300,0.017904,0.013826,0.093479
64310,0.027025,0.020732,0.128727
64320,0.032887,0.025190,0.143990
64330,0.017206,0.010312,0.104543
64340,0.008187,0.006536,0.084864
64350,0.023504,0.018137,0.115277
64360,0.011622,0.009081,0.064578
64370,0.034654,0.027096,0.148305
64380,0.020029,0.015483,0.105227
64390,0.008993,0.006953,0.046884
64400,0.021511,0.015971,0.115534
64410,0.014023,0.010889,0.064876
64420,0.018119,0.014341,0.082984
64430,0.002320,0.001744,0.079530
64440,0.008222,0.006632,0.074449
64450,0.013263,0.010197,0.073054
64460,0.024851,0.020221,0.109485
64470,0.027922,0.021919,0.111733
64480,0.009899,0.007649,0.056154
64490,0.009869,0.007224,0.092775
64500,0.038698,0.029696,0.159466
64510,0.013478,0.010191,0.110920
64520,0.017000,0.012868,0.106299
64530,0.007935,0.005659,0.081639
64540,0.025583,0.019450,0.123298
64550,0.015143,0.011459,0.116699
64560,0.014158,0.010765,0.098262
64570,0.019595,0.014980,0.113763
64580,0.027250,0.020983,0.137528
64590,0.013001,0.009485,0.085977
64600,0.001592,0.001063,0.084348
64610,0.008506,0.006555,0.054883
64620,0.021943,0.016758,0.114323
64630,0.019739,0.014804,0.093987
64640,0.010506,0.008252,0.049452
64650,0.009505,0.006874,0.081898
64660,0.019652,0.014409,0.111815
64670,0.003344,0.002501,0.073016
64680,0.003250,0.002247,0.054040
64690,0.032188,0.025147,0.138223
64700,0.028365,0.021895,0.126797
64710,0.012888,0.009588,0.092210
64720,0.015358,0.011380,0.104528
64730,0.012835,0.009662,0.085856
64740,0.011761,0.008678,0.089263
64750,0.026396,0.020000,0.121108
64760,0.034231,0.026349,0.131558
64770,0.020033,0.014865,0.117362
64780,0.012914,0.009810,0.092127
64790,0.018401,0.013750,0.098359
64800,0.013670,0.010593,0.076669
64810,0.019870,0.015082,0.111180
64820,0.011106,0.008678,0.089341
64830,0.018307,0.014008,0.105966
64840,0.052221,0.035115,0.159238
64850,0.025557,0.019705,0.120757
64860,0.007307,0.005454,0.066799
64870,0.011170,0.008028,0.096905
64880,0.042916,0.033331,0.163210
64890,0.026846,0.021162,0.134518
64900,0.017010,0.013095,0.074574
64910,0.034175,0.026817,0.144556
64920,0.018728,0.014111,0.133024
64930,0.010171,0.007424,0.092508
64940,0.022499,0.017762,0.111107
64950,0.035933,0.027704,0.146724
64960,0.020558,0.015999,0.110224
64970,0.005508,0.004278,0.066446
64980,0.035441,0.029493,0.144269
64990,0.036874,0.029047,0.149000
65000,0.014636,0.010962,0.097394
65010,0.028074,0.022216,0.137842
65020,0.024722,0.018748,0.119166
65030,0.065922,0.050470,0.219360
65040,0.024733,0.019118,0.115138
65050,0.031642,0.024332,0.140798
65060,0.022296,0.017190,0.109745
65070,0.029483,0.022615,0.124796
65080,0.019101,0.014675,0.109519
65090,0.010346,0.007742,0.084438
65100,0.023994,0.018001,0.128036
65110,0.014465,0.010668,0.100979
65120,0.020044,0.015590,0.124227
65130,0.017680,0.013892,0.098536
65140,0.025318,0.019503,0.113549
65150,0.010860,0.008167,0.079749
65160,0.013092,0.009766,0.097694
65170,0.019319,0.014915,0.113399
65180,0.021987,0.015682,0.119299
65190,0.031008,0.023686,0.105660
65200,0.023088,0.017225,0.129885
65210,0.032169,0.026585,0.152727
65220,0.014418,0.010489,0.098258
65230,0.021476,0.016431,0.119569
65240,0.031080,0.024113,0.123420
65250,0.025461,0.019031,0.127377
65260,0.017830,0.013231,0.113486
65270,0.014057,0.010763,0.096478
65280,0.018078,0.013386,0.099241
65290,0.013582,0.010504,0.069930
65300,0.019312,0.014617,0.106337
65310,0.022723,0.017408,0.119478
65320,0.025083,0.019724,0.123938
65330,0.005660,0.004480,0.073929
65340,0.003993,0.003008,0.024207
65350,0.016719,0.012838,0.078323
65360,0.038597,0.029176,0.154023
65370,0.007146,0.005152,0.068374
65380,0.019916,0.015401,0.118521
65390,0.027224,0.020373,0.141415
65400,0.039843,0.030517,0.157173
65410,0.012854,0.009620,0.089765
65420,0.016564,0.012830,0.090119
65430,0.036930,0.028336,0.156736
65440,0.024220,0.018673,0.115388
65450,0.019261,0.014650,0.107976
65460,0.005151,0.003655,0.096330
65470,0.011227,0.008370,0.086701
65480,0.012915,0.009365,0.101073
65490,0.013888,0.010503,0.083474
65500,0.009614,0.007109,0.078018
65510,0.025788,0.019132,0.126730
65520,0.016632,0.013719,0.097853
65530,0.018101,0.014050,0.099221
65540,0.025547,0.019665,0.122353
65550,0.044076,0.034345,0.160700
65560,0.004148,0.003143,0.032315
65570,0.019563,0.015143,0.107755
65580,0.015083,0.011447,0.109051
65590,0.013304,0.009849,0.091071
65600,0.013950,0.011114,0.111926
65610,0.028646,0.022539,0.128917
65620,0.016105,0.012094,0.102368
65630,0.028786,0.022639,0.110536
65640,0.016865,0.012502,0.103654
65650,0.011618,0.008609,0.093115
65660,0.033488,0.026078,0.151337
65670,0.014962,0.011061,0.106888
65680,0.004784,0.003610,0.079968
65690,0.016426,0.012427,0.091206
65700,0.009107,0.006914,0.080937
65710,0.036364,0.027784,0.149838
65720,0.027648,0.020829,0.138706
65730,0.007504,0.005597,0.060817
65740,0.013126,0.009952,0.090382
65750,0.017932,0.013808,0.097619
65760,0.029362,0.022442,0.128342
65770,0.016613,0.013206,0.081197
65780,0.003485,0.002404,0.057549
65790,0.013222,0.010562,0.096098
65800,0.027912,0.019595,0.137032
65810,0.014308,0.011386,0.083676
65820,0.013405,0.010301,0.086998
65830,0.048307,0.036801,0.174651
65840,0.015812,0.012021,0.114965
65850,0.033242,0.025747,0.145336
65860,0.012082,0.009365,0.082265
65870,0.011149,0.008485,0.055592
65880,0.020039,0.015424,0.093127
65890,0.003635,0.002625,0.027060
65900,0.002298,0.001561,0.068943
65910,0.031439,0.024487,0.144643
65920,0.024991,0.019268,0.115441
65930,0.042082,0.032347,0.162760
65940,0.014395,0.011106,0.059480
65950,0.013874,0.010687,0.095304
65960,0.035099,0.027395,0.134520
65970,0.011979,0.009090,0.065597
65980,0.024729,0.019125,0.116304
65990,0.045925,0.035121,0.173393
66000,0.002565,0.001692,0.084269
66010,0.013620,0.010339,0.076841
66020,0.008553,0.006820,0.051588
66030,0.010376,0.007844,0.084095
66040,0.004012,0.002775,0.103686
66050,0.023787,0.018478,0.107140
66060,0.012541,0.009537,0.094382
66070,0.032827,0.025386,0.122948
66080,0.006638,0.005037,0.060694
66090,0.020282,0.015818,0.106735
66100,0.023211,0.017614,0.115066
66110,0.009205,0.007046,0.074088
66120,0.022280,0.017196,0.116389
66130,0.021687,0.016994,0.108874
66140,0.021529,0.016307,0.100023
66150,0.009416,0.007338,0.078873
66160,0.033394,0.026162,0.145938
66170,0.000729,0.000534,0.046240
66180,0.027608,0.020305,0.134454
66190,0.033475,0.025913,0.127547
66200,0.042361,0.033271,0.173557
66210,0.013261,0.009701,0.065612
66220,0.023332,0.018141,0.115074
66230,0.009808,0.007410,0.093656
66240,0.023398,0.018425,0.116748
66250,0.016142,0.012264,0.095105
66260,0.021042,0.015728,0.114243
66270,0.014391,0.010930,0.107185
66280,0.016953,0.013104,0.093934
66290,0.037606,0.029467,0.135028
66300,0.028983,0.022722,0.127437
66310,0.029697,0.022890,0.125782
66320,0.018125,0.014019,0.083035
66330,0.015762,0.012032,0.080494
66340,0.013379,0.010111,0.104669
66350,0.016593,0.012681,0.086081
66360,0.010372,0.007912,0.073176
66370,0.008219,0.006179,0.079640
66380,0.009362,0.007103,0.099682
66390,0.021936,0.017049,0.094889
66400,0.015554,0.011970,0.095347
66410,0.001594,0.001089,0.045547
66420,0.022212,0.017167,0.121312
66430,0.014519,0.011336,0.079935
66440,0.010798,0.007940,0.089157
66450,0.021558,0.016886,0.099478
66460,0.023248,0.018222,0.113651
66470,0.011883,0.009023,0.086776
66480,0.013303,0.010379,0.091598
66490,0.030669,0.023634,0.134455
66500,0.029574,0.022395,0.129502
66510,0.013068,0.009570,0.089716
66520,0.008061,0.006244,0.107483
66530,0.001561,0.001196,0.045180
66540,0.007682,0.005628,0.083185
66550,0.016395,0.013299,0.089157
66560,0.022924,0.018016,0.118444
66570,0.029592,0.022704,0.135963
66580,0.030658,0.024073,0.134984
66590,0.017704,0.013447,0.065819
66600,0.045132,0.035611,0.172423
66610,0.051329,0.040920,0.206792
66620,0.025988,0.019763,0.134200
66630,0.030301,0.024618,0.126634
66640,0.045029,0.034805,0.181339
66650,0.041546,0.031785,0.163015
66660,0.031112,0.023430,0.136066
66670,0.014109,0.011050,0.083465
66680,0.026413,0.020615,0.108636
66690,0.028711,0.022054,0.117138
66700,0.019454,0.014665,0.103522
66710,0.021707,0.016645,0.108442
66720,0.016799,0.012551,0.105680
66730,0.018810,0.014662,0.101863
66740,0.028862,0.021592,0.131867
66750,0.030392,0.023136,0.148648
66760,0.012018,0.008511,0.074028
66770,0.010880,0.008431,0.079777
66780,0.011834,0.009129,0.091076
66790,0.011132,0.008628,0.090482
66800,0.031816,0.023974,0.140096
66810,0.008739,0.006544,0.075751
66820,0.017740,0.013624,0.101219
66830,0.019485,0.014597,0.113856
66840,0.015383,0.011040,0.096602
66850,0.024489,0.018637,0.131402
66860,0.026932,0.020834,0.114710
66870,0.012391,0.009143,0.103712
66880,0.014842,0.010538,0.088881
66890,0.021777,0.016507,0.120042
66900,0.027624,0.021218,0.129879
66910,0.054632,0.040635,0.187312
66920,0.019986,0.015145,0.089116
66930,0.024144,0.017927,0.130016
66940,0.015329,0.012347,0.061420
66950,0.019335,0.014705,0.106536
66960,0.024955,0.019267,0.118115
66970,0.024950,0.018964,0.130832
66980,0.027584,0.021319,0.120470
66990,0.013652,0.010348,0.076461
67000,0.018315,0.013927,0.098782
67010,0.012542,0.009645,0.094667
67020,0.017219,0.012911,0.107019
67030,0.012074,0.008924,0.088920
67040,0.031518,0.025154,0.140177
67050,0.016977,0.013321,0.104464
67060,0.015460,0.011987,0.075387
67070,0.033459,0.026003,0.133747
67080,0.012139,0.009079,0.098564
67090,0.016055,0.012195,0.099485
67100,0.012623,0.010007,0.085523
67110,0.018645,0.014497,0.081463
67120,0.012627,0.009698,0.096745
67130,0.020829,0.017958,0.117367
67140,0.026315,0.020099,0.115528
67150,0.020327,0.015680,0.088464
67160,0.008860,0.006505,0.073535
67170,0.021941,0.017456,0.102960
67180,0.020586,0.015807,0.107706
67190,0.019986,0.015105,0.113236
67200,0.004320,0.002880,0.067267
67210,0.020696,0.015800,0.116490
67220,0.036911,0.028914,0.145843
67230,0.027266,0.020793,0.134704
67240,0.032702,0.024354,0.137377
67250,0.020705,0.016370,0.094536
67260,0.010661,0.008205,0.045651
67270,0.007777,0.006070,0.069445
67280,0.018723,0.014336,0.099942
67290,0.010422,0.007453,0.078231
67300,0.022214,0.017211,0.108874
67310,0.027035,0.020562,0.124499
67320,0.038501,0.029870,0.165008
67330,0.006753,0.004863,0.056642
67340,0.015505,0.011975,0.084176
67350,0.012232,0.009591,0.083975
67360,0.007573,0.005732,0.073121
67370,0.028456,0.021860,0.130489
67380,0.030442,0.023957,0.138936
67390,0.034545,0.026080,0.147241
67400,0.013733,0.009969,0.085818
67410,0.023886,0.018575,0.110178
67420,0.022161,0.017116,0.116231
67430,0.001131,0.001306,0.087798
67440,0.014288,0.010646,0.108461
67450,0.017029,0.012349,0.100967
67460,0.003282,0.002278,0.063342
67470,0.031577,0.024100,0.145589
67480,0.023414,0.018442,0.097976
67490,0.018837,0.014156,0.107802
67500,0.017688,0.013544,0.101288
67510,0.012436,0.009293,0.110093
67520,0.010585,0.008064,0.092757
67530,0.010403,0.007583,0.090453
67540,0.014804,0.011265,0.099879
67550,0.018535,0.014087,0.112008
67560,0.006997,0.005369,0.055025
67570,0.062155,0.046785,0.206568
67580,0.002761,0.001821,0.049381
67590,0.014954,0.011547,0.091862
67600,0.021399,0.016189,0.115828
67610,0.009357,0.009669,0.168211
67620,0.024959,0.019194,0.118939
67630,0.022018,0.016842,0.117463
67640,0.027209,0.021210,0.132035
67650,0.030456,0.023506,0.134540
67660,0.009625,0.007018,0.087571
67670,0.024101,0.018697,0.120012
67680,0.017481,0.013415,0.110817
67690,0.018318,0.014369,0.104320
67700,0.011083,0.008542,0.101229
67710,0.021917,0.016741,0.119969
67720,0.014691,0.011752,0.091409
67730,0.002621,0.001714,0.073504
67740,0.028738,0.022107,0.133989
67750,0.034784,0.026807,0.136738
67760,0.020275,0.015932,0.092829
67770,0.021268,0.016714,0.097951
67780,0.019967,0.016002,0.106223
67790,0.027682,0.021223,0.125032
67800,0.015099,0.011700,0.089515
67810,0.021531,0.016427,0.117439
67820,0.026060,0.019719,0.128853
67830,0.028897,0.022364,0.131151
67840,0.016034,0.012142,0.103272
67850,0.036221,0.027549,0.159574
67860,0.007092,0.005675,0.078302
67870,0.022822,0.017270,0.120228
67880,0.012036,0.010037,0.066682
67890,0.020804,0.015640,0.114017
67900,0.019088,0.014588,0.131808
67910,0.009711,0.007334,0.073218
67920,0.021182,0.014007,0.118375
67930,0.027329,0.020797,0.122743
67940,0.015222,0.012487,0.078018
67950,0.018830,0.014755,0.101907
67960,0.013083,0.010122,0.061250
67970,0.032851,0.025507,0.139090
67980,0.031741,0.025325,0.131658
67990,0.029069,0.022441,0.123670
68000,0.019838,0.014935,0.104393
68010,0.034759,0.026908,0.138401
68020,0.035265,0.027767,0.144027
68030,0.026018,0.020397,0.130372
68040,0.020763,0.015593,0.103821
68050,0.029641,0.022087,0.133583
68060,0.008800,0.006428,0.077619
68070,0.022997,0.017525,0.116021
68080,0.022568,0.017676,0.115245
68090,0.007335,0.005527,0.074760
68100,0.015547,0.012161,0.094788
68110,0.037649,0.029382,0.156587
68120,0.012135,0.008888,0.110309
68130,0.017424,0.013097,0.106670
68140,0.021470,0.017414,0.101519
68150,0.010217,0.007756,0.059589
68160,0.005182,0.003819,0.085744
68170,0.019250,0.014266,0.106509
68180,0.005624,0.004439,0.053557
68190,0.038508,0.029620,0.155842
68200,0.009944,0.007667,0.099000
68210,0.017713,0.013353,0.101839
68220,0.026281,0.020237,0.121764
68230,0.028470,0.021581,0.149840
68240,0.026767,0.020473,0.130552
68250,0.034468,0.026760,0.149781
68260,0.015001,0.011253,0.096239
68270,0.019430,0.014999,0.085353
68280,0.021697,0.016914,0.113848
68290,0.016852,0.012608,0.102507
68300,0.032256,0.024766,0.135598
68310,0.011870,0.009114,0.093796
68320,0.023433,0.018267,0.124389
68330,0.031465,0.024045,0.155107
68340,0.028261,0.021394,0.131327
68350,0.024432,0.018966,0.119445
68360,0.003063,0.002268,0.024918
68370,0.014412,0.010966,0.074713
68380,0.022285,0.016826,0.109871
68390,0.004880,0.003783,0.066522
68400,0.001941,0.001479,0.044836
68410,0.005552,0.003936,0.068622
68420,0.025691,0.019690,0.129027
68430,0.015148,0.012369,0.060189
68440,0.019151,0.014317,0.101287
68450,0.002418,0.001752,0.057924
68460,0.010407,0.008035,0.090362
68470,0.011408,0.008209,0.084704
68480,0.030446,0.023410,0.127781
68490,0.013451,0.010883,0.083527
68500,0.019285,0.015766,0.106351
68510,0.016989,0.013356,0.099407
68520,0.010534,0.008024,0.087451
68530,0.012954,0.010282,0.103738
68540,0.023618,0.017487,0.117168
68550,0.016245,0.012438,0.121200
68560,0.028204,0.021618,0.125118
68570,0.009352,0.007025,0.074731
68580,0.021144,0.016145,0.119258
68590,0.011967,0.009860,0.084892
68600,0.024781,0.018859,0.121074
68610,0.037529,0.028772,0.152366
68620,0.029127,0.022297,0.109282
68630,0.006989,0.005320,0.054556
68640,0.018749,0.014996,0.107600
68650,0.018041,0.014331,0.097866
68660,0.009367,0.007055,0.081434
68670,0.007036,0.005662,0.117372
68680,0.020563,0.015569,0.114406
68690,0.020408,0.015946,0.101953
68700,0.012546,0.009600,0.081513
68710,0.010636,0.007962,0.047139
68720,0.003483,0.002480,0.106844
68730,0.019016,0.014427,0.116213
68740,0.000216,0.000165,0.656641
68750,0.020262,0.014207,0.087086
68760,0.018802,0.014343,0.101296
68770,0.015841,0.012208,0.091626
68780,0.029998,0.022568,0.143799
68790,0.038152,0.029483,0.141938
68800,0.029111,0.022511,0.135931
68810,0.031600,0.024152,0.145415
68820,0.030276,0.023723,0.135167
68830,0.029586,0.023092,0.135894
68840,0.039366,0.030291,0.159711
68850,0.022530,0.017261,0.097986
68860,0.016661,0.012650,0.092360
68870,0.006820,0.005148,0.114718
68880,0.009832,0.007330,0.085585
68890,0.011580,0.008897,0.080588
68900,0.019934,0.015303,0.113563
68910,0.011425,0.009005,0.059629
68920,0.015241,0.011506,0.103986
68930,0.019714,0.015148,0.087798
68940,0.014326,0.011573,0.069734
68950,0.000203,0.000164,0.368301
68960,0.018696,0.014030,0.090128
68970,0.040444,0.031617,0.154338
68980,0.022659,0.017589,0.112405
68990,0.020601,0.015724,0.107575
69000,0.017465,0.013499,0.101731
69010,0.014276,0.010630,0.096084
69020,0.011057,0.008113,0.091468
69030,0.012315,0.009272,0.089102
69040,0.032014,0.024683,0.141511
69050,0.014202,0.010876,0.092234
69060,0.010500,0.007857,0.099459
69070,0.017294,0.013479,0.077822
69080,0.018678,0.014213,0.094986
69090,0.015963,0.011968,0.081664
69100,0.011923,0.009121,0.073142
69110,0.024621,0.018953,0.121401
69120,0.017655,0.013598,0.104075
69130,0.023127,0.017737,0.120426
69140,0.026395,0.020591,0.108040
69150,0.049207,0.038408,0.177603
69160,0.022347,0.017287,0.116052
69170,0.010878,0.008691,0.104934
69180,0.015405,0.012128,0.092387
69190,0.011239,0.008323,0.088073
69200,0.011780,0.008788,0.085079
69210,0.014860,0.011184,0.104147
69220,0.014125,0.010835,0.069419
69230,0.020012,0.015106,0.118932
69240,0.016814,0.012860,0.097775
69250,0.009950,0.007452,0.069484
69260,0.009266,0.006991,0.063767
69270,0.020905,0.016507,0.103772
69280,0.005412,0.004545,0.104015
69290,0.008524,0.006230,0.075362
69300,0.023010,0.018160,0.111123
69310,0.012222,0.009090,0.081124
69320,0.012952,0.009973,0.095851
69330,0.013034,0.009696,0.086657
69340,0.035374,0.027463,0.146873
69350,0.010640,0.008097,0.080528
69360,0.031961,0.025237,0.133994
69370,0.014723,0.011173,0.096952
69380,0.008264,0.006413,0.055559
69390,0.000791,0.000560,0.057559
69400,0.019714,0.015914,0.104381
69410,0.004412,0.003135,0.076151
69420,0.008594,0.006411,0.095209
69430,0.015170,0.011517,0.092238
69440,0.017544,0.013225,0.097538
69450,0.020166,0.015889,0.112066
69460,0.013566,0.010416,0.069497
69470,0.014244,0.011002,0.091132
69480,0.011395,0.008689,0.084415
69490,0.020453,0.015539,0.111019
69500,0.025293,0.019359,0.119230
69510,0.016994,0.013200,0.102408
69520,0.024282,0.018622,0.129291
69530,0.019740,0.015722,0.112111
69540,0.024517,0.018778,0.101864
69550,0.016933,0.012886,0.089787
69560,0.001237,0.000780,0.059477
69570,0.021840,0.016470,0.120660
69580,0.021563,0.016075,0.110675
69590,0.010975,0.008195,0.075262
69600,0.012110,0.009030,0.076035
69610,0.019341,0.014752,0.113279
69620,0.031079,0.023907,0.126796
69630,0.019256,0.014839,0.088360
69640,0.031303,0.024493,0.132999
69650,0.010796,0.008658,0.092294
69660,0.005744,0.003887,0.066506
69670,0.024328,0.018062,0.121382
69680,0.009086,0.006600,0.067648
69690,0.009998,0.007134,0.080510
69700,0.008738,0.006684,0.076470
69710,0.021572,0.016640,0.111281
69720,0.010525,0.007562,0.065250
69730,0.010722,0.008333,0.078085
69740,0.020835,0.015470,0.128125
69750,0.051301,0.039750,0.183735
69760,0.027413,0.021633,0.119157
69770,0.016400,0.012706,0.097449
69780,0.035142,0.027705,0.142606
69790,0.004699,0.003337,0.064785
69800,0.026667,0.021484,0.140383
69810,0.030550,0.023333,0.138066
69820,0.015764,0.012449,0.087509
69830,0.027539,0.021343,0.111619
69840,0.053266,0.042617,0.175127
69850,0.017117,0.012941,0.103477
69860,0.018215,0.014077,0.103347
69870,0.022652,0.017513,0.110136
69880,0.010430,0.007886,0.058291
69890,0.039875,0.031435,0.153894
69900,0.021373,0.015938,0.107702
69910,0.018886,0.014482,0.109869
69920,0.012439,0.011047,0.096505
69930,0.035215,0.027127,0.139958
69940,0.019768,0.015269,0.105488
69950,0.021200,0.016672,0.110390
69960,0.054478,0.043306,0.196992
69970,0.025306,0.019543,0.117014
69980,0.031152,0.023938,0.123030
69990,0.007719,0.005651,0.036867
70000,0.018599,0.014464,0.105542
70010,0.007991,0.006341,0.035772
70020,0.031554,0.024510,0.139273
70030,0.025159,0.018930,0.134736
70040,0.026714,0.020690,0.130669
70050,0.015098,0.011643,0.090412
70060,0.018089,0.013722,0.077778
70070,0.010807,0.008033,0.091115
70080,0.019634,0.015064,0.110653
70090,0.034905,0.026978,0.150755
70100,0.012995,0.009992,0.104211
70110,0.012465,0.009179,0.093685
70120,0.023597,0.018044,0.124935
70130,0.021746,0.016414,0.113758
70140,0.029644,0.023297,0.136102
70150,0.013581,0.010128,0.111814
70160,0.026141,0.020647,0.124968
70170,0.034733,0.026494,0.133828
70180,0.025044,0.019019,0.122988
70190,0.008940,0.006490,0.044494
70200,0.012557,0.009689,0.092965
70210,0.021982,0.017166,0.110832
70220,0.042417,0.032850,0.171038
70230,0.016927,0.012705,0.098928
70240,0.005774,0.004371,0.090953
70250,0.023569,0.018666,0.125080
70260,0.038223,0.029780,0.141786
70270,0.026105,0.020108,0.104418
70280,0.012763,0.010322,0.057652
70290,0.008465,0.006504,0.069310
70300,0.027741,0.020857,0.124360
70310,0.013233,0.010798,0.081262
70320,0.023767,0.018082,0.129573
70330,0.022425,0.017518,0.126042
70340,0.002480,0.001788,0.019881
70350,0.018447,0.014155,0.115843
70360,0.014493,0.011126,0.100995
70370,0.008309,0.006336,0.071271
70380,0.023708,0.018709,0.115645
70390,0.020381,0.015510,0.110262
70400,0.019566,0.015193,0.112460
70410,0.003455,0.002479,0.066824
70420,0.018932,0.014570,0.114908
70430,0.013911,0.010586,0.090947
70440,0.021759,0.016290,0.116762
70450,0.020951,0.016195,0.114370
70460,0.016482,0.012657,0.106471
70470,0.024518,0.019016,0.120394
70480,0.018192,0.013779,0.101135
70490,0.031327,0.024931,0.128858
70500,0.033054,0.026205,0.142112
70510,0.000903,0.000603,0.060348
70520,0.041457,0.032761,0.150669
70530,0.022661,0.017329,0.109872
70540,0.026699,0.020585,0.121645
70550,0.028101,0.021405,0.123086
70560,0.001821,0.001385,0.089884
70570,0.034324,0.026171,0.147874
70580,0.004826,0.002898,0.168397
70590,0.026868,0.020534,0.132420
70600,0.009088,0.007184,0.048546
70610,0.015706,0.011452,0.107815
70620,0.010808,0.007434,0.085241
70630,0.014238,0.010454,0.064000
70640,0.031328,0.024434,0.132953
70650,0.017330,0.013364,0.108440
70660,0.004269,0.003367,0.033389
70670,0.019888,0.016015,0.112345
70680,0.022683,0.017612,0.109300
70690,0.029079,0.022664,0.123635
70700,0.014809,0.010946,0.092706
70710,0.022684,0.017303,0.095280
70720,0.014773,0.011113,0.107304
70730,0.006337,0.004832,0.070786
70740,0.027193,0.021039,0.134702
70750,0.022006,0.017293,0.114899
70760,0.015695,0.012154,0.092260
70770,0.020385,0.015764,0.107362
70780,0.014915,0.011941,0.100256
70790,0.023134,0.017759,0.102924
70800,0.030885,0.024107,0.136354
70810,0.043952,0.034751,0.170160
70820,0.026616,0.020866,0.128565
70830,0.004429,0.002905,0.081686
70840,0.022849,0.017897,0.109298
70850,0.011641,0.009083,0.090322
70860,0.020883,0.016362,0.120978
70870,0.022010,0.016666,0.104569
70880,0.027726,0.021557,0.117992
70890,0.010242,0.007837,0.071999
70900,0.023396,0.017790,0.098601
70910,0.031167,0.024533,0.130433
70920,0.010701,0.008064,0.057655
70930,0.014276,0.011186,0.088961
70940,0.019984,0.015231,0.120533
70950,0.032901,0.025177,0.139177
70960,0.019688,0.015036,0.113732
70970,0.010544,0.007632,0.081653
70980,0.012943,0.009882,0.092724
70990,0.006850,0.004818,0.086827
71000,0.024044,0.018592,0.119867
71010,0.024276,0.019070,0.116840
71020,0.027467,0.022223,0.138515
71030,0.031123,0.024011,0.130776
71040,0.018411,0.014101,0.105080
71050,0.022142,0.017148,0.129249
71060,0.009244,0.006905,0.077570
71070,0.014892,0.011440,0.069849
71080,0.009967,0.007397,0.087180
71090,0.023575,0.017914,0.114976
71100,0.010476,0.007925,0.079661
71110,0.009751,0.007598,0.081458
71120,0.023365,0.018192,0.106656
71130,0.024122,0.018565,0.115047
71140,0.021602,0.016700,0.092893
71150,0.018513,0.014269,0.097176
71160,0.000621,0.000347,0.113945
71170,0.013228,0.010500,0.092817
71180,0.025905,0.019811,0.117447
71190,0.010067,0.007457,0.081924
71200,0.023140,0.017179,0.123700
71210,0.025137,0.019416,0.121052
71220,0.045237,0.035132,0.172401
71230,0.006616,0.004647,0.082099
71240,0.013959,0.010255,0.102099
71250,0.021904,0.016431,0.125660
71260,0.022217,0.017213,0.112206
71270,0.010987,0.008327,0.082745
71280,0.018285,0.014219,0.105446
71290,0.022451,0.017502,0.125409
71300,0.019729,0.014641,0.100052
71310,0.009065,0.006929,0.066198
71320,0.031708,0.024995,0.147815
71330,0.022918,0.017161,0.097567
71340,0.042201,0.033207,0.170083
71350,0.008751,0.006862,0.114696
71360,0.014121,0.010889,0.096954
71370,0.035112,0.027139,0.131463
71380,0.045284,0.034082,0.169037
71390,0.013162,0.010126,0.073021
71400,0.003530,0.002586,0.070627
71410,0.014442,0.011604,0.103433
71420,0.021033,0.018804,0.081546
71430,0.012040,0.009316,0.063904
71440,0.013384,0.009937,0.091560
71450,0.027606,0.020848,0.126943
71460,0.015205,0.011515,0.097801
71470,0.026296,0.019292,0.145429
71480,0.029284,0.023009,0.138719
71490,0.018154,0.014109,0.085791
71500,0.010399,0.007841,0.064115
71510,0.030098,0.023383,0.131286
71520,0.023273,0.017919,0.111773
71530,0.030263,0.023846,0.139179
71540,0.003854,0.002735,0.049405
71550,0.004065,0.002930,0.057446
71560,0.029433,0.022441,0.138450
71570,0.005201,0.003774,0.073068
71580,0.001595,0.001342,0.149875
71590,0.014540,0.011295,0.083075
71600,0.013695,0.010627,0.073682
71610,0.017076,0.013494,0.100213
71620,0.008752,0.006460,0.082068
71630,0.011968,0.009091,0.074851
71640,0.014924,0.011021,0.096612
71650,0.020332,0.015722,0.114760
71660,0.026643,0.020635,0.117975
71670,0.023443,0.017328,0.129707
71680,0.037321,0.029029,0.154525
71690,0.008292,0.005891,0.103295
71700,0.017350,0.013573,0.082581
71710,0.022159,0.017148,0.117341
71720,0.024228,0.017697,0.122289
71730,0.029061,0.022414,0.132166
71740,0.022286,0.017429,0.113902
71750,0.016222,0.012444,0.084729
71760,0.001955,0.001299,0.012238
71770,0.016334,0.012622,0.083412
71780,0.020715,0.015473,0.124225
71790,0.026134,0.020386,0.119504
71800,0.021018,0.016164,0.112712
71810,0.008778,0.006470,0.081117
71820,0.006414,0.004524,0.089620
71830,0.018119,0.014055,0.104388
71840,0.030164,0.023225,0.136247
71850,0.023691,0.018324,0.110533
71860,0.012933,0.009831,0.068021
71870,0.023385,0.018003,0.110580
71880,0.015689,0.011818,0.108950
71890,0.026066,0.020939,0.125801
71900,0.024241,0.018141,0.120684
71910,0.022651,0.017827,0.102461
71920,0.011008,0.008473,0.085433
71930,0.007360,0.005345,0.031804
71940,0.022168,0.016719,0.117764
71950,0.023150,0.018006,0.124317
71960,0.011141,0.008332,0.081567
71970,0.018764,0.014466,0.102198
71980,0.015457,0.011900,0.087548
71990,0.024335,0.018949,0.103338
72000,0.032368,0.025049,0.142119
72010,0.012813,0.009178,0.103477
72020,0.007863,0.006456,0.049465
72030,0.018973,0.014307,0.114613
72040,0.028064,0.021845,0.127313
72050,0.018033,0.013636,0.101580
72060,0.034361,0.027002,0.147010
72070,0.026898,0.020751,0.113011
72080,0.043642,0.033961,0.163560
72090,0.012782,0.009575,0.092973
72100,0.019592,0.014845,0.095691
72110,0.012109,0.009231,0.098271
72120,0.028427,0.021820,0.118918
72130,0.029741,0.022997,0.131346
72140,0.020742,0.015783,0.139448
72150,0.011433,0.008590,0.052803
72160,0.018422,0.013973,0.112350
72170,0.014725,0.011084,0.108098
72180,0.037926,0.029869,0.142016
72190,0.036976,0.028883,0.138722
72200,0.025581,0.019723,0.119699
72210,0.033254,0.025624,0.139112
72220,0.011092,0.008276,0.088514
72230,0.025046,0.019539,0.115072
72240,0.024756,0.019265,0.130890
72250,0.004695,0.003629,0.101077
72260,0.023589,0.018331,0.121557
72270,0.026504,0.020385,0.122266
72280,0.005266,0.004310,0.029533
72290,0.001972,0.001396,0.010726
72300,0.045608,0.034726,0.173279
72310,0.011666,0.008864,0.088892
72320,0.015986,0.012230,0.090202
72330,0.010467,0.007832,0.074984
72340,0.028100,0.022230,0.126369
72350,0.014248,0.010757,0.097119
72360,0.024690,0.018889,0.119776
72370,0.016496,0.012558,0.093752
72380,0.008084,0.005858,0.095942
72390,0.012365,0.009331,0.099609
72400,0.020436,0.015255,0.115594
72410,0.008767,0.006698,0.064492
72420,0.010926,0.008481,0.079700
72430,0.018394,0.014237,0.100954
72440,0.032808,0.025296,0.125874
72450,0.015790,0.012040,0.089240
72460,0.021135,0.016572,0.109929
72470,0.009970,0.007470,0.066780
72480,0.037587,0.029295,0.154110
72490,0.010676,0.007893,0.076284
72500,0.027803,0.021684,0.136722
72510,0.017715,0.013691,0.102925
72520,0.006734,0.005744,0.061480
72530,0.015988,0.012324,0.092393
72540,0.018830,0.014986,0.092721
72550,0.009824,0.007049,0.085434
72560,0.014762,0.010843,0.091450
72570,0.018545,0.014283,0.107632
72580,0.014367,0.011317,0.085456
72590,0.018564,0.013965,0.102260
72600,0.009848,0.007680,0.054115
72610,0.012523,0.009268,0.088865
72620,0.022701,0.017387,0.118508
72630,0.005540,0.004320,0.071228
72640,0.018797,0.014504,0.097806
72650,0.017522,0.014038,0.101437
72660,0.029117,0.022145,0.138757
72670,0.005449,0.003873,0.067319
72680,0.034701,0.026948,0.128688
72690,0.034378,0.026329,0.146894
72700,0.032337,0.025720,0.126156
72710,0.030019,0.023155,0.130556
72720,0.017103,0.012963,0.097926
72730,0.014197,0.011075,0.075409
72740,0.037318,0.028845,0.150003
72750,0.018746,0.014338,0.108019
72760,0.010318,0.007848,0.098334
72770,0.020160,0.015051,0.111190
72780,0.024619,0.019103,0.116917
72790,0.033722,0.026246,0.143447
72800,0.020488,0.015945,0.109606
72810,0.010452,0.007965,0.060949
72820,0.015493,0.011861,0.074422
72830,0.043379,0.033532,0.155374
72840,0.008699,0.006221,0.096079
72850,0.019006,0.014361,0.108651
72860,0.012797,0.009809,0.092173
72870,0.016031,0.012582,0.102108
72880,0.019582,0.015141,0.103734
72890,0.012925,0.010241,0.090961
72900,0.022294,0.017111,0.103377
72910,0.013097,0.010132,0.090681
72920,0.017304,0.013276,0.098747
72930,0.021314,0.016619,0.106682
72940,0.017965,0.013593,0.107015
72950,0.028307,0.021730,0.128209
72960,0.022027,0.017151,0.125538
72970,0.019568,0.015321,0.088060
72980,0.019217,0.015115,0.096042
72990,0.017157,0.013445,0.106785
73000,0.014939,0.011799,0.118207
73010,0.013737,0.011053,0.069709
73020,0.031017,0.024265,0.131699
73030,0.029380,0.022945,0.129762
73040,0.001170,0.000786,0.006761
73050,0.023624,0.018586,0.122340
73060,0.028510,0.022282,0.116784
73070,0.018285,0.013971,0.117525
73080,0.030390,0.023417,0.134884
73090,0.029143,0.022610,0.120860
73100,0.016162,0.012089,0.078323
73110,0.025476,0.019831,0.119800
73120,0.008156,0.006026,0.044861
73130,0.005125,0.004231,0.033951
73140,0.000644,0.000618,0.210421
73150,0.020076,0.015521,0.112402
73160,0.028851,0.022911,0.127679
73170,0.036086,0.027798,0.150807
73180,0.033864,0.026472,0.143136
73190,0.008377,0.006156,0.063872
73200,0.011545,0.009134,0.076177
73210,0.015951,0.012557,0.076389
73220,0.029088,0.022618,0.130080
73230,0.022209,0.017214,0.113252
73240,0.016740,0.012910,0.095746
73250,0.021719,0.016539,0.117909
73260,0.025412,0.019096,0.124273
73270,0.010727,0.008092,0.073471
73280,0.028454,0.022568,0.125760
73290,0.006806,0.005014,0.045843
73300,0.018338,0.014085,0.113474
73310,0.017726,0.013252,0.108832
73320,0.027358,0.021474,0.136589
73330,0.008552,0.006834,0.052166
73340,0.011063,0.008589,0.068308
73350,0.023819,0.018191,0.130384
73360,0.011640,0.008747,0.087844
73370,0.024288,0.018422,0.117353
73380,0.029441,0.022813,0.134358
73390,0.012771,0.009750,0.090856
73400,0.033016,0.026069,0.145829
73410,0.013331,0.010318,0.093201
73420,0.022009,0.016958,0.103750
73430,0.038412,0.029805,0.159730
73440,0.024920,0.018644,0.118824
73450,0.018824,0.014613,0.107084
73460,0.011013,0.008403,0.065622
73470,0.024345,0.019271,0.105727
73480,0.009761,0.007569,0.043048
73490,0.022461,0.017342,0.111387
73500,0.015377,0.011521,0.074306
73510,0.021642,0.016359,0.108919
73520,0.035303,0.027940,0.143406
73530,0.017329,0.013099,0.103656
73540,0.018213,0.013848,0.096909
73550,0.016733,0.012719,0.102305
73560,0.017515,0.013549,0.101641
73570,0.014423,0.011563,0.088227
73580,0.001901,0.001310,0.060753
73590,0.012062,0.009244,0.070827
73600,0.019247,0.014759,0.113782
73610,0.001630,0.001108,0.015265
73620,0.012990,0.010050,0.083502
73630,0.029673,0.023247,0.124722
73640,0.016097,0.012082,0.097144
73650,0.023299,0.018161,0.103469
73660,0.008330,0.006287,0.069752
73670,0.016834,0.012421,0.101201
73680,0.013825,0.010646,0.092515
73690,0.016560,0.012398,0.107924
73700,0.021124,0.017150,0.109646
73710,0.024857,0.019834,0.111517
73720,0.025650,0.020123,0.131869
73730,0.024171,0.018552,0.128514
73740,0.019279,0.015683,0.110846
73750,0.020579,0.018223,0.113136
73760,0.015021,0.011123,0.114096
73770,0.028231,0.018439,0.189475
73780,0.024844,0.019261,0.102857
73790,0.025254,0.019543,0.118478
73800,0.016343,0.012590,0.096678
73810,0.020696,0.015447,0.105042
73820,0.020986,0.016021,0.095638
73830,0.017894,0.013458,0.097987
73840,0.020286,0.015568,0.102437
73850,0.029533,0.022238,0.135458
73860,0.019960,0.015280,0.094049
73870,0.018404,0.014305,0.096824
73880,0.035790,0.027129,0.143492
73890,0.012108,0.009096,0.082027
73900,0.020868,0.016260,0.106284
73910,0.008780,0.006504,0.054917
73920,0.000247,0.000211,0.080635
73930,0.015995,0.012319,0.091912
73940,0.011992,0.009334,0.078546
73950,0.012090,0.008995,0.066313
73960,0.003057,0.002484,0.023914
73970,0.002161,0.001711,0.018766
73980,0.030104,0.022324,0.131512
73990,0.024672,0.019160,0.117170
74000,0.000729,0.000517,0.085255
74010,0.027576,0.019284,0.123880
74020,0.029153,0.022380,0.111156
74030,0.027133,0.021299,0.127998
74040,0.017195,0.013117,0.092565
74050,0.023616,0.017675,0.123235
74060,0.000066,0.000056,0.000192
74070,0.032024,0.025086,0.134856
74080,0.023454,0.018351,0.127650
74090,0.019333,0.014510,0.095715
74100,0.024799,0.018910,0.127935
74110,0.034278,0.026933,0.133354
74120,0.005290,0.004153,0.059694
74130,0.036462,0.028077,0.146041
74140,0.028253,0.021983,0.131119
74150,0.011880,0.009321,0.060210
74160,0.012803,0.009755,0.097261
74170,0.009677,0.007057,0.074067
74180,0.011602,0.009099,0.063555
74190,0.038475,0.029790,0.157050
74200,0.008463,0.006174,0.083581
74210,0.015515,0.012171,0.072722
74220,0.019387,0.015086,0.101762
74230,0.024033,0.018265,0.129187
74240,0.017064,0.012797,0.101894
74250,0.013409,0.010569,0.084407
74260,0.003123,0.002338,0.051801
74270,0.026166,0.020826,0.120458
74280,0.018693,0.014232,0.098053
74290,0.023794,0.018003,0.131817
74300,0.016688,0.012507,0.104346
74310,0.013063,0.009678,0.104150
74320,0.006764,0.005278,0.041376
74330,0.017085,0.013355,0.096201
74340,0.014868,0.011053,0.091966
74350,0.032606,0.025948,0.142730
74360,0.018041,0.013816,0.090602
74370,0.020087,0.015138,0.110626
74380,0.004950,0.003320,0.072507
74390,0.013978,0.010787,0.083663
74400,0.013797,0.010608,0.079211
74410,0.011404,0.008589,0.089640
74420,0.019659,0.015057,0.119751
74430,0.026053,0.020263,0.104813
74440,0.014286,0.010679,0.077268
74450,0.023873,0.018275,0.129638
74460,0.017460,0.013385,0.093162
74470,0.025918,0.021838,0.128416
74480,0.005645,0.004177,0.059881
74490,0.006531,0.004772,0.064159
74500,0.041335,0.031863,0.158839
74510,0.030159,0.023723,0.130849
74520,0.013608,0.010745,0.073283
74530,0.027740,0.021945,0.126044
74540,0.021624,0.016242,0.109879
74550,0.013873,0.009857,0.096221
74560,0.029965,0.023079,0.140883
74570,0.013737,0.012030,0.093552
74580,0.014961,0.011109,0.098480
74590,0.018343,0.013894,0.105475
74600,0.025860,0.020358,0.126047
74610,0.011709,0.008254,0.088648
74620,0.020899,0.015913,0.098941
74630,0.013449,0.010478,0.074379
74640,0.038214,0.029872,0.143421
74650,0.023093,0.017797,0.094201
74660,0.006979,0.004862,0.106453
74670,0.035612,0.027538,0.145246
74680,0.015916,0.012585,0.081955
74690,0.016694,0.012318,0.099188
74700,0.027836,0.022158,0.126893
74710,0.025960,0.020312,0.111469
74720,0.008080,0.005822,0.069833
74730,0.010716,0.008296,0.098430
74740,0.000002,0.000002,0.000006
74750,0.000965,0.000739,0.007016
74760,0.016187,0.012405,0.063378
74770,0.026700,0.020488,0.126269
74780,0.022078,0.017107,0.098056
74790,0.012860,0.010091,0.061381
74800,0.029074,0.022322,0.119023
74810,0.027591,0.021331,0.134406
74820,0.006522,0.004774,0.076422
74830,0.017070,0.013325,0.101988
74840,0.030184,0.022787,0.117446
74850,0.001532,0.001057,0.014979
74860,0.009014,0.007103,0.084796
74870,0.010720,0.007741,0.091523
74880,0.026981,0.020813,0.111374
74890,0.000093,0.000114,0.656441
74900,0.004970,0.003500,0.070466
74910,0.012695,0.009829,0.079987
74920,0.007180,0.005593,0.065765
74930,0.015377,0.011661,0.095681
74940,0.001094,0.000821,0.261070
74950,0.016358,0.012825,0.118846
74960,0.028094,0.021658,0.121393
74970,0.017612,0.013578,0.076095
74980,0.028183,0.022025,0.131253
74990,0.012189,0.009534,0.088872
75000,0.015193,0.011568,0.095795
75010,0.014940,0.011341,0.090053
75020,0.010327,0.008024,0.071384
75030,0.022834,0.017530,0.110750
75040,0.002874,0.002118,0.095093
75050,0.012016,0.008877,0.091599
75060,0.024631,0.018828,0.106013
75070,0.006192,0.004929,0.087651
75080,0.006670,0.004937,0.062177
75090,0.010922,0.008489,0.059488
75100,0.014243,0.011615,0.062559
75110,0.019431,0.014623,0.105684
75120,0.002957,0.002057,0.067316
75130,0.015476,0.011815,0.091922
75140,0.013453,0.009705,0.108809
75150,0.006068,0.004612,0.074633
75160,0.012095,0.009307,0.078383
75170,0.023536,0.018234,0.109934
75180,0.008881,0.006470,0.081407
75190,0.025971,0.020927,0.120158
75200,0.013669,0.010582,0.067381
75210,0.023191,0.017566,0.114458
75220,0.014212,0.010536,0.106904
75230,0.025676,0.020313,0.104419
75240,0.021594,0.016338,0.118074
75250,0.022888,0.017709,0.100292
75260,0.017772,0.013802,0.090943
75270,0.021750,0.016969,0.108979
75280,0.013503,0.010200,0.101861
75290,0.016823,0.012536,0.118811
75300,0.019362,0.014824,0.101612
75310,0.032513,0.024942,0.146335
75320,0.030896,0.023670,0.128504
75330,0.016681,0.012737,0.098943
75340,0.036830,0.027743,0.149684
75350,0.012241,0.008591,0.095085
75360,0.034354,0.026762,0.129338
75370,0.027460,0.020980,0.119168
75380,0.011991,0.009415,0.066106
75390,0.012014,0.009696,0.073284
75400,0.020856,0.016034,0.108092
75410,0.017717,0.012677,0.121028
75420,0.009197,0.007292,0.063127
75430,0.010985,0.007850,0.082998
75440,0.009470,0.006969,0.083063
75450,0.012083,0.009217,0.095996
75460,0.012707,0.009200,0.091277
75470,0.010131,0.007524,0.079682
75480,0.024579,0.018860,0.133707
75490,0.007469,0.006084,0.061764
75500,0.035865,0.027850,0.147208
75510,0.024954,0.019385,0.125326
75520,0.028233,0.021593,0.127712
75530,0.015414,0.011942,0.090876
75540,0.005543,0.004500,0.032655
75550,0.011356,0.008539,0.087923
75560,0.000004,0.000003,0.000013
75570,0.015440,0.011836,0.095342
75580,0.003977,0.002849,0.090932
75590,0.027024,0.021531,0.123214
75600,0.021977,0.016899,0.111598
75610,0.035070,0.026918,0.148824
75620,0.011703,0.009287,0.088582
75630,0.012201,0.009234,0.085994
75640,0.013850,0.010614,0.089038
75650,0.021499,0.016825,0.092669
75660,0.013781,0.010442,0.102368
75670,0.003723,0.002814,0.060382
75680,0.029468,0.022758,0.127446
75690,0.017190,0.013331,0.086915
75700,0.023595,0.018825,0.127639
75710,0.010420,0.008026,0.077324
75720,0.025211,0.019516,0.125280
75730,0.029787,0.022761,0.140254
75740,0.030399,0.023704,0.137386
75750,0.023191,0.018178,0.120161
75760,0.024655,0.019198,0.114406
75770,0.029680,0.023291,0.137401
75780,0.016926,0.013329,0.087860
75790,0.019748,0.015744,0.105551
75800,0.021351,0.016641,0.120041
75810,0.024392,0.019056,0.116567
75820,0.030391,0.022955,0.134351
75830,0.027014,0.020444,0.125049
75840,0.015136,0.010999,0.107896
75850,0.029497,0.022901,0.125360
75860,0.023581,0.018374,0.119996
75870,0.010211,0.007726,0.077381
75880,0.012139,0.008855,0.089626
75890,0.013769,0.010521,0.072422
75900,0.018673,0.014919,0.113162
75910,0.021097,0.016525,0.090077
75920,0.016854,0.012884,0.078051
75930,0.028218,0.022184,0.128359
75940,0.023042,0.017848,0.113952
75950,0.014437,0.011448,0.068628
75960,0.021668,0.017096,0.106547
75970,0.017854,0.013800,0.094788
75980,0.032866,0.025043,0.134969
75990,0.014339,0.011072,0.099735
76000,0.012169,0.009236,0.084763
76010,0.014694,0.011400,0.103069
76020,0.016450,0.012566,0.108834
76030,0.022202,0.016931,0.083309
76040,0.016930,0.012605,0.117949
76050,0.018236,0.014548,0.112265
76060,0.028094,0.022161,0.134780
76070,0.009211,0.007358,0.086395
76080,0.018765,0.014555,0.100569
76090,0.035655,0.026554,0.152968
76100,0.010520,0.008045,0.073815
76110,0.012619,0.009719,0.090197
76120,0.014699,0.011377,0.086464
76130,0.014766,0.011058,0.070179
76140,0.014367,0.010938,0.092623
76150,0.028561,0.021913,0.114543
76160,0.018330,0.014656,0.116566
76170,0.015192,0.012002,0.090352
76180,0.024537,0.019046,0.120512
76190,0.005915,0.004438,0.061214
76200,0.017856,0.013559,0.105743
76210,0.010506,0.007856,0.060117
76220,0.021650,0.016616,0.111672
76230,0.017234,0.012638,0.102959
76240,0.009565,0.007288,0.076477
76250,0.005149,0.003996,0.094181
76260,0.033485,0.025976,0.138709
76270,0.011273,0.008593,0.092315
76280,0.017855,0.013142,0.079516
76290,0.018471,0.014393,0.086556
76300,0.013081,0.010059,0.070535
76310,0.020741,0.015702,0.091872
76320,0.006939,0.005328,0.073464
76330,0.036158,0.027837,0.141699
76340,0.003882,0.002788,0.080365
76350,0.003898,0.002852,0.068633
76360,0.020126,0.015620,0.102522
76370,0.017055,0.013018,0.118291
76380,0.016590,0.012807,0.100676
76390,0.003501,0.002548,0.067332
76400,0.014155,0.010888,0.072508
76410,0.025401,0.019209,0.125796
76420,0.027928,0.021825,0.132759
76430,0.020125,0.015200,0.109491
76440,0.005403,0.003993,0.029735
76450,0.003196,0.002349,0.023970
76460,0.014660,0.011407,0.094851
76470,0.026543,0.020403,0.116158
76480,0.005991,0.004918,0.027937
76490,0.026444,0.020415,0.123242
76500,0.006233,0.005014,0.066079
76510,0.025764,0.019870,0.123417
76520,0.036997,0.028323,0.140669
76530,0.030723,0.023353,0.142930
76540,0.014530,0.010799,0.105046
76550,0.005666,0.004261,0.112685
76560,0.012343,0.009826,0.069348
76570,0.010638,0.007755,0.076661
76580,0.013886,0.010434,0.059497
76590,0.004522,0.003195,0.107498
76600,0.003952,0.003070,0.020974
76610,0.010135,0.007581,0.067083
76620,0.017768,0.013895,0.075373
76630,0.030712,0.023817,0.123693
76640,0.021448,0.016478,0.116423
76650,0.020078,0.015594,0.118344
76660,0.020506,0.015761,0.111204
76670,0.010043,0.007518,0.052503
76680,0.009988,0.007593,0.062480
76690,0.021351,0.016783,0.107670
76700,0.001762,0.001375,0.033440
76710,0.027682,0.021139,0.133342
76720,0.015304,0.012101,0.074007
76730,0.013126,0.009717,0.080923
76740,0.014107,0.010834,0.081615
76750,0.014644,0.011116,0.093762
76760,0.022594,0.017604,0.105364
76770,0.021972,0.017281,0.113778
76780,0.014592,0.010564,0.101837
76790,0.010969,0.008275,0.085603
76800,0.016422,0.012786,0.076476
76810,0.012830,0.009469,0.110755
76820,0.011178,0.008782,0.077107
76830,0.010410,0.008398,0.076647
76840,0.018840,0.014507,0.115291
76850,0.012138,0.008869,0.094179
76860,0.020847,0.016049,0.114487
76870,0.002489,0.001707,0.067930
76880,0.011680,0.008974,0.065322
76890,0.008454,0.006322,0.056195
76900,0.026475,0.020845,0.127396
76910,0.038119,0.029939,0.154574
76920,0.010508,0.007870,0.079244
76930,0.015712,0.011959,0.076202
76940,0.004785,0.004442,0.029850
76950,0.011018,0.008317,0.072727
76960,0.018612,0.013997,0.106764
76970,0.003721,0.002612,0.067135
76980,0.021137,0.016862,0.118102
76990,0.028801,0.021767,0.137824
77000,0.024525,0.018821,0.128397
77010,0.031028,0.024032,0.121871
77020,0.022869,0.017918,0.113038
77030,0.018347,0.013996,0.110676
77040,0.024446,0.018996,0.115117
77050,0.003029,0.002043,0.046970
77060,0.024954,0.019123,0.115622
77070,0.000815,0.000782,0.008511
77080,0.002536,0.001892,0.014113
77090,0.018037,0.013716,0.099841
77100,0.021466,0.016327,0.102539
77110,0.017391,0.013822,0.075055
77120,0.009267,0.006803,0.071436
77130,0.009717,0.007560,0.100914
77140,0.003902,0.002831,0.105482
77150,0.006685,0.004606,0.086672
77160,0.016724,0.012310,0.108620
77170,0.008874,0.006944,0.052334
77180,0.001211,0.001022,0.175737
77190,0.004047,0.002974,0.030424
77200,0.014602,0.011214,0.089446
77210,0.023621,0.018757,0.107963
77220,0.033197,0.025685,0.147539
77230,0.012798,0.009417,0.108766
77240,0.019681,0.015588,0.084488
77250,0.017176,0.012506,0.107584
77260,0.009943,0.007621,0.042967
77270,0.015747,0.011656,0.106237
77280,0.015390,0.011956,0.088516
77290,0.022076,0.017114,0.108501
77300,0.003704,0.002894,0.018922
77310,0.008068,0.005955,0.074956
77320,0.046336,0.036107,0.170273
77330,0.002290,0.001770,0.009616
77340,0.024208,0.018518,0.116799
77350,0.024767,0.019310,0.114808
77360,0.013821,0.010518,0.093939
77370,0.003695,0.002452,0.061334
77380,0.000188,0.000148,0.121881
77390,0.017140,0.013092,0.088734
77400,0.006980,0.004950,0.085846
77410,0.006760,0.005765,0.061974
77420,0.009520,0.007127,0.072053
77430,0.018054,0.013784,0.100653
77440,0.028144,0.021611,0.127650
77450,0.016457,0.012722,0.076838
77460,0.021723,0.016630,0.110631
77470,0.019331,0.014540,0.101384
77480,0.021049,0.016327,0.114696
77490,0.001554,0.001090,0.063943
77500,0.012249,0.009094,0.092529
77510,0.014874,0.011005,0.105723
77520,0.010160,0.007966,0.068544
77530,0.018261,0.014028,0.086468
77540,0.028065,0.023041,0.140461
77550,0.014641,0.011443,0.068565
77560,0.027913,0.021861,0.130636
77570,0.024421,0.019006,0.095016
77580,0.015336,0.011750,0.091819
77590,0.023422,0.017644,0.117537
77600,0.016446,0.012610,0.122688
77610,0.007471,0.005211,0.066416
77620,0.014653,0.011301,0.106358
77630,0.021265,0.016713,0.108814
77640,0.020649,0.015606,0.116955
77650,0.019070,0.015109,0.101136
77660,0.024908,0.019222,0.100588
77670,0.025283,0.019686,0.118602
77680,0.023380,0.017748,0.117243
77690,0.004550,0.003445,0.040005
77700,0.049016,0.038444,0.183090
77710,0.015325,0.011460,0.113936
77720,0.004940,0.003458,0.087757
77730,0.018717,0.014171,0.111730
77740,0.008843,0.006812,0.069313
77750,0.021727,0.016555,0.107128
77760,0.011541,0.008592,0.086915
77770,0.022518,0.016642,0.109916
77780,0.010394,0.007510,0.088288
77790,0.019687,0.015360,0.102707
77800,0.011110,0.008068,0.088667
77810,0.021464,0.016798,0.107213
77820,0.009550,0.007283,0.067732
77830,0.013077,0.010214,0.090015
77840,0.031859,0.025487,0.147119
77850,0.009940,0.007442,0.076281
77860,0.033552,0.025989,0.137139
77870,0.010619,0.007766,0.096024
77880,0.012794,0.010011,0.095587
77890,0.016265,0.012421,0.101289
77900,0.013944,0.010825,0.091304
77910,0.000647,0.000526,0.064912
77920,0.013688,0.010240,0.093695
77930,0.030791,0.024077,0.132460
77940,0.010678,0.008097,0.088358
77950,0.023316,0.018593,0.110675
77960,0.018046,0.013846,0.102347
77970,0.010306,0.008041,0.056988
77980,0.015828,0.011795,0.106704
77990,0.030390,0.023710,0.138629
78000,0.011088,0.008347,0.086132
78010,0.022319,0.018358,0.084693
78020,0.028116,0.021623,0.131189
78030,0.010484,0.007524,0.060666
78040,0.021326,0.016253,0.101382
78050,0.019705,0.015289,0.084377
78060,0.001238,0.001130,0.009600
78070,0.014156,0.010743,0.068832
78080,0.005143,0.003394,0.081947
78090,0.026793,0.020953,0.119511
78100,0.012169,0.009014,0.084846
78110,0.035172,0.026630,0.143379
78120,0.016581,0.012976,0.091185
78130,0.034729,0.027509,0.144968
78140,0.023969,0.018355,0.103895
78150,0.019319,0.015020,0.098516
78160,0.036738,0.028035,0.154004
78170,0.018077,0.013673,0.100779
78180,0.019866,0.015186,0.115179
78190,0.016466,0.012166,0.112719
78200,0.008749,0.006282,0.076231
78210,0.002622,0.001886,0.066465
78220,0.016774,0.012253,0.095578
78230,0.014256,0.010742,0.080676
78240,0.003172,0.002594,0.067838
78250,0.014749,0.010888,0.092457
78260,0.006193,0.004945,0.033306
78270,0.027258,0.021488,0.122105
78280,0.013601,0.010299,0.095014
78290,0.014143,0.010741,0.119069
78300,0.014267,0.010614,0.109372
78310,0.017029,0.013351,0.077611
78320,0.020000,0.015748,0.094321
78330,0.019736,0.015504,0.110841
78340,0.032147,0.024801,0.132242
78350,0.024886,0.018841,0.133006
78360,0.029586,0.023130,0.130736
78370,0.027502,0.021237,0.135109
78380,0.013851,0.010591,0.086172
78390,0.020658,0.016391,0.099008
78400,0.032028,0.024524,0.133873
78410,0.015155,0.011741,0.088261
78420,0.021094,0.016185,0.090311
78430,0.029903,0.023097,0.136287
78440,0.043794,0.034551,0.163069
78450,0.013583,0.010529,0.071336
78460,0.014789,0.011354,0.093092
78470,0.022168,0.017424,0.115841
78480,0.014011,0.011034,0.083112
78490,0.012818,0.009374,0.082051
78500,0.020695,0.015729,0.107461
78510,0.010503,0.008380,0.050612
78520,0.003012,0.002129,0.073703
78530,0.018391,0.013842,0.107095
78540,0.011436,0.008739,0.077186
78550,0.005622,0.004024,0.040121
78560,0.014607,0.011196,0.098216
78570,0.012527,0.009524,0.085711
78580,0.017824,0.013430,0.107545
78590,0.011320,0.008450,0.083629
78600,0.023977,0.018859,0.117393
78610,0.012489,0.009430,0.089593
78620,0.017488,0.013252,0.094143
78630,0.008788,0.006599,0.066220
78640,0.020617,0.016056,0.084430
78650,0.012082,0.009173,0.093242
78660,0.014948,0.011494,0.091004
78670,0.027406,0.021110,0.106838
78680,0.007493,0.006017,0.149138
78690,0.013142,0.010204,0.087576
78700,0.016441,0.013248,0.099246
78710,0.011729,0.008986,0.094325
78720,0.020487,0.016038,0.100521
78730,0.023584,0.018439,0.089213
78740,0.030054,0.022665,0.134011
78750,0.012098,0.009230,0.065056
78760,0.017511,0.013618,0.086382
78770,0.023275,0.018304,0.102088
78780,0.033328,0.026376,0.133253
78790,0.002576,0.001699,0.098527
78800,0.003538,0.002646,0.057543
78810,0.032705,0.025343,0.138816
78820,0.031879,0.024219,0.135111
78830,0.012454,0.009794,0.070990
78840,0.004143,0.002867,0.077066
78850,0.012035,0.009146,0.081978
78860,0.003979,0.003172,0.082128
78870,0.017177,0.013695,0.081765
78880,0.008934,0.006661,0.063934
78890,0.015146,0.011718,0.096595
78900,0.021947,0.016719,0.105837
78910,0.030258,0.023192,0.133855
78920,0.022808,0.018014,0.113636
78930,0.020954,0.016071,0.107175
78940,0.023113,0.018875,0.115776
78950,0.020668,0.015768,0.126441
78960,0.012646,0.009699,0.093295
78970,0.009468,0.007153,0.082800
78980,0.015111,0.011958,0.074195
78990,0.008942,0.007094,0.052471
79000,0.028008,0.021526,0.126841
79010,0.021226,0.015841,0.119801
79020,0.016396,0.012517,0.096033
79030,0.013256,0.009883,0.099720
79040,0.024602,0.019184,0.101038
79050,0.030227,0.023453,0.129937
79060,0.011052,0.008295,0.094188
79070,0.013959,0.009926,0.102037
79080,0.026295,0.020501,0.110162
79090,0.009704,0.007234,0.084021
79100,0.021572,0.016523,0.108560
79110,0.001051,0.000705,0.043170
79120,0.013303,0.010562,0.089311
79130,0.023325,0.018172,0.109975
79140,0.015685,0.011505,0.089676
79150,0.011984,0.008989,0.087547
79160,0.018373,0.014542,0.096251
79170,0.003155,0.002392,0.051766
79180,0.014588,0.010856,0.088272
79190,0.009470,0.006575,0.106052
79200,0.016851,0.013118,0.082341
79210,0.004441,0.003252,0.067931
79220,0.013764,0.010236,0.099583
79230,0.017859,0.014420,0.084890
79240,0.033094,0.025523,0.137747
79250,0.033984,0.026468,0.141779
79260,0.010093,0.007830,0.081973
79270,0.009125,0.006979,0.080047
79280,0.019756,0.015809,0.105210
79290,0.018184,0.013770,0.101728
79300,0.020360,0.015686,0.105535
79310,0.012372,0.009336,0.086794
79320,0.020328,0.015616,0.110090
79330,0.023880,0.019077,0.122496
79340,0.021230,0.016128,0.107513
79350,0.018432,0.014170,0.121304
79360,0.010785,0.008018,0.090408
79370,0.027722,0.022376,0.131915
79380,0.005584,0.004323,0.067756
79390,0.019606,0.015164,0.110064
79400,0.016758,0.012904,0.102213
79410,0.024212,0.017932,0.087197
79420,0.016793,0.012574,0.074512
79430,0.020108,0.016668,0.098461
79440,0.015366,0.011856,0.066545
79450,0.017662,0.013838,0.098406
79460,0.019930,0.015124,0.089536
79470,0.014635,0.011463,0.093559
79480,0.021650,0.016770,0.111244
79490,0.013710,0.010416,0.061273
79500,0.020355,0.015279,0.118821
79510,0.030279,0.021286,0.150876
79520,0.015965,0.011998,0.091706
79530,0.005623,0.004142,0.088104
79540,0.024227,0.018636,0.136297
79550,0.019216,0.015317,0.103717
79560,0.022744,0.017536,0.118879
79570,0.000599,0.000425,0.064832
79580,0.013061,0.010366,0.088909
79590,0.026589,0.020239,0.119186
79600,0.021170,0.017506,0.124023
79610,0.014952,0.011180,0.103981
79620,0.016611,0.012530,0.089103
79630,0.015191,0.011901,0.068612
79640,0.011155,0.008412,0.087842
79650,0.010670,0.007784,0.085735
79660,0.023472,0.018500,0.118512
79670,0.013214,0.010276,0.063936
79680,0.015612,0.011574,0.100107
79690,0.019087,0.014788,0.089833
79700,0.021948,0.016713,0.108557
79710,0.011909,0.009373,0.089481
79720,0.038948,0.029774,0.163998
79730,0.028358,0.021736,0.116482
79740,0.032447,0.024864,0.137854
79750,0.017790,0.014162,0.107000
79760,0.015018,0.011791,0.087183
79770,0.003721,0.002619,0.085079
79780,0.014785,0.011231,0.097828
79790,0.006597,0.005009,0.081700
79800,0.033860,0.026571,0.125461
79810,0.014259,0.011038,0.071497
79820,0.030598,0.023134,0.125360
79830,0.022184,0.017452,0.097119
79840,0.021323,0.016935,0.098260
79850,0.011826,0.008937,0.085146
79860,0.023612,0.018300,0.118520
79870,0.009915,0.007535,0.088223
79880,0.010992,0.008507,0.079564
79890,0.037006,0.028454,0.158103
79900,0.022180,0.017652,0.109138
79910,0.000030,0.000034,0.656317
79920,0.018362,0.012932,0.111367
79930,0.013814,0.010538,0.084953
79940,0.017941,0.014319,0.100347
79950,0.011589,0.008849,0.094860
79960,0.014683,0.011325,0.100277
79970,0.022016,0.017242,0.113331
79980,0.029581,0.023077,0.118717
79990,0.008200,0.005975,0.093300
80000,0.008424,0.005754,0.082340
80010,0.020543,0.015897,0.120189
80020,0.021583,0.016415,0.110316
80030,0.007304,0.005837,0.077914
80040,0.018584,0.014287,0.101931
80050,0.030349,0.023261,0.134952
80060,0.001959,0.002241,0.111099
80070,0.027528,0.021342,0.137259
80080,0.000301,0.000238,0.037184
80090,0.020251,0.015835,0.086323
80100,0.014149,0.010988,0.086144
80110,0.037150,0.028763,0.147174
80120,0.007330,0.005513,0.080539
80130,0.008696,0.006381,0.068743
80140,0.004089,0.003037,0.113755
80150,0.014568,0.011262,0.087447
80160,0.000215,0.000185,0.124474
80170,0.009011,0.007001,0.047320
80180,0.009750,0.007465,0.053585
80190,0.018080,0.014045,0.093206
80200,0.019026,0.014667,0.105045
80210,0.021071,0.016201,0.112717
80220,0.010091,0.007683,0.068756
80230,0.026372,0.020208,0.125478
80240,0.020765,0.016066,0.107855
80250,0.021021,0.016671,0.094650
80260,0.012328,0.009385,0.094051
80270,0.010432,0.007678,0.078865
80280,0.017349,0.013445,0.097493
80290,0.011850,0.009104,0.067365
80300,0.037181,0.028163,0.156529
80310,0.020666,0.015660,0.115394
80320,0.025874,0.020317,0.119420
80330,0.024893,0.019106,0.102526
80340,0.020033,0.015985,0.099714
80350,0.025674,0.020057,0.122557
80360,0.007317,0.005648,0.043428
80370,0.021860,0.016342,0.111320
80380,0.019249,0.014952,0.099063
80390,0.006476,0.004530,0.065153
80400,0.008038,0.006691,0.069158
80410,0.011800,0.009130,0.078954
80420,0.031634,0.024183,0.140987
80430,0.024653,0.019146,0.112392
80440,0.005197,0.003653,0.070648
80450,0.020238,0.015590,0.085416
80460,0.014577,0.010945,0.082283
80470,0.025487,0.019759,0.126429
80480,0.003756,0.002484,0.081323
80490,0.024937,0.017668,0.092035
80500,0.021780,0.015921,0.142424
80510,0.008697,0.007104,0.075368
80520,0.020815,0.015893,0.110341
80530,0.021979,0.017120,0.112314
80540,0.031793,0.023463,0.135867
80550,0.027570,0.021444,0.125252
80560,0.033008,0.025343,0.139396
80570,0.022095,0.016705,0.112544
80580,0.022713,0.017356,0.110393
80590,0.023736,0.018774,0.098511
80600,0.044576,0.035105,0.165233
80610,0.025442,0.020111,0.125679
80620,0.005467,0.004262,0.044211
80630,0.008694,0.006704,0.078350
80640,0.021821,0.016778,0.111330
80650,0.008456,0.006053,0.076618
80660,0.030541,0.022755,0.133557
80670,0.029808,0.022742,0.125401
80680,0.016320,0.012530,0.094425
80690,0.022716,0.017301,0.108256
80700,0.011421,0.008927,0.101741
80710,0.013367,0.010363,0.088372
80720,0.018014,0.013646,0.107735
80730,0.015095,0.011801,0.109786
80740,0.021309,0.016924,0.107600
80750,0.012873,0.010036,0.088809
80760,0.022332,0.017480,0.116214
80770,0.016379,0.011749,0.118517
80780,0.019252,0.014548,0.109516
80790,0.018444,0.014106,0.090944
80800,0.018904,0.015274,0.103210
80810,0.014338,0.010821,0.075021
80820,0.021351,0.016160,0.110326
80830,0.018357,0.014204,0.101702
80840,0.018143,0.014164,0.100010
80850,0.007783,0.006094,0.070229
80860,0.035550,0.027697,0.151981
80870,0.020548,0.015834,0.103287
80880,0.008489,0.006025,0.094729
80890,0.019540,0.015642,0.108661
80900,0.024547,0.019354,0.119851
80910,0.020883,0.015953,0.119686
80920,0.016086,0.012389,0.106288
80930,0.006803,0.005219,0.080904
80940,0.023497,0.018927,0.111525
80950,0.041989,0.032396,0.161314
80960,0.022841,0.017903,0.116829
80970,0.018706,0.013834,0.088231
80980,0.005020,0.003961,0.035722
80990,0.015596,0.011846,0.108706
81000,0.029026,0.022806,0.125947
81010,0.021499,0.016673,0.111548
81020,0.013977,0.010577,0.084759
81030,0.010130,0.007746,0.074535
81040,0.025097,0.019395,0.126896
81050,0.018746,0.013805,0.113290
81060,0.010761,0.008238,0.079293
81070,0.014212,0.010781,0.081606
81080,0.029924,0.023236,0.129383
81090,0.009993,0.007844,0.062816
81100,0.009665,0.007351,0.093004
81110,0.024044,0.018513,0.118513
81120,0.015562,0.011913,0.110296
81130,0.005532,0.003916,0.036301
81140,0.016561,0.012294,0.094430
81150,0.003644,0.002815,0.059669
81160,0.002669,0.001679,0.054175
81170,0.009600,0.007020,0.087535
81180,0.020767,0.015957,0.117323
81190,0.014809,0.011363,0.070214
81200,0.011647,0.008976,0.091055
81210,0.013386,0.010486,0.179394
81220,0.010802,0.008003,0.076393
81230,0.017891,0.013846,0.096600
81240,0.021996,0.017089,0.118173
81250,0.028294,0.021473,0.124120
81260,0.019189,0.015090,0.099464
81270,0.016984,0.013196,0.101892
81280,0.005166,0.003342,0.042369
81290,0.026317,0.020150,0.112042
81300,0.019451,0.015023,0.084535
81310,0.019940,0.015389,0.102569
81320,0.019950,0.015206,0.114211
81330,0.011823,0.008732,0.087666
81340,0.015918,0.012101,0.095036
81350,0.002778,0.002333,0.022902
81360,0.018000,0.014081,0.103538
81370,0.008599,0.006498,0.059612
81380,0.024272,0.018759,0.113244
81390,0.020987,0.016354,0.109991
81400,0.019158,0.015212,0.102350
81410,0.019511,0.015162,0.093942
81420,0.019920,0.015047,0.088298
81430,0.012092,0.009717,0.088281
81440,0.013532,0.010200,0.095444
81450,0.016427,0.012696,0.098655
81460,0.035531,0.027128,0.155106
81470,0.026297,0.020098,0.109279
81480,0.033878,0.026210,0.138355
81490,0.044982,0.033413,0.176114
81500,0.022620,0.017689,0.119407
81510,0.026536,0.020252,0.120867
81520,0.002480,0.001788,0.077094
81530,0.000000,0.000000,0.000000
81540,0.021804,0.017098,0.112163
81550,0.018395,0.014223,0.100097
81560,0.021138,0.017786,0.109791
81570,0.011326,0.008589,0.063801
81580,0.018564,0.014303,0.089919
81590,0.036409,0.028486,0.144057
81600,0.023243,0.017956,0.119304
81610,0.008543,0.006590,0.077760
81620,0.016637,0.013183,0.097713
81630,0.020431,0.015846,0.116012
81640,0.017301,0.013579,0.074928
81650,0.008729,0.006658,0.094858
81660,0.017606,0.013533,0.099802
81670,0.013473,0.010317,0.086527
81680,0.005716,0.003966,0.125610
81690,0.018780,0.014325,0.104785
81700,0.001404,0.001085,0.048575
81710,0.018668,0.014556,0.088787
81720,0.008178,0.006290,0.043897
81730,0.025052,0.019410,0.118147
81740,0.012689,0.009472,0.091318
81750,0.006471,0.004621,0.077316
81760,0.019193,0.015076,0.102784
81770,0.019175,0.014578,0.112167
81780,0.027231,0.021011,0.109587
81790,0.022468,0.018031,0.110468
81800,0.015591,0.011501,0.103524
81810,0.017994,0.014060,0.101096
81820,0.015656,0.012183,0.069528
81830,0.004609,0.003619,0.027622
81840,0.026995,0.021078,0.130991
81850,0.014773,0.011105,0.091975
81860,0.036784,0.028843,0.134627
81870,0.017919,0.013748,0.100845
81880,0.037967,0.029693,0.152185
81890,0.008380,0.006234,0.086339
81900,0.009664,0.007283,0.073756
81910,0.001782,0.002296,0.082458
81920,0.025271,0.019459,0.120518
81930,0.019769,0.015430,0.103618
81940,0.027468,0.020914,0.121189
81950,0.010982,0.008763,0.084067
81960,0.041792,0.032327,0.152766
81970,0.041290,0.031724,0.155320
81980,0.019749,0.014798,0.115695
81990,0.012546,0.009698,0.060272
82000,0.010152,0.007550,0.103715
82010,0.017817,0.014008,0.091773
82020,0.019654,0.015601,0.099365
82030,0.010020,0.007368,0.094590
82040,0.010293,0.007936,0.071486
82050,0.018092,0.013850,0.110408
82060,0.017396,0.012955,0.110227
82070,0.030350,0.023245,0.123246
82080,0.003006,0.002470,0.060262
82090,0.012866,0.009932,0.058427
82100,0.018196,0.014278,0.085695
82110,0.026971,0.020999,0.127922
82120,0.019476,0.015007,0.101006
82130,0.014283,0.011044,0.061049
82140,0.019710,0.015182,0.107732
82150,0.019470,0.015317,0.099419
82160,0.031963,0.023609,0.148951
82170,0.020886,0.016122,0.110025
82180,0.033945,0.026513,0.136742
82190,0.007286,0.005229,0.130258
82200,0.025661,0.019689,0.111671
82210,0.028460,0.021935,0.123545
82220,0.024085,0.018664,0.105657
82230,0.011924,0.008900,0.084180
82240,0.026237,0.019696,0.107673
82250,0.024836,0.018719,0.121020
82260,0.006652,0.006183,0.030281
82270,0.022853,0.017418,0.127741
82280,0.008910,0.006708,0.079116
82290,0.017994,0.013818,0.106696
82300,0.009496,0.007258,0.067589
82310,0.018790,0.014306,0.093285
82320,0.022657,0.017339,0.100652
82330,0.017590,0.013146,0.121308
82340,0.027388,0.021366,0.118596
82350,0.029635,0.022755,0.135765
82360,0.022325,0.016944,0.121803
82370,0.014136,0.011004,0.076374
82380,0.003171,0.002392,0.055682
82390,0.021313,0.016009,0.103202
82400,0.024804,0.019162,0.124276
82410,0.017658,0.013927,0.101198
82420,0.007529,0.005534,0.046776
82430,0.011668,0.009027,0.103308
82440,0.008887,0.006488,0.073699
82450,0.017105,0.013285,0.103707
82460,0.036888,0.028949,0.149441
82470,0.018901,0.014733,0.100746
82480,0.025130,0.018902,0.117100
82490,0.028961,0.022586,0.129561
82500,0.021871,0.016899,0.117556
82510,0.030271,0.023071,0.127440
82520,0.011995,0.009385,0.065686
82530,0.017260,0.013010,0.098337
82540,0.017030,0.012887,0.095010
82550,0.031810,0.024127,0.129637
82560,0.017196,0.013248,0.078471
82570,0.021436,0.016957,0.108626
82580,0.007709,0.005833,0.067078
82590,0.010214,0.007783,0.084767
82600,0.028147,0.021701,0.126433
82610,0.028421,0.021316,0.125420
82620,0.026781,0.020658,0.126446
82630,0.034567,0.026831,0.134198
82640,0.030426,0.023394,0.123849
82650,0.025093,0.019331,0.116651
82660,0.005068,0.004077,0.051495
82670,0.007976,0.006065,0.074264
82680,0.015408,0.011848,0.071076
82690,0.016255,0.012525,0.095307
82700,0.025685,0.019900,0.125443
82710,0.018126,0.014450,0.096438
82720,0.026600,0.020824,0.114153
82730,0.020678,0.015836,0.094874
82740,0.026505,0.020462,0.125146
82750,0.021085,0.016219,0.113829
82760,0.019361,0.014890,0.080404
82770,0.013276,0.010560,0.096049
82780,0.024791,0.019021,0.119220
82790,0.020971,0.015752,0.116270
82800,0.010540,0.008069,0.076212
82810,0.023859,0.018554,0.117609
82820,0.010602,0.008339,0.066321
82830,0.019627,0.015110,0.116257
82840,0.014594,0.011306,0.094253
82850,0.015597,0.011974,0.086730
82860,0.016556,0.012571,0.106976
82870,0.026545,0.020658,0.120301
82880,0.009424,0.007245,0.071492
82890,0.016451,0.013045,0.094522
82900,0.014741,0.011404,0.096806
82910,0.019228,0.014877,0.098776
82920,0.024554,0.018264,0.120216
82930,0.041539,0.032173,0.158274
82940,0.015297,0.011389,0.102692
82950,0.001125,0.000836,0.026004
82960,0.011960,0.009149,0.089183
82970,0.029937,0.022907,0.137732
82980,0.040047,0.031439,0.144100
82990,0.027406,0.020908,0.127217
83000,0.011117,0.007617,0.094575
83010,0.004993,0.003727,0.093471
83020,0.020474,0.015442,0.102010
83030,0.010536,0.007860,0.085776
83040,0.027831,0.022018,0.128703
83050,0.008533,0.006220,0.069904
83060,0.042963,0.032858,0.162232
83070,0.018441,0.014401,0.105051
83080,0.011924,0.009126,0.097101
83090,0.026080,0.020572,0.121693
83100,0.002214,0.001708,0.018872
83110,0.030878,0.024224,0.140024
83120,0.014540,0.010958,0.100300
83130,0.033392,0.026696,0.125293
83140,0.027255,0.021138,0.134192
83150,0.022387,0.016904,0.115898
83160,0.018276,0.014566,0.077603
83170,0.018349,0.014554,0.102842
83180,0.018909,0.014781,0.097339
83190,0.032250,0.024672,0.133647
83200,0.013416,0.010170,0.090473
83210,0.014424,0.010831,0.103716
83220,0.011171,0.008417,0.075880
83230,0.008444,0.006147,0.048272
83240,0.037344,0.028651,0.151132
83250,0.031735,0.024785,0.137191
83260,0.023567,0.018340,0.109840
83270,0.011004,0.008358,0.094772
83280,0.024881,0.019284,0.123300
83290,0.017343,0.012998,0.112210
83300,0.010716,0.008445,0.063133
83310,0.031537,0.023911,0.132706
83320,0.008925,0.006829,0.078854
83330,0.023793,0.018247,0.121142
83340,0.038310,0.030174,0.155337
83350,0.018293,0.013971,0.107289
83360,0.015187,0.011978,0.090772
83370,0.024053,0.018187,0.131928
83380,0.005513,0.004161,0.351041
83390,0.028890,0.022861,0.122621
83400,0.010329,0.008016,0.086176
83410,0.009420,0.007191,0.082519
83420,0.004812,0.003430,0.064558
83430,0.020954,0.015772,0.113485
83440,0.020290,0.015473,0.099934
83450,0.004693,0.003377,0.061413
83460,0.012089,0.008873,0.112314
83470,0.011198,0.008590,0.099912
83480,0.010389,0.008048,0.089182
83490,0.020482,0.015527,0.114756
83500,0.010055,0.007610,0.054174
83510,0.031790,0.026194,0.140665
83520,0.031192,0.023658,0.130016
83530,0.009833,0.007692,0.055502
83540,0.011719,0.008785,0.077384
83550,0.019535,0.014942,0.106576
83560,0.016464,0.012378,0.113173
83570,0.026545,0.020355,0.124694
83580,0.017173,0.013150,0.103403
83590,0.011107,0.008363,0.092648
83600,0.024763,0.019991,0.114993
83610,0.021366,0.016456,0.107753
83620,0.011823,0.009233,0.060259
83630,0.003292,0.002168,0.111854
83640,0.028337,0.021837,0.124812
83650,0.024705,0.019366,0.116706
83660,0.033388,0.026033,0.142444
83670,0.017341,0.012787,0.113681
83680,0.016039,0.012475,0.111421
83690,0.033928,0.026457,0.140621
83700,0.026334,0.021574,0.115639
83710,0.008073,0.006179,0.045452
83720,0.015731,0.011447,0.089446
83730,0.015122,0.011619,0.096331
83740,0.007841,0.006461,0.052626
83750,0.008085,0.006128,0.061709
83760,0.010739,0.008214,0.079521
83770,0.018555,0.014406,0.088981
83780,0.018626,0.014586,0.106089
83790,0.024514,0.018605,0.111543
83800,0.018152,0.013789,0.104549
83810,0.000000,0.000000,0.000001
83820,0.040240,0.030978,0.158615
83830,0.025386,0.019846,0.114288
83840,0.013035,0.009845,0.100467
83850,0.018900,0.014817,0.085652
83860,0.029723,0.023232,0.118890
83870,0.003124,0.002477,0.024501
83880,0.000000,0.000000,0.000001
83890,0.024358,0.018828,0.111855
83900,0.017857,0.013848,0.126006
83910,0.034524,0.026857,0.146673
83920,0.037300,0.028600,0.134242
83930,0.003932,0.003136,0.069694
83940,0.010738,0.008211,0.089656
83950,0.018338,0.014088,0.114783
83960,0.017902,0.014042,0.097976
83970,0.019238,0.014776,0.099515
83980,0.017652,0.013466,0.085675
83990,0.029297,0.022602,0.131678
84000,0.004438,0.003274,0.075572
84010,0.020334,0.016101,0.100325
84020,0.009230,0.007090,0.080134
84030,0.012421,0.009291,0.084126
84040,0.005392,0.004074,0.065653
84050,0.010679,0.008429,0.059086
84060,0.011538,0.008673,0.090119
84070,0.015217,0.011535,0.104067
84080,0.012313,0.009248,0.065178
84090,0.013757,0.010726,0.087179
84100,0.021198,0.016473,0.102644
84110,0.021443,0.016142,0.117524
84120,0.014925,0.011350,0.090565
84130,0.030112,0.023391,0.128843
84140,0.016349,0.012642,0.117795
84150,0.020468,0.015628,0.106902
84160,0.013812,0.010935,0.097410
84170,0.020255,0.015126,0.118476
84180,0.002269,0.001482,0.037266
84190,0.009037,0.007196,0.052250
84200,0.011111,0.008188,0.081050
84210,0.021351,0.016033,0.110265
84220,0.008952,0.006796,0.074154
84230,0.013555,0.010415,0.087396
84240,0.020805,0.016104,0.107554
84250,0.025970,0.019845,0.124993
84260,0.002709,0.001903,0.075589
84270,0.013430,0.010436,0.070701
84280,0.018152,0.013651,0.099570
84290,0.023922,0.018557,0.132067
84300,0.022874,0.017636,0.112250
84310,0.001035,0.000749,0.006516
84320,0.029319,0.022094,0.127158
84330,0.010777,0.008331,0.089323
84340,0.019603,0.015118,0.095038
84350,0.024121,0.018353,0.119611
84360,0.001850,0.001669,0.075505
84370,0.041639,0.032108,0.164120
84380,0.004275,0.003275,0.084555
84390,0.012528,0.009624,0.089382
84400,0.009957,0.006850,0.093693
84410,0.010159,0.007950,0.079104
84420,0.025310,0.020376,0.120744
84430,0.011357,0.008610,0.073457
84440,0.017010,0.013013,0.099289
84450,0.004684,0.003271,0.079806
84460,0.011369,0.008529,0.087643
84470,0.023017,0.017984,0.106436
84480,0.013649,0.010790,0.085853
84490,0.016484,0.013352,0.080591
84500,0.013532,0.010231,0.081797
84510,0.019827,0.015422,0.103291
84520,0.013782,0.010622,0.084560
84530,0.005306,0.003948,0.078126
84540,0.006836,0.004427,0.095504
84550,0.026582,0.020639,0.123156
84560,0.033535,0.025584,0.145393
84570,0.003671,0.002676,0.066778
84580,0.010311,0.008004,0.072915
84590,0.013290,0.010355,0.061571
84600,0.016490,0.012366,0.118222
84610,0.014907,0.011392,0.108042
84620,0.011300,0.008890,0.077188
84630,0.022053,0.017057,0.118929
84640,0.010851,0.008159,0.077892
84650,0.025637,0.020283,0.142392
84660,0.009332,0.007608,0.080239
84670,0.014955,0.011719,0.081793
84680,0.015819,0.012367,0.100684
84690,0.038705,0.030548,0.166097
84700,0.029415,0.022047,0.134020
84710,0.012991,0.009940,0.079281
84720,0.011300,0.008365,0.079695
84730,0.047498,0.037095,0.178308
84740,0.011651,0.009137,0.056809
84750,0.028741,0.022140,0.137859
84760,0.010299,0.007676,0.076209
84770,0.020409,0.015025,0.104234
84780,0.027064,0.020773,0.115338
84790,0.011344,0.008799,0.067934
84800,0.015209,0.011784,0.087400
84810,0.012087,0.008367,0.121212
84820,0.008096,0.006337,0.043411
84830,0.028417,0.022012,0.130958
84840,0.009790,0.007528,0.080140
84850,0.007136,0.005216,0.082748
84860,0.024507,0.019177,0.112688
84870,0.030344,0.023649,0.126459
84880,0.006340,0.004567,0.081712
84890,0.014960,0.011090,0.078637
84900,0.010096,0.007338,0.092487
84910,0.016803,0.013093,0.080631
84920,0.022609,0.017519,0.097724
84930,0.009933,0.007428,0.064000
84940,0.006977,0.005157,0.092740
84950,0.009699,0.007340,0.052424
84960,0.035445,0.027843,0.146686
84970,0.016305,0.012226,0.091873
84980,0.021358,0.016601,0.098537
84990,0.019437,0.015153,0.107150
85000,0.006632,0.004712,0.071854
85010,0.022961,0.017745,0.107874
85020,0.006644,0.004969,0.075100
85030,0.029075,0.022949,0.136903
85040,0.012133,0.009282,0.066924
85050,0.024020,0.018760,0.115701
85060,0.020908,0.015765,0.104918
85070,0.013906,0.010610,0.086828
85080,0.022215,0.016750,0.116352
85090,0.019320,0.015152,0.089617
85100,0.018753,0.014550,0.100057
85110,0.015711,0.011824,0.095435
85120,0.023852,0.018325,0.117742
85130,0.009358,0.006760,0.074441
85140,0.018864,0.014072,0.096230
85150,0.022001,0.016806,0.100604
85160,0.010995,0.008486,0.091569
85170,0.025129,0.019787,0.121559
85180,0.016687,0.013107,0.090518
85190,0.024735,0.018675,0.127143
85200,0.014418,0.011286,0.088893
85210,0.017247,0.013192,0.093659
85220,0.017836,0.013926,0.088928
85230,0.014572,0.011692,0.081095
85240,0.007644,0.006366,0.078833
85250,0.025801,0.020005,0.115042
85260,0.019718,0.014541,0.114871
85270,0.011341,0.008916,0.080844
85280,0.028895,0.022646,0.132200
85290,0.014551,0.011064,0.103034
85300,0.022837,0.017623,0.132334
85310,0.024796,0.018977,0.126225
85320,0.022221,0.017177,0.122775
85330,0.030702,0.024194,0.126206
85340,0.019934,0.015652,0.104661
85350,0.022798,0.017109,0.123014
85360,0.025891,0.020108,0.116286
85370,0.009538,0.007951,0.057064
85380,0.023080,0.017729,0.114756
85390,0.017107,0.012877,0.111373
85400,0.015604,0.012547,0.099347
85410,0.035175,0.027445,0.145486
85420,0.009793,0.007455,0.072146
85430,0.015970,0.011689,0.105507
85440,0.003000,0.002120,0.077790
85450,0.002960,0.002242,0.036003
85460,0.013640,0.010696,0.060944
85470,0.027911,0.021850,0.128388
85480,0.022691,0.017137,0.105559
85490,0.022056,0.016970,0.116295
85500,0.023075,0.017700,0.113827
85510,0.008767,0.006766,0.078278
85520,0.014791,0.011634,0.080841
85530,0.020610,0.015757,0.125489
85540,0.016253,0.012483,0.103191
85550,0.028262,0.021820,0.128414
85560,0.006555,0.005038,0.099216
85570,0.021649,0.020890,0.120978
85580,0.031542,0.024683,0.125884
85590,0.028476,0.021881,0.132257
85600,0.019508,0.015084,0.108819
85610,0.017927,0.014128,0.082989
85620,0.012028,0.009374,0.103784
85630,0.004726,0.003561,0.037830
85640,0.023773,0.019089,0.105779
85650,0.017087,0.013344,0.095309
85660,0.020001,0.015382,0.103384
85670,0.033232,0.027538,0.115679
85680,0.009915,0.007413,0.057225
85690,0.012624,0.009773,0.083221
85700,0.010638,0.008123,0.055154
85710,0.014525,0.011236,0.091455
85720,0.006861,0.004604,0.085361
85730,0.024547,0.018925,0.113941
85740,0.017843,0.013584,0.097556
85750,0.029974,0.023972,0.126723
85760,0.022893,0.017727,0.111011
85770,0.005849,0.004428,0.033851
85780,0.022273,0.017534,0.116343
85790,0.023238,0.018288,0.108638
85800,0.016256,0.012782,0.079234
85810,0.029778,0.022955,0.140326
85820,0.018507,0.014757,0.095017
85830,0.006622,0.005032,0.059415
85840,0.034174,0.026175,0.143213
85850,0.027449,0.021064,0.121218
85860,0.014039,0.011116,0.090457
85870,0.029054,0.022617,0.129021
85880,0.017703,0.013754,0.081522
85890,0.005092,0.003912,0.080095
85900,0.015372,0.012314,0.087962
85910,0.028211,0.022388,0.118319
85920,0.010505,0.007508,0.086791
85930,0.000002,0.000004,0.000011
85940,0.009994,0.007553,0.080775
85950,0.032516,0.025089,0.134898
85960,0.005416,0.004392,0.085258
85970,0.004382,0.003396,0.049831
85980,0.005405,0.004038,0.033426
85990,0.020834,0.016220,0.113524
86000,0.019273,0.015228,0.105774
86010,0.008561,0.006557,0.070887
86020,0.010364,0.008089,0.071688
86030,0.005859,0.004164,0.061462
86040,0.018540,0.014306,0.110869
86050,0.018592,0.014747,0.109892
86060,0.012515,0.009399,0.104283
86070,0.015491,0.011982,0.088251
86080,0.013028,0.009984,0.090927
86090,0.026482,0.020620,0.129870
86100,0.022355,0.017421,0.118742
86110,0.018512,0.014879,0.112200
86120,0.028603,0.022655,0.122664
86130,0.020074,0.015405,0.085031
86140,0.010860,0.007791,0.087990
86150,0.025184,0.019140,0.113680
86160,0.026701,0.020888,0.133945
86170,0.001403,0.001068,0.012131
86180,0.023246,0.018227,0.100969
86190,0.009994,0.007547,0.068517
86200,0.015312,0.011675,0.096678
86210,0.015026,0.011377,0.077042
86220,0.034501,0.027275,0.133863
86230,0.007098,0.005468,0.065834
86240,0.021818,0.016679,0.099124
86250,0.011587,0.008493,0.102844
86260,0.029235,0.022930,0.119428
86270,0.029940,0.023579,0.130466
86280,0.007284,0.006079,0.058425
86290,0.023198,0.017926,0.107887
86300,0.018561,0.014463,0.084823
86310,0.017008,0.012927,0.099218
86320,0.017868,0.012956,0.098384
86330,0.017275,0.013419,0.083595
86340,0.023379,0.018257,0.114400
86350,0.020523,0.015445,0.117499
86360,0.019739,0.015375,0.117706
86370,0.019513,0.015351,0.087056
86380,0.025816,0.019766,0.112445
86390,0.016701,0.013068,0.094955
86400,0.025187,0.019455,0.111364
86410,0.028247,0.021767,0.128646
86420,0.008054,0.005672,0.071097
86430,0.011059,0.007615,0.123366
86440,0.024747,0.019673,0.108500
86450,0.007208,0.005450,0.139698
86460,0.003965,0.002918,0.059642
86470,0.034353,0.027200,0.145323
86480,0.025564,0.020137,0.119993
86490,0.007710,0.006253,0.069473
86500,0.004253,0.002888,0.056456
86510,0.015877,0.011832,0.112853
86520,0.016406,0.012424,0.063096
86530,0.023359,0.018318,0.091520
86540,0.010161,0.008266,0.055999
86550,0.021701,0.016522,0.110579
86560,0.008563,0.006183,0.087414
86570,0.020784,0.015841,0.111959
86580,0.020541,0.015576,0.103140
86590,0.030903,0.023719,0.134603
86600,0.019371,0.014708,0.101250
86610,0.002655,0.002121,0.026316
86620,0.028828,0.021864,0.126978
86630,0.028745,0.022599,0.132273
86640,0.027390,0.021836,0.122291
86650,0.022867,0.017517,0.104438
86660,0.001392,0.001058,0.013261
86670,0.019371,0.014604,0.108303
86680,0.018048,0.013178,0.113770
86690,0.027575,0.021804,0.127049
86700,0.011493,0.008591,0.080291
86710,0.010432,0.008157,0.047600
86720,0.012524,0.009308,0.096613
86730,0.025123,0.019417,0.114263
86740,0.008459,0.006618,0.073551
86750,0.021555,0.017520,0.100749
86760,0.014803,0.011488,0.088535
86770,0.018700,0.014741,0.098466
86780,0.011721,0.009092,0.099009
86790,0.034921,0.027292,0.145504
86800,0.016269,0.012305,0.102106
86810,0.011226,0.008364,0.088653
86820,0.016889,0.012850,0.077709
86830,0.025396,0.019982,0.121727
86840,0.008965,0.006685,0.078893
86850,0.020228,0.015249,0.103297
86860,0.009859,0.007557,0.082578
86870,0.035316,0.027770,0.153495
86880,0.034260,0.026530,0.142317
86890,0.017177,0.012992,0.100845
86900,0.019931,0.015615,0.074722
86910,0.002273,0.001831,0.019383
86920,0.055216,0.042816,0.197725
86930,0.029060,0.022448,0.125606
86940,0.020187,0.015696,0.104248
86950,0.014555,0.011026,0.102457
86960,0.018100,0.014020,0.100273
86970,0.009294,0.008740,0.090001
86980,0.018481,0.014316,0.106252
86990,0.019367,0.014613,0.105018
87000,0.028949,0.022659,0.122397
87010,0.008962,0.006549,0.089211
87020,0.032778,0.025264,0.139814
87030,0.008413,0.006461,0.073082
87040,0.016730,0.012615,0.073127
87050,0.020869,0.016117,0.101506
87060,0.025264,0.019884,0.123156
87070,0.023458,0.018114,0.114805
87080,0.017530,0.013330,0.077040
87090,0.019880,0.015629,0.095729
87100,0.019831,0.016168,0.113619
87110,0.017020,0.013137,0.092170
87120,0.003768,0.002681,0.072254
87130,0.004664,0.003074,0.058747
87140,0.011844,0.008702,0.091788
87150,0.016128,0.012724,0.070875
87160,0.013963,0.010551,0.079406
87170,0.016684,0.012817,0.097196
87180,0.016206,0.012493,0.110881
87190,0.038739,0.030196,0.153352
87200,0.023325,0.018411,0.106235
87210,0.029024,0.022287,0.125652
87220,0.024919,0.018834,0.110274
87230,0.038923,0.030399,0.154553
87240,0.018409,0.014214,0.096893
87250,0.013799,0.010387,0.098436
87260,0.026221,0.020698,0.119568
87270,0.000000,0.000000,0.000001
87280,0.010945,0.008570,0.056619
87290,0.011174,0.008453,0.073949
87300,0.021167,0.015852,0.108695
87310,0.035651,0.028522,0.132926
87320,0.018885,0.014383,0.105342
87330,0.023041,0.017757,0.129449
87340,0.005126,0.003874,0.069459
87350,0.029018,0.022489,0.124364
87360,0.016943,0.013048,0.089563
87370,0.010571,0.007527,0.087313
87380,0.023690,0.018565,0.116741
87390,0.012011,0.009323,0.085350
87400,0.029691,0.023135,0.129436
87410,0.023643,0.018313,0.113391
87420,0.031126,0.024170,0.142853
87430,0.026712,0.019994,0.123471
87440,0.024284,0.018871,0.117333
87450,0.015691,0.012221,0.097980
87460,0.010285,0.008498,0.079859
87470,0.021079,0.016719,0.112247
87480,0.035301,0.027352,0.145562
87490,0.022608,0.017176,0.100035
87500,0.020650,0.016085,0.119622
87510,0.002947,0.002458,0.059114
87520,0.020058,0.014785,0.114736
87530,0.014212,0.010631,0.090303
87540,0.021461,0.016387,0.114573
87550,0.031085,0.023857,0.138049
87560,0.019263,0.014641,0.102110
87570,0.003411,0.002506,0.058336
87580,0.022315,0.017543,0.111704
87590,0.019939,0.015771,0.080177
87600,0.023520,0.018558,0.098533
87610,0.016285,0.012927,0.092814
87620,0.016221,0.012034,0.103043
87630,0.013848,0.010356,0.098859
87640,0.021021,0.016531,0.111413
87650,0.003742,0.002786,0.052368
87660,0.011559,0.008855,0.053245
87670,0.011578,0.008532,0.078390
87680,0.011862,0.009120,0.084760
87690,0.011367,0.008704,0.091000
87700,0.018370,0.014181,0.103394
87710,0.021210,0.016265,0.085777
87720,0.011614,0.009005,0.095188
87730,0.037010,0.028746,0.151501
87740,0.012280,0.009469,0.089416
87750,0.019903,0.014859,0.117063
87760,0.010486,0.008076,0.053312
87770,0.025108,0.019159,0.124298
87780,0.002104,0.001508,0.015774
87790,0.032093,0.022168,0.131112
87800,0.007997,0.005963,0.099120
87810,0.016434,0.012380,0.091755
87820,0.023012,0.017559,0.117654
87830,0.015727,0.011796,0.089846
87840,0.007065,0.005094,0.075690
87850,0.012206,0.009400,0.106284
87860,0.027730,0.022065,0.127398
87870,0.011724,0.009065,0.082973
87880,0.001675,0.001172,0.105008
87890,0.019314,0.014992,0.107461
87900,0.015745,0.011892,0.105735
87910,0.030479,0.026300,0.128227
87920,0.013519,0.010502,0.109515
87930,0.037662,0.029158,0.150244
87940,0.017772,0.013600,0.104905
87950,0.024699,0.018434,0.122397
87960,0.008295,0.006197,0.077227
87970,0.018530,0.014352,0.095444
87980,0.004759,0.003338,0.081101
87990,0.017253,0.012813,0.126836
88000,0.018875,0.014701,0.082398
88010,0.016005,0.012217,0.072798
88020,0.010338,0.007846,0.089210
88030,0.010877,0.008029,0.090097
88040,0.009733,0.007322,0.071398
88050,0.001896,0.001188,0.027472
88060,0.009521,0.007438,0.072289
88070,0.010607,0.007767,0.079340
88080,0.022850,0.017245,0.116665
88090,0.024722,0.019071,0.123462
88100,0.009869,0.007366,0.068313
88110,0.007129,0.005321,0.037196
88120,0.016077,0.012391,0.109311
88130,0.023792,0.017275,0.133479
88140,0.004502,0.003679,0.075202
88150,0.034384,0.026775,0.139881
88160,0.041201,0.031687,0.165084
88170,0.027363,0.020984,0.124958
88180,0.010249,0.007618,0.054315
88190,0.015580,0.012515,0.085016
88200,0.017371,0.013617,0.073221
88210,0.007993,0.006423,0.096298
88220,0.019600,0.015082,0.096680
88230,0.017009,0.013273,0.085208
88240,0.016513,0.012853,0.088502
88250,0.009077,0.006920,0.075027
88260,0.019600,0.014311,0.106639
88270,0.020517,0.016158,0.092701
88280,0.013607,0.010664,0.088466
88290,0.018329,0.014129,0.101186
88300,0.018607,0.014011,0.105306
88310,0.022754,0.017555,0.112855
88320,0.002092,0.001381,0.077650
88330,0.013688,0.010257,0.090187
88340,0.015391,0.011558,0.087581
88350,0.034358,0.026631,0.138757
88360,0.014968,0.011813,0.088604
88370,0.012273,0.009157,0.089516
88380,0.011916,0.008982,0.087314
88390,0.018324,0.014181,0.099959
88400,0.029790,0.023624,0.121529
88410,0.006988,0.005024,0.091478
88420,0.013516,0.010530,0.062065
88430,0.009046,0.006857,0.049225
88440,0.031759,0.024220,0.128677
88450,0.008582,0.006703,0.044459
88460,0.002600,0.001836,0.062691
88470,0.024814,0.019361,0.115269
88480,0.024970,0.019610,0.128341
88490,0.008258,0.006410,0.091147
88500,0.022028,0.016928,0.106458
88510,0.003413,0.002775,0.051360
88520,0.022649,0.017712,0.114452
88530,0.002835,0.002086,0.059670
88540,0.025544,0.019727,0.130369
88550,0.017124,0.012507,0.100125
88560,0.016076,0.012646,0.115057
88570,0.009991,0.007620,0.083414
88580,0.027478,0.020728,0.123695
88590,0.023205,0.018276,0.112960
88600,0.007561,0.005981,0.103754
88610,0.027244,0.021648,0.124108
88620,0.001530,0.001143,0.011004
88630,0.011260,0.008878,0.097916
88640,0.024443,0.018508,0.115348
88650,0.011093,0.008297,0.084834
88660,0.016630,0.012231,0.107503
88670,0.010453,0.008293,0.076286
88680,0.030819,0.023088,0.137010
88690,0.016039,0.013384,0.103566
88700,0.021732,0.016543,0.121727
88710,0.007459,0.005523,0.067914
88720,0.014643,0.011741,0.077447
88730,0.024375,0.019094,0.122503
88740,0.002732,0.002071,0.024550
88750,0.020369,0.015907,0.110514
88760,0.027097,0.021034,0.123350
88770,0.015118,0.011909,0.094302
88780,0.036209,0.028130,0.148951
88790,0.008690,0.006478,0.067350
88800,0.022813,0.017275,0.117045
88810,0.048027,0.037177,0.179084
88820,0.043161,0.033589,0.159865
88830,0.003326,0.002269,0.062604
88840,0.021643,0.016819,0.090556
88850,0.017099,0.013235,0.096339
88860,0.023574,0.017982,0.117440
88870,0.017243,0.013206,0.094303
88880,0.018705,0.014548,0.086887
88890,0.000918,0.000648,0.048576
88900,0.004722,0.003175,0.110828
88910,0.011466,0.008845,0.066111
88920,0.025940,0.020052,0.116937
88930,0.006661,0.004957,0.063618
88940,0.019746,0.015325,0.090735
88950,0.016629,0.012743,0.102107
88960,0.004388,0.003113,0.070957
88970,0.028671,0.022316,0.126636
88980,0.008921,0.006434,0.093106
88990,0.024622,0.019311,0.121455
89000,0.018718,0.014380,0.113332
89010,0.019835,0.015185,0.095611
89020,0.010251,0.007876,0.084533
89030,0.039696,0.024477,0.167128
89040,0.022834,0.017812,0.119938
89050,0.000836,0.000690,0.023945
89060,0.007449,0.005347,0.082536
89070,0.017106,0.013180,0.096695
89080,0.027582,0.021203,0.129230
89090,0.026606,0.020883,0.123139
89100,0.003440,0.002581,0.024312
89110,0.016031,0.012539,0.079639
89120,0.012104,0.008952,0.090663
89130,0.001829,0.001452,0.015106
89140,0.011483,0.008750,0.085141
89150,0.022303,0.017064,0.120952
89160,0.008257,0.006416,0.045098
89170,0.029846,0.023103,0.123069
89180,0.008977,0.007060,0.077643
89190,0.031557,0.025038,0.130380
89200,0.015435,0.011784,0.104650
89210,0.027255,0.021443,0.131934
89220,0.021907,0.016872,0.112310
89230,0.022863,0.017715,0.095537
89240,0.012501,0.009498,0.085599
89250,0.013345,0.010205,0.095712
89260,0.040759,0.032097,0.143145
89270,0.029495,0.022948,0.117722
89280,0.034801,0.028396,0.154107
89290,0.007752,0.006249,0.039446
89300,0.002494,0.001743,0.067001
89310,0.030091,0.023464,0.115922
89320,0.032116,0.024447,0.150609
89330,0.013250,0.009926,0.111057
89340,0.028556,0.022668,0.131879
89350,0.000000,0.000000,0.000001
89360,0.003167,0.002218,0.072278
89370,0.021744,0.017327,0.106174
89380,0.007738,0.005703,0.067633
89390,0.011981,0.009396,0.058553
89400,0.023153,0.018083,0.110914
89410,0.011371,0.008960,0.076669
89420,0.017135,0.013425,0.096503
89430,0.014263,0.010545,0.103902
89440,0.034882,0.027760,0.136598
89450,0.028337,0.022027,0.128653
89460,0.014510,0.010957,0.094487
89470,0.007060,0.005000,0.061417
89480,0.017019,0.013134,0.093322
89490,0.024461,0.018609,0.110838
89500,0.017898,0.013938,0.103228
89510,0.013484,0.010261,0.097605
89520,0.018913,0.014809,0.094746
89530,0.016853,0.013095,0.104288
89540,0.029845,0.022971,0.127661
89550,0.019232,0.014938,0.112382
89560,0.031488,0.024498,0.124009
89570,0.023823,0.018825,0.109060
89580,0.016399,0.012984,0.075242
89590,0.011123,0.008051,0.126413
89600,0.012647,0.009568,0.105444
89610,0.033909,0.026182,0.147189
89620,0.020251,0.015886,0.095624
89630,0.013866,0.010551,0.108190
89640,0.014830,0.011881,0.085284
89650,0.020261,0.016100,0.102341
89660,0.018361,0.013460,0.089141
89670,0.008975,0.007303,0.051536
89680,0.002120,0.001612,0.077164
89690,0.041229,0.031808,0.158609
89700,0.008499,0.006488,0.049651
89710,0.007363,0.005611,0.081895
89720,0.012782,0.010174,0.072216
89730,0.008905,0.006679,0.073272
89740,0.028019,0.021490,0.114059
89750,0.018249,0.014351,0.080828
89760,0.009531,0.006891,0.071882
89770,0.012661,0.009923,0.085125
89780,0.014700,0.011380,0.089432
89790,0.017908,0.013862,0.108340
89800,0.029347,0.022998,0.123294
89810,0.020119,0.015755,0.110051
89820,0.009248,0.007109,0.069967
89830,0.016075,0.012949,0.095873
89840,0.010718,0.008195,0.085217
89850,0.009960,0.008174,0.068052
89860,0.001820,0.001315,0.108686
89870,0.022141,0.017675,0.113681
89880,0.016003,0.012437,0.070399
89890,0.011532,0.008921,0.095841
89900,0.015419,0.011994,0.086036
89910,0.020333,0.015482,0.107649
89920,0.010757,0.008118,0.097292
89930,0.017175,0.012994,0.099064
89940,0.010285,0.007740,0.099959
89950,0.032430,0.025216,0.138424
89960,0.010284,0.007684,0.072308
89970,0.011937,0.009300,0.074598
89980,0.018949,0.013909,0.092230
89990,0.016240,0.011871,0.104255
90000,0.001310,0.001069,0.099591
90010,0.025185,0.019289,0.114376
90020,0.015585,0.012014,0.092364
90030,0.005208,0.004026,0.075416
90040,0.021299,0.016482,0.103727
90050,0.017612,0.013952,0.095527
90060,0.035651,0.027832,0.145839
90070,0.012269,0.009473,0.074181
90080,0.011378,0.008717,0.081004
90090,0.018441,0.014069,0.101745
90100,0.008037,0.005724,0.086550
90110,0.007664,0.005826,0.068424
90120,0.003563,0.002615,0.095663
90130,0.009685,0.007317,0.049836
90140,0.028464,0.022162,0.123546
90150,0.013082,0.010051,0.082050
90160,0.015908,0.012125,0.097542
90170,0.037715,0.028986,0.149139
90180,0.007393,0.005704,0.047941
90190,0.031239,0.024107,0.137525
90200,0.006906,0.005248,0.059015
90210,0.033049,0.025547,0.145079
90220,0.035303,0.027378,0.127661
90230,0.010502,0.007803,0.077309
90240,0.027483,0.020971,0.131729
90250,0.029314,0.022095,0.148678
90260,0.017639,0.013450,0.101326
90270,0.014732,0.011354,0.091357
90280,0.029265,0.022510,0.142524
90290,0.028835,0.022009,0.124354
90300,0.047070,0.036938,0.177906
90310,0.016325,0.012450,0.119526
90320,0.021630,0.016791,0.117361
90330,0.013295,0.009978,0.073864
90340,0.014850,0.011675,0.088582
90350,0.010180,0.008081,0.079187
90360,0.014907,0.011499,0.083595
90370,0.016315,0.012395,0.093946
90380,0.015455,0.011896,0.085485
90390,0.017109,0.013569,0.090667
90400,0.007444,0.005608,0.075791
90410,0.016657,0.013048,0.074687
90420,0.006002,0.005117,0.091188
90430,0.012412,0.009079,0.091174
90440,0.029384,0.022980,0.129323
90450,0.033920,0.026228,0.142381
90460,0.021744,0.016117,0.123387
90470,0.026094,0.019903,0.124223
90480,0.017039,0.013048,0.096762
90490,0.033456,0.026280,0.140122
90500,0.003065,0.003008,0.034203
90510,0.030386,0.023329,0.123586
90520,0.018677,0.014292,0.115013
90530,0.009275,0.006959,0.045231
90540,0.011436,0.008729,0.092167
90550,0.014946,0.011359,0.100884
90560,0.013392,0.009966,0.067102
90570,0.025335,0.019895,0.112151
90580,0.014933,0.011662,0.069628
90590,0.017272,0.013137,0.088596
90600,0.017785,0.013675,0.107073
90610,0.031763,0.024504,0.139094
90620,0.022229,0.016931,0.114080
90630,0.027349,0.021154,0.123797
90640,0.015083,0.011813,0.085403
90650,0.010718,0.008449,0.079783
90660,0.034478,0.026731,0.151393
90670,0.006486,0.004864,0.045116
90680,0.014624,0.011474,0.090357
90690,0.018322,0.014225,0.075494
90700,0.002932,0.002294,0.024978
90710,0.025712,0.020867,0.126934
90720,0.025383,0.019561,0.115230
90730,0.014809,0.011216,0.096714
90740,0.024700,0.019180,0.118462
90750,0.009405,0.006869,0.075147
90760,0.023413,0.017877,0.113501
90770,0.015467,0.011832,0.095354
90780,0.013337,0.010383,0.095445
90790,0.026583,0.020947,0.126560
90800,0.030452,0.023542,0.147969
90810,0.031057,0.023545,0.143418
90820,0.009397,0.007029,0.086713
90830,0.018498,0.013682,0.104050
90840,0.006229,0.004646,0.092515
90850,0.014331,0.011100,0.078792
90860,0.008092,0.006196,0.066854
90870,0.027029,0.020977,0.123926
90880,0.010920,0.008667,0.062706
90890,0.017314,0.013406,0.106624
90900,0.015341,0.011784,0.098914
90910,0.031240,0.023969,0.133838
90920,0.008054,0.006205,0.063086
90930,0.038959,0.030226,0.155758
90940,0.017046,0.013385,0.098972
90950,0.007164,0.005538,0.080237
90960,0.033922,0.026547,0.149280
90970,0.027538,0.021004,0.128344
90980,0.022358,0.017697,0.105760
90990,0.019333,0.015411,0.082063
91000,0.018984,0.014722,0.100391
91010,0.020008,0.015426,0.101167
91020,0.030823,0.023514,0.125446
91030,0.026674,0.020157,0.119839
91040,0.010426,0.007498,0.112392
91050,0.015655,0.012464,0.077187
91060,0.033125,0.025775,0.135913
91070,0.029473,0.023262,0.143734
91080,0.009745,0.008571,0.079297
91090,0.023593,0.018257,0.105157
91100,0.017814,0.014025,0.084502
91110,0.021946,0.016873,0.105448
91120,0.018953,0.015334,0.088311
91130,0.012937,0.009784,0.067558
91140,0.015067,0.011539,0.099620
91150,0.019743,0.015037,0.106894
91160,0.010986,0.008733,0.071411
91170,0.018523,0.014231,0.104381
91180,0.017634,0.013465,0.107636
91190,0.021049,0.015683,0.118161
91200,0.015145,0.012362,0.093127
91210,0.008118,0.006247,0.075248
91220,0.005448,0.004212,0.081523
91230,0.012652,0.009941,0.074366
91240,0.013172,0.009916,0.109676
91250,0.005283,0.003692,0.068891
91260,0.019505,0.015358,0.109830
91270,0.005288,0.003783,0.084368
91280,0.014321,0.010910,0.066582
91290,0.016460,0.012782,0.096300
91300,0.017658,0.013351,0.095452
91310,0.022017,0.016543,0.113064
91320,0.026820,0.020919,0.121593
91330,0.021966,0.016704,0.121006
91340,0.022088,0.016971,0.106652
91350,0.014023,0.011069,0.086696
91360,0.017330,0.013054,0.082941
91370,0.016483,0.012705,0.077783
91380,0.023086,0.018218,0.110031
91390,0.028062,0.021773,0.130564
91400,0.016276,0.012126,0.088888
91410,0.018479,0.013922,0.093959
91420,0.021478,0.016368,0.113976
91430,0.009581,0.007211,0.100142
91440,0.008419,0.006498,0.080475
91450,0.009960,0.007617,0.068664
91460,0.024773,0.019012,0.107174
91470,0.013824,0.010597,0.099764
91480,0.016079,0.012468,0.086541
91490,0.000284,0.000212,0.059405
91500,0.023477,0.018121,0.107423
91510,0.021649,0.016769,0.098891
91520,0.017767,0.013358,0.108819
91530,0.018532,0.014231,0.111492
91540,0.013137,0.009446,0.095469
91550,0.010258,0.007569,0.081558
91560,0.017907,0.014147,0.074531
91570,0.001494,0.001112,0.046461
91580,0.032360,0.025659,0.138745
91590,0.011829,0.009692,0.067338
91600,0.007437,0.005813,0.069646
91610,0.008361,0.006170,0.078796
91620,0.011600,0.008625,0.064263
91630,0.007694,0.005951,0.066195
91640,0.034964,0.026605,0.130754
91650,0.022445,0.016834,0.115212
91660,0.020051,0.015810,0.102996
91670,0.014357,0.010669,0.085855
91680,0.017159,0.013260,0.097166
91690,0.029392,0.022867,0.124482
91700,0.012678,0.009864,0.080467
91710,0.028873,0.022783,0.127448
91720,0.008834,0.006551,0.070612
91730,0.022504,0.017218,0.108631
91740,0.022939,0.018125,0.107673
91750,0.044531,0.035171,0.162546
91760,0.010254,0.007450,0.079006
91770,0.040706,0.030646,0.162303
91780,0.001305,0.001114,0.059559
91790,0.024660,0.018864,0.113921
91800,0.009030,0.006860,0.055318
91810,0.025277,0.019546,0.107383
91820,0.034113,0.025962,0.147608
91830,0.015090,0.012070,0.066911
91840,0.011617,0.009018,0.084481
91850,0.008192,0.006492,0.078319
91860,0.029117,0.023160,0.135694
91870,0.016381,0.012087,0.121858
91880,0.020488,0.015544,0.104588
91890,0.023571,0.018506,0.099063
91900,0.014910,0.011157,0.097412
91910,0.012758,0.009371,0.094432
91920,0.015225,0.011874,0.086386
91930,0.027134,0.021305,0.132759
91940,0.028092,0.021079,0.137237
91950,0.006151,0.004731,0.056364
91960,0.009342,0.007083,0.113829
91970,0.011616,0.008927,0.083459
91980,0.013108,0.009870,0.056267
91990,0.019953,0.015554,0.113951
92000,0.008716,0.006577,0.071359
92010,0.038993,0.030891,0.142866
92020,0.031552,0.024738,0.141869
92030,0.008400,0.007984,0.072150
92040,0.019771,0.015640,0.113951
92050,0.011372,0.008936,0.062772
92060,0.015571,0.011486,0.102377
92070,0.024945,0.019409,0.095140
92080,0.025236,0.019039,0.116723
92090,0.022100,0.017448,0.113945
92100,0.020013,0.015508,0.108988
92110,0.000671,0.000570,0.042818
92120,0.016538,0.012811,0.082825
92130,0.035079,0.026994,0.144972
92140,0.012425,0.008975,0.091685
92150,0.008444,0.006912,0.072536
92160,0.012951,0.009623,0.106555
92170,0.012274,0.009096,0.068815
92180,0.011000,0.008305,0.056663
92190,0.016373,0.013231,0.099519
92200,0.015883,0.012110,0.094226
92210,0.022607,0.017536,0.112316
92220,0.027883,0.022464,0.119671
92230,0.016161,0.012904,0.079391
92240,0.010903,0.008315,0.070226
92250,0.015650,0.012030,0.090752
92260,0.005955,0.004010,0.062794
92270,0.021877,0.017047,0.114846
92280,0.000362,0.000292,0.003730
92290,0.015344,0.011787,0.068770
92300,0.013134,0.010163,0.082204
92310,0.011938,0.009166,0.081122
92320,0.034360,0.027377,0.143794
92330,0.026445,0.020747,0.126392
92340,0.002443,0.001929,0.041672
92350,0.000479,0.000327,0.033739
92360,0.025903,0.020304,0.120940
92370,0.029500,0.022922,0.118425
92380,0.030795,0.024008,0.130838
92390,0.005147,0.003715,0.064848
92400,0.009502,0.006913,0.093741
92410,0.025936,0.020042,0.119492
92420,0.029544,0.022419,0.124941
92430,0.008010,0.005913,0.079239
92440,0.016057,0.013100,0.095538
92450,0.000001,0.000000,0.000001
92460,0.012264,0.009270,0.074042
92470,0.005470,0.004245,0.037216
92480,0.023628,0.018340,0.100672
92490,0.023359,0.018245,0.111701
92500,0.019205,0.014772,0.087527
92510,0.027661,0.021313,0.131408
92520,0.004647,0.003373,0.042831
92530,0.020302,0.015641,0.097185
92540,0.018844,0.014622,0.102058
92550,0.009167,0.007159,0.075499
92560,0.017771,0.013748,0.101223
92570,0.033245,0.025922,0.140220
92580,0.033039,0.025769,0.130959
92590,0.011477,0.009168,0.080187
92600,0.017234,0.013174,0.089388
92610,0.003152,0.002303,0.043229
92620,0.010580,0.008197,0.062051
92630,0.019896,0.015520,0.100320
92640,0.002367,0.001725,0.089276
92650,0.033009,0.025434,0.146093
92660,0.032829,0.025301,0.128551
92670,0.031012,0.023379,0.135985
92680,0.014633,0.011001,0.111782
92690,0.015844,0.011959,0.092424
92700,0.016263,0.012266,0.095073
92710,0.024938,0.019491,0.105484
92720,0.007801,0.006078,0.064257
92730,0.019597,0.014796,0.105618
92740,0.027058,0.021218,0.122958
92750,0.010765,0.007947,0.065438
92760,0.013637,0.010109,0.095381
92770,0.024992,0.019037,0.126447
92780,0.013038,0.010107,0.093728
92790,0.023395,0.017905,0.132130
92800,0.025729,0.019605,0.122878
92810,0.023048,0.017899,0.108381
92820,0.021096,0.016249,0.105400
92830,0.005178,0.003959,0.037481
92840,0.010228,0.007793,0.084698
92850,0.015387,0.012119,0.080759
92860,0.013676,0.010867,0.075499
92870,0.011579,0.008367,0.104816
92880,0.008098,0.005817,0.071971
92890,0.016951,0.013081,0.092575
92900,0.015516,0.011043,0.098325
92910,0.026617,0.020609,0.139408
92920,0.017094,0.013691,0.094718
92930,0.012975,0.010547,0.060119
92940,0.030736,0.024422,0.130654
92950,0.029001,0.023089,0.135852
92960,0.018667,0.014295,0.096162
92970,0.012041,0.009810,0.070843
92980,0.007834,0.005993,0.074734
92990,0.021314,0.016425,0.105305
93000,0.024933,0.018823,0.122310
93010,0.021461,0.016809,0.084815
93020,0.011944,0.009304,0.082973
93030,0.019316,0.014827,0.107204
93040,0.016088,0.012194,0.088417
93050,0.003265,0.002555,0.016123
93060,0.023983,0.020331,0.110685
93070,0.011583,0.008692,0.061643
93080,0.029569,0.022857,0.113129
93090,0.016931,0.013298,0.090497
93100,0.012611,0.009987,0.079158
93110,0.016203,0.012340,0.089965
93120,0.014425,0.010935,0.064921
93130,0.018510,0.014028,0.097358
93140,0.008284,0.006325,0.087572
93150,0.024381,0.019082,0.110630
93160,0.014881,0.011344,0.095565
93170,0.009683,0.006707,0.087486
93180,0.006885,0.005237,0.058180
93190,0.026386,0.020492,0.119288
93200,0.010458,0.008450,0.081360
93210,0.019971,0.015596,0.095936
93220,0.023426,0.018440,0.114124
93230,0.018717,0.014620,0.085956
93240,0.019706,0.015366,0.086539
93250,0.009242,0.007325,0.090392
93260,0.024025,0.018273,0.119198
93270,0.013063,0.009893,0.105082
93280,0.030974,0.024403,0.134786
93290,0.023443,0.017312,0.110703
93300,0.042842,0.033372,0.163154
93310,0.002929,0.001788,0.077293
93320,0.014631,0.011226,0.091443
93330,0.025955,0.020319,0.119066
93340,0.010690,0.008325,0.078067
93350,0.013093,0.009963,0.075792
93360,0.025493,0.019560,0.117108
93370,0.025297,0.019721,0.123536
93380,0.019242,0.014974,0.091175
93390,0.007894,0.006017,0.128402
93400,0.029632,0.023193,0.121626
93410,0.013314,0.010488,0.086138
93420,0.018295,0.014296,0.089791
93430,0.034032,0.026826,0.138742
93440,0.029012,0.022516,0.133260
93450,0.021461,0.016817,0.109630
93460,0.017573,0.013909,0.107376
93470,0.015320,0.011709,0.087855
93480,0.016165,0.012304,0.100094
93490,0.027464,0.021452,0.130497
93500,0.017502,0.013668,0.098507
93510,0.014968,0.011404,0.101123
93520,0.007477,0.005833,0.063239
93530,0.016856,0.013039,0.105802
93540,0.014243,0.010887,0.083915
93550,0.015982,0.012551,0.070970
93560,0.008151,0.006265,0.065770
93570,0.011260,0.010698,0.089089
93580,0.018570,0.013492,0.108419
93590,0.030511,0.024145,0.130292
93600,0.003060,0.002470,0.097727
93610,0.012399,0.009495,0.052415
93620,0.018802,0.014757,0.090842
93630,0.000000,0.000001,0.000003
93640,0.019355,0.014945,0.111172
93650,0.031285,0.023987,0.119272
93660,0.007975,0.006964,0.069340
93670,0.014557,0.012307,0.082164
93680,0.008187,0.006105,0.073602
93690,0.007162,0.005619,0.068987
93700,0.020112,0.015920,0.102393
93710,0.015383,0.011437,0.094950
93720,0.025628,0.019601,0.120307
93730,0.036893,0.028512,0.154254
93740,0.041056,0.031460,0.153749
93750,0.039270,0.029895,0.142887
93760,0.016623,0.012980,0.093337
93770,0.012434,0.008785,0.094052
93780,0.022280,0.017288,0.099473
93790,0.002976,0.003675,0.083371
93800,0.013804,0.010565,0.103906
93810,0.026448,0.020346,0.119201
93820,0.020973,0.016217,0.104544
93830,0.011046,0.008571,0.086996
93840,0.016115,0.012240,0.099266
93850,0.019801,0.015229,0.082637
93860,0.014090,0.010727,0.091117
93870,0.025768,0.019823,0.132323
93880,0.015540,0.011942,0.092862
93890,0.022727,0.017774,0.114972
93900,0.018919,0.014668,0.090129
93910,0.036935,0.028715,0.143756
93920,0.012098,0.009216,0.064402
93930,0.012602,0.009717,0.088796
93940,0.013945,0.010650,0.091102
93950,0.019943,0.015423,0.109995
93960,0.009700,0.007792,0.067072
93970,0.020221,0.015843,0.108336
93980,0.002191,0.001507,0.073240
93990,0.007802,0.005855,0.069266
94000,0.024923,0.019665,0.117171
94010,0.016443,0.012537,0.079860
94020,0.040915,0.031671,0.161488
94030,0.025685,0.019695,0.119529
94040,0.019004,0.014640,0.114779
94050,0.009908,0.007554,0.078836
94060,0.015018,0.011602,0.081212
94070,0.014878,0.011819,0.093288
94080,0.025387,0.019663,0.115031
94090,0.011839,0.009124,0.085240
94100,0.013294,0.010787,0.088213
94110,0.019649,0.015667,0.098972
94120,0.021216,0.016557,0.105868
94130,0.020020,0.015503,0.108079
94140,0.031782,0.024744,0.119238
94150,0.004972,0.003840,0.040006
94160,0.017281,0.013464,0.078807
94170,0.027296,0.020710,0.120852
94180,0.010073,0.007168,0.077602
94190,0.016243,0.012211,0.080106
94200,0.020364,0.015817,0.112177
94210,0.022607,0.017958,0.106569
94220,0.008233,0.006593,0.079164
94230,0.013879,0.010898,0.092556
94240,0.014078,0.010730,0.056981
94250,0.010256,0.007769,0.086717
94260,0.023144,0.018013,0.093973
94270,0.014313,0.011614,0.098289
94280,0.024887,0.019076,0.106316
94290,0.023184,0.017904,0.120084
94300,0.019288,0.014509,0.104990
94310,0.004762,0.003929,0.090909
94320,0.018712,0.015066,0.105205
94330,0.024107,0.018082,0.125920
94340,0.001246,0.000942,0.028168
94350,0.018443,0.014352,0.089511
94360,0.022042,0.017070,0.111294
94370,0.029217,0.022354,0.132427
94380,0.003444,0.002455,0.054950
94390,0.027260,0.021215,0.129689
94400,0.027129,0.020282,0.125150
94410,0.024254,0.018984,0.120366
94420,0.016937,0.013258,0.105260
94430,0.026525,0.020451,0.126973
94440,0.010203,0.007771,0.080800
94450,0.014456,0.011123,0.106229
94460,0.031977,0.024484,0.144229
94470,0.014178,0.011071,0.093923
94480,0.030686,0.023598,0.135859
94490,0.021480,0.016300,0.108616
94500,0.013162,0.010393,0.072100
94510,0.030229,0.023647,0.140711
94520,0.029292,0.022778,0.129319
94530,0.020961,0.016225,0.083597
94540,0.011190,0.008808,0.056641
94550,0.026308,0.019915,0.124133
94560,0.005155,0.003551,0.095170
94570,0.021842,0.017046,0.099584
94580,0.017833,0.013917,0.108148
94590,0.013827,0.010273,0.076913
94600,0.003506,0.002385,0.086476
94610,0.008448,0.006279,0.059070
94620,0.028648,0.022708,0.137213
94630,0.036112,0.027747,0.151709
94640,0.006575,0.004687,0.061640
94650,0.012043,0.008951,0.100105
94660,0.021370,0.016243,0.112725
94670,0.022957,0.017452,0.110575
94680,0.012952,0.010070,0.082542
94690,0.016829,0.013295,0.075242
94700,0.012701,0.009705,0.098464
94710,0.008565,0.007065,0.045599
94720,0.017292,0.013568,0.099280
94730,0.023057,0.017751,0.108520
94740,0.013962,0.011439,0.056706
94750,0.015640,0.012288,0.091482
94760,0.024667,0.019434,0.119491
94770,0.025483,0.020142,0.113850
94780,0.038346,0.030343,0.155343
94790,0.005492,0.004503,0.037925
94800,0.003090,0.002078,0.067446
94810,0.018404,0.014322,0.102665
94820,0.024984,0.019521,0.115640
94830,0.027587,0.021457,0.122306
94840,0.035197,0.026938,0.142989
94850,0.004839,0.003397,0.077753
94860,0.010915,0.008278,0.074824
94870,0.000000,0.000001,0.000002
94880,0.006008,0.004297,0.068385
94890,0.010373,0.007765,0.083695
94900,0.013192,0.011038,0.074620
94910,0.021029,0.016544,0.113054
94920,0.028251,0.021653,0.125637
94930,0.005668,0.004355,0.084900
94940,0.020573,0.016187,0.123289
94950,0.016439,0.012704,0.101796
94960,0.032234,0.025081,0.124247
94970,0.007225,0.005309,0.047637
94980,0.008578,0.006632,0.074282
94990,0.007903,0.006061,0.055536
95000,0.012365,0.009209,0.063580
95010,0.018519,0.014137,0.099296
95020,0.016150,0.012421,0.106710
95030,0.005587,0.003692,0.147252
95040,0.019330,0.014816,0.099164
95050,0.030084,0.023463,0.129633
95060,0.001014,0.000809,0.012054
95070,0.008087,0.005675,0.062367
95080,0.022470,0.017409,0.092706
95090,0.025435,0.019433,0.119961
95100,0.017172,0.012522,0.085616
95110,0.018249,0.014322,0.102149
95120,0.029654,0.022843,0.137619
95130,0.016961,0.012896,0.102629
95140,0.021191,0.016990,0.112126
95150,0.019991,0.015187,0.106306
95160,0.010471,0.007741,0.079425
95170,0.018394,0.013993,0.077214
95180,0.014297,0.011396,0.087859
95190,0.002505,0.001742,0.079265
95200,0.013373,0.010121,0.096712
95210,0.029458,0.022972,0.127729
95220,0.016716,0.013063,0.079785
95230,0.021918,0.017526,0.108089
95240,0.010570,0.008013,0.081676
95250,0.021388,0.016633,0.113638
95260,0.026856,0.020966,0.124975
95270,0.030495,0.024241,0.127117
95280,0.025946,0.020038,0.134236
95290,0.030670,0.023731,0.123384
95300,0.019345,0.015279,0.103859
95310,0.017348,0.012943,0.090477
95320,0.025755,0.020676,0.122382
95330,0.024111,0.019408,0.118940
95340,0.020497,0.015868,0.112347
95350,0.001136,0.000758,0.079652
95360,0.021133,0.016209,0.120198
95370,0.029331,0.022781,0.127528
95380,0.017159,0.013440,0.092420
95390,0.025853,0.020080,0.116968
95400,0.015652,0.012089,0.080314
95410,0.021586,0.016703,0.093313
95420,0.025787,0.020218,0.115664
95430,0.015061,0.011550,0.066364
95440,0.015452,0.011758,0.090350
95450,0.046410,0.036008,0.168959
95460,0.023808,0.018154,0.123562
95470,0.016363,0.012637,0.087580
95480,0.027610,0.022013,0.125464
95490,0.029963,0.023197,0.138554
95500,0.014406,0.011261,0.084531
95510,0.010714,0.008541,0.057503
95520,0.013670,0.010379,0.085501
95530,0.011048,0.008203,0.085074
95540,0.026281,0.020469,0.120919
95550,0.027691,0.021333,0.126093
95560,0.026684,0.020161,0.131165
95570,0.003102,0.002127,0.064004
95580,0.029132,0.022393,0.138235
95590,0.009733,0.007391,0.080913
95600,0.008001,0.006264,0.043979
95610,0.012469,0.009643,0.099238
95620,0.003932,0.002872,0.049283
95630,0.011025,0.008389,0.060156
95640,0.008708,0.006664,0.072003
95650,0.004036,0.002937,0.070294
95660,0.013018,0.009609,0.095837
95670,0.033037,0.025688,0.139213
95680,0.023923,0.018777,0.115951
95690,0.023098,0.017752,0.107138
95700,0.019577,0.014810,0.096779
95710,0.010806,0.008637,0.058151
95720,0.014093,0.010702,0.069907
95730,0.014062,0.011031,0.076713
95740,0.015204,0.011750,0.098729
95750,0.046986,0.036238,0.163158
95760,0.021658,0.016872,0.108833
95770,0.017923,0.014290,0.103932
95780,0.020305,0.015799,0.087683
95790,0.017813,0.013654,0.101474
95800,0.014105,0.010913,0.073017
95810,0.030387,0.023826,0.125426
95820,0.006563,0.004493,0.074084
95830,0.020962,0.016725,0.113883
95840,0.012496,0.009906,0.080335
95850,0.009238,0.007078,0.072403
95860,0.013125,0.009874,0.093759
95870,0.014375,0.010709,0.087509
95880,0.027041,0.021052,0.122060
95890,0.029122,0.022813,0.121265
95900,0.018519,0.014518,0.099762
95910,0.026547,0.020688,0.123468
95920,0.002479,0.002477,0.023783
95930,0.011303,0.008188,0.087947
95940,0.015715,0.012360,0.090211
95950,0.004212,0.002876,0.087984
95960,0.022428,0.016904,0.109817
95970,0.011152,0.008681,0.082363
95980,0.017559,0.013388,0.105876
95990,0.010497,0.007634,0.082437
96000,0.014024,0.010921,0.067454
96010,0.009289,0.006797,0.084725
96020,0.016088,0.012166,0.084237
96030,0.016128,0.012125,0.103526
96040,0.033120,0.025940,0.148305
96050,0.019645,0.015111,0.107404
96060,0.015186,0.011732,0.086105
96070,0.020927,0.016329,0.101074
96080,0.004232,0.003118,0.098560
96090,0.023201,0.018749,0.122360
96100,0.012128,0.009419,0.076197
96110,0.027398,0.021624,0.118281
96120,0.011347,0.008517,0.084299
96130,0.028398,0.021996,0.108170
96140,0.014071,0.011165,0.081095
96150,0.003575,0.002846,0.023636
96160,0.026199,0.020392,0.115453
96170,0.033899,0.025809,0.141503
96180,0.022981,0.018220,0.109205
96190,0.008373,0.006292,0.090829
96200,0.030702,0.023729,0.132612
96210,0.014882,0.011242,0.096270
96220,0.009403,0.007089,0.152853
96230,0.037935,0.029135,0.148618
96240,0.006990,0.005205,0.078911
96250,0.021685,0.016678,0.112842
96260,0.018389,0.014435,0.102082
96270,0.004860,0.003378,0.076346
96280,0.023950,0.018617,0.123594
96290,0.019138,0.014711,0.102156
96300,0.015980,0.012420,0.099500
96310,0.019054,0.015033,0.102967
96320,0.020673,0.016033,0.111876
96330,0.000659,0.000460,0.027937
96340,0.019628,0.015302,0.084059
96350,0.034548,0.026785,0.140354
96360,0.016541,0.012759,0.090303
96370,0.014626,0.011450,0.094313
96380,0.024127,0.019037,0.106368
96390,0.014298,0.010831,0.070093
96400,0.020771,0.015689,0.105429
96410,0.028447,0.021668,0.113948
96420,0.021040,0.016055,0.106282
96430,0.018266,0.013885,0.120255
96440,0.011394,0.008266,0.099186
96450,0.021169,0.016332,0.093214
96460,0.024218,0.018944,0.103579
96470,0.018558,0.014586,0.116178
96480,0.001871,0.001420,0.016418
96490,0.030063,0.025660,0.122284
96500,0.020800,0.015764,0.107735
96510,0.021834,0.016336,0.126993
96520,0.020850,0.016443,0.103795
96530,0.030692,0.023613,0.124494
96540,0.016179,0.012721,0.078759
96550,0.012301,0.009261,0.088770
96560,0.002972,0.002331,0.041220
96570,0.020046,0.015790,0.087099
96580,0.018839,0.014582,0.093203
96590,0.008503,0.006521,0.098754
96600,0.017764,0.013763,0.092143
96610,0.016502,0.012515,0.098259
96620,0.008006,0.006498,0.050022
96630,0.026852,0.020469,0.120138
96640,0.012834,0.009718,0.064755
96650,0.017616,0.013555,0.105820
96660,0.023445,0.018162,0.109724
96670,0.013328,0.009874,0.097801
96680,0.009934,0.007738,0.085818
96690,0.025856,0.020248,0.115457
96700,0.005948,0.004560,0.036909
96710,0.026232,0.020356,0.109684
96720,0.024324,0.018939,0.090856
96730,0.030653,0.023875,0.136891
96740,0.013701,0.010235,0.109560
96750,0.012476,0.009586,0.090881
96760,0.018539,0.014012,0.098719
96770,0.033748,0.025358,0.143553
96780,0.022938,0.017227,0.112918
96790,0.013338,0.010306,0.078672
96800,0.022585,0.017516,0.112783
96810,0.019892,0.015488,0.096821
96820,0.020056,0.015870,0.094715
96830,0.010080,0.007797,0.060027
96840,0.015042,0.011373,0.088039
96850,0.021560,0.015344,0.129362
96860,0.020745,0.016137,0.102947
96870,0.001857,0.001666,0.054237
96880,0.015965,0.011783,0.098553
96890,0.011111,0.008795,0.066990
96900,0.019195,0.015215,0.092490
96910,0.005983,0.004529,0.068573
96920,0.019487,0.015573,0.099467
96930,0.032966,0.025280,0.135227
96940,0.025029,0.019355,0.116595
96950,0.001442,0.001041,0.108114
96960,0.006765,0.005251,0.037632
96970,0.030875,0.023299,0.148591
96980,0.025470,0.020202,0.128966
96990,0.014340,0.010703,0.096852
97000,0.015553,0.011662,0.086614
97010,0.022902,0.017693,0.111810
97020,0.013131,0.010444,0.057027
97030,0.026738,0.021291,0.123234
97040,0.019454,0.015265,0.096895
97050,0.017881,0.013612,0.095242
97060,0.016209,0.012256,0.096264
97070,0.019115,0.014727,0.105908
97080,0.015815,0.011624,0.089148
97090,0.034396,0.027012,0.145754
97100,0.024651,0.018657,0.122043
97110,0.021302,0.016275,0.112827
97120,0.042841,0.032732,0.161874
97130,0.032457,0.025686,0.143352
97140,0.020469,0.015182,0.114990
97150,0.022788,0.017879,0.094812
97160,0.017172,0.013281,0.092879
97170,0.027936,0.022059,0.117565
97180,0.020885,0.016614,0.100757
97190,0.006202,0.004711,0.050323
97200,0.024524,0.018655,0.103465
97210,0.025482,0.019361,0.134201
97220,0.004339,0.003256,0.032806
97230,0.016254,0.012511,0.076617
97240,0.018225,0.013806,0.108725
97250,0.019723,0.015215,0.110215
97260,0.020223,0.015804,0.082196
97270,0.028951,0.022609,0.129968
97280,0.010912,0.008523,0.051590
97290,0.001084,0.000649,0.058932
97300,0.022323,0.017917,0.107699
97310,0.019608,0.014995,0.110434
97320,0.015143,0.011764,0.068081
97330,0.027916,0.021608,0.129983
97340,0.019062,0.014546,0.100783
97350,0.019981,0.016323,0.106518
97360,0.022835,0.017407,0.111751
97370,0.038963,0.029826,0.153911
97380,0.016645,0.012688,0.081045
97390,0.028899,0.022404,0.118107
97400,0.036988,0.028965,0.144290
97410,0.016540,0.012811,0.105063
97420,0.019601,0.015127,0.103543
97430,0.019724,0.015273,0.105425
97440,0.012136,0.008987,0.098354
97450,0.019867,0.015266,0.090469
97460,0.016831,0.013049,0.092499
97470,0.032982,0.025591,0.138912
97480,0.016521,0.012591,0.090065
97490,0.010431,0.007864,0.077262
97500,0.019175,0.014785,0.103667
97510,0.014629,0.011379,0.080987
97520,0.016724,0.012843,0.116126
97530,0.009251,0.007085,0.066179
97540,0.025501,0.019466,0.122812
97550,0.020978,0.016018,0.116008
97560,0.022644,0.017832,0.106630
97570,0.008003,0.006051,0.075904
97580,0.008797,0.006265,0.077586
97590,0.020006,0.016029,0.119666
97600,0.012622,0.009999,0.085218
97610,0.019582,0.014990,0.103612
97620,0.012866,0.010133,0.068642
97630,0.016156,0.012548,0.069221
97640,0.021015,0.016576,0.099045
97650,0.018369,0.013914,0.099637
97660,0.025451,0.020028,0.116205
97670,0.004583,0.003570,0.035471
97680,0.012548,0.009792,0.055907
97690,0.009436,0.007029,0.059637
97700,0.030220,0.023624,0.132876
97710,0.009827,0.007291,0.080641
97720,0.006605,0.005389,0.057315
97730,0.012863,0.009878,0.090471
97740,0.019443,0.015140,0.086673
97750,0.015549,0.011870,0.095735
97760,0.042253,0.032514,0.160871
97770,0.030203,0.023461,0.139443
97780,0.009383,0.007271,0.075505
97790,0.024722,0.019488,0.112873
97800,0.017263,0.013448,0.096339
97810,0.027731,0.021405,0.127604
97820,0.014657,0.011143,0.093403
97830,0.005628,0.004162,0.063883
97840,0.000395,0.000348,0.077402
97850,0.019216,0.014965,0.091038
97860,0.006143,0.004829,0.074721
97870,0.019665,0.015144,0.084613
97880,0.021100,0.016250,0.090706
97890,0.020184,0.015622,0.095227
97900,0.021199,0.015691,0.093210
97910,0.019207,0.014683,0.106142
97920,0.018768,0.014738,0.105910
97930,0.013586,0.010739,0.100402
97940,0.019503,0.014920,0.086307
97950,0.022092,0.016936,0.107748
97960,0.017285,0.012991,0.087084
97970,0.000629,0.000466,0.043567
97980,0.021850,0.016775,0.117921
97990,0.018405,0.014552,0.085619
98000,0.002814,0.002006,0.081223
98010,0.024107,0.018537,0.115156
98020,0.030176,0.023341,0.127587
98030,0.030625,0.023538,0.133720
98040,0.032090,0.025810,0.135702
98050,0.017006,0.012843,0.091696
98060,0.014657,0.011657,0.085830
98070,0.023098,0.017991,0.119605
98080,0.018258,0.014328,0.077667
98090,0.029653,0.023045,0.130224
98100,0.021564,0.016869,0.113655
98110,0.022397,0.017387,0.110041
98120,0.013856,0.010378,0.092918
98130,0.029674,0.022544,0.128145
98140,0.025183,0.019581,0.105440
98150,0.031590,0.024709,0.132943
98160,0.014048,0.010689,0.081280
98170,0.017090,0.012969,0.107858
98180,0.023413,0.018201,0.133494
98190,0.022730,0.017416,0.096595
98200,0.011637,0.008495,0.086526
98210,0.018480,0.014382,0.098861
98220,0.007811,0.005860,0.051533
98230,0.007730,0.005274,0.096085
98240,0.033226,0.025618,0.136605
98250,0.004347,0.004278,0.069510
98260,0.029665,0.023070,0.126369
98270,0.009554,0.007170,0.051475
98280,0.021236,0.016330,0.094141
98290,0.022972,0.017811,0.118367
98300,0.013475,0.010838,0.087861
98310,0.023856,0.018291,0.114023
98320,0.016478,0.012785,0.099395
98330,0.012788,0.009779,0.091157
98340,0.027633,0.021709,0.125331
98350,0.010233,0.007805,0.076956
98360,0.012660,0.009518,0.082290
98370,0.008689,0.006469,0.078591
98380,0.008028,0.005968,0.086288
98390,0.031263,0.024446,0.131850
98400,0.040598,0.031147,0.161087
98410,0.017344,0.013301,0.097615
98420,0.020307,0.015721,0.091996
98430,0.019126,0.014804,0.109698
98440,0.030538,0.023066,0.138413
98450,0.018685,0.014071,0.113796
98460,0.031181,0.024394,0.139538
98470,0.007952,0.006183,0.061295
98480,0.021640,0.016559,0.110052
98490,0.014793,0.011183,0.106824
98500,0.020934,0.016595,0.101680
98510,0.005098,0.003827,0.103192
98520,0.010079,0.007505,0.079662
98530,0.024970,0.018941,0.119195
98540,0.016597,0.012692,0.076505
98550,0.015362,0.011903,0.085908
98560,0.005840,0.004634,0.100283
98570,0.005583,0.004053,0.066198
98580,0.015091,0.011966,0.090478
98590,0.002851,0.002054,0.038766
98600,0.022429,0.017045,0.107257
98610,0.038386,0.029808,0.157475
98620,0.022247,0.017315,0.087449
98630,0.003583,0.002663,0.056085
98640,0.021417,0.017117,0.113365
98650,0.021984,0.016619,0.111939
98660,0.017821,0.013839,0.098173
98670,0.003864,0.002998,0.072024
98680,0.019167,0.014865,0.090771
98690,0.023119,0.016764,0.111935
98700,0.009945,0.007625,0.085781
98710,0.015702,0.012033,0.077305
98720,0.000001,0.000001,0.000003
98730,0.023169,0.018248,0.113739
98740,0.018083,0.013551,0.100223
98750,0.026423,0.020366,0.112894
98760,0.007597,0.005724,0.035566
98770,0.008319,0.006256,0.069833
98780,0.015580,0.011763,0.072660
98790,0.025037,0.019580,0.109683
98800,0.023670,0.018688,0.109179
98810,0.014741,0.011022,0.089475
98820,0.005884,0.004246,0.083544
98830,0.003373,0.002385,0.070028
98840,0.019895,0.015473,0.113259
98850,0.011493,0.009266,0.090487
98860,0.015475,0.012103,0.107343
98870,0.006542,0.005136,0.039689
98880,0.006768,0.005097,0.097169
98890,0.006406,0.004853,0.039032
98900,0.029152,0.022771,0.113441
98910,0.025642,0.019704,0.122716
98920,0.012395,0.009198,0.085148
98930,0.028124,0.022033,0.129402
98940,0.013305,0.010209,0.094199
98950,0.023620,0.018265,0.117633
98960,0.020668,0.016102,0.089444
98970,0.025850,0.020131,0.096623
98980,0.017382,0.012252,0.180444
98990,0.021193,0.016269,0.103112
99000,0.029668,0.023070,0.131335
99010,0.024079,0.018708,0.104172
99020,0.018778,0.014709,0.102898
99030,0.004412,0.003026,0.030368
99040,0.008591,0.006720,0.045539
99050,0.022337,0.017632,0.100836
99060,0.014333,0.010790,0.088974
99070,0.010362,0.007728,0.065929
99080,0.009402,0.007131,0.079444
99090,0.007407,0.005198,0.074876
99100,0.016151,0.012543,0.082003
99110,0.011697,0.009271,0.070304
99120,0.014403,0.011409,0.103010
99130,0.013241,0.010318,0.070292
99140,0.019608,0.015050,0.085641
99150,0.010858,0.007954,0.073881
99160,0.024687,0.019087,0.116819
99170,0.009606,0.007293,0.080561
99180,0.024275,0.019155,0.118572
99190,0.012307,0.008850,0.101640
99200,0.023253,0.018535,0.112539
99210,0.033380,0.026061,0.141608
99220,0.025568,0.020056,0.114062
99230,0.008385,0.006206,0.063456
99240,0.029543,0.022527,0.127752
99250,0.016895,0.012239,0.101113
99260,0.019357,0.015565,0.088463
99270,0.020931,0.016563,0.102078
99280,0.019244,0.014499,0.103817
99290,0.027770,0.021692,0.126402
99300,0.017007,0.012851,0.095373
99310,0.023348,0.017892,0.119305
99320,0.004950,0.003911,0.052544
99330,0.011747,0.008611,0.080137
99340,0.005622,0.004230,0.034514
99350,0.037294,0.028831,0.146241
99360,0.023556,0.018325,0.106510
99370,0.024696,0.020360,0.118657
99380,0.023757,0.017987,0.093821
99390,0.017929,0.013972,0.101402
99400,0.013257,0.009913,0.089240
99410,0.014119,0.011377,0.072981
99420,0.015514,0.012253,0.100696
99430,0.035836,0.028080,0.151370
99440,0.021925,0.016849,0.112519
99450,0.017198,0.012638,0.100547
99460,0.028505,0.022301,0.126730
99470,0.019099,0.015541,0.103013
99480,0.014309,0.011192,0.103553
99490,0.015079,0.011199,0.102546
99500,0.029035,0.022438,0.127977
99510,0.007113,0.005360,0.060423
99520,0.000234,0.000233,0.189725
99530,0.021389,0.016341,0.117989
99540,0.031118,0.024471,0.129702
99550,0.017948,0.013440,0.115160
99560,0.011816,0.008682,0.079681
99570,0.024877,0.018848,0.124182
99580,0.011823,0.008853,0.068426
99590,0.011617,0.009120,0.072582
99600,0.015722,0.012091,0.094910
99610,0.021163,0.016133,0.108532
99620,0.019359,0.014759,0.079724
99630,0.033761,0.026285,0.130457
99640,0.009338,0.007134,0.084046
99650,0.027715,0.022268,0.117888
99660,0.010436,0.007967,0.104570
99670,0.020015,0.015530,0.114516
99680,0.010569,0.007655,0.085203
99690,0.037282,0.028278,0.146100
99700,0.023099,0.017984,0.123912
99710,0.023736,0.017800,0.137801
99720,0.015833,0.012314,0.116828
99730,0.012176,0.009524,0.059043
99740,0.009337,0.006830,0.070906
99750,0.032037,0.024836,0.132884
99760,0.010713,0.007941,0.079652
99770,0.040990,0.031515,0.165913
99780,0.005470,0.004306,0.051191
99790,0.009587,0.007808,0.066463
99800,0.022467,0.017331,0.114212
99810,0.008772,0.006711,0.073053
99820,0.011455,0.008724,0.090860
99830,0.025987,0.020308,0.119963
99840,0.012271,0.009947,0.053800
99850,0.013409,0.010387,0.083300
99860,0.013366,0.010615,0.061002
99870,0.031379,0.024797,0.130059
99880,0.027576,0.021302,0.136872
99890,0.013838,0.010684,0.087380
99900,0.019059,0.014202,0.106151
99910,0.016857,0.012997,0.094897
99920,0.016118,0.012113,0.094696
99930,0.017235,0.013058,0.106963
99940,0.035741,0.027992,0.141759
99950,0.011225,0.008747,0.049431
99960,0.012008,0.009620,0.063048
99970,0.027599,0.020401,0.133204
99980,0.002219,0.001646,0.081782
99990,0.023907,0.018792,0.111518
100000,0.014751,0.011485,0.085351
