iter,ce_loss,ds_loss,final_loss
10,0.654946,0.296728,1.676654
20,0.147531,0.095410,0.793211
30,0.214698,0.167418,0.959186
40,0.231313,0.213198,0.998427
50,0.069798,0.043092,0.548065
60,0.203481,0.118237,0.701567
70,0.346774,0.217088,1.014646
80,0.114740,0.085947,0.584283
90,0.080219,0.053384,0.447698
100,0.100479,0.071599,0.481782
110,0.056981,0.038646,0.477368
120,0.074605,0.055531,0.414113
130,0.095514,0.051440,0.469713
140,0.128523,0.090655,0.550271
150,0.073935,0.056303,0.513389
160,0.033544,0.024849,0.267386
170,0.067961,0.051482,0.483962
180,0.071674,0.052254,0.358569
190,0.076714,0.056268,0.380292
200,0.090890,0.067895,0.412391
210,0.084458,0.061667,0.449376
220,0.049804,0.034907,0.314231
230,0.062595,0.049235,0.319404
240,0.062208,0.040293,0.348725
250,0.070277,0.049967,0.340974
260,0.085498,0.070453,0.373495
270,0.075108,0.062544,0.344366
280,0.048272,0.035482,0.280368
290,0.046504,0.034892,0.222289
300,0.077301,0.061099,0.328801
310,0.074618,0.061431,0.360896
320,0.054237,0.041067,0.297689
330,0.031644,0.022545,0.269623
340,0.061703,0.046726,0.286427
350,0.087058,0.065458,0.415917
360,0.023405,0.017547,0.196517
370,0.022144,0.017245,0.334546
380,0.057720,0.043414,0.271109
390,0.093572,0.079650,0.372780
400,0.109958,0.080031,0.430143
410,0.070207,0.057836,0.307918
420,0.040871,0.031061,0.267667
430,0.195347,0.156626,0.601414
440,0.047328,0.038563,0.277077
450,0.051223,0.038551,0.296808
460,0.065665,0.048524,0.332729
470,0.081114,0.061888,0.368523
480,0.070417,0.057420,0.315655
490,0.032309,0.025642,0.155566
500,0.022013,0.017412,0.214119
510,0.049655,0.039695,0.265281
520,0.059108,0.044780,0.373108
530,0.028793,0.027354,0.218875
540,0.042657,0.035754,0.221824
550,0.027532,0.024551,0.231056
560,0.083508,0.064416,0.320490
570,0.055163,0.042094,0.249898
580,0.017076,0.013990,0.182255
590,0.057682,0.043324,0.261389
600,0.031945,0.023759,0.242818
610,0.045891,0.034796,0.307909
620,0.018339,0.013844,0.192158
630,0.062825,0.045936,0.268448
640,0.017449,0.015327,0.188820
650,0.043328,0.031715,0.218082
660,0.024737,0.021525,0.204989
670,0.022435,0.015374,0.176558
680,0.042753,0.030790,0.232736
690,0.043522,0.033705,0.251321
700,0.081183,0.060620,0.310813
710,0.044279,0.034355,0.235964
720,0.042331,0.030685,0.257671
730,0.072931,0.059014,0.308699
740,0.040448,0.032286,0.219676
750,0.065224,0.046230,0.274839
760,0.084226,0.066129,0.308720
770,0.063767,0.052996,0.287187
780,0.062086,0.058635,0.302179
790,0.014417,0.011134,0.160602
800,0.034694,0.024689,0.201775
810,0.045543,0.034080,0.244036
820,0.040515,0.029656,0.212050
830,0.019756,0.015002,0.277039
840,0.077192,0.058247,0.307428
850,0.093973,0.080357,0.354954
860,0.018815,0.015133,0.202180
870,0.074986,0.056435,0.292434
880,0.033926,0.025747,0.202605
890,0.091371,0.071865,0.345185
900,0.072010,0.057779,0.284667
910,0.037363,0.027310,0.243575
920,0.024825,0.018600,0.185460
930,0.057331,0.044361,0.263645
940,0.062833,0.047587,0.303203
950,0.012538,0.009255,0.199087
960,0.018683,0.014917,0.150516
970,0.052429,0.038585,0.249879
980,0.041052,0.029846,0.229546
990,0.028789,0.021730,0.187831
1000,0.057129,0.040963,0.272543
1010,0.079183,0.059293,0.316518
1020,0.024247,0.019136,0.179258
1030,0.107975,0.077954,0.362885
1040,0.067123,0.052906,0.269819
1050,0.062878,0.049252,0.257715
1060,0.065069,0.050816,0.278862
1070,0.022147,0.015653,0.209782
1080,0.048094,0.031818,0.220156
1090,0.009837,0.007960,0.158544
1100,0.030076,0.023945,0.313454
1110,0.019849,0.014753,0.151222
1120,0.050657,0.038709,0.237704
1130,0.088663,0.062875,0.354519
1140,0.044293,0.033561,0.267678
1150,0.042436,0.034136,0.250487
1160,0.016928,0.014751,0.294649
1170,0.012843,0.010854,0.156900
1180,0.038084,0.028042,0.280863
1190,0.034852,0.029422,0.206189
1200,0.029726,0.022991,0.185207
1210,0.034818,0.026232,0.200293
1220,0.072208,0.055520,0.288522
1230,0.036695,0.027061,0.200572
1240,0.075155,0.056246,0.323104
1250,0.054921,0.041076,0.229648
1260,0.041917,0.033226,0.215275
1270,0.065217,0.049075,0.257340
1280,0.057516,0.046999,0.278380
1290,0.062917,0.048817,0.251617
1300,0.035804,0.026882,0.241124
1310,0.065844,0.049929,0.270743
1320,0.067103,0.049962,0.285939
1330,0.045367,0.032604,0.200309
1340,0.029507,0.022038,0.200782
1350,0.048271,0.037570,0.219058
1360,0.039860,0.031725,0.157123
1370,0.066213,0.049447,0.284767
1380,0.032399,0.024094,0.197905
1390,0.076641,0.052161,0.321536
1400,0.055357,0.043073,0.256624
1410,0.035189,0.024470,0.224275
1420,0.023181,0.016317,0.185890
1430,0.023502,0.017204,0.189743
1440,0.019754,0.016465,0.252735
1450,0.027951,0.020950,0.168817
1460,0.029058,0.020990,0.126778
1470,0.027401,0.021491,0.169278
1480,0.044678,0.034074,0.220737
1490,0.045378,0.035116,0.219118
1500,0.106506,0.084608,0.363285
1510,0.044811,0.032888,0.236788
1520,0.006439,0.005547,0.049672
1530,0.029881,0.022512,0.169180
1540,0.037637,0.028859,0.185908
1550,0.043010,0.033885,0.229558
1560,0.047869,0.036839,0.212100
1570,0.050962,0.035599,0.262717
1580,0.009487,0.007431,0.217288
1590,0.009523,0.007171,0.182150
1600,0.001028,0.000893,0.218609
1610,0.037253,0.027971,0.193712
1620,0.034261,0.026229,0.188874
1630,0.044858,0.035113,0.226549
1640,0.014776,0.011379,0.211586
1650,0.049929,0.039678,0.225434
1660,0.043214,0.032892,0.180394
1670,0.022197,0.017381,0.182337
1680,0.001960,0.001687,0.111086
1690,0.024586,0.019232,0.197416
1700,0.017265,0.014019,0.156255
1710,0.038766,0.030047,0.193806
1720,0.022036,0.017273,0.106029
1730,0.082831,0.061089,0.294128
1740,0.042352,0.032263,0.172348
1750,0.031537,0.025130,0.178369
1760,0.090471,0.065525,0.289509
1770,0.042641,0.033424,0.228582
1780,0.021155,0.017353,0.179177
1790,0.021582,0.016120,0.154203
1800,0.000069,0.000113,0.000318
1810,0.034353,0.026695,0.178898
1820,0.066424,0.050863,0.270931
1830,0.031921,0.023950,0.177996
1840,0.029079,0.022362,0.176079
1850,0.013641,0.010189,0.087886
1860,0.011770,0.008969,0.109676
1870,0.058456,0.044452,0.252722
1880,0.036685,0.026488,0.183791
1890,0.040089,0.030869,0.196364
1900,0.033697,0.024898,0.238940
1910,0.017145,0.012721,0.112791
1920,0.050430,0.038818,0.209489
1930,0.058190,0.044938,0.249935
1940,0.004240,0.003608,0.138301
1950,0.042629,0.032713,0.222899
1960,0.032954,0.024380,0.186708
1970,0.023133,0.017248,0.134047
1980,0.029701,0.022410,0.171743
1990,0.048573,0.037784,0.229559
2000,0.035749,0.027976,0.197939
2010,0.030328,0.022114,0.176404
2020,0.012075,0.009442,0.118072
2030,0.077184,0.057414,0.284438
2040,0.014307,0.011233,0.096185
2050,0.008133,0.006905,0.117809
2060,0.009219,0.007079,0.092568
2070,0.052775,0.040514,0.221407
2080,0.064719,0.048313,0.254355
2090,0.029417,0.023059,0.166322
2100,0.038817,0.031254,0.158909
2110,0.036989,0.027842,0.188894
2120,0.022481,0.016720,0.247016
2130,0.044863,0.034871,0.214275
2140,0.083928,0.056896,0.328762
2150,0.029495,0.022313,0.166802
2160,0.067461,0.049447,0.258741
2170,0.049617,0.038205,0.226404
2180,0.032841,0.024416,0.175994
2190,0.029695,0.021802,0.171297
2200,0.059521,0.043489,0.245452
2210,0.103437,0.073709,0.322853
2220,0.053877,0.042834,0.226489
2230,0.040301,0.029680,0.207948
2240,0.036121,0.025381,0.171050
2250,0.080606,0.054772,0.348605
2260,0.038784,0.028507,0.190493
2270,0.024720,0.018441,0.145427
2280,0.014285,0.011231,0.073077
2290,0.054965,0.042917,0.244517
2300,0.023811,0.018820,0.138654
2310,0.044594,0.033683,0.214959
2320,0.036420,0.027466,0.191370
2330,0.043633,0.033190,0.205483
2340,0.042095,0.030516,0.201232
2350,0.050210,0.038329,0.233408
2360,0.085837,0.050150,0.412004
2370,0.013968,0.010398,0.132671
2380,0.072295,0.055745,0.281247
2390,0.040624,0.031805,0.193449
2400,0.032037,0.024122,0.153942
2410,0.041433,0.031523,0.202643
2420,0.099782,0.076253,0.330724
2430,0.041789,0.030726,0.221734
2440,0.035581,0.026662,0.189555
2450,0.046243,0.034597,0.224995
2460,0.021725,0.017349,0.184364
2470,0.036242,0.026735,0.173239
2480,0.034198,0.025702,0.201100
2490,0.044099,0.032840,0.217596
2500,0.055329,0.041124,0.238064
2510,0.037492,0.028185,0.210261
2520,0.009756,0.007371,0.113011
2530,0.044224,0.032968,0.211713
2540,0.004150,0.003054,0.079508
2550,0.039733,0.029177,0.170756
2560,0.023104,0.017342,0.172679
2570,0.051805,0.039549,0.226548
2580,0.026280,0.019867,0.156516
2590,0.073623,0.056387,0.281110
2600,0.053595,0.042757,0.210152
2610,0.070327,0.055663,0.281868
2620,0.015706,0.011400,0.129990
2630,0.037839,0.029046,0.210780
2640,0.044214,0.032692,0.216520
2650,0.021582,0.017327,0.134150
2660,0.035915,0.027359,0.188516
2670,0.095557,0.071908,0.330874
2680,0.028426,0.023281,0.138192
2690,0.064960,0.043587,0.278723
2700,0.069960,0.054111,0.263839
2710,0.037905,0.028159,0.214912
2720,0.018650,0.014007,0.235430
2730,0.032483,0.024590,0.179932
2740,0.055770,0.041922,0.209042
2750,0.033582,0.024499,0.177228
2760,0.004217,0.003263,0.116979
2770,0.033023,0.024429,0.237522
2780,0.018788,0.013717,0.162074
2790,0.034987,0.026711,0.183120
2800,0.072244,0.052572,0.284002
2810,0.054158,0.042004,0.237107
2820,0.039359,0.028066,0.225101
2830,0.011212,0.008694,0.131312
2840,0.024730,0.021556,0.146841
2850,0.034036,0.024880,0.178528
2860,0.030189,0.022506,0.162143
2870,0.050989,0.038769,0.213084
2880,0.018198,0.014672,0.138628
2890,0.018321,0.014202,0.204203
2900,0.036641,0.027467,0.184384
2910,0.037183,0.028039,0.171712
2920,0.046952,0.035259,0.199371
2930,0.040345,0.029332,0.187959
2940,0.047666,0.036127,0.227109
2950,0.074270,0.057514,0.270340
2960,0.054513,0.040938,0.228687
2970,0.063553,0.048445,0.248485
2980,0.042013,0.031598,0.233468
2990,0.082610,0.063450,0.300228
3000,0.032751,0.024711,0.181508
3010,0.057535,0.044406,0.256544
3020,0.019537,0.013421,0.159912
3030,0.016844,0.012686,0.145335
3040,0.065335,0.048944,0.269571
3050,0.039317,0.030946,0.179753
3060,0.076999,0.046638,0.237516
3070,0.056109,0.043487,0.229639
3080,0.068804,0.053718,0.267288
3090,0.032693,0.023502,0.211830
3100,0.037348,0.028639,0.188441
3110,0.062290,0.046759,0.247264
3120,0.036182,0.027306,0.184265
3130,0.032763,0.024048,0.169012
3140,0.038016,0.028579,0.198586
3150,0.054887,0.041065,0.233570
3160,0.035609,0.026513,0.173386
3170,0.035993,0.027287,0.142674
3180,0.043737,0.034088,0.195272
3190,0.035633,0.028582,0.166034
3200,0.032224,0.025812,0.181585
3210,0.037728,0.027612,0.191724
3220,0.022377,0.017373,0.153558
3230,0.027954,0.020961,0.150656
3240,0.043867,0.032921,0.187668
3250,0.047018,0.036101,0.231594
3260,0.032237,0.024249,0.181138
3270,0.052206,0.040137,0.229383
3280,0.050037,0.039386,0.229436
3290,0.018268,0.015115,0.175291
3300,0.032709,0.024579,0.175509
3310,0.043323,0.033772,0.182694
3320,0.044370,0.034503,0.174343
3330,0.016531,0.011428,0.150035
3340,0.013107,0.009872,0.151162
3350,0.047788,0.036664,0.209340
3360,0.027364,0.020846,0.148886
3370,0.014403,0.010890,0.119552
3380,0.073129,0.056427,0.284174
3390,0.058537,0.043598,0.244330
3400,0.031351,0.023854,0.162273
3410,0.025352,0.018158,0.185313
3420,0.041536,0.031761,0.215631
3430,0.014205,0.010390,0.121143
3440,0.045913,0.034427,0.237232
3450,0.000637,0.000459,0.070016
3460,0.021516,0.016438,0.106095
3470,0.028547,0.021981,0.160225
3480,0.011370,0.008029,0.437581
3490,0.024674,0.020689,0.142487
3500,0.034032,0.025765,0.208170
3510,0.041996,0.031381,0.201811
3520,0.032801,0.022629,0.155907
3530,0.050692,0.041292,0.234141
3540,0.011522,0.008748,0.107382
3550,0.025632,0.019909,0.158326
3560,0.032127,0.023657,0.161772
3570,0.036051,0.027023,0.172117
3580,0.028921,0.023098,0.175659
3590,0.036232,0.026323,0.170379
3600,0.009923,0.007243,0.058247
3610,0.017132,0.013249,0.102996
3620,0.000293,0.000272,0.229728
3630,0.028193,0.021242,0.133840
3640,0.035216,0.027107,0.162607
3650,0.047615,0.036251,0.206348
3660,0.033232,0.024732,0.165757
3670,0.010570,0.007941,0.127903
3680,0.001595,0.001510,0.068622
3690,0.042738,0.032565,0.202128
3700,0.000610,0.001018,0.367798
3710,0.049460,0.037608,0.239240
3720,0.027276,0.019976,0.163589
3730,0.013583,0.010890,0.099753
3740,0.024478,0.019625,0.157283
3750,0.012095,0.009197,0.130770
3760,0.050635,0.038054,0.232740
3770,0.027950,0.020990,0.156361
3780,0.018645,0.015928,0.146525
3790,0.067282,0.054371,0.261697
3800,0.050274,0.038180,0.223914
3810,0.025308,0.019122,0.150602
3820,0.070938,0.052299,0.281541
3830,0.027529,0.021061,0.159155
3840,0.026661,0.020149,0.142020
3850,0.029296,0.022991,0.153266
3860,0.019480,0.014408,0.154558
3870,0.040922,0.030713,0.195823
3880,0.038681,0.030964,0.191655
3890,0.018383,0.014186,0.140496
3900,0.030870,0.023873,0.176740
3910,0.011906,0.009564,0.117629
3920,0.000151,0.000270,0.000685
3930,0.027079,0.020543,0.135092
3940,0.021817,0.016236,0.170179
3950,0.012610,0.009923,0.107645
3960,0.018773,0.013782,0.145975
3970,0.036908,0.027421,0.185290
3980,0.014267,0.010284,0.118175
3990,0.051761,0.041252,0.209398
4000,0.023453,0.017404,0.164969
4010,0.046640,0.035691,0.205887
4020,0.048947,0.037538,0.209620
4030,0.036006,0.027207,0.182030
4040,0.021588,0.016341,0.141532
4050,0.014933,0.011056,0.134951
4060,0.009632,0.007544,0.117945
4070,0.063946,0.047389,0.254821
4080,0.013165,0.010469,0.118938
4090,0.040802,0.031255,0.191220
4100,0.047066,0.037096,0.220852
4110,0.023452,0.018272,0.168374
4120,0.033860,0.024963,0.188799
4130,0.037894,0.028162,0.167844
4140,0.032688,0.024939,0.201624
4150,0.054225,0.043690,0.223226
4160,0.039329,0.028934,0.213417
4170,0.023131,0.018110,0.134328
4180,0.030842,0.023536,0.166059
4190,0.011245,0.008872,0.122887
4200,0.021823,0.016199,0.097753
4210,0.039772,0.030154,0.181582
4220,0.001140,0.000855,0.092646
4230,0.019742,0.014694,0.150771
4240,0.026675,0.018667,0.192158
4250,0.038171,0.029627,0.173408
4260,0.034554,0.026197,0.162438
4270,0.037198,0.028742,0.163940
4280,0.018592,0.014008,0.121457
4290,0.053919,0.041578,0.210628
4300,0.053354,0.041215,0.204403
4310,0.043417,0.031921,0.203526
4320,0.056943,0.042480,0.246180
4330,0.014463,0.010484,0.134650
4340,0.026910,0.020109,0.120704
4350,0.035236,0.025901,0.181690
4360,0.018019,0.013388,0.134857
4370,0.040608,0.030548,0.190567
4380,0.043155,0.032671,0.202885
4390,0.053978,0.041263,0.214923
4400,0.018500,0.014143,0.153476
4410,0.030254,0.022596,0.164698
4420,0.009139,0.007096,0.141990
4430,0.071414,0.054008,0.271606
4440,0.004506,0.004008,0.029578
4450,0.036348,0.026886,0.170106
4460,0.014023,0.009805,0.123894
4470,0.052076,0.041070,0.232908
4480,0.025773,0.019851,0.164858
4490,0.022748,0.016913,0.151876
4500,0.045954,0.033870,0.203722
4510,0.054251,0.041574,0.222707
4520,0.031430,0.024721,0.163294
4530,0.042665,0.033023,0.200237
4540,0.016791,0.012373,0.138351
4550,0.050968,0.039207,0.212133
4560,0.033580,0.025443,0.179129
4570,0.019010,0.014388,0.100151
4580,0.051846,0.038586,0.204882
4590,0.029376,0.021714,0.166789
4600,0.023554,0.018147,0.156075
4610,0.011720,0.008631,0.118633
4620,0.028854,0.019664,0.108247
4630,0.008037,0.005801,0.139694
4640,0.038670,0.027926,0.213402
4650,0.045120,0.034621,0.199548
4660,0.024727,0.018839,0.150382
4670,0.029237,0.023180,0.129768
4680,0.040743,0.030469,0.190589
4690,0.025682,0.019968,0.173621
4700,0.035780,0.027587,0.190776
4710,0.039422,0.029529,0.185686
4720,0.131672,0.100183,0.413237
4730,0.051358,0.038653,0.218837
4740,0.067164,0.051257,0.261467
4750,0.023232,0.017702,0.162251
4760,0.044515,0.033631,0.199416
4770,0.027285,0.020807,0.153808
4780,0.074162,0.057082,0.265002
4790,0.041998,0.032302,0.195985
4800,0.052749,0.040091,0.242191
4810,0.044323,0.032541,0.181533
4820,0.042541,0.033135,0.204629
4830,0.020305,0.015116,0.172480
4840,0.066325,0.049979,0.247843
4850,0.017949,0.012885,0.158529
4860,0.047970,0.036261,0.202305
4870,0.045251,0.034234,0.200994
4880,0.031669,0.024828,0.170858
4890,0.035271,0.024813,0.139857
4900,0.049089,0.035079,0.207754
4910,0.003785,0.002897,0.655690
4920,0.008343,0.006582,0.133139
4930,0.026539,0.020068,0.155831
4940,0.003700,0.002796,0.108117
4950,0.046224,0.034789,0.201774
4960,0.032904,0.024343,0.185672
4970,0.001800,0.001530,0.017331
4980,0.028722,0.022669,0.167080
4990,0.007962,0.006015,0.101697
5000,0.033082,0.025196,0.169424
5010,0.009183,0.006667,0.141068
5020,0.045726,0.034322,0.211934
5030,0.020959,0.016048,0.117485
5040,0.006768,0.004946,0.106129
5050,0.048872,0.037351,0.224009
5060,0.014771,0.011359,0.154208
5070,0.003157,0.002527,0.138757
5080,0.025119,0.020571,0.202102
5090,0.030161,0.022561,0.162793
5100,0.041908,0.032249,0.158779
5110,0.030698,0.023850,0.179543
5120,0.011357,0.008940,0.092476
5130,0.012305,0.009392,0.115030
5140,0.066044,0.050302,0.244448
5150,0.033849,0.024906,0.177179
5160,0.011759,0.008188,0.148454
5170,0.037980,0.027831,0.203412
5180,0.071949,0.053960,0.268581
5190,0.027039,0.020504,0.169574
5200,0.018365,0.014887,0.086357
5210,0.029698,0.022437,0.168415
5220,0.031410,0.023545,0.192016
5230,0.012972,0.009811,0.176838
5240,0.051118,0.039839,0.214391
5250,0.030732,0.023474,0.174034
5260,0.025437,0.017573,0.165342
5270,0.041911,0.030033,0.179537
5280,0.026561,0.018885,0.147005
5290,0.051198,0.036522,0.211624
5300,0.010770,0.007943,0.104914
5310,0.030845,0.023537,0.157172
5320,0.065362,0.049571,0.229329
5330,0.023715,0.017726,0.174979
5340,0.015348,0.013815,0.083580
5350,0.028717,0.022127,0.171614
5360,0.023574,0.018101,0.110007
5370,0.039846,0.030496,0.179662
5380,0.048158,0.037473,0.187268
5390,0.035025,0.026656,0.160890
5400,0.051840,0.038685,0.221122
5410,0.049626,0.035049,0.192060
5420,0.048956,0.037416,0.222463
5430,0.023815,0.018003,0.154954
5440,0.032342,0.023818,0.182030
5450,0.016721,0.012800,0.142107
5460,0.017463,0.013434,0.091227
5470,0.037711,0.029204,0.204713
5480,0.005141,0.003821,0.338080
5490,0.037668,0.029440,0.185884
5500,0.026142,0.019947,0.150694
5510,0.015619,0.011088,0.132234
5520,0.050515,0.041379,0.214923
5530,0.035008,0.026974,0.156334
5540,0.010477,0.008068,0.124889
5550,0.054627,0.041118,0.225264
5560,0.019661,0.015177,0.168442
5570,0.034762,0.026674,0.183144
5580,0.052409,0.039110,0.213518
5590,0.053637,0.040481,0.214148
5600,0.068803,0.053728,0.249672
5610,0.012837,0.009669,0.156336
5620,0.040510,0.030301,0.163231
5630,0.023885,0.018376,0.108051
5640,0.029565,0.021863,0.164902
5650,0.029849,0.022536,0.175689
5660,0.006610,0.004662,0.667008
5670,0.032884,0.025320,0.165202
5680,0.039137,0.029613,0.181664
5690,0.049650,0.037756,0.225450
5700,0.054745,0.041169,0.234511
5710,0.028736,0.022292,0.160690
5720,0.029905,0.023010,0.167789
5730,0.037152,0.027960,0.180782
5740,0.055426,0.041510,0.221152
5750,0.029410,0.022010,0.186175
5760,0.020024,0.015488,0.161343
5770,0.047618,0.034723,0.205820
5780,0.032041,0.023929,0.170977
5790,0.025276,0.018143,0.187923
5800,0.010070,0.007935,0.183812
5810,0.011088,0.008207,0.108542
5820,0.006453,0.004554,0.130731
5830,0.051864,0.039196,0.227770
5840,0.029530,0.021919,0.164834
5850,0.020036,0.015418,0.144285
5860,0.021926,0.016648,0.149896
5870,0.072090,0.055509,0.255904
5880,0.057573,0.042833,0.234699
5890,0.011263,0.008925,0.122619
5900,0.034807,0.026950,0.154024
5910,0.037367,0.029252,0.178531
5920,0.058163,0.044242,0.240228
5930,0.027500,0.021045,0.148754
5940,0.042349,0.031679,0.176583
5950,0.017839,0.013122,0.142460
5960,0.015545,0.012739,0.110985
5970,0.032788,0.024436,0.264826
5980,0.009003,0.006422,0.125758
5990,0.024627,0.018530,0.116326
6000,0.044364,0.033846,0.190412
6010,0.035194,0.025735,0.203892
6020,0.053376,0.040983,0.239361
6030,0.021558,0.017030,0.170871
6040,0.050323,0.038107,0.212912
6050,0.083103,0.063636,0.289172
6060,0.048181,0.036311,0.215948
6070,0.037347,0.027975,0.173680
6080,0.056484,0.043758,0.238404
6090,0.035445,0.027086,0.175395
6100,0.030415,0.022851,0.170635
6110,0.019663,0.015087,0.150448
6120,0.019235,0.014495,0.134244
6130,0.028055,0.021782,0.134731
6140,0.057383,0.041546,0.222983
6150,0.032682,0.024791,0.158060
6160,0.038829,0.031162,0.190142
6170,0.041508,0.032735,0.182849
6180,0.017895,0.013156,0.127645
6190,0.030854,0.023859,0.139185
6200,0.046112,0.035182,0.197953
6210,0.036693,0.026781,0.140700
6220,0.027066,0.020390,0.136074
6230,0.049364,0.037244,0.201418
6240,0.008866,0.006804,0.116238
6250,0.022939,0.016862,0.155903
6260,0.029285,0.022321,0.165983
6270,0.025411,0.020004,0.159089
6280,0.032239,0.024776,0.217762
6290,0.030657,0.022546,0.154302
6300,0.025148,0.018798,0.126348
6310,0.039151,0.030586,0.145176
6320,0.036204,0.027252,0.178308
6330,0.025523,0.019850,0.155127
6340,0.003566,0.003005,0.030805
6350,0.030585,0.022536,0.161622
6360,0.040180,0.030926,0.172757
6370,0.023183,0.016461,0.165194
6380,0.015467,0.011533,0.141123
6390,0.051079,0.037908,0.184491
6400,0.040580,0.029921,0.163178
6410,0.030001,0.021808,0.138258
6420,0.040759,0.030583,0.156726
6430,0.017698,0.013065,0.143720
6440,0.041149,0.030731,0.205382
6450,0.031917,0.024107,0.161042
6460,0.051109,0.039963,0.200845
6470,0.031077,0.023225,0.202124
6480,0.010330,0.007522,0.122424
6490,0.018606,0.014144,0.138975
6500,0.023621,0.017937,0.158827
6510,0.005496,0.004192,0.139256
6520,0.021747,0.016816,0.151127
6530,0.022920,0.017267,0.118079
6540,0.026916,0.020477,0.151911
6550,0.009342,0.006559,0.087893
6560,0.022135,0.016569,0.146395
6570,0.036426,0.027734,0.185100
6580,0.042098,0.031475,0.198195
6590,0.001727,0.000692,0.003305
6600,0.060211,0.046507,0.216213
6610,0.025477,0.018998,0.155878
6620,0.025406,0.019191,0.139565
6630,0.035562,0.026169,0.174744
6640,0.019505,0.014645,0.119376
6650,0.037140,0.027838,0.219985
6660,0.029108,0.020673,0.183660
6670,0.056049,0.041186,0.222194
6680,0.028606,0.021357,0.156678
6690,0.019608,0.014963,0.184297
6700,0.049945,0.037235,0.213337
6710,0.040987,0.031570,0.175335
6720,0.027625,0.021325,0.157622
6730,0.045811,0.034498,0.196524
6740,0.023810,0.018289,0.150295
6750,0.041921,0.030963,0.191686
6760,0.025414,0.019254,0.157193
6770,0.041579,0.030563,0.176824
6780,0.007503,0.005437,0.101010
6790,0.013092,0.010255,0.116583
6800,0.010331,0.007666,0.086967
6810,0.032304,0.024123,0.178293
6820,0.050852,0.039588,0.213311
6830,0.055808,0.042353,0.219957
6840,0.016501,0.012300,0.127775
6850,0.032553,0.024355,0.166440
6860,0.046327,0.035016,0.200800
6870,0.038201,0.028734,0.173828
6880,0.028007,0.021961,0.130402
6890,0.035897,0.027362,0.165124
6900,0.040309,0.030994,0.186663
6910,0.044915,0.035196,0.189405
6920,0.006968,0.004973,0.112280
6930,0.031644,0.024063,0.142580
6940,0.056412,0.044209,0.251929
6950,0.009181,0.006992,0.121359
6960,0.044645,0.032945,0.197066
6970,0.014828,0.011036,0.111419
6980,0.055676,0.041372,0.235053
6990,0.023868,0.018348,0.153578
7000,0.042538,0.035676,0.225718
7010,0.035234,0.026485,0.134183
7020,0.015344,0.011577,0.105705
7030,0.019416,0.015178,0.145217
7040,0.044117,0.033567,0.193749
7050,0.012223,0.013408,0.074308
7060,0.022645,0.017079,0.138948
7070,0.014458,0.011030,0.126469
7080,0.037251,0.026677,0.194043
7090,0.008833,0.006502,0.066446
7100,0.048906,0.038329,0.209534
7110,0.043793,0.033902,0.204471
7120,0.062560,0.048039,0.226745
7130,0.052647,0.041461,0.211860
7140,0.060532,0.045870,0.232887
7150,0.025284,0.017741,0.181190
7160,0.032089,0.025004,0.178339
7170,0.025379,0.019548,0.128094
7180,0.027388,0.020811,0.159148
7190,0.029527,0.022457,0.156835
7200,0.049863,0.038301,0.212176
7210,0.039446,0.030231,0.183900
7220,0.026184,0.020340,0.141612
7230,0.058210,0.043896,0.241165
7240,0.027767,0.019502,0.199764
7250,0.039307,0.029558,0.194845
7260,0.029464,0.022272,0.173952
7270,0.023659,0.017746,0.176071
7280,0.038869,0.030124,0.182486
7290,0.038113,0.028620,0.172802
7300,0.038264,0.030507,0.187364
7310,0.015605,0.011782,0.127581
7320,0.029810,0.023181,0.152095
7330,0.043462,0.033390,0.203509
7340,0.059100,0.045812,0.236773
7350,0.026378,0.020054,0.147714
7360,0.017898,0.012342,0.142931
7370,0.019081,0.014318,0.152441
7380,0.056329,0.042515,0.225416
7390,0.027758,0.021155,0.120961
7400,0.073337,0.054956,0.259066
7410,0.013880,0.010331,0.125561
7420,0.026658,0.020137,0.152694
7430,0.002081,0.001490,0.078286
7440,0.027769,0.020893,0.148975
7450,0.028644,0.021582,0.165443
7460,0.053478,0.039970,0.213376
7470,0.007672,0.005799,0.055439
7480,0.004122,0.003435,0.121252
7490,0.042547,0.032348,0.215365
7500,0.017975,0.013570,0.135736
7510,0.018896,0.013556,0.097772
7520,0.040338,0.032506,0.187939
7530,0.022804,0.017499,0.129887
7540,0.005340,0.005034,0.250061
7550,0.015968,0.012170,0.133320
7560,0.037404,0.028665,0.184311
7570,0.029060,0.021636,0.158968
7580,0.027842,0.020601,0.154253
7590,0.022351,0.016534,0.136899
7600,0.036082,0.027833,0.152741
7610,0.051070,0.039082,0.208172
7620,0.017189,0.013103,0.128573
7630,0.034206,0.026211,0.163861
7640,0.029242,0.021907,0.155099
7650,0.060654,0.046387,0.204511
7660,0.022477,0.016791,0.142954
7670,0.011072,0.008241,0.109826
7680,0.015757,0.011509,0.114765
7690,0.016895,0.012549,0.140387
7700,0.029232,0.022035,0.161562
7710,0.037894,0.028248,0.175716
7720,0.014221,0.010469,0.120853
7730,0.043400,0.032420,0.174505
7740,0.028465,0.021082,0.143719
7750,0.031209,0.023609,0.169619
7760,0.000111,0.000101,0.000361
7770,0.053729,0.041094,0.224944
7780,0.022592,0.017333,0.132159
7790,0.046407,0.035444,0.175690
7800,0.024069,0.018981,0.095692
7810,0.032040,0.025246,0.201208
7820,0.016744,0.012942,0.139635
7830,0.015496,0.011853,0.123038
7840,0.018000,0.013560,0.095068
7850,0.021051,0.016313,0.093300
7860,0.031980,0.024672,0.130133
7870,0.021494,0.016357,0.113838
7880,0.022147,0.016997,0.162170
7890,0.035708,0.026895,0.175058
7900,0.053196,0.039075,0.230423
7910,0.017245,0.012956,0.135589
7920,0.006215,0.004992,0.107374
7930,0.033200,0.025386,0.162440
7940,0.038659,0.029956,0.179666
7950,0.031121,0.023164,0.166713
7960,0.021887,0.016295,0.148972
7970,0.035816,0.027415,0.146081
7980,0.007593,0.005105,0.061226
7990,0.002280,0.001494,0.123741
8000,0.045315,0.034248,0.207647
8010,0.029990,0.022165,0.148746
8020,0.022554,0.017645,0.133730
8030,0.034061,0.025315,0.145166
8040,0.048216,0.036082,0.199399
8050,0.013378,0.010227,0.128233
8060,0.060643,0.043762,0.210536
8070,0.022841,0.016831,0.148795
8080,0.004700,0.003176,0.142800
8090,0.024492,0.018753,0.147192
8100,0.048790,0.037200,0.222414
8110,0.022518,0.017400,0.104637
8120,0.036143,0.026157,0.190452
8130,0.014982,0.011585,0.084421
8140,0.031393,0.025125,0.186578
8150,0.027753,0.020932,0.156188
8160,0.011832,0.008862,0.126600
8170,0.068389,0.051066,0.248703
8180,0.072218,0.054863,0.263940
8190,0.022511,0.017182,0.165202
8200,0.029785,0.021978,0.163499
8210,0.017445,0.012738,0.128507
8220,0.031091,0.022985,0.162742
8230,0.019682,0.014455,0.145169
8240,0.028397,0.021458,0.153868
8250,0.026357,0.019476,0.153175
8260,0.032377,0.024418,0.167509
8270,0.001167,0.001024,0.130106
8280,0.021443,0.016171,0.130333
8290,0.033392,0.025269,0.168285
8300,0.014826,0.010851,0.132834
8310,0.036454,0.027550,0.152917
8320,0.029954,0.022658,0.166267
8330,0.023502,0.018507,0.141799
8340,0.018819,0.013799,0.134598
8350,0.029879,0.022800,0.158213
8360,0.010202,0.008337,0.202416
8370,0.015476,0.011943,0.100175
8380,0.051960,0.039797,0.218699
8390,0.019792,0.015197,0.121225
8400,0.016944,0.013673,0.114328
8410,0.001038,0.000993,0.093207
8420,0.018457,0.014196,0.124495
8430,0.031697,0.023805,0.158306
8440,0.032321,0.024089,0.170826
8450,0.049361,0.037430,0.213638
8460,0.005925,0.004220,0.429888
8470,0.028022,0.020848,0.155580
8480,0.040369,0.030907,0.163530
8490,0.020082,0.014577,0.144179
8500,0.039990,0.028857,0.185693
8510,0.074264,0.058062,0.265058
8520,0.010077,0.007405,0.064879
8530,0.007138,0.005325,0.131107
8540,0.038454,0.029270,0.181885
8550,0.026596,0.019560,0.205819
8560,0.008975,0.007612,0.176174
8570,0.037854,0.028490,0.178070
8580,0.039075,0.029239,0.174965
8590,0.026644,0.019886,0.159423
8600,0.023762,0.017846,0.125105
8610,0.003478,0.002809,0.096226
8620,0.050310,0.037793,0.190344
8630,0.063385,0.049804,0.242953
8640,0.018760,0.014560,0.088766
8650,0.038451,0.029481,0.184322
8660,0.041585,0.030568,0.192462
8670,0.020453,0.015005,0.150401
8680,0.061677,0.046519,0.237078
8690,0.021489,0.016341,0.136793
8700,0.053504,0.038767,0.213569
8710,0.023687,0.017991,0.147573
8720,0.031493,0.024017,0.155141
8730,0.027316,0.020606,0.170640
8740,0.016590,0.012468,0.159749
8750,0.030843,0.023184,0.165973
8760,0.025479,0.020133,0.134999
8770,0.054436,0.042533,0.228734
8780,0.030595,0.023186,0.159378
8790,0.025065,0.019875,0.117982
8800,0.045762,0.033390,0.180096
8810,0.047192,0.036051,0.207734
8820,0.083354,0.063763,0.286339
8830,0.047339,0.034993,0.195856
8840,0.025256,0.019436,0.124714
8850,0.004018,0.002988,0.130486
8860,0.039617,0.030138,0.163531
8870,0.034657,0.026160,0.207946
8880,0.030370,0.022925,0.178018
8890,0.047487,0.036335,0.185216
8900,0.006146,0.004686,0.095433
8910,0.070241,0.053128,0.261422
8920,0.023482,0.016736,0.146091
8930,0.053702,0.040366,0.226136
8940,0.030112,0.023194,0.146992
8950,0.029839,0.022099,0.161711
8960,0.031740,0.022543,0.179107
8970,0.012121,0.009572,0.107217
8980,0.033424,0.025458,0.163339
8990,0.014227,0.011106,0.112064
9000,0.025899,0.020309,0.152495
9010,0.038206,0.036493,0.215295
9020,0.012465,0.009424,0.158802
9030,0.047411,0.035825,0.176288
9040,0.014716,0.011102,0.127661
9050,0.016253,0.012103,0.123461
9060,0.049167,0.037971,0.183581
9070,0.022177,0.016557,0.111442
9080,0.015144,0.011756,0.123235
9090,0.023525,0.018442,0.123501
9100,0.053008,0.039778,0.206642
9110,0.017047,0.013296,0.141747
9120,0.031575,0.021748,0.254706
9130,0.034545,0.025944,0.168803
9140,0.033915,0.025647,0.162703
9150,0.008846,0.006821,0.118541
9160,0.024589,0.018129,0.149940
9170,0.019823,0.014332,0.142092
9180,0.022441,0.016760,0.137325
9190,0.022975,0.017462,0.139637
9200,0.024594,0.018657,0.139442
9210,0.023604,0.017736,0.146228
9220,0.003759,0.002861,0.166593
9230,0.000886,0.000724,0.275745
9240,0.029854,0.022957,0.161727
9250,0.014232,0.010430,0.115308
9260,0.030240,0.022771,0.133830
9270,0.016232,0.012995,0.106384
9280,0.020271,0.015693,0.160433
9290,0.026947,0.020371,0.152652
9300,0.016615,0.012912,0.130547
9310,0.013411,0.011445,0.074161
9320,0.009861,0.008209,0.138791
9330,0.026316,0.019966,0.172848
9340,0.025562,0.018971,0.147736
9350,0.005217,0.004012,0.091025
9360,0.004418,0.004170,0.029466
9370,0.031329,0.023574,0.172701
9380,0.025073,0.019281,0.115356
9390,0.015943,0.012183,0.119452
9400,0.055506,0.041494,0.228380
9410,0.010110,0.007721,0.104302
9420,0.057952,0.056241,0.298923
9430,0.018611,0.013854,0.129916
9440,0.033800,0.024940,0.161046
9450,0.031223,0.023889,0.129734
9460,0.034747,0.025574,0.167044
9470,0.021550,0.016071,0.107483
9480,0.036429,0.027541,0.168991
9490,0.033946,0.026555,0.162950
9500,0.024781,0.018877,0.144460
9510,0.019621,0.014827,0.107035
9520,0.004412,0.003636,0.107952
9530,0.004107,0.002984,0.098154
9540,0.014223,0.010904,0.169098
9550,0.042970,0.032475,0.184283
9560,0.035211,0.026868,0.164430
9570,0.025942,0.020404,0.171453
9580,0.041883,0.031580,0.184068
9590,0.054371,0.039869,0.215674
9600,0.054687,0.042109,0.217565
9610,0.019559,0.014331,0.148985
9620,0.027888,0.020777,0.174926
9630,0.028274,0.021741,0.117536
9640,0.011756,0.008727,0.103197
9650,0.040824,0.030993,0.182256
9660,0.013519,0.010541,0.082292
9670,0.028379,0.021218,0.159434
9680,0.004281,0.003267,0.084932
9690,0.034880,0.028378,0.197612
9700,0.028802,0.021442,0.152585
9710,0.022935,0.017919,0.095603
9720,0.013875,0.010647,0.126450
9730,0.011650,0.008568,0.282033
9740,0.024962,0.018794,0.186599
9750,0.047305,0.035990,0.191715
9760,0.038960,0.029708,0.169170
9770,0.005977,0.004754,0.138765
9780,0.050904,0.038372,0.173707
9790,0.024802,0.018263,0.128683
9800,0.046305,0.034062,0.194235
9810,0.046523,0.035568,0.175711
9820,0.060993,0.047049,0.233566
9830,0.030036,0.022422,0.172529
9840,0.042962,0.032784,0.170284
9850,0.025978,0.019247,0.153756
9860,0.031297,0.023866,0.148414
9870,0.021092,0.016413,0.115968
9880,0.016129,0.012105,0.097530
9890,0.042994,0.032589,0.186462
9900,0.047182,0.036015,0.193831
9910,0.057259,0.042238,0.237309
9920,0.014189,0.010280,0.111638
9930,0.068128,0.051261,0.251840
9940,0.019187,0.014560,0.107236
9950,0.029572,0.021728,0.192443
9960,0.002342,0.001774,0.084500
9970,0.010200,0.007588,0.098973
9980,0.005166,0.004065,0.028089
9990,0.032008,0.024381,0.153137
10000,0.030711,0.023078,0.157877
10010,0.041551,0.031318,0.196735
10020,0.003981,0.002987,0.103042
10030,0.024035,0.017966,0.156960
10040,0.041130,0.030943,0.169698
10050,0.038101,0.029422,0.176196
10060,0.028380,0.021566,0.168564
10070,0.059639,0.045951,0.248312
10080,0.014076,0.010076,0.115450
10090,0.027653,0.020648,0.156074
10100,0.045073,0.034065,0.193293
10110,0.039570,0.029695,0.160999
10120,0.019715,0.015173,0.129806
10130,0.030093,0.021111,0.167745
10140,0.008700,0.007204,0.073535
10150,0.031710,0.027519,0.188800
10160,0.022992,0.017364,0.138674
10170,0.038424,0.030339,0.149227
10180,0.056481,0.042610,0.222171
10190,0.005780,0.004105,0.091860
10200,0.021790,0.015661,0.181416
10210,0.061821,0.048439,0.236513
10220,0.020214,0.014644,0.158263
10230,0.018448,0.014047,0.149099
10240,0.041550,0.032242,0.194929
10250,0.021995,0.016836,0.142877
10260,0.033111,0.024157,0.182625
10270,0.027777,0.019353,0.158002
10280,0.029243,0.022033,0.156502
10290,0.035107,0.026256,0.181420
10300,0.047819,0.036410,0.194361
10310,0.038642,0.029694,0.178039
10320,0.035384,0.026745,0.176555
10330,0.030675,0.022821,0.152589
10340,0.054114,0.041276,0.218568
10350,0.018246,0.013302,0.148700
10360,0.005419,0.004111,0.209514
10370,0.006647,0.004360,0.088730
10380,0.022002,0.016676,0.146803
10390,0.058196,0.044113,0.227560
10400,0.036780,0.029207,0.182766
10410,0.019224,0.015729,0.105318
10420,0.045425,0.034133,0.175303
10430,0.027077,0.020449,0.149756
10440,0.072091,0.053734,0.260034
10450,0.038226,0.027919,0.189365
10460,0.054983,0.041832,0.223162
10470,0.028886,0.021837,0.128518
10480,0.031155,0.023517,0.172004
10490,0.018087,0.012468,0.148349
10500,0.021540,0.015576,0.145779
10510,0.031544,0.023579,0.156543
10520,0.060448,0.046309,0.227964
10530,0.022026,0.016539,0.167211
10540,0.034363,0.026029,0.180377
10550,0.057898,0.044025,0.225895
10560,0.031798,0.024012,0.148264
10570,0.025277,0.019037,0.146801
10580,0.030769,0.024023,0.156593
10590,0.019593,0.014488,0.147625
10600,0.029893,0.022176,0.156108
10610,0.025038,0.019609,0.146167
10620,0.018922,0.017184,0.180702
10630,0.025835,0.019788,0.103961
10640,0.014069,0.010564,0.119286
10650,0.024865,0.018721,0.153782
10660,0.028356,0.021506,0.142677
10670,0.025523,0.019184,0.147199
10680,0.029028,0.022101,0.155542
10690,0.000696,0.000613,0.114963
10700,0.037341,0.028270,0.176832
10710,0.037396,0.028029,0.173249
10720,0.050171,0.037296,0.227542
10730,0.043121,0.031441,0.194231
10740,0.025543,0.020212,0.166789
10750,0.047278,0.036398,0.192010
10760,0.024224,0.018029,0.146524
10770,0.040236,0.029103,0.193875
10780,0.047873,0.035934,0.202804
10790,0.033678,0.025208,0.180720
10800,0.028755,0.021368,0.171493
10810,0.021275,0.017079,0.159309
10820,0.040463,0.030812,0.185481
10830,0.030131,0.024458,0.174569
10840,0.032284,0.024380,0.151547
10850,0.025841,0.021289,0.139133
10860,0.009400,0.006855,0.112974
10870,0.011170,0.008126,0.104421
10880,0.030883,0.023292,0.163066
10890,0.048065,0.036014,0.201797
10900,0.028084,0.020807,0.161786
10910,0.049545,0.037386,0.171010
10920,0.058656,0.044060,0.226307
10930,0.042327,0.031579,0.180427
10940,0.037089,0.027826,0.169784
10950,0.038669,0.029153,0.191258
10960,0.079092,0.059932,0.276828
10970,0.027964,0.020678,0.147398
10980,0.017244,0.013391,0.079999
10990,0.034293,0.025016,0.167827
11000,0.027727,0.020132,0.164766
11010,0.022182,0.016689,0.123131
11020,0.039605,0.030335,0.189872
11030,0.027520,0.020702,0.148825
11040,0.041536,0.031527,0.160627
11050,0.027831,0.020483,0.157651
11060,0.030892,0.022907,0.132792
11070,0.000012,0.000013,0.000043
11080,0.022519,0.016374,0.175405
11090,0.021390,0.016094,0.132163
11100,0.047810,0.036403,0.190420
11110,0.017713,0.013699,0.140837
11120,0.030817,0.023186,0.154826
11130,0.051649,0.039816,0.198467
11140,0.023019,0.017495,0.129007
11150,0.001459,0.001181,0.092318
11160,0.027052,0.019720,0.119288
11170,0.029712,0.022127,0.140841
11180,0.079590,0.060537,0.278326
11190,0.018085,0.014939,0.269272
11200,0.015932,0.011688,0.092792
11210,0.040160,0.030253,0.201227
11220,0.015948,0.011746,0.127766
11230,0.022005,0.016523,0.148779
11240,0.033321,0.025881,0.163156
11250,0.011041,0.008311,0.095027
11260,0.014379,0.010983,0.129407
11270,0.035563,0.026655,0.176237
11280,0.030425,0.022801,0.155130
11290,0.029649,0.022632,0.123249
11300,0.019829,0.015002,0.126663
11310,0.032904,0.024326,0.183858
11320,0.010680,0.007873,0.085185
11330,0.039028,0.030447,0.178478
11340,0.030231,0.024313,0.156527
11350,0.028175,0.022163,0.177215
11360,0.008601,0.006702,0.129319
11370,0.023704,0.017683,0.149825
11380,0.046513,0.035963,0.185939
11390,0.017788,0.013223,0.132543
11400,0.010715,0.008210,0.068217
11410,0.020648,0.015616,0.148734
11420,0.014363,0.010633,0.128768
11430,0.010749,0.007914,0.093621
11440,0.005409,0.004422,0.120894
11450,0.023682,0.018378,0.116181
11460,0.019183,0.014584,0.127550
11470,0.030028,0.022820,0.154530
11480,0.038246,0.029269,0.158757
11490,0.035487,0.027302,0.176372
11500,0.010481,0.007669,0.101009
11510,0.016825,0.012496,0.122996
11520,0.014389,0.011266,0.095478
11530,0.001561,0.001213,0.653792
11540,0.035535,0.026381,0.185431
11550,0.023255,0.017290,0.294570
11560,0.039227,0.026233,0.167876
11570,0.018510,0.013848,0.125326
11580,0.054201,0.042033,0.225017
11590,0.048821,0.036887,0.200491
11600,0.037244,0.028213,0.161545
11610,0.040968,0.031706,0.203461
11620,0.015926,0.011975,0.122474
11630,0.031306,0.024481,0.129928
11640,0.045807,0.035875,0.197638
11650,0.003354,0.001740,0.097090
11660,0.022852,0.016668,0.139496
11670,0.030929,0.023096,0.157840
11680,0.061064,0.045757,0.236698
11690,0.011898,0.008847,0.104715
11700,0.018299,0.013355,0.152187
11710,0.028625,0.022367,0.125891
11720,0.003848,0.002976,0.151349
11730,0.066147,0.049572,0.227367
11740,0.056023,0.041782,0.220881
11750,0.028749,0.021756,0.155870
11760,0.029411,0.021787,0.167668
11770,0.034566,0.026526,0.164706
11780,0.020228,0.014920,0.141577
11790,0.033552,0.025396,0.158194
11800,0.028606,0.022375,0.149603
11810,0.025170,0.019315,0.147330
11820,0.030321,0.023269,0.141155
11830,0.052525,0.039844,0.225719
11840,0.027451,0.020330,0.150845
11850,0.050305,0.037892,0.201690
11860,0.055534,0.042927,0.230421
11870,0.063147,0.047100,0.239616
11880,0.028784,0.022514,0.171082
11890,0.020629,0.015366,0.127356
11900,0.027415,0.021385,0.137642
11910,0.026696,0.020066,0.145177
11920,0.016428,0.012170,0.122323
11930,0.013524,0.009785,0.120625
11940,0.024400,0.018048,0.142346
11950,0.020372,0.015631,0.107573
11960,0.017589,0.013146,0.133959
11970,0.022246,0.016453,0.134185
11980,0.022649,0.016834,0.146630
11990,0.028973,0.021139,0.139051
12000,0.020309,0.015011,0.146977
12010,0.013201,0.009865,0.120426
12020,0.032241,0.024348,0.140586
12030,0.040948,0.032383,0.196726
12040,0.005261,0.004065,0.074165
12050,0.045854,0.034787,0.197452
12060,0.060716,0.046476,0.234989
12070,0.002545,0.002071,0.076474
12080,0.012456,0.009291,0.116301
12090,0.034951,0.026435,0.166565
12100,0.014020,0.010872,0.089845
12110,0.034357,0.025931,0.156161
12120,0.018053,0.012880,0.126975
12130,0.004558,0.003358,0.257655
12140,0.017737,0.013110,0.100295
12150,0.032164,0.024763,0.163120
12160,0.039551,0.030219,0.182932
12170,0.023754,0.018063,0.138045
12180,0.058893,0.048113,0.264711
12190,0.025204,0.019144,0.138327
12200,0.029317,0.022203,0.134815
12210,0.027461,0.020628,0.151808
12220,0.029059,0.021987,0.154741
12230,0.011342,0.008374,0.100287
12240,0.015081,0.013752,0.096491
12250,0.038098,0.029569,0.171713
12260,0.007731,0.005809,0.083979
12270,0.040712,0.030716,0.187969
12280,0.035279,0.027136,0.151644
12290,0.053881,0.041273,0.218728
12300,0.022084,0.017916,0.101359
12310,0.033397,0.025515,0.161227
12320,0.023574,0.017728,0.110103
12330,0.021009,0.015214,0.141961
12340,0.065193,0.049352,0.244657
12350,0.012462,0.009324,0.106773
12360,0.010057,0.007540,0.090767
12370,0.038032,0.028322,0.173875
12380,0.035032,0.026035,0.173694
12390,0.032809,0.024631,0.162205
12400,0.033387,0.025127,0.161180
12410,0.026478,0.019884,0.147126
12420,0.038425,0.030386,0.167337
12430,0.032206,0.023333,0.193062
12440,0.029875,0.023453,0.142609
12450,0.028187,0.021242,0.152446
12460,0.016002,0.012107,0.122825
12470,0.055521,0.042035,0.214248
12480,0.028201,0.021214,0.160292
12490,0.028250,0.028023,0.205695
12500,0.040040,0.030173,0.166856
12510,0.034165,0.025457,0.173385
12520,0.009313,0.006773,0.120979
12530,0.059707,0.045980,0.230211
12540,0.010272,0.007543,0.107912
12550,0.025830,0.019171,0.161892
12560,0.017228,0.013014,0.125398
12570,0.015387,0.011488,0.126814
12580,0.037241,0.028560,0.173943
12590,0.045506,0.034603,0.196016
12600,0.032023,0.023539,0.161823
12610,0.019448,0.014518,0.130617
12620,0.031469,0.023967,0.158084
12630,0.022704,0.017302,0.138635
12640,0.027660,0.020218,0.153030
12650,0.022012,0.016131,0.144452
12660,0.015906,0.012345,0.075166
12670,0.014158,0.010947,0.114643
12680,0.027493,0.021234,0.150915
12690,0.033675,0.027040,0.223764
12700,0.016610,0.012456,0.118216
12710,0.036695,0.026982,0.150560
12720,0.015162,0.011335,0.093728
12730,0.022995,0.017407,0.142350
12740,0.032609,0.025069,0.141839
12750,0.050097,0.038261,0.196626
12760,0.024870,0.018676,0.112426
12770,0.025029,0.019078,0.148361
12780,0.050343,0.038798,0.200952
12790,0.049414,0.037478,0.200437
12800,0.009209,0.006601,0.153752
12810,0.021738,0.016250,0.109289
12820,0.031898,0.024436,0.155625
12830,0.028983,0.022872,0.164998
12840,0.016144,0.012299,0.113167
12850,0.021300,0.015689,0.161693
12860,0.028501,0.021403,0.133968
12870,0.055338,0.042347,0.221263
12880,0.027831,0.021233,0.154215
12890,0.040337,0.030430,0.159351
12900,0.023634,0.017796,0.131716
12910,0.008317,0.005797,0.105075
12920,0.038449,0.028805,0.185969
12930,0.003098,0.002274,0.099816
12940,0.079748,0.063133,0.285862
12950,0.020677,0.015658,0.138949
12960,0.027651,0.020590,0.145077
12970,0.023711,0.017920,0.146655
12980,0.022734,0.017166,0.147542
12990,0.021042,0.016025,0.092447
13000,0.067580,0.051570,0.245775
13010,0.004503,0.003510,0.076844
13020,0.041407,0.031475,0.178998
13030,0.010567,0.008128,0.070564
13040,0.046498,0.036464,0.191090
13050,0.023925,0.018153,0.140588
13060,0.033806,0.024831,0.158949
13070,0.034405,0.026383,0.161135
13080,0.006983,0.005021,0.091282
13090,0.039446,0.030378,0.180544
13100,0.027480,0.020656,0.156070
13110,0.027092,0.020517,0.157316
13120,0.015598,0.011717,0.179452
13130,0.035596,0.027089,0.167651
13140,0.024702,0.018452,0.138282
13150,0.034915,0.026276,0.177756
13160,0.036681,0.027432,0.185445
13170,0.039368,0.030588,0.189735
13180,0.023362,0.016783,0.161130
13190,0.050572,0.038264,0.207771
13200,0.011381,0.008081,0.146433
13210,0.000004,0.000010,0.000025
13220,0.023471,0.017031,0.130647
13230,0.026929,0.019300,0.150048
13240,0.034494,0.026350,0.175764
13250,0.030509,0.023504,0.122912
13260,0.033393,0.026637,0.162512
13270,0.019435,0.014575,0.119781
13280,0.028086,0.021102,0.161256
13290,0.042675,0.032133,0.192825
13300,0.016837,0.013004,0.129275
13310,0.026866,0.019886,0.153406
13320,0.042571,0.032382,0.158215
13330,0.021438,0.015407,0.144792
13340,0.069904,0.055398,0.250358
13350,0.029234,0.022326,0.127704
13360,0.020979,0.016227,0.136871
13370,0.029002,0.021479,0.160739
13380,0.019845,0.015012,0.139112
13390,0.046677,0.036088,0.193487
13400,0.029729,0.022852,0.158027
13410,0.015525,0.011591,0.122323
13420,0.033837,0.025461,0.161878
13430,0.020648,0.014829,0.138962
13440,0.049191,0.037622,0.202958
13450,0.012605,0.009203,0.112494
13460,0.027454,0.021193,0.149869
13470,0.037091,0.027685,0.181821
13480,0.035444,0.026542,0.166720
13490,0.024201,0.018365,0.135309
13500,0.024519,0.018686,0.142606
13510,0.009057,0.007076,0.087446
13520,0.030058,0.023802,0.149862
13530,0.037905,0.028658,0.166949
13540,0.012073,0.009250,0.110346
13550,0.025334,0.019241,0.134642
13560,0.035293,0.026763,0.163381
13570,0.043609,0.033601,0.179200
13580,0.040646,0.030478,0.181471
13590,0.019358,0.014592,0.129101
13600,0.054574,0.041934,0.213671
13610,0.034144,0.026531,0.164304
13620,0.031911,0.023994,0.176165
13630,0.032470,0.023316,0.182499
13640,0.039579,0.029789,0.171036
13650,0.039691,0.029899,0.169330
13660,0.035199,0.026413,0.159261
13670,0.013734,0.010408,0.116670
13680,0.036766,0.026805,0.174281
13690,0.014622,0.011084,0.122086
13700,0.007371,0.005912,0.115273
13710,0.027146,0.020120,0.148199
13720,0.040171,0.030176,0.167461
13730,0.018597,0.015100,0.088182
13740,0.024702,0.018730,0.116307
13750,0.035152,0.026628,0.138134
13760,0.020332,0.015350,0.125180
13770,0.033439,0.024754,0.136455
13780,0.011525,0.008676,0.098052
13790,0.003870,0.002857,0.163424
13800,0.026340,0.021274,0.140072
13810,0.004407,0.003254,0.080071
13820,0.021941,0.016612,0.134815
13830,0.022569,0.017911,0.101456
13840,0.012516,0.009242,0.114823
13850,0.060423,0.046409,0.232129
13860,0.042786,0.032964,0.185631
13870,0.033880,0.025189,0.177670
13880,0.036399,0.026655,0.185787
13890,0.010980,0.007864,0.126264
13900,0.013040,0.009886,0.121767
13910,0.022372,0.017105,0.144836
13920,0.045882,0.035528,0.183102
13930,0.019759,0.015581,0.139634
13940,0.025915,0.019430,0.160605
13950,0.019640,0.015376,0.109523
13960,0.030912,0.023081,0.155056
13970,0.020737,0.015529,0.126383
13980,0.012543,0.009367,0.107754
13990,0.012381,0.008826,0.067159
14000,0.014700,0.011100,0.117374
14010,0.021547,0.015160,0.169735
14020,0.033153,0.025153,0.162777
14030,0.066274,0.051134,0.241258
14040,0.050990,0.039093,0.179631
14050,0.023176,0.017476,0.126011
14060,0.034275,0.026263,0.182154
14070,0.037879,0.028499,0.168899
14080,0.028714,0.021420,0.169358
14090,0.057161,0.042422,0.207278
14100,0.015560,0.012060,0.082947
14110,0.015712,0.012142,0.076888
14120,0.033113,0.025512,0.161148
14130,0.022622,0.016749,0.136905
14140,0.029585,0.022464,0.149021
14150,0.027898,0.020609,0.160327
14160,0.019116,0.014566,0.105680
14170,0.030442,0.022724,0.170186
14180,0.034439,0.026036,0.159820
14190,0.036656,0.027665,0.156188
14200,0.033821,0.026851,0.183062
14210,0.050310,0.038204,0.214040
14220,0.008140,0.007769,0.065704
14230,0.013844,0.010624,0.113184
14240,0.038386,0.028690,0.175504
14250,0.039322,0.029969,0.175499
14260,0.022767,0.017331,0.123690
14270,0.053998,0.040992,0.200961
14280,0.033169,0.025248,0.164568
14290,0.008658,0.006455,0.114067
14300,0.012465,0.011238,0.144950
14310,0.014624,0.011048,0.084471
14320,0.030058,0.022591,0.158329
14330,0.036892,0.027605,0.188056
14340,0.049794,0.038066,0.198326
14350,0.042105,0.031366,0.165273
14360,0.024952,0.018528,0.138302
14370,0.007410,0.005317,0.121956
14380,0.043017,0.033163,0.177918
14390,0.022942,0.017157,0.116666
14400,0.030242,0.021744,0.171125
14410,0.040354,0.030107,0.179080
14420,0.035715,0.027165,0.165859
14430,0.031840,0.024214,0.175841
14440,0.033812,0.025451,0.176985
14450,0.022708,0.017096,0.140193
14460,0.020453,0.015946,0.106534
14470,0.033237,0.024996,0.155782
14480,0.035989,0.027076,0.166251
14490,0.035061,0.026658,0.145924
14500,0.008316,0.006158,0.089101
14510,0.036410,0.027275,0.149634
14520,0.025498,0.019022,0.145507
14530,0.037335,0.028185,0.176737
14540,0.017379,0.013049,0.142819
14550,0.043422,0.032693,0.183160
14560,0.013584,0.010646,0.118182
14570,0.051005,0.038183,0.203697
14580,0.042210,0.034095,0.187047
14590,0.012243,0.009080,0.110355
14600,0.019185,0.014597,0.133746
14610,0.019107,0.014705,0.124246
14620,0.006799,0.004796,0.046044
14630,0.007486,0.005479,0.121783
14640,0.020325,0.015427,0.105917
14650,0.011759,0.008624,0.101551
14660,0.029043,0.021760,0.140271
14670,0.017203,0.013017,0.109371
14680,0.038939,0.029263,0.170997
14690,0.013537,0.009740,0.106342
14700,0.031633,0.024043,0.163942
14710,0.006122,0.004476,0.111132
14720,0.008665,0.005678,0.152565
14730,0.012339,0.009260,0.105204
14740,0.007225,0.005310,0.102320
14750,0.003681,0.002751,0.111195
14760,0.018522,0.014340,0.154215
14770,0.038813,0.029667,0.173154
14780,0.032206,0.023904,0.154596
14790,0.038884,0.029369,0.183203
14800,0.048857,0.037146,0.190146
14810,0.035583,0.027148,0.164316
14820,0.013097,0.009575,0.108638
14830,0.016100,0.012464,0.082613
14840,0.053427,0.041919,0.218359
14850,0.051115,0.038335,0.210495
14860,0.013544,0.009877,0.165425
14870,0.044297,0.033580,0.200261
14880,0.012710,0.009844,0.110126
14890,0.038935,0.030359,0.163722
14900,0.039729,0.030058,0.172441
14910,0.027754,0.020892,0.144603
14920,0.020256,0.015370,0.122703
14930,0.034514,0.025830,0.164372
14940,0.023334,0.017816,0.108582
14950,0.021550,0.015613,0.141103
14960,0.039542,0.028873,0.199894
14970,0.030633,0.023576,0.169739
14980,0.035703,0.027722,0.161446
14990,0.029716,0.022047,0.146530
15000,0.042125,0.034655,0.166182
15010,0.004672,0.003649,0.123959
15020,0.059597,0.044277,0.216809
15030,0.039924,0.030513,0.176079
15040,0.003288,0.002513,0.052818
15050,0.033491,0.025488,0.158023
15060,0.018923,0.014288,0.105449
15070,0.035373,0.026761,0.175235
15080,0.020004,0.015176,0.112887
15090,0.016032,0.012075,0.117106
15100,0.005814,0.004316,0.127810
15110,0.010617,0.008006,0.075140
15120,0.064647,0.053138,0.274876
15130,0.023815,0.018003,0.138902
15140,0.043523,0.032804,0.183077
15150,0.035365,0.025721,0.182350
15160,0.052791,0.037631,0.227918
15170,0.026986,0.020485,0.138619
15180,0.025949,0.019670,0.135705
15190,0.023536,0.017833,0.136946
15200,0.016811,0.012398,0.138056
15210,0.055118,0.041902,0.206490
15220,0.037217,0.027714,0.180964
15230,0.021862,0.016331,0.143806
15240,0.022775,0.017324,0.103273
15250,0.020034,0.015911,0.176859
15260,0.017215,0.012368,0.127142
15270,0.013083,0.009650,0.118198
15280,0.006056,0.005000,0.073521
15290,0.042964,0.032937,0.184291
15300,0.025534,0.018787,0.141384
15310,0.041449,0.030780,0.195814
15320,0.037974,0.028917,0.171790
15330,0.029983,0.022601,0.133139
15340,0.020958,0.015722,0.134357
15350,0.018903,0.014436,0.115719
15360,0.038003,0.029992,0.174087
15370,0.022378,0.016851,0.135790
15380,0.031961,0.024219,0.144184
15390,0.014535,0.010908,0.116816
15400,0.016882,0.012332,0.128119
15410,0.027408,0.020152,0.124101
15420,0.034868,0.025934,0.171755
15430,0.019045,0.014412,0.118769
15440,0.023041,0.017750,0.123609
15450,0.018070,0.012231,0.250675
15460,0.022856,0.017111,0.138091
15470,0.037384,0.029214,0.168573
15480,0.018996,0.013650,0.226812
15490,0.032362,0.027299,0.145322
15500,0.009792,0.007545,0.137240
15510,0.043707,0.032012,0.187584
15520,0.028241,0.022125,0.149903
15530,0.004968,0.003646,0.033900
15540,0.007966,0.005791,0.100449
15550,0.034496,0.026143,0.198525
15560,0.042121,0.031885,0.157705
15570,0.028503,0.020685,0.169002
15580,0.022119,0.016319,0.128527
15590,0.026896,0.020369,0.156273
15600,0.009442,0.006914,0.123648
15610,0.044116,0.034023,0.182621
15620,0.026638,0.020503,0.139675
15630,0.047315,0.036119,0.188010
15640,0.043362,0.033094,0.181982
15650,0.056676,0.043413,0.224369
15660,0.014825,0.010772,0.094272
15670,0.037487,0.028880,0.179387
15680,0.022677,0.017728,0.112685
15690,0.015201,0.011395,0.110172
15700,0.033617,0.024930,0.165363
15710,0.010628,0.008184,0.074833
15720,0.022597,0.016994,0.113565
15730,0.047287,0.035808,0.195268
15740,0.025389,0.019477,0.167455
15750,0.017294,0.013290,0.092122
15760,0.000100,0.000066,0.000266
15770,0.031227,0.023577,0.122819
15780,0.035743,0.026094,0.167042
15790,0.024760,0.018791,0.142631
15800,0.042573,0.032270,0.184490
15810,0.037155,0.028323,0.174587
15820,0.027225,0.020215,0.160504
15830,0.030294,0.023002,0.143065
15840,0.047551,0.036619,0.187809
15850,0.024930,0.018530,0.150836
15860,0.042993,0.032473,0.163691
15870,0.017754,0.013390,0.082197
15880,0.037762,0.028908,0.139096
15890,0.029710,0.022216,0.142400
15900,0.031654,0.023266,0.170620
15910,0.011911,0.009187,0.099969
15920,0.048880,0.036628,0.187297
15930,0.024227,0.018048,0.128732
15940,0.024949,0.019265,0.108378
15950,0.045168,0.034964,0.193676
15960,0.032368,0.024310,0.171505
15970,0.034174,0.025907,0.169623
15980,0.026247,0.020200,0.147807
15990,0.026861,0.020376,0.142350
16000,0.002725,0.001798,0.143674
16010,0.054607,0.041775,0.215242
16020,0.044209,0.033262,0.193061
16030,0.017056,0.012858,0.135007
16040,0.019421,0.014531,0.133502
16050,0.035547,0.026615,0.176336
16060,0.020460,0.014951,0.144721
16070,0.046070,0.035154,0.198763
16080,0.020773,0.015068,0.149086
16090,0.057232,0.043373,0.224548
16100,0.019721,0.014790,0.139797
16110,0.014481,0.011162,0.121176
16120,0.052018,0.039904,0.220800
16130,0.028285,0.021391,0.135276
16140,0.045033,0.034268,0.178459
16150,0.005170,0.004440,0.043171
16160,0.022145,0.017802,0.138614
16170,0.030122,0.022796,0.132913
16180,0.027362,0.020787,0.121182
16190,0.028659,0.021779,0.160563
16200,0.016771,0.012397,0.130287
16210,0.012072,0.008678,0.136817
16220,0.041789,0.032350,0.158392
16230,0.043909,0.033035,0.185522
16240,0.036638,0.027486,0.163433
16250,0.031750,0.023685,0.169150
16260,0.029009,0.021825,0.157269
16270,0.050694,0.039461,0.205713
16280,0.030390,0.022749,0.156348
16290,0.030176,0.022600,0.149107
16300,0.022567,0.016997,0.119763
16310,0.029856,0.022633,0.143383
16320,0.020307,0.014834,0.137500
16330,0.064833,0.049479,0.231829
16340,0.020523,0.015560,0.116459
16350,0.016124,0.010680,0.242929
16360,0.027057,0.020577,0.137739
16370,0.003384,0.002773,0.032536
16380,0.019749,0.014721,0.135871
16390,0.030114,0.022871,0.157554
16400,0.028819,0.022281,0.157151
16410,0.045368,0.034873,0.177782
16420,0.004050,0.003098,0.115038
16430,0.008181,0.006158,0.100146
16440,0.027898,0.020311,0.156464
16450,0.019351,0.014650,0.120282
16460,0.021243,0.016758,0.156867
16470,0.029594,0.021914,0.175880
16480,0.017969,0.013347,0.104387
16490,0.021060,0.015612,0.143470
16500,0.032125,0.024419,0.148420
16510,0.008570,0.006477,0.078644
16520,0.033497,0.024466,0.151951
16530,0.017284,0.013446,0.119458
16540,0.043512,0.032731,0.156239
16550,0.016642,0.012629,0.140770
16560,0.027742,0.021095,0.144847
16570,0.030588,0.022714,0.135090
16580,0.040539,0.030862,0.195513
16590,0.026525,0.022347,0.104958
16600,0.047790,0.036154,0.201884
16610,0.053079,0.040202,0.209302
16620,0.012650,0.009859,0.075433
16630,0.023963,0.018289,0.137274
16640,0.034409,0.025658,0.145220
16650,0.030640,0.022817,0.147122
16660,0.020303,0.014113,0.155690
16670,0.023115,0.017109,0.137698
16680,0.021235,0.016432,0.138321
16690,0.058479,0.044858,0.219611
16700,0.019925,0.014833,0.132720
16710,0.019033,0.014201,0.120670
16720,0.023004,0.016820,0.148269
16730,0.038478,0.028986,0.154945
16740,0.021877,0.016002,0.141524
16750,0.023362,0.017622,0.137890
16760,0.025409,0.019619,0.140048
16770,0.004522,0.003462,0.133781
16780,0.034631,0.027104,0.177787
16790,0.018183,0.013998,0.096587
16800,0.017061,0.013137,0.109091
16810,0.037944,0.029170,0.178518
16820,0.035692,0.027215,0.174304
16830,0.035251,0.026907,0.149508
16840,0.032861,0.026115,0.132705
16850,0.053927,0.041060,0.205783
16860,0.043100,0.030902,0.206417
16870,0.033103,0.026086,0.149880
16880,0.015565,0.011726,0.103136
16890,0.012344,0.009190,0.106760
16900,0.034516,0.026522,0.142571
16910,0.058471,0.044312,0.208687
16920,0.003478,0.002788,0.140038
16930,0.024366,0.018323,0.151696
16940,0.033490,0.025114,0.151064
16950,0.018298,0.013760,0.097034
16960,0.017891,0.013134,0.130847
16970,0.053062,0.039942,0.195510
16980,0.018315,0.014141,0.097593
16990,0.032558,0.025080,0.168461
17000,0.022902,0.017397,0.131554
17010,0.023562,0.018139,0.126466
17020,0.016601,0.012355,0.135245
17030,0.053132,0.040642,0.207350
17040,0.010935,0.008062,0.104210
17050,0.051025,0.038809,0.203185
17060,0.003928,0.002482,0.120033
17070,0.012435,0.009043,0.160574
17080,0.005595,0.004149,0.037510
17090,0.044073,0.034493,0.170501
17100,0.020151,0.015343,0.138703
17110,0.036679,0.027346,0.187983
17120,0.034119,0.025594,0.155308
17130,0.060135,0.045598,0.223361
17140,0.030856,0.023429,0.151393
17150,0.012622,0.009416,0.110548
17160,0.038161,0.028483,0.168261
17170,0.040694,0.030167,0.191483
17180,0.011347,0.008491,0.103499
17190,0.031631,0.023812,0.140453
17200,0.008302,0.007561,0.141014
17210,0.020049,0.014971,0.098862
17220,0.028743,0.021585,0.154643
17230,0.049978,0.038156,0.212589
17240,0.035971,0.027585,0.169322
17250,0.020307,0.015167,0.132762
17260,0.054062,0.041011,0.202675
17270,0.031296,0.023934,0.149006
17280,0.021621,0.016101,0.147059
17290,0.026407,0.020067,0.144612
17300,0.025290,0.018794,0.141026
17310,0.016039,0.012699,0.129964
17320,0.034224,0.025925,0.148129
17330,0.032080,0.024168,0.154924
17340,0.049886,0.037746,0.205391
17350,0.011068,0.008130,0.110124
17360,0.004846,0.003556,0.079779
17370,0.014819,0.010901,0.109866
17380,0.030290,0.022596,0.157117
17390,0.014865,0.010980,0.119723
17400,0.023824,0.017812,0.146376
17410,0.021918,0.016792,0.110834
17420,0.029020,0.022156,0.151021
17430,0.017780,0.013191,0.127464
17440,0.013670,0.009882,0.111014
17450,0.040423,0.030804,0.172968
17460,0.033588,0.025420,0.162976
17470,0.030420,0.021913,0.141599
17480,0.014361,0.010505,0.117822
17490,0.015532,0.011342,0.111959
17500,0.018815,0.014157,0.122191
17510,0.042253,0.031722,0.170625
17520,0.039366,0.029335,0.173970
17530,0.017927,0.013441,0.151981
17540,0.034318,0.026235,0.169136
17550,0.032870,0.024758,0.142471
17560,0.031104,0.023374,0.152966
17570,0.020160,0.015054,0.125789
17580,0.052479,0.039754,0.205362
17590,0.023115,0.017231,0.134020
17600,0.034283,0.025987,0.174071
17610,0.028751,0.021636,0.149113
17620,0.027716,0.021030,0.144612
17630,0.033717,0.025656,0.158575
17640,0.050641,0.039201,0.214604
17650,0.035710,0.026828,0.164344
17660,0.011800,0.008959,0.105559
17670,0.063554,0.048235,0.227935
17680,0.004583,0.003332,0.101171
17690,0.024459,0.018585,0.144163
17700,0.022636,0.016625,0.134273
17710,0.030186,0.022721,0.164489
17720,0.038111,0.028408,0.176602
17730,0.010017,0.008025,0.098181
17740,0.031814,0.024441,0.163814
17750,0.030571,0.022823,0.164431
17760,0.042076,0.031206,0.185286
17770,0.028113,0.021868,0.145592
17780,0.013939,0.010133,0.170388
17790,0.006082,0.004910,0.047606
17800,0.013816,0.010115,0.115616
17810,0.041072,0.031432,0.180463
17820,0.043511,0.033452,0.183300
17830,0.011253,0.008412,0.106372
17840,0.029651,0.022171,0.145133
17850,0.012947,0.009514,0.117962
17860,0.012883,0.009081,0.164461
17870,0.013173,0.009866,0.111415
17880,0.016792,0.012682,0.127350
17890,0.011607,0.008889,0.125277
17900,0.023827,0.017606,0.148085
17910,0.018488,0.013374,0.150359
17920,0.038036,0.028808,0.177193
17930,0.041877,0.031656,0.168489
17940,0.036709,0.027695,0.169903
17950,0.022880,0.016837,0.135996
17960,0.034612,0.025621,0.171146
17970,0.024948,0.018857,0.126023
17980,0.059008,0.047854,0.235991
17990,0.023529,0.017503,0.134958
18000,0.028675,0.021180,0.156224
18010,0.025446,0.018830,0.128123
18020,0.019003,0.014345,0.111604
18030,0.021847,0.015563,0.133420
18040,0.017858,0.012641,0.083521
18050,0.028411,0.022037,0.145720
18060,0.047418,0.036484,0.180196
18070,0.003670,0.003199,0.102515
18080,0.034652,0.026283,0.197210
18090,0.021009,0.016376,0.109828
18100,0.010404,0.009859,0.139449
18110,0.021350,0.016147,0.147907
18120,0.032624,0.024598,0.141781
18130,0.003628,0.002772,0.065605
18140,0.029589,0.021909,0.156190
18150,0.046079,0.035075,0.197159
18160,0.016860,0.012454,0.114516
18170,0.027868,0.020904,0.136379
18180,0.051947,0.039510,0.199007
18190,0.042961,0.032226,0.177490
18200,0.026405,0.019844,0.151832
18210,0.017509,0.012924,0.127658
18220,0.052413,0.039881,0.211302
18230,0.029539,0.021615,0.154756
18240,0.016614,0.012968,0.131538
18250,0.043626,0.033247,0.184504
18260,0.026128,0.019601,0.150124
18270,0.025891,0.019512,0.118100
18280,0.026883,0.020155,0.153609
18290,0.009476,0.007319,0.124674
18300,0.020682,0.015479,0.125375
18310,0.042064,0.032262,0.182554
18320,0.038622,0.029479,0.173248
18330,0.022370,0.016796,0.130574
18340,0.047654,0.036884,0.189205
18350,0.028017,0.021098,0.146953
18360,0.018427,0.013832,0.096578
18370,0.040075,0.030032,0.172554
18380,0.007718,0.005759,0.122708
18390,0.028251,0.020940,0.143456
18400,0.018853,0.014020,0.106325
18410,0.031463,0.023110,0.155656
18420,0.034628,0.026343,0.158544
18430,0.032488,0.025076,0.162210
18440,0.015078,0.011462,0.111552
18450,0.044592,0.033522,0.185370
18460,0.017069,0.012643,0.118954
18470,0.047650,0.035732,0.201581
18480,0.023115,0.018591,0.144172
18490,0.040067,0.030470,0.177829
18500,0.026186,0.019993,0.153937
18510,0.009415,0.007018,0.078984
18520,0.015501,0.011733,0.118348
18530,0.038154,0.028629,0.154327
18540,0.028986,0.022174,0.153826
18550,0.035884,0.027203,0.168316
18560,0.043390,0.033652,0.169553
18570,0.045271,0.034558,0.179153
18580,0.006801,0.005406,0.109000
18590,0.025335,0.018464,0.145058
18600,0.024197,0.017932,0.158941
18610,0.016394,0.012106,0.132650
18620,0.041985,0.031889,0.194766
18630,0.011254,0.008445,0.060572
18640,0.049795,0.038160,0.198972
18650,0.034130,0.026638,0.181580
18660,0.025518,0.019673,0.189272
18670,0.026804,0.020458,0.150835
18680,0.005636,0.004622,0.103866
18690,0.032216,0.024478,0.153135
18700,0.045093,0.034239,0.188498
18710,0.034563,0.026492,0.168931
18720,0.022661,0.016806,0.163912
18730,0.011785,0.009920,0.254039
18740,0.007062,0.005358,0.060760
18750,0.026982,0.020267,0.146874
18760,0.028130,0.020907,0.146986
18770,0.043565,0.032797,0.183915
18780,0.034338,0.026024,0.170873
18790,0.007635,0.005723,0.037415
18800,0.019273,0.014312,0.128880
18810,0.026190,0.019848,0.145303
18820,0.023777,0.017987,0.149333
18830,0.041097,0.030642,0.163831
18840,0.026055,0.019894,0.144344
18850,0.043652,0.033515,0.173505
18860,0.023592,0.017672,0.152278
18870,0.012027,0.008998,0.111489
18880,0.031984,0.024395,0.155785
18890,0.017590,0.013212,0.136028
18900,0.023425,0.017753,0.134105
18910,0.031502,0.023834,0.145690
18920,0.039786,0.030439,0.178384
18930,0.049215,0.037626,0.180674
18940,0.053822,0.040090,0.215715
18950,0.016035,0.014499,0.138533
18960,0.022118,0.016555,0.133370
18970,0.027806,0.021049,0.151299
18980,0.014498,0.010959,0.122294
18990,0.029649,0.022606,0.185671
19000,0.045700,0.034931,0.188947
19010,0.019890,0.014876,0.129877
19020,0.038797,0.029655,0.174558
19030,0.019608,0.014970,0.098081
19040,0.033334,0.024968,0.143457
19050,0.028451,0.019967,0.151314
19060,0.048162,0.037238,0.204122
19070,0.042377,0.031801,0.194993
19080,0.013169,0.009901,0.120218
19090,0.028671,0.022916,0.165846
19100,0.015573,0.011720,0.120662
19110,0.024392,0.018384,0.101721
19120,0.009703,0.006944,0.062552
19130,0.022348,0.017049,0.135908
19140,0.020006,0.014336,0.150512
19150,0.017394,0.013164,0.139027
19160,0.029783,0.022701,0.166879
19170,0.044141,0.033754,0.183263
19180,0.022774,0.017117,0.136332
19190,0.020467,0.015115,0.122494
19200,0.039994,0.030682,0.160949
19210,0.027394,0.020342,0.146327
19220,0.018105,0.013502,0.119796
19230,0.046728,0.035481,0.174051
19240,0.071678,0.055372,0.253025
19250,0.012756,0.008771,0.134874
19260,0.021235,0.016207,0.118314
19270,0.052025,0.039048,0.207589
19280,0.048618,0.036749,0.195258
19290,0.039971,0.030316,0.155656
19300,0.015258,0.011266,0.118252
19310,0.029136,0.021710,0.155198
19320,0.014674,0.010727,0.113534
19330,0.017304,0.012591,0.314801
19340,0.033481,0.026101,0.175614
19350,0.037902,0.028884,0.173222
19360,0.035227,0.027170,0.193667
19370,0.046231,0.035181,0.209164
19380,0.026378,0.019949,0.134710
19390,0.018722,0.014369,0.129534
19400,0.060853,0.046168,0.221109
19410,0.015075,0.011333,0.096330
19420,0.047381,0.035914,0.200717
19430,0.019632,0.016064,0.149141
19440,0.036519,0.027661,0.141262
19450,0.015261,0.011565,0.105326
19460,0.033187,0.025053,0.137520
19470,0.029985,0.022736,0.136176
19480,0.007849,0.005648,0.117873
19490,0.015038,0.011272,0.130998
19500,0.014559,0.011043,0.116643
19510,0.032473,0.024853,0.155492
19520,0.027190,0.020530,0.149367
19530,0.019737,0.015183,0.092999
19540,0.011292,0.008565,0.099488
19550,0.038026,0.028934,0.189998
19560,0.021770,0.016372,0.116817
19570,0.032789,0.024569,0.173102
19580,0.042552,0.032447,0.172175
19590,0.034005,0.025717,0.155473
19600,0.039920,0.029886,0.173794
19610,0.035627,0.027060,0.159312
19620,0.013845,0.010121,0.106531
19630,0.009519,0.007247,0.129296
19640,0.035749,0.027104,0.172215
19650,0.026101,0.019541,0.144712
19660,0.011816,0.008634,0.073263
19670,0.029782,0.022553,0.152397
19680,0.053385,0.041041,0.204030
19690,0.024027,0.018183,0.123445
19700,0.013678,0.010310,0.100824
19710,0.037910,0.028918,0.168504
19720,0.038177,0.029055,0.172303
19730,0.045086,0.033966,0.190690
19740,0.028365,0.021135,0.151767
19750,0.008129,0.006520,0.096524
19760,0.043579,0.033927,0.169112
19770,0.016255,0.012895,0.089631
19780,0.023955,0.017822,0.129003
19790,0.022379,0.017189,0.121819
19800,0.014177,0.010574,0.112795
19810,0.033232,0.025523,0.138059
19820,0.017266,0.012697,0.131161
19830,0.027251,0.020422,0.149756
19840,0.024623,0.018819,0.133719
19850,0.030236,0.022112,0.159317
19860,0.026251,0.022059,0.158672
19870,0.031487,0.023808,0.153440
19880,0.011857,0.008570,0.154490
19890,0.017321,0.012729,0.131562
19900,0.027965,0.021018,0.142885
19910,0.027623,0.020544,0.149063
19920,0.011527,0.008541,0.104963
19930,0.008609,0.006661,0.077310
19940,0.029936,0.022400,0.161419
19950,0.027407,0.020965,0.144287
19960,0.038622,0.029541,0.185800
19970,0.028828,0.021932,0.139540
19980,0.013001,0.009862,0.104647
19990,0.026659,0.020398,0.124348
20000,0.033862,0.025121,0.151518
20010,0.009507,0.006333,0.154418
20020,0.012904,0.009691,0.109573
20030,0.012468,0.009094,0.134544
20040,0.014503,0.010547,0.119322
20050,0.050904,0.038516,0.198569
20060,0.025143,0.019089,0.168728
20070,0.015302,0.011097,0.120904
20080,0.030260,0.024490,0.157079
20090,0.045828,0.034101,0.185908
20100,0.023188,0.017582,0.131556
20110,0.019233,0.014367,0.141209
20120,0.034812,0.026381,0.169628
20130,0.058537,0.044883,0.220840
20140,0.000823,0.000862,0.138156
20150,0.003273,0.002724,0.034068
20160,0.047519,0.035901,0.185522
20170,0.004578,0.003130,0.105239
20180,0.042388,0.032850,0.191712
20190,0.018695,0.014641,0.133694
20200,0.019169,0.014130,0.162944
20210,0.015402,0.011770,0.084305
20220,0.015822,0.011604,0.093895
20230,0.019799,0.014996,0.120063
20240,0.055928,0.042417,0.213591
20250,0.038245,0.028433,0.178571
20260,0.023765,0.017665,0.159218
20270,0.016738,0.012813,0.093662
20280,0.012170,0.009158,0.065798
20290,0.006633,0.004572,0.125607
20300,0.044409,0.034190,0.177453
20310,0.030351,0.022898,0.144991
20320,0.032700,0.024492,0.168357
20330,0.023846,0.017972,0.137807
20340,0.018324,0.013594,0.126780
20350,0.037966,0.028980,0.178265
20360,0.021542,0.016030,0.147171
20370,0.016097,0.012091,0.110424
20380,0.023621,0.017540,0.148638
20390,0.036271,0.027613,0.155552
20400,0.036590,0.028961,0.173458
20410,0.017299,0.012768,0.136045
20420,0.014081,0.010388,0.123196
20430,0.041424,0.031626,0.176284
20440,0.037173,0.028093,0.171105
20450,0.037689,0.028792,0.171777
20460,0.036912,0.028512,0.139873
20470,0.031158,0.023303,0.155166
20480,0.023194,0.017259,0.103888
20490,0.027226,0.020388,0.108458
20500,0.031642,0.024330,0.142924
20510,0.057999,0.043446,0.233149
20520,0.012118,0.009386,0.058947
20530,0.025040,0.018918,0.135775
20540,0.036177,0.027476,0.162382
20550,0.030675,0.023612,0.139741
20560,0.017911,0.013115,0.131168
20570,0.016713,0.012557,0.105891
20580,0.021273,0.016157,0.124531
20590,0.013720,0.009240,0.209820
20600,0.058065,0.045264,0.224357
20610,0.012040,0.008870,0.105068
20620,0.024266,0.018653,0.113226
20630,0.037877,0.028912,0.170405
20640,0.029300,0.022177,0.155649
20650,0.032272,0.024375,0.152836
20660,0.024544,0.018546,0.134119
20670,0.023640,0.017627,0.149864
20680,0.037247,0.028643,0.165433
20690,0.016757,0.012997,0.117038
20700,0.010956,0.007741,0.105998
20710,0.040719,0.031031,0.174047
20720,0.019905,0.014687,0.128761
20730,0.028395,0.021415,0.150783
20740,0.031762,0.023990,0.135567
20750,0.009320,0.006958,0.079597
20760,0.037730,0.027926,0.169697
20770,0.035084,0.025968,0.138994
20780,0.035354,0.026755,0.161133
20790,0.037942,0.028596,0.157962
20800,0.021620,0.016275,0.100230
20810,0.022235,0.017124,0.136888
20820,0.024021,0.018135,0.139534
20830,0.004879,0.004610,0.154753
20840,0.000012,0.000014,0.000046
20850,0.041365,0.030981,0.181955
20860,0.024914,0.018460,0.136433
20870,0.017588,0.013167,0.123153
20880,0.038289,0.029041,0.172779
20890,0.013429,0.010269,0.114097
20900,0.044566,0.033701,0.186313
20910,0.029796,0.022520,0.136903
20920,0.046221,0.035603,0.188951
20930,0.014761,0.011049,0.086130
20940,0.024810,0.019320,0.117815
20950,0.043840,0.032305,0.183241
20960,0.040145,0.030369,0.177822
20970,0.045565,0.034102,0.189365
20980,0.025750,0.019104,0.139999
20990,0.042311,0.032137,0.181333
21000,0.036885,0.027751,0.167876
21010,0.039758,0.037454,0.191794
21020,0.030192,0.022720,0.144229
21030,0.040607,0.031586,0.161993
21040,0.048060,0.036399,0.186017
21050,0.033199,0.025051,0.143521
21060,0.006419,0.004062,0.098065
21070,0.031379,0.023751,0.112836
21080,0.026298,0.020344,0.111963
21090,0.039476,0.029644,0.183719
21100,0.023071,0.018179,0.147563
21110,0.020366,0.015041,0.138945
21120,0.029519,0.022327,0.134644
21130,0.011713,0.009065,0.145998
21140,0.041174,0.032383,0.218295
21150,0.037121,0.028085,0.150182
21160,0.033355,0.025182,0.167236
21170,0.020242,0.015075,0.138303
21180,0.038186,0.029355,0.170746
21190,0.032374,0.024715,0.159974
21200,0.020837,0.015352,0.139771
21210,0.009392,0.006528,0.311728
21220,0.011869,0.009122,0.108915
21230,0.017779,0.013688,0.099582
21240,0.019054,0.014117,0.138192
21250,0.028473,0.021451,0.115812
21260,0.018539,0.013775,0.130988
21270,0.013013,0.009277,0.122298
21280,0.007011,0.005157,0.111267
21290,0.028455,0.021621,0.129539
21300,0.043369,0.032864,0.182518
21310,0.044463,0.034105,0.190343
21320,0.015850,0.011786,0.129352
21330,0.013740,0.010621,0.080973
21340,0.033977,0.026071,0.133434
21350,0.028423,0.021158,0.171407
21360,0.003529,0.003138,0.141992
21370,0.012406,0.009374,0.105146
21380,0.026103,0.019662,0.120780
21390,0.041106,0.030922,0.176170
21400,0.033487,0.025644,0.159377
21410,0.011136,0.008216,0.093546
21420,0.054381,0.041230,0.210921
21430,0.018668,0.014121,0.136101
21440,0.017275,0.012258,0.122277
21450,0.030181,0.022976,0.121793
21460,0.001980,0.001356,0.120173
21470,0.036072,0.027412,0.167581
21480,0.024882,0.019352,0.121096
21490,0.015117,0.011457,0.131664
21500,0.019223,0.014374,0.131418
21510,0.022428,0.017106,0.096299
21520,0.056932,0.038919,0.212478
21530,0.042796,0.031544,0.196882
21540,0.038009,0.028282,0.176147
21550,0.009053,0.006612,0.101810
21560,0.026324,0.019860,0.122039
21570,0.044840,0.034162,0.192655
21580,0.015371,0.010990,0.125726
21590,0.042472,0.032230,0.191633
21600,0.024759,0.018523,0.145121
21610,0.047399,0.036123,0.194611
21620,0.035633,0.027355,0.168624
21630,0.047492,0.034597,0.195758
21640,0.042990,0.032347,0.188670
21650,0.027367,0.021307,0.148743
21660,0.026297,0.019236,0.118138
21670,0.027027,0.020478,0.139880
21680,0.051701,0.039258,0.191424
21690,0.013822,0.010518,0.109164
21700,0.031419,0.023471,0.134050
21710,0.019604,0.014168,0.144030
21720,0.022804,0.017161,0.119337
21730,0.040820,0.030820,0.172438
21740,0.031298,0.023949,0.159033
21750,0.021392,0.016574,0.140809
21760,0.021380,0.015920,0.129939
21770,0.055885,0.042547,0.193125
21780,0.005888,0.004347,0.098912
21790,0.026349,0.020093,0.146732
21800,0.028454,0.021794,0.136506
21810,0.005494,0.003835,0.109135
21820,0.028858,0.021883,0.168235
21830,0.047633,0.036391,0.186325
21840,0.016245,0.012135,0.115370
21850,0.025614,0.019000,0.142902
21860,0.025566,0.019473,0.145685
21870,0.027879,0.022616,0.153837
21880,0.036660,0.027709,0.159623
21890,0.027384,0.020704,0.125578
21900,0.048295,0.037085,0.196951
21910,0.020183,0.015842,0.137277
21920,0.025326,0.018987,0.137610
21930,0.033205,0.025598,0.156254
21940,0.053058,0.040082,0.223038
21950,0.010294,0.007919,0.089865
21960,0.013611,0.010075,0.121990
21970,0.048627,0.037495,0.190450
21980,0.012651,0.009470,0.096650
21990,0.030788,0.023427,0.134481
22000,0.012369,0.009305,0.105634
22010,0.038801,0.029831,0.175938
22020,0.021213,0.015568,0.131645
22030,0.015287,0.012004,0.127037
22040,0.014790,0.010952,0.119828
22050,0.038802,0.029178,0.173781
22060,0.001477,0.001088,0.105337
22070,0.034029,0.025874,0.163241
22080,0.034007,0.025964,0.166529
22090,0.024200,0.018128,0.154006
22100,0.038595,0.028843,0.180104
22110,0.049294,0.037443,0.176805
22120,0.023405,0.017870,0.112826
22130,0.008323,0.006190,0.080474
22140,0.012368,0.009429,0.106182
22150,0.036543,0.027562,0.169959
22160,0.023098,0.017306,0.146604
22170,0.001142,0.001423,0.063068
22180,0.010692,0.008152,0.094621
22190,0.002305,0.001943,0.021446
22200,0.057694,0.043575,0.208436
22210,0.036796,0.027640,0.147840
22220,0.013629,0.009903,0.108454
22230,0.035294,0.028147,0.163428
22240,0.037143,0.027850,0.167995
22250,0.019812,0.014428,0.110240
22260,0.013607,0.010604,0.072250
22270,0.022050,0.016939,0.128673
22280,0.017399,0.012969,0.107928
22290,0.008705,0.006378,0.055228
22300,0.031118,0.023096,0.169482
22310,0.020121,0.016169,0.122403
22320,0.011245,0.008401,0.094521
22330,0.028007,0.021038,0.150839
22340,0.020365,0.015699,0.106955
22350,0.000007,0.000003,0.000017
22360,0.019840,0.014613,0.134960
22370,0.032764,0.024909,0.167215
22380,0.087723,0.067824,0.291841
22390,0.011556,0.008567,0.094542
22400,0.029903,0.022261,0.146992
22410,0.011203,0.008384,0.082325
22420,0.048948,0.037310,0.195847
22430,0.026185,0.019874,0.144967
22440,0.033552,0.025458,0.160713
22450,0.023117,0.017309,0.131385
22460,0.018642,0.014188,0.119389
22470,0.020942,0.015687,0.128439
22480,0.014829,0.011305,0.070370
22490,0.021782,0.016391,0.136350
22500,0.033750,0.025747,0.153112
22510,0.037357,0.028465,0.159225
22520,0.029854,0.023550,0.140313
22530,0.014627,0.011295,0.109149
22540,0.011385,0.008612,0.131407
22550,0.019290,0.015222,0.129942
22560,0.021752,0.016448,0.123698
22570,0.027856,0.021070,0.137723
22580,0.020278,0.014717,0.143956
22590,0.031051,0.022923,0.166642
22600,0.020335,0.015273,0.113153
22610,0.017556,0.012919,0.116184
22620,0.040354,0.030813,0.157359
22630,0.024053,0.018402,0.132466
22640,0.013748,0.010124,0.075734
22650,0.026662,0.020648,0.108664
22660,0.033133,0.025103,0.154426
22670,0.051296,0.041129,0.216113
22680,0.024728,0.017783,0.164833
22690,0.032749,0.024431,0.151108
22700,0.024315,0.018491,0.104650
22710,0.021866,0.017051,0.131511
22720,0.040073,0.030512,0.170835
22730,0.020424,0.015317,0.119700
22740,0.020294,0.015248,0.119585
22750,0.029060,0.023769,0.154333
22760,0.027691,0.020728,0.149416
22770,0.023412,0.018627,0.138472
22780,0.030720,0.023463,0.141706
22790,0.032663,0.025043,0.161898
22800,0.031580,0.024034,0.149272
22810,0.015842,0.011583,0.133052
22820,0.001859,0.001333,0.103396
22830,0.017672,0.013433,0.118043
22840,0.034257,0.027652,0.150015
22850,0.024076,0.018097,0.157874
22860,0.026823,0.022155,0.143103
22870,0.029498,0.022580,0.143801
22880,0.023193,0.017390,0.125951
22890,0.038945,0.030431,0.183948
22900,0.012503,0.009330,0.101965
22910,0.019190,0.014879,0.093139
22920,0.058225,0.043446,0.218018
22930,0.012037,0.009261,0.106806
22940,0.039609,0.029730,0.163748
22950,0.041436,0.031376,0.172364
22960,0.039733,0.029823,0.173424
22970,0.034131,0.025212,0.169743
22980,0.020485,0.015499,0.119462
22990,0.011839,0.009003,0.100473
23000,0.028559,0.021441,0.136731
23010,0.018508,0.013843,0.131551
23020,0.018325,0.013778,0.125760
23030,0.029106,0.022116,0.153442
23040,0.004245,0.003250,0.083206
23050,0.012916,0.009644,0.118321
23060,0.023075,0.017260,0.137173
23070,0.019956,0.015051,0.119084
23080,0.029962,0.022421,0.146282
23090,0.000535,0.000312,0.042276
23100,0.031543,0.023965,0.156137
23110,0.017156,0.012844,0.122343
23120,0.033132,0.024779,0.161932
23130,0.033514,0.025849,0.139457
23140,0.008131,0.006092,0.092817
23150,0.018507,0.013978,0.132087
23160,0.039458,0.030089,0.144234
23170,0.018005,0.016019,0.173824
23180,0.036563,0.027815,0.149339
23190,0.026968,0.020399,0.126337
23200,0.021233,0.016514,0.092375
23210,0.014112,0.010244,0.116714
23220,0.047077,0.036179,0.177498
23230,0.010280,0.007703,0.049752
23240,0.029437,0.022300,0.151132
23250,0.042140,0.031880,0.179654
23260,0.055687,0.042297,0.212540
23270,0.024985,0.018691,0.114321
23280,0.010521,0.007950,0.099156
23290,0.017968,0.012965,0.116648
23300,0.049512,0.038012,0.188739
23310,0.010175,0.007431,0.088929
23320,0.046651,0.034948,0.192689
23330,0.035871,0.027074,0.171054
23340,0.042562,0.032497,0.165680
23350,0.018454,0.013525,0.131396
23360,0.075102,0.054970,0.251801
23370,0.020116,0.015202,0.126101
23380,0.019078,0.014530,0.127829
23390,0.043583,0.033098,0.188679
23400,0.012153,0.008921,0.115998
23410,0.028411,0.021718,0.129852
23420,0.026219,0.019929,0.141113
23430,0.011834,0.008985,0.115986
23440,0.009519,0.006858,0.060567
23450,0.042307,0.031964,0.187363
23460,0.024762,0.018567,0.136932
23470,0.035228,0.026717,0.169531
23480,0.043277,0.032659,0.181174
23490,0.028158,0.021206,0.139752
23500,0.028410,0.021545,0.146902
23510,0.023298,0.017287,0.125938
23520,0.021031,0.015230,0.141504
23530,0.005528,0.004342,0.167625
23540,0.030388,0.022782,0.145890
23550,0.015480,0.011374,0.116951
23560,0.027527,0.020740,0.150480
23570,0.014440,0.010781,0.081762
23580,0.018666,0.014788,0.086545
23590,0.023759,0.017829,0.140114
23600,0.014528,0.011395,0.115523
23610,0.004830,0.003482,0.113968
23620,0.016531,0.012939,0.127553
23630,0.025902,0.019559,0.130875
23640,0.022946,0.017351,0.133142
23650,0.017841,0.012534,0.110986
23660,0.033120,0.025624,0.137171
23670,0.051020,0.038724,0.197843
23680,0.016489,0.012406,0.114260
23690,0.001213,0.000946,0.175218
23700,0.022954,0.017315,0.134876
23710,0.031516,0.023790,0.151128
23720,0.027284,0.020683,0.126789
23730,0.027170,0.020579,0.146693
23740,0.048965,0.037777,0.201799
23750,0.024681,0.018339,0.139983
23760,0.032832,0.025178,0.162406
23770,0.024906,0.018919,0.136246
23780,0.022023,0.016158,0.129689
23790,0.019132,0.013913,0.127339
23800,0.011945,0.008970,0.097600
23810,0.023626,0.018057,0.104319
23820,0.026995,0.020543,0.149429
23830,0.027301,0.020611,0.147515
23840,0.049655,0.037949,0.202358
23850,0.062312,0.047816,0.233131
23860,0.010437,0.007797,0.101011
23870,0.027901,0.021794,0.139112
23880,0.015588,0.011871,0.066458
23890,0.017037,0.012869,0.083667
23900,0.032285,0.024714,0.148766
23910,0.032781,0.024810,0.154755
23920,0.024218,0.018545,0.136037
23930,0.025853,0.019613,0.125677
23940,0.020587,0.015635,0.120361
23950,0.024034,0.017954,0.131836
23960,0.041883,0.031729,0.179460
23970,0.006723,0.004880,0.121156
23980,0.021748,0.016539,0.088897
23990,0.035594,0.027079,0.164887
24000,0.063965,0.045494,0.219734
24010,0.011420,0.008857,0.057472
24020,0.022714,0.017224,0.131721
24030,0.014262,0.010707,0.105995
24040,0.027970,0.021228,0.120009
24050,0.053381,0.040952,0.203189
24060,0.027174,0.020545,0.151963
24070,0.014709,0.011009,0.114179
24080,0.025011,0.021060,0.108363
24090,0.029717,0.022121,0.132133
24100,0.008599,0.006378,0.097743
24110,0.053953,0.039867,0.188507
24120,0.039197,0.029649,0.166406
24130,0.022123,0.017149,0.131224
24140,0.000183,0.000158,0.656600
24150,0.037609,0.028620,0.159279
24160,0.019082,0.014250,0.121886
24170,0.028854,0.021950,0.139267
24180,0.027162,0.020539,0.142159
24190,0.028636,0.021955,0.136966
24200,0.037243,0.028877,0.172258
24210,0.026517,0.019786,0.146283
24220,0.018092,0.013441,0.129304
24230,0.002096,0.001410,0.570644
24240,0.016580,0.012507,0.125747
24250,0.013794,0.010392,0.066023
24260,0.031362,0.023797,0.136129
24270,0.013556,0.010191,0.118496
24280,0.020340,0.015586,0.123896
24290,0.013456,0.010211,0.111776
24300,0.018723,0.013998,0.117299
24310,0.031071,0.024178,0.155631
24320,0.016811,0.012707,0.123380
24330,0.007900,0.005642,0.092455
24340,0.029018,0.022068,0.152114
24350,0.009632,0.007164,0.114891
24360,0.014290,0.010568,0.110319
24370,0.030527,0.022957,0.160668
24380,0.042712,0.032272,0.178387
24390,0.022885,0.017927,0.108495
24400,0.020575,0.015156,0.124546
24410,0.022881,0.016811,0.136831
24420,0.001782,0.001247,0.018225
24430,0.064043,0.048500,0.231532
24440,0.004099,0.003060,0.037650
24450,0.045466,0.033707,0.181569
24460,0.046416,0.035349,0.204045
24470,0.044525,0.033793,0.179918
24480,0.016740,0.012601,0.085621
24490,0.007170,0.004755,0.032273
24500,0.028708,0.021222,0.155461
24510,0.032106,0.023023,0.141462
24520,0.000524,0.000343,0.097233
24530,0.042013,0.032140,0.177918
24540,0.030265,0.023476,0.133966
24550,0.016390,0.012314,0.127612
24560,0.028861,0.022597,0.110620
24570,0.032014,0.024543,0.135267
24580,0.005599,0.004539,0.133701
24590,0.026752,0.020519,0.153841
24600,0.023112,0.017660,0.094836
24610,0.054235,0.040762,0.210519
24620,0.037347,0.028818,0.166901
24630,0.023857,0.018069,0.147787
24640,0.030724,0.022387,0.157760
24650,0.019849,0.015431,0.105953
24660,0.023614,0.018036,0.134120
24670,0.010589,0.007755,0.101804
24680,0.040526,0.030276,0.178002
24690,0.028724,0.025923,0.152057
24700,0.002813,0.002072,0.086583
24710,0.034781,0.025999,0.154884
24720,0.040354,0.030946,0.189886
24730,0.041296,0.030765,0.172914
24740,0.022002,0.016456,0.132013
24750,0.035007,0.026628,0.158741
24760,0.023286,0.017799,0.128120
24770,0.015504,0.011623,0.107702
24780,0.024105,0.015586,0.113129
24790,0.041874,0.031514,0.170493
24800,0.028778,0.021785,0.141811
24810,0.019479,0.014753,0.117553
24820,0.036090,0.027247,0.166233
24830,0.019617,0.014440,0.119671
24840,0.012722,0.009579,0.082366
24850,0.006869,0.005162,0.039351
24860,0.031814,0.024138,0.148742
24870,0.005932,0.004366,0.114237
24880,0.019425,0.014542,0.085897
24890,0.024594,0.018379,0.095980
24900,0.016165,0.012014,0.117826
24910,0.038620,0.029213,0.171006
24920,0.021500,0.016291,0.121756
24930,0.014449,0.010725,0.134835
24940,0.010083,0.007585,0.099322
24950,0.059172,0.053572,0.238214
24960,0.024022,0.018153,0.141837
24970,0.028888,0.021751,0.146516
24980,0.026771,0.020018,0.137017
24990,0.014883,0.011041,0.078786
25000,0.024329,0.021296,0.159163
25010,0.034287,0.025514,0.163936
25020,0.029510,0.022161,0.151095
25030,0.018037,0.013923,0.092000
25040,0.010977,0.007633,0.124530
25050,0.031987,0.023368,0.166714
25060,0.038324,0.029148,0.163765
25070,0.042161,0.031935,0.181356
25080,0.024865,0.018743,0.140473
25090,0.024368,0.017446,0.134944
25100,0.032039,0.024364,0.151320
25110,0.011321,0.008506,0.102284
25120,0.007475,0.005727,0.111432
25130,0.020004,0.015078,0.128317
25140,0.023401,0.017549,0.141230
25150,0.029645,0.022496,0.148895
25160,0.029281,0.022064,0.142984
25170,0.021959,0.016862,0.129956
25180,0.030276,0.022751,0.147871
25190,0.038286,0.029525,0.172888
25200,0.018096,0.014129,0.094310
25210,0.036552,0.027137,0.140106
25220,0.042699,0.032003,0.190872
25230,0.027076,0.020566,0.153447
25240,0.027240,0.021055,0.117094
25250,0.011989,0.009135,0.115616
25260,0.045074,0.034016,0.191987
25270,0.017257,0.012696,0.124000
25280,0.032248,0.024170,0.155339
25290,0.024865,0.019104,0.133566
25300,0.040964,0.031641,0.178431
25310,0.011284,0.008550,0.085999
25320,0.060800,0.045749,0.220579
25330,0.014878,0.010674,0.105156
25340,0.028428,0.021296,0.131611
25350,0.044261,0.033005,0.180815
25360,0.054148,0.041255,0.207504
25370,0.025359,0.018903,0.140195
25380,0.048672,0.036802,0.202436
25390,0.015936,0.012050,0.108742
25400,0.036053,0.027527,0.158230
25410,0.019386,0.014523,0.108312
25420,0.029188,0.022134,0.158569
25430,0.017830,0.013450,0.093126
25440,0.044540,0.033621,0.159617
25450,0.020361,0.015167,0.123365
25460,0.025203,0.019230,0.135902
25470,0.034922,0.026575,0.154215
25480,0.010417,0.007713,0.125022
25490,0.047710,0.036148,0.186311
25500,0.044942,0.034119,0.181404
25510,0.044533,0.033841,0.182936
25520,0.024278,0.017741,0.121830
25530,0.014928,0.011083,0.108621
25540,0.005430,0.004203,0.157569
25550,0.029604,0.022629,0.144314
25560,0.024179,0.018050,0.118751
25570,0.046641,0.034812,0.194226
25580,0.010135,0.007913,0.069378
25590,0.032763,0.025094,0.146581
25600,0.022630,0.017487,0.099175
25610,0.032615,0.024610,0.163580
25620,0.005029,0.003529,0.097285
25630,0.018416,0.013887,0.117284
25640,0.024108,0.018069,0.126619
25650,0.038847,0.029243,0.169076
25660,0.040716,0.030827,0.171851
25670,0.018385,0.014035,0.128059
25680,0.027725,0.021674,0.111914
25690,0.005500,0.004345,0.102021
25700,0.037958,0.028871,0.166955
25710,0.041402,0.031324,0.178824
25720,0.024597,0.018344,0.109264
25730,0.038811,0.029339,0.163024
25740,0.021335,0.018677,0.155463
25750,0.014288,0.010591,0.136438
25760,0.032483,0.024595,0.147626
25770,0.021467,0.016780,0.182388
25780,0.034054,0.026123,0.141571
25790,0.023161,0.017191,0.137084
25800,0.010122,0.007220,0.124257
25810,0.001030,0.000801,0.099213
25820,0.035337,0.025886,0.159002
25830,0.013843,0.010194,0.143089
25840,0.040589,0.030966,0.177245
25850,0.035686,0.027319,0.143133
25860,0.007279,0.005367,0.099763
25870,0.026528,0.020111,0.123891
25880,0.012981,0.010360,0.116958
25890,0.014125,0.010728,0.080460
25900,0.042734,0.031546,0.173521
25910,0.016837,0.012679,0.098440
25920,0.027480,0.020698,0.147757
25930,0.031099,0.023245,0.147948
25940,0.055209,0.042255,0.210468
25950,0.055057,0.041784,0.203310
25960,0.023299,0.017312,0.132808
25970,0.051203,0.038760,0.179078
25980,0.023018,0.017327,0.138713
25990,0.020711,0.015577,0.130525
26000,0.018008,0.013643,0.117100
26010,0.006219,0.004826,0.090357
26020,0.006746,0.004780,0.110553
26030,0.017687,0.012999,0.118122
26040,0.017572,0.013297,0.122696
26050,0.026352,0.020864,0.133427
26060,0.016654,0.012447,0.087622
26070,0.004430,0.003283,0.076070
26080,0.013380,0.010136,0.106417
26090,0.018526,0.013877,0.100010
26100,0.036709,0.028116,0.164362
26110,0.019251,0.013776,0.131617
26120,0.013583,0.009777,0.103654
26130,0.052567,0.039858,0.202073
26140,0.023801,0.018192,0.144799
26150,0.040809,0.030839,0.176976
26160,0.045125,0.034215,0.173189
26170,0.035739,0.026940,0.148762
26180,0.025007,0.018869,0.136184
26190,0.025831,0.019277,0.120013
26200,0.032713,0.027695,0.172887
26210,0.024919,0.018729,0.125576
26220,0.008658,0.005813,0.178710
26230,0.052594,0.040301,0.204452
26240,0.053292,0.041265,0.209749
26250,0.018549,0.014124,0.141378
26260,0.031671,0.024252,0.143986
26270,0.024191,0.018063,0.135408
26280,0.031311,0.023430,0.146268
26290,0.033138,0.025059,0.153169
26300,0.028287,0.020878,0.147118
26310,0.034299,0.025510,0.169701
26320,0.022068,0.016018,0.150950
26330,0.020681,0.015539,0.134065
26340,0.059066,0.045284,0.219780
26350,0.025833,0.019647,0.130942
26360,0.036228,0.027606,0.166236
26370,0.046357,0.035200,0.191250
26380,0.037909,0.027888,0.173558
26390,0.034759,0.026355,0.160787
26400,0.025425,0.018794,0.135679
26410,0.023019,0.017051,0.126870
26420,0.023997,0.018126,0.127746
26430,0.025751,0.019531,0.138313
26440,0.039713,0.030339,0.186177
26450,0.018744,0.014360,0.118172
26460,0.037488,0.029013,0.159607
26470,0.028511,0.021723,0.138137
26480,0.015835,0.012001,0.113334
26490,0.019409,0.014593,0.094786
26500,0.019001,0.014310,0.110078
26510,0.023967,0.018113,0.124054
26520,0.004552,0.003094,0.099226
26530,0.052812,0.040713,0.207380
26540,0.019963,0.015045,0.111049
26550,0.023044,0.017387,0.134004
26560,0.026209,0.020085,0.139656
26570,0.010717,0.008244,0.057067
26580,0.019147,0.014599,0.113606
26590,0.019252,0.014198,0.119404
26600,0.035320,0.026725,0.160612
26610,0.005428,0.003820,0.119229
26620,0.025586,0.019176,0.134875
26630,0.025083,0.018607,0.123373
26640,0.019779,0.015085,0.123527
26650,0.014049,0.010408,0.107899
26660,0.031909,0.028454,0.138328
26670,0.014908,0.011166,0.120724
26680,0.024328,0.018466,0.129964
26690,0.042519,0.032265,0.197823
26700,0.029508,0.022898,0.144303
26710,0.022820,0.017148,0.114387
26720,0.031353,0.023569,0.152022
26730,0.010088,0.008670,0.129247
26740,0.040095,0.029776,0.171166
26750,0.016698,0.012403,0.103200
26760,0.014286,0.010303,0.121732
26770,0.021121,0.016092,0.122327
26780,0.017316,0.012513,0.132494
26790,0.009019,0.006474,0.096898
26800,0.011680,0.009057,0.081139
26810,0.028728,0.022185,0.125517
26820,0.008135,0.006375,0.103153
26830,0.049569,0.037153,0.180365
26840,0.014564,0.010473,0.112792
26850,0.021743,0.016345,0.140835
26860,0.025499,0.019210,0.139351
26870,0.013204,0.010383,0.113388
26880,0.047818,0.035950,0.189707
26890,0.035524,0.027240,0.157528
26900,0.036608,0.027855,0.166307
26910,0.032854,0.024803,0.162022
26920,0.027362,0.020695,0.143333
26930,0.023934,0.017905,0.141210
26940,0.023129,0.017754,0.128144
26950,0.013468,0.010256,0.132837
26960,0.030649,0.022606,0.150721
26970,0.028467,0.021623,0.119658
26980,0.032626,0.024466,0.167285
26990,0.010225,0.007598,0.096108
27000,0.025840,0.020172,0.136986
27010,0.019113,0.014442,0.136112
27020,0.041222,0.031422,0.177809
27030,0.009774,0.006848,0.121492
27040,0.026651,0.020350,0.142376
27050,0.051435,0.038877,0.192929
27060,0.022091,0.016519,0.132187
27070,0.030776,0.023505,0.134149
27080,0.020242,0.015070,0.132147
27090,0.021654,0.016411,0.101765
27100,0.023391,0.017535,0.089120
27110,0.001374,0.001024,0.097260
27120,0.022651,0.017136,0.130350
27130,0.027505,0.020854,0.143690
27140,0.024985,0.018214,0.150443
27150,0.012039,0.008956,0.073159
27160,0.014501,0.010811,0.121214
27170,0.013491,0.010226,0.112934
27180,0.024334,0.018229,0.137257
27190,0.026263,0.019891,0.146481
27200,0.032068,0.024554,0.147241
27210,0.039195,0.029900,0.139099
27220,0.038606,0.029070,0.174800
27230,0.012092,0.008898,0.113803
27240,0.004432,0.003297,0.103085
27250,0.036705,0.028250,0.149867
27260,0.027288,0.020832,0.149357
27270,0.001633,0.001243,0.012594
27280,0.035547,0.026665,0.159168
27290,0.034879,0.026570,0.149507
27300,0.024386,0.018295,0.128616
27310,0.022363,0.016593,0.122603
27320,0.015620,0.012094,0.111692
27330,0.012867,0.010159,0.143627
27340,0.021054,0.015885,0.126524
27350,0.005729,0.004577,0.089587
27360,0.031235,0.024309,0.150469
27370,0.028552,0.021695,0.143853
27380,0.041485,0.030666,0.205202
27390,0.028117,0.021613,0.127848
27400,0.029325,0.022763,0.131786
27410,0.019560,0.014951,0.096235
27420,0.026629,0.020342,0.133339
27430,0.002077,0.001570,0.095595
27440,0.049061,0.037073,0.197484
27450,0.024226,0.018084,0.126806
27460,0.021176,0.016158,0.119546
27470,0.034251,0.026228,0.156081
27480,0.043587,0.033147,0.180064
27490,0.002477,0.001580,0.171316
27500,0.044635,0.033292,0.188695
27510,0.041589,0.031697,0.176761
27520,0.034404,0.025773,0.179941
27530,0.011968,0.008707,0.095264
27540,0.042875,0.035153,0.190166
27550,0.000813,0.000696,0.070620
27560,0.016343,0.012188,0.061783
27570,0.033093,0.024411,0.166973
27580,0.009798,0.007187,0.082540
27590,0.039418,0.030328,0.166173
27600,0.018888,0.013745,0.116929
27610,0.042770,0.032313,0.179889
27620,0.039506,0.029017,0.214195
27630,0.025959,0.019195,0.134776
27640,0.044266,0.033747,0.162421
27650,0.022648,0.017319,0.129360
27660,0.036583,0.027430,0.140868
27670,0.051145,0.039208,0.193382
27680,0.034545,0.026421,0.154131
27690,0.030621,0.023906,0.134029
27700,0.034183,0.026258,0.159505
27710,0.035866,0.027071,0.164178
27720,0.015293,0.011804,0.077881
27730,0.017436,0.013074,0.113394
27740,0.021776,0.016150,0.131477
27750,0.031463,0.023346,0.150825
27760,0.034833,0.025040,0.184971
27770,0.033586,0.025244,0.127076
27780,0.030273,0.022764,0.154043
27790,0.028028,0.024995,0.245010
27800,0.033195,0.025877,0.164762
27810,0.012713,0.009364,0.092752
27820,0.012421,0.009301,0.065440
27830,0.039628,0.030081,0.161159
27840,0.018905,0.014370,0.115379
27850,0.003439,0.002534,0.107492
27860,0.001416,0.001027,0.073333
27870,0.042984,0.032718,0.168497
27880,0.047545,0.036087,0.190982
27890,0.016469,0.012477,0.110846
27900,0.014770,0.010953,0.069958
27910,0.026231,0.019687,0.139375
27920,0.023585,0.017662,0.138067
27930,0.014912,0.010912,0.115626
27940,0.042275,0.032901,0.175002
27950,0.068357,0.051891,0.240584
27960,0.005441,0.003513,0.171915
27970,0.012027,0.009408,0.075365
27980,0.028539,0.021309,0.146325
27990,0.019330,0.014262,0.141142
28000,0.012804,0.009367,0.110654
28010,0.027677,0.021180,0.150778
28020,0.044306,0.033837,0.181751
28030,0.014193,0.010719,0.072945
28040,0.022285,0.017639,0.128411
28050,0.062968,0.047829,0.229232
28060,0.034815,0.026660,0.156241
28070,0.015695,0.011664,0.114065
28080,0.013350,0.010057,0.118934
28090,0.023375,0.017298,0.127400
28100,0.029918,0.022758,0.149015
28110,0.028695,0.019363,0.172431
28120,0.009177,0.006064,0.114691
28130,0.046277,0.035262,0.185124
28140,0.039823,0.030005,0.179388
28150,0.026413,0.020338,0.119710
28160,0.018779,0.013642,0.110571
28170,0.032289,0.025204,0.135025
28180,0.032312,0.024315,0.147635
28190,0.028427,0.021515,0.135130
28200,0.010531,0.007626,0.103567
28210,0.015734,0.011893,0.155057
28220,0.012900,0.009824,0.097104
28230,0.016085,0.012603,0.086728
28240,0.005221,0.003920,0.096092
28250,0.027751,0.020902,0.145550
28260,0.029486,0.022310,0.148334
28270,0.038572,0.029733,0.173888
28280,0.039629,0.030272,0.149226
28290,0.017170,0.012600,0.108363
28300,0.020876,0.015884,0.093158
28310,0.025760,0.019778,0.144804
28320,0.021074,0.015771,0.130816
28330,0.016505,0.012308,0.088522
28340,0.029202,0.021879,0.145043
28350,0.046976,0.035388,0.194250
28360,0.019195,0.013957,0.125101
28370,0.021604,0.016148,0.124644
28380,0.016815,0.012370,0.123016
28390,0.032304,0.024701,0.156498
28400,0.030546,0.022888,0.159552
28410,0.016299,0.012078,0.117770
28420,0.037720,0.028771,0.165907
28430,0.018314,0.013817,0.139023
28440,0.028680,0.021853,0.139338
28450,0.030908,0.023894,0.158938
28460,0.004866,0.003245,0.175976
28470,0.023653,0.017498,0.131439
28480,0.016493,0.012303,0.130313
28490,0.052601,0.040209,0.205914
28500,0.020746,0.015745,0.144366
28510,0.028053,0.021292,0.135300
28520,0.038504,0.029216,0.159033
28530,0.015165,0.011520,0.100708
28540,0.011302,0.008549,0.134620
28550,0.007360,0.005580,0.082986
28560,0.029381,0.022090,0.147135
28570,0.014605,0.011398,0.063600
28580,0.016790,0.012410,0.119086
28590,0.028481,0.022587,0.145368
28600,0.017279,0.013173,0.135573
28610,0.041912,0.031525,0.171649
28620,0.018844,0.014123,0.121791
28630,0.025872,0.021978,0.141302
28640,0.033804,0.025434,0.151763
28650,0.023934,0.018339,0.114155
28660,0.029339,0.021986,0.152160
28670,0.024098,0.018504,0.109316
28680,0.035290,0.026754,0.140241
28690,0.023049,0.017786,0.099413
28700,0.028712,0.021165,0.172347
28710,0.026811,0.021318,0.123133
28720,0.006200,0.004195,0.126523
28730,0.023908,0.017817,0.132189
28740,0.018745,0.014062,0.124996
28750,0.035592,0.026828,0.163038
28760,0.054319,0.041730,0.198427
28770,0.022231,0.016552,0.130246
28780,0.036566,0.027658,0.156616
28790,0.024117,0.018111,0.150856
28800,0.025843,0.019680,0.144656
28810,0.037798,0.028204,0.126360
28820,0.029210,0.022062,0.148320
28830,0.041644,0.031413,0.178163
28840,0.007305,0.005980,0.076212
28850,0.027672,0.021348,0.111234
28860,0.021284,0.015901,0.111565
28870,0.023486,0.017411,0.122297
28880,0.008596,0.006096,0.140053
28890,0.021132,0.015734,0.101498
28900,0.023649,0.017749,0.153913
28910,0.000006,0.000006,0.000019
28920,0.013804,0.011002,0.070989
28930,0.007096,0.005225,0.053334
28940,0.026539,0.020706,0.134442
28950,0.041744,0.031584,0.173638
28960,0.000008,0.000004,0.000020
28970,0.003874,0.002457,0.116815
28980,0.034224,0.025906,0.173977
28990,0.018543,0.013950,0.112122
29000,0.016231,0.012346,0.112342
29010,0.001370,0.000973,0.203806
29020,0.036905,0.027951,0.170066
29030,0.021058,0.016352,0.105151
29040,0.026016,0.019492,0.137647
29050,0.010329,0.007449,0.520871
29060,0.028085,0.021349,0.137755
29070,0.014243,0.011074,0.112467
29080,0.027776,0.021100,0.146353
29090,0.033120,0.024826,0.154380
29100,0.031202,0.024217,0.155149
29110,0.022496,0.017283,0.133130
29120,0.016222,0.012025,0.116411
29130,0.006311,0.005015,0.050556
29140,0.013586,0.009905,0.130561
29150,0.054424,0.041045,0.207968
29160,0.018433,0.013985,0.113625
29170,0.028147,0.021388,0.142689
29180,0.019924,0.014812,0.119115
29190,0.039836,0.030580,0.172382
29200,0.010826,0.008115,0.078535
29210,0.021419,0.016148,0.122435
29220,0.039588,0.030333,0.178015
29230,0.002067,0.001318,0.091161
29240,0.030439,0.023203,0.138359
29250,0.006281,0.004345,0.154630
29260,0.069891,0.053251,0.241872
29270,0.027806,0.021028,0.126188
29280,0.031011,0.024179,0.156346
29290,0.041615,0.031408,0.160381
29300,0.042573,0.032322,0.173578
29310,0.025194,0.018505,0.133224
29320,0.006631,0.004851,0.099570
29330,0.031150,0.023710,0.127455
29340,0.041371,0.031662,0.164349
29350,0.014216,0.010876,0.104425
29360,0.015056,0.011721,0.117098
29370,0.037448,0.028658,0.169293
29380,0.036358,0.027515,0.159294
29390,0.028027,0.021835,0.151219
29400,0.018851,0.014609,0.132493
29410,0.015169,0.011218,0.120772
29420,0.023958,0.018024,0.114051
29430,0.005304,0.003749,0.103235
29440,0.023735,0.017599,0.117717
29450,0.023383,0.017747,0.102067
29460,0.025222,0.019282,0.140165
29470,0.003709,0.002779,0.102092
29480,0.046251,0.035439,0.178862
29490,0.026060,0.019384,0.148887
29500,0.029880,0.022182,0.145033
29510,0.053138,0.040340,0.201635
29520,0.034274,0.026179,0.142624
29530,0.021330,0.016229,0.133503
29540,0.037484,0.028237,0.166182
29550,0.019863,0.014671,0.120615
29560,0.016539,0.012407,0.095203
29570,0.019576,0.014308,0.125788
29580,0.020862,0.015816,0.123429
29590,0.019158,0.014734,0.126438
29600,0.036252,0.027494,0.161638
29610,0.023400,0.017769,0.133478
29620,0.006712,0.004994,0.125638
29630,0.026435,0.020301,0.143731
29640,0.029159,0.022173,0.155760
29650,0.029597,0.022706,0.143053
29660,0.021160,0.015393,0.132996
29670,0.000001,0.000000,0.000003
29680,0.027579,0.020591,0.151623
29690,0.004851,0.003735,0.073026
29700,0.012704,0.009704,0.101740
29710,0.025721,0.019744,0.110003
29720,0.019303,0.014718,0.107300
29730,0.022196,0.016581,0.097349
29740,0.049490,0.037725,0.184245
29750,0.028415,0.021091,0.150514
29760,0.021881,0.016520,0.111903
29770,0.000544,0.000462,0.117995
29780,0.005908,0.003924,0.166782
29790,0.006112,0.006092,0.245682
29800,0.028696,0.021402,0.139731
29810,0.048774,0.037075,0.191148
29820,0.032146,0.024211,0.146521
29830,0.026560,0.018891,0.152358
29840,0.035008,0.025938,0.158252
29850,0.019252,0.014451,0.122062
29860,0.022631,0.017737,0.112460
29870,0.024295,0.018550,0.125354
29880,0.036786,0.028021,0.165784
29890,0.040001,0.030060,0.175087
29900,0.016160,0.011133,0.110523
29910,0.025190,0.019330,0.158376
29920,0.017952,0.013610,0.118233
29930,0.004362,0.003106,0.047816
29940,0.015637,0.011636,0.108514
29950,0.016172,0.012215,0.092374
29960,0.000926,0.000677,0.366787
29970,0.039649,0.029616,0.176524
29980,0.034671,0.026527,0.145868
29990,0.028781,0.021937,0.147561
30000,0.015575,0.011519,0.114349
30010,0.046456,0.035689,0.178566
30020,0.011760,0.008912,0.111219
30030,0.015489,0.011222,0.110059
30040,0.004388,0.003529,0.188614
30050,0.024091,0.018029,0.132367
30060,0.015511,0.011806,0.111222
30070,0.024762,0.019049,0.128369
30080,0.012658,0.009481,0.105259
30090,0.017586,0.013356,0.107264
30100,0.015089,0.011439,0.121634
30110,0.014526,0.010747,0.110132
30120,0.025791,0.024633,0.130123
30130,0.029584,0.022085,0.143723
30140,0.030129,0.025676,0.296661
30150,0.039168,0.029632,0.165686
30160,0.030405,0.022901,0.141296
30170,0.049975,0.038430,0.194210
30180,0.049590,0.037694,0.185548
30190,0.064742,0.048826,0.223006
30200,0.005928,0.003956,0.122253
30210,0.028413,0.021320,0.156780
30220,0.013339,0.009935,0.074678
30230,0.029297,0.022007,0.152703
30240,0.004138,0.002873,0.096849
30250,0.037740,0.028801,0.163026
30260,0.011056,0.008814,0.054650
30270,0.018802,0.013614,0.129198
30280,0.020299,0.015212,0.107059
30290,0.048754,0.036527,0.197837
30300,0.024971,0.019299,0.127090
30310,0.016536,0.012553,0.122124
30320,0.013850,0.010103,0.110067
30330,0.009813,0.007440,0.043663
30340,0.015118,0.011537,0.108194
30350,0.056515,0.043236,0.213065
30360,0.044322,0.034740,0.225717
30370,0.026296,0.019785,0.137562
30380,0.028445,0.021583,0.157703
30390,0.042865,0.032887,0.180031
30400,0.026526,0.019842,0.131527
30410,0.047112,0.035478,0.194567
30420,0.018363,0.013614,0.135512
30430,0.049097,0.037251,0.171176
30440,0.027801,0.021075,0.142820
30450,0.024963,0.018678,0.134246
30460,0.022693,0.017047,0.124164
30470,0.011464,0.008632,0.051873
30480,0.027286,0.020116,0.139628
30490,0.025055,0.018795,0.141227
30500,0.037381,0.028800,0.169592
30510,0.029873,0.023026,0.135010
30520,0.018421,0.013972,0.108907
30530,0.006820,0.004903,0.116109
30540,0.017739,0.013410,0.128848
30550,0.028531,0.021668,0.125769
30560,0.007991,0.005095,0.177412
30570,0.031716,0.023905,0.131879
30580,0.025815,0.019284,0.142624
30590,0.028211,0.021227,0.146874
30600,0.034360,0.025696,0.161907
30610,0.010657,0.007825,0.115724
30620,0.007246,0.004961,0.110899
30630,0.041925,0.031729,0.175107
30640,0.002985,0.002181,0.087328
30650,0.014400,0.010966,0.108757
30660,0.027348,0.020876,0.145605
30670,0.021438,0.015420,0.127167
30680,0.010503,0.007859,0.096180
30690,0.005317,0.003668,0.088908
30700,0.016077,0.012313,0.081947
30710,0.038914,0.029770,0.168986
30720,0.026176,0.020107,0.130551
30730,0.027753,0.020829,0.145113
30740,0.019643,0.014807,0.137520
30750,0.013759,0.010391,0.062332
30760,0.016065,0.011889,0.144101
30770,0.022373,0.016347,0.135345
30780,0.014090,0.010446,0.111025
30790,0.017844,0.013233,0.122542
30800,0.027893,0.020750,0.149875
30810,0.019781,0.014605,0.109240
30820,0.028041,0.021296,0.140854
30830,0.021524,0.016322,0.128726
30840,0.039661,0.029901,0.162057
30850,0.025663,0.019381,0.137619
30860,0.025075,0.018514,0.134027
30870,0.032801,0.024808,0.160613
30880,0.022617,0.017235,0.122536
30890,0.025984,0.019796,0.131270
30900,0.031414,0.023542,0.148076
30910,0.024576,0.018937,0.128478
30920,0.055008,0.041554,0.215874
30930,0.038262,0.028762,0.170276
30940,0.039644,0.030258,0.154849
30950,0.011953,0.009200,0.098631
30960,0.012297,0.009355,0.103430
30970,0.000889,0.000690,0.157229
30980,0.020654,0.015354,0.124216
30990,0.048901,0.037170,0.200056
31000,0.019657,0.014636,0.106859
31010,0.035878,0.027407,0.159669
31020,0.017086,0.013411,0.110610
31030,0.019261,0.014554,0.118831
31040,0.031150,0.023935,0.128696
31050,0.016252,0.012544,0.110392
31060,0.018316,0.013613,0.132177
31070,0.012340,0.009254,0.102558
31080,0.036594,0.027497,0.159126
31090,0.026285,0.019955,0.155903
31100,0.016518,0.012242,0.095308
31110,0.036079,0.027351,0.138664
31120,0.030068,0.022308,0.140973
31130,0.034902,0.026341,0.158077
31140,0.020680,0.015873,0.142853
31150,0.025103,0.018733,0.131145
31160,0.002654,0.001967,0.111061
31170,0.019032,0.014389,0.116901
31180,0.009214,0.006853,0.103786
31190,0.020600,0.015296,0.122222
31200,0.040533,0.031385,0.184425
31210,0.015664,0.012050,0.109176
31220,0.018154,0.013371,0.108393
31230,0.021138,0.015863,0.086581
31240,0.022598,0.017652,0.118643
31250,0.013244,0.009922,0.101544
31260,0.060534,0.045917,0.218490
31270,0.028415,0.021158,0.141921
31280,0.031497,0.023665,0.148123
31290,0.012881,0.009749,0.110227
31300,0.036505,0.028170,0.162747
31310,0.033424,0.025714,0.154564
31320,0.030275,0.023052,0.152075
31330,0.015277,0.010943,0.109227
31340,0.002557,0.002083,0.038209
31350,0.038410,0.028667,0.176340
31360,0.035318,0.026429,0.158293
31370,0.020218,0.015303,0.117798
31380,0.025248,0.019258,0.133686
31390,0.021218,0.016030,0.119436
31400,0.024629,0.018618,0.137704
31410,0.031930,0.024409,0.152494
31420,0.020883,0.015643,0.125239
31430,0.009341,0.006960,0.066811
31440,0.013040,0.009798,0.104828
31450,0.027315,0.018748,0.157487
31460,0.024912,0.018649,0.130859
31470,0.016784,0.012735,0.121589
31480,0.007847,0.005914,0.076299
31490,0.028975,0.023082,0.143482
31500,0.027154,0.019997,0.143640
31510,0.020620,0.015151,0.122766
31520,0.009435,0.006837,0.047267
31530,0.035585,0.026966,0.156056
31540,0.039375,0.030484,0.168529
31550,0.031369,0.023491,0.122494
31560,0.040277,0.031126,0.186583
31570,0.011640,0.009067,0.064792
31580,0.026483,0.020308,0.137258
31590,0.001789,0.001273,0.089817
31600,0.013365,0.009873,0.107911
31610,0.019354,0.014343,0.111731
31620,0.022762,0.017498,0.098163
31630,0.001846,0.001372,0.097230
31640,0.022981,0.017041,0.120478
31650,0.029070,0.022008,0.141771
31660,0.014682,0.010844,0.106737
31670,0.015674,0.011686,0.112673
31680,0.021162,0.015952,0.124437
31690,0.025729,0.019567,0.127376
31700,0.008282,0.006461,0.043340
31710,0.017105,0.013161,0.118771
31720,0.026180,0.019708,0.110576
31730,0.027196,0.020249,0.143343
31740,0.013931,0.010703,0.114297
31750,0.055246,0.042200,0.215727
31760,0.015800,0.011629,0.123630
31770,0.019706,0.015049,0.119901
31780,0.014102,0.009921,0.148277
31790,0.003062,0.002298,0.022016
31800,0.044734,0.033748,0.173534
31810,0.024599,0.019079,0.097975
31820,0.024588,0.018384,0.119285
31830,0.007781,0.005695,0.123111
31840,0.007178,0.005407,0.149331
31850,0.007396,0.005729,0.048517
31860,0.030208,0.022491,0.139673
31870,0.012414,0.009600,0.103492
31880,0.016562,0.013014,0.133240
31890,0.005765,0.003986,0.144513
31900,0.012924,0.009476,0.106128
31910,0.035571,0.026925,0.159373
31920,0.018961,0.014468,0.100510
31930,0.011129,0.008322,0.108631
31940,0.032806,0.024730,0.155693
31950,0.025068,0.019003,0.135037
31960,0.041620,0.031676,0.164562
31970,0.042525,0.032452,0.185403
31980,0.022343,0.016786,0.132792
31990,0.018890,0.014264,0.120457
32000,0.043687,0.034291,0.181752
32010,0.022536,0.016280,0.131987
32020,0.013422,0.010061,0.095175
32030,0.004291,0.003177,0.067032
32040,0.026253,0.020071,0.134368
32050,0.032771,0.025383,0.149484
32060,0.004498,0.003289,0.086343
32070,0.013591,0.010456,0.105899
32080,0.016376,0.012380,0.129132
32090,0.028963,0.021837,0.145982
32100,0.008589,0.006333,0.088074
32110,0.031039,0.023607,0.130510
32120,0.047260,0.036146,0.183394
32130,0.028960,0.024284,0.120235
32140,0.011225,0.008153,0.102454
32150,0.031143,0.023243,0.142010
32160,0.049416,0.039699,0.196068
32170,0.020178,0.014101,0.147154
32180,0.020249,0.015566,0.114829
32190,0.008351,0.006956,0.055745
32200,0.013046,0.009703,0.097754
32210,0.061632,0.046869,0.219010
32220,0.028269,0.021256,0.141347
32230,0.013526,0.011595,0.080102
32240,0.014604,0.010776,0.127800
32250,0.020745,0.015683,0.125404
32260,0.003802,0.002762,0.080461
32270,0.043176,0.032889,0.182411
32280,0.021677,0.016328,0.105824
32290,0.054703,0.041935,0.189434
32300,0.015973,0.011994,0.080558
32310,0.016399,0.012926,0.115089
32320,0.020524,0.015906,0.132952
32330,0.008041,0.006348,0.134120
32340,0.014756,0.011048,0.115567
32350,0.040335,0.030742,0.166753
32360,0.001784,0.001261,0.349727
32370,0.020294,0.015848,0.114492
32380,0.009255,0.007008,0.090719
32390,0.034057,0.025856,0.157052
32400,0.000541,0.000627,0.081464
32410,0.040400,0.031707,0.169377
32420,0.011146,0.008490,0.081127
32430,0.041676,0.031794,0.175277
32440,0.045039,0.034512,0.183472
32450,0.052737,0.040027,0.196639
32460,0.012489,0.009053,0.100715
32470,0.033642,0.025329,0.158356
32480,0.052378,0.040855,0.201364
32490,0.038108,0.029586,0.152455
32500,0.003614,0.002733,0.027870
32510,0.018193,0.013874,0.091396
32520,0.027587,0.020648,0.141701
32530,0.009845,0.006989,0.095304
32540,0.015252,0.011168,0.130607
32550,0.006343,0.004660,0.044775
32560,0.025679,0.019544,0.132847
32570,0.032186,0.024742,0.155539
32580,0.016706,0.012456,0.122443
32590,0.013527,0.009821,0.103726
32600,0.027321,0.021403,0.136870
32610,0.029576,0.021573,0.147470
32620,0.016559,0.012316,0.087764
32630,0.036310,0.027864,0.176221
32640,0.044985,0.034511,0.187342
32650,0.033481,0.025593,0.152826
32660,0.029416,0.023268,0.151485
32670,0.023027,0.017248,0.131751
32680,0.026414,0.019948,0.142988
32690,0.013054,0.009757,0.121383
32700,0.007109,0.005519,0.047625
32710,0.040106,0.030378,0.170604
32720,0.018829,0.014491,0.129448
32730,0.027087,0.020353,0.128978
32740,0.025944,0.019807,0.119800
32750,0.030395,0.022782,0.151764
32760,0.017233,0.014631,0.140892
32770,0.019116,0.014097,0.120902
32780,0.006627,0.004863,0.031379
32790,0.018353,0.013822,0.124100
32800,0.011731,0.008554,0.111967
32810,0.040233,0.031653,0.164113
32820,0.012286,0.009274,0.104369
32830,0.023831,0.017787,0.112247
32840,0.028786,0.021969,0.120409
32850,0.012199,0.009159,0.104448
32860,0.010509,0.008422,0.111483
32870,0.012371,0.009219,0.104275
32880,0.035618,0.027262,0.168006
32890,0.028115,0.021065,0.111595
32900,0.040073,0.030929,0.168077
32910,0.005842,0.004200,0.099027
32920,0.028473,0.021906,0.138628
32930,0.002022,0.001397,0.103180
32940,0.020600,0.015562,0.147462
32950,0.009267,0.006577,0.126667
32960,0.026035,0.019847,0.112001
32970,0.008450,0.005926,0.120659
32980,0.042367,0.033674,0.176819
32990,0.026687,0.020672,0.130772
33000,0.014709,0.010569,0.138639
33010,0.030161,0.022210,0.143495
33020,0.039057,0.030168,0.164252
33030,0.023809,0.018040,0.103256
33040,0.024427,0.018142,0.128789
33050,0.012633,0.009216,0.100870
33060,0.051264,0.039065,0.209616
33070,0.008124,0.006075,0.047020
33080,0.026099,0.019555,0.136868
33090,0.038101,0.029099,0.170263
33100,0.025542,0.019679,0.107001
33110,0.013082,0.009823,0.103479
33120,0.015641,0.011570,0.119433
33130,0.023920,0.018638,0.112752
33140,0.024388,0.018567,0.139240
33150,0.023169,0.017500,0.134712
33160,0.026442,0.019791,0.149792
33170,0.018796,0.013623,0.136121
33180,0.024198,0.018522,0.125083
33190,0.026222,0.019994,0.123275
33200,0.048229,0.036544,0.195288
33210,0.023516,0.017694,0.133351
33220,0.035620,0.027468,0.162438
33230,0.027818,0.021098,0.138030
33240,0.031853,0.024140,0.147501
33250,0.012633,0.009429,0.108258
33260,0.016041,0.011762,0.117917
33270,0.020236,0.015055,0.122008
33280,0.026856,0.020610,0.146244
33290,0.023511,0.017806,0.124122
33300,0.031020,0.024300,0.174338
33310,0.035008,0.026129,0.167522
33320,0.012819,0.009657,0.077463
33330,0.032551,0.025033,0.160167
33340,0.005615,0.004067,0.117626
33350,0.035935,0.027508,0.151974
33360,0.033959,0.027216,0.134673
33370,0.026456,0.020192,0.133266
33380,0.028300,0.021570,0.148435
33390,0.025309,0.019259,0.148108
33400,0.018938,0.014409,0.124300
33410,0.013273,0.009196,0.075259
33420,0.020753,0.015649,0.120424
33430,0.019158,0.015090,0.102953
33440,0.012703,0.009324,0.112412
33450,0.012652,0.008953,0.093226
33460,0.022859,0.017405,0.124885
33470,0.012749,0.009515,0.112082
33480,0.001286,0.001041,0.011063
33490,0.026732,0.020677,0.145697
33500,0.048904,0.037324,0.186711
33510,0.014870,0.010790,0.119322
33520,0.018622,0.014060,0.121787
33530,0.037337,0.028009,0.162377
33540,0.034247,0.025903,0.156783
33550,0.010697,0.007802,0.109849
33560,0.019479,0.014653,0.098549
33570,0.035830,0.027661,0.134822
33580,0.049364,0.038087,0.184354
33590,0.063054,0.047692,0.225549
33600,0.018399,0.013813,0.129414
33610,0.037447,0.028525,0.162168
33620,0.021971,0.017082,0.120973
33630,0.034110,0.025990,0.136028
33640,0.015324,0.011128,0.099324
33650,0.023953,0.017909,0.136599
33660,0.038924,0.030300,0.154319
33670,0.024016,0.017692,0.125478
33680,0.027383,0.018801,0.105150
33690,0.021842,0.016370,0.119901
33700,0.023090,0.017629,0.089996
33710,0.031674,0.023929,0.152721
33720,0.044295,0.033705,0.181154
33730,0.020708,0.017940,0.118333
33740,0.036255,0.026989,0.162616
33750,0.038368,0.029061,0.163207
33760,0.008329,0.005903,0.078787
33770,0.047286,0.036133,0.180676
33780,0.036523,0.027509,0.155582
33790,0.011667,0.008547,0.099403
33800,0.011633,0.008514,0.109524
33810,0.022389,0.017304,0.118475
33820,0.012914,0.009572,0.105153
33830,0.025900,0.020028,0.146713
33840,0.002662,0.001995,0.094961
33850,0.020998,0.016127,0.127062
33860,0.006270,0.004929,0.036463
33870,0.052961,0.040479,0.197063
33880,0.023705,0.017880,0.128243
33890,0.023948,0.017802,0.123782
33900,0.010022,0.007897,0.055481
33910,0.029488,0.022207,0.128289
33920,0.023572,0.018348,0.094735
33930,0.035617,0.026733,0.164568
33940,0.031236,0.023415,0.149797
33950,0.013683,0.010272,0.102473
33960,0.049246,0.037674,0.188814
33970,0.017197,0.012728,0.125544
33980,0.027612,0.020954,0.134594
33990,0.018544,0.014066,0.123257
34000,0.020726,0.015665,0.126987
34010,0.007757,0.005509,0.112791
34020,0.031044,0.023867,0.145668
34030,0.030341,0.022307,0.119620
34040,0.027973,0.020915,0.124814
34050,0.057635,0.043775,0.211417
34060,0.028372,0.021889,0.156290
34070,0.013799,0.010270,0.106338
34080,0.034551,0.026291,0.159277
34090,0.003318,0.002288,0.096335
34100,0.026338,0.019782,0.110457
34110,0.035387,0.026494,0.162134
34120,0.011512,0.008347,0.101498
34130,0.029777,0.022664,0.138262
34140,0.021961,0.016499,0.109103
34150,0.033176,0.025226,0.151880
34160,0.016258,0.012013,0.117169
34170,0.017682,0.013885,0.076471
34180,0.040175,0.030582,0.158276
34190,0.016981,0.012351,0.124738
34200,0.019807,0.014913,0.089575
34210,0.009352,0.006884,0.104183
34220,0.042059,0.031225,0.166687
34230,0.013978,0.010264,0.105387
34240,0.017906,0.013695,0.066977
34250,0.017605,0.013221,0.125970
34260,0.030313,0.022984,0.151003
34270,0.037709,0.028883,0.159716
34280,0.040899,0.031057,0.158429
34290,0.034574,0.025887,0.155802
34300,0.035212,0.026819,0.170445
34310,0.013306,0.009800,0.112358
34320,0.036433,0.027969,0.154499
34330,0.038129,0.029589,0.165689
34340,0.056364,0.042727,0.213881
34350,0.044425,0.034432,0.202897
34360,0.014974,0.011445,0.079379
34370,0.012232,0.009049,0.093348
34380,0.021619,0.016475,0.126564
34390,0.024355,0.018185,0.138737
34400,0.036311,0.027159,0.167419
34410,0.023527,0.016764,0.109882
34420,0.031171,0.024108,0.149000
34430,0.021678,0.017644,0.142678
34440,0.021499,0.016223,0.102632
34450,0.023045,0.017039,0.129898
34460,0.015580,0.011737,0.079916
34470,0.027275,0.020936,0.141289
34480,0.020883,0.015898,0.110236
34490,0.032159,0.024527,0.159964
34500,0.012971,0.009789,0.098517
34510,0.013482,0.009852,0.108933
34520,0.015970,0.011703,0.120035
34530,0.036921,0.028255,0.166099
34540,0.009182,0.006796,0.096017
34550,0.001660,0.001227,0.062321
34560,0.019093,0.014387,0.118008
34570,0.032168,0.024132,0.154141
34580,0.040525,0.030653,0.173452
34590,0.007568,0.005575,0.669103
34600,0.020218,0.015235,0.112529
34610,0.012620,0.009485,0.098726
34620,0.032907,0.024572,0.168187
34630,0.027618,0.021658,0.132980
34640,0.025545,0.019569,0.139562
34650,0.033124,0.025029,0.150192
34660,0.025477,0.019335,0.125570
34670,0.029854,0.023000,0.129852
34680,0.024880,0.018947,0.134804
34690,0.004313,0.003189,0.090853
34700,0.027559,0.021207,0.142583
34710,0.023712,0.019030,0.108643
34720,0.024570,0.018317,0.126487
34730,0.012907,0.009945,0.101684
34740,0.022794,0.017354,0.117143
34750,0.018211,0.012395,0.124561
34760,0.032431,0.024395,0.148684
34770,0.057186,0.043542,0.211929
34780,0.028014,0.021260,0.129931
34790,0.011561,0.008883,0.056790
34800,0.012158,0.009504,0.068127
34810,0.016878,0.013415,0.115483
34820,0.014160,0.010413,0.125676
34830,0.034626,0.026319,0.155229
34840,0.014739,0.011192,0.113325
34850,0.017062,0.012908,0.102871
34860,0.019328,0.014780,0.110616
34870,0.053137,0.039826,0.209030
34880,0.029945,0.022498,0.137517
34890,0.025530,0.019197,0.132586
34900,0.030447,0.022834,0.115564
34910,0.024396,0.018287,0.138938
34920,0.017488,0.012749,0.112478
34930,0.030045,0.022326,0.158551
34940,0.017371,0.012882,0.102163
34950,0.030136,0.022761,0.143797
34960,0.026505,0.020433,0.125456
34970,0.022013,0.016767,0.123224
34980,0.044869,0.034062,0.181488
34990,0.023284,0.017072,0.137340
35000,0.022452,0.017999,0.132382
35010,0.023300,0.017554,0.126630
35020,0.035240,0.026880,0.161933
35030,0.036797,0.028242,0.159884
35040,0.022033,0.016801,0.125634
35050,0.024341,0.018487,0.137966
35060,0.033253,0.025621,0.161018
35070,0.034928,0.027007,0.145101
35080,0.035333,0.027082,0.156307
35090,0.017696,0.012886,0.094864
35100,0.018840,0.014638,0.121050
35110,0.029309,0.021851,0.136309
35120,0.029444,0.022406,0.158724
35130,0.004744,0.003481,0.040920
35140,0.010733,0.007865,0.106728
35150,0.019409,0.014629,0.116764
35160,0.034996,0.026546,0.154109
35170,0.021666,0.016689,0.123995
35180,0.022804,0.017032,0.132688
35190,0.004109,0.003205,0.083663
35200,0.013139,0.010806,0.169747
35210,0.033288,0.025232,0.149790
35220,0.035286,0.026780,0.156877
35230,0.012128,0.008888,0.065079
35240,0.021634,0.015979,0.134132
35250,0.020764,0.016065,0.106797
35260,0.036496,0.028192,0.157228
35270,0.030780,0.023767,0.146914
35280,0.039211,0.031995,0.174223
35290,0.017599,0.013278,0.114901
35300,0.021826,0.016297,0.178635
35310,0.025932,0.019101,0.131813
35320,0.013632,0.010184,0.107036
35330,0.021313,0.016829,0.200402
35340,0.030390,0.023136,0.143019
35350,0.036571,0.028308,0.164527
35360,0.015617,0.011869,0.089878
35370,0.008279,0.006235,0.044618
35380,0.024541,0.019116,0.121658
35390,0.022192,0.016601,0.107385
35400,0.022395,0.016344,0.135249
35410,0.018870,0.013710,0.133000
35420,0.012708,0.009349,0.062084
35430,0.019633,0.015492,0.105392
35440,0.031417,0.023825,0.153133
35450,0.021454,0.016583,0.129701
35460,0.033395,0.025797,0.144095
35470,0.040964,0.031259,0.167266
35480,0.041752,0.032102,0.173273
35490,0.005510,0.004002,0.080797
35500,0.009875,0.007181,0.073521
35510,0.021927,0.016474,0.139914
35520,0.020331,0.015259,0.113464
35530,0.019324,0.014602,0.103688
35540,0.036052,0.028296,0.158817
35550,0.020836,0.015930,0.096212
35560,0.019056,0.014136,0.107262
35570,0.032476,0.024616,0.155051
35580,0.004407,0.006557,0.233498
35590,0.017550,0.013017,0.099172
35600,0.047283,0.035638,0.185734
35610,0.026606,0.020515,0.117563
35620,0.030128,0.022997,0.139152
35630,0.011580,0.008890,0.081641
35640,0.016347,0.012147,0.126433
35650,0.029585,0.022620,0.149068
35660,0.026212,0.020004,0.135301
35670,0.035313,0.027804,0.165083
35680,0.029242,0.024189,0.141445
35690,0.036733,0.028482,0.162582
35700,0.024165,0.018466,0.132798
35710,0.021333,0.015979,0.120255
35720,0.030110,0.022875,0.144868
35730,0.053734,0.040398,0.202174
35740,0.007289,0.005144,0.088767
35750,0.025901,0.019508,0.109046
35760,0.032816,0.024997,0.161011
35770,0.035076,0.026587,0.155351
35780,0.014198,0.010324,0.121080
35790,0.037569,0.028760,0.161357
35800,0.039959,0.031905,0.181721
35810,0.035509,0.026883,0.166748
35820,0.012596,0.009452,0.105767
35830,0.018490,0.014139,0.110922
35840,0.018561,0.014178,0.131142
35850,0.001429,0.001218,0.113097
35860,0.020766,0.015934,0.124815
35870,0.029223,0.022206,0.130920
35880,0.022969,0.017476,0.126739
35890,0.015535,0.011518,0.114776
35900,0.012402,0.009461,0.100828
35910,0.015360,0.011300,0.118564
35920,0.033494,0.025282,0.137651
35930,0.019577,0.014470,0.124306
35940,0.021157,0.015527,0.088209
35950,0.043824,0.033880,0.181175
35960,0.018360,0.013918,0.147464
35970,0.023986,0.017966,0.138354
35980,0.009225,0.006878,0.118262
35990,0.032526,0.024767,0.137063
36000,0.029209,0.022255,0.152602
36010,0.014194,0.010401,0.112916
36020,0.023876,0.018396,0.132601
36030,0.023467,0.017975,0.138871
36040,0.041449,0.031652,0.169881
36050,0.026985,0.020578,0.115307
36060,0.017076,0.012775,0.111613
36070,0.024783,0.018929,0.127180
36080,0.016367,0.012375,0.108914
36090,0.009950,0.007301,0.105757
36100,0.007900,0.005766,0.100148
36110,0.013498,0.010076,0.103862
36120,0.037481,0.028205,0.168237
36130,0.022738,0.017638,0.139917
36140,0.018667,0.013660,0.106412
36150,0.031398,0.023375,0.153513
36160,0.011277,0.008334,0.104146
36170,0.011382,0.008527,0.096406
36180,0.037305,0.028606,0.140463
36190,0.013174,0.010143,0.106844
36200,0.038581,0.029376,0.164737
36210,0.026414,0.020083,0.127533
36220,0.025018,0.019433,0.130099
36230,0.045920,0.034868,0.168755
36240,0.019632,0.014549,0.100408
36250,0.019063,0.014488,0.088601
36260,0.046085,0.034928,0.178580
36270,0.017480,0.012977,0.118737
36280,0.036572,0.028300,0.134060
36290,0.032475,0.025618,0.149473
36300,0.033725,0.025703,0.155577
36310,0.025565,0.019422,0.135205
36320,0.013942,0.011094,0.115169
36330,0.024137,0.017724,0.142772
36340,0.011316,0.008227,0.091701
36350,0.011145,0.008475,0.094104
36360,0.023982,0.018391,0.131668
36370,0.027214,0.020442,0.133431
36380,0.010049,0.007464,0.085434
36390,0.016400,0.012733,0.092747
36400,0.014825,0.011397,0.108564
36410,0.036119,0.027561,0.156513
36420,0.011037,0.007897,0.102625
36430,0.015040,0.011463,0.100817
36440,0.022273,0.017903,0.153450
36450,0.015886,0.011605,0.139327
36460,0.024534,0.018245,0.137330
36470,0.009650,0.006982,0.091138
36480,0.032644,0.024776,0.150002
36490,0.014614,0.011288,0.096553
36500,0.022187,0.016385,0.128393
36510,0.038184,0.029000,0.154471
36520,0.014281,0.010941,0.084401
36530,0.024600,0.018898,0.132606
36540,0.028880,0.022063,0.138343
36550,0.027258,0.021011,0.131628
36560,0.020545,0.015295,0.121865
36570,0.026148,0.019804,0.134332
36580,0.005415,0.003805,0.103274
36590,0.037780,0.029084,0.163847
36600,0.029174,0.021894,0.129228
36610,0.010946,0.008294,0.092789
36620,0.014725,0.010555,0.106407
36630,0.008365,0.006136,0.112464
36640,0.015217,0.011491,0.108246
36650,0.029569,0.022263,0.140276
36660,0.026027,0.021598,0.110170
36670,0.006323,0.004554,0.037137
36680,0.013350,0.009850,0.078100
36690,0.022169,0.016788,0.121288
36700,0.003229,0.002106,0.052684
36710,0.024867,0.018002,0.106991
36720,0.016098,0.012186,0.086091
36730,0.006333,0.004680,0.099064
36740,0.023046,0.017202,0.134530
36750,0.010282,0.007936,0.112310
36760,0.038644,0.029239,0.168560
36770,0.013129,0.009489,0.090988
36780,0.014562,0.010616,0.083857
36790,0.005320,0.003984,0.119589
36800,0.000002,0.000004,0.000010
36810,0.017401,0.013223,0.118533
36820,0.017324,0.012772,0.085376
36830,0.023550,0.018394,0.096000
36840,0.010050,0.006866,0.059401
36850,0.008427,0.006265,0.076399
36860,0.013170,0.009213,0.097479
36870,0.017167,0.012992,0.105734
36880,0.009410,0.006835,0.114227
36890,0.046383,0.035645,0.170264
36900,0.015829,0.011950,0.113589
36910,0.013404,0.009799,0.119643
36920,0.024614,0.018495,0.097649
36930,0.024193,0.018596,0.111317
36940,0.012406,0.009374,0.104747
36950,0.023371,0.017511,0.129494
36960,0.047544,0.035861,0.189355
36970,0.029634,0.022569,0.134567
36980,0.038977,0.029512,0.160117
36990,0.017725,0.013154,0.102970
37000,0.027682,0.021125,0.122605
37010,0.021824,0.016377,0.092872
37020,0.016825,0.012305,0.120175
37030,0.022523,0.016928,0.134321
37040,0.009884,0.007257,0.093810
37050,0.026632,0.020335,0.136029
37060,0.015633,0.011680,0.098170
37070,0.015994,0.011832,0.112346
37080,0.015150,0.011421,0.120547
37090,0.037605,0.028894,0.160919
37100,0.022180,0.016674,0.136250
37110,0.023543,0.017992,0.118483
37120,0.027859,0.021022,0.145465
37130,0.030785,0.023483,0.144063
37140,0.015895,0.011991,0.145782
37150,0.030221,0.023375,0.147407
37160,0.016273,0.012161,0.128043
37170,0.028250,0.021402,0.136880
37180,0.031867,0.024570,0.141246
37190,0.043901,0.033563,0.165618
37200,0.035012,0.026880,0.156396
37210,0.020036,0.015126,0.100857
37220,0.021145,0.015990,0.113479
37230,0.031592,0.023935,0.144724
37240,0.039751,0.029930,0.172410
37250,0.021335,0.016450,0.117500
37260,0.030424,0.023021,0.143388
37270,0.013746,0.010080,0.102769
37280,0.020533,0.015469,0.108255
37290,0.022070,0.015775,0.135808
37300,0.015492,0.011513,0.110599
37310,0.015171,0.011137,0.113646
37320,0.012770,0.009259,0.090520
37330,0.001794,0.001285,0.032547
37340,0.013957,0.011489,0.103502
37350,0.012573,0.009340,0.103602
37360,0.034814,0.026708,0.142876
37370,0.022247,0.016418,0.129745
37380,0.035462,0.027250,0.141352
37390,0.000661,0.000647,0.647222
37400,0.028053,0.021523,0.122323
37410,0.023791,0.018079,0.123067
37420,0.017419,0.013283,0.102276
37430,0.028731,0.021751,0.135715
37440,0.053392,0.040690,0.197608
37450,0.012432,0.009578,0.061549
37460,0.056746,0.043175,0.203857
37470,0.009908,0.007674,0.073909
37480,0.029783,0.022417,0.144489
37490,0.023874,0.018722,0.134842
37500,0.048126,0.037050,0.186917
37510,0.015629,0.011629,0.096240
37520,0.011411,0.008443,0.109568
37530,0.019230,0.014133,0.122807
37540,0.049532,0.038078,0.189749
37550,0.013586,0.009950,0.103357
37560,0.034042,0.025720,0.154534
37570,0.013366,0.009989,0.098977
37580,0.036784,0.027795,0.158862
37590,0.011077,0.008003,0.051847
37600,0.013990,0.010528,0.102741
37610,0.026154,0.020090,0.125765
37620,0.027848,0.020751,0.145102
37630,0.024274,0.018696,0.128679
37640,0.025839,0.019686,0.132783
37650,0.023227,0.017710,0.113988
37660,0.016932,0.012505,0.121222
37670,0.016297,0.012481,0.102994
37680,0.004205,0.002787,0.121751
37690,0.016246,0.012738,0.081067
37700,0.052286,0.039185,0.197191
37710,0.022300,0.016871,0.126596
37720,0.021840,0.016126,0.128764
37730,0.020559,0.015985,0.100388
37740,0.028815,0.022224,0.134063
37750,0.043035,0.032739,0.165258
37760,0.003465,0.002464,0.116673
37770,0.019001,0.014295,0.115574
37780,0.033784,0.025437,0.152503
37790,0.023833,0.018497,0.107129
37800,0.038906,0.030335,0.147117
37810,0.031650,0.024204,0.154635
37820,0.016431,0.013052,0.082483
37830,0.028662,0.021272,0.147536
37840,0.031272,0.024315,0.145477
37850,0.021286,0.015778,0.132656
37860,0.010848,0.007885,0.094176
37870,0.047592,0.035669,0.191505
37880,0.009325,0.006936,0.086880
37890,0.028439,0.021935,0.129351
37900,0.015541,0.013326,0.114499
37910,0.031643,0.024091,0.137906
37920,0.003082,0.002107,0.080346
37930,0.024343,0.018162,0.131677
37940,0.013170,0.009704,0.107084
37950,0.041788,0.032050,0.173908
37960,0.000003,0.000010,0.000022
37970,0.037370,0.027960,0.164194
37980,0.011019,0.008454,0.072004
37990,0.020897,0.015540,0.088983
38000,0.019832,0.015095,0.115502
38010,0.014532,0.010683,0.110405
38020,0.017528,0.013438,0.123099
38030,0.030470,0.023389,0.150109
38040,0.018402,0.013910,0.112854
38050,0.021189,0.016022,0.127262
38060,0.028047,0.021254,0.108004
38070,0.022324,0.016241,0.134255
38080,0.033934,0.026147,0.141416
38090,0.026016,0.019567,0.131802
38100,0.006779,0.004939,0.051094
38110,0.036911,0.027656,0.165790
38120,0.039383,0.030557,0.152011
38130,0.011109,0.008325,0.093516
38140,0.015137,0.011220,0.112133
38150,0.013300,0.010226,0.101208
38160,0.028865,0.022697,0.135130
38170,0.014690,0.011289,0.082925
38180,0.011694,0.008503,0.085610
38190,0.048266,0.037628,0.183715
38200,0.020398,0.015485,0.123561
38210,0.023255,0.017618,0.124892
38220,0.026402,0.020389,0.109629
38230,0.000001,0.000001,0.000004
38240,0.009464,0.006875,0.104820
38250,0.018698,0.013610,0.105562
38260,0.023406,0.017542,0.133086
38270,0.012625,0.009167,0.088566
38280,0.014861,0.011515,0.115186
38290,0.027617,0.020927,0.140773
38300,0.030162,0.022602,0.149476
38310,0.032594,0.024848,0.150105
38320,0.026092,0.020141,0.129934
38330,0.022579,0.017046,0.131629
38340,0.028478,0.021537,0.127268
38350,0.016268,0.012146,0.107715
38360,0.027066,0.020591,0.127876
38370,0.024823,0.019745,0.108537
38380,0.019104,0.014261,0.111539
38390,0.043398,0.034004,0.176074
38400,0.022928,0.017346,0.134390
38410,0.033330,0.025910,0.161615
38420,0.030459,0.023124,0.149085
38430,0.027792,0.020912,0.138335
38440,0.014436,0.010807,0.082903
38450,0.069546,0.045276,0.252416
38460,0.014855,0.010670,0.126797
38470,0.026672,0.021644,0.111388
38480,0.009189,0.006683,0.122690
38490,0.040452,0.031107,0.157612
38500,0.022107,0.016369,0.135795
38510,0.011927,0.008734,0.103518
38520,0.038752,0.029558,0.165122
38530,0.015878,0.012251,0.107256
38540,0.015743,0.011627,0.083867
38550,0.038975,0.029661,0.162757
38560,0.025181,0.019084,0.112566
38570,0.009815,0.007187,0.163816
38580,0.023155,0.017857,0.117861
38590,0.027571,0.020811,0.137372
38600,0.015203,0.011564,0.092105
38610,0.015169,0.011194,0.110143
38620,0.025167,0.018903,0.107695
38630,0.026732,0.019747,0.145357
38640,0.005079,0.003693,0.096286
38650,0.016031,0.012349,0.069693
38660,0.021330,0.015828,0.102228
38670,0.041896,0.032410,0.157371
38680,0.019596,0.014574,0.112988
38690,0.007635,0.005470,0.116223
38700,0.032344,0.022204,0.160272
38710,0.015081,0.011362,0.112709
38720,0.052406,0.040442,0.194232
38730,0.041686,0.031300,0.177296
38740,0.015061,0.011227,0.119756
38750,0.025734,0.019816,0.132370
38760,0.022676,0.017387,0.127221
38770,0.056102,0.042505,0.208980
38780,0.024335,0.018523,0.120448
38790,0.015714,0.012475,0.111538
38800,0.019861,0.015210,0.123859
38810,0.009132,0.006880,0.059576
38820,0.040195,0.030480,0.174659
38830,0.043721,0.034489,0.177544
38840,0.020123,0.014574,0.098406
38850,0.037604,0.029673,0.157949
38860,0.017389,0.012943,0.112588
38870,0.026704,0.019895,0.149479
38880,0.005236,0.003729,0.089942
38890,0.019523,0.015016,0.095169
38900,0.032665,0.025178,0.152357
38910,0.019494,0.014767,0.116362
38920,0.026902,0.020188,0.139242
38930,0.035044,0.026639,0.160981
38940,0.021742,0.016268,0.123970
38950,0.040767,0.030881,0.183719
38960,0.021272,0.016256,0.117265
38970,0.000591,0.000427,0.126017
38980,0.005272,0.004016,0.047161
38990,0.011561,0.008822,0.087460
39000,0.033440,0.025355,0.147326
39010,0.018819,0.014104,0.136006
39020,0.022042,0.016348,0.114433
39030,0.004756,0.003459,0.077577
39040,0.003014,0.002280,0.093913
39050,0.033344,0.025515,0.148021
39060,0.009070,0.006326,0.122767
39070,0.034962,0.031593,0.167303
39080,0.011223,0.008234,0.103027
39090,0.007740,0.007139,0.211041
39100,0.049844,0.037949,0.192125
39110,0.031937,0.024031,0.150444
39120,0.022574,0.017368,0.125863
39130,0.017063,0.012672,0.117504
39140,0.034747,0.026044,0.152308
39150,0.037864,0.029202,0.150347
39160,0.014683,0.010472,0.120551
39170,0.011126,0.008427,0.052717
39180,0.037434,0.028643,0.157126
39190,0.010836,0.007823,0.110511
39200,0.029145,0.022404,0.145064
39210,0.012640,0.009783,0.089307
39220,0.013504,0.010296,0.063380
39230,0.002432,0.002045,0.016622
39240,0.019186,0.015262,0.099323
39250,0.038921,0.029978,0.161539
39260,0.022096,0.016503,0.126045
39270,0.025737,0.019197,0.135557
39280,0.039138,0.029599,0.165271
39290,0.010965,0.008143,0.101509
39300,0.039359,0.030070,0.155451
39310,0.021097,0.016042,0.119887
39320,0.036792,0.028099,0.157230
39330,0.036093,0.027481,0.152957
39340,0.023689,0.018085,0.138712
39350,0.029787,0.022782,0.139566
39360,0.035668,0.028043,0.155707
39370,0.002931,0.002189,0.065368
39380,0.024185,0.018591,0.129748
39390,0.018404,0.013707,0.106787
39400,0.023344,0.017807,0.128611
39410,0.013483,0.010276,0.092765
39420,0.018499,0.013996,0.101797
39430,0.003405,0.002314,0.086688
39440,0.023610,0.018567,0.127580
39450,0.015429,0.011312,0.122846
39460,0.022129,0.017184,0.121288
39470,0.005861,0.004609,0.056100
39480,0.016027,0.012605,0.075221
39490,0.030484,0.023810,0.147315
39500,0.049193,0.038673,0.192979
39510,0.022547,0.017662,0.120875
39520,0.020095,0.015093,0.101929
39530,0.018832,0.013866,0.129282
39540,0.010692,0.007807,0.090772
39550,0.025229,0.019632,0.139649
39560,0.023595,0.017655,0.124671
39570,0.027287,0.020622,0.131442
39580,0.017471,0.013124,0.115235
39590,0.037873,0.028587,0.168620
39600,0.026270,0.020454,0.142601
39610,0.039185,0.030271,0.160689
39620,0.013134,0.009587,0.093726
39630,0.023853,0.018057,0.130268
39640,0.029451,0.021992,0.138053
39650,0.019509,0.014597,0.133151
39660,0.015503,0.011298,0.108597
39670,0.011618,0.008424,0.098684
39680,0.023589,0.017684,0.123194
39690,0.028148,0.021404,0.135866
39700,0.032114,0.024280,0.150512
39710,0.039637,0.030608,0.162327
39720,0.024991,0.018483,0.100154
39730,0.016989,0.012547,0.088320
39740,0.027892,0.021597,0.136298
39750,0.008596,0.006253,0.112898
39760,0.031861,0.024238,0.140542
39770,0.012731,0.009262,0.092544
39780,0.026010,0.020077,0.103511
39790,0.026181,0.019537,0.139413
39800,0.003233,0.002381,0.078327
39810,0.005768,0.004354,0.029525
39820,0.018236,0.021344,0.110223
39830,0.027253,0.020494,0.127183
39840,0.019884,0.014773,0.114215
39850,0.029157,0.022548,0.134093
39860,0.035716,0.027350,0.144814
39870,0.037980,0.028956,0.149122
39880,0.033886,0.026413,0.167221
39890,0.019220,0.014787,0.098623
39900,0.016751,0.012600,0.101347
39910,0.017808,0.013874,0.106792
39920,0.038664,0.029425,0.168893
39930,0.026709,0.020189,0.130870
39940,0.024271,0.018433,0.121429
39950,0.020916,0.015923,0.113793
39960,0.003376,0.002400,0.074367
39970,0.026037,0.019763,0.133091
39980,0.013381,0.010087,0.110001
39990,0.031214,0.023847,0.150876
40000,0.023495,0.018480,0.128248
40010,0.013882,0.010118,0.106565
40020,0.001217,0.000864,0.010455
40030,0.012505,0.009448,0.101081
40040,0.059420,0.046994,0.196306
40050,0.036421,0.027928,0.153382
40060,0.006657,0.004953,0.040652
40070,0.024835,0.018816,0.125881
40080,0.019144,0.014165,0.126653
40090,0.019439,0.015035,0.106835
40100,0.028843,0.021832,0.136562
40110,0.023872,0.018200,0.122128
40120,0.016739,0.012503,0.100355
40130,0.023162,0.017501,0.131870
40140,0.026231,0.019899,0.144590
40150,0.005770,0.004365,0.071631
40160,0.010423,0.007780,0.093776
40170,0.031892,0.024568,0.151940
40180,0.041591,0.031233,0.171217
40190,0.000401,0.000280,0.087816
40200,0.004240,0.003094,0.101950
40210,0.018347,0.013838,0.103164
40220,0.012272,0.009198,0.074016
40230,0.035540,0.028264,0.146898
40240,0.028153,0.020851,0.119674
40250,0.019137,0.014847,0.119237
40260,0.036404,0.027812,0.160904
40270,0.022954,0.017611,0.103024
40280,0.001135,0.000837,0.072072
40290,0.011203,0.008774,0.056663
40300,0.040730,0.030444,0.167968
40310,0.011579,0.008640,0.097498
40320,0.022650,0.017396,0.129704
40330,0.025467,0.019456,0.117739
40340,0.047953,0.036729,0.173881
40350,0.027065,0.020225,0.152937
40360,0.016408,0.013073,0.088873
40370,0.016105,0.011778,0.079195
40380,0.011329,0.008595,0.098603
40390,0.027788,0.021275,0.135825
40400,0.016721,0.012586,0.105501
40410,0.042545,0.032476,0.173427
40420,0.031732,0.024223,0.151305
40430,0.012541,0.010389,0.118750
40440,0.053803,0.040287,0.201357
40450,0.014348,0.010556,0.107020
40460,0.032427,0.024534,0.148796
40470,0.028952,0.021944,0.120353
40480,0.038938,0.030123,0.156651
40490,0.024654,0.018743,0.132960
40500,0.022034,0.016925,0.096408
40510,0.038736,0.030016,0.154325
40520,0.021250,0.016047,0.116480
40530,0.034717,0.026522,0.141534
40540,0.018616,0.013204,0.142404
40550,0.017330,0.013336,0.088944
40560,0.021404,0.016323,0.121668
40570,0.010081,0.007487,0.078481
40580,0.002416,0.001718,0.066715
40590,0.035109,0.026422,0.155690
40600,0.014721,0.011487,0.108636
40610,0.008546,0.006303,0.086032
40620,0.029450,0.022186,0.141823
40630,0.035451,0.027263,0.148262
40640,0.018317,0.014140,0.109385
40650,0.017895,0.013599,0.088531
40660,0.017187,0.012357,0.136177
40670,0.015823,0.011668,0.111292
40680,0.012899,0.009862,0.087604
40690,0.042360,0.032899,0.163922
40700,0.012650,0.010192,0.130880
40710,0.009006,0.006793,0.089039
40720,0.032069,0.025457,0.144923
40730,0.012739,0.009696,0.097529
40740,0.016583,0.012134,0.118917
40750,0.008397,0.006336,0.079171
40760,0.016986,0.012597,0.120876
40770,0.022056,0.016381,0.118777
40780,0.026510,0.019829,0.137601
40790,0.027298,0.020666,0.136722
40800,0.035118,0.026292,0.133637
40810,0.030988,0.023310,0.139346
40820,0.023228,0.017631,0.105776
40830,0.023879,0.018058,0.141111
40840,0.027575,0.020882,0.157364
40850,0.019389,0.014773,0.106438
40860,0.024897,0.019052,0.109873
40870,0.009763,0.007571,0.081930
40880,0.014049,0.010666,0.108820
40890,0.019507,0.015211,0.090576
40900,0.002890,0.002185,0.025134
40910,0.025371,0.018746,0.141883
40920,0.003726,0.002658,0.031842
40930,0.041128,0.031536,0.167836
40940,0.013684,0.010186,0.111676
40950,0.021564,0.016366,0.123574
40960,0.026463,0.020166,0.147264
40970,0.012815,0.009957,0.091973
40980,0.024790,0.018616,0.136705
40990,0.015925,0.012167,0.100544
41000,0.028966,0.022229,0.131835
41010,0.037225,0.028382,0.168301
41020,0.036719,0.027690,0.169077
41030,0.036343,0.028635,0.153241
41040,0.030718,0.023484,0.153660
41050,0.034808,0.027559,0.147447
41060,0.043098,0.033081,0.170609
41070,0.024738,0.019369,0.128737
41080,0.026447,0.020188,0.127146
41090,0.024505,0.018912,0.136475
41100,0.021837,0.016831,0.125708
41110,0.017515,0.013312,0.101887
41120,0.029306,0.022532,0.134935
41130,0.018307,0.013589,0.120354
41140,0.024242,0.017968,0.126665
41150,0.018761,0.014337,0.104165
41160,0.018391,0.013441,0.113450
41170,0.030219,0.022428,0.140258
41180,0.016912,0.012754,0.110512
41190,0.033006,0.025635,0.147686
41200,0.013680,0.010071,0.111591
41210,0.017002,0.010645,0.202771
41220,0.052421,0.039941,0.196701
41230,0.019119,0.013934,0.118521
41240,0.028032,0.021673,0.129591
41250,0.006797,0.005162,0.142016
41260,0.018781,0.013694,0.097193
41270,0.008465,0.006078,0.070626
41280,0.038984,0.030182,0.179817
41290,0.015846,0.012234,0.074774
41300,0.023224,0.018876,0.124491
41310,0.022731,0.017085,0.127853
41320,0.009968,0.007612,0.086128
41330,0.017034,0.013008,0.106082
41340,0.029912,0.023175,0.143251
41350,0.026840,0.020198,0.134708
41360,0.008327,0.006362,0.044224
41370,0.031269,0.023584,0.154906
41380,0.015956,0.012201,0.107362
41390,0.021258,0.015921,0.166726
41400,0.015482,0.012428,0.072286
41410,0.032195,0.024127,0.123587
41420,0.028584,0.021853,0.132989
41430,0.017545,0.013875,0.126473
41440,0.024044,0.018580,0.099321
41450,0.028779,0.021674,0.143673
41460,0.015099,0.012079,0.105787
41470,0.019381,0.014734,0.115090
41480,0.005975,0.004128,0.094967
41490,0.011395,0.008313,0.123910
41500,0.014454,0.011122,0.085703
41510,0.040794,0.031620,0.164050
41520,0.011576,0.009188,0.090276
41530,0.044832,0.034971,0.176694
41540,0.038715,0.029441,0.167113
41550,0.040037,0.030810,0.162258
41560,0.013224,0.009683,0.108446
41570,0.012284,0.009195,0.097480
41580,0.000739,0.000594,0.084591
41590,0.013526,0.009501,0.097792
41600,0.020877,0.015756,0.117181
41610,0.060984,0.045986,0.226687
41620,0.030100,0.023006,0.127243
41630,0.021050,0.015917,0.101507
41640,0.027989,0.021547,0.144284
41650,0.035507,0.027135,0.142597
41660,0.038180,0.028829,0.156250
41670,0.021984,0.016806,0.138044
41680,0.016871,0.013200,0.122090
41690,0.023840,0.019127,0.101888
41700,0.010480,0.007816,0.095368
41710,0.011330,0.008352,0.087021
41720,0.020876,0.016025,0.113077
41730,0.032473,0.025899,0.129984
41740,0.023501,0.018116,0.133680
41750,0.001445,0.001028,0.072806
41760,0.027845,0.021129,0.139345
41770,0.028265,0.021346,0.137292
41780,0.024523,0.018434,0.121960
41790,0.010313,0.007709,0.095279
41800,0.017429,0.013343,0.103377
41810,0.024793,0.017791,0.140464
41820,0.000957,0.000693,0.117722
41830,0.021569,0.016295,0.126353
41840,0.031427,0.024004,0.159046
41850,0.002790,0.002059,0.067200
41860,0.019879,0.015064,0.111924
41870,0.034202,0.025778,0.150628
41880,0.025245,0.018898,0.139837
41890,0.026159,0.019896,0.120178
41900,0.019298,0.014715,0.110428
41910,0.022926,0.017044,0.123632
41920,0.020489,0.014975,0.125541
41930,0.014895,0.011134,0.078361
41940,0.023591,0.018250,0.126164
41950,0.013730,0.010901,0.084486
41960,0.035428,0.027614,0.156073
41970,0.000273,0.000178,0.057879
41980,0.017672,0.013630,0.109206
41990,0.027826,0.021402,0.142184
42000,0.044758,0.034257,0.173014
42010,0.008860,0.006651,0.046759
42020,0.048717,0.036676,0.187649
42030,0.018664,0.013984,0.129420
42040,0.025340,0.019009,0.105768
42050,0.021941,0.016515,0.129563
42060,0.015199,0.011224,0.115954
42070,0.015364,0.011086,0.095847
42080,0.001150,0.000734,0.121228
42090,0.029724,0.022968,0.135524
42100,0.017954,0.013315,0.103505
42110,0.004810,0.003315,0.042251
42120,0.022339,0.016620,0.124610
42130,0.028616,0.021844,0.124598
42140,0.023632,0.017618,0.126598
42150,0.019740,0.014915,0.107838
42160,0.014374,0.010853,0.104490
42170,0.014308,0.011115,0.096346
42180,0.026559,0.019926,0.150454
42190,0.003718,0.003009,0.030005
42200,0.002241,0.001623,0.077162
42210,0.014042,0.010904,0.100475
42220,0.030715,0.023957,0.141995
42230,0.004444,0.003586,0.101860
42240,0.025103,0.018796,0.101056
42250,0.020546,0.015509,0.113925
42260,0.044580,0.033766,0.174098
42270,0.035772,0.026980,0.161325
42280,0.030341,0.022934,0.141431
42290,0.007597,0.005017,0.045002
42300,0.026795,0.020583,0.125869
42310,0.015471,0.011036,0.123066
42320,0.038378,0.029309,0.150265
42330,0.019230,0.014952,0.093656
42340,0.008211,0.006473,0.081329
42350,0.017658,0.013009,0.095839
42360,0.038658,0.030206,0.164847
42370,0.020698,0.015190,0.115509
42380,0.016747,0.012593,0.100412
42390,0.020267,0.015587,0.112566
42400,0.022457,0.017061,0.131868
42410,0.003733,0.002779,0.107876
42420,0.018308,0.013807,0.112621
42430,0.030167,0.022947,0.144508
42440,0.039684,0.030211,0.162421
42450,0.013389,0.010049,0.108411
42460,0.020510,0.015518,0.122888
42470,0.019263,0.014824,0.116715
42480,0.013485,0.010452,0.101280
42490,0.016573,0.012289,0.112466
42500,0.001963,0.001347,0.121957
42510,0.015083,0.011530,0.104487
42520,0.011419,0.009496,0.103199
42530,0.003407,0.002329,0.074831
42540,0.012936,0.009230,0.104108
42550,0.038742,0.029793,0.150961
42560,0.013915,0.010278,0.100553
42570,0.018122,0.013838,0.085535
42580,0.014778,0.011197,0.085067
42590,0.031036,0.024117,0.140179
42600,0.013087,0.009918,0.071099
42610,0.037485,0.028967,0.156892
42620,0.018357,0.014370,0.086488
42630,0.011928,0.008825,0.092407
42640,0.014028,0.010695,0.095992
42650,0.042739,0.036459,0.194622
42660,0.024479,0.018734,0.122952
42670,0.034985,0.026974,0.151792
42680,0.023678,0.017925,0.118497
42690,0.034025,0.025841,0.142006
42700,0.011253,0.008064,0.100287
42710,0.025459,0.019540,0.128294
42720,0.031903,0.024015,0.142604
42730,0.021830,0.016568,0.118306
42740,0.024049,0.018422,0.128131
42750,0.020589,0.015842,0.087774
42760,0.008073,0.005964,0.088822
42770,0.046772,0.035253,0.185534
42780,0.026758,0.020155,0.135580
42790,0.007409,0.005532,0.075240
42800,0.003865,0.002830,0.081583
42810,0.021578,0.015868,0.146480
42820,0.018241,0.013827,0.109325
42830,0.018328,0.014039,0.102307
42840,0.009485,0.007333,0.077599
42850,0.029264,0.022599,0.119485
42860,0.034029,0.025799,0.151119
42870,0.023184,0.017235,0.145231
42880,0.011702,0.008897,0.100926
42890,0.016453,0.012394,0.105387
42900,0.027762,0.021237,0.117438
42910,0.024887,0.019385,0.131123
42920,0.018941,0.013609,0.109544
42930,0.046280,0.035113,0.184517
42940,0.026127,0.020350,0.117959
42950,0.019014,0.014032,0.110819
42960,0.017275,0.012996,0.123435
42970,0.029112,0.022419,0.140456
42980,0.006268,0.004703,0.074235
42990,0.034375,0.026015,0.138176
43000,0.018720,0.014166,0.107758
43010,0.015902,0.012156,0.105148
43020,0.026625,0.020619,0.128502
43030,0.026238,0.019231,0.141247
43040,0.009755,0.007355,0.108847
43050,0.035928,0.027380,0.158214
43060,0.035766,0.030238,0.154752
43070,0.019104,0.014727,0.088478
43080,0.028396,0.021594,0.136785
43090,0.038361,0.029485,0.160131
43100,0.037923,0.029275,0.164735
43110,0.031578,0.024182,0.156885
43120,0.007736,0.005768,0.076987
43130,0.029562,0.023034,0.141491
43140,0.036998,0.028290,0.156912
43150,0.000320,0.000261,0.121861
43160,0.028622,0.021650,0.133920
43170,0.006920,0.004875,0.126850
43180,0.027820,0.021473,0.139831
43190,0.016318,0.012628,0.112830
43200,0.022784,0.016975,0.125268
43210,0.037134,0.028479,0.161464
43220,0.021409,0.016324,0.099868
43230,0.004002,0.003337,0.028550
43240,0.013404,0.010187,0.101546
43250,0.010217,0.007622,0.092350
43260,0.016307,0.012342,0.093708
43270,0.016804,0.012710,0.123515
43280,0.018808,0.013760,0.126648
43290,0.031445,0.023533,0.137925
43300,0.026169,0.019855,0.140295
43310,0.020650,0.015516,0.120758
43320,0.019073,0.014352,0.105232
43330,0.014207,0.010166,0.119534
43340,0.017100,0.013216,0.089982
43350,0.005220,0.003396,0.146790
43360,0.021039,0.015924,0.124664
43370,0.007997,0.006175,0.097293
43380,0.012416,0.009360,0.063487
43390,0.049069,0.037328,0.184371
43400,0.009630,0.007350,0.068577
43410,0.030015,0.023212,0.152371
43420,0.029145,0.021972,0.130241
43430,0.018663,0.014188,0.090230
43440,0.014492,0.011192,0.107225
43450,0.001157,0.000888,0.007175
43460,0.026795,0.020935,0.148652
43470,0.025571,0.020072,0.129372
43480,0.027134,0.020931,0.144068
43490,0.029800,0.022727,0.144431
43500,0.034195,0.026576,0.152810
43510,0.038102,0.029033,0.154146
43520,0.016109,0.011761,0.114863
43530,0.031061,0.023118,0.139867
43540,0.033223,0.025036,0.152384
43550,0.003712,0.002647,0.084944
43560,0.020160,0.014657,0.111895
43570,0.020697,0.015854,0.113671
43580,0.025196,0.019822,0.120150
43590,0.015140,0.011298,0.107993
43600,0.017890,0.013475,0.105900
43610,0.004129,0.003062,0.034400
43620,0.008803,0.006528,0.039449
43630,0.004913,0.003557,0.036561
43640,0.031936,0.024189,0.142564
43650,0.041746,0.031923,0.173850
43660,0.017849,0.013393,0.092244
43670,0.037288,0.028731,0.161976
43680,0.036673,0.028462,0.155461
43690,0.031802,0.024295,0.143513
43700,0.019188,0.014797,0.104116
43710,0.021151,0.016111,0.125785
43720,0.018455,0.014171,0.113282
43730,0.026454,0.019806,0.133745
43740,0.028268,0.021928,0.129328
43750,0.018821,0.014125,0.108076
43760,0.011409,0.008218,0.101898
43770,0.039597,0.032684,0.167552
43780,0.025530,0.019385,0.131262
43790,0.007093,0.005429,0.165914
43800,0.025855,0.020424,0.106477
43810,0.007314,0.005490,0.090530
43820,0.021389,0.016231,0.116896
43830,0.020915,0.016287,0.127913
43840,0.009819,0.006613,0.114136
43850,0.020134,0.015263,0.115211
43860,0.026283,0.020215,0.117064
43870,0.015666,0.011943,0.126751
43880,0.028537,0.021628,0.128618
43890,0.022684,0.017478,0.130259
43900,0.022679,0.017422,0.104064
43910,0.023846,0.018378,0.119202
43920,0.017919,0.014282,0.112832
43930,0.044167,0.033818,0.181279
43940,0.027685,0.021024,0.124844
43950,0.016843,0.013108,0.101186
43960,0.029061,0.022236,0.142925
43970,0.007333,0.006490,0.047429
43980,0.027004,0.020653,0.127352
43990,0.027148,0.021042,0.131783
44000,0.018652,0.015034,0.133763
44010,0.013627,0.009720,0.111345
44020,0.021942,0.016283,0.118777
44030,0.027046,0.020344,0.133228
44040,0.028715,0.021885,0.131070
44050,0.000114,0.000083,0.654237
44060,0.025604,0.019357,0.107472
44070,0.019392,0.014920,0.119906
44080,0.035217,0.028485,0.163245
44090,0.011538,0.008496,0.067028
44100,0.008692,0.006454,0.086346
44110,0.000269,0.000182,0.054873
44120,0.016305,0.011943,0.102772
44130,0.011257,0.008693,0.087556
44140,0.039350,0.030182,0.164391
44150,0.027561,0.020769,0.140651
44160,0.035801,0.026854,0.141511
44170,0.022456,0.017048,0.124819
44180,0.026420,0.020517,0.128533
44190,0.015178,0.011395,0.113150
44200,0.002639,0.002007,0.021475
44210,0.030073,0.023064,0.145736
44220,0.018237,0.013530,0.095682
44230,0.020610,0.015816,0.117840
44240,0.005693,0.004410,0.067459
44250,0.015023,0.011183,0.117769
44260,0.016220,0.012240,0.115327
44270,0.017648,0.013341,0.075086
44280,0.036390,0.027945,0.155999
44290,0.024389,0.018771,0.123181
44300,0.021684,0.016891,0.121415
44310,0.014177,0.010532,0.105953
44320,0.034201,0.026026,0.171292
44330,0.020950,0.016299,0.106431
44340,0.024262,0.018619,0.132725
44350,0.046549,0.035981,0.167074
44360,0.000562,0.000403,0.043115
44370,0.009965,0.007412,0.089011
44380,0.042167,0.032418,0.169231
44390,0.012177,0.008971,0.096616
44400,0.034503,0.026229,0.164373
44410,0.024930,0.018846,0.106554
44420,0.019154,0.015005,0.087875
44430,0.007761,0.005901,0.073611
44440,0.006802,0.005770,0.031714
44450,0.024219,0.018358,0.104553
44460,0.010124,0.007798,0.084293
44470,0.023634,0.018727,0.100049
44480,0.009469,0.007008,0.088126
44490,0.024677,0.018740,0.119203
44500,0.018430,0.013521,0.123516
44510,0.011574,0.008479,0.088651
44520,0.010793,0.008130,0.075411
44530,0.025312,0.019005,0.130543
44540,0.027104,0.020873,0.127962
44550,0.036483,0.027925,0.161898
44560,0.039153,0.029646,0.169972
44570,0.041420,0.031206,0.169176
44580,0.007836,0.005881,0.113975
44590,0.009854,0.007192,0.119772
44600,0.028400,0.021151,0.128502
44610,0.023113,0.017461,0.115717
44620,0.007497,0.005399,0.079009
44630,0.003670,0.002562,0.080068
44640,0.023989,0.018251,0.135206
44650,0.040658,0.031835,0.171346
44660,0.018657,0.014799,0.107543
44670,0.012913,0.010007,0.060264
44680,0.019596,0.016106,0.118914
44690,0.010171,0.008138,0.092180
44700,0.014563,0.012593,0.089739
44710,0.010557,0.007930,0.083788
44720,0.015279,0.011807,0.076054
44730,0.023220,0.017539,0.129063
44740,0.013312,0.009814,0.100447
44750,0.024622,0.018704,0.129091
44760,0.009927,0.007203,0.108992
44770,0.033549,0.025728,0.127379
44780,0.023179,0.017956,0.119342
44790,0.033494,0.029418,0.156320
44800,0.019581,0.015156,0.096132
44810,0.038278,0.029927,0.172200
44820,0.014165,0.010458,0.110575
44830,0.015553,0.011605,0.117105
44840,0.012151,0.008704,0.112854
44850,0.022338,0.017165,0.120168
44860,0.033978,0.025824,0.159752
44870,0.024237,0.018778,0.104627
44880,0.004467,0.003163,0.093406
44890,0.020941,0.015788,0.094305
44900,0.015939,0.012222,0.114974
44910,0.020144,0.015093,0.114835
44920,0.002817,0.002117,0.113540
44930,0.015542,0.011725,0.096357
44940,0.032253,0.024239,0.152776
44950,0.035139,0.025724,0.157336
44960,0.046543,0.035762,0.179097
44970,0.006780,0.005376,0.089583
44980,0.024056,0.018357,0.125256
44990,0.028468,0.021770,0.145639
45000,0.042176,0.032011,0.171865
45010,0.027771,0.020741,0.142972
45020,0.026279,0.020032,0.121799
45030,0.011730,0.008579,0.097058
45040,0.009082,0.006408,0.111645
45050,0.016252,0.012349,0.080037
45060,0.030459,0.023005,0.133074
45070,0.007923,0.006019,0.062250
45080,0.035806,0.027309,0.160190
45090,0.015568,0.011716,0.088865
45100,0.031609,0.023718,0.131953
45110,0.018024,0.013701,0.081383
45120,0.006693,0.004938,0.091282
45130,0.012572,0.009362,0.105056
45140,0.022995,0.017671,0.100269
45150,0.013366,0.010037,0.057973
45160,0.006207,0.004881,0.045480
45170,0.010415,0.007500,0.103057
45180,0.020927,0.016211,0.096991
45190,0.035293,0.026947,0.152104
45200,0.030175,0.022812,0.133490
45210,0.036941,0.028032,0.138333
45220,0.018033,0.013732,0.102415
45230,0.025630,0.019388,0.105419
45240,0.026255,0.019878,0.112377
45250,0.032314,0.025772,0.133744
45260,0.014833,0.011311,0.085097
45270,0.005295,0.003697,0.085367
45280,0.013453,0.010452,0.096048
45290,0.028255,0.022222,0.116219
45300,0.010096,0.007629,0.083768
45310,0.023375,0.017843,0.107789
45320,0.024130,0.018771,0.120695
45330,0.011204,0.008604,0.112376
45340,0.025602,0.020375,0.134885
45350,0.007615,0.005428,0.095590
45360,0.023664,0.017740,0.113855
45370,0.004594,0.003780,0.035381
45380,0.037534,0.028666,0.159020
45390,0.040509,0.030986,0.156953
45400,0.007392,0.005058,0.094869
45410,0.014330,0.010670,0.070685
45420,0.016725,0.012655,0.109108
45430,0.011411,0.008600,0.090229
45440,0.031843,0.024053,0.152397
45450,0.009675,0.007124,0.085980
45460,0.019191,0.014651,0.107003
45470,0.016938,0.013439,0.084423
45480,0.012105,0.009500,0.067553
45490,0.008053,0.005909,0.085227
45500,0.003248,0.002358,0.021640
45510,0.007818,0.006074,0.049077
45520,0.026684,0.019746,0.130357
45530,0.022347,0.016962,0.116425
45540,0.029415,0.022249,0.140237
45550,0.022954,0.017680,0.115191
45560,0.034700,0.026265,0.141180
45570,0.015249,0.011465,0.080470
45580,0.030480,0.022871,0.147338
45590,0.010709,0.008256,0.057941
45600,0.006200,0.004591,0.074608
45610,0.033160,0.025668,0.139838
45620,0.024882,0.019039,0.109577
45630,0.022388,0.016838,0.126078
45640,0.013643,0.010366,0.094038
45650,0.025555,0.019644,0.125884
45660,0.024766,0.018830,0.129813
45670,0.003163,0.002134,0.099636
45680,0.032493,0.024501,0.144080
45690,0.004595,0.003265,0.079492
45700,0.022542,0.016993,0.120386
45710,0.020016,0.015326,0.113088
45720,0.020959,0.015600,0.119104
45730,0.004324,0.002724,0.250623
45740,0.005948,0.004504,0.038503
45750,0.013456,0.009868,0.127489
45760,0.030590,0.023608,0.141036
45770,0.023254,0.017403,0.114429
45780,0.000232,0.000122,0.637991
45790,0.002809,0.002158,0.174991
45800,0.027695,0.021003,0.133094
45810,0.002952,0.002125,0.128708
45820,0.008661,0.006392,0.077435
45830,0.023516,0.018148,0.112670
45840,0.030605,0.024413,0.143715
45850,0.025958,0.019821,0.135566
45860,0.024048,0.018310,0.096738
45870,0.019300,0.015139,0.098639
45880,0.033346,0.025243,0.154243
45890,0.015596,0.011821,0.104256
45900,0.032482,0.024918,0.135126
45910,0.008415,0.006645,0.086331
45920,0.013728,0.010442,0.105977
45930,0.010170,0.008203,0.053832
45940,0.038789,0.029272,0.167087
45950,0.011051,0.008296,0.097312
45960,0.036107,0.027958,0.155917
45970,0.027626,0.020793,0.132821
45980,0.013355,0.010073,0.110427
45990,0.038214,0.029432,0.160049
46000,0.027523,0.021106,0.128384
46010,0.020955,0.015795,0.121770
46020,0.006435,0.004430,0.102767
46030,0.002550,0.001773,0.065925
46040,0.025830,0.019589,0.125872
46050,0.010089,0.007624,0.094176
46060,0.010133,0.007322,0.078041
46070,0.016281,0.012051,0.106022
46080,0.023668,0.017551,0.126661
46090,0.015074,0.011900,0.064892
46100,0.015132,0.011479,0.110317
46110,0.026870,0.020442,0.135464
46120,0.013778,0.010735,0.106516
46130,0.029916,0.023786,0.126400
46140,0.021866,0.016655,0.119683
46150,0.013417,0.010157,0.094601
46160,0.022329,0.016990,0.117679
46170,0.025086,0.019631,0.111021
46180,0.029484,0.022495,0.140955
46190,0.026350,0.020269,0.130427
46200,0.013450,0.009812,0.116253
46210,0.037943,0.028756,0.158842
46220,0.033022,0.025177,0.138243
46230,0.025841,0.019456,0.122779
46240,0.027673,0.021027,0.134219
46250,0.051773,0.041157,0.181794
46260,0.021145,0.016118,0.114482
46270,0.013746,0.010108,0.096920
46280,0.022737,0.017422,0.134397
46290,0.016924,0.012671,0.118400
46300,0.015316,0.010905,0.115097
46310,0.029240,0.022212,0.142853
46320,0.028757,0.021682,0.149361
46330,0.029664,0.022440,0.147100
46340,0.031981,0.024460,0.141435
46350,0.026681,0.020459,0.131414
46360,0.017500,0.013061,0.103987
46370,0.052497,0.040214,0.191399
46380,0.027090,0.020267,0.134266
46390,0.032080,0.024393,0.148242
46400,0.028445,0.021810,0.117893
46410,0.004156,0.003146,0.071742
46420,0.024901,0.019374,0.122509
46430,0.033460,0.025492,0.133929
46440,0.022045,0.017071,0.119055
46450,0.027958,0.021286,0.126561
46460,0.020535,0.015540,0.115361
46470,0.013443,0.010662,0.075453
46480,0.014952,0.011127,0.106032
46490,0.012149,0.008929,0.059992
46500,0.016840,0.012734,0.096323
46510,0.047095,0.036240,0.182465
46520,0.020445,0.015724,0.112339
46530,0.032379,0.025573,0.139761
46540,0.009174,0.006814,0.086614
46550,0.011847,0.008833,0.096637
46560,0.035696,0.027717,0.144284
46570,0.021591,0.017077,0.112828
46580,0.006342,0.004162,0.087407
46590,0.027408,0.021066,0.126665
46600,0.004467,0.003552,0.027766
46610,0.012402,0.009395,0.099938
46620,0.038638,0.029840,0.157240
46630,0.027809,0.021319,0.129475
46640,0.037134,0.027896,0.159561
46650,0.033093,0.025821,0.157407
46660,0.013558,0.010334,0.094980
46670,0.020320,0.015779,0.094364
46680,0.019391,0.014913,0.118389
46690,0.010053,0.007349,0.050998
46700,0.027594,0.020937,0.138016
46710,0.010456,0.007728,0.090793
46720,0.009764,0.007071,0.080827
46730,0.018152,0.013766,0.103993
46740,0.013954,0.010349,0.096819
46750,0.007132,0.005630,0.093483
46760,0.022060,0.016897,0.131520
46770,0.010391,0.007876,0.087865
46780,0.018373,0.014350,0.097140
46790,0.011410,0.008199,0.104088
46800,0.060355,0.047196,0.212945
46810,0.025157,0.019109,0.126170
46820,0.008154,0.006277,0.073597
46830,0.026702,0.020442,0.121534
46840,0.012694,0.009303,0.086848
46850,0.036882,0.028504,0.156331
46860,0.021474,0.018100,0.074882
46870,0.036015,0.027201,0.159685
46880,0.020273,0.015413,0.105564
46890,0.023879,0.017931,0.122093
46900,0.033335,0.025310,0.157563
46910,0.007271,0.005392,0.072504
46920,0.036801,0.027860,0.150504
46930,0.026589,0.019933,0.137040
46940,0.027254,0.020693,0.125424
46950,0.009709,0.007366,0.082888
46960,0.032283,0.024722,0.153064
46970,0.033141,0.025525,0.137769
46980,0.036598,0.028009,0.157012
46990,0.022006,0.016925,0.123066
47000,0.029366,0.022091,0.136798
47010,0.017463,0.013555,0.091238
47020,0.024490,0.018454,0.128239
47030,0.032726,0.025010,0.146556
47040,0.026431,0.020439,0.141680
47050,0.025069,0.018821,0.127216
47060,0.020138,0.015918,0.100107
47070,0.005836,0.004395,0.097876
47080,0.009911,0.007106,0.098741
47090,0.012800,0.009645,0.116769
47100,0.023723,0.018704,0.113400
47110,0.006322,0.004586,0.080663
47120,0.010647,0.008114,0.101220
47130,0.023081,0.017845,0.130530
47140,0.049104,0.037798,0.185227
47150,0.031287,0.023910,0.143059
47160,0.010259,0.006643,0.108246
47170,0.010774,0.007454,0.093458
47180,0.010596,0.007900,0.061173
47190,0.026564,0.020333,0.140559
47200,0.043325,0.032592,0.184052
47210,0.004076,0.003193,0.102372
47220,0.014491,0.010532,0.092926
47230,0.014726,0.011560,0.096283
47240,0.014509,0.011022,0.094485
47250,0.033605,0.026419,0.129814
47260,0.032655,0.025140,0.134663
47270,0.032573,0.025173,0.138191
47280,0.020234,0.015524,0.097488
47290,0.022370,0.017064,0.116658
47300,0.006083,0.004712,0.034778
47310,0.010037,0.007902,0.080420
47320,0.023914,0.018750,0.111997
47330,0.011962,0.009179,0.113726
47340,0.013766,0.010231,0.098202
47350,0.032119,0.024882,0.124689
47360,0.010069,0.007683,0.094989
47370,0.030067,0.023070,0.142977
47380,0.035813,0.027342,0.156291
47390,0.010540,0.008178,0.053551
47400,0.021330,0.016411,0.116888
47410,0.027686,0.021176,0.141343
47420,0.009277,0.006207,0.128860
47430,0.005107,0.003578,0.109283
47440,0.010184,0.007329,0.092505
47450,0.012095,0.009038,0.101337
47460,0.025861,0.020186,0.106579
47470,0.018731,0.013528,0.177226
47480,0.039714,0.030921,0.160086
47490,0.015559,0.010454,0.101128
47500,0.035996,0.027332,0.163782
47510,0.020364,0.015321,0.130980
47520,0.026559,0.020331,0.141739
47530,0.026311,0.019770,0.131410
47540,0.034613,0.027016,0.145641
47550,0.015181,0.011423,0.098927
47560,0.008449,0.005433,0.082485
47570,0.016897,0.014583,0.100118
47580,0.024989,0.019319,0.139476
47590,0.027742,0.021750,0.132186
47600,0.016036,0.012647,0.097120
47610,0.036484,0.028138,0.145459
47620,0.020484,0.015699,0.084457
47630,0.047645,0.036497,0.190163
47640,0.018853,0.014142,0.119167
47650,0.039703,0.030269,0.165279
47660,0.002938,0.002030,0.090518
47670,0.006955,0.005480,0.088991
47680,0.021212,0.016212,0.120548
47690,0.026743,0.021497,0.123633
47700,0.012606,0.009396,0.055645
47710,0.020563,0.015550,0.123427
47720,0.024526,0.018863,0.126479
47730,0.029609,0.023392,0.140172
47740,0.022137,0.016646,0.126576
47750,0.019455,0.015088,0.085596
47760,0.037491,0.028889,0.156858
47770,0.019208,0.014602,0.108784
47780,0.013600,0.009986,0.107715
47790,0.021983,0.015989,0.122291
47800,0.025372,0.019097,0.135774
47810,0.022380,0.016530,0.137585
47820,0.033028,0.025468,0.150806
47830,0.026538,0.020267,0.134093
47840,0.009521,0.007104,0.089073
47850,0.005362,0.003860,0.064070
47860,0.020576,0.015483,0.125029
47870,0.021338,0.016145,0.109633
47880,0.025707,0.019408,0.128329
47890,0.015240,0.011361,0.092129
47900,0.009886,0.007317,0.073228
47910,0.031656,0.024372,0.142956
47920,0.029052,0.022318,0.137866
47930,0.040005,0.030736,0.159411
47940,0.033602,0.025773,0.150054
47950,0.002144,0.001613,0.065581
47960,0.011978,0.009239,0.107464
47970,0.019955,0.015114,0.106549
47980,0.007147,0.005795,0.099663
47990,0.018688,0.013460,0.109715
48000,0.020039,0.015250,0.119531
48010,0.017935,0.013205,0.122175
48020,0.016379,0.012336,0.097680
48030,0.023733,0.017858,0.122226
48040,0.030889,0.023650,0.138369
48050,0.022727,0.016678,0.133826
48060,0.011321,0.008498,0.061306
48070,0.032507,0.024973,0.137073
48080,0.016099,0.012020,0.107732
48090,0.018007,0.013781,0.109813
48100,0.028190,0.021729,0.109891
48110,0.034854,0.026341,0.151357
48120,0.024421,0.018648,0.119265
48130,0.011808,0.008874,0.097568
48140,0.030452,0.022848,0.140247
48150,0.028701,0.021789,0.135803
48160,0.011261,0.008805,0.089484
48170,0.023510,0.017878,0.123724
48180,0.006465,0.004779,0.081631
48190,0.042137,0.032042,0.171886
48200,0.041552,0.032295,0.169922
48210,0.015841,0.012352,0.099142
48220,0.013649,0.010843,0.089101
48230,0.016887,0.012484,0.115035
48240,0.010815,0.008111,0.092964
48250,0.030050,0.024075,0.149647
48260,0.021381,0.016753,0.109693
48270,0.018411,0.013839,0.126109
48280,0.023241,0.017570,0.120207
48290,0.006800,0.004987,0.088530
48300,0.011015,0.007632,0.055012
48310,0.003350,0.002202,0.079666
48320,0.011735,0.008478,0.115071
48330,0.000357,0.000298,0.155565
48340,0.010222,0.007568,0.086038
48350,0.017617,0.013639,0.088166
48360,0.029871,0.022424,0.146575
48370,0.012587,0.009361,0.099208
48380,0.022803,0.017273,0.109761
48390,0.033659,0.025326,0.157185
48400,0.025941,0.019703,0.137896
48410,0.011891,0.009472,0.066905
48420,0.010465,0.008158,0.059897
48430,0.042132,0.032021,0.167316
48440,0.016995,0.013077,0.075179
48450,0.027332,0.020980,0.146695
48460,0.019127,0.014027,0.092255
48470,0.025511,0.019490,0.117767
48480,0.020332,0.014909,0.128017
48490,0.027444,0.020987,0.126399
48500,0.014580,0.010311,0.117057
48510,0.047141,0.036566,0.189231
48520,0.020683,0.015805,0.117819
48530,0.033396,0.026068,0.137522
48540,0.028778,0.022142,0.132347
48550,0.012996,0.009507,0.095420
48560,0.038356,0.029610,0.167516
48570,0.013410,0.010529,0.067316
48580,0.032378,0.024781,0.143872
48590,0.033930,0.026068,0.153034
48600,0.018517,0.014147,0.090633
48610,0.022975,0.017309,0.135663
48620,0.023827,0.018236,0.104207
48630,0.015409,0.011503,0.101913
48640,0.002760,0.002049,0.020907
48650,0.015656,0.011376,0.097663
48660,0.035741,0.027662,0.133901
48670,0.069329,0.054080,0.233313
48680,0.026986,0.020442,0.136444
48690,0.030446,0.023507,0.123588
48700,0.034066,0.026137,0.155749
48710,0.016622,0.011855,0.105763
48720,0.015651,0.012234,0.079620
48730,0.030839,0.023721,0.145619
48740,0.023975,0.018495,0.125523
48750,0.026265,0.020680,0.118987
48760,0.045589,0.035199,0.178673
48770,0.025151,0.018833,0.131448
48780,0.028796,0.022398,0.121310
48790,0.030800,0.023774,0.123755
48800,0.013780,0.010019,0.074255
48810,0.018628,0.014577,0.080513
48820,0.029460,0.022197,0.123473
48830,0.024246,0.019335,0.123615
48840,0.031691,0.024584,0.144010
48850,0.016109,0.012171,0.084179
48860,0.011069,0.008072,0.088661
48870,0.034986,0.026953,0.154714
48880,0.030567,0.022910,0.135147
48890,0.022064,0.017139,0.087582
48900,0.009991,0.007696,0.057269
48910,0.032730,0.024981,0.137713
48920,0.018005,0.014014,0.103901
48930,0.031253,0.024046,0.135118
48940,0.010914,0.008397,0.064412
48950,0.012257,0.009262,0.100285
48960,0.041681,0.032255,0.169391
48970,0.018572,0.013913,0.109609
48980,0.021244,0.015633,0.131354
48990,0.028927,0.022210,0.127338
49000,0.026756,0.020730,0.131381
49010,0.018377,0.013813,0.111735
49020,0.041869,0.031911,0.167402
49030,0.023121,0.017746,0.126457
49040,0.027871,0.021486,0.120970
49050,0.012836,0.009659,0.058050
49060,0.007688,0.005795,0.065575
49070,0.045661,0.034858,0.185032
49080,0.011242,0.008626,0.085839
49090,0.018544,0.014523,0.105669
49100,0.042588,0.032551,0.161195
49110,0.016990,0.012976,0.107095
49120,0.031394,0.025477,0.125851
49130,0.010390,0.007745,0.079209
49140,0.022585,0.017133,0.121881
49150,0.020619,0.015424,0.111372
49160,0.016896,0.012857,0.103180
49170,0.024313,0.018188,0.129979
49180,0.022682,0.017347,0.125391
49190,0.020910,0.015918,0.111233
49200,0.018754,0.014421,0.104757
49210,0.008662,0.006897,0.107965
49220,0.020785,0.015981,0.092236
49230,0.012023,0.009114,0.093258
49240,0.020192,0.015321,0.105024
49250,0.039490,0.030701,0.151793
49260,0.000002,0.000003,0.000009
49270,0.017739,0.013817,0.116727
49280,0.000001,0.000000,0.000001
49290,0.033856,0.026314,0.149118
49300,0.028147,0.021413,0.143069
49310,0.023185,0.017452,0.123598
49320,0.008881,0.006985,0.076746
49330,0.018730,0.015770,0.138459
49340,0.018447,0.014048,0.103850
49350,0.014664,0.010504,0.118189
49360,0.018626,0.014149,0.121928
49370,0.021429,0.016375,0.127495
49380,0.036495,0.028248,0.143712
49390,0.025679,0.019860,0.110743
49400,0.009988,0.007430,0.089724
49410,0.034136,0.025412,0.152112
49420,0.031556,0.023663,0.148299
49430,0.007514,0.005423,0.084552
49440,0.011646,0.008524,0.086308
49450,0.022661,0.017736,0.106435
49460,0.011494,0.008691,0.100760
49470,0.019684,0.015207,0.109463
49480,0.035785,0.027432,0.144723
49490,0.021416,0.016476,0.091640
49500,0.052675,0.040281,0.191908
49510,0.026343,0.020218,0.129153
49520,0.022710,0.017222,0.125473
49530,0.029468,0.023128,0.144033
49540,0.005430,0.003971,0.072822
49550,0.028457,0.022264,0.138636
49560,0.019589,0.015228,0.112808
49570,0.011393,0.008467,0.103060
49580,0.011096,0.008439,0.103796
49590,0.009010,0.006850,0.091445
49600,0.007694,0.005689,0.090885
49610,0.020496,0.016123,0.093311
49620,0.044272,0.034337,0.173474
49630,0.012878,0.009352,0.114933
49640,0.018838,0.014197,0.087589
49650,0.003039,0.001972,0.071023
49660,0.016343,0.012435,0.079682
49670,0.018899,0.014101,0.087218
49680,0.017859,0.013287,0.096511
49690,0.026843,0.020171,0.144294
49700,0.009113,0.007274,0.051577
49710,0.031203,0.023678,0.129756
49720,0.040885,0.031128,0.164822
49730,0.002727,0.002039,0.077535
49740,0.031974,0.024444,0.151769
49750,0.014336,0.010529,0.092436
49760,0.019577,0.014625,0.108641
49770,0.015593,0.011412,0.094081
49780,0.057688,0.047515,0.208051
49790,0.010257,0.007971,0.063587
49800,0.011208,0.008582,0.060284
49810,0.015166,0.011503,0.095975
49820,0.009360,0.007023,0.085185
49830,0.024475,0.018616,0.123752
49840,0.002248,0.001720,0.067663
49850,0.027234,0.021180,0.134335
49860,0.017250,0.013136,0.106931
49870,0.037813,0.029240,0.154454
49880,0.023735,0.017769,0.140864
49890,0.012822,0.009558,0.099930
49900,0.013770,0.010923,0.100255
49910,0.019234,0.014554,0.111331
49920,0.029660,0.022473,0.137521
49930,0.024212,0.018775,0.125005
49940,0.014005,0.010417,0.091632
49950,0.020935,0.016193,0.104022
49960,0.024909,0.019182,0.102825
49970,0.007894,0.006648,0.043446
49980,0.027518,0.020552,0.132274
49990,0.016074,0.012166,0.082854
50000,0.033127,0.026040,0.134470
50010,0.033215,0.026006,0.129974
50020,0.021903,0.017541,0.100926
50030,0.016590,0.012296,0.102072
50040,0.019220,0.015250,0.100665
50050,0.023323,0.017164,0.127962
50060,0.025890,0.019885,0.124973
50070,0.022688,0.018004,0.116148
50080,0.001620,0.000999,0.069125
50090,0.019066,0.014842,0.105454
50100,0.029098,0.022194,0.132357
50110,0.045392,0.035844,0.183915
50120,0.008890,0.006441,0.051589
50130,0.021604,0.015286,0.131992
50140,0.043072,0.032809,0.162429
50150,0.018905,0.014340,0.109424
50160,0.024468,0.018880,0.127605
50170,0.010027,0.007473,0.101397
50180,0.020221,0.015045,0.112086
50190,0.015664,0.011663,0.086079
50200,0.014725,0.011161,0.093023
50210,0.020241,0.015754,0.090026
50220,0.019627,0.014625,0.118863
50230,0.018111,0.013673,0.109186
50240,0.011887,0.009050,0.102765
50250,0.007219,0.005284,0.082880
50260,0.034576,0.027131,0.156910
50270,0.024873,0.018988,0.131926
50280,0.032388,0.024682,0.138332
50290,0.020860,0.015563,0.125653
50300,0.021114,0.016688,0.098780
50310,0.022708,0.017641,0.124746
50320,0.015908,0.012017,0.102499
50330,0.025259,0.019709,0.125222
50340,0.017464,0.013151,0.087848
50350,0.016851,0.012967,0.107952
50360,0.017252,0.013374,0.101914
50370,0.017457,0.013106,0.104307
50380,0.003044,0.002021,0.139525
50390,0.024028,0.018095,0.119354
50400,0.052407,0.039797,0.190107
50410,0.025165,0.021653,0.148388
50420,0.029778,0.023004,0.135199
50430,0.029869,0.022703,0.143445
50440,0.032104,0.024891,0.151003
50450,0.003947,0.002965,0.065271
50460,0.030891,0.023840,0.146847
50470,0.009408,0.006906,0.075021
50480,0.049320,0.038344,0.176954
50490,0.036721,0.027990,0.138680
50500,0.035955,0.027786,0.157245
50510,0.038628,0.030164,0.151153
50520,0.015175,0.011596,0.102002
50530,0.026660,0.020006,0.128935
50540,0.013560,0.009656,0.111576
50550,0.008384,0.006781,0.038054
50560,0.015775,0.011905,0.125182
50570,0.050732,0.038193,0.189772
50580,0.028700,0.022250,0.137812
50590,0.009061,0.007137,0.056079
50600,0.031828,0.023859,0.120080
50610,0.005403,0.003837,0.078826
50620,0.020725,0.015416,0.123007
50630,0.022398,0.016886,0.098299
50640,0.033174,0.025066,0.155585
50650,0.025410,0.019908,0.125476
50660,0.015484,0.012578,0.105661
50670,0.035073,0.027379,0.141410
50680,0.019104,0.014566,0.109213
50690,0.007959,0.005719,0.097446
50700,0.015954,0.012374,0.104038
50710,0.029404,0.022376,0.140577
50720,0.019769,0.015142,0.109560
50730,0.041263,0.031581,0.165041
50740,0.012875,0.009439,0.110007
50750,0.019448,0.014673,0.121400
50760,0.019534,0.015171,0.093757
50770,0.021717,0.016291,0.129993
50780,0.024754,0.019170,0.131460
50790,0.031798,0.024248,0.145472
50800,0.032577,0.025255,0.154937
50810,0.019634,0.014828,0.092696
50820,0.015570,0.011381,0.114564
50830,0.008401,0.006085,0.099515
50840,0.022240,0.016670,0.116279
50850,0.000190,0.000157,0.048689
50860,0.029981,0.022806,0.139293
50870,0.013058,0.009979,0.098166
50880,0.014398,0.010814,0.112102
50890,0.017070,0.013440,0.095993
50900,0.029455,0.021993,0.140716
50910,0.002365,0.001701,0.078879
50920,0.019763,0.014978,0.114516
50930,0.026749,0.020340,0.144529
50940,0.029475,0.023338,0.139480
50950,0.036028,0.027162,0.158585
50960,0.013543,0.009982,0.096579
50970,0.026441,0.019846,0.130234
50980,0.011191,0.008031,0.070758
50990,0.025683,0.019629,0.125133
51000,0.010011,0.007488,0.094299
51010,0.040319,0.031106,0.165734
51020,0.035692,0.026787,0.149378
51030,0.026232,0.019929,0.102947
51040,0.022798,0.017298,0.135066
51050,0.009268,0.006986,0.075480
51060,0.028696,0.022114,0.138839
51070,0.013826,0.009782,0.119017
51080,0.015033,0.011272,0.074746
51090,0.035492,0.028708,0.147597
51100,0.030905,0.023784,0.128178
51110,0.022300,0.016232,0.114797
51120,0.008225,0.005852,0.116935
51130,0.021724,0.016338,0.120423
51140,0.009743,0.007472,0.082772
51150,0.043792,0.033957,0.158879
51160,0.043016,0.033037,0.170797
51170,0.026051,0.019427,0.127970
51180,0.027223,0.020801,0.115367
51190,0.029732,0.022122,0.147311
51200,0.021254,0.016209,0.102739
51210,0.024241,0.018867,0.125667
51220,0.007492,0.006065,0.069249
51230,0.039985,0.030647,0.162411
51240,0.020734,0.016022,0.091662
51250,0.025095,0.018885,0.133301
51260,0.015686,0.011704,0.099686
51270,0.015674,0.012305,0.081226
51280,0.017691,0.014593,0.133910
51290,0.032462,0.025709,0.137912
51300,0.005717,0.004170,0.115518
51310,0.035812,0.027514,0.148798
51320,0.009124,0.006681,0.084169
51330,0.017731,0.013591,0.100851
51340,0.036117,0.027586,0.156084
51350,0.032904,0.025830,0.129912
51360,0.017116,0.013071,0.110051
51370,0.016694,0.012279,0.117822
51380,0.024396,0.018834,0.107134
51390,0.034145,0.026048,0.142652
51400,0.011928,0.009249,0.090443
51410,0.057143,0.043746,0.202327
51420,0.015366,0.011502,0.102175
51430,0.013432,0.010055,0.087162
51440,0.034131,0.027023,0.150155
51450,0.009475,0.007450,0.089754
51460,0.005560,0.004492,0.033195
51470,0.012093,0.009110,0.084931
51480,0.016935,0.013170,0.104696
51490,0.037141,0.028565,0.160664
51500,0.011505,0.008879,0.089237
51510,0.033598,0.026105,0.152897
51520,0.023751,0.017851,0.115165
51530,0.012129,0.009362,0.084177
51540,0.014400,0.011677,0.071323
51550,0.006340,0.004507,0.080123
51560,0.005745,0.004278,0.095618
51570,0.008682,0.006530,0.079306
51580,0.032970,0.025280,0.130786
51590,0.000000,0.000000,0.000001
51600,0.039550,0.030546,0.143786
51610,0.019288,0.014226,0.094010
51620,0.010674,0.008309,0.080272
51630,0.023950,0.018322,0.104791
51640,0.011051,0.007980,0.106033
51650,0.051018,0.039871,0.190876
51660,0.011513,0.009158,0.059223
51670,0.022483,0.017179,0.115550
51680,0.029605,0.022653,0.144434
51690,0.034579,0.028052,0.139444
51700,0.021968,0.016907,0.103444
51710,0.014529,0.011011,0.078012
51720,0.027148,0.020875,0.124359
51730,0.014448,0.010977,0.084962
51740,0.020978,0.016322,0.099379
51750,0.027788,0.020294,0.135578
51760,0.013684,0.010652,0.070710
51770,0.005859,0.003396,0.192163
51780,0.021071,0.016432,0.109696
51790,0.023563,0.017706,0.139617
51800,0.021409,0.016411,0.102518
51810,0.012251,0.009615,0.069976
51820,0.012470,0.009467,0.104256
51830,0.018200,0.013889,0.101783
51840,0.035873,0.027406,0.152403
51850,0.008940,0.006537,0.091781
51860,0.030368,0.023121,0.136407
51870,0.023704,0.018414,0.117879
51880,0.017145,0.012713,0.107837
51890,0.009500,0.007327,0.101959
51900,0.013316,0.010192,0.113398
51910,0.010760,0.008884,0.079220
51920,0.012255,0.009199,0.096505
51930,0.023502,0.018482,0.117903
51940,0.042117,0.033519,0.174823
51950,0.014961,0.011705,0.081721
51960,0.001798,0.001494,0.015614
51970,0.011946,0.009188,0.100071
51980,0.014221,0.010897,0.085921
51990,0.041311,0.031754,0.168615
52000,0.015783,0.011531,0.113050
52010,0.051435,0.039470,0.193411
52020,0.055425,0.043223,0.199413
52030,0.013446,0.010383,0.076853
52040,0.016395,0.012810,0.100868
52050,0.023324,0.017637,0.107952
52060,0.029831,0.022835,0.122945
52070,0.014327,0.010616,0.091532
52080,0.021362,0.016312,0.123719
52090,0.029861,0.023219,0.131252
52100,0.020245,0.015518,0.103376
52110,0.031859,0.024758,0.149735
52120,0.016186,0.012287,0.084936
52130,0.017873,0.013369,0.125603
52140,0.005841,0.004267,0.031221
52150,0.016033,0.012757,0.078391
52160,0.036582,0.029017,0.159086
52170,0.029022,0.021844,0.132514
52180,0.013904,0.011403,0.086287
52190,0.004645,0.003646,0.108361
52200,0.034229,0.026540,0.147087
52210,0.015981,0.012631,0.079383
52220,0.023848,0.018312,0.121513
52230,0.032981,0.024985,0.136229
52240,0.011764,0.009130,0.092692
52250,0.028292,0.021618,0.129419
52260,0.026777,0.020086,0.117853
52270,0.014570,0.011174,0.113160
52280,0.012865,0.009358,0.087549
52290,0.038917,0.028968,0.167694
52300,0.022380,0.017099,0.125224
52310,0.003673,0.002507,0.096939
52320,0.034240,0.026149,0.155846
52330,0.023759,0.018180,0.131785
52340,0.017689,0.013613,0.108194
52350,0.010689,0.007675,0.092362
52360,0.005622,0.003534,0.136213
52370,0.045611,0.035226,0.171581
52380,0.000902,0.000643,0.069702
52390,0.023637,0.018124,0.122361
52400,0.022831,0.017022,0.121011
52410,0.016982,0.012894,0.101911
52420,0.025896,0.020107,0.116120
52430,0.022085,0.016773,0.128787
52440,0.013022,0.010101,0.086907
52450,0.018827,0.014667,0.106359
52460,0.013192,0.010123,0.091709
52470,0.003323,0.002929,0.116394
52480,0.018614,0.013806,0.112128
52490,0.009676,0.007041,0.085438
52500,0.036999,0.028279,0.155030
52510,0.029837,0.023836,0.136649
52520,0.020788,0.016034,0.118517
52530,0.004226,0.003128,0.031761
52540,0.029675,0.022191,0.135607
52550,0.005141,0.003959,0.037243
52560,0.000002,0.000001,0.000005
52570,0.012548,0.009254,0.098118
52580,0.030956,0.023929,0.135193
52590,0.034405,0.026720,0.143106
52600,0.011456,0.008818,0.084153
52610,0.024013,0.018266,0.131200
52620,0.009893,0.007078,0.087472
52630,0.026984,0.021305,0.130928
52640,0.022675,0.017467,0.123615
52650,0.003426,0.002408,0.074940
52660,0.016116,0.011791,0.089299
52670,0.014848,0.010505,0.107131
52680,0.019721,0.015844,0.108985
52690,0.025211,0.019836,0.122032
52700,0.020800,0.015996,0.110660
52710,0.018922,0.014626,0.099811
52720,0.019415,0.014978,0.093584
52730,0.015248,0.011484,0.108056
52740,0.025265,0.018977,0.111563
52750,0.036351,0.028109,0.153181
52760,0.025239,0.019619,0.135152
52770,0.003787,0.002969,0.028148
52780,0.024390,0.019076,0.104729
52790,0.026400,0.020246,0.137128
52800,0.004816,0.003762,0.121994
52810,0.020512,0.015771,0.103319
52820,0.039709,0.030651,0.168974
52830,0.022259,0.016933,0.120551
52840,0.037906,0.029017,0.157349
52850,0.024704,0.018641,0.128218
52860,0.039081,0.030810,0.166814
52870,0.034072,0.025291,0.156788
52880,0.026884,0.021496,0.114974
52890,0.006090,0.004571,0.073494
52900,0.028537,0.021837,0.133869
52910,0.016378,0.012355,0.070235
52920,0.014171,0.011002,0.106354
52930,0.009340,0.006917,0.082564
52940,0.013830,0.010397,0.118630
52950,0.014189,0.010825,0.097105
52960,0.023375,0.018193,0.107643
52970,0.022666,0.017271,0.119455
52980,0.034802,0.026677,0.141052
52990,0.026167,0.020214,0.130164
53000,0.015425,0.012118,0.098316
53010,0.005163,0.004781,0.045614
53020,0.030060,0.023222,0.116013
53030,0.001288,0.001161,0.201699
53040,0.030673,0.023662,0.135998
53050,0.010582,0.007800,0.089378
53060,0.010287,0.008105,0.093155
53070,0.032832,0.025539,0.139045
53080,0.019678,0.014831,0.110764
53090,0.040623,0.031750,0.162951
53100,0.030102,0.023569,0.121367
53110,0.020687,0.016052,0.122708
53120,0.005682,0.004072,0.087850
53130,0.019571,0.014882,0.113086
53140,0.028543,0.021429,0.135515
53150,0.028820,0.021840,0.140469
53160,0.021921,0.017342,0.135825
53170,0.010243,0.007891,0.073081
53180,0.035419,0.027285,0.145351
53190,0.043068,0.032636,0.166764
53200,0.012854,0.009727,0.062152
53210,0.020922,0.015896,0.111776
53220,0.022937,0.017837,0.121609
53230,0.024242,0.019125,0.119084
53240,0.024371,0.018162,0.131509
53250,0.001763,0.001170,0.079115
53260,0.029559,0.022426,0.138105
53270,0.003254,0.002334,0.083500
53280,0.013040,0.009612,0.114163
53290,0.011189,0.007943,0.094263
53300,0.048230,0.035606,0.189485
53310,0.011931,0.009102,0.084050
53320,0.016821,0.012752,0.107217
53330,0.010022,0.006644,0.098070
53340,0.021626,0.016298,0.124392
53350,0.028115,0.021750,0.138545
53360,0.036689,0.028520,0.156753
53370,0.022889,0.018725,0.121644
53380,0.016196,0.012015,0.105219
53390,0.020561,0.015731,0.086134
53400,0.017197,0.013821,0.086403
53410,0.021098,0.015672,0.113908
53420,0.009989,0.007855,0.124934
53430,0.021754,0.016705,0.113397
53440,0.014769,0.011377,0.107124
53450,0.017734,0.013809,0.107660
53460,0.020192,0.015840,0.110990
53470,0.014350,0.010745,0.110069
53480,0.018899,0.014753,0.100350
53490,0.019961,0.015189,0.117756
53500,0.021454,0.015425,0.125619
53510,0.025984,0.019836,0.098397
53520,0.032481,0.025639,0.153686
53530,0.014959,0.011107,0.098457
53540,0.000000,0.000000,0.000000
53550,0.022382,0.017019,0.118759
53560,0.041859,0.032065,0.153464
53570,0.011318,0.008313,0.088424
53580,0.020036,0.016003,0.098512
53590,0.029572,0.022256,0.129424
53600,0.011346,0.008434,0.088463
53610,0.010033,0.007835,0.080747
53620,0.012790,0.010165,0.064299
53630,0.020036,0.015175,0.109866
53640,0.022767,0.016825,0.117852
53650,0.016140,0.013361,0.079970
53660,0.022130,0.016998,0.100646
53670,0.024441,0.020273,0.113597
53680,0.008948,0.006278,0.080825
53690,0.034690,0.026443,0.148131
53700,0.001866,0.001329,0.052044
53710,0.018919,0.013882,0.125736
53720,0.026039,0.020211,0.125318
53730,0.009239,0.006992,0.081132
53740,0.005574,0.004236,0.046627
53750,0.021976,0.017385,0.086970
53760,0.035503,0.027205,0.155920
53770,0.021584,0.017160,0.101043
53780,0.026281,0.019944,0.131503
53790,0.020578,0.016104,0.121958
53800,0.021734,0.016725,0.123730
53810,0.025989,0.020097,0.127982
53820,0.027470,0.021017,0.126775
53830,0.015440,0.011117,0.098550
53840,0.017695,0.013796,0.106489
53850,0.032785,0.025842,0.149364
53860,0.018203,0.013728,0.110655
53870,0.019522,0.015226,0.115296
53880,0.019698,0.014955,0.081661
53890,0.022454,0.018158,0.127866
53900,0.014621,0.008893,0.190732
53910,0.022322,0.016663,0.126787
53920,0.013809,0.010120,0.067984
53930,0.012118,0.008844,0.093260
53940,0.011229,0.008452,0.088986
53950,0.020708,0.015961,0.099417
53960,0.017273,0.013471,0.101888
53970,0.036286,0.027283,0.149511
53980,0.012386,0.009129,0.091368
53990,0.018079,0.013691,0.106968
54000,0.015067,0.011906,0.074426
54010,0.030712,0.023633,0.118234
54020,0.007625,0.005434,0.069817
54030,0.022788,0.017492,0.110741
54040,0.018523,0.013959,0.107293
54050,0.009454,0.007636,0.128117
54060,0.012675,0.010479,0.100115
54070,0.036563,0.028318,0.150092
54080,0.014005,0.011214,0.084028
54090,0.028313,0.021926,0.124844
54100,0.023630,0.018379,0.113191
54110,0.028034,0.021786,0.112283
54120,0.034790,0.026942,0.149525
54130,0.005976,0.004194,0.060063
54140,0.006538,0.004901,0.080941
54150,0.023426,0.018583,0.121136
54160,0.015787,0.011546,0.116949
54170,0.036178,0.028161,0.166113
54180,0.010639,0.008959,0.105976
54190,0.010617,0.008003,0.059187
54200,0.021310,0.016103,0.123849
54210,0.011461,0.008638,0.093168
54220,0.012591,0.009560,0.058809
54230,0.002625,0.001921,0.174218
54240,0.022376,0.017464,0.121922
54250,0.011128,0.008297,0.096148
54260,0.013138,0.009503,0.113483
54270,0.040409,0.030701,0.160455
54280,0.025216,0.019376,0.116924
54290,0.015225,0.011135,0.105060
54300,0.010809,0.007947,0.058176
54310,0.028645,0.022545,0.119082
54320,0.014910,0.011418,0.104570
54330,0.019860,0.014847,0.109744
54340,0.028481,0.021935,0.133806
54350,0.048467,0.037088,0.179385
54360,0.021524,0.016194,0.130314
54370,0.010321,0.008240,0.087168
54380,0.019430,0.014554,0.111431
54390,0.030694,0.023041,0.138515
54400,0.011570,0.008081,0.110838
54410,0.012830,0.009215,0.112296
54420,0.000166,0.000153,0.090572
54430,0.029880,0.022831,0.131472
54440,0.014378,0.010376,0.093645
54450,0.015764,0.012344,0.097231
54460,0.032373,0.025483,0.140319
54470,0.019590,0.014648,0.113935
54480,0.017736,0.014002,0.124042
54490,0.024012,0.017417,0.118446
54500,0.015030,0.011121,0.126708
54510,0.024942,0.020645,0.111345
54520,0.009462,0.007108,0.075790
54530,0.018366,0.013831,0.105640
54540,0.001720,0.001283,0.075680
54550,0.033227,0.025457,0.148420
54560,0.004188,0.003143,0.025193
54570,0.011511,0.008547,0.091267
54580,0.033779,0.025711,0.149352
54590,0.020433,0.015508,0.111252
54600,0.023962,0.018176,0.115654
54610,0.003500,0.002725,0.051701
54620,0.018801,0.014243,0.098581
54630,0.020331,0.014968,0.120341
54640,0.034542,0.027077,0.145368
54650,0.007874,0.006033,0.084546
54660,0.021388,0.016098,0.115763
54670,0.028178,0.021604,0.129992
54680,0.037840,0.028989,0.142250
54690,0.011840,0.009282,0.055906
54700,0.023687,0.018643,0.120239
54710,0.024275,0.018592,0.127688
54720,0.017773,0.013908,0.083614
54730,0.010476,0.007835,0.052360
54740,0.026090,0.019792,0.124522
54750,0.005721,0.004091,0.098048
54760,0.013517,0.009892,0.093778
54770,0.013683,0.010530,0.099486
54780,0.047254,0.036163,0.179432
54790,0.037177,0.028669,0.157726
54800,0.020427,0.015801,0.083646
54810,0.022694,0.017545,0.116854
54820,0.017167,0.012428,0.111211
54830,0.015840,0.011985,0.073785
54840,0.029537,0.022471,0.137855
54850,0.020316,0.015553,0.111660
54860,0.029512,0.022767,0.111487
54870,0.013413,0.010352,0.104933
54880,0.013762,0.010434,0.107089
54890,0.029059,0.022703,0.131839
54900,0.010863,0.008119,0.091171
54910,0.012555,0.009456,0.087330
54920,0.019080,0.013875,0.096962
54930,0.026451,0.019944,0.127037
54940,0.022556,0.017405,0.101352
54950,0.027665,0.021887,0.128481
54960,0.013878,0.010757,0.095552
54970,0.025601,0.019299,0.117640
54980,0.005295,0.004062,0.042551
54990,0.015045,0.012044,0.122824
55000,0.040962,0.031565,0.161247
55010,0.014120,0.010318,0.102439
55020,0.024858,0.019523,0.120289
55030,0.015591,0.011225,0.109392
55040,0.009358,0.006261,0.097636
55050,0.025620,0.019334,0.141232
55060,0.041648,0.031971,0.169688
55070,0.012531,0.009414,0.083403
55080,0.015971,0.012097,0.110570
55090,0.015630,0.011857,0.087175
55100,0.024742,0.019316,0.130701
55110,0.025426,0.019122,0.126082
55120,0.002081,0.001549,0.284816
55130,0.018275,0.013595,0.108537
55140,0.017168,0.013235,0.110276
55150,0.011729,0.008760,0.081091
55160,0.025924,0.020216,0.127304
55170,0.011237,0.008280,0.087529
55180,0.020725,0.015331,0.117194
55190,0.036220,0.027918,0.148690
55200,0.008028,0.005805,0.041098
55210,0.015068,0.011785,0.095559
55220,0.008804,0.006385,0.052240
55230,0.009929,0.007474,0.064763
55240,0.027274,0.021544,0.117769
55250,0.026691,0.020731,0.124037
55260,0.027740,0.021780,0.132432
55270,0.016387,0.012607,0.090689
55280,0.017783,0.013177,0.115015
55290,0.037720,0.029152,0.153753
55300,0.004959,0.003549,0.075671
55310,0.015383,0.011846,0.096773
55320,0.016824,0.013378,0.100216
55330,0.010520,0.008055,0.086082
55340,0.019723,0.014701,0.130915
55350,0.009855,0.007137,0.073228
55360,0.029052,0.022738,0.124079
55370,0.013186,0.009959,0.101946
55380,0.033628,0.026894,0.141638
55390,0.002212,0.001590,0.069865
55400,0.018661,0.014341,0.096429
55410,0.027124,0.020800,0.127254
55420,0.019982,0.015277,0.108687
55430,0.030587,0.023140,0.122989
55440,0.028270,0.022339,0.125988
55450,0.035337,0.027439,0.133415
55460,0.021003,0.016117,0.114198
55470,0.027343,0.020670,0.141443
55480,0.019250,0.013996,0.105388
55490,0.003032,0.002049,0.079808
55500,0.031506,0.024507,0.136564
55510,0.023560,0.018331,0.130330
55520,0.031183,0.023658,0.139949
55530,0.029818,0.023034,0.128248
55540,0.020306,0.015769,0.117185
55550,0.035934,0.031372,0.158800
55560,0.014564,0.010955,0.092078
55570,0.012674,0.009394,0.065405
55580,0.006280,0.006910,0.128845
55590,0.007716,0.005741,0.080055
55600,0.030165,0.023150,0.129663
55610,0.023660,0.018667,0.114106
55620,0.021832,0.016275,0.135659
55630,0.022572,0.017927,0.104171
55640,0.017556,0.013507,0.097085
55650,0.007859,0.005727,0.095752
55660,0.015745,0.011746,0.109854
55670,0.021760,0.017068,0.116895
55680,0.023819,0.018397,0.116288
55690,0.019780,0.015786,0.118578
55700,0.015931,0.012210,0.105182
55710,0.019318,0.014845,0.102487
55720,0.033404,0.025942,0.140572
55730,0.013542,0.010378,0.097429
55740,0.023323,0.017739,0.126323
55750,0.015898,0.011901,0.117586
55760,0.024012,0.018154,0.118249
55770,0.023872,0.018676,0.127778
55780,0.026400,0.020335,0.124079
55790,0.007019,0.005109,0.079880
55800,0.033129,0.025006,0.143489
55810,0.016011,0.012049,0.119368
55820,0.014187,0.010748,0.108935
55830,0.030336,0.023391,0.135277
55840,0.014139,0.010513,0.106366
55850,0.015193,0.011973,0.081787
55860,0.017928,0.013352,0.101723
55870,0.037341,0.028771,0.154388
55880,0.008119,0.006152,0.081737
55890,0.018447,0.013576,0.110148
55900,0.037908,0.029693,0.158470
55910,0.029403,0.022665,0.129570
55920,0.031916,0.024909,0.141032
55930,0.019668,0.015505,0.090022
55940,0.027628,0.021171,0.136816
55950,0.019158,0.015143,0.100079
55960,0.049198,0.035961,0.174412
55970,0.009255,0.006810,0.091409
55980,0.051957,0.039967,0.190257
55990,0.010562,0.007921,0.084488
56000,0.017559,0.013707,0.079653
56010,0.018230,0.013774,0.088588
56020,0.026979,0.020722,0.133802
56030,0.029900,0.023300,0.133484
56040,0.018142,0.013735,0.108050
56050,0.008071,0.005680,0.092656
56060,0.017723,0.013050,0.102834
56070,0.017492,0.013569,0.115223
56080,0.009969,0.007616,0.082998
56090,0.025072,0.019409,0.130126
56100,0.031585,0.024100,0.137659
56110,0.028382,0.021685,0.133028
56120,0.017468,0.013495,0.107879
56130,0.020732,0.015872,0.103662
56140,0.054323,0.042310,0.187643
56150,0.025925,0.019358,0.124322
56160,0.016743,0.012623,0.113532
56170,0.016282,0.012469,0.111940
56180,0.022008,0.017162,0.103402
56190,0.022353,0.016609,0.102452
56200,0.015290,0.011463,0.074796
56210,0.013546,0.010031,0.104812
56220,0.042323,0.032149,0.163922
56230,0.020143,0.015335,0.107377
56240,0.015003,0.011361,0.086945
56250,0.021213,0.016231,0.118356
56260,0.008103,0.006450,0.072259
56270,0.018365,0.014967,0.109060
56280,0.008570,0.006322,0.097715
56290,0.030048,0.023511,0.133700
56300,0.021125,0.016551,0.099679
56310,0.019399,0.014648,0.073377
56320,0.019737,0.014864,0.103272
56330,0.008197,0.005973,0.074537
56340,0.034531,0.026631,0.148620
56350,0.001485,0.001089,0.011357
56360,0.031403,0.023497,0.141926
56370,0.003818,0.002904,0.057388
56380,0.010288,0.007794,0.063695
56390,0.003135,0.002178,0.015664
56400,0.029662,0.022873,0.131740
56410,0.023725,0.017660,0.127160
56420,0.023103,0.017919,0.113162
56430,0.010959,0.007965,0.083135
56440,0.012262,0.009067,0.088415
56450,0.023037,0.017241,0.115083
56460,0.005948,0.004270,0.075975
56470,0.022695,0.017005,0.108414
56480,0.043004,0.033161,0.168899
56490,0.024583,0.018245,0.138078
56500,0.019731,0.015124,0.088267
56510,0.016042,0.012095,0.108015
56520,0.011719,0.008689,0.092725
56530,0.017383,0.013374,0.085673
56540,0.004370,0.003194,0.031190
56550,0.022275,0.017529,0.098151
56560,0.028805,0.021959,0.128547
56570,0.019323,0.014452,0.125934
56580,0.022916,0.017331,0.119356
56590,0.043109,0.033191,0.167455
56600,0.024218,0.018652,0.106007
56610,0.013057,0.009333,0.097587
56620,0.027335,0.020994,0.118650
56630,0.022136,0.017171,0.125234
56640,0.009375,0.006730,0.088970
56650,0.025528,0.019402,0.141275
56660,0.019654,0.014820,0.083876
56670,0.032236,0.024453,0.122782
56680,0.033517,0.025651,0.145617
56690,0.034887,0.027551,0.147213
56700,0.023758,0.018608,0.110202
56710,0.022319,0.017773,0.124582
56720,0.031372,0.024186,0.127269
56730,0.027567,0.021238,0.117641
56740,0.020573,0.015887,0.122944
56750,0.043904,0.033430,0.168364
56760,0.034451,0.026401,0.147844
56770,0.019062,0.014335,0.110887
56780,0.047639,0.036542,0.173638
56790,0.028968,0.022309,0.134364
56800,0.016574,0.012389,0.105623
56810,0.025282,0.019456,0.119085
56820,0.028066,0.021378,0.136128
56830,0.001472,0.001077,0.085859
56840,0.014536,0.011066,0.067565
56850,0.019909,0.015271,0.107229
56860,0.024773,0.018970,0.118724
56870,0.030331,0.023450,0.130936
56880,0.002560,0.001815,0.074291
56890,0.019075,0.014611,0.112568
56900,0.026074,0.019399,0.121842
56910,0.003941,0.003060,0.092233
56920,0.020304,0.015581,0.115606
56930,0.036565,0.027769,0.147943
56940,0.017847,0.013878,0.108109
56950,0.019213,0.015233,0.085372
56960,0.008544,0.007434,0.079580
56970,0.013000,0.009852,0.062226
56980,0.017722,0.013551,0.094905
56990,0.021816,0.017167,0.113647
57000,0.006965,0.005056,0.057144
57010,0.025832,0.019773,0.133549
57020,0.009595,0.007077,0.117171
57030,0.014798,0.010512,0.103526
57040,0.010971,0.008011,0.095376
57050,0.028432,0.022444,0.134278
57060,0.003839,0.002753,0.075187
57070,0.034162,0.025893,0.148284
57080,0.020617,0.016554,0.111846
57090,0.024718,0.019150,0.101071
57100,0.025780,0.019563,0.122095
57110,0.022000,0.016895,0.104561
57120,0.029378,0.021665,0.148823
57130,0.023032,0.017655,0.115978
57140,0.022457,0.016900,0.120063
57150,0.003632,0.002726,0.022033
57160,0.005963,0.004249,0.030467
57170,0.009251,0.009858,0.072426
57180,0.022695,0.017489,0.130500
57190,0.032378,0.024468,0.131572
57200,0.031362,0.023735,0.124171
57210,0.028852,0.022272,0.118469
57220,0.019613,0.014811,0.106501
57230,0.026800,0.021054,0.123778
57240,0.034969,0.026977,0.152749
57250,0.012641,0.009549,0.090016
57260,0.025925,0.020048,0.128667
57270,0.004541,0.003043,0.093276
57280,0.026886,0.021563,0.150128
57290,0.006203,0.004733,0.038571
57300,0.023032,0.017347,0.131466
57310,0.031856,0.024957,0.137802
57320,0.019955,0.014831,0.106304
57330,0.005633,0.004347,0.036619
57340,0.013596,0.010296,0.073669
57350,0.022042,0.016717,0.118649
57360,0.036108,0.027386,0.156478
57370,0.019736,0.014701,0.103663
57380,0.034116,0.026537,0.143797
57390,0.046827,0.035910,0.175010
57400,0.012245,0.009444,0.106695
57410,0.031825,0.024484,0.142367
57420,0.029514,0.022167,0.129299
57430,0.008480,0.006262,0.079322
57440,0.020026,0.014935,0.117380
57450,0.017054,0.013138,0.103603
57460,0.020842,0.015722,0.101897
57470,0.023716,0.018152,0.106791
57480,0.030013,0.023528,0.133848
57490,0.012369,0.009367,0.096347
57500,0.021829,0.016370,0.129417
57510,0.024810,0.019262,0.121173
57520,0.014582,0.010854,0.096778
57530,0.030784,0.023745,0.140658
57540,0.009660,0.007180,0.079647
57550,0.011200,0.008125,0.095900
57560,0.024082,0.018955,0.096254
57570,0.025838,0.019826,0.122348
57580,0.006642,0.004693,0.047749
57590,0.014820,0.011312,0.097805
57600,0.021668,0.016291,0.111194
57610,0.002138,0.001323,0.071923
57620,0.018674,0.014169,0.110259
57630,0.024130,0.018233,0.129598
57640,0.040813,0.031618,0.154568
57650,0.012059,0.009019,0.098562
57660,0.025249,0.019255,0.134068
57670,0.034414,0.026929,0.140806
57680,0.012577,0.009608,0.097121
57690,0.037786,0.029967,0.155496
57700,0.009664,0.006727,0.114125
57710,0.034040,0.025690,0.146573
57720,0.020742,0.015812,0.110839
57730,0.025617,0.019583,0.137527
57740,0.006348,0.004528,0.092347
57750,0.021599,0.016864,0.097240
57760,0.014473,0.011794,0.095530
57770,0.013954,0.010962,0.075962
57780,0.002293,0.001685,0.064168
57790,0.012659,0.009246,0.103354
57800,0.019544,0.015456,0.081623
57810,0.022564,0.017106,0.107643
57820,0.013440,0.010810,0.100145
57830,0.005626,0.004125,0.039017
57840,0.013434,0.009795,0.098021
57850,0.025946,0.020192,0.119916
57860,0.028221,0.022015,0.114281
57870,0.028289,0.022845,0.140746
57880,0.030687,0.023169,0.143220
57890,0.018160,0.014228,0.099528
57900,0.021894,0.016855,0.109927
57910,0.000973,0.000745,0.184882
57920,0.000005,0.000004,0.000015
57930,0.022958,0.017882,0.120623
57940,0.008704,0.006498,0.097525
57950,0.017924,0.012923,0.102640
57960,0.033283,0.025577,0.142777
57970,0.005434,0.004296,0.027391
57980,0.035178,0.026837,0.152058
57990,0.026545,0.020808,0.122700
58000,0.014267,0.010541,0.106895
58010,0.023326,0.017893,0.105648
58020,0.019010,0.014284,0.104747
58030,0.025738,0.020166,0.104955
58040,0.021270,0.016396,0.106622
58050,0.023854,0.018623,0.111838
58060,0.022994,0.018009,0.113380
58070,0.020296,0.014582,0.122257
58080,0.011421,0.008541,0.094151
58090,0.007256,0.005473,0.090691
58100,0.025779,0.018863,0.130236
58110,0.031196,0.024217,0.146794
58120,0.046438,0.036932,0.176272
58130,0.023268,0.018403,0.112680
58140,0.024761,0.019041,0.090227
58150,0.021538,0.017368,0.116161
58160,0.028297,0.021745,0.139110
58170,0.017676,0.012628,0.098311
58180,0.019069,0.014582,0.107779
58190,0.010114,0.007844,0.080438
58200,0.023472,0.017564,0.114896
58210,0.006720,0.005191,0.074295
58220,0.026579,0.020386,0.126618
58230,0.017631,0.013768,0.083345
58240,0.003261,0.002266,0.044639
58250,0.019229,0.014438,0.091212
58260,0.029668,0.022535,0.134161
58270,0.012829,0.009590,0.085174
58280,0.024336,0.018976,0.102587
58290,0.001510,0.001099,0.048178
58300,0.025606,0.019370,0.133076
58310,0.045437,0.035355,0.163940
58320,0.021476,0.016977,0.126117
58330,0.026186,0.020079,0.131172
58340,0.020936,0.015734,0.116347
58350,0.017790,0.013713,0.080489
58360,0.020499,0.016203,0.112195
58370,0.018864,0.014506,0.113323
58380,0.015457,0.011635,0.113865
58390,0.026399,0.021892,0.130678
58400,0.013637,0.010237,0.085830
58410,0.019039,0.014807,0.104224
58420,0.027832,0.021692,0.132966
58430,0.003907,0.002600,0.065954
58440,0.034263,0.026143,0.141438
58450,0.000877,0.000561,0.074619
58460,0.000567,0.000648,0.066506
58470,0.006877,0.005008,0.081714
58480,0.020523,0.015472,0.108079
58490,0.017138,0.013250,0.099575
58500,0.017034,0.012842,0.101103
58510,0.015620,0.011964,0.094055
58520,0.023082,0.017630,0.123365
58530,0.018304,0.013105,0.120007
58540,0.015125,0.011268,0.113487
58550,0.011489,0.008602,0.090689
58560,0.018775,0.014392,0.104201
58570,0.017623,0.013882,0.097891
58580,0.017642,0.013196,0.104936
58590,0.013162,0.010435,0.077305
58600,0.011644,0.009226,0.078290
58610,0.018705,0.014003,0.115240
58620,0.000295,0.000161,0.128138
58630,0.035942,0.027728,0.147907
58640,0.024560,0.018990,0.108521
58650,0.021618,0.016615,0.114378
58660,0.011307,0.008780,0.102692
58670,0.055860,0.041686,0.199429
58680,0.025370,0.019622,0.123670
58690,0.023437,0.017825,0.126793
58700,0.058783,0.046367,0.205569
58710,0.029014,0.021852,0.140729
58720,0.036770,0.028447,0.147877
58730,0.008730,0.006398,0.075146
58740,0.000064,0.000058,0.051222
58750,0.028723,0.022538,0.136197
58760,0.011176,0.008159,0.096456
58770,0.029705,0.023321,0.134460
58780,0.025218,0.019809,0.117630
58790,0.018875,0.014624,0.099966
58800,0.018706,0.014256,0.107204
58810,0.012377,0.009177,0.093264
58820,0.001569,0.001120,0.105189
58830,0.008699,0.006381,0.078599
58840,0.004591,0.003271,0.081743
58850,0.026175,0.020082,0.122211
58860,0.001549,0.001391,0.010277
58870,0.027022,0.020902,0.122092
58880,0.013961,0.010890,0.096657
58890,0.018750,0.014323,0.096603
58900,0.020797,0.015726,0.111003
58910,0.023066,0.017436,0.118646
58920,0.011327,0.008542,0.060993
58930,0.015302,0.011605,0.103651
58940,0.021091,0.016222,0.095728
58950,0.025123,0.019081,0.135249
58960,0.010481,0.007834,0.085011
58970,0.025310,0.019378,0.133177
58980,0.031529,0.024335,0.135186
58990,0.011610,0.008180,0.093467
59000,0.020678,0.015828,0.104363
59010,0.002987,0.002275,0.036104
59020,0.010654,0.008318,0.086964
59030,0.024020,0.019051,0.132481
59040,0.018464,0.013980,0.101590
59050,0.015017,0.011373,0.096621
59060,0.025621,0.018819,0.129647
59070,0.011243,0.008825,0.060044
59080,0.019233,0.014974,0.109594
59090,0.006531,0.004660,0.086792
59100,0.019247,0.014765,0.099360
59110,0.015478,0.012477,0.067329
59120,0.011499,0.009005,0.104194
59130,0.007797,0.005970,0.064114
59140,0.013257,0.010142,0.094454
59150,0.017120,0.012949,0.110193
59160,0.005848,0.004351,0.074560
59170,0.011618,0.008316,0.101557
59180,0.017271,0.013067,0.100825
59190,0.013360,0.010137,0.092775
59200,0.029709,0.023175,0.148843
59210,0.030140,0.023006,0.130663
59220,0.015002,0.011134,0.103785
59230,0.032283,0.024932,0.139197
59240,0.012234,0.008759,0.112412
59250,0.015790,0.012089,0.091402
59260,0.002437,0.002038,0.021941
59270,0.013228,0.010241,0.071549
59280,0.016840,0.013190,0.102770
59290,0.022191,0.017438,0.119037
59300,0.022440,0.017270,0.108722
59310,0.009440,0.007138,0.057887
59320,0.023033,0.017458,0.098144
59330,0.023302,0.017973,0.118389
59340,0.015798,0.011960,0.103014
59350,0.026378,0.020523,0.112841
59360,0.014290,0.010917,0.090120
59370,0.000365,0.000349,0.003764
59380,0.008308,0.006179,0.078561
59390,0.019369,0.015565,0.105928
59400,0.011069,0.008317,0.076586
59410,0.018426,0.013763,0.100089
59420,0.034339,0.027180,0.157250
59430,0.020294,0.015593,0.109078
59440,0.016902,0.013650,0.069481
59450,0.013663,0.009802,0.103059
59460,0.019744,0.015335,0.108681
59470,0.032540,0.025274,0.137715
59480,0.025050,0.019112,0.123780
59490,0.016312,0.012209,0.103322
59500,0.009284,0.007165,0.054351
59510,0.035691,0.027844,0.151974
59520,0.011403,0.008634,0.088062
59530,0.021993,0.016691,0.100233
59540,0.021546,0.015862,0.117791
59550,0.035071,0.027045,0.139427
59560,0.032033,0.024170,0.143014
59570,0.026730,0.021926,0.135060
59580,0.040588,0.031390,0.163382
59590,0.015955,0.012361,0.109509
59600,0.012873,0.009679,0.110194
59610,0.022438,0.017825,0.118321
59620,0.016357,0.012441,0.103433
59630,0.001012,0.001103,0.254869
59640,0.022489,0.017511,0.100144
59650,0.022676,0.019296,0.106715
59660,0.022559,0.017321,0.120148
59670,0.011735,0.008580,0.088370
59680,0.020196,0.015682,0.115127
59690,0.062608,0.048771,0.215833
59700,0.032160,0.024622,0.137683
59710,0.026471,0.020369,0.122803
59720,0.004262,0.003105,0.077329
59730,0.020581,0.015667,0.105782
59740,0.025875,0.019851,0.125319
59750,0.021095,0.016174,0.119271
59760,0.017215,0.012695,0.107629
59770,0.027491,0.020787,0.129923
59780,0.022564,0.016850,0.115109
59790,0.015892,0.012504,0.106989
59800,0.018337,0.014169,0.103786
59810,0.016095,0.012134,0.084047
59820,0.020797,0.015953,0.108827
59830,0.037542,0.029740,0.147793
59840,0.025100,0.019331,0.135673
59850,0.020348,0.014987,0.125326
59860,0.000625,0.000447,0.046135
59870,0.030339,0.023903,0.131083
59880,0.022183,0.016965,0.109374
59890,0.010331,0.008048,0.051564
59900,0.018586,0.013794,0.113247
59910,0.028615,0.022269,0.118292
59920,0.001168,0.000765,0.101571
59930,0.028187,0.021897,0.131147
59940,0.015393,0.011655,0.111572
59950,0.019310,0.015039,0.107736
59960,0.036964,0.028202,0.151422
59970,0.032798,0.025152,0.138728
59980,0.033722,0.026004,0.138794
59990,0.023132,0.017986,0.113412
60000,0.022641,0.016798,0.126343
60010,0.011666,0.008377,0.099250
60020,0.040367,0.032197,0.148514
60030,0.005750,0.004081,0.066610
60040,0.029354,0.022350,0.132690
60050,0.005216,0.003775,0.068328
60060,0.015221,0.011697,0.075917
60070,0.008637,0.006610,0.051336
60080,0.013571,0.010497,0.074266
60090,0.012971,0.009681,0.099172
60100,0.018216,0.014203,0.122752
60110,0.017583,0.013116,0.116735
60120,0.024848,0.018853,0.109539
60130,0.020319,0.016184,0.105354
60140,0.021304,0.016729,0.117564
60150,0.009635,0.007302,0.077621
60160,0.033569,0.025853,0.144429
60170,0.026755,0.021073,0.121670
60180,0.015573,0.011694,0.120093
60190,0.021048,0.016187,0.114359
60200,0.017935,0.013679,0.106922
60210,0.017961,0.013914,0.088682
60220,0.007846,0.006004,0.060016
60230,0.010505,0.007752,0.100452
60240,0.027674,0.021313,0.129362
60250,0.034236,0.026357,0.139972
60260,0.010807,0.008043,0.096628
60270,0.024776,0.019497,0.116235
60280,0.012169,0.009654,0.081156
60290,0.029742,0.022051,0.145209
60300,0.025845,0.020549,0.109482
60310,0.030344,0.023465,0.142211
60320,0.025578,0.019727,0.116283
60330,0.018539,0.014434,0.094918
60340,0.019563,0.015244,0.129696
60350,0.035288,0.027139,0.137487
60360,0.019085,0.014488,0.102950
60370,0.019431,0.015061,0.095451
60380,0.012758,0.009396,0.091663
60390,0.032304,0.025351,0.138130
60400,0.019938,0.014163,0.111388
60410,0.008423,0.006390,0.071094
60420,0.023546,0.018083,0.113216
60430,0.020383,0.015615,0.107937
60440,0.034581,0.026857,0.139516
60450,0.004371,0.003310,0.029645
60460,0.024825,0.019030,0.106192
60470,0.017801,0.013341,0.123228
60480,0.020160,0.015121,0.107630
60490,0.044991,0.034663,0.157141
60500,0.009255,0.006506,0.098739
60510,0.010873,0.008662,0.108640
60520,0.035846,0.028029,0.143189
60530,0.020413,0.015508,0.081519
60540,0.041660,0.032725,0.161871
60550,0.030730,0.023829,0.130998
60560,0.017881,0.013722,0.103165
60570,0.029433,0.022186,0.131933
60580,0.022562,0.017146,0.121272
60590,0.031447,0.024371,0.133657
60600,0.002275,0.001713,0.067069
60610,0.011647,0.008811,0.062204
60620,0.015808,0.012608,0.093821
60630,0.007807,0.005819,0.079180
60640,0.018962,0.015163,0.105828
60650,0.013199,0.010335,0.079872
60660,0.021438,0.016451,0.114631
60670,0.018238,0.014467,0.082520
60680,0.022567,0.017561,0.146737
60690,0.017339,0.013163,0.103555
60700,0.018509,0.014640,0.105610
60710,0.017194,0.013536,0.093206
60720,0.016609,0.012602,0.107071
60730,0.002297,0.001604,0.091225
60740,0.037467,0.029196,0.160722
60750,0.015221,0.011304,0.098920
60760,0.030435,0.024031,0.127290
60770,0.021474,0.016689,0.110070
60780,0.017954,0.014163,0.098199
60790,0.019692,0.014676,0.112783
60800,0.004105,0.003077,0.114896
60810,0.015175,0.012048,0.092676
60820,0.017664,0.013773,0.095589
60830,0.036681,0.027811,0.155311
60840,0.029631,0.022791,0.146067
60850,0.007767,0.005654,0.049242
60860,0.017095,0.012578,0.126495
60870,0.000661,0.000525,0.474959
60880,0.000002,0.000002,0.000007
60890,0.034687,0.027026,0.144866
60900,0.036910,0.028323,0.141636
60910,0.034742,0.027037,0.138371
60920,0.031502,0.024525,0.145738
60930,0.022558,0.017315,0.128843
60940,0.013434,0.010285,0.107155
60950,0.025208,0.018945,0.130165
60960,0.007558,0.005575,0.069050
60970,0.021521,0.016101,0.133765
60980,0.002101,0.001700,0.017625
60990,0.004343,0.003278,0.061663
61000,0.046972,0.036480,0.179236
61010,0.027100,0.021357,0.130392
61020,0.026233,0.019894,0.132111
61030,0.004155,0.002897,0.081286
61040,0.005455,0.004078,0.084119
61050,0.021871,0.017290,0.097424
61060,0.037390,0.028737,0.151594
61070,0.017048,0.012666,0.115533
61080,0.018425,0.014141,0.099899
61090,0.016233,0.012869,0.076822
61100,0.024154,0.018329,0.131359
61110,0.006983,0.005676,0.056463
61120,0.007411,0.005813,0.067549
61130,0.041485,0.033608,0.171542
61140,0.001919,0.001387,0.077491
61150,0.008902,0.006822,0.076817
61160,0.011798,0.008400,0.086147
61170,0.023411,0.018150,0.123083
61180,0.022628,0.018218,0.108772
61190,0.005019,0.003941,0.029447
61200,0.017734,0.013708,0.086362
61210,0.018285,0.013427,0.116454
61220,0.023113,0.017693,0.120191
61230,0.010735,0.008321,0.057339
61240,0.018669,0.014270,0.116728
61250,0.010038,0.007109,0.052924
61260,0.013978,0.011957,0.096249
61270,0.017462,0.013006,0.103512
61280,0.018947,0.014310,0.104822
61290,0.013885,0.011369,0.082925
61300,0.015588,0.011479,0.101288
61310,0.002993,0.002052,0.075556
61320,0.031868,0.024131,0.136809
61330,0.013818,0.010087,0.095833
61340,0.013301,0.010154,0.082911
61350,0.018675,0.014081,0.089971
61360,0.015552,0.012233,0.094092
61370,0.012163,0.009951,0.092811
61380,0.012750,0.009900,0.064491
61390,0.015663,0.011694,0.082386
61400,0.032620,0.025060,0.146212
61410,0.014975,0.011006,0.107244
61420,0.016369,0.012492,0.085998
61430,0.003568,0.002710,0.085446
61440,0.024602,0.018828,0.113923
61450,0.030001,0.023395,0.138921
61460,0.022810,0.017053,0.128679
61470,0.023992,0.018591,0.127232
61480,0.031639,0.024079,0.139558
61490,0.040386,0.031062,0.150011
61500,0.018997,0.014224,0.081329
61510,0.021221,0.016490,0.098388
61520,0.011851,0.008785,0.090909
61530,0.029806,0.023604,0.135299
61540,0.026498,0.020441,0.122421
61550,0.018821,0.014297,0.108816
61560,0.017415,0.014039,0.086022
61570,0.035875,0.027631,0.147083
61580,0.012287,0.009415,0.089634
61590,0.006427,0.004904,0.088462
61600,0.012487,0.008737,0.097015
61610,0.027451,0.021045,0.104521
61620,0.014141,0.011520,0.120162
61630,0.011896,0.008946,0.094429
61640,0.033840,0.026270,0.139154
61650,0.016466,0.012809,0.089715
61660,0.006530,0.004625,0.058021
61670,0.000001,0.000000,0.000002
61680,0.005201,0.004084,0.044204
61690,0.022829,0.017642,0.113540
61700,0.030580,0.024376,0.138811
61710,0.019931,0.015458,0.115917
61720,0.026203,0.020542,0.121484
61730,0.013577,0.010365,0.088046
61740,0.024861,0.019078,0.115955
61750,0.027418,0.021066,0.128022
61760,0.042485,0.032845,0.152111
61770,0.012479,0.009565,0.092781
61780,0.025072,0.019646,0.118349
61790,0.024372,0.019604,0.123667
61800,0.028888,0.022662,0.143047
61810,0.030710,0.023492,0.137574
61820,0.020040,0.015390,0.115078
61830,0.029654,0.023255,0.137892
61840,0.022652,0.017645,0.118355
61850,0.010721,0.008356,0.057727
61860,0.033023,0.024853,0.143931
61870,0.016898,0.012605,0.095067
61880,0.011971,0.009233,0.071780
61890,0.014766,0.011366,0.092508
61900,0.010063,0.007081,0.101408
61910,0.027437,0.020461,0.133658
61920,0.025887,0.020087,0.115437
61930,0.018563,0.013907,0.106155
61940,0.013647,0.009869,0.097284
61950,0.026581,0.020540,0.108337
61960,0.024524,0.019155,0.110103
61970,0.025575,0.019216,0.120029
61980,0.033714,0.026109,0.151982
61990,0.011469,0.008861,0.074434
62000,0.022597,0.017465,0.124328
62010,0.034568,0.026654,0.144454
62020,0.014544,0.010938,0.083508
62030,0.010635,0.007919,0.083645
62040,0.024167,0.018506,0.120851
62050,0.004144,0.003182,0.080136
62060,0.002003,0.001349,0.111337
62070,0.016677,0.012891,0.099314
62080,0.014933,0.011948,0.083427
62090,0.019709,0.015136,0.115319
62100,0.010417,0.007940,0.077923
62110,0.032336,0.025356,0.133905
62120,0.015842,0.011530,0.102323
62130,0.002432,0.001897,0.017134
62140,0.023738,0.018399,0.107833
62150,0.010862,0.008093,0.089835
62160,0.019159,0.014697,0.105900
62170,0.027230,0.020598,0.134065
62180,0.018304,0.013567,0.111049
62190,0.017456,0.013504,0.100515
62200,0.022724,0.017784,0.106229
62210,0.018875,0.015020,0.085345
62220,0.004517,0.002603,0.332137
62230,0.042088,0.032788,0.156882
62240,0.010902,0.008051,0.090982
62250,0.024550,0.018819,0.122640
62260,0.013335,0.010419,0.088769
62270,0.018570,0.014254,0.106926
62280,0.035082,0.027028,0.141268
62290,0.049660,0.038382,0.180045
62300,0.013743,0.010642,0.075241
62310,0.008638,0.006395,0.097761
62320,0.014856,0.011263,0.098657
62330,0.027299,0.021223,0.128539
62340,0.018295,0.015178,0.089192
62350,0.015528,0.011988,0.082758
62360,0.005450,0.003772,0.076601
62370,0.003350,0.002525,0.102450
62380,0.017771,0.013476,0.109649
62390,0.012182,0.008999,0.082014
62400,0.029708,0.022912,0.139190
62410,0.037531,0.028964,0.155477
62420,0.026054,0.019253,0.129109
62430,0.024823,0.019178,0.120016
62440,0.028275,0.021903,0.135483
62450,0.010287,0.008221,0.073866
62460,0.031202,0.024140,0.135417
62470,0.012886,0.009733,0.072867
62480,0.029890,0.023032,0.134972
62490,0.011063,0.008610,0.103917
62500,0.025960,0.020198,0.127884
62510,0.012003,0.008558,0.101706
62520,0.023801,0.018524,0.104158
62530,0.010433,0.008228,0.055146
62540,0.003657,0.002938,0.181953
62550,0.031822,0.025916,0.139081
62560,0.009917,0.007581,0.093201
62570,0.022924,0.017155,0.139047
62580,0.023607,0.017884,0.103163
62590,0.011879,0.009300,0.081782
62600,0.017132,0.013129,0.085333
62610,0.030637,0.023415,0.136886
62620,0.001975,0.001498,0.014149
62630,0.017156,0.013311,0.120386
62640,0.001001,0.000745,0.054512
62650,0.028162,0.021121,0.143144
62660,0.003362,0.002498,0.028471
62670,0.033312,0.026342,0.137467
62680,0.031439,0.023119,0.139796
62690,0.047124,0.036060,0.182426
62700,0.010443,0.008083,0.088371
62710,0.011267,0.008589,0.052201
62720,0.009155,0.006882,0.077948
62730,0.032697,0.025311,0.148578
62740,0.005057,0.003728,0.065248
62750,0.008651,0.006108,0.076971
62760,0.015067,0.012241,0.082217
62770,0.015699,0.012044,0.104194
62780,0.037978,0.029405,0.155001
62790,0.028206,0.021806,0.132867
62800,0.012333,0.009209,0.060131
62810,0.018791,0.014400,0.100504
62820,0.014069,0.010734,0.098608
62830,0.027461,0.021318,0.131265
62840,0.039867,0.031461,0.173275
62850,0.018341,0.014214,0.102727
62860,0.025670,0.020051,0.126025
62870,0.017794,0.014300,0.102380
62880,0.011514,0.008255,0.094831
62890,0.038149,0.028971,0.169977
62900,0.007530,0.005389,0.074172
62910,0.014914,0.011223,0.082751
62920,0.026237,0.020161,0.128660
62930,0.013549,0.010830,0.077558
62940,0.012242,0.009266,0.086146
62950,0.002757,0.002219,0.024109
62960,0.021108,0.016443,0.109497
62970,0.036417,0.029047,0.156086
62980,0.040987,0.031592,0.159277
62990,0.026673,0.021005,0.128774
63000,0.014664,0.011460,0.088113
63010,0.037518,0.028834,0.151124
63020,0.036568,0.028321,0.156455
63030,0.020849,0.015510,0.128448
63040,0.009056,0.006866,0.049214
63050,0.026676,0.021101,0.100553
63060,0.032044,0.024709,0.140800
63070,0.016201,0.011977,0.086569
63080,0.043544,0.033479,0.170655
63090,0.023726,0.018622,0.109168
63100,0.033604,0.025471,0.129644
63110,0.026989,0.020777,0.130085
63120,0.017225,0.012872,0.098182
63130,0.015119,0.011467,0.098374
63140,0.005846,0.004063,0.059707
63150,0.024591,0.019195,0.124956
63160,0.019682,0.015855,0.095112
63170,0.001654,0.001186,0.103401
63180,0.018829,0.014326,0.104904
63190,0.023389,0.018132,0.117600
63200,0.028174,0.021486,0.128935
63210,0.016561,0.014140,0.101321
63220,0.012557,0.009635,0.089248
63230,0.023833,0.018348,0.104111
63240,0.031169,0.024839,0.132458
63250,0.011339,0.008701,0.093637
63260,0.022651,0.016637,0.129659
63270,0.024615,0.019502,0.116851
63280,0.024143,0.018427,0.107929
63290,0.013189,0.010443,0.108503
63300,0.014577,0.011408,0.097050
63310,0.013013,0.009755,0.111978
63320,0.039913,0.031405,0.151643
63330,0.024133,0.018792,0.120038
63340,0.009936,0.007366,0.080935
63350,0.010862,0.007982,0.089280
63360,0.027770,0.022042,0.123211
63370,0.010094,0.007517,0.079514
63380,0.006860,0.005199,0.066559
63390,0.037988,0.029154,0.157638
63400,0.023479,0.018568,0.121746
63410,0.032530,0.025148,0.130805
63420,0.029698,0.022772,0.119515
63430,0.030980,0.024359,0.119740
63440,0.005680,0.004092,0.066554
63450,0.030424,0.023886,0.141446
63460,0.011189,0.008194,0.084924
63470,0.024664,0.019197,0.106725
63480,0.005612,0.003599,0.134480
63490,0.009352,0.006083,0.096768
63500,0.018574,0.014331,0.102410
63510,0.019266,0.014704,0.112163
63520,0.021320,0.016773,0.115254
63530,0.028550,0.022248,0.124698
63540,0.015176,0.012046,0.077863
63550,0.037438,0.028311,0.149705
63560,0.021757,0.016792,0.117142
63570,0.012266,0.008947,0.092282
63580,0.011592,0.008684,0.085777
63590,0.025422,0.019246,0.108972
63600,0.010776,0.007724,0.086731
63610,0.019106,0.014213,0.103490
63620,0.026074,0.019949,0.131094
63630,0.000368,0.000280,0.061364
63640,0.013604,0.010131,0.089551
63650,0.024422,0.019115,0.126791
63660,0.013140,0.009992,0.098352
63670,0.023609,0.017678,0.126843
63680,0.028811,0.022872,0.129133
63690,0.029559,0.022819,0.132035
63700,0.012403,0.009250,0.088166
63710,0.018274,0.014166,0.101996
63720,0.025022,0.019835,0.116219
63730,0.008173,0.005776,0.085981
63740,0.024993,0.019259,0.125409
63750,0.004596,0.003833,0.035629
63760,0.019067,0.014827,0.108207
63770,0.021479,0.016694,0.112812
63780,0.028165,0.023035,0.133895
63790,0.033604,0.026335,0.131490
63800,0.021632,0.016233,0.112218
63810,0.030405,0.023334,0.139341
63820,0.022389,0.016894,0.095503
63830,0.019087,0.015086,0.085070
63840,0.031174,0.024150,0.129631
63850,0.031396,0.024915,0.132373
63860,0.017126,0.013225,0.098858
63870,0.033368,0.026117,0.138822
63880,0.023606,0.018357,0.116303
63890,0.013858,0.010572,0.087619
63900,0.033080,0.026406,0.144243
63910,0.021878,0.015915,0.146801
63920,0.018759,0.014485,0.102843
63930,0.043027,0.032738,0.169349
63940,0.025806,0.021291,0.133381
63950,0.029492,0.022851,0.127600
63960,0.025786,0.020279,0.113892
63970,0.024560,0.018603,0.124249
63980,0.009846,0.006765,0.103545
63990,0.024885,0.018934,0.119683
64000,0.019903,0.015505,0.115582
64010,0.028624,0.022558,0.132623
64020,0.017598,0.013544,0.112733
64030,0.023325,0.018143,0.115570
64040,0.037943,0.029118,0.160378
64050,0.025961,0.020517,0.119682
64060,0.020415,0.015562,0.119611
64070,0.019957,0.015782,0.114374
64080,0.021588,0.016310,0.117262
64090,0.015930,0.011743,0.109196
64100,0.007890,0.005858,0.044622
64110,0.043825,0.033971,0.151686
64120,0.031373,0.024533,0.140101
64130,0.015355,0.011880,0.081621
64140,0.032165,0.024667,0.137808
64150,0.019775,0.015382,0.121563
64160,0.018563,0.013768,0.098327
64170,0.014811,0.010757,0.101966
64180,0.014368,0.010794,0.087184
64190,0.017361,0.013393,0.112378
64200,0.020428,0.015551,0.109613
64210,0.003932,0.002842,0.068632
64220,0.012000,0.008937,0.071389
64230,0.035441,0.028360,0.144731
64240,0.010028,0.007309,0.071361
64250,0.012728,0.009945,0.058377
64260,0.021435,0.017033,0.109141
64270,0.019392,0.015114,0.088904
64280,0.017826,0.013755,0.109608
64290,0.031342,0.024380,0.132402
64300,0.017837,0.013586,0.093456
64310,0.027766,0.021044,0.129234
64320,0.035772,0.027627,0.152348
64330,0.008410,0.005806,0.076259
64340,0.008255,0.006305,0.082092
64350,0.022908,0.018176,0.115461
64360,0.011062,0.008864,0.063028
64370,0.033991,0.026724,0.146379
64380,0.019179,0.014597,0.101979
64390,0.008722,0.006704,0.045925
64400,0.021005,0.016052,0.114300
64410,0.015120,0.012272,0.067454
64420,0.016071,0.012668,0.076113
64430,0.002867,0.001898,0.073512
64440,0.008352,0.006567,0.075005
64450,0.013673,0.010554,0.074608
64460,0.024574,0.020197,0.111616
64470,0.028527,0.022548,0.113870
64480,0.009534,0.007377,0.055211
64490,0.010909,0.007568,0.094174
64500,0.038150,0.029051,0.160687
64510,0.014007,0.010585,0.116001
64520,0.016682,0.012480,0.105434
64530,0.008328,0.005943,0.087700
64540,0.025375,0.019689,0.122481
64550,0.016236,0.012038,0.119359
64560,0.014836,0.011173,0.101645
64570,0.019949,0.015419,0.113856
64580,0.028805,0.021718,0.141924
64590,0.013280,0.009792,0.087550
64600,0.001383,0.000884,0.076803
64610,0.008658,0.006661,0.056009
64620,0.021961,0.017091,0.113640
64630,0.017235,0.012617,0.084492
64640,0.009454,0.007585,0.046678
64650,0.011727,0.008186,0.090229
64660,0.019457,0.014046,0.110051
64670,0.003480,0.002451,0.074664
64680,0.004293,0.003046,0.061281
64690,0.032544,0.025487,0.140398
64700,0.028080,0.021682,0.126322
64710,0.013715,0.010346,0.096303
64720,0.015779,0.011673,0.105095
64730,0.016053,0.011726,0.095251
64740,0.011974,0.009044,0.090654
64750,0.027785,0.021861,0.126427
64760,0.032798,0.025623,0.127403
64770,0.021068,0.015307,0.121861
64780,0.012390,0.009551,0.090362
64790,0.018983,0.014469,0.102268
64800,0.013649,0.010547,0.077062
64810,0.019079,0.014559,0.106188
64820,0.009844,0.007885,0.082328
64830,0.018691,0.014378,0.105253
64840,0.025997,0.021041,0.108605
64850,0.024044,0.018776,0.115563
64860,0.007637,0.006202,0.071366
64870,0.010133,0.007691,0.091360
64880,0.044023,0.033782,0.165172
64890,0.025748,0.020061,0.128374
64900,0.017185,0.013613,0.075651
64910,0.034337,0.026881,0.144377
64920,0.020039,0.015064,0.138198
64930,0.009690,0.006898,0.089695
64940,0.022459,0.017401,0.110175
64950,0.034729,0.026931,0.145462
64960,0.021710,0.017119,0.113960
64970,0.004579,0.003429,0.061256
64980,0.034697,0.029041,0.142323
64990,0.037326,0.028696,0.148937
65000,0.015744,0.011799,0.100436
65010,0.027657,0.022036,0.139105
65020,0.024150,0.018912,0.118860
65030,0.066781,0.049951,0.220985
65040,0.025473,0.019411,0.117637
65050,0.032130,0.024970,0.142752
65060,0.022875,0.017768,0.112369
65070,0.029486,0.022631,0.125574
65080,0.020105,0.015478,0.111585
65090,0.011756,0.008786,0.091804
65100,0.024091,0.018242,0.126280
65110,0.014878,0.010817,0.102397
65120,0.018342,0.014222,0.120732
65130,0.016467,0.012979,0.095693
65140,0.024954,0.019420,0.112547
65150,0.010544,0.007965,0.078447
65160,0.012145,0.009275,0.094597
65170,0.019141,0.014736,0.110915
65180,0.019288,0.014488,0.114012
65190,0.031020,0.024420,0.106234
65200,0.020577,0.015784,0.125324
65210,0.032256,0.028431,0.155674
65220,0.015454,0.011281,0.104956
65230,0.021119,0.016500,0.119848
65240,0.030524,0.023480,0.122585
65250,0.027784,0.020847,0.134061
65260,0.018427,0.013876,0.117323
65270,0.014319,0.010955,0.098134
65280,0.013555,0.011216,0.085989
65290,0.014062,0.010756,0.072516
65300,0.018801,0.014198,0.105072
65310,0.021915,0.016951,0.116533
65320,0.025129,0.019938,0.125142
65330,0.005457,0.004355,0.073787
65340,0.003707,0.002723,0.022247
65350,0.016643,0.012572,0.078459
65360,0.036770,0.027782,0.148553
65370,0.007465,0.005445,0.071543
65380,0.018566,0.014237,0.112290
65390,0.028395,0.020893,0.142146
65400,0.037912,0.030085,0.153566
65410,0.011895,0.009021,0.083599
65420,0.016573,0.013145,0.090386
65430,0.037628,0.029205,0.160848
65440,0.023815,0.018557,0.115515
65450,0.018892,0.014420,0.105492
65460,0.004807,0.003363,0.094404
65470,0.011129,0.008791,0.088635
65480,0.014568,0.010574,0.108787
65490,0.013955,0.010487,0.083371
65500,0.009189,0.006775,0.077606
65510,0.024514,0.018639,0.123468
65520,0.016651,0.013801,0.097817
65530,0.018241,0.014477,0.102188
65540,0.024416,0.018883,0.118651
65550,0.044059,0.034367,0.159764
65560,0.004440,0.003610,0.035419
65570,0.019922,0.015533,0.110493
65580,0.014378,0.010110,0.103150
65590,0.013504,0.010262,0.093356
65600,0.015828,0.012475,0.119856
65610,0.028700,0.022140,0.129620
65620,0.015796,0.012007,0.100373
65630,0.030089,0.023341,0.113522
65640,0.017100,0.012633,0.104774
65650,0.011638,0.008447,0.095843
65660,0.031205,0.024328,0.145575
65670,0.015221,0.011072,0.107174
65680,0.005153,0.004034,0.086747
65690,0.013923,0.011239,0.084199
65700,0.009922,0.007230,0.082934
65710,0.035623,0.027809,0.148778
65720,0.027729,0.020733,0.136025
65730,0.007174,0.005342,0.059550
65740,0.013062,0.009804,0.090825
65750,0.017327,0.013158,0.094543
65760,0.027920,0.021713,0.125751
65770,0.016546,0.012767,0.080911
65780,0.004066,0.002777,0.062984
65790,0.013227,0.010478,0.095872
65800,0.024810,0.018539,0.130023
65810,0.015565,0.012212,0.086970
65820,0.013768,0.010360,0.089466
65830,0.049959,0.038522,0.179023
65840,0.015491,0.011841,0.111435
65850,0.034299,0.026672,0.146717
65860,0.012201,0.008976,0.080318
65870,0.010987,0.008494,0.054355
65880,0.019280,0.015058,0.091319
65890,0.002976,0.002291,0.023983
65900,0.002990,0.001918,0.074533
65910,0.030386,0.024044,0.141216
65920,0.025130,0.019476,0.115795
65930,0.043748,0.034024,0.166719
65940,0.013669,0.010848,0.057564
65950,0.013434,0.010344,0.093246
65960,0.036763,0.028629,0.138910
65970,0.011578,0.008968,0.064144
65980,0.023807,0.018749,0.113441
65990,0.044072,0.033814,0.169218
66000,0.002557,0.001666,0.081566
66010,0.013176,0.010099,0.075301
66020,0.008869,0.006976,0.052336
66030,0.011118,0.008456,0.087244
66040,0.003622,0.003534,0.095961
66050,0.023145,0.017996,0.104741
66060,0.012790,0.010149,0.094039
66070,0.031603,0.024685,0.121519
66080,0.007821,0.005734,0.067779
66090,0.019146,0.015002,0.101417
66100,0.022868,0.017397,0.113642
66110,0.009778,0.007604,0.076425
66120,0.021868,0.016577,0.113756
66130,0.020954,0.016366,0.106460
66140,0.022243,0.017031,0.102281
66150,0.010127,0.007750,0.081908
66160,0.033457,0.026091,0.145624
66170,0.000389,0.000349,0.036868
66180,0.025591,0.019395,0.129862
66190,0.032184,0.025131,0.124217
66200,0.042461,0.033853,0.174196
66210,0.012129,0.009422,0.064449
66220,0.029654,0.022165,0.135085
66230,0.010052,0.007783,0.093892
66240,0.021831,0.016456,0.112318
66250,0.016035,0.012385,0.095169
66260,0.022157,0.016525,0.114309
66270,0.014085,0.010377,0.106617
66280,0.017114,0.013192,0.093464
66290,0.037346,0.029187,0.134591
66300,0.027762,0.021758,0.124744
66310,0.029491,0.023331,0.125789
66320,0.018145,0.014090,0.082678
66330,0.016387,0.012754,0.082548
66340,0.013025,0.009902,0.100936
66350,0.015520,0.011921,0.083491
66360,0.010092,0.007902,0.071675
66370,0.008632,0.006240,0.080298
66380,0.009692,0.007292,0.102980
66390,0.022257,0.017090,0.096234
66400,0.016097,0.012197,0.098891
66410,0.001155,0.000773,0.040660
66420,0.022498,0.017664,0.119653
66430,0.014627,0.011074,0.078995
66440,0.010359,0.007751,0.086671
66450,0.020976,0.016394,0.095559
66460,0.023550,0.018529,0.113493
66470,0.012455,0.009613,0.087306
66480,0.013399,0.010118,0.089561
66490,0.030525,0.023891,0.134677
66500,0.029478,0.022482,0.129326
66510,0.012049,0.009165,0.086693
66520,0.008737,0.006645,0.115226
66530,0.002140,0.001487,0.052216
66540,0.006607,0.004789,0.075453
66550,0.014338,0.011799,0.082932
66560,0.023741,0.018359,0.116889
66570,0.029373,0.021698,0.132676
66580,0.030928,0.023740,0.134668
66590,0.015962,0.012772,0.061203
66600,0.043938,0.034047,0.168946
66610,0.046399,0.038654,0.202800
66620,0.026801,0.020616,0.136306
66630,0.029667,0.023536,0.124983
66640,0.044307,0.033338,0.178181
66650,0.041810,0.031703,0.163316
66660,0.029179,0.021817,0.130277
66670,0.013803,0.010375,0.081100
66680,0.028116,0.022099,0.114116
66690,0.029194,0.022388,0.118730
66700,0.019708,0.015206,0.104284
66710,0.020739,0.016315,0.105373
66720,0.017147,0.012894,0.109508
66730,0.019293,0.014974,0.102224
66740,0.029680,0.022218,0.134484
66750,0.029813,0.023123,0.148126
66760,0.011084,0.008654,0.071851
66770,0.010740,0.008595,0.079988
66780,0.018765,0.014243,0.112592
66790,0.013302,0.010052,0.097718
66800,0.029358,0.022646,0.133447
66810,0.008919,0.006867,0.076975
66820,0.017345,0.013551,0.101450
66830,0.020417,0.015085,0.116936
66840,0.013679,0.010238,0.092721
66850,0.023827,0.018458,0.127483
66860,0.025850,0.020046,0.110369
66870,0.012873,0.009498,0.100187
66880,0.015544,0.010944,0.090819
66890,0.019644,0.015154,0.113747
66900,0.028097,0.021760,0.130905
66910,0.052664,0.039657,0.182206
66920,0.019586,0.014926,0.087370
66930,0.023916,0.017912,0.129480
66940,0.020913,0.015200,0.074725
66950,0.019007,0.014321,0.105597
66960,0.025376,0.019697,0.119086
66970,0.026550,0.019929,0.134365
66980,0.027056,0.020995,0.120234
66990,0.014530,0.011041,0.079667
67000,0.016597,0.012618,0.092816
67010,0.011923,0.009164,0.092360
67020,0.015075,0.012096,0.099511
67030,0.011442,0.008283,0.086634
67040,0.031086,0.023713,0.136847
67050,0.017518,0.013860,0.106731
67060,0.016040,0.012713,0.078007
67070,0.031863,0.024991,0.129220
67080,0.012580,0.009510,0.102620
67090,0.016820,0.012655,0.102011
67100,0.012011,0.009569,0.083593
67110,0.019777,0.015014,0.084778
67120,0.012794,0.009918,0.096916
67130,0.020701,0.017145,0.116227
67140,0.025726,0.019994,0.114576
67150,0.020525,0.016284,0.089297
67160,0.009504,0.006884,0.075694
67170,0.022136,0.017560,0.101864
67180,0.020945,0.015530,0.108271
67190,0.019740,0.015129,0.114758
67200,0.003442,0.002567,0.059259
67210,0.021535,0.016392,0.119347
67220,0.037903,0.029523,0.148047
67230,0.028426,0.021377,0.137103
67240,0.031617,0.024446,0.135788
67250,0.023260,0.017871,0.101212
67260,0.010635,0.008296,0.046206
67270,0.009279,0.007090,0.074370
67280,0.018223,0.014181,0.099322
67290,0.008982,0.006939,0.074067
67300,0.022882,0.017957,0.110812
67310,0.026124,0.020097,0.121665
67320,0.037790,0.029559,0.163048
67330,0.006468,0.004855,0.056150
67340,0.015750,0.012426,0.085811
67350,0.012129,0.009623,0.082501
67360,0.007362,0.005620,0.071586
67370,0.027334,0.020964,0.125895
67380,0.031024,0.023984,0.141501
67390,0.036905,0.027794,0.152058
67400,0.012664,0.009814,0.080709
67410,0.024280,0.018786,0.111915
67420,0.023360,0.017540,0.119575
67430,0.001018,0.000889,0.045108
67440,0.012645,0.009344,0.101036
67450,0.018007,0.012632,0.103480
67460,0.003242,0.002302,0.063917
67470,0.031779,0.024480,0.147963
67480,0.023280,0.018187,0.096894
67490,0.018604,0.013975,0.107135
67500,0.016964,0.013257,0.099567
67510,0.012396,0.009297,0.110679
67520,0.011612,0.008523,0.094460
67530,0.010568,0.007650,0.091765
67540,0.015165,0.011504,0.099839
67550,0.017168,0.013376,0.108127
67560,0.007428,0.005623,0.055944
67570,0.063863,0.046226,0.206205
67580,0.001776,0.001310,0.045718
67590,0.015387,0.011548,0.092780
67600,0.021990,0.016755,0.117444
67610,0.004816,0.003593,0.089740
67620,0.025686,0.019713,0.121713
67630,0.022558,0.016989,0.118492
67640,0.027450,0.021271,0.133499
67650,0.030635,0.023631,0.134661
67660,0.010562,0.008012,0.090662
67670,0.023667,0.018368,0.118134
67680,0.017388,0.013430,0.110046
67690,0.018081,0.013954,0.103099
67700,0.011732,0.009107,0.106658
67710,0.021384,0.016425,0.118446
67720,0.015260,0.012060,0.093596
67730,0.003317,0.002720,0.096014
67740,0.027128,0.021501,0.131648
67750,0.036453,0.027974,0.141434
67760,0.020727,0.016195,0.094059
67770,0.012016,0.009309,0.071776
67780,0.019430,0.015763,0.106241
67790,0.029082,0.022294,0.127657
67800,0.015897,0.012117,0.092503
67810,0.020303,0.015867,0.113994
67820,0.023840,0.017604,0.123803
67830,0.029076,0.021878,0.131665
67840,0.017163,0.012701,0.106721
67850,0.035658,0.027959,0.160695
67860,0.006785,0.005517,0.076253
67870,0.022453,0.017853,0.121615
67880,0.012335,0.011844,0.068055
67890,0.021938,0.016392,0.115708
67900,0.020886,0.015822,0.136669
67910,0.008325,0.006171,0.070466
67920,0.018134,0.013709,0.109423
67930,0.025822,0.019689,0.118926
67940,0.014839,0.012059,0.076520
67950,0.020043,0.015413,0.106037
67960,0.012892,0.009798,0.060784
67970,0.033364,0.025645,0.140451
67980,0.030942,0.023452,0.129512
67990,0.028056,0.021776,0.119695
68000,0.019171,0.014547,0.103144
68010,0.035101,0.027417,0.138482
68020,0.035194,0.026773,0.141269
68030,0.025864,0.020104,0.128609
68040,0.020991,0.015829,0.105248
68050,0.029519,0.022474,0.134999
68060,0.008424,0.006056,0.074324
68070,0.024142,0.018420,0.120074
68080,0.021952,0.017128,0.113941
68090,0.006891,0.005140,0.071888
68100,0.014189,0.010394,0.090754
68110,0.038893,0.030413,0.160338
68120,0.017763,0.017407,0.128109
68130,0.017568,0.013397,0.107251
68140,0.020572,0.016024,0.095974
68150,0.011265,0.008176,0.061663
68160,0.004906,0.003640,0.082220
68170,0.018835,0.014148,0.106471
68180,0.005497,0.004326,0.052413
68190,0.036341,0.028396,0.150120
68200,0.009611,0.007268,0.098388
68210,0.017429,0.013451,0.101214
68220,0.026112,0.019986,0.121887
68230,0.026014,0.020483,0.142503
68240,0.028308,0.021425,0.132267
68250,0.034089,0.026871,0.148443
68260,0.014039,0.010918,0.092823
68270,0.019197,0.015299,0.085639
68280,0.021300,0.016762,0.112505
68290,0.014968,0.011903,0.095572
68300,0.031842,0.024563,0.134379
68310,0.011048,0.008091,0.091228
68320,0.022615,0.017542,0.121984
68330,0.030157,0.023717,0.151324
68340,0.027284,0.021011,0.129859
68350,0.023283,0.018164,0.114801
68360,0.002575,0.001917,0.022569
68370,0.013926,0.010484,0.072442
68380,0.024214,0.018644,0.113553
68390,0.004972,0.003565,0.066190
68400,0.002270,0.001480,0.043354
68410,0.006711,0.004650,0.074903
68420,0.025941,0.020072,0.128545
68430,0.013280,0.010853,0.056173
68440,0.018450,0.013814,0.099001
68450,0.002055,0.001515,0.053312
68460,0.011502,0.008401,0.093389
68470,0.009972,0.007849,0.079954
68480,0.029108,0.022686,0.124953
68490,0.013061,0.010693,0.082831
68500,0.020529,0.017265,0.113545
68510,0.016105,0.012955,0.096637
68520,0.009935,0.007955,0.085047
68530,0.013911,0.010991,0.106401
68540,0.024695,0.018512,0.122037
68550,0.015891,0.011982,0.121540
68560,0.028146,0.021486,0.125254
68570,0.009126,0.007040,0.073748
68580,0.023337,0.017551,0.127121
68590,0.012455,0.010238,0.087404
68600,0.022079,0.017277,0.113750
68610,0.035806,0.027680,0.147724
68620,0.027865,0.021668,0.106116
68630,0.007683,0.005860,0.057423
68640,0.025041,0.020295,0.126556
68650,0.019378,0.015180,0.102770
68660,0.009109,0.006961,0.082202
68670,0.004914,0.003793,0.083842
68680,0.019757,0.014904,0.108992
68690,0.020391,0.016183,0.103776
68700,0.012819,0.009731,0.081725
68710,0.010313,0.007926,0.046595
68720,0.003195,0.002266,0.105014
68730,0.017291,0.013537,0.109274
68740,0.000151,0.000125,0.656508
68750,0.016999,0.012857,0.077462
68760,0.020468,0.015645,0.106912
68770,0.016625,0.012976,0.097578
68780,0.029920,0.022289,0.144952
68790,0.038493,0.030098,0.142572
68800,0.029127,0.022991,0.135635
68810,0.031911,0.024124,0.145985
68820,0.031743,0.024880,0.139583
68830,0.029120,0.022870,0.136065
68840,0.036281,0.028355,0.151421
68850,0.022504,0.017143,0.099353
68860,0.017106,0.012753,0.096295
68870,0.007758,0.005238,0.120268
68880,0.009708,0.007229,0.083461
68890,0.012700,0.009779,0.082964
68900,0.019069,0.015157,0.110539
68910,0.010999,0.008457,0.058589
68920,0.015395,0.011413,0.101919
68930,0.018747,0.014100,0.083469
68940,0.014890,0.012002,0.071725
68950,0.000135,0.000113,0.297021
68960,0.015218,0.012972,0.086705
68970,0.038973,0.030611,0.150464
68980,0.023013,0.017943,0.110392
68990,0.020510,0.015493,0.106779
69000,0.017402,0.013370,0.100398
69010,0.013784,0.010416,0.094923
69020,0.010368,0.007731,0.085171
69030,0.012047,0.009106,0.090069
69040,0.034557,0.026568,0.147570
69050,0.013898,0.010462,0.093704
69060,0.009433,0.007341,0.092725
69070,0.016217,0.012667,0.074315
69080,0.017993,0.013754,0.093024
69090,0.015196,0.011308,0.080802
69100,0.011739,0.008975,0.071587
69110,0.024077,0.018264,0.119408
69120,0.019031,0.014778,0.109346
69130,0.021778,0.016760,0.116712
69140,0.026090,0.020921,0.109775
69150,0.046268,0.035711,0.171031
69160,0.021855,0.016775,0.114999
69170,0.011623,0.008045,0.103894
69180,0.017440,0.015630,0.102448
69190,0.009858,0.007483,0.081525
69200,0.011147,0.008626,0.085458
69210,0.014967,0.011506,0.104443
69220,0.014448,0.011443,0.071631
69230,0.019601,0.014965,0.118256
69240,0.016849,0.012955,0.097406
69250,0.010296,0.007551,0.070279
69260,0.009174,0.006833,0.062466
69270,0.022385,0.017179,0.107053
69280,0.005255,0.004469,0.105982
69290,0.009131,0.006713,0.077956
69300,0.022140,0.017754,0.108657
69310,0.018409,0.012955,0.109360
69320,0.012716,0.009704,0.095715
69330,0.013785,0.009583,0.090234
69340,0.034916,0.027412,0.148213
69350,0.010212,0.008028,0.078610
69360,0.030965,0.024539,0.131819
69370,0.013227,0.009805,0.092445
69380,0.010185,0.007468,0.062587
69390,0.000609,0.000431,0.048560
69400,0.021052,0.016853,0.109293
69410,0.004386,0.003095,0.077989
69420,0.009655,0.006948,0.101110
69430,0.015520,0.011985,0.094283
69440,0.017054,0.013348,0.097244
69450,0.021398,0.016621,0.114481
69460,0.013382,0.010426,0.069060
69470,0.014202,0.011104,0.089776
69480,0.012060,0.009279,0.086456
69490,0.020026,0.015613,0.111109
69500,0.025680,0.019985,0.120283
69510,0.017511,0.013107,0.102924
69520,0.024302,0.018552,0.126195
69530,0.020165,0.016124,0.112856
69540,0.026385,0.020263,0.107155
69550,0.017547,0.013289,0.092349
69560,0.001221,0.000699,0.050319
69570,0.020774,0.015527,0.115519
69580,0.022323,0.016588,0.110907
69590,0.011130,0.008611,0.075869
69600,0.011637,0.008622,0.074268
69610,0.019176,0.014710,0.113424
69620,0.031272,0.023951,0.127760
69630,0.017288,0.013494,0.082546
69640,0.032148,0.024612,0.135001
69650,0.011862,0.009185,0.095586
69660,0.007837,0.005002,0.072771
69670,0.021866,0.016960,0.117563
69680,0.009106,0.006618,0.067470
69690,0.009602,0.007037,0.079128
69700,0.009270,0.007037,0.079082
69710,0.021265,0.016740,0.108566
69720,0.011759,0.008504,0.066708
69730,0.011427,0.009204,0.081603
69740,0.020555,0.015345,0.127494
69750,0.050599,0.039288,0.182829
69760,0.027619,0.021943,0.119523
69770,0.016919,0.012921,0.099519
69780,0.032901,0.026059,0.136796
69790,0.003732,0.002752,0.055009
69800,0.027397,0.021237,0.139288
69810,0.029909,0.023135,0.136456
69820,0.015796,0.012334,0.087083
69830,0.027682,0.022034,0.115078
69840,0.050421,0.040590,0.167856
69850,0.017452,0.012575,0.103495
69860,0.018326,0.014290,0.103167
69870,0.021636,0.016434,0.107774
69880,0.010159,0.007843,0.058452
69890,0.039544,0.031516,0.154051
69900,0.021408,0.016264,0.108815
69910,0.018433,0.013920,0.107990
69920,0.011475,0.008763,0.092184
69930,0.033612,0.026350,0.136451
69940,0.020856,0.015972,0.108519
69950,0.021046,0.016892,0.110188
69960,0.048404,0.039361,0.184164
69970,0.024493,0.018803,0.115295
69980,0.030394,0.023927,0.122493
69990,0.006489,0.005312,0.034342
70000,0.018748,0.014904,0.107527
70010,0.007520,0.006139,0.033699
70020,0.031198,0.024412,0.138068
70030,0.024245,0.018576,0.132181
70040,0.025780,0.020142,0.127030
70050,0.016673,0.012600,0.094726
70060,0.016762,0.012622,0.073999
70070,0.012461,0.009177,0.098009
70080,0.018601,0.014108,0.108335
70090,0.035269,0.027432,0.152340
70100,0.011558,0.009121,0.097573
70110,0.012395,0.009108,0.092243
70120,0.024463,0.019445,0.128418
70130,0.020623,0.016519,0.111755
70140,0.029280,0.022954,0.136365
70150,0.013789,0.010142,0.111825
70160,0.026611,0.021146,0.125356
70170,0.032874,0.025122,0.128907
70180,0.024875,0.018637,0.122115
70190,0.009006,0.006847,0.045157
70200,0.012321,0.009594,0.089993
70210,0.021490,0.017046,0.108330
70220,0.041029,0.031962,0.168494
70230,0.017045,0.012969,0.098393
70240,0.005179,0.003890,0.090666
70250,0.023639,0.018244,0.123310
70260,0.037655,0.029134,0.140022
70270,0.026902,0.021122,0.107003
70280,0.012088,0.009618,0.053654
70290,0.009461,0.006660,0.071417
70300,0.027807,0.021205,0.123858
70310,0.015838,0.011937,0.089350
70320,0.025526,0.020195,0.135208
70330,0.024195,0.018577,0.129051
70340,0.002263,0.001624,0.018680
70350,0.018069,0.014205,0.114360
70360,0.014775,0.011011,0.102440
70370,0.007293,0.005850,0.068124
70380,0.023655,0.018491,0.116621
70390,0.018898,0.014794,0.107608
70400,0.017872,0.014302,0.109533
70410,0.003308,0.002418,0.066111
70420,0.019293,0.014971,0.116911
70430,0.013549,0.010353,0.088849
70440,0.022829,0.017128,0.119034
70450,0.021179,0.016712,0.114485
70460,0.015860,0.012152,0.105932
70470,0.026284,0.020375,0.124988
70480,0.017960,0.014084,0.098716
70490,0.031829,0.025139,0.130401
70500,0.032621,0.025882,0.140621
70510,0.001155,0.000847,0.075316
70520,0.041177,0.032673,0.150077
70530,0.021344,0.016545,0.105023
70540,0.025898,0.020008,0.118155
70550,0.028574,0.022078,0.125051
70560,0.002067,0.001478,0.087018
70570,0.035541,0.027305,0.150649
70580,0.003283,0.002114,0.155587
70590,0.026605,0.020290,0.129745
70600,0.008547,0.007038,0.047982
70610,0.014964,0.011343,0.106478
70620,0.009678,0.006941,0.081965
70630,0.013167,0.010763,0.063788
70640,0.030774,0.023949,0.131638
70650,0.018267,0.014638,0.113274
70660,0.004543,0.003725,0.036121
70670,0.020258,0.016829,0.114534
70680,0.020566,0.015607,0.103419
70690,0.027914,0.021789,0.119557
70700,0.014976,0.011246,0.093672
70710,0.022859,0.017471,0.095791
70720,0.016047,0.012403,0.116704
70730,0.008843,0.006462,0.086261
70740,0.027481,0.021021,0.136417
70750,0.020213,0.015773,0.107779
70760,0.017063,0.013245,0.097288
70770,0.021102,0.016191,0.108904
70780,0.014293,0.010546,0.095506
70790,0.022236,0.017018,0.100566
70800,0.030300,0.023244,0.132707
70810,0.047563,0.036517,0.176873
70820,0.026260,0.020597,0.127304
70830,0.004119,0.002723,0.081699
70840,0.023009,0.018161,0.109422
70850,0.011445,0.008591,0.092155
70860,0.020303,0.015953,0.118620
70870,0.020652,0.016121,0.102099
70880,0.027300,0.021227,0.116348
70890,0.009877,0.007524,0.068930
70900,0.023628,0.017997,0.099323
70910,0.031312,0.024851,0.130791
70920,0.010109,0.008010,0.056052
70930,0.014326,0.011057,0.088598
70940,0.020310,0.015375,0.120533
70950,0.031595,0.024418,0.135548
70960,0.016533,0.012342,0.103549
70970,0.010918,0.007801,0.082671
70980,0.013388,0.010469,0.094199
70990,0.006434,0.004369,0.086188
71000,0.024533,0.019002,0.122045
71010,0.022935,0.018274,0.112816
71020,0.027666,0.021566,0.136912
71030,0.032089,0.024626,0.134566
71040,0.018876,0.014170,0.104880
71050,0.022385,0.017140,0.128867
71060,0.010071,0.007544,0.079638
71070,0.015226,0.011673,0.071611
71080,0.010520,0.007714,0.089863
71090,0.022478,0.017439,0.111287
71100,0.009748,0.007627,0.079736
71110,0.009770,0.007459,0.081814
71120,0.023436,0.018663,0.107385
71130,0.023425,0.018247,0.112747
71140,0.021375,0.016657,0.091454
71150,0.017093,0.013603,0.092464
71160,0.000597,0.000673,0.104018
71170,0.013971,0.010997,0.097234
71180,0.025678,0.020578,0.119962
71190,0.010061,0.007268,0.083426
71200,0.022777,0.017231,0.122710
71210,0.025201,0.019186,0.120251
71220,0.045924,0.035809,0.173198
71230,0.006759,0.004877,0.080545
71240,0.014371,0.010396,0.104567
71250,0.021166,0.016003,0.123802
71260,0.021884,0.016912,0.112273
71270,0.010937,0.008254,0.082416
71280,0.018403,0.014418,0.105541
71290,0.021982,0.016774,0.124385
71300,0.017956,0.013626,0.096277
71310,0.008717,0.007087,0.067597
71320,0.031043,0.024538,0.146239
71330,0.022136,0.017186,0.096453
71340,0.036620,0.030612,0.157764
71350,0.008424,0.006305,0.111209
71360,0.015242,0.011779,0.100896
71370,0.034296,0.026948,0.130382
71380,0.042993,0.033207,0.165110
71390,0.013155,0.010384,0.072908
71400,0.003448,0.002413,0.073270
71410,0.014622,0.011486,0.103663
71420,0.019932,0.022931,0.085017
71430,0.012047,0.009185,0.063171
71440,0.012774,0.009642,0.089645
71450,0.027273,0.020880,0.126171
71460,0.014863,0.011422,0.095445
71470,0.024155,0.018193,0.138169
71480,0.030865,0.024192,0.142668
71490,0.017101,0.013552,0.083644
71500,0.011029,0.008438,0.065587
71510,0.030346,0.023615,0.132100
71520,0.024022,0.018631,0.114842
71530,0.030645,0.024343,0.141719
71540,0.003381,0.002365,0.046449
71550,0.004270,0.003079,0.055874
71560,0.029541,0.022923,0.139263
71570,0.005555,0.004185,0.077654
71580,0.001310,0.000962,0.136432
71590,0.014434,0.011441,0.082397
71600,0.011975,0.009595,0.066583
71610,0.018059,0.013914,0.102330
71620,0.009495,0.006727,0.085617
71630,0.012046,0.009351,0.074240
71640,0.015456,0.011531,0.099109
71650,0.018472,0.014359,0.109122
71660,0.025742,0.020277,0.116507
71670,0.023814,0.017731,0.132625
71680,0.038348,0.029874,0.157344
71690,0.007677,0.005635,0.101457
71700,0.017129,0.013604,0.082558
71710,0.020965,0.016645,0.114977
71720,0.020580,0.016164,0.111369
71730,0.029351,0.022554,0.132811
71740,0.023662,0.018443,0.117597
71750,0.016200,0.012349,0.085554
71760,0.001816,0.001254,0.011891
71770,0.015142,0.011980,0.079652
71780,0.020323,0.015578,0.121508
71790,0.025886,0.020245,0.119417
71800,0.019629,0.015625,0.109275
71810,0.009003,0.006643,0.082706
71820,0.007557,0.005224,0.098109
71830,0.018161,0.014080,0.106102
71840,0.028044,0.021723,0.131938
71850,0.023642,0.018506,0.111839
71860,0.013599,0.010370,0.069894
71870,0.023363,0.018081,0.110834
71880,0.015360,0.011563,0.106296
71890,0.023809,0.018876,0.118962
71900,0.023459,0.017554,0.116865
71910,0.021294,0.017034,0.098739
71920,0.010833,0.008832,0.085768
71930,0.006548,0.005076,0.030348
71940,0.021465,0.016701,0.117248
71950,0.021134,0.016937,0.120742
71960,0.011122,0.008331,0.081081
71970,0.018813,0.014540,0.101330
71980,0.016165,0.012588,0.090973
71990,0.022937,0.018051,0.099265
72000,0.032855,0.024496,0.141358
72010,0.013502,0.009545,0.106760
72020,0.009150,0.007101,0.054947
72030,0.020936,0.016513,0.121098
72040,0.028632,0.022155,0.128561
72050,0.019189,0.014494,0.104459
72060,0.031845,0.024967,0.137518
72070,0.025172,0.020515,0.108303
72080,0.045397,0.035612,0.167437
72090,0.013059,0.009915,0.095448
72100,0.019306,0.014789,0.095218
72110,0.011706,0.009126,0.095732
72120,0.024867,0.019682,0.110813
72130,0.030147,0.023356,0.132500
72140,0.020659,0.015715,0.139673
72150,0.010142,0.007888,0.049545
72160,0.017101,0.012889,0.106052
72170,0.016165,0.012193,0.118429
72180,0.037116,0.028626,0.139226
72190,0.035534,0.028046,0.136199
72200,0.026588,0.020658,0.122921
72210,0.033499,0.025835,0.139817
72220,0.012553,0.009204,0.093991
72230,0.026637,0.020612,0.118308
72240,0.025468,0.019669,0.132647
72250,0.004851,0.003333,0.101064
72260,0.023065,0.017726,0.119775
72270,0.028543,0.021863,0.127779
72280,0.005038,0.003953,0.028320
72290,0.001378,0.001043,0.008819
72300,0.045421,0.034943,0.173227
72310,0.011637,0.008744,0.088756
72320,0.015506,0.011873,0.090760
72330,0.010270,0.008056,0.075264
72340,0.028693,0.022522,0.127511
72350,0.014319,0.010754,0.097815
72360,0.025125,0.019464,0.123084
72370,0.018356,0.014047,0.099201
72380,0.007837,0.005715,0.096300
72390,0.014298,0.010648,0.106946
72400,0.020859,0.016098,0.117122
72410,0.008890,0.006931,0.065314
72420,0.010673,0.008282,0.079998
72430,0.016939,0.012714,0.094427
72440,0.032240,0.024887,0.123173
72450,0.017400,0.013744,0.096377
72460,0.022013,0.017331,0.112652
72470,0.009885,0.007654,0.065259
72480,0.036757,0.028333,0.151875
72490,0.010337,0.007831,0.075438
72500,0.024347,0.019086,0.127654
72510,0.018785,0.014284,0.106337
72520,0.007588,0.006153,0.064050
72530,0.016579,0.012426,0.094500
72540,0.019236,0.014977,0.093013
72550,0.009621,0.007291,0.083528
72560,0.014012,0.010444,0.090354
72570,0.018940,0.014757,0.108134
72580,0.014377,0.011389,0.084993
72590,0.018450,0.014364,0.102462
72600,0.009441,0.007431,0.052758
72610,0.011807,0.009064,0.084637
72620,0.022571,0.017291,0.117532
72630,0.005438,0.003906,0.066528
72640,0.018860,0.014574,0.097315
72650,0.017876,0.013984,0.103574
72660,0.028750,0.022685,0.138721
72670,0.005089,0.003522,0.064142
72680,0.034476,0.026964,0.128303
72690,0.033823,0.025780,0.144717
72700,0.031449,0.024394,0.121867
72710,0.029069,0.022431,0.128672
72720,0.016059,0.011938,0.094615
72730,0.014275,0.010989,0.076444
72740,0.038015,0.029104,0.151130
72750,0.019462,0.014930,0.109893
72760,0.010895,0.008244,0.099666
72770,0.018857,0.014525,0.108435
72780,0.024503,0.019031,0.117831
72790,0.034155,0.026299,0.144557
72800,0.021033,0.016313,0.112883
72810,0.009128,0.007176,0.057297
72820,0.015119,0.011952,0.073744
72830,0.044314,0.034375,0.158516
72840,0.009975,0.007028,0.104933
72850,0.017764,0.013595,0.105816
72860,0.013894,0.010336,0.093749
72870,0.017545,0.013925,0.105458
72880,0.019692,0.015687,0.105275
72890,0.013693,0.010522,0.094122
72900,0.021971,0.017197,0.101695
72910,0.012901,0.010075,0.091257
72920,0.016686,0.012921,0.096351
72930,0.021807,0.016789,0.108943
72940,0.019199,0.015031,0.111393
72950,0.027391,0.021297,0.126765
72960,0.023521,0.018387,0.132951
72970,0.019142,0.015058,0.086942
72980,0.018580,0.014687,0.093157
72990,0.017853,0.013556,0.107235
73000,0.015318,0.011048,0.108901
73010,0.011945,0.009371,0.062981
73020,0.030041,0.023628,0.129245
73030,0.029467,0.022753,0.129585
73040,0.001591,0.001213,0.008842
73050,0.023628,0.018284,0.121138
73060,0.027931,0.021951,0.115663
73070,0.018049,0.013555,0.116797
73080,0.031359,0.024333,0.138667
73090,0.029067,0.023004,0.121536
73100,0.013842,0.011094,0.072558
73110,0.026275,0.020126,0.122179
73120,0.007897,0.006300,0.043870
73130,0.004426,0.003603,0.032145
73140,0.001771,0.001843,0.191893
73150,0.020764,0.016401,0.114110
73160,0.027537,0.021980,0.124786
73170,0.034638,0.026865,0.147191
73180,0.034500,0.028111,0.143794
73190,0.008855,0.006531,0.065292
73200,0.011664,0.009241,0.076266
73210,0.016360,0.012539,0.077242
73220,0.030546,0.023446,0.132157
73230,0.022110,0.017246,0.113470
73240,0.016509,0.012921,0.095908
73250,0.021809,0.016505,0.117925
73260,0.025978,0.019976,0.126468
73270,0.010291,0.007930,0.071901
73280,0.028174,0.021828,0.125511
73290,0.005882,0.004913,0.043236
73300,0.018101,0.014024,0.113243
73310,0.017020,0.012672,0.107947
73320,0.025808,0.019052,0.129884
73330,0.008555,0.006262,0.051301
73340,0.011387,0.008732,0.069145
73350,0.024019,0.018391,0.129075
73360,0.009664,0.007503,0.078762
73370,0.023079,0.017789,0.114133
73380,0.031802,0.024416,0.140779
73390,0.013107,0.010216,0.094382
73400,0.032870,0.026507,0.146721
73410,0.013719,0.010797,0.096853
73420,0.020808,0.016161,0.099914
73430,0.040501,0.031790,0.164934
73440,0.024461,0.018465,0.117070
73450,0.018552,0.014786,0.105961
73460,0.009601,0.007593,0.061185
73470,0.024063,0.019334,0.104285
73480,0.010003,0.007828,0.043316
73490,0.022974,0.017192,0.111679
73500,0.015472,0.012010,0.074330
73510,0.022344,0.017257,0.109976
73520,0.036496,0.028630,0.144895
73530,0.017346,0.012961,0.103017
73540,0.019196,0.014797,0.099476
73550,0.015836,0.012176,0.099438
73560,0.018425,0.013951,0.103680
73570,0.014307,0.011477,0.086712
73580,0.002082,0.001279,0.060927
73590,0.011998,0.009521,0.071078
73600,0.019201,0.014898,0.113670
73610,0.001661,0.001186,0.016034
73620,0.012819,0.009682,0.081800
73630,0.029914,0.023339,0.124165
73640,0.016192,0.012272,0.096871
73650,0.024338,0.018915,0.104303
73660,0.008965,0.006878,0.071924
73670,0.016538,0.012149,0.099267
73680,0.011769,0.009030,0.084702
73690,0.015508,0.011918,0.104903
73700,0.022614,0.017528,0.112342
73710,0.023985,0.019444,0.108304
73720,0.026445,0.020407,0.134633
73730,0.024675,0.018370,0.129499
73740,0.019192,0.014897,0.106936
73750,0.020754,0.016524,0.110522
73760,0.015042,0.011203,0.114343
73770,0.012191,0.009716,0.124402
73780,0.027522,0.021312,0.110373
73790,0.024966,0.019594,0.118967
73800,0.014848,0.011508,0.089567
73810,0.020767,0.015969,0.105743
73820,0.019546,0.015533,0.092005
73830,0.017905,0.013556,0.099483
73840,0.019686,0.015536,0.101057
73850,0.030143,0.023043,0.136964
73860,0.019964,0.015602,0.094248
73870,0.018145,0.013999,0.095376
73880,0.033784,0.025779,0.138202
73890,0.013586,0.009916,0.086737
73900,0.020388,0.015988,0.104887
73910,0.009316,0.007216,0.059405
73920,0.000301,0.000224,0.094307
73930,0.014974,0.012101,0.087418
73940,0.012344,0.009512,0.077726
73950,0.011734,0.008857,0.066628
73960,0.002550,0.002189,0.022034
73970,0.001739,0.001499,0.015731
73980,0.027963,0.021590,0.127372
73990,0.027009,0.020848,0.120647
74000,0.000831,0.000602,0.088612
74010,0.031372,0.023412,0.129499
74020,0.029211,0.022793,0.112530
74030,0.027915,0.021548,0.128410
74040,0.018172,0.014042,0.095795
74050,0.021740,0.016680,0.117800
74060,0.000017,0.000013,0.000050
74070,0.033339,0.025827,0.137619
74080,0.022363,0.018258,0.127015
74090,0.019395,0.014787,0.095563
74100,0.024766,0.019001,0.128038
74110,0.035075,0.027783,0.136224
74120,0.005777,0.004169,0.061418
74130,0.036697,0.028639,0.148235
74140,0.028909,0.022272,0.133550
74150,0.011125,0.008724,0.056678
74160,0.013423,0.010074,0.101655
74170,0.012071,0.009339,0.080615
74180,0.011052,0.008735,0.062462
74190,0.037900,0.029410,0.155218
74200,0.007830,0.005642,0.079163
74210,0.015221,0.011975,0.072553
74220,0.018662,0.014374,0.099592
74230,0.023076,0.017896,0.124264
74240,0.016353,0.012728,0.100363
74250,0.013192,0.010577,0.084439
74260,0.004212,0.003093,0.061746
74270,0.025743,0.020384,0.119598
74280,0.019799,0.015158,0.101169
74290,0.023596,0.018169,0.133373
74300,0.016473,0.012257,0.101531
74310,0.013092,0.009571,0.103705
74320,0.006212,0.005095,0.040227
74330,0.016524,0.012821,0.093037
74340,0.014691,0.011227,0.091806
74350,0.034013,0.026644,0.145822
74360,0.017255,0.013345,0.088670
74370,0.020058,0.015359,0.111330
74380,0.004366,0.003239,0.069286
74390,0.013857,0.010580,0.082944
74400,0.013793,0.010654,0.081371
74410,0.012182,0.009208,0.093697
74420,0.017759,0.013581,0.112789
74430,0.027284,0.021097,0.106551
74440,0.014150,0.011288,0.078387
74450,0.023583,0.017801,0.126606
74460,0.017657,0.013810,0.094122
74470,0.027260,0.023341,0.133191
74480,0.005877,0.004392,0.061946
74490,0.007444,0.004995,0.072955
74500,0.040421,0.031591,0.156807
74510,0.029877,0.023402,0.128953
74520,0.014129,0.011275,0.075061
74530,0.028271,0.022006,0.127731
74540,0.021787,0.016218,0.110689
74550,0.013126,0.009593,0.092525
74560,0.030548,0.023915,0.142017
74570,0.012718,0.009345,0.086456
74580,0.013573,0.010146,0.093782
74590,0.017389,0.013378,0.102657
74600,0.026673,0.021054,0.128112
74610,0.013191,0.010031,0.095340
74620,0.020242,0.015690,0.097532
74630,0.013538,0.010516,0.075134
74640,0.038994,0.030869,0.145757
74650,0.022388,0.017412,0.092399
74660,0.006320,0.004420,0.105063
74670,0.035171,0.028189,0.147469
74680,0.015727,0.012323,0.080811
74690,0.016167,0.012143,0.100619
74700,0.027800,0.021899,0.125372
74710,0.026106,0.020371,0.110652
74720,0.007973,0.005821,0.070242
74730,0.010717,0.008333,0.099535
74740,0.000000,0.000000,0.000001
74750,0.001132,0.000954,0.008122
74760,0.014567,0.011273,0.059398
74770,0.026453,0.020448,0.125599
74780,0.021312,0.016535,0.096123
74790,0.013656,0.010579,0.063325
74800,0.028578,0.022539,0.119263
74810,0.027468,0.021162,0.135697
74820,0.006741,0.004682,0.075566
74830,0.016217,0.012594,0.098632
74840,0.029898,0.023319,0.118317
74850,0.001318,0.000900,0.013029
74860,0.008810,0.006742,0.081665
74870,0.011806,0.008108,0.096307
74880,0.026077,0.019921,0.108436
74890,0.000064,0.000081,0.655837
74900,0.004764,0.003398,0.069140
74910,0.011877,0.009719,0.078162
74920,0.007339,0.005449,0.063120
74930,0.015363,0.011982,0.094748
74940,0.001009,0.000769,0.285173
74950,0.015697,0.012509,0.114486
74960,0.026872,0.021210,0.116874
74970,0.017132,0.013192,0.074422
74980,0.027832,0.021837,0.129740
74990,0.014189,0.011365,0.097597
75000,0.015018,0.011727,0.095082
75010,0.014099,0.010764,0.086370
75020,0.009965,0.007293,0.072820
75030,0.024786,0.018722,0.116276
75040,0.002999,0.002152,0.090760
75050,0.011114,0.008484,0.087982
75060,0.024140,0.018770,0.106110
75070,0.006963,0.006665,0.086126
75080,0.005890,0.004667,0.057459
75090,0.010639,0.008362,0.058000
75100,0.015690,0.012384,0.066950
75110,0.019901,0.014927,0.106783
75120,0.002809,0.002164,0.065396
75130,0.016125,0.013280,0.096323
75140,0.012331,0.009206,0.107289
75150,0.006091,0.004513,0.076757
75160,0.012289,0.009528,0.080166
75170,0.022806,0.018274,0.108289
75180,0.009104,0.006730,0.080742
75190,0.025461,0.020278,0.118965
75200,0.012688,0.009535,0.063821
75210,0.022173,0.017153,0.112327
75220,0.012790,0.009430,0.101656
75230,0.025539,0.020420,0.105162
75240,0.021487,0.016476,0.117877
75250,0.023146,0.017891,0.100249
75260,0.018344,0.014336,0.090766
75270,0.020620,0.016206,0.105715
75280,0.013533,0.009787,0.099889
75290,0.016581,0.012501,0.117635
75300,0.020138,0.015728,0.103256
75310,0.031606,0.024736,0.144183
75320,0.030532,0.023662,0.128573
75330,0.015732,0.012193,0.094150
75340,0.035594,0.027168,0.145733
75350,0.012539,0.009092,0.094863
75360,0.034077,0.026602,0.128841
75370,0.027896,0.021456,0.122582
75380,0.012418,0.009441,0.065764
75390,0.012009,0.009890,0.073793
75400,0.020206,0.015313,0.105227
75410,0.017850,0.012314,0.118402
75420,0.009365,0.007531,0.066806
75430,0.009633,0.007190,0.078786
75440,0.010252,0.007659,0.086590
75450,0.012003,0.009132,0.095173
75460,0.012077,0.008926,0.088635
75470,0.009533,0.007116,0.075493
75480,0.023983,0.018316,0.131937
75490,0.007005,0.005676,0.059954
75500,0.034939,0.026962,0.145338
75510,0.024562,0.019613,0.125187
75520,0.027742,0.022322,0.129283
75530,0.014713,0.011569,0.089714
75540,0.004332,0.003883,0.028866
75550,0.012145,0.009175,0.093107
75560,0.000006,0.000011,0.000029
75570,0.014685,0.010893,0.092073
75580,0.003654,0.002580,0.090521
75590,0.027291,0.021941,0.123634
75600,0.021464,0.016337,0.109308
75610,0.035893,0.027412,0.150031
75620,0.011706,0.009522,0.091323
75630,0.010918,0.008657,0.081200
75640,0.013952,0.010669,0.089745
75650,0.021746,0.017020,0.093043
75660,0.013842,0.010186,0.101583
75670,0.004117,0.003348,0.064887
75680,0.027423,0.021497,0.123370
75690,0.017991,0.014626,0.091138
75700,0.023368,0.018399,0.126239
75710,0.009990,0.007988,0.076488
75720,0.023381,0.018522,0.120520
75730,0.029683,0.022889,0.139260
75740,0.034840,0.027106,0.151703
75750,0.023753,0.018502,0.121792
75760,0.024350,0.019209,0.112053
75770,0.030363,0.024094,0.139665
75780,0.016275,0.012868,0.087047
75790,0.020195,0.016107,0.106289
75800,0.021004,0.016789,0.120844
75810,0.023548,0.018649,0.115449
75820,0.032685,0.024828,0.136945
75830,0.026846,0.020440,0.124874
75840,0.015499,0.011143,0.109547
75850,0.030480,0.023888,0.127986
75860,0.022657,0.017779,0.116924
75870,0.009811,0.007400,0.075585
75880,0.011707,0.008845,0.089214
75890,0.013653,0.010466,0.072123
75900,0.018161,0.014265,0.111310
75910,0.020468,0.016185,0.090442
75920,0.016246,0.012345,0.075919
75930,0.027336,0.021740,0.126628
75940,0.023763,0.018857,0.117247
75950,0.013270,0.010666,0.065971
75960,0.021764,0.017071,0.105612
75970,0.017619,0.013593,0.095719
75980,0.033666,0.025886,0.137915
75990,0.016328,0.012271,0.103202
76000,0.012446,0.009279,0.084284
76010,0.014091,0.011123,0.100232
76020,0.016689,0.012696,0.111398
76030,0.021039,0.016230,0.079719
76040,0.014863,0.011187,0.114399
76050,0.016833,0.013281,0.106978
76060,0.028421,0.022569,0.135951
76070,0.009541,0.007299,0.086128
76080,0.018311,0.014350,0.099522
76090,0.034928,0.026303,0.150021
76100,0.010677,0.008076,0.074947
76110,0.012693,0.009672,0.090804
76120,0.014502,0.010783,0.084828
76130,0.015089,0.011489,0.071378
76140,0.014527,0.011835,0.094373
76150,0.028073,0.021849,0.113475
76160,0.018030,0.013692,0.112752
76170,0.014446,0.011721,0.087524
76180,0.024265,0.018822,0.120121
76190,0.005676,0.004420,0.059890
76200,0.016447,0.012721,0.101504
76210,0.011293,0.008652,0.063260
76220,0.020957,0.016333,0.109902
76230,0.018543,0.013497,0.106462
76240,0.008381,0.006306,0.073265
76250,0.006793,0.004684,0.099593
76260,0.033314,0.026150,0.140153
76270,0.010640,0.008344,0.090601
76280,0.018672,0.014096,0.082740
76290,0.018598,0.014744,0.087348
76300,0.012056,0.009539,0.066747
76310,0.020896,0.015476,0.091346
76320,0.006978,0.005579,0.074158
76330,0.037321,0.028864,0.145973
76340,0.004092,0.002934,0.082656
76350,0.004605,0.003263,0.075884
76360,0.019377,0.014969,0.100784
76370,0.018187,0.013865,0.122732
76380,0.016662,0.012886,0.098767
76390,0.003415,0.002640,0.064761
76400,0.013564,0.010649,0.070159
76410,0.025049,0.018828,0.124585
76420,0.028030,0.021428,0.132127
76430,0.020579,0.015642,0.110353
76440,0.005524,0.004304,0.031250
76450,0.003179,0.002534,0.024163
76460,0.015031,0.011335,0.095609
76470,0.025847,0.020342,0.115893
76480,0.005844,0.004620,0.028924
76490,0.025245,0.019909,0.119228
76500,0.006428,0.004888,0.065942
76510,0.025524,0.019867,0.122174
76520,0.036865,0.028480,0.141048
76530,0.028886,0.022638,0.138219
76540,0.014803,0.011212,0.106634
76550,0.008704,0.006120,0.148989
76560,0.012148,0.009259,0.068285
76570,0.009428,0.006841,0.071730
76580,0.014604,0.011059,0.061113
76590,0.003275,0.002481,0.088954
76600,0.003731,0.002871,0.020209
76610,0.010577,0.007907,0.068529
76620,0.018049,0.014214,0.075818
76630,0.030426,0.024048,0.123790
76640,0.022931,0.017445,0.121639
76650,0.019184,0.015110,0.116208
76660,0.021078,0.016776,0.112544
76670,0.009748,0.007499,0.052369
76680,0.010968,0.008103,0.065890
76690,0.020792,0.016131,0.107071
76700,0.001713,0.001299,0.031193
76710,0.026525,0.020875,0.130381
76720,0.015433,0.011981,0.074446
76730,0.012213,0.009038,0.077357
76740,0.015095,0.011471,0.083918
76750,0.015953,0.011636,0.097969
76760,0.021571,0.016925,0.103067
76770,0.020571,0.016468,0.107641
76780,0.016289,0.011410,0.107206
76790,0.010475,0.008021,0.085221
76800,0.017200,0.013289,0.079196
76810,0.012361,0.009136,0.104941
76820,0.010633,0.008525,0.074821
76830,0.012905,0.009995,0.078561
76840,0.018543,0.014215,0.116274
76850,0.010158,0.007794,0.087155
76860,0.019784,0.015524,0.112004
76870,0.002695,0.001881,0.068975
76880,0.011316,0.008746,0.064093
76890,0.007809,0.006198,0.054442
76900,0.026257,0.020908,0.128857
76910,0.038006,0.029949,0.155424
76920,0.010735,0.007872,0.079096
76930,0.014862,0.011473,0.073593
76940,0.005112,0.003955,0.027556
76950,0.012403,0.009256,0.079670
76960,0.016584,0.012805,0.100662
76970,0.003592,0.002517,0.066217
76980,0.021236,0.016905,0.117478
76990,0.028451,0.021912,0.136196
77000,0.024375,0.019048,0.128715
77010,0.030895,0.023845,0.121634
77020,0.023563,0.018782,0.116917
77030,0.018838,0.014365,0.113550
77040,0.023892,0.019799,0.115966
77050,0.003207,0.002401,0.048055
77060,0.025452,0.019668,0.118390
77070,0.001155,0.001200,0.010713
77080,0.002386,0.001812,0.014022
77090,0.017074,0.012967,0.095368
77100,0.023475,0.018052,0.110170
77110,0.018071,0.014312,0.077008
77120,0.009242,0.006872,0.073070
77130,0.009588,0.007420,0.101090
77140,0.003527,0.002544,0.104349
77150,0.006912,0.004710,0.086715
77160,0.016807,0.012542,0.108777
77170,0.008408,0.006805,0.051301
77180,0.001132,0.000945,0.162670
77190,0.003927,0.002913,0.029335
77200,0.015026,0.011866,0.093424
77210,0.022328,0.017683,0.104245
77220,0.032177,0.025110,0.144505
77230,0.013942,0.011303,0.115553
77240,0.020023,0.015654,0.085042
77250,0.015293,0.012087,0.105303
77260,0.011057,0.008157,0.047304
77270,0.018259,0.013417,0.110549
77280,0.014276,0.011273,0.084233
77290,0.021476,0.016934,0.107143
77300,0.003557,0.002745,0.018227
77310,0.006034,0.004721,0.066745
77320,0.047361,0.037108,0.174089
77330,0.002020,0.001542,0.009374
77340,0.023391,0.018370,0.116716
77350,0.025749,0.019875,0.117025
77360,0.015166,0.010811,0.097118
77370,0.004217,0.002847,0.066032
77380,0.000210,0.000189,0.141949
77390,0.017054,0.012878,0.088288
77400,0.007456,0.004999,0.087785
77410,0.007912,0.006304,0.065939
77420,0.009075,0.006932,0.070169
77430,0.018099,0.013721,0.101760
77440,0.027835,0.021962,0.126640
77450,0.017314,0.013504,0.079295
77460,0.021198,0.016277,0.109010
77470,0.018995,0.014541,0.102867
77480,0.020945,0.016286,0.114127
77490,0.001318,0.000926,0.055409
77500,0.013023,0.009470,0.094512
77510,0.015545,0.011392,0.107233
77520,0.011514,0.008554,0.072897
77530,0.017925,0.014134,0.085684
77540,0.028496,0.023398,0.143138
77550,0.014462,0.011549,0.068104
77560,0.030247,0.023044,0.135649
77570,0.024983,0.019554,0.097108
77580,0.015998,0.012187,0.092941
77590,0.027221,0.020064,0.130159
77600,0.011661,0.009213,0.100125
77610,0.008123,0.005542,0.068751
77620,0.015374,0.011942,0.108795
77630,0.021054,0.016568,0.106213
77640,0.019847,0.015253,0.113553
77650,0.018182,0.014114,0.097713
77660,0.024034,0.018708,0.098096
77670,0.024822,0.019430,0.117933
77680,0.024721,0.019213,0.121339
77690,0.004436,0.003164,0.038094
77700,0.049026,0.038471,0.182943
77710,0.015008,0.011002,0.111770
77720,0.004343,0.002842,0.083225
77730,0.018685,0.014082,0.109499
77740,0.008629,0.006756,0.066777
77750,0.022643,0.017315,0.109133
77760,0.011377,0.008203,0.085798
77770,0.021608,0.017170,0.111882
77780,0.010619,0.007926,0.091525
77790,0.018982,0.014702,0.100210
77800,0.011489,0.008204,0.089770
77810,0.020012,0.016197,0.103951
77820,0.009246,0.006942,0.067246
77830,0.012813,0.010075,0.090018
77840,0.030630,0.024350,0.142487
77850,0.009850,0.007623,0.078088
77860,0.032875,0.025329,0.135575
77870,0.011946,0.008474,0.099123
77880,0.013133,0.010405,0.096114
77890,0.015150,0.011545,0.096961
77900,0.014026,0.011439,0.091077
77910,0.000798,0.000629,0.068362
77920,0.013714,0.010658,0.094447
77930,0.030978,0.025079,0.133334
77940,0.011020,0.008230,0.088564
77950,0.024809,0.019302,0.113933
77960,0.018266,0.014040,0.101617
77970,0.010585,0.008222,0.058478
77980,0.015862,0.011970,0.107972
77990,0.030272,0.023973,0.137577
78000,0.010136,0.007716,0.082705
78010,0.024447,0.019474,0.086938
78020,0.027903,0.021785,0.131027
78030,0.012482,0.009155,0.066674
78040,0.020563,0.015815,0.099915
78050,0.020039,0.015619,0.085505
78060,0.001043,0.000711,0.008866
78070,0.014216,0.010910,0.069141
78080,0.005458,0.003824,0.089138
78090,0.026513,0.020513,0.119014
78100,0.012715,0.009229,0.085683
78110,0.035173,0.027324,0.142824
78120,0.017073,0.013466,0.092574
78130,0.033455,0.026237,0.140148
78140,0.023830,0.018493,0.102641
78150,0.019602,0.015299,0.098881
78160,0.035746,0.027660,0.151765
78170,0.018410,0.014001,0.101812
78180,0.021388,0.016406,0.119718
78190,0.015832,0.012505,0.112201
78200,0.008085,0.006051,0.072787
78210,0.002391,0.001759,0.064980
78220,0.015807,0.011784,0.093853
78230,0.014491,0.010989,0.082378
78240,0.004055,0.002947,0.064793
78250,0.013308,0.010179,0.087427
78260,0.006050,0.004687,0.032166
78270,0.025552,0.020153,0.117855
78280,0.013809,0.010133,0.092790
78290,0.015239,0.011502,0.123947
78300,0.015296,0.011185,0.109383
78310,0.018030,0.014373,0.080780
78320,0.020129,0.015575,0.093408
78330,0.020437,0.015916,0.111542
78340,0.030721,0.023790,0.126970
78350,0.025449,0.019327,0.135141
78360,0.028650,0.023197,0.129605
78370,0.026553,0.020378,0.132795
78380,0.013888,0.010567,0.085703
78390,0.021257,0.016816,0.099177
78400,0.031821,0.024575,0.133409
78410,0.013943,0.011156,0.083872
78420,0.021566,0.016824,0.091226
78430,0.028458,0.022140,0.133060
78440,0.044643,0.034996,0.164897
78450,0.012737,0.009917,0.069101
78460,0.013996,0.010724,0.089745
78470,0.022351,0.017582,0.116467
78480,0.014756,0.011457,0.084566
78490,0.013701,0.010079,0.086339
78500,0.020901,0.015798,0.108197
78510,0.010799,0.008968,0.053092
78520,0.003312,0.002308,0.076396
78530,0.018634,0.014461,0.107893
78540,0.011685,0.009406,0.079393
78550,0.007179,0.005000,0.045308
78560,0.014448,0.011264,0.096960
78570,0.012075,0.009086,0.082598
78580,0.017786,0.013119,0.109612
78590,0.011118,0.008190,0.083600
78600,0.024405,0.018923,0.119024
78610,0.012211,0.009115,0.089631
78620,0.016307,0.011916,0.087674
78630,0.009192,0.006405,0.064650
78640,0.020727,0.016566,0.085738
78650,0.012384,0.009534,0.092610
78660,0.015460,0.011818,0.092765
78670,0.027109,0.020962,0.106535
78680,0.008195,0.005225,0.149604
78690,0.014001,0.010675,0.090741
78700,0.017304,0.013763,0.100747
78710,0.013034,0.009930,0.105161
78720,0.020263,0.015803,0.098820
78730,0.023848,0.018312,0.089141
78740,0.030163,0.022888,0.135629
78750,0.012053,0.009585,0.066164
78760,0.018246,0.014390,0.090201
78770,0.021928,0.017660,0.097742
78780,0.032580,0.025544,0.132869
78790,0.003618,0.002386,0.124379
78800,0.003678,0.002689,0.061430
78810,0.033360,0.025878,0.139801
78820,0.032645,0.025006,0.139595
78830,0.012673,0.010276,0.071700
78840,0.005147,0.003239,0.077077
78850,0.012846,0.009574,0.086069
78860,0.003775,0.003017,0.082484
78870,0.018519,0.014550,0.083379
78880,0.008022,0.006134,0.061553
78890,0.015382,0.011820,0.098412
78900,0.021912,0.016727,0.105521
78910,0.031363,0.023864,0.136817
78920,0.022941,0.018116,0.115942
78930,0.019358,0.014538,0.102925
78940,0.022496,0.017352,0.111397
78950,0.024465,0.020108,0.144275
78960,0.013541,0.009996,0.096452
78970,0.009585,0.007220,0.084348
78980,0.015338,0.012136,0.075324
78990,0.008968,0.007190,0.052183
79000,0.028372,0.021847,0.127237
79010,0.021135,0.016010,0.118926
79020,0.015493,0.012157,0.093888
79030,0.012885,0.009655,0.096712
79040,0.023639,0.018733,0.097214
79050,0.030215,0.023727,0.129245
79060,0.009471,0.007026,0.087298
79070,0.013209,0.009408,0.097363
79080,0.025125,0.019769,0.106600
79090,0.009495,0.006952,0.082505
79100,0.021758,0.016560,0.107846
79110,0.000884,0.000604,0.037586
79120,0.014580,0.011422,0.093925
79130,0.022931,0.018137,0.107465
79140,0.017183,0.012563,0.095749
79150,0.012371,0.009472,0.087729
79160,0.018881,0.014924,0.099630
79170,0.004522,0.003527,0.069456
79180,0.014612,0.011351,0.089586
79190,0.007712,0.005645,0.090866
79200,0.015846,0.012592,0.080422
79210,0.004645,0.003400,0.069644
79220,0.013398,0.010278,0.100094
79230,0.019039,0.015049,0.087146
79240,0.034221,0.027157,0.141224
79250,0.033670,0.026637,0.141454
79260,0.010236,0.008104,0.081093
79270,0.008975,0.006912,0.080772
79280,0.019777,0.015690,0.105282
79290,0.018572,0.014242,0.103224
79300,0.019824,0.015245,0.103772
79310,0.011665,0.009191,0.084780
79320,0.020409,0.015797,0.112016
79330,0.023393,0.018408,0.120169
79340,0.020696,0.016049,0.105730
79350,0.018793,0.014334,0.122545
79360,0.009303,0.007475,0.080323
79370,0.027279,0.021835,0.130242
79380,0.008628,0.005966,0.077101
79390,0.018541,0.014316,0.106270
79400,0.015439,0.012057,0.098186
79410,0.023774,0.017578,0.085379
79420,0.016269,0.012264,0.071601
79430,0.020222,0.017584,0.100537
79440,0.014986,0.011427,0.065927
79450,0.018842,0.015125,0.103636
79460,0.019034,0.014696,0.086740
79470,0.014873,0.011231,0.093803
79480,0.020792,0.016137,0.108274
79490,0.014266,0.010819,0.062686
79500,0.021124,0.015839,0.119957
79510,0.027268,0.019284,0.142011
79520,0.015313,0.011751,0.089689
79530,0.005367,0.003951,0.085417
79540,0.022234,0.017294,0.131054
79550,0.019020,0.015069,0.103289
79560,0.022529,0.017715,0.119557
79570,0.000353,0.000281,0.058684
79580,0.013513,0.010661,0.090960
79590,0.026493,0.020482,0.119805
79600,0.022249,0.017416,0.126201
79610,0.015475,0.012539,0.104024
79620,0.015492,0.012275,0.085524
79630,0.016183,0.012433,0.071069
79640,0.006557,0.005481,0.063143
79650,0.011192,0.008256,0.090548
79660,0.024024,0.019130,0.121908
79670,0.013304,0.010493,0.064114
79680,0.015775,0.011968,0.100934
79690,0.018873,0.014476,0.088378
79700,0.022362,0.017276,0.110191
79710,0.012765,0.009429,0.092643
79720,0.040581,0.031318,0.166504
79730,0.028527,0.022083,0.116729
79740,0.031322,0.024495,0.136492
79750,0.018238,0.014602,0.107002
79760,0.014984,0.011515,0.087155
79770,0.003175,0.002235,0.078810
79780,0.013381,0.010361,0.093996
79790,0.006176,0.004714,0.081200
79800,0.033796,0.026676,0.124952
79810,0.013809,0.010868,0.070072
79820,0.029767,0.023016,0.124135
79830,0.022559,0.017869,0.097518
79840,0.021590,0.017347,0.098991
79850,0.010948,0.008405,0.083491
79860,0.024457,0.018989,0.121949
79870,0.010313,0.008134,0.089645
79880,0.010498,0.008355,0.079170
79890,0.038262,0.029515,0.160843
79900,0.021827,0.017794,0.109053
79910,0.000025,0.000027,0.656302
79920,0.017190,0.013573,0.109049
79930,0.015969,0.012216,0.090123
79940,0.018183,0.015246,0.102948
79950,0.011045,0.008429,0.091261
79960,0.014616,0.011301,0.100153
79970,0.021824,0.018101,0.115701
79980,0.029191,0.022266,0.118074
79990,0.008705,0.006359,0.097598
80000,0.007213,0.005196,0.078705
80010,0.021501,0.016332,0.120500
80020,0.020408,0.015870,0.105404
80030,0.008221,0.006679,0.083188
80040,0.017801,0.013879,0.099653
80050,0.028715,0.022079,0.129724
80060,0.001813,0.001553,0.109584
80070,0.025968,0.020456,0.134364
80080,0.000342,0.000289,0.046104
80090,0.019525,0.015533,0.084393
80100,0.014295,0.011502,0.089012
80110,0.037197,0.028481,0.147075
80120,0.007229,0.005509,0.080952
80130,0.008085,0.006166,0.064854
80140,0.004272,0.002833,0.110168
80150,0.013861,0.010756,0.084576
80160,0.000269,0.000181,0.106704
80170,0.008560,0.006963,0.045737
80180,0.009724,0.007577,0.053771
80190,0.018641,0.014630,0.095394
80200,0.019389,0.015393,0.106344
80210,0.021270,0.016745,0.114278
80220,0.009615,0.007568,0.068424
80230,0.028165,0.021456,0.128372
80240,0.020503,0.015653,0.107079
80250,0.021137,0.016867,0.094854
80260,0.012843,0.009551,0.094657
80270,0.010220,0.007403,0.078472
80280,0.017899,0.014001,0.099891
80290,0.010907,0.008466,0.064002
80300,0.035106,0.027029,0.150873
80310,0.019108,0.014300,0.110123
80320,0.026041,0.020639,0.119866
80330,0.023375,0.018400,0.098274
80340,0.020827,0.016631,0.102276
80350,0.025300,0.020063,0.122984
80360,0.007720,0.005771,0.044565
80370,0.022406,0.017065,0.112943
80380,0.019704,0.014954,0.100091
80390,0.007207,0.005199,0.072289
80400,0.008287,0.006849,0.071015
80410,0.011387,0.008919,0.078031
80420,0.030166,0.023522,0.138591
80430,0.023479,0.018445,0.109507
80440,0.004678,0.003416,0.066547
80450,0.019583,0.015172,0.083727
80460,0.013983,0.010544,0.079877
80470,0.024725,0.019226,0.124859
80480,0.003472,0.002376,0.081545
80490,0.026819,0.019006,0.093169
80500,0.023302,0.017180,0.147054
80510,0.008391,0.006554,0.072355
80520,0.020628,0.015804,0.109711
80530,0.019918,0.016087,0.106155
80540,0.030489,0.022625,0.133715
80550,0.026336,0.020520,0.123854
80560,0.033845,0.026111,0.141454
80570,0.022158,0.017116,0.111997
80580,0.022714,0.017557,0.110022
80590,0.022205,0.017430,0.093653
80600,0.042265,0.033750,0.158916
80610,0.025838,0.019714,0.123813
80620,0.006210,0.004862,0.047178
80630,0.009664,0.007082,0.081893
80640,0.021735,0.016678,0.111554
80650,0.008090,0.006038,0.074256
80660,0.030513,0.023348,0.133471
80670,0.030584,0.023906,0.127291
80680,0.016532,0.013128,0.098121
80690,0.022391,0.017703,0.107770
80700,0.011079,0.008233,0.100569
80710,0.013286,0.010212,0.087250
80720,0.019402,0.014636,0.112249
80730,0.016869,0.012072,0.111533
80740,0.020221,0.015691,0.104705
80750,0.012382,0.009854,0.086592
80760,0.021207,0.016685,0.112648
80770,0.015512,0.011220,0.117266
80780,0.016923,0.013051,0.100635
80790,0.019634,0.014343,0.089175
80800,0.016669,0.013215,0.094704
80810,0.013400,0.010194,0.071381
80820,0.021571,0.016525,0.111081
80830,0.018208,0.014791,0.100925
80840,0.018171,0.014180,0.100165
80850,0.007698,0.005909,0.071406
80860,0.036335,0.027803,0.152309
80870,0.020599,0.015854,0.104724
80880,0.008193,0.005793,0.090271
80890,0.019056,0.014703,0.105358
80900,0.023649,0.018227,0.117096
80910,0.022083,0.016989,0.119249
80920,0.017123,0.013116,0.108641
80930,0.005780,0.004497,0.073756
80940,0.023063,0.018778,0.110475
80950,0.040764,0.031703,0.159301
80960,0.024887,0.020784,0.125091
80970,0.018790,0.014253,0.088490
80980,0.005108,0.004135,0.036504
80990,0.016121,0.012604,0.111076
81000,0.029410,0.023197,0.127174
81010,0.023041,0.017894,0.111470
81020,0.014085,0.010784,0.086282
81030,0.009401,0.007368,0.070308
81040,0.025803,0.019682,0.128788
81050,0.017699,0.013832,0.110757
81060,0.011597,0.008718,0.082703
81070,0.014126,0.010919,0.081202
81080,0.029607,0.023262,0.130030
81090,0.010502,0.008184,0.064485
81100,0.009616,0.007184,0.091058
81110,0.024123,0.018769,0.119977
81120,0.015648,0.011549,0.108297
81130,0.004654,0.003507,0.032693
81140,0.015951,0.011882,0.091481
81150,0.004749,0.003546,0.062598
81160,0.002970,0.001935,0.055059
81170,0.010401,0.007837,0.092389
81180,0.021349,0.016027,0.117046
81190,0.014427,0.010928,0.069446
81200,0.010719,0.008188,0.086364
81210,0.010614,0.008449,0.160469
81220,0.010068,0.007972,0.074932
81230,0.018996,0.014216,0.100890
81240,0.022392,0.017827,0.120976
81250,0.027369,0.021087,0.122000
81260,0.019342,0.014953,0.099650
81270,0.015469,0.012182,0.097411
81280,0.004107,0.003175,0.040453
81290,0.025876,0.020173,0.111564
81300,0.020697,0.015619,0.088118
81310,0.017959,0.013882,0.097648
81320,0.019607,0.014836,0.111350
81330,0.011523,0.008833,0.086647
81340,0.015943,0.011973,0.094650
81350,0.002717,0.001984,0.021447
81360,0.017264,0.013364,0.098601
81370,0.009423,0.006906,0.061695
81380,0.025655,0.019981,0.118243
81390,0.020946,0.016412,0.111777
81400,0.018421,0.014534,0.100539
81410,0.020318,0.016277,0.098953
81420,0.019750,0.015426,0.088228
81430,0.010750,0.008791,0.083755
81440,0.012307,0.009323,0.087394
81450,0.016210,0.012581,0.098809
81460,0.034880,0.026683,0.153314
81470,0.026725,0.020424,0.110436
81480,0.034538,0.027327,0.140649
81490,0.038693,0.028932,0.166068
81500,0.022729,0.017916,0.119319
81510,0.026643,0.020025,0.120046
81520,0.002660,0.001926,0.078574
81530,0.000000,0.000000,0.000000
81540,0.021146,0.016532,0.110420
81550,0.017711,0.013961,0.099640
81560,0.024633,0.020406,0.114795
81570,0.010783,0.008328,0.062162
81580,0.019805,0.015161,0.091424
81590,0.036185,0.028912,0.144080
81600,0.022367,0.017253,0.115477
81610,0.008289,0.006431,0.077569
81620,0.016784,0.012975,0.096476
81630,0.021119,0.016450,0.117721
81640,0.017432,0.013979,0.076195
81650,0.006846,0.005009,0.080174
81660,0.018964,0.014260,0.105390
81670,0.014030,0.010614,0.087004
81680,0.005833,0.004172,0.124263
81690,0.019129,0.014495,0.105131
81700,0.001281,0.000935,0.044703
81710,0.017429,0.013960,0.084879
81720,0.007654,0.006401,0.042688
81730,0.024458,0.019469,0.116209
81740,0.012497,0.009488,0.090995
81750,0.007179,0.005334,0.081996
81760,0.019299,0.015034,0.104566
81770,0.020520,0.015768,0.116548
81780,0.025744,0.019772,0.106221
81790,0.021321,0.017153,0.107190
81800,0.016112,0.012088,0.104494
81810,0.018228,0.014572,0.103034
81820,0.014922,0.011591,0.067048
81830,0.004908,0.004011,0.029734
81840,0.028564,0.022071,0.135245
81850,0.013636,0.010274,0.088040
81860,0.037064,0.028746,0.134569
81870,0.017714,0.013727,0.101369
81880,0.037405,0.029458,0.151731
81890,0.008095,0.005882,0.085384
81900,0.009806,0.007594,0.078080
81910,0.001691,0.005715,0.089367
81920,0.023504,0.018544,0.116119
81930,0.022741,0.018086,0.112408
81940,0.026964,0.021206,0.120591
81950,0.011491,0.009036,0.084894
81960,0.042460,0.033105,0.154762
81970,0.040543,0.031503,0.155009
81980,0.018318,0.013409,0.111539
81990,0.011701,0.009345,0.058300
82000,0.011745,0.008718,0.111249
82010,0.018334,0.014193,0.093699
82020,0.019514,0.015795,0.099512
82030,0.010010,0.007505,0.095815
82040,0.010126,0.007754,0.072737
82050,0.016828,0.012772,0.105202
82060,0.017188,0.012703,0.107071
82070,0.029368,0.023623,0.122868
82080,0.003435,0.002777,0.066508
82090,0.012533,0.009911,0.057101
82100,0.018699,0.014866,0.087798
82110,0.028433,0.021726,0.132109
82120,0.019331,0.014582,0.100277
82130,0.013694,0.010646,0.059577
82140,0.020074,0.015487,0.110207
82150,0.017899,0.013816,0.094396
82160,0.032044,0.023726,0.151274
82170,0.019694,0.015085,0.106139
82180,0.033887,0.026149,0.136870
82190,0.006344,0.004799,0.127988
82200,0.024592,0.019247,0.109024
82210,0.027689,0.021462,0.122673
82220,0.023880,0.019032,0.106123
82230,0.011992,0.009141,0.083183
82240,0.024408,0.019102,0.103844
82250,0.024164,0.018523,0.120157
82260,0.008044,0.007392,0.033612
82270,0.023668,0.017499,0.130538
82280,0.008909,0.007162,0.081255
82290,0.018415,0.014112,0.106760
82300,0.009241,0.007148,0.067092
82310,0.019368,0.015241,0.095541
82320,0.021059,0.016989,0.096545
82330,0.016249,0.012063,0.116780
82340,0.027964,0.022170,0.121256
82350,0.030392,0.023197,0.138272
82360,0.021947,0.016837,0.122087
82370,0.013971,0.010761,0.075929
82380,0.003499,0.002507,0.057735
82390,0.022118,0.017383,0.106511
82400,0.020285,0.015772,0.113879
82410,0.017713,0.014022,0.100408
82420,0.007234,0.005673,0.047275
82430,0.010269,0.008629,0.100180
82440,0.009023,0.006727,0.074047
82450,0.017338,0.013596,0.103855
82460,0.035424,0.027952,0.146838
82470,0.018752,0.014509,0.100397
82480,0.026218,0.019683,0.119669
82490,0.028393,0.022804,0.129463
82500,0.022244,0.017369,0.118393
82510,0.030538,0.023791,0.128489
82520,0.011885,0.009179,0.064811
82530,0.017100,0.013583,0.098357
82540,0.016314,0.012666,0.094751
82550,0.031459,0.024297,0.129099
82560,0.017071,0.013210,0.077799
82570,0.020988,0.016906,0.106890
82580,0.007741,0.005697,0.068294
82590,0.009765,0.007573,0.083290
82600,0.027168,0.021199,0.125909
82610,0.027180,0.021094,0.122020
82620,0.026576,0.020593,0.126037
82630,0.035407,0.027671,0.135569
82640,0.030283,0.023220,0.123314
82650,0.025125,0.019644,0.116340
82660,0.005096,0.003935,0.052339
82670,0.008464,0.006150,0.076677
82680,0.015820,0.012110,0.072177
82690,0.017135,0.013107,0.098388
82700,0.026799,0.020691,0.127141
82710,0.017745,0.014034,0.094570
82720,0.025974,0.020608,0.111211
82730,0.020064,0.015709,0.092955
82740,0.026813,0.020915,0.127135
82750,0.021922,0.016840,0.115862
82760,0.019484,0.014928,0.080214
82770,0.014230,0.011093,0.099365
82780,0.024131,0.018734,0.117866
82790,0.023456,0.018271,0.122305
82800,0.010862,0.008550,0.078975
82810,0.022249,0.017751,0.112576
82820,0.009639,0.007691,0.062816
82830,0.019899,0.015701,0.114913
82840,0.020034,0.012876,0.105948
82850,0.014574,0.011575,0.082688
82860,0.016720,0.012910,0.105547
82870,0.028334,0.021949,0.124910
82880,0.008896,0.006839,0.070664
82890,0.016912,0.013214,0.095692
82900,0.015079,0.011939,0.097737
82910,0.018937,0.014552,0.096586
82920,0.025408,0.019303,0.124122
82930,0.041803,0.032019,0.158528
82940,0.015226,0.011433,0.101374
82950,0.000896,0.000661,0.024552
82960,0.012603,0.009893,0.094132
82970,0.029810,0.023177,0.138356
82980,0.040421,0.031827,0.145184
82990,0.026973,0.021179,0.127992
83000,0.011884,0.008677,0.096431
83010,0.005066,0.003708,0.094008
83020,0.020999,0.016145,0.104794
83030,0.010676,0.007908,0.085490
83040,0.029714,0.023603,0.132529
83050,0.007476,0.005490,0.067452
83060,0.043561,0.033829,0.164238
83070,0.017848,0.014094,0.104696
83080,0.012458,0.009725,0.100564
83090,0.024949,0.019991,0.118607
83100,0.003221,0.002545,0.026496
83110,0.030686,0.024078,0.138967
83120,0.014251,0.010549,0.098109
83130,0.034684,0.026992,0.128207
83140,0.025570,0.019601,0.128589
83150,0.021726,0.016464,0.113623
83160,0.018819,0.015687,0.079711
83170,0.019790,0.015443,0.105981
83180,0.019502,0.014722,0.097730
83190,0.032437,0.024847,0.135428
83200,0.013868,0.010624,0.093094
83210,0.014305,0.010902,0.103413
83220,0.011327,0.008839,0.077735
83230,0.007927,0.006106,0.046424
83240,0.035054,0.026970,0.144518
83250,0.030092,0.023550,0.132178
83260,0.025723,0.020192,0.116497
83270,0.010747,0.008617,0.096206
83280,0.026244,0.020466,0.127157
83290,0.018326,0.013827,0.116143
83300,0.011407,0.008844,0.066039
83310,0.030698,0.023092,0.129395
83320,0.008825,0.006740,0.077005
83330,0.026199,0.019508,0.126494
83340,0.038168,0.029848,0.155110
83350,0.017350,0.013240,0.103658
83360,0.015026,0.011630,0.090999
83370,0.025426,0.019009,0.134899
83380,0.001408,0.000985,0.103917
83390,0.029092,0.023127,0.123926
83400,0.008716,0.006602,0.077903
83410,0.010286,0.007593,0.087118
83420,0.003919,0.002941,0.059720
83430,0.022500,0.016907,0.116014
83440,0.020021,0.015624,0.098783
83450,0.005738,0.003847,0.066188
83460,0.012902,0.008861,0.113588
83470,0.012270,0.009320,0.103668
83480,0.009504,0.007371,0.085116
83490,0.021807,0.016579,0.117638
83500,0.009615,0.007710,0.052095
83510,0.032209,0.026931,0.143565
83520,0.028986,0.022212,0.123609
83530,0.010192,0.008312,0.057413
83540,0.012185,0.009142,0.078167
83550,0.019903,0.015112,0.106167
83560,0.016237,0.012408,0.112047
83570,0.026513,0.020798,0.126221
83580,0.016825,0.012828,0.103508
83590,0.010741,0.008368,0.090238
83600,0.023644,0.018947,0.110631
83610,0.020548,0.015986,0.105544
83620,0.010625,0.008741,0.057965
83630,0.003358,0.003672,0.123804
83640,0.027645,0.021782,0.124702
83650,0.023816,0.018851,0.113879
83660,0.033686,0.026179,0.143002
83670,0.016924,0.012400,0.111679
83680,0.018330,0.013876,0.117550
83690,0.032673,0.026043,0.138216
83700,0.026194,0.020130,0.113272
83710,0.009171,0.007268,0.049664
83720,0.016744,0.012861,0.097122
83730,0.014766,0.011382,0.094784
83740,0.008092,0.006603,0.052000
83750,0.008311,0.005960,0.063521
83760,0.011136,0.008282,0.079381
83770,0.018769,0.014415,0.089243
83780,0.018904,0.014855,0.106827
83790,0.028223,0.022299,0.122540
83800,0.017598,0.013735,0.102808
83810,0.000001,0.000000,0.000001
83820,0.042111,0.031741,0.163688
83830,0.024765,0.019331,0.112779
83840,0.011984,0.009411,0.096521
83850,0.018470,0.014277,0.083469
83860,0.028131,0.021991,0.114078
83870,0.003722,0.002919,0.028215
83880,0.000000,0.000000,0.000000
83890,0.024257,0.018720,0.111414
83900,0.017689,0.013138,0.120980
83910,0.035484,0.027797,0.149181
83920,0.039249,0.030186,0.139233
83930,0.004156,0.003074,0.068513
83940,0.011006,0.008306,0.093401
83950,0.018232,0.013964,0.116102
83960,0.018756,0.014576,0.100934
83970,0.020861,0.015631,0.105445
83980,0.018317,0.014432,0.089187
83990,0.030134,0.024529,0.134692
84000,0.004013,0.002990,0.071043
84010,0.020153,0.015902,0.100494
84020,0.009050,0.007064,0.078730
84030,0.013108,0.009992,0.089011
84040,0.005549,0.004007,0.069103
84050,0.011380,0.008983,0.061987
84060,0.010928,0.008482,0.088564
84070,0.015288,0.011588,0.103105
84080,0.011761,0.009034,0.063154
84090,0.013322,0.010233,0.086346
84100,0.021596,0.017074,0.104783
84110,0.021216,0.016142,0.116304
84120,0.014818,0.011415,0.090445
84130,0.030860,0.023905,0.130540
84140,0.016025,0.012122,0.118560
84150,0.019664,0.014802,0.103663
84160,0.012922,0.009863,0.092497
84170,0.019617,0.014937,0.117878
84180,0.000491,0.000295,0.013040
84190,0.009168,0.007288,0.052668
84200,0.011101,0.008235,0.078494
84210,0.018455,0.014276,0.106043
84220,0.008555,0.006452,0.073524
84230,0.013502,0.010742,0.089363
84240,0.021868,0.016820,0.110243
84250,0.027727,0.021602,0.129578
84260,0.002922,0.002000,0.074718
84270,0.013125,0.010827,0.071885
84280,0.017541,0.013129,0.098005
84290,0.026044,0.020420,0.138587
84300,0.022246,0.017164,0.111209
84310,0.000752,0.000561,0.005185
84320,0.029148,0.022330,0.126922
84330,0.011688,0.009417,0.096112
84340,0.019152,0.015522,0.095176
84350,0.022400,0.016935,0.113118
84360,0.000612,0.000529,0.055505
84370,0.040524,0.031750,0.160981
84380,0.004897,0.003484,0.093490
84390,0.012435,0.009437,0.087987
84400,0.008065,0.005953,0.084290
84410,0.010689,0.007917,0.081493
84420,0.026122,0.021042,0.123584
84430,0.011803,0.008760,0.074090
84440,0.016202,0.012775,0.098009
84450,0.004538,0.003281,0.074129
84460,0.011439,0.008620,0.088595
84470,0.023694,0.018769,0.109155
84480,0.013613,0.011104,0.085844
84490,0.017039,0.013627,0.081720
84500,0.014191,0.010803,0.084540
84510,0.021534,0.016425,0.107989
84520,0.013877,0.011141,0.086371
84530,0.006647,0.004873,0.083224
84540,0.006360,0.004264,0.093760
84550,0.026594,0.020897,0.125108
84560,0.032502,0.025503,0.142517
84570,0.003666,0.002686,0.066667
84580,0.010922,0.008097,0.074582
84590,0.013621,0.010470,0.061454
84600,0.014144,0.010494,0.110211
84610,0.015885,0.011568,0.106335
84620,0.010673,0.008085,0.074414
84630,0.023050,0.018005,0.123250
84640,0.010573,0.008347,0.077234
84650,0.023467,0.017909,0.132798
84660,0.009582,0.007435,0.079426
84670,0.015435,0.011929,0.083355
84680,0.015613,0.011863,0.099852
84690,0.038810,0.030674,0.167565
84700,0.027800,0.021707,0.129502
84710,0.013470,0.010043,0.080146
84720,0.011574,0.008539,0.078558
84730,0.046801,0.036266,0.175470
84740,0.011749,0.009349,0.057361
84750,0.029509,0.022777,0.141045
84760,0.010654,0.007770,0.077755
84770,0.019744,0.015088,0.103918
84780,0.026459,0.020466,0.114415
84790,0.010409,0.008188,0.065958
84800,0.015091,0.011483,0.087097
84810,0.009025,0.006352,0.111285
84820,0.007521,0.006015,0.041274
84830,0.028510,0.022358,0.131459
84840,0.010296,0.007882,0.080537
84850,0.008299,0.006090,0.093821
84860,0.024935,0.019642,0.114633
84870,0.029951,0.023393,0.124711
84880,0.005276,0.004011,0.076353
84890,0.014703,0.010800,0.076989
84900,0.009644,0.006895,0.087903
84910,0.016702,0.013485,0.080489
84920,0.020693,0.015968,0.091427
84930,0.012551,0.009301,0.072113
84940,0.007439,0.005623,0.094521
84950,0.009595,0.007489,0.053315
84960,0.035792,0.028609,0.149956
84970,0.016536,0.012364,0.091918
84980,0.020970,0.016449,0.098571
84990,0.019805,0.015212,0.107755
85000,0.007474,0.005043,0.073459
85010,0.021939,0.017301,0.105808
85020,0.005427,0.004903,0.073827
85030,0.029114,0.022808,0.136760
85040,0.012145,0.009365,0.067582
85050,0.023429,0.018582,0.114165
85060,0.018715,0.014196,0.099314
85070,0.013931,0.010646,0.088255
85080,0.022684,0.017221,0.117835
85090,0.018969,0.015002,0.088665
85100,0.017646,0.013772,0.097058
85110,0.015772,0.012116,0.095789
85120,0.024054,0.018364,0.115826
85130,0.009664,0.007246,0.077549
85140,0.018013,0.013452,0.094653
85150,0.021965,0.017104,0.100848
85160,0.009688,0.007211,0.087147
85170,0.023643,0.018788,0.116866
85180,0.017984,0.014405,0.095433
85190,0.024998,0.018850,0.127402
85200,0.014609,0.011600,0.090317
85210,0.017278,0.013213,0.091336
85220,0.019271,0.015326,0.095205
85230,0.014286,0.011331,0.079946
85240,0.008085,0.006762,0.080408
85250,0.025463,0.019780,0.114786
85260,0.019672,0.014287,0.114222
85270,0.010787,0.008380,0.081211
85280,0.028271,0.022278,0.129866
85290,0.014269,0.010938,0.102633
85300,0.024078,0.018901,0.138184
85310,0.026057,0.020393,0.129748
85320,0.020559,0.016362,0.118559
85330,0.030343,0.024378,0.123987
85340,0.020748,0.016335,0.105069
85350,0.023301,0.017582,0.123402
85360,0.025457,0.019806,0.115507
85370,0.010549,0.008332,0.060271
85380,0.022848,0.017715,0.113473
85390,0.017028,0.012812,0.114044
85400,0.017854,0.013817,0.102769
85410,0.032942,0.026253,0.141627
85420,0.010121,0.007911,0.072754
85430,0.016171,0.011667,0.105817
85440,0.002771,0.002105,0.072953
85450,0.003347,0.002426,0.037251
85460,0.014185,0.011292,0.062158
85470,0.027673,0.021518,0.127436
85480,0.025032,0.019181,0.112411
85490,0.021457,0.016659,0.114979
85500,0.023212,0.018032,0.113825
85510,0.008345,0.006309,0.074903
85520,0.015223,0.011857,0.081466
85530,0.022026,0.016624,0.131747
85540,0.014382,0.010743,0.097165
85550,0.028195,0.021680,0.130383
85560,0.007086,0.005765,0.096770
85570,0.025117,0.019163,0.125289
85580,0.032864,0.025326,0.130513
85590,0.028352,0.022258,0.133788
85600,0.017750,0.013597,0.104461
85610,0.018141,0.014377,0.084250
85620,0.012179,0.009296,0.104249
85630,0.004662,0.003467,0.036186
85640,0.024568,0.019971,0.109855
85650,0.017293,0.013368,0.095468
85660,0.019811,0.015560,0.103551
85670,0.035350,0.027493,0.117272
85680,0.009326,0.007214,0.056671
85690,0.011840,0.008927,0.081239
85700,0.010829,0.008316,0.055643
85710,0.015144,0.011506,0.091050
85720,0.005927,0.003906,0.082838
85730,0.024661,0.019180,0.114503
85740,0.017662,0.013735,0.098927
85750,0.032409,0.026174,0.132965
85760,0.022797,0.017927,0.110573
85770,0.005077,0.003749,0.031532
85780,0.023311,0.018230,0.118566
85790,0.022499,0.017518,0.106378
85800,0.015304,0.012454,0.076806
85810,0.029964,0.023853,0.141238
85820,0.018584,0.014567,0.094293
85830,0.006510,0.004805,0.061152
85840,0.035166,0.026864,0.144908
85850,0.025745,0.020045,0.117761
85860,0.013734,0.010952,0.089872
85870,0.029744,0.023465,0.131946
85880,0.016541,0.012574,0.079222
85890,0.010577,0.010150,0.117202
85900,0.014238,0.011447,0.083808
85910,0.028929,0.022835,0.120000
85920,0.009878,0.007785,0.086078
85930,0.000002,0.000001,0.000005
85940,0.009177,0.006997,0.075823
85950,0.030898,0.023522,0.128764
85960,0.005779,0.004316,0.084253
85970,0.004481,0.003597,0.050738
85980,0.004931,0.003899,0.032174
85990,0.020737,0.016141,0.112616
86000,0.019321,0.015272,0.106179
86010,0.008830,0.006381,0.072635
86020,0.009878,0.008150,0.070890
86030,0.005532,0.003984,0.059003
86040,0.020419,0.015076,0.108828
86050,0.019729,0.015376,0.112818
86060,0.012674,0.009896,0.101304
86070,0.016223,0.012795,0.091007
86080,0.012875,0.009797,0.088675
86090,0.026603,0.020783,0.128688
86100,0.021881,0.016916,0.116033
86110,0.018779,0.014706,0.112552
86120,0.029567,0.023261,0.125431
86130,0.019326,0.014991,0.083811
86140,0.012744,0.009699,0.096626
86150,0.025496,0.019344,0.114805
86160,0.027932,0.021824,0.136965
86170,0.001332,0.001068,0.012184
86180,0.024234,0.019092,0.103185
86190,0.009648,0.007315,0.068006
86200,0.015867,0.012186,0.097211
86210,0.015543,0.012211,0.079800
86220,0.033811,0.026668,0.131554
86230,0.007916,0.005892,0.068497
86240,0.020178,0.015663,0.094887
86250,0.010581,0.007919,0.100378
86260,0.027713,0.022584,0.117078
86270,0.030948,0.024094,0.134297
86280,0.008317,0.007313,0.060880
86290,0.023326,0.017994,0.108962
86300,0.019433,0.014893,0.086259
86310,0.018359,0.013749,0.103997
86320,0.016666,0.012758,0.096836
86330,0.017617,0.013664,0.083898
86340,0.021853,0.017155,0.110923
86350,0.020748,0.015856,0.118025
86360,0.019311,0.015024,0.115362
86370,0.018452,0.014840,0.083751
86380,0.025336,0.019982,0.111450
86390,0.015199,0.012201,0.090448
86400,0.025417,0.019782,0.114138
86410,0.027761,0.021670,0.127696
86420,0.008396,0.006224,0.073170
86430,0.009412,0.006605,0.115276
86440,0.024197,0.019250,0.106848
86450,0.006939,0.004722,0.136287
86460,0.004311,0.003064,0.064175
86470,0.035267,0.028204,0.146854
86480,0.025085,0.019941,0.118768
86490,0.010471,0.008275,0.077043
86500,0.003352,0.002429,0.050833
86510,0.016378,0.012177,0.111668
86520,0.016264,0.012882,0.063742
86530,0.024763,0.019752,0.095718
86540,0.009119,0.007212,0.051899
86550,0.021463,0.016917,0.110228
86560,0.009155,0.006705,0.089969
86570,0.019409,0.015194,0.106977
86580,0.019682,0.015101,0.100641
86590,0.030116,0.023621,0.135357
86600,0.019235,0.014745,0.101792
86610,0.002971,0.002363,0.027655
86620,0.029505,0.023018,0.131995
86630,0.027064,0.021630,0.129556
86640,0.026275,0.021575,0.121815
86650,0.022147,0.017669,0.103941
86660,0.001567,0.001100,0.013100
86670,0.018380,0.014113,0.105123
86680,0.017064,0.012547,0.110883
86690,0.028435,0.022287,0.130507
86700,0.010416,0.008132,0.077515
86710,0.011624,0.009176,0.051487
86720,0.011864,0.008925,0.094815
86730,0.025711,0.019877,0.115849
86740,0.008526,0.006716,0.072285
86750,0.022414,0.017867,0.101886
86760,0.014682,0.011573,0.088049
86770,0.017549,0.014030,0.094884
86780,0.011113,0.008378,0.093107
86790,0.034551,0.027183,0.146495
86800,0.016395,0.012076,0.103011
86810,0.010625,0.007820,0.088819
86820,0.016544,0.012854,0.077794
86830,0.025233,0.020412,0.122055
86840,0.008878,0.006697,0.078881
86850,0.018801,0.014778,0.101572
86860,0.010087,0.007721,0.082236
86870,0.034538,0.027836,0.152708
86880,0.035009,0.027455,0.144492
86890,0.022842,0.017686,0.116299
86900,0.019325,0.015919,0.073743
86910,0.001935,0.001401,0.016438
86920,0.056115,0.043421,0.200582
86930,0.029021,0.022669,0.124839
86940,0.018622,0.014422,0.097712
86950,0.016799,0.012880,0.111841
86960,0.017770,0.013890,0.099947
86970,0.008843,0.009079,0.084492
86980,0.019109,0.015540,0.106579
86990,0.018497,0.013592,0.101697
87000,0.027749,0.021901,0.120026
87010,0.009726,0.006858,0.092738
87020,0.035698,0.028245,0.149499
87030,0.009208,0.007166,0.078734
87040,0.015624,0.012219,0.069574
87050,0.020004,0.015593,0.100649
87060,0.027630,0.021573,0.129415
87070,0.023665,0.017819,0.114371
87080,0.016762,0.012721,0.074698
87090,0.020203,0.015523,0.096737
87100,0.019244,0.015370,0.110675
87110,0.017345,0.013254,0.093669
87120,0.003551,0.002623,0.069969
87130,0.005667,0.003527,0.064375
87140,0.012488,0.009337,0.093472
87150,0.019686,0.015899,0.080916
87160,0.014042,0.010882,0.080241
87170,0.016711,0.012733,0.094882
87180,0.016138,0.012112,0.109028
87190,0.038099,0.030003,0.151511
87200,0.022818,0.017798,0.104968
87210,0.029181,0.022814,0.126509
87220,0.024236,0.018865,0.107866
87230,0.038306,0.030496,0.153242
87240,0.018391,0.013954,0.097141
87250,0.014748,0.011165,0.103042
87260,0.026120,0.020654,0.119868
87270,0.000000,0.000000,0.000001
87280,0.012415,0.009682,0.060666
87290,0.012391,0.009281,0.079480
87300,0.021998,0.016525,0.111472
87310,0.030712,0.025512,0.122304
87320,0.017252,0.013755,0.100225
87330,0.022432,0.017173,0.126060
87340,0.005707,0.005301,0.073004
87350,0.028628,0.022473,0.122075
87360,0.016809,0.012751,0.087533
87370,0.009081,0.006435,0.082535
87380,0.023909,0.018895,0.118212
87390,0.012765,0.009541,0.086428
87400,0.030571,0.023631,0.132040
87410,0.021664,0.017040,0.107138
87420,0.029311,0.023156,0.137184
87430,0.025357,0.019284,0.120626
87440,0.023668,0.018461,0.116089
87450,0.015315,0.011771,0.096056
87460,0.011410,0.009223,0.082667
87470,0.019263,0.015196,0.104653
87480,0.034786,0.026859,0.144884
87490,0.021832,0.016939,0.098677
87500,0.020311,0.015571,0.120608
87510,0.002110,0.001510,0.048382
87520,0.020881,0.016408,0.116880
87530,0.014199,0.010577,0.091799
87540,0.022160,0.016713,0.113921
87550,0.030562,0.023692,0.137018
87560,0.018589,0.014663,0.101670
87570,0.003043,0.002083,0.053467
87580,0.021940,0.017130,0.108849
87590,0.019895,0.015790,0.079936
87600,0.023001,0.018327,0.096754
87610,0.016912,0.013912,0.095515
87620,0.017116,0.012524,0.105502
87630,0.012976,0.009728,0.096102
87640,0.021576,0.016973,0.112674
87650,0.004052,0.003076,0.055589
87660,0.010256,0.007913,0.048065
87670,0.010910,0.008333,0.076486
87680,0.012080,0.009431,0.086681
87690,0.010522,0.008601,0.089578
87700,0.018348,0.014207,0.103094
87710,0.022412,0.017879,0.090513
87720,0.011139,0.008803,0.092948
87730,0.036567,0.028108,0.150145
87740,0.012621,0.009747,0.092062
87750,0.020688,0.015347,0.117725
87760,0.010276,0.008766,0.055813
87770,0.024348,0.018396,0.122299
87780,0.002596,0.001839,0.019695
87790,0.030278,0.022032,0.129657
87800,0.008619,0.006580,0.103135
87810,0.016872,0.012627,0.091320
87820,0.023054,0.017841,0.116982
87830,0.015652,0.011741,0.090658
87840,0.007467,0.005122,0.079203
87850,0.011955,0.009159,0.105069
87860,0.026686,0.021121,0.124768
87870,0.011442,0.008630,0.081743
87880,0.001858,0.001288,0.108317
87890,0.019249,0.015182,0.106955
87900,0.016416,0.012602,0.112444
87910,0.028334,0.023151,0.124054
87920,0.013404,0.010849,0.111033
87930,0.037036,0.029106,0.149177
87940,0.017362,0.013498,0.103589
87950,0.021155,0.016122,0.110782
87960,0.009480,0.006999,0.082490
87970,0.018345,0.014325,0.095655
87980,0.004690,0.003304,0.082086
87990,0.015484,0.012027,0.118591
88000,0.017816,0.014220,0.080575
88010,0.015907,0.012691,0.072255
88020,0.009476,0.007345,0.087185
88030,0.010369,0.007688,0.086815
88040,0.009901,0.007344,0.072678
88050,0.001632,0.001051,0.026547
88060,0.009423,0.007396,0.072170
88070,0.010759,0.007773,0.079562
88080,0.025382,0.019089,0.121207
88090,0.024358,0.019029,0.121166
88100,0.010209,0.007691,0.071024
88110,0.005753,0.004916,0.031856
88120,0.018856,0.014391,0.117173
88130,0.013346,0.010106,0.101527
88140,0.004775,0.003494,0.073477
88150,0.032033,0.024232,0.132619
88160,0.042662,0.033068,0.169241
88170,0.025531,0.019798,0.119199
88180,0.009936,0.007477,0.053977
88190,0.016389,0.013080,0.086886
88200,0.016330,0.013036,0.071088
88210,0.007576,0.006039,0.091740
88220,0.018887,0.014926,0.095710
88230,0.016447,0.013010,0.082672
88240,0.016001,0.012674,0.088066
88250,0.008572,0.006812,0.075118
88260,0.021368,0.015964,0.109727
88270,0.021358,0.016584,0.094759
88280,0.013430,0.010636,0.088577
88290,0.018995,0.015122,0.102425
88300,0.018415,0.013946,0.106877
88310,0.022954,0.018014,0.113806
88320,0.002129,0.002378,0.095598
88330,0.013690,0.010541,0.090650
88340,0.014502,0.011237,0.084889
88350,0.035293,0.026984,0.139958
88360,0.013796,0.011341,0.088049
88370,0.012255,0.009347,0.091772
88380,0.012075,0.009162,0.085400
88390,0.018559,0.014275,0.100480
88400,0.028152,0.022380,0.118695
88410,0.007571,0.005276,0.091051
88420,0.012571,0.010396,0.060395
88430,0.008826,0.006725,0.049063
88440,0.032202,0.024381,0.129106
88450,0.008776,0.007468,0.045989
88460,0.002652,0.001859,0.063622
88470,0.028534,0.020262,0.123834
88480,0.023554,0.018619,0.125375
88490,0.008230,0.005772,0.089842
88500,0.021589,0.017085,0.105991
88510,0.004373,0.003357,0.061970
88520,0.023145,0.018548,0.118026
88530,0.002056,0.001553,0.055031
88540,0.024916,0.019495,0.128755
88550,0.015512,0.011702,0.094927
88560,0.016311,0.013165,0.115820
88570,0.009723,0.007357,0.081999
88580,0.028124,0.021368,0.127913
88590,0.023519,0.018502,0.113246
88600,0.007510,0.005653,0.102544
88610,0.026024,0.021440,0.121381
88620,0.001606,0.001303,0.011523
88630,0.011469,0.008422,0.098986
88640,0.023829,0.018833,0.113484
88650,0.010056,0.007765,0.081142
88660,0.015137,0.011731,0.105515
88670,0.010405,0.008241,0.076575
88680,0.031487,0.023623,0.137595
88690,0.016981,0.013412,0.106633
88700,0.021347,0.016204,0.121183
88710,0.007239,0.005337,0.068113
88720,0.013790,0.011511,0.074956
88730,0.023606,0.018210,0.118659
88740,0.002813,0.002134,0.024325
88750,0.020107,0.016038,0.111197
88760,0.025844,0.020134,0.120451
88770,0.014352,0.011571,0.092335
88780,0.036739,0.028607,0.150714
88790,0.009141,0.007056,0.068136
88800,0.025449,0.020915,0.126383
88810,0.046092,0.036224,0.175361
88820,0.041986,0.032917,0.157252
88830,0.003165,0.002215,0.064910
88840,0.021277,0.016420,0.090211
88850,0.016811,0.013247,0.095991
88860,0.023466,0.018302,0.118172
88870,0.017293,0.013284,0.095227
88880,0.018351,0.014510,0.086191
88890,0.000910,0.000779,0.050937
88900,0.005124,0.003231,0.113362
88910,0.011240,0.009086,0.065325
88920,0.025483,0.019610,0.115582
88930,0.006181,0.004702,0.063751
88940,0.020440,0.015490,0.092525
88950,0.017014,0.012940,0.103257
88960,0.004395,0.003025,0.063632
88970,0.027343,0.021680,0.123083
88980,0.010811,0.007294,0.101281
88990,0.025103,0.019759,0.122587
89000,0.018733,0.014748,0.114933
89010,0.019181,0.014790,0.093022
89020,0.010181,0.007749,0.084379
89030,0.023288,0.018560,0.129589
89040,0.023584,0.018224,0.122037
89050,0.001070,0.000860,0.026095
89060,0.006302,0.004620,0.079685
89070,0.017521,0.013740,0.097442
89080,0.028273,0.021808,0.130658
89090,0.027645,0.021096,0.126233
89100,0.003381,0.002759,0.026056
89110,0.015488,0.012357,0.079059
89120,0.012023,0.009136,0.092259
89130,0.002061,0.001419,0.015463
89140,0.011636,0.008943,0.085361
89150,0.021992,0.016980,0.119054
89160,0.008003,0.006196,0.044255
89170,0.030730,0.023944,0.125691
89180,0.009251,0.006977,0.078059
89190,0.031076,0.023732,0.128989
89200,0.014071,0.010653,0.099537
89210,0.027346,0.021580,0.130793
89220,0.022348,0.017739,0.113643
89230,0.023476,0.018488,0.098589
89240,0.012966,0.009731,0.087305
89250,0.013013,0.010173,0.094230
89260,0.041913,0.033269,0.145694
89270,0.030908,0.024224,0.122406
89280,0.030957,0.024726,0.142383
89290,0.008058,0.006164,0.040126
89300,0.002586,0.001752,0.063246
89310,0.028865,0.022589,0.111775
89320,0.032676,0.025285,0.152595
89330,0.013111,0.010028,0.112695
89340,0.030159,0.023675,0.135718
89350,0.000000,0.000001,0.000002
89360,0.002504,0.001761,0.062584
89370,0.021452,0.017179,0.105306
89380,0.006224,0.004842,0.060651
89390,0.011173,0.009109,0.058105
89400,0.024056,0.018423,0.114905
89410,0.010733,0.008248,0.073254
89420,0.016486,0.012815,0.094881
89430,0.012873,0.009862,0.100347
89440,0.034518,0.027057,0.136241
89450,0.027724,0.021766,0.128121
89460,0.014300,0.011091,0.095215
89470,0.006871,0.004968,0.061547
89480,0.018090,0.013269,0.095982
89490,0.028726,0.021643,0.120957
89500,0.018425,0.014404,0.106354
89510,0.013188,0.009657,0.094421
89520,0.019289,0.015801,0.096488
89530,0.018571,0.014876,0.111016
89540,0.029590,0.023300,0.127513
89550,0.019386,0.015562,0.113323
89560,0.031394,0.024690,0.124893
89570,0.022603,0.017817,0.104749
89580,0.016635,0.013201,0.077515
89590,0.010692,0.007853,0.124339
89600,0.012652,0.009728,0.105395
89610,0.034547,0.026948,0.148671
89620,0.021182,0.016691,0.097586
89630,0.014307,0.010959,0.106536
89640,0.014874,0.011869,0.085145
89650,0.020406,0.016218,0.104858
89660,0.019844,0.015683,0.093918
89670,0.010007,0.008035,0.054921
89680,0.001592,0.001363,0.066497
89690,0.038797,0.030264,0.153135
89700,0.008088,0.005999,0.047102
89710,0.006767,0.005135,0.077183
89720,0.015809,0.012909,0.079152
89730,0.008819,0.006853,0.072725
89740,0.027221,0.021200,0.111400
89750,0.018796,0.014761,0.079784
89760,0.009344,0.007029,0.070858
89770,0.011923,0.009625,0.084447
89780,0.015214,0.011687,0.092230
89790,0.017248,0.013244,0.105567
89800,0.030821,0.024183,0.128534
89810,0.018581,0.014513,0.102862
89820,0.008772,0.007020,0.068122
89830,0.016987,0.014234,0.099526
89840,0.011212,0.008442,0.087588
89850,0.010015,0.007929,0.068027
89860,0.001721,0.001142,0.106488
89870,0.022562,0.017775,0.115424
89880,0.016563,0.012936,0.072866
89890,0.011246,0.008575,0.097297
89900,0.015333,0.011925,0.084485
89910,0.020295,0.015710,0.106300
89920,0.010837,0.008346,0.098475
89930,0.016820,0.013015,0.097820
89940,0.010399,0.007533,0.099219
89950,0.030674,0.024490,0.133889
89960,0.010152,0.008233,0.071913
89970,0.012030,0.009265,0.075196
89980,0.014801,0.011255,0.078307
89990,0.015902,0.012090,0.103925
90000,0.000813,0.000529,0.071526
90010,0.024433,0.019138,0.112869
90020,0.016130,0.012181,0.093882
90030,0.006397,0.004862,0.086131
90040,0.021558,0.016870,0.104630
90050,0.017352,0.013798,0.094807
90060,0.034385,0.026664,0.142035
90070,0.011800,0.009032,0.072034
90080,0.010671,0.008295,0.080202
90090,0.019101,0.014678,0.102983
90100,0.007689,0.005738,0.086741
90110,0.008124,0.005863,0.070033
90120,0.003642,0.002591,0.102352
90130,0.008956,0.006980,0.048062
90140,0.028497,0.022776,0.124026
90150,0.012565,0.009790,0.081675
90160,0.015052,0.011559,0.094210
90170,0.037982,0.030521,0.151830
90180,0.008170,0.006122,0.049789
90190,0.030963,0.023983,0.136189
90200,0.006028,0.004564,0.055858
90210,0.033356,0.026130,0.145442
90220,0.034819,0.027625,0.127122
90230,0.009917,0.007642,0.073555
90240,0.027550,0.021358,0.131615
90250,0.025304,0.019975,0.138249
90260,0.018210,0.014039,0.102826
90270,0.013173,0.010370,0.086485
90280,0.028845,0.022043,0.140677
90290,0.029056,0.021858,0.125012
90300,0.046547,0.036160,0.176214
90310,0.015716,0.012526,0.116523
90320,0.022043,0.017760,0.117851
90330,0.014119,0.010809,0.075664
90340,0.014348,0.011596,0.087487
90350,0.011407,0.009047,0.084243
90360,0.015282,0.011978,0.084670
90370,0.017120,0.013126,0.098054
90380,0.014220,0.010908,0.082042
90390,0.017076,0.014385,0.092372
90400,0.007752,0.005783,0.077571
90410,0.016259,0.012432,0.073473
90420,0.005724,0.004781,0.087139
90430,0.011470,0.008264,0.089818
90440,0.029817,0.023349,0.130160
90450,0.034459,0.027038,0.144894
90460,0.019535,0.014714,0.116744
90470,0.026165,0.019849,0.123947
90480,0.016380,0.012410,0.095360
90490,0.033437,0.025848,0.139534
90500,0.004384,0.004328,0.041737
90510,0.031337,0.024502,0.127501
90520,0.018471,0.014248,0.114367
90530,0.009334,0.007214,0.046236
90540,0.011593,0.008699,0.091226
90550,0.015244,0.011865,0.100517
90560,0.012532,0.009231,0.064967
90570,0.025937,0.020167,0.113028
90580,0.014999,0.011750,0.069872
90590,0.018531,0.013799,0.092476
90600,0.018197,0.014487,0.110438
90610,0.031702,0.024761,0.138684
90620,0.021613,0.016838,0.113276
90630,0.027165,0.021171,0.123356
90640,0.014991,0.011689,0.084666
90650,0.010784,0.008539,0.079889
90660,0.034823,0.026956,0.152477
90670,0.006761,0.005404,0.047261
90680,0.015335,0.011641,0.091680
90690,0.017278,0.013638,0.073532
90700,0.003061,0.002543,0.026572
90710,0.026199,0.021329,0.127262
90720,0.024733,0.019360,0.113840
90730,0.014741,0.011109,0.095610
90740,0.023832,0.018751,0.117487
90750,0.008950,0.006556,0.072427
90760,0.021875,0.017110,0.109624
90770,0.014559,0.011060,0.091847
90780,0.013643,0.010269,0.095624
90790,0.026808,0.020969,0.126558
90800,0.030342,0.023561,0.147664
90810,0.034289,0.025335,0.149692
90820,0.009018,0.006782,0.085393
90830,0.019218,0.014445,0.103898
90840,0.005930,0.004377,0.091121
90850,0.014128,0.011792,0.079862
90860,0.008247,0.006137,0.069430
90870,0.026039,0.020055,0.122039
90880,0.011920,0.009560,0.065958
90890,0.018869,0.014510,0.112008
90900,0.014225,0.010590,0.095694
90910,0.030304,0.023463,0.130241
90920,0.008212,0.006148,0.065539
90930,0.038513,0.030359,0.155847
90940,0.017521,0.013295,0.099529
90950,0.008101,0.006563,0.085012
90960,0.032052,0.025212,0.144405
90970,0.027312,0.021104,0.128455
90980,0.022075,0.017441,0.106345
90990,0.018209,0.014534,0.078896
91000,0.017420,0.013709,0.094150
91010,0.019983,0.015716,0.100785
91020,0.031062,0.023973,0.126582
91030,0.026688,0.020415,0.119912
91040,0.008199,0.006095,0.103072
91050,0.015717,0.012852,0.076933
91060,0.031999,0.025445,0.134258
91070,0.029694,0.022847,0.141563
91080,0.010583,0.009421,0.083708
91090,0.023097,0.018348,0.104178
91100,0.016951,0.013444,0.081841
91110,0.023387,0.018139,0.109154
91120,0.018207,0.014701,0.086188
91130,0.013010,0.010060,0.069318
91140,0.015873,0.012165,0.101806
91150,0.019651,0.015487,0.107512
91160,0.011440,0.009067,0.073063
91170,0.018604,0.014590,0.105649
91180,0.018008,0.013531,0.108860
91190,0.019530,0.014982,0.115032
91200,0.015141,0.011975,0.090869
91210,0.008316,0.006208,0.073004
91220,0.005894,0.004189,0.090369
91230,0.011509,0.009041,0.069865
91240,0.014931,0.010735,0.111770
91250,0.005475,0.003954,0.068875
91260,0.019397,0.015140,0.108791
91270,0.005588,0.003767,0.083090
91280,0.013163,0.010670,0.065823
91290,0.015979,0.012436,0.097921
91300,0.016930,0.012840,0.093261
91310,0.019381,0.014958,0.105562
91320,0.026619,0.020485,0.120013
91330,0.021418,0.016654,0.119752
91340,0.020281,0.015636,0.100880
91350,0.013668,0.010566,0.085983
91360,0.016326,0.013023,0.080964
91370,0.015976,0.012384,0.076321
91380,0.022274,0.017454,0.108413
91390,0.027077,0.020910,0.127113
91400,0.017253,0.012673,0.090244
91410,0.018214,0.014144,0.094513
91420,0.022547,0.017139,0.117913
91430,0.010031,0.006689,0.107224
91440,0.008165,0.006499,0.078203
91450,0.010638,0.008177,0.071494
91460,0.025687,0.020140,0.110282
91470,0.013771,0.010934,0.100658
91480,0.015345,0.011924,0.084564
91490,0.000274,0.000220,0.053658
91500,0.024168,0.019564,0.110660
91510,0.022489,0.017115,0.100930
91520,0.016643,0.012986,0.105009
91530,0.018658,0.014206,0.112590
91540,0.011945,0.008476,0.088158
91550,0.010727,0.008083,0.083209
91560,0.018165,0.014563,0.075189
91570,0.001522,0.001145,0.045747
91580,0.033075,0.026239,0.140796
91590,0.011138,0.009351,0.065689
91600,0.006682,0.005162,0.065037
91610,0.009135,0.006921,0.082298
91620,0.011252,0.008575,0.062849
91630,0.008642,0.006676,0.071115
91640,0.033083,0.025601,0.126128
91650,0.021969,0.017073,0.114034
91660,0.020339,0.016161,0.105042
91670,0.014844,0.011333,0.087283
91680,0.017157,0.013233,0.097692
91690,0.028148,0.021974,0.120465
91700,0.012270,0.009778,0.080318
91710,0.029481,0.023551,0.127618
91720,0.008205,0.006186,0.066314
91730,0.022758,0.017654,0.109854
91740,0.023496,0.018679,0.109819
91750,0.045510,0.035886,0.165683
91760,0.011023,0.008259,0.080871
91770,0.038555,0.029569,0.156786
91780,0.001636,0.001209,0.067588
91790,0.025058,0.019416,0.115032
91800,0.009485,0.007215,0.056731
91810,0.025064,0.019935,0.108258
91820,0.034629,0.026550,0.148985
91830,0.015693,0.012801,0.070222
91840,0.011419,0.009039,0.083712
91850,0.009427,0.006999,0.083055
91860,0.029398,0.023001,0.135540
91870,0.017165,0.012573,0.123666
91880,0.019880,0.015568,0.102773
91890,0.024057,0.018599,0.100778
91900,0.014774,0.011317,0.097672
91910,0.011433,0.008578,0.088155
91920,0.015251,0.011729,0.089574
91930,0.027923,0.022470,0.136718
91940,0.028684,0.021837,0.139581
91950,0.007852,0.006083,0.064559
91960,0.009584,0.007354,0.114485
91970,0.011207,0.009032,0.083477
91980,0.012567,0.009991,0.055577
91990,0.020893,0.015827,0.115326
92000,0.007621,0.005933,0.067555
92010,0.038815,0.031109,0.143771
92020,0.031271,0.024816,0.140889
92030,0.007266,0.005429,0.063306
92040,0.019906,0.015553,0.113566
92050,0.010431,0.007934,0.058903
92060,0.016361,0.011902,0.102716
92070,0.023669,0.018719,0.092584
92080,0.024715,0.019318,0.115639
92090,0.019231,0.014510,0.107332
92100,0.021181,0.016083,0.112088
92110,0.000539,0.000455,0.037151
92120,0.017271,0.013285,0.085210
92130,0.034471,0.026889,0.142114
92140,0.014380,0.010323,0.100680
92150,0.008356,0.007203,0.072642
92160,0.012306,0.008930,0.099987
92170,0.011803,0.009066,0.067190
92180,0.011036,0.008375,0.057747
92190,0.016480,0.013387,0.098017
92200,0.016135,0.012770,0.095431
92210,0.023132,0.018240,0.113222
92220,0.030246,0.022870,0.123625
92230,0.016672,0.013519,0.081180
92240,0.010901,0.008738,0.068549
92250,0.015630,0.011736,0.090548
92260,0.006467,0.004552,0.064506
92270,0.022511,0.017827,0.115354
92280,0.000433,0.000358,0.004445
92290,0.015910,0.012588,0.070028
92300,0.013013,0.009809,0.081118
92310,0.011513,0.008687,0.078902
92320,0.034675,0.027207,0.144375
92330,0.027724,0.022031,0.129928
92340,0.002339,0.001737,0.039443
92350,0.000769,0.000493,0.039858
92360,0.025458,0.020545,0.120237
92370,0.029864,0.023236,0.120252
92380,0.027958,0.022014,0.123906
92390,0.005678,0.004046,0.070340
92400,0.008923,0.006417,0.090396
92410,0.026352,0.020674,0.120699
92420,0.028525,0.022251,0.122664
92430,0.009063,0.006291,0.082455
92440,0.015211,0.012706,0.092267
92450,0.000000,0.000000,0.000001
92460,0.011588,0.009045,0.070821
92470,0.005366,0.004550,0.034401
92480,0.024157,0.019195,0.102680
92490,0.022914,0.018059,0.110480
92500,0.019176,0.014726,0.086747
92510,0.027160,0.021391,0.133181
92520,0.004000,0.003051,0.039957
92530,0.020802,0.015754,0.097066
92540,0.019135,0.014748,0.102924
92550,0.009131,0.007284,0.074874
92560,0.018626,0.014558,0.104557
92570,0.034075,0.026800,0.142199
92580,0.033790,0.026601,0.132749
92590,0.012054,0.009660,0.083022
92600,0.016183,0.012381,0.085502
92610,0.003507,0.002373,0.045906
92620,0.010922,0.008477,0.062906
92630,0.018333,0.014204,0.096029
92640,0.002072,0.001513,0.085459
92650,0.033820,0.025912,0.146291
92660,0.030413,0.023741,0.122695
92670,0.030653,0.023652,0.136529
92680,0.013564,0.010979,0.110768
92690,0.015344,0.011557,0.091217
92700,0.016459,0.012615,0.097512
92710,0.025440,0.019917,0.107645
92720,0.007875,0.006333,0.064495
92730,0.020764,0.015397,0.108872
92740,0.026687,0.020918,0.122574
92750,0.010559,0.007976,0.064716
92760,0.013831,0.010703,0.096040
92770,0.024164,0.018183,0.122260
92780,0.013203,0.010366,0.094870
92790,0.021430,0.016817,0.126140
92800,0.024681,0.019138,0.120378
92810,0.023800,0.018797,0.111120
92820,0.021421,0.016955,0.106004
92830,0.004820,0.003923,0.035882
92840,0.008892,0.007117,0.079174
92850,0.015174,0.011971,0.079905
92860,0.013045,0.010454,0.073895
92870,0.010973,0.008110,0.101163
92880,0.007290,0.005229,0.067189
92890,0.016770,0.012653,0.091346
92900,0.014534,0.010494,0.097818
92910,0.029476,0.022173,0.145189
92920,0.017947,0.014251,0.096177
92930,0.015299,0.011761,0.066132
92940,0.031163,0.025026,0.132027
92950,0.029171,0.022688,0.135741
92960,0.018569,0.014615,0.096727
92970,0.013031,0.009971,0.072563
92980,0.008639,0.006246,0.076213
92990,0.021258,0.016456,0.106509
93000,0.025500,0.020085,0.125541
93010,0.021246,0.016876,0.084887
93020,0.012005,0.008930,0.083190
93030,0.020099,0.015204,0.108562
93040,0.016163,0.012537,0.088786
93050,0.003503,0.002846,0.016694
93060,0.022942,0.018669,0.109430
93070,0.010171,0.007816,0.058539
93080,0.031928,0.024732,0.118704
93090,0.016666,0.013474,0.091072
93100,0.012450,0.009965,0.079208
93110,0.015892,0.011946,0.089996
93120,0.013239,0.009993,0.060832
93130,0.017329,0.013547,0.093937
93140,0.007726,0.005599,0.086347
93150,0.024470,0.019766,0.113386
93160,0.013840,0.010678,0.093037
93170,0.009388,0.007119,0.086337
93180,0.007158,0.005313,0.059697
93190,0.026207,0.020097,0.118203
93200,0.009993,0.008043,0.077413
93210,0.020834,0.016677,0.098571
93220,0.024009,0.019044,0.116156
93230,0.018600,0.014352,0.086338
93240,0.019706,0.015532,0.087180
93250,0.008991,0.006843,0.092244
93260,0.023350,0.018097,0.117474
93270,0.012977,0.010094,0.103931
93280,0.030148,0.024030,0.132676
93290,0.025785,0.021720,0.115554
93300,0.041402,0.032743,0.161186
93310,0.002626,0.001837,0.076001
93320,0.015342,0.011523,0.093300
93330,0.026727,0.021379,0.122440
93340,0.012845,0.009843,0.085556
93350,0.013864,0.010404,0.079053
93360,0.025405,0.020031,0.116862
93370,0.026620,0.021230,0.125288
93380,0.019029,0.015057,0.091117
93390,0.008049,0.006107,0.131402
93400,0.029959,0.023407,0.122734
93410,0.014293,0.011239,0.089348
93420,0.018457,0.014679,0.090137
93430,0.035564,0.027939,0.142876
93440,0.028886,0.022856,0.134173
93450,0.021322,0.017228,0.109461
93460,0.016776,0.013126,0.106168
93470,0.014731,0.011499,0.086756
93480,0.016035,0.012263,0.100337
93490,0.027293,0.021394,0.131692
93500,0.015894,0.012899,0.094135
93510,0.014569,0.011208,0.098034
93520,0.005857,0.004293,0.053164
93530,0.017358,0.013609,0.107494
93540,0.014967,0.011632,0.086227
93550,0.015010,0.011783,0.069096
93560,0.008649,0.006856,0.066802
93570,0.012490,0.012981,0.095255
93580,0.017465,0.013003,0.103807
93590,0.029977,0.023913,0.128592
93600,0.003237,0.002184,0.098521
93610,0.011883,0.009312,0.052638
93620,0.019399,0.014936,0.091410
93630,0.000000,0.000000,0.000000
93640,0.019297,0.014889,0.110889
93650,0.029737,0.022744,0.115770
93660,0.008823,0.007035,0.072158
93670,0.013254,0.010341,0.075143
93680,0.008139,0.005933,0.073273
93690,0.007445,0.005662,0.068557
93700,0.018760,0.015078,0.101084
93710,0.015323,0.011398,0.094290
93720,0.025247,0.019777,0.120936
93730,0.037320,0.029551,0.156867
93740,0.038673,0.029835,0.149789
93750,0.040093,0.030842,0.144570
93760,0.018760,0.014404,0.097700
93770,0.011476,0.008227,0.089966
93780,0.022759,0.018324,0.102076
93790,0.002930,0.002300,0.073777
93800,0.013821,0.010993,0.104515
93810,0.025316,0.019765,0.117017
93820,0.020740,0.016436,0.104206
93830,0.014821,0.011423,0.102182
93840,0.015647,0.012360,0.100811
93850,0.020421,0.015814,0.084175
93860,0.013931,0.010778,0.091504
93870,0.024181,0.019191,0.130250
93880,0.015467,0.011902,0.092143
93890,0.024074,0.018882,0.118854
93900,0.018925,0.014506,0.091268
93910,0.036578,0.028741,0.143134
93920,0.013247,0.009764,0.067454
93930,0.012444,0.009542,0.086942
93940,0.014626,0.011250,0.094403
93950,0.020638,0.015767,0.111179
93960,0.009412,0.007277,0.063745
93970,0.020618,0.016120,0.108228
93980,0.002084,0.001454,0.069400
93990,0.007830,0.006001,0.070128
94000,0.025187,0.019757,0.118129
94010,0.015672,0.012455,0.078468
94020,0.040533,0.031545,0.159687
94030,0.025457,0.019899,0.118591
94040,0.019578,0.015234,0.117285
94050,0.009643,0.007385,0.077720
94060,0.015798,0.012715,0.082481
94070,0.016201,0.012485,0.098218
94080,0.025397,0.019685,0.114389
94090,0.012643,0.009486,0.087812
94100,0.013280,0.010472,0.087819
94110,0.020706,0.016220,0.100719
94120,0.021441,0.017057,0.108275
94130,0.018437,0.014553,0.101134
94140,0.032099,0.025338,0.119063
94150,0.005111,0.003691,0.042085
94160,0.017357,0.013631,0.078996
94170,0.025499,0.019359,0.114843
94180,0.009220,0.007177,0.075705
94190,0.014763,0.011631,0.078251
94200,0.020614,0.016124,0.112629
94210,0.023133,0.018062,0.109147
94220,0.009511,0.007406,0.083153
94230,0.013123,0.010305,0.091024
94240,0.013780,0.011137,0.056161
94250,0.010210,0.007856,0.087756
94260,0.022420,0.017463,0.092966
94270,0.011512,0.009224,0.085732
94280,0.027136,0.020942,0.110985
94290,0.022048,0.017066,0.116595
94300,0.018225,0.013810,0.101376
94310,0.002981,0.002437,0.071629
94320,0.019243,0.014605,0.106377
94330,0.023709,0.018938,0.128050
94340,0.001672,0.001251,0.031236
94350,0.018174,0.014522,0.090210
94360,0.020816,0.016687,0.110447
94370,0.029979,0.022818,0.134348
94380,0.003513,0.002504,0.053578
94390,0.026286,0.020662,0.128209
94400,0.026629,0.019707,0.123027
94410,0.024246,0.019062,0.119955
94420,0.017807,0.013551,0.106746
94430,0.026759,0.020579,0.130231
94440,0.009942,0.007757,0.079253
94450,0.015432,0.011680,0.111666
94460,0.032276,0.025162,0.144924
94470,0.014626,0.012057,0.096587
94480,0.028946,0.022852,0.132913
94490,0.019946,0.015480,0.103936
94500,0.013532,0.011264,0.074031
94510,0.029547,0.023456,0.138831
94520,0.029416,0.023137,0.128649
94530,0.021088,0.016763,0.084842
94540,0.011158,0.009002,0.056290
94550,0.027076,0.020382,0.126098
94560,0.005303,0.003555,0.093238
94570,0.023227,0.018125,0.103782
94580,0.018894,0.014348,0.110521
94590,0.012892,0.009741,0.073750
94600,0.003549,0.002378,0.086870
94610,0.007607,0.005809,0.057252
94620,0.028464,0.022343,0.135173
94630,0.036179,0.027819,0.152374
94640,0.006385,0.004728,0.061989
94650,0.011809,0.008747,0.100538
94660,0.021118,0.016609,0.112924
94670,0.021632,0.016933,0.108555
94680,0.014003,0.010758,0.085608
94690,0.016390,0.012936,0.075058
94700,0.012482,0.009752,0.097160
94710,0.008835,0.007048,0.044636
94720,0.017852,0.013870,0.100587
94730,0.022932,0.017778,0.107833
94740,0.013174,0.010849,0.053678
94750,0.016383,0.013308,0.095239
94760,0.024784,0.019796,0.119864
94770,0.026197,0.021517,0.118207
94780,0.037736,0.030269,0.153881
94790,0.006140,0.005236,0.040891
94800,0.002824,0.002036,0.066725
94810,0.018676,0.014926,0.105206
94820,0.024807,0.019859,0.116035
94830,0.028412,0.021594,0.122366
94840,0.035918,0.027395,0.145369
94850,0.004783,0.003427,0.075741
94860,0.010880,0.008085,0.073329
94870,0.000000,0.000000,0.000000
94880,0.006638,0.004759,0.072172
94890,0.009880,0.007505,0.082660
94900,0.012827,0.009812,0.071626
94910,0.021831,0.017469,0.115156
94920,0.028856,0.022141,0.127416
94930,0.005241,0.004086,0.079640
94940,0.020037,0.016305,0.120757
94950,0.015852,0.012518,0.100980
94960,0.033017,0.025416,0.126788
94970,0.007245,0.005458,0.049391
94980,0.008451,0.006282,0.073018
94990,0.006549,0.004871,0.049914
95000,0.011824,0.008768,0.062295
95010,0.018779,0.014663,0.101002
95020,0.016910,0.012555,0.112042
95030,0.005956,0.003825,0.155000
95040,0.020460,0.016009,0.104257
95050,0.030098,0.023064,0.129037
95060,0.001157,0.000906,0.013241
95070,0.007243,0.005534,0.061669
95080,0.023664,0.018320,0.095450
95090,0.024814,0.019151,0.118724
95100,0.016864,0.012591,0.084975
95110,0.018008,0.014134,0.101404
95120,0.030977,0.023898,0.140392
95130,0.017210,0.013100,0.104485
95140,0.020437,0.016409,0.111032
95150,0.021514,0.016741,0.110339
95160,0.009746,0.008262,0.081233
95170,0.016528,0.013088,0.072464
95180,0.014192,0.011452,0.089234
95190,0.003034,0.001856,0.079945
95200,0.013819,0.010293,0.097084
95210,0.029601,0.023473,0.127003
95220,0.017232,0.013599,0.081181
95230,0.023158,0.018429,0.111429
95240,0.011491,0.008653,0.083796
95250,0.023733,0.020577,0.124788
95260,0.026857,0.021105,0.123398
95270,0.029770,0.024004,0.125357
95280,0.026500,0.020201,0.133822
95290,0.030584,0.024017,0.123131
95300,0.019912,0.015615,0.104505
95310,0.016861,0.013014,0.088945
95320,0.028125,0.022113,0.128319
95330,0.026487,0.020901,0.125519
95340,0.020708,0.016322,0.113509
95350,0.001154,0.000731,0.073739
95360,0.021256,0.016123,0.118699
95370,0.028539,0.022007,0.124455
95380,0.016764,0.012828,0.091642
95390,0.024932,0.019243,0.113979
95400,0.014308,0.011292,0.078101
95410,0.021131,0.016235,0.091718
95420,0.026764,0.021192,0.118939
95430,0.014716,0.011604,0.066545
95440,0.015533,0.011994,0.091430
95450,0.045871,0.036635,0.169375
95460,0.021692,0.016739,0.119564
95470,0.017393,0.013731,0.090860
95480,0.029663,0.023511,0.130571
95490,0.030419,0.023197,0.139221
95500,0.013768,0.010539,0.081147
95510,0.011898,0.009289,0.061069
95520,0.014518,0.011418,0.089448
95530,0.010774,0.008119,0.085553
95540,0.025144,0.018853,0.116428
95550,0.026760,0.020644,0.124470
95560,0.027042,0.020525,0.129963
95570,0.003128,0.002077,0.063010
95580,0.027681,0.021146,0.133725
95590,0.010591,0.007777,0.083498
95600,0.006386,0.005083,0.037365
95610,0.011831,0.009326,0.094377
95620,0.004942,0.003712,0.057573
95630,0.011813,0.009108,0.063300
95640,0.009462,0.007919,0.076609
95650,0.003852,0.002535,0.075063
95660,0.012688,0.009650,0.096058
95670,0.035599,0.028561,0.148085
95680,0.023769,0.018586,0.114869
95690,0.021717,0.016792,0.103386
95700,0.019240,0.014941,0.094851
95710,0.010294,0.007860,0.055304
95720,0.014485,0.010990,0.071330
95730,0.014717,0.011792,0.078767
95740,0.015586,0.012063,0.100408
95750,0.046199,0.036293,0.161637
95760,0.020344,0.016161,0.104172
95770,0.018754,0.015080,0.105915
95780,0.021860,0.017713,0.092287
95790,0.017779,0.013544,0.100950
95800,0.014052,0.011085,0.074046
95810,0.030225,0.023666,0.123769
95820,0.005812,0.004068,0.071391
95830,0.021140,0.016230,0.113885
95840,0.014182,0.010528,0.087613
95850,0.009084,0.007263,0.071783
95860,0.013157,0.010016,0.093033
95870,0.015598,0.011937,0.092119
95880,0.023707,0.019271,0.112227
95890,0.029912,0.023382,0.123985
95900,0.017167,0.013524,0.093453
95910,0.025925,0.020546,0.122576
95920,0.002775,0.002251,0.024673
95930,0.011026,0.008247,0.088933
95940,0.015645,0.012162,0.089686
95950,0.003521,0.002649,0.078722
95960,0.023164,0.017913,0.112919
95970,0.011135,0.008960,0.082859
95980,0.018281,0.013878,0.108081
95990,0.011047,0.008405,0.086625
96000,0.012940,0.010203,0.063078
96010,0.008766,0.006481,0.081977
96020,0.014461,0.011004,0.078170
96030,0.014403,0.010856,0.100974
96040,0.034348,0.027010,0.151634
96050,0.018319,0.014765,0.104397
96060,0.015690,0.011835,0.088440
96070,0.020139,0.016078,0.099239
96080,0.003811,0.002821,0.098704
96090,0.023548,0.018700,0.123605
96100,0.012366,0.009556,0.077405
96110,0.027996,0.021974,0.120642
96120,0.011190,0.008219,0.084205
96130,0.028956,0.021971,0.109311
96140,0.014305,0.011048,0.082101
96150,0.004009,0.003503,0.025929
96160,0.026024,0.020161,0.115587
96170,0.033480,0.025928,0.141001
96180,0.024616,0.019608,0.115799
96190,0.008534,0.006561,0.093830
96200,0.029757,0.023449,0.131049
96210,0.014262,0.010830,0.095989
96220,0.008550,0.006409,0.128892
96230,0.038304,0.030085,0.151079
96240,0.006708,0.004980,0.076643
96250,0.020241,0.015837,0.108506
96260,0.019021,0.015152,0.104510
96270,0.006189,0.004058,0.083613
96280,0.023805,0.018562,0.125009
96290,0.019908,0.015491,0.104900
96300,0.016646,0.012796,0.103844
96310,0.019324,0.015186,0.103116
96320,0.018868,0.014402,0.107521
96330,0.000758,0.000501,0.029609
96340,0.020226,0.015613,0.086747
96350,0.031694,0.025129,0.133547
96360,0.016459,0.012828,0.088577
96370,0.014607,0.011672,0.092310
96380,0.023271,0.018430,0.104331
96390,0.015016,0.011660,0.073135
96400,0.020754,0.016002,0.106176
96410,0.027149,0.021287,0.112209
96420,0.023036,0.017555,0.112640
96430,0.017476,0.013213,0.117273
96440,0.012726,0.009037,0.101384
96450,0.021730,0.016659,0.095441
96460,0.025992,0.019895,0.108685
96470,0.017738,0.014323,0.115472
96480,0.002128,0.001625,0.018161
96490,0.027079,0.020652,0.111719
96500,0.020988,0.016237,0.108962
96510,0.022720,0.017892,0.131097
96520,0.020917,0.016574,0.105026
96530,0.030107,0.023918,0.122816
96540,0.015127,0.011778,0.076199
96550,0.012130,0.009679,0.089568
96560,0.002837,0.002439,0.045334
96570,0.018606,0.014739,0.081368
96580,0.016873,0.013945,0.088188
96590,0.007256,0.005403,0.089907
96600,0.017550,0.013932,0.093486
96610,0.016574,0.012784,0.100557
96620,0.008214,0.006802,0.051087
96630,0.026169,0.020360,0.118947
96640,0.012842,0.009978,0.064890
96650,0.017242,0.013500,0.104843
96660,0.022680,0.017804,0.108455
96670,0.014386,0.010209,0.100449
96680,0.009961,0.007829,0.087596
96690,0.026581,0.020596,0.117556
96700,0.006025,0.004600,0.037104
96710,0.024451,0.019593,0.106516
96720,0.025187,0.019274,0.091776
96730,0.029626,0.023069,0.135139
96740,0.013840,0.010273,0.108131
96750,0.012226,0.008975,0.090054
96760,0.017734,0.013513,0.097327
96770,0.033678,0.025464,0.143119
96780,0.023095,0.017058,0.113206
96790,0.012964,0.009746,0.077546
96800,0.024514,0.018715,0.118732
96810,0.015925,0.013011,0.084402
96820,0.020330,0.016364,0.095362
96830,0.010464,0.008126,0.061291
96840,0.015055,0.011770,0.088725
96850,0.014424,0.010667,0.109129
96860,0.021774,0.017045,0.105588
96870,0.001705,0.001315,0.054425
96880,0.015944,0.012771,0.099214
96890,0.012145,0.009363,0.070425
96900,0.018845,0.014751,0.091902
96910,0.005308,0.003960,0.065333
96920,0.020178,0.015949,0.100857
96930,0.033137,0.025217,0.136041
96940,0.025095,0.019189,0.116590
96950,0.001396,0.001028,0.112090
96960,0.006681,0.005251,0.037414
96970,0.030091,0.023027,0.145637
96980,0.026457,0.020700,0.129822
96990,0.013871,0.010553,0.094137
97000,0.016542,0.012549,0.089967
97010,0.023788,0.018287,0.114412
97020,0.014289,0.011134,0.060918
97030,0.026744,0.020681,0.122469
97040,0.019733,0.015096,0.095821
97050,0.017982,0.013855,0.096486
97060,0.016062,0.012035,0.097018
97070,0.018369,0.014391,0.102112
97080,0.014021,0.010163,0.082822
97090,0.036005,0.028232,0.150875
97100,0.025480,0.018678,0.123762
97110,0.022337,0.017053,0.116203
97120,0.042991,0.032557,0.161559
97130,0.032568,0.025789,0.144761
97140,0.020911,0.015997,0.118840
97150,0.022115,0.017422,0.093091
97160,0.015918,0.012542,0.090362
97170,0.029339,0.022959,0.120682
97180,0.022189,0.017528,0.106517
97190,0.006428,0.004888,0.052054
97200,0.025616,0.020457,0.108777
97210,0.022675,0.017548,0.125444
97220,0.004566,0.003476,0.032912
97230,0.015803,0.012604,0.076187
97240,0.017629,0.013280,0.105422
97250,0.019599,0.015461,0.109285
97260,0.021746,0.016910,0.087787
97270,0.028110,0.022214,0.128097
97280,0.010672,0.008350,0.050611
97290,0.001005,0.000578,0.060960
97300,0.022323,0.017854,0.108449
97310,0.019398,0.014821,0.109619
97320,0.015052,0.011754,0.066791
97330,0.027435,0.020800,0.128277
97340,0.020005,0.015003,0.103561
97350,0.016684,0.013044,0.096482
97360,0.022797,0.017950,0.113045
97370,0.039317,0.030251,0.155692
97380,0.016552,0.012407,0.080315
97390,0.028913,0.022673,0.119613
97400,0.038069,0.030092,0.147410
97410,0.018613,0.014389,0.111636
97420,0.019681,0.015022,0.103153
97430,0.019317,0.015221,0.105733
97440,0.012130,0.009885,0.098516
97450,0.019519,0.015170,0.090541
97460,0.017595,0.013396,0.094847
97470,0.031837,0.024694,0.134055
97480,0.016629,0.013033,0.090871
97490,0.011073,0.008423,0.078959
97500,0.018679,0.014576,0.102727
97510,0.012753,0.009469,0.072904
97520,0.017142,0.012999,0.116778
97530,0.008547,0.006467,0.062906
97540,0.024094,0.018197,0.118363
97550,0.019614,0.015309,0.111645
97560,0.023307,0.018051,0.107729
97570,0.008897,0.006698,0.083173
97580,0.008744,0.006216,0.078011
97590,0.018681,0.014640,0.113142
97600,0.013147,0.010146,0.090015
97610,0.019387,0.015056,0.104832
97620,0.013113,0.010278,0.067032
97630,0.015289,0.011736,0.066452
97640,0.021789,0.016990,0.102745
97650,0.019924,0.014894,0.104919
97660,0.025275,0.019824,0.117031
97670,0.005502,0.003968,0.037844
97680,0.012940,0.009993,0.057148
97690,0.008444,0.006310,0.055974
97700,0.029363,0.022902,0.131732
97710,0.009961,0.007485,0.082740
97720,0.005668,0.005278,0.053209
97730,0.012378,0.009849,0.089526
97740,0.020264,0.015768,0.090243
97750,0.015927,0.012203,0.096080
97760,0.041350,0.032083,0.158074
97770,0.031741,0.024881,0.143572
97780,0.009302,0.007630,0.074337
97790,0.023278,0.018921,0.110846
97800,0.016851,0.013115,0.097133
97810,0.026131,0.020119,0.123235
97820,0.014977,0.011731,0.094033
97830,0.006456,0.004584,0.067935
97840,0.000589,0.000418,0.078066
97850,0.019751,0.015246,0.092316
97860,0.006870,0.005208,0.077964
97870,0.017694,0.013806,0.081111
97880,0.021602,0.016437,0.092816
97890,0.020141,0.015560,0.096136
97900,0.020889,0.015649,0.091696
97910,0.019150,0.014501,0.103247
97920,0.018620,0.014621,0.106990
97930,0.015900,0.012659,0.108005
97940,0.019068,0.014597,0.085393
97950,0.022295,0.017552,0.111114
97960,0.016750,0.012932,0.085605
97970,0.000973,0.000635,0.056509
97980,0.021458,0.016532,0.114854
97990,0.017713,0.013748,0.083244
98000,0.002652,0.001807,0.081950
98010,0.024725,0.018881,0.119491
98020,0.031714,0.024336,0.131378
98030,0.028983,0.022603,0.129831
98040,0.033646,0.026746,0.139183
98050,0.018374,0.013806,0.093828
98060,0.015111,0.012355,0.089976
98070,0.022609,0.017712,0.118968
98080,0.018081,0.014333,0.077335
98090,0.028732,0.022125,0.127148
98100,0.021929,0.016706,0.114554
98110,0.023284,0.018514,0.112762
98120,0.014863,0.011168,0.094770
98130,0.028790,0.021890,0.126156
98140,0.026470,0.020959,0.110414
98150,0.031576,0.024189,0.131994
98160,0.014606,0.011265,0.083341
98170,0.017837,0.013541,0.111218
98180,0.023370,0.017767,0.132965
98190,0.022403,0.017405,0.096254
98200,0.009521,0.007081,0.078090
98210,0.019317,0.014954,0.100518
98220,0.007934,0.006018,0.052063
98230,0.005746,0.004131,0.090885
98240,0.031137,0.024492,0.131816
98250,0.004157,0.003219,0.066046
98260,0.029689,0.023286,0.125713
98270,0.008349,0.006395,0.046286
98280,0.022303,0.017074,0.096966
98290,0.024365,0.019550,0.124434
98300,0.013590,0.010772,0.088339
98310,0.025856,0.020039,0.120456
98320,0.018024,0.014067,0.105007
98330,0.013184,0.010025,0.092295
98340,0.029146,0.022696,0.128883
98350,0.010748,0.008469,0.080386
98360,0.011578,0.008823,0.078635
98370,0.008363,0.006476,0.077006
98380,0.007868,0.006082,0.086281
98390,0.031349,0.024548,0.131429
98400,0.039930,0.031038,0.160404
98410,0.016625,0.012974,0.097096
98420,0.020838,0.016288,0.093933
98430,0.019119,0.014474,0.107527
98440,0.030699,0.023005,0.139202
98450,0.018018,0.013656,0.109936
98460,0.031648,0.024238,0.142410
98470,0.008434,0.006289,0.062073
98480,0.021901,0.016627,0.110788
98490,0.014402,0.010732,0.102393
98500,0.021091,0.016896,0.101943
98510,0.005057,0.003795,0.105887
98520,0.011069,0.007904,0.084509
98530,0.025215,0.019232,0.119270
98540,0.017084,0.013156,0.078747
98550,0.013797,0.010826,0.083284
98560,0.006925,0.005150,0.111926
98570,0.005142,0.003672,0.066160
98580,0.014755,0.011602,0.089493
98590,0.003097,0.002414,0.041087
98600,0.021905,0.016899,0.108011
98610,0.037365,0.029233,0.155254
98620,0.021336,0.016960,0.086023
98630,0.003546,0.002748,0.058467
98640,0.017052,0.013774,0.100978
98650,0.022165,0.016962,0.113832
98660,0.019417,0.014934,0.101861
98670,0.003515,0.002564,0.066959
98680,0.019680,0.015231,0.092280
98690,0.021085,0.015435,0.107206
98700,0.010249,0.007867,0.083328
98710,0.015093,0.012310,0.076941
98720,0.000000,0.000001,0.000002
98730,0.024403,0.018808,0.117649
98740,0.016178,0.012160,0.094536
98750,0.026062,0.020335,0.112065
98760,0.007974,0.005937,0.036191
98770,0.007226,0.005556,0.064895
98780,0.014486,0.011022,0.068055
98790,0.024901,0.019400,0.108362
98800,0.024807,0.019324,0.112486
98810,0.014149,0.010548,0.089798
98820,0.006133,0.004423,0.087031
98830,0.003475,0.002432,0.067200
98840,0.019689,0.015385,0.113877
98850,0.010851,0.008386,0.087794
98860,0.014728,0.011603,0.103600
98870,0.006259,0.004833,0.038927
98880,0.005792,0.004078,0.084997
98890,0.006451,0.004919,0.039997
98900,0.028143,0.022375,0.113030
98910,0.025692,0.019728,0.122872
98920,0.011809,0.008962,0.084004
98930,0.028443,0.022182,0.130989
98940,0.012928,0.010106,0.092195
98950,0.023693,0.018184,0.117003
98960,0.021219,0.016296,0.090460
98970,0.024920,0.019465,0.094189
98980,0.014383,0.010809,0.174255
98990,0.021724,0.016995,0.105580
99000,0.029856,0.023149,0.132140
99010,0.024142,0.018845,0.104929
99020,0.017564,0.013901,0.099197
99030,0.004038,0.003270,0.030246
99040,0.008376,0.006607,0.044924
99050,0.021511,0.017324,0.098633
99060,0.014310,0.011046,0.088957
99070,0.011311,0.008617,0.068497
99080,0.009257,0.007164,0.080012
99090,0.007062,0.004997,0.074098
99100,0.016141,0.012600,0.081688
99110,0.013551,0.010516,0.075687
99120,0.015271,0.012095,0.104378
99130,0.013196,0.010153,0.069561
99140,0.019409,0.014886,0.086219
99150,0.009547,0.007153,0.071225
99160,0.024850,0.019020,0.118321
99170,0.009921,0.007328,0.082928
99180,0.024626,0.019636,0.120289
99190,0.012069,0.008689,0.100184
99200,0.022458,0.018201,0.108750
99210,0.033194,0.025545,0.139943
99220,0.026345,0.021038,0.116068
99230,0.007336,0.005572,0.059898
99240,0.029562,0.022892,0.129292
99250,0.014774,0.011183,0.094273
99260,0.018957,0.015498,0.087344
99270,0.020339,0.016884,0.101434
99280,0.018533,0.013744,0.101072
99290,0.027856,0.021995,0.127311
99300,0.016859,0.013165,0.096301
99310,0.022039,0.016711,0.116485
99320,0.006120,0.004489,0.058031
99330,0.012142,0.008941,0.082862
99340,0.005293,0.004089,0.034979
99350,0.036875,0.028650,0.144794
99360,0.023322,0.019867,0.109506
99370,0.025370,0.020406,0.119883
99380,0.021336,0.016710,0.088127
99390,0.017372,0.013446,0.098747
99400,0.012545,0.009497,0.087099
99410,0.013813,0.011302,0.072654
99420,0.015588,0.012196,0.099970
99430,0.036003,0.028246,0.152386
99440,0.022702,0.017308,0.112979
99450,0.016634,0.012873,0.098334
99460,0.027752,0.021857,0.124690
99470,0.018660,0.014929,0.099687
99480,0.014497,0.011109,0.104869
99490,0.015736,0.011501,0.104941
99500,0.027754,0.021567,0.126084
99510,0.007192,0.005475,0.060839
99520,0.001135,0.001058,0.359474
99530,0.019896,0.015338,0.114527
99540,0.030638,0.024067,0.128954
99550,0.018143,0.013857,0.115348
99560,0.010691,0.008329,0.076793
99570,0.024211,0.018619,0.122177
99580,0.011348,0.009228,0.066646
99590,0.011224,0.008807,0.070511
99600,0.014461,0.010886,0.091943
99610,0.020973,0.015945,0.107865
99620,0.019121,0.015597,0.082080
99630,0.035513,0.026992,0.135171
99640,0.010485,0.007850,0.087991
99650,0.029931,0.023547,0.122195
99660,0.009471,0.007241,0.100978
99670,0.020077,0.015679,0.114940
99680,0.011591,0.008621,0.087696
99690,0.035384,0.027268,0.141673
99700,0.023432,0.017896,0.121659
99710,0.023153,0.017295,0.136042
99720,0.016840,0.013129,0.119114
99730,0.012640,0.010106,0.060909
99740,0.008598,0.006385,0.067475
99750,0.031418,0.024579,0.132872
99760,0.010652,0.008102,0.079753
99770,0.039456,0.030660,0.162661
99780,0.005305,0.004329,0.052323
99790,0.009173,0.007724,0.065378
99800,0.022442,0.017325,0.114989
99810,0.007877,0.005893,0.068740
99820,0.012393,0.009385,0.096691
99830,0.026306,0.019849,0.119592
99840,0.013203,0.010594,0.057255
99850,0.013528,0.010207,0.082016
99860,0.012969,0.010508,0.060123
99870,0.031006,0.024413,0.128390
99880,0.026186,0.020072,0.133412
99890,0.014190,0.011153,0.088475
99900,0.018168,0.013721,0.103129
99910,0.017867,0.013680,0.098824
99920,0.017407,0.013409,0.100898
99930,0.012059,0.009050,0.094019
99940,0.035623,0.028377,0.140658
99950,0.011520,0.008830,0.050413
99960,0.011841,0.009373,0.062072
99970,0.030202,0.022145,0.138653
99980,0.002412,0.001775,0.086877
99990,0.024974,0.019749,0.116848
100000,0.014326,0.010974,0.083221
