iter,ce_loss,ds_loss,final_loss
10,0.436663,0.306909,1.442271
20,0.082711,0.059715,0.794762
30,0.295184,0.220190,1.179307
40,0.407171,0.213276,1.253491
50,0.078913,0.111518,0.720258
60,0.230976,0.180753,0.958789
70,0.742064,0.418158,1.889649
80,0.278017,0.205656,1.060683
90,0.168888,0.127223,0.779121
100,0.125044,0.105131,0.674905
110,0.112889,0.091006,0.641178
120,0.161119,0.119663,0.694636
130,0.118825,0.080098,0.568883
140,0.183486,0.109828,0.738930
150,0.089894,0.060228,0.519232
160,0.103115,0.070678,0.510499
170,0.077186,0.053324,0.676685
180,0.120337,0.077688,0.538334
190,0.081919,0.054304,0.500110
200,0.136325,0.092298,0.552316
210,0.058716,0.051633,0.439608
220,0.050667,0.035494,0.355075
230,0.193486,0.127647,0.687757
240,0.118972,0.081149,0.522875
250,0.107745,0.082140,0.490336
260,0.077894,0.054658,0.397604
270,0.127459,0.089586,0.532227
280,0.059080,0.042013,0.413481
290,0.155901,0.106214,0.589346
300,0.111560,0.069753,0.450386
310,0.051985,0.042197,0.354124
320,0.057672,0.039538,0.408608
330,0.065023,0.046866,0.387186
340,0.077329,0.054393,0.456273
350,0.055601,0.043637,0.360144
360,0.065972,0.049564,0.405891
370,0.123522,0.078875,0.626858
380,0.119869,0.085194,0.489144
390,0.189073,0.148257,0.657227
400,0.102633,0.070480,0.458438
410,0.127755,0.098284,0.491281
420,0.057427,0.043083,0.369026
430,0.112239,0.078661,0.460696
440,0.094729,0.067380,0.422638
450,0.120370,0.090152,0.520829
460,0.061011,0.048039,0.359923
470,0.106170,0.073800,0.434855
480,0.101367,0.075588,0.436829
490,0.031884,0.017006,0.223810
500,0.121189,0.077843,0.678761
510,0.065717,0.046359,0.346690
520,0.084542,0.059488,0.533416
530,0.042776,0.034204,0.295522
540,0.058966,0.044433,0.326387
550,0.054559,0.040839,0.302256
560,0.151654,0.122050,0.547941
570,0.113692,0.087728,0.450568
580,0.084673,0.062944,0.470409
590,0.063094,0.041115,0.333391
600,0.050196,0.036429,0.307135
610,0.059556,0.047617,0.354709
620,0.079634,0.060677,0.370770
630,0.099840,0.072795,0.403551
640,0.026463,0.020029,0.242641
650,0.091988,0.061568,0.376252
660,0.049645,0.036013,0.345188
670,0.030368,0.022670,0.260463
680,0.086290,0.062621,0.380878
690,0.066012,0.044698,0.471355
700,0.151201,0.116436,0.504618
710,0.078905,0.055563,0.346468
720,0.054683,0.038091,0.336554
730,0.095430,0.071159,0.362327
740,0.069667,0.047315,0.322949
750,0.091122,0.066387,0.360132
760,0.140476,0.104171,0.473428
770,0.101442,0.071839,0.426784
780,0.020517,0.016710,0.252268
790,0.024117,0.019477,0.266008
800,0.022925,0.017161,0.301400
810,0.074717,0.051430,0.352073
820,0.071677,0.050795,0.363877
830,0.054890,0.038228,0.422093
840,0.077662,0.057588,0.331118
850,0.239139,0.169232,0.763749
860,0.024663,0.021177,0.276534
870,0.108717,0.084416,0.414242
880,0.069434,0.050915,0.285276
890,0.082591,0.060571,0.366358
900,0.107316,0.077026,0.399332
910,0.039881,0.028803,0.270273
920,0.021489,0.016535,0.256259
930,0.076235,0.056565,0.332427
940,0.037219,0.027194,0.265416
950,0.022683,0.016261,0.267514
960,0.027891,0.019059,0.267191
970,0.068697,0.053187,0.326914
980,0.073399,0.053703,0.319544
990,0.098666,0.074522,0.418706
1000,0.037296,0.027559,0.262380
1010,0.084653,0.065031,0.365883
1020,0.100364,0.070988,0.416152
1030,0.115897,0.088423,0.416063
1040,0.126302,0.095285,0.457192
1050,0.066239,0.049249,0.310329
1060,0.022918,0.014884,0.301354
1070,0.016687,0.012221,0.205660
1080,0.058834,0.041443,0.279097
1090,0.101462,0.071244,0.431606
1100,0.025947,0.018023,0.304501
1110,0.033602,0.023759,0.242855
1120,0.115578,0.082528,0.502626
1130,0.028982,0.022873,0.220304
1140,0.069435,0.048698,0.322065
1150,0.022116,0.019077,0.269020
1160,0.036669,0.028382,0.310366
1170,0.033748,0.025753,0.286420
1180,0.033914,0.025061,0.301318
1190,0.078291,0.057079,0.351487
1200,0.022589,0.017490,0.199454
1210,0.039694,0.028330,0.225260
1220,0.070884,0.054444,0.333160
1230,0.065605,0.046940,0.281651
1240,0.049083,0.037868,0.281975
1250,0.067458,0.049530,0.301196
1260,0.053704,0.039115,0.266260
1270,0.013845,0.010315,0.438625
1280,0.049556,0.035570,0.261836
1290,0.058835,0.041228,0.285421
1300,0.013503,0.010707,0.195918
1310,0.041056,0.027702,0.225798
1320,0.101369,0.083258,0.422350
1330,0.051984,0.040521,0.250540
1340,0.048618,0.034157,0.281842
1350,0.059767,0.044535,0.279178
1360,0.043859,0.032260,0.268064
1370,0.044761,0.032001,0.264006
1380,0.049578,0.037981,0.271130
1390,0.081312,0.059106,0.328725
1400,0.041135,0.030744,0.244810
1410,0.113367,0.079029,0.453446
1420,0.023609,0.018473,0.237387
1430,0.021613,0.015388,0.246475
1440,0.027177,0.021197,0.420601
1450,0.051093,0.036930,0.253205
1460,0.035596,0.026002,0.185777
1470,0.019667,0.014284,0.179500
1480,0.048241,0.035440,0.217274
1490,0.060283,0.044103,0.277010
1500,0.101835,0.077349,0.373110
1510,0.073831,0.053771,0.311288
1520,0.033002,0.022924,0.235221
1530,0.057654,0.042631,0.262190
1540,0.076612,0.059500,0.329567
1550,0.098092,0.070498,0.592815
1560,0.039453,0.028935,0.220111
1570,0.058064,0.040651,0.298596
1580,0.014296,0.009465,0.215732
1590,0.012432,0.008726,0.174580
1600,0.019227,0.016910,0.245179
1610,0.025218,0.019308,0.217960
1620,0.061284,0.046116,0.288732
1630,0.039227,0.028884,0.263394
1640,0.031580,0.023525,0.335079
1650,0.117534,0.087129,0.414356
1660,0.047678,0.039708,0.222119
1670,0.062292,0.040712,0.364917
1680,0.019055,0.019944,0.244181
1690,0.044953,0.031503,0.291153
1700,0.036287,0.025432,0.220894
1710,0.068220,0.048749,0.306233
1720,0.061301,0.043373,0.276051
1730,0.131337,0.098715,0.435336
1740,0.065797,0.046945,0.248748
1750,0.069254,0.051824,0.282580
1760,0.088792,0.069523,0.331963
1770,0.038823,0.027242,0.224462
1780,0.030174,0.020980,0.300832
1790,0.041010,0.030362,0.244724
1800,0.004072,0.004597,0.012290
1810,0.050599,0.038752,0.258220
1820,0.052127,0.038377,0.280041
1830,0.051140,0.037767,0.244156
1840,0.052347,0.036245,0.262740
1850,0.062612,0.045736,0.292054
1860,0.037099,0.026871,0.207158
1870,0.059146,0.044125,0.288935
1880,0.056471,0.042969,0.271381
1890,0.052394,0.039341,0.241762
1900,0.019622,0.015118,0.186853
1910,0.030026,0.022791,0.149747
1920,0.030717,0.023208,0.162784
1930,0.045545,0.033067,0.249230
1940,0.014377,0.009571,0.192051
1950,0.072229,0.053524,0.325446
1960,0.035694,0.027255,0.183427
1970,0.065697,0.049462,0.281064
1980,0.063761,0.047301,0.283126
1990,0.036470,0.026384,0.254116
2000,0.051100,0.039331,0.258957
2010,0.045214,0.032341,0.230850
2020,0.033771,0.024918,0.224942
2030,0.126063,0.091536,0.429842
2040,0.037502,0.025533,0.243349
2050,0.019092,0.013289,0.174410
2060,0.016477,0.011587,0.195649
2070,0.067983,0.051220,0.276474
2080,0.067745,0.053880,0.304764
2090,0.036999,0.028166,0.224933
2100,0.053605,0.039395,0.236870
2110,0.075114,0.058642,0.322982
2120,0.017133,0.012962,0.218464
2130,0.043338,0.031871,0.230292
2140,0.055191,0.041327,0.280472
2150,0.058618,0.043817,0.264080
2160,0.012119,0.009152,0.095929
2170,0.093474,0.070634,0.363066
2180,0.048108,0.036809,0.238702
2190,0.031330,0.023740,0.208075
2200,0.043897,0.031623,0.237733
2210,0.091982,0.069292,0.382342
2220,0.077882,0.059620,0.319720
2230,0.025401,0.018175,0.200238
2240,0.052127,0.038924,0.232779
2250,0.082692,0.060938,0.340066
2260,0.046052,0.034953,0.229293
2270,0.025592,0.019442,0.201922
2280,0.051917,0.038535,0.246812
2290,0.067653,0.049429,0.294318
2300,0.045854,0.033981,0.224270
2310,0.031757,0.024143,0.219480
2320,0.003044,0.001943,0.185389
2330,0.074958,0.056068,0.338579
2340,0.046561,0.034724,0.236810
2350,0.050374,0.037126,0.239811
2360,0.032043,0.026063,0.343495
2370,0.011388,0.007914,0.237736
2380,0.082945,0.062670,0.321230
2390,0.039060,0.028944,0.212964
2400,0.049882,0.037421,0.271518
2410,0.060453,0.045206,0.264767
2420,0.096712,0.073535,0.339891
2430,0.022953,0.016477,0.199176
2440,0.058832,0.043416,0.282186
2450,0.082256,0.062166,0.330432
2460,0.017314,0.012180,0.182270
2470,0.053984,0.038957,0.246416
2480,0.043389,0.033135,0.248391
2490,0.022650,0.016551,0.195145
2500,0.036993,0.028002,0.206738
2510,0.043102,0.032421,0.233897
2520,0.035286,0.026313,0.225688
2530,0.070652,0.051588,0.291559
2540,0.016075,0.012116,0.077564
2550,0.078049,0.058422,0.306423
2560,0.026219,0.018723,0.188606
2570,0.077630,0.057651,0.316465
2580,0.008558,0.006392,0.196938
2590,0.069463,0.052775,0.296889
2600,0.109315,0.082273,0.380860
2610,0.064376,0.045886,0.285506
2620,0.018841,0.013527,0.160890
2630,0.043133,0.030488,0.269801
2640,0.039394,0.028905,0.250655
2650,0.070475,0.052821,0.278480
2660,0.051616,0.037989,0.260125
2670,0.108244,0.081486,0.389805
2680,0.029613,0.023035,0.200073
2690,0.058097,0.041797,0.280824
2700,0.080861,0.059639,0.304089
2710,0.032526,0.024584,0.248531
2720,0.030583,0.023076,0.200461
2730,0.041947,0.031041,0.209703
2740,0.075012,0.056320,0.284339
2750,0.048658,0.035529,0.260500
2760,0.015462,0.011332,0.111541
2770,0.018422,0.013467,0.276848
2780,0.010236,0.007501,0.398839
2790,0.069712,0.052633,0.281418
2800,0.065203,0.047023,0.274527
2810,0.055740,0.040771,0.230012
2820,0.026125,0.019307,0.217199
2830,0.042246,0.031556,0.223591
2840,0.035620,0.026878,0.212244
2850,0.074919,0.054370,0.310595
2860,0.042377,0.031268,0.218098
2870,0.052223,0.039365,0.238178
2880,0.000518,0.000543,0.001835
2890,0.020392,0.015196,0.199989
2900,0.055177,0.040570,0.273626
2910,0.058793,0.045264,0.277225
2920,0.064609,0.047757,0.265649
2930,0.057382,0.040702,0.247036
2940,0.029412,0.021482,0.195353
2950,0.090408,0.070440,0.311405
2960,0.048794,0.036527,0.236857
2970,0.058839,0.043819,0.251123
2980,0.062935,0.048532,0.281619
2990,0.056777,0.042932,0.262655
3000,0.056911,0.043003,0.298743
3010,0.026172,0.019007,0.209661
3020,0.024914,0.018142,0.203572
3030,0.010159,0.006840,0.266025
3040,0.047557,0.036215,0.234344
3050,0.077515,0.059079,0.306200
3060,0.038340,0.028394,0.184122
3070,0.088544,0.065680,0.332040
3080,0.061280,0.046163,0.259989
3090,0.050191,0.036764,0.241382
3100,0.028479,0.022106,0.185688
3110,0.035696,0.026896,0.203530
3120,0.036076,0.026832,0.212399
3130,0.042808,0.031686,0.204983
3140,0.063140,0.046855,0.306521
3150,0.088675,0.066290,0.349225
3160,0.032704,0.022709,0.205927
3170,0.050892,0.036731,0.231884
3180,0.062692,0.046724,0.263753
3190,0.042898,0.031704,0.205400
3200,0.031597,0.024247,0.200010
3210,0.043591,0.032544,0.224995
3220,0.031740,0.024325,0.215101
3230,0.028683,0.021082,0.182224
3240,0.069896,0.051107,0.316397
3250,0.057698,0.041154,0.287086
3260,0.041157,0.029589,0.228360
3270,0.072376,0.050661,0.306032
3280,0.029517,0.022676,0.183947
3290,0.020956,0.014093,0.196940
3300,0.044980,0.033791,0.230566
3310,0.069816,0.050860,0.304160
3320,0.061321,0.045225,0.222267
3330,0.014688,0.010270,0.214197
3340,0.021635,0.014627,0.218028
3350,0.057417,0.043007,0.235979
3360,0.035578,0.026444,0.197529
3370,0.032370,0.023598,0.192765
3380,0.038938,0.028699,0.239481
3390,0.031653,0.023775,0.188534
3400,0.034694,0.025744,0.172886
3410,0.005685,0.004004,0.137845
3420,0.029991,0.020753,0.221560
3430,0.022731,0.018771,0.173882
3440,0.082642,0.062801,0.321400
3450,0.009799,0.007223,0.643333
3460,0.023483,0.017131,0.130063
3470,0.035683,0.026614,0.195663
3480,0.057457,0.044305,0.270420
3490,0.078286,0.054175,0.322962
3500,0.036219,0.027173,0.221072
3510,0.087880,0.066523,0.328135
3520,0.046844,0.035363,0.219301
3530,0.034015,0.025604,0.179072
3540,0.037220,0.028218,0.222721
3550,0.062872,0.047038,0.271158
3560,0.048224,0.034737,0.233912
3570,0.070436,0.053162,0.278762
3580,0.018677,0.013551,0.154114
3590,0.041873,0.029503,0.244081
3600,0.019902,0.015143,0.109088
3610,0.022025,0.015351,0.117642
3620,0.004827,0.003792,0.118228
3630,0.031569,0.022825,0.189216
3640,0.043153,0.033599,0.224364
3650,0.077601,0.059060,0.303314
3660,0.037310,0.027803,0.207791
3670,0.003035,0.002196,0.124026
3680,0.009473,0.006857,0.152120
3690,0.055475,0.042198,0.236058
3700,0.020677,0.014948,0.174736
3710,0.037103,0.027684,0.205009
3720,0.062493,0.044261,0.287660
3730,0.069669,0.051550,0.273655
3740,0.033831,0.023803,0.187673
3750,0.028591,0.020553,0.224740
3760,0.030795,0.022827,0.183854
3770,0.012474,0.008846,0.152218
3780,0.027344,0.019939,0.183359
3790,0.073527,0.056709,0.285828
3800,0.062725,0.047928,0.276858
3810,0.035933,0.026968,0.220973
3820,0.054674,0.040262,0.267547
3830,0.055282,0.040623,0.264282
3840,0.029087,0.021880,0.171754
3850,0.037369,0.027324,0.204151
3860,0.028912,0.022063,0.195760
3870,0.042401,0.031643,0.214790
3880,0.022492,0.015916,0.137909
3890,0.025315,0.018882,0.168601
3900,0.062934,0.046786,0.268127
3910,0.017293,0.012614,0.167412
3920,0.009371,0.006756,0.284246
3930,0.079173,0.058603,0.352219
3940,0.024038,0.017399,0.170545
3950,0.045250,0.034299,0.253463
3960,0.000615,0.000455,0.001745
3970,0.045519,0.034251,0.225293
3980,0.009807,0.006675,0.201019
3990,0.044561,0.033065,0.208044
4000,0.059311,0.043517,0.288890
4010,0.077700,0.057959,0.287171
4020,0.065902,0.048935,0.260392
4030,0.036677,0.027329,0.190859
4040,0.040429,0.029338,0.215618
4050,0.028385,0.020047,0.198779
4060,0.043606,0.032795,0.267544
4070,0.045430,0.033312,0.220823
4080,0.028859,0.022309,0.203351
4090,0.046606,0.034505,0.224277
4100,0.047492,0.035725,0.233862
4110,0.023526,0.017655,0.159151
4120,0.025322,0.018550,0.188869
4130,0.038858,0.028345,0.194776
4140,0.023013,0.016888,0.198068
4150,0.061517,0.046200,0.251910
4160,0.073930,0.056551,0.293999
4170,0.021762,0.016133,0.157640
4180,0.036897,0.026735,0.206162
4190,0.017024,0.012808,0.117359
4200,0.025905,0.019350,0.168175
4210,0.053821,0.040596,0.230001
4220,0.003876,0.002877,0.140958
4230,0.037570,0.025742,0.270681
4240,0.054244,0.039739,0.256530
4250,0.052168,0.041653,0.235393
4260,0.047323,0.035430,0.210061
4270,0.072166,0.057239,0.320052
4280,0.025485,0.018755,0.181540
4290,0.057771,0.041756,0.243274
4300,0.052896,0.039621,0.220181
4310,0.058702,0.044584,0.256089
4320,0.077796,0.059002,0.314266
4330,0.056113,0.042269,0.261528
4340,0.027670,0.020261,0.155744
4350,0.035704,0.026947,0.205724
4360,0.025845,0.018320,0.168988
4370,0.068820,0.051844,0.281408
4380,0.055594,0.041434,0.256889
4390,0.080523,0.061510,0.298185
4400,0.023931,0.017560,0.164276
4410,0.034181,0.024668,0.190120
4420,0.029455,0.022590,0.195486
4430,0.074253,0.055736,0.300668
4440,0.028808,0.021820,0.155833
4450,0.049862,0.037394,0.227677
4460,0.018562,0.012729,0.120952
4470,0.040762,0.030775,0.208669
4480,0.043721,0.030629,0.249470
4490,0.022762,0.016270,0.168386
4500,0.036216,0.026297,0.194575
4510,0.079295,0.060065,0.286081
4520,0.023031,0.016211,0.181011
4530,0.046318,0.035292,0.215176
4540,0.022194,0.016703,0.135890
4550,0.050039,0.037934,0.228592
4560,0.043318,0.031675,0.230154
4570,0.010630,0.007863,0.094628
4580,0.048661,0.037539,0.210689
4590,0.028869,0.021301,0.161344
4600,0.046755,0.033325,0.242730
4610,0.045421,0.032743,0.259012
4620,0.034046,0.025828,0.158831
4630,0.023199,0.015189,0.216018
4640,0.043246,0.031649,0.252248
4650,0.040475,0.029988,0.212317
4660,0.029009,0.021538,0.189421
4670,0.045607,0.037471,0.223456
4680,0.044351,0.033056,0.249132
4690,0.052865,0.040046,0.269651
4700,0.035531,0.026621,0.188960
4710,0.037690,0.027747,0.207349
4720,0.042969,0.032816,0.207122
4730,0.056624,0.042289,0.239409
4740,0.069671,0.053796,0.275182
4750,0.049866,0.037547,0.241453
4760,0.048395,0.036537,0.236592
4770,0.031698,0.024056,0.176949
4780,0.069063,0.053055,0.258363
4790,0.059453,0.043123,0.243118
4800,0.029019,0.021871,0.213754
4810,0.080056,0.059261,0.313227
4820,0.052573,0.038918,0.248503
4830,0.013794,0.010239,0.131748
4840,0.054598,0.040910,0.234392
4850,0.037963,0.027849,0.207676
4860,0.046427,0.035703,0.227331
4870,0.048896,0.036203,0.238142
4880,0.008700,0.006437,0.071847
4890,0.058991,0.045545,0.226947
4900,0.032765,0.023792,0.156768
4910,0.021143,0.016541,0.240546
4920,0.050091,0.040410,0.320517
4930,0.030207,0.022257,0.179364
4940,0.000648,0.000526,0.002008
4950,0.087678,0.065608,0.318841
4960,0.035972,0.026988,0.203165
4970,0.024883,0.017628,0.189741
4980,0.043300,0.034956,0.230914
4990,0.024907,0.018484,0.177911
5000,0.047644,0.035471,0.228796
5010,0.028974,0.022190,0.198056
5020,0.079874,0.060121,0.296851
5030,0.027285,0.020694,0.209091
5040,0.013466,0.010075,0.149735
5050,0.082572,0.063308,0.308888
5060,0.043548,0.033101,0.205870
5070,0.001428,0.001341,0.136380
5080,0.043142,0.031766,0.214479
5090,0.048925,0.037345,0.229013
5100,0.035697,0.026276,0.205224
5110,0.038362,0.027709,0.210323
5120,0.008137,0.005886,0.140075
5130,0.017225,0.012634,0.152070
5140,0.078698,0.060520,0.296319
5150,0.044221,0.033304,0.216368
5160,0.012387,0.008978,0.169789
5170,0.034907,0.025688,0.194341
5180,0.030972,0.024046,0.153696
5190,0.074678,0.054892,0.304141
5200,0.024288,0.018148,0.110953
5210,0.037130,0.027527,0.201693
5220,0.023725,0.017629,0.178745
5230,0.031969,0.023225,0.232670
5240,0.081580,0.061497,0.294780
5250,0.056559,0.043466,0.259678
5260,0.034197,0.024907,0.193260
5270,0.067981,0.051919,0.265270
5280,0.048024,0.034860,0.215155
5290,0.081266,0.062035,0.301170
5300,0.022689,0.017353,0.168319
5310,0.038728,0.028106,0.207815
5320,0.064822,0.051928,0.281433
5330,0.017789,0.012849,0.150551
5340,0.082334,0.065766,0.331263
5350,0.037709,0.027298,0.213642
5360,0.030921,0.023725,0.143583
5370,0.043313,0.032836,0.212103
5380,0.013358,0.010074,0.086570
5390,0.065573,0.047215,0.284696
5400,0.035319,0.026331,0.189674
5410,0.023594,0.017323,0.171012
5420,0.027715,0.020459,0.177929
5430,0.040470,0.030489,0.234491
5440,0.028143,0.021627,0.175354
5450,0.024804,0.017597,0.191741
5460,0.022086,0.016634,0.117990
5470,0.032966,0.024489,0.188154
5480,0.007098,0.005275,0.156655
5490,0.040033,0.030491,0.210478
5500,0.023641,0.018045,0.165205
5510,0.037267,0.028608,0.206568
5520,0.103843,0.081776,0.396773
5530,0.064199,0.047128,0.246799
5540,0.045064,0.034155,0.218447
5550,0.051561,0.037777,0.226039
5560,0.028584,0.021531,0.194467
5570,0.028255,0.021225,0.185681
5580,0.055650,0.041036,0.245467
5590,0.040110,0.030277,0.192807
5600,0.071292,0.053009,0.267236
5610,0.040176,0.029269,0.219585
5620,0.029250,0.022179,0.186539
5630,0.013844,0.010968,0.128372
5640,0.039929,0.029932,0.205192
5650,0.037337,0.027215,0.209553
5660,0.007838,0.005768,0.124673
5670,0.045711,0.034602,0.212868
5680,0.050538,0.037151,0.225873
5690,0.074270,0.056050,0.294638
5700,0.052899,0.039875,0.267667
5710,0.053147,0.039662,0.237197
5720,0.058919,0.044079,0.275262
5730,0.063328,0.047900,0.250263
5740,0.074686,0.056127,0.283695
5750,0.031055,0.022746,0.209014
5760,0.023952,0.017613,0.175708
5770,0.043864,0.032292,0.208100
5780,0.034669,0.026769,0.195545
5790,0.046729,0.035084,0.254278
5800,0.009413,0.007498,0.440329
5810,0.054576,0.040424,0.225930
5820,0.016568,0.010326,0.598067
5830,0.061735,0.046395,0.257472
5840,0.060977,0.046361,0.259602
5850,0.054009,0.038942,0.274518
5860,0.041337,0.031460,0.207859
5870,0.071572,0.054868,0.256863
5880,0.046464,0.035200,0.245690
5890,0.011894,0.008720,0.121011
5900,0.042002,0.030180,0.179964
5910,0.034889,0.026164,0.175577
5920,0.040894,0.030116,0.218439
5930,0.032321,0.023228,0.173593
5940,0.050525,0.037644,0.200441
5950,0.030986,0.022032,0.211365
5960,0.040517,0.030020,0.197868
5970,0.004818,0.004207,0.219888
5980,0.012437,0.009097,0.132442
5990,0.047993,0.037781,0.207705
6000,0.051053,0.038547,0.216111
6010,0.041806,0.031095,0.232296
6020,0.084013,0.058893,0.326842
6030,0.022739,0.016251,0.173630
6040,0.028370,0.020990,0.178991
6050,0.097066,0.075579,0.330184
6060,0.091090,0.069447,0.336136
6070,0.033633,0.024642,0.193567
6080,0.079722,0.062110,0.292617
6090,0.055631,0.042250,0.234292
6100,0.043662,0.033205,0.213409
6110,0.043249,0.032311,0.208940
6120,0.023042,0.016785,0.305516
6130,0.075138,0.055886,0.274221
6140,0.067604,0.051918,0.258147
6150,0.046901,0.035064,0.208791
6160,0.021817,0.016067,0.160762
6170,0.059636,0.045556,0.230964
6180,0.025766,0.018190,0.190500
6190,0.046018,0.035475,0.185933
6200,0.038110,0.028531,0.216365
6210,0.065957,0.047872,0.238918
6220,0.053754,0.040890,0.218591
6230,0.050442,0.038804,0.209882
6240,0.017126,0.012776,0.151659
6250,0.036776,0.028187,0.226954
6260,0.012958,0.009491,0.166051
6270,0.044820,0.032490,0.246913
6280,0.025439,0.018367,0.175117
6290,0.053729,0.041052,0.237556
6300,0.034228,0.025678,0.172393
6310,0.057458,0.043683,0.237680
6320,0.037306,0.027401,0.185388
6330,0.058315,0.044228,0.273023
6340,0.083659,0.064993,0.302334
6350,0.044178,0.032536,0.207367
6360,0.032454,0.024989,0.199228
6370,0.066533,0.053943,0.300163
6380,0.028565,0.021513,0.194102
6390,0.077820,0.058988,0.265129
6400,0.031583,0.023738,0.148175
6410,0.020108,0.014552,0.107253
6420,0.041540,0.030405,0.216395
6430,0.036161,0.027447,0.204396
6440,0.015904,0.011333,0.145972
6450,0.028032,0.020596,0.172123
6460,0.072357,0.054970,0.270994
6470,0.038453,0.028555,0.228631
6480,0.019687,0.013715,0.154084
6490,0.079506,0.058847,0.289353
6500,0.021808,0.015697,0.134890
6510,0.010154,0.006754,0.199710
6520,0.027981,0.020907,0.166941
6530,0.025851,0.019720,0.170337
6540,0.019766,0.014864,0.136501
6550,0.023755,0.017235,0.161808
6560,0.026016,0.018993,0.173723
6570,0.034483,0.026177,0.187552
6580,0.043773,0.033377,0.212365
6590,0.003448,0.002778,0.213352
6600,0.082470,0.066552,0.289560
6610,0.035293,0.026609,0.195872
6620,0.018904,0.014459,0.168795
6630,0.053361,0.040000,0.231022
6640,0.012707,0.009744,0.155546
6650,0.028722,0.021696,0.214949
6660,0.038086,0.028257,0.198620
6670,0.051309,0.039029,0.216192
6680,0.046758,0.034142,0.218150
6690,0.000593,0.000509,0.151079
6700,0.051044,0.038370,0.226043
6710,0.029658,0.021840,0.170375
6720,0.042588,0.032684,0.226989
6730,0.033975,0.025882,0.202462
6740,0.025940,0.018673,0.170306
6750,0.051481,0.038592,0.230367
6760,0.037349,0.028538,0.199867
6770,0.046695,0.036262,0.220670
6780,0.003447,0.002557,0.104961
6790,0.013963,0.009371,0.161048
6800,0.023418,0.016578,0.140592
6810,0.042399,0.030806,0.261134
6820,0.067737,0.052247,0.259387
6830,0.062998,0.047643,0.256399
6840,0.023876,0.017326,0.177136
6850,0.027297,0.020097,0.166831
6860,0.079140,0.060216,0.294653
6870,0.054376,0.040435,0.234117
6880,0.041913,0.028569,0.174911
6890,0.074337,0.056474,0.280209
6900,0.042849,0.032538,0.202057
6910,0.056964,0.044831,0.238021
6920,0.016426,0.012389,0.244450
6930,0.047184,0.036544,0.207853
6940,0.054778,0.040631,0.239729
6950,0.050358,0.038083,0.227822
6960,0.047060,0.035427,0.232082
6970,0.048051,0.035904,0.210809
6980,0.056562,0.043680,0.238426
6990,0.017619,0.013479,0.155013
7000,0.030602,0.022763,0.181747
7010,0.015429,0.011603,0.098968
7020,0.001375,0.001095,0.104846
7030,0.024472,0.017862,0.157775
7040,0.039143,0.029013,0.197796
7050,0.003415,0.001787,0.034203
7060,0.032334,0.024031,0.226836
7070,0.001735,0.001261,0.129314
7080,0.038650,0.028798,0.203521
7090,0.017267,0.011823,0.125186
7100,0.049732,0.036881,0.208291
7110,0.047873,0.035918,0.223416
7120,0.107627,0.082111,0.352382
7130,0.056956,0.042823,0.239063
7140,0.058521,0.045363,0.228403
7150,0.015753,0.010722,0.221188
7160,0.035858,0.027533,0.194606
7170,0.047452,0.035697,0.209566
7180,0.063018,0.047038,0.255978
7190,0.030407,0.022790,0.166416
7200,0.064499,0.048221,0.266562
7210,0.033102,0.024978,0.180672
7220,0.051076,0.038836,0.218744
7230,0.097818,0.075822,0.335209
7240,0.023274,0.016940,0.166627
7250,0.068872,0.053055,0.276025
7260,0.022352,0.016971,0.160868
7270,0.035872,0.026991,0.207352
7280,0.048126,0.036096,0.216044
7290,0.050767,0.038439,0.208202
7300,0.053316,0.041091,0.219620
7310,0.012026,0.008903,0.125245
7320,0.083761,0.063695,0.297398
7330,0.014047,0.010231,0.217688
7340,0.065413,0.050375,0.266148
7350,0.028017,0.021439,0.167047
7360,0.008067,0.006678,0.436081
7370,0.018720,0.013857,0.163672
7380,0.043353,0.034536,0.208947
7390,0.054630,0.040473,0.205579
7400,0.050702,0.039230,0.220331
7410,0.040903,0.030096,0.211137
7420,0.042419,0.031684,0.202236
7430,0.013063,0.009969,0.273147
7440,0.035289,0.026574,0.188665
7450,0.031871,0.024433,0.197838
7460,0.062935,0.048567,0.264600
7470,0.037461,0.027784,0.142494
7480,0.015776,0.011313,0.127470
7490,0.031115,0.022676,0.189873
7500,0.015030,0.010783,0.144228
7510,0.010766,0.007608,0.073050
7520,0.040589,0.029406,0.188698
7530,0.025792,0.019166,0.183933
7540,0.052341,0.034440,0.364042
7550,0.024433,0.017345,0.184151
7560,0.054118,0.040254,0.239807
7570,0.030015,0.022341,0.185131
7580,0.051914,0.038209,0.249805
7590,0.013996,0.010326,0.139655
7600,0.042214,0.029919,0.191301
7610,0.018553,0.013417,0.146151
7620,0.036732,0.027433,0.195919
7630,0.054149,0.039916,0.225023
7640,0.033176,0.024927,0.179278
7650,0.077279,0.060723,0.260971
7660,0.024990,0.018599,0.126177
7670,0.026656,0.019616,0.170678
7680,0.016934,0.012641,0.140183
7690,0.021031,0.014887,0.167070
7700,0.032086,0.024084,0.184850
7710,0.071815,0.055645,0.267074
7720,0.017126,0.012924,0.154785
7730,0.038512,0.028521,0.189004
7740,0.050006,0.036623,0.217718
7750,0.019706,0.014239,0.167796
7760,0.014913,0.010559,0.120148
7770,0.052070,0.039370,0.223976
7780,0.041500,0.030993,0.209913
7790,0.087326,0.067871,0.299004
7800,0.017701,0.012357,0.089433
7810,0.016518,0.012819,0.209197
7820,0.040494,0.030733,0.176390
7830,0.017065,0.012778,0.141217
7840,0.025836,0.019909,0.136266
7850,0.021701,0.016136,0.157067
7860,0.043811,0.035420,0.188827
7870,0.025595,0.018348,0.133797
7880,0.026793,0.021191,0.169283
7890,0.042550,0.031725,0.216264
7900,0.027319,0.020337,0.171392
7910,0.016468,0.012282,0.124623
7920,0.005537,0.003969,0.186669
7930,0.036660,0.027408,0.178029
7940,0.036271,0.026532,0.198160
7950,0.036927,0.027695,0.205793
7960,0.029124,0.022027,0.179625
7970,0.045475,0.034168,0.208563
7980,0.024327,0.018431,0.151012
7990,0.000350,0.000282,0.184926
8000,0.062164,0.046662,0.252289
8010,0.037208,0.029088,0.186030
8020,0.018632,0.013557,0.137249
8030,0.035711,0.025629,0.138608
8040,0.059772,0.045183,0.243582
8050,0.009084,0.006652,0.162578
8060,0.087404,0.066994,0.312581
8070,0.029852,0.022213,0.139999
8080,0.003232,0.002384,0.123570
8090,0.036155,0.026707,0.206949
8100,0.044767,0.033462,0.216472
8110,0.040923,0.031291,0.173868
8120,0.049063,0.037359,0.250404
8130,0.036344,0.028053,0.172516
8140,0.027730,0.020636,0.161866
8150,0.057266,0.043422,0.236532
8160,0.009063,0.006538,0.123136
8170,0.061984,0.046929,0.248939
8180,0.064951,0.048326,0.252945
8190,0.021948,0.016739,0.175322
8200,0.022092,0.016382,0.182998
8210,0.038498,0.029147,0.185696
8220,0.023914,0.017413,0.159727
8230,0.050384,0.038363,0.219903
8240,0.025903,0.019150,0.155992
8250,0.051483,0.038321,0.228161
8260,0.038571,0.028158,0.173256
8270,0.002414,0.001606,0.106152
8280,0.022176,0.016272,0.146950
8290,0.053427,0.041199,0.229372
8300,0.023904,0.017833,0.157621
8310,0.041128,0.031012,0.182417
8320,0.047025,0.036769,0.205908
8330,0.056409,0.042440,0.219890
8340,0.019553,0.014413,0.150083
8350,0.023372,0.017536,0.152002
8360,0.033359,0.023583,0.213664
8370,0.012311,0.009066,0.107315
8380,0.062328,0.046444,0.249722
8390,0.016580,0.012335,0.123001
8400,0.017062,0.012573,0.097420
8410,0.027552,0.020131,0.196015
8420,0.032057,0.023724,0.175434
8430,0.057376,0.043436,0.229816
8440,0.022869,0.017412,0.168787
8450,0.056511,0.043672,0.241752
8460,0.001805,0.001207,0.271830
8470,0.027145,0.019804,0.186676
8480,0.064286,0.048826,0.248632
8490,0.020748,0.015648,0.151396
8500,0.026278,0.018499,0.162909
8510,0.082829,0.062217,0.293493
8520,0.006388,0.004519,0.051641
8530,0.015982,0.011938,0.156003
8540,0.049778,0.035836,0.242235
8550,0.010838,0.008296,0.162302
8560,0.047994,0.035802,0.213933
8570,0.040526,0.030913,0.192754
8580,0.053035,0.039563,0.236710
8590,0.042245,0.031360,0.217702
8600,0.032424,0.025687,0.149903
8610,0.010724,0.008843,0.285618
8620,0.057677,0.044120,0.230733
8630,0.053636,0.041550,0.213728
8640,0.008404,0.006066,0.162845
8650,0.034715,0.025420,0.201129
8660,0.051645,0.037766,0.229778
8670,0.047866,0.035232,0.255011
8680,0.063122,0.047347,0.242965
8690,0.052952,0.040788,0.228292
8700,0.068232,0.050284,0.264986
8710,0.032302,0.024023,0.176723
8720,0.046053,0.034682,0.205111
8730,0.023852,0.017306,0.176531
8740,0.021120,0.015187,0.162793
8750,0.037515,0.027318,0.188833
8760,0.056659,0.041957,0.230828
8770,0.035070,0.026719,0.191533
8780,0.034936,0.026631,0.152671
8790,0.056350,0.043263,0.239475
8800,0.056408,0.042113,0.226239
8810,0.019947,0.014854,0.162927
8820,0.056566,0.042398,0.231958
8830,0.049016,0.037075,0.208816
8840,0.059999,0.044894,0.237257
8850,0.003075,0.002262,0.150812
8860,0.046797,0.034013,0.185730
8870,0.056224,0.041524,0.265116
8880,0.024792,0.018538,0.167476
8890,0.038248,0.029214,0.160462
8900,0.006242,0.004340,0.130724
8910,0.047447,0.036088,0.224864
8920,0.038489,0.030532,0.214621
8930,0.057818,0.044592,0.242537
8940,0.068551,0.051307,0.268911
8950,0.023888,0.017127,0.156001
8960,0.030271,0.022605,0.190208
8970,0.029246,0.021775,0.191031
8980,0.052041,0.034364,0.285758
8990,0.019347,0.014216,0.134881
9000,0.033960,0.024767,0.188513
9010,0.039162,0.030077,0.241741
9020,0.023443,0.017551,0.144326
9030,0.051895,0.039192,0.201911
9040,0.001898,0.001449,0.078494
9050,0.018115,0.013007,0.140814
9060,0.012217,0.008926,0.069364
9070,0.045761,0.035026,0.208138
9080,0.009832,0.007383,0.133021
9090,0.042767,0.032047,0.205870
9100,0.050522,0.038890,0.221013
9110,0.017255,0.012855,0.131413
9120,0.054984,0.043294,0.248596
9130,0.060986,0.047908,0.257744
9140,0.056322,0.042603,0.249254
9150,0.013593,0.009491,0.190108
9160,0.008244,0.006185,0.165105
9170,0.005046,0.003666,0.031410
9180,0.013719,0.010588,0.130728
9190,0.031509,0.023331,0.175601
9200,0.040803,0.030587,0.197608
9210,0.020257,0.015897,0.192199
9220,0.002545,0.001865,0.210969
9230,0.030032,0.021855,0.205049
9240,0.059413,0.045151,0.234668
9250,0.022427,0.017214,0.164976
9260,0.022245,0.016615,0.113180
9270,0.047394,0.035553,0.213747
9280,0.017651,0.013492,0.168333
9290,0.007707,0.005284,0.135486
9300,0.037777,0.028651,0.207865
9310,0.027324,0.020513,0.116800
9320,0.018003,0.013370,0.197189
9330,0.026457,0.019764,0.168091
9340,0.019696,0.014185,0.153911
9350,0.031151,0.023843,0.180349
9360,0.016031,0.011384,0.098567
9370,0.028933,0.022355,0.171644
9380,0.065684,0.048120,0.256341
9390,0.026054,0.019205,0.177045
9400,0.057461,0.041558,0.239168
9410,0.038298,0.028590,0.186522
9420,0.030387,0.022928,0.177746
9430,0.030643,0.022974,0.165694
9440,0.033265,0.025556,0.169324
9450,0.042172,0.031503,0.179697
9460,0.031883,0.023713,0.157249
9470,0.018496,0.013805,0.164485
9480,0.051203,0.039583,0.220475
9490,0.048023,0.036509,0.204113
9500,0.027699,0.020893,0.170057
9510,0.031047,0.023380,0.181335
9520,0.008442,0.007520,0.166191
9530,0.012606,0.009645,0.282728
9540,0.005624,0.004369,0.374099
9550,0.045821,0.034850,0.197066
9560,0.057851,0.044276,0.237874
9570,0.049565,0.038892,0.262634
9580,0.067976,0.052420,0.257111
9590,0.021832,0.015088,0.310447
9600,0.042020,0.031420,0.192303
9610,0.015787,0.011212,0.143337
9620,0.030639,0.022470,0.197447
9630,0.027951,0.021000,0.137571
9640,0.022572,0.016605,0.182073
9650,0.035444,0.026356,0.186484
9660,0.026356,0.019472,0.114973
9670,0.025653,0.018941,0.177983
9680,0.002337,0.001511,0.251945
9690,0.035731,0.027227,0.217166
9700,0.063302,0.047258,0.244332
9710,0.032937,0.025666,0.186393
9720,0.037108,0.027913,0.182982
9730,0.030693,0.022333,0.175557
9740,0.045080,0.034401,0.240988
9750,0.039752,0.029576,0.179503
9760,0.034184,0.025555,0.148047
9770,0.027138,0.020022,0.151849
9780,0.039977,0.030445,0.187674
9790,0.011365,0.009085,0.160803
9800,0.067725,0.052840,0.260172
9810,0.060291,0.045772,0.229843
9820,0.060179,0.045152,0.239581
9830,0.063887,0.048814,0.264674
9840,0.046259,0.032067,0.219555
9850,0.056189,0.045009,0.241324
9860,0.033674,0.025056,0.175378
9870,0.033697,0.024960,0.160681
9880,0.056968,0.043197,0.225424
9890,0.042797,0.031986,0.206659
9900,0.059270,0.044518,0.235045
9910,0.028839,0.021797,0.174617
9920,0.038022,0.028226,0.211403
9930,0.058475,0.043819,0.245581
9940,0.035776,0.026711,0.173819
9950,0.048606,0.036631,0.205005
9960,0.002491,0.001825,0.127557
9970,0.016533,0.012229,0.192651
9980,0.016300,0.011942,0.143095
9990,0.035806,0.026781,0.175977
10000,0.024444,0.018002,0.165187
10010,0.050190,0.037591,0.216744
10020,0.018032,0.011932,0.271394
10030,0.023576,0.017582,0.176469
10040,0.033903,0.025706,0.145504
10050,0.054626,0.041524,0.240307
10060,0.035464,0.026550,0.187358
10070,0.051502,0.039267,0.228138
10080,0.025786,0.018715,0.169811
10090,0.031632,0.023217,0.184414
10100,0.031320,0.024979,0.172405
10110,0.074203,0.058624,0.276067
10120,0.026545,0.019765,0.187158
10130,0.017478,0.012302,0.141521
10140,0.029682,0.022501,0.151489
10150,0.022804,0.017066,0.159756
10160,0.028167,0.020602,0.167781
10170,0.048355,0.036688,0.184551
10180,0.040974,0.031151,0.188769
10190,0.045034,0.027318,0.244071
10200,0.033517,0.024806,0.189455
10210,0.032111,0.022989,0.167974
10220,0.007415,0.005541,0.148743
10230,0.039529,0.028406,0.258940
10240,0.033585,0.025372,0.175605
10250,0.015294,0.011152,0.139522
10260,0.055755,0.042225,0.239845
10270,0.033933,0.025259,0.182996
10280,0.049153,0.035986,0.203647
10290,0.058242,0.042889,0.241335
10300,0.053587,0.040653,0.221226
10310,0.029462,0.021598,0.162230
10320,0.027266,0.020518,0.177034
10330,0.071358,0.054488,0.287948
10340,0.030101,0.022593,0.171634
10350,0.004693,0.003453,0.138033
10360,0.023708,0.019755,0.416279
10370,0.018279,0.013365,0.154357
10380,0.021785,0.015975,0.167762
10390,0.072664,0.054901,0.262421
10400,0.026005,0.019891,0.164752
10410,0.049448,0.037243,0.211119
10420,0.025609,0.019344,0.156453
10430,0.033444,0.024948,0.189659
10440,0.078696,0.061598,0.282669
10450,0.026739,0.020113,0.194638
10460,0.057041,0.043084,0.232495
10470,0.035644,0.027157,0.150175
10480,0.040818,0.032063,0.207378
10490,0.006480,0.004286,0.118779
10500,0.038923,0.029596,0.156786
10510,0.037440,0.028010,0.174538
10520,0.071061,0.054619,0.261196
10530,0.050099,0.037043,0.228759
10540,0.037280,0.027771,0.189039
10550,0.056827,0.042144,0.231827
10560,0.058996,0.043073,0.252116
10570,0.042807,0.032359,0.197096
10580,0.038362,0.028397,0.224575
10590,0.029525,0.021931,0.172701
10600,0.035228,0.024926,0.195991
10610,0.039001,0.028765,0.206065
10620,0.013672,0.009846,0.158907
10630,0.055552,0.042965,0.233716
10640,0.019367,0.014441,0.146472
10650,0.029811,0.022362,0.171139
10660,0.057620,0.044206,0.235417
10670,0.041406,0.030818,0.197681
10680,0.039253,0.029229,0.187984
10690,0.009489,0.006887,0.145199
10700,0.052223,0.039483,0.231627
10710,0.051145,0.038714,0.218340
10720,0.060002,0.044949,0.262022
10730,0.020884,0.015288,0.132814
10740,0.047995,0.036869,0.221676
10750,0.066752,0.052172,0.253896
10760,0.054991,0.041777,0.233651
10770,0.029704,0.022945,0.159995
10780,0.053472,0.040900,0.206374
10790,0.047756,0.035903,0.223964
10800,0.029957,0.021940,0.178718
10810,0.017705,0.012995,0.163789
10820,0.040431,0.030215,0.202274
10830,0.022072,0.016395,0.114072
10840,0.040842,0.031372,0.183913
10850,0.027839,0.021172,0.149275
10860,0.014698,0.010084,0.247978
10870,0.054979,0.040188,0.249041
10880,0.010291,0.007813,0.124244
10890,0.058089,0.044025,0.239299
10900,0.028457,0.021215,0.168533
10910,0.070074,0.055729,0.236967
10920,0.053701,0.040403,0.219977
10930,0.041667,0.030133,0.213190
10940,0.046196,0.034673,0.200087
10950,0.037927,0.028898,0.201920
10960,0.060759,0.045199,0.233463
10970,0.027022,0.020481,0.156632
10980,0.034004,0.025843,0.178943
10990,0.054158,0.040514,0.229415
11000,0.046338,0.033676,0.196165
11010,0.019987,0.015042,0.156748
11020,0.040181,0.029281,0.203253
11030,0.026150,0.018990,0.157696
11040,0.029534,0.022446,0.137096
11050,0.040977,0.030186,0.197188
11060,0.040281,0.030273,0.185452
11070,0.000072,0.000058,0.000228
11080,0.008142,0.006351,0.159192
11090,0.016922,0.013434,0.148293
11100,0.052733,0.039815,0.208713
11110,0.030340,0.023342,0.179819
11120,0.038293,0.028594,0.184613
11130,0.051932,0.038748,0.198773
11140,0.019439,0.014509,0.121388
11150,0.057043,0.044181,0.297194
11160,0.040618,0.031828,0.170764
11170,0.045177,0.034471,0.182771
11180,0.078545,0.059451,0.283442
11190,0.033042,0.023806,0.174425
11200,0.006960,0.005229,0.126842
11210,0.016803,0.012942,0.156309
11220,0.028442,0.020380,0.182065
11230,0.024412,0.018785,0.151422
11240,0.023429,0.016640,0.165737
11250,0.040900,0.029440,0.209620
11260,0.016739,0.012187,0.155221
11270,0.037841,0.028660,0.189689
11280,0.037487,0.027527,0.180140
11290,0.036123,0.027945,0.142534
11300,0.033554,0.025427,0.183167
11310,0.013441,0.009808,0.216867
11320,0.015372,0.012121,0.105778
11330,0.014099,0.009900,0.125033
11340,0.052107,0.039766,0.226526
11350,0.035768,0.026934,0.191505
11360,0.028468,0.021609,0.183005
11370,0.038880,0.029445,0.192806
11380,0.044087,0.033343,0.205952
11390,0.043918,0.033911,0.201793
11400,0.033803,0.024310,0.164792
11410,0.007301,0.006185,0.118387
11420,0.019753,0.015582,0.133685
11430,0.018811,0.013626,0.146510
11440,0.006555,0.004925,0.274369
11450,0.056306,0.041593,0.246646
11460,0.027839,0.021713,0.164663
11470,0.035974,0.027410,0.181299
11480,0.035630,0.026796,0.159510
11490,0.037509,0.029018,0.181535
11500,0.021086,0.015767,0.133338
11510,0.025532,0.019290,0.147300
11520,0.007591,0.005957,0.178524
11530,0.028020,0.021031,0.170441
11540,0.022228,0.016257,0.174552
11550,0.023074,0.016991,0.181712
11560,0.028172,0.020721,0.140065
11570,0.025122,0.017716,0.160528
11580,0.062467,0.046468,0.251263
11590,0.072303,0.054427,0.271022
11600,0.033919,0.025331,0.161416
11610,0.059395,0.046235,0.252443
11620,0.032217,0.023901,0.188218
11630,0.037033,0.027870,0.174226
11640,0.037481,0.028378,0.185542
11650,0.006162,0.004723,0.131738
11660,0.023757,0.017457,0.150194
11670,0.042125,0.031841,0.187776
11680,0.068338,0.052843,0.269048
11690,0.018197,0.013431,0.136220
11700,0.021398,0.015515,0.177267
11710,0.051286,0.040002,0.198412
11720,0.025238,0.018425,0.132114
11730,0.092043,0.069040,0.299651
11740,0.083927,0.064123,0.301060
11750,0.041704,0.032506,0.208115
11760,0.032569,0.024729,0.189408
11770,0.065126,0.050365,0.249848
11780,0.013815,0.010492,0.123655
11790,0.041026,0.032177,0.192362
11800,0.052040,0.039954,0.223200
11810,0.015858,0.010219,0.189247
11820,0.050438,0.038298,0.210138
11830,0.044095,0.032140,0.207728
11840,0.023812,0.017463,0.155409
11850,0.038934,0.029686,0.190641
11860,0.056151,0.044114,0.250256
11870,0.068217,0.052838,0.254504
11880,0.028059,0.020824,0.164161
11890,0.031044,0.023508,0.164600
11900,0.016013,0.011635,0.114594
11910,0.028097,0.020990,0.173724
11920,0.039650,0.029947,0.171569
11930,0.014311,0.010281,0.130156
11940,0.020104,0.014222,0.153550
11950,0.020008,0.014536,0.134961
11960,0.016551,0.012085,0.157316
11970,0.013645,0.009975,0.149344
11980,0.024075,0.017757,0.157341
11990,0.015525,0.012774,0.172857
12000,0.026852,0.020179,0.160173
12010,0.033747,0.025857,0.164199
12020,0.009295,0.006597,0.073154
12030,0.042271,0.033481,0.205693
12040,0.035253,0.026284,0.186608
12050,0.038215,0.028084,0.191710
12060,0.031925,0.023181,0.180467
12070,0.008815,0.006832,0.165884
12080,0.033248,0.025934,0.185177
12090,0.028984,0.021268,0.185271
12100,0.032825,0.023984,0.200148
12110,0.031180,0.023432,0.176471
12120,0.024781,0.017817,0.209316
12130,0.007284,0.006357,0.138703
12140,0.021773,0.015696,0.118922
12150,0.027792,0.020900,0.157488
12160,0.043423,0.032869,0.202152
12170,0.023483,0.017011,0.165425
12180,0.034947,0.027359,0.174122
12190,0.037858,0.028934,0.184770
12200,0.041403,0.030813,0.181216
12210,0.053431,0.040546,0.227615
12220,0.036385,0.027035,0.182957
12230,0.030324,0.022143,0.161081
12240,0.028345,0.021148,0.145413
12250,0.019750,0.014261,0.113196
12260,0.036402,0.026547,0.179106
12270,0.035668,0.026434,0.177963
12280,0.041099,0.030616,0.175027
12290,0.042940,0.032347,0.198424
12300,0.040719,0.029428,0.167735
12310,0.047799,0.036644,0.195364
12320,0.045398,0.033080,0.185716
12330,0.019552,0.014081,0.147927
12340,0.062619,0.047194,0.256526
12350,0.014496,0.011083,0.132838
12360,0.030749,0.022791,0.160451
12370,0.031916,0.021851,0.187795
12380,0.038335,0.028583,0.192272
12390,0.019436,0.014400,0.146661
12400,0.041578,0.029842,0.201086
12410,0.038899,0.028608,0.231220
12420,0.027537,0.020889,0.143533
12430,0.043720,0.033092,0.183252
12440,0.034123,0.025221,0.167609
12450,0.045185,0.034364,0.197629
12460,0.012248,0.008616,0.114563
12470,0.027401,0.020301,0.134766
12480,0.034198,0.025422,0.180762
12490,0.030870,0.023456,0.172045
12500,0.019197,0.014336,0.095824
12510,0.018266,0.013326,0.155923
12520,0.031254,0.023711,0.171833
12530,0.060068,0.045685,0.230426
12540,0.007816,0.005316,0.211111
12550,0.049298,0.036831,0.210633
12560,0.013584,0.009649,0.126226
12570,0.029494,0.021203,0.180924
12580,0.065778,0.049469,0.264522
12590,0.031886,0.023938,0.168507
12600,0.055241,0.041961,0.222020
12610,0.053288,0.039951,0.237182
12620,0.028737,0.021742,0.165233
12630,0.027626,0.020111,0.138744
12640,0.033242,0.025863,0.180089
12650,0.031675,0.023652,0.173381
12660,0.017726,0.013639,0.088543
12670,0.013192,0.009416,0.145106
12680,0.026537,0.020112,0.161524
12690,0.021096,0.015111,0.168899
12700,0.019402,0.014030,0.133130
12710,0.039055,0.029479,0.160996
12720,0.028481,0.020763,0.174512
12730,0.029629,0.022120,0.167159
12740,0.033212,0.025349,0.144282
12750,0.048774,0.037313,0.199427
12760,0.047493,0.035691,0.176650
12770,0.040302,0.029982,0.175320
12780,0.060829,0.045631,0.248889
12790,0.067747,0.051635,0.251959
12800,0.021416,0.016131,0.147916
12810,0.052303,0.039857,0.207269
12820,0.035554,0.026848,0.140806
12830,0.039154,0.028450,0.199363
12840,0.021209,0.015995,0.155010
12850,0.026880,0.020067,0.162665
12860,0.020115,0.015202,0.152112
12870,0.056219,0.042332,0.226191
12880,0.060026,0.044714,0.243179
12890,0.040297,0.031148,0.168176
12900,0.046619,0.035335,0.201894
12910,0.009256,0.006775,0.112149
12920,0.029261,0.021861,0.182852
12930,0.000588,0.000575,0.126114
12940,0.052614,0.039033,0.212573
12950,0.031899,0.024364,0.170574
12960,0.035786,0.026883,0.186183
12970,0.013321,0.010376,0.124658
12980,0.031435,0.023433,0.149012
12990,0.027299,0.020334,0.108685
13000,0.070915,0.052700,0.262810
13010,0.034201,0.025946,0.196305
13020,0.052958,0.039977,0.227141
13030,0.011769,0.008611,0.072165
13040,0.063595,0.048068,0.237242
13050,0.021354,0.015995,0.141301
13060,0.062077,0.046060,0.236736
13070,0.031672,0.023251,0.171772
13080,0.003370,0.002500,0.115880
13090,0.043457,0.032506,0.200930
13100,0.037892,0.028004,0.168180
13110,0.029299,0.021929,0.163255
13120,0.000266,0.000153,0.137555
13130,0.046131,0.034588,0.202758
13140,0.034191,0.025102,0.185815
13150,0.039774,0.030597,0.204560
13160,0.023647,0.016920,0.174725
13170,0.052996,0.040011,0.224871
13180,0.026150,0.019597,0.164879
13190,0.055509,0.041612,0.229896
13200,0.011220,0.008232,0.114254
13210,0.019061,0.012758,0.470475
13220,0.013545,0.009972,0.110859
13230,0.029874,0.021863,0.162357
13240,0.059708,0.045769,0.246659
13250,0.034806,0.025718,0.202691
13260,0.022435,0.016647,0.162967
13270,0.061344,0.046926,0.234964
13280,0.038081,0.028580,0.184213
13290,0.042154,0.031733,0.198921
13300,0.023749,0.017134,0.166708
13310,0.029459,0.021922,0.160331
13320,0.021670,0.016031,0.109633
13330,0.026226,0.018925,0.180702
13340,0.065528,0.048727,0.243004
13350,0.045504,0.034254,0.187904
13360,0.019282,0.014428,0.136328
13370,0.035457,0.026753,0.182703
13380,0.018524,0.013450,0.141091
13390,0.047343,0.035676,0.201172
13400,0.031111,0.023477,0.181560
13410,0.016844,0.012752,0.137892
13420,0.033451,0.024913,0.167300
13430,0.041637,0.032250,0.212829
13440,0.053595,0.040481,0.227033
13450,0.025029,0.018856,0.157661
13460,0.031398,0.023809,0.176380
13470,0.042503,0.032687,0.205171
13480,0.021275,0.015426,0.156422
13490,0.038888,0.029351,0.181601
13500,0.032082,0.024427,0.175917
13510,0.008773,0.006101,0.171834
13520,0.055672,0.042821,0.229453
13530,0.040226,0.030327,0.176253
13540,0.012916,0.009295,0.113227
13550,0.049786,0.037232,0.210091
13560,0.021907,0.015795,0.246826
13570,0.045386,0.034093,0.189591
13580,0.034830,0.026623,0.178564
13590,0.025495,0.018966,0.144408
13600,0.058989,0.044763,0.240804
13610,0.030139,0.023520,0.169053
13620,0.031233,0.022814,0.159969
13630,0.056641,0.043017,0.226809
13640,0.050371,0.039100,0.210618
13650,0.037048,0.027855,0.198659
13660,0.039097,0.029595,0.182324
13670,0.025882,0.019098,0.172975
13680,0.029263,0.021642,0.135230
13690,0.024368,0.017756,0.156496
13700,0.007304,0.005409,0.107824
13710,0.039471,0.029537,0.192046
13720,0.022490,0.016303,0.118685
13730,0.019248,0.014702,0.093988
13740,0.019383,0.014435,0.104411
13750,0.047373,0.035752,0.199614
13760,0.019466,0.014151,0.151966
13770,0.032376,0.024611,0.154940
13780,0.030070,0.023198,0.162365
13790,0.004094,0.003487,0.229552
13800,0.016529,0.012299,0.113142
13810,0.014612,0.011422,0.119639
13820,0.013891,0.010010,0.128462
13830,0.018411,0.013773,0.129068
13840,0.008366,0.006255,0.105351
13850,0.056491,0.042625,0.233212
13860,0.037696,0.028436,0.179857
13870,0.040764,0.030354,0.217278
13880,0.028355,0.021533,0.164323
13890,0.040398,0.029606,0.192025
13900,0.020206,0.014821,0.181116
13910,0.027523,0.021018,0.166287
13920,0.056657,0.043025,0.214699
13930,0.036220,0.026975,0.202153
13940,0.040958,0.030586,0.210692
13950,0.025914,0.019433,0.180405
13960,0.043331,0.032986,0.195057
13970,0.025696,0.019140,0.147059
13980,0.029144,0.021710,0.147016
13990,0.009164,0.006641,0.053948
14000,0.042789,0.033100,0.204234
14010,0.023459,0.017458,0.160065
14020,0.035215,0.025981,0.180509
14030,0.068144,0.051570,0.255563
14040,0.064763,0.048191,0.237087
14050,0.024653,0.018554,0.144221
14060,0.060936,0.045281,0.238791
14070,0.066430,0.050583,0.250167
14080,0.067748,0.051179,0.260803
14090,0.052086,0.039584,0.222484
14100,0.039241,0.030358,0.180447
14110,0.023562,0.016728,0.101080
14120,0.042821,0.032022,0.199509
14130,0.028119,0.021419,0.159224
14140,0.031532,0.023639,0.165520
14150,0.010636,0.007286,0.164324
14160,0.012524,0.009387,0.123444
14170,0.040571,0.030253,0.186661
14180,0.034491,0.026157,0.174936
14190,0.019833,0.014861,0.159237
14200,0.031991,0.024990,0.157199
14210,0.039152,0.027532,0.225165
14220,0.012761,0.010675,0.188990
14230,0.010530,0.007800,0.129615
14240,0.041056,0.031065,0.192975
14250,0.035032,0.024779,0.193983
14260,0.040747,0.031620,0.206962
14270,0.073548,0.054404,0.271962
14280,0.063290,0.048717,0.230968
14290,0.004090,0.002907,0.139186
14300,0.018823,0.014575,0.158178
14310,0.008305,0.005815,0.132083
14320,0.039539,0.030288,0.195544
14330,0.039057,0.029430,0.198886
14340,0.065255,0.049699,0.251841
14350,0.025556,0.020094,0.123667
14360,0.021777,0.016370,0.137982
14370,0.023426,0.017445,0.169802
14380,0.024865,0.019063,0.119654
14390,0.029818,0.022241,0.136632
14400,0.022198,0.016056,0.154850
14410,0.046625,0.035263,0.209368
14420,0.026174,0.019905,0.159805
14430,0.056540,0.042328,0.237048
14440,0.030847,0.022868,0.192545
14450,0.040868,0.030256,0.189216
14460,0.032686,0.023549,0.181292
14470,0.030771,0.023212,0.163866
14480,0.050573,0.038382,0.208142
14490,0.054879,0.043618,0.199949
14500,0.012271,0.009111,0.111854
14510,0.065400,0.049849,0.237553
14520,0.032287,0.023303,0.187619
14530,0.039993,0.030327,0.181092
14540,0.034274,0.024966,0.192846
14550,0.053841,0.040593,0.226690
14560,0.015112,0.012068,0.153928
14570,0.028733,0.021693,0.158815
14580,0.047605,0.039823,0.227961
14590,0.029273,0.021411,0.172469
14600,0.017109,0.012776,0.141326
14610,0.016923,0.013659,0.148997
14620,0.032838,0.022464,0.232538
14630,0.003651,0.002769,0.643145
14640,0.022286,0.016455,0.116004
14650,0.011525,0.008519,0.106243
14660,0.018539,0.014267,0.128191
14670,0.033698,0.025154,0.170554
14680,0.053733,0.040903,0.210665
14690,0.013969,0.010300,0.113915
14700,0.036347,0.027615,0.173128
14710,0.042262,0.032072,0.190005
14720,0.008232,0.006368,0.203325
14730,0.045679,0.032986,0.247676
14740,0.005868,0.004395,0.132941
14750,0.010589,0.007987,0.129801
14760,0.041435,0.030416,0.199704
14770,0.057744,0.043792,0.227194
14780,0.030769,0.023017,0.153905
14790,0.044691,0.033720,0.200470
14800,0.048402,0.036999,0.201170
14810,0.042418,0.032246,0.203104
14820,0.015496,0.011314,0.128921
14830,0.027037,0.019422,0.191326
14840,0.061477,0.046743,0.241625
14850,0.017233,0.012705,0.131057
14860,0.043302,0.035973,0.282429
14870,0.042053,0.031949,0.207134
14880,0.018355,0.013574,0.140129
14890,0.044591,0.033482,0.214803
14900,0.042550,0.031728,0.199346
14910,0.012166,0.008908,0.118375
14920,0.023145,0.017335,0.139708
14930,0.039069,0.030362,0.196145
14940,0.031548,0.023435,0.152693
14950,0.042453,0.031269,0.197314
14960,0.056579,0.042991,0.254636
14970,0.065841,0.048544,0.251134
14980,0.022127,0.016534,0.123528
14990,0.035197,0.026510,0.183273
15000,0.019221,0.014981,0.164287
15010,0.001252,0.001149,0.160915
15020,0.067316,0.051278,0.257370
15030,0.038570,0.029160,0.150798
15040,0.015339,0.011437,0.116292
15050,0.030551,0.023031,0.184818
15060,0.012300,0.009216,0.193357
15070,0.048361,0.037339,0.234837
15080,0.002705,0.001867,0.095521
15090,0.029993,0.023617,0.192711
15100,0.005078,0.003374,0.233762
15110,0.013061,0.009150,0.165941
15120,0.043099,0.032399,0.203470
15130,0.047375,0.036432,0.219198
15140,0.042133,0.032202,0.199517
15150,0.032695,0.024070,0.172556
15160,0.021984,0.016569,0.152282
15170,0.050042,0.038437,0.200956
15180,0.044663,0.033868,0.193006
15190,0.032402,0.024727,0.219175
15200,0.019279,0.014295,0.151604
15210,0.060162,0.045747,0.228675
15220,0.036338,0.027379,0.187142
15230,0.010623,0.007859,0.159170
15240,0.044912,0.033768,0.212459
15250,0.053592,0.039785,0.235742
15260,0.031524,0.023836,0.167415
15270,0.004779,0.003572,0.108858
15280,0.010416,0.007541,0.048646
15290,0.037379,0.027760,0.184224
15300,0.027902,0.020382,0.152701
15310,0.046475,0.035801,0.221455
15320,0.045419,0.034515,0.212263
15330,0.024711,0.018466,0.191159
15340,0.026337,0.019804,0.158814
15350,0.016981,0.013178,0.142090
15360,0.049212,0.037431,0.208070
15370,0.029331,0.021607,0.160223
15380,0.025323,0.018237,0.131514
15390,0.019274,0.014051,0.139295
15400,0.026656,0.019700,0.166110
15410,0.025454,0.019178,0.129993
15420,0.021827,0.015639,0.145972
15430,0.038026,0.028926,0.183347
15440,0.032711,0.024698,0.168394
15450,0.017539,0.012643,0.156111
15460,0.029720,0.022394,0.170853
15470,0.025918,0.019685,0.155755
15480,0.028073,0.021036,0.158809
15490,0.029729,0.021571,0.182025
15500,0.005265,0.003664,0.096311
15510,0.037101,0.027909,0.187933
15520,0.044003,0.033157,0.207487
15530,0.003051,0.002406,0.026263
15540,0.017923,0.013121,0.138497
15550,0.006126,0.005099,0.152809
15560,0.051434,0.038471,0.192526
15570,0.024907,0.018830,0.165701
15580,0.017898,0.013678,0.132874
15590,0.027611,0.021094,0.166351
15600,0.051344,0.039081,0.201539
15610,0.055192,0.041901,0.195627
15620,0.041283,0.031213,0.187905
15630,0.050570,0.038974,0.230838
15640,0.050711,0.038819,0.200424
15650,0.047578,0.035850,0.199093
15660,0.017685,0.013570,0.090273
15670,0.043477,0.033830,0.218375
15680,0.023078,0.017149,0.114999
15690,0.021884,0.016033,0.152471
15700,0.044767,0.033894,0.201785
15710,0.017129,0.012607,0.145351
15720,0.014890,0.011142,0.121320
15730,0.052121,0.038849,0.215699
15740,0.031052,0.023680,0.193559
15750,0.031593,0.023905,0.168039
15760,0.000030,0.000011,0.000072
15770,0.039686,0.029715,0.182880
15780,0.028030,0.020778,0.149269
15790,0.053092,0.039867,0.232304
15800,0.039308,0.029863,0.186918
15810,0.043871,0.033304,0.199110
15820,0.027249,0.020553,0.166466
15830,0.035336,0.026659,0.186165
15840,0.057114,0.043884,0.237849
15850,0.050112,0.037707,0.243877
15860,0.070849,0.054149,0.250610
15870,0.024677,0.018717,0.112916
15880,0.043201,0.033376,0.159222
15890,0.021968,0.016628,0.138149
15900,0.024290,0.018530,0.146604
15910,0.037256,0.028065,0.183484
15920,0.052840,0.040376,0.203915
15930,0.020484,0.015295,0.139497
15940,0.020187,0.015001,0.091649
15950,0.062885,0.049063,0.248809
15960,0.035890,0.026943,0.149585
15970,0.009362,0.006850,0.093484
15980,0.040767,0.030694,0.186134
15990,0.026438,0.019245,0.145546
16000,0.012947,0.008867,0.126854
16010,0.071656,0.052236,0.275755
16020,0.057748,0.043546,0.244591
16030,0.020739,0.014915,0.150572
16040,0.031317,0.024669,0.169858
16050,0.051101,0.040014,0.217625
16060,0.022063,0.016375,0.159248
16070,0.049346,0.037654,0.206749
16080,0.023078,0.016717,0.161814
16090,0.061784,0.048130,0.242659
16100,0.026984,0.019113,0.204985
16110,0.021181,0.016027,0.165202
16120,0.053173,0.040311,0.245137
16130,0.030591,0.023604,0.142794
16140,0.030729,0.022575,0.138813
16150,0.023116,0.017496,0.131740
16160,0.011492,0.008088,0.160382
16170,0.033708,0.026196,0.174342
16180,0.024228,0.018627,0.124142
16190,0.068939,0.052625,0.262040
16200,0.033059,0.023992,0.201579
16210,0.018232,0.013474,0.455988
16220,0.069813,0.052662,0.248800
16230,0.024962,0.018253,0.164557
16240,0.046775,0.035355,0.198556
16250,0.018774,0.013846,0.112892
16260,0.031231,0.023061,0.171019
16270,0.024152,0.017838,0.140688
16280,0.032998,0.024731,0.168417
16290,0.032863,0.025116,0.175243
16300,0.028849,0.021241,0.151272
16310,0.041135,0.030807,0.198098
16320,0.019019,0.013906,0.149528
16330,0.076045,0.058360,0.273029
16340,0.036504,0.027250,0.182102
16350,0.039551,0.030932,0.334027
16360,0.051304,0.038850,0.216786
16370,0.017546,0.013911,0.109570
16380,0.003442,0.002595,0.239140
16390,0.036855,0.029127,0.180809
16400,0.074374,0.056546,0.279212
16410,0.060837,0.046204,0.229761
16420,0.039881,0.028749,0.220064
16430,0.002604,0.001765,0.117071
16440,0.041432,0.031368,0.162133
16450,0.021378,0.015565,0.128141
16460,0.043347,0.032984,0.218791
16470,0.039036,0.029514,0.248867
16480,0.010149,0.007546,0.082011
16490,0.005953,0.004418,0.117502
16500,0.029729,0.022204,0.147717
16510,0.031153,0.023246,0.165733
16520,0.036383,0.027326,0.160599
16530,0.020576,0.015023,0.152394
16540,0.046553,0.035166,0.190619
16550,0.009813,0.006998,0.109095
16560,0.033910,0.025024,0.168544
16570,0.035133,0.026731,0.167160
16580,0.031099,0.023728,0.182122
16590,0.028482,0.021866,0.116979
16600,0.033883,0.025510,0.188144
16610,0.071311,0.053439,0.264712
16620,0.014033,0.009652,0.098560
16630,0.038869,0.029412,0.166276
16640,0.019512,0.014839,0.115513
16650,0.041812,0.033259,0.167694
16660,0.014439,0.010453,0.139154
16670,0.012538,0.009060,0.119218
16680,0.025216,0.018872,0.146336
16690,0.069323,0.053280,0.257615
16700,0.014952,0.011175,0.135198
16710,0.054204,0.042273,0.228603
16720,0.018898,0.013592,0.142121
16730,0.054038,0.040467,0.203171
16740,0.024279,0.017815,0.155191
16750,0.038369,0.029001,0.185093
16760,0.025015,0.018424,0.194674
16770,0.001442,0.001157,0.106935
16780,0.028812,0.021477,0.177219
16790,0.021889,0.017607,0.121830
16800,0.021039,0.015668,0.153569
16810,0.047063,0.035147,0.210113
16820,0.039789,0.030055,0.179812
16830,0.031603,0.024157,0.175465
16840,0.059120,0.044713,0.229056
16850,0.055565,0.042176,0.217758
16860,0.019982,0.014961,0.130688
16870,0.021591,0.015841,0.154070
16880,0.022461,0.016943,0.116916
16890,0.028221,0.020665,0.171392
16900,0.016232,0.012059,0.125587
16910,0.055310,0.042162,0.223822
16920,0.038440,0.029598,0.189932
16930,0.017022,0.012390,0.085499
16940,0.041056,0.031080,0.180094
16950,0.019793,0.015067,0.119022
16960,0.029532,0.022758,0.176100
16970,0.060380,0.046228,0.233746
16980,0.050068,0.037595,0.206938
16990,0.052947,0.039360,0.234110
17000,0.037669,0.028665,0.192557
17010,0.012660,0.008893,0.114538
17020,0.010710,0.008021,0.139634
17030,0.049549,0.037534,0.210552
17040,0.018337,0.013636,0.145369
17050,0.040476,0.030184,0.178888
17060,0.000004,0.000002,0.000010
17070,0.023268,0.017030,0.181770
17080,0.019663,0.014196,0.131383
17090,0.057162,0.044037,0.220575
17100,0.028769,0.021017,0.166895
17110,0.032237,0.023517,0.173957
17120,0.025605,0.019091,0.131015
17130,0.082350,0.062883,0.281473
17140,0.038548,0.028770,0.190955
17150,0.025380,0.018939,0.141997
17160,0.038350,0.028823,0.200981
17170,0.033222,0.024825,0.186639
17180,0.032365,0.024596,0.177075
17190,0.032347,0.024608,0.159868
17200,0.013678,0.009572,0.124803
17210,0.011936,0.008721,0.126139
17220,0.050176,0.040395,0.239013
17230,0.041427,0.031324,0.208147
17240,0.033593,0.025014,0.170085
17250,0.028313,0.022110,0.153170
17260,0.066021,0.049942,0.243445
17270,0.054495,0.042248,0.223847
17280,0.013280,0.009916,0.116040
17290,0.027826,0.020741,0.148025
17300,0.018701,0.013460,0.139287
17310,0.020002,0.014894,0.152999
17320,0.064000,0.048649,0.239719
17330,0.035817,0.026576,0.172203
17340,0.053830,0.040984,0.204098
17350,0.006017,0.004456,0.155142
17360,0.021621,0.015445,0.154325
17370,0.023922,0.018472,0.170042
17380,0.025945,0.019342,0.164397
17390,0.014905,0.010886,0.136950
17400,0.047502,0.035495,0.233827
17410,0.023526,0.017731,0.127913
17420,0.026351,0.020042,0.153502
17430,0.044989,0.035059,0.202200
17440,0.054827,0.041563,0.239567
17450,0.040713,0.030832,0.189376
17460,0.036176,0.028025,0.178283
17470,0.029181,0.021554,0.161970
17480,0.021094,0.015587,0.157554
17490,0.001228,0.000815,0.620412
17500,0.025432,0.019120,0.146703
17510,0.048405,0.036501,0.200042
17520,0.057999,0.043801,0.251519
17530,0.033213,0.025094,0.193703
17540,0.077424,0.059646,0.277951
17550,0.034678,0.026274,0.179947
17560,0.033614,0.025739,0.177448
17570,0.052398,0.039469,0.220873
17580,0.062459,0.047919,0.237460
17590,0.041258,0.030587,0.188539
17600,0.020407,0.014785,0.144283
17610,0.032466,0.024254,0.173663
17620,0.032282,0.023901,0.168305
17630,0.025904,0.019344,0.155895
17640,0.040236,0.029588,0.184945
17650,0.028799,0.022058,0.193367
17660,0.013677,0.009954,0.124401
17670,0.072718,0.055501,0.253927
17680,0.017642,0.013040,0.129479
17690,0.044528,0.032987,0.202758
17700,0.033400,0.024947,0.176440
17710,0.027732,0.021162,0.164607
17720,0.030997,0.023118,0.172872
17730,0.012237,0.009563,0.232272
17740,0.021831,0.016206,0.160730
17750,0.036551,0.027518,0.183466
17760,0.050175,0.038244,0.215522
17770,0.042535,0.032234,0.198647
17780,0.034577,0.026607,0.188810
17790,0.028175,0.020268,0.138759
17800,0.016849,0.012327,0.086517
17810,0.056020,0.042496,0.216842
17820,0.055306,0.041823,0.222017
17830,0.029202,0.022082,0.166628
17840,0.034408,0.026074,0.171669
17850,0.016036,0.011874,0.094538
17860,0.003768,0.002700,0.064991
17870,0.043949,0.032643,0.201624
17880,0.025541,0.019133,0.148840
17890,0.037293,0.028179,0.198631
17900,0.029580,0.021983,0.159001
17910,0.006838,0.005046,0.147789
17920,0.051149,0.038849,0.212310
17930,0.059469,0.045171,0.221763
17940,0.057789,0.044374,0.237079
17950,0.021642,0.016319,0.134468
17960,0.028631,0.021306,0.157751
17970,0.041196,0.030853,0.168892
17980,0.073132,0.055667,0.271789
17990,0.042637,0.031992,0.198236
18000,0.031203,0.023396,0.164675
18010,0.028594,0.021058,0.166090
18020,0.014024,0.010615,0.106231
18030,0.027367,0.020116,0.169943
18040,0.011836,0.008429,0.074943
18050,0.036543,0.025595,0.198954
18060,0.053811,0.040282,0.213879
18070,0.017572,0.013033,0.138507
18080,0.037008,0.027700,0.178799
18090,0.037905,0.028741,0.167792
18100,0.002537,0.001978,0.065504
18110,0.030901,0.022940,0.154074
18120,0.046590,0.035302,0.184838
18130,0.006877,0.005110,0.167237
18140,0.031915,0.024710,0.181716
18150,0.040200,0.030316,0.194640
18160,0.048370,0.038231,0.234484
18170,0.025991,0.019524,0.144491
18180,0.058698,0.044437,0.224447
18190,0.036496,0.027555,0.175571
18200,0.025932,0.019818,0.144717
18210,0.034945,0.028104,0.188407
18220,0.053802,0.040233,0.213916
18230,0.039887,0.029443,0.188212
18240,0.042991,0.032643,0.197057
18250,0.053125,0.041033,0.227409
18260,0.022917,0.017605,0.170908
18270,0.054604,0.041013,0.190039
18280,0.016439,0.011552,0.242165
18290,0.016277,0.011523,0.294699
18300,0.044363,0.032900,0.199521
18310,0.034952,0.026359,0.179914
18320,0.051327,0.038831,0.219178
18330,0.017658,0.013195,0.136311
18340,0.061043,0.046313,0.228328
18350,0.032638,0.024283,0.175936
18360,0.019158,0.014159,0.092897
18370,0.028475,0.020815,0.158761
18380,0.002522,0.001985,0.154855
18390,0.033563,0.025677,0.149861
18400,0.028268,0.021933,0.148321
18410,0.049553,0.037752,0.210671
18420,0.034225,0.025593,0.174291
18430,0.042180,0.032272,0.203168
18440,0.021146,0.015759,0.135920
18450,0.050278,0.037914,0.212322
18460,0.010584,0.008612,0.165383
18470,0.041808,0.031513,0.187342
18480,0.018551,0.014033,0.140362
18490,0.059448,0.044674,0.234480
18500,0.022056,0.016236,0.162979
18510,0.030505,0.022726,0.159540
18520,0.028760,0.021639,0.196833
18530,0.047917,0.035657,0.193218
18540,0.032945,0.024179,0.178535
18550,0.034396,0.025549,0.172686
18560,0.058314,0.043490,0.235655
18570,0.051932,0.039198,0.196352
18580,0.013264,0.009619,0.126454
18590,0.021750,0.016010,0.122198
18600,0.037528,0.027699,0.168815
18610,0.013824,0.010333,0.132297
18620,0.046416,0.034929,0.221443
18630,0.008218,0.006116,0.052893
18640,0.038349,0.028799,0.178063
18650,0.048200,0.035921,0.213656
18660,0.022217,0.016610,0.192680
18670,0.024544,0.018038,0.147425
18680,0.008950,0.006888,0.155110
18690,0.054719,0.041607,0.220462
18700,0.061028,0.046630,0.247821
18710,0.030088,0.022331,0.172436
18720,0.013593,0.010015,0.123764
18730,0.022721,0.017580,0.135512
18740,0.013056,0.009741,0.078623
18750,0.030035,0.022138,0.169140
18760,0.021876,0.016518,0.154638
18770,0.037897,0.028343,0.182134
18780,0.037568,0.028137,0.193832
18790,0.020028,0.017065,0.107329
18800,0.010061,0.008074,0.147569
18810,0.026594,0.020179,0.151104
18820,0.035770,0.026708,0.203626
18830,0.039894,0.029757,0.170313
18840,0.031399,0.023400,0.168226
18850,0.070030,0.053517,0.259549
18860,0.023226,0.017069,0.149554
18870,0.002269,0.001844,0.148046
18880,0.039935,0.029730,0.187094
18890,0.040972,0.031113,0.189261
18900,0.040276,0.029713,0.171731
18910,0.047420,0.035789,0.200480
18920,0.030791,0.023288,0.172305
18930,0.039316,0.029853,0.165635
18940,0.078142,0.060395,0.286982
18950,0.020125,0.014334,0.163954
18960,0.030577,0.022673,0.134764
18970,0.011677,0.008284,0.153073
18980,0.028629,0.021272,0.165031
18990,0.035919,0.028015,0.207616
19000,0.048500,0.036743,0.207090
19010,0.034549,0.025902,0.190641
19020,0.039979,0.030336,0.184436
19030,0.032754,0.024603,0.163262
19040,0.028782,0.022062,0.133140
19050,0.007219,0.005224,0.121245
19060,0.032410,0.023656,0.165394
19070,0.026246,0.019385,0.149806
19080,0.016797,0.012206,0.138486
19090,0.009400,0.007190,0.060158
19100,0.045970,0.034739,0.209104
19110,0.012707,0.009759,0.084007
19120,0.010258,0.008641,0.066892
19130,0.034354,0.026245,0.167930
19140,0.050171,0.037298,0.230833
19150,0.018328,0.012750,0.205146
19160,0.011555,0.008030,0.154766
19170,0.051090,0.038677,0.203822
19180,0.031323,0.023557,0.164500
19190,0.027756,0.020754,0.151076
19200,0.045266,0.034647,0.183787
19210,0.041952,0.031568,0.208402
19220,0.040708,0.030718,0.188651
19230,0.070717,0.052756,0.245669
19240,0.026460,0.019764,0.139103
19250,0.018209,0.013664,0.245075
19260,0.001719,0.001739,0.216819
19270,0.046960,0.035059,0.217064
19280,0.049679,0.037804,0.202859
19290,0.056505,0.042840,0.214228
19300,0.013772,0.009814,0.143009
19310,0.018443,0.013856,0.143213
19320,0.018792,0.013997,0.147896
19330,0.017781,0.012836,0.157575
19340,0.024435,0.017966,0.155998
19350,0.065374,0.049367,0.247949
19360,0.051462,0.038310,0.225862
19370,0.041421,0.031333,0.190914
19380,0.031389,0.023801,0.167759
19390,0.028489,0.021788,0.193005
19400,0.102294,0.081132,0.342179
19410,0.023139,0.018245,0.148540
19420,0.056440,0.042702,0.226019
19430,0.006357,0.004417,0.124292
19440,0.038556,0.029189,0.174951
19450,0.030953,0.022344,0.170620
19460,0.034970,0.026217,0.181024
19470,0.022463,0.016400,0.163358
19480,0.004425,0.002887,0.222195
19490,0.043261,0.033112,0.202396
19500,0.015723,0.011685,0.145672
19510,0.032911,0.024902,0.168399
19520,0.051301,0.038606,0.210119
19530,0.023836,0.018073,0.120909
19540,0.033749,0.025688,0.180198
19550,0.011997,0.008944,0.135557
19560,0.031930,0.024008,0.157697
19570,0.020841,0.015413,0.153811
19580,0.036178,0.026787,0.166262
19590,0.025851,0.020058,0.152999
19600,0.035848,0.026742,0.179893
19610,0.025486,0.019442,0.153245
19620,0.022191,0.016405,0.132030
19630,0.009391,0.006561,0.146226
19640,0.048122,0.035449,0.209901
19650,0.021181,0.015497,0.153235
19660,0.027676,0.020479,0.128387
19670,0.041223,0.031152,0.190320
19680,0.027036,0.019929,0.118084
19690,0.023894,0.017909,0.133857
19700,0.025171,0.018994,0.155293
19710,0.033184,0.024970,0.167342
19720,0.030971,0.023496,0.168666
19730,0.042906,0.032156,0.188751
19740,0.031488,0.023233,0.167293
19750,0.008316,0.005422,0.150265
19760,0.040462,0.030419,0.186120
19770,0.002586,0.001869,0.125935
19780,0.039349,0.029792,0.175069
19790,0.033424,0.024909,0.174870
19800,0.018263,0.013426,0.147418
19810,0.044864,0.034242,0.173854
19820,0.020237,0.014953,0.154636
19830,0.026617,0.019900,0.145104
19840,0.026945,0.020244,0.165560
19850,0.025823,0.019039,0.157243
19860,0.020167,0.015201,0.140860
19870,0.042928,0.031611,0.195995
19880,0.007103,0.005547,0.124864
19890,0.038491,0.028607,0.198045
19900,0.031581,0.023718,0.169360
19910,0.035187,0.026647,0.181606
19920,0.023233,0.016833,0.147014
19930,0.018679,0.013805,0.093285
19940,0.008096,0.006034,0.101759
19950,0.024580,0.018365,0.132183
19960,0.054514,0.041195,0.237828
19970,0.050565,0.038136,0.214356
19980,0.013030,0.009565,0.118770
19990,0.026547,0.020132,0.120630
20000,0.045229,0.033977,0.205096
20010,0.016975,0.012561,0.142037
20020,0.015265,0.011290,0.121775
20030,0.014805,0.010680,0.114631
20040,0.024528,0.018652,0.148494
20050,0.038112,0.029410,0.189627
20060,0.025692,0.018396,0.205466
20070,0.020293,0.016305,0.149038
20080,0.020731,0.015274,0.149355
20090,0.040697,0.030644,0.181757
20100,0.020974,0.015691,0.132837
20110,0.029494,0.021856,0.178496
20120,0.026957,0.020117,0.156447
20130,0.043288,0.032510,0.197664
20140,0.014802,0.011047,0.082325
20150,0.012556,0.009285,0.086232
20160,0.060434,0.046355,0.225626
20170,0.005358,0.003807,0.179587
20180,0.008877,0.006496,0.115185
20190,0.011654,0.008779,0.119610
20200,0.025284,0.019493,0.257131
20210,0.029575,0.022045,0.165271
20220,0.014641,0.011072,0.080020
20230,0.032751,0.024537,0.161184
20240,0.072050,0.054842,0.255069
20250,0.037915,0.028515,0.193983
20260,0.040581,0.030799,0.199442
20270,0.031739,0.023311,0.131892
20280,0.029659,0.021906,0.125116
20290,0.016960,0.012477,0.130173
20300,0.039142,0.030123,0.185921
20310,0.029143,0.022015,0.159604
20320,0.016748,0.012555,0.093489
20330,0.029913,0.022419,0.170107
20340,0.039589,0.029601,0.187235
20350,0.026907,0.020414,0.158139
20360,0.026999,0.020151,0.159090
20370,0.034968,0.026199,0.169181
20380,0.007734,0.005420,0.119200
20390,0.033559,0.025210,0.158241
20400,0.029734,0.022376,0.161688
20410,0.023421,0.016931,0.162310
20420,0.020893,0.015497,0.140850
20430,0.027488,0.020531,0.151680
20440,0.038690,0.028939,0.180068
20450,0.028602,0.021227,0.154726
20460,0.040547,0.031770,0.156964
20470,0.016188,0.012306,0.134455
20480,0.033895,0.025991,0.145596
20490,0.037284,0.028303,0.171254
20500,0.035512,0.026406,0.155757
20510,0.053502,0.041360,0.231302
20520,0.034565,0.025836,0.168473
20530,0.030166,0.023533,0.167382
20540,0.044883,0.034401,0.198631
20550,0.037526,0.028887,0.166985
20560,0.013634,0.009848,0.122326
20570,0.023677,0.017345,0.143922
20580,0.028243,0.021831,0.155985
20590,0.055422,0.040994,0.247996
20600,0.050963,0.038343,0.211805
20610,0.013093,0.009739,0.123771
20620,0.029001,0.022386,0.137171
20630,0.034049,0.025263,0.178615
20640,0.017084,0.012653,0.136760
20650,0.032070,0.023856,0.161703
20660,0.024277,0.018259,0.145453
20670,0.018121,0.013197,0.131023
20680,0.029694,0.022044,0.161830
20690,0.034721,0.026053,0.191467
20700,0.010890,0.008053,0.099212
20710,0.035540,0.027111,0.183677
20720,0.018774,0.013747,0.145941
20730,0.013931,0.010324,0.110641
20740,0.050304,0.038165,0.190296
20750,0.047283,0.036006,0.199342
20760,0.032980,0.024967,0.166839
20770,0.017632,0.013318,0.090964
20780,0.037886,0.028571,0.179340
20790,0.023921,0.018125,0.117220
20800,0.038003,0.028134,0.163484
20810,0.020967,0.015754,0.129874
20820,0.015538,0.011269,0.124881
20830,0.002049,0.001346,0.171911
20840,0.003882,0.003318,0.191771
20850,0.040185,0.030712,0.186322
20860,0.026378,0.019753,0.142914
20870,0.056538,0.042722,0.229480
20880,0.021029,0.015388,0.152785
20890,0.026150,0.019314,0.155392
20900,0.060334,0.045544,0.227731
20910,0.017625,0.013283,0.107976
20920,0.053113,0.040536,0.213939
20930,0.035725,0.026997,0.162066
20940,0.008077,0.005983,0.106329
20950,0.036638,0.027722,0.179090
20960,0.056818,0.042425,0.224251
20970,0.054865,0.040657,0.229580
20980,0.034799,0.026152,0.164527
20990,0.042893,0.032445,0.172921
21000,0.030999,0.023325,0.152406
21010,0.050143,0.038561,0.196383
21020,0.033034,0.024397,0.165454
21030,0.035728,0.027196,0.168901
21040,0.052447,0.039370,0.197641
21050,0.116094,0.088929,0.353968
21060,0.030454,0.022932,0.161726
21070,0.033500,0.025905,0.136985
21080,0.041919,0.032156,0.157707
21090,0.032405,0.024325,0.167018
21100,0.025828,0.018446,0.152169
21110,0.027995,0.021391,0.165140
21120,0.062438,0.047568,0.241740
21130,0.028884,0.021890,0.194939
21140,0.018257,0.014200,0.107854
21150,0.037208,0.027777,0.157468
21160,0.048953,0.036006,0.222398
21170,0.003137,0.002208,0.100300
21180,0.026933,0.020169,0.131643
21190,0.059183,0.046900,0.256412
21200,0.028420,0.021256,0.149992
21210,0.019946,0.014674,0.185758
21220,0.029656,0.022157,0.158791
21230,0.019599,0.014871,0.112110
21240,0.025969,0.019601,0.152168
21250,0.029196,0.022118,0.125569
21260,0.001909,0.001269,0.189290
21270,0.016181,0.011839,0.111681
21280,0.004526,0.003327,0.134482
21290,0.046052,0.034952,0.187948
21300,0.052038,0.039421,0.216298
21310,0.037142,0.026867,0.180329
21320,0.037313,0.028409,0.202768
21330,0.014915,0.011222,0.090500
21340,0.059664,0.044857,0.216513
21350,0.012408,0.008921,0.166453
21360,0.000427,0.000394,0.107857
21370,0.036970,0.027236,0.183292
21380,0.024995,0.018280,0.121880
21390,0.037700,0.028797,0.175574
21400,0.043791,0.033120,0.197658
21410,0.012095,0.009163,0.108610
21420,0.033115,0.025082,0.165195
21430,0.030771,0.023191,0.168542
21440,0.021931,0.017007,0.135777
21450,0.032615,0.024357,0.130612
21460,0.004387,0.003057,0.625503
21470,0.037512,0.028694,0.177394
21480,0.033188,0.024736,0.187253
21490,0.017922,0.013144,0.127249
21500,0.019004,0.014356,0.141988
21510,0.035192,0.027193,0.149223
21520,0.024364,0.018473,0.130862
21530,0.027538,0.020783,0.152603
21540,0.037703,0.028231,0.187259
21550,0.031502,0.024150,0.178313
21560,0.016601,0.012153,0.118793
21570,0.027285,0.020630,0.160506
21580,0.017103,0.012637,0.132158
21590,0.060302,0.045356,0.246006
21600,0.017513,0.012770,0.136516
21610,0.048959,0.037476,0.208367
21620,0.014496,0.010619,0.127521
21630,0.028509,0.021815,0.171169
21640,0.051456,0.039431,0.211614
21650,0.018874,0.014201,0.125526
21660,0.049672,0.037873,0.194492
21670,0.021957,0.016370,0.137541
21680,0.065034,0.050992,0.236479
21690,0.031981,0.024168,0.163772
21700,0.045613,0.035081,0.175589
21710,0.033865,0.025537,0.160132
21720,0.018476,0.014221,0.140732
21730,0.041845,0.032040,0.181795
21740,0.041663,0.031015,0.192384
21750,0.029817,0.022467,0.127930
21760,0.025813,0.019285,0.151255
21770,0.060040,0.045891,0.211910
21780,0.015865,0.011699,0.132052
21790,0.033602,0.025541,0.188453
21800,0.026318,0.019528,0.141051
21810,0.011737,0.008348,0.126528
21820,0.045334,0.036090,0.211695
21830,0.052895,0.040564,0.209104
21840,0.020397,0.015056,0.169542
21850,0.034102,0.025865,0.183273
21860,0.025407,0.019211,0.153244
21870,0.036950,0.027457,0.173993
21880,0.045261,0.034124,0.188285
21890,0.037850,0.029862,0.174663
21900,0.049724,0.037732,0.209556
21910,0.020116,0.014938,0.121289
21920,0.022530,0.016988,0.134339
21930,0.029474,0.021834,0.172220
21940,0.039487,0.029372,0.188046
21950,0.024533,0.018456,0.147102
21960,0.023127,0.017574,0.147044
21970,0.071857,0.054912,0.254465
21980,0.009660,0.006651,0.141584
21990,0.033007,0.024995,0.144583
22000,0.036500,0.027206,0.179364
22010,0.030212,0.022609,0.157170
22020,0.037100,0.027595,0.189645
22030,0.022869,0.017488,0.162612
22040,0.044269,0.033302,0.197922
22050,0.048993,0.037381,0.212194
22060,0.001997,0.001486,0.134844
22070,0.022065,0.016613,0.148185
22080,0.030777,0.023144,0.155252
22090,0.023076,0.016680,0.176685
22100,0.046559,0.035454,0.221074
22110,0.051892,0.039607,0.188943
22120,0.035589,0.026874,0.158849
22130,0.015606,0.011590,0.114107
22140,0.017982,0.013394,0.148058
22150,0.033041,0.024146,0.163463
22160,0.031853,0.024155,0.179242
22170,0.017038,0.012322,0.248400
22180,0.012057,0.009016,0.139309
22190,0.010208,0.007548,0.110091
22200,0.055170,0.041808,0.203389
22210,0.030767,0.023234,0.136603
22220,0.011780,0.008553,0.106630
22230,0.042154,0.031990,0.198786
22240,0.045307,0.033845,0.211067
22250,0.030098,0.022374,0.149670
22260,0.021404,0.015925,0.124629
22270,0.028114,0.020900,0.155796
22280,0.028281,0.021408,0.153892
22290,0.006408,0.004913,0.127299
22300,0.014334,0.010562,0.123476
22310,0.044112,0.033646,0.203680
22320,0.036763,0.027898,0.171282
22330,0.041977,0.033129,0.190195
22340,0.031470,0.023788,0.135419
22350,0.016491,0.012644,0.127062
22360,0.004126,0.003019,0.150307
22370,0.037504,0.028168,0.196798
22380,0.049611,0.037706,0.205080
22390,0.010545,0.007829,0.109484
22400,0.038011,0.028684,0.180651
22410,0.033142,0.025089,0.156749
22420,0.059809,0.045796,0.234521
22430,0.041958,0.031834,0.198754
22440,0.035786,0.026355,0.167391
22450,0.035467,0.026243,0.170752
22460,0.011260,0.008875,0.148904
22470,0.024233,0.018014,0.157006
22480,0.051735,0.037604,0.189170
22490,0.018742,0.013421,0.168958
22500,0.027182,0.020274,0.141143
22510,0.048184,0.036846,0.195567
22520,0.026465,0.019932,0.148312
22530,0.016719,0.012917,0.115767
22540,0.044189,0.033762,0.195656
22550,0.024944,0.018696,0.119399
22560,0.022598,0.016982,0.128639
22570,0.027476,0.020309,0.162902
22580,0.031043,0.023369,0.160254
22590,0.024667,0.018241,0.151898
22600,0.031168,0.023555,0.164807
22610,0.017545,0.013113,0.139481
22620,0.053541,0.040767,0.209783
22630,0.028424,0.021192,0.174893
22640,0.021224,0.016467,0.114686
22650,0.053003,0.040204,0.190973
22660,0.019072,0.014361,0.141158
22670,0.025555,0.018259,0.214370
22680,0.031087,0.023051,0.170021
22690,0.018795,0.013720,0.137666
22700,0.033944,0.025567,0.143228
22710,0.016705,0.012752,0.138251
22720,0.038942,0.029752,0.178336
22730,0.037116,0.027840,0.177574
22740,0.020135,0.014674,0.132190
22750,0.032243,0.024043,0.167431
22760,0.041491,0.031020,0.190184
22770,0.046988,0.034831,0.169567
22780,0.028860,0.021681,0.151327
22790,0.040040,0.030663,0.177893
22800,0.025531,0.019365,0.147047
22810,0.021414,0.016035,0.134116
22820,0.018289,0.013544,0.154628
22830,0.024620,0.018580,0.154177
22840,0.033194,0.024307,0.176869
22850,0.037186,0.026686,0.190725
22860,0.009880,0.007252,0.132648
22870,0.047647,0.037290,0.191617
22880,0.050672,0.038722,0.203605
22890,0.044249,0.032988,0.218058
22900,0.028428,0.021090,0.160596
22910,0.022482,0.016977,0.108694
22920,0.061228,0.046856,0.233197
22930,0.010864,0.007976,0.106433
22940,0.036922,0.028754,0.173264
22950,0.027148,0.020286,0.150870
22960,0.028394,0.021599,0.149589
22970,0.023054,0.017175,0.139536
22980,0.033344,0.024885,0.169486
22990,0.006730,0.005764,0.121686
23000,0.039208,0.029818,0.183714
23010,0.015639,0.011267,0.124277
23020,0.019151,0.014312,0.124935
23030,0.026956,0.020053,0.161537
23040,0.011765,0.008750,0.083480
23050,0.028557,0.021123,0.164018
23060,0.022417,0.016692,0.144064
23070,0.023005,0.017944,0.139536
23080,0.038406,0.028509,0.181605
23090,0.013433,0.010313,0.148370
23100,0.033210,0.024786,0.169230
23110,0.013351,0.009896,0.118140
23120,0.020184,0.015134,0.131878
23130,0.041860,0.030718,0.171473
23140,0.001608,0.001202,0.107166
23150,0.066644,0.055910,0.258367
23160,0.041307,0.030731,0.150370
23170,0.021394,0.015886,0.200171
23180,0.038841,0.028482,0.155847
23190,0.034794,0.027128,0.160222
23200,0.049816,0.037042,0.192078
23210,0.006388,0.004544,0.094084
23220,0.036983,0.028962,0.165825
23230,0.028410,0.021537,0.113185
23240,0.023137,0.016890,0.150282
23250,0.046637,0.035617,0.207639
23260,0.081123,0.061662,0.284017
23270,0.030447,0.022615,0.156271
23280,0.003345,0.002486,0.127436
23290,0.014602,0.010762,0.122150
23300,0.046735,0.035087,0.197819
23310,0.038125,0.029035,0.184926
23320,0.054982,0.041728,0.221231
23330,0.032611,0.028899,0.146790
23340,0.034633,0.026293,0.152984
23350,0.041786,0.030858,0.196511
23360,0.040357,0.029811,0.184713
23370,0.001927,0.001336,0.090879
23380,0.020931,0.015701,0.137832
23390,0.043891,0.033053,0.189270
23400,0.007214,0.005705,0.211876
23410,0.043535,0.032488,0.190257
23420,0.025346,0.019260,0.145324
23430,0.040789,0.030630,0.194955
23440,0.000759,0.000628,0.089416
23450,0.029432,0.022170,0.157563
23460,0.047845,0.035177,0.208375
23470,0.038352,0.028928,0.184382
23480,0.053939,0.041009,0.218524
23490,0.038701,0.028711,0.173861
23500,0.028802,0.021523,0.160038
23510,0.063391,0.047886,0.243377
23520,0.029901,0.022592,0.198166
23530,0.043257,0.032145,0.196158
23540,0.048101,0.036992,0.213434
23550,0.029195,0.022063,0.144653
23560,0.038492,0.028731,0.173910
23570,0.032081,0.023651,0.152691
23580,0.018446,0.013277,0.086038
23590,0.032664,0.024577,0.165989
23600,0.021575,0.016270,0.156586
23610,0.000014,0.000008,0.000039
23620,0.021236,0.015789,0.142418
23630,0.042137,0.031466,0.187277
23640,0.054224,0.040575,0.237012
23650,0.029968,0.022627,0.130942
23660,0.032607,0.024486,0.144354
23670,0.038261,0.028540,0.178563
23680,0.020525,0.015535,0.127741
23690,0.021391,0.015623,0.150680
23700,0.027279,0.020452,0.158460
23710,0.035174,0.026543,0.151472
23720,0.047397,0.036438,0.199263
23730,0.035374,0.026530,0.175854
23740,0.061648,0.047078,0.214314
23750,0.033013,0.025146,0.171395
23760,0.033617,0.025191,0.179882
23770,0.020489,0.014929,0.139028
23780,0.034730,0.026281,0.168891
23790,0.014270,0.010642,0.147975
23800,0.032741,0.025690,0.141570
23810,0.018150,0.013497,0.088637
23820,0.026186,0.018776,0.153310
23830,0.034962,0.026056,0.184188
23840,0.056962,0.043084,0.232584
23850,0.082007,0.062762,0.284496
23860,0.036373,0.027069,0.181842
23870,0.015486,0.011309,0.133636
23880,0.029612,0.022050,0.122884
23890,0.026451,0.019599,0.153661
23900,0.058935,0.045159,0.231645
23910,0.026434,0.019719,0.156811
23920,0.038950,0.029121,0.180050
23930,0.016498,0.011966,0.144217
23940,0.024119,0.018350,0.141549
23950,0.028298,0.021023,0.155739
23960,0.041105,0.030528,0.182798
23970,0.014177,0.010514,0.117347
23980,0.104310,0.076637,0.367574
23990,0.054078,0.041152,0.220323
24000,0.030989,0.023271,0.170949
24010,0.036192,0.027091,0.150929
24020,0.026030,0.019562,0.157392
24030,0.040505,0.031012,0.185282
24040,0.034683,0.026285,0.169623
24050,0.031686,0.024196,0.156017
24060,0.023909,0.017684,0.141463
24070,0.014426,0.011328,0.118047
24080,0.025824,0.020112,0.117514
24090,0.033683,0.024931,0.159720
24100,0.026295,0.019876,0.189258
24110,0.057081,0.043420,0.213951
24120,0.066111,0.050165,0.246757
24130,0.024064,0.017817,0.147314
24140,0.002576,0.001801,0.125794
24150,0.050041,0.036345,0.193898
24160,0.024546,0.018444,0.141889
24170,0.044844,0.033548,0.185811
24180,0.031342,0.023651,0.159826
24190,0.051760,0.039175,0.211649
24200,0.049382,0.037088,0.216319
24210,0.027206,0.020353,0.160832
24220,0.041823,0.033116,0.187811
24230,0.034700,0.025705,0.180017
24240,0.040844,0.030852,0.194104
24250,0.017452,0.013229,0.087336
24260,0.043018,0.033027,0.189174
24270,0.025632,0.017221,0.184351
24280,0.015412,0.011742,0.083517
24290,0.025237,0.018960,0.149494
24300,0.023943,0.018464,0.146652
24310,0.040091,0.030358,0.188568
24320,0.013454,0.010222,0.131686
24330,0.007238,0.005192,0.124830
24340,0.037705,0.028449,0.189480
24350,0.000386,0.000302,0.044972
24360,0.017063,0.012650,0.127935
24370,0.022425,0.016166,0.149736
24380,0.048293,0.036569,0.201460
24390,0.035642,0.026703,0.173195
24400,0.015750,0.011641,0.126882
24410,0.025935,0.019412,0.155888
24420,0.002550,0.001831,0.040744
24430,0.049543,0.037508,0.201863
24440,0.020250,0.016021,0.095566
24450,0.026603,0.019244,0.143034
24460,0.053566,0.041116,0.227447
24470,0.034628,0.026381,0.167051
24480,0.031616,0.023677,0.143945
24490,0.019041,0.016458,0.162396
24500,0.026309,0.019734,0.164065
24510,0.044464,0.033920,0.200910
24520,0.011139,0.008058,0.158676
24530,0.028489,0.021454,0.144737
24540,0.032728,0.024915,0.161202
24550,0.059929,0.045183,0.253729
24560,0.028612,0.021858,0.139022
24570,0.041022,0.031002,0.164789
24580,0.013719,0.009988,0.128386
24590,0.027092,0.019821,0.168215
24600,0.029663,0.021980,0.167779
24610,0.067668,0.051232,0.252301
24620,0.039615,0.030575,0.224699
24630,0.056539,0.042225,0.193723
24640,0.046255,0.034179,0.198770
24650,0.017198,0.013169,0.180105
24660,0.031906,0.023858,0.158944
24670,0.022156,0.015498,0.167348
24680,0.030256,0.023132,0.122298
24690,0.019432,0.014072,0.136652
24700,0.022660,0.016813,0.149899
24710,0.051563,0.042667,0.210793
24720,0.017052,0.012723,0.119802
24730,0.059591,0.044957,0.230172
24740,0.030906,0.022933,0.165927
24750,0.014735,0.010804,0.128298
24760,0.044222,0.033504,0.193623
24770,0.010531,0.007845,0.109685
24780,0.031426,0.021972,0.119906
24790,0.052990,0.040603,0.209797
24800,0.035992,0.026658,0.174596
24810,0.028335,0.021332,0.141176
24820,0.029523,0.022235,0.166492
24830,0.028027,0.022006,0.161319
24840,0.019553,0.015197,0.093946
24850,0.014378,0.010952,0.085774
24860,0.017091,0.012663,0.097043
24870,0.003245,0.002293,0.154438
24880,0.016758,0.012415,0.135025
24890,0.026798,0.020938,0.104039
24900,0.033371,0.024724,0.176796
24910,0.041892,0.031886,0.182802
24920,0.029475,0.022208,0.147575
24930,0.019987,0.015142,0.151259
24940,0.032221,0.024295,0.177790
24950,0.029656,0.022270,0.151338
24960,0.017612,0.012837,0.145162
24970,0.033730,0.025232,0.173447
24980,0.030636,0.023054,0.153467
24990,0.023291,0.017052,0.141716
25000,0.007193,0.005424,0.122925
25010,0.021387,0.016176,0.130251
25020,0.036606,0.027572,0.175668
25030,0.017148,0.013485,0.108093
25040,0.012683,0.009302,0.137894
25050,0.020762,0.015528,0.149443
25060,0.058915,0.044742,0.225801
25070,0.046002,0.035280,0.190859
25080,0.017440,0.012816,0.155736
25090,0.022391,0.016543,0.141955
25100,0.041526,0.031207,0.198603
25110,0.026556,0.019732,0.147935
25120,0.010198,0.007442,0.075069
25130,0.032078,0.024609,0.156997
25140,0.017943,0.013290,0.125219
25150,0.015856,0.011718,0.119983
25160,0.044720,0.033977,0.187447
25170,0.048668,0.037417,0.199964
25180,0.025348,0.018936,0.144868
25190,0.032014,0.024016,0.180389
25200,0.044998,0.033707,0.185056
25210,0.027448,0.020313,0.119573
25220,0.059544,0.044789,0.213349
25230,0.023102,0.017121,0.144464
25240,0.037807,0.029470,0.179019
25250,0.028886,0.025917,0.195502
25260,0.042522,0.031950,0.204516
25270,0.049589,0.037395,0.214852
25280,0.038691,0.029492,0.180500
25290,0.031241,0.023165,0.147622
25300,0.050674,0.037821,0.206467
25310,0.015748,0.011691,0.125925
25320,0.068125,0.052336,0.260670
25330,0.010326,0.008587,0.184974
25340,0.039470,0.029350,0.164410
25350,0.053467,0.040951,0.215866
25360,0.040538,0.030801,0.162021
25370,0.032824,0.024304,0.171242
25380,0.035426,0.025734,0.174253
25390,0.022223,0.016420,0.138812
25400,0.057232,0.043769,0.218723
25410,0.021972,0.016646,0.125155
25420,0.021696,0.016705,0.143986
25430,0.026154,0.019416,0.115927
25440,0.042970,0.032650,0.178207
25450,0.031645,0.023958,0.166245
25460,0.040032,0.029385,0.153469
25470,0.046006,0.034575,0.198432
25480,0.029708,0.022303,0.192682
25490,0.048230,0.036904,0.206142
25500,0.066116,0.050663,0.248775
25510,0.046288,0.034711,0.193192
25520,0.030965,0.022806,0.169740
25530,0.025909,0.019649,0.144991
25540,0.010411,0.008721,0.141596
25550,0.042487,0.031893,0.190559
25560,0.045259,0.034574,0.179024
25570,0.045229,0.033830,0.205862
25580,0.011133,0.008069,0.070938
25590,0.047957,0.036003,0.183396
25600,0.057475,0.044003,0.199439
25610,0.053595,0.039506,0.226076
25620,0.021213,0.015660,0.136863
25630,0.028874,0.021731,0.153160
25640,0.022149,0.016827,0.127912
25650,0.030899,0.022956,0.150649
25660,0.036601,0.028025,0.174109
25670,0.030199,0.022383,0.169835
25680,0.034499,0.025716,0.144578
25690,0.013156,0.009717,0.104808
25700,0.031299,0.023095,0.165535
25710,0.056407,0.041675,0.224686
25720,0.027700,0.020926,0.125383
25730,0.055892,0.042124,0.214054
25740,0.016194,0.011648,0.135207
25750,0.027582,0.021636,0.159538
25760,0.033793,0.025416,0.161171
25770,0.033540,0.024265,0.184101
25780,0.040315,0.030685,0.161354
25790,0.031200,0.023418,0.158998
25800,0.033215,0.024598,0.181761
25810,0.001407,0.001041,0.097109
25820,0.045241,0.033704,0.210977
25830,0.015900,0.011745,0.130289
25840,0.037992,0.028811,0.184773
25850,0.050100,0.037630,0.197860
25860,0.005607,0.005468,0.131764
25870,0.028010,0.021051,0.131340
25880,0.012158,0.009103,0.117457
25890,0.021033,0.015249,0.108961
25900,0.033962,0.025950,0.189041
25910,0.030468,0.023307,0.148175
25920,0.032680,0.024650,0.163371
25930,0.046001,0.035107,0.193560
25940,0.083447,0.064329,0.291604
25950,0.046928,0.035534,0.192448
25960,0.021019,0.015471,0.151918
25970,0.039259,0.029653,0.146942
25980,0.040537,0.030320,0.186059
25990,0.008347,0.006156,0.121147
26000,0.023289,0.017104,0.138946
26010,0.000038,0.000072,0.000192
26020,0.020003,0.014621,0.141802
26030,0.015968,0.011860,0.103140
26040,0.033331,0.025044,0.175217
26050,0.032417,0.024053,0.165329
26060,0.027000,0.018812,0.141431
26070,0.003196,0.002338,0.171086
26080,0.012086,0.008856,0.109572
26090,0.013197,0.010002,0.073732
26100,0.045923,0.034259,0.192537
26110,0.023721,0.017709,0.174424
26120,0.012411,0.009256,0.121356
26130,0.045528,0.034686,0.193982
26140,0.025328,0.018971,0.168784
26150,0.041777,0.030986,0.195524
26160,0.028118,0.021104,0.129609
26170,0.035694,0.028690,0.135840
26180,0.032527,0.024776,0.168461
26190,0.026670,0.020314,0.134538
26200,0.043518,0.032935,0.196599
26210,0.027438,0.020625,0.146343
26220,0.009669,0.007428,0.131303
26230,0.060417,0.045548,0.230500
26240,0.039130,0.029972,0.190440
26250,0.017170,0.012768,0.134840
26260,0.029748,0.022608,0.153103
26270,0.026715,0.020501,0.157163
26280,0.041226,0.031078,0.166541
26290,0.031113,0.023016,0.160772
26300,0.034288,0.026060,0.171766
26310,0.046094,0.035651,0.207720
26320,0.032054,0.023885,0.177136
26330,0.027542,0.020934,0.167922
26340,0.053018,0.041332,0.220649
26350,0.027109,0.020455,0.148836
26360,0.032193,0.024266,0.171818
26370,0.066537,0.050221,0.250735
26380,0.037121,0.028439,0.183731
26390,0.034402,0.026501,0.169101
26400,0.042082,0.031810,0.193673
26410,0.037100,0.027989,0.178157
26420,0.030815,0.023303,0.167581
26430,0.053091,0.039732,0.215933
26440,0.023733,0.018046,0.144426
26450,0.025303,0.018873,0.136417
26460,0.041919,0.031408,0.180128
26470,0.048612,0.037232,0.205124
26480,0.015539,0.011437,0.133342
26490,0.040830,0.031301,0.166798
26500,0.021975,0.016510,0.148435
26510,0.018184,0.013573,0.121702
26520,0.011344,0.008407,0.119213
26530,0.066173,0.050098,0.247982
26540,0.022718,0.017337,0.119226
26550,0.034268,0.026089,0.172202
26560,0.053567,0.040570,0.215168
26570,0.008790,0.006028,0.055908
26580,0.039436,0.029466,0.172115
26590,0.018639,0.013975,0.141130
26600,0.012866,0.010422,0.205093
26610,0.007261,0.005740,0.053700
26620,0.040800,0.029955,0.185379
26630,0.035867,0.027028,0.154706
26640,0.015310,0.011471,0.134137
26650,0.034343,0.025452,0.168818
26660,0.028108,0.019422,0.113321
26670,0.028102,0.020582,0.148159
26680,0.017302,0.012928,0.136680
26690,0.025538,0.018621,0.154244
26700,0.028192,0.021596,0.150360
26710,0.011329,0.008547,0.059415
26720,0.041797,0.031936,0.187683
26730,0.025849,0.019562,0.163190
26740,0.069620,0.052884,0.250889
26750,0.013485,0.009989,0.083629
26760,0.016727,0.014662,0.193325
26770,0.021178,0.015575,0.131870
26780,0.022921,0.017067,0.150843
26790,0.024838,0.018352,0.175155
26800,0.009444,0.007030,0.109241
26810,0.018878,0.014497,0.123615
26820,0.015015,0.011680,0.131345
26830,0.048889,0.036967,0.215491
26840,0.038864,0.029577,0.178972
26850,0.036969,0.027783,0.169415
26860,0.061983,0.046862,0.219231
26870,0.018949,0.013876,0.144951
26880,0.049192,0.036889,0.219074
26890,0.070166,0.053972,0.264015
26900,0.024665,0.018130,0.151090
26910,0.034050,0.026048,0.174091
26920,0.041363,0.031911,0.192240
26930,0.025092,0.018560,0.174602
26940,0.014681,0.010727,0.123380
26950,0.002222,0.001801,0.637931
26960,0.044823,0.033480,0.198972
26970,0.045016,0.034361,0.180997
26980,0.032788,0.024706,0.161016
26990,0.017840,0.013046,0.135928
27000,0.026619,0.020040,0.142538
27010,0.034487,0.025484,0.174609
27020,0.060527,0.046577,0.234481
27030,0.001933,0.001320,0.079953
27040,0.043542,0.033998,0.180940
27050,0.059916,0.045732,0.222121
27060,0.028739,0.021437,0.129791
27070,0.023139,0.017562,0.112156
27080,0.046589,0.035040,0.205673
27090,0.028644,0.021390,0.159181
27100,0.022276,0.016969,0.126175
27110,0.005969,0.004298,0.141718
27120,0.044828,0.033550,0.195718
27130,0.026852,0.020242,0.170188
27140,0.028683,0.020978,0.185322
27150,0.022576,0.017118,0.101494
27160,0.024322,0.018618,0.173996
27170,0.025460,0.020281,0.119769
27180,0.023856,0.017675,0.149278
27190,0.034565,0.026564,0.181280
27200,0.049684,0.037924,0.202335
27210,0.046810,0.036078,0.171802
27220,0.042957,0.033443,0.165167
27230,0.008565,0.005866,0.142974
27240,0.011426,0.008423,0.167462
27250,0.041299,0.031083,0.177891
27260,0.044076,0.033107,0.229289
27270,0.004997,0.003666,0.035462
27280,0.046121,0.034493,0.187041
27290,0.045269,0.034033,0.181815
27300,0.028645,0.021460,0.164771
27310,0.024969,0.018547,0.148165
27320,0.020643,0.015618,0.120048
27330,0.007486,0.005957,0.183146
27340,0.040641,0.030112,0.191452
27350,0.019399,0.014251,0.146474
27360,0.029052,0.022060,0.153310
27370,0.033493,0.025133,0.165400
27380,0.038446,0.028675,0.187797
27390,0.057282,0.043762,0.220992
27400,0.042777,0.032573,0.185519
27410,0.018749,0.013101,0.164433
27420,0.016691,0.012190,0.125477
27430,0.017178,0.012854,0.130149
27440,0.046323,0.035080,0.206432
27450,0.022028,0.016543,0.142283
27460,0.025730,0.019074,0.148633
27470,0.014935,0.010465,0.243235
27480,0.034800,0.026421,0.164005
27490,0.007543,0.006308,0.144698
27500,0.053513,0.040282,0.218378
27510,0.034720,0.026017,0.163643
27520,0.036819,0.027153,0.212657
27530,0.022986,0.017617,0.143212
27540,0.021772,0.017309,0.155795
27550,0.013784,0.007887,0.173523
27560,0.023021,0.017760,0.098755
27570,0.022470,0.017239,0.158419
27580,0.026844,0.020151,0.143306
27590,0.052471,0.039763,0.208574
27600,0.007314,0.005348,0.106292
27610,0.054358,0.041926,0.229810
27620,0.021981,0.016293,0.144316
27630,0.020145,0.014917,0.119132
27640,0.053332,0.040557,0.192369
27650,0.023389,0.016925,0.112787
27660,0.031082,0.023368,0.130020
27670,0.036906,0.028125,0.175783
27680,0.023042,0.017345,0.140023
27690,0.025369,0.019138,0.103236
27700,0.026497,0.019891,0.150205
27710,0.035687,0.026936,0.177476
27720,0.027363,0.020783,0.145071
27730,0.017682,0.013158,0.127753
27740,0.042676,0.032568,0.192034
27750,0.034024,0.025197,0.175722
27760,0.030563,0.022069,0.180725
27770,0.037026,0.028094,0.152167
27780,0.019988,0.014831,0.138125
27790,0.018231,0.013249,0.176655
27800,0.041170,0.031481,0.174655
27810,0.016148,0.011832,0.105619
27820,0.002582,0.001939,0.025080
27830,0.025869,0.019451,0.167852
27840,0.013377,0.009882,0.103064
27850,0.001167,0.000940,0.113285
27860,0.001460,0.001068,0.060479
27870,0.042573,0.032058,0.184178
27880,0.059649,0.046018,0.232687
27890,0.015194,0.011421,0.131031
27900,0.021248,0.015871,0.108636
27910,0.042083,0.031769,0.191204
27920,0.022174,0.016378,0.117784
27930,0.031740,0.023570,0.135199
27940,0.040973,0.031021,0.184725
27950,0.079880,0.060820,0.278989
27960,0.008844,0.006108,0.180385
27970,0.010834,0.008058,0.062062
27980,0.030171,0.022522,0.165084
27990,0.029681,0.022447,0.156753
28000,0.018626,0.013588,0.166709
28010,0.013476,0.009905,0.122973
28020,0.042413,0.032014,0.185699
28030,0.022446,0.016778,0.126907
28040,0.043630,0.032604,0.194699
28050,0.053388,0.040269,0.215361
28060,0.039958,0.030655,0.178420
28070,0.035493,0.028062,0.210807
28080,0.012753,0.009393,0.131494
28090,0.010881,0.008228,0.108623
28100,0.034970,0.026200,0.170427
28110,0.028652,0.021790,0.163420
28120,0.013676,0.009740,0.093580
28130,0.040085,0.030102,0.194804
28140,0.045987,0.035002,0.206841
28150,0.051589,0.038129,0.219744
28160,0.027901,0.020655,0.146485
28170,0.039733,0.030035,0.181574
28180,0.034940,0.026449,0.163494
28190,0.035757,0.026995,0.169407
28200,0.012429,0.009044,0.125724
28210,0.006758,0.004781,0.146740
28220,0.007909,0.006009,0.219795
28230,0.024156,0.018959,0.155594
28240,0.017809,0.012857,0.203546
28250,0.025860,0.019100,0.163686
28260,0.042962,0.032693,0.173654
28270,0.042779,0.032452,0.194475
28280,0.041888,0.031815,0.172396
28290,0.015893,0.011797,0.116806
28300,0.029832,0.022679,0.129293
28310,0.038411,0.028335,0.198141
28320,0.011048,0.007993,0.135766
28330,0.009833,0.007366,0.077563
28340,0.030102,0.022533,0.157921
28350,0.048820,0.038349,0.211730
28360,0.021787,0.015998,0.142484
28370,0.030108,0.022259,0.181225
28380,0.014933,0.011053,0.135149
28390,0.038297,0.028973,0.164263
28400,0.034968,0.026359,0.172213
28410,0.016732,0.012007,0.139218
28420,0.029614,0.022181,0.153874
28430,0.000687,0.000479,0.124438
28440,0.041177,0.030861,0.189171
28450,0.035830,0.026865,0.176327
28460,0.001225,0.000900,0.200533
28470,0.035085,0.024724,0.198791
28480,0.002827,0.002031,0.048983
28490,0.043825,0.033279,0.200375
28500,0.020188,0.015434,0.140435
28510,0.062242,0.045944,0.233235
28520,0.037488,0.028448,0.173980
28530,0.013880,0.010288,0.115213
28540,0.029538,0.022103,0.158366
28550,0.027983,0.020642,0.178602
28560,0.051184,0.038713,0.215067
28570,0.015809,0.011454,0.074128
28580,0.013197,0.009575,0.123616
28590,0.040298,0.030866,0.166911
28600,0.005213,0.003848,0.118486
28610,0.060011,0.046028,0.225732
28620,0.011620,0.008845,0.097545
28630,0.037145,0.028134,0.178887
28640,0.046215,0.034656,0.202401
28650,0.024710,0.018756,0.117601
28660,0.016821,0.012606,0.086300
28670,0.024386,0.018840,0.136141
28680,0.033666,0.025650,0.149330
28690,0.030314,0.023095,0.133771
28700,0.032466,0.025364,0.152250
28710,0.039366,0.029441,0.165563
28720,0.016999,0.013100,0.084365
28730,0.044876,0.033902,0.211765
28740,0.020694,0.015179,0.136693
28750,0.033484,0.025746,0.152193
28760,0.055307,0.042236,0.210840
28770,0.032019,0.024311,0.171708
28780,0.042537,0.032121,0.182330
28790,0.019998,0.014769,0.121531
28800,0.023911,0.017997,0.125825
28810,0.052493,0.040214,0.200533
28820,0.035395,0.026647,0.167690
28830,0.040921,0.031185,0.183625
28840,0.017764,0.013353,0.112548
28850,0.047588,0.036204,0.192929
28860,0.018846,0.014086,0.098723
28870,0.013818,0.010089,0.107402
28880,0.006893,0.005027,0.134166
28890,0.045768,0.034570,0.174850
28900,0.027949,0.021254,0.156049
28910,0.003424,0.002412,0.086509
28920,0.003693,0.002974,0.031471
28930,0.043135,0.031880,0.204182
28940,0.032180,0.024282,0.150707
28950,0.038142,0.029271,0.180433
28960,0.026637,0.019419,0.169892
28970,0.010242,0.007472,0.119974
28980,0.024473,0.017969,0.155096
28990,0.023902,0.018149,0.135055
29000,0.031032,0.023305,0.159847
29010,0.026730,0.019947,0.166136
29020,0.036513,0.027227,0.182009
29030,0.026286,0.019665,0.122400
29040,0.039324,0.029494,0.184864
29050,0.005088,0.003789,0.129119
29060,0.012898,0.009316,0.117858
29070,0.014579,0.010903,0.109847
29080,0.045079,0.033868,0.189758
29090,0.041980,0.031223,0.185713
29100,0.031887,0.024337,0.161165
29110,0.012139,0.008571,0.345988
29120,0.023099,0.017859,0.138751
29130,0.042391,0.030684,0.202594
29140,0.040623,0.030164,0.191063
29150,0.068831,0.052476,0.242064
29160,0.014190,0.010344,0.110002
29170,0.035958,0.026856,0.170466
29180,0.022506,0.016706,0.159748
29190,0.048179,0.036726,0.201065
29200,0.023025,0.015760,0.131409
29210,0.039190,0.029258,0.191945
29220,0.041160,0.030601,0.188380
29230,0.024024,0.017372,0.169611
29240,0.035886,0.026677,0.172534
29250,0.010893,0.007633,0.105469
29260,0.064299,0.049021,0.235476
29270,0.024551,0.017920,0.136350
29280,0.029328,0.022555,0.145647
29290,0.040124,0.030567,0.161885
29300,0.034920,0.026086,0.164870
29310,0.049472,0.037273,0.203962
29320,0.005925,0.004313,0.113087
29330,0.080756,0.061448,0.275496
29340,0.022100,0.016226,0.115245
29350,0.004038,0.002896,0.036336
29360,0.016842,0.012282,0.153846
29370,0.064510,0.048497,0.240047
29380,0.042646,0.032797,0.180082
29390,0.020118,0.014542,0.136753
29400,0.013610,0.009975,0.113689
29410,0.017701,0.013034,0.142001
29420,0.024931,0.018707,0.128612
29430,0.001696,0.001290,0.107900
29440,0.021059,0.015958,0.127562
29450,0.030428,0.022768,0.165592
29460,0.031522,0.023842,0.159471
29470,0.026804,0.019787,0.161493
29480,0.029586,0.022033,0.165755
29490,0.028544,0.021657,0.164724
29500,0.038345,0.028815,0.178643
29510,0.050705,0.038882,0.203982
29520,0.041751,0.031412,0.166466
29530,0.017333,0.012870,0.134945
29540,0.042900,0.032816,0.181082
29550,0.019881,0.015073,0.163856
29560,0.016491,0.012121,0.075984
29570,0.015835,0.011238,0.135257
29580,0.013125,0.009898,0.072765
29590,0.042918,0.032222,0.196453
29600,0.046701,0.035535,0.194008
29610,0.027282,0.020251,0.158678
29620,0.002881,0.001900,0.647519
29630,0.049816,0.037655,0.200198
29640,0.035521,0.026911,0.166591
29650,0.029731,0.023022,0.157009
29660,0.028069,0.020572,0.161137
29670,0.023905,0.017849,0.142923
29680,0.036207,0.026990,0.173787
29690,0.017775,0.013461,0.085617
29700,0.023321,0.017182,0.144067
29710,0.042680,0.032553,0.173709
29720,0.010295,0.007743,0.096379
29730,0.014045,0.010481,0.075984
29740,0.047656,0.035790,0.189138
29750,0.031662,0.024011,0.151354
29760,0.015370,0.011392,0.097159
29770,0.011755,0.008665,0.110476
29780,0.004427,0.003278,0.115008
29790,0.002716,0.001963,0.085793
29800,0.040972,0.030962,0.182708
29810,0.047094,0.035726,0.189459
29820,0.074494,0.056337,0.256351
29830,0.035332,0.026785,0.178023
29840,0.048736,0.037618,0.208661
29850,0.026069,0.019883,0.168237
29860,0.026637,0.018392,0.198584
29870,0.044536,0.033589,0.195103
29880,0.026110,0.019370,0.151103
29890,0.051344,0.038873,0.205951
29900,0.007942,0.005982,0.106277
29910,0.022025,0.016239,0.165336
29920,0.034515,0.024879,0.222461
29930,0.000033,0.000026,0.656035
29940,0.021725,0.016846,0.105621
29950,0.020628,0.015645,0.129662
29960,0.005169,0.003309,0.607951
29970,0.055569,0.041805,0.217412
29980,0.030430,0.022971,0.130339
29990,0.032959,0.024770,0.159132
30000,0.027963,0.020845,0.152843
30010,0.053358,0.041431,0.218702
30020,0.028883,0.021257,0.159690
30030,0.031376,0.023474,0.152585
30040,0.005543,0.004416,0.127839
30050,0.034700,0.026269,0.156840
30060,0.021482,0.015986,0.152277
30070,0.021112,0.015831,0.133133
30080,0.032392,0.024963,0.175234
30090,0.024184,0.018044,0.138139
30100,0.021392,0.015434,0.153366
30110,0.036718,0.027647,0.186219
30120,0.015710,0.011899,0.091662
30130,0.053807,0.041062,0.213378
30140,0.008790,0.006499,0.117010
30150,0.050498,0.037702,0.213808
30160,0.023458,0.016730,0.145551
30170,0.035608,0.026651,0.167548
30180,0.059971,0.045659,0.229663
30190,0.076747,0.059109,0.259009
30200,0.018084,0.013528,0.134039
30210,0.033331,0.024894,0.169966
30220,0.034245,0.025182,0.176588
30230,0.033303,0.025176,0.142048
30240,0.004461,0.003711,0.119555
30250,0.041262,0.032027,0.165386
30260,0.017123,0.012781,0.085596
30270,0.035722,0.026575,0.181810
30280,0.026867,0.020084,0.161096
30290,0.025810,0.019542,0.141170
30300,0.048135,0.036838,0.189378
30310,0.023204,0.017094,0.141323
30320,0.009338,0.006954,0.116666
30330,0.019789,0.015010,0.077376
30340,0.038143,0.028889,0.180764
30350,0.062873,0.047713,0.235259
30360,0.019448,0.014824,0.116035
30370,0.019937,0.014501,0.145011
30380,0.013800,0.010179,0.121294
30390,0.032930,0.024789,0.162908
30400,0.022309,0.017740,0.156769
30410,0.046029,0.034572,0.193684
30420,0.021713,0.015899,0.149330
30430,0.046448,0.035529,0.166393
30440,0.034263,0.026438,0.164717
30450,0.034378,0.026037,0.182802
30460,0.045184,0.034389,0.203384
30470,0.021636,0.016285,0.091753
30480,0.052647,0.039937,0.207563
30490,0.023035,0.017384,0.144033
30500,0.041412,0.031118,0.177062
30510,0.037418,0.028720,0.182848
30520,0.019908,0.015179,0.141350
30530,0.031138,0.023169,0.170109
30540,0.008233,0.006398,0.136263
30550,0.042192,0.032289,0.161817
30560,0.001649,0.001208,0.105928
30570,0.045826,0.035067,0.174019
30580,0.037351,0.028537,0.171879
30590,0.051555,0.038878,0.205386
30600,0.046738,0.034931,0.195117
30610,0.005243,0.003712,0.044702
30620,0.000011,0.000009,0.000034
30630,0.035103,0.026609,0.161504
30640,0.010300,0.009224,0.158784
30650,0.015355,0.011221,0.125549
30660,0.033689,0.025285,0.190207
30670,0.027555,0.021117,0.146739
30680,0.010511,0.007636,0.107192
30690,0.029267,0.020607,0.180480
30700,0.031909,0.023461,0.164696
30710,0.035384,0.026656,0.167632
30720,0.040329,0.030453,0.176106
30730,0.029013,0.021886,0.151994
30740,0.018393,0.013081,0.148503
30750,0.014621,0.011160,0.075570
30760,0.042044,0.031790,0.190463
30770,0.031605,0.022615,0.211187
30780,0.020248,0.014865,0.141967
30790,0.024704,0.017833,0.161705
30800,0.021765,0.016195,0.144356
30810,0.016309,0.011552,0.117737
30820,0.028867,0.021798,0.153974
30830,0.064050,0.048319,0.239715
30840,0.037496,0.028338,0.175048
30850,0.025902,0.019599,0.170913
30860,0.050571,0.037271,0.216563
30870,0.035150,0.026575,0.176716
30880,0.035232,0.026607,0.172889
30890,0.036516,0.027450,0.176415
30900,0.050200,0.038413,0.212108
30910,0.032797,0.024926,0.154282
30920,0.032931,0.024886,0.174581
30930,0.053366,0.040416,0.223669
30940,0.045925,0.034809,0.181583
30950,0.019750,0.014463,0.103441
30960,0.013286,0.009394,0.113970
30970,0.006764,0.005730,0.109264
30980,0.022323,0.016491,0.161412
30990,0.042068,0.031596,0.194724
31000,0.021830,0.016583,0.114633
31010,0.057819,0.044390,0.221497
31020,0.022438,0.016724,0.157342
31030,0.057398,0.042750,0.217235
31040,0.038369,0.029322,0.162877
31050,0.021213,0.016433,0.163777
31060,0.035748,0.026913,0.171564
31070,0.016391,0.012727,0.131556
31080,0.030860,0.022655,0.159932
31090,0.036124,0.026354,0.200945
31100,0.006977,0.004985,0.113387
31110,0.026776,0.019927,0.114810
31120,0.022908,0.017327,0.132218
31130,0.040940,0.031075,0.186150
31140,0.013960,0.010907,0.148932
31150,0.021398,0.016038,0.133888
31160,0.044678,0.033869,0.195298
31170,0.036997,0.027462,0.168957
31180,0.003383,0.002461,0.092484
31190,0.037005,0.028118,0.167479
31200,0.035678,0.026817,0.147860
31210,0.022017,0.015897,0.152550
31220,0.017299,0.013404,0.117673
31230,0.023259,0.018055,0.104764
31240,0.033712,0.025318,0.175291
31250,0.030001,0.022342,0.157623
31260,0.063426,0.048604,0.246938
31270,0.020695,0.015957,0.120356
31280,0.034054,0.025684,0.159945
31290,0.025517,0.019206,0.147425
31300,0.040121,0.030640,0.185705
31310,0.045667,0.034625,0.192938
31320,0.024229,0.018893,0.138661
31330,0.013186,0.009750,0.111375
31340,0.002791,0.001982,0.024830
31350,0.061359,0.047186,0.249387
31360,0.031786,0.023977,0.156784
31370,0.026925,0.020616,0.141315
31380,0.028979,0.021688,0.153345
31390,0.024655,0.018780,0.134846
31400,0.034477,0.026042,0.165974
31410,0.037892,0.028590,0.180986
31420,0.032034,0.024121,0.168149
31430,0.028614,0.021481,0.158064
31440,0.027767,0.020524,0.208131
31450,0.015596,0.012262,0.097945
31460,0.048022,0.036441,0.202072
31470,0.021831,0.016563,0.144382
31480,0.008187,0.006192,0.081491
31490,0.057549,0.042940,0.233628
31500,0.013726,0.009948,0.139738
31510,0.033440,0.025191,0.162711
31520,0.016696,0.012487,0.146297
31530,0.041769,0.031540,0.182086
31540,0.040380,0.030189,0.187766
31550,0.033890,0.025327,0.141824
31560,0.038259,0.028803,0.193131
31570,0.032105,0.024710,0.135369
31580,0.041900,0.031365,0.189409
31590,0.015142,0.010895,0.135821
31600,0.028928,0.021770,0.178013
31610,0.068906,0.052773,0.256589
31620,0.035056,0.026830,0.163756
31630,0.008258,0.006268,0.168601
31640,0.031325,0.023314,0.141509
31650,0.034293,0.025959,0.170312
31660,0.013943,0.010662,0.124159
31670,0.029658,0.022156,0.161302
31680,0.033770,0.025010,0.179118
31690,0.037690,0.029338,0.165204
31700,0.015122,0.011312,0.086493
31710,0.056047,0.042489,0.211687
31720,0.059018,0.042176,0.289012
31730,0.036593,0.027473,0.173626
31740,0.014811,0.011558,0.116273
31750,0.073854,0.055123,0.269394
31760,0.040678,0.030066,0.171132
31770,0.028411,0.020596,0.167435
31780,0.007212,0.006840,0.166955
31790,0.007702,0.006931,0.046456
31800,0.035286,0.026759,0.163993
31810,0.017856,0.012976,0.103133
31820,0.024712,0.018637,0.129712
31830,0.003270,0.002508,0.141917
31840,0.006845,0.004949,0.112594
31850,0.006845,0.004988,0.047856
31860,0.019752,0.014767,0.113855
31870,0.024985,0.018636,0.146509
31880,0.006138,0.004698,0.115465
31890,0.027545,0.020891,0.182898
31900,0.006242,0.005022,0.126697
31910,0.042866,0.032067,0.186521
31920,0.025128,0.018669,0.099209
31930,0.036247,0.027748,0.173515
31940,0.051037,0.039070,0.212000
31950,0.030147,0.022517,0.159655
31960,0.050601,0.038960,0.199991
31970,0.055320,0.042054,0.220178
31980,0.024093,0.017631,0.144414
31990,0.039002,0.030115,0.195955
32000,0.032032,0.024395,0.151403
32010,0.040629,0.031296,0.192323
32020,0.010969,0.008098,0.102858
32030,0.019387,0.014404,0.128050
32040,0.039021,0.029502,0.179548
32050,0.027254,0.020412,0.144094
32060,0.029385,0.022316,0.155152
32070,0.021500,0.016306,0.154060
32080,0.032466,0.025976,0.182401
32090,0.032186,0.024244,0.165112
32100,0.024312,0.018342,0.197526
32110,0.034513,0.026333,0.151714
32120,0.039965,0.030154,0.181896
32130,0.014822,0.010672,0.082795
32140,0.035857,0.026390,0.174917
32150,0.039822,0.030149,0.179880
32160,0.016653,0.012203,0.092797
32170,0.033097,0.024827,0.177265
32180,0.030792,0.023244,0.151735
32190,0.005852,0.004205,0.106199
32200,0.026594,0.020217,0.127657
32210,0.074167,0.056952,0.257220
32220,0.025047,0.018699,0.148456
32230,0.019056,0.013929,0.100478
32240,0.024431,0.018715,0.161737
32250,0.037834,0.029188,0.186389
32260,0.020614,0.015287,0.132335
32270,0.042286,0.031783,0.191525
32280,0.029916,0.022517,0.133330
32290,0.067662,0.052008,0.223403
32300,0.006634,0.005132,0.062888
32310,0.031534,0.023701,0.161586
32320,0.026563,0.019386,0.159372
32330,0.029072,0.021810,0.167987
32340,0.041564,0.031117,0.185263
32350,0.043403,0.032639,0.186786
32360,0.008018,0.005653,0.118118
32370,0.026780,0.019904,0.140407
32380,0.011450,0.008737,0.111995
32390,0.025929,0.019512,0.153665
32400,0.014738,0.011063,0.120508
32410,0.046133,0.034997,0.197868
32420,0.005427,0.004873,0.159745
32430,0.031778,0.023711,0.161649
32440,0.044986,0.034341,0.188539
32450,0.037668,0.028411,0.174142
32460,0.000493,0.000329,0.286140
32470,0.029751,0.022095,0.159497
32480,0.017832,0.013377,0.133394
32490,0.038946,0.030669,0.153568
32500,0.011345,0.009532,0.065369
32510,0.016320,0.011989,0.165115
32520,0.028478,0.021150,0.155140
32530,0.030668,0.022324,0.165266
32540,0.034432,0.025531,0.185834
32550,0.010082,0.007608,0.081880
32560,0.030613,0.023144,0.156436
32570,0.045619,0.034448,0.175236
32580,0.022009,0.016764,0.146060
32590,0.019661,0.014738,0.131163
32600,0.051586,0.039347,0.207020
32610,0.018631,0.013967,0.127460
32620,0.027887,0.020946,0.126881
32630,0.048300,0.036637,0.202621
32640,0.056020,0.042307,0.217434
32650,0.056061,0.042092,0.230228
32660,0.030161,0.022859,0.176035
32670,0.021818,0.016017,0.142033
32680,0.035748,0.027416,0.174199
32690,0.014627,0.010670,0.136601
32700,0.004465,0.003374,0.034599
32710,0.045088,0.033866,0.185757
32720,0.035843,0.026788,0.171460
32730,0.015988,0.011595,0.121388
32740,0.020405,0.015208,0.131987
32750,0.034990,0.025761,0.172153
32760,0.013086,0.009750,0.091606
32770,0.027427,0.020599,0.141931
32780,0.005835,0.004519,0.036020
32790,0.033258,0.025528,0.166117
32800,0.007759,0.005249,0.099198
32810,0.016232,0.012175,0.089869
32820,0.018774,0.013984,0.136119
32830,0.026016,0.018910,0.139585
32840,0.031882,0.024372,0.148079
32850,0.014452,0.010766,0.122722
32860,0.011197,0.008110,0.074557
32870,0.016531,0.011370,0.119132
32880,0.034688,0.026207,0.169788
32890,0.027383,0.020470,0.119831
32900,0.052014,0.039545,0.198275
32910,0.001341,0.001021,0.089982
32920,0.033240,0.025349,0.157704
32930,0.000003,0.000004,0.000011
32940,0.016572,0.012456,0.131529
32950,0.006338,0.004742,0.143211
32960,0.027475,0.020815,0.131812
32970,0.033273,0.024738,0.185472
32980,0.048344,0.036602,0.195807
32990,0.026273,0.019909,0.146389
33000,0.029772,0.022275,0.176435
33010,0.024085,0.018257,0.117950
33020,0.033210,0.025056,0.180182
33030,0.027879,0.021138,0.144754
33040,0.027148,0.020315,0.142518
33050,0.033525,0.025507,0.161123
33060,0.027259,0.020410,0.157112
33070,0.013335,0.009936,0.069663
33080,0.030119,0.022273,0.169644
33090,0.034029,0.025419,0.164780
33100,0.027034,0.020368,0.119625
33110,0.023244,0.017377,0.130492
33120,0.024117,0.018020,0.166832
33130,0.023599,0.017336,0.110201
33140,0.050136,0.038078,0.219493
33150,0.036481,0.027544,0.167067
33160,0.029453,0.021903,0.162788
33170,0.003966,0.002928,0.103375
33180,0.013501,0.009813,0.121068
33190,0.039334,0.030036,0.178859
33200,0.038321,0.028991,0.175984
33210,0.025132,0.017926,0.141490
33220,0.040811,0.030914,0.178298
33230,0.046174,0.034855,0.194791
33240,0.043579,0.033022,0.194326
33250,0.017923,0.013221,0.133706
33260,0.014136,0.010747,0.126389
33270,0.028288,0.021275,0.150267
33280,0.029725,0.022196,0.158415
33290,0.028605,0.021736,0.149101
33300,0.017041,0.012647,0.150403
33310,0.021043,0.015577,0.138223
33320,0.023193,0.017549,0.110722
33330,0.043031,0.032712,0.199130
33340,0.013280,0.009794,0.118594
33350,0.046531,0.036554,0.193308
33360,0.043422,0.032185,0.176657
33370,0.032795,0.024442,0.167880
33380,0.034391,0.025638,0.169157
33390,0.026394,0.020651,0.159911
33400,0.022592,0.016443,0.156489
33410,0.017878,0.013531,0.097086
33420,0.026345,0.019606,0.156569
33430,0.020970,0.015888,0.108881
33440,0.018460,0.013951,0.106295
33450,0.003230,0.002211,0.101341
33460,0.026292,0.019577,0.152565
33470,0.014526,0.010546,0.101646
33480,0.006715,0.004596,0.050451
33490,0.028078,0.021154,0.157978
33500,0.055336,0.041900,0.214198
33510,0.026750,0.020161,0.147234
33520,0.027367,0.021115,0.152779
33530,0.046935,0.035639,0.202508
33540,0.025302,0.018812,0.153906
33550,0.031143,0.022935,0.161344
33560,0.037028,0.027732,0.183862
33570,0.039509,0.031185,0.142322
33580,0.055128,0.041825,0.212104
33590,0.059329,0.044916,0.220854
33600,0.034371,0.025984,0.176248
33610,0.049492,0.037783,0.198440
33620,0.020467,0.015628,0.128964
33630,0.027002,0.020553,0.127451
33640,0.020066,0.014470,0.092616
33650,0.013124,0.009704,0.115112
33660,0.020620,0.015675,0.098289
33670,0.024771,0.018526,0.141756
33680,0.031660,0.025514,0.173782
33690,0.037860,0.028394,0.172151
33700,0.019608,0.014540,0.095813
33710,0.038881,0.028938,0.180460
33720,0.039388,0.029775,0.177907
33730,0.032756,0.024596,0.156766
33740,0.046013,0.034601,0.192755
33750,0.037507,0.028418,0.177322
33760,0.022865,0.017007,0.130854
33770,0.053101,0.040281,0.192962
33780,0.028766,0.021717,0.150805
33790,0.023691,0.017820,0.142768
33800,0.012516,0.008926,0.111692
33810,0.055202,0.041777,0.219423
33820,0.002838,0.001882,0.079650
33830,0.042101,0.032405,0.170788
33840,0.007563,0.005751,0.080674
33850,0.021672,0.017153,0.092469
33860,0.012248,0.009487,0.116335
33870,0.051820,0.039187,0.202573
33880,0.029194,0.021767,0.159593
33890,0.033947,0.023239,0.172652
33900,0.021834,0.016340,0.104247
33910,0.039103,0.029870,0.158686
33920,0.016570,0.012365,0.081454
33930,0.030352,0.022324,0.161044
33940,0.027355,0.020684,0.155275
33950,0.014225,0.010691,0.126364
33960,0.043140,0.032252,0.180754
33970,0.028383,0.021282,0.159189
33980,0.029753,0.022482,0.151728
33990,0.014381,0.010340,0.119235
34000,0.021925,0.016410,0.164625
34010,0.026310,0.019834,0.166523
34020,0.034541,0.026010,0.161417
34030,0.030016,0.022422,0.127854
34040,0.025188,0.018916,0.128788
34050,0.058221,0.044777,0.224492
34060,0.036002,0.027201,0.175704
34070,0.013234,0.009603,0.113096
34080,0.040284,0.030764,0.157342
34090,0.020371,0.014446,0.138423
34100,0.026203,0.019810,0.140901
34110,0.043717,0.033173,0.189485
34120,0.019370,0.015100,0.100411
34130,0.028081,0.021209,0.154979
34140,0.021002,0.015268,0.123174
34150,0.038503,0.029001,0.183595
34160,0.016759,0.012147,0.130441
34170,0.027632,0.020353,0.133194
34180,0.051040,0.038716,0.204711
34190,0.022047,0.016315,0.149712
34200,0.038144,0.029530,0.164412
34210,0.006077,0.004689,0.143676
34220,0.047410,0.036096,0.193415
34230,0.013126,0.009902,0.110258
34240,0.018178,0.013627,0.074784
34250,0.030315,0.022522,0.165403
34260,0.051680,0.038528,0.211613
34270,0.051313,0.039112,0.208293
34280,0.039496,0.029920,0.186490
34290,0.049044,0.037022,0.206542
34300,0.037749,0.029813,0.155639
34310,0.006792,0.004921,0.112197
34320,0.039053,0.028979,0.165375
34330,0.038323,0.028926,0.184810
34340,0.057552,0.044987,0.231164
34350,0.025671,0.019391,0.131464
34360,0.039544,0.030127,0.171877
34370,0.024756,0.018319,0.135937
34380,0.033398,0.025183,0.164956
34390,0.033479,0.024633,0.187750
34400,0.033141,0.024976,0.167955
34410,0.012379,0.009371,0.087554
34420,0.015216,0.011251,0.121576
34430,0.031335,0.023400,0.163677
34440,0.031018,0.023676,0.133246
34450,0.025422,0.018620,0.149266
34460,0.011395,0.008264,0.153831
34470,0.035571,0.026576,0.169694
34480,0.060147,0.046033,0.214816
34490,0.018328,0.013844,0.128614
34500,0.024002,0.017617,0.145903
34510,0.021680,0.016925,0.237819
34520,0.021701,0.016310,0.145063
34530,0.033593,0.025894,0.175617
34540,0.019316,0.014479,0.121245
34550,0.030311,0.021148,0.338990
34560,0.019737,0.015450,0.090915
34570,0.033903,0.025588,0.167187
34580,0.037768,0.028595,0.168411
34590,0.006979,0.005134,0.051941
34600,0.018338,0.013304,0.131171
34610,0.022418,0.016960,0.148851
34620,0.026104,0.019259,0.166369
34630,0.023444,0.017679,0.134688
34640,0.031391,0.023491,0.166907
34650,0.058617,0.044170,0.222452
34660,0.029993,0.022372,0.143138
34670,0.030425,0.023223,0.145483
34680,0.029948,0.022739,0.164373
34690,0.012825,0.009448,0.121542
34700,0.020414,0.015862,0.147990
34710,0.011267,0.008381,0.053426
34720,0.045169,0.034324,0.185793
34730,0.014312,0.010519,0.114085
34740,0.023155,0.017248,0.125649
34750,0.024132,0.017537,0.171113
34760,0.037225,0.028232,0.163896
34770,0.050353,0.038205,0.201078
34780,0.037103,0.028121,0.159127
34790,0.014787,0.010766,0.108797
34800,0.048079,0.036577,0.196833
34810,0.022117,0.016520,0.130086
34820,0.027565,0.021043,0.141444
34830,0.039486,0.029721,0.177643
34840,0.011473,0.008245,0.128505
34850,0.016706,0.012621,0.112113
34860,0.020109,0.015386,0.132475
34870,0.022789,0.018006,0.110741
34880,0.039178,0.029716,0.177065
34890,0.030430,0.022729,0.156706
34900,0.031318,0.023944,0.122010
34910,0.018255,0.013467,0.144988
34920,0.026271,0.020818,0.155534
34930,0.016019,0.011878,0.126911
34940,0.012422,0.009108,0.099133
34950,0.030445,0.022375,0.161664
34960,0.033063,0.024668,0.154978
34970,0.030074,0.022667,0.145121
34980,0.058102,0.044169,0.221717
34990,0.030952,0.023095,0.161840
35000,0.024375,0.017280,0.144789
35010,0.020293,0.014707,0.140969
35020,0.031079,0.023447,0.166250
35030,0.046199,0.034886,0.192617
35040,0.045239,0.034085,0.191049
35050,0.032219,0.024110,0.166168
35060,0.014316,0.010573,0.135329
35070,0.020468,0.016038,0.148318
35080,0.029279,0.021815,0.149365
35090,0.021121,0.015652,0.142146
35100,0.021532,0.015928,0.136595
35110,0.023974,0.018236,0.164997
35120,0.012723,0.008815,0.153730
35130,0.009357,0.007015,0.070323
35140,0.024586,0.017447,0.136314
35150,0.018680,0.014805,0.091183
35160,0.038895,0.029869,0.173583
35170,0.014385,0.010604,0.109979
35180,0.038628,0.028997,0.182898
35190,0.024596,0.018388,0.128357
35200,0.004707,0.003684,0.107793
35210,0.031587,0.023892,0.157857
35220,0.044708,0.033001,0.200208
35230,0.032946,0.024599,0.146617
35240,0.052735,0.039705,0.216026
35250,0.032168,0.023833,0.156564
35260,0.014498,0.010723,0.105555
35270,0.037336,0.028147,0.177162
35280,0.019918,0.014548,0.213443
35290,0.037866,0.028288,0.181785
35300,0.017361,0.012509,0.100369
35310,0.037044,0.027998,0.175194
35320,0.026489,0.019630,0.148543
35330,0.019615,0.014091,0.109592
35340,0.033886,0.025327,0.156569
35350,0.028591,0.021638,0.146984
35360,0.015894,0.011910,0.092903
35370,0.031826,0.024264,0.129358
35380,0.028796,0.021721,0.152338
35390,0.032593,0.024697,0.139605
35400,0.042148,0.031803,0.191871
35410,0.015057,0.011091,0.124455
35420,0.011018,0.008115,0.099048
35430,0.015633,0.011339,0.119368
35440,0.013466,0.010089,0.111499
35450,0.040648,0.030978,0.177891
35460,0.047786,0.036120,0.195655
35470,0.027030,0.020468,0.113578
35480,0.037539,0.028347,0.167874
35490,0.017677,0.012877,0.127952
35500,0.027064,0.020437,0.143912
35510,0.034089,0.025430,0.174273
35520,0.015404,0.011043,0.118470
35530,0.039025,0.029808,0.175522
35540,0.050601,0.038486,0.205444
35550,0.032672,0.024486,0.136218
35560,0.021467,0.016375,0.123777
35570,0.032384,0.024654,0.156486
35580,0.018497,0.014115,0.149555
35590,0.019900,0.014879,0.100960
35600,0.071383,0.054051,0.252844
35610,0.026081,0.019874,0.110551
35620,0.024101,0.018238,0.147372
35630,0.000005,0.000003,0.000015
35640,0.003535,0.002501,0.103478
35650,0.060274,0.045353,0.237369
35660,0.038043,0.028771,0.178974
35670,0.055646,0.041895,0.217909
35680,0.034383,0.026309,0.149743
35690,0.016410,0.011679,0.089710
35700,0.032248,0.024147,0.133465
35710,0.022362,0.017070,0.135355
35720,0.049800,0.037981,0.201404
35730,0.064307,0.048913,0.235243
35740,0.005029,0.003839,0.109877
35750,0.025683,0.019447,0.122249
35760,0.022505,0.018348,0.130951
35770,0.046354,0.035439,0.197296
35780,0.020032,0.014817,0.132709
35790,0.049844,0.037960,0.210391
35800,0.021674,0.015399,0.198081
35810,0.052090,0.039386,0.226127
35820,0.013142,0.010216,0.094113
35830,0.021663,0.015864,0.105335
35840,0.030515,0.022476,0.175846
35850,0.010750,0.008654,0.084391
35860,0.024894,0.018409,0.151104
35870,0.036884,0.026739,0.146012
35880,0.031060,0.023363,0.162945
35890,0.013109,0.009663,0.125622
35900,0.020475,0.015435,0.132792
35910,0.028054,0.021267,0.135175
35920,0.034526,0.026056,0.150682
35930,0.024077,0.018209,0.139968
35940,0.049596,0.036942,0.194436
35950,0.059627,0.045334,0.230053
35960,0.036373,0.027255,0.182329
35970,0.030491,0.022712,0.155905
35980,0.019869,0.014669,0.163567
35990,0.033795,0.025512,0.144877
36000,0.051522,0.039043,0.220264
36010,0.015689,0.011678,0.127019
36020,0.018384,0.014167,0.116754
36030,0.042026,0.031507,0.165435
36040,0.049191,0.037329,0.205362
36050,0.024103,0.017432,0.093041
36060,0.007605,0.005578,0.078668
36070,0.026863,0.020098,0.145513
36080,0.028972,0.021058,0.155138
36090,0.000913,0.000755,0.521586
36100,0.018361,0.013628,0.143188
36110,0.018699,0.014253,0.131007
36120,0.022971,0.017274,0.131828
36130,0.034489,0.026536,0.156801
36140,0.027353,0.020713,0.137347
36150,0.028526,0.021571,0.158765
36160,0.026196,0.019884,0.147371
36170,0.024028,0.017366,0.156206
36180,0.044590,0.033330,0.186300
36190,0.022750,0.016981,0.131551
36200,0.044018,0.033566,0.199211
36210,0.026990,0.020313,0.154738
36220,0.028869,0.021921,0.163206
36230,0.041214,0.032052,0.183959
36240,0.015996,0.011931,0.090783
36250,0.034431,0.025659,0.162368
36260,0.045639,0.034690,0.176216
36270,0.038391,0.029069,0.163167
36280,0.025571,0.019391,0.122780
36290,0.023806,0.018088,0.117583
36300,0.037820,0.028515,0.168163
36310,0.025819,0.019342,0.144676
36320,0.010416,0.007634,0.109252
36330,0.027738,0.020905,0.162400
36340,0.012801,0.009248,0.115006
36350,0.026342,0.019549,0.154927
36360,0.022901,0.017272,0.127243
36370,0.022470,0.020259,0.106592
36380,0.016122,0.011943,0.105504
36390,0.020053,0.014789,0.132896
36400,0.015069,0.011544,0.127821
36410,0.029847,0.022959,0.140762
36420,0.014320,0.010701,0.077843
36430,0.015045,0.011137,0.120841
36440,0.003145,0.002454,0.179832
36450,0.020698,0.015505,0.153791
36460,0.028247,0.021599,0.159369
36470,0.018501,0.013811,0.121869
36480,0.022232,0.016683,0.143732
36490,0.033648,0.025298,0.164190
36500,0.018664,0.013759,0.124355
36510,0.044927,0.034021,0.175295
36520,0.013704,0.010184,0.102593
36530,0.041493,0.031521,0.185987
36540,0.021602,0.016364,0.135105
36550,0.027395,0.020804,0.135544
36560,0.033727,0.024772,0.190576
36570,0.032414,0.024326,0.169849
36580,0.025627,0.019057,0.121919
36590,0.047680,0.036366,0.192656
36600,0.035129,0.026171,0.167047
36610,0.012455,0.009010,0.136360
36620,0.001136,0.000729,0.315550
36630,0.016202,0.012042,0.128024
36640,0.017086,0.012513,0.137210
36650,0.026372,0.019766,0.151285
36660,0.024559,0.018248,0.098502
36670,0.002720,0.002104,0.205533
36680,0.027051,0.020235,0.129318
36690,0.011798,0.008470,0.107575
36700,0.031775,0.023777,0.163519
36710,0.020583,0.015530,0.098334
36720,0.016891,0.012954,0.127121
36730,0.019739,0.014498,0.109708
36740,0.033915,0.025755,0.164850
36750,0.016334,0.012044,0.132675
36760,0.027831,0.020885,0.153484
36770,0.026330,0.020142,0.144668
36780,0.025122,0.018960,0.140553
36790,0.004083,0.002914,0.100418
36800,0.029582,0.021880,0.162513
36810,0.023047,0.017417,0.157828
36820,0.016491,0.012505,0.088546
36830,0.031913,0.024000,0.129037
36840,0.019938,0.015746,0.157614
36850,0.027607,0.020827,0.141772
36860,0.027069,0.020429,0.155723
36870,0.020256,0.014825,0.145835
36880,0.012901,0.009687,0.123397
36890,0.053399,0.039915,0.186894
36900,0.015897,0.011796,0.128275
36910,0.010095,0.007582,0.103712
36920,0.027846,0.021156,0.116098
36930,0.030462,0.022850,0.171121
36940,0.020134,0.015280,0.146109
36950,0.022939,0.017132,0.154646
36960,0.032862,0.024909,0.143453
36970,0.065389,0.051057,0.235338
36980,0.048803,0.036733,0.194151
36990,0.023991,0.017694,0.135901
37000,0.027539,0.020954,0.118284
37010,0.053576,0.040039,0.205782
37020,0.015272,0.011055,0.133971
37030,0.024399,0.018361,0.148435
37040,0.017901,0.013405,0.115737
37050,0.026421,0.019909,0.143367
37060,0.019225,0.013834,0.153145
37070,0.036850,0.027165,0.193179
37080,0.016838,0.012675,0.127723
37090,0.031773,0.023962,0.166994
37100,0.024868,0.018915,0.155371
37110,0.018743,0.013644,0.134815
37120,0.022642,0.016794,0.156957
37130,0.034710,0.026249,0.174270
37140,0.033717,0.024918,0.174837
37150,0.044762,0.033776,0.191447
37160,0.020669,0.015043,0.132027
37170,0.038261,0.028988,0.170880
37180,0.031072,0.023299,0.150186
37190,0.087244,0.066112,0.250733
37200,0.027645,0.020742,0.153705
37210,0.014208,0.011624,0.173128
37220,0.023540,0.017526,0.133369
37230,0.024538,0.018284,0.143597
37240,0.026150,0.019364,0.144071
37250,0.026606,0.019514,0.156706
37260,0.031778,0.024209,0.169429
37270,0.017500,0.012908,0.114516
37280,0.027291,0.020513,0.144742
37290,0.022156,0.016605,0.139957
37300,0.013063,0.009607,0.116845
37310,0.014907,0.010644,0.116866
37320,0.014845,0.010823,0.126728
37330,0.003352,0.002012,0.576611
37340,0.019609,0.014717,0.123920
37350,0.014366,0.010701,0.117543
37360,0.042061,0.031864,0.173727
37370,0.029109,0.022236,0.152044
37380,0.062368,0.046778,0.226054
37390,0.015496,0.011993,0.127803
37400,0.043024,0.032382,0.168274
37410,0.012181,0.008756,0.139251
37420,0.023691,0.017546,0.121147
37430,0.019978,0.015080,0.122064
37440,0.059238,0.045106,0.217643
37450,0.016734,0.012551,0.078038
37460,0.069701,0.052842,0.247311
37470,0.027001,0.020174,0.141988
37480,0.029485,0.022009,0.156243
37490,0.032502,0.024501,0.158403
37500,0.049114,0.037416,0.198805
37510,0.024584,0.018659,0.166188
37520,0.008178,0.005959,0.111450
37530,0.029655,0.022037,0.158346
37540,0.060763,0.046677,0.225246
37550,0.027045,0.020459,0.143176
37560,0.025964,0.019780,0.141455
37570,0.026091,0.019836,0.145655
37580,0.019119,0.013990,0.128889
37590,0.004790,0.003652,0.029717
37600,0.050411,0.037831,0.208808
37610,0.039393,0.029755,0.169076
37620,0.038335,0.028939,0.176606
37630,0.011564,0.008418,0.098793
37640,0.038732,0.029191,0.179495
37650,0.033765,0.025158,0.179301
37660,0.015316,0.011156,0.121427
37670,0.038397,0.029289,0.185563
37680,0.004978,0.004557,0.167513
37690,0.033030,0.024980,0.152659
37700,0.036899,0.027412,0.168293
37710,0.024018,0.017377,0.143478
37720,0.018278,0.013608,0.136827
37730,0.017762,0.013654,0.098319
37740,0.030913,0.023096,0.149209
37750,0.054149,0.040731,0.214159
37760,0.014946,0.011220,0.124619
37770,0.021414,0.016031,0.123089
37780,0.028337,0.021197,0.155763
37790,0.040832,0.031323,0.161638
37800,0.030570,0.022839,0.161189
37810,0.035682,0.027087,0.166485
37820,0.011453,0.008605,0.067721
37830,0.041722,0.031471,0.189860
37840,0.046673,0.036105,0.203354
37850,0.023814,0.017703,0.143599
37860,0.001870,0.001344,0.119993
37870,0.040261,0.030366,0.196005
37880,0.011389,0.008606,0.108355
37890,0.049466,0.037356,0.199639
37900,0.035398,0.026777,0.175693
37910,0.032233,0.024149,0.150701
37920,0.044109,0.033356,0.202604
37930,0.016545,0.012627,0.133029
37940,0.026799,0.019813,0.155895
37950,0.044448,0.033830,0.187056
37960,0.015712,0.011678,0.120773
37970,0.038710,0.029567,0.156838
37980,0.019175,0.012810,0.122843
37990,0.045772,0.033549,0.156858
38000,0.034573,0.026242,0.167029
38010,0.016006,0.012107,0.111896
38020,0.025133,0.018643,0.168964
38030,0.025676,0.019174,0.151415
38040,0.016844,0.012810,0.108226
38050,0.048137,0.036065,0.208146
38060,0.057737,0.045954,0.217132
38070,0.028754,0.021411,0.172680
38080,0.042420,0.032156,0.185784
38090,0.029408,0.022156,0.146916
38100,0.008657,0.006000,0.143208
38110,0.039720,0.029899,0.180203
38120,0.044483,0.034756,0.168410
38130,0.013506,0.010386,0.124398
38140,0.017117,0.012867,0.155568
38150,0.011542,0.008595,0.098589
38160,0.038415,0.028899,0.169403
38170,0.021594,0.016453,0.125925
38180,0.021490,0.015018,0.180555
38190,0.042060,0.033163,0.178809
38200,0.030133,0.022732,0.163165
38210,0.029292,0.021950,0.153413
38220,0.031739,0.024139,0.131888
38230,0.003222,0.002376,0.105521
38240,0.019902,0.015102,0.115683
38250,0.018001,0.013079,0.136056
38260,0.018537,0.013888,0.136333
38270,0.012384,0.009166,0.092886
38280,0.018307,0.013546,0.136389
38290,0.041271,0.032413,0.187746
38300,0.052205,0.039115,0.224120
38310,0.051616,0.039116,0.202379
38320,0.013407,0.009754,0.115317
38330,0.029909,0.022175,0.157814
38340,0.035886,0.026888,0.163653
38350,0.018036,0.013615,0.132521
38360,0.045391,0.034655,0.203313
38370,0.018017,0.013302,0.097648
38380,0.032225,0.023876,0.147442
38390,0.059764,0.045192,0.230425
38400,0.035574,0.026495,0.183031
38410,0.025755,0.019298,0.147559
38420,0.033101,0.024928,0.154766
38430,0.047138,0.035980,0.202240
38440,0.014298,0.010541,0.116460
38450,0.021550,0.016020,0.123269
38460,0.023040,0.017433,0.167909
38470,0.019817,0.016135,0.109080
38480,0.012754,0.009575,0.140314
38490,0.049917,0.037281,0.185156
38500,0.040850,0.031654,0.183182
38510,0.027956,0.020813,0.153365
38520,0.032121,0.024053,0.162978
38530,0.019143,0.014635,0.122686
38540,0.000008,0.000189,0.000252
38550,0.045064,0.033910,0.186031
38560,0.041097,0.031184,0.173881
38570,0.007920,0.004357,0.208143
38580,0.036186,0.027426,0.166190
38590,0.026880,0.020133,0.148566
38600,0.014201,0.009961,0.122224
38610,0.032854,0.024603,0.170033
38620,0.044924,0.033880,0.190994
38630,0.018632,0.013758,0.130582
38640,0.025543,0.018786,0.150463
38650,0.023759,0.018007,0.114702
38660,0.032411,0.024418,0.123974
38670,0.062349,0.046762,0.237613
38680,0.025352,0.019003,0.142779
38690,0.010281,0.007817,0.086498
38700,0.020516,0.014979,0.146278
38710,0.020038,0.014787,0.116812
38720,0.059560,0.045186,0.224078
38730,0.018474,0.013258,0.134412
38740,0.001142,0.000991,0.109225
38750,0.033112,0.024923,0.175910
38760,0.014924,0.010897,0.135999
38770,0.047880,0.035928,0.194999
38780,0.026947,0.020424,0.131156
38790,0.022186,0.016693,0.127917
38800,0.028795,0.021635,0.165073
38810,0.022112,0.016253,0.130969
38820,0.053537,0.040859,0.215852
38830,0.042102,0.031924,0.185363
38840,0.035536,0.026753,0.142028
38850,0.051111,0.038685,0.198265
38860,0.012205,0.008923,0.096512
38870,0.011033,0.008061,0.101726
38880,0.000950,0.000708,0.136903
38890,0.016794,0.012484,0.130988
38900,0.037698,0.028250,0.176671
38910,0.036819,0.027220,0.183375
38920,0.043031,0.031806,0.191238
38930,0.035920,0.027064,0.164586
38940,0.030048,0.022678,0.154463
38950,0.041954,0.031686,0.191707
38960,0.022982,0.017148,0.135764
38970,0.048600,0.033345,0.253161
38980,0.013565,0.010101,0.112735
38990,0.014326,0.010438,0.111678
39000,0.040287,0.030201,0.181571
39010,0.014682,0.010693,0.139577
39020,0.031675,0.023795,0.156877
39030,0.010377,0.007718,0.122627
39040,0.005165,0.003490,0.122002
39050,0.046760,0.035608,0.185206
39060,0.018015,0.013394,0.115398
39070,0.028755,0.022141,0.156002
39080,0.023764,0.015870,0.254458
39090,0.001823,0.001541,0.200144
39100,0.057877,0.043802,0.226359
39110,0.038603,0.028964,0.182749
39120,0.041010,0.031223,0.192119
39130,0.024706,0.018236,0.164131
39140,0.027004,0.020381,0.149356
39150,0.041378,0.040774,0.208879
39160,0.007441,0.005271,0.140402
39170,0.011558,0.008598,0.066890
39180,0.051180,0.038627,0.209690
39190,0.014059,0.010356,0.124583
39200,0.037482,0.027894,0.181588
39210,0.023252,0.017624,0.137662
39220,0.007728,0.005621,0.042099
39230,0.025399,0.017867,0.111672
39240,0.010658,0.008138,0.078759
39250,0.029394,0.022235,0.160289
39260,0.016454,0.012076,0.188013
39270,0.030554,0.022657,0.167240
39280,0.045179,0.034059,0.188039
39290,0.010888,0.007895,0.105962
39300,0.039573,0.030286,0.178901
39310,0.022026,0.016639,0.129310
39320,0.031276,0.023659,0.154436
39330,0.038276,0.028991,0.171546
39340,0.023351,0.017194,0.153403
39350,0.036831,0.027931,0.167838
39360,0.036135,0.026989,0.149482
39370,0.023539,0.017919,0.137979
39380,0.042402,0.031931,0.189268
39390,0.042092,0.032377,0.177873
39400,0.026648,0.020180,0.147091
39410,0.013184,0.009817,0.131977
39420,0.030257,0.022993,0.144888
39430,0.032017,0.023122,0.183715
39440,0.016339,0.011077,0.171324
39450,0.020335,0.015381,0.152257
39460,0.026669,0.019422,0.145155
39470,0.018775,0.013903,0.129921
39480,0.034696,0.026279,0.135546
39490,0.026604,0.019949,0.154987
39500,0.059701,0.046141,0.224553
39510,0.032194,0.024241,0.148679
39520,0.046604,0.035258,0.186095
39530,0.019216,0.014473,0.138046
39540,0.024458,0.018499,0.137886
39550,0.024195,0.018369,0.146029
39560,0.029068,0.021968,0.127804
39570,0.021396,0.015660,0.131138
39580,0.019122,0.014353,0.138122
39590,0.035304,0.026352,0.145391
39600,0.026063,0.019407,0.152411
39610,0.047069,0.035355,0.192787
39620,0.015867,0.011658,0.119262
39630,0.024829,0.018545,0.148944
39640,0.041939,0.031592,0.172819
39650,0.021708,0.015910,0.129903
39660,0.014752,0.010896,0.121766
39670,0.023080,0.017180,0.140066
39680,0.022905,0.017085,0.126878
39690,0.027415,0.020345,0.142490
39700,0.025647,0.019531,0.138142
39710,0.054711,0.041220,0.209145
39720,0.017910,0.013299,0.128898
39730,0.027045,0.020236,0.135014
39740,0.050643,0.038331,0.202906
39750,0.012935,0.009427,0.134913
39760,0.064943,0.049046,0.235919
39770,0.012836,0.009462,0.116274
39780,0.040762,0.031419,0.152523
39790,0.026118,0.019764,0.125849
39800,0.019552,0.014405,0.177007
39810,0.008885,0.006596,0.045129
39820,0.003429,0.002535,0.118695
39830,0.024995,0.018684,0.136197
39840,0.026638,0.020191,0.152823
39850,0.033161,0.025400,0.149360
39860,0.038800,0.029756,0.149456
39870,0.048238,0.036635,0.188465
39880,0.027013,0.020444,0.150398
39890,0.025900,0.019340,0.159141
39900,0.040715,0.030789,0.179703
39910,0.033733,0.025462,0.157381
39920,0.028125,0.021194,0.150038
39930,0.039702,0.029660,0.180794
39940,0.029800,0.022506,0.137301
39950,0.013169,0.009538,0.102498
39960,0.002427,0.001776,0.135045
39970,0.023812,0.017863,0.137923
39980,0.012966,0.009798,0.116705
39990,0.029017,0.021906,0.147257
40000,0.032687,0.024350,0.140411
40010,0.028569,0.021903,0.164392
40020,0.032182,0.023969,0.163398
40030,0.018587,0.013536,0.129068
40040,0.069944,0.052585,0.230806
40050,0.046894,0.035332,0.197305
40060,0.020361,0.015438,0.101738
40070,0.026936,0.020047,0.142395
40080,0.024442,0.018274,0.144992
40090,0.004636,0.003561,0.139755
40100,0.034804,0.026146,0.162269
40110,0.047494,0.035778,0.193811
40120,0.016605,0.012237,0.122487
40130,0.023592,0.017527,0.141918
40140,0.013151,0.009702,0.106442
40150,0.022438,0.018024,0.147758
40160,0.015410,0.011570,0.110752
40170,0.032883,0.024717,0.154505
40180,0.026791,0.020233,0.159240
40190,0.001327,0.001005,0.231800
40200,0.005814,0.004592,0.230730
40210,0.022218,0.016717,0.127454
40220,0.016774,0.012240,0.076904
40230,0.025890,0.019152,0.126466
40240,0.039057,0.029900,0.156646
40250,0.022821,0.016731,0.149017
40260,0.032861,0.024358,0.170797
40270,0.031726,0.023745,0.138389
40280,0.002439,0.001720,0.125461
40290,0.030519,0.022777,0.146950
40300,0.036987,0.027751,0.196520
40310,0.030442,0.021587,0.163342
40320,0.044138,0.032497,0.193201
40330,0.050067,0.037448,0.198457
40340,0.053467,0.040493,0.197645
40350,0.015112,0.011013,0.137691
40360,0.023937,0.018235,0.110366
40370,0.014028,0.010890,0.063408
40380,0.021711,0.015645,0.138834
40390,0.034010,0.025360,0.156107
40400,0.047544,0.035972,0.188162
40410,0.047704,0.035910,0.196251
40420,0.025101,0.018707,0.142137
40430,0.056482,0.043108,0.194369
40440,0.057035,0.043048,0.219794
40450,0.014475,0.010281,0.126737
40460,0.044792,0.033760,0.186312
40470,0.035338,0.027562,0.158077
40480,0.033921,0.025759,0.146855
40490,0.021100,0.015824,0.135797
40500,0.036035,0.027443,0.157759
40510,0.048589,0.036105,0.190200
40520,0.017310,0.012808,0.133920
40530,0.059637,0.048463,0.212674
40540,0.021782,0.015838,0.151687
40550,0.030405,0.022812,0.162068
40560,0.026140,0.019770,0.142058
40570,0.025138,0.017765,0.158069
40580,0.004781,0.003315,0.090992
40590,0.024756,0.018723,0.141566
40600,0.016786,0.013202,0.122901
40610,0.021760,0.016580,0.129790
40620,0.041215,0.031023,0.185600
40630,0.040007,0.030152,0.171050
40640,0.032996,0.024668,0.151927
40650,0.027720,0.020713,0.149747
40660,0.017912,0.013328,0.134720
40670,0.032516,0.024255,0.156729
40680,0.009493,0.007125,0.088524
40690,0.061668,0.048288,0.224081
40700,0.011458,0.008094,0.148940
40710,0.002745,0.002049,0.099043
40720,0.043936,0.033093,0.182134
40730,0.021456,0.015857,0.129404
40740,0.019814,0.015170,0.140793
40750,0.016302,0.012079,0.110891
40760,0.030003,0.021971,0.159062
40770,0.049903,0.037663,0.197161
40780,0.030980,0.023211,0.165541
40790,0.021927,0.015853,0.157777
40800,0.038942,0.029611,0.153989
40810,0.039979,0.031489,0.173367
40820,0.047921,0.036937,0.184419
40830,0.027488,0.020553,0.155774
40840,0.044290,0.033097,0.209296
40850,0.022834,0.016958,0.134164
40860,0.024911,0.018347,0.124926
40870,0.016620,0.012542,0.121627
40880,0.004518,0.003666,0.110861
40890,0.008889,0.006887,0.052895
40900,0.021422,0.016181,0.129550
40910,0.031311,0.023432,0.179103
40920,0.000016,0.000009,0.000044
40930,0.029800,0.022267,0.156534
40940,0.028684,0.021490,0.155135
40950,0.046748,0.035010,0.186348
40960,0.032144,0.025290,0.173443
40970,0.022318,0.016995,0.126027
40980,0.027248,0.020613,0.150601
40990,0.011317,0.008266,0.097974
41000,0.033498,0.026020,0.136921
41010,0.040150,0.030115,0.165337
41020,0.047944,0.036229,0.201098
41030,0.044508,0.033647,0.192826
41040,0.031558,0.023868,0.161522
41050,0.031713,0.024194,0.146902
41060,0.047503,0.036084,0.181259
41070,0.019844,0.014669,0.125158
41080,0.037522,0.028308,0.183237
41090,0.010711,0.007886,0.096101
41100,0.013882,0.010511,0.137747
41110,0.035400,0.026706,0.185514
41120,0.019252,0.014341,0.137678
41130,0.020208,0.015196,0.136013
41140,0.030324,0.022936,0.166541
41150,0.018956,0.014080,0.118889
41160,0.028745,0.021811,0.146430
41170,0.037909,0.028712,0.172704
41180,0.019561,0.014483,0.118045
41190,0.044151,0.033713,0.188366
41200,0.022956,0.016822,0.148248
41210,0.019027,0.014280,0.130283
41220,0.046332,0.034910,0.194885
41230,0.046942,0.035193,0.193118
41240,0.036114,0.027326,0.155203
41250,0.021116,0.015675,0.149205
41260,0.035556,0.026594,0.155393
41270,0.015115,0.010976,0.125398
41280,0.055075,0.042149,0.218092
41290,0.019501,0.014547,0.091812
41300,0.044935,0.033733,0.192830
41310,0.019818,0.014395,0.133717
41320,0.006752,0.004934,0.122503
41330,0.020380,0.015385,0.131002
41340,0.024472,0.018361,0.136815
41350,0.030103,0.022615,0.159672
41360,0.005257,0.003850,0.033539
41370,0.035972,0.027172,0.170662
41380,0.046712,0.038444,0.214679
41390,0.017206,0.012511,0.087777
41400,0.019302,0.014688,0.088345
41410,0.053009,0.039994,0.206723
41420,0.030436,0.022594,0.144029
41430,0.024519,0.018797,0.144812
41440,0.033019,0.024395,0.139214
41450,0.035075,0.026689,0.165183
41460,0.023688,0.017932,0.143654
41470,0.025548,0.019225,0.149220
41480,0.010900,0.008108,0.109294
41490,0.008364,0.005708,0.130578
41500,0.016141,0.012224,0.110780
41510,0.040139,0.030834,0.179917
41520,0.002401,0.001480,0.198032
41530,0.044803,0.033979,0.192309
41540,0.037562,0.028158,0.174224
41550,0.037896,0.028473,0.164699
41560,0.016003,0.011859,0.094897
41570,0.011365,0.008340,0.110079
41580,0.010755,0.008339,0.100737
41590,0.017302,0.013428,0.119159
41600,0.017070,0.012659,0.131334
41610,0.038759,0.029268,0.176886
41620,0.033404,0.025419,0.142570
41630,0.028444,0.021473,0.124681
41640,0.038776,0.029814,0.181497
41650,0.063887,0.048849,0.233020
41660,0.037823,0.028707,0.156752
41670,0.020867,0.015651,0.135049
41680,0.002267,0.001673,0.175040
41690,0.028058,0.020518,0.123155
41700,0.029408,0.022743,0.158138
41710,0.014255,0.010957,0.115540
41720,0.033011,0.024901,0.158196
41730,0.053758,0.040725,0.200774
41740,0.011616,0.008434,0.143897
41750,0.035867,0.031969,0.193431
41760,0.030274,0.023000,0.149404
41770,0.034434,0.025827,0.160673
41780,0.009614,0.006914,0.096531
41790,0.021251,0.016379,0.147766
41800,0.026485,0.020039,0.141488
41810,0.021079,0.015799,0.130824
41820,0.007174,0.005508,0.222699
41830,0.024888,0.018612,0.147142
41840,0.032028,0.024132,0.169856
41850,0.014626,0.011367,0.074466
41860,0.024740,0.018713,0.132870
41870,0.050269,0.037945,0.198269
41880,0.024073,0.018554,0.144373
41890,0.026226,0.019687,0.147155
41900,0.016469,0.012354,0.123809
41910,0.030377,0.022785,0.163649
41920,0.021122,0.015967,0.133622
41930,0.017271,0.012847,0.075575
41940,0.020404,0.015828,0.144192
41950,0.020417,0.015356,0.115100
41960,0.039024,0.029684,0.183628
41970,0.005076,0.003786,0.054180
41980,0.018737,0.013829,0.116983
41990,0.008502,0.006241,0.124977
42000,0.054271,0.040928,0.211746
42010,0.014270,0.010704,0.066788
42020,0.038519,0.028666,0.168374
42030,0.026016,0.019134,0.155431
42040,0.027524,0.020688,0.142679
42050,0.035824,0.027386,0.172245
42060,0.015595,0.011567,0.136639
42070,0.031036,0.023661,0.153444
42080,0.007710,0.005529,0.189776
42090,0.033500,0.025009,0.161482
42100,0.028508,0.021653,0.153117
42110,0.009085,0.006748,0.074125
42120,0.030710,0.023211,0.147651
42130,0.038632,0.029251,0.174348
42140,0.022124,0.016668,0.140371
42150,0.019967,0.015134,0.122108
42160,0.022607,0.016842,0.152563
42170,0.016503,0.012654,0.117484
42180,0.037323,0.028244,0.168262
42190,0.023007,0.016833,0.142037
42200,0.000003,0.000001,0.000008
42210,0.024548,0.018196,0.175514
42220,0.028846,0.021518,0.147666
42230,0.017689,0.012918,0.143539
42240,0.029630,0.022711,0.126025
42250,0.028704,0.020880,0.165316
42260,0.033161,0.024881,0.162121
42270,0.022741,0.017106,0.142210
42280,0.042869,0.032510,0.177011
42290,0.019707,0.014587,0.104515
42300,0.050055,0.037726,0.203754
42310,0.026848,0.020263,0.147583
42320,0.027539,0.021656,0.153648
42330,0.042752,0.032773,0.178602
42340,0.009807,0.008311,0.110679
42350,0.035400,0.026572,0.167065
42360,0.044481,0.033424,0.185555
42370,0.024268,0.018103,0.146124
42380,0.028532,0.021562,0.160128
42390,0.030807,0.023356,0.153063
42400,0.026805,0.020377,0.126324
42410,0.015157,0.011018,0.118923
42420,0.028163,0.020983,0.149970
42430,0.034737,0.026158,0.165239
42440,0.038388,0.028739,0.169637
42450,0.029597,0.022091,0.155306
42460,0.034539,0.026317,0.168424
42470,0.040579,0.030891,0.188569
42480,0.012298,0.009176,0.117129
42490,0.029828,0.022192,0.164812
42500,0.013611,0.009529,0.237648
42510,0.015011,0.010993,0.110499
42520,0.033969,0.025511,0.156308
42530,0.017133,0.012684,0.086519
42540,0.009225,0.006671,0.097986
42550,0.030372,0.023173,0.135085
42560,0.016195,0.011840,0.122787
42570,0.021943,0.016597,0.113006
42580,0.039415,0.029803,0.141527
42590,0.033865,0.025644,0.142185
42600,0.013999,0.010147,0.083690
42610,0.039238,0.029609,0.182829
42620,0.032800,0.024538,0.160956
42630,0.017502,0.012824,0.112131
42640,0.014452,0.010770,0.118568
42650,0.056122,0.042236,0.212122
42660,0.029552,0.022143,0.164706
42670,0.038194,0.029279,0.177480
42680,0.037655,0.028709,0.164051
42690,0.041824,0.031543,0.171289
42700,0.025128,0.018929,0.136703
42710,0.040633,0.030930,0.181119
42720,0.019864,0.015002,0.117684
42730,0.023616,0.017729,0.142138
42740,0.028381,0.021237,0.153539
42750,0.028859,0.021691,0.118296
42760,0.018585,0.013871,0.192056
42770,0.063349,0.048430,0.235623
42780,0.019901,0.014676,0.126898
42790,0.002736,0.002058,0.060652
42800,0.000375,0.000345,0.022761
42810,0.006700,0.004930,0.104382
42820,0.019532,0.014580,0.120511
42830,0.037123,0.027883,0.171333
42840,0.034386,0.025574,0.157883
42850,0.026287,0.020098,0.137563
42860,0.037288,0.027910,0.176898
42870,0.032805,0.024784,0.171548
42880,0.015192,0.011271,0.117669
42890,0.027948,0.020763,0.149633
42900,0.029935,0.022150,0.132062
42910,0.034648,0.026028,0.161244
42920,0.027939,0.020924,0.164390
42930,0.044363,0.034069,0.180388
42940,0.031347,0.023979,0.148213
42950,0.028656,0.021467,0.146080
42960,0.023660,0.017698,0.137831
42970,0.036630,0.027630,0.165595
42980,0.011732,0.008232,0.165717
42990,0.031594,0.023904,0.149873
43000,0.044756,0.033392,0.181621
43010,0.026580,0.019976,0.144418
43020,0.017721,0.013072,0.127512
43030,0.028257,0.021148,0.148502
43040,0.023899,0.017971,0.147437
43050,0.035150,0.026367,0.152348
43060,0.038176,0.028763,0.167551
43070,0.014347,0.011087,0.077595
43080,0.031145,0.023263,0.166562
43090,0.025775,0.019016,0.139764
43100,0.041078,0.031113,0.179604
43110,0.029434,0.022364,0.168911
43120,0.006739,0.004842,0.096788
43130,0.048356,0.036587,0.203447
43140,0.044865,0.034017,0.186876
43150,0.006916,0.004868,0.090916
43160,0.032396,0.024399,0.166375
43170,0.029235,0.022341,0.157331
43180,0.043147,0.033011,0.177135
43190,0.018703,0.013910,0.127200
43200,0.017669,0.012968,0.125754
43210,0.030190,0.022553,0.155334
43220,0.034734,0.026596,0.165528
43230,0.001202,0.000950,0.014786
43240,0.010799,0.008127,0.098758
43250,0.023646,0.017505,0.140541
43260,0.016433,0.011987,0.120887
43270,0.028664,0.021486,0.145661
43280,0.020902,0.015374,0.152416
43290,0.036046,0.027253,0.161266
43300,0.021485,0.016053,0.126049
43310,0.032077,0.024133,0.162226
43320,0.023815,0.017775,0.136819
43330,0.026320,0.019585,0.147109
43340,0.035481,0.026579,0.146094
43350,0.012549,0.009241,0.107751
43360,0.034878,0.026522,0.172608
43370,0.014703,0.011335,0.139379
43380,0.022500,0.016296,0.130013
43390,0.058383,0.044329,0.231235
43400,0.025121,0.019594,0.131552
43410,0.005799,0.004470,0.086799
43420,0.023360,0.017908,0.143348
43430,0.009225,0.006889,0.064320
43440,0.023886,0.017634,0.141641
43450,0.002571,0.001980,0.055958
43460,0.018163,0.013357,0.127083
43470,0.034992,0.026165,0.165964
43480,0.032353,0.024462,0.167601
43490,0.027811,0.020970,0.143950
43500,0.030969,0.022825,0.134701
43510,0.026697,0.020149,0.148747
43520,0.018126,0.013406,0.131207
43530,0.031601,0.023131,0.158508
43540,0.049523,0.037150,0.198184
43550,0.000002,0.000001,0.000007
43560,0.035672,0.026920,0.161749
43570,0.014119,0.010500,0.100217
43580,0.035243,0.026872,0.158541
43590,0.034935,0.026072,0.182887
43600,0.014125,0.010433,0.096446
43610,0.032200,0.023841,0.135103
43620,0.013506,0.009803,0.113357
43630,0.005336,0.004049,0.035827
43640,0.050468,0.038281,0.200047
43650,0.055816,0.042230,0.216044
43660,0.026737,0.020102,0.123985
43670,0.029809,0.022316,0.165296
43680,0.040000,0.029855,0.174177
43690,0.049062,0.037641,0.172435
43700,0.031735,0.025977,0.161738
43710,0.036598,0.027562,0.174176
43720,0.030509,0.022832,0.157217
43730,0.030070,0.022572,0.163377
43740,0.017128,0.012607,0.100894
43750,0.017267,0.012560,0.146158
43760,0.017444,0.013084,0.122262
43770,0.043963,0.033423,0.179495
43780,0.029953,0.022442,0.153969
43790,0.011400,0.008298,0.102177
43800,0.043443,0.033328,0.154446
43810,0.014632,0.010839,0.121406
43820,0.015904,0.011968,0.118612
43830,0.028214,0.021045,0.157459
43840,0.013286,0.009810,0.108179
43850,0.033452,0.024932,0.168668
43860,0.038444,0.028830,0.186078
43870,0.034432,0.026321,0.164735
43880,0.042333,0.031566,0.170551
43890,0.029846,0.021945,0.153833
43900,0.025993,0.020073,0.126482
43910,0.016382,0.012093,0.128902
43920,0.018978,0.014073,0.117184
43930,0.031265,0.023694,0.161568
43940,0.047428,0.036360,0.199630
43950,0.023511,0.016995,0.138659
43960,0.038450,0.028667,0.177732
43970,0.014323,0.010829,0.073422
43980,0.026743,0.019990,0.138747
43990,0.027679,0.020939,0.145715
44000,0.021916,0.016653,0.123777
44010,0.018952,0.013935,0.127554
44020,0.031715,0.023843,0.152883
44030,0.029934,0.022325,0.163438
44040,0.024239,0.018604,0.161208
44050,0.026383,0.023116,0.218748
44060,0.025826,0.019428,0.105088
44070,0.024973,0.018758,0.135594
44080,0.039502,0.029746,0.172209
44090,0.013089,0.009781,0.060166
44100,0.021037,0.016332,0.159051
44110,0.000424,0.000338,0.053645
44120,0.015324,0.011158,0.115072
44130,0.021769,0.016213,0.135509
44140,0.056876,0.042815,0.216628
44150,0.015220,0.011396,0.127527
44160,0.032677,0.024905,0.146874
44170,0.036851,0.027766,0.165301
44180,0.037902,0.028095,0.181103
44190,0.026423,0.019976,0.152465
44200,0.019603,0.013863,0.092282
44210,0.021765,0.016313,0.137728
44220,0.019556,0.014387,0.089053
44230,0.043422,0.032700,0.186623
44240,0.022557,0.017151,0.133158
44250,0.015405,0.011686,0.117626
44260,0.006302,0.004680,0.104045
44270,0.014475,0.010757,0.065214
44280,0.029751,0.021950,0.161960
44290,0.021624,0.016115,0.130744
44300,0.026274,0.020092,0.138917
44310,0.025678,0.019210,0.135125
44320,0.027029,0.020417,0.138285
44330,0.020686,0.015687,0.151775
44340,0.017608,0.013066,0.117804
44350,0.048264,0.037326,0.197289
44360,0.005103,0.004129,0.109072
44370,0.014854,0.010859,0.115412
44380,0.036700,0.027220,0.162464
44390,0.023812,0.017534,0.144703
44400,0.039830,0.030114,0.183109
44410,0.034183,0.025569,0.144588
44420,0.017003,0.012845,0.105440
44430,0.032096,0.024398,0.154597
44440,0.015303,0.011540,0.087755
44450,0.030453,0.022958,0.134976
44460,0.031810,0.024374,0.160444
44470,0.023463,0.017855,0.125525
44480,0.015942,0.011890,0.114426
44490,0.029437,0.022125,0.143597
44500,0.022001,0.016404,0.150747
44510,0.018729,0.013882,0.138376
44520,0.028343,0.021573,0.151768
44530,0.043660,0.033374,0.166945
44540,0.028169,0.020989,0.106150
44550,0.047030,0.035461,0.196950
44560,0.049505,0.037338,0.211707
44570,0.042785,0.032423,0.203089
44580,0.007375,0.005889,0.141776
44590,0.005530,0.004111,0.101184
44600,0.032462,0.024177,0.152067
44610,0.055054,0.052636,0.246562
44620,0.005590,0.004079,0.088982
44630,0.008825,0.006388,0.110154
44640,0.037009,0.029711,0.171051
44650,0.027680,0.020660,0.148220
44660,0.029780,0.022593,0.134875
44670,0.027431,0.020582,0.110641
44680,0.024811,0.018518,0.119191
44690,0.015460,0.011611,0.118915
44700,0.012885,0.009422,0.102952
44710,0.010215,0.007580,0.101221
44720,0.019890,0.014742,0.096679
44730,0.037841,0.028769,0.182529
44740,0.026905,0.020233,0.147682
44750,0.024565,0.018657,0.142026
44760,0.025844,0.018773,0.153776
44770,0.050252,0.038223,0.187892
44780,0.026041,0.019693,0.144744
44790,0.036721,0.027263,0.177556
44800,0.028166,0.021331,0.129206
44810,0.042247,0.031638,0.186066
44820,0.008531,0.006611,0.097540
44830,0.036051,0.027205,0.164161
44840,0.019926,0.014076,0.142948
44850,0.013103,0.009738,0.111102
44860,0.034503,0.026773,0.200879
44870,0.037426,0.028196,0.135193
44880,0.019187,0.014359,0.146460
44890,0.025813,0.019110,0.115651
44900,0.023875,0.017697,0.148495
44910,0.033564,0.025354,0.155366
44920,0.000009,0.000004,0.000023
44930,0.028654,0.022117,0.148776
44940,0.025032,0.018575,0.172047
44950,0.043274,0.032312,0.190255
44960,0.045126,0.033869,0.183032
44970,0.018149,0.013589,0.121225
44980,0.029782,0.022162,0.151688
44990,0.020137,0.014844,0.098790
45000,0.038589,0.029304,0.168606
45010,0.023371,0.017572,0.141647
45020,0.036136,0.027317,0.156778
45030,0.030464,0.022706,0.175216
45040,0.012090,0.009056,0.115241
45050,0.020676,0.015675,0.109180
45060,0.034665,0.026333,0.161261
45070,0.008275,0.006133,0.061137
45080,0.034980,0.026397,0.170052
45090,0.021157,0.015367,0.127032
45100,0.041002,0.030712,0.174076
45110,0.028843,0.021594,0.124291
45120,0.012203,0.008643,0.128563
45130,0.019089,0.014628,0.149076
45140,0.017780,0.014079,0.096253
45150,0.026025,0.020041,0.109195
45160,0.010844,0.008269,0.097093
45170,0.027666,0.020819,0.159772
45180,0.037800,0.028086,0.163430
45190,0.044292,0.033373,0.178967
45200,0.047673,0.036030,0.196080
45210,0.038207,0.029547,0.154112
45220,0.023678,0.017590,0.128383
45230,0.029911,0.022698,0.135181
45240,0.041012,0.031162,0.176797
45250,0.036770,0.028164,0.173062
45260,0.032962,0.024786,0.139163
45270,0.004928,0.004210,0.047637
45280,0.013231,0.009954,0.114910
45290,0.028630,0.021778,0.139078
45300,0.017774,0.013038,0.125287
45310,0.036030,0.027030,0.149286
45320,0.041679,0.030875,0.180324
45330,0.033372,0.024852,0.182106
45340,0.017232,0.012419,0.152585
45350,0.018771,0.013604,0.126539
45360,0.023527,0.017562,0.115411
45370,0.012285,0.009364,0.074888
45380,0.032154,0.023925,0.160387
45390,0.050119,0.037004,0.194234
45400,0.015267,0.010999,0.110394
45410,0.024589,0.018934,0.115307
45420,0.033039,0.025304,0.170519
45430,0.018333,0.013767,0.100082
45440,0.023851,0.017921,0.145983
45450,0.018571,0.013489,0.133539
45460,0.036472,0.027512,0.145320
45470,0.039269,0.029872,0.180895
45480,0.011973,0.009262,0.094058
45490,0.028604,0.020614,0.156212
45500,0.007277,0.005392,0.092891
45510,0.013420,0.010160,0.074529
45520,0.020545,0.015627,0.112827
45530,0.029852,0.022451,0.150799
45540,0.033858,0.025658,0.156524
45550,0.020019,0.015058,0.124252
45560,0.056636,0.042449,0.214571
45570,0.008105,0.006102,0.080152
45580,0.039126,0.029711,0.176242
45590,0.018006,0.013133,0.084843
45600,0.001178,0.000849,0.087518
45610,0.039307,0.029260,0.170398
45620,0.016783,0.012575,0.117113
45630,0.029266,0.022373,0.150659
45640,0.023295,0.017668,0.136945
45650,0.040432,0.030201,0.184160
45660,0.017247,0.012817,0.119933
45670,0.000034,0.000027,0.656114
45680,0.023744,0.017899,0.130188
45690,0.014689,0.011314,0.100290
45700,0.020963,0.015767,0.099949
45710,0.033699,0.025464,0.159709
45720,0.009446,0.006885,0.120061
45730,0.011584,0.008672,0.126824
45740,0.005536,0.004276,0.026994
45750,0.011997,0.008505,0.128465
45760,0.052518,0.042072,0.211858
45770,0.015455,0.011255,0.116083
45780,0.005704,0.004099,0.100644
45790,0.002639,0.001976,0.084185
45800,0.031047,0.023791,0.173319
45810,0.012212,0.009746,0.144453
45820,0.011575,0.008673,0.100915
45830,0.010548,0.007485,0.056243
45840,0.036920,0.028277,0.163660
45850,0.034074,0.026379,0.168414
45860,0.046609,0.035329,0.177774
45870,0.032737,0.024895,0.155296
45880,0.029384,0.022047,0.158347
45890,0.023693,0.017611,0.136311
45900,0.029623,0.022271,0.146268
45910,0.019288,0.014665,0.128928
45920,0.022878,0.017118,0.130394
45930,0.025819,0.019584,0.146463
45940,0.059541,0.045162,0.221224
45950,0.013341,0.009204,0.129643
45960,0.035816,0.026862,0.160586
45970,0.021313,0.015998,0.117416
45980,0.016233,0.011959,0.135911
45990,0.040128,0.030373,0.181326
46000,0.037732,0.028373,0.165731
46010,0.039153,0.029609,0.174335
46020,0.015283,0.011115,0.134528
46030,0.014150,0.010647,0.131525
46040,0.018023,0.013291,0.093807
46050,0.013132,0.009320,0.151125
46060,0.001211,0.000893,0.125289
46070,0.015581,0.011535,0.120886
46080,0.019239,0.014476,0.135217
46090,0.031300,0.023459,0.122765
46100,0.001486,0.001140,0.088178
46110,0.029307,0.022179,0.159503
46120,0.015128,0.011427,0.121805
46130,0.038318,0.029127,0.151971
46140,0.019390,0.014443,0.125643
46150,0.019558,0.014715,0.142360
46160,0.027964,0.020697,0.141978
46170,0.035718,0.027145,0.166699
46180,0.025849,0.019249,0.144195
46190,0.016464,0.012183,0.105669
46200,0.022544,0.015824,0.141983
46210,0.048302,0.035855,0.189692
46220,0.022137,0.016679,0.109349
46230,0.044467,0.034001,0.195953
46240,0.031870,0.023980,0.155040
46250,0.100380,0.077566,0.322318
46260,0.023361,0.017446,0.147616
46270,0.016792,0.013406,0.074051
46280,0.030044,0.022431,0.155851
46290,0.029239,0.021380,0.168520
46300,0.026627,0.019776,0.149843
46310,0.020641,0.015407,0.139500
46320,0.037821,0.028336,0.179406
46330,0.025800,0.019147,0.145707
46340,0.029607,0.022233,0.151221
46350,0.031254,0.023496,0.160460
46360,0.037337,0.028556,0.159153
46370,0.065757,0.049527,0.225610
46380,0.043914,0.033595,0.188423
46390,0.035238,0.026280,0.162847
46400,0.032444,0.024528,0.138254
46410,0.004028,0.002932,0.135485
46420,0.049983,0.038031,0.204014
46430,0.046590,0.034968,0.190709
46440,0.024631,0.020446,0.145720
46450,0.038595,0.028904,0.168352
46460,0.032244,0.023781,0.159288
46470,0.017860,0.013283,0.113951
46480,0.025086,0.018592,0.134796
46490,0.019477,0.014630,0.112686
46500,0.019214,0.014866,0.099506
46510,0.052920,0.039770,0.202399
46520,0.040049,0.030644,0.181515
46530,0.022172,0.016699,0.097450
46540,0.012599,0.009479,0.100129
46550,0.043330,0.032385,0.199098
46560,0.051786,0.039280,0.190267
46570,0.025582,0.018958,0.135642
46580,0.002281,0.001645,0.083808
46590,0.027654,0.020853,0.137265
46600,0.010890,0.008141,0.068717
46610,0.015305,0.011707,0.121738
46620,0.045687,0.035092,0.188560
46630,0.023763,0.017739,0.128349
46640,0.032579,0.024927,0.168182
46650,0.035063,0.026504,0.171977
46660,0.034400,0.026507,0.165671
46670,0.021205,0.015897,0.102450
46680,0.021585,0.016185,0.136874
46690,0.024081,0.017775,0.146707
46700,0.017548,0.013156,0.104428
46710,0.011866,0.008797,0.112000
46720,0.014816,0.010967,0.113584
46730,0.044224,0.034122,0.196792
46740,0.036002,0.027010,0.162002
46750,0.009623,0.007130,0.099796
46760,0.036203,0.027206,0.169110
46770,0.016905,0.012716,0.118594
46780,0.030921,0.023734,0.145273
46790,0.011535,0.008593,0.109862
46800,0.036998,0.027686,0.175055
46810,0.024251,0.018358,0.136106
46820,0.003636,0.002484,0.214497
46830,0.022740,0.017092,0.153134
46840,0.017147,0.012918,0.107939
46850,0.055889,0.042339,0.211917
46860,0.011971,0.009595,0.056397
46870,0.055376,0.041967,0.214580
46880,0.033913,0.026375,0.147347
46890,0.041997,0.030924,0.189578
46900,0.020984,0.015903,0.132759
46910,0.015568,0.011771,0.119645
46920,0.043242,0.032856,0.182497
46930,0.023608,0.017803,0.141841
46940,0.033597,0.025469,0.149353
46950,0.016591,0.012279,0.126392
46960,0.037363,0.028446,0.167277
46970,0.046622,0.035278,0.191502
46980,0.040897,0.030862,0.178996
46990,0.042710,0.032311,0.185472
47000,0.030975,0.022320,0.159756
47010,0.022127,0.016498,0.128476
47020,0.022840,0.016877,0.137516
47030,0.021323,0.016028,0.127664
47040,0.031980,0.024000,0.162980
47050,0.028328,0.021227,0.145760
47060,0.034364,0.025393,0.145693
47070,0.014827,0.010557,0.141394
47080,0.025172,0.020159,0.155839
47090,0.022529,0.016792,0.153667
47100,0.039692,0.029921,0.170942
47110,0.005200,0.003807,0.117355
47120,0.030577,0.023191,0.152190
47130,0.010548,0.007767,0.098137
47140,0.032671,0.024880,0.162953
47150,0.021446,0.016132,0.132466
47160,0.010264,0.008942,0.182950
47170,0.011439,0.008733,0.098112
47180,0.020458,0.015001,0.109082
47190,0.030215,0.023098,0.177408
47200,0.050263,0.038103,0.203786
47210,0.016844,0.012607,0.141355
47220,0.021196,0.016130,0.134957
47230,0.013561,0.010438,0.104243
47240,0.028907,0.021680,0.148994
47250,0.029741,0.022239,0.120137
47260,0.040401,0.030605,0.184329
47270,0.063190,0.051307,0.231739
47280,0.015604,0.012099,0.088217
47290,0.022487,0.017307,0.138925
47300,0.020860,0.016234,0.098893
47310,0.021511,0.016340,0.121289
47320,0.019559,0.015169,0.112348
47330,0.029521,0.023183,0.162876
47340,0.014813,0.010855,0.114754
47350,0.034492,0.026268,0.142237
47360,0.017180,0.012860,0.117965
47370,0.032647,0.024631,0.155270
47380,0.043808,0.032968,0.186630
47390,0.014115,0.010582,0.069655
47400,0.030240,0.022850,0.171198
47410,0.031556,0.023576,0.161899
47420,0.010684,0.008159,0.102846
47430,0.002614,0.001863,0.098675
47440,0.020088,0.014766,0.142869
47450,0.027440,0.020966,0.145343
47460,0.037793,0.028319,0.156617
47470,0.006989,0.004962,0.088491
47480,0.032683,0.024875,0.153816
47490,0.017160,0.012788,0.113368
47500,0.028463,0.020990,0.147180
47510,0.042831,0.032565,0.190362
47520,0.029631,0.022276,0.166986
47530,0.028786,0.021547,0.145412
47540,0.046831,0.035419,0.190338
47550,0.009354,0.006578,0.111306
47560,0.017172,0.013688,0.158616
47570,0.019394,0.013906,0.101852
47580,0.038170,0.029117,0.179382
47590,0.020957,0.015676,0.139425
47600,0.024052,0.017979,0.135317
47610,0.057119,0.043619,0.207579
47620,0.050923,0.038805,0.180212
47630,0.041319,0.031140,0.174405
47640,0.043500,0.032763,0.189472
47650,0.037803,0.028739,0.172642
47660,0.020518,0.015521,0.122351
47670,0.002691,0.002109,0.135910
47680,0.036718,0.027853,0.163194
47690,0.027169,0.020607,0.133074
47700,0.020104,0.015021,0.120573
47710,0.026205,0.019517,0.142780
47720,0.040342,0.030468,0.183346
47730,0.048108,0.036416,0.194411
47740,0.015386,0.011187,0.119024
47750,0.018821,0.014028,0.085897
47760,0.052041,0.039349,0.201691
47770,0.032426,0.024472,0.159768
47780,0.009552,0.007308,0.140574
47790,0.021771,0.015808,0.088907
47800,0.031242,0.023495,0.154774
47810,0.044477,0.033479,0.188555
47820,0.050418,0.038186,0.204546
47830,0.038030,0.029076,0.174824
47840,0.019142,0.014307,0.124106
47850,0.061166,0.043954,0.250258
47860,0.015987,0.011754,0.126192
47870,0.023619,0.017798,0.128375
47880,0.029992,0.022413,0.154236
47890,0.015407,0.011559,0.130647
47900,0.020562,0.015819,0.104650
47910,0.023920,0.018119,0.136412
47920,0.013668,0.010039,0.120446
47930,0.034357,0.025661,0.162096
47940,0.039444,0.029659,0.155494
47950,0.004929,0.003612,0.094493
47960,0.038622,0.030226,0.184308
47970,0.034673,0.026360,0.155906
47980,0.022195,0.016225,0.145603
47990,0.013532,0.009832,0.113446
48000,0.031796,0.024000,0.154411
48010,0.034896,0.026068,0.166200
48020,0.045859,0.034924,0.189756
48030,0.029094,0.020990,0.184165
48040,0.029671,0.022637,0.155418
48050,0.009562,0.006915,0.123551
48060,0.013395,0.009457,0.146318
48070,0.052145,0.039683,0.206275
48080,0.026747,0.019926,0.148240
48090,0.010006,0.006824,0.110210
48100,0.037120,0.027177,0.142846
48110,0.036069,0.027792,0.165582
48120,0.042378,0.031976,0.178311
48130,0.018538,0.013451,0.156204
48140,0.026236,0.019764,0.144872
48150,0.030960,0.023336,0.157988
48160,0.015220,0.011337,0.114952
48170,0.039502,0.029975,0.171900
48180,0.006275,0.004715,0.107230
48190,0.045248,0.034240,0.199910
48200,0.033018,0.025084,0.150040
48210,0.046770,0.035360,0.194775
48220,0.012876,0.009605,0.100551
48230,0.023851,0.017937,0.127351
48240,0.032732,0.024321,0.161392
48250,0.047244,0.035489,0.205319
48260,0.032646,0.024392,0.155086
48270,0.011690,0.008586,0.211521
48280,0.025930,0.019369,0.140432
48290,0.004303,0.003246,0.081345
48300,0.030481,0.022821,0.140020
48310,0.031464,0.023633,0.154539
48320,0.017745,0.012714,0.137027
48330,0.004454,0.003741,0.032956
48340,0.033761,0.025754,0.162201
48350,0.016847,0.012740,0.114400
48360,0.037194,0.028143,0.172564
48370,0.021874,0.016679,0.116585
48380,0.028459,0.021538,0.144294
48390,0.033950,0.025734,0.160409
48400,0.029885,0.022828,0.165182
48410,0.008567,0.006278,0.092905
48420,0.012605,0.009290,0.070170
48430,0.035805,0.026618,0.165980
48440,0.028081,0.020909,0.153517
48450,0.021881,0.016385,0.135529
48460,0.015572,0.011752,0.083400
48470,0.019128,0.014406,0.121232
48480,0.011308,0.008435,0.094217
48490,0.037791,0.028683,0.170404
48500,0.005193,0.004186,0.033789
48510,0.068782,0.051710,0.252332
48520,0.031222,0.023640,0.146666
48530,0.032713,0.024543,0.138048
48540,0.035984,0.026685,0.163736
48550,0.003448,0.002813,0.140945
48560,0.061404,0.046145,0.241155
48570,0.026355,0.020734,0.124662
48580,0.039324,0.031037,0.179239
48590,0.017467,0.013067,0.126342
48600,0.032234,0.024230,0.136606
48610,0.016596,0.012392,0.078249
48620,0.022549,0.017316,0.114268
48630,0.028930,0.021863,0.162294
48640,0.015801,0.012089,0.080495
48650,0.016617,0.012056,0.108943
48660,0.049887,0.038239,0.192082
48670,0.066330,0.050553,0.227922
48680,0.067335,0.050483,0.232750
48690,0.025922,0.019773,0.119491
48700,0.032781,0.025346,0.153659
48710,0.015904,0.011640,0.120397
48720,0.017786,0.013338,0.094269
48730,0.029032,0.021973,0.154134
48740,0.041552,0.031322,0.180925
48750,0.028053,0.021168,0.114747
48760,0.049398,0.037525,0.201531
48770,0.013026,0.009733,0.109052
48780,0.030651,0.022927,0.158114
48790,0.028946,0.021436,0.123806
48800,0.017731,0.015967,0.164354
48810,0.007780,0.005548,0.108916
48820,0.047028,0.036035,0.190538
48830,0.032453,0.024382,0.152059
48840,0.057902,0.044246,0.220983
48850,0.023872,0.018710,0.112769
48860,0.016065,0.012100,0.119499
48870,0.024193,0.018211,0.137796
48880,0.029991,0.022761,0.144732
48890,0.038909,0.029830,0.144378
48900,0.014675,0.010947,0.101467
48910,0.024773,0.018174,0.144831
48920,0.023702,0.017684,0.128371
48930,0.023778,0.017824,0.123969
48940,0.029143,0.021201,0.118239
48950,0.020171,0.015305,0.122340
48960,0.040295,0.030213,0.178394
48970,0.023197,0.017304,0.134555
48980,0.027488,0.020364,0.134706
48990,0.034981,0.026461,0.160181
49000,0.046801,0.035199,0.194992
49010,0.017985,0.013603,0.131339
49020,0.047159,0.035648,0.195416
49030,0.042942,0.032761,0.193612
49040,0.020862,0.016091,0.132476
49050,0.012347,0.009317,0.071095
49060,0.011334,0.008336,0.101224
49070,0.047385,0.035790,0.196385
49080,0.027291,0.020580,0.146900
49090,0.031913,0.023879,0.153476
49100,0.055709,0.042121,0.194748
49110,0.034538,0.026141,0.183311
49120,0.046331,0.035458,0.180218
49130,0.023412,0.017859,0.146659
49140,0.021520,0.015964,0.142506
49150,0.032137,0.023841,0.166082
49160,0.025764,0.021286,0.228665
49170,0.018620,0.013767,0.141437
49180,0.015403,0.010986,0.149636
49190,0.016648,0.012482,0.127811
49200,0.028599,0.021286,0.141176
49210,0.032023,0.024117,0.147718
49220,0.020887,0.015770,0.103050
49230,0.022225,0.016777,0.129836
49240,0.019514,0.015123,0.121247
49250,0.042173,0.031840,0.158291
49260,0.019367,0.014036,0.143719
49270,0.015553,0.011383,0.132951
49280,0.004180,0.003073,0.096728
49290,0.031489,0.023522,0.151983
49300,0.031038,0.023483,0.149996
49310,0.028548,0.021581,0.147539
49320,0.017384,0.012887,0.110193
49330,0.022488,0.016262,0.162788
49340,0.019998,0.015059,0.090494
49350,0.017137,0.012600,0.137623
49360,0.032956,0.024680,0.161979
49370,0.035195,0.026090,0.173367
49380,0.058057,0.043863,0.213401
49390,0.026305,0.020634,0.106533
49400,0.025964,0.018361,0.147185
49410,0.028278,0.021026,0.146562
49420,0.037402,0.028369,0.155004
49430,0.010658,0.008010,0.088558
49440,0.006208,0.004444,0.107550
49450,0.020300,0.015069,0.139851
49460,0.016652,0.011601,0.115905
49470,0.028821,0.021152,0.155096
49480,0.031059,0.023255,0.148224
49490,0.022983,0.017283,0.097277
49500,0.048692,0.037032,0.200028
49510,0.036907,0.026690,0.179578
49520,0.027264,0.020662,0.154731
49530,0.031330,0.023769,0.163463
49540,0.003579,0.002213,0.149991
49550,0.028276,0.021164,0.150205
49560,0.018320,0.014012,0.110985
49570,0.014614,0.011607,0.117076
49580,0.016000,0.011759,0.127200
49590,0.021578,0.015761,0.145769
49600,0.018280,0.013321,0.134614
49610,0.020167,0.015045,0.117410
49620,0.045698,0.034335,0.196697
49630,0.034628,0.024462,0.153915
49640,0.002588,0.002081,0.017906
49650,0.006045,0.004408,0.109840
49660,0.032938,0.024907,0.135904
49670,0.024174,0.018392,0.116945
49680,0.013570,0.010271,0.101074
49690,0.013660,0.010053,0.115778
49700,0.002540,0.001779,0.020587
49710,0.037922,0.028797,0.162939
49720,0.036682,0.027895,0.169826
49730,0.005893,0.004319,0.096495
49740,0.030106,0.022605,0.163996
49750,0.030850,0.023562,0.138307
49760,0.021586,0.016173,0.137540
49770,0.018071,0.013477,0.099540
49780,0.036726,0.027910,0.165986
49790,0.027006,0.020160,0.121851
49800,0.013670,0.010136,0.064534
49810,0.017989,0.013350,0.117181
49820,0.006835,0.005039,0.107669
49830,0.033573,0.025753,0.158335
49840,0.021849,0.016195,0.138779
49850,0.040646,0.030511,0.177350
49860,0.022631,0.016981,0.126354
49870,0.031645,0.023833,0.152232
49880,0.044660,0.033643,0.212894
49890,0.042288,0.031337,0.185473
49900,0.022002,0.016097,0.150215
49910,0.024239,0.018336,0.138671
49920,0.051605,0.038569,0.200427
49930,0.019865,0.015018,0.137187
49940,0.022013,0.016255,0.138607
49950,0.016281,0.012029,0.106968
49960,0.039773,0.030114,0.147334
49970,0.014171,0.011084,0.079325
49980,0.012874,0.009751,0.105884
49990,0.022037,0.017177,0.106867
50000,0.045791,0.034878,0.175865
50010,0.039132,0.029443,0.148909
50020,0.024368,0.018397,0.112358
50030,0.013605,0.010216,0.110088
50040,0.032847,0.025040,0.146057
50050,0.018753,0.014031,0.131157
50060,0.031495,0.024008,0.125427
50070,0.034216,0.025695,0.154222
50080,0.026895,0.019847,0.175178
50090,0.024046,0.018011,0.134579
50100,0.036092,0.027580,0.163860
50110,0.051433,0.038989,0.206000
50120,0.016837,0.012894,0.085202
50130,0.027451,0.020358,0.147279
50140,0.050870,0.038705,0.191593
50150,0.014252,0.010226,0.137335
50160,0.041932,0.031997,0.186996
50170,0.011383,0.008545,0.122327
50180,0.013620,0.010046,0.114982
50190,0.023979,0.017800,0.116428
50200,0.016738,0.012535,0.123299
50210,0.015777,0.011726,0.084257
50220,0.028370,0.020175,0.178947
50230,0.026369,0.019746,0.143250
50240,0.015047,0.010994,0.111114
50250,0.006298,0.004645,0.103363
50260,0.035034,0.026306,0.164433
50270,0.030379,0.023234,0.156505
50280,0.024028,0.017915,0.144541
50290,0.031344,0.023641,0.151818
50300,0.027676,0.020855,0.144145
50310,0.026482,0.020468,0.144703
50320,0.044598,0.033304,0.191586
50330,0.025278,0.019157,0.136057
50340,0.048623,0.037118,0.200922
50350,0.005801,0.004236,0.111305
50360,0.029552,0.022210,0.145906
50370,0.029836,0.022716,0.147245
50380,0.001297,0.000906,0.069856
50390,0.019525,0.014588,0.130144
50400,0.049408,0.036983,0.202406
50410,0.008038,0.005973,0.103158
50420,0.015823,0.011367,0.106997
50430,0.034729,0.025734,0.164438
50440,0.037566,0.028535,0.178568
50450,0.019057,0.014350,0.121524
50460,0.044274,0.033449,0.195351
50470,0.010375,0.007739,0.057803
50480,0.049385,0.037450,0.183614
50490,0.043339,0.033043,0.174867
50500,0.017234,0.012802,0.140104
50510,0.039829,0.030210,0.164029
50520,0.028903,0.021758,0.147752
50530,0.035353,0.026879,0.171660
50540,0.032359,0.023719,0.182412
50550,0.007741,0.005685,0.038810
50560,0.038865,0.029650,0.178823
50570,0.031699,0.023758,0.145126
50580,0.030980,0.023494,0.155843
50590,0.005650,0.004332,0.042195
50600,0.018202,0.013320,0.086470
50610,0.002742,0.001991,0.070399
50620,0.027609,0.020485,0.164571
50630,0.030045,0.022766,0.132426
50640,0.036929,0.027830,0.164384
50650,0.020189,0.014907,0.134823
50660,0.027409,0.020351,0.152684
50670,0.046637,0.035087,0.196303
50680,0.028335,0.021285,0.143447
50690,0.009069,0.006945,0.119798
50700,0.016974,0.012718,0.144424
50710,0.038207,0.028908,0.176924
50720,0.025561,0.019101,0.137422
50730,0.058683,0.044061,0.225300
50740,0.014931,0.010973,0.129776
50750,0.025290,0.019008,0.167356
50760,0.021197,0.016007,0.125468
50770,0.026615,0.020216,0.152226
50780,0.023801,0.017943,0.133649
50790,0.020899,0.015666,0.123686
50800,0.044795,0.034259,0.185109
50810,0.030794,0.023277,0.142863
50820,0.012532,0.009229,0.108348
50830,0.013800,0.010057,0.125704
50840,0.022154,0.016742,0.131531
50850,0.009807,0.007141,0.122955
50860,0.051738,0.037916,0.198118
50870,0.025338,0.018919,0.147382
50880,0.022410,0.017088,0.133692
50890,0.047315,0.036188,0.188852
50900,0.022904,0.016933,0.138865
50910,0.004237,0.003107,0.128159
50920,0.012322,0.009147,0.095450
50930,0.039801,0.029780,0.184892
50940,0.036224,0.027258,0.182608
50950,0.030742,0.023437,0.159321
50960,0.018387,0.013498,0.125666
50970,0.039029,0.029345,0.188112
50980,0.030335,0.022743,0.155626
50990,0.031123,0.023610,0.151495
51000,0.035423,0.028720,0.176510
51010,0.040206,0.030797,0.181120
51020,0.027230,0.020665,0.148148
51030,0.020172,0.014471,0.117109
51040,0.026913,0.020236,0.145342
51050,0.014001,0.010434,0.112109
51060,0.023827,0.017895,0.134240
51070,0.006357,0.004677,0.087141
51080,0.027314,0.020517,0.110974
51090,0.049246,0.037385,0.183993
51100,0.027415,0.020377,0.130474
51110,0.031604,0.023870,0.145524
51120,0.004887,0.004478,0.123655
51130,0.011002,0.007942,0.106717
51140,0.026323,0.019693,0.144738
51150,0.040378,0.030578,0.164336
51160,0.039823,0.029941,0.175986
51170,0.032527,0.024366,0.166394
51180,0.035278,0.026864,0.148104
51190,0.024134,0.017788,0.152839
51200,0.021184,0.015886,0.133111
51210,0.048656,0.036791,0.192339
51220,0.017527,0.013084,0.100031
51230,0.042101,0.031909,0.178650
51240,0.033674,0.025605,0.153597
51250,0.027347,0.020530,0.156823
51260,0.016315,0.012151,0.117744
51270,0.018332,0.013700,0.090606
51280,0.022934,0.017979,0.151654
51290,0.033997,0.025930,0.157033
51300,0.009008,0.006428,0.145763
51310,0.027189,0.020841,0.147318
51320,0.018078,0.014825,0.119356
51330,0.030718,0.022250,0.149140
51340,0.039404,0.029671,0.174849
51350,0.043859,0.033080,0.174878
51360,0.010488,0.008031,0.117112
51370,0.019959,0.014995,0.120758
51380,0.025769,0.019832,0.124774
51390,0.051011,0.038496,0.200702
51400,0.013549,0.010167,0.106607
51410,0.058703,0.044223,0.218655
51420,0.012265,0.009348,0.099149
51430,0.027306,0.020294,0.163340
51440,0.035548,0.026904,0.166112
51450,0.011662,0.008947,0.113548
51460,0.003380,0.002697,0.031860
51470,0.030685,0.023544,0.142844
51480,0.019091,0.014011,0.131767
51490,0.040058,0.030119,0.171072
51500,0.036607,0.027332,0.167257
51510,0.031804,0.023781,0.162312
51520,0.029375,0.022441,0.113519
51530,0.033462,0.025141,0.155354
51540,0.013223,0.009744,0.070027
51550,0.007122,0.005000,0.091509
51560,0.026874,0.020060,0.118884
51570,0.013181,0.009770,0.113700
51580,0.040262,0.030233,0.159558
51590,0.004315,0.002934,0.102362
51600,0.051570,0.039352,0.178870
51610,0.022133,0.016013,0.119329
51620,0.008075,0.006144,0.105381
51630,0.013039,0.009832,0.069566
51640,0.001116,0.000823,0.049667
51650,0.042892,0.032335,0.186608
51660,0.055506,0.038455,0.260709
51670,0.026355,0.019735,0.123745
51680,0.031553,0.023466,0.162287
51690,0.022919,0.017437,0.133039
51700,0.029434,0.021979,0.154088
51710,0.020406,0.015186,0.110056
51720,0.029321,0.022070,0.147021
51730,0.019760,0.014980,0.112034
51740,0.029065,0.021628,0.125108
51750,0.025976,0.019687,0.138707
51760,0.023555,0.017437,0.104782
51770,0.000280,0.000235,0.059109
51780,0.045273,0.033599,0.191609
51790,0.033007,0.024758,0.167642
51800,0.016704,0.012115,0.118206
51810,0.021288,0.015727,0.103642
51820,0.021200,0.015940,0.131319
51830,0.019551,0.014192,0.126092
51840,0.036197,0.027014,0.170261
51850,0.008023,0.005827,0.105987
51860,0.039740,0.029926,0.164925
51870,0.039291,0.029560,0.171458
51880,0.032435,0.024360,0.142045
51890,0.029401,0.022008,0.157505
51900,0.027004,0.020292,0.147923
51910,0.012600,0.009661,0.106828
51920,0.012196,0.008800,0.114717
51930,0.027105,0.020553,0.135832
51940,0.024013,0.017956,0.142707
51950,0.025717,0.019170,0.154411
51960,0.004802,0.003812,0.032755
51970,0.014182,0.010359,0.103242
51980,0.024545,0.018496,0.115785
51990,0.052207,0.038915,0.210594
52000,0.021879,0.017133,0.138822
52010,0.063329,0.048400,0.235635
52020,0.057044,0.043348,0.220570
52030,0.024752,0.019040,0.128342
52040,0.025305,0.018764,0.138815
52050,0.030116,0.023053,0.131763
52060,0.026516,0.019843,0.139610
52070,0.015582,0.011361,0.126646
52080,0.023315,0.017410,0.123632
52090,0.034662,0.026455,0.163871
52100,0.023610,0.017788,0.131827
52110,0.036719,0.027921,0.178933
52120,0.012307,0.008686,0.060517
52130,0.024574,0.018422,0.159597
52140,0.003959,0.003043,0.025633
52150,0.018923,0.014238,0.108011
52160,0.047292,0.035548,0.195107
52170,0.045458,0.034850,0.184176
52180,0.011290,0.008246,0.093351
52190,0.010806,0.007983,0.134088
52200,0.049791,0.037740,0.200435
52210,0.024435,0.018465,0.113967
52220,0.045747,0.034560,0.171012
52230,0.035030,0.025649,0.163066
52240,0.022756,0.016898,0.134027
52250,0.040396,0.031140,0.176638
52260,0.026083,0.019259,0.126811
52270,0.007347,0.005382,0.092871
52280,0.035679,0.027049,0.180030
52290,0.047161,0.035025,0.212284
52300,0.033544,0.024804,0.181160
52310,0.026604,0.019946,0.123824
52320,0.020797,0.016095,0.114768
52330,0.035889,0.026979,0.165336
52340,0.016090,0.012035,0.118709
52350,0.012633,0.009145,0.108753
52360,0.013807,0.010496,0.131451
52370,0.046489,0.035172,0.188655
52380,0.024892,0.018694,0.148047
52390,0.030219,0.022313,0.128344
52400,0.031035,0.023452,0.150238
52410,0.039350,0.030248,0.175762
52420,0.024235,0.018847,0.149721
52430,0.027749,0.021160,0.152528
52440,0.026539,0.020037,0.153502
52450,0.029922,0.022841,0.133040
52460,0.023172,0.017301,0.133112
52470,0.010149,0.007560,0.091109
52480,0.022460,0.016921,0.135413
52490,0.012195,0.009118,0.107545
52500,0.044765,0.033749,0.193688
52510,0.028851,0.021770,0.146554
52520,0.026229,0.019948,0.151876
52530,0.024748,0.018717,0.120009
52540,0.034736,0.026620,0.136561
52550,0.017112,0.013247,0.095953
52560,0.001707,0.001197,0.068577
52570,0.022289,0.016764,0.136534
52580,0.034452,0.026138,0.148505
52590,0.044396,0.033274,0.178427
52600,0.026468,0.019824,0.171899
52610,0.071811,0.052579,0.239774
52620,0.032130,0.023961,0.178801
52630,0.042435,0.031781,0.193788
52640,0.029513,0.022211,0.151475
52650,0.000002,0.000001,0.000005
52660,0.031967,0.024180,0.156947
52670,0.009538,0.006811,0.091875
52680,0.024243,0.017870,0.159180
52690,0.032318,0.024532,0.157280
52700,0.010564,0.007865,0.109429
52710,0.037117,0.027877,0.159489
52720,0.025308,0.018668,0.142502
52730,0.000002,0.000001,0.000006
52740,0.011114,0.008368,0.066224
52750,0.065224,0.049689,0.236567
52760,0.033046,0.024727,0.168478
52770,0.008434,0.006209,0.056419
52780,0.024603,0.018387,0.138528
52790,0.032388,0.024098,0.155699
52800,0.009956,0.007684,0.054515
52810,0.020297,0.015107,0.106792
52820,0.039804,0.029946,0.180315
52830,0.023485,0.017585,0.138279
52840,0.027623,0.020950,0.141110
52850,0.029964,0.022031,0.151508
52860,0.035693,0.028600,0.177605
52870,0.044120,0.033390,0.184503
52880,0.027190,0.020483,0.140497
52890,0.008330,0.006087,0.060945
52900,0.032908,0.024848,0.158184
52910,0.013193,0.009822,0.065652
52920,0.030783,0.023299,0.158055
52930,0.013539,0.009954,0.105302
52940,0.022220,0.016062,0.127571
52950,0.015658,0.011682,0.124105
52960,0.025510,0.018966,0.154799
52970,0.028531,0.021648,0.157772
52980,0.044213,0.033430,0.180603
52990,0.015731,0.011531,0.119104
53000,0.020217,0.015557,0.130292
53010,0.015310,0.010464,0.170134
53020,0.031077,0.023615,0.167132
53030,0.004319,0.003031,0.108817
53040,0.041076,0.031702,0.182186
53050,0.014538,0.010811,0.124427
53060,0.014454,0.011457,0.069551
53070,0.055211,0.041095,0.202549
53080,0.038751,0.029293,0.194348
53090,0.048503,0.036967,0.198630
53100,0.040868,0.030096,0.157964
53110,0.016941,0.012659,0.120261
53120,0.031454,0.024494,0.157790
53130,0.010698,0.007826,0.118693
53140,0.053391,0.040131,0.204811
53150,0.034232,0.025793,0.152066
53160,0.003429,0.002604,0.116888
53170,0.030557,0.023270,0.143463
53180,0.039386,0.029844,0.168516
53190,0.044315,0.033515,0.180029
53200,0.006426,0.005116,0.038504
53210,0.036938,0.027885,0.172564
53220,0.019672,0.014980,0.129492
53230,0.033890,0.025952,0.138815
53240,0.038576,0.030148,0.179422
53250,0.004448,0.003246,0.108478
53260,0.027925,0.021188,0.142071
53270,0.013203,0.009826,0.101918
53280,0.018933,0.013843,0.138042
53290,0.007065,0.005358,0.089249
53300,0.045926,0.034786,0.198624
53310,0.017228,0.012867,0.135607
53320,0.002455,0.001766,0.104493
53330,0.005566,0.004059,0.174163
53340,0.016987,0.012643,0.118202
53350,0.017464,0.012939,0.137270
53360,0.051417,0.038636,0.203421
53370,0.035856,0.026702,0.170404
53380,0.042448,0.031626,0.185992
53390,0.040087,0.030080,0.171842
53400,0.024126,0.018021,0.124368
53410,0.015177,0.011538,0.110536
53420,0.007094,0.005999,0.150958
53430,0.038152,0.028641,0.175190
53440,0.014018,0.010312,0.137934
53450,0.033684,0.024896,0.168882
53460,0.013084,0.009661,0.102249
53470,0.010814,0.008080,0.099087
53480,0.029703,0.022236,0.147564
53490,0.028982,0.021739,0.161429
53500,0.031228,0.023738,0.158763
53510,0.034418,0.025912,0.157502
53520,0.048888,0.036782,0.208303
53530,0.010419,0.007755,0.094545
53540,0.000002,0.000002,0.000006
53550,0.030329,0.022588,0.153381
53560,0.037222,0.028335,0.157901
53570,0.000008,0.000096,0.000166
53580,0.047954,0.035796,0.182496
53590,0.042768,0.032771,0.183302
53600,0.001288,0.000942,0.131367
53610,0.009888,0.007346,0.096324
53620,0.005546,0.004175,0.135345
53630,0.032631,0.025632,0.158131
53640,0.022549,0.016634,0.131660
53650,0.016785,0.012554,0.107560
53660,0.040709,0.030792,0.167761
53670,0.034277,0.025766,0.124864
53680,0.003112,0.002483,0.100820
53690,0.035698,0.026451,0.159974
53700,0.016225,0.011749,0.149898
53710,0.022683,0.017122,0.124993
53720,0.042148,0.031763,0.184186
53730,0.007006,0.005356,0.111234
53740,0.006582,0.004977,0.108297
53750,0.045571,0.034930,0.163971
53760,0.046923,0.035995,0.191909
53770,0.017414,0.013107,0.099754
53780,0.041120,0.030762,0.188287
53790,0.010971,0.008233,0.099695
53800,0.021871,0.016102,0.144483
53810,0.021813,0.016327,0.136747
53820,0.041858,0.031725,0.172197
53830,0.023918,0.017820,0.140073
53840,0.025775,0.019260,0.140641
53850,0.019967,0.015088,0.126374
53860,0.034137,0.025635,0.157617
53870,0.013786,0.010117,0.118933
53880,0.032178,0.024207,0.130198
53890,0.017355,0.013364,0.124949
53900,0.020378,0.015260,0.129624
53910,0.041540,0.030066,0.186145
53920,0.027812,0.021058,0.114878
53930,0.029517,0.022021,0.155659
53940,0.024725,0.018693,0.147344
53950,0.026128,0.019577,0.107033
53960,0.037873,0.028810,0.177091
53970,0.053038,0.041278,0.201716
53980,0.030626,0.023536,0.152720
53990,0.019864,0.015043,0.138000
54000,0.049401,0.036949,0.193517
54010,0.030436,0.022840,0.119231
54020,0.021413,0.015788,0.108888
54030,0.032109,0.024238,0.147847
54040,0.038202,0.029236,0.176760
54050,0.016326,0.011946,0.125053
54060,0.010017,0.007606,0.109318
54070,0.042757,0.032650,0.176356
54080,0.017578,0.012942,0.133272
54090,0.037892,0.028416,0.162670
54100,0.026704,0.019960,0.143502
54110,0.035664,0.026904,0.145236
54120,0.059975,0.045721,0.216454
54130,0.003881,0.003038,0.035419
54140,0.003550,0.002532,0.090695
54150,0.037594,0.028411,0.168884
54160,0.026359,0.019511,0.142856
54170,0.028787,0.021376,0.154978
54180,0.023911,0.017893,0.144875
54190,0.037313,0.028539,0.169795
54200,0.037727,0.028346,0.178959
54210,0.018696,0.013513,0.123987
54220,0.010681,0.007846,0.049071
54230,0.009708,0.007495,0.114356
54240,0.022977,0.017262,0.131291
54250,0.026560,0.019244,0.149870
54260,0.009717,0.006813,0.157588
54270,0.045408,0.034252,0.188294
54280,0.032618,0.024879,0.156582
54290,0.017777,0.013498,0.134445
54300,0.007499,0.005571,0.047402
54310,0.047881,0.036546,0.182156
54320,0.011609,0.008579,0.104361
54330,0.013043,0.009603,0.101417
54340,0.038749,0.029232,0.170191
54350,0.060572,0.045827,0.218835
54360,0.024877,0.018422,0.138176
54370,0.028085,0.021593,0.128115
54380,0.015644,0.011597,0.115293
54390,0.027779,0.021256,0.157829
54400,0.001823,0.001607,0.658511
54410,0.003438,0.002758,0.662813
54420,0.018860,0.013954,0.157324
54430,0.045774,0.035076,0.183430
54440,0.000622,0.000454,0.050018
54450,0.026916,0.020282,0.143519
54460,0.032718,0.024666,0.167963
54470,0.017824,0.013372,0.131018
54480,0.027255,0.020604,0.156552
54490,0.019023,0.014195,0.111881
54500,0.023148,0.017615,0.154684
54510,0.025954,0.019751,0.130731
54520,0.042505,0.032371,0.184052
54530,0.031483,0.023098,0.174993
54540,0.003555,0.002672,0.063253
54550,0.033036,0.024710,0.164217
54560,0.037310,0.027516,0.191397
54570,0.031851,0.024096,0.167047
54580,0.042048,0.031954,0.183131
54590,0.040041,0.031098,0.180977
54600,0.028505,0.021334,0.132808
54610,0.003934,0.003035,0.028288
54620,0.026210,0.019605,0.127669
54630,0.022389,0.016605,0.131100
54640,0.032632,0.024538,0.155951
54650,0.002978,0.002301,0.021920
54660,0.038788,0.029102,0.165382
54670,0.044404,0.033817,0.183366
54680,0.042960,0.032665,0.168878
54690,0.021183,0.015999,0.109876
54700,0.039819,0.029875,0.161240
54710,0.026230,0.019730,0.142627
54720,0.009105,0.006930,0.053042
54730,0.017459,0.013043,0.105572
54740,0.025429,0.019067,0.141465
54750,0.003799,0.002734,0.098808
54760,0.022490,0.016875,0.132435
54770,0.023011,0.017491,0.136141
54780,0.036867,0.027975,0.160729
54790,0.054273,0.041385,0.206536
54800,0.037699,0.029150,0.145553
54810,0.037232,0.028453,0.169130
54820,0.015487,0.011785,0.100384
54830,0.019934,0.015212,0.088725
54840,0.040119,0.030326,0.169952
54850,0.033944,0.025649,0.159078
54860,0.029749,0.022272,0.119231
54870,0.032041,0.024353,0.156197
54880,0.012073,0.009032,0.107751
54890,0.049046,0.036915,0.205048
54900,0.006448,0.004456,0.149425
54910,0.031676,0.023938,0.147630
54920,0.052538,0.040879,0.207544
54930,0.045697,0.035246,0.195705
54940,0.016417,0.012344,0.087087
54950,0.038178,0.029099,0.159687
54960,0.019187,0.014702,0.126453
54970,0.038166,0.029171,0.155461
54980,0.002826,0.002431,0.082958
54990,0.022232,0.016889,0.132255
55000,0.033068,0.024892,0.154482
55010,0.017052,0.012492,0.130975
55020,0.032289,0.024173,0.161340
55030,0.018936,0.014162,0.131068
55040,0.007221,0.005300,0.106013
55050,0.015570,0.011753,0.118195
55060,0.059624,0.045255,0.216522
55070,0.009433,0.007043,0.064380
55080,0.042772,0.038550,0.168558
55090,0.026421,0.020395,0.116208
55100,0.026387,0.019614,0.144013
55110,0.020157,0.015045,0.132883
55120,0.011564,0.008460,0.097694
55130,0.025447,0.018739,0.134313
55140,0.019262,0.014149,0.131972
55150,0.022983,0.017545,0.128264
55160,0.030928,0.023270,0.145882
55170,0.003160,0.002369,0.061450
55180,0.026561,0.020012,0.143141
55190,0.034053,0.025822,0.158397
55200,0.015350,0.012893,0.081576
55210,0.026629,0.019755,0.148832
55220,0.039583,0.029835,0.175834
55230,0.007498,0.005440,0.108019
55240,0.035564,0.026760,0.170026
55250,0.024188,0.017928,0.125673
55260,0.032445,0.024283,0.156719
55270,0.009902,0.007501,0.064753
55280,0.022878,0.017211,0.137026
55290,0.048552,0.037151,0.196494
55300,0.014420,0.010713,0.106090
55310,0.054387,0.041059,0.212827
55320,0.029311,0.022215,0.157746
55330,0.026445,0.019992,0.150707
55340,0.028069,0.020846,0.159027
55350,0.011911,0.013235,0.304201
55360,0.049746,0.037620,0.189242
55370,0.012215,0.009044,0.101550
55380,0.037390,0.028060,0.165040
55390,0.016925,0.012281,0.137710
55400,0.028479,0.021648,0.121237
55410,0.032299,0.024439,0.151152
55420,0.015942,0.011919,0.127811
55430,0.032111,0.024880,0.139117
55440,0.047063,0.035828,0.190812
55450,0.043998,0.033290,0.169673
55460,0.024192,0.017962,0.126576
55470,0.026873,0.019877,0.162856
55480,0.020602,0.015528,0.121248
55490,0.024349,0.017826,0.141688
55500,0.035700,0.026787,0.167906
55510,0.017237,0.012627,0.120382
55520,0.038391,0.028971,0.173420
55530,0.025363,0.019194,0.128939
55540,0.046970,0.035584,0.195979
55550,0.020650,0.015140,0.083218
55560,0.014281,0.010718,0.096685
55570,0.015949,0.011816,0.087715
55580,0.022364,0.016918,0.130415
55590,0.010058,0.007605,0.114368
55600,0.037316,0.028181,0.169093
55610,0.037309,0.027713,0.173296
55620,0.025094,0.018845,0.142799
55630,0.019607,0.014462,0.121873
55640,0.009240,0.006782,0.089742
55650,0.010714,0.008139,0.156369
55660,0.027578,0.019660,0.181266
55670,0.014782,0.010885,0.102788
55680,0.037924,0.028566,0.164095
55690,0.018305,0.013560,0.110196
55700,0.021260,0.015838,0.127424
55710,0.037374,0.028246,0.160335
55720,0.031484,0.024225,0.149447
55730,0.006750,0.005084,0.105014
55740,0.038178,0.028975,0.172676
55750,0.004565,0.003245,0.115128
55760,0.030167,0.023102,0.150534
55770,0.052068,0.039744,0.212036
55780,0.031686,0.023732,0.153341
55790,0.012962,0.009689,0.103315
55800,0.052329,0.039699,0.209008
55810,0.007003,0.005197,0.115127
55820,0.026454,0.020030,0.133114
55830,0.019107,0.014395,0.131122
55840,0.031083,0.023243,0.140420
55850,0.025029,0.019354,0.112513
55860,0.021845,0.016551,0.131375
55870,0.050854,0.037966,0.206552
55880,0.004372,0.003360,0.094323
55890,0.025251,0.019015,0.136223
55900,0.033785,0.025403,0.149792
55910,0.030714,0.022936,0.148437
55920,0.040710,0.031186,0.173467
55930,0.036989,0.028257,0.143483
55940,0.033971,0.025437,0.167699
55950,0.023739,0.017764,0.138076
55960,0.041772,0.031605,0.179923
55970,0.013472,0.009721,0.122435
55980,0.038068,0.028988,0.177028
55990,0.020776,0.015833,0.118869
56000,0.037403,0.028197,0.144598
56010,0.020562,0.015504,0.105636
56020,0.031786,0.023978,0.160032
56030,0.040083,0.030331,0.174269
56040,0.032254,0.024096,0.156498
56050,0.013031,0.009747,0.111389
56060,0.022231,0.016492,0.122914
56070,0.030161,0.022741,0.149876
56080,0.021273,0.015763,0.120649
56090,0.007850,0.005753,0.247598
56100,0.013541,0.009902,0.111176
56110,0.035179,0.026788,0.161687
56120,0.016676,0.012858,0.120063
56130,0.029993,0.022513,0.140365
56140,0.051400,0.038920,0.197390
56150,0.038686,0.029218,0.172541
56160,0.020468,0.015342,0.131231
56170,0.022456,0.016789,0.100476
56180,0.031248,0.024397,0.139802
56190,0.031924,0.023998,0.158503
56200,0.018400,0.013797,0.135463
56210,0.014705,0.010779,0.121723
56220,0.048631,0.036717,0.187817
56230,0.029997,0.022161,0.156312
56240,0.040296,0.030606,0.174791
56250,0.026165,0.019534,0.141223
56260,0.021732,0.016068,0.132718
56270,0.032815,0.024640,0.152274
56280,0.015655,0.011616,0.122180
56290,0.027287,0.020480,0.144959
56300,0.037167,0.028274,0.168643
56310,0.021584,0.016136,0.121319
56320,0.022431,0.016810,0.127204
56330,0.034553,0.026474,0.174175
56340,0.037575,0.028983,0.194698
56350,0.008525,0.006413,0.042091
56360,0.043982,0.033524,0.206310
56370,0.024167,0.017776,0.160915
56380,0.023290,0.017516,0.114734
56390,0.003468,0.002490,0.104825
56400,0.034434,0.026280,0.151101
56410,0.025330,0.019254,0.149585
56420,0.034420,0.026052,0.160376
56430,0.025410,0.018970,0.142240
56440,0.012698,0.009306,0.112299
56450,0.035063,0.026529,0.154007
56460,0.005545,0.004119,0.047031
56470,0.046093,0.034807,0.184747
56480,0.080747,0.062817,0.273708
56490,0.026395,0.020067,0.125824
56500,0.039285,0.029465,0.151879
56510,0.022464,0.016881,0.131338
56520,0.016953,0.012844,0.115972
56530,0.026377,0.023323,0.145850
56540,0.018773,0.015073,0.095853
56550,0.025452,0.019436,0.117790
56560,0.043186,0.032063,0.177200
56570,0.015145,0.011121,0.125940
56580,0.024860,0.018527,0.139869
56590,0.037889,0.028777,0.167060
56600,0.027730,0.020039,0.129292
56610,0.030548,0.023286,0.133915
56620,0.037631,0.028467,0.160744
56630,0.036333,0.027417,0.171605
56640,0.031770,0.023367,0.161411
56650,0.029615,0.022236,0.161954
56660,0.036150,0.027215,0.153419
56670,0.005897,0.004512,0.041776
56680,0.041075,0.031322,0.170037
56690,0.028163,0.021237,0.139280
56700,0.024083,0.017953,0.131769
56710,0.039125,0.029578,0.173061
56720,0.032983,0.024756,0.142135
56730,0.029564,0.021800,0.134208
56740,0.027381,0.020881,0.124587
56750,0.044104,0.032957,0.179350
56760,0.038325,0.029135,0.173923
56770,0.023901,0.017914,0.135182
56780,0.058389,0.043958,0.207411
56790,0.016170,0.012190,0.108753
56800,0.011476,0.008810,0.122457
56810,0.020301,0.015169,0.120922
56820,0.030093,0.022300,0.146683
56830,0.009799,0.007573,0.158083
56840,0.023320,0.017406,0.108360
56850,0.023197,0.017278,0.141280
56860,0.024461,0.019110,0.169499
56870,0.041161,0.031148,0.178006
56880,0.006755,0.004332,0.276691
56890,0.012764,0.010501,0.073578
56900,0.027689,0.020809,0.140972
56910,0.007320,0.005324,0.093887
56920,0.026155,0.019633,0.142572
56930,0.040212,0.030388,0.176397
56940,0.041128,0.031263,0.182084
56950,0.017189,0.012920,0.084427
56960,0.032701,0.024777,0.150459
56970,0.016001,0.012166,0.088706
56980,0.014779,0.011063,0.098247
56990,0.025015,0.018841,0.114746
57000,0.018500,0.013454,0.135957
57010,0.035312,0.026533,0.169503
57020,0.010430,0.007847,0.136263
57030,0.013177,0.009956,0.068720
57040,0.032999,0.024721,0.161211
57050,0.028931,0.021695,0.130419
57060,0.013128,0.009893,0.154931
57070,0.025489,0.018871,0.139508
57080,0.019746,0.015138,0.120967
57090,0.031509,0.024040,0.127798
57100,0.033489,0.025282,0.146096
57110,0.021222,0.016054,0.116023
57120,0.034127,0.025785,0.166469
57130,0.026256,0.019763,0.140294
57140,0.028476,0.021332,0.152696
57150,0.003627,0.002621,0.016456
57160,0.004879,0.003554,0.032342
57170,0.022258,0.017016,0.130743
57180,0.024371,0.018048,0.134280
57190,0.046124,0.034873,0.189422
57200,0.034655,0.026652,0.151793
57210,0.042655,0.032447,0.161054
57220,0.028455,0.020780,0.152885
57230,0.037302,0.028628,0.156223
57240,0.039886,0.030094,0.172880
57250,0.010830,0.008037,0.102416
57260,0.041102,0.031120,0.165569
57270,0.000010,0.000006,0.000027
57280,0.014717,0.011042,0.117950
57290,0.015720,0.011606,0.087185
57300,0.030656,0.022707,0.149844
57310,0.036341,0.027112,0.173175
57320,0.019924,0.014794,0.132930
57330,0.015121,0.011160,0.134619
57340,0.038595,0.028992,0.182099
57350,0.015034,0.011356,0.123961
57360,0.032830,0.025303,0.162575
57370,0.024908,0.018998,0.130019
57380,0.053659,0.040556,0.206460
57390,0.046177,0.034997,0.181237
57400,0.021317,0.015941,0.128363
57410,0.014969,0.011285,0.121506
57420,0.026773,0.020079,0.152547
57430,0.035604,0.026445,0.179506
57440,0.017326,0.012557,0.135191
57450,0.023104,0.017520,0.132295
57460,0.021770,0.016518,0.120238
57470,0.036620,0.027822,0.154401
57480,0.055595,0.042081,0.207724
57490,0.008762,0.006518,0.112837
57500,0.031010,0.022455,0.162759
57510,0.020085,0.015301,0.131874
57520,0.048313,0.036491,0.193712
57530,0.030876,0.023340,0.128432
57540,0.011739,0.008580,0.099980
57550,0.013751,0.010322,0.123723
57560,0.019225,0.014508,0.094142
57570,0.030718,0.022919,0.153841
57580,0.015318,0.011311,0.120956
57590,0.015315,0.011607,0.103097
57600,0.033401,0.025237,0.154612
57610,0.013746,0.010352,0.122240
57620,0.013728,0.010071,0.107156
57630,0.049357,0.037098,0.199042
57640,0.052660,0.039939,0.209002
57650,0.034944,0.026744,0.172325
57660,0.028449,0.021125,0.158208
57670,0.037282,0.028640,0.168571
57680,0.007674,0.005815,0.051479
57690,0.053086,0.040252,0.207035
57700,0.026173,0.019603,0.184160
57710,0.068718,0.052881,0.241525
57720,0.018024,0.013563,0.120411
57730,0.022465,0.016871,0.133303
57740,0.024532,0.018160,0.134042
57750,0.016341,0.012382,0.083299
57760,0.016212,0.012078,0.109935
57770,0.013567,0.010413,0.070044
57780,0.002000,0.001467,0.105477
57790,0.021128,0.015850,0.151565
57800,0.019906,0.015258,0.102381
57810,0.039601,0.030032,0.159499
57820,0.036599,0.027805,0.175715
57830,0.019303,0.014525,0.093675
57840,0.031369,0.023834,0.186448
57850,0.029668,0.023142,0.152303
57860,0.041279,0.030900,0.158804
57870,0.014949,0.011025,0.120881
57880,0.035613,0.026849,0.166251
57890,0.026630,0.020302,0.137634
57900,0.033354,0.025247,0.153083
57910,0.006710,0.005068,0.032405
57920,0.000543,0.000558,0.128139
57930,0.038112,0.028817,0.171667
57940,0.022404,0.016069,0.136433
57950,0.022128,0.016565,0.132310
57960,0.044087,0.033505,0.176562
57970,0.008933,0.007077,0.054330
57980,0.055262,0.041780,0.215958
57990,0.044188,0.034115,0.185010
58000,0.014009,0.010391,0.113683
58010,0.013334,0.009937,0.112043
58020,0.028098,0.021458,0.135469
58030,0.037217,0.028140,0.140275
58040,0.021786,0.016338,0.124887
58050,0.034385,0.025542,0.160427
58060,0.025968,0.019928,0.129557
58070,0.021107,0.015783,0.143258
58080,0.011871,0.008771,0.063448
58090,0.021135,0.015896,0.127309
58100,0.014885,0.010986,0.116757
58110,0.028087,0.021237,0.137367
58120,0.049532,0.037646,0.196173
58130,0.021117,0.015776,0.120162
58140,0.053298,0.040372,0.191639
58150,0.029279,0.022072,0.128662
58160,0.045243,0.033976,0.194434
58170,0.014629,0.010890,0.085975
58180,0.017296,0.013150,0.128761
58190,0.008573,0.006217,0.106774
58200,0.023600,0.017768,0.134906
58210,0.005581,0.004240,0.109287
58220,0.025750,0.019599,0.131829
58230,0.025670,0.019297,0.178321
58240,0.022472,0.017105,0.138201
58250,0.009893,0.007518,0.063710
58260,0.018076,0.013475,0.126241
58270,0.025758,0.019231,0.134970
58280,0.021292,0.015797,0.136509
58290,0.000566,0.000534,0.656840
58300,0.040358,0.030849,0.183044
58310,0.039749,0.030281,0.156747
58320,0.033369,0.025021,0.163215
58330,0.021291,0.016042,0.128539
58340,0.033670,0.026059,0.153926
58350,0.021911,0.016417,0.104718
58360,0.014431,0.010783,0.109567
58370,0.020239,0.015165,0.127111
58380,0.029129,0.021894,0.152501
58390,0.034215,0.025714,0.140456
58400,0.012110,0.008931,0.083941
58410,0.023290,0.017591,0.165697
58420,0.050053,0.037656,0.196448
58430,0.023627,0.017589,0.150900
58440,0.036478,0.027660,0.165277
58450,0.010308,0.007570,0.093788
58460,0.009275,0.006724,0.116007
58470,0.020393,0.015172,0.099171
58480,0.023618,0.017750,0.142450
58490,0.017831,0.013277,0.120261
58500,0.023964,0.017875,0.126318
58510,0.041542,0.031345,0.185498
58520,0.035661,0.026775,0.168123
58530,0.024970,0.018261,0.137375
58540,0.026686,0.019666,0.153455
58550,0.018183,0.013397,0.091059
58560,0.035028,0.026488,0.164273
58570,0.030137,0.022867,0.140074
58580,0.031970,0.024286,0.154415
58590,0.027405,0.020679,0.116378
58600,0.026183,0.019755,0.139338
58610,0.018053,0.013310,0.136534
58620,0.001709,0.001456,0.658692
58630,0.038325,0.028799,0.156946
58640,0.033005,0.025073,0.148881
58650,0.018350,0.013597,0.123894
58660,0.022780,0.017013,0.134795
58670,0.042124,0.031640,0.179827
58680,0.022958,0.016726,0.141260
58690,0.009545,0.006923,0.130784
58700,0.050006,0.037818,0.202546
58710,0.034024,0.025831,0.166819
58720,0.038766,0.029669,0.166094
58730,0.000132,0.000113,0.121352
58740,0.006285,0.004524,0.089204
58750,0.031746,0.024011,0.158702
58760,0.035581,0.026801,0.169537
58770,0.043738,0.033501,0.185347
58780,0.028870,0.021694,0.155823
58790,0.028278,0.021445,0.138500
58800,0.025909,0.019568,0.119392
58810,0.011063,0.008141,0.100416
58820,0.003225,0.002616,0.029480
58830,0.015268,0.011309,0.110244
58840,0.004348,0.003355,0.092780
58850,0.039416,0.029420,0.174447
58860,0.001055,0.000776,0.008157
58870,0.021422,0.016243,0.138337
58880,0.024731,0.018323,0.141580
58890,0.028479,0.021820,0.143004
58900,0.017537,0.013382,0.098169
58910,0.031388,0.023430,0.157771
58920,0.011072,0.008269,0.065649
58930,0.023323,0.017434,0.128164
58940,0.017523,0.013129,0.094668
58950,0.030416,0.023243,0.145900
58960,0.015497,0.011536,0.124064
58970,0.029102,0.021740,0.152546
58980,0.028273,0.021343,0.128568
58990,0.017225,0.013127,0.101152
59000,0.021651,0.016304,0.119299
59010,0.005544,0.004059,0.087335
59020,0.031167,0.023628,0.152908
59030,0.028875,0.021654,0.154507
59040,0.038538,0.029187,0.173532
59050,0.014403,0.010675,0.115837
59060,0.031360,0.023649,0.153476
59070,0.013758,0.010469,0.097466
59080,0.015945,0.011930,0.117617
59090,0.005835,0.004054,0.112896
59100,0.021591,0.016195,0.113226
59110,0.021904,0.016919,0.102174
59120,0.018957,0.014306,0.123229
59130,0.042119,0.031734,0.175937
59140,0.014171,0.010547,0.120322
59150,0.014036,0.010415,0.113846
59160,0.032758,0.022892,0.171482
59170,0.033793,0.025361,0.156697
59180,0.024137,0.018212,0.137786
59190,0.033710,0.025389,0.155887
59200,0.042870,0.032392,0.185623
59210,0.034270,0.025905,0.151047
59220,0.029808,0.022201,0.134521
59230,0.029965,0.022674,0.142871
59240,0.022811,0.017148,0.132120
59250,0.010763,0.008049,0.105174
59260,0.025921,0.019544,0.156539
59270,0.023380,0.017705,0.116075
59280,0.026216,0.019636,0.143205
59290,0.025612,0.019455,0.155361
59300,0.033194,0.025161,0.158538
59310,0.017491,0.013008,0.084525
59320,0.020670,0.015808,0.109004
59330,0.029022,0.022148,0.145580
59340,0.013787,0.010159,0.120677
59350,0.021149,0.015853,0.128173
59360,0.030210,0.023111,0.146829
59370,0.000911,0.000869,0.142169
59380,0.009498,0.006502,0.103502
59390,0.014658,0.011032,0.111572
59400,0.010850,0.008244,0.104385
59410,0.035509,0.027062,0.161868
59420,0.037279,0.027404,0.161534
59430,0.021350,0.016130,0.116530
59440,0.035280,0.026834,0.127910
59450,0.026859,0.020225,0.146516
59460,0.036087,0.028458,0.157668
59470,0.031467,0.023735,0.144808
59480,0.026923,0.020261,0.144528
59490,0.026115,0.019978,0.126378
59500,0.016494,0.012401,0.091050
59510,0.031840,0.024177,0.156986
59520,0.019633,0.014421,0.143163
59530,0.053981,0.040734,0.206863
59540,0.028792,0.021623,0.149303
59550,0.027029,0.020196,0.140619
59560,0.041380,0.031368,0.178449
59570,0.011100,0.008294,0.100198
59580,0.030233,0.022802,0.144811
59590,0.027123,0.020148,0.148480
59600,0.006076,0.004476,0.105931
59610,0.019913,0.014628,0.128255
59620,0.010858,0.008215,0.118313
59630,0.002976,0.002145,0.094986
59640,0.023937,0.017814,0.113553
59650,0.041732,0.031328,0.167389
59660,0.016969,0.012552,0.102143
59670,0.030441,0.022837,0.147059
59680,0.030810,0.023046,0.148349
59690,0.070322,0.053569,0.235305
59700,0.032020,0.024155,0.148683
59710,0.031113,0.023434,0.153480
59720,0.004296,0.003124,0.095944
59730,0.026048,0.019696,0.160258
59740,0.020105,0.015105,0.125016
59750,0.032799,0.024602,0.148242
59760,0.034739,0.026378,0.163928
59770,0.027143,0.020239,0.140890
59780,0.014246,0.010467,0.115321
59790,0.022161,0.016358,0.147338
59800,0.025560,0.019014,0.139420
59810,0.022330,0.016651,0.139405
59820,0.035570,0.026592,0.159556
59830,0.061182,0.046507,0.217758
59840,0.030542,0.023984,0.149182
59850,0.003375,0.002404,0.091487
59860,0.009393,0.007022,0.112702
59870,0.025129,0.018829,0.135959
59880,0.027005,0.020417,0.144317
59890,0.002942,0.002452,0.015894
59900,0.021904,0.016573,0.145962
59910,0.041779,0.031439,0.161939
59920,0.018588,0.013484,0.134278
59930,0.033217,0.025252,0.129514
59940,0.031206,0.024542,0.193905
59950,0.033976,0.024619,0.149776
59960,0.056527,0.042415,0.213079
59970,0.067011,0.050725,0.238290
59980,0.042056,0.032102,0.169476
59990,0.026934,0.020307,0.132551
60000,0.014851,0.010835,0.118320
60010,0.015542,0.011594,0.114273
60020,0.056714,0.042654,0.203015
60030,0.000002,0.000001,0.000006
60040,0.031247,0.023498,0.150974
60050,0.003160,0.002192,0.101072
60060,0.014443,0.010967,0.069013
60070,0.019442,0.014572,0.086114
60080,0.019731,0.015076,0.108499
60090,0.018150,0.014010,0.132615
60100,0.009794,0.007328,0.120925
60110,0.010831,0.008574,0.081113
60120,0.021141,0.015682,0.107588
60130,0.023478,0.017883,0.129827
60140,0.033859,0.025344,0.163732
60150,0.008064,0.006172,0.111593
60160,0.028662,0.021288,0.142087
60170,0.030736,0.023074,0.156840
60180,0.026554,0.020345,0.161207
60190,0.030751,0.023140,0.158075
60200,0.034733,0.025899,0.151000
60210,0.029307,0.021987,0.161892
60220,0.016203,0.012221,0.102376
60230,0.006996,0.004998,0.116738
60240,0.039104,0.027758,0.186646
60250,0.021803,0.016366,0.129168
60260,0.017435,0.012890,0.127509
60270,0.025740,0.019467,0.128572
60280,0.024138,0.018214,0.142623
60290,0.024828,0.018508,0.154678
60300,0.033632,0.025389,0.136367
60310,0.042661,0.032709,0.182419
60320,0.020205,0.014855,0.108481
60330,0.013365,0.010106,0.073905
60340,0.034701,0.025442,0.202448
60350,0.037717,0.028605,0.153680
60360,0.015372,0.011187,0.119179
60370,0.010714,0.008169,0.086775
60380,0.014425,0.010620,0.118303
60390,0.018046,0.013965,0.130759
60400,0.027982,0.021109,0.149123
60410,0.012485,0.009603,0.085057
60420,0.033970,0.025757,0.156685
60430,0.038234,0.028511,0.162912
60440,0.038413,0.029067,0.150858
60450,0.003059,0.002215,0.031469
60460,0.029789,0.022723,0.154280
60470,0.014726,0.011205,0.093126
60480,0.023767,0.018002,0.138338
60490,0.052680,0.040047,0.184670
60500,0.015393,0.011292,0.125541
60510,0.026752,0.020496,0.151924
60520,0.028512,0.021730,0.134568
60530,0.027124,0.020240,0.132318
60540,0.041600,0.031313,0.176313
60550,0.036384,0.027434,0.167217
60560,0.039182,0.029531,0.175784
60570,0.043973,0.033385,0.184904
60580,0.022796,0.017258,0.137004
60590,0.031343,0.023662,0.157133
60600,0.002871,0.002205,0.076362
60610,0.018425,0.013848,0.092599
60620,0.039141,0.029542,0.161789
60630,0.033630,0.024873,0.167805
60640,0.041114,0.031054,0.182059
60650,0.021892,0.016613,0.120854
60660,0.028110,0.021048,0.150766
60670,0.028006,0.021384,0.112732
60680,0.021428,0.016386,0.138241
60690,0.005553,0.004122,0.060685
60700,0.022399,0.016893,0.134907
60710,0.020027,0.014861,0.119053
60720,0.035025,0.026840,0.169751
60730,0.006497,0.004680,0.097471
60740,0.023931,0.017894,0.144045
60750,0.023014,0.017276,0.132366
60760,0.033799,0.025818,0.163754
60770,0.033156,0.024747,0.156204
60780,0.011310,0.009073,0.100845
60790,0.038781,0.029174,0.165612
60800,0.021115,0.017202,0.096276
60810,0.032844,0.025010,0.143670
60820,0.024202,0.018228,0.142694
60830,0.039780,0.030123,0.173010
60840,0.038559,0.028931,0.183770
60850,0.011642,0.009832,0.076871
60860,0.020965,0.015613,0.136471
60870,0.011447,0.008533,0.176904
60880,0.005496,0.004005,0.091531
60890,0.061518,0.046882,0.229037
60900,0.038431,0.029289,0.162590
60910,0.051647,0.039148,0.199230
60920,0.019964,0.015132,0.131412
60930,0.033164,0.024891,0.176976
60940,0.022732,0.016706,0.152138
60950,0.042088,0.032491,0.191114
60960,0.016523,0.012275,0.121054
60970,0.014068,0.010382,0.109971
60980,0.007701,0.006841,0.050999
60990,0.032337,0.024709,0.152482
61000,0.058693,0.044694,0.222913
61010,0.062254,0.057532,0.252088
61020,0.035092,0.026692,0.163809
61030,0.013196,0.010318,0.117207
61040,0.008831,0.006533,0.134156
61050,0.045953,0.034490,0.199140
61060,0.049946,0.037608,0.189165
61070,0.046242,0.034757,0.197019
61080,0.028532,0.021427,0.124839
61090,0.023636,0.017975,0.108411
61100,0.013398,0.009936,0.124174
61110,0.016404,0.012310,0.092508
61120,0.005720,0.004343,0.048471
61130,0.053826,0.040548,0.207899
61140,0.000191,0.000150,0.618838
61150,0.028150,0.021040,0.149345
61160,0.001967,0.001451,0.129559
61170,0.035142,0.026804,0.166463
61180,0.037113,0.027952,0.153278
61190,0.008199,0.006002,0.046178
61200,0.028446,0.021618,0.136382
61210,0.031623,0.023817,0.148864
61220,0.023869,0.017798,0.135316
61230,0.013925,0.010115,0.067267
61240,0.015795,0.011647,0.113734
61250,0.018374,0.013602,0.129564
61260,0.019618,0.014514,0.132453
61270,0.026703,0.020101,0.123320
61280,0.026798,0.020075,0.138995
61290,0.022629,0.017410,0.124397
61300,0.000221,0.000178,0.118532
61310,0.023940,0.018392,0.109160
61320,0.031146,0.023572,0.150319
61330,0.033257,0.024928,0.172020
61340,0.021086,0.015586,0.130580
61350,0.029758,0.022441,0.126119
61360,0.021242,0.015957,0.120479
61370,0.019553,0.014694,0.123107
61380,0.019900,0.015084,0.105430
61390,0.015905,0.011927,0.092388
61400,0.021353,0.016076,0.129687
61410,0.011140,0.008186,0.128407
61420,0.008814,0.006773,0.066937
61430,0.012303,0.009057,0.110577
61440,0.023408,0.017837,0.129435
61450,0.041551,0.031663,0.171501
61460,0.029893,0.021996,0.157894
61470,0.022459,0.016783,0.131090
61480,0.039230,0.029865,0.155210
61490,0.049140,0.037740,0.192459
61500,0.030503,0.023148,0.138488
61510,0.031159,0.023650,0.131192
61520,0.018167,0.013414,0.110821
61530,0.038026,0.028493,0.176116
61540,0.035318,0.026636,0.163323
61550,0.033025,0.024962,0.153019
61560,0.032169,0.024817,0.143994
61570,0.022560,0.016662,0.130434
61580,0.013389,0.009784,0.108984
61590,0.006420,0.005576,0.037195
61600,0.011638,0.008594,0.109110
61610,0.020420,0.015284,0.082595
61620,0.022747,0.016933,0.154632
61630,0.019802,0.014648,0.131790
61640,0.051618,0.039197,0.202514
61650,0.022124,0.016607,0.128577
61660,0.014681,0.010795,0.111989
61670,0.005168,0.004176,0.462865
61680,0.006040,0.004560,0.045904
61690,0.007853,0.005860,0.082367
61700,0.026608,0.020066,0.150254
61710,0.034926,0.026453,0.163526
61720,0.024719,0.018383,0.128997
61730,0.028334,0.021431,0.148415
61740,0.016739,0.012493,0.108493
61750,0.055614,0.041825,0.211311
61760,0.028021,0.021094,0.137271
61770,0.019929,0.014374,0.124577
61780,0.028407,0.021225,0.150075
61790,0.021999,0.016498,0.135899
61800,0.027397,0.020728,0.153005
61810,0.031071,0.023254,0.152709
61820,0.038011,0.028954,0.175166
61830,0.043568,0.032820,0.191558
61840,0.033368,0.024632,0.173108
61850,0.021111,0.016002,0.117815
61860,0.043615,0.032668,0.183149
61870,0.004841,0.003828,0.103441
61880,0.026743,0.019762,0.132580
61890,0.022454,0.016760,0.110452
61900,0.001989,0.001587,0.145574
61910,0.025498,0.019285,0.118981
61920,0.034623,0.026103,0.159438
61930,0.029247,0.021927,0.153334
61940,0.018712,0.013792,0.118392
61950,0.034895,0.026349,0.156396
61960,0.041561,0.031654,0.157884
61970,0.026097,0.019484,0.139320
61980,0.029494,0.022101,0.161626
61990,0.006269,0.004567,0.053362
62000,0.020375,0.015021,0.137298
62010,0.053949,0.040784,0.214671
62020,0.034901,0.025748,0.171749
62030,0.010418,0.007675,0.102673
62040,0.027330,0.020388,0.138707
62050,0.006262,0.004550,0.113909
62060,0.001594,0.001147,0.102664
62070,0.035461,0.026862,0.169755
62080,0.036809,0.027855,0.164650
62090,0.031670,0.023822,0.177425
62100,0.022482,0.016972,0.121430
62110,0.026206,0.019733,0.137718
62120,0.022348,0.016688,0.126614
62130,0.011645,0.012199,0.132792
62140,0.037650,0.029348,0.156565
62150,0.017995,0.013294,0.145460
62160,0.022543,0.016600,0.140379
62170,0.045461,0.033891,0.195953
62180,0.032227,0.024117,0.159675
62190,0.027773,0.020824,0.135288
62200,0.029293,0.022147,0.117029
62210,0.022851,0.016973,0.101026
62220,0.005594,0.002878,0.645841
62230,0.056850,0.043717,0.214234
62240,0.014296,0.011232,0.119528
62250,0.022344,0.016888,0.129133
62260,0.030791,0.023212,0.151914
62270,0.023856,0.018031,0.132826
62280,0.037861,0.028693,0.150042
62290,0.058860,0.044296,0.217780
62300,0.019445,0.015047,0.099782
62310,0.013320,0.009908,0.108280
62320,0.017097,0.013115,0.096651
62330,0.010503,0.007558,0.118373
62340,0.018865,0.014165,0.121916
62350,0.015643,0.011642,0.092993
62360,0.030340,0.022995,0.159513
62370,0.012956,0.009510,0.109788
62380,0.018552,0.014171,0.126595
62390,0.015458,0.011592,0.104790
62400,0.029548,0.022325,0.153862
62410,0.038043,0.028845,0.172504
62420,0.027134,0.020123,0.144777
62430,0.045547,0.034567,0.183791
62440,0.027309,0.020623,0.116844
62450,0.016687,0.012291,0.118598
62460,0.029734,0.022146,0.149467
62470,0.023956,0.017951,0.116370
62480,0.021727,0.016104,0.135409
62490,0.010289,0.007938,0.084203
62500,0.042930,0.032389,0.177664
62510,0.010878,0.007965,0.116569
62520,0.029758,0.022422,0.135196
62530,0.030184,0.022896,0.140508
62540,0.021793,0.016003,0.130619
62550,0.040017,0.029945,0.191806
62560,0.037214,0.027001,0.192131
62570,0.019057,0.014002,0.136661
62580,0.013807,0.010586,0.112102
62590,0.025000,0.018647,0.139496
62600,0.012578,0.008923,0.074314
62610,0.038155,0.028566,0.173676
62620,0.012774,0.009553,0.074226
62630,0.020862,0.015011,0.152226
62640,0.001506,0.001047,0.192981
62650,0.029950,0.022290,0.158210
62660,0.030608,0.022946,0.149561
62670,0.044943,0.034001,0.184031
62680,0.036560,0.027392,0.164667
62690,0.038601,0.029222,0.176980
62700,0.022317,0.016786,0.133646
62710,0.010615,0.007866,0.093027
62720,0.022869,0.017376,0.128326
62730,0.034896,0.026498,0.166577
62740,0.000224,0.000171,0.190830
62750,0.024887,0.018732,0.155923
62760,0.019716,0.014977,0.099701
62770,0.018255,0.013774,0.137787
62780,0.029589,0.022158,0.152338
62790,0.027995,0.021226,0.130441
62800,0.030426,0.022792,0.139369
62810,0.030107,0.022844,0.153919
62820,0.023866,0.017242,0.161038
62830,0.034726,0.026501,0.158791
62840,0.029882,0.022515,0.166250
62850,0.013831,0.010429,0.112538
62860,0.034902,0.026919,0.161158
62870,0.031963,0.023679,0.151721
62880,0.024881,0.018565,0.208698
62890,0.032438,0.024417,0.156682
62900,0.073084,0.073628,0.353063
62910,0.016399,0.012296,0.100076
62920,0.015666,0.011841,0.119888
62930,0.033131,0.025091,0.166395
62940,0.019430,0.014595,0.121582
62950,0.005504,0.004269,0.042245
62960,0.029043,0.021869,0.150044
62970,0.043478,0.032933,0.187944
62980,0.057042,0.043548,0.210369
62990,0.048876,0.036615,0.177542
63000,0.018150,0.013431,0.092033
63010,0.058034,0.044377,0.212070
63020,0.050961,0.038625,0.206642
63030,0.009466,0.007268,0.131684
63040,0.014574,0.010904,0.068567
63050,0.023399,0.017750,0.106711
63060,0.030211,0.022470,0.143743
63070,0.026802,0.020477,0.134399
63080,0.051348,0.039066,0.202803
63090,0.039873,0.030105,0.154969
63100,0.034393,0.025955,0.140708
63110,0.025781,0.019413,0.147551
63120,0.023288,0.017386,0.142426
63130,0.028130,0.021571,0.120148
63140,0.012535,0.009483,0.069488
63150,0.024841,0.018743,0.127110
63160,0.028541,0.021632,0.134153
63170,0.011413,0.008478,0.103533
63180,0.003879,0.002681,0.125345
63190,0.030910,0.023590,0.145797
63200,0.021228,0.015929,0.124769
63210,0.016357,0.012186,0.092711
63220,0.002348,0.001600,0.072056
63230,0.040474,0.030751,0.172204
63240,0.026890,0.019973,0.153530
63250,0.011548,0.008926,0.200509
63260,0.012683,0.009160,0.132748
63270,0.035088,0.026493,0.159177
63280,0.026342,0.019833,0.122836
63290,0.024068,0.017804,0.143675
63300,0.023781,0.018060,0.144193
63310,0.011624,0.008600,0.134829
63320,0.046323,0.035168,0.174702
63330,0.037936,0.028454,0.170545
63340,0.015246,0.011418,0.115106
63350,0.015826,0.011736,0.111958
63360,0.024063,0.017967,0.127506
63370,0.008073,0.005852,0.105855
63380,0.014331,0.011107,0.092294
63390,0.022259,0.016732,0.136378
63400,0.025909,0.019580,0.112217
63410,0.037683,0.028760,0.158244
63420,0.031577,0.023753,0.135024
63430,0.051051,0.038677,0.199845
63440,0.023611,0.017715,0.139191
63450,0.025466,0.019053,0.141183
63460,0.032181,0.024149,0.166350
63470,0.040682,0.031051,0.157928
63480,0.011129,0.008235,0.117147
63490,0.013202,0.009674,0.104884
63500,0.025871,0.019237,0.131767
63510,0.017951,0.013510,0.119897
63520,0.030980,0.023293,0.164953
63530,0.051818,0.038676,0.186995
63540,0.019533,0.014687,0.113249
63550,0.040961,0.031076,0.168369
63560,0.035692,0.026938,0.163606
63570,0.014806,0.011063,0.106507
63580,0.020241,0.015025,0.131668
63590,0.033062,0.024916,0.149629
63600,0.016888,0.012534,0.135871
63610,0.020454,0.015427,0.134018
63620,0.023604,0.017305,0.106945
63630,0.001376,0.000970,0.064613
63640,0.011795,0.008564,0.101944
63650,0.028932,0.021294,0.148331
63660,0.015039,0.011018,0.143211
63670,0.009240,0.006853,0.114287
63680,0.036494,0.027971,0.166492
63690,0.039539,0.030064,0.172171
63700,0.018058,0.013349,0.119297
63710,0.036439,0.027451,0.158545
63720,0.017662,0.013218,0.133409
63730,0.012167,0.008705,0.120228
63740,0.036071,0.027117,0.165725
63750,0.015063,0.011295,0.076847
63760,0.024626,0.018538,0.142834
63770,0.031669,0.024000,0.154305
63780,0.027347,0.020633,0.140026
63790,0.040443,0.030735,0.153567
63800,0.026136,0.021091,0.148899
63810,0.037793,0.028209,0.178395
63820,0.016598,0.013549,0.124217
63830,0.029708,0.022534,0.124316
63840,0.044251,0.034070,0.170464
63850,0.040737,0.031090,0.164440
63860,0.014499,0.010757,0.120664
63870,0.045168,0.033907,0.193094
63880,0.022399,0.016530,0.126644
63890,0.020131,0.015421,0.094782
63900,0.031071,0.023539,0.152685
63910,0.033517,0.026307,0.171441
63920,0.027323,0.020974,0.144319
63930,0.043993,0.033549,0.178503
63940,0.021812,0.016480,0.132563
63950,0.019679,0.014795,0.129079
63960,0.036366,0.028037,0.158970
63970,0.017035,0.012505,0.129726
63980,0.017929,0.013373,0.110854
63990,0.036166,0.027109,0.160499
64000,0.044427,0.033368,0.194049
64010,0.037673,0.029092,0.173022
64020,0.034581,0.025796,0.174567
64030,0.037718,0.028527,0.165288
64040,0.027933,0.021120,0.147358
64050,0.023575,0.017439,0.124500
64060,0.020258,0.015076,0.129275
64070,0.034741,0.026446,0.170399
64080,0.019007,0.014511,0.111592
64090,0.012144,0.008853,0.111703
64100,0.009564,0.007786,0.081896
64110,0.075415,0.057180,0.244877
64120,0.034847,0.026405,0.162894
64130,0.023148,0.017661,0.122526
64140,0.028269,0.021442,0.137164
64150,0.016705,0.012579,0.095619
64160,0.022919,0.016830,0.136483
64170,0.043756,0.032836,0.193544
64180,0.019252,0.014463,0.117573
64190,0.033876,0.025345,0.166239
64200,0.016552,0.012316,0.115599
64210,0.017893,0.013754,0.151068
64220,0.019167,0.014032,0.109647
64230,0.050152,0.038167,0.199695
64240,0.010249,0.007496,0.095408
64250,0.033915,0.025290,0.170785
64260,0.036761,0.027956,0.171382
64270,0.011205,0.008338,0.059709
64280,0.029128,0.021997,0.144530
64290,0.041993,0.031945,0.171499
64300,0.007627,0.005684,0.061587
64310,0.032990,0.024672,0.166634
64320,0.034995,0.026244,0.160871
64330,0.007539,0.005579,0.135850
64340,0.017734,0.013034,0.118708
64350,0.018678,0.014169,0.126764
64360,0.017673,0.012878,0.116329
64370,0.031565,0.023929,0.150786
64380,0.026770,0.020201,0.142515
64390,0.019788,0.014772,0.090006
64400,0.032820,0.024283,0.155645
64410,0.041862,0.032078,0.176326
64420,0.034365,0.026007,0.156932
64430,0.010005,0.006497,0.236858
64440,0.028252,0.021008,0.148199
64450,0.016769,0.012446,0.086599
64460,0.031907,0.024405,0.147625
64470,0.022891,0.017072,0.090791
64480,0.023725,0.017726,0.103754
64490,0.022213,0.016625,0.133291
64500,0.037098,0.027894,0.169115
64510,0.020674,0.015728,0.128593
64520,0.013820,0.010498,0.099850
64530,0.004567,0.003268,0.206368
64540,0.014989,0.011238,0.113935
64550,0.013149,0.009907,0.121488
64560,0.016012,0.011741,0.121677
64570,0.023009,0.017155,0.139116
64580,0.024865,0.018376,0.156580
64590,0.008816,0.006464,0.086169
64600,0.001606,0.001508,0.226802
64610,0.013344,0.009667,0.098602
64620,0.018401,0.013962,0.125882
64630,0.024868,0.018782,0.136094
64640,0.021370,0.015952,0.097460
64650,0.013871,0.010266,0.113943
64660,0.016287,0.012413,0.122800
64670,0.013025,0.009661,0.125474
64680,0.018373,0.013627,0.144131
64690,0.035892,0.026957,0.161043
64700,0.037220,0.028047,0.159982
64710,0.013185,0.009859,0.102726
64720,0.018697,0.013934,0.120916
64730,0.021020,0.015841,0.100799
64740,0.009449,0.006555,0.128816
64750,0.028780,0.021561,0.145387
64760,0.033795,0.025776,0.135502
64770,0.017732,0.013282,0.137541
64780,0.011764,0.009986,0.117838
64790,0.041056,0.030910,0.180393
64800,0.024418,0.018259,0.144450
64810,0.017657,0.013185,0.112605
64820,0.017298,0.013489,0.135860
64830,0.014867,0.010524,0.113962
64840,0.018296,0.013867,0.083131
64850,0.031337,0.023669,0.163035
64860,0.017539,0.012797,0.135282
64870,0.024176,0.018041,0.147759
64880,0.064157,0.048897,0.225938
64890,0.040196,0.030399,0.170300
64900,0.048724,0.037435,0.187715
64910,0.049617,0.037529,0.197608
64920,0.025512,0.019088,0.152245
64930,0.016952,0.012940,0.123363
64940,0.028156,0.021327,0.160323
64950,0.042542,0.032403,0.183507
64960,0.012801,0.009822,0.099921
64970,0.037918,0.026660,0.213983
64980,0.042959,0.032717,0.176999
64990,0.052463,0.039724,0.192024
65000,0.022289,0.016850,0.094148
65010,0.028227,0.021742,0.130190
65020,0.035024,0.027451,0.163543
65030,0.053546,0.040263,0.209410
65040,0.036520,0.027448,0.158334
65050,0.030193,0.022168,0.152997
65060,0.040564,0.031069,0.173638
65070,0.037693,0.028451,0.169488
65080,0.025263,0.019031,0.139852
65090,0.016758,0.012686,0.096659
65100,0.012396,0.009264,0.073949
65110,0.019558,0.014626,0.130530
65120,0.029230,0.022449,0.173825
65130,0.020071,0.015077,0.129297
65140,0.037901,0.028707,0.160084
65150,0.018493,0.013883,0.112381
65160,0.006227,0.004443,0.083805
65170,0.026758,0.019907,0.146837
65180,0.018535,0.013790,0.112320
65190,0.019867,0.015290,0.088287
65200,0.014305,0.010505,0.131775
65210,0.034865,0.026247,0.153079
65220,0.027133,0.020547,0.148653
65230,0.028351,0.021105,0.155596
65240,0.024552,0.018320,0.111927
65250,0.042738,0.032258,0.191383
65260,0.013859,0.010427,0.116972
65270,0.020823,0.014753,0.128732
65280,0.018471,0.014410,0.126548
65290,0.014495,0.010780,0.071110
65300,0.028930,0.021853,0.138893
65310,0.023080,0.017368,0.135022
65320,0.032555,0.022255,0.167809
65330,0.016785,0.012699,0.076662
65340,0.013562,0.009961,0.089449
65350,0.053044,0.041166,0.205282
65360,0.026150,0.019596,0.135102
65370,0.012702,0.009385,0.097492
65380,0.014128,0.010484,0.122966
65390,0.020576,0.015168,0.098752
65400,0.070282,0.051012,0.240602
65410,0.010027,0.007057,0.148693
65420,0.016274,0.012482,0.092845
65430,0.037542,0.028169,0.171795
65440,0.023850,0.017787,0.136040
65450,0.039825,0.030114,0.176007
65460,0.013957,0.010457,0.107273
65470,0.015124,0.011232,0.125432
65480,0.002168,0.001997,0.143223
65490,0.025590,0.019262,0.138379
65500,0.004912,0.003480,0.098379
65510,0.020183,0.015266,0.116078
65520,0.018478,0.013943,0.118511
65530,0.021999,0.016697,0.130349
65540,0.028242,0.022142,0.154502
65550,0.061200,0.046217,0.221355
65560,0.015127,0.010798,0.141726
65570,0.016377,0.011987,0.124780
65580,0.033803,0.025368,0.162545
65590,0.017917,0.013474,0.134861
65600,0.012270,0.009219,0.125510
65610,0.036357,0.027440,0.166685
65620,0.020172,0.015284,0.129538
65630,0.051333,0.039009,0.183957
65640,0.020381,0.015223,0.124149
65650,0.026386,0.019251,0.181976
65660,0.039426,0.029881,0.181416
65670,0.025543,0.019133,0.136149
65680,0.012673,0.009641,0.119457
65690,0.031440,0.023757,0.151272
65700,0.012708,0.009410,0.112573
65710,0.027902,0.020809,0.149340
65720,0.031917,0.023916,0.156191
65730,0.017522,0.013160,0.119018
65740,0.020097,0.015251,0.126897
65750,0.023828,0.017865,0.127257
65760,0.029117,0.022314,0.144071
65770,0.024065,0.018283,0.127542
65780,0.003128,0.002394,0.097985
65790,0.020327,0.015276,0.135838
65800,0.035725,0.026828,0.168667
65810,0.017068,0.012478,0.119027
65820,0.022251,0.016764,0.135618
65830,0.059992,0.045933,0.220604
65840,0.024787,0.019585,0.145778
65850,0.031515,0.023813,0.151052
65860,0.024577,0.018191,0.138283
65870,0.014320,0.010971,0.062907
65880,0.029670,0.022420,0.140201
65890,0.010577,0.007800,0.105623
65900,0.010389,0.007547,0.105337
65910,0.037939,0.028407,0.166077
65920,0.028163,0.021538,0.140472
65930,0.022237,0.017001,0.098029
65940,0.035428,0.027305,0.141229
65950,0.020966,0.015771,0.123373
65960,0.048011,0.036808,0.178114
65970,0.012501,0.009173,0.102804
65980,0.040464,0.030433,0.175682
65990,0.064624,0.049936,0.237612
66000,0.004632,0.003342,0.185685
66010,0.018560,0.014143,0.112413
66020,0.009242,0.006928,0.086976
66030,0.035337,0.025965,0.173062
66040,0.008153,0.006173,0.075925
66050,0.022951,0.017203,0.104358
66060,0.023783,0.017619,0.134604
66070,0.052337,0.039668,0.184531
66080,0.017322,0.012789,0.118132
66090,0.027880,0.020790,0.158950
66100,0.028492,0.022227,0.148864
66110,0.029220,0.021732,0.153827
66120,0.025067,0.018503,0.147823
66130,0.020855,0.015614,0.124378
66140,0.035956,0.027380,0.152869
66150,0.037585,0.028632,0.169441
66160,0.030690,0.023672,0.164948
66170,0.002424,0.001750,0.083862
66180,0.034081,0.026001,0.166331
66190,0.042556,0.032181,0.162244
66200,0.052921,0.040289,0.208687
66210,0.019369,0.014598,0.119789
66220,0.016033,0.012003,0.121083
66230,0.013388,0.009983,0.083112
66240,0.029472,0.022468,0.148186
66250,0.026933,0.020184,0.138477
66260,0.033045,0.024928,0.138289
66270,0.022181,0.016694,0.146653
66280,0.021229,0.015944,0.121942
66290,0.057216,0.043180,0.190499
66300,0.046681,0.036032,0.188530
66310,0.043385,0.033022,0.182324
66320,0.036406,0.027599,0.151921
66330,0.038862,0.029621,0.151400
66340,0.017642,0.013961,0.124588
66350,0.018165,0.013466,0.116062
66360,0.018576,0.013422,0.126704
66370,0.016183,0.011976,0.112898
66380,0.011261,0.008566,0.129545
66390,0.024030,0.018085,0.103809
66400,0.015583,0.011598,0.114160
66410,0.000121,0.000570,0.000879
66420,0.031909,0.024217,0.152727
66430,0.024452,0.018110,0.140805
66440,0.018584,0.013893,0.137889
66450,0.038847,0.029277,0.156020
66460,0.036942,0.027624,0.162800
66470,0.015653,0.011538,0.109220
66480,0.024276,0.018175,0.141921
66490,0.044358,0.033786,0.181571
66500,0.012864,0.009501,0.115086
66510,0.017257,0.012811,0.111164
66520,0.014921,0.011289,0.130379
66530,0.014460,0.011076,0.099175
66540,0.019692,0.014768,0.124906
66550,0.024515,0.018529,0.139817
66560,0.036269,0.027140,0.163572
66570,0.033674,0.025250,0.148702
66580,0.040597,0.030925,0.177014
66590,0.030443,0.023179,0.137265
66600,0.040098,0.030336,0.167072
66610,0.013086,0.010382,0.075755
66620,0.026686,0.019277,0.157694
66630,0.050393,0.038257,0.183961
66640,0.040889,0.030621,0.167702
66650,0.041032,0.031135,0.169526
66660,0.037577,0.028299,0.162789
66670,0.019635,0.014522,0.131172
66680,0.053789,0.040738,0.192423
66690,0.036221,0.027196,0.152447
66700,0.026767,0.020152,0.140673
66710,0.024890,0.018720,0.134600
66720,0.023142,0.017282,0.134688
66730,0.034554,0.025824,0.164166
66740,0.037225,0.028378,0.169966
66750,0.027603,0.020531,0.147291
66760,0.012226,0.009003,0.099542
66770,0.004843,0.003572,0.104662
66780,0.012661,0.009650,0.103959
66790,0.029122,0.021245,0.160628
66800,0.044725,0.034017,0.196141
66810,0.010228,0.007611,0.134657
66820,0.016053,0.012064,0.122774
66830,0.022305,0.016798,0.122328
66840,0.013640,0.010233,0.111436
66850,0.034210,0.025623,0.166359
66860,0.033626,0.025507,0.142588
66870,0.031445,0.023670,0.167202
66880,0.011770,0.008636,0.098540
66890,0.029552,0.022249,0.153948
66900,0.033519,0.025374,0.145307
66910,0.052131,0.039287,0.196778
66920,0.033807,0.026118,0.150321
66930,0.029729,0.022424,0.153363
66940,0.026646,0.020169,0.107590
66950,0.029750,0.022343,0.149093
66960,0.018707,0.013704,0.126591
66970,0.035044,0.026232,0.164226
66980,0.032635,0.024283,0.162734
66990,0.036529,0.027604,0.152136
67000,0.018156,0.013024,0.077795
67010,0.018716,0.014133,0.126155
67020,0.011975,0.008785,0.102119
67030,0.016468,0.012795,0.095816
67040,0.039777,0.030617,0.176886
67050,0.010597,0.007663,0.099835
67060,0.020760,0.015743,0.114449
67070,0.039962,0.030307,0.170479
67080,0.017907,0.013027,0.139668
67090,0.010344,0.007694,0.107147
67100,0.025340,0.019749,0.137716
67110,0.018393,0.015124,0.102310
67120,0.013226,0.009727,0.114019
67130,0.008811,0.006665,0.072244
67140,0.029154,0.022249,0.140015
67150,0.020913,0.016065,0.086825
67160,0.009997,0.007497,0.089289
67170,0.023872,0.017994,0.113093
67180,0.025620,0.019433,0.142190
67190,0.050040,0.038278,0.198880
67200,0.019815,0.014885,0.127826
67210,0.034546,0.026017,0.169247
67220,0.042046,0.031518,0.172599
67230,0.034815,0.026267,0.170526
67240,0.014977,0.011285,0.099172
67250,0.017030,0.012634,0.093487
67260,0.014694,0.010881,0.066322
67270,0.022760,0.017088,0.132312
67280,0.009867,0.007058,0.160236
67290,0.011607,0.008544,0.101025
67300,0.021502,0.016394,0.128949
67310,0.040246,0.030141,0.173623
67320,0.044570,0.033969,0.183093
67330,0.029912,0.022494,0.162123
67340,0.017892,0.013006,0.134846
67350,0.022121,0.016510,0.124119
67360,0.018548,0.013868,0.107470
67370,0.033961,0.025397,0.162169
67380,0.045552,0.035958,0.185346
67390,0.041777,0.031897,0.193460
67400,0.009800,0.007162,0.083323
67410,0.023985,0.018047,0.132092
67420,0.010452,0.007592,0.095586
67430,0.008011,0.005952,0.312857
67440,0.018020,0.013714,0.109669
67450,0.033338,0.025198,0.159654
67460,0.015527,0.011551,0.115312
67470,0.038168,0.028791,0.170154
67480,0.017946,0.013846,0.087882
67490,0.045990,0.034780,0.191185
67500,0.030555,0.022985,0.146444
67510,0.004887,0.003822,0.128120
67520,0.000184,0.000601,0.653735
67530,0.015612,0.011653,0.116900
67540,0.020212,0.015191,0.132546
67550,0.032143,0.024285,0.162444
67560,0.007854,0.005831,0.067634
67570,0.048461,0.037082,0.193492
67580,0.011051,0.009444,0.118568
67590,0.013426,0.010083,0.125003
67600,0.036342,0.027573,0.160088
67610,0.000006,0.000005,0.000019
67620,0.024934,0.018791,0.108729
67630,0.017280,0.013280,0.098170
67640,0.050839,0.039266,0.199329
67650,0.040995,0.031087,0.163618
67660,0.014254,0.010713,0.100650
67670,0.028222,0.021420,0.149289
67680,0.019003,0.014459,0.121997
67690,0.011927,0.008701,0.100568
67700,0.027557,0.020536,0.152185
67710,0.045009,0.034202,0.184712
67720,0.025089,0.018780,0.144610
67730,0.003877,0.002895,0.089392
67740,0.038350,0.028715,0.167265
67750,0.040437,0.030425,0.169240
67760,0.032319,0.024363,0.149456
67770,0.023893,0.016056,0.115351
67780,0.000959,0.001071,0.151072
67790,0.042326,0.032126,0.172789
67800,0.013423,0.010150,0.111003
67810,0.022939,0.017418,0.132956
67820,0.027109,0.019943,0.172187
67830,0.046145,0.035815,0.201313
67840,0.019110,0.014095,0.130647
67850,0.044965,0.033555,0.198729
67860,0.007143,0.005213,0.051062
67870,0.026837,0.020317,0.147852
67880,0.004355,0.003200,0.076482
67890,0.036521,0.027529,0.141286
67900,0.006830,0.006470,0.163369
67910,0.026828,0.020258,0.146874
67920,0.014040,0.010431,0.130787
67930,0.039031,0.029545,0.167117
67940,0.017608,0.013253,0.092066
67950,0.028033,0.020758,0.152654
67960,0.013638,0.010270,0.055845
67970,0.033624,0.025223,0.159707
67980,0.031341,0.023515,0.148731
67990,0.046284,0.035370,0.174945
68000,0.027431,0.020453,0.143405
68010,0.060028,0.045789,0.220264
68020,0.045117,0.034574,0.177662
68030,0.011491,0.008662,0.107900
68040,0.030779,0.023051,0.150214
68050,0.038137,0.028312,0.174310
68060,0.014734,0.011064,0.108915
68070,0.026537,0.019728,0.142186
68080,0.028586,0.021405,0.128429
68090,0.017945,0.013394,0.126639
68100,0.005230,0.003937,0.107517
68110,0.020996,0.015416,0.135920
68120,0.005333,0.004092,0.095486
68130,0.032709,0.024939,0.151127
68140,0.038270,0.029110,0.179582
68150,0.009687,0.007169,0.057056
68160,0.023664,0.017844,0.139748
68170,0.031951,0.022768,0.134962
68180,0.005340,0.003959,0.203783
68190,0.040926,0.031135,0.174349
68200,0.020241,0.014949,0.164970
68210,0.030832,0.023268,0.136515
68220,0.036430,0.027760,0.173282
68230,0.027656,0.021000,0.141181
68240,0.051028,0.038803,0.198910
68250,0.046930,0.035613,0.196820
68260,0.025457,0.019015,0.133782
68270,0.031803,0.023768,0.135401
68280,0.024011,0.017867,0.139676
68290,0.025358,0.020606,0.124136
68300,0.027270,0.020443,0.138712
68310,0.027391,0.020507,0.149549
68320,0.008350,0.006086,0.110440
68330,0.012337,0.009192,0.115668
68340,0.031999,0.024225,0.155067
68350,0.039607,0.029986,0.178658
68360,0.014062,0.011097,0.080465
68370,0.012909,0.009518,0.078683
68380,0.030396,0.022460,0.162094
68390,0.001634,0.001168,0.094841
68400,0.015471,0.011605,0.117743
68410,0.019178,0.014317,0.113331
68420,0.037729,0.028328,0.166686
68430,0.019761,0.014692,0.092389
68440,0.019639,0.014792,0.115878
68450,0.012962,0.009853,0.099762
68460,0.016551,0.012382,0.111796
68470,0.008064,0.005780,0.075122
68480,0.035839,0.027410,0.157171
68490,0.022693,0.017043,0.126259
68500,0.021410,0.015997,0.126088
68510,0.033451,0.025409,0.154544
68520,0.016474,0.012066,0.115767
68530,0.015914,0.011979,0.133261
68540,0.026619,0.019935,0.137988
68550,0.034949,0.026327,0.176320
68560,0.033381,0.025179,0.156351
68570,0.013978,0.010544,0.108021
68580,0.024149,0.018267,0.119222
68590,0.021627,0.015981,0.124637
68600,0.031114,0.023691,0.142430
68610,0.058040,0.043759,0.218729
68620,0.035785,0.027122,0.141670
68630,0.012186,0.009317,0.067490
68640,0.032751,0.024399,0.164364
68650,0.023576,0.017375,0.126313
68660,0.001914,0.001371,0.068335
68670,0.000001,0.000000,0.000002
68680,0.012198,0.009371,0.100483
68690,0.034781,0.026479,0.153194
68700,0.026369,0.019839,0.131519
68710,0.034207,0.025509,0.149946
68720,0.014861,0.010891,0.132365
68730,0.014194,0.010654,0.106909
68740,0.000611,0.000432,0.107597
68750,0.022754,0.017736,0.095521
68760,0.028145,0.021361,0.151583
68770,0.020847,0.015069,0.111879
68780,0.024990,0.018816,0.141976
68790,0.051101,0.038237,0.188674
68800,0.036613,0.027704,0.176877
68810,0.030401,0.022832,0.153589
68820,0.027012,0.018945,0.155942
68830,0.055225,0.041759,0.205236
68840,0.052424,0.040084,0.209490
68850,0.017708,0.013320,0.089907
68860,0.025240,0.019037,0.143483
68870,0.003336,0.002319,0.082398
68880,0.020586,0.015516,0.097110
68890,0.025372,0.019416,0.142359
68900,0.038036,0.028334,0.176667
68910,0.002140,0.001584,0.011495
68920,0.029576,0.022089,0.164259
68930,0.033828,0.024442,0.137288
68940,0.021373,0.016263,0.094351
68950,0.007794,0.006015,0.107865
68960,0.021546,0.016138,0.106722
68970,0.049439,0.037428,0.187120
68980,0.013174,0.009864,0.123516
68990,0.033887,0.025458,0.155727
69000,0.025746,0.019487,0.146481
69010,0.026188,0.019651,0.136261
69020,0.009480,0.006958,0.115014
69030,0.017185,0.012493,0.124732
69040,0.032719,0.024660,0.153305
69050,0.013581,0.009996,0.096407
69060,0.012817,0.009419,0.105844
69070,0.019604,0.014699,0.119838
69080,0.040774,0.031215,0.174508
69090,0.017792,0.013469,0.101338
69100,0.014313,0.010847,0.089465
69110,0.022869,0.017278,0.125426
69120,0.026870,0.019992,0.145514
69130,0.032635,0.024864,0.157238
69140,0.033993,0.026208,0.137057
69150,0.036245,0.027297,0.168093
69160,0.018525,0.013568,0.125409
69170,0.014353,0.010798,0.109626
69180,0.023679,0.017918,0.152072
69190,0.025644,0.019599,0.125273
69200,0.018358,0.013777,0.123856
69210,0.015527,0.011542,0.115301
69220,0.014914,0.011225,0.081141
69230,0.024295,0.017939,0.137201
69240,0.031858,0.024058,0.152368
69250,0.012819,0.009508,0.079566
69260,0.017506,0.013130,0.108654
69270,0.013948,0.010378,0.106155
69280,0.017349,0.012770,0.145979
69290,0.026121,0.018947,0.149924
69300,0.034300,0.026269,0.147294
69310,0.012078,0.009133,0.092222
69320,0.013614,0.010330,0.105967
69330,0.022581,0.017052,0.125204
69340,0.031526,0.023713,0.156322
69350,0.017380,0.013197,0.109890
69360,0.043920,0.033136,0.180413
69370,0.026159,0.019849,0.141253
69380,0.006525,0.005119,0.129889
69390,0.018962,0.014744,0.116165
69400,0.031607,0.023777,0.148084
69410,0.009012,0.006780,0.190413
69420,0.013881,0.010361,0.112105
69430,0.020969,0.016302,0.113173
69440,0.009283,0.007050,0.088671
69450,0.036521,0.029356,0.144910
69460,0.018762,0.013924,0.085451
69470,0.008406,0.006045,0.055443
69480,0.026096,0.019360,0.151195
69490,0.017739,0.013409,0.120217
69500,0.014292,0.010777,0.100119
69510,0.028900,0.021804,0.144071
69520,0.035145,0.026642,0.156240
69530,0.036026,0.027415,0.177578
69540,0.023369,0.017677,0.130741
69550,0.017229,0.013401,0.120837
69560,0.010171,0.007457,0.091921
69570,0.022484,0.016832,0.128194
69580,0.040007,0.030258,0.167748
69590,0.020798,0.015740,0.129780
69600,0.022051,0.016349,0.087903
69610,0.032445,0.024435,0.163710
69620,0.033772,0.025610,0.140872
69630,0.020228,0.015445,0.080377
69640,0.037335,0.028697,0.167916
69650,0.014891,0.011317,0.104463
69660,0.028226,0.021581,0.145401
69670,0.020010,0.014657,0.124391
69680,0.007899,0.006259,0.097387
69690,0.011699,0.008551,0.103374
69700,0.021750,0.016295,0.130082
69710,0.024347,0.018281,0.132316
69720,0.017627,0.013271,0.096588
69730,0.014122,0.010665,0.098944
69740,0.017471,0.012974,0.134299
69750,0.037367,0.028213,0.158938
69760,0.028035,0.020239,0.262058
69770,0.022942,0.017178,0.130605
69780,0.032777,0.024579,0.156157
69790,0.016292,0.011764,0.139263
69800,0.029475,0.022144,0.154338
69810,0.049203,0.036762,0.198335
69820,0.024460,0.018362,0.128905
69830,0.048954,0.037435,0.186033
69840,0.029173,0.022506,0.128410
69850,0.031017,0.023412,0.152684
69860,0.019769,0.014854,0.097356
69870,0.032784,0.025030,0.159176
69880,0.012155,0.009067,0.105638
69890,0.038535,0.029351,0.158490
69900,0.031483,0.023899,0.138848
69910,0.005442,0.004007,0.100838
69920,0.010182,0.007435,0.094668
69930,0.051071,0.037364,0.197043
69940,0.040574,0.031044,0.176064
69950,0.026725,0.020247,0.141100
69960,0.041936,0.031703,0.169306
69970,0.014792,0.010973,0.106408
69980,0.027114,0.020415,0.143232
69990,0.013709,0.010124,0.084290
70000,0.024870,0.019095,0.138279
70010,0.019120,0.015625,0.089240
70020,0.034470,0.026108,0.161105
70030,0.022715,0.016634,0.151032
70040,0.017078,0.012627,0.132689
70050,0.020675,0.015504,0.116565
70060,0.035757,0.026853,0.147288
70070,0.021924,0.016361,0.141631
70080,0.019479,0.014643,0.125607
70090,0.017604,0.013017,0.134244
70100,0.004998,0.003650,0.092510
70110,0.014602,0.010834,0.114338
70120,0.022755,0.016843,0.143721
70130,0.034603,0.025891,0.164948
70140,0.036097,0.026578,0.168554
70150,0.038019,0.028813,0.178492
70160,0.023844,0.017935,0.156236
70170,0.044464,0.033683,0.177475
70180,0.030476,0.023016,0.157143
70190,0.014248,0.010602,0.059201
70200,0.022646,0.017209,0.140002
70210,0.031881,0.024040,0.153750
70220,0.033899,0.025813,0.169014
70230,0.010048,0.007235,0.116944
70240,0.017852,0.012642,0.154438
70250,0.036208,0.026924,0.145490
70260,0.048166,0.037337,0.191123
70270,0.031392,0.023754,0.132079
70280,0.017542,0.013203,0.112424
70290,0.018924,0.014204,0.115253
70300,0.033192,0.025084,0.152977
70310,0.005258,0.003491,0.033276
70320,0.031417,0.023833,0.150261
70330,0.015534,0.011319,0.109710
70340,0.011867,0.009108,0.073140
70350,0.035109,0.027188,0.173718
70360,0.016572,0.012710,0.132958
70370,0.012041,0.008672,0.106380
70380,0.035005,0.026565,0.159341
70390,0.030739,0.023075,0.157009
70400,0.032763,0.024716,0.158433
70410,0.000932,0.000686,0.045789
70420,0.022611,0.016307,0.140707
70430,0.027847,0.021071,0.139991
70440,0.013868,0.010505,0.105197
70450,0.016161,0.012031,0.125358
70460,0.029712,0.022429,0.155602
70470,0.019698,0.014627,0.116706
70480,0.029146,0.021839,0.124001
70490,0.037395,0.028903,0.160560
70500,0.066035,0.050290,0.236462
70510,0.017962,0.013797,0.128517
70520,0.054636,0.041545,0.205345
70530,0.021653,0.016545,0.119992
70540,0.027394,0.020945,0.135581
70550,0.028171,0.021284,0.137987
70560,0.002732,0.001964,0.140346
70570,0.029640,0.022397,0.152107
70580,0.003898,0.003224,0.282241
70590,0.032257,0.024260,0.166275
70600,0.015399,0.011365,0.070013
70610,0.015450,0.011772,0.076722
70620,0.001365,0.000904,0.150162
70630,0.058472,0.041020,0.213887
70640,0.021220,0.015830,0.126620
70650,0.020563,0.015293,0.142781
70660,0.012070,0.008896,0.086016
70670,0.027218,0.020560,0.139174
70680,0.076582,0.056689,0.219023
70690,0.032495,0.024390,0.135363
70700,0.019465,0.014428,0.114168
70710,0.024452,0.018392,0.108883
70720,0.032633,0.024528,0.161236
70730,0.006819,0.004923,0.092911
70740,0.033824,0.025534,0.148534
70750,0.023097,0.017531,0.100064
70760,0.019411,0.014572,0.112759
70770,0.024527,0.018529,0.121111
70780,0.016764,0.012595,0.112024
70790,0.018310,0.013527,0.099081
70800,0.064611,0.049047,0.226721
70810,0.056728,0.043467,0.216570
70820,0.036987,0.027872,0.166819
70830,0.012857,0.009969,0.111353
70840,0.041517,0.031511,0.177607
70850,0.019720,0.014974,0.129525
70860,0.033136,0.025114,0.154028
70870,0.031310,0.023949,0.134288
70880,0.030652,0.023672,0.131518
70890,0.020585,0.015541,0.112070
70900,0.027620,0.020343,0.115729
70910,0.033544,0.025576,0.156909
70920,0.025514,0.028520,0.105812
70930,0.025227,0.019089,0.141541
70940,0.020555,0.015243,0.136969
70950,0.038608,0.029246,0.161842
70960,0.010905,0.008191,0.097643
70970,0.016395,0.011960,0.085474
70980,0.021586,0.016393,0.130721
70990,0.002315,0.001697,0.069861
71000,0.019852,0.014996,0.120466
71010,0.033449,0.025422,0.141622
71020,0.041287,0.030926,0.172667
71030,0.020107,0.015147,0.115182
71040,0.026570,0.019966,0.135859
71050,0.019039,0.014590,0.154081
71060,0.009146,0.006694,0.090277
71070,0.031258,0.023650,0.138068
71080,0.002706,0.001925,0.375901
71090,0.027761,0.021060,0.143727
71100,0.023552,0.017522,0.133149
71110,0.031623,0.023776,0.147156
71120,0.045782,0.034909,0.185701
71130,0.020599,0.015787,0.130507
71140,0.019431,0.014518,0.096378
71150,0.039613,0.030065,0.178715
71160,0.009443,0.006783,0.116645
71170,0.019965,0.015176,0.127721
71180,0.023858,0.017956,0.130327
71190,0.011302,0.008519,0.147536
71200,0.011508,0.008583,0.109942
71210,0.046268,0.035485,0.189254
71220,0.054616,0.041342,0.205048
71230,0.005389,0.003890,0.092750
71240,0.007732,0.005759,0.096858
71250,0.034828,0.026060,0.162722
71260,0.019380,0.014403,0.122974
71270,0.012925,0.009691,0.108609
71280,0.018723,0.014000,0.123476
71290,0.023745,0.018014,0.135185
71300,0.028155,0.021099,0.141861
71310,0.014679,0.013008,0.116702
71320,0.030894,0.023450,0.155011
71330,0.017005,0.011765,0.085944
71340,0.034027,0.025933,0.150683
71350,0.030522,0.022449,0.171882
71360,0.021826,0.015881,0.154468
71370,0.044753,0.033640,0.185172
71380,0.049383,0.037637,0.195084
71390,0.020005,0.014937,0.106917
71400,0.013854,0.010281,0.107366
71410,0.031995,0.023904,0.171459
71420,0.019623,0.014285,0.096609
71430,0.025420,0.019231,0.117706
71440,0.012116,0.008598,0.097497
71450,0.040637,0.030707,0.172289
71460,0.020100,0.014994,0.134326
71470,0.023064,0.016992,0.130161
71480,0.032033,0.024189,0.167697
71490,0.013019,0.009574,0.060830
71500,0.014477,0.010936,0.084040
71510,0.037327,0.028099,0.173005
71520,0.027321,0.020954,0.141181
71530,0.042375,0.031793,0.188234
71540,0.006488,0.004837,0.044821
71550,0.032149,0.024706,0.161715
71560,0.025634,0.019279,0.153135
71570,0.019278,0.014769,0.138572
71580,0.003191,0.002308,0.148375
71590,0.022349,0.017060,0.131416
71600,0.015404,0.012042,0.113540
71610,0.008892,0.006587,0.113185
71620,0.009816,0.007238,0.097860
71630,0.014097,0.010968,0.078139
71640,0.015702,0.011611,0.117218
71650,0.026504,0.019299,0.171951
71660,0.044053,0.033395,0.179941
71670,0.045195,0.034148,0.200166
71680,0.039229,0.029749,0.175363
71690,0.004039,0.002887,0.116923
71700,0.013785,0.010650,0.073166
71710,0.026831,0.020401,0.154275
71720,0.034425,0.025755,0.166966
71730,0.050650,0.041263,0.205047
71740,0.044068,0.033503,0.180705
71750,0.026941,0.020934,0.129392
71760,0.015899,0.011951,0.080105
71770,0.022943,0.017785,0.106221
71780,0.029548,0.022237,0.160591
71790,0.028347,0.021228,0.146596
71800,0.017180,0.013093,0.123424
71810,0.007992,0.006685,0.107667
71820,0.025931,0.019969,0.150336
71830,0.024271,0.018518,0.098845
71840,0.026053,0.019727,0.137360
71850,0.038255,0.028764,0.165678
71860,0.036092,0.027477,0.155191
71870,0.023241,0.017403,0.125535
71880,0.018704,0.013962,0.133132
71890,0.044517,0.033825,0.195353
71900,0.023923,0.018210,0.126864
71910,0.036072,0.027224,0.141950
71920,0.013885,0.010462,0.118266
71930,0.008650,0.007153,0.049119
71940,0.023628,0.017803,0.135858
71950,0.013023,0.009693,0.072426
71960,0.010983,0.008244,0.097901
71970,0.020498,0.015331,0.120496
71980,0.003386,0.002608,0.026276
71990,0.043756,0.033598,0.175483
72000,0.011120,0.008326,0.094959
72010,0.016593,0.012131,0.129097
72020,0.021965,0.016635,0.108622
72030,0.029368,0.022259,0.145511
72040,0.034991,0.026358,0.163061
72050,0.021270,0.015949,0.120547
72060,0.051066,0.038436,0.194567
72070,0.039384,0.029799,0.154673
72080,0.066134,0.050139,0.231977
72090,0.032182,0.024091,0.155483
72100,0.026140,0.019766,0.126693
72110,0.027758,0.020877,0.147925
72120,0.045285,0.034473,0.175138
72130,0.040006,0.030307,0.171440
72140,0.017027,0.012734,0.099985
72150,0.011584,0.009269,0.056435
72160,0.012595,0.009179,0.104756
72170,0.014321,0.010475,0.103323
72180,0.052833,0.040042,0.192283
72190,0.038680,0.029340,0.154901
72200,0.035141,0.026379,0.159386
72210,0.039092,0.029828,0.172987
72220,0.020157,0.014706,0.142855
72230,0.016409,0.012387,0.099908
72240,0.040177,0.030087,0.171766
72250,0.005928,0.004345,0.043917
72260,0.030073,0.022732,0.139211
72270,0.040826,0.031172,0.175776
72280,0.013681,0.010265,0.065421
72290,0.014255,0.010513,0.087524
72300,0.053972,0.040627,0.207868
72310,0.000632,0.000416,0.175441
72320,0.046067,0.034849,0.193303
72330,0.017892,0.013605,0.111505
72340,0.033255,0.025144,0.151142
72350,0.018351,0.013773,0.088303
72360,0.015667,0.011654,0.124812
72370,0.040797,0.030724,0.165300
72380,0.001731,0.001259,0.094194
72390,0.020659,0.015499,0.138769
72400,0.028104,0.021182,0.152396
72410,0.023142,0.018002,0.142440
72420,0.018162,0.013734,0.120078
72430,0.025867,0.019287,0.143644
72440,0.049744,0.037400,0.189439
72450,0.014126,0.010447,0.108747
72460,0.033292,0.025017,0.146665
72470,0.011504,0.008519,0.102477
72480,0.045823,0.034805,0.198313
72490,0.014154,0.010507,0.103714
72500,0.035794,0.027080,0.165309
72510,0.024759,0.018605,0.138994
72520,0.011988,0.008696,0.105575
72530,0.012021,0.008876,0.086394
72540,0.014174,0.010562,0.102515
72550,0.011497,0.008597,0.104643
72560,0.023866,0.018370,0.129912
72570,0.029255,0.021815,0.162747
72580,0.020294,0.015404,0.115284
72590,0.017576,0.014509,0.124562
72600,0.022475,0.017370,0.105806
72610,0.020912,0.015385,0.132956
72620,0.039949,0.030663,0.171763
72630,0.022064,0.015710,0.129826
72640,0.037732,0.028400,0.152438
72650,0.020256,0.015734,0.123567
72660,0.016411,0.011797,0.083054
72670,0.013830,0.010212,0.105013
72680,0.017599,0.013554,0.077735
72690,0.040622,0.030424,0.176905
72700,0.041850,0.031674,0.159242
72710,0.035289,0.026425,0.162800
72720,0.018774,0.014056,0.108818
72730,0.031831,0.024502,0.132054
72740,0.066753,0.050320,0.241071
72750,0.024231,0.018122,0.127370
72760,0.027935,0.020886,0.147559
72770,0.010555,0.007833,0.117331
72780,0.030299,0.022914,0.156675
72790,0.044943,0.033987,0.188449
72800,0.043802,0.033461,0.174425
72810,0.008086,0.005810,0.052889
72820,0.018199,0.013939,0.120790
72830,0.030519,0.023331,0.120641
72840,0.013784,0.010222,0.091497
72850,0.001989,0.001516,0.138303
72860,0.024196,0.017722,0.143492
72870,0.008434,0.006085,0.096617
72880,0.027081,0.020365,0.137644
72890,0.025446,0.019176,0.135712
72900,0.012917,0.009715,0.085586
72910,0.015380,0.011652,0.130828
72920,0.020980,0.015735,0.125847
72930,0.027447,0.020463,0.120838
72940,0.016081,0.011711,0.112457
72950,0.035490,0.026550,0.163826
72960,0.010616,0.007805,0.115573
72970,0.036184,0.027272,0.163586
72980,0.008567,0.006163,0.061598
72990,0.015113,0.010872,0.076338
73000,0.039005,0.030156,0.174771
73010,0.026362,0.019049,0.129204
73020,0.022691,0.017011,0.128555
73030,0.032729,0.024732,0.149576
73040,0.005500,0.004206,0.033603
73050,0.031931,0.023990,0.159113
73060,0.018760,0.014163,0.090476
73070,0.017984,0.013367,0.126648
73080,0.021292,0.015838,0.107110
73090,0.047348,0.035831,0.185177
73100,0.026489,0.019783,0.129149
73110,0.026705,0.020279,0.133096
73120,0.034404,0.025445,0.142506
73130,0.004288,0.002746,0.355987
73140,0.000002,0.000001,0.000007
73150,0.015385,0.011385,0.116422
73160,0.045999,0.034772,0.186092
73170,0.054184,0.041120,0.207375
73180,0.039184,0.029631,0.156528
73190,0.012298,0.009258,0.103161
73200,0.033187,0.024956,0.153045
73210,0.034890,0.026088,0.136169
73220,0.034236,0.025914,0.154648
73230,0.023795,0.017831,0.131619
73240,0.030580,0.023086,0.148119
73250,0.027841,0.020790,0.148631
73260,0.029346,0.022097,0.153066
73270,0.013317,0.009741,0.121123
73280,0.031841,0.024132,0.153520
73290,0.010346,0.007403,0.073334
73300,0.016778,0.012473,0.112590
73310,0.025574,0.019231,0.139886
73320,0.018123,0.013545,0.112139
73330,0.018947,0.013848,0.145605
73340,0.014265,0.010401,0.131269
73350,0.022902,0.016963,0.134860
73360,0.013403,0.009933,0.132196
73370,0.034530,0.025830,0.165436
73380,0.025060,0.018768,0.138027
73390,0.027525,0.020695,0.137436
73400,0.035615,0.027008,0.164117
73410,0.025531,0.019397,0.135488
73420,0.012451,0.009832,0.106769
73430,0.039481,0.029920,0.177438
73440,0.013230,0.009829,0.122851
73450,0.014489,0.010899,0.109910
73460,0.013260,0.009905,0.104654
73470,0.033502,0.025125,0.160909
73480,0.013483,0.010190,0.055299
73490,0.038085,0.028560,0.174104
73500,0.030094,0.022776,0.118861
73510,0.022876,0.017128,0.127520
73520,0.038628,0.029277,0.168739
73530,0.035994,0.027146,0.178545
73540,0.032612,0.024515,0.150587
73550,0.012001,0.008878,0.102185
73560,0.027027,0.020482,0.131096
73570,0.033565,0.025740,0.153102
73580,0.005309,0.003792,0.108814
73590,0.029378,0.022259,0.125970
73600,0.020901,0.015539,0.124517
73610,0.002763,0.002010,0.025659
73620,0.008782,0.006383,0.082491
73630,0.036326,0.027601,0.144473
73640,0.015619,0.011464,0.132708
73650,0.020832,0.015727,0.107632
73660,0.008535,0.006387,0.080072
73670,0.030289,0.022759,0.139393
73680,0.031821,0.023975,0.147041
73690,0.025643,0.019335,0.143283
73700,0.024610,0.018425,0.138454
73710,0.045135,0.034064,0.181007
73720,0.038976,0.029298,0.186698
73730,0.017348,0.013131,0.087209
73740,0.017329,0.012940,0.122070
73750,0.026930,0.020340,0.140891
73760,0.004047,0.002854,0.052733
73770,0.011685,0.008373,0.106091
73780,0.027139,0.020644,0.120956
73790,0.020813,0.015735,0.122100
73800,0.026424,0.019735,0.135174
73810,0.031154,0.023608,0.153349
73820,0.020344,0.015319,0.116795
73830,0.020147,0.015102,0.136671
73840,0.023800,0.017245,0.128813
73850,0.025835,0.019666,0.133472
73860,0.031856,0.024164,0.144637
73870,0.046003,0.035260,0.197624
73880,0.037579,0.028651,0.165740
73890,0.015600,0.012205,0.105731
73900,0.034185,0.025695,0.151092
73910,0.010792,0.008023,0.074842
73920,0.001664,0.002008,0.220939
73930,0.038893,0.028035,0.191386
73940,0.033154,0.025629,0.132792
73950,0.001758,0.001238,0.083964
73960,0.023318,0.017683,0.111707
73970,0.004919,0.003580,0.042290
73980,0.040099,0.030496,0.181680
73990,0.027362,0.020528,0.143151
74000,0.015948,0.011909,0.123564
74010,0.011252,0.008356,0.093216
74020,0.036351,0.027515,0.165797
74030,0.036354,0.025820,0.159187
74040,0.039564,0.030060,0.173856
74050,0.031690,0.023760,0.137662
74060,0.000007,0.000053,0.000096
74070,0.036740,0.027738,0.165012
74080,0.035410,0.026434,0.179375
74090,0.025939,0.019608,0.127029
74100,0.026996,0.020237,0.145475
74110,0.049757,0.037764,0.186506
74120,0.013946,0.010428,0.107285
74130,0.049688,0.037825,0.205830
74140,0.027042,0.020146,0.139984
74150,0.020913,0.015514,0.096167
74160,0.007272,0.005613,0.050274
74170,0.012890,0.009738,0.093128
74180,0.016572,0.012479,0.083734
74190,0.052623,0.040229,0.201385
74200,0.017891,0.013344,0.121382
74210,0.013082,0.011446,0.093288
74220,0.028450,0.021250,0.147873
74230,0.038697,0.029254,0.159724
74240,0.023520,0.017652,0.131870
74250,0.012836,0.009623,0.116758
74260,0.011576,0.008659,0.106107
74270,0.036958,0.028311,0.168190
74280,0.034680,0.026071,0.161944
74290,0.019455,0.014777,0.094870
74300,0.027476,0.020893,0.134159
74310,0.004807,0.003496,0.054104
74320,0.034935,0.026022,0.174602
74330,0.029927,0.022567,0.152569
74340,0.032992,0.024623,0.162123
74350,0.033296,0.025062,0.153756
74360,0.029994,0.022453,0.146900
74370,0.018716,0.014126,0.117594
74380,0.011516,0.009058,0.120520
74390,0.022144,0.016479,0.126730
74400,0.024417,0.019084,0.115183
74410,0.016756,0.012388,0.119704
74420,0.024570,0.018544,0.140882
74430,0.044584,0.033928,0.161660
74440,0.004988,0.003797,0.037406
74450,0.030816,0.023795,0.173510
74460,0.014688,0.012783,0.178343
74470,0.025213,0.019103,0.150295
74480,0.003402,0.002529,0.061155
74490,0.002048,0.001486,0.080438
74500,0.053714,0.040694,0.196254
74510,0.032226,0.024317,0.137543
74520,0.018254,0.013987,0.093885
74530,0.038089,0.028941,0.169208
74540,0.012094,0.009116,0.094168
74550,0.014423,0.010907,0.106629
74560,0.032299,0.024167,0.153034
74570,0.022115,0.017166,0.136988
74580,0.031040,0.023130,0.143819
74590,0.031411,0.023825,0.129128
74600,0.033332,0.025380,0.161528
74610,0.015702,0.011608,0.115567
74620,0.055455,0.042235,0.213560
74630,0.018031,0.013516,0.094089
74640,0.040519,0.030901,0.161355
74650,0.034363,0.025820,0.135771
74660,0.018214,0.013540,0.138590
74670,0.044048,0.033291,0.180208
74680,0.025561,0.019201,0.116681
74690,0.021955,0.016404,0.134166
74700,0.033695,0.025221,0.162103
74710,0.035502,0.027221,0.153165
74720,0.012793,0.009285,0.100010
74730,0.019480,0.014728,0.119164
74740,0.007666,0.005914,0.118361
74750,0.003296,0.002338,0.021618
74760,0.010418,0.007549,0.131174
74770,0.030717,0.023076,0.147572
74780,0.029163,0.022056,0.126784
74790,0.025710,0.019673,0.110919
74800,0.031859,0.023838,0.137534
74810,0.027583,0.020793,0.149868
74820,0.002666,0.002118,0.380550
74830,0.014432,0.010687,0.117990
74840,0.029497,0.022222,0.138147
74850,0.012874,0.009614,0.110719
74860,0.014085,0.010716,0.113689
74870,0.014529,0.010904,0.120279
74880,0.025093,0.018912,0.115187
74890,0.034227,0.024743,0.183376
74900,0.018619,0.014009,0.117347
74910,0.014367,0.010810,0.098292
74920,0.010042,0.007350,0.092415
74930,0.027359,0.020508,0.140964
74940,0.000001,0.000001,0.000004
74950,0.010304,0.007506,0.106232
74960,0.040877,0.031143,0.164194
74970,0.021449,0.016381,0.099495
74980,0.035581,0.027033,0.161403
74990,0.032117,0.024308,0.145456
75000,0.016649,0.012225,0.137586
75010,0.044683,0.033644,0.188029
75020,0.016919,0.011976,0.095493
75030,0.039671,0.030022,0.169460
75040,0.021846,0.016487,0.177537
75050,0.003403,0.002772,0.371528
75060,0.030960,0.023196,0.139524
75070,0.000001,0.000000,0.000002
75080,0.008907,0.007611,0.136441
75090,0.017476,0.013365,0.087512
75100,0.020506,0.015730,0.092654
75110,0.041014,0.031015,0.181896
75120,0.001918,0.001348,0.344693
75130,0.032403,0.024080,0.154766
75140,0.016933,0.012702,0.137683
75150,0.022954,0.016990,0.135018
75160,0.023345,0.017758,0.128596
75170,0.037218,0.028244,0.161759
75180,0.017520,0.012865,0.121199
75190,0.055585,0.041968,0.208021
75200,0.032632,0.024547,0.178950
75210,0.031651,0.023796,0.151782
75220,0.015817,0.011827,0.104882
75230,0.014801,0.012034,0.082174
75240,0.033016,0.025198,0.159986
75250,0.038668,0.028973,0.165713
75260,0.003164,0.002281,0.097312
75270,0.034244,0.025697,0.153391
75280,0.016261,0.012015,0.122069
75290,0.024561,0.018288,0.136960
75300,0.017848,0.013281,0.127065
75310,0.026501,0.020022,0.146416
75320,0.042630,0.032196,0.172609
75330,0.011937,0.008968,0.105957
75340,0.031127,0.023360,0.153453
75350,0.012265,0.009081,0.104581
75360,0.043975,0.032794,0.161774
75370,0.029468,0.022061,0.152953
75380,0.018837,0.014058,0.101100
75390,0.014244,0.010610,0.094470
75400,0.035694,0.027071,0.146263
75410,0.015730,0.011745,0.090313
75420,0.015376,0.011310,0.096204
75430,0.053233,0.041875,0.236543
75440,0.038098,0.028452,0.165083
75450,0.022523,0.016738,0.139200
75460,0.018105,0.013578,0.118145
75470,0.022527,0.016887,0.138505
75480,0.015027,0.010865,0.114651
75490,0.019121,0.014855,0.101992
75500,0.044496,0.034623,0.184735
75510,0.052007,0.039350,0.202718
75520,0.026916,0.020290,0.134828
75530,0.019930,0.014900,0.111196
75540,0.005991,0.004585,0.044033
75550,0.023461,0.017685,0.129316
75560,0.000361,0.000317,0.160965
75570,0.016922,0.012519,0.133719
75580,0.006355,0.003806,0.156843
75590,0.032754,0.024919,0.148434
75600,0.025670,0.019251,0.137256
75610,0.040568,0.030498,0.180533
75620,0.016972,0.012578,0.120545
75630,0.018444,0.013851,0.118655
75640,0.013251,0.010023,0.103407
75650,0.025607,0.019515,0.104882
75660,0.028305,0.021221,0.119983
75670,0.004408,0.003260,0.078577
75680,0.052661,0.039753,0.199859
75690,0.030948,0.023416,0.145186
75700,0.014990,0.011134,0.107421
75710,0.012991,0.010108,0.093134
75720,0.032994,0.024757,0.157462
75730,0.038198,0.028900,0.171942
75740,0.029932,0.021868,0.152623
75750,0.024364,0.018213,0.138357
75760,0.024629,0.019821,0.161498
75770,0.009694,0.007042,0.089960
75780,0.011716,0.008742,0.090818
75790,0.025639,0.019008,0.139998
75800,0.016990,0.012650,0.105758
75810,0.028082,0.021382,0.138589
75820,0.043019,0.032554,0.184901
75830,0.021906,0.016458,0.127890
75840,0.005778,0.004329,0.149618
75850,0.055806,0.041893,0.212166
75860,0.042915,0.032361,0.183599
75870,0.012552,0.009254,0.099255
75880,0.009976,0.007481,0.084598
75890,0.026404,0.019880,0.115881
75900,0.026382,0.020033,0.146405
75910,0.023637,0.017927,0.100647
75920,0.022614,0.017092,0.123874
75930,0.026954,0.020311,0.142852
75940,0.018625,0.013967,0.112800
75950,0.020444,0.015547,0.114674
75960,0.033242,0.025414,0.145715
75970,0.019167,0.014377,0.107083
75980,0.038526,0.029064,0.166611
75990,0.013163,0.009245,0.111977
76000,0.005458,0.003700,0.048687
76010,0.017959,0.013514,0.115767
76020,0.029860,0.022314,0.148406
76030,0.028896,0.022019,0.106284
76040,0.012903,0.009554,0.112823
76050,0.019476,0.014903,0.132383
76060,0.021664,0.016200,0.140486
76070,0.056312,0.051482,0.237879
76080,0.032678,0.025358,0.155239
76090,0.050732,0.038508,0.213812
76100,0.021296,0.015918,0.114368
76110,0.015733,0.011576,0.113709
76120,0.020985,0.015716,0.122529
76130,0.025193,0.018987,0.107964
76140,0.016457,0.012125,0.116009
76150,0.035179,0.026611,0.140467
76160,0.010010,0.007461,0.099495
76170,0.027766,0.020692,0.144754
76180,0.025987,0.019326,0.142451
76190,0.034084,0.025270,0.165171
76200,0.031642,0.023711,0.167298
76210,0.016132,0.012196,0.085153
76220,0.041401,0.031454,0.178576
76230,0.013917,0.010145,0.113617
76240,0.024953,0.018530,0.164664
76250,0.018662,0.013720,0.155411
76260,0.034858,0.026513,0.156695
76270,0.025480,0.019142,0.144568
76280,0.003521,0.002514,0.021735
76290,0.022401,0.016835,0.109966
76300,0.021687,0.016352,0.104425
76310,0.011652,0.008763,0.061334
76320,0.015743,0.011699,0.121989
76330,0.044840,0.034131,0.180398
76340,0.006173,0.005069,0.053228
76350,0.011296,0.008468,0.116189
76360,0.029302,0.022016,0.132338
76370,0.029136,0.021816,0.157355
76380,0.021145,0.016097,0.123082
76390,0.014468,0.010838,0.114557
76400,0.049869,0.037728,0.187644
76410,0.018488,0.013625,0.153786
76420,0.031972,0.024228,0.150785
76430,0.017695,0.013449,0.129011
76440,0.004376,0.003227,0.032622
76450,0.015919,0.011928,0.089751
76460,0.016462,0.012225,0.116694
76470,0.038924,0.029311,0.159275
76480,0.012985,0.009650,0.057037
76490,0.034410,0.025920,0.159939
76500,0.007006,0.005176,0.638653
76510,0.043501,0.032709,0.188190
76520,0.058513,0.044863,0.209409
76530,0.014754,0.011406,0.130994
76540,0.015340,0.011246,0.113864
76550,0.013645,0.010184,0.113132
76560,0.017024,0.012671,0.091283
76570,0.021555,0.015951,0.141337
76580,0.026077,0.019658,0.106309
76590,0.027068,0.020223,0.157879
76600,0.014652,0.011166,0.095216
76610,0.020306,0.015148,0.115946
76620,0.053399,0.040570,0.209846
76630,0.044751,0.033986,0.170516
76640,0.019036,0.014416,0.112501
76650,0.019951,0.014799,0.140218
76660,0.018561,0.013834,0.124066
76670,0.009845,0.007265,0.063542
76680,0.016529,0.012256,0.110879
76690,0.041993,0.032628,0.178428
76700,0.009856,0.007667,0.061138
76710,0.031009,0.023010,0.152475
76720,0.013279,0.009959,0.085641
76730,0.010846,0.008364,0.122055
76740,0.015638,0.011791,0.092114
76750,0.010962,0.007954,0.096788
76760,0.025757,0.019533,0.128311
76770,0.025701,0.019096,0.113853
76780,0.025138,0.018784,0.146141
76790,0.024331,0.018239,0.136277
76800,0.028181,0.021284,0.120368
76810,0.016535,0.011597,0.133228
76820,0.015300,0.011478,0.129328
76830,0.016849,0.012319,0.124153
76840,0.025699,0.019587,0.153494
76850,0.028501,0.021346,0.153975
76860,0.013630,0.010106,0.108378
76870,0.013220,0.009715,0.110522
76880,0.015559,0.011577,0.102054
76890,0.013180,0.009414,0.072124
76900,0.031299,0.023679,0.164387
76910,0.017661,0.013160,0.117657
76920,0.015078,0.011226,0.108139
76930,0.028381,0.021144,0.122311
76940,0.008190,0.006069,0.065038
76950,0.019340,0.014227,0.130643
76960,0.023634,0.017832,0.110999
76970,0.011310,0.008141,0.139052
76980,0.025395,0.019195,0.144574
76990,0.044835,0.033859,0.191755
77000,0.011806,0.008640,0.117185
77010,0.049988,0.037792,0.197249
77020,0.030943,0.023493,0.139177
77030,0.005610,0.004147,0.038695
77040,0.032197,0.023706,0.152879
77050,0.015341,0.011290,0.120325
77060,0.032591,0.025053,0.157834
77070,0.021873,0.016568,0.099374
77080,0.008588,0.008439,0.130736
77090,0.033186,0.025416,0.143005
77100,0.026882,0.020458,0.134585
77110,0.019333,0.014764,0.087491
77120,0.013405,0.010072,0.109376
77130,0.022243,0.016648,0.134246
77140,0.000003,0.000001,0.000008
77150,0.013187,0.009484,0.181670
77160,0.031436,0.023582,0.152040
77170,0.026990,0.020565,0.130661
77180,0.001818,0.001411,0.125006
77190,0.019394,0.014530,0.123492
77200,0.019659,0.014521,0.115219
77210,0.037684,0.028485,0.161949
77220,0.019702,0.014504,0.117442
77230,0.024961,0.018810,0.133722
77240,0.041935,0.032156,0.156017
77250,0.012927,0.009270,0.167636
77260,0.025884,0.019231,0.146519
77270,0.021400,0.015626,0.131579
77280,0.031107,0.023893,0.142523
77290,0.024111,0.017777,0.126737
77300,0.004484,0.003269,0.026075
77310,0.012286,0.009183,0.103073
77320,0.026640,0.020161,0.138727
77330,0.007646,0.005782,0.042677
77340,0.028790,0.021770,0.154598
77350,0.036184,0.027178,0.152317
77360,0.031203,0.023444,0.141420
77370,0.018417,0.014526,0.121643
77380,0.003803,0.002687,0.090107
77390,0.036601,0.027689,0.161681
77400,0.019814,0.014449,0.131284
77410,0.016670,0.013069,0.121446
77420,0.025418,0.019193,0.137371
77430,0.018006,0.013749,0.121343
77440,0.033365,0.025202,0.159903
77450,0.017727,0.013512,0.095981
77460,0.022293,0.017313,0.133345
77470,0.020171,0.015084,0.117588
77480,0.028220,0.021177,0.143223
77490,0.010131,0.007022,0.189442
77500,0.012862,0.009631,0.109492
77510,0.013831,0.010316,0.105732
77520,0.020902,0.015894,0.086312
77530,0.014830,0.011168,0.081832
77540,0.026740,0.020373,0.140910
77550,0.018392,0.013649,0.094119
77560,0.038068,0.029032,0.164299
77570,0.034473,0.026055,0.131744
77580,0.023118,0.017337,0.128742
77590,0.029113,0.021825,0.147477
77600,0.015732,0.011898,0.130683
77610,0.018525,0.013834,0.132713
77620,0.020346,0.015098,0.131326
77630,0.032121,0.024302,0.150559
77640,0.045245,0.034506,0.196938
77650,0.020521,0.014989,0.122243
77660,0.026594,0.019635,0.126187
77670,0.037780,0.028513,0.163298
77680,0.009545,0.007106,0.043887
77690,0.027169,0.020524,0.129128
77700,0.053188,0.040442,0.205388
77710,0.016542,0.012081,0.121309
77720,0.012946,0.009970,0.079549
77730,0.036565,0.027491,0.158816
77740,0.014745,0.012036,0.079235
77750,0.031917,0.023937,0.157123
77760,0.022115,0.016644,0.138086
77770,0.025577,0.019357,0.133706
77780,0.001929,0.001401,0.114726
77790,0.011376,0.008351,0.093818
77800,0.012387,0.009065,0.122027
77810,0.033999,0.025529,0.162372
77820,0.027249,0.020392,0.153153
77830,0.025821,0.019213,0.160044
77840,0.035013,0.026787,0.173665
77850,0.015612,0.012004,0.120310
77860,0.029210,0.022089,0.134352
77870,0.012424,0.009217,0.068833
77880,0.019593,0.014635,0.142740
77890,0.020907,0.015616,0.125322
77900,0.022050,0.016309,0.129562
77910,0.014829,0.010932,0.121939
77920,0.018294,0.014013,0.130450
77930,0.028012,0.021482,0.138829
77940,0.016956,0.012825,0.131417
77950,0.043056,0.032982,0.181690
77960,0.025954,0.019486,0.134995
77970,0.024336,0.018471,0.139190
77980,0.019018,0.014467,0.143256
77990,0.030587,0.022769,0.153683
78000,0.012965,0.009487,0.065866
78010,0.017080,0.012759,0.066777
78020,0.039130,0.029780,0.174487
78030,0.014626,0.010952,0.092836
78040,0.023884,0.017957,0.123906
78050,0.029686,0.021487,0.126828
78060,0.006623,0.004845,0.040727
78070,0.026318,0.019674,0.115528
78080,0.001526,0.001080,0.105439
78090,0.037525,0.028361,0.166009
78100,0.019958,0.014848,0.110661
78110,0.035046,0.026702,0.145315
78120,0.023844,0.017813,0.139176
78130,0.029942,0.023610,0.147088
78140,0.015364,0.011332,0.082711
78150,0.020569,0.015485,0.099899
78160,0.032660,0.023090,0.160466
78170,0.024935,0.018516,0.129175
78180,0.017625,0.012930,0.119152
78190,0.011252,0.008360,0.101965
78200,0.017940,0.013431,0.105664
78210,0.002428,0.001834,0.135127
78220,0.026931,0.020085,0.146952
78230,0.015550,0.011618,0.119920
78240,0.006064,0.004378,0.090151
78250,0.009406,0.006668,0.113700
78260,0.011007,0.008222,0.063974
78270,0.036449,0.027639,0.162971
78280,0.023470,0.017817,0.135938
78290,0.002845,0.002108,0.073186
78300,0.019472,0.014287,0.138667
78310,0.018077,0.013810,0.079073
78320,0.035465,0.026908,0.138867
78330,0.032740,0.024734,0.153883
78340,0.040792,0.030710,0.172302
78350,0.023932,0.018125,0.137886
78360,0.042810,0.033861,0.175648
78370,0.042682,0.031798,0.184451
78380,0.026249,0.019971,0.144348
78390,0.026753,0.020320,0.133612
78400,0.043189,0.033004,0.175588
78410,0.024666,0.018630,0.133624
78420,0.023254,0.017526,0.106361
78430,0.037630,0.028445,0.174539
78440,0.057179,0.043732,0.208438
78450,0.022168,0.016435,0.122327
78460,0.015137,0.011332,0.117099
78470,0.007723,0.005589,0.077595
78480,0.027510,0.020494,0.135201
78490,0.018835,0.013833,0.093353
78500,0.028105,0.021154,0.162922
78510,0.006412,0.004837,0.025543
78520,0.018820,0.014059,0.131499
78530,0.033613,0.024771,0.151720
78540,0.019549,0.015052,0.133475
78550,0.018313,0.013869,0.098458
78560,0.036475,0.027952,0.146994
78570,0.021743,0.018036,0.140643
78580,0.013640,0.010105,0.148310
78590,0.014613,0.011523,0.117228
78600,0.027106,0.020307,0.130727
78610,0.013817,0.010109,0.103380
78620,0.023294,0.017514,0.130031
78630,0.015411,0.011501,0.106422
78640,0.027677,0.020979,0.108750
78650,0.032156,0.024472,0.166569
78660,0.021574,0.016124,0.121042
78670,0.018649,0.014235,0.097158
78680,0.004146,0.002932,0.128042
78690,0.027209,0.020435,0.146359
78700,0.014974,0.011031,0.123864
78710,0.025156,0.019066,0.143652
78720,0.035886,0.027011,0.165077
78730,0.026851,0.020220,0.102528
78740,0.031357,0.023612,0.148461
78750,0.012648,0.009292,0.069683
78760,0.023657,0.017763,0.110330
78770,0.034534,0.026276,0.134256
78780,0.034286,0.025941,0.155099
78790,0.005483,0.003949,0.102487
78800,0.001582,0.001120,0.093748
78810,0.044338,0.033398,0.180935
78820,0.031779,0.024100,0.154246
78830,0.004393,0.003189,0.114488
78840,0.018585,0.013723,0.107629
78850,0.017728,0.013122,0.134264
78860,0.000715,0.000557,0.117384
78870,0.019180,0.014666,0.103739
78880,0.024795,0.018697,0.128577
78890,0.013867,0.010341,0.101213
78900,0.028987,0.021784,0.135032
78910,0.031992,0.024606,0.147470
78920,0.020934,0.015764,0.118612
78930,0.003272,0.002460,0.256088
78940,0.019058,0.014249,0.130706
78950,0.020984,0.015597,0.136048
78960,0.021654,0.016235,0.124054
78970,0.013412,0.009934,0.109773
78980,0.024457,0.018547,0.111957
78990,0.023363,0.017762,0.155549
79000,0.045928,0.034852,0.187448
79010,0.021038,0.015682,0.147593
79020,0.026554,0.020146,0.138123
79030,0.020971,0.015596,0.144164
79040,0.033068,0.025081,0.144385
79050,0.038846,0.029418,0.161079
79060,0.008589,0.005885,0.116148
79070,0.012572,0.009391,0.111200
79080,0.039225,0.029777,0.151352
79090,0.011303,0.008218,0.105301
79100,0.033737,0.025783,0.161911
79110,0.005218,0.003790,0.112140
79120,0.032124,0.024316,0.148968
79130,0.029031,0.021960,0.141429
79140,0.019239,0.014675,0.117122
79150,0.009799,0.007402,0.094814
79160,0.020484,0.015668,0.141774
79170,0.010505,0.007661,0.064219
79180,0.014719,0.011094,0.105385
79190,0.013383,0.009784,0.126594
79200,0.014820,0.011304,0.076641
79210,0.013856,0.010305,0.116526
79220,0.012851,0.009666,0.073377
79230,0.022768,0.017100,0.103946
79240,0.047637,0.036079,0.172687
79250,0.037979,0.028866,0.169055
79260,0.013994,0.010953,0.100602
79270,0.004075,0.003121,0.096217
79280,0.027800,0.020903,0.147520
79290,0.032666,0.026310,0.182587
79300,0.031000,0.023526,0.152155
79310,0.030362,0.023003,0.151702
79320,0.022415,0.017127,0.119927
79330,0.030450,0.022780,0.153439
79340,0.024641,0.018479,0.121713
79350,0.030595,0.022636,0.143207
79360,0.027571,0.020855,0.141660
79370,0.038223,0.028798,0.169196
79380,0.002538,0.001922,0.054407
79390,0.023530,0.017816,0.137074
79400,0.026124,0.019530,0.137821
79410,0.027899,0.021487,0.114646
79420,0.015903,0.011205,0.117989
79430,0.006152,0.004462,0.096690
79440,0.024605,0.018576,0.143920
79450,0.027132,0.020528,0.137036
79460,0.066354,0.049369,0.231762
79470,0.013914,0.010478,0.100139
79480,0.034398,0.025968,0.168206
79490,0.021499,0.016110,0.093996
79500,0.030748,0.023070,0.145477
79510,0.028974,0.021759,0.157673
79520,0.019444,0.014925,0.091998
79530,0.017129,0.012390,0.140452
79540,0.014906,0.011189,0.080288
79550,0.016115,0.012234,0.100729
79560,0.015696,0.012005,0.111977
79570,0.018437,0.014386,0.143340
79580,0.043347,0.032703,0.182571
79590,0.025483,0.019221,0.124856
79600,0.025706,0.019353,0.137343
79610,0.004259,0.003212,0.087828
79620,0.035572,0.026889,0.140836
79630,0.027885,0.021061,0.141418
79640,0.018354,0.013901,0.189422
79650,0.025522,0.018690,0.156367
79660,0.016197,0.012571,0.123199
79670,0.029562,0.022344,0.146173
79680,0.029460,0.022011,0.154541
79690,0.025054,0.019449,0.113271
79700,0.041302,0.031264,0.176252
79710,0.021738,0.015784,0.146800
79720,0.039723,0.030244,0.181299
79730,0.042034,0.031769,0.176352
79740,0.043840,0.033285,0.176247
79750,0.044899,0.033823,0.181256
79760,0.022417,0.016976,0.130014
79770,0.020747,0.015528,0.125416
79780,0.007829,0.005877,0.133724
79790,0.012657,0.010256,0.119702
79800,0.046754,0.035595,0.189393
79810,0.022618,0.016796,0.109689
79820,0.028466,0.021991,0.138765
79830,0.061992,0.049245,0.230794
79840,0.028367,0.021666,0.140762
79850,0.033971,0.025973,0.158440
79860,0.012757,0.009573,0.112544
79870,0.012382,0.009157,0.114934
79880,0.011021,0.008382,0.095882
79890,0.033724,0.025366,0.162597
79900,0.028949,0.022240,0.143432
79910,0.000011,0.000009,0.000033
79920,0.027419,0.020598,0.125724
79930,0.013068,0.009605,0.120398
79940,0.030973,0.023352,0.155420
79950,0.025894,0.019353,0.159794
79960,0.030656,0.023382,0.150875
79970,0.037912,0.028483,0.161080
79980,0.046113,0.034852,0.181636
79990,0.015253,0.011279,0.130314
80000,0.016633,0.012462,0.106847
80010,0.042037,0.031555,0.184158
80020,0.033747,0.025509,0.157887
80030,0.020704,0.015317,0.131512
80040,0.035562,0.026187,0.176573
80050,0.031978,0.024493,0.155175
80060,0.018533,0.013826,0.128253
80070,0.044028,0.032949,0.193902
80080,0.001063,0.000768,0.074114
80090,0.022509,0.017113,0.104480
80100,0.030420,0.023002,0.148813
80110,0.046726,0.035360,0.188081
80120,0.011853,0.008897,0.055402
80130,0.015074,0.011127,0.117050
80140,0.008444,0.006131,0.095551
80150,0.043310,0.032884,0.166851
80160,0.000782,0.000556,0.060206
80170,0.006770,0.005411,0.034543
80180,0.002514,0.001942,0.019051
80190,0.018005,0.013348,0.138193
80200,0.024763,0.018591,0.129471
80210,0.009858,0.007262,0.110664
80220,0.016071,0.011898,0.102079
80230,0.029574,0.022014,0.148156
80240,0.009612,0.007378,0.151021
80250,0.020662,0.015499,0.096905
80260,0.029347,0.022247,0.151272
80270,0.000001,0.000000,0.000001
80280,0.023818,0.018111,0.137919
80290,0.016697,0.012380,0.083444
80300,0.019702,0.014569,0.129666
80310,0.030524,0.022801,0.146843
80320,0.034720,0.026263,0.152833
80330,0.037608,0.028214,0.149939
80340,0.029981,0.022696,0.142665
80350,0.013913,0.010230,0.103944
80360,0.006895,0.005156,0.068723
80370,0.030941,0.023160,0.148065
80380,0.048119,0.036080,0.192297
80390,0.020838,0.015498,0.125382
80400,0.010908,0.008305,0.093532
80410,0.013060,0.009643,0.103309
80420,0.045972,0.034886,0.198948
80430,0.013633,0.010403,0.119461
80440,0.013534,0.010579,0.091138
80450,0.041374,0.031620,0.171436
80460,0.029350,0.024162,0.208410
80470,0.021469,0.016330,0.103384
80480,0.016369,0.012147,0.127643
80490,0.019244,0.014475,0.086260
80500,0.017477,0.013005,0.097939
80510,0.012266,0.009167,0.101511
80520,0.015263,0.011341,0.129225
80530,0.022955,0.017297,0.123893
80540,0.062538,0.047745,0.220609
80550,0.029493,0.022288,0.142959
80560,0.058335,0.044484,0.208947
80570,0.036562,0.027743,0.160634
80580,0.000002,0.000001,0.000004
80590,0.042093,0.032028,0.173261
80600,0.047061,0.035646,0.188426
80610,0.047536,0.035908,0.208545
80620,0.012291,0.008966,0.088477
80630,0.016946,0.012397,0.125131
80640,0.037261,0.028084,0.170067
80650,0.019855,0.015714,0.127469
80660,0.035757,0.026971,0.166718
80670,0.042990,0.032668,0.176197
80680,0.026023,0.020030,0.136199
80690,0.038249,0.028950,0.169322
80700,0.024933,0.018889,0.138963
80710,0.037294,0.027798,0.182917
80720,0.010080,0.007400,0.131338
80730,0.040521,0.031217,0.185794
80740,0.031149,0.023285,0.152293
80750,0.016966,0.012842,0.114256
80760,0.044343,0.033320,0.193251
80770,0.016157,0.011720,0.142045
80780,0.034851,0.026936,0.159450
80790,0.023322,0.017661,0.122168
80800,0.078161,0.075247,0.339457
80810,0.014847,0.011011,0.103424
80820,0.030123,0.022900,0.150595
80830,0.027111,0.020154,0.135372
80840,0.022852,0.017287,0.124966
80850,0.024505,0.018311,0.134523
80860,0.042930,0.032373,0.175598
80870,0.019298,0.014186,0.128112
80880,0.023249,0.017524,0.126422
80890,0.015909,0.011780,0.109937
80900,0.039883,0.030450,0.178867
80910,0.017487,0.012967,0.094467
80920,0.029405,0.022168,0.155848
80930,0.007464,0.005292,0.105004
80940,0.027080,0.020328,0.116938
80950,0.056215,0.042233,0.207901
80960,0.033383,0.025323,0.153583
80970,0.023675,0.016689,0.138240
80980,0.014943,0.011258,0.087806
80990,0.015396,0.011332,0.119187
81000,0.046107,0.034875,0.183084
81010,0.023114,0.017314,0.128930
81020,0.019370,0.014358,0.112599
81030,0.016559,0.012538,0.108381
81040,0.012015,0.008857,0.098386
81050,0.022680,0.017038,0.132309
81060,0.023148,0.017394,0.117128
81070,0.014472,0.010681,0.140000
81080,0.029263,0.022001,0.146341
81090,0.020470,0.015086,0.126740
81100,0.026105,0.019537,0.141714
81110,0.027422,0.020762,0.143077
81120,0.035150,0.026537,0.172439
81130,0.005611,0.004154,0.040372
81140,0.023179,0.017177,0.123831
81150,0.004766,0.003811,0.061991
81160,0.005143,0.003629,0.119972
81170,0.011018,0.008192,0.099268
81180,0.022360,0.016888,0.133254
81190,0.023016,0.017337,0.112086
81200,0.030090,0.022762,0.147430
81210,0.022568,0.016519,0.151696
81220,0.010906,0.008010,0.087685
81230,0.016304,0.011677,0.137262
81240,0.032169,0.025246,0.161487
81250,0.025611,0.019207,0.132211
81260,0.034962,0.026199,0.154861
81270,0.006619,0.004707,0.087626
81280,0.003351,0.002365,0.028180
81290,0.045379,0.033378,0.173462
81300,0.021404,0.016204,0.104158
81310,0.010512,0.007783,0.091359
81320,0.019700,0.014737,0.128706
81330,0.027081,0.020337,0.125304
81340,0.021971,0.016537,0.129631
81350,0.012246,0.008159,0.059084
81360,0.024040,0.018635,0.126626
81370,0.030799,0.023120,0.144960
81380,0.029504,0.021994,0.143541
81390,0.029293,0.022066,0.146221
81400,0.021308,0.016061,0.123599
81410,0.034779,0.026835,0.159642
81420,0.031379,0.023754,0.138700
81430,0.013655,0.010220,0.100526
81440,0.019067,0.014343,0.116180
81450,0.034944,0.027246,0.164502
81460,0.023217,0.017359,0.131949
81470,0.034595,0.026387,0.154196
81480,0.047020,0.036077,0.187245
81490,0.054679,0.041580,0.216227
81500,0.028573,0.021617,0.148158
81510,0.028142,0.021215,0.138983
81520,0.003455,0.002427,0.129128
81530,0.006828,0.005023,0.045688
81540,0.015239,0.011266,0.099704
81550,0.023668,0.018089,0.123088
81560,0.026267,0.019770,0.121466
81570,0.034593,0.026156,0.161593
81580,0.021599,0.016232,0.129219
81590,0.035923,0.027246,0.158544
81600,0.031231,0.022992,0.160495
81610,0.014755,0.011211,0.109458
81620,0.032753,0.024613,0.163542
81630,0.033913,0.025648,0.141394
81640,0.032337,0.024322,0.123193
81650,0.016475,0.011508,0.245962
81660,0.031835,0.023871,0.152968
81670,0.025315,0.018996,0.138315
81680,0.044106,0.038006,0.210142
81690,0.035631,0.026599,0.160447
81700,0.026995,0.021355,0.136458
81710,0.018278,0.013511,0.105709
81720,0.022791,0.017277,0.102334
81730,0.039503,0.030245,0.165632
81740,0.020596,0.015236,0.125165
81750,0.030157,0.022774,0.156123
81760,0.023626,0.017772,0.135277
81770,0.047689,0.036196,0.191096
81780,0.019817,0.014860,0.093341
81790,0.026821,0.020228,0.138881
81800,0.013080,0.009811,0.098854
81810,0.015557,0.011186,0.119371
81820,0.036478,0.027687,0.137433
81830,0.008972,0.006767,0.053817
81840,0.040352,0.030306,0.170218
81850,0.031143,0.023558,0.147358
81860,0.063534,0.048214,0.229290
81870,0.022266,0.016689,0.126915
81880,0.031339,0.023639,0.147918
81890,0.001508,0.001177,0.143135
81900,0.027964,0.021128,0.136086
81910,0.020721,0.016299,0.151471
81920,0.045716,0.034188,0.189694
81930,0.035590,0.026702,0.160951
81940,0.029703,0.022982,0.150953
81950,0.015133,0.011157,0.114627
81960,0.041020,0.031564,0.178546
81970,0.043099,0.032395,0.178606
81980,0.019356,0.014195,0.134958
81990,0.043645,0.032988,0.164537
82000,0.008151,0.005580,0.139880
82010,0.034506,0.026007,0.152404
82020,0.022791,0.017107,0.131734
82030,0.018051,0.013529,0.126799
82040,0.012945,0.009525,0.099454
82050,0.019663,0.014451,0.118391
82060,0.024410,0.018363,0.115971
82070,0.035581,0.026735,0.185423
82080,0.001797,0.001319,0.080273
82090,0.021259,0.015887,0.094213
82100,0.035296,0.026632,0.136500
82110,0.021031,0.015754,0.124253
82120,0.034401,0.026194,0.145217
82130,0.013193,0.009910,0.073303
82140,0.015740,0.011664,0.114738
82150,0.031144,0.023729,0.135250
82160,0.029627,0.021852,0.153220
82170,0.034417,0.025948,0.155834
82180,0.021467,0.016151,0.102469
82190,0.020015,0.014535,0.135192
82200,0.028826,0.021775,0.126547
82210,0.040186,0.030177,0.173865
82220,0.043009,0.032366,0.180242
82230,0.010728,0.008038,0.093146
82240,0.009555,0.007004,0.087656
82250,0.028605,0.021496,0.147641
82260,0.010300,0.007750,0.044016
82270,0.021726,0.016314,0.141947
82280,0.014805,0.011051,0.110346
82290,0.016917,0.012401,0.134108
82300,0.036957,0.028158,0.165410
82310,0.037365,0.028338,0.164983
82320,0.052793,0.040192,0.196292
82330,0.026776,0.020327,0.135747
82340,0.027668,0.020819,0.135130
82350,0.031803,0.023557,0.162619
82360,0.015986,0.011802,0.116350
82370,0.021221,0.015904,0.125628
82380,0.008994,0.005890,0.151590
82390,0.028128,0.021004,0.126287
82400,0.030269,0.023175,0.159196
82410,0.024466,0.018718,0.148826
82420,0.014208,0.010430,0.082612
82430,0.003270,0.002368,0.129714
82440,0.014444,0.010516,0.097238
82450,0.020333,0.014887,0.141969
82460,0.046710,0.035071,0.184927
82470,0.019666,0.014784,0.107177
82480,0.036959,0.027697,0.175369
82490,0.035153,0.027758,0.170572
82500,0.026584,0.020328,0.143344
82510,0.029052,0.022144,0.147720
82520,0.014818,0.011119,0.075650
82530,0.023656,0.017630,0.135047
82540,0.036407,0.027809,0.154650
82550,0.036235,0.027325,0.149595
82560,0.034869,0.026097,0.155055
82570,0.025565,0.019220,0.133399
82580,0.012427,0.009375,0.115874
82590,0.014882,0.011217,0.110354
82600,0.019661,0.014662,0.128804
82610,0.029582,0.022333,0.148458
82620,0.021347,0.015893,0.133406
82630,0.045537,0.034504,0.167696
82640,0.026392,0.019868,0.110812
82650,0.028714,0.021517,0.138845
82660,0.005727,0.004040,0.113493
82670,0.015418,0.011487,0.104349
82680,0.027147,0.020935,0.119988
82690,0.025447,0.019091,0.131544
82700,0.031047,0.023416,0.157022
82710,0.031988,0.024502,0.147930
82720,0.024358,0.018396,0.128730
82730,0.018721,0.014095,0.080675
82740,0.046259,0.035112,0.182664
82750,0.023845,0.018285,0.135925
82760,0.022573,0.016795,0.133042
82770,0.019716,0.014829,0.125437
82780,0.030756,0.023520,0.144757
82790,0.022522,0.016926,0.134745
82800,0.021780,0.016228,0.133748
82810,0.031752,0.024164,0.144064
82820,0.009335,0.007097,0.073053
82830,0.042581,0.032259,0.178170
82840,0.023389,0.017350,0.134274
82850,0.021134,0.016107,0.122678
82860,0.020099,0.015288,0.124986
82870,0.018019,0.013443,0.114531
82880,0.026012,0.019759,0.141007
82890,0.022116,0.016349,0.123134
82900,0.017463,0.013395,0.124567
82910,0.027570,0.020431,0.146577
82920,0.024227,0.018196,0.143227
82930,0.041410,0.031404,0.159399
82940,0.020935,0.014844,0.134369
82950,0.010138,0.007380,0.119921
82960,0.017421,0.012966,0.112711
82970,0.035723,0.026928,0.164357
82980,0.052987,0.040379,0.193508
82990,0.033933,0.026532,0.166229
83000,0.019636,0.015590,0.135615
83010,0.010601,0.007809,0.084891
83020,0.028921,0.021742,0.128223
83030,0.014722,0.010987,0.112131
83040,0.038393,0.029170,0.168319
83050,0.020934,0.015383,0.130509
83060,0.068739,0.057840,0.266226
83070,0.026669,0.020053,0.143024
83080,0.026354,0.020256,0.146285
83090,0.040729,0.030894,0.176651
83100,0.002262,0.001884,0.016142
83110,0.033709,0.025379,0.156494
83120,0.002696,0.001913,0.109517
83130,0.039153,0.029800,0.170057
83140,0.032409,0.023564,0.134249
83150,0.028671,0.021438,0.146996
83160,0.025457,0.018921,0.130319
83170,0.043367,0.032731,0.206837
83180,0.004166,0.003224,0.082321
83190,0.024048,0.018193,0.119979
83200,0.022482,0.016727,0.154042
83210,0.026675,0.020300,0.129175
83220,0.020691,0.015401,0.128199
83230,0.010891,0.008529,0.066166
83240,0.044676,0.034049,0.178721
83250,0.038139,0.028360,0.170030
83260,0.032364,0.024296,0.153182
83270,0.009992,0.007424,0.098233
83280,0.031101,0.023593,0.154773
83290,0.048553,0.049725,0.297782
83300,0.012911,0.009654,0.103423
83310,0.040878,0.031369,0.183323
83320,0.014151,0.010550,0.079445
83330,0.033758,0.025710,0.164163
83340,0.034026,0.025828,0.160399
83350,0.032623,0.024208,0.160290
83360,0.031066,0.023539,0.148509
83370,0.020025,0.014910,0.140895
83380,0.010588,0.007716,0.106251
83390,0.017167,0.012948,0.125893
83400,0.018638,0.014065,0.095242
83410,0.002867,0.002069,0.101692
83420,0.002585,0.001801,0.067524
83430,0.028205,0.021236,0.140970
83440,0.026050,0.019697,0.130136
83450,0.007816,0.005634,0.122134
83460,0.025141,0.018602,0.161242
83470,0.014932,0.011112,0.119134
83480,0.015943,0.011831,0.122064
83490,0.024547,0.018358,0.139325
83500,0.011287,0.008521,0.070606
83510,0.050263,0.038244,0.206342
83520,0.052866,0.040054,0.210075
83530,0.016367,0.012387,0.077160
83540,0.014319,0.010529,0.104357
83550,0.019367,0.014450,0.130704
83560,0.026469,0.019511,0.138607
83570,0.039472,0.030062,0.182009
83580,0.019480,0.014667,0.125859
83590,0.018244,0.013656,0.134035
83600,0.015887,0.011729,0.091569
83610,0.030661,0.022910,0.146173
83620,0.017059,0.013352,0.074647
83630,0.001634,0.001184,0.016233
83640,0.052937,0.040843,0.213803
83650,0.025917,0.019733,0.131535
83660,0.043447,0.033297,0.181310
83670,0.017543,0.012921,0.133731
83680,0.002319,0.001604,0.057491
83690,0.037098,0.028060,0.167382
83700,0.033091,0.025253,0.144644
83710,0.008944,0.006810,0.061955
83720,0.030533,0.023068,0.151283
83730,0.019494,0.014398,0.124371
83740,0.019002,0.014444,0.111689
83750,0.010301,0.007709,0.103416
83760,0.016913,0.012503,0.107940
83770,0.005592,0.003876,0.357102
83780,0.027400,0.020449,0.140270
83790,0.034849,0.026717,0.155690
83800,0.027433,0.020512,0.143723
83810,0.013981,0.010002,0.115411
83820,0.036791,0.027415,0.159147
83830,0.040888,0.030961,0.175506
83840,0.020993,0.015342,0.124955
83850,0.042591,0.032220,0.172533
83860,0.032542,0.024770,0.129420
83870,0.007147,0.005424,0.054873
83880,0.009336,0.006816,0.124629
83890,0.043796,0.033026,0.180117
83900,0.022753,0.016979,0.149334
83910,0.048800,0.037202,0.192241
83920,0.038426,0.029422,0.146606
83930,0.004463,0.003251,0.085388
83940,0.023270,0.017480,0.126790
83950,0.022312,0.016781,0.133225
83960,0.021757,0.016634,0.128934
83970,0.026146,0.019478,0.147258
83980,0.007056,0.005364,0.057677
83990,0.038708,0.029253,0.171927
84000,0.015904,0.011731,0.111655
84010,0.045180,0.034200,0.176836
84020,0.020445,0.015442,0.122261
84030,0.012951,0.009527,0.115331
84040,0.018551,0.013962,0.113188
84050,0.024689,0.018666,0.116607
84060,0.018832,0.014127,0.110361
84070,0.016881,0.012367,0.107907
84080,0.015196,0.012017,0.083012
84090,0.032597,0.024390,0.171144
84100,0.019521,0.014389,0.117274
84110,0.039101,0.029709,0.163416
84120,0.024085,0.017944,0.133994
84130,0.055980,0.042919,0.206878
84140,0.005816,0.004096,0.185069
84150,0.018238,0.013795,0.121119
84160,0.005295,0.003876,0.096828
84170,0.029749,0.022499,0.154893
84180,0.007316,0.004994,0.208529
84190,0.022022,0.016905,0.094202
84200,0.013202,0.009688,0.099942
84210,0.041157,0.031242,0.167905
84220,0.012921,0.009465,0.105752
84230,0.019324,0.014000,0.126664
84240,0.026448,0.019654,0.135371
84250,0.028068,0.021144,0.157452
84260,0.013800,0.010913,0.146662
84270,0.024434,0.018881,0.128643
84280,0.006144,0.004070,0.042356
84290,0.021763,0.016514,0.090998
84300,0.021115,0.015721,0.125733
84310,0.004725,0.003670,0.038368
84320,0.030390,0.023028,0.144066
84330,0.034401,0.025946,0.173604
84340,0.035277,0.026862,0.147493
84350,0.031031,0.023448,0.156401
84360,0.000676,0.000465,0.143690
84370,0.039775,0.030050,0.181329
84380,0.009732,0.006843,0.102789
84390,0.032900,0.024597,0.170213
84400,0.000004,0.000001,0.000009
84410,0.022881,0.018485,0.138161
84420,0.033936,0.025762,0.153652
84430,0.007161,0.005171,0.120889
84440,0.021343,0.015905,0.126074
84450,0.008759,0.006315,0.130594
84460,0.030013,0.022422,0.148790
84470,0.049770,0.037383,0.195081
84480,0.018963,0.014114,0.117838
84490,0.040321,0.031000,0.166621
84500,0.017926,0.013225,0.115250
84510,0.037612,0.028608,0.174414
84520,0.015379,0.011381,0.127605
84530,0.005240,0.004021,0.096412
84540,0.008204,0.005963,0.086192
84550,0.032770,0.024613,0.151905
84560,0.035005,0.026450,0.159671
84570,0.004897,0.003774,0.102995
84580,0.004481,0.003519,0.034282
84590,0.019495,0.014871,0.079411
84600,0.029569,0.022547,0.149228
84610,0.026609,0.019750,0.145371
84620,0.019562,0.014929,0.115593
84630,0.041890,0.032016,0.169446
84640,0.017930,0.013293,0.115901
84650,0.023850,0.017807,0.144709
84660,0.015259,0.011350,0.109305
84670,0.026491,0.019645,0.131872
84680,0.022620,0.017073,0.095971
84690,0.048420,0.036676,0.203207
84700,0.029758,0.022360,0.149226
84710,0.028187,0.021022,0.132409
84720,0.018614,0.014471,0.099270
84730,0.058347,0.044526,0.212498
84740,0.027859,0.021415,0.107584
84750,0.020374,0.015401,0.140508
84760,0.011978,0.009077,0.087815
84770,0.015329,0.010990,0.118188
84780,0.036167,0.027636,0.160237
84790,0.015302,0.011648,0.094838
84800,0.024890,0.019274,0.133620
84810,0.019321,0.014186,0.128201
84820,0.014129,0.010634,0.057267
84830,0.044699,0.033724,0.191679
84840,0.018705,0.013946,0.114087
84850,0.008651,0.006605,0.061493
84860,0.023874,0.017758,0.133371
84870,0.045929,0.035076,0.188139
84880,0.015441,0.011481,0.118320
84890,0.002600,0.002219,0.142204
84900,0.007761,0.005030,0.185181
84910,0.014596,0.010874,0.102594
84920,0.036711,0.027854,0.147143
84930,0.035298,0.027596,0.167932
84940,0.020931,0.015822,0.133426
84950,0.010826,0.008090,0.057512
84960,0.021309,0.016224,0.137334
84970,0.018419,0.013923,0.106811
84980,0.026852,0.020006,0.132172
84990,0.047212,0.035670,0.194459
85000,0.011124,0.008141,0.096231
85010,0.025752,0.019659,0.128278
85020,0.028074,0.021250,0.147787
85030,0.039697,0.029938,0.178083
85040,0.012903,0.009700,0.099141
85050,0.014158,0.010575,0.108306
85060,0.036075,0.027763,0.166223
85070,0.010504,0.007910,0.098006
85080,0.024467,0.018863,0.127528
85090,0.025731,0.019277,0.124871
85100,0.045909,0.034856,0.183861
85110,0.038177,0.028829,0.169301
85120,0.029974,0.022767,0.148217
85130,0.009725,0.006857,0.128866
85140,0.023021,0.017423,0.129019
85150,0.029679,0.022534,0.132630
85160,0.022477,0.016994,0.122284
85170,0.035021,0.026328,0.161392
85180,0.015039,0.011391,0.104564
85190,0.032198,0.024144,0.149777
85200,0.015294,0.011285,0.102329
85210,0.032642,0.024489,0.154665
85220,0.031098,0.023582,0.128315
85230,0.031108,0.024110,0.155688
85240,0.013761,0.010218,0.148327
85250,0.032629,0.024761,0.147357
85260,0.014214,0.010653,0.105012
85270,0.035473,0.026508,0.166053
85280,0.039571,0.029882,0.168109
85290,0.028978,0.022093,0.149326
85300,0.016601,0.012043,0.124859
85310,0.049000,0.037688,0.221827
85320,0.035202,0.026712,0.162386
85330,0.035931,0.027065,0.157585
85340,0.014897,0.011061,0.102554
85350,0.027299,0.020503,0.140638
85360,0.043756,0.033113,0.171307
85370,0.013731,0.010132,0.074008
85380,0.031967,0.024474,0.133005
85390,0.011077,0.008354,0.115339
85400,0.018628,0.014067,0.114509
85410,0.020914,0.015523,0.126971
85420,0.015832,0.011462,0.121770
85430,0.004622,0.003525,0.097314
85440,0.013298,0.010106,0.123062
85450,0.009877,0.007226,0.146854
85460,0.031739,0.023852,0.129162
85470,0.021130,0.015563,0.128681
85480,0.009803,0.007185,0.096579
85490,0.019330,0.014107,0.143762
85500,0.036134,0.027248,0.165099
85510,0.011672,0.008650,0.098010
85520,0.015729,0.011786,0.102465
85530,0.034149,0.025176,0.158823
85540,0.033573,0.024567,0.172497
85550,0.024746,0.018339,0.151076
85560,0.006302,0.004744,0.075486
85570,0.022237,0.016702,0.130190
85580,0.035579,0.026555,0.164383
85590,0.032424,0.024891,0.158823
85600,0.029484,0.022105,0.154612
85610,0.044496,0.033840,0.184271
85620,0.017797,0.013494,0.104045
85630,0.009592,0.006635,0.089004
85640,0.047082,0.036418,0.194064
85650,0.031233,0.024859,0.177974
85660,0.023415,0.017531,0.127238
85670,0.019239,0.014690,0.074712
85680,0.020394,0.015227,0.108205
85690,0.013632,0.010036,0.105156
85700,0.022493,0.016934,0.100363
85710,0.003203,0.002236,0.082188
85720,0.010892,0.008130,0.086073
85730,0.034546,0.026017,0.161165
85740,0.032577,0.024532,0.155088
85750,0.035216,0.027042,0.146953
85760,0.039600,0.029553,0.172061
85770,0.015486,0.011584,0.096879
85780,0.019648,0.014897,0.133239
85790,0.011743,0.009284,0.118723
85800,0.035331,0.026375,0.153234
85810,0.048714,0.038713,0.204885
85820,0.023858,0.017497,0.115223
85830,0.013934,0.009848,0.098592
85840,0.032504,0.024211,0.148974
85850,0.031293,0.023852,0.144047
85860,0.005893,0.004417,0.099769
85870,0.033555,0.025268,0.155303
85880,0.016292,0.012223,0.072415
85890,0.002080,0.001586,0.054234
85900,0.029516,0.021663,0.144701
85910,0.030185,0.023190,0.134506
85920,0.019264,0.014298,0.117074
85930,0.001422,0.000966,0.100721
85940,0.009328,0.006670,0.053229
85950,0.031772,0.024073,0.147641
85960,0.011662,0.008667,0.106831
85970,0.013632,0.010996,0.062867
85980,0.013913,0.009876,0.081741
85990,0.020027,0.014873,0.130907
86000,0.022096,0.016740,0.122909
86010,0.021312,0.015862,0.137611
86020,0.015819,0.012406,0.134589
86030,0.016379,0.012421,0.066766
86040,0.033596,0.026043,0.168595
86050,0.026782,0.020147,0.145284
86060,0.018515,0.013939,0.090200
86070,0.024435,0.018412,0.130128
86080,0.012522,0.009594,0.107846
86090,0.045386,0.034283,0.186506
86100,0.019803,0.014451,0.123742
86110,0.016158,0.011772,0.114013
86120,0.034382,0.026015,0.154145
86130,0.036732,0.027376,0.157268
86140,0.003473,0.002440,0.124857
86150,0.028560,0.021420,0.154925
86160,0.019768,0.014896,0.118765
86170,0.010247,0.007658,0.060732
86180,0.027165,0.020691,0.123894
86190,0.032083,0.024413,0.148331
86200,0.035874,0.026999,0.165866
86210,0.026195,0.019563,0.124175
86220,0.046343,0.035422,0.182400
86230,0.011367,0.008462,0.089621
86240,0.032154,0.024186,0.141819
86250,0.000010,0.000003,0.000022
86260,0.028036,0.021671,0.123850
86270,0.049197,0.037190,0.199832
86280,0.039374,0.029809,0.175005
86290,0.040162,0.030287,0.166211
86300,0.031484,0.023754,0.155970
86310,0.027776,0.020843,0.138803
86320,0.031717,0.024087,0.149758
86330,0.013680,0.010197,0.075830
86340,0.030622,0.022875,0.155388
86350,0.021586,0.016363,0.101847
86360,0.032480,0.024621,0.160850
86370,0.022476,0.017077,0.128583
86380,0.028389,0.021364,0.107807
86390,0.026838,0.020100,0.138116
86400,0.035515,0.027056,0.157166
86410,0.028586,0.021538,0.149991
86420,0.020135,0.015067,0.130976
86430,0.015131,0.011250,0.122153
86440,0.035350,0.026916,0.157647
86450,0.009201,0.006685,0.114381
86460,0.007565,0.005582,0.105479
86470,0.063642,0.048481,0.224431
86480,0.051293,0.038770,0.191292
86490,0.020437,0.015302,0.119180
86500,0.013574,0.009957,0.106378
86510,0.019947,0.014974,0.125060
86520,0.026745,0.020561,0.112182
86530,0.044337,0.034103,0.167609
86540,0.028194,0.021324,0.135868
86550,0.038686,0.029505,0.175451
86560,0.013092,0.009924,0.092300
86570,0.027743,0.020940,0.145597
86580,0.029539,0.021924,0.147149
86590,0.030193,0.022242,0.151631
86600,0.022883,0.017167,0.139395
86610,0.029922,0.024781,0.136846
86620,0.031156,0.023348,0.155025
86630,0.027511,0.020746,0.145064
86640,0.040531,0.031180,0.153757
86650,0.029594,0.022421,0.137651
86660,0.010807,0.008085,0.060023
86670,0.013587,0.010071,0.068122
86680,0.000003,0.000001,0.000008
86690,0.029745,0.022632,0.145336
86700,0.010988,0.008101,0.184258
86710,0.035937,0.027246,0.147304
86720,0.013360,0.010008,0.113661
86730,0.026756,0.020229,0.135691
86740,0.009476,0.007012,0.090935
86750,0.031138,0.023587,0.134719
86760,0.021163,0.015823,0.125668
86770,0.037050,0.027759,0.160510
86780,0.019849,0.014896,0.120211
86790,0.039506,0.030017,0.170523
86800,0.037807,0.028066,0.174655
86810,0.022614,0.017039,0.126394
86820,0.028327,0.021916,0.123150
86830,0.030778,0.023366,0.150327
86840,0.033421,0.024563,0.169147
86850,0.025824,0.019291,0.134798
86860,0.014175,0.010380,0.107745
86870,0.050655,0.038166,0.202494
86880,0.019687,0.014610,0.115245
86890,0.013766,0.010370,0.107149
86900,0.023027,0.017533,0.083176
86910,0.005740,0.004338,0.076896
86920,0.061271,0.046264,0.227651
86930,0.035436,0.026957,0.143323
86940,0.037870,0.028997,0.163238
86950,0.013648,0.009989,0.107951
86960,0.013510,0.010146,0.107363
86970,0.010258,0.007805,0.111188
86980,0.019429,0.014264,0.128694
86990,0.022359,0.017445,0.124806
87000,0.034501,0.025745,0.150649
87010,0.012520,0.009149,0.108282
87020,0.040724,0.031346,0.190346
87030,0.015071,0.011358,0.105741
87040,0.016972,0.012701,0.123132
87050,0.020093,0.014906,0.138089
87060,0.043736,0.033005,0.180583
87070,0.032451,0.024185,0.164342
87080,0.026035,0.019655,0.112066
87090,0.028213,0.021181,0.129044
87100,0.018872,0.014207,0.122115
87110,0.024136,0.018145,0.131883
87120,0.005825,0.004309,0.123325
87130,0.066496,0.049688,0.237037
87140,0.006832,0.005274,0.112365
87150,0.016981,0.012732,0.101771
87160,0.014392,0.010620,0.105334
87170,0.007039,0.005401,0.059279
87180,0.015497,0.011514,0.131327
87190,0.035413,0.027002,0.152133
87200,0.023276,0.017930,0.117343
87210,0.035962,0.027078,0.157712
87220,0.025080,0.018897,0.125149
87230,0.039898,0.030493,0.159094
87240,0.038742,0.029214,0.171457
87250,0.039489,0.029994,0.177098
87260,0.022902,0.017319,0.135695
87270,0.016470,0.013340,0.119393
87280,0.026121,0.019672,0.109308
87290,0.014075,0.010435,0.097012
87300,0.027156,0.020676,0.139672
87310,0.025605,0.020511,0.118635
87320,0.017412,0.013156,0.127670
87330,0.037180,0.027956,0.164248
87340,0.005453,0.003874,0.088397
87350,0.037864,0.028841,0.171493
87360,0.025290,0.019721,0.135145
87370,0.033869,0.025366,0.179801
87380,0.008752,0.006548,0.077806
87390,0.025219,0.018959,0.134993
87400,0.039723,0.029625,0.173436
87410,0.025721,0.018857,0.150613
87420,0.032243,0.024374,0.152545
87430,0.040214,0.030246,0.175766
87440,0.026430,0.019849,0.141222
87450,0.022121,0.016485,0.133108
87460,0.010706,0.007837,0.114896
87470,0.032109,0.024218,0.153763
87480,0.031410,0.023866,0.131311
87490,0.021662,0.016427,0.111070
87500,0.031117,0.023432,0.152091
87510,0.021241,0.015492,0.140045
87520,0.025229,0.019187,0.135398
87530,0.015387,0.011501,0.111639
87540,0.038360,0.028694,0.168778
87550,0.044066,0.032996,0.188707
87560,0.043835,0.033247,0.188213
87570,0.001551,0.001039,0.098270
87580,0.038070,0.029330,0.159093
87590,0.027753,0.021095,0.123801
87600,0.024625,0.018173,0.115160
87610,0.026240,0.019848,0.135754
87620,0.013764,0.010291,0.120764
87630,0.018295,0.013534,0.128564
87640,0.021755,0.016153,0.139130
87650,0.006527,0.005259,0.132360
87660,0.018369,0.013700,0.080864
87670,0.013944,0.010290,0.097837
87680,0.031535,0.023928,0.153879
87690,0.026390,0.019963,0.152196
87700,0.022767,0.017230,0.127419
87710,0.021028,0.015566,0.077908
87720,0.016697,0.012621,0.122031
87730,0.029456,0.021479,0.151426
87740,0.014942,0.010975,0.113633
87750,0.028922,0.021577,0.154320
87760,0.016337,0.012701,0.063532
87770,0.016633,0.012450,0.115388
87780,0.010154,0.007609,0.059572
87790,0.048195,0.036533,0.188554
87800,0.004770,0.003401,0.312330
87810,0.028140,0.021303,0.136052
87820,0.038119,0.029145,0.177742
87830,0.025587,0.019202,0.134413
87840,0.007821,0.005947,0.047505
87850,0.012839,0.009454,0.118680
87860,0.019001,0.014109,0.117591
87870,0.011974,0.008893,0.097175
87880,0.013882,0.009961,0.157559
87890,0.026841,0.020313,0.143065
87900,0.020995,0.015079,0.159416
87910,0.024306,0.018391,0.128697
87920,0.023911,0.018112,0.158005
87930,0.042358,0.031564,0.187721
87940,0.011353,0.008364,0.107587
87950,0.041447,0.031558,0.171627
87960,0.021644,0.016363,0.127159
87970,0.015338,0.011935,0.082240
87980,0.025350,0.019189,0.142777
87990,0.015143,0.011196,0.127114
88000,0.030775,0.023376,0.128948
88010,0.013446,0.009955,0.080621
88020,0.005561,0.003270,0.167688
88030,0.023247,0.017508,0.132161
88040,0.021121,0.016275,0.121341
88050,0.003424,0.002594,0.108030
88060,0.014428,0.010861,0.079509
88070,0.023546,0.017155,0.138466
88080,0.025624,0.019140,0.152934
88090,0.036989,0.028074,0.163405
88100,0.020152,0.014890,0.127186
88110,0.016687,0.012189,0.126421
88120,0.023236,0.017497,0.130129
88130,0.014512,0.010776,0.113677
88140,0.003155,0.002179,0.121990
88150,0.042676,0.032169,0.179254
88160,0.042531,0.032275,0.189800
88170,0.032645,0.024828,0.153739
88180,0.009748,0.007122,0.080834
88190,0.016062,0.012770,0.075880
88200,0.025543,0.019289,0.146829
88210,0.004997,0.003828,0.078210
88220,0.033304,0.026108,0.140347
88230,0.020720,0.015586,0.138703
88240,0.029497,0.022433,0.144140
88250,0.021373,0.016159,0.124042
88260,0.013039,0.009417,0.100434
88270,0.023100,0.017385,0.118067
88280,0.021712,0.016343,0.125512
88290,0.020498,0.015514,0.120700
88300,0.023073,0.017463,0.132025
88310,0.027801,0.021707,0.156556
88320,0.000001,0.000001,0.000005
88330,0.020500,0.015193,0.131941
88340,0.016057,0.011884,0.114281
88350,0.039655,0.030024,0.169754
88360,0.015448,0.011647,0.111526
88370,0.005268,0.003962,0.079574
88380,0.020430,0.015941,0.117834
88390,0.025724,0.019535,0.134223
88400,0.056676,0.042790,0.208556
88410,0.008802,0.006621,0.090944
88420,0.016143,0.012415,0.081947
88430,0.016020,0.011786,0.120190
88440,0.058200,0.044307,0.211991
88450,0.015077,0.011092,0.074441
88460,0.010388,0.007505,0.110333
88470,0.028966,0.021830,0.140005
88480,0.013949,0.010756,0.136480
88490,0.013380,0.010104,0.101680
88500,0.025406,0.018869,0.137313
88510,0.009052,0.006760,0.078178
88520,0.027547,0.020853,0.133809
88530,0.028132,0.021463,0.148603
88540,0.041762,0.031458,0.174755
88550,0.020195,0.015030,0.112711
88560,0.026949,0.020063,0.146508
88570,0.015823,0.011859,0.121418
88580,0.039029,0.029482,0.149478
88590,0.039989,0.030556,0.157187
88600,0.022447,0.016359,0.159201
88610,0.045239,0.034172,0.183759
88620,0.014191,0.010742,0.077483
88630,0.006189,0.004542,0.093487
88640,0.029911,0.022408,0.140894
88650,0.021429,0.016094,0.126423
88660,0.014063,0.010567,0.114523
88670,0.030950,0.023412,0.152739
88680,0.032671,0.024696,0.148103
88690,0.022003,0.016635,0.128719
88700,0.061601,0.046501,0.223068
88710,0.026783,0.020602,0.162683
88720,0.017550,0.013335,0.098133
88730,0.022585,0.017006,0.130837
88740,0.011948,0.008943,0.070874
88750,0.007151,0.005252,0.096552
88760,0.031419,0.023706,0.151768
88770,0.012580,0.009441,0.095577
88780,0.044458,0.033703,0.179874
88790,0.023696,0.017687,0.130160
88800,0.030996,0.023031,0.162717
88810,0.049749,0.037488,0.196071
88820,0.021166,0.015786,0.114412
88830,0.008265,0.006185,0.099741
88840,0.023129,0.017234,0.144607
88850,0.027296,0.020585,0.146726
88860,0.038282,0.028983,0.176282
88870,0.038762,0.029400,0.165525
88880,0.040772,0.031236,0.157853
88890,0.015601,0.011772,0.123125
88900,0.010929,0.008188,0.177719
88910,0.003960,0.002687,0.025068
88920,0.045389,0.034478,0.178913
88930,0.030099,0.022317,0.153491
88940,0.017037,0.012813,0.105621
88950,0.012497,0.009168,0.103283
88960,0.012043,0.008746,0.107602
88970,0.054882,0.041747,0.204549
88980,0.010347,0.007538,0.099641
88990,0.022119,0.016812,0.100666
89000,0.018946,0.014104,0.136704
89010,0.037268,0.028339,0.168819
89020,0.014811,0.010895,0.123822
89030,0.003608,0.002889,0.027433
89040,0.039280,0.029695,0.183041
89050,0.001053,0.000697,0.106951
89060,0.023029,0.017313,0.137811
89070,0.027048,0.020342,0.141382
89080,0.020825,0.015906,0.122762
89090,0.038508,0.029254,0.166374
89100,0.013589,0.010216,0.082543
89110,0.023045,0.017418,0.095363
89120,0.024983,0.018497,0.120005
89130,0.020471,0.015611,0.132240
89140,0.006645,0.004782,0.109683
89150,0.022661,0.016502,0.137811
89160,0.028599,0.021212,0.121443
89170,0.029006,0.022144,0.127732
89180,0.019830,0.014617,0.092752
89190,0.035050,0.026725,0.157214
89200,0.025510,0.019171,0.136391
89210,0.024793,0.018990,0.143587
89220,0.032187,0.024246,0.150331
89230,0.028590,0.021576,0.116185
89240,0.014650,0.010889,0.117502
89250,0.022884,0.016990,0.139738
89260,0.043712,0.033220,0.159937
89270,0.027128,0.020613,0.118623
89280,0.040650,0.031321,0.172918
89290,0.021049,0.015743,0.085852
89300,0.009352,0.006924,0.113203
89310,0.023557,0.017932,0.104442
89320,0.032502,0.024530,0.164383
89330,0.030583,0.023184,0.163153
89340,0.042506,0.032351,0.183411
89350,0.020152,0.014946,0.140051
89360,0.000930,0.000672,0.037154
89370,0.038287,0.029063,0.163477
89380,0.009569,0.007016,0.090722
89390,0.028228,0.021212,0.130412
89400,0.058346,0.044024,0.231133
89410,0.013170,0.009869,0.116497
89420,0.030272,0.022532,0.144320
89430,0.043084,0.032287,0.186983
89440,0.039021,0.029807,0.162177
89450,0.021611,0.016261,0.128780
89460,0.002204,0.001633,0.099195
89470,0.019737,0.014315,0.138951
89480,0.014522,0.010819,0.104099
89490,0.020961,0.015814,0.109229
89500,0.035783,0.027290,0.157175
89510,0.023199,0.016710,0.197229
89520,0.029486,0.022387,0.131797
89530,0.031318,0.024127,0.163406
89540,0.040325,0.030209,0.168767
89550,0.001144,0.000874,0.134385
89560,0.025781,0.019356,0.124429
89570,0.052408,0.038975,0.197466
89580,0.029983,0.021966,0.130639
89590,0.034671,0.026663,0.168556
89600,0.023349,0.017265,0.146486
89610,0.025711,0.019139,0.131479
89620,0.045635,0.034599,0.170272
89630,0.031669,0.023903,0.161480
89640,0.031716,0.024000,0.147657
89650,0.034934,0.026671,0.144693
89660,0.012556,0.009255,0.072839
89670,0.008170,0.005872,0.054296
89680,0.002524,0.001803,0.071311
89690,0.029549,0.022709,0.136564
89700,0.028263,0.021217,0.150745
89710,0.003902,0.003160,0.063295
89720,0.029445,0.023044,0.172453
89730,0.037035,0.028454,0.169754
89740,0.023860,0.018377,0.107088
89750,0.024736,0.019013,0.107069
89760,0.017684,0.012947,0.132689
89770,0.017085,0.012955,0.111816
89780,0.003422,0.002460,0.079795
89790,0.010058,0.007421,0.098187
89800,0.027048,0.020404,0.130824
89810,0.032424,0.024594,0.155251
89820,0.010924,0.008358,0.094185
89830,0.026919,0.020044,0.131339
89840,0.015478,0.011350,0.115516
89850,0.009417,0.006901,0.094858
89860,0.000854,0.000647,0.129081
89870,0.034535,0.025897,0.157644
89880,0.018107,0.013643,0.118255
89890,0.019993,0.014923,0.116099
89900,0.027964,0.021145,0.142559
89910,0.012034,0.008685,0.110424
89920,0.026487,0.020010,0.143230
89930,0.016546,0.012092,0.105943
89940,0.012148,0.009232,0.109753
89950,0.051774,0.039397,0.201370
89960,0.015047,0.011208,0.095635
89970,0.016504,0.012208,0.105823
89980,0.031435,0.023684,0.157807
89990,0.016457,0.011862,0.123182
90000,0.017420,0.014128,0.145053
90010,0.055615,0.040732,0.202629
90020,0.023219,0.017521,0.131275
90030,0.008940,0.006450,0.109950
90040,0.034029,0.025675,0.143559
90050,0.043055,0.032531,0.179202
90060,0.050968,0.038214,0.200880
90070,0.022600,0.016983,0.128537
90080,0.012052,0.008894,0.097559
90090,0.033497,0.025259,0.160197
90100,0.012110,0.008754,0.102730
90110,0.009819,0.007238,0.083931
90120,0.026142,0.019459,0.156482
90130,0.011417,0.008587,0.067532
90140,0.055731,0.042337,0.208064
90150,0.026230,0.019648,0.141657
90160,0.018569,0.014033,0.128132
90170,0.036748,0.027758,0.155378
90180,0.028420,0.021608,0.123400
90190,0.019060,0.014076,0.124667
90200,0.012523,0.008648,0.123297
90210,0.032831,0.024655,0.132360
90220,0.034857,0.026666,0.146100
90230,0.002609,0.001934,0.120436
90240,0.027836,0.020753,0.148506
90250,0.026719,0.019940,0.141311
90260,0.029049,0.021557,0.159290
90270,0.027115,0.021473,0.144698
90280,0.026998,0.020301,0.147151
90290,0.018048,0.013539,0.090066
90300,0.038686,0.029589,0.163015
90310,0.021931,0.016554,0.142658
90320,0.023287,0.017290,0.126456
90330,0.024490,0.018600,0.119844
90340,0.019865,0.015090,0.134001
90350,0.024802,0.018739,0.128445
90360,0.024980,0.018823,0.127061
90370,0.033971,0.025792,0.159126
90380,0.016204,0.012304,0.096541
90390,0.026634,0.020473,0.115543
90400,0.006881,0.005136,0.116897
90410,0.018687,0.013489,0.125588
90420,0.028622,0.021120,0.133769
90430,0.011961,0.008707,0.105877
90440,0.042224,0.032015,0.162464
90450,0.042584,0.031892,0.187697
90460,0.027337,0.020574,0.156559
90470,0.020022,0.015149,0.126607
90480,0.012994,0.009481,0.105150
90490,0.019401,0.014610,0.119048
90500,0.013661,0.009700,0.096799
90510,0.045343,0.034589,0.179650
90520,0.025318,0.018969,0.148867
90530,0.023455,0.017573,0.130751
90540,0.018351,0.013907,0.131674
90550,0.034577,0.026286,0.161487
90560,0.004443,0.003138,0.040307
90570,0.025376,0.019043,0.123186
90580,0.016075,0.011973,0.083219
90590,0.018577,0.013851,0.118989
90600,0.026498,0.019958,0.147995
90610,0.036446,0.027628,0.169283
90620,0.032295,0.024484,0.150173
90630,0.024138,0.018139,0.136846
90640,0.030883,0.023468,0.140557
90650,0.026073,0.019989,0.138779
90660,0.029183,0.021960,0.145762
90670,0.010325,0.007405,0.093625
90680,0.020920,0.020856,0.153750
90690,0.023818,0.018591,0.112207
90700,0.011280,0.008352,0.069372
90710,0.018861,0.014118,0.111188
90720,0.034237,0.025876,0.149725
90730,0.015346,0.011441,0.109730
90740,0.033396,0.024765,0.153832
90750,0.027631,0.020365,0.140826
90760,0.033145,0.025013,0.141856
90770,0.016985,0.012845,0.108174
90780,0.031668,0.024128,0.166943
90790,0.041940,0.031772,0.188215
90800,0.018770,0.014021,0.111140
90810,0.042937,0.032711,0.185425
90820,0.014052,0.010343,0.081420
90830,0.015306,0.011428,0.100448
90840,0.003101,0.002373,0.028029
90850,0.022251,0.016871,0.137511
90860,0.027267,0.021415,0.150866
90870,0.039954,0.030895,0.166429
90880,0.010414,0.008380,0.142658
90890,0.034386,0.025705,0.184291
90900,0.018352,0.013627,0.122701
90910,0.031764,0.023533,0.149249
90920,0.009811,0.007117,0.092718
90930,0.041475,0.031502,0.178489
90940,0.026878,0.020217,0.134084
90950,0.014797,0.010985,0.112657
90960,0.046665,0.034988,0.188135
90970,0.029813,0.022474,0.141658
90980,0.031135,0.023368,0.153705
90990,0.021737,0.016391,0.113194
91000,0.033183,0.025038,0.145646
91010,0.022361,0.017545,0.142034
91020,0.044204,0.035142,0.203125
91030,0.023102,0.017225,0.125451
91040,0.008046,0.006042,0.097892
91050,0.037417,0.028274,0.155260
91060,0.026638,0.019902,0.155760
91070,0.048349,0.036563,0.191486
91080,0.004305,0.003022,0.117383
91090,0.039376,0.029747,0.160111
91100,0.021039,0.016228,0.124202
91110,0.029194,0.022203,0.137466
91120,0.022197,0.016725,0.105617
91130,0.009617,0.007525,0.051481
91140,0.020991,0.015509,0.124835
91150,0.029452,0.022059,0.147479
91160,0.011271,0.008248,0.095034
91170,0.020066,0.015242,0.116523
91180,0.012287,0.009089,0.118282
91190,0.015216,0.011597,0.115200
91200,0.018840,0.014110,0.114301
91210,0.007619,0.005652,0.092115
91220,0.012249,0.008960,0.110365
91230,0.001331,0.000930,0.099220
91240,0.016945,0.012687,0.137672
91250,0.017772,0.012986,0.110994
91260,0.029142,0.022113,0.142407
91270,0.004516,0.003415,0.099419
91280,0.030250,0.022985,0.093748
91290,0.012753,0.009684,0.100513
91300,0.023007,0.017193,0.123293
91310,0.035384,0.026766,0.165663
91320,0.045922,0.034472,0.186758
91330,0.006884,0.005284,0.127520
91340,0.021288,0.015904,0.128224
91350,0.009405,0.007622,0.092040
91360,0.017859,0.013469,0.087861
91370,0.021861,0.016796,0.130229
91380,0.028912,0.021793,0.139177
91390,0.019448,0.014838,0.086039
91400,0.026152,0.020067,0.139829
91410,0.026360,0.020134,0.135005
91420,0.035763,0.026910,0.162840
91430,0.001006,0.000717,0.142276
91440,0.014940,0.011262,0.081261
91450,0.012573,0.009412,0.096471
91460,0.036308,0.027582,0.142562
91470,0.017553,0.012989,0.120231
91480,0.021116,0.015830,0.122720
91490,0.003497,0.002579,0.087905
91500,0.025634,0.019472,0.150884
91510,0.009923,0.007110,0.062559
91520,0.014489,0.010622,0.112836
91530,0.019141,0.014172,0.124142
91540,0.012419,0.009161,0.107672
91550,0.006147,0.004368,0.120229
91560,0.025973,0.019795,0.103442
91570,0.022831,0.017151,0.134492
91580,0.036419,0.027569,0.151552
91590,0.017205,0.012877,0.118740
91600,0.009826,0.007215,0.086256
91610,0.011447,0.008508,0.089543
91620,0.024325,0.018018,0.088905
91630,0.015981,0.012065,0.120961
91640,0.040209,0.030029,0.152541
91650,0.036111,0.027184,0.160381
91660,0.028512,0.021359,0.144669
91670,0.018702,0.013606,0.119799
91680,0.034199,0.025750,0.164337
91690,0.033481,0.025185,0.149976
91700,0.016211,0.012386,0.107203
91710,0.036659,0.026851,0.165101
91720,0.015555,0.011470,0.108462
91730,0.015763,0.011512,0.106198
91740,0.034257,0.026210,0.149568
91750,0.067954,0.052914,0.235980
91760,0.017051,0.012592,0.121389
91770,0.044133,0.033209,0.178882
91780,0.003587,0.002706,0.029744
91790,0.022657,0.017012,0.153027
91800,0.022539,0.016995,0.143514
91810,0.032950,0.024754,0.162230
91820,0.047794,0.036182,0.190703
91830,0.030015,0.022450,0.122817
91840,0.013692,0.010391,0.097264
91850,0.020955,0.015590,0.131307
91860,0.041350,0.031363,0.174567
91870,0.025324,0.019396,0.134226
91880,0.035986,0.027016,0.162832
91890,0.035722,0.026987,0.148765
91900,0.036411,0.026924,0.169090
91910,0.013512,0.009694,0.116540
91920,0.018311,0.013805,0.095878
91930,0.012219,0.008943,0.116653
91940,0.025483,0.018919,0.139035
91950,0.010362,0.007725,0.073125
91960,0.023507,0.017650,0.152832
91970,0.010504,0.007769,0.103133
91980,0.023451,0.017614,0.099792
91990,0.036242,0.027077,0.176598
92000,0.012602,0.009260,0.093752
92010,0.028558,0.021567,0.119794
92020,0.036746,0.028138,0.166586
92030,0.010707,0.008018,0.081711
92040,0.014423,0.010901,0.120974
92050,0.013054,0.010050,0.079392
92060,0.025983,0.019591,0.142291
92070,0.023598,0.017448,0.106730
92080,0.032133,0.024512,0.155783
92090,0.013192,0.009711,0.107141
92100,0.031379,0.023606,0.148470
92110,0.001321,0.000933,0.309250
92120,0.031887,0.024194,0.139223
92130,0.031636,0.023813,0.152419
92140,0.033258,0.024982,0.164816
92150,0.012990,0.009233,0.102316
92160,0.010626,0.007688,0.115432
92170,0.004122,0.002995,0.107127
92180,0.018813,0.013852,0.090312
92190,0.014275,0.010568,0.107866
92200,0.023823,0.018108,0.122429
92210,0.028738,0.021865,0.142536
92220,0.041424,0.031543,0.158187
92230,0.021029,0.015898,0.114619
92240,0.005550,0.004474,0.144637
92250,0.012688,0.009430,0.104344
92260,0.000481,0.000349,0.072729
92270,0.009486,0.007195,0.058117
92280,0.002708,0.002015,0.023867
92290,0.016177,0.012185,0.082228
92300,0.013031,0.009753,0.091857
92310,0.015783,0.011644,0.114584
92320,0.048027,0.036566,0.203179
92330,0.026821,0.020576,0.132023
92340,0.005159,0.004234,0.090607
92350,0.003370,0.002155,0.097379
92360,0.036920,0.027454,0.164805
92370,0.033983,0.025386,0.124975
92380,0.023243,0.017521,0.117069
92390,0.030595,0.022905,0.155234
92400,0.017680,0.013143,0.117238
92410,0.034108,0.025629,0.163066
92420,0.036810,0.027869,0.160859
92430,0.019629,0.014942,0.134377
92440,0.024681,0.018678,0.154651
92450,0.003264,0.002245,0.148020
92460,0.025694,0.019132,0.138728
92470,0.027660,0.021301,0.153942
92480,0.032988,0.025013,0.129408
92490,0.034172,0.025694,0.155902
92500,0.016322,0.012011,0.103305
92510,0.035327,0.026759,0.170416
92520,0.006445,0.004910,0.210958
92530,0.035630,0.026905,0.152509
92540,0.025228,0.018826,0.142858
92550,0.001780,0.002037,0.131413
92560,0.028453,0.021499,0.136628
92570,0.037160,0.028027,0.169650
92580,0.050028,0.037916,0.179976
92590,0.019052,0.014520,0.123794
92600,0.020483,0.015227,0.127769
92610,0.000001,0.000002,0.000005
92620,0.007568,0.005377,0.077300
92630,0.037988,0.029152,0.178539
92640,0.013930,0.009243,0.675975
92650,0.027738,0.020719,0.150094
92660,0.048645,0.036735,0.181266
92670,0.030529,0.022819,0.153026
92680,0.020813,0.015240,0.135580
92690,0.021347,0.016099,0.121340
92700,0.022487,0.016844,0.124044
92710,0.026971,0.020343,0.142695
92720,0.012918,0.009464,0.102360
92730,0.022913,0.017219,0.125476
92740,0.039179,0.029812,0.163806
92750,0.018400,0.013666,0.089992
92760,0.017728,0.013623,0.112652
92770,0.039470,0.029964,0.175463
92780,0.025323,0.018888,0.136947
92790,0.034439,0.027228,0.172526
92800,0.025640,0.019269,0.139857
92810,0.018382,0.014068,0.145228
92820,0.014813,0.010822,0.105921
92830,0.018446,0.014117,0.093557
92840,0.013654,0.009949,0.104844
92850,0.028764,0.021778,0.127234
92860,0.026466,0.019829,0.131798
92870,0.019693,0.014583,0.124259
92880,0.016539,0.012182,0.113347
92890,0.026514,0.019963,0.139476
92900,0.017738,0.013296,0.115389
92910,0.022009,0.016550,0.147640
92920,0.028695,0.021493,0.135397
92930,0.016438,0.012510,0.066242
92940,0.046192,0.034818,0.182406
92950,0.031057,0.023395,0.148587
92960,0.021851,0.016362,0.125506
92970,0.032144,0.024452,0.161622
92980,0.012023,0.008870,0.112453
92990,0.031015,0.023088,0.151081
93000,0.029222,0.021928,0.143299
93010,0.038567,0.029270,0.166495
93020,0.013854,0.010038,0.113414
93030,0.023959,0.018123,0.134550
93040,0.016125,0.012025,0.065333
93050,0.002777,0.002118,0.016432
93060,0.039837,0.030290,0.172169
93070,0.001682,0.001246,0.233018
93080,0.044742,0.033492,0.163234
93090,0.029864,0.022596,0.150331
93100,0.022679,0.017180,0.127435
93110,0.005347,0.003910,0.074397
93120,0.022650,0.017006,0.099603
93130,0.025345,0.019068,0.131664
93140,0.006087,0.004227,0.128240
93150,0.026967,0.020406,0.119897
93160,0.018639,0.013989,0.116251
93170,0.017058,0.012804,0.110356
93180,0.022396,0.016987,0.123015
93190,0.037045,0.028036,0.160810
93200,0.002827,0.001881,0.107501
93210,0.034397,0.026012,0.143654
93220,0.031806,0.024324,0.145999
93230,0.014224,0.010756,0.073689
93240,0.023862,0.018324,0.116193
93250,0.019859,0.014893,0.126595
93260,0.024951,0.018710,0.140390
93270,0.024925,0.018511,0.132386
93280,0.023199,0.017719,0.133059
93290,0.051341,0.038657,0.204031
93300,0.041302,0.031042,0.178217
93310,0.009758,0.007700,0.083849
93320,0.014600,0.010913,0.099332
93330,0.034537,0.026295,0.157563
93340,0.025521,0.019259,0.129780
93350,0.029225,0.022419,0.147105
93360,0.022630,0.017134,0.088795
93370,0.030158,0.027302,0.191073
93380,0.025386,0.019351,0.118468
93390,0.006094,0.004708,0.081907
93400,0.014590,0.010948,0.073880
93410,0.020161,0.015099,0.127001
93420,0.028200,0.021062,0.127954
93430,0.015990,0.012099,0.130805
93440,0.034406,0.026104,0.165516
93450,0.026529,0.020273,0.136840
93460,0.011785,0.008896,0.102832
93470,0.011793,0.008734,0.096331
93480,0.026366,0.019628,0.144647
93490,0.027182,0.020548,0.136792
93500,0.006865,0.005057,0.076123
93510,0.021349,0.015867,0.147238
93520,0.011047,0.008178,0.093796
93530,0.028751,0.021590,0.129627
93540,0.016346,0.012357,0.109280
93550,0.031443,0.023836,0.151891
93560,0.013085,0.010176,0.079235
93570,0.036756,0.027787,0.164777
93580,0.020684,0.015529,0.141084
93590,0.043473,0.035762,0.176137
93600,0.000741,0.001145,0.002202
93610,0.017021,0.012793,0.090421
93620,0.010984,0.008062,0.076635
93630,0.000002,0.000001,0.000006
93640,0.023653,0.017572,0.138478
93650,0.021371,0.016284,0.104071
93660,0.020996,0.015881,0.114770
93670,0.011500,0.008417,0.130862
93680,0.011788,0.008642,0.098728
93690,0.008506,0.006398,0.108736
93700,0.027715,0.021391,0.139418
93710,0.055895,0.042199,0.222913
93720,0.022167,0.016697,0.131010
93730,0.047985,0.037063,0.193411
93740,0.026062,0.019825,0.130194
93750,0.037448,0.028601,0.139805
93760,0.024041,0.018012,0.136307
93770,0.033394,0.024924,0.152757
93780,0.031755,0.023778,0.133040
93790,0.006201,0.004252,0.133113
93800,0.028701,0.021565,0.152718
93810,0.026185,0.019555,0.139373
93820,0.034260,0.025980,0.153670
93830,0.020288,0.015182,0.128061
93840,0.034880,0.026531,0.160286
93850,0.029280,0.022146,0.124156
93860,0.024743,0.017765,0.166884
93870,0.018564,0.013660,0.126749
93880,0.015770,0.011893,0.118075
93890,0.015618,0.011414,0.110403
93900,0.014953,0.011793,0.105427
93910,0.051273,0.038917,0.183728
93920,0.024301,0.018654,0.136651
93930,0.001489,0.001033,0.126365
93940,0.031881,0.024309,0.165906
93950,0.023654,0.017960,0.108444
93960,0.024756,0.018611,0.144954
93970,0.034875,0.026255,0.157158
93980,0.005795,0.004095,0.127983
93990,0.011591,0.008638,0.084741
94000,0.027887,0.020888,0.140121
94010,0.013018,0.009757,0.075643
94020,0.045714,0.034524,0.189670
94030,0.033780,0.025118,0.159479
94040,0.043198,0.032724,0.181972
94050,0.013880,0.010623,0.080777
94060,0.014604,0.011297,0.103287
94070,0.014448,0.010356,0.111365
94080,0.024243,0.018245,0.128315
94090,0.012247,0.008846,0.097787
94100,0.023482,0.017590,0.138493
94110,0.030526,0.022942,0.149759
94120,0.029021,0.021971,0.140277
94130,0.028891,0.022017,0.152842
94140,0.034484,0.025721,0.144468
94150,0.006501,0.004860,0.049767
94160,0.019538,0.014795,0.093342
94170,0.051107,0.039046,0.200744
94180,0.015880,0.011723,0.107593
94190,0.018564,0.013948,0.072243
94200,0.026359,0.019966,0.140188
94210,0.039464,0.029901,0.171427
94220,0.005527,0.004156,0.104207
94230,0.016576,0.012179,0.116941
94240,0.014777,0.011164,0.059881
94250,0.025419,0.019507,0.143032
94260,0.028557,0.021514,0.107756
94270,0.012073,0.009006,0.113316
94280,0.032673,0.024971,0.148076
94290,0.026304,0.019707,0.140692
94300,0.033438,0.025035,0.151809
94310,0.010878,0.008047,0.094941
94320,0.030490,0.023003,0.137714
94330,0.030954,0.023190,0.151532
94340,0.010219,0.007338,0.107312
94350,0.027839,0.021516,0.139557
94360,0.025472,0.019246,0.134900
94370,0.033785,0.025513,0.159388
94380,0.014838,0.010882,0.115099
94390,0.026074,0.019405,0.143476
94400,0.005813,0.004305,0.096149
94410,0.031840,0.024012,0.155281
94420,0.012782,0.009462,0.103419
94430,0.029626,0.022389,0.159022
94440,0.011572,0.008683,0.096394
94450,0.026574,0.019810,0.150549
94460,0.029637,0.022525,0.152104
94470,0.017242,0.012988,0.111308
94480,0.018799,0.013813,0.130246
94490,0.021002,0.015394,0.115731
94500,0.017403,0.013181,0.078263
94510,0.029627,0.021945,0.163446
94520,0.049582,0.037379,0.192109
94530,0.029947,0.022913,0.123678
94540,0.033608,0.026630,0.157698
94550,0.050892,0.038938,0.194664
94560,0.011598,0.008266,0.304378
94570,0.020893,0.015740,0.108312
94580,0.032625,0.025768,0.167629
94590,0.028824,0.021595,0.138162
94600,0.020548,0.015236,0.156324
94610,0.017040,0.012735,0.115493
94620,0.036681,0.027667,0.168213
94630,0.028764,0.021591,0.144692
94640,0.015461,0.011797,0.130419
94650,0.018043,0.013450,0.141315
94660,0.024570,0.018517,0.135823
94670,0.012638,0.009194,0.096021
94680,0.008651,0.006379,0.088263
94690,0.023893,0.017977,0.107326
94700,0.023015,0.017291,0.131619
94710,0.010380,0.007665,0.095421
94720,0.021970,0.016896,0.139574
94730,0.024026,0.017956,0.130146
94740,0.025862,0.019494,0.098839
94750,0.017949,0.013690,0.112780
94760,0.018222,0.014018,0.113358
94770,0.032750,0.024769,0.147855
94780,0.044961,0.034085,0.186181
94790,0.016530,0.012253,0.081903
94800,0.020571,0.015619,0.103526
94810,0.021485,0.015996,0.126029
94820,0.036541,0.027851,0.164507
94830,0.026131,0.019828,0.116605
94840,0.027238,0.020510,0.141082
94850,0.001915,0.001360,0.072604
94860,0.018520,0.014376,0.137493
94870,0.000466,0.000376,0.168370
94880,0.013227,0.009607,0.124828
94890,0.011800,0.008785,0.073927
94900,0.003895,0.002933,0.081194
94910,0.022547,0.016689,0.128737
94920,0.041923,0.031549,0.173464
94930,0.001231,0.001005,0.181486
94940,0.029602,0.022317,0.152794
94950,0.016272,0.012232,0.111489
94960,0.036550,0.027538,0.151654
94970,0.013493,0.009875,0.120894
94980,0.029336,0.021965,0.158385
94990,0.032578,0.025150,0.164925
95000,0.008935,0.006645,0.048926
95010,0.030061,0.022632,0.144144
95020,0.021726,0.016221,0.146964
95030,0.020246,0.015519,0.170565
95040,0.020622,0.015589,0.121565
95050,0.013438,0.009924,0.065590
95060,0.012562,0.009413,0.077769
95070,0.006618,0.004858,0.057876
95080,0.022611,0.017016,0.097230
95090,0.028910,0.021742,0.141269
95100,0.015784,0.011811,0.078159
95110,0.017959,0.013579,0.124838
95120,0.063345,0.048271,0.243704
95130,0.031170,0.023576,0.155413
95140,0.020713,0.015909,0.117968
95150,0.025089,0.018990,0.134313
95160,0.026122,0.019571,0.113886
95170,0.016069,0.012131,0.064936
95180,0.015175,0.011434,0.115993
95190,0.012182,0.009012,0.108229
95200,0.015268,0.011587,0.069433
95210,0.028771,0.022320,0.142522
95220,0.027995,0.021176,0.116695
95230,0.027636,0.020515,0.141081
95240,0.022054,0.016689,0.124788
95250,0.017860,0.013583,0.103928
95260,0.041882,0.031668,0.175020
95270,0.041134,0.031111,0.174841
95280,0.049969,0.037540,0.196499
95290,0.065194,0.048842,0.221775
95300,0.024409,0.018150,0.140796
95310,0.027103,0.020203,0.148538
95320,0.036822,0.027911,0.172034
95330,0.048078,0.036796,0.190357
95340,0.027754,0.020712,0.151410
95350,0.014268,0.010338,0.124076
95360,0.042701,0.032350,0.179481
95370,0.033829,0.025982,0.150698
95380,0.015812,0.011435,0.124369
95390,0.030537,0.022988,0.151853
95400,0.015858,0.011628,0.086634
95410,0.021727,0.016913,0.122212
95420,0.041189,0.031161,0.176968
95430,0.012076,0.009257,0.054535
95440,0.027024,0.020402,0.133121
95450,0.035437,0.026581,0.170478
95460,0.022266,0.016707,0.134424
95470,0.023023,0.017360,0.127165
95480,0.029895,0.023175,0.135394
95490,0.028886,0.021455,0.125516
95500,0.020545,0.015240,0.124736
95510,0.026506,0.019840,0.124420
95520,0.036448,0.027601,0.160441
95530,0.000890,0.000680,0.197537
95540,0.032378,0.023993,0.156786
95550,0.039555,0.029797,0.168539
95560,0.035325,0.026501,0.158695
95570,0.002374,0.001784,0.187161
95580,0.031772,0.023959,0.167528
95590,0.027447,0.021194,0.146421
95600,0.033060,0.025890,0.138131
95610,0.025496,0.019095,0.129426
95620,0.016782,0.012663,0.111264
95630,0.017545,0.013486,0.087046
95640,0.012666,0.009523,0.103566
95650,0.018518,0.013790,0.121600
95660,0.016287,0.011496,0.167550
95670,0.035294,0.026782,0.152969
95680,0.021905,0.016614,0.156871
95690,0.031274,0.023965,0.164662
95700,0.022612,0.016867,0.130693
95710,0.013983,0.010342,0.102278
95720,0.021820,0.016142,0.115499
95730,0.017004,0.012704,0.103329
95740,0.009913,0.007489,0.129041
95750,0.057610,0.043861,0.196535
95760,0.026710,0.019099,0.151990
95770,0.045126,0.034244,0.189479
95780,0.036786,0.027691,0.145525
95790,0.019603,0.014800,0.117687
95800,0.021415,0.016501,0.108827
95810,0.049710,0.037858,0.203490
95820,0.008882,0.006831,0.127219
95830,0.047851,0.036241,0.187096
95840,0.012949,0.009751,0.102217
95850,0.003501,0.002740,0.094296
95860,0.021842,0.016080,0.128625
95870,0.031481,0.023641,0.147380
95880,0.022858,0.017170,0.125971
95890,0.031096,0.023518,0.143274
95900,0.025719,0.019238,0.138385
95910,0.038232,0.028680,0.171317
95920,0.005767,0.004195,0.029714
95930,0.021382,0.015955,0.125706
95940,0.034891,0.026077,0.158717
95950,0.005039,0.003735,0.092602
95960,0.038671,0.029669,0.173434
95970,0.019476,0.014749,0.116419
95980,0.024041,0.017699,0.157385
95990,0.008966,0.006806,0.130284
96000,0.019269,0.014647,0.088000
96010,0.027415,0.020443,0.158996
96020,0.023576,0.018011,0.133062
96030,0.019478,0.014377,0.141739
96040,0.057191,0.043477,0.207894
96050,0.025201,0.019051,0.142863
96060,0.027040,0.020529,0.137871
96070,0.036163,0.027255,0.162360
96080,0.014626,0.010530,0.137987
96090,0.030698,0.023144,0.153920
96100,0.016822,0.013307,0.113801
96110,0.056930,0.043387,0.209575
96120,0.017969,0.013661,0.128167
96130,0.032777,0.024941,0.133708
96140,0.022746,0.017057,0.137275
96150,0.004000,0.002791,0.035184
96160,0.038593,0.028753,0.164280
96170,0.041511,0.031208,0.177356
96180,0.026616,0.020149,0.150906
96190,0.012169,0.009003,0.119491
96200,0.038294,0.029120,0.170818
96210,0.012467,0.009246,0.104604
96220,0.025807,0.019364,0.129806
96230,0.062820,0.048378,0.236568
96240,0.006008,0.004534,0.075873
96250,0.031682,0.024257,0.154304
96260,0.027158,0.019591,0.157975
96270,0.006639,0.004597,0.099803
96280,0.023131,0.017404,0.129858
96290,0.033711,0.025591,0.156810
96300,0.031232,0.023411,0.150179
96310,0.028221,0.021440,0.134778
96320,0.036877,0.028192,0.162106
96330,0.012017,0.008915,0.089300
96340,0.034576,0.026521,0.144239
96350,0.050852,0.038935,0.193038
96360,0.017749,0.013276,0.096366
96370,0.005658,0.004448,0.123432
96380,0.038907,0.029020,0.169180
96390,0.021149,0.015698,0.119786
96400,0.028799,0.021803,0.140683
96410,0.032810,0.025056,0.141450
96420,0.035842,0.027186,0.159602
96430,0.020051,0.015116,0.153311
96440,0.006209,0.004665,0.076785
96450,0.021962,0.016361,0.115985
96460,0.031212,0.023808,0.143749
96470,0.031557,0.023606,0.165471
96480,0.004863,0.003506,0.043260
96490,0.032830,0.024869,0.138625
96500,0.035966,0.027004,0.171510
96510,0.014386,0.010635,0.120586
96520,0.044871,0.034098,0.179212
96530,0.035904,0.027323,0.171787
96540,0.037081,0.028137,0.156912
96550,0.015130,0.011223,0.115353
96560,0.015357,0.011124,0.137679
96570,0.019094,0.014005,0.091528
96580,0.023905,0.018085,0.104127
96590,0.011955,0.008727,0.117876
96600,0.024892,0.018773,0.132795
96610,0.036171,0.028664,0.174585
96620,0.014738,0.010646,0.079996
96630,0.030278,0.022755,0.149656
96640,0.015064,0.011341,0.074315
96650,0.030810,0.023067,0.158895
96660,0.030341,0.022851,0.149280
96670,0.016355,0.012171,0.126043
96680,0.010982,0.008031,0.102099
96690,0.037952,0.028696,0.162146
96700,0.008240,0.005965,0.044695
96710,0.037095,0.028126,0.167283
96720,0.033743,0.025503,0.132851
96730,0.019027,0.014279,0.111627
96740,0.040030,0.030162,0.182815
96750,0.011741,0.008584,0.098116
96760,0.035705,0.026633,0.161317
96770,0.049460,0.037719,0.202734
96780,0.023892,0.017615,0.149975
96790,0.019460,0.014799,0.116222
96800,0.026245,0.019856,0.139432
96810,0.017287,0.012875,0.122325
96820,0.026104,0.019367,0.105348
96830,0.016139,0.012329,0.087074
96840,0.021785,0.016425,0.121976
96850,0.005491,0.004016,0.102441
96860,0.024686,0.018727,0.130792
96870,0.005136,0.003806,0.058668
96880,0.028127,0.020783,0.177205
96890,0.014273,0.010665,0.094980
96900,0.036490,0.027749,0.145927
96910,0.015255,0.010767,0.113920
96920,0.022440,0.016880,0.131658
96930,0.033602,0.025285,0.151508
96940,0.022180,0.016376,0.147137
96950,0.022889,0.017253,0.152660
96960,0.018105,0.013508,0.085253
96970,0.031240,0.023705,0.151822
96980,0.028268,0.021366,0.145364
96990,0.007395,0.005464,0.097001
97000,0.027002,0.020217,0.144446
97010,0.021168,0.015547,0.130530
97020,0.010472,0.007872,0.056751
97030,0.022411,0.016531,0.132391
97040,0.013816,0.010522,0.127186
97050,0.027130,0.020119,0.144247
97060,0.017250,0.012769,0.131219
97070,0.023180,0.017063,0.129739
97080,0.021579,0.015792,0.136540
97090,0.032955,0.024958,0.163803
97100,0.019283,0.014407,0.093163
97110,0.031913,0.024200,0.156700
97120,0.042392,0.031509,0.181647
97130,0.036298,0.027431,0.163420
97140,0.024388,0.018524,0.120778
97150,0.047015,0.035905,0.178329
97160,0.024621,0.018617,0.144756
97170,0.054239,0.041235,0.196908
97180,0.020269,0.014732,0.117457
97190,0.017421,0.013143,0.105576
97200,0.017774,0.013339,0.097468
97210,0.022235,0.016526,0.124185
97220,0.007267,0.005457,0.061215
97230,0.023248,0.017264,0.125856
97240,0.031540,0.023768,0.155675
97250,0.020205,0.015024,0.132611
97260,0.021189,0.016151,0.084544
97270,0.048889,0.036636,0.192736
97280,0.010310,0.007973,0.053936
97290,0.011977,0.008772,0.102464
97300,0.034324,0.026116,0.160986
97310,0.027228,0.020397,0.113968
97320,0.023752,0.017641,0.099738
97330,0.041983,0.031990,0.190415
97340,0.011894,0.008700,0.107240
97350,0.027307,0.020460,0.151716
97360,0.035999,0.027110,0.168352
97370,0.035921,0.027010,0.156683
97380,0.017183,0.012810,0.107378
97390,0.035924,0.027711,0.161775
97400,0.058036,0.043977,0.215686
97410,0.017563,0.013131,0.136113
97420,0.034467,0.025933,0.161177
97430,0.022025,0.016420,0.119992
97440,0.014529,0.011004,0.115801
97450,0.036050,0.027391,0.143932
97460,0.023507,0.017730,0.127612
97470,0.043085,0.032897,0.184212
97480,0.019579,0.015401,0.120082
97490,0.011138,0.008240,0.096723
97500,0.018598,0.013919,0.120400
97510,0.026841,0.020154,0.159131
97520,0.010512,0.007402,0.132565
97530,0.013973,0.010618,0.072105
97540,0.040314,0.030493,0.174806
97550,0.026176,0.019627,0.139302
97560,0.037481,0.028339,0.155113
97570,0.016580,0.012309,0.127597
97580,0.000001,0.000000,0.000002
97590,0.025954,0.019342,0.137791
97600,0.018782,0.014112,0.131132
97610,0.014171,0.010578,0.106121
97620,0.024874,0.018474,0.119527
97630,0.029977,0.022729,0.150160
97640,0.034401,0.026218,0.161170
97650,0.038687,0.029342,0.181617
97660,0.022960,0.017280,0.128070
97670,0.018244,0.013987,0.114237
97680,0.042520,0.032520,0.153696
97690,0.000965,0.000641,0.136983
97700,0.044706,0.033793,0.187296
97710,0.014507,0.011009,0.099948
97720,0.020886,0.015703,0.115262
97730,0.026179,0.019652,0.137283
97740,0.023009,0.017232,0.104974
97750,0.023821,0.017968,0.132992
97760,0.037095,0.028273,0.161335
97770,0.022249,0.016666,0.132774
97780,0.035003,0.026399,0.152313
97790,0.021154,0.016259,0.126265
97800,0.045861,0.034653,0.196606
97810,0.030797,0.023193,0.160811
97820,0.050163,0.037770,0.205585
97830,0.034080,0.025401,0.154615
97840,0.013815,0.010468,0.078468
97850,0.016420,0.012443,0.114141
97860,0.010507,0.007656,0.105524
97870,0.022651,0.017105,0.124830
97880,0.030277,0.022818,0.141271
97890,0.079221,0.072931,0.316902
97900,0.029497,0.022319,0.129948
97910,0.036229,0.027601,0.164146
97920,0.020523,0.015755,0.126164
97930,0.008439,0.007337,0.067888
97940,0.020064,0.014750,0.128736
97950,0.038128,0.029127,0.166847
97960,0.022925,0.017173,0.134264
97970,0.015611,0.011610,0.081994
97980,0.024724,0.018421,0.135120
97990,0.020281,0.015373,0.124806
98000,0.013230,0.009962,0.103887
98010,0.013270,0.009790,0.129852
98020,0.041477,0.031167,0.170327
98030,0.036032,0.027519,0.150488
98040,0.033684,0.025365,0.158689
98050,0.016916,0.012653,0.108240
98060,0.016966,0.012959,0.105435
98070,0.020474,0.016103,0.125924
98080,0.033133,0.025268,0.132439
98090,0.018908,0.014163,0.120980
98100,0.037299,0.028054,0.169973
98110,0.027522,0.020860,0.115642
98120,0.021655,0.016373,0.122155
98130,0.041086,0.031226,0.169951
98140,0.037323,0.027577,0.172679
98150,0.037842,0.028741,0.166833
98160,0.017620,0.013045,0.106067
98170,0.030724,0.023160,0.155229
98180,0.025184,0.018780,0.147362
98190,0.007582,0.005813,0.044708
98200,0.011966,0.009410,0.093645
98210,0.025348,0.019118,0.134711
98220,0.012899,0.009411,0.084740
98230,0.014767,0.011267,0.080433
98240,0.028949,0.022074,0.130812
98250,0.013919,0.010093,0.103371
98260,0.041702,0.031542,0.166585
98270,0.021865,0.016473,0.105223
98280,0.023775,0.017876,0.134577
98290,0.027840,0.021143,0.155129
98300,0.018677,0.014118,0.126745
98310,0.028253,0.021570,0.132909
98320,0.040293,0.029147,0.175529
98330,0.008812,0.006570,0.109863
98340,0.014055,0.010706,0.098638
98350,0.018305,0.013880,0.122335
98360,0.002093,0.001561,0.142165
98370,0.031467,0.023801,0.155660
98380,0.015572,0.011390,0.118248
98390,0.037088,0.027712,0.173240
98400,0.045890,0.034116,0.189339
98410,0.026347,0.019815,0.137263
98420,0.036237,0.027818,0.139983
98430,0.016524,0.012456,0.113231
98440,0.035101,0.026331,0.164148
98450,0.021375,0.016042,0.106167
98460,0.020344,0.015039,0.150615
98470,0.022450,0.016879,0.117414
98480,0.015734,0.011909,0.126527
98490,0.016591,0.012228,0.131186
98500,0.027463,0.020759,0.142848
98510,0.007786,0.005700,0.103133
98520,0.033173,0.025009,0.161150
98530,0.031646,0.023706,0.162466
98540,0.013651,0.010497,0.072815
98550,0.023262,0.017402,0.128636
98560,0.001817,0.001287,0.061442
98570,0.001407,0.001002,0.074329
98580,0.025103,0.018622,0.137563
98590,0.007824,0.005706,0.089185
98600,0.034292,0.025747,0.157315
98610,0.050030,0.038071,0.196646
98620,0.018139,0.013836,0.083075
98630,0.006629,0.004950,0.072093
98640,0.023355,0.017643,0.135770
98650,0.027872,0.020971,0.137190
98660,0.024704,0.018645,0.129201
98670,0.006045,0.004407,0.094445
98680,0.019059,0.014435,0.108497
98690,0.017237,0.013063,0.077915
98700,0.004843,0.003279,0.132887
98710,0.018186,0.013649,0.102709
98720,0.008992,0.006485,0.105285
98730,0.025530,0.019366,0.137128
98740,0.029920,0.022706,0.149242
98750,0.028673,0.021592,0.124903
98760,0.013470,0.010259,0.060025
98770,0.013751,0.010354,0.108557
98780,0.032764,0.024787,0.131092
98790,0.023613,0.017711,0.119793
98800,0.028266,0.021232,0.138105
98810,0.020519,0.015272,0.128559
98820,0.036538,0.027364,0.176017
98830,0.016437,0.012318,0.084298
98840,0.028034,0.021361,0.151156
98850,0.016394,0.012511,0.120715
98860,0.014445,0.010722,0.120652
98870,0.011462,0.008536,0.068608
98880,0.013431,0.009786,0.132487
98890,0.015752,0.011627,0.110771
98900,0.029309,0.022050,0.120833
98910,0.011587,0.008539,0.090796
98920,0.044795,0.034202,0.183462
98930,0.037452,0.028631,0.164585
98940,0.021513,0.016036,0.132038
98950,0.033088,0.024904,0.154476
98960,0.040636,0.031011,0.168099
98970,0.019511,0.014892,0.104641
98980,0.015537,0.011872,0.115727
98990,0.028657,0.021619,0.136081
99000,0.025788,0.019552,0.137449
99010,0.028149,0.021393,0.124237
99020,0.045159,0.034081,0.175459
99030,0.007210,0.004923,0.240300
99040,0.017602,0.013492,0.091533
99050,0.040573,0.030529,0.163370
99060,0.027299,0.020071,0.147711
99070,0.017282,0.013332,0.110494
99080,0.000970,0.000703,0.008869
99090,0.009096,0.006796,0.142834
99100,0.042177,0.032121,0.164810
99110,0.018437,0.014181,0.102967
99120,0.022490,0.017171,0.109637
99130,0.029038,0.022067,0.122346
99140,0.034899,0.026537,0.159339
99150,0.011593,0.008618,0.060256
99160,0.037433,0.028259,0.164388
99170,0.012577,0.009820,0.097399
99180,0.026231,0.019881,0.123940
99190,0.014067,0.010231,0.128755
99200,0.033798,0.025564,0.161683
99210,0.023505,0.018025,0.129943
99220,0.040840,0.030766,0.169730
99230,0.021912,0.016540,0.123956
99240,0.025100,0.018963,0.134872
99250,0.020214,0.015004,0.112800
99260,0.025749,0.019358,0.115360
99270,0.036065,0.027293,0.159283
99280,0.023610,0.017561,0.128168
99290,0.033342,0.024947,0.127711
99300,0.029949,0.022470,0.148463
99310,0.036290,0.027405,0.167497
99320,0.021829,0.016295,0.128833
99330,0.019640,0.015032,0.124417
99340,0.007667,0.005732,0.045369
99350,0.049789,0.037836,0.191450
99360,0.038124,0.028923,0.162466
99370,0.015765,0.011887,0.102870
99380,0.031517,0.023645,0.124884
99390,0.030098,0.023089,0.150451
99400,0.021201,0.015665,0.136715
99410,0.016069,0.012081,0.087143
99420,0.015167,0.011518,0.097574
99430,0.036516,0.027534,0.158910
99440,0.037175,0.028075,0.157761
99450,0.021876,0.016694,0.126730
99460,0.027933,0.021073,0.135344
99470,0.025244,0.018888,0.135639
99480,0.027038,0.020275,0.143738
99490,0.018297,0.013770,0.116928
99500,0.025953,0.019750,0.139741
99510,0.016595,0.012325,0.095725
99520,0.012453,0.009170,0.101528
99530,0.025968,0.019515,0.136638
99540,0.048567,0.036786,0.191208
99550,0.018230,0.013622,0.114529
99560,0.014336,0.010630,0.067159
99570,0.014776,0.010833,0.073050
99580,0.026093,0.019705,0.122948
99590,0.041174,0.031067,0.167233
99600,0.031073,0.023440,0.158757
99610,0.034709,0.026352,0.154923
99620,0.004565,0.003803,0.031035
99630,0.042547,0.032300,0.192593
99640,0.019721,0.014788,0.122406
99650,0.033623,0.026062,0.154677
99660,0.021846,0.016345,0.126215
99670,0.036450,0.027512,0.171135
99680,0.021475,0.016245,0.122208
99690,0.044541,0.033607,0.169953
99700,0.021541,0.016151,0.120519
99710,0.021804,0.015787,0.161633
99720,0.018133,0.013584,0.095257
99730,0.020998,0.015770,0.091816
99740,0.005165,0.003843,0.077651
99750,0.038003,0.029147,0.165564
99760,0.022872,0.016947,0.140845
99770,0.049112,0.037271,0.197727
99780,0.012549,0.009321,0.089510
99790,0.011641,0.008524,0.122817
99800,0.019302,0.014076,0.122780
99810,0.014135,0.010376,0.107134
99820,0.003613,0.002580,0.090557
99830,0.031765,0.023886,0.139495
99840,0.016582,0.012367,0.076376
99850,0.022311,0.016190,0.125688
99860,0.022740,0.017204,0.111031
99870,0.048201,0.036522,0.188340
99880,0.016302,0.012124,0.115335
99890,0.020194,0.015426,0.124629
99900,0.025233,0.019278,0.133603
99910,0.013190,0.009781,0.101945
99920,0.015412,0.011711,0.106963
99930,0.011087,0.008218,0.102452
99940,0.037347,0.028270,0.160715
99950,0.024715,0.017763,0.113083
99960,0.025229,0.019287,0.121242
99970,0.034426,0.026642,0.158730
99980,0.002403,0.001725,0.126919
99990,0.017208,0.012774,0.122399
100000,0.018484,0.013762,0.121524
